ISO-10303-21;
HEADER;
FILE_DESCRIPTION (( 'STEP AP214' ),
    '1' );
FILE_NAME ('Carrage.STEP',
    '2026-03-31T15:36:48',
    ( '' ),
    ( '' ),
    'SwSTEP 2.0',
    'SolidWorks 2025',
    '' );
FILE_SCHEMA (( 'AUTOMOTIVE_DESIGN' ));
ENDSEC;

DATA;
#1 = ADVANCED_FACE ( 'NONE', ( #1941 ), #5160, .F. ) ;
#2 = ORIENTED_EDGE ( 'NONE', *, *, #5982, .F. ) ;
#3 = CIRCLE ( 'NONE', #1667, 3.750000000000006661 ) ;
#4 = ORIENTED_EDGE ( 'NONE', *, *, #1692, .T. ) ;
#5 = LINE ( 'NONE', #573, #4138 ) ;
#6 = LINE ( 'NONE', #2271, #2551 ) ;
#7 = CARTESIAN_POINT ( 'NONE',  ( -20.62499999999999645, 26.50000000000000000, 31.24999999999999645 ) ) ;
#8 = DIRECTION ( 'NONE',  ( -1.000000000000000000, 0.000000000000000000, 0.000000000000000000 ) ) ;
#9 = AXIS2_PLACEMENT_3D ( 'NONE', #4647, #3076, #4238 ) ;
#10 = CARTESIAN_POINT ( 'NONE',  ( -40.24999999999999289, 11.79999999999999538, -7.500000000000000000 ) ) ;
#11 = EDGE_LOOP ( 'NONE', ( #5097, #5797, #3298, #6025, #3113, #4960, #4586, #5564, #4030, #3053, #2889, #2002, #2440, #541, #6715, #4923, #1423, #4628, #5506, #3492, #4550, #3918, #6018, #4009 ) ) ;
#12 = DIRECTION ( 'NONE',  ( 1.000000000000000000, 0.000000000000000000, 0.000000000000000000 ) ) ;
#13 = VERTEX_POINT ( 'NONE', #6188 ) ;
#14 = CARTESIAN_POINT ( 'NONE',  ( -50.24999999999999289, 28.45000053558386099, -8.023773415721354496 ) ) ;
#15 = ORIENTED_EDGE ( 'NONE', *, *, #2820, .T. ) ;
#16 = CARTESIAN_POINT ( 'NONE',  ( -50.24999999999999289, 0.000000000000000000, 16.79210210455519814 ) ) ;
#17 = DIRECTION ( 'NONE',  ( -0.000000000000000000, 0.000000000000000000, 1.000000000000000000 ) ) ;
#18 =( BOUNDED_CURVE ( )  B_SPLINE_CURVE ( 3, ( #1322, #4961, #6058, #5040 ),
 .UNSPECIFIED., .F., .F. ) 
 B_SPLINE_CURVE_WITH_KNOTS ( ( 4, 4 ),
 ( 2.979029014420885968, 3.141592653589793116 ),
 .UNSPECIFIED. ) 
 CURVE ( )  GEOMETRIC_REPRESENTATION_ITEM ( )  RATIONAL_B_SPLINE_CURVE ( ( 1.000000000000000000, 0.9977989674718271695, 0.9977989674718271695, 1.000000000000000000 ) ) 
 REPRESENTATION_ITEM ( '' )  );
#19 = ORIENTED_EDGE ( 'NONE', *, *, #168, .T. ) ;
#20 = DIRECTION ( 'NONE',  ( 1.000000000000000000, 0.000000000000000000, 0.000000000000000000 ) ) ;
#21 = ADVANCED_FACE ( 'NONE', ( #4596 ), #4074, .F. ) ;
#22 = DIRECTION ( 'NONE',  ( -1.000000000000000000, 0.000000000000000000, 0.000000000000000000 ) ) ;
#23 = ORIENTED_EDGE ( 'NONE', *, *, #4177, .T. ) ;
#24 = EDGE_CURVE ( 'NONE', #5536, #1515, #5091, .T. ) ;
#25 = SURFACE_STYLE_USAGE ( .BOTH. , #5205 ) ;
#26 = CARTESIAN_POINT ( 'NONE',  ( -16.75000000000000355, 49.32447036060375467, -15.51405305160382042 ) ) ;
#27 = EDGE_LOOP ( 'NONE', ( #2393, #82, #5623, #5382 ) ) ;
#28 = CARTESIAN_POINT ( 'NONE',  ( 11.00000000000000000, 5.299999999999993605, 15.30508365069896293 ) ) ;
#29 = DIRECTION ( 'NONE',  ( -0.000000000000000000, 1.000000000000000000, -0.000000000000000000 ) ) ;
#30 = EDGE_LOOP ( 'NONE', ( #1505, #6437, #3193, #2805 ) ) ;
#31 = CARTESIAN_POINT ( 'NONE',  ( -25.13915266867853049, 0.000000000000000000, -19.49999999999999289 ) ) ;
#32 = APPLICATION_CONTEXT ( 'automotive_design' ) ;
#33 = EDGE_LOOP ( 'NONE', ( #2184, #3044, #5228, #3648 ) ) ;
#34 = ORIENTED_EDGE ( 'NONE', *, *, #5636, .T. ) ;
#35 = CARTESIAN_POINT ( 'NONE',  ( 25.13915266867851628, 49.68146486959625463, -19.50000000000000000 ) ) ;
#36 = DIRECTION ( 'NONE',  ( -1.151310272083643323E-16, -0.000000000000000000, 1.000000000000000000 ) ) ;
#37 = CARTESIAN_POINT ( 'NONE',  ( -13.30000000000000249, 30.00000000000000000, 11.50000000012630608 ) ) ;
#38 = ORIENTED_EDGE ( 'NONE', *, *, #5110, .F. ) ;
#39 = CARTESIAN_POINT ( 'NONE',  ( -30.00000000000000000, 38.61378996556253185, 12.38416177882442426 ) ) ;
#40 = DIRECTION ( 'NONE',  ( -0.000000000000000000, -0.000000000000000000, -1.000000000000000000 ) ) ;
#41 = CARTESIAN_POINT ( 'NONE',  ( -50.24999999999997868, 28.31701873718609264, -8.149053333900408091 ) ) ;
#42 = EDGE_CURVE ( 'NONE', #343, #6846, #4645, .T. ) ;
#43 = LINE ( 'NONE', #4310, #2789 ) ;
#44 = CARTESIAN_POINT ( 'NONE',  ( -16.89644660940673049, 1.853553390593297712, -17.31737279928379536 ) ) ;
#45 = DIRECTION ( 'NONE',  ( 1.000000000000000000, 0.000000000000000000, 0.000000000000000000 ) ) ;
#46 = EDGE_LOOP ( 'NONE', ( #1222, #4402, #3634, #6840 ) ) ;
#47 = ADVANCED_FACE ( 'NONE', ( #1890, #1462 ), #5654, .T. ) ;
#48 = CARTESIAN_POINT ( 'NONE',  ( 19.29821541160244536, 50.25624216134089295, -19.45048691167813004 ) ) ;
#49 = ADVANCED_FACE ( 'NONE', ( #6241 ), #5723, .F. ) ;
#50 = EDGE_CURVE ( 'NONE', #323, #5504, #6537, .T. ) ;
#51 = CARTESIAN_POINT ( 'NONE',  ( 50.24999999999999289, 25.99999999999999645, 18.77279533290235847 ) ) ;
#52 = ORIENTED_EDGE ( 'NONE', *, *, #1907, .T. ) ;
#53 = DIRECTION ( 'NONE',  ( 0.000000000000000000, 0.000000000000000000, -1.000000000000000000 ) ) ;
#54 = ORIENTED_EDGE ( 'NONE', *, *, #696, .T. ) ;
#55 = DIRECTION ( 'NONE',  ( 1.000000000000000000, -0.000000000000000000, 0.000000000000000000 ) ) ;
#56 = CARTESIAN_POINT ( 'NONE',  ( 20.24999999999999645, 53.24962998546040893, -12.86430641909864114 ) ) ;
#57 = CARTESIAN_POINT ( 'NONE',  ( 19.74997274698622363, 50.13461876311458099, -19.71130913087034386 ) ) ;
#58 = EDGE_CURVE ( 'NONE', #6057, #919, #741, .T. ) ;
#59 = CARTESIAN_POINT ( 'NONE',  ( -20.00192247318306826, 53.10521812264521913, -13.29322762688764925 ) ) ;
#60 = DIRECTION ( 'NONE',  ( -0.3245986102840391907, 0.000000000000000000, 0.9458518606006284246 ) ) ;
#61 = CARTESIAN_POINT ( 'NONE',  ( -16.75000000000000000, 50.00000000000000000, -17.69059892324148819 ) ) ;
#62 = ORIENTED_EDGE ( 'NONE', *, *, #4111, .F. ) ;
#63 = EDGE_CURVE ( 'NONE', #3018, #4983, #3140, .T. ) ;
#64 = ORIENTED_EDGE ( 'NONE', *, *, #3811, .T. ) ;
#65 = VECTOR ( 'NONE', #5006, 1000.000000000000000 ) ;
#66 = DIRECTION ( 'NONE',  ( 0.000000000000000000, 4.906538933386766476E-15, -1.000000000000000000 ) ) ;
#67 = CYLINDRICAL_SURFACE ( 'NONE', #2334, 0.5000000000000000000 ) ;
#68 = LINE ( 'NONE', #4897, #2415 ) ;
#69 = LINE ( 'NONE', #1673, #6229 ) ;
#70 = AXIS2_PLACEMENT_3D ( 'NONE', #2953, #5598, #5090 ) ;
#71 = FACE_OUTER_BOUND ( 'NONE', #329, .T. ) ;
#72 = LINE ( 'NONE', #6489, #4464 ) ;
#73 = AXIS2_PLACEMENT_3D ( 'NONE', #6641, #5703, #2371 ) ;
#74 = EDGE_LOOP ( 'NONE', ( #6707, #6828, #125, #2105 ) ) ;
#75 = DIRECTION ( 'NONE',  ( -0.000000000000000000, 1.000000000000000000, 0.000000000000000000 ) ) ;
#76 = VERTEX_POINT ( 'NONE', #1254 ) ;
#77 = CARTESIAN_POINT ( 'NONE',  ( 30.00000000000000000, 33.50000000000000000, 7.884161778824427813 ) ) ;
#78 = VECTOR ( 'NONE', #1364, 1000.000000000000000 ) ;
#79 = AXIS2_PLACEMENT_3D ( 'NONE', #4682, #6200, #4605 ) ;
#80 = DIRECTION ( 'NONE',  ( -1.000000000000000000, 0.000000000000000000, 0.000000000000000000 ) ) ;
#81 = CARTESIAN_POINT ( 'NONE',  ( -49.96130913087034742, 2.516764994038178660, -8.476927309239680852 ) ) ;
#82 = ORIENTED_EDGE ( 'NONE', *, *, #4201, .T. ) ;
#83 = VECTOR ( 'NONE', #22, 1000.000000000000000 ) ;
#84 = DIRECTION ( 'NONE',  ( 0.000000000000000000, -1.221878638832870573E-16, 1.000000000000000000 ) ) ;
#85 = AXIS2_PLACEMENT_3D ( 'NONE', #1492, #3637, #980 ) ;
#86 = DIRECTION ( 'NONE',  ( 0.000000000000000000, 0.000000000000000000, 1.000000000000000000 ) ) ;
#87 = EDGE_CURVE ( 'NONE', #1884, #2494, #4473, .T. ) ;
#88 = DIRECTION ( 'NONE',  ( -1.000000000000000000, -2.636463187532355887E-16, 1.284980352575412453E-16 ) ) ;
#89 = EDGE_CURVE ( 'NONE', #6478, #1213, #1934, .T. ) ;
#90 = VERTEX_POINT ( 'NONE', #1315 ) ;
#91 = LINE ( 'NONE', #6015, #382 ) ;
#92 = AXIS2_PLACEMENT_3D ( 'NONE', #2089, #3665, #6785 ) ;
#93 = EDGE_LOOP ( 'NONE', ( #4169, #1459 ) ) ;
#94 = DIRECTION ( 'NONE',  ( 1.000000000000000000, -0.000000000000000000, -0.000000000000000000 ) ) ;
#95 = CARTESIAN_POINT ( 'NONE',  ( -20.99999999999999645, 2.800000000000014477, -6.750000000000000888 ) ) ;
#96 = VECTOR ( 'NONE', #349, 1000.000000000000000 ) ;
#97 = EDGE_LOOP ( 'NONE', ( #2988, #899, #2601, #1231 ) ) ;
#98 = DIRECTION ( 'NONE',  ( 2.523234146875355308E-15, 0.000000000000000000, -1.000000000000000000 ) ) ;
#99 = ORIENTED_EDGE ( 'NONE', *, *, #6395, .T. ) ;
#100 = ORIENTED_EDGE ( 'NONE', *, *, #6817, .F. ) ;
#101 = DIRECTION ( 'NONE',  ( -1.000000000000000000, 0.000000000000000000, 0.000000000000000000 ) ) ;
#102 = VECTOR ( 'NONE', #6526, 1000.000000000000000 ) ;
#103 = AXIS2_PLACEMENT_3D ( 'NONE', #6756, #6268, #6725 ) ;
#104 = CARTESIAN_POINT ( 'NONE',  ( -47.24999999999999289, 4.241255460300299873, 12.75738592688066753 ) ) ;
#105 = DIRECTION ( 'NONE',  ( 0.000000000000000000, 1.000000000000000000, -0.000000000000000000 ) ) ;
#106 = CARTESIAN_POINT ( 'NONE',  ( -40.24999999999999289, 11.79999999999999538, -7.500000000000000000 ) ) ;
#107 = EDGE_CURVE ( 'NONE', #6173, #1123, #6896, .T. ) ;
#108 = CARTESIAN_POINT ( 'NONE',  ( 25.25000000000000000, 0.000000000000000000, -20.00000000000000000 ) ) ;
#109 = VECTOR ( 'NONE', #2107, 1000.000000000000000 ) ;
#110 = EDGE_LOOP ( 'NONE', ( #3406, #4359, #5718, #4199, #2736, #4723, #2063, #4301, #314, #6697 ) ) ;
#111 = EDGE_CURVE ( 'NONE', #1531, #2351, #6905, .T. ) ;
#112 = FACE_OUTER_BOUND ( 'NONE', #2322, .T. ) ;
#113 = ORIENTED_EDGE ( 'NONE', *, *, #3362, .T. ) ;
#114 = CARTESIAN_POINT ( 'NONE',  ( 25.25000000000000000, 49.68146486959625463, -19.50000000000000000 ) ) ;
#115 = CARTESIAN_POINT ( 'NONE',  ( 35.54999999999994031, 5.299999999999993605, 13.75000000000000000 ) ) ;
#116 = AXIS2_PLACEMENT_3D ( 'NONE', #5517, #2838, #4489 ) ;
#117 = FACE_OUTER_BOUND ( 'NONE', #3061, .T. ) ;
#118 = FACE_OUTER_BOUND ( 'NONE', #3523, .T. ) ;
#119 =( BOUNDED_CURVE ( )  B_SPLINE_CURVE ( 3, ( #4066, #6213, #5272, #3545 ),
 .UNSPECIFIED., .F., .F. ) 
 B_SPLINE_CURVE_WITH_KNOTS ( ( 4, 4 ),
 ( 5.358748527905756731, 6.283185307179586232 ),
 .UNSPECIFIED. ) 
 CURVE ( )  GEOMETRIC_REPRESENTATION_ITEM ( )  RATIONAL_B_SPLINE_CURVE ( ( 1.000000000000000000, 0.9300436290693722130, 0.9300436290693722130, 1.000000000000000000 ) ) 
 REPRESENTATION_ITEM ( '' )  );
#120 = AXIS2_PLACEMENT_3D ( 'NONE', #1022, #4139, #6280 ) ;
#121 = ORIENTED_EDGE ( 'NONE', *, *, #6020, .F. ) ;
#122 = DIRECTION ( 'NONE',  ( 0.000000000000000000, -1.000000000000000000, 0.000000000000000000 ) ) ;
#123 = CARTESIAN_POINT ( 'NONE',  ( -49.74999999999999289, 39.11378996556253185, 0.6341617788244185983 ) ) ;
#124 = DIRECTION ( 'NONE',  ( 0.000000000000000000, 0.000000000000000000, -1.000000000000000000 ) ) ;
#125 = ORIENTED_EDGE ( 'NONE', *, *, #1640, .T. ) ;
#126 = CARTESIAN_POINT ( 'NONE',  ( -13.30000000000000071, 0.000000000000000000, -4.499999999873693923 ) ) ;
#127 = ORIENTED_EDGE ( 'NONE', *, *, #2241, .T. ) ;
#128 = CARTESIAN_POINT ( 'NONE',  ( -12.97668112950953123, 2.209590060906865272, -4.349233934537966029 ) ) ;
#129 = DIRECTION ( 'NONE',  ( 0.4226182617406992192, 0.000000000000000000, 0.9063077870366501587 ) ) ;
#130 = EDGE_LOOP ( 'NONE', ( #4743, #5343, #1080, #4753 ) ) ;
#131 = DIRECTION ( 'NONE',  ( -0.000000000000000000, 1.000000000000000000, 0.000000000000000000 ) ) ;
#132 = ORIENTED_EDGE ( 'NONE', *, *, #2252, .F. ) ;
#133 = VERTEX_POINT ( 'NONE', #948 ) ;
#134 = CARTESIAN_POINT ( 'NONE',  ( 18.75000000000002132, 52.36057177814834063, -14.93773748540136914 ) ) ;
#135 = EDGE_CURVE ( 'NONE', #6746, #2666, #984, .T. ) ;
#136 = PLANE ( 'NONE',  #2882 ) ;
#137 = CARTESIAN_POINT ( 'NONE',  ( -10.74999999999998934, 25.99999999999999645, 13.75000000000000000 ) ) ;
#138 = ADVANCED_FACE ( 'NONE', ( #6186 ), #4593, .F. ) ;
#139 = DIRECTION ( 'NONE',  ( -1.000000000000000000, 0.000000000000000000, 0.000000000000000000 ) ) ;
#140 = CARTESIAN_POINT ( 'NONE',  ( 17.00000000000000355, 50.00000000000000000, -15.02638837486625611 ) ) ;
#141 = ORIENTED_EDGE ( 'NONE', *, *, #2332, .T. ) ;
#142 = ORIENTED_EDGE ( 'NONE', *, *, #5775, .F. ) ;
#143 = CARTESIAN_POINT ( 'NONE',  ( 33.12429714327673480, 25.48274900315202274, 12.21657136653258213 ) ) ;
#144 = ORIENTED_EDGE ( 'NONE', *, *, #4075, .T. ) ;
#145 = CARTESIAN_POINT ( 'NONE',  ( -50.02079885622013222, 27.70237318124033266, -8.449186794727538086 ) ) ;
#146 = DIRECTION ( 'NONE',  ( 0.000000000000000000, 0.000000000000000000, -1.000000000000000000 ) ) ;
#147 = CARTESIAN_POINT ( 'NONE',  ( 49.74999999999999289, 0.000000000000000000, 17.00000000000000000 ) ) ;
#148 = EDGE_CURVE ( 'NONE', #4375, #823, #4981, .T. ) ;
#149 = LINE ( 'NONE', #1136, #1078 ) ;
#150 = EDGE_CURVE ( 'NONE', #163, #3381, #3993, .T. ) ;
#151 = AXIS2_PLACEMENT_3D ( 'NONE', #6567, #596, #1758 ) ;
#152 = CARTESIAN_POINT ( 'NONE',  ( -50.24999999999999289, 2.799999999999993605, -6.749999999999998224 ) ) ;
#153 =( BOUNDED_CURVE ( )  B_SPLINE_CURVE ( 3, ( #1118, #1150, #4822, #6930 ),
 .UNSPECIFIED., .F., .F. ) 
 B_SPLINE_CURVE_WITH_KNOTS ( ( 4, 4 ),
 ( 5.921818183272872460, 6.283185307179586232 ),
 .UNSPECIFIED. ) 
 CURVE ( )  GEOMETRIC_REPRESENTATION_ITEM ( )  RATIONAL_B_SPLINE_CURVE ( ( 1.000000000000000000, 0.9891473900925614737, 0.9891473900925614737, 1.000000000000000000 ) ) 
 REPRESENTATION_ITEM ( '' )  );
#154 = DIRECTION ( 'NONE',  ( -1.000000000000000000, 0.000000000000000000, 0.000000000000000000 ) ) ;
#155 = DIRECTION ( 'NONE',  ( 0.000000000000000000, 0.000000000000000000, -1.000000000000000000 ) ) ;
#156 = ORIENTED_EDGE ( 'NONE', *, *, #2229, .F. ) ;
#157 = CARTESIAN_POINT ( 'NONE',  ( 17.25000000000000000, 49.45931019261534800, -15.68902234513799776 ) ) ;
#158 = ORIENTED_EDGE ( 'NONE', *, *, #5066, .T. ) ;
#159 = CARTESIAN_POINT ( 'NONE',  ( 11.00000000000000000, 2.799999999999993605, 13.75000000000000000 ) ) ;
#160 = DIRECTION ( 'NONE',  ( -0.000000000000000000, -0.000000000000000000, 1.000000000000000000 ) ) ;
#161 = EDGE_LOOP ( 'NONE', ( #6755, #6763, #4467, #6740 ) ) ;
#162 = CYLINDRICAL_SURFACE ( 'NONE', #5806, 0.5000000000000000000 ) ;
#163 = VERTEX_POINT ( 'NONE', #3368 ) ;
#164 = VERTEX_POINT ( 'NONE', #6135 ) ;
#165 = DIRECTION ( 'NONE',  ( -0.000000000000000000, -1.000000000000000000, -0.000000000000000000 ) ) ;
#166 = CARTESIAN_POINT ( 'NONE',  ( -16.87203552699078202, 1.969302379850035534, -15.49120662035812046 ) ) ;
#167 = CARTESIAN_POINT ( 'NONE',  ( -49.74999999999999289, 70.11378996556253185, 0.1341617788244223175 ) ) ;
#168 = EDGE_CURVE ( 'NONE', #5649, #6576, #6559, .T. ) ;
#169 = CARTESIAN_POINT ( 'NONE',  ( -48.00000000000001421, 2.799999999999993605, -6.749999999999998224 ) ) ;
#170 = DIRECTION ( 'NONE',  ( -0.6405567286293794016, -0.7679108525132508634, 0.000000000000000000 ) ) ;
#171 = ADVANCED_FACE ( 'NONE', ( #5620 ), #5076, .T. ) ;
#172 = ORIENTED_EDGE ( 'NONE', *, *, #4914, .F. ) ;
#173 = AXIS2_PLACEMENT_3D ( 'NONE', #5170, #5678, #4604 ) ;
#174 = CARTESIAN_POINT ( 'NONE',  ( 26.48814464690573089, 49.92884584990478913, -19.42264366924424834 ) ) ;
#175 = EDGE_CURVE ( 'NONE', #4325, #2414, #4042, .T. ) ;
#176 = ORIENTED_EDGE ( 'NONE', *, *, #4254, .T. ) ;
#177 = CARTESIAN_POINT ( 'NONE',  ( -47.24999999999999289, 2.799999999999993605, 13.75000000000000000 ) ) ;
#178 = ORIENTED_EDGE ( 'NONE', *, *, #422, .T. ) ;
#179 = B_SPLINE_CURVE_WITH_KNOTS ( 'NONE', 3,
 ( #5954, #1077, #5364, #4922, #4395, #3172 ),
 .UNSPECIFIED., .F., .F.,
 ( 4, 2, 4 ),
 ( 0.000000000000000000, 0.0003297504073462226900, 0.0006595008146924453800 ),
 .UNSPECIFIED. ) ;
#180 = CARTESIAN_POINT ( 'NONE',  ( 26.87379144500330952, 4.780579330675104544, 12.21371749897812720 ) ) ;
#181 = VECTOR ( 'NONE', #4988, 1000.000000000000000 ) ;
#182 = DIRECTION ( 'NONE',  ( 0.000000000000000000, 1.000000000000000000, -0.000000000000000000 ) ) ;
#183 = ORIENTED_EDGE ( 'NONE', *, *, #5631, .T. ) ;
#184 = ORIENTED_EDGE ( 'NONE', *, *, #5458, .T. ) ;
#185 = VECTOR ( 'NONE', #3296, 1000.000000000000000 ) ;
#186 = VECTOR ( 'NONE', #3700, 1000.000000000000000 ) ;
#187 = CARTESIAN_POINT ( 'NONE',  ( 50.24999999999999289, 20.07272623015420976, 18.75613599119795438 ) ) ;
#188 = VECTOR ( 'NONE', #1769, 1000.000000000000114 ) ;
#189 = CARTESIAN_POINT ( 'NONE',  ( -50.24999999999999289, 0.000000000000000000, -8.023773415721354496 ) ) ;
#190 = VECTOR ( 'NONE', #1989, 1000.000000000000000 ) ;
#191 = CIRCLE ( 'NONE', #1869, 0.5000000000000004441 ) ;
#192 = DIRECTION ( 'NONE',  ( -1.000000000000000000, 0.000000000000000000, 0.000000000000000000 ) ) ;
#193 = ORIENTED_EDGE ( 'NONE', *, *, #5430, .T. ) ;
#194 = EDGE_CURVE ( 'NONE', #5092, #6657, #5745, .T. ) ;
#195 = CARTESIAN_POINT ( 'NONE',  ( -11.00000000000000000, -5.500000000000007994, 3.499999999999999556 ) ) ;
#196 =( BOUNDED_CURVE ( )  B_SPLINE_CURVE ( 3, ( #104, #6446, #2240, #1186 ),
 .UNSPECIFIED., .F., .F. ) 
 B_SPLINE_CURVE_WITH_KNOTS ( ( 4, 4 ),
 ( 5.315500813125715318, 5.507991933766101411 ),
 .UNSPECIFIED. ) 
 CURVE ( )  GEOMETRIC_REPRESENTATION_ITEM ( )  RATIONAL_B_SPLINE_CURVE ( ( 1.000000000000000000, 0.9969146468320421173, 0.9969146468320421173, 1.000000000000000000 ) ) 
 REPRESENTATION_ITEM ( '' )  );
#197 = ORIENTED_EDGE ( 'NONE', *, *, #5167, .T. ) ;
#198 = CIRCLE ( 'NONE', #3662, 1.749999999999999778 ) ;
#199 = CARTESIAN_POINT ( 'NONE',  ( -19.09559544003070286, 0.000000000000000000, -13.81649578345199458 ) ) ;
#200 = DIRECTION ( 'NONE',  ( 0.6546536707079769757, -0.6546536707079769757, -0.3779644730092281413 ) ) ;
#201 = ORIENTED_EDGE ( 'NONE', *, *, #5754, .F. ) ;
#202 = PLANE ( 'NONE',  #6029 ) ;
#203 = EDGE_LOOP ( 'NONE', ( #5531, #6419, #2854, #5171 ) ) ;
#204 = EDGE_LOOP ( 'NONE', ( #2159, #947, #2190, #6451 ) ) ;
#205 = DIRECTION ( 'NONE',  ( 0.000000000000000000, 1.000000000000000000, 0.000000000000000000 ) ) ;
#206 = AXIS2_PLACEMENT_3D ( 'NONE', #3401, #2909, #4587 ) ;
#207 = CARTESIAN_POINT ( 'NONE',  ( -42.12499999999999289, 24.99999999999999645, 19.18721658814810738 ) ) ;
#208 = DIRECTION ( 'NONE',  ( 0.000000000000000000, 0.000000000000000000, -1.000000000000000000 ) ) ;
#209 = EDGE_CURVE ( 'NONE', #4067, #6626, #2507, .T. ) ;
#210 = ORIENTED_EDGE ( 'NONE', *, *, #468, .T. ) ;
#212 = CARTESIAN_POINT ( 'NONE',  ( -46.90431454990721249, 3.649966701895827281, -5.998038840887875978 ) ) ;
#211 = UNCERTAINTY_MEASURE_WITH_UNIT (LENGTH_MEASURE( 1.000000000000000082E-05 ), #5166, 'distance_accuracy_value', 'NONE');
#213 = ORIENTED_EDGE ( 'NONE', *, *, #6055, .F. ) ;
#214 = AXIS2_PLACEMENT_3D ( 'NONE', #1045, #6924, #2647 ) ;
#215 = LINE ( 'NONE', #246, #404 ) ;
#216 = CARTESIAN_POINT ( 'NONE',  ( 16.90152899046241686, 2.261328687023501871, -15.15568280993502626 ) ) ;
#217 = VERTEX_POINT ( 'NONE', #1850 ) ;
#218 = DIRECTION ( 'NONE',  ( 1.067522139062650425E-16, -0.000000000000000000, -1.000000000000000000 ) ) ;
#219 = FACE_OUTER_BOUND ( 'NONE', #204, .T. ) ;
#220 = CARTESIAN_POINT ( 'NONE',  ( -13.25000000000000533, 0.000000000000000000, 0.000000000000000000 ) ) ;
#221 = VECTOR ( 'NONE', #2209, 1000.000000000000000 ) ;
#222 = VECTOR ( 'NONE', #1599, 1000.000000000000000 ) ;
#223 = VERTEX_POINT ( 'NONE', #3959 ) ;
#224 = DIRECTION ( 'NONE',  ( -0.000000000000000000, -1.000000000000000000, -0.000000000000000000 ) ) ;
#225 = CIRCLE ( 'NONE', #1232, 1.100000000000000311 ) ;
#226 = CARTESIAN_POINT ( 'NONE',  ( -13.30000000000000249, 2.800000000000014477, -6.750000000000000888 ) ) ;
#227 = CARTESIAN_POINT ( 'NONE',  ( 26.41985963066197840, 2.799999999999993605, 11.25000000000000000 ) ) ;
#228 = DIRECTION ( 'NONE',  ( 0.000000000000000000, 1.000000000000000000, 0.000000000000000000 ) ) ;
#229 = ORIENTED_EDGE ( 'NONE', *, *, #42, .T. ) ;
#230 = EDGE_CURVE ( 'NONE', #4322, #6083, #5572, .T. ) ;
#231 = CARTESIAN_POINT ( 'NONE',  ( 0.000000000000000000, 0.000000000000000000, 11.25000000000000000 ) ) ;
#232 = ORIENTED_EDGE ( 'NONE', *, *, #393, .F. ) ;
#233 = CARTESIAN_POINT ( 'NONE',  ( 0.000000000000000000, 0.000000000000000000, 0.000000000000000000 ) ) ;
#234 = EDGE_CURVE ( 'NONE', #3211, #6133, #215, .T. ) ;
#235 = CARTESIAN_POINT ( 'NONE',  ( -16.93469903125906484, 1.815300968740951815, -17.33945784533739953 ) ) ;
#236 = ORIENTED_EDGE ( 'NONE', *, *, #4987, .F. ) ;
#237 = DIRECTION ( 'NONE',  ( 0.000000000000000000, 0.000000000000000000, -1.000000000000000000 ) ) ;
#238 = CARTESIAN_POINT ( 'NONE',  ( 16.75000000000000000, 2.207106781186560784, -17.38278280112007579 ) ) ;
#239 = EDGE_CURVE ( 'NONE', #3149, #3240, #922, .T. ) ;
#240 = DIRECTION ( 'NONE',  ( 1.284980352575412699E-16, -0.000000000000000000, 1.000000000000000000 ) ) ;
#241 = B_SPLINE_CURVE_WITH_KNOTS ( 'NONE', 3,
 ( #6804, #6322, #2072, #3589, #3161, #1548, #5838, #4219 ),
 .UNSPECIFIED., .F., .F.,
 ( 4, 2, 2, 4 ),
 ( 8.673617379884035472E-19, 0.0005383833838998255831, 0.0008075750758497363688, 0.001076766767799647046 ),
 .UNSPECIFIED. ) ;
#242 = LINE ( 'NONE', #2272, #4419 ) ;
#243 = CARTESIAN_POINT ( 'NONE',  ( -50.24999999999999289, 28.45000053558386099, -8.023773415721354496 ) ) ;
#244 = CARTESIAN_POINT ( 'NONE',  ( 30.00000000000000000, 33.50000000000000000, 13.88416177882443669 ) ) ;
#245 = ORIENTED_EDGE ( 'NONE', *, *, #5769, .T. ) ;
#246 = CARTESIAN_POINT ( 'NONE',  ( -47.24999999999999289, 2.799999999999993605, 15.50000000000000000 ) ) ;
#247 = CARTESIAN_POINT ( 'NONE',  ( 16.89644660940672694, 1.853553390593289052, -15.83262720071617835 ) ) ;
#248 = EDGE_CURVE ( 'NONE', #6667, #2914, #3711, .T. ) ;
#249 = CARTESIAN_POINT ( 'NONE',  ( -26.75017591195673816, 50.48492421963779719, -18.96007665506401452 ) ) ;
#250 = CARTESIAN_POINT ( 'NONE',  ( 26.63253557749560230, 4.366373984797688124, 11.79145637899485521 ) ) ;
#251 = CARTESIAN_POINT ( 'NONE',  ( -50.24999999999999289, 3.499999999999995115, 17.30621032234073553 ) ) ;
#252 = ORIENTED_EDGE ( 'NONE', *, *, #5553, .T. ) ;
#253 = DIRECTION ( 'NONE',  ( -0.8892053820944837428, -0.1933513365602771428, -0.4146432793432899278 ) ) ;
#254 = EDGE_CURVE ( 'NONE', #2236, #4625, #3398, .T. ) ;
#255 = CARTESIAN_POINT ( 'NONE',  ( 30.00000000000000000, 48.61378996556253185, 41.00000000000000000 ) ) ;
#256 = CARTESIAN_POINT ( 'NONE',  ( -45.80000000000000426, 2.799999999999993605, 13.75000000000000000 ) ) ;
#257 = ADVANCED_FACE ( 'NONE', ( #4517 ), #6658, .F. ) ;
#258 = CARTESIAN_POINT ( 'NONE',  ( -50.24999999999999289, 38.11378996556252474, -8.342308546125103419 ) ) ;
#259 = EDGE_LOOP ( 'NONE', ( #5273, #852, #2223, #5883, #4853, #2556, #709, #3350 ) ) ;
#260 = EDGE_CURVE ( 'NONE', #6610, #1885, #3094, .T. ) ;
#261 = FACE_OUTER_BOUND ( 'NONE', #2525, .T. ) ;
#262 = EDGE_CURVE ( 'NONE', #1201, #1603, #4291, .T. ) ;
#263 = DIRECTION ( 'NONE',  ( -9.009393349410947739E-15, 0.4226182617407001074, 0.9063077870366498257 ) ) ;
#264 = CARTESIAN_POINT ( 'NONE',  ( -13.30000000000000249, -5.500000000000007994, 3.499999999999999556 ) ) ;
#265 = CARTESIAN_POINT ( 'NONE',  ( -20.62499999999999645, 26.50000000000000000, 19.31844958343699048 ) ) ;
#266 = ORIENTED_EDGE ( 'NONE', *, *, #5865, .F. ) ;
#267 = CARTESIAN_POINT ( 'NONE',  ( -16.75000000000000000, 2.379904501201915323, -17.69059892324148464 ) ) ;
#268 = MANIFOLD_SOLID_BREP ( 'Fillet8', #2083 ) ;
#269 = DIRECTION ( 'NONE',  ( 1.000000000000000000, 0.000000000000000000, 0.000000000000000000 ) ) ;
#270 = EDGE_CURVE ( 'NONE', #3322, #2385, #6212, .T. ) ;
#271 = LINE ( 'NONE', #5646, #2996 ) ;
#272 = AXIS2_PLACEMENT_3D ( 'NONE', #2021, #1622, #5360 ) ;
#273 = CARTESIAN_POINT ( 'NONE',  ( -13.30000000000000071, 30.00000000000000000, -4.499999999873693923 ) ) ;
#274 = CARTESIAN_POINT ( 'NONE',  ( 20.25000000000000000, 50.00000000000000000, -13.15000000000000036 ) ) ;
#275 = ORIENTED_EDGE ( 'NONE', *, *, #4703, .F. ) ;
#276 = CARTESIAN_POINT ( 'NONE',  ( -47.24999999999999289, 3.419317139159676611, -5.840909090825856964 ) ) ;
#277 = VERTEX_POINT ( 'NONE', #4674 ) ;
#278 = CARTESIAN_POINT ( 'NONE',  ( -40.24999999999999289, 11.79999999999999538, 14.49999999999999822 ) ) ;
#279 = ORIENTED_EDGE ( 'NONE', *, *, #842, .T. ) ;
#280 = CARTESIAN_POINT ( 'NONE',  ( 16.75000000000000000, 2.413535619929472631, -15.49562216236093448 ) ) ;
#281 = EDGE_CURVE ( 'NONE', #1791, #5481, #5778, .T. ) ;
#282 = CARTESIAN_POINT ( 'NONE',  ( 16.83491363374606919, 49.59555898072189706, -15.29399148432424660 ) ) ;
#283 = DIRECTION ( 'NONE',  ( 0.000000000000000000, 0.4226182617407002184, 0.9063077870366494926 ) ) ;
#284 = CARTESIAN_POINT ( 'NONE',  ( 30.00000000000000000, 38.61378996556253185, 10.13416177882442959 ) ) ;
#285 = ADVANCED_FACE ( 'NONE', ( #5880 ), #2122, .F. ) ;
#286 = ORIENTED_EDGE ( 'NONE', *, *, #2729, .T. ) ;
#287 = CARTESIAN_POINT ( 'NONE',  ( 26.48814464690573089, 49.92884584990478913, -19.42264366924424834 ) ) ;
#288 = ORIENTED_EDGE ( 'NONE', *, *, #6321, .T. ) ;
#289 = DIRECTION ( 'NONE',  ( -0.000000000000000000, 0.9961946980917454342, 0.08715574274766066387 ) ) ;
#290 = AXIS2_PLACEMENT_3D ( 'NONE', #4195, #4388, #3666 ) ;
#291 = DIRECTION ( 'NONE',  ( 0.000000000000000000, 0.000000000000000000, 1.000000000000000000 ) ) ;
#292 = DIRECTION ( 'NONE',  ( -1.000000000000000000, -0.000000000000000000, -0.000000000000000000 ) ) ;
#293 = EDGE_LOOP ( 'NONE', ( #5179, #6333, #5261, #5078 ) ) ;
#294 = VERTEX_POINT ( 'NONE', #4742 ) ;
#295 = EDGE_CURVE ( 'NONE', #5972, #1443, #623, .T. ) ;
#296 = VECTOR ( 'NONE', #1824, 1000.000000000000000 ) ;
#297 = DIRECTION ( 'NONE',  ( 0.000000000000000000, 0.000000000000000000, -1.000000000000000000 ) ) ;
#298 = CARTESIAN_POINT ( 'NONE',  ( 50.24999999999999289, 25.99999999999999645, 13.75000000000000000 ) ) ;
#299 = CIRCLE ( 'NONE', #2644, 1.100000000000000311 ) ;
#300 = VECTOR ( 'NONE', #936, 1000.000000000000114 ) ;
#301 = EDGE_CURVE ( 'NONE', #1875, #718, #3854, .T. ) ;
#302 = LINE ( 'NONE', #1917, #3093 ) ;
#303 = ORIENTED_EDGE ( 'NONE', *, *, #2839, .F. ) ;
#304 = CARTESIAN_POINT ( 'NONE',  ( -25.13915266867854115, 49.68146486959624042, -19.49999999999999289 ) ) ;
#305 = AXIS2_PLACEMENT_3D ( 'NONE', #5810, #2119, #5949 ) ;
#306 = CARTESIAN_POINT ( 'NONE',  ( -26.48814464690573089, 49.92884584990477492, -19.42264366924424124 ) ) ;
#307 = FACE_OUTER_BOUND ( 'NONE', #5652, .T. ) ;
#308 = CARTESIAN_POINT ( 'NONE',  ( 50.24999999999999289, 59.05702493295710553, -0.5771473520459283746 ) ) ;
#309 = AXIS2_PLACEMENT_3D ( 'NONE', #1357, #6655, #5010 ) ;
#310 = DIRECTION ( 'NONE',  ( 0.6715429342378190780, 0.6715429342378174127, 0.3131456130149717909 ) ) ;
#311 = ORIENTED_EDGE ( 'NONE', *, *, #6192, .T. ) ;
#312 = PLANE ( 'NONE',  #309 ) ;
#313 = EDGE_LOOP ( 'NONE', ( #499, #2228, #5158, #1182, #5418, #4415, #266 ) ) ;
#314 = ORIENTED_EDGE ( 'NONE', *, *, #3729, .T. ) ;
#315 = CYLINDRICAL_SURFACE ( 'NONE', #6164, 0.5000000000000011102 ) ;
#316 = CIRCLE ( 'NONE', #5020, 0.5000000000000004441 ) ;
#317 = CYLINDRICAL_SURFACE ( 'NONE', #6579, 1.000000000000000666 ) ;
#318 = CARTESIAN_POINT ( 'NONE',  ( 29.00591048778999337, 5.299999999999991829, 13.75000000000000000 ) ) ;
#319 = DIRECTION ( 'NONE',  ( 0.000000000000000000, 0.000000000000000000, -1.000000000000000000 ) ) ;
#320 = VERTEX_POINT ( 'NONE', #6852 ) ;
#321 = EDGE_CURVE ( 'NONE', #597, #360, #1484, .T. ) ;
#322 = CIRCLE ( 'NONE', #1217, 0.5000000000000004441 ) ;
#323 = VERTEX_POINT ( 'NONE', #3103 ) ;
#324 = LINE ( 'NONE', #3022, #4477 ) ;
#325 = CARTESIAN_POINT ( 'NONE',  ( -45.80000000000001137, 28.32121426428142641, -6.499999999999997335 ) ) ;
#326 = CIRCLE ( 'NONE', #4679, 2.499999999999998668 ) ;
#327 = VECTOR ( 'NONE', #3105, 1000.000000000000000 ) ;
#328 = CARTESIAN_POINT ( 'NONE',  ( -45.80000000000001137, 30.00000000000000000, -6.499999999999997335 ) ) ;
#329 = EDGE_LOOP ( 'NONE', ( #4381, #3707, #6405, #426 ) ) ;
#330 = VECTOR ( 'NONE', #4183, 1000.000000000000000 ) ;
#331 = LINE ( 'NONE', #6775, #3767 ) ;
#332 = CARTESIAN_POINT ( 'NONE',  ( -49.91182958586006890, 27.25000000000000000, -8.500000000000000000 ) ) ;
#333 = AXIS2_PLACEMENT_3D ( 'NONE', #1160, #5417, #3303 ) ;
#334 = DIRECTION ( 'NONE',  ( 0.000000000000000000, 0.000000000000000000, -1.000000000000000000 ) ) ;
#335 = ORIENTED_EDGE ( 'NONE', *, *, #5178, .T. ) ;
#336 = DIRECTION ( 'NONE',  ( 0.000000000000000000, 0.000000000000000000, -1.000000000000000000 ) ) ;
#337 = DIRECTION ( 'NONE',  ( -1.000000000000000000, 0.000000000000000000, 0.000000000000000000 ) ) ;
#338 = CARTESIAN_POINT ( 'NONE',  ( 20.25000000000000000, 53.09356680819460905, -12.86132486540518549 ) ) ;
#339 = CARTESIAN_POINT ( 'NONE',  ( -46.43991337396928998, 1.928329905940259881, 13.03539245620363118 ) ) ;
#340 = CARTESIAN_POINT ( 'NONE',  ( -20.62499999999999645, 24.99999999999999645, 31.24999999999999645 ) ) ;
#341 = FACE_OUTER_BOUND ( 'NONE', #4463, .T. ) ;
#342 = ORIENTED_EDGE ( 'NONE', *, *, #6140, .T. ) ;
#343 = VERTEX_POINT ( 'NONE', #2049 ) ;
#344 = CARTESIAN_POINT ( 'NONE',  ( -16.75000000000000355, 2.013214619050418541, -15.73579103924834399 ) ) ;
#345 = CARTESIAN_POINT ( 'NONE',  ( 16.75000000000000355, 49.50661580456340261, -15.40865524093863748 ) ) ;
#346 = DIRECTION ( 'NONE',  ( 1.000000000000000000, 0.000000000000000000, 0.000000000000000000 ) ) ;
#347 = PLANE ( 'NONE',  #534 ) ;
#348 = ORIENTED_EDGE ( 'NONE', *, *, #4900, .T. ) ;
#349 = DIRECTION ( 'NONE',  ( 0.000000000000000000, -0.9961946980917455452, -0.08715574274765836016 ) ) ;
#350 = SPHERICAL_SURFACE ( 'NONE', #2017, 0.5000000000000000000 ) ;
#351 = CARTESIAN_POINT ( 'NONE',  ( -12.30000000000000604, 30.00000000000000000, 11.03369234197131377 ) ) ;
#352 = EDGE_CURVE ( 'NONE', #2041, #6175, #5866, .T. ) ;
#353 = EDGE_CURVE ( 'NONE', #2914, #6764, #5817, .T. ) ;
#354 = LINE ( 'NONE', #4700, #2529 ) ;
#355 = VERTEX_POINT ( 'NONE', #3349 ) ;
#356 = CARTESIAN_POINT ( 'NONE',  ( 17.25000000000000000, 2.664213562373114019, -15.45940107675847663 ) ) ;
#357 = ORIENTED_EDGE ( 'NONE', *, *, #3970, .F. ) ;
#358 = DIRECTION ( 'NONE',  ( 0.000000000000000000, 1.000000000000000000, 0.000000000000000000 ) ) ;
#359 = DIRECTION ( 'NONE',  ( 1.067522139062650425E-16, 0.000000000000000000, -1.000000000000000000 ) ) ;
#360 = VERTEX_POINT ( 'NONE', #2259 ) ;
#361 = SHAPE_DEFINITION_REPRESENTATION ( #732, #4142 ) ;
#362 = EDGE_CURVE ( 'NONE', #3972, #5987, #1612, .T. ) ;
#363 = DIRECTION ( 'NONE',  ( -0.6546536707079768647, 0.6546536707079768647, 0.3779644730092280858 ) ) ;
#364 = CARTESIAN_POINT ( 'NONE',  ( -20.62499999999999645, 6.499999999999998224, 31.24999999999999645 ) ) ;
#365 =( BOUNDED_CURVE ( )  B_SPLINE_CURVE ( 3, ( #3830, #6393, #1163, #81 ),
 .UNSPECIFIED., .F., .F. ) 
 B_SPLINE_CURVE_WITH_KNOTS ( ( 4, 4 ),
 ( 3.141592653589793116, 3.304156292758696711 ),
 .UNSPECIFIED. ) 
 CURVE ( )  GEOMETRIC_REPRESENTATION_ITEM ( )  RATIONAL_B_SPLINE_CURVE ( ( 1.000000000000000000, 0.9977989674718271695, 0.9977989674718271695, 1.000000000000000000 ) ) 
 REPRESENTATION_ITEM ( '' )  );
#366 = FACE_OUTER_BOUND ( 'NONE', #2056, .T. ) ;
#367 = LINE ( 'NONE', #4132, #4433 ) ;
#368 = VERTEX_POINT ( 'NONE', #6533 ) ;
#369 = PLANE ( 'NONE',  #4886 ) ;
#370 = ORIENTED_EDGE ( 'NONE', *, *, #842, .F. ) ;
#371 = ADVANCED_FACE ( 'NONE', ( #661 ), #3941, .T. ) ;
#372 = ORIENTED_EDGE ( 'NONE', *, *, #2756, .T. ) ;
#373 = ORIENTED_EDGE ( 'NONE', *, *, #1553, .T. ) ;
#374 = CARTESIAN_POINT ( 'NONE',  ( -16.84587646856316923, 49.77615808866047331, -15.80343051628718420 ) ) ;
#375 = EDGE_LOOP ( 'NONE', ( #210, #1414 ) ) ;
#376 = DIRECTION ( 'NONE',  ( 1.000000000000000000, -0.000000000000000000, -0.000000000000000000 ) ) ;
#377 = EDGE_CURVE ( 'NONE', #5092, #2753, #3907, .T. ) ;
#378 = DIRECTION ( 'NONE',  ( -1.000000000000000000, 0.000000000000000000, 0.000000000000000000 ) ) ;
#379 = LINE ( 'NONE', #2519, #2428 ) ;
#380 = ORIENTED_EDGE ( 'NONE', *, *, #5638, .T. ) ;
#381 = PLANE ( 'NONE',  #6688 ) ;
#382 = VECTOR ( 'NONE', #2188, 1000.000000000000000 ) ;
#383 = ORIENTED_EDGE ( 'NONE', *, *, #175, .T. ) ;
#384 = CARTESIAN_POINT ( 'NONE',  ( -45.80000000000001137, 30.00000000000000000, -7.499999999999994671 ) ) ;
#385 = CARTESIAN_POINT ( 'NONE',  ( 19.99999999999999289, 53.09356680819460905, -13.29433756729740601 ) ) ;
#386 = CARTESIAN_POINT ( 'NONE',  ( 18.75000000000001066, 3.469446951953613794E-15, -14.29820289895368113 ) ) ;
#387 = EDGE_CURVE ( 'NONE', #4446, #2147, #1211, .T. ) ;
#388 = VERTEX_POINT ( 'NONE', #2333 ) ;
#389 = AXIS2_PLACEMENT_3D ( 'NONE', #4858, #1635, #1056 ) ;
#390 = CARTESIAN_POINT ( 'NONE',  ( 11.00000000000000000, 2.704055635633761057, 17.23657421366134201 ) ) ;
#391 = CARTESIAN_POINT ( 'NONE',  ( -45.80000000000001137, 0.000000000000000000, -6.499999999999997335 ) ) ;
#392 = EDGE_CURVE ( 'NONE', #456, #2480, #91, .T. ) ;
#393 = EDGE_CURVE ( 'NONE', #6862, #4057, #5770, .T. ) ;
#394 = CIRCLE ( 'NONE', #4540, 1.749999999999999778 ) ;
#395 = DIRECTION ( 'NONE',  ( -1.000000000000000000, 0.000000000000000000, 0.000000000000000000 ) ) ;
#396 = ORIENTED_EDGE ( 'NONE', *, *, #4111, .T. ) ;
#397 = CARTESIAN_POINT ( 'NONE',  ( 0.000000000000000000, 0.000000000000000000, 0.000000000000000000 ) ) ;
#398 = EDGE_CURVE ( 'NONE', #2494, #6620, #6606, .T. ) ;
#399 = VERTEX_POINT ( 'NONE', #1691 ) ;
#400 = AXIS2_PLACEMENT_3D ( 'NONE', #2933, #1883, #2308 ) ;
#401 = CIRCLE ( 'NONE', #6006, 0.5000000000000004441 ) ;
#402 = CARTESIAN_POINT ( 'NONE',  ( -48.00000000000001421, 27.25000000000000000, 13.75000000000000000 ) ) ;
#403 = DIRECTION ( 'NONE',  ( 0.000000000000000000, 0.000000000000000000, 1.000000000000000000 ) ) ;
#404 = VECTOR ( 'NONE', #6781, 1000.000000000000000 ) ;
#405 = EDGE_CURVE ( 'NONE', #5720, #3211, #2734, .T. ) ;
#406 = CARTESIAN_POINT ( 'NONE',  ( -42.12499999999999289, 4.999999999999996447, 17.43744331762962219 ) ) ;
#407 = FACE_OUTER_BOUND ( 'NONE', #490, .T. ) ;
#408 = ORIENTED_EDGE ( 'NONE', *, *, #3462, .F. ) ;
#409 = DIRECTION ( 'NONE',  ( -0.000000000000000000, -1.000000000000000000, -0.000000000000000000 ) ) ;
#410 = VERTEX_POINT ( 'NONE', #5466 ) ;
#411 = ORIENTED_EDGE ( 'NONE', *, *, #5878, .T. ) ;
#412 = ORIENTED_EDGE ( 'NONE', *, *, #701, .F. ) ;
#413 = CARTESIAN_POINT ( 'NONE',  ( -16.88034105889058267, 1.869658941109434425, -15.71174613022531119 ) ) ;
#414 =( BOUNDED_CURVE ( )  B_SPLINE_CURVE ( 3, ( #6403, #1046, #5885, #3778 ),
 .UNSPECIFIED., .F., .F. ) 
 B_SPLINE_CURVE_WITH_KNOTS ( ( 4, 4 ),
 ( 4.941665183598672684, 5.685155169930438568 ),
 .UNSPECIFIED. ) 
 CURVE ( )  GEOMETRIC_REPRESENTATION_ITEM ( )  RATIONAL_B_SPLINE_CURVE ( ( 1.000000000000000000, 0.9544632733335063346, 0.9544632733335063346, 1.000000000000000000 ) ) 
 REPRESENTATION_ITEM ( '' )  );
#415 = CARTESIAN_POINT ( 'NONE',  ( -16.75000000000000355, 2.207106781186567002, -15.83262720071616769 ) ) ;
#416 = VECTOR ( 'NONE', #2968, 1000.000000000000000 ) ;
#417 = EDGE_CURVE ( 'NONE', #6657, #2986, #1246, .T. ) ;
#418 = DIRECTION ( 'NONE',  ( 1.000000000000000000, -0.000000000000000000, 0.000000000000000000 ) ) ;
#419 = ORIENTED_EDGE ( 'NONE', *, *, #135, .T. ) ;
#420 = DIRECTION ( 'NONE',  ( 0.000000000000000000, 0.000000000000000000, -1.000000000000000000 ) ) ;
#421 = ORIENTED_EDGE ( 'NONE', *, *, #6134, .T. ) ;
#422 = EDGE_CURVE ( 'NONE', #5177, #2012, #5765, .T. ) ;
#423 = VECTOR ( 'NONE', #1287, 1000.000000000000000 ) ;
#424 = CARTESIAN_POINT ( 'NONE',  ( 50.24999999999999289, -2.156744977080025549, 16.30939934561735072 ) ) ;
#425 = EDGE_CURVE ( 'NONE', #5847, #6919, #4918, .T. ) ;
#426 = ORIENTED_EDGE ( 'NONE', *, *, #3282, .F. ) ;
#427 = CARTESIAN_POINT ( 'NONE',  ( 26.63381029308109049, 21.93032979235648483, 11.79408575606703380 ) ) ;
#428 = ORIENTED_EDGE ( 'NONE', *, *, #6107, .F. ) ;
#429 = CARTESIAN_POINT ( 'NONE',  ( 27.22716344363819019, 25.75869611855578256, 12.66719185726066321 ) ) ;
#430 = VERTEX_POINT ( 'NONE', #2818 ) ;
#431 = CARTESIAN_POINT ( 'NONE',  ( 49.74999999999999289, 38.11378996556252474, 19.83261462722317603 ) ) ;
#432 = AXIS2_PLACEMENT_3D ( 'NONE', #2297, #5532, #2372 ) ;
#433 = ORIENTED_EDGE ( 'NONE', *, *, #996, .T. ) ;
#434 = ORIENTED_EDGE ( 'NONE', *, *, #2128, .T. ) ;
#435 = ORIENTED_EDGE ( 'NONE', *, *, #111, .F. ) ;
#436 = AXIS2_PLACEMENT_3D ( 'NONE', #2702, #6417, #5901 ) ;
#437 = CIRCLE ( 'NONE', #6367, 0.5000000000000025535 ) ;
#438 = EDGE_CURVE ( 'NONE', #6276, #6721, #3249, .T. ) ;
#439 = CARTESIAN_POINT ( 'NONE',  ( -16.75000000000000000, 48.63907572766823506, -17.63014175206290446 ) ) ;
#440 = EDGE_CURVE ( 'NONE', #456, #3802, #5981, .T. ) ;
#441 = EDGE_LOOP ( 'NONE', ( #2793, #3895, #5085, #5403 ) ) ;
#442 = EDGE_CURVE ( 'NONE', #1848, #2200, #5080, .T. ) ;
#443 = CARTESIAN_POINT ( 'NONE',  ( -49.96130913087034742, 3.083235005961808994, -8.476927309239680852 ) ) ;
#444 = CIRCLE ( 'NONE', #3804, 2.249999999999995115 ) ;
#445 = CIRCLE ( 'NONE', #5603, 1.749999999999999778 ) ;
#446 = AXIS2_PLACEMENT_3D ( 'NONE', #5281, #5241, #6258 ) ;
#447 = FILL_AREA_STYLE ('',( #6432 ) ) ;
#448 = EDGE_CURVE ( 'NONE', #4559, #2005, #6467, .T. ) ;
#449 = LINE ( 'NONE', #5134, #327 ) ;
#450 = CARTESIAN_POINT ( 'NONE',  ( -47.51988466034621439, 1.422532864533933905, 12.66476657565400643 ) ) ;
#451 = CARTESIAN_POINT ( 'NONE',  ( -48.00000000000001421, 2.799999999999993605, 12.00000000000000000 ) ) ;
#452 = EDGE_CURVE ( 'NONE', #2012, #217, #4747, .T. ) ;
#453 = ORIENTED_EDGE ( 'NONE', *, *, #3304, .F. ) ;
#454 = FACE_OUTER_BOUND ( 'NONE', #1224, .T. ) ;
#455 = AXIS2_PLACEMENT_3D ( 'NONE', #1333, #5549, #2420 ) ;
#456 = VERTEX_POINT ( 'NONE', #2436 ) ;
#457 = VERTEX_POINT ( 'NONE', #3520 ) ;
#458 = ORIENTED_EDGE ( 'NONE', *, *, #4702, .F. ) ;
#459 = ORIENTED_EDGE ( 'NONE', *, *, #1014, .F. ) ;
#460 = PLANE ( 'NONE',  #6723 ) ;
#461 = CARTESIAN_POINT ( 'NONE',  ( 16.75000000000000000, 2.207106781186560340, -15.60048982434310894 ) ) ;
#462 = FACE_OUTER_BOUND ( 'NONE', #97, .T. ) ;
#463 = CARTESIAN_POINT ( 'NONE',  ( 30.00000000000000000, 33.50000000000000000, 10.13416177882442959 ) ) ;
#464 = CARTESIAN_POINT ( 'NONE',  ( -11.00000000000000000, 0.000000000000000000, -8.000000000000003553 ) ) ;
#465 = EDGE_LOOP ( 'NONE', ( #4501, #2618, #3214, #1219, #4203, #6414 ) ) ;
#466 = CARTESIAN_POINT ( 'NONE',  ( -49.92835914963770705, 27.06044671249258826, -8.492292137824522413 ) ) ;
#467 =( BOUNDED_CURVE ( )  B_SPLINE_CURVE ( 3, ( #5525, #56, #3409, #2189 ),
 .UNSPECIFIED., .F., .F. ) 
 B_SPLINE_CURVE_WITH_KNOTS ( ( 4, 4 ),
 ( 0.8228080244017960121, 0.9244367792738293899 ),
 .UNSPECIFIED. ) 
 CURVE ( )  GEOMETRIC_REPRESENTATION_ITEM ( )  RATIONAL_B_SPLINE_CURVE ( ( 1.000000000000000000, 0.9991394848672499052, 0.9991394848672499052, 1.000000000000000000 ) ) 
 REPRESENTATION_ITEM ( '' )  );
#468 = EDGE_CURVE ( 'NONE', #5292, #6042, #4964, .T. ) ;
#469 = ORIENTED_EDGE ( 'NONE', *, *, #1240, .F. ) ;
#470 = LINE ( 'NONE', #4621, #4256 ) ;
#471 = CARTESIAN_POINT ( 'NONE',  ( 29.00591048778999337, 25.99999999999999645, 13.75000000000000000 ) ) ;
#472 = ORIENTED_EDGE ( 'NONE', *, *, #301, .T. ) ;
#473 = CARTESIAN_POINT ( 'NONE',  ( -47.24999999999999289, 27.25000000000000000, 13.75000000000000000 ) ) ;
#474 = EDGE_CURVE ( 'NONE', #4094, #4001, #2501, .T. ) ;
#475 = EDGE_CURVE ( 'NONE', #2147, #5953, #6161, .T. ) ;
#476 = DIRECTION ( 'NONE',  ( 1.000000000000000000, 0.000000000000000000, 0.000000000000000000 ) ) ;
#477 = CARTESIAN_POINT ( 'NONE',  ( -10.74999999999998934, 20.99999999999999645, 13.75000000000000000 ) ) ;
#478 = EDGE_CURVE ( 'NONE', #2962, #3841, #6115, .T. ) ;
#479 = ORIENTED_EDGE ( 'NONE', *, *, #6369, .T. ) ;
#480 = DIRECTION ( 'NONE',  ( 0.000000000000000000, 0.000000000000000000, -1.000000000000000000 ) ) ;
#481 = ORIENTED_EDGE ( 'NONE', *, *, #5728, .T. ) ;
#482 = ADVANCED_FACE ( 'NONE', ( #261 ), #3489, .F. ) ;
#483 = CARTESIAN_POINT ( 'NONE',  ( 33.50799930270835603, 22.46618129665744590, 11.46408830548734592 ) ) ;
#484 = LINE ( 'NONE', #2846, #5036 ) ;
#485 = CARTESIAN_POINT ( 'NONE',  ( -50.24999999999999289, 27.25000000000000000, 13.75000000000000000 ) ) ;
#486 = ORIENTED_EDGE ( 'NONE', *, *, #5550, .T. ) ;
#487 = CARTESIAN_POINT ( 'NONE',  ( -16.89391632759362949, 49.00489717550690472, -17.71835831797081440 ) ) ;
#488 = ORIENTED_EDGE ( 'NONE', *, *, #2813, .F. ) ;
#489 = CARTESIAN_POINT ( 'NONE',  ( 0.000000000000000000, 0.000000000000000000, -9.000000000000000000 ) ) ;
#490 = EDGE_LOOP ( 'NONE', ( #5507, #2261, #5960, #2342 ) ) ;
#491 = ORIENTED_EDGE ( 'NONE', *, *, #1435, .T. ) ;
#492 = VERTEX_POINT ( 'NONE', #4627 ) ;
#493 = CARTESIAN_POINT ( 'NONE',  ( 49.96130913087034742, 20.20710678118654968, -8.476927309239680852 ) ) ;
#494 = CARTESIAN_POINT ( 'NONE',  ( 17.25000000000000000, 2.664213562373110022, -17.69059892324148819 ) ) ;
#495 = CYLINDRICAL_SURFACE ( 'NONE', #1337, 0.5000000000000004441 ) ;
#496 = CARTESIAN_POINT ( 'NONE',  ( 30.24998047937036461, 53.04338274338799408, -13.47344464504508998 ) ) ;
#497 = ORIENTED_EDGE ( 'NONE', *, *, #2927, .T. ) ;
#498 = DIRECTION ( 'NONE',  ( 0.000000000000000000, 0.000000000000000000, -1.000000000000000000 ) ) ;
#499 = ORIENTED_EDGE ( 'NONE', *, *, #5337, .T. ) ;
#500 = LINE ( 'NONE', #424, #96 ) ;
#501 = ORIENTED_EDGE ( 'NONE', *, *, #4013, .F. ) ;
#502 = CARTESIAN_POINT ( 'NONE',  ( 30.24999999999993960, 0.000000000000000000, 6.392504392050477158 ) ) ;
#503 = ORIENTED_EDGE ( 'NONE', *, *, #6507, .F. ) ;
#504 = CARTESIAN_POINT ( 'NONE',  ( 18.75000000000001776, 0.000000000000000000, -14.76247765169980752 ) ) ;
#505 = LINE ( 'NONE', #4807, #2115 ) ;
#506 = AXIS2_PLACEMENT_3D ( 'NONE', #5197, #2076, #2114 ) ;
#507 = CARTESIAN_POINT ( 'NONE',  ( -13.30000000000000071, 2.049834435404580990, -4.499999999873693923 ) ) ;
#508 =( BOUNDED_CURVE ( )  B_SPLINE_CURVE ( 3, ( #3539, #890, #1270, #2359 ),
 .UNSPECIFIED., .F., .F. ) 
 B_SPLINE_CURVE_WITH_KNOTS ( ( 4, 4 ),
 ( 2.217155874315966724, 2.318784629188002100 ),
 .UNSPECIFIED. ) 
 CURVE ( )  GEOMETRIC_REPRESENTATION_ITEM ( )  RATIONAL_B_SPLINE_CURVE ( ( 1.000000000000000000, 0.9991394848672499052, 0.9991394848672499052, 1.000000000000000000 ) ) 
 REPRESENTATION_ITEM ( '' )  );
#509 = ORIENTED_EDGE ( 'NONE', *, *, #4263, .F. ) ;
#510 = DIRECTION ( 'NONE',  ( 0.000000000000000000, 0.000000000000000000, -1.000000000000000000 ) ) ;
#511 = DIRECTION ( 'NONE',  ( -0.000000000000000000, -0.9961946980917455452, -0.08715574274765836016 ) ) ;
#512 = ADVANCED_FACE ( 'NONE', ( #3414 ), #1833, .F. ) ;
#513 = CARTESIAN_POINT ( 'NONE',  ( 30.24999999999993960, 0.000000000000000000, -0.000000000000000000 ) ) ;
#514 = ORIENTED_EDGE ( 'NONE', *, *, #234, .T. ) ;
#515 = VECTOR ( 'NONE', #6727, 1000.000000000000000 ) ;
#516 = DIRECTION ( 'NONE',  ( 0.000000000000000000, 0.000000000000000000, 1.000000000000000000 ) ) ;
#517 = ORIENTED_EDGE ( 'NONE', *, *, #2626, .F. ) ;
#518 = CARTESIAN_POINT ( 'NONE',  ( -16.75000000000000355, 49.16773055432643247, -15.45940107683456510 ) ) ;
#519 = LINE ( 'NONE', #2160, #4007 ) ;
#520 = VECTOR ( 'NONE', #3937, 1000.000000000000000 ) ;
#521 = CARTESIAN_POINT ( 'NONE',  ( 16.75000000000000000, 2.252775734606961677, -17.49512996196485304 ) ) ;
#522 = EDGE_LOOP ( 'NONE', ( #5911, #4622, #5711, #6273, #2426 ) ) ;
#523 = EDGE_LOOP ( 'NONE', ( #5956, #2969, #5328, #957, #488, #435, #2703, #4286, #2363 ) ) ;
#524 = DIRECTION ( 'NONE',  ( -1.000000000000000000, 0.000000000000000000, 0.000000000000000000 ) ) ;
#525 = ORIENTED_EDGE ( 'NONE', *, *, #4157, .T. ) ;
#526 = CIRCLE ( 'NONE', #5462, 1.749999999999999778 ) ;
#527 = AXIS2_PLACEMENT_3D ( 'NONE', #2185, #3734, #5916 ) ;
#528 = EDGE_LOOP ( 'NONE', ( #1117, #433, #5391, #4929 ) ) ;
#529 = VERTEX_POINT ( 'NONE', #5162 ) ;
#530 = AXIS2_PLACEMENT_3D ( 'NONE', #5515, #1820, #2938 ) ;
#531 = CARTESIAN_POINT ( 'NONE',  ( -45.80000000000000426, 30.00000000000000000, 16.24999999999999645 ) ) ;
#532 = CARTESIAN_POINT ( 'NONE',  ( -33.75000000000000000, 49.62315907761039568, -16.03638490568253872 ) ) ;
#533 = CARTESIAN_POINT ( 'NONE',  ( -20.25000000000000000, 30.00000000000000000, -8.000000000000000000 ) ) ;
#534 = AXIS2_PLACEMENT_3D ( 'NONE', #6282, #4065, #6768 ) ;
#535 = FACE_OUTER_BOUND ( 'NONE', #5062, .T. ) ;
#536 = EDGE_CURVE ( 'NONE', #323, #2384, #331, .T. ) ;
#537 = DIRECTION ( 'NONE',  ( -0.000000000000000000, -0.4226182617407053255, -0.9063077870366472721 ) ) ;
#538 = ORIENTED_EDGE ( 'NONE', *, *, #1513, .F. ) ;
#539 = CARTESIAN_POINT ( 'NONE',  ( -16.75000000000000355, 2.325651390139255259, -15.52864570001828959 ) ) ;
#540 = AXIS2_PLACEMENT_3D ( 'NONE', #4306, #537, #2700 ) ;
#541 = ORIENTED_EDGE ( 'NONE', *, *, #4765, .F. ) ;
#542 = CYLINDRICAL_SURFACE ( 'NONE', #5392, 2.250000000000001776 ) ;
#543 = ADVANCED_FACE ( 'NONE', ( #5566 ), #1975, .T. ) ;
#544 = EDGE_CURVE ( 'NONE', #1831, #2946, #5637, .T. ) ;
#545 = ORIENTED_EDGE ( 'NONE', *, *, #5154, .F. ) ;
#546 = CARTESIAN_POINT ( 'NONE',  ( 28.02954940671659045, 25.96789871577306030, 13.33178631145696436 ) ) ;
#547 = LINE ( 'NONE', #4768, #102 ) ;
#548 = EDGE_CURVE ( 'NONE', #627, #6894, #2400, .T. ) ;
#549 = FACE_BOUND ( 'NONE', #2268, .T. ) ;
#550 = CIRCLE ( 'NONE', #5242, 0.5000000000000004441 ) ;
#551 = ORIENTED_EDGE ( 'NONE', *, *, #3042, .F. ) ;
#552 = ORIENTED_EDGE ( 'NONE', *, *, #5553, .F. ) ;
#553 = CARTESIAN_POINT ( 'NONE',  ( -11.00000000000000000, 2.800000000000014477, -6.750000000000000888 ) ) ;
#554 = AXIS2_PLACEMENT_3D ( 'NONE', #6766, #6341, #4141 ) ;
#555 = CARTESIAN_POINT ( 'NONE',  ( -50.24999999999999289, 27.25000000000000000, -6.750000000000000888 ) ) ;
#556 = LINE ( 'NONE', #3770, #186 ) ;
#557 = ORIENTED_EDGE ( 'NONE', *, *, #5760, .F. ) ;
#558 = VECTOR ( 'NONE', #1113, 1000.000000000000114 ) ;
#559 = EDGE_CURVE ( 'NONE', #5536, #5523, #3986, .T. ) ;
#560 = ORIENTED_EDGE ( 'NONE', *, *, #4934, .T. ) ;
#561 = DIRECTION ( 'NONE',  ( 0.000000000000000000, -0.4226182617407002184, -0.9063077870366494926 ) ) ;
#562 = VERTEX_POINT ( 'NONE', #1943 ) ;
#563 = DIRECTION ( 'NONE',  ( -0.7071067811865475727, 0.7071067811865475727, 0.000000000000000000 ) ) ;
#564 = VECTOR ( 'NONE', #5657, 1000.000000000000000 ) ;
#565 = AXIS2_PLACEMENT_3D ( 'NONE', #4736, #3134, #3730 ) ;
#566 = DIRECTION ( 'NONE',  ( 0.000000000000000000, 1.000000000000000000, -0.000000000000000000 ) ) ;
#567 = ORIENTED_EDGE ( 'NONE', *, *, #3107, .F. ) ;
#568 = VERTEX_POINT ( 'NONE', #2887 ) ;
#569 = CARTESIAN_POINT ( 'NONE',  ( 30.00000000000000000, 33.50000000000000000, 10.13416177882442959 ) ) ;
#570 = ORIENTED_EDGE ( 'NONE', *, *, #3294, .F. ) ;
#571 = AXIS2_PLACEMENT_3D ( 'NONE', #5119, #6636, #1399 ) ;
#572 = EDGE_LOOP ( 'NONE', ( #2039, #2908, #3862, #2628 ) ) ;
#573 = CARTESIAN_POINT ( 'NONE',  ( -16.75000000000000355, 0.000000000000000000, -15.17072594216365822 ) ) ;
#574 = LINE ( 'NONE', #5992, #4455 ) ;
#575 = CARTESIAN_POINT ( 'NONE',  ( -13.25000000000000533, 2.799999999999993605, 13.75000000000000000 ) ) ;
#576 = EDGE_CURVE ( 'NONE', #2685, #5475, #1861, .T. ) ;
#577 = FACE_OUTER_BOUND ( 'NONE', #3032, .T. ) ;
#578 = CIRCLE ( 'NONE', #2244, 0.5000000000000004441 ) ;
#579 = DIRECTION ( 'NONE',  ( 0.000000000000000000, -1.000000000000000000, 0.000000000000000000 ) ) ;
#580 = EDGE_LOOP ( 'NONE', ( #4119, #6815, #934, #2741 ) ) ;
#581 = CARTESIAN_POINT ( 'NONE',  ( -17.25000000000000000, 48.33917413069173108, -17.69059892324148819 ) ) ;
#582 = ORIENTED_EDGE ( 'NONE', *, *, #3188, .F. ) ;
#583 = CARTESIAN_POINT ( 'NONE',  ( -49.74999999999999289, 49.54684610648165233, -19.78869086912964192 ) ) ;
#584 = EDGE_LOOP ( 'NONE', ( #2132, #342 ) ) ;
#585 = CARTESIAN_POINT ( 'NONE',  ( -16.75000000000000000, 2.207106781186571443, -17.31737279928379181 ) ) ;
#586 = FACE_OUTER_BOUND ( 'NONE', #6339, .T. ) ;
#587 = ORIENTED_EDGE ( 'NONE', *, *, #3317, .T. ) ;
#588 = ORIENTED_EDGE ( 'NONE', *, *, #1552, .T. ) ;
#589 = VERTEX_POINT ( 'NONE', #4533 ) ;
#590 = ADVANCED_FACE ( 'NONE', ( #836 ), #6677, .T. ) ;
#591 = CARTESIAN_POINT ( 'NONE',  ( 16.75000000000000000, 49.45931019261534800, -15.68902234513799776 ) ) ;
#592 = EDGE_CURVE ( 'NONE', #6626, #1875, #2642, .T. ) ;
#593 = CARTESIAN_POINT ( 'NONE',  ( -25.25000000000000000, 0.000000000000000000, -19.99999999999999289 ) ) ;
#594 = VERTEX_POINT ( 'NONE', #2958 ) ;
#595 = ADVANCED_FACE ( 'NONE', ( #1446 ), #2046, .T. ) ;
#596 = DIRECTION ( 'NONE',  ( -1.000000000000000000, 0.000000000000000000, 0.000000000000000000 ) ) ;
#597 = VERTEX_POINT ( 'NONE', #6358 ) ;
#598 = CYLINDRICAL_SURFACE ( 'NONE', #2116, 1.749999999999999778 ) ;
#599 = ORIENTED_EDGE ( 'NONE', *, *, #2626, .T. ) ;
#600 = CARTESIAN_POINT ( 'NONE',  ( 35.54999999999994742, 5.299999999999993605, 17.46368991668740023 ) ) ;
#601 = CARTESIAN_POINT ( 'NONE',  ( -48.00000000000001421, 5.299999999999991829, -5.499999999873696588 ) ) ;
#602 = ADVANCED_FACE ( 'NONE', ( #5874 ), #2014, .T. ) ;
#603 = ORIENTED_EDGE ( 'NONE', *, *, #5066, .F. ) ;
#604 = ORIENTED_EDGE ( 'NONE', *, *, #5298, .T. ) ;
#605 = FACE_OUTER_BOUND ( 'NONE', #3311, .T. ) ;
#606 = EDGE_LOOP ( 'NONE', ( #1693, #6306, #2484, #4785 ) ) ;
#607 = ORIENTED_EDGE ( 'NONE', *, *, #2658, .T. ) ;
#608 = CARTESIAN_POINT ( 'NONE',  ( -20.62499999999999645, 13.49999999999999467, 16.24999999999999645 ) ) ;
#609 = CARTESIAN_POINT ( 'NONE',  ( -45.80000000000000426, 27.25000000000000000, 14.84999999999999964 ) ) ;
#610 = DIRECTION ( 'NONE',  ( 0.9063077870366513800, 0.000000000000000000, -0.4226182617406962772 ) ) ;
#611 = PLANE ( 'NONE',  #4101 ) ;
#612 = EDGE_CURVE ( 'NONE', #4236, #4666, #3355, .T. ) ;
#613 = DIRECTION ( 'NONE',  ( 0.000000000000000000, 1.000000000000000000, 2.668805347656626185E-16 ) ) ;
#614 = LINE ( 'NONE', #1158, #3346 ) ;
#615 = ORIENTED_EDGE ( 'NONE', *, *, #3999, .F. ) ;
#616 = DIRECTION ( 'NONE',  ( 0.000000000000000000, 0.000000000000000000, 1.000000000000000000 ) ) ;
#617 = EDGE_LOOP ( 'NONE', ( #1564, #3621, #883, #184, #1021, #3743, #3616, #183, #4937, #2257 ) ) ;
#618 = CARTESIAN_POINT ( 'NONE',  ( 33.56311567177252897, 3.313115671772584925, 11.30322409947675055 ) ) ;
#619 = CARTESIAN_POINT ( 'NONE',  ( -16.86947413740590562, 1.880525862594121245, -17.51981612997910531 ) ) ;
#620 = DIRECTION ( 'NONE',  ( 0.000000000000000000, 0.000000000000000000, -1.000000000000000000 ) ) ;
#621 =( BOUNDED_CURVE ( )  B_SPLINE_CURVE ( 3, ( #2966, #2451, #6759, #1954 ),
 .UNSPECIFIED., .F., .F. ) 
 B_SPLINE_CURVE_WITH_KNOTS ( ( 4, 4 ),
 ( 2.217155874315971165, 3.371931772223139667 ),
 .UNSPECIFIED. ) 
 CURVE ( )  GEOMETRIC_REPRESENTATION_ITEM ( )  RATIONAL_B_SPLINE_CURVE ( ( 1.000000000000000000, 0.8919275075156340993, 0.8919275075156340993, 1.000000000000000000 ) ) 
 REPRESENTATION_ITEM ( '' )  );
#622 = DIRECTION ( 'NONE',  ( -0.000000000000000000, 1.000000000000000000, 0.000000000000000000 ) ) ;
#623 = CIRCLE ( 'NONE', #272, 1.749999999999999778 ) ;
#624 = CARTESIAN_POINT ( 'NONE',  ( -20.62499999999999645, 23.49999999999999645, 31.24999999999999645 ) ) ;
#625 = ORIENTED_EDGE ( 'NONE', *, *, #87, .F. ) ;
#626 = CARTESIAN_POINT ( 'NONE',  ( -49.75000000000000711, 59.05702493295707001, -0.5771473520459283746 ) ) ;
#627 = VERTEX_POINT ( 'NONE', #5740 ) ;
#628 = DIRECTION ( 'NONE',  ( 0.000000000000000000, 0.000000000000000000, -1.000000000000000000 ) ) ;
#629 = ORIENTED_EDGE ( 'NONE', *, *, #1836, .T. ) ;
#630 = EDGE_CURVE ( 'NONE', #5990, #6114, #4156, .T. ) ;
#631 = ORIENTED_EDGE ( 'NONE', *, *, #4177, .F. ) ;
#632 = CARTESIAN_POINT ( 'NONE',  ( -45.80000000000000426, 11.79999999999999538, 13.25499871860576029 ) ) ;
#633 = ADVANCED_FACE ( 'NONE', ( #2152 ), #5773, .T. ) ;
#634 = CARTESIAN_POINT ( 'NONE',  ( 25.35046179954886725, 50.00000000000000000, -19.95315389351832636 ) ) ;
#635 = DIRECTION ( 'NONE',  ( 0.000000000000000000, 0.000000000000000000, -1.000000000000000000 ) ) ;
#636 = ORIENTED_EDGE ( 'NONE', *, *, #2379, .F. ) ;
#637 = VERTEX_POINT ( 'NONE', #1549 ) ;
#638 = FACE_OUTER_BOUND ( 'NONE', #4018, .T. ) ;
#639 = DIRECTION ( 'NONE',  ( -1.000000000000000000, 0.000000000000000000, 0.000000000000000000 ) ) ;
#640 = DIRECTION ( 'NONE',  ( 1.000000000000000000, -0.000000000000000000, 0.000000000000000000 ) ) ;
#641 = CARTESIAN_POINT ( 'NONE',  ( -27.75000000000000000, 48.61378996556253185, 41.00000000000000000 ) ) ;
#642 = VECTOR ( 'NONE', #5561, 1000.000000000000000 ) ;
#643 = ORIENTED_EDGE ( 'NONE', *, *, #2287, .F. ) ;
#644 = CARTESIAN_POINT ( 'NONE',  ( 17.83335748558244305, 49.43333123712782395, -15.69994974461329917 ) ) ;
#645 = EDGE_LOOP ( 'NONE', ( #4264, #884, #5854, #6565 ) ) ;
#646 = CARTESIAN_POINT ( 'NONE',  ( -45.80000000000000426, 30.00000000000000000, 16.24999999999999645 ) ) ;
#647 = CARTESIAN_POINT ( 'NONE',  ( 30.00000000000000000, 80.00000000000000000, 10.13416177882442959 ) ) ;
#648 = EDGE_CURVE ( 'NONE', #2200, #6276, #1070, .T. ) ;
#649 = CARTESIAN_POINT ( 'NONE',  ( -45.80000000000000426, 5.299999999999991829, 16.24999999999999645 ) ) ;
#650 = AXIS2_PLACEMENT_3D ( 'NONE', #3440, #2977, #857 ) ;
#651 = AXIS2_PLACEMENT_3D ( 'NONE', #4924, #3874, #129 ) ;
#652 = CARTESIAN_POINT ( 'NONE',  ( -16.75000000000000000, 2.095193141895635325, -17.62755330322315572 ) ) ;
#653 = DIRECTION ( 'NONE',  ( 0.000000000000000000, 0.000000000000000000, 1.000000000000000000 ) ) ;
#654 = VECTOR ( 'NONE', #88, 1000.000000000000000 ) ;
#655 = EDGE_CURVE ( 'NONE', #3124, #2777, #3197, .T. ) ;
#656 = CARTESIAN_POINT ( 'NONE',  ( 16.75000000000000000, 49.59970569707557786, -15.62996847892270402 ) ) ;
#657 = DIRECTION ( 'NONE',  ( 0.000000000000000000, -1.000000000000000000, 0.000000000000000000 ) ) ;
#658 = PLANE ( 'NONE',  #3877 ) ;
#659 = ORIENTED_EDGE ( 'NONE', *, *, #5995, .T. ) ;
#660 = EDGE_CURVE ( 'NONE', #1802, #3218, #3181, .T. ) ;
#661 = FACE_OUTER_BOUND ( 'NONE', #3858, .T. ) ;
#662 = VECTOR ( 'NONE', #6884, 1000.000000000000000 ) ;
#663 = ORIENTED_EDGE ( 'NONE', *, *, #2319, .T. ) ;
#664 = DIRECTION ( 'NONE',  ( -0.000000000000000000, -1.000000000000000000, -0.000000000000000000 ) ) ;
#665 = EDGE_CURVE ( 'NONE', #5416, #3148, #4667, .T. ) ;
#666 = CARTESIAN_POINT ( 'NONE',  ( -45.80000000000001137, 30.00000000000000000, -6.499999999999997335 ) ) ;
#667 = VECTOR ( 'NONE', #4619, 1000.000000000000000 ) ;
#668 = ORIENTED_EDGE ( 'NONE', *, *, #6294, .F. ) ;
#669 = CARTESIAN_POINT ( 'NONE',  ( -16.75000000000000000, 48.64058645532307423, -17.62795905365635818 ) ) ;
#670 = VERTEX_POINT ( 'NONE', #5353 ) ;
#671 = ORIENTED_EDGE ( 'NONE', *, *, #474, .T. ) ;
#672 = DIRECTION ( 'NONE',  ( 0.000000000000000000, 0.000000000000000000, -1.000000000000000000 ) ) ;
#673 = ADVANCED_FACE ( 'NONE', ( #5805 ), #699, .T. ) ;
#674 = VECTOR ( 'NONE', #363, 1000.000000000000114 ) ;
#675 = CARTESIAN_POINT ( 'NONE',  ( -16.75000000000000000, 48.88484864162042953, -17.63526818749384972 ) ) ;
#676 = CARTESIAN_POINT ( 'NONE',  ( -48.00000000000001421, 30.00000000000000000, 12.50000000012629897 ) ) ;
#677 = CARTESIAN_POINT ( 'NONE',  ( -10.74999999999998934, 20.99999999999999645, 0.000000000000000000 ) ) ;
#678 = ORIENTED_EDGE ( 'NONE', *, *, #1699, .T. ) ;
#679 = FACE_OUTER_BOUND ( 'NONE', #2915, .T. ) ;
#680 = CIRCLE ( 'NONE', #1555, 0.5000000000000004441 ) ;
#681 = EDGE_CURVE ( 'NONE', #959, #3148, #1764, .T. ) ;
#682 = DIRECTION ( 'NONE',  ( -1.000000000000000000, 0.000000000000000000, 0.000000000000000000 ) ) ;
#683 = ORIENTED_EDGE ( 'NONE', *, *, #5850, .T. ) ;
#684 = CARTESIAN_POINT ( 'NONE',  ( 31.36086241828199661, 5.298512439548624720, 13.63369314000183863 ) ) ;
#685 = ORIENTED_EDGE ( 'NONE', *, *, #4137, .T. ) ;
#686 = CARTESIAN_POINT ( 'NONE',  ( -16.75000000000000355, 2.207106781186561228, -15.76721719887989259 ) ) ;
#687 = VECTOR ( 'NONE', #2879, 1000.000000000000000 ) ;
#688 = CARTESIAN_POINT ( 'NONE',  ( -16.75000000000000000, 2.207106781186567002, -17.23282180992091739 ) ) ;
#689 = FACE_OUTER_BOUND ( 'NONE', #792, .T. ) ;
#690 = ADVANCED_FACE ( 'NONE', ( #4774 ), #4794, .T. ) ;
#691 = AXIS2_PLACEMENT_3D ( 'NONE', #3641, #5790, #6340 ) ;
#692 = CARTESIAN_POINT ( 'NONE',  ( -19.99999999999999645, 0.000000000000000000, -13.29433756729740246 ) ) ;
#693 = DIRECTION ( 'NONE',  ( -0.8082470628736683205, 0.5888435151685791347, 0.000000000000000000 ) ) ;
#694 = DIRECTION ( 'NONE',  ( 1.067522139062650425E-16, -0.000000000000000000, -1.000000000000000000 ) ) ;
#695 = VERTEX_POINT ( 'NONE', #3803 ) ;
#696 = EDGE_CURVE ( 'NONE', #808, #5092, #1205, .T. ) ;
#697 = EDGE_CURVE ( 'NONE', #4368, #457, #5300, .T. ) ;
#698 = DIRECTION ( 'NONE',  ( -0.000000000000000000, -1.000000000000000000, -0.000000000000000000 ) ) ;
#699 =( BOUNDED_SURFACE ( )  B_SPLINE_SURFACE ( 3, 2, ( 
 ( #2536, #1512, #935 ),
 ( #2577, #1479, #2675 ),
 ( #4812, #6807, #2606 ),
 ( #6292, #3626, #1002 ) ),
 .UNSPECIFIED., .F., .F., .F. ) 
 B_SPLINE_SURFACE_WITH_KNOTS ( ( 4, 4 ),
 ( 3, 3 ),
 ( 0.000000000000000000, 0.8480620789814852234 ),
 ( 0.000000000000000000, 1.000000000000000000 ),
 .UNSPECIFIED. ) 
 GEOMETRIC_REPRESENTATION_ITEM ( )  RATIONAL_B_SPLINE_SURFACE ( (
 ( 1.000000000000000000, 0.9369975843134425997, 1.000000000000000000),
 ( 1.000000000000000000, 0.9371114204899543276, 1.000000000000000000),
 ( 1.000000000000000000, 0.9124080449403764170, 1.000000000000000000),
 ( 1.000000000000000000, 0.8660254037844367092, 1.000000000000000000) ) ) 
 REPRESENTATION_ITEM ( '' )  SURFACE ( )  );
#700 = ORIENTED_EDGE ( 'NONE', *, *, #5176, .T. ) ;
#701 = EDGE_CURVE ( 'NONE', #2130, #983, #1431, .T. ) ;
#702 = ORIENTED_EDGE ( 'NONE', *, *, #1978, .T. ) ;
#703 = FACE_OUTER_BOUND ( 'NONE', #6145, .T. ) ;
#704 = FACE_OUTER_BOUND ( 'NONE', #3604, .T. ) ;
#705 = CARTESIAN_POINT ( 'NONE',  ( -48.00000000000001421, 30.00000000000000000, -5.499999999873696588 ) ) ;
#706 = ORIENTED_EDGE ( 'NONE', *, *, #4288, .F. ) ;
#707 = CARTESIAN_POINT ( 'NONE',  ( -49.74999999999999289, 39.11378996556253185, 0.1341617788244185150 ) ) ;
#708 = ORIENTED_EDGE ( 'NONE', *, *, #1699, .F. ) ;
#709 = ORIENTED_EDGE ( 'NONE', *, *, #4080, .T. ) ;
#710 = ORIENTED_EDGE ( 'NONE', *, *, #3936, .F. ) ;
#711 = DIRECTION ( 'NONE',  ( -1.235316900071227524E-15, -1.394522238736840034E-31, 1.000000000000000000 ) ) ;
#712 = CARTESIAN_POINT ( 'NONE',  ( -50.02079885622013222, 3.252373181240319600, -8.449186794727539862 ) ) ;
#713 = CARTESIAN_POINT ( 'NONE',  ( -50.24999999999999289, 26.04999946441613901, -8.023773415721354496 ) ) ;
#714 = VERTEX_POINT ( 'NONE', #2253 ) ;
#715 = CARTESIAN_POINT ( 'NONE',  ( 18.82229303635612183, 52.48898899327898704, -14.66234587884110141 ) ) ;
#716 = ORIENTED_EDGE ( 'NONE', *, *, #478, .F. ) ;
#717 = CARTESIAN_POINT ( 'NONE',  ( 26.33023765153925666, 49.50715538520933023, -19.49627691045987987 ) ) ;
#718 = VERTEX_POINT ( 'NONE', #3832 ) ;
#719 = SPHERICAL_SURFACE ( 'NONE', #6047, 0.5000000000000000000 ) ;
#720 = CARTESIAN_POINT ( 'NONE',  ( -11.00000000000000000, 2.704055635633762833, 17.23657421366134201 ) ) ;
#721 = EDGE_CURVE ( 'NONE', #4401, #1866, #2744, .T. ) ;
#722 = DIRECTION ( 'NONE',  ( 0.000000000000000000, -1.000000000000000000, 8.023096076392724923E-15 ) ) ;
#723 = DIRECTION ( 'NONE',  ( -1.000000000000000000, 0.000000000000000000, 0.000000000000000000 ) ) ;
#724 = ORIENTED_EDGE ( 'NONE', *, *, #5876, .T. ) ;
#725 = EDGE_CURVE ( 'NONE', #2145, #4722, #3341, .T. ) ;
#726 = FACE_OUTER_BOUND ( 'NONE', #1826, .T. ) ;
#727 = DIRECTION ( 'NONE',  ( -1.000000000000000000, 0.000000000000000000, -2.523234146875355308E-15 ) ) ;
#728 = EDGE_CURVE ( 'NONE', #2057, #2666, #6010, .T. ) ;
#729 = DIRECTION ( 'NONE',  ( 0.000000000000000000, 1.000000000000000000, -0.000000000000000000 ) ) ;
#730 = CARTESIAN_POINT ( 'NONE',  ( 16.75000000000000000, 2.222640251651426979, -17.44293377400722989 ) ) ;
#731 = ORIENTED_EDGE ( 'NONE', *, *, #5155, .T. ) ;
#732 = PRODUCT_DEFINITION_SHAPE ( 'NONE', 'NONE',  #2695 ) ;
#733 = DIRECTION ( 'NONE',  ( 1.095614826903587419E-15, -0.000000000000000000, 1.000000000000000000 ) ) ;
#734 = EDGE_LOOP ( 'NONE', ( #3849, #6442, #1532 ) ) ;
#735 = DIRECTION ( 'NONE',  ( 0.000000000000000000, 0.000000000000000000, 1.000000000000000000 ) ) ;
#736 = EDGE_CURVE ( 'NONE', #1615, #886, #4839, .T. ) ;
#737 = CARTESIAN_POINT ( 'NONE',  ( -50.24999999999999289, 38.11378996556252474, 0.6341617788244185983 ) ) ;
#738 = AXIS2_PLACEMENT_3D ( 'NONE', #1074, #4226, #5919 ) ;
#739 = EDGE_LOOP ( 'NONE', ( #2884, #5173, #201, #2575 ) ) ;
#740 = CARTESIAN_POINT ( 'NONE',  ( -47.24999999999999289, 3.274043565345468920, 12.75738592688066753 ) ) ;
#741 =( BOUNDED_CURVE ( )  B_SPLINE_CURVE ( 3, ( #5886, #5367, #1060, #6488 ),
 .UNSPECIFIED., .F., .F. ) 
 B_SPLINE_CURVE_WITH_KNOTS ( ( 4, 4 ),
 ( 5.315500813125715318, 5.507991933766101411 ),
 .UNSPECIFIED. ) 
 CURVE ( )  GEOMETRIC_REPRESENTATION_ITEM ( )  RATIONAL_B_SPLINE_CURVE ( ( 1.000000000000000000, 0.9969146468320421173, 0.9969146468320421173, 1.000000000000000000 ) ) 
 REPRESENTATION_ITEM ( '' )  );
#742 = EDGE_LOOP ( 'NONE', ( #2485, #2523, #1834, #5606 ) ) ;
#743 = EDGE_CURVE ( 'NONE', #3322, #4363, #4387, .T. ) ;
#744 = ORIENTED_EDGE ( 'NONE', *, *, #3304, .T. ) ;
#745 = CARTESIAN_POINT ( 'NONE',  ( -25.13915266867853049, 49.68146486959624042, -19.49999999999999289 ) ) ;
#746 = CARTESIAN_POINT ( 'NONE',  ( -16.75000000000000355, 2.418140425724654818, -15.22951367507606335 ) ) ;
#747 = CARTESIAN_POINT ( 'NONE',  ( 26.67505841837713021, 50.35107120839201400, -19.17873472960586057 ) ) ;
#748 = DIRECTION ( 'NONE',  ( -0.9103664774429163220, 0.000000000000000000, 0.4138029443444982691 ) ) ;
#749 = DIRECTION ( 'NONE',  ( -0.6715429342378191890, -0.6715429342378174127, -0.3131456130149717354 ) ) ;
#750 = VECTOR ( 'NONE', #1922, 1000.000000000000000 ) ;
#751 = ADVANCED_FACE ( 'NONE', ( #726 ), #2845, .F. ) ;
#752 = DIRECTION ( 'NONE',  ( 0.000000000000000000, -1.000000000000000000, 0.000000000000000000 ) ) ;
#753 = EDGE_CURVE ( 'NONE', #5917, #2924, #6557, .T. ) ;
#754 = FACE_OUTER_BOUND ( 'NONE', #6422, .T. ) ;
#755 = CARTESIAN_POINT ( 'NONE',  ( 16.75000000000000000, 49.59970569707557786, -15.62996847892270402 ) ) ;
#756 = PLANE ( 'NONE',  #5935 ) ;
#757 = EDGE_CURVE ( 'NONE', #3614, #492, #1107, .T. ) ;
#758 = AXIS2_PLACEMENT_3D ( 'NONE', #5943, #3726, #653 ) ;
#759 = LINE ( 'NONE', #828, #1189 ) ;
#760 = ORIENTED_EDGE ( 'NONE', *, *, #5424, .F. ) ;
#761 = ORIENTED_EDGE ( 'NONE', *, *, #5539, .F. ) ;
#762 = VECTOR ( 'NONE', #2471, 1000.000000000000000 ) ;
#763 = EDGE_CURVE ( 'NONE', #2516, #2520, #4267, .T. ) ;
#764 = ADVANCED_FACE ( 'NONE', ( #5457 ), #3308, .T. ) ;
#765 = AXIS2_PLACEMENT_3D ( 'NONE', #463, #6866, #4103 ) ;
#766 = AXIS2_PLACEMENT_3D ( 'NONE', #6645, #813, #6508 ) ;
#767 = CARTESIAN_POINT ( 'NONE',  ( 30.06016501858672996, 0.000000000000000000, -17.75698321484373565 ) ) ;
#768 = DIRECTION ( 'NONE',  ( -1.000000000000000000, 0.000000000000000000, 0.000000000000000000 ) ) ;
#769 = VECTOR ( 'NONE', #4170, 1000.000000000000000 ) ;
#770 = ADVANCED_FACE ( 'NONE', ( #3276, #4870, #5425 ), #3897, .T. ) ;
#771 = ORIENTED_EDGE ( 'NONE', *, *, #2839, .T. ) ;
#772 = CARTESIAN_POINT ( 'NONE',  ( -11.00000000000000000, 0.000000000000000000, 17.00000000000000000 ) ) ;
#773 = AXIS2_PLACEMENT_3D ( 'NONE', #990, #5763, #3683 ) ;
#774 = CARTESIAN_POINT ( 'NONE',  ( -20.62499999999999645, 16.49999999999999645, 16.24999999999999645 ) ) ;
#775 = ORIENTED_EDGE ( 'NONE', *, *, #2128, .F. ) ;
#776 = EDGE_CURVE ( 'NONE', #6079, #5513, #4068, .T. ) ;
#777 = CARTESIAN_POINT ( 'NONE',  ( 50.24999999999999289, 0.000000000000000000, -8.342308546125103419 ) ) ;
#778 = AXIS2_PLACEMENT_3D ( 'NONE', #569, #1048, #4299 ) ;
#779 = CARTESIAN_POINT ( 'NONE',  ( 49.74999999999999289, 55.03291721256739066, -8.023773415721356272 ) ) ;
#780 = DIRECTION ( 'NONE',  ( -0.5575062645922739257, 0.7652335285740089477, 0.3218763919372479854 ) ) ;
#781 = ORIENTED_EDGE ( 'NONE', *, *, #6160, .T. ) ;
#782 = LINE ( 'NONE', #6054, #3667 ) ;
#783 = CIRCLE ( 'NONE', #5366, 0.5000000000000004441 ) ;
#784 = LINE ( 'NONE', #3463, #4017 ) ;
#785 = DIRECTION ( 'NONE',  ( 0.5575062645922725935, 0.7652335285740105020, 0.3218763919372468751 ) ) ;
#786 = CIRCLE ( 'NONE', #5483, 3.750000000000006661 ) ;
#787 = CARTESIAN_POINT ( 'NONE',  ( -49.74999999999999289, 38.11378996556252474, 19.83261462722317603 ) ) ;
#788 = CYLINDRICAL_SURFACE ( 'NONE', #3428, 1.000000000000000888 ) ;
#789 = CARTESIAN_POINT ( 'NONE',  ( -47.24999999999999289, 0.000000000000000000, 0.000000000000000000 ) ) ;
#790 = ORIENTED_EDGE ( 'NONE', *, *, #2450, .T. ) ;
#791 = CARTESIAN_POINT ( 'NONE',  ( -48.00000000000001421, 4.024744871262676327, -5.499999999873696588 ) ) ;
#792 = EDGE_LOOP ( 'NONE', ( #5881, #6675, #4298, #2269 ) ) ;
#793 = FACE_OUTER_BOUND ( 'NONE', #4606, .T. ) ;
#794 = ORIENTED_EDGE ( 'NONE', *, *, #4173, .T. ) ;
#795 = DIRECTION ( 'NONE',  ( 0.7071067811865471286, -0.7071067811865480168, 0.000000000000000000 ) ) ;
#796 = EDGE_CURVE ( 'NONE', #1587, #2753, #5612, .T. ) ;
#797 = CARTESIAN_POINT ( 'NONE',  ( -20.02214900970302836, 53.22864967571488393, -13.28356322678843959 ) ) ;
#798 = DIRECTION ( 'NONE',  ( -0.3245986102840391907, 0.000000000000000000, 0.9458518606006284246 ) ) ;
#799 = AXIS2_PLACEMENT_3D ( 'NONE', #3222, #2168, #1155 ) ;
#800 = AXIS2_PLACEMENT_3D ( 'NONE', #4855, #66, #5476 ) ;
#801 = ORIENTED_EDGE ( 'NONE', *, *, #816, .T. ) ;
#802 = ORIENTED_EDGE ( 'NONE', *, *, #665, .T. ) ;
#803 = ORIENTED_EDGE ( 'NONE', *, *, #2077, .F. ) ;
#804 = ORIENTED_EDGE ( 'NONE', *, *, #6049, .F. ) ;
#805 = DIRECTION ( 'NONE',  ( 0.000000000000000000, -0.9063077870366507138, 0.4226182617406978315 ) ) ;
#806 = DIRECTION ( 'NONE',  ( -0.000000000000000000, -1.000000000000000000, -0.000000000000000000 ) ) ;
#807 = LINE ( 'NONE', #5303, #5682 ) ;
#808 = VERTEX_POINT ( 'NONE', #4591 ) ;
#809 = EDGE_CURVE ( 'NONE', #1151, #2236, #1827, .T. ) ;
#810 = EDGE_CURVE ( 'NONE', #5917, #1770, #1905, .T. ) ;
#811 = CARTESIAN_POINT ( 'NONE',  ( -13.25000000000000533, 23.49999999999999645, 14.84999999999999964 ) ) ;
#812 = FACE_OUTER_BOUND ( 'NONE', #6158, .T. ) ;
#813 = DIRECTION ( 'NONE',  ( 3.469446951953611033E-15, 1.000000000000000000, 2.003086131649564045E-15 ) ) ;
#814 = ORIENTED_EDGE ( 'NONE', *, *, #5138, .T. ) ;
#815 = DIRECTION ( 'NONE',  ( 0.000000000000000000, 1.000000000000000000, 0.000000000000000000 ) ) ;
#816 = EDGE_CURVE ( 'NONE', #3034, #5443, #3967, .T. ) ;
#817 = LINE ( 'NONE', #6690, #1776 ) ;
#818 = CARTESIAN_POINT ( 'NONE',  ( -10.74999999999998934, 23.49999999999999645, 14.84999999999999964 ) ) ;
#819 = FACE_OUTER_BOUND ( 'NONE', #5319, .T. ) ;
#820 = ORIENTED_EDGE ( 'NONE', *, *, #63, .T. ) ;
#821 = PLANE ( 'NONE',  #2650 ) ;
#822 = CARTESIAN_POINT ( 'NONE',  ( -32.17939368824578850, 51.66546870875199460, -16.42839082818919749 ) ) ;
#823 = VERTEX_POINT ( 'NONE', #287 ) ;
#824 = DIRECTION ( 'NONE',  ( 1.000000000000000000, -0.000000000000000000, -0.000000000000000000 ) ) ;
#825 = DIRECTION ( 'NONE',  ( -0.000000000000000000, 1.000000000000000000, -0.000000000000000000 ) ) ;
#826 = DIRECTION ( 'NONE',  ( 0.000000000000000000, 0.000000000000000000, -1.000000000000000000 ) ) ;
#827 = EDGE_CURVE ( 'NONE', #2946, #3381, #6743, .T. ) ;
#828 = CARTESIAN_POINT ( 'NONE',  ( 50.24999999999999289, 58.60387103943878628, -0.3658382211755746294 ) ) ;
#829 = ORIENTED_EDGE ( 'NONE', *, *, #4520, .F. ) ;
#830 = ORIENTED_EDGE ( 'NONE', *, *, #4848, .F. ) ;
#831 = CARTESIAN_POINT ( 'NONE',  ( -11.00000000000000000, 8.072820388084307908, -5.882352941176471894 ) ) ;
#832 = DIRECTION ( 'NONE',  ( -0.000000000000000000, -0.000000000000000000, 1.000000000000000000 ) ) ;
#833 = ORIENTED_EDGE ( 'NONE', *, *, #5452, .F. ) ;
#834 = CARTESIAN_POINT ( 'NONE',  ( -27.75000000000000000, 48.61378996556253185, 0.1341617788244223175 ) ) ;
#835 = VERTEX_POINT ( 'NONE', #5118 ) ;
#836 = FACE_OUTER_BOUND ( 'NONE', #4718, .T. ) ;
#837 = CARTESIAN_POINT ( 'NONE',  ( -46.94119686750421039, 3.495948726440596843, 12.86336136747010350 ) ) ;
#838 = DIRECTION ( 'NONE',  ( -0.000000000000000000, 0.000000000000000000, 1.000000000000000000 ) ) ;
#839 =( BOUNDED_CURVE ( )  B_SPLINE_CURVE ( 3, ( #1013, #2090, #59, #3706 ),
 .UNSPECIFIED., .F., .F. ) 
 B_SPLINE_CURVE_WITH_KNOTS ( ( 4, 4 ),
 ( 4.048624135926162104, 4.066029432863619064 ),
 .UNSPECIFIED. ) 
 CURVE ( )  GEOMETRIC_REPRESENTATION_ITEM ( )  RATIONAL_B_SPLINE_CURVE ( ( 1.000000000000000000, 0.9999747547958748317, 0.9999747547958748317, 1.000000000000000000 ) ) 
 REPRESENTATION_ITEM ( '' )  );
#840 = ORIENTED_EDGE ( 'NONE', *, *, #3731, .F. ) ;
#841 = DIRECTION ( 'NONE',  ( -0.000000000000000000, -1.000000000000000000, -0.000000000000000000 ) ) ;
#842 = EDGE_CURVE ( 'NONE', #2605, #2557, #1617, .T. ) ;
#843 = EDGE_CURVE ( 'NONE', #1420, #1603, #1398, .T. ) ;
#844 = CARTESIAN_POINT ( 'NONE',  ( 16.75000000000000000, 2.207106781186560340, -17.31737279928379181 ) ) ;
#845 = CARTESIAN_POINT ( 'NONE',  ( -20.25000000000000000, 50.00000000000000000, -8.000000000000000000 ) ) ;
#846 = EDGE_CURVE ( 'NONE', #3614, #1405, #578, .T. ) ;
#847 = LINE ( 'NONE', #1953, #6671 ) ;
#848 = PLANE ( 'NONE',  #3208 ) ;
#849 = ORIENTED_EDGE ( 'NONE', *, *, #1797, .T. ) ;
#850 = CARTESIAN_POINT ( 'NONE',  ( -20.31828610918058686, 50.69006176892469284, -18.88472446513806347 ) ) ;
#851 = ORIENTED_EDGE ( 'NONE', *, *, #4499, .T. ) ;
#852 = ORIENTED_EDGE ( 'NONE', *, *, #5219, .F. ) ;
#853 = EDGE_CURVE ( 'NONE', #1848, #1587, #5696, .T. ) ;
#854 = ORIENTED_EDGE ( 'NONE', *, *, #4288, .T. ) ;
#855 = DIRECTION ( 'NONE',  ( 0.000000000000000000, 0.000000000000000000, 1.000000000000000000 ) ) ;
#856 = CARTESIAN_POINT ( 'NONE',  ( -40.62499999999999289, 4.999999999999996447, 16.24999999999999645 ) ) ;
#857 = DIRECTION ( 'NONE',  ( -1.000000000000000000, 0.000000000000000000, 0.000000000000000000 ) ) ;
#858 = ORIENTED_EDGE ( 'NONE', *, *, #1800, .T. ) ;
#859 = CARTESIAN_POINT ( 'NONE',  ( 32.32283798426526999, 51.55978387567510168, -16.56432048399867440 ) ) ;
#860 = DIRECTION ( 'NONE',  ( 0.000000000000000000, 0.000000000000000000, -1.000000000000000000 ) ) ;
#861 = VECTOR ( 'NONE', #6301, 1000.000000000000000 ) ;
#862 = LINE ( 'NONE', #6075, #1968 ) ;
#863 = VERTEX_POINT ( 'NONE', #1304 ) ;
#864 = EDGE_CURVE ( 'NONE', #5999, #2357, #1128, .T. ) ;
#865 = VECTOR ( 'NONE', #4154, 1000.000000000000000 ) ;
#866 = CIRCLE ( 'NONE', #5674, 0.5000000000000009992 ) ;
#867 = AXIS2_PLACEMENT_3D ( 'NONE', #2836, #4634, #1332 ) ;
#868 = CARTESIAN_POINT ( 'NONE',  ( -16.88026183133478852, 1.869738168665231015, -15.71115148302022391 ) ) ;
#869 = DIRECTION ( 'NONE',  ( 0.000000000000000000, 0.000000000000000000, 1.000000000000000000 ) ) ;
#870 = CIRCLE ( 'NONE', #765, 3.750000000000006661 ) ;
#871 = CIRCLE ( 'NONE', #5352, 3.750000000000006661 ) ;
#872 = DIRECTION ( 'NONE',  ( -1.015748655251435642E-15, 0.5691155519312228739, 0.8222575560917756432 ) ) ;
#873 = PRODUCT_CONTEXT ( 'NONE', #1855, 'mechanical' ) ;
#874 = VECTOR ( 'NONE', #3782, 1000.000000000000000 ) ;
#875 = DIRECTION ( 'NONE',  ( 0.000000000000000000, 0.000000000000000000, 1.000000000000000000 ) ) ;
#876 = CARTESIAN_POINT ( 'NONE',  ( 20.24999999999945999, 53.16512409722049881, -13.14137194344644755 ) ) ;
#877 =( BOUNDED_CURVE ( )  B_SPLINE_CURVE ( 3, ( #1378, #908, #4123, #5742 ),
 .UNSPECIFIED., .F., .F. ) 
 B_SPLINE_CURVE_WITH_KNOTS ( ( 4, 4 ),
 ( 1.951563910473900881E-15, 0.5514635684023287965 ),
 .UNSPECIFIED. ) 
 CURVE ( )  GEOMETRIC_REPRESENTATION_ITEM ( )  RATIONAL_B_SPLINE_CURVE ( ( 1.000000000000000000, 0.9748174841295955684, 0.9748174841295955684, 1.000000000000000000 ) ) 
 REPRESENTATION_ITEM ( '' )  );
#878 = DIRECTION ( 'NONE',  ( 0.000000000000000000, 0.000000000000000000, -1.000000000000000000 ) ) ;
#879 = CIRCLE ( 'NONE', #4229, 1.750000000000000666 ) ;
#880 = CARTESIAN_POINT ( 'NONE',  ( -50.24999999999999289, 2.799999999999993605, -6.749999999999998224 ) ) ;
#881 = ORIENTED_EDGE ( 'NONE', *, *, #3524, .F. ) ;
#882 = CARTESIAN_POINT ( 'NONE',  ( -45.80000000000001137, 30.00000000000000000, -6.499999999999997335 ) ) ;
#883 = ORIENTED_EDGE ( 'NONE', *, *, #4121, .F. ) ;
#884 = ORIENTED_EDGE ( 'NONE', *, *, #440, .F. ) ;
#885 = EDGE_CURVE ( 'NONE', #3926, #4693, #324, .T. ) ;
#886 = VERTEX_POINT ( 'NONE', #2983 ) ;
#887 = ORIENTED_EDGE ( 'NONE', *, *, #4424, .T. ) ;
#888 = DIRECTION ( 'NONE',  ( -1.000000000000000000, -0.000000000000000000, -0.000000000000000000 ) ) ;
#889 = CIRCLE ( 'NONE', #554, 16.00000000000000000 ) ;
#890 = CARTESIAN_POINT ( 'NONE',  ( -20.24999999999999645, 53.17253541062413547, -12.86132486540518016 ) ) ;
#891 = CARTESIAN_POINT ( 'NONE',  ( -42.12499999999999289, 24.99999999999999645, 19.18721658814810738 ) ) ;
#892 = CARTESIAN_POINT ( 'NONE',  ( -49.74999999999999289, 38.11378996556252474, 20.33261462722317603 ) ) ;
#893 = VECTOR ( 'NONE', #6570, 1000.000000000000000 ) ;
#894 = LINE ( 'NONE', #2524, #6480 ) ;
#895 = DIRECTION ( 'NONE',  ( 0.000000000000000000, 0.4226182617406989417, 0.9063077870366501587 ) ) ;
#896 = CARTESIAN_POINT ( 'NONE',  ( -46.90431454990721960, 28.09996670189583057, -5.998038840887870649 ) ) ;
#897 = VECTOR ( 'NONE', #5727, 1000.000000000000000 ) ;
#898 = CIRCLE ( 'NONE', #4465, 2.250000000000001776 ) ;
#899 = ORIENTED_EDGE ( 'NONE', *, *, #956, .T. ) ;
#900 = DIRECTION ( 'NONE',  ( 0.000000000000000000, 0.08715574274766067775, -0.9961946980917453232 ) ) ;
#901 = EDGE_CURVE ( 'NONE', #3230, #2516, #3515, .T. ) ;
#902 = CARTESIAN_POINT ( 'NONE',  ( -40.24999999999999289, 27.25000000000000000, 13.75000000000000000 ) ) ;
#903 = ORIENTED_EDGE ( 'NONE', *, *, #4928, .T. ) ;
#904 = AXIS2_PLACEMENT_3D ( 'NONE', #3373, #4905, #146 ) ;
#905 = DIRECTION ( 'NONE',  ( 0.000000000000000000, -4.336808689942013792E-15, 1.000000000000000000 ) ) ;
#906 = DIRECTION ( 'NONE',  ( -1.000000000000000000, -0.000000000000000000, -0.000000000000000000 ) ) ;
#907 = CIRCLE ( 'NONE', #2684, 1.100000000000000311 ) ;
#908 = CARTESIAN_POINT ( 'NONE',  ( 16.74999999999999645, 49.49540509079762529, -15.77483487128603379 ) ) ;
#909 = EDGE_CURVE ( 'NONE', #1791, #1614, #5022, .T. ) ;
#910 = VERTEX_POINT ( 'NONE', #2366 ) ;
#911 = EDGE_CURVE ( 'NONE', #2986, #1848, #4152, .T. ) ;
#912 = EDGE_LOOP ( 'NONE', ( #3257, #5653, #6669 ) ) ;
#913 = CARTESIAN_POINT ( 'NONE',  ( -40.24999999999999289, 5.299999999999993605, -7.500000000000001776 ) ) ;
#914 = DIRECTION ( 'NONE',  ( 0.000000000000000000, 0.000000000000000000, 1.000000000000000000 ) ) ;
#915 = CARTESIAN_POINT ( 'NONE',  ( -30.00000000000000000, 33.50000000000000000, 6.384161778824429589 ) ) ;
#916 = ORIENTED_EDGE ( 'NONE', *, *, #1140, .F. ) ;
#917 = CARTESIAN_POINT ( 'NONE',  ( 32.25000000000000000, 48.61378996556253185, 0.1341617788244223175 ) ) ;
#918 = ORIENTED_EDGE ( 'NONE', *, *, #1811, .F. ) ;
#919 = VERTEX_POINT ( 'NONE', #3934 ) ;
#920 = ORIENTED_EDGE ( 'NONE', *, *, #4525, .F. ) ;
#921 = DIRECTION ( 'NONE',  ( 0.000000000000000000, 0.000000000000000000, 1.000000000000000000 ) ) ;
#922 =( BOUNDED_CURVE ( )  B_SPLINE_CURVE ( 3, ( #791, #2386, #6267, #1741 ),
 .UNSPECIFIED., .F., .F. ) 
 B_SPLINE_CURVE_WITH_KNOTS ( ( 4, 4 ),
 ( 0.7751933732072360250, 1.024553436141272256 ),
 .UNSPECIFIED. ) 
 CURVE ( )  GEOMETRIC_REPRESENTATION_ITEM ( )  RATIONAL_B_SPLINE_CURVE ( ( 1.000000000000000000, 0.9948250056197732727, 0.9948250056197732727, 1.000000000000000000 ) ) 
 REPRESENTATION_ITEM ( '' )  );
#923 = CARTESIAN_POINT ( 'NONE',  ( -42.12499999999999289, 15.87867965644035628, 18.38920446169825240 ) ) ;
#924 = CARTESIAN_POINT ( 'NONE',  ( -20.62499999999999645, 14.99999999999999645, 31.24999999999999645 ) ) ;
#925 = FACE_OUTER_BOUND ( 'NONE', #3837, .T. ) ;
#926 = LINE ( 'NONE', #258, #3327 ) ;
#927 = VERTEX_POINT ( 'NONE', #6073 ) ;
#928 = VERTEX_POINT ( 'NONE', #4496 ) ;
#929 = DIRECTION ( 'NONE',  ( 0.000000000000000000, 0.000000000000000000, -1.000000000000000000 ) ) ;
#930 = ORIENTED_EDGE ( 'NONE', *, *, #3128, .T. ) ;
#931 = DIRECTION ( 'NONE',  ( 1.067522139062650425E-16, -0.000000000000000000, -1.000000000000000000 ) ) ;
#932 = LINE ( 'NONE', #2668, #5824 ) ;
#933 = CARTESIAN_POINT ( 'NONE',  ( -50.24999999999999289, 23.49999999999999645, 19.05598359285921717 ) ) ;
#934 = ORIENTED_EDGE ( 'NONE', *, *, #262, .T. ) ;
#935 = CARTESIAN_POINT ( 'NONE',  ( 16.87203552699077491, 1.969302379850041307, -17.65879337964184970 ) ) ;
#936 = DIRECTION ( 'NONE',  ( -0.9458518606006282026, 0.000000000000000000, -0.3245986102840391352 ) ) ;
#937 = DIRECTION ( 'NONE',  ( -1.000000000000000000, 0.000000000000000000, 0.000000000000000000 ) ) ;
#938 = EDGE_CURVE ( 'NONE', #6846, #1531, #5474, .T. ) ;
#939 = CARTESIAN_POINT ( 'NONE',  ( -20.62499999999999645, 4.999999999999996447, 16.24999999999999645 ) ) ;
#940 = CARTESIAN_POINT ( 'NONE',  ( 11.00000000000000000, 0.000000000000000000, -8.000000000000003553 ) ) ;
#941 = CARTESIAN_POINT ( 'NONE',  ( -48.00000000000001421, 30.00000000000000000, -5.499999999873696588 ) ) ;
#942 = ADVANCED_FACE ( 'NONE', ( #4039 ), #6184, .F. ) ;
#943 = LINE ( 'NONE', #6728, #1411 ) ;
#944 = ORIENTED_EDGE ( 'NONE', *, *, #1001, .T. ) ;
#945 = LINE ( 'NONE', #6826, #4441 ) ;
#946 = ORIENTED_EDGE ( 'NONE', *, *, #4135, .F. ) ;
#947 = ORIENTED_EDGE ( 'NONE', *, *, #2365, .F. ) ;
#948 = CARTESIAN_POINT ( 'NONE',  ( -12.30000000000000426, 2.515203035502524997, -4.033692341718700725 ) ) ;
#949 = DIRECTION ( 'NONE',  ( 0.000000000000000000, 1.000000000000000000, 0.000000000000000000 ) ) ;
#950 = DIRECTION ( 'NONE',  ( 3.469446951953611033E-15, 1.000000000000000000, -6.009258394948608515E-15 ) ) ;
#951 = LINE ( 'NONE', #4616, #564 ) ;
#952 = DIRECTION ( 'NONE',  ( 0.000000000000000000, -1.000000000000000000, 0.000000000000000000 ) ) ;
#953 = CARTESIAN_POINT ( 'NONE',  ( -20.25000000000000000, 53.24695963916069985, -13.03687258320464615 ) ) ;
#954 = VERTEX_POINT ( 'NONE', #6251 ) ;
#955 = DIRECTION ( 'NONE',  ( -0.000000000000000000, -1.000000000000000000, -0.000000000000000000 ) ) ;
#956 = EDGE_CURVE ( 'NONE', #6150, #3636, #1506, .T. ) ;
#957 = ORIENTED_EDGE ( 'NONE', *, *, #148, .F. ) ;
#958 = CARTESIAN_POINT ( 'NONE',  ( 26.46451843715301422, 22.66014035790490411, 11.38561389475223962 ) ) ;
#959 = VERTEX_POINT ( 'NONE', #1438 ) ;
#960 = CARTESIAN_POINT ( 'NONE',  ( -10.74999999999998934, 5.299999999999993605, 13.75000000000000000 ) ) ;
#961 = FACE_OUTER_BOUND ( 'NONE', #1166, .T. ) ;
#962 = ORIENTED_EDGE ( 'NONE', *, *, #5176, .F. ) ;
#963 = AXIS2_PLACEMENT_3D ( 'NONE', #6233, #3633, #1419 ) ;
#964 = EDGE_CURVE ( 'NONE', #4390, #4268, #4732, .T. ) ;
#965 = DIRECTION ( 'NONE',  ( 0.000000000000000000, 0.000000000000000000, -1.000000000000000000 ) ) ;
#966 = CARTESIAN_POINT ( 'NONE',  ( 11.00000000000000000, 0.000000000000000000, -0.000000000000000000 ) ) ;
#967 = AXIS2_PLACEMENT_3D ( 'NONE', #1307, #2498, #4624 ) ;
#968 = ORIENTED_EDGE ( 'NONE', *, *, #1525, .F. ) ;
#969 = FACE_OUTER_BOUND ( 'NONE', #4890, .T. ) ;
#970 = AXIS2_PLACEMENT_3D ( 'NONE', #4120, #6752, #6113 ) ;
#971 = DIRECTION ( 'NONE',  ( -0.000000000000000000, 0.000000000000000000, 1.000000000000000000 ) ) ;
#972 = VECTOR ( 'NONE', #6739, 1000.000000000000000 ) ;
#973 = VECTOR ( 'NONE', #1216, 1000.000000000000000 ) ;
#974 = CARTESIAN_POINT ( 'NONE',  ( -40.24999999999999289, 11.79999999999999538, 14.49999999999999822 ) ) ;
#975 = DIRECTION ( 'NONE',  ( -1.235316900071227524E-15, 0.000000000000000000, 1.000000000000000000 ) ) ;
#976 = CARTESIAN_POINT ( 'NONE',  ( -45.80000000000000426, 1.817669235227727054, 13.25499871860576029 ) ) ;
#977 = CARTESIAN_POINT ( 'NONE',  ( 20.25000000000000000, 50.00000000000000000, -8.000000000000005329 ) ) ;
#978 = EDGE_CURVE ( 'NONE', #927, #4211, #6195, .T. ) ;
#979 = ORIENTED_EDGE ( 'NONE', *, *, #6208, .F. ) ;
#980 = DIRECTION ( 'NONE',  ( 0.000000000000000000, 0.000000000000000000, -1.000000000000000000 ) ) ;
#981 = ORIENTED_EDGE ( 'NONE', *, *, #4856, .T. ) ;
#982 = EDGE_LOOP ( 'NONE', ( #4043, #1146, #2610, #5785 ) ) ;
#983 = VERTEX_POINT ( 'NONE', #6841 ) ;
#984 = LINE ( 'NONE', #4302, #6120 ) ;
#985 = CARTESIAN_POINT ( 'NONE',  ( -16.75000000000000355, 2.252775734606960345, -15.65487003803511534 ) ) ;
#986 = CARTESIAN_POINT ( 'NONE',  ( -32.17939368824578850, 51.66546870875199460, -16.42839082818919749 ) ) ;
#987 = VECTOR ( 'NONE', #5174, 1000.000000000000000 ) ;
#988 = CARTESIAN_POINT ( 'NONE',  ( 49.74999999999999289, 39.11378996556253185, 0.6341617788244185983 ) ) ;
#989 = DIRECTION ( 'NONE',  ( 0.000000000000000000, 1.000000000000000000, 0.000000000000000000 ) ) ;
#990 = CARTESIAN_POINT ( 'NONE',  ( 25.09721204939709338, 49.67234518256160669, -19.51955723195868941 ) ) ;
#991 = EDGE_LOOP ( 'NONE', ( #538, #2662, #6825, #3889 ) ) ;
#992 = CIRCLE ( 'NONE', #1877, 0.4999999999999982236 ) ;
#993 = LINE ( 'NONE', #384, #3677 ) ;
#994 = ORIENTED_EDGE ( 'NONE', *, *, #3384, .F. ) ;
#995 = CARTESIAN_POINT ( 'NONE',  ( -12.30000000000000782, 2.515203035265084708, 11.03369234197131377 ) ) ;
#996 = EDGE_CURVE ( 'NONE', #5685, #2844, #5735, .T. ) ;
#997 = VERTEX_POINT ( 'NONE', #995 ) ;
#998 = CARTESIAN_POINT ( 'NONE',  ( -16.75000000000000000, 48.74598190718820945, -17.46679091864885436 ) ) ;
#999 = CARTESIAN_POINT ( 'NONE',  ( -42.12499999999999289, 24.99999999999999645, 16.24999999999999645 ) ) ;
#1000 = AXIS2_PLACEMENT_3D ( 'NONE', #6285, #2627, #5306 ) ;
#1001 = EDGE_CURVE ( 'NONE', #2851, #5571, #1945, .T. ) ;
#1002 = CARTESIAN_POINT ( 'NONE',  ( 17.00000000000000355, 2.664213562373111799, -18.12361162513371227 ) ) ;
#1003 = AXIS2_PLACEMENT_3D ( 'NONE', #3191, #1682, #3829 ) ;
#1004 = AXIS2_PLACEMENT_3D ( 'NONE', #745, #4541, #2860 ) ;
#1005 = CARTESIAN_POINT ( 'NONE',  ( 26.75017591195674171, 50.48492421963781851, -18.96007665506401452 ) ) ;
#1006 = CARTESIAN_POINT ( 'NONE',  ( 25.25000000000000000, 49.68146486959625463, -19.49999999999999289 ) ) ;
#1007 = CIRCLE ( 'NONE', #4913, 0.5000000000000004441 ) ;
#1008 = CARTESIAN_POINT ( 'NONE',  ( 33.58014036933801805, 23.28782831221488081, 11.25000000000000711 ) ) ;
#1009 = LINE ( 'NONE', #4676, #6154 ) ;
#1010 = AXIS2_PLACEMENT_3D ( 'NONE', #1533, #949, #2059 ) ;
#1011 = CARTESIAN_POINT ( 'NONE',  ( 33.75000000000000711, 41.11378996556251764, -16.03638490568253516 ) ) ;
#1012 = CARTESIAN_POINT ( 'NONE',  ( -33.75000000000000000, 48.61378996556253185, -9.000000000000000000 ) ) ;
#1013 = CARTESIAN_POINT ( 'NONE',  ( -20.00572918846630088, 53.12836261634380719, -13.29120471938729686 ) ) ;
#1014 = EDGE_CURVE ( 'NONE', #5435, #5999, #470, .T. ) ;
#1015 = ORIENTED_EDGE ( 'NONE', *, *, #6732, .F. ) ;
#1016 = ORIENTED_EDGE ( 'NONE', *, *, #5087, .F. ) ;
#1017 = CARTESIAN_POINT ( 'NONE',  ( -47.24999999999999289, 27.72404356534547532, 12.75738592688066753 ) ) ;
#1018 = AXIS2_PLACEMENT_3D ( 'NONE', #1497, #6863, #2486 ) ;
#1019 = VERTEX_POINT ( 'NONE', #4659 ) ;
#1020 = ORIENTED_EDGE ( 'NONE', *, *, #6836, .F. ) ;
#1021 = ORIENTED_EDGE ( 'NONE', *, *, #6836, .T. ) ;
#1022 = CARTESIAN_POINT ( 'NONE',  ( 49.74999999999999289, 38.11378996556252474, 0.6341617788244185983 ) ) ;
#1023 = FACE_OUTER_BOUND ( 'NONE', #5213, .T. ) ;
#1024 = CYLINDRICAL_SURFACE ( 'NONE', #1621, 3.750000000000000000 ) ;
#1025 = CARTESIAN_POINT ( 'NONE',  ( -45.80000000000001137, 11.79999999999999538, -6.499999999999998224 ) ) ;
#1026 = CARTESIAN_POINT ( 'NONE',  ( -45.80000000000000426, 30.00000000000000000, -9.249999999999998224 ) ) ;
#1027 = VERTEX_POINT ( 'NONE', #385 ) ;
#1028 = EDGE_CURVE ( 'NONE', #4972, #164, #2360, .T. ) ;
#1029 = DIRECTION ( 'NONE',  ( 1.000000000000000000, -0.000000000000000000, 0.000000000000000000 ) ) ;
#1030 = CARTESIAN_POINT ( 'NONE',  ( -49.74999999999999289, 38.11378996556252474, 19.83261462722317603 ) ) ;
#1031 = ADVANCED_FACE ( 'NONE', ( #2006, #5868 ), #1064, .F. ) ;
#1032 = ORIENTED_EDGE ( 'NONE', *, *, #1584, .F. ) ;
#1033 = LINE ( 'NONE', #1578, #6269 ) ;
#1034 = B_SPLINE_CURVE_WITH_KNOTS ( 'NONE', 3,
 ( #249, #4521, #6662, #1853, #3996, #2097 ),
 .UNSPECIFIED., .F., .F.,
 ( 4, 2, 4 ),
 ( 3.469446951953614189E-18, 0.0003965442869428144833, 0.0007930885738856254972 ),
 .UNSPECIFIED. ) ;
#1035 = ORIENTED_EDGE ( 'NONE', *, *, #6817, .T. ) ;
#1036 = CARTESIAN_POINT ( 'NONE',  ( -50.04289321881345387, 0.000000000000000000, 17.00000000000000355 ) ) ;
#1037 = DIRECTION ( 'NONE',  ( 0.000000000000000000, -1.000000000000000000, 0.000000000000000000 ) ) ;
#1038 = CARTESIAN_POINT ( 'NONE',  ( 16.89644660940673049, 49.75875834124010311, -16.13146343944629280 ) ) ;
#1039 = EDGE_CURVE ( 'NONE', #4096, #4663, #3649, .T. ) ;
#1040 = DIRECTION ( 'NONE',  ( 1.000000000000000000, 0.000000000000000000, 0.000000000000000000 ) ) ;
#1041 = CARTESIAN_POINT ( 'NONE',  ( -49.96130913087034742, 3.083235005961808994, -8.476927309239680852 ) ) ;
#1042 = VERTEX_POINT ( 'NONE', #4151 ) ;
#1043 = FACE_OUTER_BOUND ( 'NONE', #6202, .T. ) ;
#1044 = ADVANCED_FACE ( 'NONE', ( #5232 ), #350, .T. ) ;
#1045 = CARTESIAN_POINT ( 'NONE',  ( 17.25000000000000000, 2.207106781186560340, -17.97927405783630306 ) ) ;
#1046 = CARTESIAN_POINT ( 'NONE',  ( -46.39792174587059748, 26.24221436546520536, -6.228217388206315874 ) ) ;
#1047 = ORIENTED_EDGE ( 'NONE', *, *, #3622, .F. ) ;
#1048 = DIRECTION ( 'NONE',  ( -0.000000000000000000, -1.000000000000000000, -0.000000000000000000 ) ) ;
#1049 = EDGE_LOOP ( 'NONE', ( #5075, #771, #5175, #946 ) ) ;
#1050 = EDGE_CURVE ( 'NONE', #6894, #714, #6872, .T. ) ;
#1051 = EDGE_LOOP ( 'NONE', ( #5447, #4646, #3422, #678 ) ) ;
#1052 = ORIENTED_EDGE ( 'NONE', *, *, #5187, .F. ) ;
#1053 = DIRECTION ( 'NONE',  ( -0.000000000000000000, 1.221878638832870327E-16, -1.000000000000000000 ) ) ;
#1054 = EDGE_CURVE ( 'NONE', #529, #1742, #2737, .T. ) ;
#1055 = CARTESIAN_POINT ( 'NONE',  ( -10.74999999999998934, 2.799999999999993605, 13.75000000000000000 ) ) ;
#1056 = DIRECTION ( 'NONE',  ( -1.000000000000000000, 0.000000000000000000, 0.000000000000000000 ) ) ;
#1057 = LINE ( 'NONE', #6413, #4652 ) ;
#1058 =( BOUNDED_CURVE ( )  B_SPLINE_CURVE ( 3, ( #2622, #496, #4758, #6901 ),
 .UNSPECIFIED., .F., .F. ) 
 B_SPLINE_CURVE_WITH_KNOTS ( ( 4, 4 ),
 ( 5.663017594380891140, 7.331572790950646734 ),
 .UNSPECIFIED. ) 
 CURVE ( )  GEOMETRIC_REPRESENTATION_ITEM ( )  RATIONAL_B_SPLINE_CURVE ( ( 1.000000000000000000, 0.7811420142352956120, 0.7811420142352956120, 1.000000000000000000 ) ) 
 REPRESENTATION_ITEM ( '' )  );
#1059 = VERTEX_POINT ( 'NONE', #4380 ) ;
#1060 = CARTESIAN_POINT ( 'NONE',  ( -47.77065838585466651, 28.55507357951894321, 12.57870573865982422 ) ) ;
#1061 = VECTOR ( 'NONE', #1145, 1000.000000000000000 ) ;
#1062 = PLANE ( 'NONE',  #2224 ) ;
#1063 = ORIENTED_EDGE ( 'NONE', *, *, #2181, .F. ) ;
#1064 = PLANE ( 'NONE',  #1788 ) ;
#1065 = VERTEX_POINT ( 'NONE', #4309 ) ;
#1066 = LINE ( 'NONE', #4283, #5940 ) ;
#1067 = LINE ( 'NONE', #6495, #4245 ) ;
#1068 = DIRECTION ( 'NONE',  ( -1.000000000000000000, 0.000000000000000000, 0.000000000000000000 ) ) ;
#1069 = ORIENTED_EDGE ( 'NONE', *, *, #5643, .T. ) ;
#1070 = LINE ( 'NONE', #390, #2290 ) ;
#1071 = LINE ( 'NONE', #3199, #3117 ) ;
#1072 = ORIENTED_EDGE ( 'NONE', *, *, #1979, .F. ) ;
#1073 = AXIS2_PLACEMENT_3D ( 'NONE', #4543, #2509, #6692 ) ;
#1074 = CARTESIAN_POINT ( 'NONE',  ( -48.00000000000001421, 30.00000000000000000, 12.50000000012629897 ) ) ;
#1075 = CARTESIAN_POINT ( 'NONE',  ( -45.80000000000000426, 5.299999999999993605, 14.50000000000000000 ) ) ;
#1076 = ORIENTED_EDGE ( 'NONE', *, *, #5326, .T. ) ;
#1077 = CARTESIAN_POINT ( 'NONE',  ( -32.57368444743583069, 51.34323519124274071, -16.58490985625002523 ) ) ;
#1078 = VECTOR ( 'NONE', #3274, 1000.000000000000000 ) ;
#1079 = FACE_OUTER_BOUND ( 'NONE', #74, .T. ) ;
#1080 = ORIENTED_EDGE ( 'NONE', *, *, #2324, .T. ) ;
#1081 = LINE ( 'NONE', #3216, #4665 ) ;
#1082 = AXIS2_PLACEMENT_3D ( 'NONE', #4898, #2697, #1707 ) ;
#1083 = AXIS2_PLACEMENT_3D ( 'NONE', #6436, #2720, #4230 ) ;
#1084 = ORIENTED_EDGE ( 'NONE', *, *, #2925, .F. ) ;
#1085 = EDGE_LOOP ( 'NONE', ( #6143, #1819, #3746, #5822, #5236, #668, #4506, #3852, #840, #3887, #2230, #3548 ) ) ;
#1086 = AXIS2_PLACEMENT_3D ( 'NONE', #1401, #2571, #4113 ) ;
#1087 = CYLINDRICAL_SURFACE ( 'NONE', #3009, 1.000000000000000666 ) ;
#1088 = CARTESIAN_POINT ( 'NONE',  ( 17.00000000000000000, 48.33917413069173818, -18.12361162513370516 ) ) ;
#1089 = B_SPLINE_CURVE_WITH_KNOTS ( 'NONE', 3,
 ( #6544, #5541, #2380, #747, #1815, #3364 ),
 .UNSPECIFIED., .F., .F.,
 ( 4, 2, 4 ),
 ( 0.000000000000000000, 0.0003953761943783573401, 0.0007907523887567146801 ),
 .UNSPECIFIED. ) ;
#1090 = CARTESIAN_POINT ( 'NONE',  ( -10.74999999999998934, 20.99999999999999645, 13.75000000000000000 ) ) ;
#1091 = CARTESIAN_POINT ( 'NONE',  ( 30.00000000000000000, 33.50000000000000000, 13.88416177882443669 ) ) ;
#1092 = EDGE_LOOP ( 'NONE', ( #275, #4531, #5989, #6026 ) ) ;
#1093 = FACE_OUTER_BOUND ( 'NONE', #2569, .T. ) ;
#1094 = EDGE_CURVE ( 'NONE', #399, #2666, #2465, .T. ) ;
#1095 = DIRECTION ( 'NONE',  ( 0.000000000000000000, 0.000000000000000000, -1.000000000000000000 ) ) ;
#1096 = VECTOR ( 'NONE', #98, 1000.000000000000000 ) ;
#1097 = ORIENTED_EDGE ( 'NONE', *, *, #2886, .F. ) ;
#1098 = CARTESIAN_POINT ( 'NONE',  ( -30.00000000000000000, 0.000000000000000000, 13.02627944162881946 ) ) ;
#1099 = ORIENTED_EDGE ( 'NONE', *, *, #405, .F. ) ;
#1100 = DIRECTION ( 'NONE',  ( -1.000000000000000000, -3.235659366516982696E-16, -3.247448634459770893E-32 ) ) ;
#1101 = ORIENTED_EDGE ( 'NONE', *, *, #1914, .F. ) ;
#1102 = CARTESIAN_POINT ( 'NONE',  ( -45.80000000000000426, 30.00000000000000000, 13.25499871860576029 ) ) ;
#1103 = CARTESIAN_POINT ( 'NONE',  ( -48.00000000000001421, 11.79999999999999538, 12.50000000012629897 ) ) ;
#1104 =( BOUNDED_SURFACE ( )  B_SPLINE_SURFACE ( 3, 2, ( 
 ( #2104, #4247, #3720 ),
 ( #5864, #3913, #3027 ),
 ( #3761, #2108, #5389 ),
 ( #2707, #652, #4253 ),
 ( #2214, #4838, #619 ),
 ( #585, #2179, #44 ) ),
 .UNSPECIFIED., .F., .F., .F. ) 
 B_SPLINE_SURFACE_WITH_KNOTS ( ( 4, 2, 4 ),
 ( 3, 3 ),
 ( 2.293530574608312556, 2.898245176052403949, 3.502959777496495786 ),
 ( 0.000000000000000000, 1.000000000000000000 ),
 .UNSPECIFIED. ) 
 GEOMETRIC_REPRESENTATION_ITEM ( )  RATIONAL_B_SPLINE_SURFACE ( (
 ( 1.000000000000000000, 0.8660254037844391517, 1.000000000000000000),
 ( 1.000000000000000000, 0.8990690225398173530, 1.000000000000000000),
 ( 1.000000000000000000, 0.9211776128155104715, 1.000000000000000000),
 ( 1.000000000000000000, 0.9408948255807929595, 1.000000000000000000),
 ( 1.000000000000000000, 0.9385072706704850054, 1.000000000000000000),
 ( 1.000000000000000000, 0.9238795325112864054, 1.000000000000000000) ) ) 
 REPRESENTATION_ITEM ( '' )  SURFACE ( )  );
#1105 = AXIS2_PLACEMENT_3D ( 'NONE', #1895, #3012, #5113 ) ;
#1106 = VERTEX_POINT ( 'NONE', #6452 ) ;
#1107 = LINE ( 'NONE', #6462, #5246 ) ;
#1108 = CARTESIAN_POINT ( 'NONE',  ( -18.79155474499822276, 50.64722415203551975, -18.71035023024111155 ) ) ;
#1109 = ORIENTED_EDGE ( 'NONE', *, *, #3480, .F. ) ;
#1110 = VECTOR ( 'NONE', #358, 1000.000000000000000 ) ;
#1111 =( NAMED_UNIT ( * ) PLANE_ANGLE_UNIT ( ) SI_UNIT ( $, .RADIAN. ) );
#1112 = CARTESIAN_POINT ( 'NONE',  ( 29.00591048778999337, 5.299999999999991829, 13.75000000000000000 ) ) ;
#1113 = DIRECTION ( 'NONE',  ( -0.9458518606006282026, 0.000000000000000000, -0.3245986102840391352 ) ) ;
#1114 = CIRCLE ( 'NONE', #5251, 1.500000000000001332 ) ;
#1115 = AXIS2_PLACEMENT_3D ( 'NONE', #913, #4084, #4192 ) ;
#1116 = CARTESIAN_POINT ( 'NONE',  ( -13.25000000000000533, 2.799999999999993605, 14.84999999999999964 ) ) ;
#1117 = ORIENTED_EDGE ( 'NONE', *, *, #2490, .T. ) ;
#1118 = CARTESIAN_POINT ( 'NONE',  ( 16.89644660940673049, 1.853553390593288386, -17.31737279928379181 ) ) ;
#1119 = ADVANCED_FACE ( 'NONE', ( #4863 ), #542, .F. ) ;
#1120 = EDGE_CURVE ( 'NONE', #5199, #627, #1280, .T. ) ;
#1121 = ORIENTED_EDGE ( 'NONE', *, *, #3250, .F. ) ;
#1122 = VECTOR ( 'NONE', #4070, 1000.000000000000000 ) ;
#1123 = VERTEX_POINT ( 'NONE', #3758 ) ;
#1124 = CARTESIAN_POINT ( 'NONE',  ( 18.75000000000001776, 52.30294715411624651, -15.06131389042992730 ) ) ;
#1125 = DIRECTION ( 'NONE',  ( 1.000000000000000000, -0.000000000000000000, -0.000000000000000000 ) ) ;
#1126 = CARTESIAN_POINT ( 'NONE',  ( -10.74999999999998934, 0.000000000000000000, 0.000000000000000000 ) ) ;
#1127 = DIRECTION ( 'NONE',  ( 0.000000000000000000, 0.000000000000000000, 1.000000000000000000 ) ) ;
#1128 = CIRCLE ( 'NONE', #2796, 0.5000000000000013323 ) ;
#1129 = DIRECTION ( 'NONE',  ( -1.119577325992528254E-15, 0.4226182617407002184, 0.9063077870366494926 ) ) ;
#1130 = CARTESIAN_POINT ( 'NONE',  ( -16.75000000000000355, 2.664213562373109134, -15.45940107675847131 ) ) ;
#1131 = ADVANCED_FACE ( 'NONE', ( #2212 ), #5486, .F. ) ;
#1132 = DIRECTION ( 'NONE',  ( 0.000000000000000000, 0.000000000000000000, 1.000000000000000000 ) ) ;
#1133 = ORIENTED_EDGE ( 'NONE', *, *, #6890, .T. ) ;
#1134 = DIRECTION ( 'NONE',  ( 0.000000000000000000, -9.813077866773550308E-15, -1.000000000000000000 ) ) ;
#1135 = DIRECTION ( 'NONE',  ( 0.000000000000000000, 0.000000000000000000, -1.000000000000000000 ) ) ;
#1136 = CARTESIAN_POINT ( 'NONE',  ( 32.25000000000000000, 48.61378996556253185, 41.00000000000000000 ) ) ;
#1137 = EDGE_CURVE ( 'NONE', #6534, #4211, #6125, .T. ) ;
#1138 = ADVANCED_FACE ( 'NONE', ( #2667 ), #6420, .T. ) ;
#1139 = CARTESIAN_POINT ( 'NONE',  ( -45.80000000000000426, 30.00000000000000000, 13.25499871860576029 ) ) ;
#1140 = EDGE_CURVE ( 'NONE', #6150, #5847, #5903, .T. ) ;
#1141 =( BOUNDED_CURVE ( )  B_SPLINE_CURVE ( 3, ( #3033, #4158, #3595, #6193 ),
 .UNSPECIFIED., .F., .F. ) 
 B_SPLINE_CURVE_WITH_KNOTS ( ( 4, 4 ),
 ( 3.141592653589792228, 4.712388980384687898 ),
 .UNSPECIFIED. ) 
 CURVE ( )  GEOMETRIC_REPRESENTATION_ITEM ( )  RATIONAL_B_SPLINE_CURVE ( ( 1.000000000000000000, 0.8047378541243652705, 0.8047378541243652705, 1.000000000000000000 ) ) 
 REPRESENTATION_ITEM ( '' )  );
#1142 = FACE_OUTER_BOUND ( 'NONE', #1631, .T. ) ;
#1143 = CARTESIAN_POINT ( 'NONE',  ( 20.25000000000000000, 53.09356680819460905, -12.86132486540518549 ) ) ;
#1144 = ORIENTED_EDGE ( 'NONE', *, *, #3166, .T. ) ;
#1145 = DIRECTION ( 'NONE',  ( -0.000000000000000000, -0.000000000000000000, -1.000000000000000000 ) ) ;
#1146 = ORIENTED_EDGE ( 'NONE', *, *, #42, .F. ) ;
#1147 = CARTESIAN_POINT ( 'NONE',  ( -47.24999999999999289, 25.80874453969969196, 12.75738592688066753 ) ) ;
#1148 = LINE ( 'NONE', #6368, #3204 ) ;
#1149 = EDGE_LOOP ( 'NONE', ( #6203, #979, #4435, #4092 ) ) ;
#1150 = CARTESIAN_POINT ( 'NONE',  ( 16.88026183133478142, 1.869738168665231681, -17.43884851697973559 ) ) ;
#1151 = VERTEX_POINT ( 'NONE', #2143 ) ;
#1152 = ORIENTED_EDGE ( 'NONE', *, *, #1054, .T. ) ;
#1153 = CYLINDRICAL_SURFACE ( 'NONE', #4799, 1.500000000000001332 ) ;
#1154 = CARTESIAN_POINT ( 'NONE',  ( -13.30000000000000249, 30.00000000000000000, 11.50000000012630608 ) ) ;
#1155 = DIRECTION ( 'NONE',  ( 0.000000000000000000, 0.000000000000000000, 1.000000000000000000 ) ) ;
#1156 = LINE ( 'NONE', #1571, #185 ) ;
#1157 = SPHERICAL_SURFACE ( 'NONE', #6563, 0.5000000000000000000 ) ;
#1158 = CARTESIAN_POINT ( 'NONE',  ( 49.96130913087034031, 0.000000000000000000, -8.476927309239682629 ) ) ;
#1159 = ORIENTED_EDGE ( 'NONE', *, *, #442, .T. ) ;
#1160 = CARTESIAN_POINT ( 'NONE',  ( 19.75000000000000000, 0.000000000000000000, -12.86132486540518549 ) ) ;
#1161 = CARTESIAN_POINT ( 'NONE',  ( -19.99999999999999645, 53.09356680819458774, -13.29433756729740246 ) ) ;
#1162 = CARTESIAN_POINT ( 'NONE',  ( -50.24999999999999289, 0.000000000000000000, -8.023773415721354496 ) ) ;
#1163 = CARTESIAN_POINT ( 'NONE',  ( -49.92835914963770705, 2.610446712492588084, -8.492292137824518861 ) ) ;
#1164 = EDGE_CURVE ( 'NONE', #1245, #1123, #2775, .T. ) ;
#1165 = VECTOR ( 'NONE', #733, 1000.000000000000000 ) ;
#1166 = EDGE_LOOP ( 'NONE', ( #6922, #6573, #1993, #1773, #2343 ) ) ;
#1167 = EDGE_CURVE ( 'NONE', #1471, #6114, #1237, .T. ) ;
#1168 = DIRECTION ( 'NONE',  ( -0.000000000000000000, -1.000000000000000000, -0.000000000000000000 ) ) ;
#1169 = VECTOR ( 'NONE', #971, 1000.000000000000000 ) ;
#1170 = CYLINDRICAL_SURFACE ( 'NONE', #6547, 1.000000000000001554 ) ;
#1171 = EDGE_CURVE ( 'NONE', #5481, #3265, #4904, .T. ) ;
#1172 = LINE ( 'NONE', #2782, #654 ) ;
#1173 = ORIENTED_EDGE ( 'NONE', *, *, #2980, .F. ) ;
#1174 = ADVANCED_FACE ( 'NONE', ( #4585 ), #3436, .T. ) ;
#1175 = DIRECTION ( 'NONE',  ( -0.000000000000000000, -1.000000000000000000, -0.000000000000000000 ) ) ;
#1176 =( BOUNDED_CURVE ( )  B_SPLINE_CURVE ( 3, ( #4328, #6471, #1660, #1147 ),
 .UNSPECIFIED., .F., .F. ) 
 B_SPLINE_CURVE_WITH_KNOTS ( ( 4, 4 ),
 ( 0.7751933734134850429, 0.9676844940538709139 ),
 .UNSPECIFIED. ) 
 CURVE ( )  GEOMETRIC_REPRESENTATION_ITEM ( )  RATIONAL_B_SPLINE_CURVE ( ( 1.000000000000000000, 0.9969146468320421173, 0.9969146468320421173, 1.000000000000000000 ) ) 
 REPRESENTATION_ITEM ( '' )  );
#1177 = ORIENTED_EDGE ( 'NONE', *, *, #2233, .T. ) ;
#1178 = LINE ( 'NONE', #4847, #5807 ) ;
#1179 = CARTESIAN_POINT ( 'NONE',  ( -47.24999999999999289, 1.358744539699686893, 12.75738592688066753 ) ) ;
#1180 = DIRECTION ( 'NONE',  ( -1.000000000000000000, 0.000000000000000000, 0.000000000000000000 ) ) ;
#1181 = B_SPLINE_CURVE_WITH_KNOTS ( 'NONE', 3,
 ( #1828, #5057, #6670, #3486, #4004, #5630, #4565, #5344, #3724, #3190, #429, #2528, #5278, #546, #6802, #6874, #4766, #471 ),
 .UNSPECIFIED., .F., .F.,
 ( 4, 2, 2, 2, 2, 2, 2, 2, 4 ),
 ( 0.000000000000000000, 0.0006357768352575588703, 0.001271553670515117741, 0.001907330505772676611, 0.002543107341030235481, 0.003178884176287794135, 0.003814661011545353222, 0.004450437846802912309, 0.005086214682060470962 ),
 .UNSPECIFIED. ) ;
#1182 = ORIENTED_EDGE ( 'NONE', *, *, #5449, .F. ) ;
#1183 = ORIENTED_EDGE ( 'NONE', *, *, #5707, .T. ) ;
#1184 = AXIS2_PLACEMENT_3D ( 'NONE', #787, #105, #2899 ) ;
#1185 = DIRECTION ( 'NONE',  ( -0.7071067811865471286, -0.7071067811865480168, 0.000000000000000000 ) ) ;
#1186 = CARTESIAN_POINT ( 'NONE',  ( -48.00000000000001421, 4.024744871520487877, 12.50000000012629897 ) ) ;
#1187 = CARTESIAN_POINT ( 'NONE',  ( -10.74999999999998934, 20.99999999999999645, 13.75000000000000000 ) ) ;
#1188 = DIRECTION ( 'NONE',  ( 0.000000000000000000, 0.000000000000000000, -1.000000000000000000 ) ) ;
#1189 = VECTOR ( 'NONE', #2362, 1000.000000000000114 ) ;
#1190 = CARTESIAN_POINT ( 'NONE',  ( 17.25000000000000000, 50.00000000000000000, -15.45940107675847663 ) ) ;
#1191 = VECTOR ( 'NONE', #2299, 1000.000000000000000 ) ;
#1192 = ORIENTED_EDGE ( 'NONE', *, *, #3045, .T. ) ;
#1193 = CARTESIAN_POINT ( 'NONE',  ( 33.56311567177252897, 3.313115671772584925, 11.30322409947675055 ) ) ;
#1194 = ADVANCED_FACE ( 'NONE', ( #793 ), #6176, .F. ) ;
#1195 = ORIENTED_EDGE ( 'NONE', *, *, #5643, .F. ) ;
#1196 = CARTESIAN_POINT ( 'NONE',  ( -16.75000000000000355, 2.222496787393868356, -15.70731471300788940 ) ) ;
#1197 = VECTOR ( 'NONE', #208, 1000.000000000000000 ) ;
#1198 = CIRCLE ( 'NONE', #3430, 0.5000000000000011102 ) ;
#1199 = CARTESIAN_POINT ( 'NONE',  ( 49.74999999999999289, 39.11378996556253185, 0.1341617788244185150 ) ) ;
#1200 = CARTESIAN_POINT ( 'NONE',  ( 16.75000000000000000, 2.664213562373111799, -17.69059892324149175 ) ) ;
#1201 = VERTEX_POINT ( 'NONE', #1852 ) ;
#1202 = CIRCLE ( 'NONE', #4773, 1.750000000000000666 ) ;
#1203 = CARTESIAN_POINT ( 'NONE',  ( -18.82229303635613604, 52.48898899327897993, -14.66234587884109075 ) ) ;
#1204 = ADVANCED_FACE ( 'NONE', ( #3400 ), #315, .T. ) ;
#1205 = LINE ( 'NONE', #2709, #6582 ) ;
#1206 = AXIS2_PLACEMENT_3D ( 'NONE', #5988, #1180, #3708 ) ;
#1207 = EDGE_CURVE ( 'NONE', #3302, #4431, #2906, .T. ) ;
#1208 = CARTESIAN_POINT ( 'NONE',  ( -42.12499999999999289, 4.121320343559638388, 17.36056880882023634 ) ) ;
#1209 = FACE_OUTER_BOUND ( 'NONE', #46, .T. ) ;
#1210 = EDGE_LOOP ( 'NONE', ( #804, #3674 ) ) ;
#1211 = LINE ( 'NONE', #4844, #3410 ) ;
#1212 = CIRCLE ( 'NONE', #4784, 2.250000000000001776 ) ;
#1213 = VERTEX_POINT ( 'NONE', #5622 ) ;
#1214 = ORIENTED_EDGE ( 'NONE', *, *, #725, .T. ) ;
#1215 = DIRECTION ( 'NONE',  ( -0.000000000000000000, -1.000000000000000000, 0.000000000000000000 ) ) ;
#1216 = DIRECTION ( 'NONE',  ( -0.000000000000000000, -1.000000000000000000, -0.000000000000000000 ) ) ;
#1217 = AXIS2_PLACEMENT_3D ( 'NONE', #4259, #6879, #1040 ) ;
#1218 = CARTESIAN_POINT ( 'NONE',  ( -45.80000000000000426, 30.00000000000000000, 13.25499871860576029 ) ) ;
#1219 = ORIENTED_EDGE ( 'NONE', *, *, #3563, .F. ) ;
#1220 = CARTESIAN_POINT ( 'NONE',  ( -17.00000000000000000, 48.33917413069173108, -18.12361162513370161 ) ) ;
#1221 =( BOUNDED_CURVE ( )  B_SPLINE_CURVE ( 3, ( #618, #3760, #5450, #115 ),
 .UNSPECIFIED., .F., .F. ) 
 B_SPLINE_CURVE_WITH_KNOTS ( ( 4, 4 ),
 ( 4.919104306739903620, 6.283185307179586232 ),
 .UNSPECIFIED. ) 
 CURVE ( )  GEOMETRIC_REPRESENTATION_ITEM ( )  RATIONAL_B_SPLINE_CURVE ( ( 1.000000000000000000, 0.8508586990474820144, 0.8508586990474820144, 1.000000000000000000 ) ) 
 REPRESENTATION_ITEM ( '' )  );
#1222 = ORIENTED_EDGE ( 'NONE', *, *, #1618, .F. ) ;
#1223 = ADVANCED_FACE ( 'NONE', ( #5655 ), #3371, .T. ) ;
#1224 = EDGE_LOOP ( 'NONE', ( #1388, #1724 ) ) ;
#1225 = CARTESIAN_POINT ( 'NONE',  ( -40.62499999999999289, 6.499999999999998224, 16.24999999999999645 ) ) ;
#1226 = CIRCLE ( 'NONE', #1003, 2.250000000000001776 ) ;
#1227 = VECTOR ( 'NONE', #1752, 1000.000000000000000 ) ;
#1228 = CARTESIAN_POINT ( 'NONE',  ( 16.92014063398226043, 48.66108745218180331, -18.07750479866604820 ) ) ;
#1229 = DIRECTION ( 'NONE',  ( -0.000000000000000000, 1.000000000000000000, -0.000000000000000000 ) ) ;
#1230 = CARTESIAN_POINT ( 'NONE',  ( 0.9296227589829404447, 21.09383632135608622, -6.617238560387184165 ) ) ;
#1231 = ORIENTED_EDGE ( 'NONE', *, *, #6848, .F. ) ;
#1232 = AXIS2_PLACEMENT_3D ( 'NONE', #6044, #727, #3378 ) ;
#1233 = CARTESIAN_POINT ( 'NONE',  ( 32.76861794302294584, 25.76074415121076910, 12.67167946554981306 ) ) ;
#1234 = VERTEX_POINT ( 'NONE', #1269 ) ;
#1235 = DIRECTION ( 'NONE',  ( 0.000000000000000000, 0.000000000000000000, -1.000000000000000000 ) ) ;
#1236 = CARTESIAN_POINT ( 'NONE',  ( -20.62499999999999645, 6.499999999999998224, 17.56867631291850884 ) ) ;
#1237 = CIRCLE ( 'NONE', #333, 0.5000000000000004441 ) ;
#1238 = DIRECTION ( 'NONE',  ( -0.000000000000000000, 0.000000000000000000, -1.000000000000000000 ) ) ;
#1239 = CARTESIAN_POINT ( 'NONE',  ( 16.75000000000000000, 48.93368439572567041, -17.55431802650863560 ) ) ;
#1240 = EDGE_CURVE ( 'NONE', #1903, #355, #1892, .T. ) ;
#1241 = CARTESIAN_POINT ( 'NONE',  ( -30.00000000000000000, 80.00000000000000000, 7.884161778824434030 ) ) ;
#1242 = CARTESIAN_POINT ( 'NONE',  ( -48.00000000000001421, 27.25000000000000000, 12.00000000000000000 ) ) ;
#1243 = CARTESIAN_POINT ( 'NONE',  ( -13.30000000000000249, 30.00000000000000000, 11.50000000012630608 ) ) ;
#1244 = CARTESIAN_POINT ( 'NONE',  ( 16.75000000000000000, 2.252775734606961677, -17.49512996196485304 ) ) ;
#1245 = VERTEX_POINT ( 'NONE', #1360 ) ;
#1246 = LINE ( 'NONE', #2786, #6205 ) ;
#1247 = CARTESIAN_POINT ( 'NONE',  ( -18.75000000000002132, 0.000000000000000000, -14.76247765169980042 ) ) ;
#1248 = ORIENTED_EDGE ( 'NONE', *, *, #4963, .F. ) ;
#1249 = LINE ( 'NONE', #4997, #6344 ) ;
#1250 = CARTESIAN_POINT ( 'NONE',  ( -20.06389368877839630, 50.05010407187501187, -19.89255147111830979 ) ) ;
#1251 = EDGE_CURVE ( 'NONE', #6861, #6492, #3133, .T. ) ;
#1252 = ORIENTED_EDGE ( 'NONE', *, *, #5539, .T. ) ;
#1253 = CARTESIAN_POINT ( 'NONE',  ( -16.75000000000000000, 48.88484864162042953, -17.63526818749384972 ) ) ;
#1254 = CARTESIAN_POINT ( 'NONE',  ( -49.96130913087034742, 26.96676499403817928, -8.476927309239682629 ) ) ;
#1255 = ORIENTED_EDGE ( 'NONE', *, *, #5811, .F. ) ;
#1256 = EDGE_CURVE ( 'NONE', #6791, #4236, #5141, .T. ) ;
#1257 = EDGE_LOOP ( 'NONE', ( #6490, #1265, #3826, #5234 ) ) ;
#1258 = CARTESIAN_POINT ( 'NONE',  ( 16.87815325949805612, 2.217442180532642304, -15.09673662329493382 ) ) ;
#1259 = CARTESIAN_POINT ( 'NONE',  ( 27.06995060876024439, -2.472942610053140200, -18.59965413419000058 ) ) ;
#1260 = LINE ( 'NONE', #1705, #3762 ) ;
#1261 = CARTESIAN_POINT ( 'NONE',  ( -45.80000000000000426, 26.26766923522773212, 13.25499871860576029 ) ) ;
#1262 = ADVANCED_FACE ( 'NONE', ( #1296 ), #719, .T. ) ;
#1263 = EDGE_LOOP ( 'NONE', ( #2514, #1991, #5980, #5398, #4394, #2312, #1994 ) ) ;
#1264 = DIRECTION ( 'NONE',  ( 1.000000000000000000, -0.000000000000000000, -0.000000000000000000 ) ) ;
#1265 = ORIENTED_EDGE ( 'NONE', *, *, #1889, .T. ) ;
#1266 = ADVANCED_FACE ( 'NONE', ( #754 ), #5112, .F. ) ;
#1267 = CARTESIAN_POINT ( 'NONE',  ( 33.58014036933801805, 23.49999999999999645, 11.25000000000000178 ) ) ;
#1268 = ORIENTED_EDGE ( 'NONE', *, *, #2710, .F. ) ;
#1269 = CARTESIAN_POINT ( 'NONE',  ( -45.80000000000000426, 30.00000000000000000, 16.24999999999999645 ) ) ;
#1270 = CARTESIAN_POINT ( 'NONE',  ( -20.24999999999999645, 53.24962998546039472, -12.86430641909863759 ) ) ;
#1271 = CARTESIAN_POINT ( 'NONE',  ( -47.24999999999999289, 2.799999999999993605, 12.00000000000000000 ) ) ;
#1272 = CARTESIAN_POINT ( 'NONE',  ( -20.62499999999999645, 3.499999999999995115, 31.24999999999999645 ) ) ;
#1273 = ORIENTED_EDGE ( 'NONE', *, *, #4532, .F. ) ;
#1274 = CARTESIAN_POINT ( 'NONE',  ( 25.13915266867851983, 49.68146486959625463, -19.50000000000000000 ) ) ;
#1275 = CARTESIAN_POINT ( 'NONE',  ( -16.75000000000000355, 49.20730756811189366, -15.23030697754665752 ) ) ;
#1276 = DIRECTION ( 'NONE',  ( 0.5575062645922724824, 0.7652335285740103910, 0.3218763919372469307 ) ) ;
#1277 = ORIENTED_EDGE ( 'NONE', *, *, #592, .F. ) ;
#1278 = DIRECTION ( 'NONE',  ( 0.9103664774429163220, -0.000000000000000000, -0.4138029443444982691 ) ) ;
#1279 = DIRECTION ( 'NONE',  ( 0.7071067811865471286, 0.7071067811865480168, 0.000000000000000000 ) ) ;
#1280 = B_SPLINE_CURVE_WITH_KNOTS ( 'NONE', 3,
 ( #14, #41, #2809, #5342, #145, #1714 ),
 .UNSPECIFIED., .F., .F.,
 ( 4, 2, 4 ),
 ( 0.000000000000000000, 0.0005401878783788605564, 0.001080375756757721113 ),
 .UNSPECIFIED. ) ;
#1281 = CARTESIAN_POINT ( 'NONE',  ( -48.00000000000001421, 30.00000000000000000, 12.50000000012629897 ) ) ;
#1282 = ORIENTED_EDGE ( 'NONE', *, *, #6607, .T. ) ;
#1283 = ORIENTED_EDGE ( 'NONE', *, *, #6017, .F. ) ;
#1284 = ADVANCED_FACE ( 'NONE', ( #1821 ), #3961, .T. ) ;
#1285 = ORIENTED_EDGE ( 'NONE', *, *, #2405, .F. ) ;
#1286 = DIRECTION ( 'NONE',  ( 0.9103664774429163220, 0.000000000000000000, -0.4138029443444982691 ) ) ;
#1287 = DIRECTION ( 'NONE',  ( -0.000000000000000000, -1.000000000000000000, -0.000000000000000000 ) ) ;
#1288 = SPHERICAL_SURFACE ( 'NONE', #1184, 0.5000000000000000000 ) ;
#1289 = LINE ( 'NONE', #5583, #190 ) ;
#1290 = EDGE_LOOP ( 'NONE', ( #851, #4393, #6568, #1072, #5959, #1144, #6837, #1183 ) ) ;
#1291 = LINE ( 'NONE', #4514, #5007 ) ;
#1292 = ORIENTED_EDGE ( 'NONE', *, *, #405, .T. ) ;
#1293 = AXIS2_PLACEMENT_3D ( 'NONE', #2061, #4207, #5829 ) ;
#1294 = CARTESIAN_POINT ( 'NONE',  ( 25.24999999999999645, 56.35001310958131882, -6.382352941176472783 ) ) ;
#1295 = ORIENTED_EDGE ( 'NONE', *, *, #4509, .T. ) ;
#1296 = FACE_OUTER_BOUND ( 'NONE', #734, .T. ) ;
#1297 = FACE_OUTER_BOUND ( 'NONE', #2742, .T. ) ;
#1298 = CARTESIAN_POINT ( 'NONE',  ( -20.25000000000000000, 53.17297553488451456, -12.86132486540614650 ) ) ;
#1299 = CIRCLE ( 'NONE', #4093, 1.749999999999999778 ) ;
#1300 = EDGE_CURVE ( 'NONE', #2236, #6438, #4028, .T. ) ;
#1301 = DIRECTION ( 'NONE',  ( 1.000000000000000000, -0.000000000000000000, 0.000000000000000000 ) ) ;
#1302 = AXIS2_PLACEMENT_3D ( 'NONE', #2381, #4966, #1779 ) ;
#1303 = VECTOR ( 'NONE', #3213, 1000.000000000000000 ) ;
#1304 = CARTESIAN_POINT ( 'NONE',  ( -45.80000000000001137, 5.299999999999993605, -7.500000000000001776 ) ) ;
#1305 = DIRECTION ( 'NONE',  ( 0.000000000000000000, 0.000000000000000000, -1.000000000000000000 ) ) ;
#1306 = AXIS2_PLACEMENT_3D ( 'NONE', #6624, #6921, #1559 ) ;
#1307 = CARTESIAN_POINT ( 'NONE',  ( 30.00000000000000000, 80.00000000000000000, 10.13416177882442959 ) ) ;
#1308 = ADVANCED_FACE ( 'NONE', ( #4688 ), #6765, .T. ) ;
#1309 = VECTOR ( 'NONE', #4147, 1000.000000000000000 ) ;
#1310 = CARTESIAN_POINT ( 'NONE',  ( -11.00000000000000355, 49.99999999999999289, -19.99999999999999645 ) ) ;
#1311 = ORIENTED_EDGE ( 'NONE', *, *, #1014, .T. ) ;
#1312 = DIRECTION ( 'NONE',  ( 0.000000000000000000, 1.000000000000000000, 0.000000000000000000 ) ) ;
#1313 = VECTOR ( 'NONE', #1328, 1000.000000000000000 ) ;
#1314 = FACE_OUTER_BOUND ( 'NONE', #6698, .T. ) ;
#1315 = CARTESIAN_POINT ( 'NONE',  ( -48.00000000000001421, 26.02525512873732083, -5.499999999873696588 ) ) ;
#1316 = CARTESIAN_POINT ( 'NONE',  ( -30.00000000000000000, 80.00000000000000000, 12.38416177882442426 ) ) ;
#1317 =( BOUNDED_CURVE ( )  B_SPLINE_CURVE ( 3, ( #6539, #2341, #267, #3875 ),
 .UNSPECIFIED., .F., .F. ) 
 B_SPLINE_CURVE_WITH_KNOTS ( ( 4, 4 ),
 ( 2.780225529683103325, 3.989654732571271900 ),
 .UNSPECIFIED. ) 
 CURVE ( )  GEOMETRIC_REPRESENTATION_ITEM ( )  RATIONAL_B_SPLINE_CURVE ( ( 1.000000000000000000, 0.8817762586720279128, 0.8817762586720279128, 1.000000000000000000 ) ) 
 REPRESENTATION_ITEM ( '' )  );
#1318 = AXIS2_PLACEMENT_3D ( 'NONE', #2794, #336, #3597 ) ;
#1319 = DIRECTION ( 'NONE',  ( 2.523234146875355308E-15, 0.000000000000000000, -1.000000000000000000 ) ) ;
#1320 = AXIS2_PLACEMENT_3D ( 'NONE', #2559, #3610, #4206 ) ;
#1321 = EDGE_CURVE ( 'NONE', #355, #4001, #907, .T. ) ;
#1322 = CARTESIAN_POINT ( 'NONE',  ( -49.96130913087034742, 27.53323500596182072, -8.476927309239682629 ) ) ;
#1323 = CARTESIAN_POINT ( 'NONE',  ( -16.75000000000000355, 2.475463011056697304, -15.45940107690107013 ) ) ;
#1324 = CIRCLE ( 'NONE', #5930, 0.5000000000000018874 ) ;
#1325 = LINE ( 'NONE', #2862, #3977 ) ;
#1326 = FACE_OUTER_BOUND ( 'NONE', #6426, .T. ) ;
#1327 = ORIENTED_EDGE ( 'NONE', *, *, #4405, .T. ) ;
#1328 = DIRECTION ( 'NONE',  ( 1.000000000000000000, -5.096924920788499719E-33, -6.938893903907228378E-16 ) ) ;
#1329 = ORIENTED_EDGE ( 'NONE', *, *, #6318, .F. ) ;
#1330 = AXIS2_PLACEMENT_3D ( 'NONE', #1574, #3301, #1095 ) ;
#1331 = CIRCLE ( 'NONE', #4687, 1.500000000000001332 ) ;
#1332 = DIRECTION ( 'NONE',  ( 0.000000000000000000, 0.000000000000000000, 1.000000000000000000 ) ) ;
#1333 = CARTESIAN_POINT ( 'NONE',  ( -49.74999999999999289, 39.11378996556253185, -0.3658382211755815128 ) ) ;
#1334 = FACE_OUTER_BOUND ( 'NONE', #1913, .T. ) ;
#1335 = DIRECTION ( 'NONE',  ( 0.000000000000000000, 1.000000000000000000, 0.000000000000000000 ) ) ;
#1336 = DIRECTION ( 'NONE',  ( 0.000000000000000000, 0.000000000000000000, 1.000000000000000000 ) ) ;
#1337 = AXIS2_PLACEMENT_3D ( 'NONE', #5377, #2621, #2099 ) ;
#1338 = ORIENTED_EDGE ( 'NONE', *, *, #2885, .F. ) ;
#1339 = ORIENTED_EDGE ( 'NONE', *, *, #2527, .F. ) ;
#1340 = CIRCLE ( 'NONE', #3808, 1.100000000000000311 ) ;
#1341 = LINE ( 'NONE', #1938, #1122 ) ;
#1342 = VERTEX_POINT ( 'NONE', #2515 ) ;
#1343 = DIRECTION ( 'NONE',  ( -1.000000000000000000, -0.000000000000000000, -0.000000000000000000 ) ) ;
#1344 = ORIENTED_EDGE ( 'NONE', *, *, #1137, .F. ) ;
#1345 = ADVANCED_FACE ( 'NONE', ( #5297 ), #460, .T. ) ;
#1346 = ADVANCED_FACE ( 'NONE', ( #4205 ), #2117, .T. ) ;
#1347 = CARTESIAN_POINT ( 'NONE',  ( 17.00000000000000355, 48.97576449542425081, -15.02638837486625611 ) ) ;
#1348 = PLANE ( 'NONE',  #6474 ) ;
#1349 = CYLINDRICAL_SURFACE ( 'NONE', #3542, 1.100000000000000311 ) ;
#1350 = ORIENTED_EDGE ( 'NONE', *, *, #4179, .T. ) ;
#1351 = DIRECTION ( 'NONE',  ( 0.000000000000000000, 0.9961946980917455452, 0.08715574274765836016 ) ) ;
#1352 = DIRECTION ( 'NONE',  ( 0.000000000000000000, 0.000000000000000000, -1.000000000000000000 ) ) ;
#1353 = DIRECTION ( 'NONE',  ( 1.000000000000000000, 0.000000000000000000, -1.284980352575412699E-16 ) ) ;
#1354 = FACE_OUTER_BOUND ( 'NONE', #1049, .T. ) ;
#1355 = DIRECTION ( 'NONE',  ( 1.000000000000000000, 0.000000000000000000, -6.938893903907228378E-16 ) ) ;
#1356 = ORIENTED_EDGE ( 'NONE', *, *, #6309, .F. ) ;
#1357 = CARTESIAN_POINT ( 'NONE',  ( 16.75000000000000000, 50.00000000000000000, -15.17072594216366177 ) ) ;
#1358 = ORIENTED_EDGE ( 'NONE', *, *, #3859, .T. ) ;
#1359 = DIRECTION ( 'NONE',  ( -0.8892053820944803011, -0.1933513365602816114, -0.4146432793432951458 ) ) ;
#1360 = CARTESIAN_POINT ( 'NONE',  ( -11.00000000000000355, 0.000000000000000000, 13.02627944162881946 ) ) ;
#1361 = ORIENTED_EDGE ( 'NONE', *, *, #5757, .T. ) ;
#1362 = CARTESIAN_POINT ( 'NONE',  ( -47.24999999999999289, 2.799999999999993605, -8.499999999999998224 ) ) ;
#1363 = CARTESIAN_POINT ( 'NONE',  ( 50.30852118026744790, 55.10841598391156992, -8.315019671602120965 ) ) ;
#1364 = DIRECTION ( 'NONE',  ( 1.000000000000000000, 0.000000000000000000, 0.000000000000000000 ) ) ;
#1365 = VERTEX_POINT ( 'NONE', #6792 ) ;
#1366 = ORIENTED_EDGE ( 'NONE', *, *, #721, .T. ) ;
#1367 = ORIENTED_EDGE ( 'NONE', *, *, #5110, .T. ) ;
#1368 = CARTESIAN_POINT ( 'NONE',  ( 11.00000000000000000, 7.661522800566597624, -5.598039215686275050 ) ) ;
#1369 = CARTESIAN_POINT ( 'NONE',  ( -16.75000000000000355, 2.252775734606960345, -15.65487003803511534 ) ) ;
#1370 = VERTEX_POINT ( 'NONE', #374 ) ;
#1371 = ADVANCED_FACE ( 'NONE', ( #4724 ), #2620, .T. ) ;
#1372 = DIRECTION ( 'NONE',  ( 0.000000000000000000, -0.000000000000000000, -1.000000000000000000 ) ) ;
#1373 = ORIENTED_EDGE ( 'NONE', *, *, #5728, .F. ) ;
#1374 = CARTESIAN_POINT ( 'NONE',  ( -40.24999999999999289, 5.299999999999993605, 14.50000000000000000 ) ) ;
#1375 = DIRECTION ( 'NONE',  ( 0.000000000000000000, 1.000000000000000000, 0.000000000000000000 ) ) ;
#1376 = ORIENTED_EDGE ( 'NONE', *, *, #5757, .F. ) ;
#1377 = ADVANCED_FACE ( 'NONE', ( #1464 ), #1996, .F. ) ;
#1378 = CARTESIAN_POINT ( 'NONE',  ( 16.75000000000000000, 49.45931019261534800, -15.68902234513799776 ) ) ;
#1379 = ORIENTED_EDGE ( 'NONE', *, *, #648, .T. ) ;
#1380 = APPLICATION_PROTOCOL_DEFINITION ( 'draft international standard', 'automotive_design', 1998, #32 ) ;
#1381 = DIRECTION ( 'NONE',  ( 0.000000000000000000, 0.000000000000000000, 1.000000000000000000 ) ) ;
#1382 = CARTESIAN_POINT ( 'NONE',  ( -45.80000000000000426, 30.00000000000000000, 13.25499871860576029 ) ) ;
#1383 = FACE_OUTER_BOUND ( 'NONE', #6352, .T. ) ;
#1384 = LINE ( 'NONE', #915, #5912 ) ;
#1385 = ORIENTED_EDGE ( 'NONE', *, *, #148, .T. ) ;
#1386 = DIRECTION ( 'NONE',  ( -0.8892053820944803011, -0.1933513365602816669, -0.4146432793432952568 ) ) ;
#1387 = ORIENTED_EDGE ( 'NONE', *, *, #2112, .T. ) ;
#1388 = ORIENTED_EDGE ( 'NONE', *, *, #2530, .F. ) ;
#1389 = ORIENTED_EDGE ( 'NONE', *, *, #2537, .T. ) ;
#1390 = DIRECTION ( 'NONE',  ( 0.000000000000000000, 0.000000000000000000, -1.000000000000000000 ) ) ;
#1391 =( BOUNDED_CURVE ( )  B_SPLINE_CURVE ( 3, ( #1124, #134, #6409, #2725 ),
 .UNSPECIFIED., .F., .F. ) 
 B_SPLINE_CURVE_WITH_KNOTS ( ( 4, 4 ),
 ( 3.693056221992128130, 4.014180671761121033 ),
 .UNSPECIFIED. ) 
 CURVE ( )  GEOMETRIC_REPRESENTATION_ITEM ( )  RATIONAL_B_SPLINE_CURVE ( ( 1.000000000000000000, 0.9914250364602233967, 0.9914250364602233967, 1.000000000000000000 ) ) 
 REPRESENTATION_ITEM ( '' )  );
#1392 = DIRECTION ( 'NONE',  ( 0.000000000000000000, 0.000000000000000000, -1.000000000000000000 ) ) ;
#1393 = CARTESIAN_POINT ( 'NONE',  ( -45.80000000000000426, 30.00000000000000000, 16.24999999999999645 ) ) ;
#1394 = EDGE_LOOP ( 'NONE', ( #2133, #2121, #6136, #3764 ) ) ;
#1395 = AXIS2_PLACEMENT_3D ( 'NONE', #6088, #5042, #1778 ) ;
#1396 = DIRECTION ( 'NONE',  ( 6.734020784570753041E-31, -1.000000000000000000, -2.668805347656626185E-16 ) ) ;
#1397 = ORIENTED_EDGE ( 'NONE', *, *, #2038, .F. ) ;
#1398 = LINE ( 'NONE', #1792, #3252 ) ;
#1399 = DIRECTION ( 'NONE',  ( 0.000000000000000000, 0.9063077870366484934, -0.4226182617407029385 ) ) ;
#1400 = VECTOR ( 'NONE', #4116, 1000.000000000000227 ) ;
#1401 = CARTESIAN_POINT ( 'NONE',  ( -10.74999999999998934, 23.49999999999999645, 13.75000000000000000 ) ) ;
#1402 = ORIENTED_EDGE ( 'NONE', *, *, #776, .F. ) ;
#1403 = CARTESIAN_POINT ( 'NONE',  ( -49.74999999999999289, 38.11378996556252474, 19.83261462722317603 ) ) ;
#1404 = EDGE_CURVE ( 'NONE', #6146, #6534, #3699, .T. ) ;
#1405 = VERTEX_POINT ( 'NONE', #493 ) ;
#1406 = VECTOR ( 'NONE', #4828, 1000.000000000000114 ) ;
#1407 = VECTOR ( 'NONE', #780, 1000.000000000000114 ) ;
#1408 = CARTESIAN_POINT ( 'NONE',  ( 16.83491363400481333, 49.71625821657249134, -15.58094356947215608 ) ) ;
#1409 = EDGE_CURVE ( 'NONE', #4090, #5649, #2802, .T. ) ;
#1410 = CYLINDRICAL_SURFACE ( 'NONE', #5924, 1.100000000000000311 ) ;
#1411 = VECTOR ( 'NONE', #6272, 1000.000000000000114 ) ;
#1412 = CIRCLE ( 'NONE', #2087, 0.5000000000000004441 ) ;
#1413 = DIRECTION ( 'NONE',  ( -1.000000000000000000, -0.000000000000000000, -0.000000000000000000 ) ) ;
#1414 = ORIENTED_EDGE ( 'NONE', *, *, #2158, .T. ) ;
#1415 = CARTESIAN_POINT ( 'NONE',  ( 16.83858412274868144, 49.76614860917367622, -15.72636549274464990 ) ) ;
#1416 = CIRCLE ( 'NONE', #2991, 1.100000000000000311 ) ;
#1417 = DIRECTION ( 'NONE',  ( -0.000000000000000000, 0.4226182617407011621, 0.9063077870366491595 ) ) ;
#1418 = CARTESIAN_POINT ( 'NONE',  ( -47.77545598432833884, 25.92108500309829111, -5.602065461555531201 ) ) ;
#1419 = DIRECTION ( 'NONE',  ( 0.000000000000000000, 0.000000000000000000, 1.000000000000000000 ) ) ;
#1420 = VERTEX_POINT ( 'NONE', #3116 ) ;
#1421 = DIRECTION ( 'NONE',  ( 0.000000000000000000, 0.000000000000000000, 1.000000000000000000 ) ) ;
#1422 = DIRECTION ( 'NONE',  ( -0.7020097385238760479, -0.5855849804740994591, 0.4053055115104995387 ) ) ;
#1423 = ORIENTED_EDGE ( 'NONE', *, *, #3101, .F. ) ;
#1424 = ADVANCED_FACE ( 'NONE', ( #3609 ), #4754, .F. ) ;
#1425 = ORIENTED_EDGE ( 'NONE', *, *, #6382, .T. ) ;
#1426 = EDGE_LOOP ( 'NONE', ( #2, #3915, #245, #3283, #5835, #6509 ) ) ;
#1427 = DIRECTION ( 'NONE',  ( -0.9063077870366510469, 0.000000000000000000, 0.4226182617406973319 ) ) ;
#1428 = VECTOR ( 'NONE', #3984, 999.9999999999998863 ) ;
#1429 = CARTESIAN_POINT ( 'NONE',  ( -41.50367965644036161, 16.49999999999999645, 18.44356294817775677 ) ) ;
#1430 = CARTESIAN_POINT ( 'NONE',  ( 28.02954940671658335, 5.267898715773061014, 13.33178631145696436 ) ) ;
#1431 = CIRCLE ( 'NONE', #4457, 1.749999999999999778 ) ;
#1432 = DIRECTION ( 'NONE',  ( 0.000000000000000000, -0.000000000000000000, 1.000000000000000000 ) ) ;
#1433 = DIRECTION ( 'NONE',  ( 1.000000000000000000, 0.000000000000000000, -1.095614826903587222E-15 ) ) ;
#1434 = VECTOR ( 'NONE', #1215, 1000.000000000000000 ) ;
#1435 = EDGE_CURVE ( 'NONE', #2385, #4236, #3538, .T. ) ;
#1436 = DIRECTION ( 'NONE',  ( 0.000000000000000000, 0.000000000000000000, -1.000000000000000000 ) ) ;
#1437 =( BOUNDED_CURVE ( )  B_SPLINE_CURVE ( 3, ( #5287, #3037, #450, #4193 ),
 .UNSPECIFIED., .F., .F. ) 
 B_SPLINE_CURVE_WITH_KNOTS ( ( 4, 4 ),
 ( 0.7751933734134842657, 0.9676844940538708029 ),
 .UNSPECIFIED. ) 
 CURVE ( )  GEOMETRIC_REPRESENTATION_ITEM ( )  RATIONAL_B_SPLINE_CURVE ( ( 1.000000000000000000, 0.9969146468320421173, 0.9969146468320421173, 1.000000000000000000 ) ) 
 REPRESENTATION_ITEM ( '' )  );
#1438 = CARTESIAN_POINT ( 'NONE',  ( -27.75000000000000000, 48.61378996556253185, -9.000000000000000000 ) ) ;
#1439 = DIRECTION ( 'NONE',  ( 0.000000000000000000, -0.08715574274766067775, 0.9961946980917453232 ) ) ;
#1440 = CIRCLE ( 'NONE', #4686, 1.500000000000001332 ) ;
#1441 = AXIS2_PLACEMENT_3D ( 'NONE', #1486, #5675, #875 ) ;
#1442 = LINE ( 'NONE', #3026, #3872 ) ;
#1443 = VERTEX_POINT ( 'NONE', #3011 ) ;
#1444 = EDGE_CURVE ( 'NONE', #6131, #3240, #5146, .T. ) ;
#1445 = CIRCLE ( 'NONE', #6716, 0.5000000000000000000 ) ;
#1446 = FACE_OUTER_BOUND ( 'NONE', #2673, .T. ) ;
#1447 = DIRECTION ( 'NONE',  ( -1.000000000000000000, 0.000000000000000000, 0.000000000000000000 ) ) ;
#1448 = VECTOR ( 'NONE', #4803, 1000.000000000000114 ) ;
#1449 = EDGE_CURVE ( 'NONE', #1545, #388, #2165, .T. ) ;
#1450 = ADVANCED_FACE ( 'NONE', ( #3292 ), #1087, .T. ) ;
#1451 = CARTESIAN_POINT ( 'NONE',  ( -47.24999999999999289, 27.25000000000000000, 15.50000000000000000 ) ) ;
#1452 = EDGE_CURVE ( 'NONE', #3614, #3230, #6926, .T. ) ;
#1453 = ORIENTED_EDGE ( 'NONE', *, *, #2319, .F. ) ;
#1454 = CARTESIAN_POINT ( 'NONE',  ( 31.40126358992356614, 25.99818445138070544, 13.61892334109949765 ) ) ;
#1455 = FACE_OUTER_BOUND ( 'NONE', #2164, .T. ) ;
#1456 = CARTESIAN_POINT ( 'NONE',  ( -48.00000000000001421, 26.02525512873732083, -5.499999999873696588 ) ) ;
#1457 = DIRECTION ( 'NONE',  ( 1.000000000000000000, -0.000000000000000000, 0.000000000000000000 ) ) ;
#1458 = CARTESIAN_POINT ( 'NONE',  ( -40.62499999999999289, 23.49999999999999645, 19.05598359285921717 ) ) ;
#1459 = ORIENTED_EDGE ( 'NONE', *, *, #4321, .F. ) ;
#1460 = DIRECTION ( 'NONE',  ( 1.067522139062650425E-16, 0.000000000000000000, -1.000000000000000000 ) ) ;
#1461 = ORIENTED_EDGE ( 'NONE', *, *, #2016, .F. ) ;
#1462 = FACE_OUTER_BOUND ( 'NONE', #5165, .T. ) ;
#1463 = ORIENTED_EDGE ( 'NONE', *, *, #4971, .T. ) ;
#1464 = FACE_OUTER_BOUND ( 'NONE', #6513, .T. ) ;
#1465 = CARTESIAN_POINT ( 'NONE',  ( -19.29821541160244180, 50.25624216134088584, -19.45048691167813004 ) ) ;
#1466 = CARTESIAN_POINT ( 'NONE',  ( -41.50367965644035451, 23.49999999999999645, 19.05598359285922072 ) ) ;
#1467 = EDGE_CURVE ( 'NONE', #4001, #355, #5819, .T. ) ;
#1468 = CARTESIAN_POINT ( 'NONE',  ( -48.00000000000001421, 30.00000000000000000, 12.50000000012629897 ) ) ;
#1469 = DIRECTION ( 'NONE',  ( -0.7071067811865463515, 0.6408563820557895419, -0.2988362387301209955 ) ) ;
#1470 = ADVANCED_FACE ( 'NONE', ( #5991, #2202, #2798, #2763 ), #1568, .F. ) ;
#1471 = VERTEX_POINT ( 'NONE', #5892 ) ;
#1472 = EDGE_CURVE ( 'NONE', #4722, #4751, #5, .T. ) ;
#1473 = CARTESIAN_POINT ( 'NONE',  ( -20.99999999999999645, 2.800000000000014477, -5.650000000000000355 ) ) ;
#1474 = ORIENTED_EDGE ( 'NONE', *, *, #3317, .F. ) ;
#1475 = CARTESIAN_POINT ( 'NONE',  ( 32.90455523973741947, 2.654555239737466987, 6.569869324574780123 ) ) ;
#1476 = DIRECTION ( 'NONE',  ( 0.000000000000000000, 0.000000000000000000, -1.000000000000000000 ) ) ;
#1477 = DIRECTION ( 'NONE',  ( 0.000000000000000000, 0.000000000000000000, 1.000000000000000000 ) ) ;
#1478 = ORIENTED_EDGE ( 'NONE', *, *, #4738, .F. ) ;
#1479 = CARTESIAN_POINT ( 'NONE',  ( 16.75000000000000000, 2.202792786380945778, -17.78138164872264682 ) ) ;
#1480 = EDGE_CURVE ( 'NONE', #4999, #3533, #4932, .T. ) ;
#1481 = FACE_OUTER_BOUND ( 'NONE', #441, .T. ) ;
#1482 = CARTESIAN_POINT ( 'NONE',  ( -25.13915266867853049, 0.000000000000000000, -19.49999999999999289 ) ) ;
#1483 = ORIENTED_EDGE ( 'NONE', *, *, #2886, .T. ) ;
#1484 = LINE ( 'NONE', #4191, #1169 ) ;
#1485 = ORIENTED_EDGE ( 'NONE', *, *, #6309, .T. ) ;
#1486 = CARTESIAN_POINT ( 'NONE',  ( -40.24999999999999289, 2.799999999999993605, 13.75000000000000000 ) ) ;
#1487 = DIRECTION ( 'NONE',  ( 1.067522139062650425E-16, 0.000000000000000000, -1.000000000000000000 ) ) ;
#1488 = ADVANCED_FACE ( 'NONE', ( #4334 ), #2656, .F. ) ;
#1489 = DIRECTION ( 'NONE',  ( -0.000000000000000000, -1.000000000000000000, -0.000000000000000000 ) ) ;
#1490 = LINE ( 'NONE', #977, #5223 ) ;
#1491 = VERTEX_POINT ( 'NONE', #5374 ) ;
#1492 = CARTESIAN_POINT ( 'NONE',  ( -30.00000000000000000, 30.00000000000000000, 10.13416177882442959 ) ) ;
#1493 = EDGE_CURVE ( 'NONE', #1342, #4740, #1331, .T. ) ;
#1494 = ORIENTED_EDGE ( 'NONE', *, *, #5811, .T. ) ;
#1495 = ORIENTED_EDGE ( 'NONE', *, *, #1321, .T. ) ;
#1496 = ORIENTED_EDGE ( 'NONE', *, *, #3080, .F. ) ;
#1497 = CARTESIAN_POINT ( 'NONE',  ( 17.25000000000000000, 48.77366487691966768, -17.40742459847948709 ) ) ;
#1498 = DIRECTION ( 'NONE',  ( 0.000000000000000000, 0.000000000000000000, -1.000000000000000000 ) ) ;
#1499 = FACE_OUTER_BOUND ( 'NONE', #1290, .T. ) ;
#1500 = CARTESIAN_POINT ( 'NONE',  ( 49.74999999999999289, 20.20710678118654968, -8.023773415721354496 ) ) ;
#1501 = DIRECTION ( 'NONE',  ( 0.000000000000000000, 0.000000000000000000, -1.000000000000000000 ) ) ;
#1502 = VERTEX_POINT ( 'NONE', #4370 ) ;
#1503 = CARTESIAN_POINT ( 'NONE',  ( 30.00000000000000000, 48.61378996556253185, 0.1341617788244223175 ) ) ;
#1504 = EDGE_CURVE ( 'NONE', #637, #4643, #1391, .T. ) ;
#1505 = ORIENTED_EDGE ( 'NONE', *, *, #4555, .T. ) ;
#1506 = LINE ( 'NONE', #1966, #6719 ) ;
#1507 = ORIENTED_EDGE ( 'NONE', *, *, #2592, .F. ) ;
#1508 = CYLINDRICAL_SURFACE ( 'NONE', #4252, 1.749999999999999778 ) ;
#1509 = EDGE_CURVE ( 'NONE', #5416, #4398, #898, .T. ) ;
#1510 = CARTESIAN_POINT ( 'NONE',  ( -20.25000000000000000, 30.00000000000000000, -9.250000000000000000 ) ) ;
#1511 = VECTOR ( 'NONE', #1229, 1000.000000000000000 ) ;
#1512 = CARTESIAN_POINT ( 'NONE',  ( 16.75000000000000711, 2.091337906840813776, -17.58833613528302919 ) ) ;
#1513 = EDGE_CURVE ( 'NONE', #2599, #2041, #6514, .T. ) ;
#1514 = CYLINDRICAL_SURFACE ( 'NONE', #6585, 0.4999999999999987232 ) ;
#1515 = VERTEX_POINT ( 'NONE', #3748 ) ;
#1516 = CIRCLE ( 'NONE', #5099, 11.00000000000000000 ) ;
#1517 = CARTESIAN_POINT ( 'NONE',  ( -50.24999999999999289, 55.03291721256735514, -8.023773415721354496 ) ) ;
#1518 = AXIS2_PLACEMENT_3D ( 'NONE', #777, #5061, #6717 ) ;
#1519 =( NAMED_UNIT ( * ) SI_UNIT ( $, .STERADIAN. ) SOLID_ANGLE_UNIT ( ) );
#1520 = VECTOR ( 'NONE', #6121, 1000.000000000000000 ) ;
#1521 = CYLINDRICAL_SURFACE ( 'NONE', #1441, 1.100000000000000311 ) ;
#1522 = DIRECTION ( 'NONE',  ( 0.000000000000000000, -0.000000000000000000, 1.000000000000000000 ) ) ;
#1523 = DIRECTION ( 'NONE',  ( 1.067522139062650425E-16, -0.000000000000000000, -1.000000000000000000 ) ) ;
#1524 = LINE ( 'NONE', #1627, #4548 ) ;
#1525 = EDGE_CURVE ( 'NONE', #4885, #5917, #6263, .T. ) ;
#1526 = VERTEX_POINT ( 'NONE', #5929 ) ;
#1527 = AXIS2_PLACEMENT_3D ( 'NONE', #4915, #4949, #3412 ) ;
#1528 = DIRECTION ( 'NONE',  ( -0.000000000000000000, 0.000000000000000000, 1.000000000000000000 ) ) ;
#1529 = ORIENTED_EDGE ( 'NONE', *, *, #3627, .F. ) ;
#1530 = ADVANCED_FACE ( 'NONE', ( #638 ), #1153, .F. ) ;
#1531 = VERTEX_POINT ( 'NONE', #1633 ) ;
#1532 = ORIENTED_EDGE ( 'NONE', *, *, #5910, .F. ) ;
#1533 = CARTESIAN_POINT ( 'NONE',  ( -49.74999999999999289, 0.000000000000000000, -8.023773415721354496 ) ) ;
#1534 = CARTESIAN_POINT ( 'NONE',  ( -40.62499999999999289, 16.49999999999999645, 18.44356294817775677 ) ) ;
#1535 = CIRCLE ( 'NONE', #2987, 2.250000000000001776 ) ;
#1536 = FACE_OUTER_BOUND ( 'NONE', #3688, .T. ) ;
#1537 = DIRECTION ( 'NONE',  ( 0.000000000000000000, 0.4226182617407086006, 0.9063077870366457178 ) ) ;
#1538 = ORIENTED_EDGE ( 'NONE', *, *, #3866, .F. ) ;
#1539 = CARTESIAN_POINT ( 'NONE',  ( -13.30000000000000249, 2.049834435136906219, 11.50000000012630608 ) ) ;
#1540 = ORIENTED_EDGE ( 'NONE', *, *, #377, .F. ) ;
#1541 = EDGE_CURVE ( 'NONE', #2003, #4368, #5408, .T. ) ;
#1542 = DIRECTION ( 'NONE',  ( -0.8892053820944804121, 0.1933513365602811396, 0.4146432793432953123 ) ) ;
#1543 = ORIENTED_EDGE ( 'NONE', *, *, #4080, .F. ) ;
#1544 = CARTESIAN_POINT ( 'NONE',  ( -42.12499999999999289, 14.99999999999999645, 31.24999999999999645 ) ) ;
#1545 = VERTEX_POINT ( 'NONE', #844 ) ;
#1546 = CARTESIAN_POINT ( 'NONE',  ( -16.75000000000000000, 48.72760184590718069, -17.50223930872526878 ) ) ;
#1547 = VERTEX_POINT ( 'NONE', #5004 ) ;
#1548 = CARTESIAN_POINT ( 'NONE',  ( -50.23857713254562896, 1.736488055012714415, -8.142564255376871785 ) ) ;
#1549 = CARTESIAN_POINT ( 'NONE',  ( 18.75000000000001776, 52.30294715411624651, -15.06131389042992730 ) ) ;
#1550 = AXIS2_PLACEMENT_3D ( 'NONE', #2997, #4575, #6230 ) ;
#1551 = DIRECTION ( 'NONE',  ( -1.000000000000000000, 0.000000000000000000, 0.000000000000000000 ) ) ;
#1552 = EDGE_CURVE ( 'NONE', #5518, #4952, #784, .T. ) ;
#1553 = EDGE_CURVE ( 'NONE', #6829, #2946, #3391, .T. ) ;
#1554 = CYLINDRICAL_SURFACE ( 'NONE', #305, 0.5000000000000000000 ) ;
#1555 = AXIS2_PLACEMENT_3D ( 'NONE', #4348, #3272, #6001 ) ;
#1556 = ORIENTED_EDGE ( 'NONE', *, *, #6008, .F. ) ;
#1557 = CARTESIAN_POINT ( 'NONE',  ( -20.00572918846630088, 53.12836261634380719, -13.29120471938729686 ) ) ;
#1558 = EDGE_CURVE ( 'NONE', #627, #3169, #18, .T. ) ;
#1559 = DIRECTION ( 'NONE',  ( 0.000000000000000000, 0.000000000000000000, -1.000000000000000000 ) ) ;
#1560 = CARTESIAN_POINT ( 'NONE',  ( -45.80000000000000426, 30.00000000000000000, -9.249999999999998224 ) ) ;
#1561 = AXIS2_PLACEMENT_3D ( 'NONE', #3370, #4062, #3994 ) ;
#1562 = CARTESIAN_POINT ( 'NONE',  ( 20.02214900970310296, 53.22864967571499761, -13.28356322678840407 ) ) ;
#1563 = DIRECTION ( 'NONE',  ( -1.000000000000000000, 0.000000000000000000, 0.000000000000000000 ) ) ;
#1564 = ORIENTED_EDGE ( 'NONE', *, *, #4919, .T. ) ;
#1565 = VERTEX_POINT ( 'NONE', #4479 ) ;
#1566 = ORIENTED_EDGE ( 'NONE', *, *, #2229, .T. ) ;
#1567 = CARTESIAN_POINT ( 'NONE',  ( 33.36320881812826400, 50.55547800693802429, -16.21674859589614925 ) ) ;
#1568 = PLANE ( 'NONE',  #2677 ) ;
#1569 = CARTESIAN_POINT ( 'NONE',  ( -32.64867785764667474, 51.26840963821098995, -16.54993985475756091 ) ) ;
#1570 = CARTESIAN_POINT ( 'NONE',  ( -30.00000000000000000, 33.50000000000000000, 13.88416177882442959 ) ) ;
#1571 = CARTESIAN_POINT ( 'NONE',  ( 50.24999999999999289, -9.746278703340096352E-16, -0.3658382211755867863 ) ) ;
#1572 = DIRECTION ( 'NONE',  ( -0.000000000000000000, -1.000000000000000000, -0.000000000000000000 ) ) ;
#1573 = ORIENTED_EDGE ( 'NONE', *, *, #2956, .F. ) ;
#1574 = CARTESIAN_POINT ( 'NONE',  ( 11.00000000000000000, 0.000000000000000000, 0.000000000000000000 ) ) ;
#1575 = ORIENTED_EDGE ( 'NONE', *, *, #4468, .F. ) ;
#1576 = DIRECTION ( 'NONE',  ( 0.000000000000000000, 0.4226182617407002184, 0.9063077870366494926 ) ) ;
#1577 = VERTEX_POINT ( 'NONE', #3951 ) ;
#1578 = CARTESIAN_POINT ( 'NONE',  ( -47.24999999999999289, 30.00000000000000000, -5.840909090825853411 ) ) ;
#1579 = DIRECTION ( 'NONE',  ( -0.000000000000000000, -0.000000000000000000, 1.000000000000000000 ) ) ;
#1580 = CARTESIAN_POINT ( 'NONE',  ( 0.000000000000000000, 33.50000000000000000, 0.000000000000000000 ) ) ;
#1581 = DIRECTION ( 'NONE',  ( 0.8660254037844415942, 0.000000000000000000, 0.4999999999999948930 ) ) ;
#1582 = ADVANCED_FACE ( 'NONE', ( #5579 ), #5613, .T. ) ;
#1583 = DIRECTION ( 'NONE',  ( 0.000000000000000000, 0.000000000000000000, -1.000000000000000000 ) ) ;
#1584 = EDGE_CURVE ( 'NONE', #2777, #1065, #817, .T. ) ;
#1585 = ORIENTED_EDGE ( 'NONE', *, *, #911, .F. ) ;
#1586 = LINE ( 'NONE', #4814, #83 ) ;
#1587 = VERTEX_POINT ( 'NONE', #3920 ) ;
#1588 = CARTESIAN_POINT ( 'NONE',  ( -45.80000000000000426, 2.799999999999993605, 13.75000000000000000 ) ) ;
#1589 = CARTESIAN_POINT ( 'NONE',  ( -16.75000000000000355, 49.62603263874967041, -16.06957242794099727 ) ) ;
#1590 = FACE_OUTER_BOUND ( 'NONE', #1933, .T. ) ;
#1591 = EDGE_CURVE ( 'NONE', #5475, #4559, #1656, .T. ) ;
#1592 = ADVANCED_FACE ( 'NONE', ( #6615 ), #4021, .T. ) ;
#1593 = CARTESIAN_POINT ( 'NONE',  ( 26.41985963066197840, 23.49999999999999645, 11.25000000000000178 ) ) ;
#1594 = VERTEX_POINT ( 'NONE', #3495 ) ;
#1595 = ORIENTED_EDGE ( 'NONE', *, *, #728, .T. ) ;
#1596 = CARTESIAN_POINT ( 'NONE',  ( 49.74999999999999289, 49.54684610648168075, -19.78869086912965614 ) ) ;
#1597 = ORIENTED_EDGE ( 'NONE', *, *, #1028, .F. ) ;
#1598 = ORIENTED_EDGE ( 'NONE', *, *, #3384, .T. ) ;
#1599 = DIRECTION ( 'NONE',  ( -1.000000000000000000, -0.000000000000000000, -0.000000000000000000 ) ) ;
#1600 = DIRECTION ( 'NONE',  ( 0.000000000000000000, -1.000000000000000000, 0.000000000000000000 ) ) ;
#1601 = DIRECTION ( 'NONE',  ( 0.000000000000000000, 0.000000000000000000, -1.000000000000000000 ) ) ;
#1602 = CARTESIAN_POINT ( 'NONE',  ( -45.80000000000000426, 28.23233076477226788, 13.25499871860576029 ) ) ;
#1603 = VERTEX_POINT ( 'NONE', #6169 ) ;
#1604 = CARTESIAN_POINT ( 'NONE',  ( 25.13915266867851628, 49.68146486959625463, -19.50000000000000000 ) ) ;
#1605 = ORIENTED_EDGE ( 'NONE', *, *, #3618, .F. ) ;
#1606 = CARTESIAN_POINT ( 'NONE',  ( -40.62499999999999289, 14.99999999999999645, 16.24999999999999645 ) ) ;
#1607 = EDGE_CURVE ( 'NONE', #1491, #5142, #5709, .T. ) ;
#1608 = VERTEX_POINT ( 'NONE', #1225 ) ;
#1609 = CARTESIAN_POINT ( 'NONE',  ( 33.52998369106662579, 3.681200712379129492, 11.40268472115108267 ) ) ;
#1610 = EDGE_LOOP ( 'NONE', ( #4044, #5145, #2364 ) ) ;
#1611 = CARTESIAN_POINT ( 'NONE',  ( -30.00000000000000000, 48.61378996556253185, 41.00000000000000000 ) ) ;
#1612 = CIRCLE ( 'NONE', #4741, 0.5000000000000000000 ) ;
#1613 = DIRECTION ( 'NONE',  ( 1.067522139062650425E-16, -0.000000000000000000, -1.000000000000000000 ) ) ;
#1614 = VERTEX_POINT ( 'NONE', #4437 ) ;
#1615 = VERTEX_POINT ( 'NONE', #5644 ) ;
#1616 = CARTESIAN_POINT ( 'NONE',  ( -17.25000000000000000, 50.00000000000000000, -17.69059892324148819 ) ) ;
#1617 =( BOUNDED_CURVE ( )  B_SPLINE_CURVE ( 3, ( #5595, #767, #3485, #1936 ),
 .UNSPECIFIED., .F., .F. ) 
 B_SPLINE_CURVE_WITH_KNOTS ( ( 4, 4 ),
 ( 4.712388980384689674, 5.979712372826901046 ),
 .UNSPECIFIED. ) 
 CURVE ( )  GEOMETRIC_REPRESENTATION_ITEM ( )  RATIONAL_B_SPLINE_CURVE ( ( 1.000000000000000000, 0.8705765513206433770, 0.8705765513206433770, 1.000000000000000000 ) ) 
 REPRESENTATION_ITEM ( '' )  );
#1618 = EDGE_CURVE ( 'NONE', #6862, #1545, #5975, .T. ) ;
#1619 = LINE ( 'NONE', #5316, #2434 ) ;
#1620 = EDGE_LOOP ( 'NONE', ( #3957, #3815, #1566, #1817, #1097 ) ) ;
#1621 = AXIS2_PLACEMENT_3D ( 'NONE', #4795, #6482, #5932 ) ;
#1622 = DIRECTION ( 'NONE',  ( -1.000000000000000000, 0.000000000000000000, 0.000000000000000000 ) ) ;
#1623 = CARTESIAN_POINT ( 'NONE',  ( -17.00000000000000711, 48.97576449542425081, -15.02638837486625256 ) ) ;
#1624 = DIRECTION ( 'NONE',  ( -0.000000000000000000, -0.000000000000000000, 1.000000000000000000 ) ) ;
#1625 = CIRCLE ( 'NONE', #758, 1.749999999999999778 ) ;
#1626 = ORIENTED_EDGE ( 'NONE', *, *, #2925, .T. ) ;
#1627 = CARTESIAN_POINT ( 'NONE',  ( -45.80000000000001137, 30.00000000000000000, -6.499999999999997335 ) ) ;
#1628 = CARTESIAN_POINT ( 'NONE',  ( -48.00000000000001421, 11.79999999999999538, 12.50000000012629897 ) ) ;
#1629 = VECTOR ( 'NONE', #1637, 1000.000000000000000 ) ;
#1630 = VECTOR ( 'NONE', #1413, 1000.000000000000000 ) ;
#1631 = EDGE_LOOP ( 'NONE', ( #2699, #4454, #6762, #833 ) ) ;
#1632 = ORIENTED_EDGE ( 'NONE', *, *, #2418, .F. ) ;
#1633 = CARTESIAN_POINT ( 'NONE',  ( 32.64867785764666053, 51.26840963821101127, -16.54993985475755736 ) ) ;
#1634 = LINE ( 'NONE', #5410, #1648 ) ;
#1635 = DIRECTION ( 'NONE',  ( 1.067522139062650425E-16, -0.000000000000000000, -1.000000000000000000 ) ) ;
#1636 = AXIS2_PLACEMENT_3D ( 'NONE', #5979, #4876, #124 ) ;
#1637 = DIRECTION ( 'NONE',  ( -0.000000000000000000, -1.000000000000000000, -0.000000000000000000 ) ) ;
#1638 = EDGE_CURVE ( 'NONE', #1151, #6665, #5527, .T. ) ;
#1639 = DIRECTION ( 'NONE',  ( 1.000000000000000000, 0.000000000000000000, 0.000000000000000000 ) ) ;
#1640 = EDGE_CURVE ( 'NONE', #4308, #3218, #5067, .T. ) ;
#1641 = CARTESIAN_POINT ( 'NONE',  ( -18.75000000000001776, 0.000000000000000000, -18.38752234830017684 ) ) ;
#1642 = AXIS2_PLACEMENT_3D ( 'NONE', #4200, #6731, #5683 ) ;
#1643 = ORIENTED_EDGE ( 'NONE', *, *, #2780, .T. ) ;
#1644 = CARTESIAN_POINT ( 'NONE',  ( -47.24999999999999289, 2.799999999999993605, 13.75000000000000000 ) ) ;
#1645 = CARTESIAN_POINT ( 'NONE',  ( -20.62499999999999645, 3.499999999999995115, 17.30621032234073553 ) ) ;
#1646 = DIRECTION ( 'NONE',  ( -1.000000000000000000, -0.000000000000000000, -0.000000000000000000 ) ) ;
#1647 = CARTESIAN_POINT ( 'NONE',  ( 17.00000000000000000, 48.33917413069173818, -18.12361162513370871 ) ) ;
#1648 = VECTOR ( 'NONE', #639, 1000.000000000000000 ) ;
#1649 = DIRECTION ( 'NONE',  ( 0.000000000000000000, 0.000000000000000000, -1.000000000000000000 ) ) ;
#1650 = AXIS2_PLACEMENT_3D ( 'NONE', #5321, #94, #2686 ) ;
#1651 = CARTESIAN_POINT ( 'NONE',  ( -13.30000000000000426, 2.800000000000014477, -7.850000000000001421 ) ) ;
#1652 = DIRECTION ( 'NONE',  ( -1.000000000000000000, -0.000000000000000000, -0.000000000000000000 ) ) ;
#1653 = ORIENTED_EDGE ( 'NONE', *, *, #2166, .T. ) ;
#1654 = AXIS2_PLACEMENT_3D ( 'NONE', #6865, #5115, #2975 ) ;
#1655 = CARTESIAN_POINT ( 'NONE',  ( -40.62499999999999289, 16.49999999999999645, 31.24999999999999645 ) ) ;
#1656 =( BOUNDED_CURVE ( )  B_SPLINE_CURVE ( 3, ( #1774, #1258, #2408, #1878 ),
 .UNSPECIFIED., .F., .F. ) 
 B_SPLINE_CURVE_WITH_KNOTS ( ( 4, 4 ),
 ( 2.293530574608306338, 3.502959777496497562 ),
 .UNSPECIFIED. ) 
 CURVE ( )  GEOMETRIC_REPRESENTATION_ITEM ( )  RATIONAL_B_SPLINE_CURVE ( ( 1.000000000000000000, 0.8817762586720236939, 0.8817762586720236939, 1.000000000000000000 ) ) 
 REPRESENTATION_ITEM ( '' )  );
#1657 = ORIENTED_EDGE ( 'NONE', *, *, #3202, .T. ) ;
#1658 = EDGE_CURVE ( 'NONE', #5215, #1365, #3361, .T. ) ;
#1659 = EDGE_CURVE ( 'NONE', #1785, #1547, #4508, .T. ) ;
#1660 = CARTESIAN_POINT ( 'NONE',  ( -47.51988466034621439, 25.87253286453394097, 12.66476657565400643 ) ) ;
#1661 = VECTOR ( 'NONE', #4241, 1000.000000000000000 ) ;
#1662 = AXIS2_PLACEMENT_3D ( 'NONE', #2508, #3069, #4127 ) ;
#1663 = DIRECTION ( 'NONE',  ( -1.000000000000000000, 0.000000000000000000, 0.000000000000000000 ) ) ;
#1664 = ORIENTED_EDGE ( 'NONE', *, *, #254, .F. ) ;
#1665 = CARTESIAN_POINT ( 'NONE',  ( -50.24999999999999289, 38.11378996556252474, 19.83261462722317603 ) ) ;
#1666 = ORIENTED_EDGE ( 'NONE', *, *, #1449, .T. ) ;
#1667 = AXIS2_PLACEMENT_3D ( 'NONE', #5310, #4805, #2631 ) ;
#1668 = VERTEX_POINT ( 'NONE', #6853 ) ;
#1669 = CARTESIAN_POINT ( 'NONE',  ( -20.62499999999999645, 24.99999999999999645, 16.24999999999999645 ) ) ;
#1670 = EDGE_CURVE ( 'NONE', #1799, #2145, #6041, .T. ) ;
#1671 = CARTESIAN_POINT ( 'NONE',  ( 50.10355339059327662, 19.85355339059328372, 18.73696085238359288 ) ) ;
#1672 = DIRECTION ( 'NONE',  ( 0.000000000000000000, 0.000000000000000000, 1.000000000000000000 ) ) ;
#1673 = CARTESIAN_POINT ( 'NONE',  ( -19.14180581244563228, 0.5224077499274837333, -19.36018378750110003 ) ) ;
#1674 = VECTOR ( 'NONE', #931, 1000.000000000000000 ) ;
#1675 = EDGE_CURVE ( 'NONE', #4684, #4280, #445, .T. ) ;
#1676 = DIRECTION ( 'NONE',  ( -1.000000000000000000, 0.000000000000000000, 6.938893903907227392E-16 ) ) ;
#1677 = CARTESIAN_POINT ( 'NONE',  ( -16.75000000000000355, 2.471402701203846419, -15.45940107675847131 ) ) ;
#1678 = EDGE_LOOP ( 'NONE', ( #803, #4250, #2399, #4 ) ) ;
#1679 = CARTESIAN_POINT ( 'NONE',  ( 30.99408951221001018, 5.299999999999993605, 13.75000000000000000 ) ) ;
#1680 = ORIENTED_EDGE ( 'NONE', *, *, #2139, .F. ) ;
#1681 = DIRECTION ( 'NONE',  ( -1.000000000000000000, 0.000000000000000000, 0.000000000000000000 ) ) ;
#1682 = DIRECTION ( 'NONE',  ( -0.000000000000000000, 0.000000000000000000, 1.000000000000000000 ) ) ;
#1683 = ADVANCED_FACE ( 'NONE', ( #3600 ), #1521, .F. ) ;
#1684 = DIRECTION ( 'NONE',  ( 0.000000000000000000, -0.000000000000000000, -1.000000000000000000 ) ) ;
#1685 = ORIENTED_EDGE ( 'NONE', *, *, #3569, .F. ) ;
#1686 = EDGE_CURVE ( 'NONE', #4094, #1903, #2225, .T. ) ;
#1687 = CARTESIAN_POINT ( 'NONE',  ( 18.94608908242356193, 50.35104261593296116, -19.24718668073794703 ) ) ;
#1688 = CARTESIAN_POINT ( 'NONE',  ( 50.24999999999999289, 25.99999999999999645, 19.06680735622922640 ) ) ;
#1689 = CYLINDRICAL_SURFACE ( 'NONE', #1636, 1.100000000000000311 ) ;
#1690 = ORIENTED_EDGE ( 'NONE', *, *, #3867, .F. ) ;
#1691 = CARTESIAN_POINT ( 'NONE',  ( -16.75000000000000000, 48.33917413069173108, -17.69059892324148819 ) ) ;
#1692 = EDGE_CURVE ( 'NONE', #1502, #3608, #437, .T. ) ;
#1693 = ORIENTED_EDGE ( 'NONE', *, *, #2158, .F. ) ;
#1694 = ORIENTED_EDGE ( 'NONE', *, *, #1814, .T. ) ;
#1695 = CARTESIAN_POINT ( 'NONE',  ( -17.25000000000000000, 48.77366487691966057, -17.40742459847947998 ) ) ;
#1696 = LINE ( 'NONE', #3840, #6556 ) ;
#1697 = ORIENTED_EDGE ( 'NONE', *, *, #809, .F. ) ;
#1698 = CARTESIAN_POINT ( 'NONE',  ( -47.24999999999999289, 0.000000000000000000, 0.000000000000000000 ) ) ;
#1699 = EDGE_CURVE ( 'NONE', #6335, #4562, #5381, .T. ) ;
#1700 = VERTEX_POINT ( 'NONE', #2050 ) ;
#1701 = ORIENTED_EDGE ( 'NONE', *, *, #2714, .T. ) ;
#1702 = ADVANCED_FACE ( 'NONE', ( #1455 ), #4714, .F. ) ;
#1703 = DIRECTION ( 'NONE',  ( 1.067522139062650425E-16, -0.000000000000000000, -1.000000000000000000 ) ) ;
#1704 = DIRECTION ( 'NONE',  ( 0.000000000000000000, -1.000000000000000000, 0.000000000000000000 ) ) ;
#1705 = CARTESIAN_POINT ( 'NONE',  ( -12.30000000000000604, 30.00000000000000000, 11.03369234197131377 ) ) ;
#1706 = EDGE_CURVE ( 'NONE', #1526, #1201, #2346, .T. ) ;
#1707 = DIRECTION ( 'NONE',  ( 0.000000000000000000, 0.000000000000000000, 1.000000000000000000 ) ) ;
#1708 = ORIENTED_EDGE ( 'NONE', *, *, #3896, .T. ) ;
#1709 = CYLINDRICAL_SURFACE ( 'NONE', #3332, 0.4999999999999987232 ) ;
#1710 = EDGE_CURVE ( 'NONE', #1808, #4379, #4352, .T. ) ;
#1711 = FACE_OUTER_BOUND ( 'NONE', #3924, .T. ) ;
#1712 = EDGE_CURVE ( 'NONE', #133, #997, #3465, .T. ) ;
#1713 = VERTEX_POINT ( 'NONE', #3036 ) ;
#1714 = CARTESIAN_POINT ( 'NONE',  ( -49.96130913087034742, 27.53323500596182072, -8.476927309239682629 ) ) ;
#1715 = DIRECTION ( 'NONE',  ( 0.000000000000000000, 0.4226182617407002740, 0.9063077870366496036 ) ) ;
#1716 = CARTESIAN_POINT ( 'NONE',  ( 25.25000000000000000, 0.000000000000000000, -19.99999999999999289 ) ) ;
#1717 = FACE_OUTER_BOUND ( 'NONE', #4788, .T. ) ;
#1718 = EDGE_CURVE ( 'NONE', #5002, #3624, #1009, .T. ) ;
#1719 = DIRECTION ( 'NONE',  ( 0.000000000000000000, -1.000000000000000000, 0.000000000000000000 ) ) ;
#1720 = CARTESIAN_POINT ( 'NONE',  ( -40.62499999999999289, 4.999999999999996447, 31.24999999999999645 ) ) ;
#1721 = CARTESIAN_POINT ( 'NONE',  ( 30.00000000000000000, 0.000000000000000000, 10.13416177882442959 ) ) ;
#1722 = ORIENTED_EDGE ( 'NONE', *, *, #4075, .F. ) ;
#1723 = CARTESIAN_POINT ( 'NONE',  ( 32.31443879079553483, 21.08493930325883170, 13.09224003263528324 ) ) ;
#1724 = ORIENTED_EDGE ( 'NONE', *, *, #2907, .F. ) ;
#1725 = FACE_OUTER_BOUND ( 'NONE', #1620, .T. ) ;
#1726 = TOROIDAL_SURFACE ( 'NONE', #4986, 1.000000000000000000, 0.5000000000000000000 ) ;
#1727 = PLANE ( 'NONE',  #2310 ) ;
#1728 = ADVANCED_FACE ( 'NONE', ( #1985 ), #5286, .T. ) ;
#1729 = ORIENTED_EDGE ( 'NONE', *, *, #5191, .F. ) ;
#1730 = FACE_BOUND ( 'NONE', #2823, .T. ) ;
#1731 = ORIENTED_EDGE ( 'NONE', *, *, #1811, .T. ) ;
#1732 = ORIENTED_EDGE ( 'NONE', *, *, #1607, .F. ) ;
#1733 = CARTESIAN_POINT ( 'NONE',  ( 16.75000000000000000, 2.207106781186560340, -17.31737279928379181 ) ) ;
#1734 = DIRECTION ( 'NONE',  ( 1.000000000000000000, 0.000000000000000000, 0.000000000000000000 ) ) ;
#1735 = DIRECTION ( 'NONE',  ( 0.9458518606006282026, 0.000000000000000000, 0.3245986102840391352 ) ) ;
#1736 = DIRECTION ( 'NONE',  ( 1.067522139062650425E-16, -0.000000000000000000, -1.000000000000000000 ) ) ;
#1737 = EDGE_CURVE ( 'NONE', #1065, #2154, #4635, .T. ) ;
#1738 = AXIS2_PLACEMENT_3D ( 'NONE', #3286, #1663, #5434 ) ;
#1739 = DIRECTION ( 'NONE',  ( -0.7020097385238772691, 0.5855849804740975717, -0.4053055115105004824 ) ) ;
#1740 = PRESENTATION_LAYER_ASSIGNMENT (  '', '', ( #5459 ) ) ;
#1741 = CARTESIAN_POINT ( 'NONE',  ( -47.24999999999999289, 4.295344013549025064, -5.840909090825853411 ) ) ;
#1742 = VERTEX_POINT ( 'NONE', #2445 ) ;
#1743 = CARTESIAN_POINT ( 'NONE',  ( 32.98244985357987957, 4.918996526344773912, 12.41434640843181469 ) ) ;
#1744 = ORIENTED_EDGE ( 'NONE', *, *, #4135, .T. ) ;
#1745 = CARTESIAN_POINT ( 'NONE',  ( -50.24999999999999289, 38.11378996556252474, 20.33261462722317603 ) ) ;
#1746 = CIRCLE ( 'NONE', #5345, 1.749999999999999778 ) ;
#1747 = VECTOR ( 'NONE', #4261, 1000.000000000000000 ) ;
#1748 = EDGE_CURVE ( 'NONE', #1587, #2937, #2897, .T. ) ;
#1749 = CARTESIAN_POINT ( 'NONE',  ( 26.41985963066197840, 2.799999999999993605, 11.25000000000000000 ) ) ;
#1750 = DIRECTION ( 'NONE',  ( 0.000000000000000000, 0.000000000000000000, -1.000000000000000000 ) ) ;
#1751 = CARTESIAN_POINT ( 'NONE',  ( 50.10355339059327662, 19.85355339059328372, 18.73696085238359288 ) ) ;
#1752 = DIRECTION ( 'NONE',  ( -0.000000000000000000, 1.000000000000000000, 0.000000000000000000 ) ) ;
#1753 = EDGE_CURVE ( 'NONE', #3972, #2589, #5491, .T. ) ;
#1754 = CARTESIAN_POINT ( 'NONE',  ( -45.80000000000000426, 30.00000000000000000, 13.25499871860576029 ) ) ;
#1755 = CARTESIAN_POINT ( 'NONE',  ( 16.75000000000000000, 2.207106781321896083, -17.38248061169176850 ) ) ;
#1756 = EDGE_LOOP ( 'NONE', ( #2587, #4721, #1680 ) ) ;
#1757 = ADVANCED_FACE ( 'NONE', ( #6196 ), #3525, .F. ) ;
#1758 = DIRECTION ( 'NONE',  ( 0.000000000000000000, 0.000000000000000000, 1.000000000000000000 ) ) ;
#1759 = VECTOR ( 'NONE', #5893, 1000.000000000000000 ) ;
#1760 = ORIENTED_EDGE ( 'NONE', *, *, #281, .F. ) ;
#1761 = EDGE_CURVE ( 'NONE', #368, #4613, #449, .T. ) ;
#1762 = EDGE_CURVE ( 'NONE', #5373, #5937, #467, .T. ) ;
#1763 = CARTESIAN_POINT ( 'NONE',  ( -18.82229303635613604, 52.48898899327897993, -14.66234587884109075 ) ) ;
#1764 = CIRCLE ( 'NONE', #5702, 2.249999999999998668 ) ;
#1765 = ORIENTED_EDGE ( 'NONE', *, *, #1509, .F. ) ;
#1766 = ADVANCED_FACE ( 'NONE', ( #4846 ), #598, .F. ) ;
#1767 = DIRECTION ( 'NONE',  ( -0.000000000000000000, -1.000000000000000000, -0.000000000000000000 ) ) ;
#1768 = AXIS2_PLACEMENT_3D ( 'NONE', #159, #1803, #3352 ) ;
#1769 = DIRECTION ( 'NONE',  ( -0.9063077870366513800, -0.000000000000000000, 0.4226182617406962772 ) ) ;
#1770 = VERTEX_POINT ( 'NONE', #3703 ) ;
#1771 = CARTESIAN_POINT ( 'NONE',  ( -16.75000000000000000, 2.207106781186570554, -17.31737279928379891 ) ) ;
#1772 = ORIENTED_EDGE ( 'NONE', *, *, #2254, .F. ) ;
#1773 = ORIENTED_EDGE ( 'NONE', *, *, #6421, .F. ) ;
#1774 = CARTESIAN_POINT ( 'NONE',  ( 17.00000000000000355, 2.664213562373112687, -15.02638837486625611 ) ) ;
#1775 = AXIS2_PLACEMENT_3D ( 'NONE', #5220, #2560, #4035 ) ;
#1776 = VECTOR ( 'NONE', #1840, 1000.000000000000000 ) ;
#1777 = FACE_OUTER_BOUND ( 'NONE', #2045, .T. ) ;
#1778 = DIRECTION ( 'NONE',  ( 0.000000000000000000, 0.000000000000000000, 1.000000000000000000 ) ) ;
#1779 = DIRECTION ( 'NONE',  ( 0.000000000000000000, 0.000000000000000000, -1.000000000000000000 ) ) ;
#1780 = ORIENTED_EDGE ( 'NONE', *, *, #1240, .T. ) ;
#1781 = LINE ( 'NONE', #244, #2544 ) ;
#1782 = AXIS2_PLACEMENT_3D ( 'NONE', #255, #5559, #768 ) ;
#1783 = ORIENTED_EDGE ( 'NONE', *, *, #3723, .T. ) ;
#1784 = ORIENTED_EDGE ( 'NONE', *, *, #4140, .T. ) ;
#1785 = VERTEX_POINT ( 'NONE', #1560 ) ;
#1786 = CARTESIAN_POINT ( 'NONE',  ( 16.75000000000000000, 2.207106781413279872, -15.72352181564445139 ) ) ;
#1787 = FACE_OUTER_BOUND ( 'NONE', #6284, .T. ) ;
#1788 = AXIS2_PLACEMENT_3D ( 'NONE', #4182, #2600, #5274 ) ;
#1789 = DIRECTION ( 'NONE',  ( 0.000000000000000000, -1.000000000000000000, 0.000000000000000000 ) ) ;
#1790 = DIRECTION ( 'NONE',  ( -0.7071067811865465735, 0.7071067811865484609, 0.000000000000000000 ) ) ;
#1791 = VERTEX_POINT ( 'NONE', #4459 ) ;
#1792 = CARTESIAN_POINT ( 'NONE',  ( -40.62499999999999289, 3.499999999999995115, 31.24999999999999645 ) ) ;
#1793 = LINE ( 'NONE', #4418, #1227 ) ;
#1794 = CARTESIAN_POINT ( 'NONE',  ( -12.64324810886518158, 2.364759318703649082, 11.19375156378236191 ) ) ;
#1795 = EDGE_LOOP ( 'NONE', ( #6628, #6666 ) ) ;
#1796 = B_SPLINE_CURVE_WITH_KNOTS ( 'NONE', 3,
 ( #6247, #953, #3613, #4176 ),
 .UNSPECIFIED., .F., .F.,
 ( 4, 4 ),
 ( 0.000000000000000000, 0.0005436884609302226629 ),
 .UNSPECIFIED. ) ;
#1797 = EDGE_CURVE ( 'NONE', #2154, #2003, #1793, .T. ) ;
#1798 = CARTESIAN_POINT ( 'NONE',  ( -49.74999999999999289, 55.03291721256736224, -8.023773415721356272 ) ) ;
#1799 = VERTEX_POINT ( 'NONE', #4292 ) ;
#1800 = EDGE_CURVE ( 'NONE', #4322, #3169, #3899, .T. ) ;
#1801 = CARTESIAN_POINT ( 'NONE',  ( 31.19853516187373899, 20.99999999999998934, 13.69379248635698332 ) ) ;
#1802 = VERTEX_POINT ( 'NONE', #5400 ) ;
#1803 = DIRECTION ( 'NONE',  ( 1.000000000000000000, -0.000000000000000000, 0.000000000000000000 ) ) ;
#1804 = DIRECTION ( 'NONE',  ( 0.000000000000000000, -0.08715574274765836016, 0.9961946980917455452 ) ) ;
#1805 =( BOUNDED_CURVE ( )  B_SPLINE_CURVE ( 3, ( #2161, #3173, #3144, #521 ),
 .UNSPECIFIED., .F., .F. ) 
 B_SPLINE_CURVE_WITH_KNOTS ( ( 4, 4 ),
 ( 5.435123228198101231, 6.283185307179586232 ),
 .UNSPECIFIED. ) 
 CURVE ( )  GEOMETRIC_REPRESENTATION_ITEM ( )  RATIONAL_B_SPLINE_CURVE ( ( 1.000000000000000000, 0.9409585518440978236, 0.9409585518440978236, 1.000000000000000000 ) ) 
 REPRESENTATION_ITEM ( '' )  );
#1806 = ORIENTED_EDGE ( 'NONE', *, *, #5706, .F. ) ;
#1807 = FACE_BOUND ( 'NONE', #93, .T. ) ;
#1808 = VERTEX_POINT ( 'NONE', #1242 ) ;
#1809 = ORIENTED_EDGE ( 'NONE', *, *, #87, .T. ) ;
#1810 = CARTESIAN_POINT ( 'NONE',  ( -26.25000000000000000, 48.61378996556253185, -19.53369234184500769 ) ) ;
#1811 = EDGE_CURVE ( 'NONE', #1213, #6438, #2157, .T. ) ;
#1812 = ORIENTED_EDGE ( 'NONE', *, *, #168, .F. ) ;
#1813 = CARTESIAN_POINT ( 'NONE',  ( -40.24999999999999289, 2.799999999999993605, 13.75000000000000000 ) ) ;
#1814 = EDGE_CURVE ( 'NONE', #4290, #2082, #225, .T. ) ;
#1815 = CARTESIAN_POINT ( 'NONE',  ( 26.71859910931728521, 50.43008098558468077, -19.07768835003410857 ) ) ;
#1816 = CARTESIAN_POINT ( 'NONE',  ( -10.74999999999998934, 0.000000000000000000, 11.25000000000000000 ) ) ;
#1817 = ORIENTED_EDGE ( 'NONE', *, *, #1737, .F. ) ;
#1818 = CARTESIAN_POINT ( 'NONE',  ( -45.80000000000001137, 3.871214264281428008, -6.499999999999997335 ) ) ;
#1819 = ORIENTED_EDGE ( 'NONE', *, *, #5051, .T. ) ;
#1820 = DIRECTION ( 'NONE',  ( 1.000000000000000000, 0.000000000000000000, 0.000000000000000000 ) ) ;
#1821 = FACE_OUTER_BOUND ( 'NONE', #4696, .T. ) ;
#1822 = CARTESIAN_POINT ( 'NONE',  ( -50.25000000000000000, 58.60387103943875076, 0.1341617788244209020 ) ) ;
#1823 = LINE ( 'NONE', #2423, #4908 ) ;
#1824 = DIRECTION ( 'NONE',  ( 0.000000000000000000, -1.000000000000000000, 0.000000000000000000 ) ) ;
#1825 = EDGE_LOOP ( 'NONE', ( #4761, #178, #3433, #5814, #5357 ) ) ;
#1826 = EDGE_LOOP ( 'NONE', ( #1886, #4930, #2630, #4503 ) ) ;
#1827 = LINE ( 'NONE', #5056, #6381 ) ;
#1828 = CARTESIAN_POINT ( 'NONE',  ( 26.41985963066197840, 23.49999999999999645, 11.25000000000000178 ) ) ;
#1829 = CARTESIAN_POINT ( 'NONE',  ( -47.24999999999999289, 2.799999999999993605, -6.749999999999998224 ) ) ;
#1830 = CARTESIAN_POINT ( 'NONE',  ( 16.75000000000000000, 2.207106781186561228, -17.31737279928379181 ) ) ;
#1831 = VERTEX_POINT ( 'NONE', #1075 ) ;
#1832 = EDGE_CURVE ( 'NONE', #6504, #1799, #484, .T. ) ;
#1833 = CYLINDRICAL_SURFACE ( 'NONE', #1970, 1.500000000000001332 ) ;
#1834 = ORIENTED_EDGE ( 'NONE', *, *, #1452, .F. ) ;
#1835 = LINE ( 'NONE', #1873, #893 ) ;
#1836 = EDGE_CURVE ( 'NONE', #4377, #5972, #2389, .T. ) ;
#1837 = CARTESIAN_POINT ( 'NONE',  ( -40.62499999999999289, 13.49999999999999467, 18.18109695759997635 ) ) ;
#1838 = ADVANCED_FACE ( 'NONE', ( #1043 ), #3096, .T. ) ;
#1839 = CARTESIAN_POINT ( 'NONE',  ( -16.89391632759362949, 49.00489717550690472, -17.71835831797081795 ) ) ;
#1840 = DIRECTION ( 'NONE',  ( -0.8660254037844380415, 0.000000000000000000, 0.5000000000000009992 ) ) ;
#1841 = CARTESIAN_POINT ( 'NONE',  ( 29.75420234968374089, 0.000000000000000000, -17.89965595046274061 ) ) ;
#1842 =( BOUNDED_CURVE ( )  B_SPLINE_CURVE ( 3, ( #276, #212, #2835, #1818 ),
 .UNSPECIFIED., .F., .F. ) 
 B_SPLINE_CURVE_WITH_KNOTS ( ( 4, 4 ),
 ( 0.5980301372491561018, 1.341520123580917101 ),
 .UNSPECIFIED. ) 
 CURVE ( )  GEOMETRIC_REPRESENTATION_ITEM ( )  RATIONAL_B_SPLINE_CURVE ( ( 1.000000000000000000, 0.9544632733335070007, 0.9544632733335070007, 1.000000000000000000 ) ) 
 REPRESENTATION_ITEM ( '' )  );
#1843 = FACE_OUTER_BOUND ( 'NONE', #739, .T. ) ;
#1844 = VERTEX_POINT ( 'NONE', #1623 ) ;
#1845 = CARTESIAN_POINT ( 'NONE',  ( -46.43991337396928998, 26.37832990594026228, 13.03539245620363118 ) ) ;
#1846 = ORIENTED_EDGE ( 'NONE', *, *, #5087, .T. ) ;
#1847 = CARTESIAN_POINT ( 'NONE',  ( 19.44205710227706518, 52.97285033977708935, -13.62470187270883848 ) ) ;
#1848 = VERTEX_POINT ( 'NONE', #5882 ) ;
#1849 = ORIENTED_EDGE ( 'NONE', *, *, #1854, .F. ) ;
#1850 = CARTESIAN_POINT ( 'NONE',  ( 17.00000000000000355, 48.97576449542425081, -15.02638837486625611 ) ) ;
#1851 = AXIS2_PLACEMENT_3D ( 'NONE', #1616, #1719, #1649 ) ;
#1852 = CARTESIAN_POINT ( 'NONE',  ( -20.62499999999999645, 3.499999999999996003, 16.25000000000000000 ) ) ;
#1853 = CARTESIAN_POINT ( 'NONE',  ( -26.58363520110332345, 50.16357810062643807, -19.33936211335805666 ) ) ;
#1854 = EDGE_CURVE ( 'NONE', #2357, #5867, #3210, .T. ) ;
#1855 = APPLICATION_CONTEXT ( 'automotive_design' ) ;
#1856 = CYLINDRICAL_SURFACE ( 'NONE', #2896, 0.5000000000000004441 ) ;
#1857 = AXIS2_PLACEMENT_3D ( 'NONE', #431, #2572, #3695 ) ;
#1858 = DIRECTION ( 'NONE',  ( 0.000000000000000000, 0.000000000000000000, -1.000000000000000000 ) ) ;
#1859 = ORIENTED_EDGE ( 'NONE', *, *, #665, .F. ) ;
#1860 = EDGE_CURVE ( 'NONE', #410, #4290, #5026, .T. ) ;
#1861 = CIRCLE ( 'NONE', #5460, 0.5000000000000004441 ) ;
#1862 = ORIENTED_EDGE ( 'NONE', *, *, #438, .F. ) ;
#1863 = VECTOR ( 'NONE', #2460, 1000.000000000000000 ) ;
#1864 = AXIS2_PLACEMENT_3D ( 'NONE', #4329, #566, #4884 ) ;
#1865 = CARTESIAN_POINT ( 'NONE',  ( 32.57370268510862843, 51.34321699439120579, -16.58490135188353776 ) ) ;
#1866 = VERTEX_POINT ( 'NONE', #1112 ) ;
#1867 = CARTESIAN_POINT ( 'NONE',  ( 49.74999999999999289, 38.11378996556252474, 19.83261462722317603 ) ) ;
#1868 = DIRECTION ( 'NONE',  ( -1.000000000000000000, 0.000000000000000000, 0.000000000000000000 ) ) ;
#1869 = AXIS2_PLACEMENT_3D ( 'NONE', #1798, #6076, #6531 ) ;
#1870 = ORIENTED_EDGE ( 'NONE', *, *, #1880, .F. ) ;
#1871 = VECTOR ( 'NONE', #409, 1000.000000000000000 ) ;
#1872 = ADVANCED_FACE ( 'NONE', ( #2466 ), #4497, .F. ) ;
#1873 = CARTESIAN_POINT ( 'NONE',  ( -47.24999999999999289, 30.00000000000000000, -5.840909090825853411 ) ) ;
#1874 = CARTESIAN_POINT ( 'NONE',  ( -49.74999999999999289, 0.000000000000000000, -8.023773415721354496 ) ) ;
#1875 = VERTEX_POINT ( 'NONE', #6104 ) ;
#1876 = SPHERICAL_SURFACE ( 'NONE', #4335, 0.5000000000000000000 ) ;
#1877 = AXIS2_PLACEMENT_3D ( 'NONE', #5468, #2754, #563 ) ;
#1878 = CARTESIAN_POINT ( 'NONE',  ( 16.89644660940673049, 1.853553390593288830, -15.83262720071617125 ) ) ;
#1879 = CARTESIAN_POINT ( 'NONE',  ( -10.74999999999998934, 25.99999999999999645, 13.75000000000000000 ) ) ;
#1880 = EDGE_CURVE ( 'NONE', #3218, #1802, #4358, .T. ) ;
#1881 = CARTESIAN_POINT ( 'NONE',  ( 25.13915266867851628, 49.68146486959625463, -19.50000000000000000 ) ) ;
#1882 = EDGE_LOOP ( 'NONE', ( #6093, #5695, #2432, #1942, #4967, #2284 ) ) ;
#1883 = DIRECTION ( 'NONE',  ( -1.000000000000000000, 0.000000000000000000, 0.000000000000000000 ) ) ;
#1884 = VERTEX_POINT ( 'NONE', #351 ) ;
#1885 = VERTEX_POINT ( 'NONE', #6771 ) ;
#1886 = ORIENTED_EDGE ( 'NONE', *, *, #260, .F. ) ;
#1887 = AXIS2_PLACEMENT_3D ( 'NONE', #2391, #1789, #826 ) ;
#1888 = VECTOR ( 'NONE', #6027, 1000.000000000000000 ) ;
#1889 = EDGE_CURVE ( 'NONE', #5536, #3284, #2903, .T. ) ;
#1890 = FACE_BOUND ( 'NONE', #6220, .T. ) ;
#1891 = ORIENTED_EDGE ( 'NONE', *, *, #1167, .T. ) ;
#1892 = LINE ( 'NONE', #2388, #4810 ) ;
#1893 =( BOUNDED_CURVE ( )  B_SPLINE_CURVE ( 3, ( #1763, #5568, #6019, #3910 ),
 .UNSPECIFIED., .F., .F. ) 
 B_SPLINE_CURVE_WITH_KNOTS ( ( 4, 4 ),
 ( 5.410597289008259203, 5.731721738777257436 ),
 .UNSPECIFIED. ) 
 CURVE ( )  GEOMETRIC_REPRESENTATION_ITEM ( )  RATIONAL_B_SPLINE_CURVE ( ( 1.000000000000000000, 0.9914250364602232857, 0.9914250364602232857, 1.000000000000000000 ) ) 
 REPRESENTATION_ITEM ( '' )  );
#1894 = ORIENTED_EDGE ( 'NONE', *, *, #536, .T. ) ;
#1895 = CARTESIAN_POINT ( 'NONE',  ( -47.24999999999999289, 27.25000000000000000, -6.750000000000000888 ) ) ;
#1896 = FACE_OUTER_BOUND ( 'NONE', #3029, .T. ) ;
#1897 = EDGE_CURVE ( 'NONE', #6622, #3945, #4592, .T. ) ;
#1898 = LINE ( 'NONE', #4000, #3088 ) ;
#1899 = AXIS2_PLACEMENT_3D ( 'NONE', #2070, #3620, #4734 ) ;
#1900 = ORIENTED_EDGE ( 'NONE', *, *, #2144, .F. ) ;
#1901 = AXIS2_PLACEMENT_3D ( 'NONE', #3658, #6324, #6877 ) ;
#1902 = ORIENTED_EDGE ( 'NONE', *, *, #630, .F. ) ;
#1903 = VERTEX_POINT ( 'NONE', #6745 ) ;
#1904 = DIRECTION ( 'NONE',  ( -0.000000000000000000, -0.000000000000000000, 1.000000000000000000 ) ) ;
#1905 = CIRCLE ( 'NONE', #3587, 0.4999999999999996669 ) ;
#1906 = DIRECTION ( 'NONE',  ( 1.000000000000000000, 0.000000000000000000, 0.000000000000000000 ) ) ;
#1907 = EDGE_CURVE ( 'NONE', #6861, #3704, #6185, .T. ) ;
#1908 = ORIENTED_EDGE ( 'NONE', *, *, #1710, .F. ) ;
#1909 = EDGE_CURVE ( 'NONE', #835, #1594, #5496, .T. ) ;
#1910 = DIRECTION ( 'NONE',  ( 1.067522139062650425E-16, -0.000000000000000000, -1.000000000000000000 ) ) ;
#1911 = DIRECTION ( 'NONE',  ( 0.000000000000000000, 0.000000000000000000, 1.000000000000000000 ) ) ;
#1912 = VECTOR ( 'NONE', #888, 1000.000000000000000 ) ;
#1913 = EDGE_LOOP ( 'NONE', ( #4269, #4551, #472, #5869, #3445 ) ) ;
#1914 = EDGE_CURVE ( 'NONE', #2787, #808, #1341, .T. ) ;
#1915 = CARTESIAN_POINT ( 'NONE',  ( -13.25000000000000533, 2.799999999999993605, 13.75000000000000000 ) ) ;
#1916 = CARTESIAN_POINT ( 'NONE',  ( -40.62499999999999289, 14.99999999999999645, 31.24999999999999645 ) ) ;
#1917 = CARTESIAN_POINT ( 'NONE',  ( -20.25000000000000000, 50.00000000000000000, -19.99999999999999289 ) ) ;
#1918 = VERTEX_POINT ( 'NONE', #1369 ) ;
#1919 = ADVANCED_FACE ( 'NONE', ( #3516 ), #6216, .T. ) ;
#1920 = CARTESIAN_POINT ( 'NONE',  ( 49.74999999999999289, 58.60387103943878628, -0.3658382211755809021 ) ) ;
#1921 = CARTESIAN_POINT ( 'NONE',  ( -16.75000000000000355, 2.252775734606960789, -15.65487003803511534 ) ) ;
#1922 = DIRECTION ( 'NONE',  ( -0.000000000000000000, -1.000000000000000000, -0.000000000000000000 ) ) ;
#1923 = FACE_OUTER_BOUND ( 'NONE', #2401, .T. ) ;
#1924 = VERTEX_POINT ( 'NONE', #5697 ) ;
#1925 = CARTESIAN_POINT ( 'NONE',  ( -10.74999999999998934, 5.299999999999993605, 0.000000000000000000 ) ) ;
#1926 = EDGE_LOOP ( 'NONE', ( #2195, #5839, #5574, #6659, #6320, #4580, #6316, #2654 ) ) ;
#1927 = EDGE_CURVE ( 'NONE', #6764, #5003, #6494, .T. ) ;
#1928 = DIRECTION ( 'NONE',  ( 0.000000000000000000, 0.000000000000000000, 1.000000000000000000 ) ) ;
#1929 = DIRECTION ( 'NONE',  ( -1.000000000000000000, 0.000000000000000000, 0.000000000000000000 ) ) ;
#1930 = ADVANCED_FACE ( 'NONE', ( #2431 ), #2917, .F. ) ;
#1931 = CARTESIAN_POINT ( 'NONE',  ( -49.74999999999999289, 38.11378996556252474, 0.6341617788244185983 ) ) ;
#1932 = FACE_OUTER_BOUND ( 'NONE', #3178, .T. ) ;
#1933 = EDGE_LOOP ( 'NONE', ( #5072, #2280, #236, #3006 ) ) ;
#1934 =( BOUNDED_CURVE ( )  B_SPLINE_CURVE ( 3, ( #4998, #6572, #1250, #3976 ),
 .UNSPECIFIED., .F., .F. ) 
 B_SPLINE_CURVE_WITH_KNOTS ( ( 4, 4 ),
 ( 3.141592653589793560, 4.276056667386129106 ),
 .UNSPECIFIED. ) 
 CURVE ( )  GEOMETRIC_REPRESENTATION_ITEM ( )  RATIONAL_B_SPLINE_CURVE ( ( 1.000000000000000000, 0.8955942972085866316, 0.8955942972085866316, 1.000000000000000000 ) ) 
 REPRESENTATION_ITEM ( '' )  );
#1935 = ORIENTED_EDGE ( 'NONE', *, *, #1800, .F. ) ;
#1936 = CARTESIAN_POINT ( 'NONE',  ( 30.24999999999993960, 0.000000000000000000, -17.28163740334410647 ) ) ;
#1937 = ORIENTED_EDGE ( 'NONE', *, *, #1927, .T. ) ;
#1938 = CARTESIAN_POINT ( 'NONE',  ( 11.00000000000000000, 50.00000000000000000, -8.000000000000003553 ) ) ;
#1939 = EDGE_LOOP ( 'NONE', ( #6583, #3253, #4731, #4198 ) ) ;
#1940 = CARTESIAN_POINT ( 'NONE',  ( -12.30000000000000782, 2.515203035265084708, 11.03369234197131377 ) ) ;
#1941 = FACE_OUTER_BOUND ( 'NONE', #991, .T. ) ;
#1942 = ORIENTED_EDGE ( 'NONE', *, *, #3058, .T. ) ;
#1943 = CARTESIAN_POINT ( 'NONE',  ( -40.62499999999999289, 26.50000000000000000, 16.24999999999999645 ) ) ;
#1944 = CARTESIAN_POINT ( 'NONE',  ( -11.00000000000000000, 2.800000000000014477, -7.850000000000001421 ) ) ;
#1945 = B_SPLINE_CURVE_WITH_KNOTS ( 'NONE', 3,
 ( #5836, #6317, #6287, #6908, #3617, #3055, #2040, #2629, #6770, #4697, #3586, #427, #4110, #4763, #958, #2526, #6387, #5189 ),
 .UNSPECIFIED., .F., .F.,
 ( 4, 2, 2, 2, 2, 2, 2, 2, 4 ),
 ( 0.01927118082445835115, 0.01990642493387175666, 0.02054166904328516563, 0.02117691315269857114, 0.02181215726211197664, 0.02244740137152538562, 0.02308264548093879112, 0.02371788959035219663, 0.02435313369976560560 ),
 .UNSPECIFIED. ) ;
#1946 = CARTESIAN_POINT ( 'NONE',  ( 20.15985531965060673, 53.17088468924072941, -13.20001583978546655 ) ) ;
#1947 = ORIENTED_EDGE ( 'NONE', *, *, #6640, .T. ) ;
#1948 = CARTESIAN_POINT ( 'NONE',  ( -49.96130913087034742, 55.03291721256736224, -8.476927309239680852 ) ) ;
#1949 = ADVANCED_FACE ( 'NONE', ( #5157 ), #2496, .F. ) ;
#1950 = DIRECTION ( 'NONE',  ( -1.000000000000000000, 0.000000000000000000, 0.000000000000000000 ) ) ;
#1951 = CARTESIAN_POINT ( 'NONE',  ( -47.52415550576401415, 25.83041607782408988, -5.716292951826469348 ) ) ;
#1952 = EDGE_CURVE ( 'NONE', #6626, #3869, #5596, .T. ) ;
#1953 = CARTESIAN_POINT ( 'NONE',  ( -50.24999999999999289, 5.299999999999993605, 17.46368991668740023 ) ) ;
#1954 = CARTESIAN_POINT ( 'NONE',  ( -16.84587646856316923, 49.77615808866047331, -15.80343051628718420 ) ) ;
#1955 = CARTESIAN_POINT ( 'NONE',  ( -16.87815325949805612, 2.217442180532651630, -18.05326337670502568 ) ) ;
#1956 = EDGE_LOOP ( 'NONE', ( #197, #1598, #1463, #6201, #6350 ) ) ;
#1957 = ORIENTED_EDGE ( 'NONE', *, *, #5845, .F. ) ;
#1958 = CARTESIAN_POINT ( 'NONE',  ( -50.24999999999999289, 38.07021209418869745, 20.33071197626904691 ) ) ;
#1959 = CARTESIAN_POINT ( 'NONE',  ( -10.74999999999998934, 23.49999999999999645, 13.75000000000000000 ) ) ;
#1960 = CYLINDRICAL_SURFACE ( 'NONE', #6701, 2.500000000000000444 ) ;
#1961 = DIRECTION ( 'NONE',  ( -1.000000000000000000, 0.000000000000000000, 0.000000000000000000 ) ) ;
#1962 = EDGE_CURVE ( 'NONE', #4308, #3066, #1340, .T. ) ;
#1963 = DIRECTION ( 'NONE',  ( -0.000000000000000000, 0.000000000000000000, 1.000000000000000000 ) ) ;
#1964 = DIRECTION ( 'NONE',  ( 0.000000000000000000, -0.4226182617407002184, -0.9063077870366494926 ) ) ;
#1965 = CARTESIAN_POINT ( 'NONE',  ( -45.80000000000000426, 3.782330764772259712, 13.25499871860576029 ) ) ;
#1966 = CARTESIAN_POINT ( 'NONE',  ( -20.62499999999999645, 16.49999999999999645, 31.24999999999999645 ) ) ;
#1967 = DIRECTION ( 'NONE',  ( 0.000000000000000000, 0.9961946980917455452, 0.08715574274765836016 ) ) ;
#1968 = VECTOR ( 'NONE', #1910, 1000.000000000000000 ) ;
#1969 = CARTESIAN_POINT ( 'NONE',  ( 16.89644660940673404, 49.69047131475974766, -16.27790544031446274 ) ) ;
#1970 = AXIS2_PLACEMENT_3D ( 'NONE', #5124, #3973, #4502 ) ;
#1971 = VERTEX_POINT ( 'NONE', #4527 ) ;
#1972 = CIRCLE ( 'NONE', #400, 1.749999999999999778 ) ;
#1973 = AXIS2_PLACEMENT_3D ( 'NONE', #95, #6887, #4849 ) ;
#1974 = AXIS2_PLACEMENT_3D ( 'NONE', #5012, #937, #3475 ) ;
#1975 = PLANE ( 'NONE',  #1518 ) ;
#1976 = DIRECTION ( 'NONE',  ( 0.000000000000000000, 0.000000000000000000, 1.000000000000000000 ) ) ;
#1977 = AXIS2_PLACEMENT_3D ( 'NONE', #880, #3530, #5172 ) ;
#1978 = EDGE_CURVE ( 'NONE', #5571, #1565, #1181, .T. ) ;
#1979 = EDGE_CURVE ( 'NONE', #2649, #5291, #932, .T. ) ;
#1980 = CARTESIAN_POINT ( 'NONE',  ( -25.13915266867853049, 0.000000000000000000, -19.99999999999999289 ) ) ;
#1981 = VERTEX_POINT ( 'NONE', #4216 ) ;
#1982 = LINE ( 'NONE', #4052, #5918 ) ;
#1983 = AXIS2_PLACEMENT_3D ( 'NONE', #2131, #4270, #6406 ) ;
#1984 = CARTESIAN_POINT ( 'NONE',  ( -27.93319399780507695, 52.53961412957201560, -14.55377992370891072 ) ) ;
#1985 = FACE_OUTER_BOUND ( 'NONE', #742, .T. ) ;
#1986 = CARTESIAN_POINT ( 'NONE',  ( 20.25000000000000355, 53.30501045704841090, -13.13312954792737663 ) ) ;
#1987 = EDGE_CURVE ( 'NONE', #2147, #3686, #3, .T. ) ;
#1988 = LINE ( 'NONE', #3071, #5560 ) ;
#1989 = DIRECTION ( 'NONE',  ( -1.000000000000000000, -0.000000000000000000, -0.000000000000000000 ) ) ;
#1990 = AXIS2_PLACEMENT_3D ( 'NONE', #1813, #5780, #5716 ) ;
#1991 = ORIENTED_EDGE ( 'NONE', *, *, #1832, .T. ) ;
#1992 = CARTESIAN_POINT ( 'NONE',  ( -50.24999999999999289, 39.11378996556253185, -0.3658382211755820124 ) ) ;
#1993 = ORIENTED_EDGE ( 'NONE', *, *, #2941, .T. ) ;
#1994 = ORIENTED_EDGE ( 'NONE', *, *, #4374, .T. ) ;
#1995 = AXIS2_PLACEMENT_3D ( 'NONE', #4984, #4947, #2182 ) ;
#1996 = PLANE ( 'NONE',  #691 ) ;
#1997 = CIRCLE ( 'NONE', #2448, 3.750000000000000000 ) ;
#1998 = CARTESIAN_POINT ( 'NONE',  ( -30.00000000000000000, 48.61378996556253185, 0.1341617788244223175 ) ) ;
#1999 = CARTESIAN_POINT ( 'NONE',  ( -42.12499999999999289, 24.12132034355964549, 19.11034207933872153 ) ) ;
#2000 = CARTESIAN_POINT ( 'NONE',  ( -19.66421356237311713, 0.000000000000000000, -19.66179604254847746 ) ) ;
#2001 = CARTESIAN_POINT ( 'NONE',  ( -41.50367965644036161, 6.499999999999998224, 17.56867631291850884 ) ) ;
#2002 = ORIENTED_EDGE ( 'NONE', *, *, #1472, .F. ) ;
#2003 = VERTEX_POINT ( 'NONE', #5870 ) ;
#2004 = DIRECTION ( 'NONE',  ( 0.000000000000000000, -0.4226182617407002184, -0.9063077870366494926 ) ) ;
#2005 = VERTEX_POINT ( 'NONE', #5837 ) ;
#2006 = FACE_BOUND ( 'NONE', #584, .T. ) ;
#2007 = LINE ( 'NONE', #6353, #3911 ) ;
#2008 = AXIS2_PLACEMENT_3D ( 'NONE', #1716, #6392, #6911 ) ;
#2009 = AXIS2_PLACEMENT_3D ( 'NONE', #6784, #4161, #5815 ) ;
#2010 = ORIENTED_EDGE ( 'NONE', *, *, #1558, .F. ) ;
#2011 = DIRECTION ( 'NONE',  ( -0.000000000000000000, 0.000000000000000000, 1.000000000000000000 ) ) ;
#2012 = VERTEX_POINT ( 'NONE', #4153 ) ;
#2013 = AXIS2_PLACEMENT_3D ( 'NONE', #3968, #3024, #1305 ) ;
#2014 = PLANE ( 'NONE',  #1901 ) ;
#2015 = CARTESIAN_POINT ( 'NONE',  ( -48.00000000000001421, 4.024744871262676327, -5.499999999873696588 ) ) ;
#2016 = EDGE_CURVE ( 'NONE', #410, #3514, #1033, .T. ) ;
#2017 = AXIS2_PLACEMENT_3D ( 'NONE', #2567, #2066, #4214 ) ;
#2018 = CARTESIAN_POINT ( 'NONE',  ( -50.24999999999999289, 26.04999946441613901, -8.023773415721354496 ) ) ;
#2019 = EDGE_CURVE ( 'NONE', #1971, #6829, #1066, .T. ) ;
#2020 = VERTEX_POINT ( 'NONE', #2602 ) ;
#2021 = CARTESIAN_POINT ( 'NONE',  ( -48.00000000000001421, 2.799999999999993605, -6.749999999999998224 ) ) ;
#2022 = DIRECTION ( 'NONE',  ( 0.000000000000000000, -1.000000000000000000, 2.668805347656626185E-16 ) ) ;
#2023 = DIRECTION ( 'NONE',  ( -1.000000000000000000, 0.000000000000000000, -1.235316900071227524E-15 ) ) ;
#2024 = DIRECTION ( 'NONE',  ( 1.000000000000000000, 3.235659366516982696E-16, 2.083668903248120740E-32 ) ) ;
#2025 = CARTESIAN_POINT ( 'NONE',  ( -19.75000000000000000, 0.000000000000000000, -12.86132486540518016 ) ) ;
#2026 = ORIENTED_EDGE ( 'NONE', *, *, #1832, .F. ) ;
#2027 = FACE_OUTER_BOUND ( 'NONE', #2723, .T. ) ;
#2028 = ORIENTED_EDGE ( 'NONE', *, *, #1404, .F. ) ;
#2029 = ORIENTED_EDGE ( 'NONE', *, *, #5455, .T. ) ;
#2030 = EDGE_CURVE ( 'NONE', #2680, #6714, #5269, .T. ) ;
#2031 = ORIENTED_EDGE ( 'NONE', *, *, #6055, .T. ) ;
#2032 = CARTESIAN_POINT ( 'NONE',  ( 20.00192247318306826, 53.10521812264524044, -13.29322762688765280 ) ) ;
#2033 = CARTESIAN_POINT ( 'NONE',  ( -40.62499999999999289, 23.49999999999999645, 19.05598359285921717 ) ) ;
#2034 = SPHERICAL_SURFACE ( 'NONE', #6680, 0.5000000000000000000 ) ;
#2035 = CARTESIAN_POINT ( 'NONE',  ( 18.75000000000001776, 50.00000000000000000, -20.00000000000000000 ) ) ;
#2036 = ORIENTED_EDGE ( 'NONE', *, *, #1541, .F. ) ;
#2037 = CARTESIAN_POINT ( 'NONE',  ( -10.74999999999998934, 0.000000000000000000, 17.00000000000000000 ) ) ;
#2038 = EDGE_CURVE ( 'NONE', #5990, #2978, #4495, .T. ) ;
#2039 = ORIENTED_EDGE ( 'NONE', *, *, #5127, .T. ) ;
#2040 = CARTESIAN_POINT ( 'NONE',  ( 27.52544068617925532, 21.12330384067329092, 12.95926611319779198 ) ) ;
#2041 = VERTEX_POINT ( 'NONE', #2146 ) ;
#2042 = CARTESIAN_POINT ( 'NONE',  ( -45.80000000000000426, 0.000000000000000000, 16.24999999999999645 ) ) ;
#2043 = CARTESIAN_POINT ( 'NONE',  ( -13.30000000000000249, 30.00000000000000000, 16.25000000000000000 ) ) ;
#2044 = ADVANCED_FACE ( 'NONE', ( #5736 ), #1508, .F. ) ;
#2045 = EDGE_LOOP ( 'NONE', ( #4584, #491, #5661, #3940 ) ) ;
#2046 = CYLINDRICAL_SURFACE ( 'NONE', #446, 0.9999999999999988898 ) ;
#2047 = CARTESIAN_POINT ( 'NONE',  ( 49.74999999999999289, 0.04357787137382918008, 16.50190265095412911 ) ) ;
#2048 = DIRECTION ( 'NONE',  ( 0.000000000000000000, 0.000000000000000000, -1.000000000000000000 ) ) ;
#2049 = CARTESIAN_POINT ( 'NONE',  ( 49.74999999999999289, 55.48607110608571702, -8.235082546591707242 ) ) ;
#2050 = CARTESIAN_POINT ( 'NONE',  ( -11.00000000000000000, 2.799999999999993605, 14.84999999999999964 ) ) ;
#2051 = FACE_OUTER_BOUND ( 'NONE', #4061, .T. ) ;
#2052 = DIRECTION ( 'NONE',  ( 0.000000000000000000, 0.000000000000000000, 1.000000000000000000 ) ) ;
#2053 = DIRECTION ( 'NONE',  ( 1.067522139062650425E-16, -0.000000000000000000, -1.000000000000000000 ) ) ;
#2054 = AXIS2_PLACEMENT_3D ( 'NONE', #195, #55, #628 ) ;
#2055 = CARTESIAN_POINT ( 'NONE',  ( -46.94119686750421039, 27.94594872644060501, 12.86336136747010350 ) ) ;
#2056 = EDGE_LOOP ( 'NONE', ( #1597, #3089, #4804 ) ) ;
#2057 = VERTEX_POINT ( 'NONE', #3588 ) ;
#2058 = ORIENTED_EDGE ( 'NONE', *, *, #1409, .T. ) ;
#2059 = DIRECTION ( 'NONE',  ( 0.000000000000000000, 0.000000000000000000, 1.000000000000000000 ) ) ;
#2060 = CARTESIAN_POINT ( 'NONE',  ( 19.99999999999999289, 53.09356680819460905, -13.29433756729740601 ) ) ;
#2061 = CARTESIAN_POINT ( 'NONE',  ( -49.74999999999999289, 38.11378996556252474, 19.83261462722317603 ) ) ;
#2062 = DIRECTION ( 'NONE',  ( 0.000000000000000000, 0.000000000000000000, -1.000000000000000000 ) ) ;
#2063 = ORIENTED_EDGE ( 'NONE', *, *, #3446, .T. ) ;
#2064 = ORIENTED_EDGE ( 'NONE', *, *, #194, .T. ) ;
#2065 = LINE ( 'NONE', #5151, #2676 ) ;
#2066 = DIRECTION ( 'NONE',  ( -0.000000000000000000, 1.000000000000000000, 0.000000000000000000 ) ) ;
#2067 = EDGE_LOOP ( 'NONE', ( #4232, #288 ) ) ;
#2068 = EDGE_CURVE ( 'NONE', #5764, #6133, #4691, .T. ) ;
#2069 = EDGE_CURVE ( 'NONE', #1885, #5294, #2007, .T. ) ;
#2070 = CARTESIAN_POINT ( 'NONE',  ( -50.24999999999999289, 2.799999999999993605, 13.75000000000000000 ) ) ;
#2071 = EDGE_CURVE ( 'NONE', #6534, #5347, #3650, .T. ) ;
#2072 = CARTESIAN_POINT ( 'NONE',  ( -50.09325536950376545, 2.190091982142567950, -8.399226572892649401 ) ) ;
#2073 =( BOUNDED_CURVE ( )  B_SPLINE_CURVE ( 3, ( #891, #1999, #1466, #2033 ),
 .UNSPECIFIED., .F., .F. ) 
 B_SPLINE_CURVE_WITH_KNOTS ( ( 4, 4 ),
 ( 4.712388980384687898, 6.283185307179585344 ),
 .UNSPECIFIED. ) 
 CURVE ( )  GEOMETRIC_REPRESENTATION_ITEM ( )  RATIONAL_B_SPLINE_CURVE ( ( 1.000000000000000000, 0.8047378541243646044, 0.8047378541243646044, 1.000000000000000000 ) ) 
 REPRESENTATION_ITEM ( '' )  );
#2074 = ORIENTED_EDGE ( 'NONE', *, *, #4168, .T. ) ;
#2075 = AXIS2_PLACEMENT_3D ( 'NONE', #1126, #640, #3262 ) ;
#2076 = DIRECTION ( 'NONE',  ( 0.000000000000000000, -1.000000000000000000, 0.000000000000000000 ) ) ;
#2077 = EDGE_CURVE ( 'NONE', #2102, #3608, #2607, .T. ) ;
#2078 = FACE_OUTER_BOUND ( 'NONE', #5313, .T. ) ;
#2079 = VECTOR ( 'NONE', #4414, 1000.000000000000000 ) ;
#2080 = VECTOR ( 'NONE', #6296, 1000.000000000000000 ) ;
#2081 = DIRECTION ( 'NONE',  ( 0.000000000000000000, -1.000000000000000000, 0.000000000000000000 ) ) ;
#2082 = VERTEX_POINT ( 'NONE', #6390 ) ;
#2083 = CLOSED_SHELL ( 'NONE', ( #4020, #2493, #1346, #6059, #690, #5896, #4296, #595, #371, #3938, #4710, #5965, #4098, #3901, #4362, #3015, #751, #5665, #5976, #138, #3268, #4194, #2044, #5915, #1766, #2719, #3220, #5030, #4452, #6885, #1949, #4670, #2482, #1119, #3224, #5221, #543, #3690, #5609, #6860, #5196, #3013, #285, #1308, #3484, #6561, #1266, #49, #3950, #1, #1683, #21, #5784, #633, #3057, #5393, #942, #6469, #6384, #5195, #2624, #2446, #3439, #2743, #2444, #4678, #3577, #1345, #4295, #3451, #1031, #2329, #5970, #3507, #1470, #4638, #3917, #4712, #4114, #1377, #2221, #5069, #4811, #257, #4353, #171, #1194, #5122, #1131, #6653, #5304, #6388, #4893, #3898, #5233, #3739, #2438, #3908, #4707, #3235, #4735, #4978, #3494, #1757, #6223, #5021, #1702, #5600, #770, #4883, #3594, #1930, #482, #4651, #1872, #6516, #1424, #47, #6684, #4675, #2999, #1530, #2806, #4260, #4888, #5394, #4982, #512, #4339, #3736, #5969, #3136, #2552, #6673, #6152, #602, #6742, #590, #2291, #1450, #2994, #5201, #6428, #6354, #6279, #1174, #5542, #1223, #6336, #2912, #2286, #673, #1371, #5133, #4730, #2648, #1592, #3651, #3528, #1838, #764, #2954, #6831, #6682, #3679, #4025, #2832, #2681, #1728, #5016, #6072, #2752, #3745, #1284, #6529, #6678, #3119, #5276, #6751, #1044, #2113, #2497, #3892, #1262, #3749, #5922, #6868, #4235, #6870, #4088, #1919, #6590, #1138, #6198, #6596, #5958, #1204, #1582, #6625, #5809, #3657, #1488, #3740 ) ) ;
#2084 = CARTESIAN_POINT ( 'NONE',  ( 33.42340625874058446, 22.09903713892852295, 11.66878005766112203 ) ) ;
#2085 = EDGE_LOOP ( 'NONE', ( #4941, #2808, #4959, #3239 ) ) ;
#2086 = VECTOR ( 'NONE', #1736, 1000.000000000000000 ) ;
#2087 = AXIS2_PLACEMENT_3D ( 'NONE', #4376, #4830, #3266 ) ;
#2088 = CARTESIAN_POINT ( 'NONE',  ( -16.75000000000001066, 49.64145063589548101, -15.65882112234267431 ) ) ;
#2089 = CARTESIAN_POINT ( 'NONE',  ( -13.25000000000000533, 23.49999999999999645, 13.75000000000000000 ) ) ;
#2090 = CARTESIAN_POINT ( 'NONE',  ( -20.00383225088456740, 53.11681701817811074, -13.29218331788714913 ) ) ;
#2091 = AXIS2_PLACEMENT_3D ( 'NONE', #2883, #6013, #155 ) ;
#2092 = FACE_OUTER_BOUND ( 'NONE', #6611, .T. ) ;
#2093 = ORIENTED_EDGE ( 'NONE', *, *, #721, .F. ) ;
#2094 = ORIENTED_EDGE ( 'NONE', *, *, #425, .T. ) ;
#2095 = ORIENTED_EDGE ( 'NONE', *, *, #5942, .F. ) ;
#2096 = DIRECTION ( 'NONE',  ( -0.000000000000000000, -1.000000000000000000, -0.000000000000000000 ) ) ;
#2097 = CARTESIAN_POINT ( 'NONE',  ( -26.48814464690573089, 49.92884584990477492, -19.42264366924424124 ) ) ;
#2098 = AXIS2_PLACEMENT_3D ( 'NONE', #1665, #524, #3842 ) ;
#2099 = DIRECTION ( 'NONE',  ( 1.000000000000000000, 0.000000000000000000, 0.000000000000000000 ) ) ;
#2100 = CARTESIAN_POINT ( 'NONE',  ( 25.35046179954886725, 0.000000000000000000, -19.95315389351832636 ) ) ;
#2101 = CARTESIAN_POINT ( 'NONE',  ( 20.25000000000000000, 49.68146486959625463, -19.99999999999999645 ) ) ;
#2102 = VERTEX_POINT ( 'NONE', #5235 ) ;
#2103 = AXIS2_PLACEMENT_3D ( 'NONE', #5101, #6726, #6616 ) ;
#2104 = CARTESIAN_POINT ( 'NONE',  ( -16.75000000000000000, 2.664213562373118460, -17.69059892324148464 ) ) ;
#2105 = ORIENTED_EDGE ( 'NONE', *, *, #1880, .T. ) ;
#2106 = VERTEX_POINT ( 'NONE', #4699 ) ;
#2107 = DIRECTION ( 'NONE',  ( 1.000000000000000000, -0.000000000000000000, -0.000000000000000000 ) ) ;
#2108 = CARTESIAN_POINT ( 'NONE',  ( -16.75000000000000000, 2.324341470828477973, -17.85489137018256756 ) ) ;
#2109 = DIRECTION ( 'NONE',  ( -1.103914939257968169E-15, 0.000000000000000000, -1.000000000000000000 ) ) ;
#2110 = CIRCLE ( 'NONE', #6920, 2.250000000000001776 ) ;
#2111 = ORIENTED_EDGE ( 'NONE', *, *, #1164, .T. ) ;
#2112 = EDGE_CURVE ( 'NONE', #1106, #6286, #6843, .T. ) ;
#2113 = ADVANCED_FACE ( 'NONE', ( #6319 ), #6493, .T. ) ;
#2114 = DIRECTION ( 'NONE',  ( 0.000000000000000000, -0.000000000000000000, -1.000000000000000000 ) ) ;
#2115 = VECTOR ( 'NONE', #2632, 1000.000000000000000 ) ;
#2116 = AXIS2_PLACEMENT_3D ( 'NONE', #6558, #5320, #2327 ) ;
#2117 =( BOUNDED_SURFACE ( )  B_SPLINE_SURFACE ( 3, 2, ( 
 ( #5265, #6242, #3047 ),
 ( #5180, #344, #413 ),
 ( #4612, #4171, #2591 ),
 ( #985, #3579, #6308 ) ),
 .UNSPECIFIED., .F., .F., .F. ) 
 B_SPLINE_SURFACE_WITH_KNOTS ( ( 4, 4 ),
 ( 3, 3 ),
 ( 5.921818183272883118, 6.283185307179587120 ),
 ( 0.000000000000000000, 1.000000000000000000 ),
 .UNSPECIFIED. ) 
 GEOMETRIC_REPRESENTATION_ITEM ( )  RATIONAL_B_SPLINE_SURFACE ( (
 ( 1.000000000000000000, 0.9238795325112840739, 1.000000000000000000),
 ( 1.000000000000000000, 0.9325945991803382684, 1.000000000000000000),
 ( 1.000000000000000000, 0.9370012337030850791, 1.000000000000000000),
 ( 1.000000000000000000, 0.9369975843134409343, 1.000000000000000000) ) ) 
 REPRESENTATION_ITEM ( '' )  SURFACE ( )  );
#2118 = DIRECTION ( 'NONE',  ( 0.000000000000000000, 0.000000000000000000, 1.000000000000000000 ) ) ;
#2119 = DIRECTION ( 'NONE',  ( 0.000000000000000000, 1.000000000000000000, 1.221878638832870327E-16 ) ) ;
#2120 = AXIS2_PLACEMENT_3D ( 'NONE', #583, #1715, #3828 ) ;
#2121 = ORIENTED_EDGE ( 'NONE', *, *, #4439, .T. ) ;
#2122 = PLANE ( 'NONE',  #738 ) ;
#2123 = ORIENTED_EDGE ( 'NONE', *, *, #209, .F. ) ;
#2124 = CARTESIAN_POINT ( 'NONE',  ( -47.24999999999999289, 1.304655986450961480, -5.840909090825853411 ) ) ;
#2125 = AXIS2_PLACEMENT_3D ( 'NONE', #177, #6700, #1928 ) ;
#2126 = CARTESIAN_POINT ( 'NONE',  ( 19.09559544003069576, 0.000000000000000000, -19.33350421654798978 ) ) ;
#2127 = CARTESIAN_POINT ( 'NONE',  ( -50.24999999999999289, 6.499999999999998224, 17.56867631291850884 ) ) ;
#2128 = EDGE_CURVE ( 'NONE', #910, #1831, #5939, .T. ) ;
#2129 = ORIENTED_EDGE ( 'NONE', *, *, #6607, .F. ) ;
#2130 = VERTEX_POINT ( 'NONE', #3305 ) ;
#2131 = CARTESIAN_POINT ( 'NONE',  ( -16.75000000000000000, 2.000000000000015543, -17.97927405783629951 ) ) ;
#2132 = ORIENTED_EDGE ( 'NONE', *, *, #1962, .T. ) ;
#2133 = ORIENTED_EDGE ( 'NONE', *, *, #5191, .T. ) ;
#2134 = DIRECTION ( 'NONE',  ( 0.8660254037844413721, -0.000000000000000000, -0.4999999999999952260 ) ) ;
#2135 = DIRECTION ( 'NONE',  ( 1.000000000000000000, -0.000000000000000000, -0.000000000000000000 ) ) ;
#2136 = CARTESIAN_POINT ( 'NONE',  ( -11.00000000000000000, 50.00000000000000000, -8.000000000000001776 ) ) ;
#2137 = DIRECTION ( 'NONE',  ( 0.000000000000000000, -0.000000000000000000, 1.000000000000000000 ) ) ;
#2138 = CARTESIAN_POINT ( 'NONE',  ( -46.39792174587059037, 1.792214365465201409, -6.228217388206316762 ) ) ;
#2139 = EDGE_CURVE ( 'NONE', #2236, #2463, #680, .T. ) ;
#2140 = ORIENTED_EDGE ( 'NONE', *, *, #2532, .F. ) ;
#2141 = CARTESIAN_POINT ( 'NONE',  ( -11.00000000000000000, 0.000000000000000000, 0.000000000000000000 ) ) ;
#2142 = ORIENTED_EDGE ( 'NONE', *, *, #5371, .T. ) ;
#2143 = CARTESIAN_POINT ( 'NONE',  ( -26.48814464690573089, 49.92884584990477492, -19.42264366924424124 ) ) ;
#2144 = EDGE_CURVE ( 'NONE', #5523, #4972, #5419, .T. ) ;
#2145 = VERTEX_POINT ( 'NONE', #1161 ) ;
#2146 = CARTESIAN_POINT ( 'NONE',  ( -47.24999999999999289, 27.25000000000000000, 14.84999999999999964 ) ) ;
#2147 = VERTEX_POINT ( 'NONE', #4412 ) ;
#2148 = CARTESIAN_POINT ( 'NONE',  ( -20.62499999999999645, 16.49999999999999645, 16.24999999999999645 ) ) ;
#2149 = DIRECTION ( 'NONE',  ( 1.000000000000000000, -0.000000000000000000, -0.000000000000000000 ) ) ;
#2150 = ORIENTED_EDGE ( 'NONE', *, *, #6778, .F. ) ;
#2151 = ORIENTED_EDGE ( 'NONE', *, *, #6260, .T. ) ;
#2152 = FACE_OUTER_BOUND ( 'NONE', #645, .T. ) ;
#2153 = FACE_OUTER_BOUND ( 'NONE', #2949, .T. ) ;
#2154 = VERTEX_POINT ( 'NONE', #2810 ) ;
#2155 = CARTESIAN_POINT ( 'NONE',  ( -16.87203552699077491, 2.115053690914629581, -15.23875794432447073 ) ) ;
#2156 =( BOUNDED_CURVE ( )  B_SPLINE_CURVE ( 3, ( #6535, #2231, #2126, #2788 ),
 .UNSPECIFIED., .F., .F. ) 
 B_SPLINE_CURVE_WITH_KNOTS ( ( 4, 4 ),
 ( 3.502959777496503779, 4.712388980384690562 ),
 .UNSPECIFIED. ) 
 CURVE ( )  GEOMETRIC_REPRESENTATION_ITEM ( )  RATIONAL_B_SPLINE_CURVE ( ( 1.000000000000000000, 0.8817762586720245821, 0.8817762586720245821, 1.000000000000000000 ) ) 
 REPRESENTATION_ITEM ( '' )  );
#2157 = LINE ( 'NONE', #4817, #3246 ) ;
#2158 = EDGE_CURVE ( 'NONE', #6042, #5292, #3017, .T. ) ;
#2159 = ORIENTED_EDGE ( 'NONE', *, *, #6134, .F. ) ;
#2160 = CARTESIAN_POINT ( 'NONE',  ( -20.62499999999999645, 6.499999999999998224, 16.24999999999999645 ) ) ;
#2161 = CARTESIAN_POINT ( 'NONE',  ( 16.75000000000000000, 2.664213562373111799, -17.69059892324149175 ) ) ;
#2162 = DIRECTION ( 'NONE',  ( 1.000000000000000000, -0.000000000000000000, 0.000000000000000000 ) ) ;
#2163 = ORIENTED_EDGE ( 'NONE', *, *, #2038, .T. ) ;
#2164 = EDGE_LOOP ( 'NONE', ( #4513, #5640, #1760, #4800, #525, #373, #4421, #775 ) ) ;
#2165 = LINE ( 'NONE', #5331, #6593 ) ;
#2166 = EDGE_CURVE ( 'NONE', #3483, #6404, #3821, .T. ) ;
#2167 = CARTESIAN_POINT ( 'NONE',  ( 16.88310101613582148, 48.92120971536375862, -17.89601389997565306 ) ) ;
#2168 = DIRECTION ( 'NONE',  ( 1.000000000000000000, -0.000000000000000000, -0.000000000000000000 ) ) ;
#2169 = LINE ( 'NONE', #677, #1197 ) ;
#2170 = EDGE_LOOP ( 'NONE', ( #1496, #3010, #2708, #4408 ) ) ;
#2171 = DIRECTION ( 'NONE',  ( 0.000000000000000000, 0.000000000000000000, -1.000000000000000000 ) ) ;
#2172 = VECTOR ( 'NONE', #4324, 1000.000000000000000 ) ;
#2173 = DIRECTION ( 'NONE',  ( 0.000000000000000000, 0.000000000000000000, -1.000000000000000000 ) ) ;
#2174 = ORIENTED_EDGE ( 'NONE', *, *, #2842, .T. ) ;
#2175 = CARTESIAN_POINT ( 'NONE',  ( 33.24797496617923542, 4.607996629187227633, 12.01494462022296439 ) ) ;
#2176 = EDGE_CURVE ( 'NONE', #4211, #5347, #1221, .T. ) ;
#2177 = ORIENTED_EDGE ( 'NONE', *, *, #4166, .T. ) ;
#2178 = CARTESIAN_POINT ( 'NONE',  ( 16.87203552699077136, 1.969302379850041973, -17.65879337964184970 ) ) ;
#2179 = CARTESIAN_POINT ( 'NONE',  ( -16.75000000000000000, 2.000000000000025313, -17.31737279928379891 ) ) ;
#2180 = DIRECTION ( 'NONE',  ( 1.151310272083643323E-16, 0.000000000000000000, -1.000000000000000000 ) ) ;
#2181 = EDGE_CURVE ( 'NONE', #1918, #2394, #5493, .T. ) ;
#2182 = DIRECTION ( 'NONE',  ( -1.000000000000000000, 0.000000000000000000, 0.000000000000000000 ) ) ;
#2183 = FACE_OUTER_BOUND ( 'NONE', #30, .T. ) ;
#2184 = ORIENTED_EDGE ( 'NONE', *, *, #387, .F. ) ;
#2185 = CARTESIAN_POINT ( 'NONE',  ( -11.00000000000000000, -5.500000000000007994, 3.499999999999999556 ) ) ;
#2186 = ORIENTED_EDGE ( 'NONE', *, *, #1927, .F. ) ;
#2187 = VECTOR ( 'NONE', #3393, 1000.000000000000000 ) ;
#2188 = DIRECTION ( 'NONE',  ( 0.000000000000000000, 1.000000000000000000, 0.000000000000000000 ) ) ;
#2189 = CARTESIAN_POINT ( 'NONE',  ( 20.25000000000000000, 53.09356680819460905, -12.86132486540518549 ) ) ;
#2190 = ORIENTED_EDGE ( 'NONE', *, *, #1670, .T. ) ;
#2191 = FACE_OUTER_BOUND ( 'NONE', #1149, .T. ) ;
#2192 = AXIS2_PLACEMENT_3D ( 'NONE', #5421, #4385, #620 ) ;
#2193 = CARTESIAN_POINT ( 'NONE',  ( 49.74999999999999289, 38.07021209418869745, 20.33071197626904691 ) ) ;
#2194 = ORIENTED_EDGE ( 'NONE', *, *, #660, .F. ) ;
#2195 = ORIENTED_EDGE ( 'NONE', *, *, #6359, .F. ) ;
#2196 = CARTESIAN_POINT ( 'NONE',  ( -16.89644660940673049, 1.853553390593289718, -15.83262720071616414 ) ) ;
#2197 = AXIS2_PLACEMENT_3D ( 'NONE', #3016, #3643, #4654 ) ;
#2198 = AXIS2_PLACEMENT_3D ( 'NONE', #3491, #838, #5096 ) ;
#2199 = EDGE_LOOP ( 'NONE', ( #6595, #4752, #1846, #6385, #6068, #2265 ) ) ;
#2200 = VERTEX_POINT ( 'NONE', #720 ) ;
#2201 = COLOUR_RGB ( '',0.7921568627450980005, 0.8196078431372548767, 0.9333333333333333481 ) ;
#2202 = FACE_BOUND ( 'NONE', #4234, .T. ) ;
#2203 = CARTESIAN_POINT ( 'NONE',  ( -16.75000000000000000, 48.71628076953127362, -17.51859598807026330 ) ) ;
#2204 = EDGE_CURVE ( 'NONE', #2467, #4213, #4382, .T. ) ;
#2205 = DIRECTION ( 'NONE',  ( 0.000000000000000000, -1.000000000000000000, 0.000000000000000000 ) ) ;
#2206 = AXIS2_PLACEMENT_3D ( 'NONE', #2562, #4760, #1501 ) ;
#2207 = CARTESIAN_POINT ( 'NONE',  ( 30.00000000000000000, 80.00000000000000000, 7.884161778824427813 ) ) ;
#2208 = LINE ( 'NONE', #4341, #3209 ) ;
#2209 = DIRECTION ( 'NONE',  ( 1.000000000000000000, -0.000000000000000000, -0.000000000000000000 ) ) ;
#2210 = AXIS2_PLACEMENT_3D ( 'NONE', #3571, #1386, #5719 ) ;
#2211 = ORIENTED_EDGE ( 'NONE', *, *, #5298, .F. ) ;
#2212 = FACE_OUTER_BOUND ( 'NONE', #3962, .T. ) ;
#2213 = LINE ( 'NONE', #2942, #3692 ) ;
#2214 = CARTESIAN_POINT ( 'NONE',  ( -16.75000000000000000, 2.207106781413290530, -17.42647818435552409 ) ) ;
#2215 = DIRECTION ( 'NONE',  ( 1.000000000000000000, 0.000000000000000000, -0.000000000000000000 ) ) ;
#2216 =( GEOMETRIC_REPRESENTATION_CONTEXT ( 3 ) GLOBAL_UNCERTAINTY_ASSIGNED_CONTEXT ( ( #211 ) ) GLOBAL_UNIT_ASSIGNED_CONTEXT ( ( #5166, #5203, #5672 ) ) REPRESENTATION_CONTEXT ( 'NONE', 'WORKASPACE' ) );
#2217 = CIRCLE ( 'NONE', #206, 2.250000000000001776 ) ;
#2218 = DIRECTION ( 'NONE',  ( 0.000000000000000000, -1.000000000000000000, -1.221878638832870573E-16 ) ) ;
#2219 = AXIS2_PLACEMENT_3D ( 'NONE', #1916, #3628, #1447 ) ;
#2220 = CARTESIAN_POINT ( 'NONE',  ( -48.00000000000001421, 28.47474487126267917, -5.499999999873696588 ) ) ;
#2221 = ADVANCED_FACE ( 'NONE', ( #4943 ), #3336, .F. ) ;
#2222 = LINE ( 'NONE', #774, #6461 ) ;
#2223 = ORIENTED_EDGE ( 'NONE', *, *, #239, .F. ) ;
#2224 = AXIS2_PLACEMENT_3D ( 'NONE', #2735, #5936, #2247 ) ;
#2225 = CIRCLE ( 'NONE', #3123, 1.100000000000000311 ) ;
#2226 = EDGE_CURVE ( 'NONE', #4972, #1515, #4806, .T. ) ;
#2227 = DIRECTION ( 'NONE',  ( 0.000000000000000000, -0.8660254037844383745, -0.5000000000000006661 ) ) ;
#2228 = ORIENTED_EDGE ( 'NONE', *, *, #901, .T. ) ;
#2229 = EDGE_CURVE ( 'NONE', #4057, #2154, #6729, .T. ) ;
#2230 = ORIENTED_EDGE ( 'NONE', *, *, #1987, .T. ) ;
#2231 = CARTESIAN_POINT ( 'NONE',  ( 18.75000000000002132, 0.000000000000000000, -18.85179710104630502 ) ) ;
#2232 = VECTOR ( 'NONE', #1681, 1000.000000000000000 ) ;
#2233 = EDGE_CURVE ( 'NONE', #5987, #2589, #1007, .T. ) ;
#2234 = ORIENTED_EDGE ( 'NONE', *, *, #6294, .T. ) ;
#2235 = FACE_OUTER_BOUND ( 'NONE', #4488, .T. ) ;
#2236 = VERTEX_POINT ( 'NONE', #5387 ) ;
#2237 = VECTOR ( 'NONE', #5308, 1000.000000000000000 ) ;
#2238 = ORIENTED_EDGE ( 'NONE', *, *, #3168, .T. ) ;
#2239 = DIRECTION ( 'NONE',  ( -1.067522139062650425E-16, 0.000000000000000000, 1.000000000000000000 ) ) ;
#2240 = CARTESIAN_POINT ( 'NONE',  ( -47.77065838585466651, 4.105073579518935034, 12.57870573865982422 ) ) ;
#2241 = EDGE_CURVE ( 'NONE', #3162, #5917, #43, .T. ) ;
#2242 = CARTESIAN_POINT ( 'NONE',  ( -11.00000000000000000, 2.799999999999993605, 13.75000000000000000 ) ) ;
#2243 = LINE ( 'NONE', #2207, #1629 ) ;
#2244 = AXIS2_PLACEMENT_3D ( 'NONE', #3549, #2916, #6635 ) ;
#2245 = CARTESIAN_POINT ( 'NONE',  ( -10.74999999999998934, 2.704055635633762833, 17.23657421366134201 ) ) ;
#2246 = VERTEX_POINT ( 'NONE', #77 ) ;
#2247 = DIRECTION ( 'NONE',  ( -0.8660254037844413721, 0.000000000000000000, 0.4999999999999952816 ) ) ;
#2248 = CARTESIAN_POINT ( 'NONE',  ( -48.00000000000001421, 5.299999999999991829, 12.50000000012629897 ) ) ;
#2249 = CARTESIAN_POINT ( 'NONE',  ( -16.75000000000000355, 2.252775734606960345, -15.65487003803511534 ) ) ;
#2250 = LINE ( 'NONE', #5941, #5129 ) ;
#2251 = PLANE ( 'NONE',  #3765 ) ;
#2252 = EDGE_CURVE ( 'NONE', #2394, #6626, #1445, .T. ) ;
#2253 = CARTESIAN_POINT ( 'NONE',  ( -32.64867785764667474, 51.26840963821098995, -16.54993985475756091 ) ) ;
#2254 = EDGE_CURVE ( 'NONE', #5756, #2463, #2213, .T. ) ;
#2255 = CARTESIAN_POINT ( 'NONE',  ( 49.74999999999999289, 25.99999999999999645, 19.27470525167402826 ) ) ;
#2256 = DIRECTION ( 'NONE',  ( -0.000000000000000000, -0.4226182617407002184, -0.9063077870366494926 ) ) ;
#2257 = ORIENTED_EDGE ( 'NONE', *, *, #1710, .T. ) ;
#2258 =( BOUNDED_CURVE ( )  B_SPLINE_CURVE ( 3, ( #2220, #5978, #3902, #6045 ),
 .UNSPECIFIED., .F., .F. ) 
 B_SPLINE_CURVE_WITH_KNOTS ( ( 4, 4 ),
 ( 0.7751933732072340266, 1.024553436141270035 ),
 .UNSPECIFIED. ) 
 CURVE ( )  GEOMETRIC_REPRESENTATION_ITEM ( )  RATIONAL_B_SPLINE_CURVE ( ( 1.000000000000000000, 0.9948250056197732727, 0.9948250056197732727, 1.000000000000000000 ) ) 
 REPRESENTATION_ITEM ( '' )  );
#2259 = CARTESIAN_POINT ( 'NONE',  ( -49.74999999999999289, 38.61378996556253185, 19.83261462722317603 ) ) ;
#2260 = EDGE_CURVE ( 'NONE', #2588, #5291, #6139, .T. ) ;
#2261 = ORIENTED_EDGE ( 'NONE', *, *, #2538, .T. ) ;
#2262 = CARTESIAN_POINT ( 'NONE',  ( -12.64324810886421346, 2.364759318951006772, -4.193751563529303006 ) ) ;
#2263 = EDGE_CURVE ( 'NONE', #3255, #2599, #5388, .T. ) ;
#2264 = CARTESIAN_POINT ( 'NONE',  ( -42.12499999999999289, 14.99999999999999645, 18.31232995288886656 ) ) ;
#2265 = ORIENTED_EDGE ( 'NONE', *, *, #6433, .T. ) ;
#2266 = CARTESIAN_POINT ( 'NONE',  ( -16.75000000000000000, 48.56413842989204710, -17.92976921791919409 ) ) ;
#2267 = EDGE_CURVE ( 'NONE', #3989, #695, #5551, .T. ) ;
#2268 = EDGE_LOOP ( 'NONE', ( #509, #4400 ) ) ;
#2269 = ORIENTED_EDGE ( 'NONE', *, *, #4963, .T. ) ;
#2270 = CARTESIAN_POINT ( 'NONE',  ( -10.74999999999998934, 23.49999999999999645, 13.75000000000000000 ) ) ;
#2271 = CARTESIAN_POINT ( 'NONE',  ( 55.00000000000000000, 38.61378996556253185, 19.83261462722317603 ) ) ;
#2272 = CARTESIAN_POINT ( 'NONE',  ( 25.25000000000000000, 0.000000000000000000, -19.99999999999999289 ) ) ;
#2273 = PLANE ( 'NONE',  #6782 ) ;
#2274 = LINE ( 'NONE', #5997, #5913 ) ;
#2275 = ORIENTED_EDGE ( 'NONE', *, *, #5430, .F. ) ;
#2276 = ORIENTED_EDGE ( 'NONE', *, *, #6633, .F. ) ;
#2277 = CARTESIAN_POINT ( 'NONE',  ( 33.21603866157158080, 25.36159415939855677, 12.06920589355395457 ) ) ;
#2278 = ORIENTED_EDGE ( 'NONE', *, *, #3080, .T. ) ;
#2279 = CARTESIAN_POINT ( 'NONE',  ( 32.75281357338507604, 5.068005605384969137, 12.68685966623753103 ) ) ;
#2280 = ORIENTED_EDGE ( 'NONE', *, *, #1449, .F. ) ;
#2281 = DIRECTION ( 'NONE',  ( -0.4138029443444983246, 0.000000000000000000, -0.9103664774429164330 ) ) ;
#2282 = DIRECTION ( 'NONE',  ( 1.235316900071227524E-15, 1.394522238736840034E-31, -1.000000000000000000 ) ) ;
#2283 = CARTESIAN_POINT ( 'NONE',  ( 25.13915266867851628, 49.68146486959625463, -20.00000000000000000 ) ) ;
#2284 = ORIENTED_EDGE ( 'NONE', *, *, #2592, .T. ) ;
#2285 = AXIS2_PLACEMENT_3D ( 'NONE', #3313, #2751, #4360 ) ;
#2286 = ADVANCED_FACE ( 'NONE', ( #1297 ), #6235, .T. ) ;
#2287 = EDGE_CURVE ( 'NONE', #3514, #4322, #6374, .T. ) ;
#2288 = ORIENTED_EDGE ( 'NONE', *, *, #3681, .T. ) ;
#2289 = CARTESIAN_POINT ( 'NONE',  ( -16.89391632759362594, 48.85048709178083470, -17.94144984595610026 ) ) ;
#2290 = VECTOR ( 'NONE', #6849, 1000.000000000000000 ) ;
#2291 = ADVANCED_FACE ( 'NONE', ( #1334 ), #317, .T. ) ;
#2292 = DIRECTION ( 'NONE',  ( -1.000000000000000000, 0.000000000000000000, 0.000000000000000000 ) ) ;
#2293 = CARTESIAN_POINT ( 'NONE',  ( -40.62499999999999289, 4.999999999999996447, 31.24999999999999645 ) ) ;
#2294 = EDGE_LOOP ( 'NONE', ( #4051, #6470, #3028, #5144, #3607, #6646, #5492, #1389, #607, #4877, #2499, #4601, #5681, #434 ) ) ;
#2295 = CARTESIAN_POINT ( 'NONE',  ( 32.77058497452622277, 21.24023947049984073, 12.66955987771926040 ) ) ;
#2296 = ORIENTED_EDGE ( 'NONE', *, *, #6594, .T. ) ;
#2297 = CARTESIAN_POINT ( 'NONE',  ( -48.00000000000001421, 2.799999999999993605, 13.75000000000000000 ) ) ;
#2298 = CARTESIAN_POINT ( 'NONE',  ( -42.12499999999999289, 14.99999999999999645, 18.31232995288886656 ) ) ;
#2299 = DIRECTION ( 'NONE',  ( -0.000000000000000000, -1.000000000000000000, -0.000000000000000000 ) ) ;
#2300 = EDGE_LOOP ( 'NONE', ( #4178, #6661, #5009, #2817 ) ) ;
#2301 = CARTESIAN_POINT ( 'NONE',  ( 55.00000000000000000, 39.11378996556253185, 0.6341617788244185983 ) ) ;
#2302 = EDGE_LOOP ( 'NONE', ( #1387, #4483, #5084, #5890 ) ) ;
#2303 = ORIENTED_EDGE ( 'NONE', *, *, #559, .T. ) ;
#2304 = AXIS2_PLACEMENT_3D ( 'NONE', #2985, #4566, #5025 ) ;
#2305 = CARTESIAN_POINT ( 'NONE',  ( -45.80000000000000426, 30.00000000000000000, -9.249999999999998224 ) ) ;
#2306 = CYLINDRICAL_SURFACE ( 'NONE', #5121, 0.4999999999999994449 ) ;
#2307 = CARTESIAN_POINT ( 'NONE',  ( -47.24999999999999289, 2.799999999999993605, -8.499999999999998224 ) ) ;
#2308 = DIRECTION ( 'NONE',  ( 0.000000000000000000, 0.000000000000000000, 1.000000000000000000 ) ) ;
#2309 = EDGE_LOOP ( 'NONE', ( #1327, #4060, #3020, #4278 ) ) ;
#2310 = AXIS2_PLACEMENT_3D ( 'NONE', #2822, #1804, #3978 ) ;
#2311 = LINE ( 'NONE', #4484, #4776 ) ;
#2312 = ORIENTED_EDGE ( 'NONE', *, *, #3557, .F. ) ;
#2313 = CARTESIAN_POINT ( 'NONE',  ( 33.50732189361342961, 24.53755232682562237, 11.46585937559648194 ) ) ;
#2314 = CARTESIAN_POINT ( 'NONE',  ( 16.75000000000000000, 2.486795680631689098, -15.21311169457802137 ) ) ;
#2315 = CARTESIAN_POINT ( 'NONE',  ( 16.87203552699076781, 2.115053690914633133, -17.91124205567549410 ) ) ;
#2316 = AXIS2_PLACEMENT_3D ( 'NONE', #2584, #3635, #5717 ) ;
#2317 = AXIS2_PLACEMENT_3D ( 'NONE', #4842, #1652, #4223 ) ;
#2318 = CARTESIAN_POINT ( 'NONE',  ( 27.09707598030433218, 4.981482107273483173, 12.51549839056844071 ) ) ;
#2319 = EDGE_CURVE ( 'NONE', #5987, #3175, #5690, .T. ) ;
#2320 = CARTESIAN_POINT ( 'NONE',  ( 50.24999999999999289, 20.00000000000000355, -8.342308546125103419 ) ) ;
#2321 = VERTEX_POINT ( 'NONE', #2873 ) ;
#2322 = EDGE_LOOP ( 'NONE', ( #6612, #5432, #1780, #1495 ) ) ;
#2323 = AXIS2_PLACEMENT_3D ( 'NONE', #1698, #5370, #5853 ) ;
#2324 = EDGE_CURVE ( 'NONE', #5106, #2246, #2217, .T. ) ;
#2325 = ORIENTED_EDGE ( 'NONE', *, *, #111, .T. ) ;
#2326 = DIRECTION ( 'NONE',  ( 0.000000000000000000, 0.000000000000000000, 1.000000000000000000 ) ) ;
#2327 = DIRECTION ( 'NONE',  ( 0.000000000000000000, 0.000000000000000000, 1.000000000000000000 ) ) ;
#2328 = LINE ( 'NONE', #189, #2424 ) ;
#2329 = ADVANCED_FACE ( 'NONE', ( #1787 ), #3479, .F. ) ;
#2330 = CARTESIAN_POINT ( 'NONE',  ( -13.25000000000000533, 2.799999999999993605, 14.84999999999999964 ) ) ;
#2331 = VERTEX_POINT ( 'NONE', #2390 ) ;
#2332 = EDGE_CURVE ( 'NONE', #4076, #4562, #6737, .T. ) ;
#2333 = CARTESIAN_POINT ( 'NONE',  ( 16.75000000000000000, 2.207106781186560340, -15.83262720071617480 ) ) ;
#2334 = AXIS2_PLACEMENT_3D ( 'NONE', #2764, #4826, #5931 ) ;
#2335 = ORIENTED_EDGE ( 'NONE', *, *, #3404, .T. ) ;
#2336 = CARTESIAN_POINT ( 'NONE',  ( -30.00000000000000000, 48.61378996556253185, -59.00000000000000711 ) ) ;
#2337 = LINE ( 'NONE', #1316, #973 ) ;
#2338 = CIRCLE ( 'NONE', #6033, 3.750000000000010214 ) ;
#2339 = CARTESIAN_POINT ( 'NONE',  ( -13.30000000000000249, 30.00000000000000000, 11.50000000012630608 ) ) ;
#2340 = ORIENTED_EDGE ( 'NONE', *, *, #5511, .F. ) ;
#2341 = CARTESIAN_POINT ( 'NONE',  ( -16.75000000000000000, 2.207106781186576772, -17.54951017565685945 ) ) ;
#2342 = ORIENTED_EDGE ( 'NONE', *, *, #655, .F. ) ;
#2343 = ORIENTED_EDGE ( 'NONE', *, *, #398, .F. ) ;
#2344 = DIRECTION ( 'NONE',  ( 0.000000000000000000, -1.000000000000000000, 0.000000000000000000 ) ) ;
#2345 = VECTOR ( 'NONE', #3021, 1000.000000000000000 ) ;
#2346 = CIRCLE ( 'NONE', #5032, 1.500000000000001332 ) ;
#2347 = CARTESIAN_POINT ( 'NONE',  ( 17.35262872232984321, 49.45978295154394289, -14.82279808710513258 ) ) ;
#2348 =( BOUNDED_CURVE ( )  B_SPLINE_CURVE ( 3, ( #3118, #461, #4725, #3715 ),
 .UNSPECIFIED., .F., .F. ) 
 B_SPLINE_CURVE_WITH_KNOTS ( ( 4, 4 ),
 ( 2.780225529683086005, 3.989654732571286555 ),
 .UNSPECIFIED. ) 
 CURVE ( )  GEOMETRIC_REPRESENTATION_ITEM ( )  RATIONAL_B_SPLINE_CURVE ( ( 1.000000000000000000, 0.8817762586720219176, 0.8817762586720219176, 1.000000000000000000 ) ) 
 REPRESENTATION_ITEM ( '' )  );
#2349 = DIRECTION ( 'NONE',  ( 1.000000000000000000, -0.000000000000000000, -0.000000000000000000 ) ) ;
#2350 = CARTESIAN_POINT ( 'NONE',  ( 16.75000000000000000, 49.45931019261534800, -15.68902234513799776 ) ) ;
#2351 = VERTEX_POINT ( 'NONE', #6206 ) ;
#2352 = PLANE ( 'NONE',  #6129 ) ;
#2353 = VECTOR ( 'NONE', #6097, 1000.000000000000000 ) ;
#2354 = ORIENTED_EDGE ( 'NONE', *, *, #2068, .F. ) ;
#2355 = ORIENTED_EDGE ( 'NONE', *, *, #2698, .F. ) ;
#2356 = CARTESIAN_POINT ( 'NONE',  ( 31.78367365313162196, 25.98228308233711559, 13.43955299522821534 ) ) ;
#2357 = VERTEX_POINT ( 'NONE', #6177 ) ;
#2358 = CARTESIAN_POINT ( 'NONE',  ( 16.75000000000000000, 2.251468370014418685, -15.62794951779695651 ) ) ;
#2359 = CARTESIAN_POINT ( 'NONE',  ( -20.24999999999999645, 53.32465150955844990, -12.87026182946933872 ) ) ;
#2360 = CIRCLE ( 'NONE', #2579, 0.5000000000000004441 ) ;
#2361 = CARTESIAN_POINT ( 'NONE',  ( -20.25000000000000000, 53.09356680819458774, -13.14999999999999858 ) ) ;
#2362 = DIRECTION ( 'NONE',  ( -0.000000000000000000, 0.4226182617407002184, 0.9063077870366494926 ) ) ;
#2363 = ORIENTED_EDGE ( 'NONE', *, *, #6440, .T. ) ;
#2364 = ORIENTED_EDGE ( 'NONE', *, *, #4615, .F. ) ;
#2365 = EDGE_CURVE ( 'NONE', #1799, #1577, #508, .T. ) ;
#2366 = CARTESIAN_POINT ( 'NONE',  ( -45.80000000000000426, 5.299999999999991829, 13.25499871860576029 ) ) ;
#2367 = DIRECTION ( 'NONE',  ( -1.577021341797096821E-15, 0.000000000000000000, -1.000000000000000000 ) ) ;
#2368 = CARTESIAN_POINT ( 'NONE',  ( -47.24999999999999289, 1.304655986450961480, -5.840909090825853411 ) ) ;
#2369 = CARTESIAN_POINT ( 'NONE',  ( -50.24999999999999289, 27.25000000000000000, -6.750000000000000888 ) ) ;
#2370 = ORIENTED_EDGE ( 'NONE', *, *, #2989, .F. ) ;
#2371 = DIRECTION ( 'NONE',  ( 1.000000000000000000, 0.000000000000000000, 0.000000000000000000 ) ) ;
#2372 = DIRECTION ( 'NONE',  ( 0.000000000000000000, 0.000000000000000000, 1.000000000000000000 ) ) ;
#2373 = DIRECTION ( 'NONE',  ( 0.6546536707079764206, 0.6546536707079774198, 0.3779644730092278637 ) ) ;
#2374 = ORIENTED_EDGE ( 'NONE', *, *, #3358, .T. ) ;
#2375 = CARTESIAN_POINT ( 'NONE',  ( -50.24999999999999289, 27.25000000000000000, 12.00000000000000000 ) ) ;
#2376 = EDGE_CURVE ( 'NONE', #163, #1668, #5049, .T. ) ;
#2377 = CARTESIAN_POINT ( 'NONE',  ( -50.24999999999999289, 0.000000000000000000, -8.023773415721354496 ) ) ;
#2378 = CARTESIAN_POINT ( 'NONE',  ( 16.75000000000000000, 2.664213562373114019, -15.45940107675847663 ) ) ;
#2379 = EDGE_CURVE ( 'NONE', #4325, #1151, #1034, .T. ) ;
#2380 = CARTESIAN_POINT ( 'NONE',  ( 26.58361778349409477, 50.16353677992740501, -19.33937775001581016 ) ) ;
#2381 = CARTESIAN_POINT ( 'NONE',  ( -10.74999999999998934, 20.99999999999999645, 0.000000000000000000 ) ) ;
#2382 = EDGE_LOOP ( 'NONE', ( #6632, #5618, #2947, #4347 ) ) ;
#2383 = CARTESIAN_POINT ( 'NONE',  ( -45.80000000000000426, 27.25000000000000000, 13.75000000000000000 ) ) ;
#2384 = VERTEX_POINT ( 'NONE', #3151 ) ;
#2385 = VERTEX_POINT ( 'NONE', #5827 ) ;
#2386 = CARTESIAN_POINT ( 'NONE',  ( -47.77545598432833884, 4.128914996901701606, -5.602065461555532089 ) ) ;
#2387 = EDGE_CURVE ( 'NONE', #1742, #6746, #2830, .T. ) ;
#2388 = CARTESIAN_POINT ( 'NONE',  ( -13.25000000000000533, 23.49999999999999645, 12.65000000000000036 ) ) ;
#2389 =( BOUNDED_CURVE ( )  B_SPLINE_CURVE ( 3, ( #2124, #4985, #2611, #6599 ),
 .UNSPECIFIED., .F., .F. ) 
 B_SPLINE_CURVE_WITH_KNOTS ( ( 4, 4 ),
 ( 5.258631871038313754, 5.507991933972349763 ),
 .UNSPECIFIED. ) 
 CURVE ( )  GEOMETRIC_REPRESENTATION_ITEM ( )  RATIONAL_B_SPLINE_CURVE ( ( 1.000000000000000000, 0.9948250056197732727, 0.9948250056197732727, 1.000000000000000000 ) ) 
 REPRESENTATION_ITEM ( '' )  );
#2390 = CARTESIAN_POINT ( 'NONE',  ( 26.24999999999999289, 48.61378996556253185, -9.000000000000000000 ) ) ;
#2391 = CARTESIAN_POINT ( 'NONE',  ( -17.25000000000000355, 50.00000000000000000, -15.45940107675847131 ) ) ;
#2392 = PLANE ( 'NONE',  #2981 ) ;
#2393 = ORIENTED_EDGE ( 'NONE', *, *, #1039, .F. ) ;
#2394 = VERTEX_POINT ( 'NONE', #415 ) ;
#2395 = CARTESIAN_POINT ( 'NONE',  ( -45.80000000000001137, 30.00000000000000000, -6.499999999999997335 ) ) ;
#2396 = DIRECTION ( 'NONE',  ( 1.284980352575412699E-16, -0.000000000000000000, 1.000000000000000000 ) ) ;
#2397 = CYLINDRICAL_SURFACE ( 'NONE', #4422, 3.750000000000010214 ) ;
#2398 = CARTESIAN_POINT ( 'NONE',  ( 30.00000000000000000, 5.299999999999991829, 13.88416177882443669 ) ) ;
#2399 = ORIENTED_EDGE ( 'NONE', *, *, #5503, .F. ) ;
#2400 = LINE ( 'NONE', #4077, #4872 ) ;
#2401 = EDGE_LOOP ( 'NONE', ( #34, #4104, #3537 ) ) ;
#2402 = CARTESIAN_POINT ( 'NONE',  ( -45.80000000000001137, 0.000000000000000000, -6.499999999999997335 ) ) ;
#2403 = DIRECTION ( 'NONE',  ( 0.000000000000000000, 0.000000000000000000, -1.000000000000000000 ) ) ;
#2404 = DIRECTION ( 'NONE',  ( 0.000000000000000000, 0.000000000000000000, 1.000000000000000000 ) ) ;
#2405 = EDGE_CURVE ( 'NONE', #2154, #4693, #783, .T. ) ;
#2406 = ORIENTED_EDGE ( 'NONE', *, *, #4045, .F. ) ;
#2407 = CARTESIAN_POINT ( 'NONE',  ( -16.75000000000000000, 48.33917413069171687, -17.97927405783629595 ) ) ;
#2408 = CARTESIAN_POINT ( 'NONE',  ( 16.83900750509045707, 1.910992494909558470, -15.40151493030905350 ) ) ;
#2409 = CARTESIAN_POINT ( 'NONE',  ( 16.75000000000000000, 48.53343833884237313, -17.69059892324149175 ) ) ;
#2410 = CARTESIAN_POINT ( 'NONE',  ( 49.74999999999999289, 38.61378996556253185, 0.6341617788244185983 ) ) ;
#2411 = LINE ( 'NONE', #4482, #2086 ) ;
#2412 = ORIENTED_EDGE ( 'NONE', *, *, #4954, .T. ) ;
#2413 = CARTESIAN_POINT ( 'NONE',  ( 27.28125973963059536, -2.472942610053139756, -19.05280802770832693 ) ) ;
#2414 = VERTEX_POINT ( 'NONE', #986 ) ;
#2415 = VECTOR ( 'NONE', #3822, 1000.000000000000000 ) ;
#2416 = ORIENTED_EDGE ( 'NONE', *, *, #1670, .F. ) ;
#2417 = EDGE_CURVE ( 'NONE', #1027, #928, #3553, .T. ) ;
#2418 = EDGE_CURVE ( 'NONE', #4390, #714, #5713, .T. ) ;
#2419 = EDGE_LOOP ( 'NONE', ( #4124, #428, #5856, #6695 ) ) ;
#2420 = DIRECTION ( 'NONE',  ( 0.000000000000000000, 0.000000000000000000, -1.000000000000000000 ) ) ;
#2421 = ORIENTED_EDGE ( 'NONE', *, *, #2713, .T. ) ;
#2422 = CARTESIAN_POINT ( 'NONE',  ( 16.83491363400480978, 49.71625821657249134, -15.58094356947215786 ) ) ;
#2423 = CARTESIAN_POINT ( 'NONE',  ( 50.24999999999999289, 20.20710678118655323, -8.342308546125103419 ) ) ;
#2424 = VECTOR ( 'NONE', #4498, 1000.000000000000000 ) ;
#2425 = CARTESIAN_POINT ( 'NONE',  ( 16.75000000000000000, 48.74598190718820945, -17.46679091864886146 ) ) ;
#2426 = ORIENTED_EDGE ( 'NONE', *, *, #5455, .F. ) ;
#2427 = AXIS2_PLACEMENT_3D ( 'NONE', #264, #3353, #2403 ) ;
#2428 = VECTOR ( 'NONE', #1963, 1000.000000000000000 ) ;
#2429 = VECTOR ( 'NONE', #5037, 1000.000000000000000 ) ;
#2430 = DIRECTION ( 'NONE',  ( 0.000000000000000000, 0.000000000000000000, -1.000000000000000000 ) ) ;
#2431 = FACE_OUTER_BOUND ( 'NONE', #2300, .T. ) ;
#2432 = ORIENTED_EDGE ( 'NONE', *, *, #2701, .T. ) ;
#2433 = DIRECTION ( 'NONE',  ( -0.000000000000000000, -1.000000000000000000, -0.000000000000000000 ) ) ;
#2434 = VECTOR ( 'NONE', #2639, 1000.000000000000000 ) ;
#2435 = ORIENTED_EDGE ( 'NONE', *, *, #2772, .F. ) ;
#2436 = CARTESIAN_POINT ( 'NONE',  ( -13.30000000000000426, 0.000000000000000000, -8.000000000000000000 ) ) ;
#2437 = DIRECTION ( 'NONE',  ( 0.000000000000000000, -1.000000000000000000, 0.000000000000000000 ) ) ;
#2438 = ADVANCED_FACE ( 'NONE', ( #4240 ), #5181, .F. ) ;
#2439 = CARTESIAN_POINT ( 'NONE',  ( 20.25000000000000000, 53.32465150955846411, -12.87026182946934405 ) ) ;
#2440 = ORIENTED_EDGE ( 'NONE', *, *, #5413, .T. ) ;
#2441 = PRODUCT_DEFINITION_FORMATION_WITH_SPECIFIED_SOURCE ( 'ANY', '', #5601, .NOT_KNOWN. ) ;
#2442 = DIRECTION ( 'NONE',  ( 0.000000000000000000, 0.000000000000000000, 1.000000000000000000 ) ) ;
#2443 = VECTOR ( 'NONE', #4491, 1000.000000000000000 ) ;
#2444 = ADVANCED_FACE ( 'NONE', ( #1023 ), #6793, .F. ) ;
#2445 = CARTESIAN_POINT ( 'NONE',  ( -18.75000000000002487, 50.61256105093731605, -18.68635858703029484 ) ) ;
#2446 = ADVANCED_FACE ( 'NONE', ( #5759 ), #5218, .F. ) ;
#2447 = DIRECTION ( 'NONE',  ( 1.067522139062650425E-16, -0.000000000000000000, -1.000000000000000000 ) ) ;
#2448 = AXIS2_PLACEMENT_3D ( 'NONE', #5741, #3135, #5163 ) ;
#2449 = LINE ( 'NONE', #3001, #515 ) ;
#2450 = EDGE_CURVE ( 'NONE', #4398, #5416, #1212, .T. ) ;
#2451 = CARTESIAN_POINT ( 'NONE',  ( -16.86481237788301257, 49.42396346428686371, -15.10443898488660253 ) ) ;
#2452 = EDGE_LOOP ( 'NONE', ( #501, #279, #2655, #213, #5660, #5323, #4184, #5029, #3505, #1891, #1902, #2163, #6806, #1483, #1032, #1329, #5889 ) ) ;
#2453 = CARTESIAN_POINT ( 'NONE',  ( -20.62499999999999645, 3.499999999999995115, 31.24999999999999645 ) ) ;
#2454 = AXIS2_PLACEMENT_3D ( 'NONE', #924, #4174, #378 ) ;
#2455 = AXIS2_PLACEMENT_3D ( 'NONE', #1920, #1417, #4053 ) ;
#2456 = CARTESIAN_POINT ( 'NONE',  ( 16.75000000000000000, 2.664213562373114463, -15.45940107675847663 ) ) ;
#2457 = EDGE_LOOP ( 'NONE', ( #5927, #6706, #3005 ) ) ;
#2458 = DIRECTION ( 'NONE',  ( -0.6546536707079783080, -0.6546536707079783080, 0.3779644730092230898 ) ) ;
#2459 = DIRECTION ( 'NONE',  ( -1.000000000000000000, 0.000000000000000000, 0.000000000000000000 ) ) ;
#2460 = DIRECTION ( 'NONE',  ( -0.000000000000000000, -1.000000000000000000, -0.000000000000000000 ) ) ;
#2461 = VECTOR ( 'NONE', #6629, 1000.000000000000000 ) ;
#2462 = ORIENTED_EDGE ( 'NONE', *, *, #1761, .F. ) ;
#2463 = VERTEX_POINT ( 'NONE', #5725 ) ;
#2464 = DIRECTION ( 'NONE',  ( -0.4226182617406915032, 0.000000000000000000, 0.9063077870366537114 ) ) ;
#2465 = CIRCLE ( 'NONE', #4916, 0.5000000000000004441 ) ;
#2466 = FACE_OUTER_BOUND ( 'NONE', #5599, .T. ) ;
#2467 = VERTEX_POINT ( 'NONE', #6378 ) ;
#2468 = CARTESIAN_POINT ( 'NONE',  ( -45.80000000000000426, 0.000000000000000000, 13.25499871860576029 ) ) ;
#2469 = ORIENTED_EDGE ( 'NONE', *, *, #4340, .T. ) ;
#2470 = ORIENTED_EDGE ( 'NONE', *, *, #5952, .F. ) ;
#2471 = DIRECTION ( 'NONE',  ( -1.000000000000000000, -0.000000000000000000, -0.000000000000000000 ) ) ;
#2472 = EDGE_CURVE ( 'NONE', #4950, #6276, #889, .T. ) ;
#2473 = CARTESIAN_POINT ( 'NONE',  ( -47.24999999999999289, 2.799999999999993605, 15.50000000000000000 ) ) ;
#2474 = DIRECTION ( 'NONE',  ( 0.000000000000000000, -0.8222575560917749771, 0.5691155519312238731 ) ) ;
#2475 = EDGE_CURVE ( 'NONE', #388, #2685, #2348, .T. ) ;
#2476 = CARTESIAN_POINT ( 'NONE',  ( -17.25000000000000355, 48.74598190718820234, -17.46679091864885081 ) ) ;
#2477 = CARTESIAN_POINT ( 'NONE',  ( 20.25000000000000000, 53.09356680819460905, -13.14999999999999858 ) ) ;
#2478 = DIRECTION ( 'NONE',  ( -1.000000000000000000, -0.000000000000000000, -1.067522139062650425E-16 ) ) ;
#2479 = CARTESIAN_POINT ( 'NONE',  ( -49.74999999999999289, 55.03291721256736224, -8.023773415721354496 ) ) ;
#2480 = VERTEX_POINT ( 'NONE', #3049 ) ;
#2481 = CARTESIAN_POINT ( 'NONE',  ( -13.30000000000000249, 30.00000000000000000, 16.25000000000000000 ) ) ;
#2482 = ADVANCED_FACE ( 'NONE', ( #3580 ), #1960, .F. ) ;
#2483 = ORIENTED_EDGE ( 'NONE', *, *, #2500, .F. ) ;
#2484 = ORIENTED_EDGE ( 'NONE', *, *, #4083, .T. ) ;
#2485 = ORIENTED_EDGE ( 'NONE', *, *, #763, .F. ) ;
#2486 = DIRECTION ( 'NONE',  ( 0.000000000000000000, -0.9063077870366511579, 0.4226182617406972208 ) ) ;
#2487 = CARTESIAN_POINT ( 'NONE',  ( 2.929622758983025488, 23.09383632135613951, -27.68746197799189801 ) ) ;
#2488 = CARTESIAN_POINT ( 'NONE',  ( 16.75000000000000000, 48.74598190718820945, -17.46679091864886146 ) ) ;
#2489 = CARTESIAN_POINT ( 'NONE',  ( -50.24999999999999289, 13.49999999999999467, 18.18109695759997635 ) ) ;
#2490 = EDGE_CURVE ( 'NONE', #5847, #5685, #4078, .T. ) ;
#2491 = ORIENTED_EDGE ( 'NONE', *, *, #5245, .F. ) ;
#2492 = DIRECTION ( 'NONE',  ( -0.8892053820944804121, 0.1933513365602811396, 0.4146432793432953123 ) ) ;
#2493 = ADVANCED_FACE ( 'NONE', ( #6243 ), #6460, .T. ) ;
#2494 = VERTEX_POINT ( 'NONE', #1154 ) ;
#2495 = DIRECTION ( 'NONE',  ( 0.8660254037844380415, 0.000000000000000000, -0.5000000000000009992 ) ) ;
#2496 = PLANE ( 'NONE',  #6820 ) ;
#2497 = ADVANCED_FACE ( 'NONE', ( #2694 ), #67, .T. ) ;
#2498 = DIRECTION ( 'NONE',  ( -0.000000000000000000, -1.000000000000000000, -0.000000000000000000 ) ) ;
#2499 = ORIENTED_EDGE ( 'NONE', *, *, #270, .T. ) ;
#2500 = EDGE_CURVE ( 'NONE', #360, #1042, #6, .T. ) ;
#2501 = LINE ( 'NONE', #811, #3320 ) ;
#2502 = LINE ( 'NONE', #966, #3455 ) ;
#2503 = CARTESIAN_POINT ( 'NONE',  ( -50.17777959421453460, 26.40857622037764330, -8.286836049431270723 ) ) ;
#2504 = ORIENTED_EDGE ( 'NONE', *, *, #6440, .F. ) ;
#2505 = CARTESIAN_POINT ( 'NONE',  ( -10.74999999999998934, 23.49999999999999645, 11.25000000000000178 ) ) ;
#2506 = CARTESIAN_POINT ( 'NONE',  ( -19.44205710227706874, 52.97285033977708935, -13.62470187270883493 ) ) ;
#2507 = LINE ( 'NONE', #6586, #4769 ) ;
#2508 = CARTESIAN_POINT ( 'NONE',  ( -19.75000000000000000, 53.09356680819458774, -12.86132486540518016 ) ) ;
#2509 = DIRECTION ( 'NONE',  ( -0.000000000000000000, -1.000000000000000000, -0.000000000000000000 ) ) ;
#2510 = CARTESIAN_POINT ( 'NONE',  ( -13.25000000000000533, 2.799999999999993605, 12.65000000000000036 ) ) ;
#2511 = ORIENTED_EDGE ( 'NONE', *, *, #4928, .F. ) ;
#2512 = DIRECTION ( 'NONE',  ( 0.000000000000000000, 1.000000000000000000, 0.000000000000000000 ) ) ;
#2513 = ORIENTED_EDGE ( 'NONE', *, *, #2475, .T. ) ;
#2514 = ORIENTED_EDGE ( 'NONE', *, *, #4765, .T. ) ;
#2515 = CARTESIAN_POINT ( 'NONE',  ( -20.62499999999999645, 26.50000000000000000, 16.24999999999999645 ) ) ;
#2516 = VERTEX_POINT ( 'NONE', #1671 ) ;
#2517 = CARTESIAN_POINT ( 'NONE',  ( -33.75000000000000000, 48.61378996556253185, -16.03638490568253516 ) ) ;
#2518 = DIRECTION ( 'NONE',  ( -0.000000000000000000, 0.000000000000000000, 1.000000000000000000 ) ) ;
#2519 = CARTESIAN_POINT ( 'NONE',  ( 50.24999999999999289, 38.11378996556252474, -8.342308546125103419 ) ) ;
#2520 = VERTEX_POINT ( 'NONE', #3293 ) ;
#2521 = DIRECTION ( 'NONE',  ( 0.000000000000000000, 0.000000000000000000, -1.000000000000000000 ) ) ;
#2522 =( BOUNDED_CURVE ( )  B_SPLINE_CURVE ( 3, ( #6315, #6904, #6839, #6871 ),
 .UNSPECIFIED., .F., .F. ) 
 B_SPLINE_CURVE_WITH_KNOTS ( ( 4, 4 ),
 ( -8.881784197001252323E-16, 3.141592653589792228 ),
 .UNSPECIFIED. ) 
 CURVE ( )  GEOMETRIC_REPRESENTATION_ITEM ( )  RATIONAL_B_SPLINE_CURVE ( ( 1.000000000000000000, 0.3333333333333333703, 0.3333333333333333703, 1.000000000000000000 ) ) 
 REPRESENTATION_ITEM ( '' )  );
#2523 = ORIENTED_EDGE ( 'NONE', *, *, #901, .F. ) ;
#2524 = CARTESIAN_POINT ( 'NONE',  ( -50.09721204939708628, 55.56156987742985365, -8.073174908954156237 ) ) ;
#2525 = EDGE_LOOP ( 'NONE', ( #4038, #6734, #5577, #5438, #6907, #5651, #3879, #3389 ) ) ;
#2526 = CARTESIAN_POINT ( 'NONE',  ( 26.42804543671818962, 23.07369162852481992, 11.27736030818904922 ) ) ;
#2527 = EDGE_CURVE ( 'NONE', #2753, #2986, #5477, .T. ) ;
#2528 = CARTESIAN_POINT ( 'NONE',  ( 27.52104392484310935, 25.87547141921303862, 12.95544530303851971 ) ) ;
#2529 = VECTOR ( 'NONE', #2011, 1000.000000000000000 ) ;
#2530 = EDGE_CURVE ( 'NONE', #6857, #2331, #6468, .T. ) ;
#2531 = CARTESIAN_POINT ( 'NONE',  ( -26.25000000000000000, 48.61378996556253185, -19.53369234184500769 ) ) ;
#2532 = EDGE_CURVE ( 'NONE', #2003, #223, #6418, .T. ) ;
#2533 = ORIENTED_EDGE ( 'NONE', *, *, #442, .F. ) ;
#2534 = AXIS2_PLACEMENT_3D ( 'NONE', #5510, #6031, #748 ) ;
#2535 = CIRCLE ( 'NONE', #651, 0.4999999999999987788 ) ;
#2536 = CARTESIAN_POINT ( 'NONE',  ( 16.75000000000000000, 2.252775734606961677, -17.49512996196485304 ) ) ;
#2537 = EDGE_CURVE ( 'NONE', #1234, #6286, #3846, .T. ) ;
#2538 = EDGE_CURVE ( 'NONE', #4885, #1491, #4371, .T. ) ;
#2539 = CARTESIAN_POINT ( 'NONE',  ( -49.96130913087034031, 0.000000000000000000, -8.476927309239682629 ) ) ;
#2540 = CIRCLE ( 'NONE', #2091, 1.100000000000000311 ) ;
#2541 = CARTESIAN_POINT ( 'NONE',  ( 20.00572918846630444, 53.12836261634382140, -13.29120471938730041 ) ) ;
#2542 = EDGE_LOOP ( 'NONE', ( #5143, #3155 ) ) ;
#2543 = CYLINDRICAL_SURFACE ( 'NONE', #5693, 2.499999999999998668 ) ;
#2544 = VECTOR ( 'NONE', #2935, 1000.000000000000000 ) ;
#2545 = DIRECTION ( 'NONE',  ( -1.000000000000000000, 0.000000000000000000, 0.000000000000000000 ) ) ;
#2546 = CARTESIAN_POINT ( 'NONE',  ( 17.14180581244560742, 2.522407749927503051, -18.20548324912183347 ) ) ;
#2547 = DIRECTION ( 'NONE',  ( 0.000000000000000000, 1.000000000000000000, 0.000000000000000000 ) ) ;
#2548 = DIRECTION ( 'NONE',  ( -0.000000000000000000, 1.000000000000000000, 1.221878638832870573E-16 ) ) ;
#2549 = ORIENTED_EDGE ( 'NONE', *, *, #5449, .T. ) ;
#2550 = DIRECTION ( 'NONE',  ( 0.000000000000000000, 1.000000000000000000, 0.000000000000000000 ) ) ;
#2551 = VECTOR ( 'NONE', #2135, 1000.000000000000000 ) ;
#2552 = ADVANCED_FACE ( 'NONE', ( #4933 ), #136, .F. ) ;
#2553 = ORIENTED_EDGE ( 'NONE', *, *, #1467, .T. ) ;
#2554 = CARTESIAN_POINT ( 'NONE',  ( -40.62499999999999289, 4.999999999999996447, 16.24999999999999645 ) ) ;
#2555 = ORIENTED_EDGE ( 'NONE', *, *, #3811, .F. ) ;
#2556 = ORIENTED_EDGE ( 'NONE', *, *, #5339, .T. ) ;
#2557 = VERTEX_POINT ( 'NONE', #3261 ) ;
#2558 = DIRECTION ( 'NONE',  ( 0.000000000000000000, -1.000000000000000000, 0.000000000000000000 ) ) ;
#2559 = CARTESIAN_POINT ( 'NONE',  ( -20.25000000000000000, 50.00000000000000000, -19.99999999999999289 ) ) ;
#2560 = DIRECTION ( 'NONE',  ( 0.000000000000000000, 1.000000000000000000, 0.000000000000000000 ) ) ;
#2561 = LINE ( 'NONE', #6795, #1863 ) ;
#2562 = CARTESIAN_POINT ( 'NONE',  ( 30.00000000000000000, 33.50000000000000000, 10.13416177882442959 ) ) ;
#2563 = CIRCLE ( 'NONE', #6808, 0.5000000000000000000 ) ;
#2564 = ORIENTED_EDGE ( 'NONE', *, *, #5424, .T. ) ;
#2565 = LINE ( 'NONE', #3125, #5125 ) ;
#2566 = EDGE_LOOP ( 'NONE', ( #1494, #3395 ) ) ;
#2567 = CARTESIAN_POINT ( 'NONE',  ( 49.74999999999999289, 38.11378996556252474, 19.83261462722317603 ) ) ;
#2568 = EDGE_CURVE ( 'NONE', #2914, #6295, #5376, .T. ) ;
#2569 = EDGE_LOOP ( 'NONE', ( #6111, #5562, #6338, #2406 ) ) ;
#2570 = CARTESIAN_POINT ( 'NONE',  ( -16.75000000000000000, 48.71628076953127362, -17.51859598807026330 ) ) ;
#2571 = DIRECTION ( 'NONE',  ( 1.000000000000000000, -0.000000000000000000, -0.000000000000000000 ) ) ;
#2572 = DIRECTION ( 'NONE',  ( 0.000000000000000000, 0.000000000000000000, -1.000000000000000000 ) ) ;
#2573 =( BOUNDED_SURFACE ( )  B_SPLINE_SURFACE ( 3, 2, ( 
 ( #4399, #1253, #1839 ),
 ( #669, #3980, #2855 ),
 ( #5000, #2266, #2929 ),
 ( #2824, #2407, #1220 ) ),
 .UNSPECIFIED., .F., .F., .F. ) 
 B_SPLINE_SURFACE_WITH_KNOTS ( ( 4, 4 ),
 ( 3, 3 ),
 ( -4.440892098500626162E-15, 0.7924790164897297373 ),
 ( 0.000000000000000000, 1.000000000000000000 ),
 .UNSPECIFIED. ) 
 GEOMETRIC_REPRESENTATION_ITEM ( )  RATIONAL_B_SPLINE_SURFACE ( (
 ( 1.000000000000000000, 0.9252478978124588638, 1.000000000000000000),
 ( 1.000000000000000000, 0.9253357095775524011, 1.000000000000000000),
 ( 1.000000000000000000, 0.9047875355772377892, 1.000000000000000000),
 ( 1.000000000000000000, 0.8660254037844391517, 1.000000000000000000) ) ) 
 REPRESENTATION_ITEM ( '' )  SURFACE ( )  );
#2574 = PRODUCT_RELATED_PRODUCT_CATEGORY ( 'part', '', ( #5601 ) ) ;
#2575 = ORIENTED_EDGE ( 'NONE', *, *, #2745, .F. ) ;
#2576 = AXIS2_PLACEMENT_3D ( 'NONE', #5663, #832, #3551 ) ;
#2577 = CARTESIAN_POINT ( 'NONE',  ( 16.75000000000000000, 2.324048244565438015, -17.61857756952481324 ) ) ;
#2578 = DIRECTION ( 'NONE',  ( 0.000000000000000000, -0.08715574274765858220, 0.9961946980917455452 ) ) ;
#2579 = AXIS2_PLACEMENT_3D ( 'NONE', #1030, #6801, #3722 ) ;
#2580 = CARTESIAN_POINT ( 'NONE',  ( -30.00000000000000000, 30.00000000000000000, 13.88416177882442959 ) ) ;
#2581 = CARTESIAN_POINT ( 'NONE',  ( -16.91736677378460740, 2.361225066249982518, -15.07409669026571741 ) ) ;
#2582 = CARTESIAN_POINT ( 'NONE',  ( -13.25000000000000533, 23.49999999999999645, 13.75000000000000000 ) ) ;
#2583 = CARTESIAN_POINT ( 'NONE',  ( -47.24999999999999289, 27.25000000000000000, 15.50000000000000000 ) ) ;
#2584 = CARTESIAN_POINT ( 'NONE',  ( -47.24999999999999289, 27.25000000000000000, 13.75000000000000000 ) ) ;
#2585 = ORIENTED_EDGE ( 'NONE', *, *, #6232, .T. ) ;
#2586 = EDGE_CURVE ( 'NONE', #3179, #1884, #574, .T. ) ;
#2587 = ORIENTED_EDGE ( 'NONE', *, *, #1300, .T. ) ;
#2588 = VERTEX_POINT ( 'NONE', #5440 ) ;
#2589 = VERTEX_POINT ( 'NONE', #3820 ) ;
#2590 = CARTESIAN_POINT ( 'NONE',  ( 32.64867785764666053, 51.26840963821101127, -16.54993985475755736 ) ) ;
#2591 = CARTESIAN_POINT ( 'NONE',  ( -16.87203552689963360, 1.909043124890999144, -15.59557871178391864 ) ) ;
#2592 = EDGE_CURVE ( 'NONE', #3904, #4684, #196, .T. ) ;
#2593 = SPHERICAL_SURFACE ( 'NONE', #1654, 0.5000000000000000000 ) ;
#2594 = DIRECTION ( 'NONE',  ( 0.000000000000000000, 0.9063077870366444966, -0.4226182617407110431 ) ) ;
#2595 = LINE ( 'NONE', #1026, #4326 ) ;
#2596 = EDGE_CURVE ( 'NONE', #5584, #3201, #1634, .T. ) ;
#2597 = ORIENTED_EDGE ( 'NONE', *, *, #1404, .T. ) ;
#2598 = CARTESIAN_POINT ( 'NONE',  ( -10.74999999999998934, 23.49999999999999645, 13.75000000000000000 ) ) ;
#2599 = VERTEX_POINT ( 'NONE', #609 ) ;
#2600 = DIRECTION ( 'NONE',  ( 1.000000000000000000, 0.000000000000000000, -1.095614826903587419E-15 ) ) ;
#2601 = ORIENTED_EDGE ( 'NONE', *, *, #4835, .T. ) ;
#2602 = CARTESIAN_POINT ( 'NONE',  ( -47.24999999999999289, 25.80874453969969196, 12.75738592688066753 ) ) ;
#2603 = VERTEX_POINT ( 'NONE', #2726 ) ;
#2604 = DIRECTION ( 'NONE',  ( -1.000000000000000000, 0.000000000000000000, 0.000000000000000000 ) ) ;
#2605 = VERTEX_POINT ( 'NONE', #1841 ) ;
#2606 = CARTESIAN_POINT ( 'NONE',  ( 16.91919958496347220, 2.367945374196708919, -18.07696148376174250 ) ) ;
#2607 =( BOUNDED_CURVE ( )  B_SPLINE_CURVE ( 3, ( #2570, #1546, #4251, #998 ),
 .UNSPECIFIED., .F., .F. ) 
 B_SPLINE_CURVE_WITH_KNOTS ( ( 4, 4 ),
 ( 4.445228907190561080E-15, 0.1192836500851969517 ),
 .UNSPECIFIED. ) 
 CURVE ( )  GEOMETRIC_REPRESENTATION_ITEM ( )  RATIONAL_B_SPLINE_CURVE ( ( 1.000000000000000000, 0.9988146356739919796, 0.9988146356739919796, 1.000000000000000000 ) ) 
 REPRESENTATION_ITEM ( '' )  );
#2608 = CARTESIAN_POINT ( 'NONE',  ( -19.66421356237311713, 0.000000000000000000, -19.66179604254847746 ) ) ;
#2609 = DIRECTION ( 'NONE',  ( 0.000000000000000000, 0.000000000000000000, 1.000000000000000000 ) ) ;
#2610 = ORIENTED_EDGE ( 'NONE', *, *, #5396, .F. ) ;
#2611 = CARTESIAN_POINT ( 'NONE',  ( -47.77545598432833884, 1.471085003098284494, -5.602065461555532089 ) ) ;
#2612 = CARTESIAN_POINT ( 'NONE',  ( 20.25000000000000000, 53.32600108134638361, -12.87036930105727528 ) ) ;
#2613 = DIRECTION ( 'NONE',  ( -1.000000000000000000, 0.000000000000000000, 0.000000000000000000 ) ) ;
#2614 = CARTESIAN_POINT ( 'NONE',  ( -48.00000000000001421, 11.79999999999999538, -5.499999999873696588 ) ) ;
#2615 = ORIENTED_EDGE ( 'NONE', *, *, #4118, .F. ) ;
#2616 = CARTESIAN_POINT ( 'NONE',  ( -26.25000000000000000, 48.61378996556253185, -19.53369234184500769 ) ) ;
#2617 = EDGE_LOOP ( 'NONE', ( #3247, #6453, #6014, #4594 ) ) ;
#2618 = ORIENTED_EDGE ( 'NONE', *, *, #58, .T. ) ;
#2619 = ORIENTED_EDGE ( 'NONE', *, *, #2813, .T. ) ;
#2620 = CYLINDRICAL_SURFACE ( 'NONE', #1018, 0.5000000000000011102 ) ;
#2621 = DIRECTION ( 'NONE',  ( -0.000000000000000000, 0.000000000000000000, 1.000000000000000000 ) ) ;
#2622 = CARTESIAN_POINT ( 'NONE',  ( 32.17939368824577429, 51.66546870875201591, -16.42839082818920105 ) ) ;
#2623 = CARTESIAN_POINT ( 'NONE',  ( -47.24999999999999289, 26.77595643465452468, 12.75738592688066753 ) ) ;
#2624 = ADVANCED_FACE ( 'NONE', ( #6650 ), #2898, .F. ) ;
#2625 = ORIENTED_EDGE ( 'NONE', *, *, #4976, .T. ) ;
#2626 = EDGE_CURVE ( 'NONE', #1027, #217, #6060, .T. ) ;
#2627 = DIRECTION ( 'NONE',  ( 1.000000000000000000, -0.000000000000000000, -0.000000000000000000 ) ) ;
#2628 = ORIENTED_EDGE ( 'NONE', *, *, #1860, .F. ) ;
#2629 = CARTESIAN_POINT ( 'NONE',  ( 27.23179055911863600, 21.23895875953466827, 12.67220724514836405 ) ) ;
#2630 = ORIENTED_EDGE ( 'NONE', *, *, #3619, .F. ) ;
#2631 = DIRECTION ( 'NONE',  ( 0.000000000000000000, 0.000000000000000000, -1.000000000000000000 ) ) ;
#2632 = DIRECTION ( 'NONE',  ( -0.000000000000000000, -0.000000000000000000, 1.000000000000000000 ) ) ;
#2633 = VECTOR ( 'NONE', #5288, 1000.000000000000000 ) ;
#2634 = LINE ( 'NONE', #6218, #6337 ) ;
#2635 = AXIS2_PLACEMENT_3D ( 'NONE', #2043, #4185, #3654 ) ;
#2636 = CARTESIAN_POINT ( 'NONE',  ( 16.75000000000000000, 49.49504776256457461, -15.77398535489686537 ) ) ;
#2637 = CYLINDRICAL_SURFACE ( 'NONE', #6144, 2.249999999999995115 ) ;
#2638 = CIRCLE ( 'NONE', #1738, 1.750000000000000666 ) ;
#2639 = DIRECTION ( 'NONE',  ( -2.523234146875355308E-15, 0.000000000000000000, 1.000000000000000000 ) ) ;
#2640 = ORIENTED_EDGE ( 'NONE', *, *, #911, .T. ) ;
#2641 = CARTESIAN_POINT ( 'NONE',  ( -17.00000000000000711, 2.664213562373109134, -15.02638837486625079 ) ) ;
#2642 =( BOUNDED_CURVE ( )  B_SPLINE_CURVE ( 3, ( #6190, #868, #2990, #3591 ),
 .UNSPECIFIED., .F., .F. ) 
 B_SPLINE_CURVE_WITH_KNOTS ( ( 4, 4 ),
 ( 5.921818183272883118, 6.283185307179586232 ),
 .UNSPECIFIED. ) 
 CURVE ( )  GEOMETRIC_REPRESENTATION_ITEM ( )  RATIONAL_B_SPLINE_CURVE ( ( 1.000000000000000000, 0.9891473900925622509, 0.9891473900925622509, 1.000000000000000000 ) ) 
 REPRESENTATION_ITEM ( '' )  );
#2643 = ORIENTED_EDGE ( 'NONE', *, *, #270, .F. ) ;
#2644 = AXIS2_PLACEMENT_3D ( 'NONE', #3753, #8, #5378 ) ;
#2645 = CIRCLE ( 'NONE', #4554, 3.750000000000000000 ) ;
#2646 = CARTESIAN_POINT ( 'NONE',  ( -47.24999999999999289, 27.25000000000000000, -8.500000000000000000 ) ) ;
#2647 = DIRECTION ( 'NONE',  ( -1.000000000000000000, 0.000000000000000000, 0.000000000000000000 ) ) ;
#2648 = ADVANCED_FACE ( 'NONE', ( #307 ), #5204, .T. ) ;
#2649 = VERTEX_POINT ( 'NONE', #1879 ) ;
#2650 = AXIS2_PLACEMENT_3D ( 'NONE', #789, #6132, #6621 ) ;
#2651 = CARTESIAN_POINT ( 'NONE',  ( -49.96130913087035452, 0.000000000000000000, -8.476927309239679076 ) ) ;
#2652 = EDGE_CURVE ( 'NONE', #3265, #910, #2829, .T. ) ;
#2653 = ORIENTED_EDGE ( 'NONE', *, *, #3936, .T. ) ;
#2654 = ORIENTED_EDGE ( 'NONE', *, *, #1836, .F. ) ;
#2655 = ORIENTED_EDGE ( 'NONE', *, *, #5865, .T. ) ;
#2656 = PLANE ( 'NONE',  #3906 ) ;
#2657 = CARTESIAN_POINT ( 'NONE',  ( -16.89476174221818638, 49.04807870206259679, -17.65153410851873161 ) ) ;
#2658 = EDGE_CURVE ( 'NONE', #6286, #4363, #271, .T. ) ;
#2659 = FACE_OUTER_BOUND ( 'NONE', #1882, .T. ) ;
#2660 = CARTESIAN_POINT ( 'NONE',  ( 11.00000000000000000, 56.35001310958131171, -6.382352941176471894 ) ) ;
#2661 = DIRECTION ( 'NONE',  ( 0.000000000000000000, 0.000000000000000000, 1.000000000000000000 ) ) ;
#2662 = ORIENTED_EDGE ( 'NONE', *, *, #2263, .F. ) ;
#2663 = ORIENTED_EDGE ( 'NONE', *, *, #6594, .F. ) ;
#2664 = AXIS2_PLACEMENT_3D ( 'NONE', #5207, #1487, #3632 ) ;
#2665 = FACE_OUTER_BOUND ( 'NONE', #2294, .T. ) ;
#2666 = VERTEX_POINT ( 'NONE', #6170 ) ;
#2667 = FACE_OUTER_BOUND ( 'NONE', #4478, .T. ) ;
#2668 = CARTESIAN_POINT ( 'NONE',  ( -10.74999999999998934, 25.99999999999999645, 0.000000000000000000 ) ) ;
#2669 = DIRECTION ( 'NONE',  ( 1.000000000000000000, 3.235659366516982696E-16, -0.000000000000000000 ) ) ;
#2670 = CARTESIAN_POINT ( 'NONE',  ( -12.30000000000000604, 30.00000000000000000, 11.03369234197131377 ) ) ;
#2671 = ORIENTED_EDGE ( 'NONE', *, *, #4971, .F. ) ;
#2672 = B_SPLINE_CURVE_WITH_KNOTS ( 'NONE', 3,
 ( #3467, #5615, #2932, #5509, #712, #4965 ),
 .UNSPECIFIED., .F., .F.,
 ( 4, 2, 4 ),
 ( 0.000000000000000000, 0.0005401878783788619659, 0.001080375756757723932 ),
 .UNSPECIFIED. ) ;
#2673 = EDGE_LOOP ( 'NONE', ( #1573, #6551, #731, #1729 ) ) ;
#2674 = EDGE_CURVE ( 'NONE', #5259, #4643, #3392, .T. ) ;
#2675 = CARTESIAN_POINT ( 'NONE',  ( 16.87203552677647878, 2.111766191713198904, -17.90554793953387147 ) ) ;
#2676 = VECTOR ( 'NONE', #1542, 1000.000000000000227 ) ;
#2677 = AXIS2_PLACEMENT_3D ( 'NONE', #531, #2239, #2693 ) ;
#2678 = FACE_OUTER_BOUND ( 'NONE', #3420, .T. ) ;
#2679 = FACE_OUTER_BOUND ( 'NONE', #5619, .T. ) ;
#2680 = VERTEX_POINT ( 'NONE', #6087 ) ;
#2681 = ADVANCED_FACE ( 'NONE', ( #4577 ), #2306, .T. ) ;
#2682 = CARTESIAN_POINT ( 'NONE',  ( -16.87203552699077846, 1.969302379850037754, -15.49120662035812046 ) ) ;
#2683 = CARTESIAN_POINT ( 'NONE',  ( -16.91821926982770208, 49.24689907372975739, -15.07360450144575736 ) ) ;
#2684 = AXIS2_PLACEMENT_3D ( 'NONE', #1959, #3150, #4097 ) ;
#2685 = VERTEX_POINT ( 'NONE', #2378 ) ;
#2686 = DIRECTION ( 'NONE',  ( 0.000000000000000000, 0.000000000000000000, 1.000000000000000000 ) ) ;
#2687 = CARTESIAN_POINT ( 'NONE',  ( -50.24999999999999289, 27.25000000000000000, -5.000000000000000000 ) ) ;
#2688 = ORIENTED_EDGE ( 'NONE', *, *, #422, .F. ) ;
#2689 = DIRECTION ( 'NONE',  ( 0.000000000000000000, 1.000000000000000000, 0.000000000000000000 ) ) ;
#2690 = EDGE_CURVE ( 'NONE', #6404, #1526, #6578, .T. ) ;
#2691 = ORIENTED_EDGE ( 'NONE', *, *, #4468, .T. ) ;
#2692 = ORIENTED_EDGE ( 'NONE', *, *, #1120, .T. ) ;
#2693 = DIRECTION ( 'NONE',  ( 1.000000000000000000, 0.000000000000000000, 1.067522139062650425E-16 ) ) ;
#2694 = FACE_OUTER_BOUND ( 'NONE', #2617, .T. ) ;
#2695 = PRODUCT_DEFINITION ( 'UNKNOWN', '', #2441, #3431 ) ;
#2696 = FACE_BOUND ( 'NONE', #1795, .T. ) ;
#2697 = DIRECTION ( 'NONE',  ( -1.000000000000000000, 0.000000000000000000, 0.000000000000000000 ) ) ;
#2698 = EDGE_CURVE ( 'NONE', #2003, #3926, #316, .T. ) ;
#2699 = ORIENTED_EDGE ( 'NONE', *, *, #4560, .T. ) ;
#2700 = DIRECTION ( 'NONE',  ( 0.000000000000000000, 0.9063077870366484934, -0.4226182617407029385 ) ) ;
#2701 = EDGE_CURVE ( 'NONE', #910, #3291, #5614, .T. ) ;
#2702 = CARTESIAN_POINT ( 'NONE',  ( -11.00000000000000000, 0.000000000000000000, 0.000000000000000000 ) ) ;
#2703 = ORIENTED_EDGE ( 'NONE', *, *, #3776, .T. ) ;
#2704 = DIRECTION ( 'NONE',  ( 0.000000000000000000, 0.000000000000000000, -1.000000000000000000 ) ) ;
#2705 = ORIENTED_EDGE ( 'NONE', *, *, #3729, .F. ) ;
#2706 = CARTESIAN_POINT ( 'NONE',  ( 16.91736677378460030, 2.361225066249984295, -18.07590330973424386 ) ) ;
#2707 = CARTESIAN_POINT ( 'NONE',  ( -16.75000000000000000, 2.251468370014453324, -17.52205048220300654 ) ) ;
#2708 = ORIENTED_EDGE ( 'NONE', *, *, #4356, .T. ) ;
#2709 = CARTESIAN_POINT ( 'NONE',  ( 11.00000000000000000, 49.99999999999999289, -19.99999999999999645 ) ) ;
#2710 = EDGE_CURVE ( 'NONE', #1713, #6667, #4896, .T. ) ;
#2711 = CYLINDRICAL_SURFACE ( 'NONE', #3997, 1.100000000000000311 ) ;
#2712 = ORIENTED_EDGE ( 'NONE', *, *, #5850, .F. ) ;
#2713 = EDGE_CURVE ( 'NONE', #3783, #3926, #3779, .T. ) ;
#2714 = EDGE_CURVE ( 'NONE', #3265, #4684, #3526, .T. ) ;
#2715 = CARTESIAN_POINT ( 'NONE',  ( 30.99408951221000663, 20.99999999999999645, 13.75000000000000000 ) ) ;
#2716 = CARTESIAN_POINT ( 'NONE',  ( -16.75000000000000355, 49.50463776617022660, -15.83984817837235859 ) ) ;
#2717 = ORIENTED_EDGE ( 'NONE', *, *, #5339, .F. ) ;
#2718 = CARTESIAN_POINT ( 'NONE',  ( -13.30000000000000249, 0.000000000000000000, 16.25000000000000000 ) ) ;
#2719 = ADVANCED_FACE ( 'NONE', ( #1777 ), #3921, .F. ) ;
#2720 = DIRECTION ( 'NONE',  ( -1.000000000000000000, 0.000000000000000000, 0.000000000000000000 ) ) ;
#2721 = ORIENTED_EDGE ( 'NONE', *, *, #885, .F. ) ;
#2722 = CARTESIAN_POINT ( 'NONE',  ( 30.99408951221000663, 25.99999999999999645, 13.75000000000000000 ) ) ;
#2723 = EDGE_LOOP ( 'NONE', ( #5900, #5359, #3966, #6466 ) ) ;
#2724 = VERTEX_POINT ( 'NONE', #6854 ) ;
#2725 = CARTESIAN_POINT ( 'NONE',  ( 18.82229303635612183, 52.48898899327898704, -14.66234587884110141 ) ) ;
#2726 = CARTESIAN_POINT ( 'NONE',  ( -50.24999999999999289, 27.25000000000000000, 15.50000000000000000 ) ) ;
#2727 = DIRECTION ( 'NONE',  ( 0.7020097385238772691, -0.5855849804740975717, 0.4053055115105003714 ) ) ;
#2728 = VECTOR ( 'NONE', #6050, 1000.000000000000000 ) ;
#2729 = EDGE_CURVE ( 'NONE', #5292, #2321, #6231, .T. ) ;
#2730 = FACE_OUTER_BOUND ( 'NONE', #528, .T. ) ;
#2731 = CYLINDRICAL_SURFACE ( 'NONE', #5105, 0.5000000000000004441 ) ;
#2732 = DIRECTION ( 'NONE',  ( 0.000000000000000000, 2.668805347656626185E-16, -1.000000000000000000 ) ) ;
#2733 = ORIENTED_EDGE ( 'NONE', *, *, #6435, .T. ) ;
#2734 = CIRCLE ( 'NONE', #2285, 1.749999999999999778 ) ;
#2735 = CARTESIAN_POINT ( 'NONE',  ( -16.75000000000000355, 50.00000000000000000, -15.17072594216365822 ) ) ;
#2736 = ORIENTED_EDGE ( 'NONE', *, *, #3727, .T. ) ;
#2737 = LINE ( 'NONE', #4942, #3696 ) ;
#2738 = DIRECTION ( 'NONE',  ( 0.000000000000000000, 1.000000000000000000, -6.938893903907228378E-15 ) ) ;
#2739 = CARTESIAN_POINT ( 'NONE',  ( -50.24999999999999289, 0.000000000000000000, 16.49809008122833021 ) ) ;
#2740 = PLANE ( 'NONE',  #5788 ) ;
#2741 = ORIENTED_EDGE ( 'NONE', *, *, #843, .F. ) ;
#2742 = EDGE_LOOP ( 'NONE', ( #2688, #1474, #1657, #4131 ) ) ;
#2743 = ADVANCED_FACE ( 'NONE', ( #4603 ), #4228, .F. ) ;
#2744 = LINE ( 'NONE', #5395, #2922 ) ;
#2745 = EDGE_CURVE ( 'NONE', #6114, #1027, #6757, .T. ) ;
#2746 = CARTESIAN_POINT ( 'NONE',  ( -42.12499999999999289, 4.999999999999996447, 17.43744331762962219 ) ) ;
#2747 = FACE_OUTER_BOUND ( 'NONE', #5730, .T. ) ;
#2748 = ORIENTED_EDGE ( 'NONE', *, *, #1748, .F. ) ;
#2749 = AXIS2_PLACEMENT_3D ( 'NONE', #1881, #1489, #5750 ) ;
#2750 =( BOUNDED_CURVE ( )  B_SPLINE_CURVE ( 3, ( #6265, #1415, #4673, #3561 ),
 .UNSPECIFIED., .F., .F. ) 
 B_SPLINE_CURVE_WITH_KNOTS ( ( 4, 4 ),
 ( 6.052846188546245898, 6.283185307179586232 ),
 .UNSPECIFIED. ) 
 CURVE ( )  GEOMETRIC_REPRESENTATION_ITEM ( )  RATIONAL_B_SPLINE_CURVE ( ( 1.000000000000000000, 0.9955835424426699998, 0.9955835424426699998, 1.000000000000000000 ) ) 
 REPRESENTATION_ITEM ( '' )  );
#2751 = DIRECTION ( 'NONE',  ( -1.000000000000000000, 0.000000000000000000, 0.000000000000000000 ) ) ;
#2752 = ADVANCED_FACE ( 'NONE', ( #2051 ), #3070, .T. ) ;
#2753 = VERTEX_POINT ( 'NONE', #4162 ) ;
#2754 = DIRECTION ( 'NONE',  ( 0.6715429342378181898, 0.6715429342378181898, 0.3131456130149724015 ) ) ;
#2755 = CIRCLE ( 'NONE', #5673, 0.5000000000000004441 ) ;
#2756 = EDGE_CURVE ( 'NONE', #6083, #90, #3060, .T. ) ;
#2757 = CARTESIAN_POINT ( 'NONE',  ( 49.74999999999999289, 38.11378996556252474, 20.33261462722317603 ) ) ;
#2758 = DIRECTION ( 'NONE',  ( 0.000000000000000000, -0.4226182617407002740, -0.9063077870366496036 ) ) ;
#2759 = CIRCLE ( 'NONE', #3768, 2.249999999999995115 ) ;
#2760 = VECTOR ( 'NONE', #1767, 1000.000000000000000 ) ;
#2761 = ORIENTED_EDGE ( 'NONE', *, *, #6178, .F. ) ;
#2762 = ORIENTED_EDGE ( 'NONE', *, *, #3510, .F. ) ;
#2763 = FACE_OUTER_BOUND ( 'NONE', #2302, .T. ) ;
#2764 = CARTESIAN_POINT ( 'NONE',  ( 49.74999999999999289, -9.746278703340096352E-16, -0.3658382211755867863 ) ) ;
#2765 = DIRECTION ( 'NONE',  ( 0.000000000000000000, 0.000000000000000000, -1.000000000000000000 ) ) ;
#2766 = AXIS2_PLACEMENT_3D ( 'NONE', #1721, #6564, #5498 ) ;
#2767 = DIRECTION ( 'NONE',  ( -1.000000000000000000, 0.000000000000000000, 0.000000000000000000 ) ) ;
#2768 = EDGE_LOOP ( 'NONE', ( #6063, #3560, #1595, #2952, #3795 ) ) ;
#2769 = DIRECTION ( 'NONE',  ( -0.8082470628736683205, 0.5888435151685791347, 0.000000000000000000 ) ) ;
#2770 = ORIENTED_EDGE ( 'NONE', *, *, #2698, .T. ) ;
#2771 = DIRECTION ( 'NONE',  ( -1.000000000000000000, 0.000000000000000000, 0.000000000000000000 ) ) ;
#2772 = EDGE_CURVE ( 'NONE', #4562, #562, #6799, .T. ) ;
#2773 = CIRCLE ( 'NONE', #540, 0.5000000000000025535 ) ;
#2774 = ORIENTED_EDGE ( 'NONE', *, *, #6160, .F. ) ;
#2775 = LINE ( 'NONE', #1098, #5275 ) ;
#2776 = LINE ( 'NONE', #1102, #5708 ) ;
#2777 = VERTEX_POINT ( 'NONE', #3565 ) ;
#2778 = CYLINDRICAL_SURFACE ( 'NONE', #3652, 1.500000000000001332 ) ;
#2779 = VECTOR ( 'NONE', #1125, 1000.000000000000000 ) ;
#2780 = EDGE_CURVE ( 'NONE', #2520, #2467, #3106, .T. ) ;
#2781 = CARTESIAN_POINT ( 'NONE',  ( -12.30000000000000426, 30.00000000000000000, -4.033692341718700725 ) ) ;
#2782 = CARTESIAN_POINT ( 'NONE',  ( 25.25000000000000000, 55.59569189786000010, -8.000000000000005329 ) ) ;
#2783 = ORIENTED_EDGE ( 'NONE', *, *, #2472, .F. ) ;
#2784 = VECTOR ( 'NONE', #40, 1000.000000000000000 ) ;
#2785 = AXIS2_PLACEMENT_3D ( 'NONE', #35, #6444, #5962 ) ;
#2786 = CARTESIAN_POINT ( 'NONE',  ( -11.00000000000000000, 61.00000000000000711, -6.382352941176472783 ) ) ;
#2787 = VERTEX_POINT ( 'NONE', #940 ) ;
#2788 = CARTESIAN_POINT ( 'NONE',  ( 19.66421356237311002, 0.000000000000000000, -19.66179604254847746 ) ) ;
#2789 = VECTOR ( 'NONE', #6454, 1000.000000000000227 ) ;
#2790 = FACE_OUTER_BOUND ( 'NONE', #5898, .T. ) ;
#2791 = DIRECTION ( 'NONE',  ( 0.9458518606006282026, 0.000000000000000000, 0.3245986102840391352 ) ) ;
#2792 =( BOUNDED_CURVE ( )  B_SPLINE_CURVE ( 3, ( #51, #1688, #5461, #2255 ),
 .UNSPECIFIED., .F., .F. ) 
 B_SPLINE_CURVE_WITH_KNOTS ( ( 4, 4 ),
 ( 4.712388980384689674, 6.283185307179586232 ),
 .UNSPECIFIED. ) 
 CURVE ( )  GEOMETRIC_REPRESENTATION_ITEM ( )  RATIONAL_B_SPLINE_CURVE ( ( 1.000000000000000000, 0.8047378541243649375, 0.8047378541243649375, 1.000000000000000000 ) ) 
 REPRESENTATION_ITEM ( '' )  );
#2793 = ORIENTED_EDGE ( 'NONE', *, *, #4243, .F. ) ;
#2794 = CARTESIAN_POINT ( 'NONE',  ( -49.74999999999999289, 38.11378996556252474, -8.342308546125103419 ) ) ;
#2795 = ORIENTED_EDGE ( 'NONE', *, *, #3348, .T. ) ;
#2796 = AXIS2_PLACEMENT_3D ( 'NONE', #3447, #895, #805 ) ;
#2797 = ORIENTED_EDGE ( 'NONE', *, *, #3376, .T. ) ;
#2798 = FACE_BOUND ( 'NONE', #6528, .T. ) ;
#2799 = DIRECTION ( 'NONE',  ( -0.000000000000000000, 0.000000000000000000, 1.000000000000000000 ) ) ;
#2800 = LINE ( 'NONE', #167, #3527 ) ;
#2801 = FACE_OUTER_BOUND ( 'NONE', #33, .T. ) ;
#2802 = CIRCLE ( 'NONE', #120, 0.5000000000000004441 ) ;
#2803 = EDGE_CURVE ( 'NONE', #4917, #5720, #1437, .T. ) ;
#2804 = DIRECTION ( 'NONE',  ( 0.000000000000000000, 0.4226182617406971653, 0.9063077870366509359 ) ) ;
#2805 = ORIENTED_EDGE ( 'NONE', *, *, #4392, .F. ) ;
#2806 = ADVANCED_FACE ( 'NONE', ( #6329 ), #5169, .F. ) ;
#2807 = CARTESIAN_POINT ( 'NONE',  ( -13.25000000000000533, 23.49999999999999645, 13.75000000000000000 ) ) ;
#2808 = ORIENTED_EDGE ( 'NONE', *, *, #2417, .F. ) ;
#2809 = CARTESIAN_POINT ( 'NONE',  ( -50.20587650250300982, 28.16847853836382498, -8.249346880049884589 ) ) ;
#2810 = CARTESIAN_POINT ( 'NONE',  ( 17.00000000000000000, 2.664213562373108246, -18.12361162513370871 ) ) ;
#2811 = DIRECTION ( 'NONE',  ( 1.000000000000000000, 3.235659366516982696E-16, 3.247448634459770893E-32 ) ) ;
#2812 = CARTESIAN_POINT ( 'NONE',  ( -48.00000000000001421, 4.024744871520487877, 12.50000000012629897 ) ) ;
#2813 = EDGE_CURVE ( 'NONE', #2351, #4375, #4529, .T. ) ;
#2814 = ORIENTED_EDGE ( 'NONE', *, *, #630, .T. ) ;
#2815 = CARTESIAN_POINT ( 'NONE',  ( -47.24999999999999289, 2.799999999999993605, 14.84999999999999964 ) ) ;
#2816 = DIRECTION ( 'NONE',  ( 0.000000000000000000, -0.000000000000000000, 1.000000000000000000 ) ) ;
#2817 = ORIENTED_EDGE ( 'NONE', *, *, #6321, .F. ) ;
#2818 = CARTESIAN_POINT ( 'NONE',  ( -47.24999999999999289, 2.180682860840310155, -5.840909090825856964 ) ) ;
#2819 = ORIENTED_EDGE ( 'NONE', *, *, #3731, .T. ) ;
#2820 = EDGE_CURVE ( 'NONE', #1903, #4094, #6138, .T. ) ;
#2821 = DIRECTION ( 'NONE',  ( -0.3245986102840391907, 0.000000000000000000, 0.9458518606006284246 ) ) ;
#2822 = CARTESIAN_POINT ( 'NONE',  ( -50.24999999999999289, 0.000000000000000000, 17.00000000000000000 ) ) ;
#2823 = EDGE_LOOP ( 'NONE', ( #5225, #2354 ) ) ;
#2824 = CARTESIAN_POINT ( 'NONE',  ( -16.75000000000000000, 48.33917413069173108, -17.69059892324148464 ) ) ;
#2825 = ORIENTED_EDGE ( 'NONE', *, *, #1504, .T. ) ;
#2826 = ORIENTED_EDGE ( 'NONE', *, *, #5187, .T. ) ;
#2827 = EDGE_LOOP ( 'NONE', ( #4780, #311, #3043, #4014, #4369, #849, #4486 ) ) ;
#2828 = CARTESIAN_POINT ( 'NONE',  ( -20.99999999999999645, 2.800000000000014477, -7.850000000000001421 ) ) ;
#2829 = LINE ( 'NONE', #3466, #6256 ) ;
#2830 =( BOUNDED_CURVE ( )  B_SPLINE_CURVE ( 3, ( #4614, #5332, #4099, #1465 ),
 .UNSPECIFIED., .F., .F. ) 
 B_SPLINE_CURVE_WITH_KNOTS ( ( 4, 4 ),
 ( 3.260876303674983046, 4.172638970249897383 ),
 .UNSPECIFIED. ) 
 CURVE ( )  GEOMETRIC_REPRESENTATION_ITEM ( )  RATIONAL_B_SPLINE_CURVE ( ( 1.000000000000000000, 0.9319155777343950398, 0.9319155777343950398, 1.000000000000000000 ) ) 
 REPRESENTATION_ITEM ( '' )  );
#2831 = LINE ( 'NONE', #3922, #1511 ) ;
#2832 = ADVANCED_FACE ( 'NONE', ( #3142 ), #5256, .F. ) ;
#2833 = PLANE ( 'NONE',  #1302 ) ;
#2834 = ORIENTED_EDGE ( 'NONE', *, *, #4137, .F. ) ;
#2835 = CARTESIAN_POINT ( 'NONE',  ( -46.39792174587060458, 3.807785634534786912, -6.228217388206318539 ) ) ;
#2836 = CARTESIAN_POINT ( 'NONE',  ( -47.24999999999999289, 0.000000000000000000, 0.000000000000000000 ) ) ;
#2837 = ORIENTED_EDGE ( 'NONE', *, *, #230, .T. ) ;
#2838 = DIRECTION ( 'NONE',  ( -0.4138029443444983246, 0.000000000000000000, -0.9103664774429164330 ) ) ;
#2839 = EDGE_CURVE ( 'NONE', #4613, #133, #6687, .T. ) ;
#2840 = DIRECTION ( 'NONE',  ( 0.000000000000000000, 0.000000000000000000, 1.000000000000000000 ) ) ;
#2841 = CARTESIAN_POINT ( 'NONE',  ( 26.57567759002697372, 4.197409558671490792, 11.66663324225681997 ) ) ;
#2842 = EDGE_CURVE ( 'NONE', #1608, #1526, #519, .T. ) ;
#2843 = FACE_OUTER_BOUND ( 'NONE', #4474, .T. ) ;
#2844 = VERTEX_POINT ( 'NONE', #5401 ) ;
#2845 = CYLINDRICAL_SURFACE ( 'NONE', #1995, 2.250000000000001776 ) ;
#2846 = CARTESIAN_POINT ( 'NONE',  ( -20.25000000000000000, 53.19420745836173836, -12.86132486540518016 ) ) ;
#2847 = CARTESIAN_POINT ( 'NONE',  ( -16.89644660940673404, 49.07697661942471257, -17.59354906015632025 ) ) ;
#2848 = DIRECTION ( 'NONE',  ( 0.000000000000000000, 0.000000000000000000, 1.000000000000000000 ) ) ;
#2849 = ORIENTED_EDGE ( 'NONE', *, *, #5982, .T. ) ;
#2850 = DIRECTION ( 'NONE',  ( -0.000000000000000000, -0.5000000000000009992, 0.8660254037844380415 ) ) ;
#2851 = VERTEX_POINT ( 'NONE', #5433 ) ;
#2852 = FACE_OUTER_BOUND ( 'NONE', #11, .T. ) ;
#2853 = FACE_BOUND ( 'NONE', #2945, .T. ) ;
#2854 = ORIENTED_EDGE ( 'NONE', *, *, #4046, .F. ) ;
#2855 = CARTESIAN_POINT ( 'NONE',  ( -16.89391632740430182, 48.85358852326070433, -17.93696890064994776 ) ) ;
#2856 = ORIENTED_EDGE ( 'NONE', *, *, #3563, .T. ) ;
#2857 = ORIENTED_EDGE ( 'NONE', *, *, #3981, .T. ) ;
#2858 = EDGE_CURVE ( 'NONE', #3230, #1405, #992, .T. ) ;
#2859 = AXIS2_PLACEMENT_3D ( 'NONE', #485, #2613, #86 ) ;
#2860 = DIRECTION ( 'NONE',  ( 0.000000000000000000, 0.4226182617406971653, 0.9063077870366509359 ) ) ;
#2861 = CARTESIAN_POINT ( 'NONE',  ( -16.75000000000000355, 2.664213562373108690, -15.45940107675847308 ) ) ;
#2862 = CARTESIAN_POINT ( 'NONE',  ( 11.00000000000000000, 5.299999999999993605, 15.30508365069896293 ) ) ;
#2863 = EDGE_CURVE ( 'NONE', #714, #2414, #179, .T. ) ;
#2864 = CARTESIAN_POINT ( 'NONE',  ( -17.62499999999999645, 23.49999999999999645, 19.05598359285921717 ) ) ;
#2865 = VECTOR ( 'NONE', #4589, 1000.000000000000114 ) ;
#2866 = ORIENTED_EDGE ( 'NONE', *, *, #254, .T. ) ;
#2867 = VECTOR ( 'NONE', #6082, 1000.000000000000000 ) ;
#2868 = FACE_OUTER_BOUND ( 'NONE', #3646, .T. ) ;
#2869 = ORIENTED_EDGE ( 'NONE', *, *, #5219, .T. ) ;
#2870 = CARTESIAN_POINT ( 'NONE',  ( -26.75017591195673816, 50.48492421963779719, -18.96007665506401452 ) ) ;
#2871 = CARTESIAN_POINT ( 'NONE',  ( 14.83244163366534174, 40.98992820278115090, -38.13906053184754086 ) ) ;
#2872 =( BOUNDED_CURVE ( )  B_SPLINE_CURVE ( 3, ( #1247, #4571, #199, #5639 ),
 .UNSPECIFIED., .F., .F. ) 
 B_SPLINE_CURVE_WITH_KNOTS ( ( 4, 4 ),
 ( 3.502959777496500227, 4.712388980384688786 ),
 .UNSPECIFIED. ) 
 CURVE ( )  GEOMETRIC_REPRESENTATION_ITEM ( )  RATIONAL_B_SPLINE_CURVE ( ( 1.000000000000000000, 0.8817762586720242490, 0.8817762586720242490, 1.000000000000000000 ) ) 
 REPRESENTATION_ITEM ( '' )  );
#2873 = CARTESIAN_POINT ( 'NONE',  ( -11.00000000000000000, 2.799999999999993605, 12.65000000000000036 ) ) ;
#2874 = AXIS2_PLACEMENT_3D ( 'NONE', #3279, #2081, #480 ) ;
#2875 = CARTESIAN_POINT ( 'NONE',  ( 49.74999999999999289, 39.11378996556253185, -0.3658382211755820124 ) ) ;
#2876 = PLANE ( 'NONE',  #5680 ) ;
#2877 = ORIENTED_EDGE ( 'NONE', *, *, #6182, .T. ) ;
#2878 = VECTOR ( 'NONE', #3991, 1000.000000000000000 ) ;
#2879 = DIRECTION ( 'NONE',  ( 1.000000000000000000, -0.000000000000000000, -0.000000000000000000 ) ) ;
#2880 = DIRECTION ( 'NONE',  ( 1.000000000000000000, 0.000000000000000000, -1.284980352575412699E-16 ) ) ;
#2881 = DIRECTION ( 'NONE',  ( 0.000000000000000000, 0.000000000000000000, 1.000000000000000000 ) ) ;
#2882 = AXIS2_PLACEMENT_3D ( 'NONE', #3751, #1704, #3221 ) ;
#2883 = CARTESIAN_POINT ( 'NONE',  ( -11.00000000000000000, 2.799999999999993605, 13.75000000000000000 ) ) ;
#2884 = ORIENTED_EDGE ( 'NONE', *, *, #1167, .F. ) ;
#2885 = EDGE_CURVE ( 'NONE', #2082, #4952, #1178, .T. ) ;
#2886 = EDGE_CURVE ( 'NONE', #2106, #1065, #2156, .T. ) ;
#2887 = CARTESIAN_POINT ( 'NONE',  ( -30.00000000000000000, 30.00000000000000000, 6.384161778824429589 ) ) ;
#2888 = AXIS2_PLACEMENT_3D ( 'NONE', #4221, #6360, #5315 ) ;
#2889 = ORIENTED_EDGE ( 'NONE', *, *, #3019, .T. ) ;
#2890 = CARTESIAN_POINT ( 'NONE',  ( -46.43991337396928998, 3.671670094059727329, 13.03539245620363118 ) ) ;
#2891 = FACE_OUTER_BOUND ( 'NONE', #5800, .T. ) ;
#2892 = AXIS2_PLACEMENT_3D ( 'NONE', #3481, #2811, #722 ) ;
#2893 = ORIENTED_EDGE ( 'NONE', *, *, #2780, .F. ) ;
#2894 = FACE_OUTER_BOUND ( 'NONE', #3323, .T. ) ;
#2895 = CARTESIAN_POINT ( 'NONE',  ( -50.24999999999999289, 5.299999999999993605, -7.500000000000001776 ) ) ;
#2896 = AXIS2_PLACEMENT_3D ( 'NONE', #2943, #1335, #6141 ) ;
#2897 = CIRCLE ( 'NONE', #1550, 16.00000000000000000 ) ;
#2898 = PLANE ( 'NONE',  #3228 ) ;
#2899 = DIRECTION ( 'NONE',  ( 0.000000000000000000, 0.000000000000000000, 1.000000000000000000 ) ) ;
#2900 = LINE ( 'NONE', #6652, #4994 ) ;
#2901 = ORIENTED_EDGE ( 'NONE', *, *, #3474, .T. ) ;
#2902 = LINE ( 'NONE', #5512, #2878 ) ;
#2903 = CIRCLE ( 'NONE', #4145, 0.4999999999999988343 ) ;
#2904 = VERTEX_POINT ( 'NONE', #600 ) ;
#2905 = CARTESIAN_POINT ( 'NONE',  ( 32.90097239796580197, 25.68278038508167782, 12.51786089505252164 ) ) ;
#2906 = LINE ( 'NONE', #6660, #6168 ) ;
#2907 = EDGE_CURVE ( 'NONE', #2331, #6857, #2338, .T. ) ;
#2908 = ORIENTED_EDGE ( 'NONE', *, *, #5556, .F. ) ;
#2909 = DIRECTION ( 'NONE',  ( 0.000000000000000000, -1.000000000000000000, 0.000000000000000000 ) ) ;
#2910 = VECTOR ( 'NONE', #616, 1000.000000000000000 ) ;
#2911 = CARTESIAN_POINT ( 'NONE',  ( -20.25000000000000000, 53.25058831616023269, -12.86434494600456269 ) ) ;
#2912 = ADVANCED_FACE ( 'NONE', ( #1590 ), #5848, .T. ) ;
#2913 = CARTESIAN_POINT ( 'NONE',  ( 16.75000000000000000, 48.68060041011194272, -17.60700199059282056 ) ) ;
#2914 = VERTEX_POINT ( 'NONE', #5884 ) ;
#2915 = EDGE_LOOP ( 'NONE', ( #3955, #3074, #486, #3473, #2564 ) ) ;
#2916 = DIRECTION ( 'NONE',  ( -6.938893903907211023E-15, 1.000000000000000000, -3.235659366516958537E-15 ) ) ;
#2917 = CYLINDRICAL_SURFACE ( 'NONE', #1782, 2.250000000000001776 ) ;
#2918 = CARTESIAN_POINT ( 'NONE',  ( -12.97668112951050290, 2.209590060649421872, 11.34923393479103026 ) ) ;
#2919 = EDGE_CURVE ( 'NONE', #3578, #2041, #4239, .T. ) ;
#2920 = LINE ( 'NONE', #5796, #5107 ) ;
#2921 = ORIENTED_EDGE ( 'NONE', *, *, #2068, .T. ) ;
#2922 = VECTOR ( 'NONE', #6427, 1000.000000000000000 ) ;
#2923 = DIRECTION ( 'NONE',  ( 0.000000000000000000, 0.000000000000000000, -1.000000000000000000 ) ) ;
#2924 = VERTEX_POINT ( 'NONE', #57 ) ;
#2925 = EDGE_CURVE ( 'NONE', #1668, #4719, #4294, .T. ) ;
#2926 = CARTESIAN_POINT ( 'NONE',  ( -48.00000000000001421, 27.25000000000000000, -5.000000000000000000 ) ) ;
#2927 = EDGE_CURVE ( 'NONE', #6859, #808, #3839, .T. ) ;
#2928 = LINE ( 'NONE', #666, #2867 ) ;
#2929 = CARTESIAN_POINT ( 'NONE',  ( -16.93256706936463019, 48.61099645703371408, -18.08467920447912647 ) ) ;
#2930 = CARTESIAN_POINT ( 'NONE',  ( 16.75000000000000000, 2.222496787393868356, -17.44268528699207721 ) ) ;
#2931 = CARTESIAN_POINT ( 'NONE',  ( -16.75000000000000355, 2.202792786380652679, -15.36861835127889186 ) ) ;
#2932 = CARTESIAN_POINT ( 'NONE',  ( -50.20587650250300982, 3.718478538363811925, -8.249346880049881037 ) ) ;
#2933 = CARTESIAN_POINT ( 'NONE',  ( -47.24999999999999289, 2.799999999999993605, -6.749999999999998224 ) ) ;
#2934 = ORIENTED_EDGE ( 'NONE', *, *, #1050, .T. ) ;
#2935 = DIRECTION ( 'NONE',  ( -0.000000000000000000, -1.000000000000000000, -0.000000000000000000 ) ) ;
#2936 = ORIENTED_EDGE ( 'NONE', *, *, #24, .T. ) ;
#2937 = VERTEX_POINT ( 'NONE', #28 ) ;
#2938 = DIRECTION ( 'NONE',  ( 0.000000000000000000, 0.000000000000000000, -1.000000000000000000 ) ) ;
#2939 = EDGE_LOOP ( 'NONE', ( #2619, #3544, #5774, #6257 ) ) ;
#2940 = DIRECTION ( 'NONE',  ( -0.8892053820944804121, 0.1933513365602811118, 0.4146432793432953678 ) ) ;
#2941 = EDGE_CURVE ( 'NONE', #1123, #1106, #6434, .T. ) ;
#2942 = CARTESIAN_POINT ( 'NONE',  ( -25.13915266867853049, 49.99999999999998579, -19.99999999999999289 ) ) ;
#2943 = CARTESIAN_POINT ( 'NONE',  ( -49.74999999999999289, 0.000000000000000000, -8.023773415721354496 ) ) ;
#2944 = DIRECTION ( 'NONE',  ( 0.9458518606006282026, 0.000000000000000000, 0.3245986102840391352 ) ) ;
#2945 = EDGE_LOOP ( 'NONE', ( #830, #2340 ) ) ;
#2946 = VERTEX_POINT ( 'NONE', #3775 ) ;
#2947 = ORIENTED_EDGE ( 'NONE', *, *, #2919, .F. ) ;
#2948 = EDGE_CURVE ( 'NONE', #4379, #2020, #1176, .T. ) ;
#2949 = EDGE_LOOP ( 'NONE', ( #3747, #5843, #4293, #2615 ) ) ;
#2950 = CARTESIAN_POINT ( 'NONE',  ( -11.00000000000000000, 0.000000000000000000, 0.000000000000000000 ) ) ;
#2951 = CARTESIAN_POINT ( 'NONE',  ( -46.39792174587059748, 28.25778563453479464, -6.228217388206315874 ) ) ;
#2952 = ORIENTED_EDGE ( 'NONE', *, *, #135, .F. ) ;
#2953 = CARTESIAN_POINT ( 'NONE',  ( -47.24999999999999289, 27.25000000000000000, 13.75000000000000000 ) ) ;
#2954 = ADVANCED_FACE ( 'NONE', ( #2191 ), #3285, .T. ) ;
#2955 = ORIENTED_EDGE ( 'NONE', *, *, #6225, .F. ) ;
#2956 = EDGE_CURVE ( 'NONE', #4983, #529, #1893, .T. ) ;
#2957 = AXIS2_PLACEMENT_3D ( 'NONE', #553, #20, #510 ) ;
#2958 = CARTESIAN_POINT ( 'NONE',  ( -30.00000000000000000, 33.50000000000000000, 12.38416177882442426 ) ) ;
#2959 = VECTOR ( 'NONE', #6818, 1000.000000000000227 ) ;
#2960 = CYLINDRICAL_SURFACE ( 'NONE', #3900, 3.750000000000000000 ) ;
#2961 = CARTESIAN_POINT ( 'NONE',  ( -20.25000000000000000, 0.000000000000000000, -8.000000000000000000 ) ) ;
#2962 = VERTEX_POINT ( 'NONE', #4953 ) ;
#2963 = CARTESIAN_POINT ( 'NONE',  ( 16.75000000000000000, 2.252775734606961677, -17.49512996196485304 ) ) ;
#2964 = CARTESIAN_POINT ( 'NONE',  ( -20.62499999999999645, 6.499999999999998224, 31.24999999999999645 ) ) ;
#2965 = DIRECTION ( 'NONE',  ( -1.000000000000000000, 0.000000000000000000, 0.000000000000000000 ) ) ;
#2966 = CARTESIAN_POINT ( 'NONE',  ( -17.00000000000000711, 48.97576449542425081, -15.02638837486625256 ) ) ;
#2967 = ORIENTED_EDGE ( 'NONE', *, *, #5077, .T. ) ;
#2968 = DIRECTION ( 'NONE',  ( 1.000000000000000000, 0.000000000000000000, -5.337610695313252124E-17 ) ) ;
#2969 = ORIENTED_EDGE ( 'NONE', *, *, #5494, .T. ) ;
#2970 = VECTOR ( 'NONE', #2478, 1000.000000000000000 ) ;
#2971 = EDGE_LOOP ( 'NONE', ( #4789, #790 ) ) ;
#2972 =( BOUNDED_CURVE ( )  B_SPLINE_CURVE ( 3, ( #4512, #3923, #1845, #1261 ),
 .UNSPECIFIED., .F., .F. ) 
 B_SPLINE_CURVE_WITH_KNOTS ( ( 4, 4 ),
 ( 0.4455438437281135089, 1.104029683305285170 ),
 .UNSPECIFIED. ) 
 CURVE ( )  GEOMETRIC_REPRESENTATION_ITEM ( )  RATIONAL_B_SPLINE_CURVE ( ( 1.000000000000000000, 0.9641915992984350092, 0.9641915992984350092, 1.000000000000000000 ) ) 
 REPRESENTATION_ITEM ( '' )  );
#2973 = DIRECTION ( 'NONE',  ( 0.000000000000000000, 0.000000000000000000, 1.000000000000000000 ) ) ;
#2974 = CARTESIAN_POINT ( 'NONE',  ( 16.75000000000000000, 49.26348180898742157, -15.24476182343993536 ) ) ;
#2975 = DIRECTION ( 'NONE',  ( -0.9063077870366509359, 0.000000000000000000, -0.4226182617406971653 ) ) ;
#2976 = AXIS2_PLACEMENT_3D ( 'NONE', #4979, #798, #2944 ) ;
#2977 = DIRECTION ( 'NONE',  ( 1.067522139062650425E-16, 0.000000000000000000, -1.000000000000000000 ) ) ;
#2978 = VERTEX_POINT ( 'NONE', #4993 ) ;
#2979 = AXIS2_PLACEMENT_3D ( 'NONE', #4095, #5687, #4610 ) ;
#2980 = EDGE_CURVE ( 'NONE', #3844, #4401, #4902, .T. ) ;
#2981 = AXIS2_PLACEMENT_3D ( 'NONE', #2320, #1790, #6071 ) ;
#2982 = ORIENTED_EDGE ( 'NONE', *, *, #5849, .T. ) ;
#2983 = CARTESIAN_POINT ( 'NONE',  ( -30.00000000000000000, 33.50000000000000000, 7.884161778824434030 ) ) ;
#2984 = DIRECTION ( 'NONE',  ( 1.000000000000000000, -0.000000000000000000, -0.000000000000000000 ) ) ;
#2985 = CARTESIAN_POINT ( 'NONE',  ( -30.00000000000000000, 30.00000000000000000, 10.13416177882442959 ) ) ;
#2986 = VERTEX_POINT ( 'NONE', #6116 ) ;
#2987 = AXIS2_PLACEMENT_3D ( 'NONE', #3824, #5967, #1639 ) ;
#2988 = ORIENTED_EDGE ( 'NONE', *, *, #3297, .T. ) ;
#2989 = EDGE_CURVE ( 'NONE', #3844, #5953, #3871, .T. ) ;
#2990 = CARTESIAN_POINT ( 'NONE',  ( -16.87203552699077491, 1.908744485423855775, -15.59609597030366146 ) ) ;
#2991 = AXIS2_PLACEMENT_3D ( 'NONE', #2383, #3366, #6062 ) ;
#2992 = CARTESIAN_POINT ( 'NONE',  ( -40.62499999999999289, 26.50000000000000000, 19.31844958343699403 ) ) ;
#2993 = EDGE_CURVE ( 'NONE', #6083, #954, #1835, .T. ) ;
#2994 = ADVANCED_FACE ( 'NONE', ( #1725 ), #6051, .T. ) ;
#2995 = LINE ( 'NONE', #5128, #300 ) ;
#2996 = VECTOR ( 'NONE', #4023, 1000.000000000000000 ) ;
#2997 = CARTESIAN_POINT ( 'NONE',  ( 11.00000000000000000, -5.500000000000007994, 3.499999999999999556 ) ) ;
#2998 = CARTESIAN_POINT ( 'NONE',  ( -13.25000000000000533, 2.799999999999993605, 12.65000000000000036 ) ) ;
#2999 = ADVANCED_FACE ( 'NONE', ( #1314 ), #4504, .T. ) ;
#3000 = AXIS2_PLACEMENT_3D ( 'NONE', #4535, #5502, #2437 ) ;
#3001 = CARTESIAN_POINT ( 'NONE',  ( -20.62499999999999645, 26.50000000000000000, 16.24999999999999645 ) ) ;
#3002 = CARTESIAN_POINT ( 'NONE',  ( 25.25000000000000000, 50.00000000000000000, -20.00000000000000000 ) ) ;
#3003 = ORIENTED_EDGE ( 'NONE', *, *, #6401, .F. ) ;
#3004 = LINE ( 'NONE', #3672, #1871 ) ;
#3005 = ORIENTED_EDGE ( 'NONE', *, *, #362, .F. ) ;
#3006 = ORIENTED_EDGE ( 'NONE', *, *, #448, .F. ) ;
#3007 = VERTEX_POINT ( 'NONE', #298 ) ;
#3008 = AXIS2_PLACEMENT_3D ( 'NONE', #988, #346, #1392 ) ;
#3009 = AXIS2_PLACEMENT_3D ( 'NONE', #3845, #6376, #1185 ) ;
#3010 = ORIENTED_EDGE ( 'NONE', *, *, #3919, .T. ) ;
#3011 = CARTESIAN_POINT ( 'NONE',  ( -48.00000000000001421, 2.799999999999993605, -4.999999999999997335 ) ) ;
#3012 = DIRECTION ( 'NONE',  ( -1.000000000000000000, 0.000000000000000000, 0.000000000000000000 ) ) ;
#3013 = ADVANCED_FACE ( 'NONE', ( #703 ), #3385, .F. ) ;
#3014 = LINE ( 'NONE', #3050, #3464 ) ;
#3015 = ADVANCED_FACE ( 'NONE', ( #812 ), #2960, .F. ) ;
#3016 = CARTESIAN_POINT ( 'NONE',  ( 17.25000000000000000, 2.207106781186561673, -17.31737279928379181 ) ) ;
#3017 = CIRCLE ( 'NONE', #904, 1.100000000000000311 ) ;
#3018 = VERTEX_POINT ( 'NONE', #5035 ) ;
#3019 = EDGE_CURVE ( 'NONE', #3869, #4751, #2872, .T. ) ;
#3020 = ORIENTED_EDGE ( 'NONE', *, *, #3866, .T. ) ;
#3021 = DIRECTION ( 'NONE',  ( 0.000000000000000000, 0.9961946980917455452, 0.08715574274765836016 ) ) ;
#3022 = CARTESIAN_POINT ( 'NONE',  ( 16.75000000000000000, 50.00000000000000000, -17.69059892324149175 ) ) ;
#3023 = AXIS2_PLACEMENT_3D ( 'NONE', #5767, #4249, #2495 ) ;
#3024 = DIRECTION ( 'NONE',  ( -0.000000000000000000, -1.000000000000000000, -0.000000000000000000 ) ) ;
#3025 = ORIENTED_EDGE ( 'NONE', *, *, #4254, .F. ) ;
#3026 = CARTESIAN_POINT ( 'NONE',  ( -16.75000000000000355, 50.00000000000000000, -15.45940107675847131 ) ) ;
#3027 = CARTESIAN_POINT ( 'NONE',  ( -16.94277646576623297, 2.454393937052749219, -18.09057360223985711 ) ) ;
#3028 = ORIENTED_EDGE ( 'NONE', *, *, #3474, .F. ) ;
#3029 = EDGE_LOOP ( 'NONE', ( #1543, #3386, #5804, #567 ) ) ;
#3030 = CARTESIAN_POINT ( 'NONE',  ( -17.25000000000000000, 2.664213562373115796, -17.69059892324148464 ) ) ;
#3031 = DIRECTION ( 'NONE',  ( 0.000000000000000000, 0.000000000000000000, 1.000000000000000000 ) ) ;
#3032 = EDGE_LOOP ( 'NONE', ( #1016, #4494, #1701, #3314, #6511, #4237, #4568, #453, #6847, #335 ) ) ;
#3033 = CARTESIAN_POINT ( 'NONE',  ( -40.62499999999999289, 26.50000000000000000, 19.31844958343699403 ) ) ;
#3034 = VERTEX_POINT ( 'NONE', #2926 ) ;
#3035 = DIRECTION ( 'NONE',  ( -2.081668171172166620E-14, 0.000000000000000000, 1.000000000000000000 ) ) ;
#3036 = CARTESIAN_POINT ( 'NONE',  ( 30.00000000000000000, 25.99999999999999645, 13.88416177882443669 ) ) ;
#3037 = CARTESIAN_POINT ( 'NONE',  ( -47.77065838585465940, 1.494926420481053064, 12.57870573865982422 ) ) ;
#3038 = CARTESIAN_POINT ( 'NONE',  ( -47.24999999999999289, 2.325956434654518290, 12.75738592688066753 ) ) ;
#3039 = DIRECTION ( 'NONE',  ( -0.000000000000000000, -1.000000000000000000, -0.000000000000000000 ) ) ;
#3040 = ORIENTED_EDGE ( 'NONE', *, *, #2745, .T. ) ;
#3041 = CARTESIAN_POINT ( 'NONE',  ( -20.25000000000000000, 55.59569189785998589, -8.000000000000000000 ) ) ;
#3042 = EDGE_CURVE ( 'NONE', #4280, #4917, #4792, .T. ) ;
#3043 = ORIENTED_EDGE ( 'NONE', *, *, #655, .T. ) ;
#3044 = ORIENTED_EDGE ( 'NONE', *, *, #4856, .F. ) ;
#3045 = EDGE_CURVE ( 'NONE', #1471, #6522, #5094, .T. ) ;
#3046 = VERTEX_POINT ( 'NONE', #2402 ) ;
#3047 = CARTESIAN_POINT ( 'NONE',  ( -16.89644660940673759, 1.853553390593282169, -15.83262720071616769 ) ) ;
#3048 = ORIENTED_EDGE ( 'NONE', *, *, #2713, .F. ) ;
#3049 = CARTESIAN_POINT ( 'NONE',  ( -13.30000000000000426, 30.00000000000000000, -8.000000000000000000 ) ) ;
#3050 = CARTESIAN_POINT ( 'NONE',  ( 11.00000000000000000, 5.299999999999993605, 0.000000000000000000 ) ) ;
#3051 = CARTESIAN_POINT ( 'NONE',  ( -49.74999999999999289, 55.03291721256735514, -8.023773415721354496 ) ) ;
#3052 = CARTESIAN_POINT ( 'NONE',  ( -40.62499999999999289, 6.499999999999998224, 17.56867631291850884 ) ) ;
#3053 = ORIENTED_EDGE ( 'NONE', *, *, #4755, .T. ) ;
#3054 = LINE ( 'NONE', #5188, #3905 ) ;
#3055 = CARTESIAN_POINT ( 'NONE',  ( 27.68585974666986971, 21.08482337725873990, 13.09255559068824581 ) ) ;
#3056 = DIRECTION ( 'NONE',  ( -0.000000000000000000, 0.000000000000000000, 1.000000000000000000 ) ) ;
#3057 = ADVANCED_FACE ( 'NONE', ( #2852 ), #1348, .T. ) ;
#3058 = EDGE_CURVE ( 'NONE', #3291, #6791, #3592, .T. ) ;
#3059 = CARTESIAN_POINT ( 'NONE',  ( -25.35046179954888146, 0.000000000000000000, -19.95315389351831925 ) ) ;
#3060 =( BOUNDED_CURVE ( )  B_SPLINE_CURVE ( 3, ( #6365, #1951, #1418, #1456 ),
 .UNSPECIFIED., .F., .F. ) 
 B_SPLINE_CURVE_WITH_KNOTS ( ( 4, 4 ),
 ( 5.258631871038316419, 5.507991933972352427 ),
 .UNSPECIFIED. ) 
 CURVE ( )  GEOMETRIC_REPRESENTATION_ITEM ( )  RATIONAL_B_SPLINE_CURVE ( ( 1.000000000000000000, 0.9948250056197732727, 0.9948250056197732727, 1.000000000000000000 ) ) 
 REPRESENTATION_ITEM ( '' )  );
#3061 = EDGE_LOOP ( 'NONE', ( #38, #1765, #802, #6430 ) ) ;
#3062 = ORIENTED_EDGE ( 'NONE', *, *, #697, .F. ) ;
#3063 = CARTESIAN_POINT ( 'NONE',  ( 16.75000000000000000, 49.66243468641425807, -15.91480602388909915 ) ) ;
#3064 = DIRECTION ( 'NONE',  ( 0.000000000000000000, 1.000000000000000000, 0.000000000000000000 ) ) ;
#3065 = CARTESIAN_POINT ( 'NONE',  ( 20.25000000000000000, 53.24696486273517593, -13.03686138121307891 ) ) ;
#3066 = VERTEX_POINT ( 'NONE', #6679 ) ;
#3067 = EDGE_CURVE ( 'NONE', #492, #343, #1324, .T. ) ;
#3068 = CARTESIAN_POINT ( 'NONE',  ( 31.96615923809401849, 25.96829044230088002, 13.33436426516066398 ) ) ;
#3069 = DIRECTION ( 'NONE',  ( -0.000000000000000000, -1.000000000000000000, 0.000000000000000000 ) ) ;
#3070 = CYLINDRICAL_SURFACE ( 'NONE', #5920, 0.5000000000000004441 ) ;
#3071 = CARTESIAN_POINT ( 'NONE',  ( -40.24999999999999289, 5.299999999999993605, -7.500000000000001776 ) ) ;
#3072 = CARTESIAN_POINT ( 'NONE',  ( 16.75000000000000000, 48.97576449542425081, -15.45940107675847663 ) ) ;
#3073 = DIRECTION ( 'NONE',  ( -0.9103664774429163220, 0.000000000000000000, 0.4138029443444982691 ) ) ;
#3074 = ORIENTED_EDGE ( 'NONE', *, *, #63, .F. ) ;
#3075 = ORIENTED_EDGE ( 'NONE', *, *, #5593, .T. ) ;
#3076 = DIRECTION ( 'NONE',  ( 0.8892053820944837428, -0.1933513365602628487, -0.4146432793432967556 ) ) ;
#3077 = CARTESIAN_POINT ( 'NONE',  ( -33.36320881812827110, 50.55547800693801008, -16.21674859589614925 ) ) ;
#3078 = CARTESIAN_POINT ( 'NONE',  ( 28.80089452704902797, 5.299999999999991829, 13.69363569276559112 ) ) ;
#3079 = CARTESIAN_POINT ( 'NONE',  ( 30.00000000000000000, 20.99999999999999645, 13.88416177882443669 ) ) ;
#3080 = EDGE_CURVE ( 'NONE', #4082, #6194, #1997, .T. ) ;
#3081 = VECTOR ( 'NONE', #4827, 1000.000000000000000 ) ;
#3082 = FACE_OUTER_BOUND ( 'NONE', #982, .T. ) ;
#3083 = ORIENTED_EDGE ( 'NONE', *, *, #6497, .F. ) ;
#3084 = LINE ( 'NONE', #2037, #2345 ) ;
#3085 = ORIENTED_EDGE ( 'NONE', *, *, #4321, .T. ) ;
#3086 = CARTESIAN_POINT ( 'NONE',  ( 33.56311567177252897, 3.313115671772584925, 11.30322409947675055 ) ) ;
#3087 = ORIENTED_EDGE ( 'NONE', *, *, #6008, .T. ) ;
#3088 = VECTOR ( 'NONE', #5589, 1000.000000000000000 ) ;
#3089 = ORIENTED_EDGE ( 'NONE', *, *, #3948, .F. ) ;
#3090 = LINE ( 'NONE', #1969, #1400 ) ;
#3091 = EDGE_LOOP ( 'NONE', ( #4136, #3606, #716, #2150 ) ) ;
#3092 = VECTOR ( 'NONE', #5692, 1000.000000000000000 ) ;
#3093 = VECTOR ( 'NONE', #4049, 1000.000000000000000 ) ;
#3094 = CIRCLE ( 'NONE', #5226, 2.250000000000001776 ) ;
#3095 = DIRECTION ( 'NONE',  ( -0.000000000000000000, -1.000000000000000000, -0.000000000000000000 ) ) ;
#3096 =( BOUNDED_SURFACE ( )  B_SPLINE_SURFACE ( 3, 2, ( 
 ( #3935, #6074, #3171 ),
 ( #518, #1275, #2683 ),
 ( #26, #4744, #6923 ),
 ( #6883, #2088, #3773 ),
 ( #2716, #4227, #4265 ),
 ( #6400, #1589, #3738 ) ),
 .UNSPECIFIED., .F., .F., .F. ) 
 B_SPLINE_SURFACE_WITH_KNOTS ( ( 4, 2, 4 ),
 ( 3, 3 ),
 ( 2.217155874315965391, 2.955106048154047205, 3.693056221992129018 ),
 ( 0.000000000000000000, 1.000000000000000000 ),
 .UNSPECIFIED. ) 
 GEOMETRIC_REPRESENTATION_ITEM ( )  RATIONAL_B_SPLINE_SURFACE ( (
 ( 1.000000000000000000, 0.8660254037844367092, 1.000000000000000000),
 ( 1.000000000000000000, 0.9131978768872325292, 1.000000000000000000),
 ( 1.000000000000000000, 0.9428983225272571378, 1.000000000000000000),
 ( 1.000000000000000000, 0.9627663674487247913, 1.000000000000000000),
 ( 1.000000000000000000, 0.9529394794805056135, 1.000000000000000000),
 ( 1.000000000000000000, 0.9238795325112867385, 1.000000000000000000) ) ) 
 REPRESENTATION_ITEM ( '' )  SURFACE ( )  );
#3097 = DIRECTION ( 'NONE',  ( -0.000000000000000000, -0.4226182617407002184, -0.9063077870366494926 ) ) ;
#3098 = VECTOR ( 'NONE', #4407, 1000.000000000000000 ) ;
#3099 = EDGE_CURVE ( 'NONE', #1866, #6146, #786, .T. ) ;
#3100 = CARTESIAN_POINT ( 'NONE',  ( -40.24999999999999289, 2.799999999999993605, -6.749999999999998224 ) ) ;
#3101 = EDGE_CURVE ( 'NONE', #4970, #3046, #6850, .T. ) ;
#3102 = AXIS2_PLACEMENT_3D ( 'NONE', #5336, #5934, #6449 ) ;
#3103 = CARTESIAN_POINT ( 'NONE',  ( -48.00000000000001421, 30.00000000000000000, -5.499999999873696588 ) ) ;
#3104 = ORIENTED_EDGE ( 'NONE', *, *, #5961, .T. ) ;
#3105 = DIRECTION ( 'NONE',  ( -0.000000000000000000, -1.000000000000000000, -0.000000000000000000 ) ) ;
#3106 = LINE ( 'NONE', #5250, #662 ) ;
#3107 = EDGE_CURVE ( 'NONE', #5925, #76, #6718, .T. ) ;
#3108 = FACE_OUTER_BOUND ( 'NONE', #27, .T. ) ;
#3109 = FACE_OUTER_BOUND ( 'NONE', #6760, .T. ) ;
#3110 = AXIS2_PLACEMENT_3D ( 'NONE', #4649, #376, #1498 ) ;
#3111 = ORIENTED_EDGE ( 'NONE', *, *, #3999, .T. ) ;
#3112 = CYLINDRICAL_SURFACE ( 'NONE', #5355, 0.5000000000000004441 ) ;
#3113 = ORIENTED_EDGE ( 'NONE', *, *, #5876, .F. ) ;
#3114 = ORIENTED_EDGE ( 'NONE', *, *, #3958, .F. ) ;
#3115 = ORIENTED_EDGE ( 'NONE', *, *, #209, .T. ) ;
#3116 = CARTESIAN_POINT ( 'NONE',  ( -40.62499999999999289, 3.499999999999995115, 17.30621032234073553 ) ) ;
#3117 = VECTOR ( 'NONE', #4775, 1000.000000000000000 ) ;
#3118 = CARTESIAN_POINT ( 'NONE',  ( 16.75000000000000000, 2.207106781186560340, -15.83262720071617480 ) ) ;
#3119 = ADVANCED_FACE ( 'NONE', ( #1481 ), #1514, .T. ) ;
#3120 = CARTESIAN_POINT ( 'NONE',  ( 28.59881423034399361, 5.298207385331080488, 13.61901835522803239 ) ) ;
#3121 = CARTESIAN_POINT ( 'NONE',  ( -10.74999999999998934, 5.299999999999993605, 15.30508365069896293 ) ) ;
#3122 = CARTESIAN_POINT ( 'NONE',  ( -42.12499999999999289, 5.878679656440354506, 17.51431782643900448 ) ) ;
#3123 = AXIS2_PLACEMENT_3D ( 'NONE', #2582, #5714, #4602 ) ;
#3124 = VERTEX_POINT ( 'NONE', #3659 ) ;
#3125 = CARTESIAN_POINT ( 'NONE',  ( -48.00000000000001421, 30.00000000000000000, -5.499999999873696588 ) ) ;
#3126 = EDGE_LOOP ( 'NONE', ( #6881, #176, #1461, #5666, #3456, #4921 ) ) ;
#3127 = DIRECTION ( 'NONE',  ( 1.067522139062650425E-16, -0.000000000000000000, -1.000000000000000000 ) ) ;
#3128 = EDGE_CURVE ( 'NONE', #2787, #5953, #2502, .T. ) ;
#3129 = ORIENTED_EDGE ( 'NONE', *, *, #2019, .F. ) ;
#3130 = DIRECTION ( 'NONE',  ( 0.000000000000000000, 0.000000000000000000, -1.000000000000000000 ) ) ;
#3131 = VECTOR ( 'NONE', #4837, 1000.000000000000000 ) ;
#3132 = CARTESIAN_POINT ( 'NONE',  ( -17.25000000000000355, 2.252775734606960345, -15.65487003803511534 ) ) ;
#3133 = CIRCLE ( 'NONE', #455, 0.5000000000000000000 ) ;
#3134 = DIRECTION ( 'NONE',  ( 1.000000000000000000, -0.000000000000000000, -0.000000000000000000 ) ) ;
#3135 = DIRECTION ( 'NONE',  ( 0.000000000000000000, -1.000000000000000000, 0.000000000000000000 ) ) ;
#3136 = ADVANCED_FACE ( 'NONE', ( #4669 ), #6810, .F. ) ;
#3137 = AXIS2_PLACEMENT_3D ( 'NONE', #5724, #5826, #921 ) ;
#3138 = DIRECTION ( 'NONE',  ( 1.000000000000000000, 3.235659366516982696E-16, 0.000000000000000000 ) ) ;
#3139 = CARTESIAN_POINT ( 'NONE',  ( 33.57184363843239794, 23.07278110424767803, 11.27767810282216665 ) ) ;
#3140 =( BOUNDED_CURVE ( )  B_SPLINE_CURVE ( 3, ( #1557, #2506, #6266, #1203 ),
 .UNSPECIFIED., .F., .F. ) 
 B_SPLINE_CURVE_WITH_KNOTS ( ( 4, 4 ),
 ( 4.273226688038551657, 5.410597289008259203 ),
 .UNSPECIFIED. ) 
 CURVE ( )  GEOMETRIC_REPRESENTATION_ITEM ( )  RATIONAL_B_SPLINE_CURVE ( ( 1.000000000000000000, 0.8950731342435660487, 0.8950731342435660487, 1.000000000000000000 ) ) 
 REPRESENTATION_ITEM ( '' )  );
#3141 = DIRECTION ( 'NONE',  ( -0.8660254037844380415, -0.000000000000000000, -0.5000000000000009992 ) ) ;
#3142 = FACE_OUTER_BOUND ( 'NONE', #2085, .T. ) ;
#3143 = CYLINDRICAL_SURFACE ( 'NONE', #5667, 16.00000000000000000 ) ;
#3144 = CARTESIAN_POINT ( 'NONE',  ( 16.75000000000000000, 2.325651390139257479, -17.62135429998167879 ) ) ;
#3145 = EDGE_LOOP ( 'NONE', ( #5688, #3673, #5327, #6891 ) ) ;
#3146 = FACE_OUTER_BOUND ( 'NONE', #2419, .T. ) ;
#3147 = ORIENTED_EDGE ( 'NONE', *, *, #978, .T. ) ;
#3148 = VERTEX_POINT ( 'NONE', #5808 ) ;
#3149 = VERTEX_POINT ( 'NONE', #2015 ) ;
#3150 = DIRECTION ( 'NONE',  ( 1.000000000000000000, -0.000000000000000000, 0.000000000000000000 ) ) ;
#3151 = CARTESIAN_POINT ( 'NONE',  ( -45.80000000000001137, 30.00000000000000000, -6.499999999999997335 ) ) ;
#3152 = LINE ( 'NONE', #7, #5262 ) ;
#3153 = LINE ( 'NONE', #4727, #3092 ) ;
#3154 = CARTESIAN_POINT ( 'NONE',  ( -42.12499999999999289, 4.999999999999996447, 17.43744331762962219 ) ) ;
#3155 = ORIENTED_EDGE ( 'NONE', *, *, #260, .T. ) ;
#3156 = CYLINDRICAL_SURFACE ( 'NONE', #1000, 1.100000000000000311 ) ;
#3157 = CARTESIAN_POINT ( 'NONE',  ( -33.75000000000000000, 48.61378996556253185, -59.00000000000000711 ) ) ;
#3158 = ORIENTED_EDGE ( 'NONE', *, *, #696, .F. ) ;
#3159 = CARTESIAN_POINT ( 'NONE',  ( 19.09559544003069576, 3.469446951953613794E-15, -13.81649578345199814 ) ) ;
#3160 = CARTESIAN_POINT ( 'NONE',  ( -50.24999999999999289, 0.000000000000000000, 16.49809008122833021 ) ) ;
#3161 = CARTESIAN_POINT ( 'NONE',  ( -50.20273545194208964, 1.882023493563201200, -8.242518675298258657 ) ) ;
#3162 = VERTEX_POINT ( 'NONE', #1005 ) ;
#3163 = EDGE_CURVE ( 'NONE', #399, #2102, #4303, .T. ) ;
#3164 = CARTESIAN_POINT ( 'NONE',  ( 16.75000000000000000, 49.48776280383557946, -15.87603665198419911 ) ) ;
#3165 = FACE_OUTER_BOUND ( 'NONE', #606, .T. ) ;
#3166 = EDGE_CURVE ( 'NONE', #1565, #1713, #3566, .T. ) ;
#3167 = LINE ( 'NONE', #1108, #4222 ) ;
#3168 = EDGE_CURVE ( 'NONE', #6622, #1577, #3521, .T. ) ;
#3169 = VERTEX_POINT ( 'NONE', #332 ) ;
#3170 = CARTESIAN_POINT ( 'NONE',  ( 33.21866322148155604, 21.64258876325752112, 12.06472745914107136 ) ) ;
#3171 = CARTESIAN_POINT ( 'NONE',  ( -17.00000000000000711, 48.97576449542425081, -15.02638837486625256 ) ) ;
#3172 = CARTESIAN_POINT ( 'NONE',  ( -32.17939368824578850, 51.66546870875199460, -16.42839082818919749 ) ) ;
#3173 = CARTESIAN_POINT ( 'NONE',  ( 16.75000000000000000, 2.471402701203849084, -17.69059892324149175 ) ) ;
#3174 = ORIENTED_EDGE ( 'NONE', *, *, #6225, .T. ) ;
#3175 = VERTEX_POINT ( 'NONE', #3593 ) ;
#3176 = CARTESIAN_POINT ( 'NONE',  ( 50.24999999999999289, 23.49999999999999645, 13.75000000000000000 ) ) ;
#3177 = VERTEX_POINT ( 'NONE', #477 ) ;
#3178 = EDGE_LOOP ( 'NONE', ( #15, #4026 ) ) ;
#3179 = VERTEX_POINT ( 'NONE', #5670 ) ;
#3180 = CARTESIAN_POINT ( 'NONE',  ( -40.24999999999999289, 27.25000000000000000, 14.84999999999999964 ) ) ;
#3181 = CIRCLE ( 'NONE', #2957, 1.100000000000000311 ) ;
#3182 = DIRECTION ( 'NONE',  ( 1.067522139062650425E-16, -0.000000000000000000, -1.000000000000000000 ) ) ;
#3183 = DIRECTION ( 'NONE',  ( 0.000000000000000000, 0.000000000000000000, -1.000000000000000000 ) ) ;
#3184 = EDGE_CURVE ( 'NONE', #5002, #3442, #5752, .T. ) ;
#3185 = CARTESIAN_POINT ( 'NONE',  ( -45.80000000000001137, 1.728785735718572969, -6.499999999999997335 ) ) ;
#3186 = ORIENTED_EDGE ( 'NONE', *, *, #1797, .F. ) ;
#3187 = DIRECTION ( 'NONE',  ( -0.000000000000000000, -1.000000000000000000, -0.000000000000000000 ) ) ;
#3188 = EDGE_CURVE ( 'NONE', #2480, #368, #4048, .T. ) ;
#3189 = ORIENTED_EDGE ( 'NONE', *, *, #2030, .F. ) ;
#3190 = CARTESIAN_POINT ( 'NONE',  ( 27.09707598030433573, 25.68148210727348868, 12.51549839056843894 ) ) ;
#3191 = CARTESIAN_POINT ( 'NONE',  ( 30.00000000000000000, 48.61378996556253185, -9.000000000000000000 ) ) ;
#3192 = AXIS2_PLACEMENT_3D ( 'NONE', #2242, #1457, #878 ) ;
#3193 = ORIENTED_EDGE ( 'NONE', *, *, #1504, .F. ) ;
#3194 = FACE_OUTER_BOUND ( 'NONE', #203, .T. ) ;
#3195 = ORIENTED_EDGE ( 'NONE', *, *, #5427, .F. ) ;
#3196 = CIRCLE ( 'NONE', #6112, 2.249999999999995115 ) ;
#3197 = LINE ( 'NONE', #4258, #6211 ) ;
#3198 =( BOUNDED_CURVE ( )  B_SPLINE_CURVE ( 3, ( #6845, #6912, #6876, #6255 ),
 .UNSPECIFIED., .F., .F. ) 
 B_SPLINE_CURVE_WITH_KNOTS ( ( 4, 4 ),
 ( 5.731721738777250330, 6.052846188546245898 ),
 .UNSPECIFIED. ) 
 CURVE ( )  GEOMETRIC_REPRESENTATION_ITEM ( )  RATIONAL_B_SPLINE_CURVE ( ( 1.000000000000000000, 0.9914250364602233967, 0.9914250364602233967, 1.000000000000000000 ) ) 
 REPRESENTATION_ITEM ( '' )  );
#3199 = CARTESIAN_POINT ( 'NONE',  ( -50.24999999999999289, -9.746278703340096352E-16, -0.3658382211755867863 ) ) ;
#3200 = AXIS2_PLACEMENT_3D ( 'NONE', #1915, #4011, #297 ) ;
#3201 = VERTEX_POINT ( 'NONE', #2992 ) ;
#3202 = EDGE_CURVE ( 'NONE', #5368, #217, #5024, .T. ) ;
#3203 = AXIS2_PLACEMENT_3D ( 'NONE', #106, #4338, #2137 ) ;
#3204 = VECTOR ( 'NONE', #4783, 1000.000000000000000 ) ;
#3205 = CARTESIAN_POINT ( 'NONE',  ( -49.92835914963770705, 2.989553287507398238, -8.492292137824518861 ) ) ;
#3206 = ORIENTED_EDGE ( 'NONE', *, *, #2993, .F. ) ;
#3207 = VECTOR ( 'NONE', #1359, 1000.000000000000227 ) ;
#3208 = AXIS2_PLACEMENT_3D ( 'NONE', #3002, #5783, #1355 ) ;
#3209 = VECTOR ( 'NONE', #6484, 1000.000000000000000 ) ;
#3210 = LINE ( 'NONE', #5362, #5607 ) ;
#3211 = VERTEX_POINT ( 'NONE', #2473 ) ;
#3212 = CARTESIAN_POINT ( 'NONE',  ( -13.30000000000000071, 2.049834435404580990, -4.499999999873693923 ) ) ;
#3213 = DIRECTION ( 'NONE',  ( -0.000000000000000000, -0.000000000000000000, 1.000000000000000000 ) ) ;
#3214 = ORIENTED_EDGE ( 'NONE', *, *, #5631, .F. ) ;
#3215 = AXIS2_PLACEMENT_3D ( 'NONE', #1596, #2758, #3744 ) ;
#3216 = CARTESIAN_POINT ( 'NONE',  ( -11.00000000000000355, 0.000000000000000000, 17.00000000000000000 ) ) ;
#3217 = EDGE_LOOP ( 'NONE', ( #4926, #5351, #6297, #6250 ) ) ;
#3218 = VERTEX_POINT ( 'NONE', #1944 ) ;
#3219 = DIRECTION ( 'NONE',  ( 1.000000000000000000, 0.000000000000000000, -0.000000000000000000 ) ) ;
#3220 = ADVANCED_FACE ( 'NONE', ( #4079 ), #1410, .F. ) ;
#3221 = DIRECTION ( 'NONE',  ( 0.000000000000000000, -0.000000000000000000, -1.000000000000000000 ) ) ;
#3222 = CARTESIAN_POINT ( 'NONE',  ( -49.74999999999999289, 39.11378996556253185, 0.6341617788244185983 ) ) ;
#3223 = CARTESIAN_POINT ( 'NONE',  ( 16.93469903125906484, 1.815300968740951815, -15.81054215466257062 ) ) ;
#3224 = ADVANCED_FACE ( 'NONE', ( #2678 ), #2637, .F. ) ;
#3225 = ORIENTED_EDGE ( 'NONE', *, *, #5514, .T. ) ;
#3226 = LINE ( 'NONE', #140, #3098 ) ;
#3227 = VECTOR ( 'NONE', #3860, 1000.000000000000000 ) ;
#3228 = AXIS2_PLACEMENT_3D ( 'NONE', #845, #240, #1353 ) ;
#3229 = LINE ( 'NONE', #2141, #4351 ) ;
#3230 = VERTEX_POINT ( 'NONE', #3732 ) ;
#3231 = DIRECTION ( 'NONE',  ( -0.000000000000000000, -1.000000000000000000, -0.000000000000000000 ) ) ;
#3232 = EDGE_LOOP ( 'NONE', ( #5529, #858, #2797, #6370, #5309, #6398, #5264, #6519 ) ) ;
#3233 = DIRECTION ( 'NONE',  ( 0.000000000000000000, -1.000000000000000000, 0.000000000000000000 ) ) ;
#3234 = LINE ( 'NONE', #1162, #5597 ) ;
#3235 = ADVANCED_FACE ( 'NONE', ( #2078 ), #4813, .F. ) ;
#3236 = CARTESIAN_POINT ( 'NONE',  ( -19.99999999999999645, 0.000000000000000000, -13.29433756729740246 ) ) ;
#3237 = VECTOR ( 'NONE', #3097, 1000.000000000000114 ) ;
#3238 = ORIENTED_EDGE ( 'NONE', *, *, #5337, .F. ) ;
#3239 = ORIENTED_EDGE ( 'NONE', *, *, #1762, .F. ) ;
#3240 = VERTEX_POINT ( 'NONE', #5875 ) ;
#3241 = CARTESIAN_POINT ( 'NONE',  ( 16.75000000000063594, 49.65490769205486288, -15.76120649043582489 ) ) ;
#3242 = CIRCLE ( 'NONE', #2892, 0.5000000000000004441 ) ;
#3243 = EDGE_CURVE ( 'NONE', #6492, #2357, #1071, .T. ) ;
#3244 = VECTOR ( 'NONE', #1581, 1000.000000000000114 ) ;
#3245 = LINE ( 'NONE', #5397, #5799 ) ;
#3246 = VECTOR ( 'NONE', #5846, 1000.000000000000000 ) ;
#3247 = ORIENTED_EDGE ( 'NONE', *, *, #362, .T. ) ;
#3248 =( BOUNDED_CURVE ( )  B_SPLINE_CURVE ( 3, ( #2746, #1208, #3861, #5820 ),
 .UNSPECIFIED., .F., .F. ) 
 B_SPLINE_CURVE_WITH_KNOTS ( ( 4, 4 ),
 ( 4.712388980384687898, 6.283185307179585344 ),
 .UNSPECIFIED. ) 
 CURVE ( )  GEOMETRIC_REPRESENTATION_ITEM ( )  RATIONAL_B_SPLINE_CURVE ( ( 1.000000000000000000, 0.8047378541243646044, 0.8047378541243646044, 1.000000000000000000 ) ) 
 REPRESENTATION_ITEM ( '' )  );
#3249 = LINE ( 'NONE', #4951, #2728 ) ;
#3250 = EDGE_CURVE ( 'NONE', #1515, #3302, #4737, .T. ) ;
#3251 = CARTESIAN_POINT ( 'NONE',  ( -47.24999999999999289, 27.86931713915967279, -5.840909090825853411 ) ) ;
#3252 = VECTOR ( 'NONE', #5629, 1000.000000000000000 ) ;
#3253 = ORIENTED_EDGE ( 'NONE', *, *, #2568, .T. ) ;
#3254 = CARTESIAN_POINT ( 'NONE',  ( -16.89391632759362949, 49.02753932825872596, -17.68564495928082891 ) ) ;
#3255 = VERTEX_POINT ( 'NONE', #3698 ) ;
#3256 = DIRECTION ( 'NONE',  ( 0.000000000000000000, 0.000000000000000000, 1.000000000000000000 ) ) ;
#3257 = ORIENTED_EDGE ( 'NONE', *, *, #5427, .T. ) ;
#3258 = ORIENTED_EDGE ( 'NONE', *, *, #5968, .F. ) ;
#3259 = ORIENTED_EDGE ( 'NONE', *, *, #660, .T. ) ;
#3260 = CARTESIAN_POINT ( 'NONE',  ( -20.62499999999999645, 4.999999999999996447, 31.24999999999999645 ) ) ;
#3261 = CARTESIAN_POINT ( 'NONE',  ( 30.24999999999993960, 0.000000000000000000, -17.28163740334410647 ) ) ;
#3262 = DIRECTION ( 'NONE',  ( 0.000000000000000000, 0.000000000000000000, -1.000000000000000000 ) ) ;
#3263 = EDGE_CURVE ( 'NONE', #5215, #5443, #5248, .T. ) ;
#3264 = CARTESIAN_POINT ( 'NONE',  ( 30.00000000000000000, 33.50000000000000000, 12.38416177882443137 ) ) ;
#3265 = VERTEX_POINT ( 'NONE', #5841 ) ;
#3266 = DIRECTION ( 'NONE',  ( 0.000000000000000000, 0.000000000000000000, 1.000000000000000000 ) ) ;
#3267 = EDGE_CURVE ( 'NONE', #360, #164, #322, .T. ) ;
#3268 = ADVANCED_FACE ( 'NONE', ( #3165 ), #3156, .F. ) ;
#3269 = FACE_BOUND ( 'NONE', #1210, .T. ) ;
#3270 = EDGE_LOOP ( 'NONE', ( #4831, #1478, #5700, #3701 ) ) ;
#3271 = CARTESIAN_POINT ( 'NONE',  ( -50.24999999999999289, 16.49999999999999645, 18.44356294817775321 ) ) ;
#3272 = DIRECTION ( 'NONE',  ( -3.283764348150511212E-14, -1.000000000000000000, -0.000000000000000000 ) ) ;
#3273 = CARTESIAN_POINT ( 'NONE',  ( -47.24999999999999289, 2.799999999999993605, -4.999999999999998224 ) ) ;
#3274 = DIRECTION ( 'NONE',  ( 0.000000000000000000, 0.000000000000000000, -1.000000000000000000 ) ) ;
#3275 = EDGE_CURVE ( 'NONE', #3284, #4416, #500, .T. ) ;
#3276 = FACE_OUTER_BOUND ( 'NONE', #6375, .T. ) ;
#3277 = PLANE ( 'NONE',  #4315 ) ;
#3278 = EDGE_LOOP ( 'NONE', ( #4901, #706 ) ) ;
#3279 = CARTESIAN_POINT ( 'NONE',  ( -49.75000000000000000, 58.60387103943875076, -0.3658382211755791258 ) ) ;
#3280 = ORIENTED_EDGE ( 'NONE', *, *, #5185, .F. ) ;
#3281 = CARTESIAN_POINT ( 'NONE',  ( 31.96867261711583552, 21.03198523564778100, 13.33278366936198545 ) ) ;
#3282 = EDGE_CURVE ( 'NONE', #4516, #863, #993, .T. ) ;
#3283 = ORIENTED_EDGE ( 'NONE', *, *, #392, .T. ) ;
#3284 = VERTEX_POINT ( 'NONE', #5798 ) ;
#3285 = CYLINDRICAL_SURFACE ( 'NONE', #4012, 0.5000000000000011102 ) ;
#3286 = CARTESIAN_POINT ( 'NONE',  ( -48.00000000000001421, 27.25000000000000000, -6.750000000000000888 ) ) ;
#3287 =( BOUNDED_CURVE ( )  B_SPLINE_CURVE ( 3, ( #4413, #3337, #4944, #5050 ),
 .UNSPECIFIED., .F., .F. ) 
 B_SPLINE_CURVE_WITH_KNOTS ( ( 4, 4 ),
 ( 2.590129085187458102, 4.066029432863619064 ),
 .UNSPECIFIED. ) 
 CURVE ( )  GEOMETRIC_REPRESENTATION_ITEM ( )  RATIONAL_B_SPLINE_CURVE ( ( 1.000000000000000000, 0.8265661195468109179, 0.8265661195468109179, 1.000000000000000000 ) ) 
 REPRESENTATION_ITEM ( '' )  );
#3288 = ORIENTED_EDGE ( 'NONE', *, *, #4919, .F. ) ;
#3289 = LINE ( 'NONE', #4887, #1096 ) ;
#3290 = ORIENTED_EDGE ( 'NONE', *, *, #544, .T. ) ;
#3291 = VERTEX_POINT ( 'NONE', #1965 ) ;
#3292 = FACE_OUTER_BOUND ( 'NONE', #3512, .T. ) ;
#3293 = CARTESIAN_POINT ( 'NONE',  ( 50.24999999999999289, 20.20710678118655323, 18.76789276601165213 ) ) ;
#3294 = EDGE_CURVE ( 'NONE', #1831, #163, #4762, .T. ) ;
#3295 = DIRECTION ( 'NONE',  ( 1.000000000000000000, -0.000000000000000000, -0.000000000000000000 ) ) ;
#3296 = DIRECTION ( 'NONE',  ( 0.000000000000000000, -1.000000000000000000, -1.221878638832870573E-16 ) ) ;
#3297 = EDGE_CURVE ( 'NONE', #5356, #6150, #2522, .T. ) ;
#3298 = ORIENTED_EDGE ( 'NONE', *, *, #5849, .F. ) ;
#3299 = ORIENTED_EDGE ( 'NONE', *, *, #4615, .T. ) ;
#3300 = CARTESIAN_POINT ( 'NONE',  ( 30.00000000000000000, 20.99999999999999645, 10.13416177882442959 ) ) ;
#3301 = DIRECTION ( 'NONE',  ( 1.000000000000000000, -0.000000000000000000, 0.000000000000000000 ) ) ;
#3302 = VERTEX_POINT ( 'NONE', #4657 ) ;
#3303 = DIRECTION ( 'NONE',  ( 0.000000000000000000, 0.000000000000000000, -1.000000000000000000 ) ) ;
#3304 = EDGE_CURVE ( 'NONE', #5972, #4970, #2565, .T. ) ;
#3305 = CARTESIAN_POINT ( 'NONE',  ( -50.24999999999999289, 1.599999464416134165, -8.023773415721354496 ) ) ;
#3306 = DIRECTION ( 'NONE',  ( -0.000000000000000000, -1.000000000000000000, -0.000000000000000000 ) ) ;
#3307 = CARTESIAN_POINT ( 'NONE',  ( -25.25000000000000000, 50.00000000000000000, -19.99999999999999289 ) ) ;
#3308 = CYLINDRICAL_SURFACE ( 'NONE', #1851, 0.5000000000000004441 ) ;
#3309 = DIRECTION ( 'NONE',  ( 0.5575062645922724824, 0.7652335285740103910, 0.3218763919372468751 ) ) ;
#3310 = FACE_OUTER_BOUND ( 'NONE', #5277, .T. ) ;
#3311 = EDGE_LOOP ( 'NONE', ( #3478, #3949, #2416, #2026 ) ) ;
#3312 = AXIS2_PLACEMENT_3D ( 'NONE', #273, #5647, #6758 ) ;
#3313 = CARTESIAN_POINT ( 'NONE',  ( -47.24999999999999289, 2.799999999999993605, 13.75000000000000000 ) ) ;
#3314 = ORIENTED_EDGE ( 'NONE', *, *, #1675, .T. ) ;
#3315 = AXIS2_PLACEMENT_3D ( 'NONE', #5454, #2149, #5909 ) ;
#3316 = MECHANICAL_DESIGN_GEOMETRIC_PRESENTATION_REPRESENTATION (  '', ( #5459 ), #5349 ) ;
#3317 = EDGE_CURVE ( 'NONE', #5368, #5177, #119, .T. ) ;
#3318 = FACE_BOUND ( 'NONE', #5500, .T. ) ;
#3319 = DIRECTION ( 'NONE',  ( 0.000000000000000000, 0.000000000000000000, -1.000000000000000000 ) ) ;
#3320 = VECTOR ( 'NONE', #4598, 1000.000000000000000 ) ;
#3321 = CIRCLE ( 'NONE', #4546, 2.499999999999998668 ) ;
#3322 = VERTEX_POINT ( 'NONE', #6348 ) ;
#3323 = EDGE_LOOP ( 'NONE', ( #5734, #4672, #1690, #6215 ) ) ;
#3324 = CARTESIAN_POINT ( 'NONE',  ( -47.24999999999999289, 30.00000000000000000, -5.840909090825853411 ) ) ;
#3325 = CARTESIAN_POINT ( 'NONE',  ( -16.89391632759362949, 49.00489717550690472, -17.71835831797081795 ) ) ;
#3326 = PLANE ( 'NONE',  #5208 ) ;
#3327 = VECTOR ( 'NONE', #498, 1000.000000000000000 ) ;
#3328 = DIRECTION ( 'NONE',  ( 0.6546536707079784190, -0.6546536707079784190, 0.3779644730092227567 ) ) ;
#3329 = VERTEX_POINT ( 'NONE', #4212 ) ;
#3330 = CYLINDRICAL_SURFACE ( 'NONE', #6900, 1.000000000000001554 ) ;
#3331 = DIRECTION ( 'NONE',  ( 1.000000000000000000, -0.000000000000000000, -0.000000000000000000 ) ) ;
#3332 = AXIS2_PLACEMENT_3D ( 'NONE', #1190, #579, #2171 ) ;
#3333 = ORIENTED_EDGE ( 'NONE', *, *, #438, .T. ) ;
#3334 = DIRECTION ( 'NONE',  ( -1.000000000000000000, 0.000000000000000000, 0.000000000000000000 ) ) ;
#3335 = EDGE_CURVE ( 'NONE', #1885, #6610, #2110, .T. ) ;
#3336 = PLANE ( 'NONE',  #3583 ) ;
#3337 = CARTESIAN_POINT ( 'NONE',  ( -16.75000000000000711, 49.58375983293302625, -15.67017035903896627 ) ) ;
#3338 = DIRECTION ( 'NONE',  ( -1.000000000000000000, 0.000000000000000000, 0.000000000000000000 ) ) ;
#3339 = ORIENTED_EDGE ( 'NONE', *, *, #5701, .F. ) ;
#3340 = VECTOR ( 'NONE', #6028, 1000.000000000000000 ) ;
#3341 = LINE ( 'NONE', #692, #6617 ) ;
#3342 = AXIS2_PLACEMENT_3D ( 'NONE', #5244, #1375, #869 ) ;
#3343 = DIRECTION ( 'NONE',  ( 0.000000000000000000, 0.000000000000000000, 1.000000000000000000 ) ) ;
#3344 = CARTESIAN_POINT ( 'NONE',  ( 16.89644660940673049, 1.853553390593285499, -17.31737279928379181 ) ) ;
#3345 = ORIENTED_EDGE ( 'NONE', *, *, #4443, .F. ) ;
#3346 = VECTOR ( 'NONE', #4861, 1000.000000000000000 ) ;
#3347 = AXIS2_PLACEMENT_3D ( 'NONE', #974, #6819, #2022 ) ;
#3348 = EDGE_CURVE ( 'NONE', #4751, #718, #6769, .T. ) ;
#3349 = CARTESIAN_POINT ( 'NONE',  ( -10.74999999999998934, 23.49999999999999645, 12.65000000000000036 ) ) ;
#3350 = ORIENTED_EDGE ( 'NONE', *, *, #5942, .T. ) ;
#3351 = ORIENTED_EDGE ( 'NONE', *, *, #6614, .T. ) ;
#3352 = DIRECTION ( 'NONE',  ( 0.000000000000000000, 0.000000000000000000, -1.000000000000000000 ) ) ;
#3353 = DIRECTION ( 'NONE',  ( 1.000000000000000000, -0.000000000000000000, 0.000000000000000000 ) ) ;
#3354 = AXIS2_PLACEMENT_3D ( 'NONE', #3508, #1929, #855 ) ;
#3355 = CIRCLE ( 'NONE', #565, 1.100000000000000311 ) ;
#3356 = DIRECTION ( 'NONE',  ( 0.000000000000000000, 0.000000000000000000, -1.000000000000000000 ) ) ;
#3357 = CARTESIAN_POINT ( 'NONE',  ( -50.24999999999999289, 0.000000000000000000, -8.342308546125103419 ) ) ;
#3358 = EDGE_CURVE ( 'NONE', #2414, #5435, #894, .T. ) ;
#3359 = ORIENTED_EDGE ( 'NONE', *, *, #6382, .F. ) ;
#3360 = EDGE_LOOP ( 'NONE', ( #724, #1035, #458, #2095, #4366, #3712, #2010, #5404, #2934, #1632, #3709, #6909, #3992, #2866 ) ) ;
#3361 = LINE ( 'NONE', #2377, #4574 ) ;
#3362 = EDGE_CURVE ( 'NONE', #5123, #5291, #3084, .T. ) ;
#3363 = CARTESIAN_POINT ( 'NONE',  ( -16.89391632756526818, 49.02752606972094895, -17.68566411515184811 ) ) ;
#3364 = CARTESIAN_POINT ( 'NONE',  ( 26.75017591195674171, 50.48492421963781851, -18.96007665506401452 ) ) ;
#3365 = CARTESIAN_POINT ( 'NONE',  ( -20.62499999999999645, 26.50000000000000000, 19.31844958343699048 ) ) ;
#3366 = DIRECTION ( 'NONE',  ( -1.000000000000000000, 0.000000000000000000, 0.000000000000000000 ) ) ;
#3367 = EDGE_CURVE ( 'NONE', #6438, #4325, #2065, .T. ) ;
#3368 = CARTESIAN_POINT ( 'NONE',  ( -45.80000000000000426, 11.79999999999999538, 14.49999999999999822 ) ) ;
#3369 = ORIENTED_EDGE ( 'NONE', *, *, #1854, .T. ) ;
#3370 = CARTESIAN_POINT ( 'NONE',  ( -47.24999999999999289, 27.25000000000000000, -6.750000000000000888 ) ) ;
#3371 =( BOUNDED_SURFACE ( )  B_SPLINE_SURFACE ( 3, 2, ( 
 ( #2456, #5013, #6736 ),
 ( #4449, #2314, #6095 ),
 ( #280, #3929, #216 ),
 ( #2358, #6587, #5048 ),
 ( #1786, #6137, #4552 ),
 ( #5079, #6067, #247 ) ),
 .UNSPECIFIED., .F., .F., .F. ) 
 B_SPLINE_SURFACE_WITH_KNOTS ( ( 4, 2, 4 ),
 ( 3, 3 ),
 ( 2.293530574608299233, 2.898245176052399508, 3.502959777496500227 ),
 ( 0.000000000000000000, 1.000000000000000000 ),
 .UNSPECIFIED. ) 
 GEOMETRIC_REPRESENTATION_ITEM ( )  RATIONAL_B_SPLINE_SURFACE ( (
 ( 1.000000000000000000, 0.8660254037844387076, 1.000000000000000000),
 ( 1.000000000000000000, 0.8990690225396378299, 1.000000000000000000),
 ( 1.000000000000000000, 0.9211776128157488364, 1.000000000000000000),
 ( 1.000000000000000000, 0.9408948255805554828, 1.000000000000000000),
 ( 1.000000000000000000, 0.9385072706706620860, 1.000000000000000000),
 ( 1.000000000000000000, 0.9238795325112878487, 1.000000000000000000) ) ) 
 REPRESENTATION_ITEM ( '' )  SURFACE ( )  );
#3372 = VERTEX_POINT ( 'NONE', #3615 ) ;
#3373 = CARTESIAN_POINT ( 'NONE',  ( -13.25000000000000533, 2.799999999999993605, 13.75000000000000000 ) ) ;
#3374 = CARTESIAN_POINT ( 'NONE',  ( 26.42802563032963192, 3.225023224389116372, 11.27726672157034926 ) ) ;
#3375 = PLANE ( 'NONE',  #3423 ) ;
#3376 = EDGE_CURVE ( 'NONE', #3169, #76, #6600, .T. ) ;
#3377 = CARTESIAN_POINT ( 'NONE',  ( 50.19857478948782159, 19.94857478948783935, 18.74527414757924149 ) ) ;
#3378 = DIRECTION ( 'NONE',  ( 0.000000000000000000, 0.000000000000000000, 1.000000000000000000 ) ) ;
#3379 = LINE ( 'NONE', #2847, #181 ) ;
#3380 = CYLINDRICAL_SURFACE ( 'NONE', #6012, 1.500000000000001332 ) ;
#3381 = VERTEX_POINT ( 'NONE', #6249 ) ;
#3382 = CARTESIAN_POINT ( 'NONE',  ( 32.47821147706767420, 21.12440418960504829, 12.95601444965613602 ) ) ;
#3383 = EDGE_LOOP ( 'NONE', ( #3454, #6524, #6541, #625 ) ) ;
#3384 = EDGE_CURVE ( 'NONE', #3177, #6929, #326, .T. ) ;
#3385 = PLANE ( 'NONE',  #4570 ) ;
#3386 = ORIENTED_EDGE ( 'NONE', *, *, #1658, .F. ) ;
#3387 = CARTESIAN_POINT ( 'NONE',  ( -47.24999999999999289, 30.00000000000000000, -5.840909090825853411 ) ) ;
#3388 = CARTESIAN_POINT ( 'NONE',  ( -50.24999999999999289, 5.299999999999993605, -7.500000000000001776 ) ) ;
#3389 = ORIENTED_EDGE ( 'NONE', *, *, #6080, .T. ) ;
#3390 = EDGE_LOOP ( 'NONE', ( #370, #2504, #4705, #3238 ) ) ;
#3391 = LINE ( 'NONE', #2895, #4909 ) ;
#3392 = LINE ( 'NONE', #3425, #4125 ) ;
#3393 = DIRECTION ( 'NONE',  ( -0.000000000000000000, -1.000000000000000000, -0.000000000000000000 ) ) ;
#3394 = LINE ( 'NONE', #4936, #5222 ) ;
#3395 = ORIENTED_EDGE ( 'NONE', *, *, #681, .T. ) ;
#3396 = DIRECTION ( 'NONE',  ( 1.067522139062650425E-16, -0.000000000000000000, -1.000000000000000000 ) ) ;
#3397 = ORIENTED_EDGE ( 'NONE', *, *, #853, .T. ) ;
#3398 = LINE ( 'NONE', #5548, #5908 ) ;
#3399 = ORIENTED_EDGE ( 'NONE', *, *, #2803, .T. ) ;
#3400 = FACE_OUTER_BOUND ( 'NONE', #3531, .T. ) ;
#3401 = CARTESIAN_POINT ( 'NONE',  ( 30.00000000000000000, 33.50000000000000000, 10.13416177882442959 ) ) ;
#3402 = EDGE_CURVE ( 'NONE', #13, #4970, #3585, .T. ) ;
#3403 = CARTESIAN_POINT ( 'NONE',  ( -20.01129252327409347, 53.16200611895935424, -13.28781782594527350 ) ) ;
#3404 = EDGE_CURVE ( 'NONE', #2589, #343, #3054, .T. ) ;
#3405 = CARTESIAN_POINT ( 'NONE',  ( 16.75000000000000000, 48.59678306517691482, -17.92258555611008930 ) ) ;
#3406 = ORIENTED_EDGE ( 'NONE', *, *, #6689, .T. ) ;
#3407 = AXIS2_PLACEMENT_3D ( 'NONE', #157, #3810, #6503 ) ;
#3408 = DIRECTION ( 'NONE',  ( -1.000000000000000000, 0.000000000000000000, -0.000000000000000000 ) ) ;
#3409 = CARTESIAN_POINT ( 'NONE',  ( 20.24999999999999645, 53.17253541062415678, -12.86132486540518371 ) ) ;
#3410 = VECTOR ( 'NONE', #1175, 1000.000000000000000 ) ;
#3411 = CARTESIAN_POINT ( 'NONE',  ( -30.00000000000000000, 38.61378996556253185, 10.13416177882442959 ) ) ;
#3412 = DIRECTION ( 'NONE',  ( 0.000000000000000000, 0.000000000000000000, 1.000000000000000000 ) ) ;
#3413 = ORIENTED_EDGE ( 'NONE', *, *, #6732, .T. ) ;
#3414 = FACE_OUTER_BOUND ( 'NONE', #1051, .T. ) ;
#3415 = ORIENTED_EDGE ( 'NONE', *, *, #2586, .T. ) ;
#3416 = DIRECTION ( 'NONE',  ( 1.000000000000000000, 0.000000000000000000, 0.000000000000000000 ) ) ;
#3417 = EDGE_CURVE ( 'NONE', #3066, #1802, #4149, .T. ) ;
#3418 = VECTOR ( 'NONE', #6447, 1000.000000000000000 ) ;
#3419 = CARTESIAN_POINT ( 'NONE',  ( -30.00000000000000000, 48.61378996556253185, 41.00000000000000000 ) ) ;
#3420 = EDGE_LOOP ( 'NONE', ( #6459, #2653, #5699, #2625 ) ) ;
#3421 = LINE ( 'NONE', #4475, #6699 ) ;
#3422 = ORIENTED_EDGE ( 'NONE', *, *, #5452, .T. ) ;
#3423 = AXIS2_PLACEMENT_3D ( 'NONE', #5083, #4036, #1858 ) ;
#3424 = DIRECTION ( 'NONE',  ( 0.7020097385238759369, 0.5855849804740995701, -0.4053055115104996498 ) ) ;
#3425 = CARTESIAN_POINT ( 'NONE',  ( 17.02511042270877439, 50.02217475229640087, -15.69994974461329917 ) ) ;
#3426 = CARTESIAN_POINT ( 'NONE',  ( 50.24999999999999289, 58.60387103943878628, -0.3658382211755796254 ) ) ;
#3427 = DIRECTION ( 'NONE',  ( 1.000000000000000000, 0.000000000000000000, -0.000000000000000000 ) ) ;
#3428 = AXIS2_PLACEMENT_3D ( 'NONE', #1230, #5616, #4545 ) ;
#3429 = ORIENTED_EDGE ( 'NONE', *, *, #1640, .F. ) ;
#3430 = AXIS2_PLACEMENT_3D ( 'NONE', #4600, #6261, #6720 ) ;
#3432 = DIRECTION ( 'NONE',  ( -1.000000000000000000, 0.000000000000000000, 0.000000000000000000 ) ) ;
#3431 = PRODUCT_DEFINITION_CONTEXT ( 'detailed design', #32, 'design' ) ;
#3433 = ORIENTED_EDGE ( 'NONE', *, *, #6890, .F. ) ;
#3434 = AXIS2_PLACEMENT_3D ( 'NONE', #1218, #60, #2791 ) ;
#3435 = CARTESIAN_POINT ( 'NONE',  ( 26.24999999999999289, 49.06407594935587468, -19.53369234184500769 ) ) ;
#3436 = CYLINDRICAL_SURFACE ( 'NONE', #6498, 1.000000000000000222 ) ;
#3437 = VERTEX_POINT ( 'NONE', #4344 ) ;
#3438 = VECTOR ( 'NONE', #3661, 1000.000000000000000 ) ;
#3439 = ADVANCED_FACE ( 'NONE', ( #6386 ), #1062, .F. ) ;
#3440 = CARTESIAN_POINT ( 'NONE',  ( -20.62499999999999645, 14.99999999999999645, 16.24999999999999645 ) ) ;
#3441 = EDGE_LOOP ( 'NONE', ( #4150, #4648, #4181, #1015, #6323, #3780, #1084, #6048 ) ) ;
#3442 = VERTEX_POINT ( 'NONE', #1641 ) ;
#3443 = EDGE_LOOP ( 'NONE', ( #6654, #6109, #3259, #3429 ) ) ;
#3444 = AXIS2_PLACEMENT_3D ( 'NONE', #4938, #3718, #2661 ) ;
#3445 = ORIENTED_EDGE ( 'NONE', *, *, #3019, .F. ) ;
#3446 = EDGE_CURVE ( 'NONE', #4069, #1918, #5669, .T. ) ;
#3447 = CARTESIAN_POINT ( 'NONE',  ( -49.74999999999999289, 58.60387103943874365, -0.3658382211755797364 ) ) ;
#3448 = DIRECTION ( 'NONE',  ( 1.000000000000000000, 0.000000000000000000, -1.095614826903587222E-15 ) ) ;
#3449 = EDGE_CURVE ( 'NONE', #1245, #4431, #3229, .T. ) ;
#3450 = AXIS2_PLACEMENT_3D ( 'NONE', #397, #2442, #5098 ) ;
#3451 = ADVANCED_FACE ( 'NONE', ( #4279, #5415, #3269 ), #6521, .T. ) ;
#3452 = DIRECTION ( 'NONE',  ( 0.000000000000000000, -1.000000000000000000, 0.000000000000000000 ) ) ;
#3453 = AXIS2_PLACEMENT_3D ( 'NONE', #4403, #2799, #1734 ) ;
#3454 = ORIENTED_EDGE ( 'NONE', *, *, #4046, .T. ) ;
#3455 = VECTOR ( 'NONE', #1976, 1000.000000000000000 ) ;
#3456 = ORIENTED_EDGE ( 'NONE', *, *, #5633, .F. ) ;
#3457 = DIRECTION ( 'NONE',  ( -0.000000000000000000, -0.000000000000000000, 1.000000000000000000 ) ) ;
#3458 = CYLINDRICAL_SURFACE ( 'NONE', #5795, 2.250000000000001776 ) ;
#3459 = AXIS2_PLACEMENT_3D ( 'NONE', #1611, #1135, #80 ) ;
#3460 = ORIENTED_EDGE ( 'NONE', *, *, #2254, .T. ) ;
#3461 = CARTESIAN_POINT ( 'NONE',  ( -20.62499999999999645, 13.49999999999999467, 31.24999999999999645 ) ) ;
#3462 = EDGE_CURVE ( 'NONE', #3533, #2844, #1114, .T. ) ;
#3463 = CARTESIAN_POINT ( 'NONE',  ( -45.80000000000001137, 11.79999999999999538, -6.499999999999997335 ) ) ;
#3464 = VECTOR ( 'NONE', #2518, 1000.000000000000000 ) ;
#3465 = CIRCLE ( 'NONE', #2009, 11.00000000000000000 ) ;
#3466 = CARTESIAN_POINT ( 'NONE',  ( -45.80000000000000426, 5.299999999999991829, 13.25499871860576029 ) ) ;
#3467 = CARTESIAN_POINT ( 'NONE',  ( -50.24999999999999289, 4.000000535583852823, -8.023773415721354496 ) ) ;
#3468 = CARTESIAN_POINT ( 'NONE',  ( -20.62499999999999645, 23.49999999999999645, 19.05598359285921717 ) ) ;
#3469 = EDGE_CURVE ( 'NONE', #320, #1405, #614, .T. ) ;
#3470 = ORIENTED_EDGE ( 'NONE', *, *, #3101, .T. ) ;
#3471 = LINE ( 'NONE', #5073, #6693 ) ;
#3472 = AXIS2_PLACEMENT_3D ( 'NONE', #6709, #1906, #860 ) ;
#3473 = ORIENTED_EDGE ( 'NONE', *, *, #5604, .F. ) ;
#3474 = EDGE_CURVE ( 'NONE', #3255, #1668, #72, .T. ) ;
#3475 = DIRECTION ( 'NONE',  ( 0.000000000000000000, 0.000000000000000000, 1.000000000000000000 ) ) ;
#3476 =( BOUNDED_CURVE ( )  B_SPLINE_CURVE ( 3, ( #1940, #1794, #2918, #6187 ),
 .UNSPECIFIED., .F., .F. ) 
 B_SPLINE_CURVE_WITH_KNOTS ( ( 4, 4 ),
 ( 2.325236865919805940, 2.385136268938151449 ),
 .UNSPECIFIED. ) 
 CURVE ( )  GEOMETRIC_REPRESENTATION_ITEM ( )  RATIONAL_B_SPLINE_CURVE ( ( 1.000000000000000000, 0.9997010274753190817, 0.9997010274753190817, 1.000000000000000000 ) ) 
 REPRESENTATION_ITEM ( '' )  );
#3477 = CARTESIAN_POINT ( 'NONE',  ( -49.75000000000000000, 58.60387103943875076, -0.3658382211755791258 ) ) ;
#3478 = ORIENTED_EDGE ( 'NONE', *, *, #5413, .F. ) ;
#3479 = PLANE ( 'NONE',  #4231 ) ;
#3480 = EDGE_CURVE ( 'NONE', #3381, #1971, #5340, .T. ) ;
#3481 = CARTESIAN_POINT ( 'NONE',  ( -49.75000000000000000, 58.60387103943875076, -0.3658382211755791258 ) ) ;
#3482 = CARTESIAN_POINT ( 'NONE',  ( 16.92215851788071390, 48.65295335630231222, -18.07866982447802329 ) ) ;
#3483 = VERTEX_POINT ( 'NONE', #3756 ) ;
#3484 = ADVANCED_FACE ( 'NONE', ( #1711 ), #5971, .F. ) ;
#3485 = CARTESIAN_POINT ( 'NONE',  ( 30.24999999999993960, 0.000000000000000000, -17.52035131606312746 ) ) ;
#3486 = CARTESIAN_POINT ( 'NONE',  ( 26.46407030484357037, 24.33582538821809749, 11.38431816849060674 ) ) ;
#3487 = CARTESIAN_POINT ( 'NONE',  ( 30.00000000000000000, 48.61378996556253185, -59.00000000000000711 ) ) ;
#3488 = ORIENTED_EDGE ( 'NONE', *, *, #4314, .F. ) ;
#3489 = CYLINDRICAL_SURFACE ( 'NONE', #73, 3.750000000000000000 ) ;
#3490 = DIRECTION ( 'NONE',  ( 0.9458518606006282026, 0.000000000000000000, 0.3245986102840391352 ) ) ;
#3491 = CARTESIAN_POINT ( 'NONE',  ( -30.00000000000000000, 48.61378996556253185, -9.000000000000000000 ) ) ;
#3492 = ORIENTED_EDGE ( 'NONE', *, *, #2658, .F. ) ;
#3493 = CARTESIAN_POINT ( 'NONE',  ( 49.74999999999999289, 58.60387103943878628, -0.3658382211755791258 ) ) ;
#3494 = ADVANCED_FACE ( 'NONE', ( #112 ), #5445, .F. ) ;
#3495 = CARTESIAN_POINT ( 'NONE',  ( -16.75000000000000355, 49.43833015021221655, -15.98204532008122847 ) ) ;
#3496 = DIRECTION ( 'NONE',  ( 0.9458518606006282026, 0.000000000000000000, 0.3245986102840391352 ) ) ;
#3497 = CARTESIAN_POINT ( 'NONE',  ( 49.74999999999999289, 70.11378996556253185, 0.1341617788244223175 ) ) ;
#3498 = DIRECTION ( 'NONE',  ( -1.000000000000000000, 0.000000000000000000, 0.000000000000000000 ) ) ;
#3499 = EDGE_LOOP ( 'NONE', ( #6895, #172, #3339, #6549, #916 ) ) ;
#3500 = EDGE_LOOP ( 'NONE', ( #5305, #3719, #1744, #3415, #1809, #4032, #1350, #560, #2856, #4656, #1894, #193, #6685, #5363 ) ) ;
#3501 = CARTESIAN_POINT ( 'NONE',  ( -20.62499999999999645, 6.499999999999998224, 17.56867631291850884 ) ) ;
#3502 = ORIENTED_EDGE ( 'NONE', *, *, #4168, .F. ) ;
#3503 = ORIENTED_EDGE ( 'NONE', *, *, #6750, .T. ) ;
#3504 = B_SPLINE_CURVE_WITH_KNOTS ( 'NONE', 3,
 ( #1749, #3891, #3374, #5520, #6070, #2841, #250, #4977, #180, #2318, #5017, #4451, #6311, #1430, #5761, #3120, #3078, #318 ),
 .UNSPECIFIED., .F., .F.,
 ( 4, 2, 2, 2, 2, 2, 2, 2, 4 ),
 ( 0.000000000000000000, 0.0006357768352575574608, 0.001271553670515114922, 0.001907330505772674659, 0.002543107341030234614, 0.003178884176287794135, 0.003814661011545354089, 0.004450437846802914044, 0.005086214682060473564 ),
 .UNSPECIFIED. ) ;
#3505 = ORIENTED_EDGE ( 'NONE', *, *, #3045, .F. ) ;
#3506 = DIRECTION ( 'NONE',  ( -0.7020097385238760479, -0.5855849804740995701, 0.4053055115104996498 ) ) ;
#3507 = ADVANCED_FACE ( 'NONE', ( #2665 ), #5383, .F. ) ;
#3508 = CARTESIAN_POINT ( 'NONE',  ( -45.80000000000000426, 27.25000000000000000, 13.75000000000000000 ) ) ;
#3509 = DIRECTION ( 'NONE',  ( -0.000000000000000000, -0.000000000000000000, 1.000000000000000000 ) ) ;
#3510 = EDGE_CURVE ( 'NONE', #6803, #4067, #6710, .T. ) ;
#3511 = CARTESIAN_POINT ( 'NONE',  ( -17.00000000000000000, 50.00000000000000000, -18.12361162513370516 ) ) ;
#3512 = EDGE_LOOP ( 'NONE', ( #2491, #3759, #545, #1397 ) ) ;
#3513 =( BOUNDED_CURVE ( )  B_SPLINE_CURVE ( 3, ( #2531, #4664, #6290, #3623 ),
 .UNSPECIFIED., .F., .F. ) 
 B_SPLINE_CURVE_WITH_KNOTS ( ( 4, 4 ),
 ( 3.141592653589793116, 6.283185307179586232 ),
 .UNSPECIFIED. ) 
 CURVE ( )  GEOMETRIC_REPRESENTATION_ITEM ( )  RATIONAL_B_SPLINE_CURVE ( ( 1.000000000000000000, 0.3333333333333333703, 0.3333333333333333703, 1.000000000000000000 ) ) 
 REPRESENTATION_ITEM ( '' )  );
#3514 = VERTEX_POINT ( 'NONE', #3851 ) ;
#3515 = LINE ( 'NONE', #5558, #5831 ) ;
#3516 = FACE_OUTER_BOUND ( 'NONE', #6605, .T. ) ;
#3517 = AXIS2_PLACEMENT_3D ( 'NONE', #5530, #2850, #2227 ) ;
#3518 = DIRECTION ( 'NONE',  ( 1.000000000000000000, 0.000000000000000000, 0.000000000000000000 ) ) ;
#3519 = ORIENTED_EDGE ( 'NONE', *, *, #5710, .T. ) ;
#3520 = CARTESIAN_POINT ( 'NONE',  ( 18.75000000000001776, 50.61256105093733026, -18.68635858703029839 ) ) ;
#3521 = LINE ( 'NONE', #4629, #3237 ) ;
#3522 = CARTESIAN_POINT ( 'NONE',  ( -17.25000000000000000, 48.71628076953127362, -17.51859598807026330 ) ) ;
#3523 = EDGE_LOOP ( 'NONE', ( #4787, #6122, #6372 ) ) ;
#3524 = EDGE_CURVE ( 'NONE', #5123, #2467, #4801, .T. ) ;
#3525 = PLANE ( 'NONE',  #3347 ) ;
#3526 = LINE ( 'NONE', #4962, #3787 ) ;
#3527 = VECTOR ( 'NONE', #5993, 1000.000000000000000 ) ;
#3528 = ADVANCED_FACE ( 'NONE', ( #4307 ), #1104, .T. ) ;
#3529 = CYLINDRICAL_SURFACE ( 'NONE', #173, 1.749999999999999778 ) ;
#3530 = DIRECTION ( 'NONE',  ( -1.000000000000000000, 0.000000000000000000, 0.000000000000000000 ) ) ;
#3531 = EDGE_LOOP ( 'NONE', ( #636, #3995, #6053, #1697 ) ) ;
#3532 = DIRECTION ( 'NONE',  ( 0.000000000000000000, 0.000000000000000000, 1.000000000000000000 ) ) ;
#3533 = VERTEX_POINT ( 'NONE', #4865 ) ;
#3534 = CIRCLE ( 'NONE', #6892, 0.4999999999999993894 ) ;
#3535 = CARTESIAN_POINT ( 'NONE',  ( 32.18963327120115281, 51.66769523266888342, -16.42361603224079403 ) ) ;
#3536 = ORIENTED_EDGE ( 'NONE', *, *, #846, .T. ) ;
#3537 = ORIENTED_EDGE ( 'NONE', *, *, #4900, .F. ) ;
#3538 = LINE ( 'NONE', #5689, #1912 ) ;
#3539 = CARTESIAN_POINT ( 'NONE',  ( -20.25000000000000000, 53.09356680819458774, -12.86132486540518194 ) ) ;
#3540 = CARTESIAN_POINT ( 'NONE',  ( -20.25000000000000000, 30.00000000000000000, -8.000000000000000000 ) ) ;
#3541 = CIRCLE ( 'NONE', #2197, 0.5000000000000004441 ) ;
#3542 = AXIS2_PLACEMENT_3D ( 'NONE', #3100, #5247, #2404 ) ;
#3543 = CARTESIAN_POINT ( 'NONE',  ( -18.82229303635613604, 52.48898899327897993, -14.66234587884109075 ) ) ;
#3544 = ORIENTED_EDGE ( 'NONE', *, *, #3627, .T. ) ;
#3545 = CARTESIAN_POINT ( 'NONE',  ( 16.75000000000000000, 49.45931019261534800, -15.68902234513799776 ) ) ;
#3546 = AXIS2_PLACEMENT_3D ( 'NONE', #3612, #418, #6345 ) ;
#3547 = CIRCLE ( 'NONE', #2874, 0.5000000000000000000 ) ;
#3548 = ORIENTED_EDGE ( 'NONE', *, *, #6878, .F. ) ;
#3549 = CARTESIAN_POINT ( 'NONE',  ( 49.74999999999999289, 20.20710678118654968, -8.023773415721356272 ) ) ;
#3550 = ORIENTED_EDGE ( 'NONE', *, *, #89, .T. ) ;
#3551 = DIRECTION ( 'NONE',  ( 1.000000000000000000, 0.000000000000000000, 0.000000000000000000 ) ) ;
#3552 = DIRECTION ( 'NONE',  ( -0.000000000000000000, -0.9961946980917454342, -0.08715574274766066387 ) ) ;
#3553 =( BOUNDED_CURVE ( )  B_SPLINE_CURVE ( 3, ( #2060, #2032, #4756, #4172 ),
 .UNSPECIFIED., .F., .F. ) 
 B_SPLINE_CURVE_WITH_KNOTS ( ( 4, 4 ),
 ( 5.358748527905757619, 5.376153824843211027 ),
 .UNSPECIFIED. ) 
 CURVE ( )  GEOMETRIC_REPRESENTATION_ITEM ( )  RATIONAL_B_SPLINE_CURVE ( ( 1.000000000000000000, 0.9999747547958748317, 0.9999747547958748317, 1.000000000000000000 ) ) 
 REPRESENTATION_ITEM ( '' )  );
#3554 = ORIENTED_EDGE ( 'NONE', *, *, #24, .F. ) ;
#3555 = DIRECTION ( 'NONE',  ( -0.000000000000000000, 1.000000000000000000, 4.006172263299072080E-15 ) ) ;
#3556 = DIRECTION ( 'NONE',  ( 0.9103664774429163220, -0.000000000000000000, -0.4138029443444982691 ) ) ;
#3557 = EDGE_CURVE ( 'NONE', #4618, #3945, #4311, .T. ) ;
#3558 = CARTESIAN_POINT ( 'NONE',  ( -50.02097451209438361, 26.79712740287107309, -8.449104885048171809 ) ) ;
#3559 = EDGE_CURVE ( 'NONE', #2904, #2516, #547, .T. ) ;
#3560 = ORIENTED_EDGE ( 'NONE', *, *, #5503, .T. ) ;
#3561 = CARTESIAN_POINT ( 'NONE',  ( 16.83491363400481333, 49.71625821657249134, -15.58094356947215608 ) ) ;
#3562 = AXIS2_PLACEMENT_3D ( 'NONE', #5266, #4689, #5859 ) ;
#3563 = EDGE_CURVE ( 'NONE', #4196, #589, #2776, .T. ) ;
#3564 = CARTESIAN_POINT ( 'NONE',  ( 49.74999999999999289, 20.20710678118655323, -8.342308546125103419 ) ) ;
#3565 = CARTESIAN_POINT ( 'NONE',  ( 20.25000000000000000, 0.000000000000000000, -19.99999999999999645 ) ) ;
#3566 = CIRCLE ( 'NONE', #5375, 3.750000000000006661 ) ;
#3567 = FACE_OUTER_BOUND ( 'NONE', #1085, .T. ) ;
#3568 = CARTESIAN_POINT ( 'NONE',  ( 12.11558394166089236, 58.71355481415624666, -1.313721398802602414 ) ) ;
#3569 = EDGE_CURVE ( 'NONE', #5867, #5199, #3234, .T. ) ;
#3570 = ORIENTED_EDGE ( 'NONE', *, *, #3859, .F. ) ;
#3571 = CARTESIAN_POINT ( 'NONE',  ( 25.09721204939709338, 49.67234518256160669, -19.51955723195868941 ) ) ;
#3572 = EDGE_LOOP ( 'NONE', ( #5743, #1214, #4611, #2795, #3596 ) ) ;
#3573 = EDGE_CURVE ( 'NONE', #1443, #983, #6457, .T. ) ;
#3574 = VERTEX_POINT ( 'NONE', #2739 ) ;
#3575 = AXIS2_PLACEMENT_3D ( 'NONE', #1931, #3509, #3642 ) ;
#3576 = AXIS2_PLACEMENT_3D ( 'NONE', #6542, #711, #269 ) ;
#3577 = ADVANCED_FACE ( 'NONE', ( #5420 ), #4383, .T. ) ;
#3578 = VERTEX_POINT ( 'NONE', #4906 ) ;
#3579 = CARTESIAN_POINT ( 'NONE',  ( -16.75000000000000711, 2.091337906840810223, -15.56166386471694096 ) ) ;
#3580 = FACE_OUTER_BOUND ( 'NONE', #6077, .T. ) ;
#3581 = FACE_OUTER_BOUND ( 'NONE', #912, .T. ) ;
#3582 = CARTESIAN_POINT ( 'NONE',  ( 20.25000000000000000, 50.00000000000000000, -20.00000000000000000 ) ) ;
#3583 = AXIS2_PLACEMENT_3D ( 'NONE', #5487, #2281, #6552 ) ;
#3584 = CYLINDRICAL_SURFACE ( 'NONE', #773, 0.5000000000000011102 ) ;
#3585 = LINE ( 'NONE', #5733, #6925 ) ;
#3586 = CARTESIAN_POINT ( 'NONE',  ( 26.78246383416281517, 21.64113224042444728, 12.06652866291282322 ) ) ;
#3587 = AXIS2_PLACEMENT_3D ( 'NONE', #1274, #253, #2464 ) ;
#3588 = CARTESIAN_POINT ( 'NONE',  ( -16.89391632759362949, 49.00489717550690472, -17.71835831797081440 ) ) ;
#3589 = CARTESIAN_POINT ( 'NONE',  ( -50.17777959421453460, 1.958576220377635568, -8.286836049431272500 ) ) ;
#3590 = ORIENTED_EDGE ( 'NONE', *, *, #5185, .T. ) ;
#3591 = CARTESIAN_POINT ( 'NONE',  ( -16.87203552699077846, 1.969302379850037754, -15.49120662035812046 ) ) ;
#3592 =( BOUNDED_CURVE ( )  B_SPLINE_CURVE ( 3, ( #6644, #2890, #837, #5063 ),
 .UNSPECIFIED., .F., .F. ) 
 B_SPLINE_CURVE_WITH_KNOTS ( ( 4, 4 ),
 ( 5.179155623874301284, 5.837641463451473278 ),
 .UNSPECIFIED. ) 
 CURVE ( )  GEOMETRIC_REPRESENTATION_ITEM ( )  RATIONAL_B_SPLINE_CURVE ( ( 1.000000000000000000, 0.9641915992984350092, 0.9641915992984350092, 1.000000000000000000 ) ) 
 REPRESENTATION_ITEM ( '' )  );
#3593 = CARTESIAN_POINT ( 'NONE',  ( -49.74999999999999289, 58.60387103943875076, 0.1341617788244209020 ) ) ;
#3594 = ADVANCED_FACE ( 'NONE', ( #117 ), #3798, .F. ) ;
#3595 = CARTESIAN_POINT ( 'NONE',  ( -42.12499999999999289, 25.87867965644035451, 19.26409109695748967 ) ) ;
#3596 = ORIENTED_EDGE ( 'NONE', *, *, #4608, .T. ) ;
#3597 = DIRECTION ( 'NONE',  ( -1.000000000000000000, 0.000000000000000000, 0.000000000000000000 ) ) ;
#3598 = CARTESIAN_POINT ( 'NONE',  ( 32.31295478530675069, 25.91539596523869804, 13.09343842426022064 ) ) ;
#3599 = EDGE_CURVE ( 'NONE', #6665, #294, #2250, .T. ) ;
#3600 = FACE_OUTER_BOUND ( 'NONE', #3721, .T. ) ;
#3601 = CARTESIAN_POINT ( 'NONE',  ( 20.25000000000000355, 53.23583426347477143, -13.13570881230383591 ) ) ;
#3602 = CARTESIAN_POINT ( 'NONE',  ( -13.30000000000000071, 30.00000000000000000, -4.499999999873693923 ) ) ;
#3603 = CARTESIAN_POINT ( 'NONE',  ( 20.25000000000000000, 53.32465150955846411, -12.87026182946934405 ) ) ;
#3604 = EDGE_LOOP ( 'NONE', ( #3104, #4167, #5642, #6735 ) ) ;
#3605 = FACE_BOUND ( 'NONE', #2067, .T. ) ;
#3606 = ORIENTED_EDGE ( 'NONE', *, *, #6614, .F. ) ;
#3607 = ORIENTED_EDGE ( 'NONE', *, *, #6431, .T. ) ;
#3608 = VERTEX_POINT ( 'NONE', #5311 ) ;
#3609 = FACE_OUTER_BOUND ( 'NONE', #6477, .T. ) ;
#3610 = DIRECTION ( 'NONE',  ( -0.5000000000000009992, 0.000000000000000000, 0.8660254037844380415 ) ) ;
#3611 = DIRECTION ( 'NONE',  ( 1.000000000000000000, 0.000000000000000000, -1.284980352575412699E-16 ) ) ;
#3612 = CARTESIAN_POINT ( 'NONE',  ( -10.74999999999998934, 23.49999999999999645, 13.75000000000000000 ) ) ;
#3613 = CARTESIAN_POINT ( 'NONE',  ( -20.15985325773081982, 53.17088412037479372, -13.20001705972236472 ) ) ;
#3614 = VERTEX_POINT ( 'NONE', #3725 ) ;
#3615 = CARTESIAN_POINT ( 'NONE',  ( 30.00000000000000000, 38.61378996556253185, 7.884161778824427813 ) ) ;
#3616 = ORIENTED_EDGE ( 'NONE', *, *, #6098, .F. ) ;
#3617 = CARTESIAN_POINT ( 'NONE',  ( 28.03361342686969948, 21.03170585708330975, 13.33426535576843897 ) ) ;
#3618 = EDGE_CURVE ( 'NONE', #2463, #6478, #1067, .T. ) ;
#3619 = EDGE_CURVE ( 'NONE', #5294, #3639, #1226, .T. ) ;
#3620 = DIRECTION ( 'NONE',  ( -1.000000000000000000, 0.000000000000000000, 0.000000000000000000 ) ) ;
#3621 = ORIENTED_EDGE ( 'NONE', *, *, #6648, .T. ) ;
#3622 = EDGE_CURVE ( 'NONE', #3302, #3574, #4188, .T. ) ;
#3623 = CARTESIAN_POINT ( 'NONE',  ( -33.75000000000000000, 48.61378996556253185, -16.03638490568253516 ) ) ;
#3624 = VERTEX_POINT ( 'NONE', #5451 ) ;
#3625 = ORIENTED_EDGE ( 'NONE', *, *, #3981, .F. ) ;
#3626 = CARTESIAN_POINT ( 'NONE',  ( 16.75000000000000000, 2.664213562373112243, -17.97927405783631016 ) ) ;
#3627 = EDGE_CURVE ( 'NONE', #4375, #2331, #505, .T. ) ;
#3628 = DIRECTION ( 'NONE',  ( 1.067522139062650425E-16, -0.000000000000000000, -1.000000000000000000 ) ) ;
#3629 = DIRECTION ( 'NONE',  ( 0.000000000000000000, -1.000000000000000000, 0.000000000000000000 ) ) ;
#3630 = ORIENTED_EDGE ( 'NONE', *, *, #1618, .T. ) ;
#3631 = CARTESIAN_POINT ( 'NONE',  ( -48.00000000000001421, 2.799999999999993605, 13.75000000000000000 ) ) ;
#3632 = DIRECTION ( 'NONE',  ( -1.000000000000000000, 0.000000000000000000, 0.000000000000000000 ) ) ;
#3633 = DIRECTION ( 'NONE',  ( 0.000000000000000000, 1.000000000000000000, -0.000000000000000000 ) ) ;
#3634 = ORIENTED_EDGE ( 'NONE', *, *, #6724, .F. ) ;
#3635 = DIRECTION ( 'NONE',  ( -1.000000000000000000, -0.000000000000000000, -0.000000000000000000 ) ) ;
#3636 = VERTEX_POINT ( 'NONE', #2148 ) ;
#3637 = DIRECTION ( 'NONE',  ( 0.000000000000000000, -1.000000000000000000, 0.000000000000000000 ) ) ;
#3638 = ORIENTED_EDGE ( 'NONE', *, *, #2226, .T. ) ;
#3639 = VERTEX_POINT ( 'NONE', #5348 ) ;
#3640 = ORIENTED_EDGE ( 'NONE', *, *, #612, .T. ) ;
#3641 = CARTESIAN_POINT ( 'NONE',  ( -45.80000000000001137, 30.00000000000000000, -6.499999999999997335 ) ) ;
#3642 = DIRECTION ( 'NONE',  ( -1.000000000000000000, 0.000000000000000000, 0.000000000000000000 ) ) ;
#3643 = DIRECTION ( 'NONE',  ( 0.000000000000000000, 0.000000000000000000, -1.000000000000000000 ) ) ;
#3644 = AXIS2_PLACEMENT_3D ( 'NONE', #6464, #657, #4948 ) ;
#3645 = CARTESIAN_POINT ( 'NONE',  ( -30.00000000000000000, 48.61378996556253185, -9.000000000000000000 ) ) ;
#3646 = EDGE_LOOP ( 'NONE', ( #2412, #2421, #4010, #1252, #3630, #1666, #2513, #3771, #587, #4524 ) ) ;
#3647 = CARTESIAN_POINT ( 'NONE',  ( -49.91182958586006890, 27.25000000000000000, -8.500000000000000000 ) ) ;
#3648 = ORIENTED_EDGE ( 'NONE', *, *, #475, .F. ) ;
#3649 = LINE ( 'NONE', #5801, #4361 ) ;
#3650 = LINE ( 'NONE', #960, #109 ) ;
#3651 = ADVANCED_FACE ( 'NONE', ( #4284 ), #6424, .T. ) ;
#3652 = AXIS2_PLACEMENT_3D ( 'NONE', #5872, #1613, #1068 ) ;
#3653 = ORIENTED_EDGE ( 'NONE', *, *, #468, .F. ) ;
#3654 = DIRECTION ( 'NONE',  ( 0.000000000000000000, 0.000000000000000000, -1.000000000000000000 ) ) ;
#3655 = AXIS2_PLACEMENT_3D ( 'NONE', #5334, #4305, #6448 ) ;
#3656 = VECTOR ( 'NONE', #1563, 1000.000000000000000 ) ;
#3657 = ADVANCED_FACE ( 'NONE', ( #1896 ), #1856, .T. ) ;
#3658 = CARTESIAN_POINT ( 'NONE',  ( -18.75000000000001776, 49.99999999999997158, -20.00000000000003908 ) ) ;
#3659 = CARTESIAN_POINT ( 'NONE',  ( 20.25000000000000000, 49.68146486959625463, -19.99999999999999645 ) ) ;
#3660 = CIRCLE ( 'NONE', #6238, 1.100000000000000311 ) ;
#3661 = DIRECTION ( 'NONE',  ( -0.9063077870366510469, 0.000000000000000000, 0.4226182617406973319 ) ) ;
#3662 = AXIS2_PLACEMENT_3D ( 'NONE', #4549, #3432, #5108 ) ;
#3663 = DIRECTION ( 'NONE',  ( 0.000000000000000000, 0.000000000000000000, 1.000000000000000000 ) ) ;
#3664 = DIRECTION ( 'NONE',  ( 0.000000000000000000, 0.9063077870366484934, -0.4226182617407029385 ) ) ;
#3665 = DIRECTION ( 'NONE',  ( 1.000000000000000000, -0.000000000000000000, 0.000000000000000000 ) ) ;
#3666 = DIRECTION ( 'NONE',  ( 1.000000000000000000, 0.000000000000000000, 0.000000000000000000 ) ) ;
#3667 = VECTOR ( 'NONE', #1319, 1000.000000000000000 ) ;
#3668 = CARTESIAN_POINT ( 'NONE',  ( 35.54999999999994031, 5.299999999999993605, -8.342308546125103419 ) ) ;
#3669 = VECTOR ( 'NONE', #2447, 1000.000000000000000 ) ;
#3670 = EDGE_CURVE ( 'NONE', #4280, #5764, #3931, .T. ) ;
#3671 = ORIENTED_EDGE ( 'NONE', *, *, #6750, .F. ) ;
#3672 = CARTESIAN_POINT ( 'NONE',  ( 30.00000000000000000, 80.00000000000000000, 12.38416177882443137 ) ) ;
#3673 = ORIENTED_EDGE ( 'NONE', *, *, #5511, .T. ) ;
#3674 = ORIENTED_EDGE ( 'NONE', *, *, #4083, .F. ) ;
#3675 = ORIENTED_EDGE ( 'NONE', *, *, #3792, .F. ) ;
#3676 = CARTESIAN_POINT ( 'NONE',  ( -25.25000000000000000, 0.000000000000000000, -19.99999999999999289 ) ) ;
#3677 = VECTOR ( 'NONE', #1396, 1000.000000000000000 ) ;
#3678 = CARTESIAN_POINT ( 'NONE',  ( -42.12499999999999289, 14.99999999999999645, 18.31232995288886656 ) ) ;
#3679 = ADVANCED_FACE ( 'NONE', ( #219 ), #4711, .F. ) ;
#3680 = FACE_OUTER_BOUND ( 'NONE', #1956, .T. ) ;
#3681 = EDGE_CURVE ( 'NONE', #5999, #3175, #3242, .T. ) ;
#3682 = LINE ( 'NONE', #1468, #972 ) ;
#3683 = DIRECTION ( 'NONE',  ( -0.4226182617406972208, 0.000000000000000000, 0.9063077870366511579 ) ) ;
#3684 = VECTOR ( 'NONE', #4522, 1000.000000000000000 ) ;
#3685 = VECTOR ( 'NONE', #3424, 1000.000000000000000 ) ;
#3686 = VERTEX_POINT ( 'NONE', #5625 ) ;
#3687 = DIRECTION ( 'NONE',  ( -0.000000000000000000, 1.221878638832870327E-16, -1.000000000000000000 ) ) ;
#3688 = EDGE_LOOP ( 'NONE', ( #6102, #5485, #5545, #5280 ) ) ;
#3689 = CARTESIAN_POINT ( 'NONE',  ( 34.39251831024953532, 4.142518310249578839, 8.775337016675297974 ) ) ;
#3690 = ADVANCED_FACE ( 'NONE', ( #6038 ), #756, .T. ) ;
#3691 = DIRECTION ( 'NONE',  ( -1.000000000000000000, -0.000000000000000000, -0.000000000000000000 ) ) ;
#3692 = VECTOR ( 'NONE', #825, 1000.000000000000000 ) ;
#3693 = ORIENTED_EDGE ( 'NONE', *, *, #6445, .F. ) ;
#3694 = EDGE_CURVE ( 'NONE', #2520, #3614, #1823, .T. ) ;
#3695 = DIRECTION ( 'NONE',  ( -1.000000000000000000, 0.000000000000000000, 0.000000000000000000 ) ) ;
#3696 = VECTOR ( 'NONE', #4410, 1000.000000000000114 ) ;
#3697 = CARTESIAN_POINT ( 'NONE',  ( 16.75000000000000000, 49.43833015021221655, -15.98204532008123202 ) ) ;
#3698 = CARTESIAN_POINT ( 'NONE',  ( -45.80000000000000426, 26.26766923522773212, 13.25499871860576029 ) ) ;
#3699 = CIRCLE ( 'NONE', #3137, 3.750000000000006661 ) ;
#3700 = DIRECTION ( 'NONE',  ( 0.000000000000000000, 0.000000000000000000, 1.000000000000000000 ) ) ;
#3701 = ORIENTED_EDGE ( 'NONE', *, *, #6689, .F. ) ;
#3702 = DIRECTION ( 'NONE',  ( -1.000000000000000000, 0.000000000000000000, 0.000000000000000000 ) ) ;
#3703 = CARTESIAN_POINT ( 'NONE',  ( 25.35046179954886725, 49.68146486959625463, -19.95315389351832636 ) ) ;
#3704 = VERTEX_POINT ( 'NONE', #1199 ) ;
#3705 = DIRECTION ( 'NONE',  ( -0.000000000000000000, 0.000000000000000000, 1.000000000000000000 ) ) ;
#3706 = CARTESIAN_POINT ( 'NONE',  ( -19.99999999999999645, 53.09356680819458774, -13.29433756729740246 ) ) ;
#3707 = ORIENTED_EDGE ( 'NONE', *, *, #2019, .T. ) ;
#3708 = DIRECTION ( 'NONE',  ( 0.000000000000000000, 0.000000000000000000, 1.000000000000000000 ) ) ;
#3709 = ORIENTED_EDGE ( 'NONE', *, *, #4630, .F. ) ;
#3710 = ORIENTED_EDGE ( 'NONE', *, *, #2204, .T. ) ;
#3711 = B_SPLINE_CURVE_WITH_KNOTS ( 'NONE', 3,
 ( #4126, #4409, #1454, #2356, #3068, #3598, #6065, #1233, #2905, #143, #2277, #6548, #5047, #2313, #3886, #4447, #6094, #1267 ),
 .UNSPECIFIED., .F., .F.,
 ( 4, 2, 2, 2, 2, 2, 2, 2, 4 ),
 ( 0.007096274946061500478, 0.007732396542628677989, 0.008368518139195856367, 0.009004639735763033878, 0.009640761332330211389, 0.01027688292889738890, 0.01091300452546456641, 0.01154912612203174392, 0.01218524771859892143 ),
 .UNSPECIFIED. ) ;
#3712 = ORIENTED_EDGE ( 'NONE', *, *, #3376, .F. ) ;
#3713 = DIRECTION ( 'NONE',  ( 1.067522139062650425E-16, 0.000000000000000000, -1.000000000000000000 ) ) ;
#3714 = EDGE_CURVE ( 'NONE', #6576, #3704, #2563, .T. ) ;
#3715 = CARTESIAN_POINT ( 'NONE',  ( 16.75000000000000000, 2.664213562373114019, -15.45940107675847663 ) ) ;
#3716 = CARTESIAN_POINT ( 'NONE',  ( 16.75000000000000000, 48.33917413069173818, -17.69059892324149175 ) ) ;
#3717 = LINE ( 'NONE', #641, #4772 ) ;
#3718 = DIRECTION ( 'NONE',  ( 0.000000000000000000, 1.000000000000000000, 0.000000000000000000 ) ) ;
#3719 = ORIENTED_EDGE ( 'NONE', *, *, #3188, .T. ) ;
#3720 = CARTESIAN_POINT ( 'NONE',  ( -17.00000000000000000, 2.664213562373122013, -18.12361162513370161 ) ) ;
#3721 = EDGE_LOOP ( 'NONE', ( #5271, #2643, #62, #4833 ) ) ;
#3722 = DIRECTION ( 'NONE',  ( 0.000000000000000000, 0.000000000000000000, -1.000000000000000000 ) ) ;
#3723 = EDGE_CURVE ( 'NONE', #2588, #5536, #6704, .T. ) ;
#3724 = CARTESIAN_POINT ( 'NONE',  ( 26.87379144500331307, 25.48057933067510561, 12.21371749897813075 ) ) ;
#3725 = CARTESIAN_POINT ( 'NONE',  ( 50.24999999999999289, 20.20710678118655323, -8.023773415721354496 ) ) ;
#3726 = DIRECTION ( 'NONE',  ( -1.000000000000000000, 0.000000000000000000, 0.000000000000000000 ) ) ;
#3727 = EDGE_CURVE ( 'NONE', #1594, #1019, #3287, .T. ) ;
#3728 = ORIENTED_EDGE ( 'NONE', *, *, #417, .T. ) ;
#3729 = EDGE_CURVE ( 'NONE', #2394, #6803, #5488, .T. ) ;
#3730 = DIRECTION ( 'NONE',  ( 0.000000000000000000, 0.000000000000000000, 1.000000000000000000 ) ) ;
#3731 = EDGE_CURVE ( 'NONE', #4446, #1866, #3504, .T. ) ;
#3732 = CARTESIAN_POINT ( 'NONE',  ( 50.10355339059326951, 19.85355339059327662, -8.023773415721356272 ) ) ;
#3733 = AXIS2_PLACEMENT_3D ( 'NONE', #6327, #4779, #3663 ) ;
#3734 = DIRECTION ( 'NONE',  ( 1.000000000000000000, -0.000000000000000000, 0.000000000000000000 ) ) ;
#3735 = ORIENTED_EDGE ( 'NONE', *, *, #6395, .F. ) ;
#3736 = ADVANCED_FACE ( 'NONE', ( #462 ), #4650, .F. ) ;
#3737 = SURFACE_STYLE_FILL_AREA ( #447 ) ;
#3738 = CARTESIAN_POINT ( 'NONE',  ( -16.89644660940673404, 49.75875834124010311, -16.13146343944628924 ) ) ;
#3739 = ADVANCED_FACE ( 'NONE', ( #1499 ), #5149, .F. ) ;
#3740 = ADVANCED_FACE ( 'NONE', ( #6207 ), #5793, .T. ) ;
#3741 = LINE ( 'NONE', #634, #5570 ) ;
#3742 = ORIENTED_EDGE ( 'NONE', *, *, #909, .T. ) ;
#3743 = ORIENTED_EDGE ( 'NONE', *, *, #50, .F. ) ;
#3744 = DIRECTION ( 'NONE',  ( 0.000000000000000000, 0.9063077870366511579, -0.4226182617406972208 ) ) ;
#3745 = ADVANCED_FACE ( 'NONE', ( #3581 ), #2593, .T. ) ;
#3746 = ORIENTED_EDGE ( 'NONE', *, *, #3166, .F. ) ;
#3747 = ORIENTED_EDGE ( 'NONE', *, *, #6147, .T. ) ;
#3748 = CARTESIAN_POINT ( 'NONE',  ( -49.74999999999999289, 38.07021209418869745, 20.33071197626904691 ) ) ;
#3749 = ADVANCED_FACE ( 'NONE', ( #5267 ), #6366, .T. ) ;
#3750 = AXIS2_PLACEMENT_3D ( 'NONE', #1588, #2545, #516 ) ;
#3751 = CARTESIAN_POINT ( 'NONE',  ( -20.62499999999999645, 13.49999999999999467, 31.24999999999999645 ) ) ;
#3752 = PLANE ( 'NONE',  #2075 ) ;
#3753 = CARTESIAN_POINT ( 'NONE',  ( -47.24999999999999289, 27.25000000000000000, -6.750000000000000888 ) ) ;
#3754 = LINE ( 'NONE', #5482, #6124 ) ;
#3755 = EDGE_LOOP ( 'NONE', ( #3189, #3345, #4824, #100 ) ) ;
#3756 = CARTESIAN_POINT ( 'NONE',  ( -20.62499999999999645, 3.499999999999995115, 17.30621032234073553 ) ) ;
#3757 = ORIENTED_EDGE ( 'NONE', *, *, #1525, .T. ) ;
#3758 = CARTESIAN_POINT ( 'NONE',  ( -13.30000000000000249, 0.000000000000000000, 13.02627944162881946 ) ) ;
#3759 = ORIENTED_EDGE ( 'NONE', *, *, #1591, .T. ) ;
#3760 = CARTESIAN_POINT ( 'NONE',  ( 34.77161602529623963, 4.521616025296286701, 11.55665984347076147 ) ) ;
#3761 = CARTESIAN_POINT ( 'NONE',  ( -16.75000000000000000, 2.413535619929459752, -17.65437783763902857 ) ) ;
#3762 = VECTOR ( 'NONE', #6128, 1000.000000000000000 ) ;
#3763 = DIRECTION ( 'NONE',  ( 1.000000000000000000, -0.000000000000000000, 1.151310272083643323E-16 ) ) ;
#3764 = ORIENTED_EDGE ( 'NONE', *, *, #1054, .F. ) ;
#3765 = AXIS2_PLACEMENT_3D ( 'NONE', #4907, #17, #45 ) ;
#3766 = CARTESIAN_POINT ( 'NONE',  ( 50.24999999999999289, 20.20710678118655323, 18.76789276601165213 ) ) ;
#3767 = VECTOR ( 'NONE', #1278, 1000.000000000000227 ) ;
#3768 = AXIS2_PLACEMENT_3D ( 'NONE', #6209, #952, #4144 ) ;
#3769 = VECTOR ( 'NONE', #2373, 1000.000000000000114 ) ;
#3770 = CARTESIAN_POINT ( 'NONE',  ( -50.24999999999999289, 0.000000000000000000, -8.342308546125103419 ) ) ;
#3771 = ORIENTED_EDGE ( 'NONE', *, *, #4045, .T. ) ;
#3772 = CARTESIAN_POINT ( 'NONE',  ( -20.62499999999999645, 3.499999999999995115, 16.24999999999999645 ) ) ;
#3773 = CARTESIAN_POINT ( 'NONE',  ( -16.82317961447776611, 49.76872452194818663, -15.61996430775247546 ) ) ;
#3774 = EDGE_CURVE ( 'NONE', #1042, #4090, #4064, .T. ) ;
#3775 = CARTESIAN_POINT ( 'NONE',  ( -50.24999999999999289, 5.299999999999993605, 14.50000000000000000 ) ) ;
#3776 = EDGE_CURVE ( 'NONE', #1531, #320, #5182, .T. ) ;
#3777 = EDGE_CURVE ( 'NONE', #597, #5628, #6592, .T. ) ;
#3778 = CARTESIAN_POINT ( 'NONE',  ( -47.24999999999999289, 26.63068286084032366, -5.840909090825854300 ) ) ;
#3779 =( BOUNDED_CURVE ( )  B_SPLINE_CURVE ( 3, ( #3952, #5580, #2409, #4054 ),
 .UNSPECIFIED., .F., .F. ) 
 B_SPLINE_CURVE_WITH_KNOTS ( ( 4, 4 ),
 ( 3.022309003504616509, 3.934071670079536176 ),
 .UNSPECIFIED. ) 
 CURVE ( )  GEOMETRIC_REPRESENTATION_ITEM ( )  RATIONAL_B_SPLINE_CURVE ( ( 1.000000000000000000, 0.9319155777343942626, 0.9319155777343942626, 1.000000000000000000 ) ) 
 REPRESENTATION_ITEM ( '' )  );
#3780 = ORIENTED_EDGE ( 'NONE', *, *, #6648, .F. ) ;
#3781 = AXIS2_PLACEMENT_3D ( 'NONE', #4750, #6889, #5957 ) ;
#3782 = DIRECTION ( 'NONE',  ( -0.000000000000000000, 1.000000000000000000, -0.000000000000000000 ) ) ;
#3783 = VERTEX_POINT ( 'NONE', #2488 ) ;
#3784 = ORIENTED_EDGE ( 'NONE', *, *, #1256, .T. ) ;
#3785 = DIRECTION ( 'NONE',  ( 0.000000000000000000, 1.000000000000000000, 0.000000000000000000 ) ) ;
#3786 = CARTESIAN_POINT ( 'NONE',  ( -16.89644660940673049, 49.06641009821608890, -17.61620903801390625 ) ) ;
#3787 = VECTOR ( 'NONE', #4438, 1000.000000000000000 ) ;
#3788 = EDGE_CURVE ( 'NONE', #6522, #2787, #951, .T. ) ;
#3789 = CARTESIAN_POINT ( 'NONE',  ( 11.00000000000000000, 2.799999999999993605, 11.25000000000000000 ) ) ;
#3790 = FACE_OUTER_BOUND ( 'NONE', #2309, .T. ) ;
#3791 = DIRECTION ( 'NONE',  ( 0.000000000000000000, -1.000000000000000000, 0.000000000000000000 ) ) ;
#3792 = EDGE_CURVE ( 'NONE', #4663, #1608, #1440, .T. ) ;
#3793 = AXIS2_PLACEMENT_3D ( 'NONE', #555, #1551, #2118 ) ;
#3794 = CARTESIAN_POINT ( 'NONE',  ( -16.75000000000000355, 2.252775734606960345, -15.65487003803511534 ) ) ;
#3795 = ORIENTED_EDGE ( 'NONE', *, *, #2387, .F. ) ;
#3796 = DIRECTION ( 'NONE',  ( -1.000000000000000000, 0.000000000000000000, 0.000000000000000000 ) ) ;
#3797 = CARTESIAN_POINT ( 'NONE',  ( -17.25000000000000355, 2.207106781186564781, -15.83262720071616769 ) ) ;
#3798 = CYLINDRICAL_SURFACE ( 'NONE', #3459, 2.250000000000001776 ) ;
#3799 = FACE_BOUND ( 'NONE', #2566, .T. ) ;
#3800 = ORIENTED_EDGE ( 'NONE', *, *, #5995, .F. ) ;
#3801 = EDGE_CURVE ( 'NONE', #4983, #1370, #6833, .T. ) ;
#3802 = VERTEX_POINT ( 'NONE', #4100 ) ;
#3803 = CARTESIAN_POINT ( 'NONE',  ( -49.91182958586006890, 2.799999999999993605, -8.499999999999998224 ) ) ;
#3804 = AXIS2_PLACEMENT_3D ( 'NONE', #4275, #2205, #1601 ) ;
#3805 = VECTOR ( 'NONE', #4273, 1000.000000000000000 ) ;
#3806 = CARTESIAN_POINT ( 'NONE',  ( 17.83335748558244305, 49.43333123712782395, -15.69994974461329917 ) ) ;
#3807 = CARTESIAN_POINT ( 'NONE',  ( 25.13915266867851983, 50.13461876311458099, -19.71130913087034742 ) ) ;
#3808 = AXIS2_PLACEMENT_3D ( 'NONE', #226, #3448, #2367 ) ;
#3809 = ORIENTED_EDGE ( 'NONE', *, *, #1480, .F. ) ;
#3810 = DIRECTION ( 'NONE',  ( -0.000000000000000000, 0.3877221926640886385, -0.9217762750883488065 ) ) ;
#3811 = EDGE_CURVE ( 'NONE', #4401, #2937, #3014, .T. ) ;
#3812 = VECTOR ( 'NONE', #6103, 1000.000000000000000 ) ;
#3813 = CARTESIAN_POINT ( 'NONE',  ( 19.99999999999999645, 53.09356680819460905, -13.29433756729740601 ) ) ;
#3814 = CARTESIAN_POINT ( 'NONE',  ( -16.89644660940673049, 49.06641009821609600, -17.61620903801391336 ) ) ;
#3815 = ORIENTED_EDGE ( 'NONE', *, *, #6724, .T. ) ;
#3816 = CYLINDRICAL_SURFACE ( 'NONE', #3215, 0.5000000000000011102 ) ;
#3817 = EDGE_LOOP ( 'NONE', ( #19, #5887, #3114, #2058 ) ) ;
#3818 = ORIENTED_EDGE ( 'NONE', *, *, #3449, .F. ) ;
#3819 = DIRECTION ( 'NONE',  ( -0.000000000000000000, 0.000000000000000000, 1.000000000000000000 ) ) ;
#3820 = CARTESIAN_POINT ( 'NONE',  ( 49.74999999999999289, 59.05702493295710553, -0.5771473520459283746 ) ) ;
#3821 =( BOUNDED_CURVE ( )  B_SPLINE_CURVE ( 3, ( #1645, #4864, #3855, #1236 ),
 .UNSPECIFIED., .F., .F. ) 
 B_SPLINE_CURVE_WITH_KNOTS ( ( 4, 4 ),
 ( -8.881784197001252323E-16, 3.141592653589792228 ),
 .UNSPECIFIED. ) 
 CURVE ( )  GEOMETRIC_REPRESENTATION_ITEM ( )  RATIONAL_B_SPLINE_CURVE ( ( 1.000000000000000000, 0.3333333333333333703, 0.3333333333333333703, 1.000000000000000000 ) ) 
 REPRESENTATION_ITEM ( '' )  );
#3822 = DIRECTION ( 'NONE',  ( 0.000000000000000000, -1.000000000000000000, 0.000000000000000000 ) ) ;
#3823 = DIRECTION ( 'NONE',  ( -0.6546536707079765316, -0.6546536707079774198, -0.3779644730092278082 ) ) ;
#3824 = CARTESIAN_POINT ( 'NONE',  ( 30.00000000000000000, 48.61378996556253185, -9.000000000000000000 ) ) ;
#3825 = CARTESIAN_POINT ( 'NONE',  ( -50.24999999999999289, 11.79999999999999538, -7.500000000000000000 ) ) ;
#3826 = ORIENTED_EDGE ( 'NONE', *, *, #4471, .F. ) ;
#3827 = CARTESIAN_POINT ( 'NONE',  ( 31.70791458395448714, 5.286391659069120230, 13.47806579109394320 ) ) ;
#3828 = DIRECTION ( 'NONE',  ( 0.000000000000000000, -0.9063077870366511579, 0.4226182617406972208 ) ) ;
#3829 = DIRECTION ( 'NONE',  ( 1.000000000000000000, 0.000000000000000000, 0.000000000000000000 ) ) ;
#3830 = CARTESIAN_POINT ( 'NONE',  ( -49.91182958586006890, 2.799999999999993605, -8.499999999999998224 ) ) ;
#3831 = EDGE_CURVE ( 'NONE', #4076, #5372, #2073, .T. ) ;
#3832 = CARTESIAN_POINT ( 'NONE',  ( -17.00000000000000711, 2.664213562373109134, -15.02638837486625079 ) ) ;
#3833 = EDGE_CURVE ( 'NONE', #3945, #2480, #6281, .T. ) ;
#3834 = DIRECTION ( 'NONE',  ( 0.000000000000000000, -0.000000000000000000, -1.000000000000000000 ) ) ;
#3835 = EDGE_LOOP ( 'NONE', ( #4841, #5787, #1376, #4444 ) ) ;
#3836 = DIRECTION ( 'NONE',  ( 1.067522139062650425E-16, -0.000000000000000000, -1.000000000000000000 ) ) ;
#3837 = EDGE_LOOP ( 'NONE', ( #5610, #700, #23, #3570 ) ) ;
#3838 = ORIENTED_EDGE ( 'NONE', *, *, #3243, .F. ) ;
#3839 = LINE ( 'NONE', #4819, #4343 ) ;
#3840 = CARTESIAN_POINT ( 'NONE',  ( -10.74999999999998934, 25.99999999999999645, 13.75000000000000000 ) ) ;
#3841 = VERTEX_POINT ( 'NONE', #5691 ) ;
#3842 = DIRECTION ( 'NONE',  ( 0.000000000000000000, 0.000000000000000000, 1.000000000000000000 ) ) ;
#3843 = ORIENTED_EDGE ( 'NONE', *, *, #757, .F. ) ;
#3844 = VERTEX_POINT ( 'NONE', #3789 ) ;
#3845 = CARTESIAN_POINT ( 'NONE',  ( -2.929622758983035702, 23.09383632135614661, -27.68746197799189801 ) ) ;
#3846 = LINE ( 'NONE', #6411, #1759 ) ;
#3847 = CARTESIAN_POINT ( 'NONE',  ( -16.89644660940672338, 1.853553390593294159, -17.31737279928379536 ) ) ;
#3848 = FACE_OUTER_BOUND ( 'NONE', #5192, .T. ) ;
#3849 = ORIENTED_EDGE ( 'NONE', *, *, #3681, .F. ) ;
#3850 = LINE ( 'NONE', #108, #6016 ) ;
#3851 = CARTESIAN_POINT ( 'NONE',  ( -47.24999999999999289, 28.74534401354902968, -5.840909090825853411 ) ) ;
#3852 = ORIENTED_EDGE ( 'NONE', *, *, #3099, .F. ) ;
#3853 = DIRECTION ( 'NONE',  ( -1.000000000000000000, -0.000000000000000000, -0.000000000000000000 ) ) ;
#3854 =( BOUNDED_CURVE ( )  B_SPLINE_CURVE ( 3, ( #2682, #2155, #2581, #2641 ),
 .UNSPECIFIED., .F., .F. ) 
 B_SPLINE_CURVE_WITH_KNOTS ( ( 4, 4 ),
 ( 1.084202172485504187E-16, 0.8480620789814843352 ),
 .UNSPECIFIED. ) 
 CURVE ( )  GEOMETRIC_REPRESENTATION_ITEM ( )  RATIONAL_B_SPLINE_CURVE ( ( 1.000000000000000000, 0.9409585518440979346, 0.9409585518440979346, 1.000000000000000000 ) ) 
 REPRESENTATION_ITEM ( '' )  );
#3855 = CARTESIAN_POINT ( 'NONE',  ( -17.62499999999999645, 6.499999999999999112, 17.56867631291850884 ) ) ;
#3856 = CARTESIAN_POINT ( 'NONE',  ( -49.74999999999999289, 0.000000000000000000, 17.00000000000000000 ) ) ;
#3857 = CARTESIAN_POINT ( 'NONE',  ( 16.89644660940673049, 49.75875834124011021, -16.13146343944629280 ) ) ;
#3858 = EDGE_LOOP ( 'NONE', ( #2303, #4476, #3638, #3554 ) ) ;
#3859 = EDGE_CURVE ( 'NONE', #5584, #1342, #3152, .T. ) ;
#3860 = DIRECTION ( 'NONE',  ( -1.000000000000000000, 4.468442383066146217E-32, 6.938893903907228378E-16 ) ) ;
#3861 = CARTESIAN_POINT ( 'NONE',  ( -41.50367965644035451, 3.499999999999994671, 17.30621032234073553 ) ) ;
#3862 = ORIENTED_EDGE ( 'NONE', *, *, #1814, .F. ) ;
#3863 = CARTESIAN_POINT ( 'NONE',  ( -47.24999999999999289, 28.69125546030030804, 12.75738592688066753 ) ) ;
#3864 = ORIENTED_EDGE ( 'NONE', *, *, #1140, .T. ) ;
#3865 = CIRCLE ( 'NONE', #290, 3.750000000000000000 ) ;
#3866 = EDGE_CURVE ( 'NONE', #594, #886, #444, .T. ) ;
#3867 = EDGE_CURVE ( 'NONE', #597, #6861, #4355, .T. ) ;
#3868 = CARTESIAN_POINT ( 'NONE',  ( 49.74999999999999289, 58.60387103943878628, -0.3658382211755791258 ) ) ;
#3869 = VERTEX_POINT ( 'NONE', #5441 ) ;
#3870 = ORIENTED_EDGE ( 'NONE', *, *, #353, .F. ) ;
#3871 = LINE ( 'NONE', #3942, #1434 ) ;
#3872 = VECTOR ( 'NONE', #1037, 1000.000000000000000 ) ;
#3873 = CIRCLE ( 'NONE', #2198, 2.249999999999998668 ) ;
#3874 = DIRECTION ( 'NONE',  ( -0.8892053820944776366, 0.1933513365602834710, 0.4146432793433000308 ) ) ;
#3875 = CARTESIAN_POINT ( 'NONE',  ( -16.75000000000000000, 2.664213562373115796, -17.69059892324148819 ) ) ;
#3876 = AXIS2_PLACEMENT_3D ( 'NONE', #3051, #1537, #2594 ) ;
#3877 = AXIS2_PLACEMENT_3D ( 'NONE', #5464, #228, #2816 ) ;
#3878 = ORIENTED_EDGE ( 'NONE', *, *, #3694, .T. ) ;
#3879 = ORIENTED_EDGE ( 'NONE', *, *, #3599, .T. ) ;
#3880 = CARTESIAN_POINT ( 'NONE',  ( -26.33023765153926377, 49.50715538520932313, -19.49627691045987632 ) ) ;
#3881 = CARTESIAN_POINT ( 'NONE',  ( -16.75000000000000355, 48.90277129052009286, -17.60937356297436907 ) ) ;
#3882 = FACE_OUTER_BOUND ( 'NONE', #1610, .T. ) ;
#3883 = PLANE ( 'NONE',  #2534 ) ;
#3884 = CARTESIAN_POINT ( 'NONE',  ( 19.00133477213648092, 52.73474181783858228, -14.13532724583828859 ) ) ;
#3885 = ORIENTED_EDGE ( 'NONE', *, *, #4173, .F. ) ;
#3886 = CARTESIAN_POINT ( 'NONE',  ( 33.53558681350722992, 24.33855418718933805, 11.38529780586578255 ) ) ;
#3887 = ORIENTED_EDGE ( 'NONE', *, *, #387, .T. ) ;
#3888 = CARTESIAN_POINT ( 'NONE',  ( 33.08109342914666939, 4.827503954533116648, 12.27741835662732051 ) ) ;
#3889 = ORIENTED_EDGE ( 'NONE', *, *, #352, .F. ) ;
#3890 = CARTESIAN_POINT ( 'NONE',  ( -16.75000000000000355, 2.207106781186567002, -15.83262720071616769 ) ) ;
#3891 = CARTESIAN_POINT ( 'NONE',  ( 26.41985963066197485, 3.014905662752715543, 11.25000000000000178 ) ) ;
#3892 = ADVANCED_FACE ( 'NONE', ( #1536 ), #495, .T. ) ;
#3893 = CARTESIAN_POINT ( 'NONE',  ( -47.24999999999999289, 2.799999999999993605, 13.75000000000000000 ) ) ;
#3894 = VECTOR ( 'NONE', #5816, 1000.000000000000000 ) ;
#3895 = ORIENTED_EDGE ( 'NONE', *, *, #3275, .F. ) ;
#3896 = EDGE_CURVE ( 'NONE', #6079, #3329, #6898, .T. ) ;
#3897 = PLANE ( 'NONE',  #4868 ) ;
#3898 = ADVANCED_FACE ( 'NONE', ( #4337 ), #6379, .F. ) ;
#3899 = LINE ( 'NONE', #2646, #5135 ) ;
#3900 = AXIS2_PLACEMENT_3D ( 'NONE', #2336, #3457, #3416 ) ;
#3901 = ADVANCED_FACE ( 'NONE', ( #6412 ), #1024, .F. ) ;
#3902 = CARTESIAN_POINT ( 'NONE',  ( -47.52415550576401415, 28.66958392217591367, -5.716292951826469348 ) ) ;
#3903 = CARTESIAN_POINT ( 'NONE',  ( 16.88034105889096992, 1.869658941109044514, -17.43825386977459502 ) ) ;
#3904 = VERTEX_POINT ( 'NONE', #5301 ) ;
#3905 = VECTOR ( 'NONE', #2004, 1000.000000000000114 ) ;
#3906 = AXIS2_PLACEMENT_3D ( 'NONE', #4791, #5858, #3219 ) ;
#3907 = LINE ( 'NONE', #5431, #5547 ) ;
#3908 = ADVANCED_FACE ( 'NONE', ( #2696, #3680 ), #3752, .T. ) ;
#3909 = ORIENTED_EDGE ( 'NONE', *, *, #4910, .F. ) ;
#3910 = CARTESIAN_POINT ( 'NONE',  ( -18.75000000000003197, 52.30294715411623940, -15.06131389042992019 ) ) ;
#3911 = VECTOR ( 'NONE', #1476, 1000.000000000000000 ) ;
#3912 = CARTESIAN_POINT ( 'NONE',  ( 55.00000000000000000, 38.61378996556253185, 0.1341617788244184595 ) ) ;
#3913 = CARTESIAN_POINT ( 'NONE',  ( -16.75000000000000000, 2.486795680631697536, -17.93688830542290091 ) ) ;
#3914 = ORIENTED_EDGE ( 'NONE', *, *, #4050, .T. ) ;
#3915 = ORIENTED_EDGE ( 'NONE', *, *, #3896, .F. ) ;
#3916 = AXIS2_PLACEMENT_3D ( 'NONE', #5217, #2558, #5758 ) ;
#3917 = ADVANCED_FACE ( 'NONE', ( #5411 ), #4304, .F. ) ;
#3918 = ORIENTED_EDGE ( 'NONE', *, *, #2941, .F. ) ;
#3919 = EDGE_CURVE ( 'NONE', #4082, #5928, #4757, .T. ) ;
#3920 = CARTESIAN_POINT ( 'NONE',  ( 11.00000000000000000, 7.661522800566599400, -5.598039215686273273 ) ) ;
#3921 = CYLINDRICAL_SURFACE ( 'NONE', #1990, 1.100000000000000311 ) ;
#3922 = CARTESIAN_POINT ( 'NONE',  ( 16.75000000000000000, 50.00000000000000000, -15.45940107675847663 ) ) ;
#3923 = CARTESIAN_POINT ( 'NONE',  ( -46.94119686750421039, 26.55405127355939499, 12.86336136747010350 ) ) ;
#3924 = EDGE_LOOP ( 'NONE', ( #2748, #5470, #1540, #3158, #1101, #930, #2370, #6248, #64 ) ) ;
#3925 = FACE_OUTER_BOUND ( 'NONE', #2768, .T. ) ;
#3926 = VERTEX_POINT ( 'NONE', #3716 ) ;
#3927 = DIRECTION ( 'NONE',  ( -1.000000000000000000, -3.235659366516982696E-16, -0.000000000000000000 ) ) ;
#3928 = EDGE_LOOP ( 'NONE', ( #3290, #5823, #6416, #570 ) ) ;
#3929 = CARTESIAN_POINT ( 'NONE',  ( 16.75000000000000355, 2.324341470828738210, -15.29510862981752162 ) ) ;
#3930 = CARTESIAN_POINT ( 'NONE',  ( -45.80000000000000426, 30.00000000000000000, -9.249999999999998224 ) ) ;
#3931 = LINE ( 'NONE', #1271, #3684 ) ;
#3932 = DIRECTION ( 'NONE',  ( 0.000000000000000000, 0.000000000000000000, 1.000000000000000000 ) ) ;
#3933 = EDGE_CURVE ( 'NONE', #6764, #4213, #6342, .T. ) ;
#3934 = CARTESIAN_POINT ( 'NONE',  ( -48.00000000000001421, 28.47474487152049605, 12.50000000012629897 ) ) ;
#3935 = CARTESIAN_POINT ( 'NONE',  ( -16.75000000000000355, 48.97576449542425081, -15.45940107675847308 ) ) ;
#3936 = EDGE_CURVE ( 'NONE', #6289, #1615, #4209, .T. ) ;
#3937 = DIRECTION ( 'NONE',  ( 0.000000000000000000, -1.000000000000000000, 0.000000000000000000 ) ) ;
#3938 = ADVANCED_FACE ( 'NONE', ( #2730 ), #5964, .F. ) ;
#3939 = DIRECTION ( 'NONE',  ( 0.000000000000000000, -1.000000000000000000, 0.000000000000000000 ) ) ;
#3940 = ORIENTED_EDGE ( 'NONE', *, *, #3058, .F. ) ;
#3941 = CYLINDRICAL_SURFACE ( 'NONE', #151, 0.5000000000000004441 ) ;
#3942 = CARTESIAN_POINT ( 'NONE',  ( 11.00000000000000000, 0.000000000000000000, 11.25000000000000000 ) ) ;
#3943 = EDGE_CURVE ( 'NONE', #6175, #2020, #68, .T. ) ;
#3944 = LINE ( 'NONE', #235, #3769 ) ;
#3945 = VERTEX_POINT ( 'NONE', #533 ) ;
#3946 = CARTESIAN_POINT ( 'NONE',  ( 32.17939368824577429, 51.66546870875201591, -16.42839082818920105 ) ) ;
#3947 = EDGE_LOOP ( 'NONE', ( #6928, #994, #3111, #944 ) ) ;
#3948 = EDGE_CURVE ( 'NONE', #360, #4972, #6774, .T. ) ;
#3949 = ORIENTED_EDGE ( 'NONE', *, *, #725, .F. ) ;
#3950 = ADVANCED_FACE ( 'NONE', ( #2659 ), #3326, .F. ) ;
#3951 = CARTESIAN_POINT ( 'NONE',  ( -20.24999999999999645, 53.32465150955844990, -12.87026182946933872 ) ) ;
#3952 = CARTESIAN_POINT ( 'NONE',  ( 16.75000000000000000, 48.74598190718820945, -17.46679091864886146 ) ) ;
#3953 = DIRECTION ( 'NONE',  ( 1.000000000000000000, 0.000000000000000000, 0.000000000000000000 ) ) ;
#3954 = DIRECTION ( 'NONE',  ( 0.000000000000000000, 0.000000000000000000, 1.000000000000000000 ) ) ;
#3955 = ORIENTED_EDGE ( 'NONE', *, *, #3801, .F. ) ;
#3956 = DIRECTION ( 'NONE',  ( 1.000000000000000000, 0.000000000000000000, 0.000000000000000000 ) ) ;
#3957 = ORIENTED_EDGE ( 'NONE', *, *, #5638, .F. ) ;
#3958 = EDGE_CURVE ( 'NONE', #4090, #3704, #5781, .T. ) ;
#3959 = CARTESIAN_POINT ( 'NONE',  ( 16.89644660940673049, 49.06641009821610311, -17.61620903801392046 ) ) ;
#3960 =( BOUNDED_CURVE ( )  B_SPLINE_CURVE ( 3, ( #5480, #4406, #6130, #6581 ),
 .UNSPECIFIED., .F., .F. ) 
 B_SPLINE_CURVE_WITH_KNOTS ( ( 4, 4 ),
 ( 3.371931772223139667, 3.693056221992133903 ),
 .UNSPECIFIED. ) 
 CURVE ( )  GEOMETRIC_REPRESENTATION_ITEM ( )  RATIONAL_B_SPLINE_CURVE ( ( 1.000000000000000000, 0.9914250364602233967, 0.9914250364602233967, 1.000000000000000000 ) ) 
 REPRESENTATION_ITEM ( '' )  );
#3961 = CYLINDRICAL_SURFACE ( 'NONE', #1010, 0.5000000000000004441 ) ;
#3962 = EDGE_LOOP ( 'NONE', ( #4485, #5632, #1507, #4829, #514, #5324 ) ) ;
#3963 = DIRECTION ( 'NONE',  ( -5.337610695313252124E-17, 0.000000000000000000, -1.000000000000000000 ) ) ;
#3964 = CARTESIAN_POINT ( 'NONE',  ( -20.24999999999945643, 53.16512409722034960, -13.14137194344581516 ) ) ;
#3965 = LINE ( 'NONE', #6100, #2079 ) ;
#3966 = ORIENTED_EDGE ( 'NONE', *, *, #5636, .F. ) ;
#3967 = LINE ( 'NONE', #4003, #3812 ) ;
#3968 = CARTESIAN_POINT ( 'NONE',  ( 30.00000000000000000, 20.99999999999999645, 10.13416177882442959 ) ) ;
#3969 = FACE_OUTER_BOUND ( 'NONE', #130, .T. ) ;
#3970 = EDGE_CURVE ( 'NONE', #4917, #13, #6618, .T. ) ;
#3971 = DIRECTION ( 'NONE',  ( -1.000000000000000000, 0.000000000000000000, 0.000000000000000000 ) ) ;
#3972 = VERTEX_POINT ( 'NONE', #3426 ) ;
#3973 = DIRECTION ( 'NONE',  ( 1.067522139062650425E-16, -0.000000000000000000, -1.000000000000000000 ) ) ;
#3974 = VERTEX_POINT ( 'NONE', #6651 ) ;
#3975 = DIRECTION ( 'NONE',  ( 0.000000000000000000, -0.000000000000000000, -1.000000000000000000 ) ) ;
#3976 = CARTESIAN_POINT ( 'NONE',  ( -19.74997274698621297, 50.13461876311457388, -19.71130913087033676 ) ) ;
#3977 = VECTOR ( 'NONE', #2349, 1000.000000000000000 ) ;
#3978 = DIRECTION ( 'NONE',  ( 0.000000000000000000, -0.9961946980917455452, -0.08715574274765836016 ) ) ;
#3979 = ORIENTED_EDGE ( 'NONE', *, *, #3727, .F. ) ;
#3980 = CARTESIAN_POINT ( 'NONE',  ( -16.75000000000000355, 48.76535815145192032, -17.80790792261679201 ) ) ;
#3981 = EDGE_CURVE ( 'NONE', #3175, #6861, #2800, .T. ) ;
#3982 = CIRCLE ( 'NONE', #2859, 1.749999999999999778 ) ;
#3983 = CARTESIAN_POINT ( 'NONE',  ( 25.13915266867851628, 0.000000000000000000, -19.50000000000000000 ) ) ;
#3984 = DIRECTION ( 'NONE',  ( -0.5575062645922725935, -0.7652335285740105020, -0.3218763919372468751 ) ) ;
#3985 = CARTESIAN_POINT ( 'NONE',  ( -16.75000000000000355, 2.664213562373109134, -15.45940107675847131 ) ) ;
#3986 = CIRCLE ( 'NONE', #970, 0.5000000000000004441 ) ;
#3987 = CARTESIAN_POINT ( 'NONE',  ( -17.62499999999999645, 26.50000000000000000, 19.31844958343699403 ) ) ;
#3988 = AXIS2_PLACEMENT_3D ( 'NONE', #6312, #5762, #1432 ) ;
#3989 = VERTEX_POINT ( 'NONE', #2307 ) ;
#3990 = AXIS2_PLACEMENT_3D ( 'NONE', #5648, #6234, #1421 ) ;
#3991 = DIRECTION ( 'NONE',  ( -1.000000000000000000, -0.000000000000000000, -0.000000000000000000 ) ) ;
#3992 = ORIENTED_EDGE ( 'NONE', *, *, #809, .T. ) ;
#3993 = LINE ( 'NONE', #278, #4105 ) ;
#3994 = DIRECTION ( 'NONE',  ( 0.000000000000000000, 0.000000000000000000, 1.000000000000000000 ) ) ;
#3995 = ORIENTED_EDGE ( 'NONE', *, *, #3367, .F. ) ;
#3996 = CARTESIAN_POINT ( 'NONE',  ( -26.53450475314129875, 50.05265046474426782, -19.40102559667371551 ) ) ;
#3997 = AXIS2_PLACEMENT_3D ( 'NONE', #5842, #6880, #53 ) ;
#3998 = CARTESIAN_POINT ( 'NONE',  ( -20.25000000000000000, 53.32600108134636940, -12.87036930105727173 ) ) ;
#3999 = EDGE_CURVE ( 'NONE', #3177, #2851, #4440, .T. ) ;
#4000 = CARTESIAN_POINT ( 'NONE',  ( -20.25000000000000000, 0.000000000000000000, -13.14999999999999503 ) ) ;
#4001 = VERTEX_POINT ( 'NONE', #818 ) ;
#4002 =( BOUNDED_CURVE ( )  B_SPLINE_CURVE ( 3, ( #1041, #3205, #4708, #6851 ),
 .UNSPECIFIED., .F., .F. ) 
 B_SPLINE_CURVE_WITH_KNOTS ( ( 4, 4 ),
 ( 2.979029014420889077, 3.141592653589793116 ),
 .UNSPECIFIED. ) 
 CURVE ( )  GEOMETRIC_REPRESENTATION_ITEM ( )  RATIONAL_B_SPLINE_CURVE ( ( 1.000000000000000000, 0.9977989674718271695, 0.9977989674718271695, 1.000000000000000000 ) ) 
 REPRESENTATION_ITEM ( '' )  );
#4003 = CARTESIAN_POINT ( 'NONE',  ( -47.24999999999999289, 27.25000000000000000, -5.000000000000000000 ) ) ;
#4004 = CARTESIAN_POINT ( 'NONE',  ( 26.49221341374760996, 24.53431543622770050, 11.46453241101150233 ) ) ;
#4005 = ORIENTED_EDGE ( 'NONE', *, *, #1753, .F. ) ;
#4006 = DIRECTION ( 'NONE',  ( 0.000000000000000000, 0.000000000000000000, 1.000000000000000000 ) ) ;
#4007 = VECTOR ( 'NONE', #4882, 1000.000000000000000 ) ;
#4008 = EDGE_CURVE ( 'NONE', #2649, #1565, #4935, .T. ) ;
#4009 = ORIENTED_EDGE ( 'NONE', *, *, #3449, .T. ) ;
#4010 = ORIENTED_EDGE ( 'NONE', *, *, #885, .T. ) ;
#4011 = DIRECTION ( 'NONE',  ( 1.000000000000000000, -0.000000000000000000, 0.000000000000000000 ) ) ;
#4012 = AXIS2_PLACEMENT_3D ( 'NONE', #1695, #6506, #5985 ) ;
#4013 = EDGE_CURVE ( 'NONE', #2605, #5142, #242, .T. ) ;
#4014 = ORIENTED_EDGE ( 'NONE', *, *, #1584, .T. ) ;
#4015 = DIRECTION ( 'NONE',  ( 0.000000000000000000, 1.000000000000000000, 0.000000000000000000 ) ) ;
#4016 = AXIS2_PLACEMENT_3D ( 'NONE', #4939, #4378, #6450 ) ;
#4017 = VECTOR ( 'NONE', #1286, 1000.000000000000227 ) ;
#4018 = EDGE_LOOP ( 'NONE', ( #1653, #5627, #5591, #3003 ) ) ;
#4019 = CARTESIAN_POINT ( 'NONE',  ( 20.25000000000000000, 55.59569189786000010, -8.000000000000005329 ) ) ;
#4020 = ADVANCED_FACE ( 'NONE', ( #3882 ), #1288, .T. ) ;
#4021 = CYLINDRICAL_SURFACE ( 'NONE', #3576, 0.5000000000000004441 ) ;
#4022 = VECTOR ( 'NONE', #806, 1000.000000000000000 ) ;
#4023 = DIRECTION ( 'NONE',  ( 0.000000000000000000, 0.000000000000000000, -1.000000000000000000 ) ) ;
#4024 = DIRECTION ( 'NONE',  ( -1.000000000000000000, -0.000000000000000000, -0.000000000000000000 ) ) ;
#4025 = ADVANCED_FACE ( 'NONE', ( #1843 ), #6580, .F. ) ;
#4026 = ORIENTED_EDGE ( 'NONE', *, *, #1686, .T. ) ;
#4027 = CARTESIAN_POINT ( 'NONE',  ( 25.25000000000000000, 49.68146486959625463, -20.00000000000000000 ) ) ;
#4028 = CIRCLE ( 'NONE', #9, 0.5000000000000011102 ) ;
#4029 = ORIENTED_EDGE ( 'NONE', *, *, #1718, .T. ) ;
#4030 = ORIENTED_EDGE ( 'NONE', *, *, #3184, .T. ) ;
#4031 = DIRECTION ( 'NONE',  ( 0.000000000000000000, 1.000000000000000000, -0.000000000000000000 ) ) ;
#4032 = ORIENTED_EDGE ( 'NONE', *, *, #398, .T. ) ;
#4033 = DIRECTION ( 'NONE',  ( -1.000000000000000000, 0.000000000000000000, 5.337610695313252124E-17 ) ) ;
#4034 = VECTOR ( 'NONE', #3785, 1000.000000000000000 ) ;
#4035 = DIRECTION ( 'NONE',  ( 0.000000000000000000, -0.000000000000000000, 1.000000000000000000 ) ) ;
#4036 = DIRECTION ( 'NONE',  ( 1.000000000000000000, -0.000000000000000000, 0.000000000000000000 ) ) ;
#4037 = ORIENTED_EDGE ( 'NONE', *, *, #6278, .T. ) ;
#4038 = ORIENTED_EDGE ( 'NONE', *, *, #964, .F. ) ;
#4039 = FACE_OUTER_BOUND ( 'NONE', #2827, .T. ) ;
#4040 = CARTESIAN_POINT ( 'NONE',  ( -20.25000000000000000, 50.00000000000000000, -8.000000000000000000 ) ) ;
#4041 = CARTESIAN_POINT ( 'NONE',  ( 11.00000000000000000, 5.299999999999993605, 13.75000000000000000 ) ) ;
#4042 =( BOUNDED_CURVE ( )  B_SPLINE_CURVE ( 3, ( #2870, #1984, #5586, #822 ),
 .UNSPECIFIED., .F., .F. ) 
 B_SPLINE_CURVE_WITH_KNOTS ( ( 4, 4 ),
 ( 5.234797823408522177, 6.903353019978286653 ),
 .UNSPECIFIED. ) 
 CURVE ( )  GEOMETRIC_REPRESENTATION_ITEM ( )  RATIONAL_B_SPLINE_CURVE ( ( 1.000000000000000000, 0.7811420142352933915, 0.7811420142352933915, 1.000000000000000000 ) ) 
 REPRESENTATION_ITEM ( '' )  );
#4043 = ORIENTED_EDGE ( 'NONE', *, *, #938, .F. ) ;
#4044 = ORIENTED_EDGE ( 'NONE', *, *, #2226, .F. ) ;
#4045 = EDGE_CURVE ( 'NONE', #2685, #5368, #2831, .T. ) ;
#4046 = EDGE_CURVE ( 'NONE', #1884, #997, #1260, .T. ) ;
#4047 = CARTESIAN_POINT ( 'NONE',  ( 16.75000000000000000, 2.000000000000015543, -17.97927405783630306 ) ) ;
#4048 = LINE ( 'NONE', #6191, #4129 ) ;
#4049 = DIRECTION ( 'NONE',  ( -0.000000000000000000, -1.000000000000000000, -0.000000000000000000 ) ) ;
#4050 = EDGE_CURVE ( 'NONE', #823, #3162, #1089, .T. ) ;
#4051 = ORIENTED_EDGE ( 'NONE', *, *, #3294, .T. ) ;
#4052 = CARTESIAN_POINT ( 'NONE',  ( 30.00000000000000000, 33.50000000000000000, 6.384161778824422484 ) ) ;
#4053 = DIRECTION ( 'NONE',  ( 0.000000000000000000, -0.9063077870366499367, 0.4226182617406996633 ) ) ;
#4054 = CARTESIAN_POINT ( 'NONE',  ( 16.75000000000000000, 48.33917413069173818, -17.69059892324149175 ) ) ;
#4055 = CARTESIAN_POINT ( 'NONE',  ( -45.80000000000001137, 2.799999999999993605, -6.749999999999998224 ) ) ;
#4056 = CARTESIAN_POINT ( 'NONE',  ( 35.54999999999994031, 5.299999999999993605, 13.75000000000000000 ) ) ;
#4057 = VERTEX_POINT ( 'NONE', #4511 ) ;
#4058 = B_SPLINE_CURVE_WITH_KNOTS ( 'NONE', 3,
 ( #2541, #1946, #3065, #2439 ),
 .UNSPECIFIED., .F., .F.,
 ( 4, 4 ),
 ( 0.000000000000000000, 0.0005438184110109479897 ),
 .UNSPECIFIED. ) ;
#4059 = DIRECTION ( 'NONE',  ( -0.000000000000000000, 0.000000000000000000, 1.000000000000000000 ) ) ;
#4060 = ORIENTED_EDGE ( 'NONE', *, *, #5645, .T. ) ;
#4061 = EDGE_LOOP ( 'NONE', ( #3536, #5422, #3195, #3843 ) ) ;
#4062 = DIRECTION ( 'NONE',  ( -1.000000000000000000, -0.000000000000000000, -0.000000000000000000 ) ) ;
#4063 = CARTESIAN_POINT ( 'NONE',  ( -42.12499999999999289, 24.99999999999999645, 31.24999999999999645 ) ) ;
#4064 = LINE ( 'NONE', #6179, #897 ) ;
#4065 = DIRECTION ( 'NONE',  ( 1.000000000000000000, -0.000000000000000000, 0.000000000000000000 ) ) ;
#4066 = CARTESIAN_POINT ( 'NONE',  ( 16.75000000000000000, 48.97576449542425081, -15.45940107675847663 ) ) ;
#4067 = VERTEX_POINT ( 'NONE', #3847 ) ;
#4068 = LINE ( 'NONE', #2950, #5782 ) ;
#4069 = VERTEX_POINT ( 'NONE', #3985 ) ;
#4070 = DIRECTION ( 'NONE',  ( 0.000000000000000000, 1.000000000000000000, 0.000000000000000000 ) ) ;
#4071 = EDGE_LOOP ( 'NONE', ( #2671, #5338, #702, #6085 ) ) ;
#4072 = VECTOR ( 'NONE', #3836, 1000.000000000000000 ) ;
#4073 = LINE ( 'NONE', #1243, #642 ) ;
#4074 = CYLINDRICAL_SURFACE ( 'NONE', #5677, 1.100000000000000311 ) ;
#4075 = EDGE_CURVE ( 'NONE', #4950, #2937, #1325, .T. ) ;
#4076 = VERTEX_POINT ( 'NONE', #207 ) ;
#4077 = CARTESIAN_POINT ( 'NONE',  ( -49.96130913087034031, 0.000000000000000000, -8.476927309239682629 ) ) ;
#4078 =( BOUNDED_CURVE ( )  B_SPLINE_CURVE ( 3, ( #1534, #1429, #923, #3678 ),
 .UNSPECIFIED., .F., .F. ) 
 B_SPLINE_CURVE_WITH_KNOTS ( ( 4, 4 ),
 ( 3.141592653589792228, 4.712388980384687898 ),
 .UNSPECIFIED. ) 
 CURVE ( )  GEOMETRIC_REPRESENTATION_ITEM ( )  RATIONAL_B_SPLINE_CURVE ( ( 1.000000000000000000, 0.8047378541243652705, 0.8047378541243652705, 1.000000000000000000 ) ) 
 REPRESENTATION_ITEM ( '' )  );
#4079 = FACE_OUTER_BOUND ( 'NONE', #2382, .T. ) ;
#4080 = EDGE_CURVE ( 'NONE', #1365, #5925, #2672, .T. ) ;
#4081 = LINE ( 'NONE', #1451, #1630 ) ;
#4082 = VERTEX_POINT ( 'NONE', #4481 ) ;
#4083 = EDGE_CURVE ( 'NONE', #1700, #2321, #5095, .T. ) ;
#4084 = DIRECTION ( 'NONE',  ( 0.000000000000000000, -1.000000000000000000, 0.000000000000000000 ) ) ;
#4085 = DIRECTION ( 'NONE',  ( 1.000000000000000000, -0.000000000000000000, -0.000000000000000000 ) ) ;
#4086 = VECTOR ( 'NONE', #4840, 1000.000000000000000 ) ;
#4087 = CARTESIAN_POINT ( 'NONE',  ( -46.94119686750421039, 2.104051273559388591, 12.86336136747010350 ) ) ;
#4088 = ADVANCED_FACE ( 'NONE', ( #366 ), #4130, .T. ) ;
#4089 = CYLINDRICAL_SURFACE ( 'NONE', #2316, 1.749999999999999778 ) ;
#4090 = VERTEX_POINT ( 'NONE', #2410 ) ;
#4091 = CARTESIAN_POINT ( 'NONE',  ( -16.83900750509046063, 1.910992494909569572, -17.74848506969091133 ) ) ;
#4092 = ORIENTED_EDGE ( 'NONE', *, *, #4439, .F. ) ;
#4093 = AXIS2_PLACEMENT_3D ( 'NONE', #473, #2604, #1477 ) ;
#4094 = VERTEX_POINT ( 'NONE', #4163 ) ;
#4095 = CARTESIAN_POINT ( 'NONE',  ( 0.000000000000000000, 33.50000000000000000, 0.000000000000000000 ) ) ;
#4096 = VERTEX_POINT ( 'NONE', #406 ) ;
#4097 = DIRECTION ( 'NONE',  ( 0.000000000000000000, 0.000000000000000000, -1.000000000000000000 ) ) ;
#4098 = ADVANCED_FACE ( 'NONE', ( #3567 ), #6171, .F. ) ;
#4099 = CARTESIAN_POINT ( 'NONE',  ( -18.94608908242356549, 50.35104261593296826, -19.24718668073793637 ) ) ;
#4100 = CARTESIAN_POINT ( 'NONE',  ( -13.29999999999999893, 0.000000000000000000, -6.026279441628821232 ) ) ;
#4101 = AXIS2_PLACEMENT_3D ( 'NONE', #5966, #5442, #1127 ) ;
#4102 = CIRCLE ( 'NONE', #1083, 1.000000000000000000 ) ;
#4103 = DIRECTION ( 'NONE',  ( 0.000000000000000000, 0.000000000000000000, -1.000000000000000000 ) ) ;
#4104 = ORIENTED_EDGE ( 'NONE', *, *, #6020, .T. ) ;
#4105 = VECTOR ( 'NONE', #6034, 1000.000000000000000 ) ;
#4106 = CARTESIAN_POINT ( 'NONE',  ( -20.62499999999999645, 16.49999999999999645, 18.44356294817775321 ) ) ;
#4107 = CARTESIAN_POINT ( 'NONE',  ( -49.91182958586006890, 27.15506664269070924, -8.499999999999998224 ) ) ;
#4108 = VECTOR ( 'NONE', #4579, 1000.000000000000227 ) ;
#4109 = CIRCLE ( 'NONE', #3444, 0.5000000000000004441 ) ;
#4110 = CARTESIAN_POINT ( 'NONE',  ( 26.57690097147278152, 22.09822725723655523, 11.66943651733320664 ) ) ;
#4111 = EDGE_CURVE ( 'NONE', #4666, #3322, #6555, .T. ) ;
#4112 = CARTESIAN_POINT ( 'NONE',  ( 50.24999999999999289, 39.11378996556253185, 0.1341617788244185150 ) ) ;
#4113 = DIRECTION ( 'NONE',  ( 0.000000000000000000, 0.000000000000000000, -1.000000000000000000 ) ) ;
#4114 = ADVANCED_FACE ( 'NONE', ( #1354 ), #5070, .F. ) ;
#4115 = ORIENTED_EDGE ( 'NONE', *, *, #6302, .T. ) ;
#4116 = DIRECTION ( 'NONE',  ( -3.925231146709429905E-17, 0.4226182617407002740, 0.9063077870366496036 ) ) ;
#4117 = VECTOR ( 'NONE', #3319, 1000.000000000000000 ) ;
#4118 = EDGE_CURVE ( 'NONE', #277, #1608, #5103, .T. ) ;
#4119 = ORIENTED_EDGE ( 'NONE', *, *, #4871, .T. ) ;
#4120 = CARTESIAN_POINT ( 'NONE',  ( 49.74999999999999289, 38.11378996556252474, 19.83261462722317603 ) ) ;
#4121 = EDGE_CURVE ( 'NONE', #90, #5518, #6823, .T. ) ;
#4122 = DIRECTION ( 'NONE',  ( 0.000000000000000000, 0.000000000000000000, 1.000000000000000000 ) ) ;
#4123 = CARTESIAN_POINT ( 'NONE',  ( 16.74999999999999645, 49.48823108378445568, -15.87503242269566073 ) ) ;
#4124 = ORIENTED_EDGE ( 'NONE', *, *, #4050, .F. ) ;
#4125 = VECTOR ( 'NONE', #785, 999.9999999999998863 ) ;
#4126 = CARTESIAN_POINT ( 'NONE',  ( 30.99408951221000663, 25.99999999999999645, 13.75000000000000000 ) ) ;
#4127 = DIRECTION ( 'NONE',  ( 0.000000000000000000, 0.000000000000000000, -1.000000000000000000 ) ) ;
#4128 = CARTESIAN_POINT ( 'NONE',  ( 20.03251289353957176, 53.29315021303316513, -13.28159586322826158 ) ) ;
#4129 = VECTOR ( 'NONE', #6224, 1000.000000000000000 ) ;
#4130 = SPHERICAL_SURFACE ( 'NONE', #963, 0.5000000000000000000 ) ;
#4131 = ORIENTED_EDGE ( 'NONE', *, *, #452, .F. ) ;
#4132 = CARTESIAN_POINT ( 'NONE',  ( 50.16865443672985236, 19.91865443672986302, -7.993416299353964583 ) ) ;
#4133 = ORIENTED_EDGE ( 'NONE', *, *, #5154, .T. ) ;
#4134 = DIRECTION ( 'NONE',  ( -1.000000000000000000, 0.000000000000000000, 0.000000000000000000 ) ) ;
#4135 = EDGE_CURVE ( 'NONE', #368, #3179, #4639, .T. ) ;
#4136 = ORIENTED_EDGE ( 'NONE', *, *, #3510, .T. ) ;
#4137 = EDGE_CURVE ( 'NONE', #4885, #1770, #4866, .T. ) ;
#4138 = VECTOR ( 'NONE', #2134, 1000.000000000000114 ) ;
#4139 = DIRECTION ( 'NONE',  ( 0.000000000000000000, 0.000000000000000000, -1.000000000000000000 ) ) ;
#4140 = EDGE_CURVE ( 'NONE', #1614, #1924, #5453, .T. ) ;
#4141 = DIRECTION ( 'NONE',  ( 0.000000000000000000, 0.000000000000000000, -1.000000000000000000 ) ) ;
#4142 = ADVANCED_BREP_SHAPE_REPRESENTATION ( 'Carrage', ( #268, #3450 ), #2216 ) ;
#4143 = DIRECTION ( 'NONE',  ( 0.8892053820944803011, 0.1933513365602816669, 0.4146432793432952568 ) ) ;
#4144 = DIRECTION ( 'NONE',  ( 0.000000000000000000, 0.000000000000000000, -1.000000000000000000 ) ) ;
#4145 = AXIS2_PLACEMENT_3D ( 'NONE', #1867, #289, #1439 ) ;
#4146 = ORIENTED_EDGE ( 'NONE', *, *, #4770, .F. ) ;
#4147 = DIRECTION ( 'NONE',  ( -1.000000000000000000, 0.000000000000000000, 0.000000000000000000 ) ) ;
#4148 = EDGE_LOOP ( 'NONE', ( #903, #2877 ) ) ;
#4149 = LINE ( 'NONE', #1473, #221 ) ;
#4150 = ORIENTED_EDGE ( 'NONE', *, *, #150, .T. ) ;
#4151 = CARTESIAN_POINT ( 'NONE',  ( 49.74999999999999289, 38.61378996556253185, 19.83261462722317603 ) ) ;
#4152 = CIRCLE ( 'NONE', #5039, 0.5000000000000004441 ) ;
#4153 = CARTESIAN_POINT ( 'NONE',  ( 16.83491363400481333, 49.71625821657249134, -15.58094356947215608 ) ) ;
#4154 = DIRECTION ( 'NONE',  ( 1.000000000000000000, 0.000000000000000000, 0.000000000000000000 ) ) ;
#4155 = ORIENTED_EDGE ( 'NONE', *, *, #2919, .T. ) ;
#4156 = LINE ( 'NONE', #6394, #3244 ) ;
#4157 = EDGE_CURVE ( 'NONE', #863, #6829, #1988, .T. ) ;
#4158 = CARTESIAN_POINT ( 'NONE',  ( -41.50367965644036161, 26.50000000000000355, 19.31844958343699403 ) ) ;
#4159 = EDGE_LOOP ( 'NONE', ( #1957, #5984, #4992, #5950 ) ) ;
#4160 = DIRECTION ( 'NONE',  ( 0.000000000000000000, -1.000000000000000000, -1.204669080539448358E-16 ) ) ;
#4161 = DIRECTION ( 'NONE',  ( 1.000000000000000000, -0.000000000000000000, 1.151310272083643323E-16 ) ) ;
#4162 = CARTESIAN_POINT ( 'NONE',  ( 11.00000000000000000, 8.072820388084309684, -6.382352941176472783 ) ) ;
#4163 = CARTESIAN_POINT ( 'NONE',  ( -13.25000000000000533, 23.49999999999999645, 14.84999999999999964 ) ) ;
#4164 = DIRECTION ( 'NONE',  ( -0.000000000000000000, 1.000000000000000000, -0.000000000000000000 ) ) ;
#4165 = CYLINDRICAL_SURFACE ( 'NONE', #1642, 0.5000000000000011102 ) ;
#4166 = EDGE_CURVE ( 'NONE', #3704, #5987, #5209, .T. ) ;
#4167 = ORIENTED_EDGE ( 'NONE', *, *, #321, .T. ) ;
#4168 = EDGE_CURVE ( 'NONE', #2904, #6721, #847, .T. ) ;
#4169 = ORIENTED_EDGE ( 'NONE', *, *, #6640, .F. ) ;
#4170 = DIRECTION ( 'NONE',  ( -1.000000000000000000, 0.000000000000000000, 0.000000000000000000 ) ) ;
#4171 = CARTESIAN_POINT ( 'NONE',  ( -16.75000000000001066, 2.044058782202190283, -15.64355371101596504 ) ) ;
#4172 = CARTESIAN_POINT ( 'NONE',  ( 20.00572918846630444, 53.12836261634382140, -13.29120471938730041 ) ) ;
#4173 = EDGE_CURVE ( 'NONE', #5999, #2589, #4680, .T. ) ;
#4174 = DIRECTION ( 'NONE',  ( 1.067522139062650425E-16, -0.000000000000000000, -1.000000000000000000 ) ) ;
#4175 = LINE ( 'NONE', #3582, #2865 ) ;
#4176 = CARTESIAN_POINT ( 'NONE',  ( -20.00572918846630088, 53.12836261634380719, -13.29120471938729686 ) ) ;
#4177 = EDGE_CURVE ( 'NONE', #562, #1342, #2449, .T. ) ;
#4178 = ORIENTED_EDGE ( 'NONE', *, *, #4660, .F. ) ;
#4179 = EDGE_CURVE ( 'NONE', #6620, #1234, #6199, .T. ) ;
#4180 = CARTESIAN_POINT ( 'NONE',  ( -49.96130913087034742, 26.96676499403817928, -8.476927309239682629 ) ) ;
#4181 = ORIENTED_EDGE ( 'NONE', *, *, #5255, .F. ) ;
#4182 = CARTESIAN_POINT ( 'NONE',  ( -13.30000000000000071, 30.00000000000000000, -4.499999999873693923 ) ) ;
#4183 = DIRECTION ( 'NONE',  ( -1.000000000000000000, -0.000000000000000000, -1.067522139062650425E-16 ) ) ;
#4184 = ORIENTED_EDGE ( 'NONE', *, *, #3128, .F. ) ;
#4185 = DIRECTION ( 'NONE',  ( 1.000000000000000000, -0.000000000000000000, 0.000000000000000000 ) ) ;
#4186 = ORIENTED_EDGE ( 'NONE', *, *, #1493, .T. ) ;
#4187 = DIRECTION ( 'NONE',  ( -0.000000000000000000, 0.000000000000000000, 1.000000000000000000 ) ) ;
#4188 =( BOUNDED_CURVE ( )  B_SPLINE_CURVE ( 3, ( #3856, #1036, #16, #3160 ),
 .UNSPECIFIED., .F., .F. ) 
 B_SPLINE_CURVE_WITH_KNOTS ( ( 4, 4 ),
 ( 0.000000000000000000, 1.570796326794896558 ),
 .UNSPECIFIED. ) 
 CURVE ( )  GEOMETRIC_REPRESENTATION_ITEM ( )  RATIONAL_B_SPLINE_CURVE ( ( 1.000000000000000000, 0.8047378541243649375, 0.8047378541243649375, 1.000000000000000000 ) ) 
 REPRESENTATION_ITEM ( '' )  );
#4189 = DIRECTION ( 'NONE',  ( -0.000000000000000000, 0.9961946980917455452, 0.08715574274765836016 ) ) ;
#4190 = CARTESIAN_POINT ( 'NONE',  ( 11.00000000000000000, 0.000000000000000000, 11.25000000000000000 ) ) ;
#4191 = CARTESIAN_POINT ( 'NONE',  ( -49.74999999999999289, 38.61378996556253185, 0.1341617788244184595 ) ) ;
#4192 = DIRECTION ( 'NONE',  ( 0.000000000000000000, -0.000000000000000000, -1.000000000000000000 ) ) ;
#4193 = CARTESIAN_POINT ( 'NONE',  ( -47.24999999999999289, 1.358744539699686893, 12.75738592688066753 ) ) ;
#4194 = ADVANCED_FACE ( 'NONE', ( #1383 ), #3529, .F. ) ;
#4195 = CARTESIAN_POINT ( 'NONE',  ( -30.00000000000000000, 48.61378996556253185, -9.000000000000000000 ) ) ;
#4196 = VERTEX_POINT ( 'NONE', #1754 ) ;
#4197 = CARTESIAN_POINT ( 'NONE',  ( 16.84587646856316567, 49.77615808866048042, -15.80343051628718598 ) ) ;
#4198 = ORIENTED_EDGE ( 'NONE', *, *, #5707, .F. ) ;
#4199 = ORIENTED_EDGE ( 'NONE', *, *, #6208, .T. ) ;
#4200 = CARTESIAN_POINT ( 'NONE',  ( 14.83244163366534174, 40.98992820278115090, -38.13906053184754086 ) ) ;
#4201 = EDGE_CURVE ( 'NONE', #4096, #1420, #3248, .T. ) ;
#4202 = EDGE_LOOP ( 'NONE', ( #348, #1849, #5074, #459 ) ) ;
#4203 = ORIENTED_EDGE ( 'NONE', *, *, #4958, .T. ) ;
#4204 = ORIENTED_EDGE ( 'NONE', *, *, #2690, .F. ) ;
#4205 = FACE_OUTER_BOUND ( 'NONE', #5194, .T. ) ;
#4206 = DIRECTION ( 'NONE',  ( 0.8660254037844380415, 0.000000000000000000, 0.5000000000000009992 ) ) ;
#4207 = DIRECTION ( 'NONE',  ( 1.000000000000000000, -0.000000000000000000, -0.000000000000000000 ) ) ;
#4208 = DIRECTION ( 'NONE',  ( 1.000000000000000000, 0.000000000000000000, 0.000000000000000000 ) ) ;
#4209 = CIRCLE ( 'NONE', #4536, 2.249999999999995115 ) ;
#4210 = CARTESIAN_POINT ( 'NONE',  ( -13.30000000000000249, 2.800000000000014477, -6.750000000000000888 ) ) ;
#4211 = VERTEX_POINT ( 'NONE', #4873 ) ;
#4212 = CARTESIAN_POINT ( 'NONE',  ( -11.00000000000000000, 55.59569189786000010, -8.000000000000003553 ) ) ;
#4213 = VERTEX_POINT ( 'NONE', #6560 ) ;
#4214 = DIRECTION ( 'NONE',  ( 0.000000000000000000, 0.000000000000000000, -1.000000000000000000 ) ) ;
#4215 = ORIENTED_EDGE ( 'NONE', *, *, #2948, .T. ) ;
#4216 = CARTESIAN_POINT ( 'NONE',  ( -40.62499999999999289, 13.49999999999999467, 18.18109695759997635 ) ) ;
#4217 = AXIS2_PLACEMENT_3D ( 'NONE', #3307, #4255, #2215 ) ;
#4218 = AXIS2_PLACEMENT_3D ( 'NONE', #5164, #5777, #5200 ) ;
#4219 = CARTESIAN_POINT ( 'NONE',  ( -50.24999999999999289, 1.599999464416134165, -8.023773415721354496 ) ) ;
#4220 = CIRCLE ( 'NONE', #4218, 0.5000000000000004441 ) ;
#4221 = CARTESIAN_POINT ( 'NONE',  ( -10.74999999999998934, 5.299999999999993605, 0.000000000000000000 ) ) ;
#4222 = VECTOR ( 'NONE', #6397, 1000.000000000000227 ) ;
#4223 = DIRECTION ( 'NONE',  ( 0.000000000000000000, 0.000000000000000000, 1.000000000000000000 ) ) ;
#4224 = ORIENTED_EDGE ( 'NONE', *, *, #3067, .T. ) ;
#4225 = EDGE_CURVE ( 'NONE', #3179, #133, #6331, .T. ) ;
#4226 = DIRECTION ( 'NONE',  ( -1.000000000000000000, 0.000000000000000000, 0.000000000000000000 ) ) ;
#4227 = CARTESIAN_POINT ( 'NONE',  ( -16.75000000000001066, 49.67439553258305551, -15.86395346834249409 ) ) ;
#4228 = PLANE ( 'NONE',  #5014 ) ;
#4229 = AXIS2_PLACEMENT_3D ( 'NONE', #4507, #6574, #5065 ) ;
#4230 = DIRECTION ( 'NONE',  ( 0.000000000000000000, 0.000000000000000000, 1.000000000000000000 ) ) ;
#4231 = AXIS2_PLACEMENT_3D ( 'NONE', #3930, #3963, #4033 ) ;
#4232 = ORIENTED_EDGE ( 'NONE', *, *, #3619, .T. ) ;
#4233 = LINE ( 'NONE', #61, #874 ) ;
#4234 = EDGE_LOOP ( 'NONE', ( #5240, #5983, #631, #2435, #708 ) ) ;
#4235 = ADVANCED_FACE ( 'NONE', ( #5497 ), #1726, .T. ) ;
#4236 = VERTEX_POINT ( 'NONE', #2815 ) ;
#4237 = ORIENTED_EDGE ( 'NONE', *, *, #3970, .T. ) ;
#4238 = DIRECTION ( 'NONE',  ( -0.4226182617406972208, 0.000000000000000000, -0.9063077870366511579 ) ) ;
#4239 = CIRCLE ( 'NONE', #1650, 1.100000000000000311 ) ;
#4240 = FACE_OUTER_BOUND ( 'NONE', #3947, .T. ) ;
#4241 = DIRECTION ( 'NONE',  ( 0.000000000000000000, 1.000000000000000000, 0.000000000000000000 ) ) ;
#4242 = DIRECTION ( 'NONE',  ( -0.000000000000000000, -1.000000000000000000, -0.000000000000000000 ) ) ;
#4243 = EDGE_CURVE ( 'NONE', #4416, #2588, #2792, .T. ) ;
#4244 = CARTESIAN_POINT ( 'NONE',  ( -30.00000000000000000, 33.50000000000000000, 6.384161778824429589 ) ) ;
#4245 = VECTOR ( 'NONE', #2669, 1000.000000000000000 ) ;
#4246 = EDGE_LOOP ( 'NONE', ( #5257, #5722, #6291 ) ) ;
#4247 = CARTESIAN_POINT ( 'NONE',  ( -16.75000000000000000, 2.664213562373120237, -17.97927405783629595 ) ) ;
#4248 = EDGE_LOOP ( 'NONE', ( #4956, #1772, #142, #1664 ) ) ;
#4249 = DIRECTION ( 'NONE',  ( 0.5000000000000009992, -0.000000000000000000, 0.8660254037844380415 ) ) ;
#4250 = ORIENTED_EDGE ( 'NONE', *, *, #5845, .T. ) ;
#4251 = CARTESIAN_POINT ( 'NONE',  ( -16.75000000000000000, 48.73751397460991797, -17.48495045866537012 ) ) ;
#4252 = AXIS2_PLACEMENT_3D ( 'NONE', #4662, #3691, #5802 ) ;
#4253 = CARTESIAN_POINT ( 'NONE',  ( -16.86481412661954238, 1.973909051036154771, -17.70846514266989402 ) ) ;
#4254 = EDGE_CURVE ( 'NONE', #5504, #3514, #2258, .T. ) ;
#4255 = DIRECTION ( 'NONE',  ( 0.000000000000000000, 0.000000000000000000, 1.000000000000000000 ) ) ;
#4256 = VECTOR ( 'NONE', #1576, 1000.000000000000114 ) ;
#4257 = ORIENTED_EDGE ( 'NONE', *, *, #1762, .T. ) ;
#4258 = CARTESIAN_POINT ( 'NONE',  ( 20.25000000000000000, 50.00000000000000000, -19.99999999999999645 ) ) ;
#4259 = CARTESIAN_POINT ( 'NONE',  ( -49.74999999999999289, 38.11378996556252474, 19.83261462722317603 ) ) ;
#4260 = ADVANCED_FACE ( 'NONE', ( #3108 ), #5253, .F. ) ;
#4261 = DIRECTION ( 'NONE',  ( 0.000000000000000000, -1.000000000000000000, 0.000000000000000000 ) ) ;
#4262 = ORIENTED_EDGE ( 'NONE', *, *, #6878, .T. ) ;
#4263 = EDGE_CURVE ( 'NONE', #2246, #5106, #6443, .T. ) ;
#4264 = ORIENTED_EDGE ( 'NONE', *, *, #6435, .F. ) ;
#4265 = CARTESIAN_POINT ( 'NONE',  ( -16.84276611122422906, 49.81738401006346351, -15.87872140715125191 ) ) ;
#4266 = CARTESIAN_POINT ( 'NONE',  ( 30.00000000000000000, 48.61378996556253185, -9.000000000000000000 ) ) ;
#4267 =( BOUNDED_CURVE ( )  B_SPLINE_CURVE ( 3, ( #1751, #3377, #187, #3766 ),
 .UNSPECIFIED., .F., .F. ) 
 B_SPLINE_CURVE_WITH_KNOTS ( ( 4, 4 ),
 ( 3.926990816987256050, 4.712388980384688786 ),
 .UNSPECIFIED. ) 
 CURVE ( )  GEOMETRIC_REPRESENTATION_ITEM ( )  RATIONAL_B_SPLINE_CURVE ( ( 1.000000000000000000, 0.9492530216741930094, 0.9492530216741930094, 1.000000000000000000 ) ) 
 REPRESENTATION_ITEM ( '' )  );
#4268 = VERTEX_POINT ( 'NONE', #1012 ) ;
#4269 = ORIENTED_EDGE ( 'NONE', *, *, #1952, .F. ) ;
#4270 = DIRECTION ( 'NONE',  ( 0.7071067811865479058, -0.7071067811865472397, 8.735009569547101736E-16 ) ) ;
#4271 = ORIENTED_EDGE ( 'NONE', *, *, #2803, .F. ) ;
#4272 = ORIENTED_EDGE ( 'NONE', *, *, #5237, .T. ) ;
#4273 = DIRECTION ( 'NONE',  ( -1.000000000000000000, 0.000000000000000000, 0.000000000000000000 ) ) ;
#4274 = CARTESIAN_POINT ( 'NONE',  ( 16.89644660940673049, 49.06641009821610311, -17.61620903801392046 ) ) ;
#4275 = CARTESIAN_POINT ( 'NONE',  ( -30.00000000000000000, 33.50000000000000000, 10.13416177882442959 ) ) ;
#4276 = DIRECTION ( 'NONE',  ( 0.000000000000000000, 0.000000000000000000, 1.000000000000000000 ) ) ;
#4277 = CARTESIAN_POINT ( 'NONE',  ( -47.24999999999999289, 2.180682860840310155, -5.840909090825856964 ) ) ;
#4278 = ORIENTED_EDGE ( 'NONE', *, *, #736, .F. ) ;
#4279 = FACE_BOUND ( 'NONE', #6811, .T. ) ;
#4280 = VERTEX_POINT ( 'NONE', #451 ) ;
#4281 = CARTESIAN_POINT ( 'NONE',  ( 33.31750738998498917, 4.477115870384195340, 11.88695345321558960 ) ) ;
#4282 = ORIENTED_EDGE ( 'NONE', *, *, #1706, .F. ) ;
#4283 = CARTESIAN_POINT ( 'NONE',  ( -50.24999999999999289, 11.79999999999999538, -7.500000000000000000 ) ) ;
#4284 = FACE_OUTER_BOUND ( 'NONE', #6634, .T. ) ;
#4285 = DIRECTION ( 'NONE',  ( 0.000000000000000000, -1.000000000000000000, 0.000000000000000000 ) ) ;
#4286 = ORIENTED_EDGE ( 'NONE', *, *, #3469, .T. ) ;
#4287 = CARTESIAN_POINT ( 'NONE',  ( -16.89391632759362949, 49.00489717550690472, -17.71835831797081440 ) ) ;
#4288 = EDGE_CURVE ( 'NONE', #4268, #294, #3865, .T. ) ;
#4289 = LINE ( 'NONE', #593, #3438 ) ;
#4290 = VERTEX_POINT ( 'NONE', #5426 ) ;
#4291 = LINE ( 'NONE', #3772, #5102 ) ;
#4292 = CARTESIAN_POINT ( 'NONE',  ( -20.25000000000000000, 53.09356680819458774, -12.86132486540518194 ) ) ;
#4293 = ORIENTED_EDGE ( 'NONE', *, *, #3792, .T. ) ;
#4294 = LINE ( 'NONE', #632, #558 ) ;
#4295 = ADVANCED_FACE ( 'NONE', ( #6530 ), #3143, .F. ) ;
#4296 = ADVANCED_FACE ( 'NONE', ( #2183 ), #1170, .T. ) ;
#4297 = CARTESIAN_POINT ( 'NONE',  ( -47.24999999999999289, 30.00000000000000000, 12.75738592688066753 ) ) ;
#4298 = ORIENTED_EDGE ( 'NONE', *, *, #3933, .T. ) ;
#4299 = DIRECTION ( 'NONE',  ( 0.000000000000000000, 0.000000000000000000, -1.000000000000000000 ) ) ;
#4300 = VERTEX_POINT ( 'NONE', #2583 ) ;
#4301 = ORIENTED_EDGE ( 'NONE', *, *, #2181, .T. ) ;
#4302 = CARTESIAN_POINT ( 'NONE',  ( -16.99866152618474757, 48.33805763597668914, -18.12283885691616447 ) ) ;
#4303 =( BOUNDED_CURVE ( )  B_SPLINE_CURVE ( 3, ( #6259, #4706, #439, #5126 ),
 .UNSPECIFIED., .F., .F. ) 
 B_SPLINE_CURVE_WITH_KNOTS ( ( 4, 4 ),
 ( 5.490706290689857383, 6.283185307179586232 ),
 .UNSPECIFIED. ) 
 CURVE ( )  GEOMETRIC_REPRESENTATION_ITEM ( )  RATIONAL_B_SPLINE_CURVE ( ( 1.000000000000000000, 0.9483459216837168970, 0.9483459216837168970, 1.000000000000000000 ) ) 
 REPRESENTATION_ITEM ( '' )  );
#4304 = PLANE ( 'NONE',  #6105 ) ;
#4305 = DIRECTION ( 'NONE',  ( -0.000000000000000000, -1.000000000000000000, -0.000000000000000000 ) ) ;
#4306 = CARTESIAN_POINT ( 'NONE',  ( 17.25000000000000000, 49.43833015021221655, -15.98204532008122847 ) ) ;
#4307 = FACE_OUTER_BOUND ( 'NONE', #3091, .T. ) ;
#4308 = VERTEX_POINT ( 'NONE', #1651 ) ;
#4309 = CARTESIAN_POINT ( 'NONE',  ( 19.66421356237311002, 0.000000000000000000, -19.66179604254847746 ) ) ;
#4310 = CARTESIAN_POINT ( 'NONE',  ( 25.09721204939709338, 50.12549907607993305, -19.73086636282904038 ) ) ;
#4311 = LINE ( 'NONE', #5871, #6813 ) ;
#4312 = AXIS2_PLACEMENT_3D ( 'NONE', #575, #3295, #2765 ) ;
#4313 = CARTESIAN_POINT ( 'NONE',  ( 16.75000000000000000, 48.33917413069173818, -17.69059892324148819 ) ) ;
#4314 = EDGE_CURVE ( 'NONE', #3574, #164, #4716, .T. ) ;
#4315 = AXIS2_PLACEMENT_3D ( 'NONE', #624, #3452, #1372 ) ;
#4316 = CARTESIAN_POINT ( 'NONE',  ( 25.25000000000000000, 50.13461876311458099, -19.71130913087034742 ) ) ;
#4317 = CARTESIAN_POINT ( 'NONE',  ( -47.24999999999999289, 27.25000000000000000, -8.500000000000000000 ) ) ;
#4318 = AXIS2_PLACEMENT_3D ( 'NONE', #1816, #3954, #3427 ) ;
#4319 = CIRCLE ( 'NONE', #527, 11.00000000000000000 ) ;
#4320 = FACE_OUTER_BOUND ( 'NONE', #3232, .T. ) ;
#4321 = EDGE_CURVE ( 'NONE', #6869, #2603, #3982, .T. ) ;
#4322 = VERTEX_POINT ( 'NONE', #4317 ) ;
#4323 = AXIS2_PLACEMENT_3D ( 'NONE', #902, #6713, #1911 ) ;
#4324 = DIRECTION ( 'NONE',  ( -0.000000000000000000, -0.000000000000000000, 1.000000000000000000 ) ) ;
#4325 = VERTEX_POINT ( 'NONE', #5948 ) ;
#4326 = VECTOR ( 'NONE', #4530, 1000.000000000000000 ) ;
#4327 = ORIENTED_EDGE ( 'NONE', *, *, #4560, .F. ) ;
#4328 = CARTESIAN_POINT ( 'NONE',  ( -48.00000000000001421, 26.02525512847950395, 12.50000000012629897 ) ) ;
#4329 = CARTESIAN_POINT ( 'NONE',  ( 30.00000000000000000, 38.61378996556253185, 10.13416177882442959 ) ) ;
#4330 = AXIS2_PLACEMENT_3D ( 'NONE', #850, #1739, #170 ) ;
#4331 = FACE_OUTER_BOUND ( 'NONE', #6090, .T. ) ;
#4332 = EDGE_LOOP ( 'NONE', ( #6183, #4862, #5019, #5659 ) ) ;
#4333 = ORIENTED_EDGE ( 'NONE', *, *, #938, .T. ) ;
#4334 = FACE_OUTER_BOUND ( 'NONE', #293, .T. ) ;
#4335 = AXIS2_PLACEMENT_3D ( 'NONE', #3493, #131, #4432 ) ;
#4336 = AXIS2_PLACEMENT_3D ( 'NONE', #364, #2547, #1522 ) ;
#4337 = FACE_OUTER_BOUND ( 'NONE', #6809, .T. ) ;
#4338 = DIRECTION ( 'NONE',  ( 0.000000000000000000, 1.000000000000000000, 0.000000000000000000 ) ) ;
#4339 = ADVANCED_FACE ( 'NONE', ( #1142 ), #3277, .F. ) ;
#4340 = EDGE_CURVE ( 'NONE', #1924, #3046, #4461, .T. ) ;
#4341 = CARTESIAN_POINT ( 'NONE',  ( -25.25000000000000000, 0.000000000000000000, -19.99999999999999289 ) ) ;
#4342 = EDGE_CURVE ( 'NONE', #997, #6173, #3476, .T. ) ;
#4343 = VECTOR ( 'NONE', #4364, 1000.000000000000000 ) ;
#4344 = CARTESIAN_POINT ( 'NONE',  ( 16.75000000000000000, 49.43833015021221655, -15.98204532008122847 ) ) ;
#4345 = ORIENTED_EDGE ( 'NONE', *, *, #5684, .T. ) ;
#4346 = CARTESIAN_POINT ( 'NONE',  ( 33.42689551243003621, 4.187167032877622042, 11.66207574345299669 ) ) ;
#4347 = ORIENTED_EDGE ( 'NONE', *, *, #6601, .F. ) ;
#4348 = CARTESIAN_POINT ( 'NONE',  ( -25.13915266867853049, 49.68146486959624042, -19.49999999999999289 ) ) ;
#4349 = DIRECTION ( 'NONE',  ( -0.9458518606006282026, 0.000000000000000000, -0.3245986102840391352 ) ) ;
#4350 = CARTESIAN_POINT ( 'NONE',  ( 17.24999999999999645, 2.207106781186563005, -15.83262720071617480 ) ) ;
#4351 = VECTOR ( 'NONE', #4832, 1000.000000000000000 ) ;
#4352 = CIRCLE ( 'NONE', #6487, 1.749999999999999778 ) ;
#4353 = ADVANCED_FACE ( 'NONE', ( #5120 ), #4528, .F. ) ;
#4354 = CARTESIAN_POINT ( 'NONE',  ( 18.75000000000001776, 50.47849296233405880, -18.97386853085948744 ) ) ;
#4355 = CIRCLE ( 'NONE', #799, 0.5000000000000000000 ) ;
#4356 = EDGE_CURVE ( 'NONE', #5928, #568, #4869, .T. ) ;
#4357 = CARTESIAN_POINT ( 'NONE',  ( 49.75000000000000000, 58.60387103943878628, 0.1341617788244209020 ) ) ;
#4358 = CIRCLE ( 'NONE', #3472, 1.100000000000000311 ) ;
#4359 = ORIENTED_EDGE ( 'NONE', *, *, #3163, .T. ) ;
#4360 = DIRECTION ( 'NONE',  ( 0.000000000000000000, 0.000000000000000000, 1.000000000000000000 ) ) ;
#4361 = VECTOR ( 'NONE', #3127, 1000.000000000000000 ) ;
#4362 = ADVANCED_FACE ( 'NONE', ( #5526 ), #2397, .F. ) ;
#4363 = VERTEX_POINT ( 'NONE', #2468 ) ;
#4364 = DIRECTION ( 'NONE',  ( -1.000000000000000000, -2.636463187532355887E-16, 1.284980352575412453E-16 ) ) ;
#4365 = LINE ( 'NONE', #3387, #2429 ) ;
#4366 = ORIENTED_EDGE ( 'NONE', *, *, #3107, .T. ) ;
#4367 = FACE_OUTER_BOUND ( 'NONE', #4248, .T. ) ;
#4368 = VERTEX_POINT ( 'NONE', #6672 ) ;
#4369 = ORIENTED_EDGE ( 'NONE', *, *, #1737, .T. ) ;
#4370 = CARTESIAN_POINT ( 'NONE',  ( -16.89644660940673049, 49.06641009821609600, -17.61620903801391336 ) ) ;
#4371 = LINE ( 'NONE', #6515, #5243 ) ;
#4372 = CARTESIAN_POINT ( 'NONE',  ( 49.74999999999999289, 39.11378996556253185, 0.6341617788244185983 ) ) ;
#4373 = CARTESIAN_POINT ( 'NONE',  ( -50.24999999999999289, 2.799999999999993605, 13.75000000000000000 ) ) ;
#4374 = EDGE_CURVE ( 'NONE', #4618, #2724, #5058, .T. ) ;
#4375 = VERTEX_POINT ( 'NONE', #4595 ) ;
#4376 = CARTESIAN_POINT ( 'NONE',  ( 49.74999999999999289, 38.11378996556252474, 19.83261462722317603 ) ) ;
#4377 = VERTEX_POINT ( 'NONE', #2368 ) ;
#4378 = DIRECTION ( 'NONE',  ( 0.000000000000000000, 0.000000000000000000, -1.000000000000000000 ) ) ;
#4379 = VERTEX_POINT ( 'NONE', #5664 ) ;
#4380 = CARTESIAN_POINT ( 'NONE',  ( 30.00000000000000000, 38.61378996556253185, 12.38416177882443137 ) ) ;
#4381 = ORIENTED_EDGE ( 'NONE', *, *, #5255, .T. ) ;
#4382 = LINE ( 'NONE', #6525, #3131 ) ;
#4383 = PLANE ( 'NONE',  #2008 ) ;
#4384 = EDGE_CURVE ( 'NONE', #1981, #3533, #862, .T. ) ;
#4385 = DIRECTION ( 'NONE',  ( 1.000000000000000000, -0.000000000000000000, -0.000000000000000000 ) ) ;
#4386 = EDGE_CURVE ( 'NONE', #2385, #3291, #6226, .T. ) ;
#4387 = LINE ( 'NONE', #1139, #5737 ) ;
#4388 = DIRECTION ( 'NONE',  ( -0.000000000000000000, 0.000000000000000000, 1.000000000000000000 ) ) ;
#4389 = FACE_OUTER_BOUND ( 'NONE', #3500, .T. ) ;
#4390 = VERTEX_POINT ( 'NONE', #5634 ) ;
#4391 = CARTESIAN_POINT ( 'NONE',  ( 33.12573941236998820, 21.51889038108771501, 12.21441654640834606 ) ) ;
#4392 = EDGE_CURVE ( 'NONE', #4685, #637, #6747, .T. ) ;
#4393 = ORIENTED_EDGE ( 'NONE', *, *, #4243, .T. ) ;
#4394 = ORIENTED_EDGE ( 'NONE', *, *, #1897, .T. ) ;
#4395 = CARTESIAN_POINT ( 'NONE',  ( -32.23659447269382383, 51.62461806912717321, -16.51599530757187750 ) ) ;
#4396 = EDGE_LOOP ( 'NONE', ( #3909, #4257, #411, #1192, #5216 ) ) ;
#4397 = FACE_BOUND ( 'NONE', #5594, .T. ) ;
#4398 = VERTEX_POINT ( 'NONE', #834 ) ;
#4399 = CARTESIAN_POINT ( 'NONE',  ( -16.75000000000000000, 48.71628076953127362, -17.51859598807026330 ) ) ;
#4400 = ORIENTED_EDGE ( 'NONE', *, *, #2324, .F. ) ;
#4401 = VERTEX_POINT ( 'NONE', #4041 ) ;
#4402 = ORIENTED_EDGE ( 'NONE', *, *, #393, .T. ) ;
#4403 = CARTESIAN_POINT ( 'NONE',  ( 30.00000000000000000, 48.61378996556253185, -9.000000000000000000 ) ) ;
#4404 = DIRECTION ( 'NONE',  ( -0.9063077870366510469, -0.000000000000000000, -0.4226182617406973319 ) ) ;
#4405 = EDGE_CURVE ( 'NONE', #1615, #6289, #3196, .T. ) ;
#4406 = CARTESIAN_POINT ( 'NONE',  ( -16.85606434386356156, 49.79014197415186516, -15.91109530205659439 ) ) ;
#4407 = DIRECTION ( 'NONE',  ( 0.000000000000000000, -1.000000000000000000, 0.000000000000000000 ) ) ;
#4408 = ORIENTED_EDGE ( 'NONE', *, *, #5326, .F. ) ;
#4409 = CARTESIAN_POINT ( 'NONE',  ( 31.19925205287100667, 25.99999999999999645, 13.69359539407071047 ) ) ;
#4410 = DIRECTION ( 'NONE',  ( 1.119577325992528254E-15, -0.4226182617407002184, -0.9063077870366494926 ) ) ;
#4411 = EDGE_LOOP ( 'NONE', ( #6838, #6155, #2462, #582, #5407 ) ) ;
#4412 = CARTESIAN_POINT ( 'NONE',  ( 26.41985963066197840, 0.000000000000000000, 11.25000000000000000 ) ) ;
#4413 = CARTESIAN_POINT ( 'NONE',  ( -16.75000000000000355, 49.43833015021221655, -15.98204532008122847 ) ) ;
#4414 = DIRECTION ( 'NONE',  ( -1.235316900071227524E-15, 0.000000000000000000, 1.000000000000000000 ) ) ;
#4415 = ORIENTED_EDGE ( 'NONE', *, *, #978, .F. ) ;
#4416 = VERTEX_POINT ( 'NONE', #6637 ) ;
#4417 = DIRECTION ( 'NONE',  ( -0.000000000000000000, 0.4226182617407002184, 0.9063077870366494926 ) ) ;
#4418 = CARTESIAN_POINT ( 'NONE',  ( 17.00000000000000000, 50.00000000000000000, -18.12361162513370871 ) ) ;
#4419 = VECTOR ( 'NONE', #4404, 1000.000000000000000 ) ;
#4420 = CARTESIAN_POINT ( 'NONE',  ( 19.66421356237311713, 0.000000000000000000, -13.48820395745150869 ) ) ;
#4421 = ORIENTED_EDGE ( 'NONE', *, *, #544, .F. ) ;
#4422 = AXIS2_PLACEMENT_3D ( 'NONE', #3487, #6712, #3518 ) ;
#4423 = DIRECTION ( 'NONE',  ( 0.000000000000000000, 0.000000000000000000, -1.000000000000000000 ) ) ;
#4424 = EDGE_CURVE ( 'NONE', #2020, #4300, #6676, .T. ) ;
#4425 = ORIENTED_EDGE ( 'NONE', *, *, #827, .F. ) ;
#4426 = CARTESIAN_POINT ( 'NONE',  ( -0.9296227589829370030, 21.09383632135604714, -6.617238560387188606 ) ) ;
#4427 = VECTOR ( 'NONE', #2062, 1000.000000000000000 ) ;
#4428 = VECTOR ( 'NONE', #2609, 1000.000000000000000 ) ;
#4429 = CARTESIAN_POINT ( 'NONE',  ( -41.50367965644035451, 13.49999999999999289, 18.18109695759997990 ) ) ;
#4430 = EDGE_CURVE ( 'NONE', #2494, #6173, #4073, .T. ) ;
#4431 = VERTEX_POINT ( 'NONE', #772 ) ;
#4432 = DIRECTION ( 'NONE',  ( 0.000000000000000000, 0.000000000000000000, -1.000000000000000000 ) ) ;
#4433 = VECTOR ( 'NONE', #310, 1000.000000000000227 ) ;
#4434 = CIRCLE ( 'NONE', #2766, 3.750000000000006661 ) ;
#4435 = ORIENTED_EDGE ( 'NONE', *, *, #1692, .F. ) ;
#4436 = ORIENTED_EDGE ( 'NONE', *, *, #2417, .T. ) ;
#4437 = CARTESIAN_POINT ( 'NONE',  ( -45.80000000000001137, 3.871214264281428008, -6.499999999999997335 ) ) ;
#4438 = DIRECTION ( 'NONE',  ( -0.000000000000000000, -1.000000000000000000, -0.000000000000000000 ) ) ;
#4439 = EDGE_CURVE ( 'NONE', #835, #1502, #3379, .T. ) ;
#4440 = LINE ( 'NONE', #1187, #5891 ) ;
#4441 = VECTOR ( 'NONE', #4642, 1000.000000000000000 ) ;
#4442 = DIRECTION ( 'NONE',  ( 0.000000000000000000, 0.000000000000000000, 1.000000000000000000 ) ) ;
#4443 = EDGE_CURVE ( 'NONE', #2130, #2680, #2328, .T. ) ;
#4444 = ORIENTED_EDGE ( 'NONE', *, *, #4954, .F. ) ;
#4445 = CARTESIAN_POINT ( 'NONE',  ( -25.13915266867854115, 50.13461876311457388, -19.71130913087034386 ) ) ;
#4446 = VERTEX_POINT ( 'NONE', #227 ) ;
#4447 = CARTESIAN_POINT ( 'NONE',  ( 33.57179945723191139, 23.92817896045015402, 11.27782436513426667 ) ) ;
#4448 =( BOUNDED_CURVE ( )  B_SPLINE_CURVE ( 3, ( #5270, #6902, #5059, #2101 ),
 .UNSPECIFIED., .F., .F. ) 
 B_SPLINE_CURVE_WITH_KNOTS ( ( 4, 4 ),
 ( 5.148721293383268005, 6.283185307179586232 ),
 .UNSPECIFIED. ) 
 CURVE ( )  GEOMETRIC_REPRESENTATION_ITEM ( )  RATIONAL_B_SPLINE_CURVE ( ( 1.000000000000000000, 0.8955942972085897402, 0.8955942972085897402, 1.000000000000000000 ) ) 
 REPRESENTATION_ITEM ( '' )  );
#4449 = CARTESIAN_POINT ( 'NONE',  ( 16.75000000000000000, 2.530587301564413139, -15.45940107685942877 ) ) ;
#4450 = CARTESIAN_POINT ( 'NONE',  ( 17.00000000000000000, 2.664213562373108246, -18.12361162513370871 ) ) ;
#4451 = CARTESIAN_POINT ( 'NONE',  ( 27.52104392484311646, 5.175471419213040214, 12.95544530303851616 ) ) ;
#4452 = ADVANCED_FACE ( 'NONE', ( #3969 ), #6108, .F. ) ;
#4453 = FACE_OUTER_BOUND ( 'NONE', #6086, .T. ) ;
#4454 = ORIENTED_EDGE ( 'NONE', *, *, #6497, .T. ) ;
#4455 = VECTOR ( 'NONE', #36, 1000.000000000000000 ) ;
#4456 = ORIENTED_EDGE ( 'NONE', *, *, #4443, .T. ) ;
#4457 = AXIS2_PLACEMENT_3D ( 'NONE', #152, #6043, #5524 ) ;
#4458 = CARTESIAN_POINT ( 'NONE',  ( 11.00000000000000000, 8.072820388084307908, -5.882352941176471894 ) ) ;
#4459 = CARTESIAN_POINT ( 'NONE',  ( -45.80000000000001137, 5.299999999999991829, -6.499999999999998224 ) ) ;
#4460 = VECTOR ( 'NONE', #1624, 1000.000000000000000 ) ;
#4461 = LINE ( 'NONE', #328, #5456 ) ;
#4462 = LINE ( 'NONE', #1310, #5576 ) ;
#4463 = EDGE_LOOP ( 'NONE', ( #685, #6347, #1732, #5289 ) ) ;
#4464 = VECTOR ( 'NONE', #3187, 1000.000000000000000 ) ;
#4465 = AXIS2_PLACEMENT_3D ( 'NONE', #6479, #1053, #4892 ) ;
#4466 = CARTESIAN_POINT ( 'NONE',  ( 31.40021184693551248, 21.00175984558065778, 13.61945222707972825 ) ) ;
#4467 = ORIENTED_EDGE ( 'NONE', *, *, #5423, .T. ) ;
#4468 = EDGE_CURVE ( 'NONE', #1918, #1875, #3534, .T. ) ;
#4469 = CARTESIAN_POINT ( 'NONE',  ( 20.25000000000000000, 0.000000000000000000, -13.15000000000000036 ) ) ;
#4470 = AXIS2_PLACEMENT_3D ( 'NONE', #6253, #1967, #6151 ) ;
#4471 = EDGE_CURVE ( 'NONE', #1042, #3284, #5214, .T. ) ;
#4472 = CARTESIAN_POINT ( 'NONE',  ( 50.24999999999999289, 38.11378996556252474, 0.6341617788244185983 ) ) ;
#4473 = LINE ( 'NONE', #2339, #188 ) ;
#4474 = EDGE_LOOP ( 'NONE', ( #357, #3399, #552, #396, #5473, #5748 ) ) ;
#4475 = CARTESIAN_POINT ( 'NONE',  ( -49.96130913087034031, 0.000000000000000000, -8.476927309239682629 ) ) ;
#4476 = ORIENTED_EDGE ( 'NONE', *, *, #2144, .T. ) ;
#4477 = VECTOR ( 'NONE', #5153, 1000.000000000000000 ) ;
#4478 = EDGE_LOOP ( 'NONE', ( #5686, #6741, #968, #3693 ) ) ;
#4479 = CARTESIAN_POINT ( 'NONE',  ( 29.00591048778999337, 25.99999999999999645, 13.75000000000000000 ) ) ;
#4480 = DIRECTION ( 'NONE',  ( 0.000000000000000000, 0.000000000000000000, 1.000000000000000000 ) ) ;
#4481 = CARTESIAN_POINT ( 'NONE',  ( -30.00000000000000000, 33.50000000000000000, 13.88416177882442959 ) ) ;
#4482 = CARTESIAN_POINT ( 'NONE',  ( -40.62499999999999289, 26.50000000000000000, 31.24999999999999645 ) ) ;
#4483 = ORIENTED_EDGE ( 'NONE', *, *, #2537, .F. ) ;
#4484 = CARTESIAN_POINT ( 'NONE',  ( -30.00000000000000000, 0.000000000000000000, -6.026279441628821232 ) ) ;
#4485 = ORIENTED_EDGE ( 'NONE', *, *, #3670, .F. ) ;
#4486 = ORIENTED_EDGE ( 'NONE', *, *, #1541, .T. ) ;
#4487 = DIRECTION ( 'NONE',  ( -1.235316900071227327E-15, -9.860761315262654136E-32, 1.000000000000000000 ) ) ;
#4488 = EDGE_LOOP ( 'NONE', ( #4345, #3115, #6532, #6407 ) ) ;
#4489 = DIRECTION ( 'NONE',  ( -0.9103664774429163220, 0.000000000000000000, 0.4138029443444982691 ) ) ;
#4490 = ORIENTED_EDGE ( 'NONE', *, *, #3670, .T. ) ;
#4491 = DIRECTION ( 'NONE',  ( 0.000000000000000000, 0.000000000000000000, -1.000000000000000000 ) ) ;
#4492 = CARTESIAN_POINT ( 'NONE',  ( 25.25000000000000000, 50.00000000000000000, -20.00000000000000000 ) ) ;
#4493 = LINE ( 'NONE', #3511, #296 ) ;
#4494 = ORIENTED_EDGE ( 'NONE', *, *, #1171, .T. ) ;
#4495 =( BOUNDED_CURVE ( )  B_SPLINE_CURVE ( 3, ( #5190, #3159, #386, #504 ),
 .UNSPECIFIED., .F., .F. ) 
 B_SPLINE_CURVE_WITH_KNOTS ( ( 4, 4 ),
 ( 4.712388980384686121, 5.921818183272882230 ),
 .UNSPECIFIED. ) 
 CURVE ( )  GEOMETRIC_REPRESENTATION_ITEM ( )  RATIONAL_B_SPLINE_CURVE ( ( 1.000000000000000000, 0.8817762586720228057, 0.8817762586720228057, 1.000000000000000000 ) ) 
 REPRESENTATION_ITEM ( '' )  );
#4496 = CARTESIAN_POINT ( 'NONE',  ( 20.00572918846630444, 53.12836261634382140, -13.29120471938730041 ) ) ;
#4497 = CYLINDRICAL_SURFACE ( 'NONE', #2576, 3.750000000000010214 ) ;
#4498 = DIRECTION ( 'NONE',  ( -0.000000000000000000, -1.000000000000000000, -0.000000000000000000 ) ) ;
#4499 = EDGE_CURVE ( 'NONE', #3007, #4416, #354, .T. ) ;
#4500 = CARTESIAN_POINT ( 'NONE',  ( 16.87203552689975083, 1.909043124890962728, -17.55442128821627179 ) ) ;
#4501 = ORIENTED_EDGE ( 'NONE', *, *, #4509, .F. ) ;
#4502 = DIRECTION ( 'NONE',  ( -1.000000000000000000, 0.000000000000000000, 0.000000000000000000 ) ) ;
#4503 = ORIENTED_EDGE ( 'NONE', *, *, #2069, .F. ) ;
#4504 = CYLINDRICAL_SURFACE ( 'NONE', #3000, 0.5000000000000004441 ) ;
#4505 = CARTESIAN_POINT ( 'NONE',  ( 33.75000000000000711, 48.61378996556253185, -59.00000000000000711 ) ) ;
#4506 = ORIENTED_EDGE ( 'NONE', *, *, #6410, .T. ) ;
#4507 = CARTESIAN_POINT ( 'NONE',  ( -48.00000000000001421, 27.25000000000000000, -6.750000000000000888 ) ) ;
#4508 = LINE ( 'NONE', #2305, #6814 ) ;
#4509 = EDGE_CURVE ( 'NONE', #6057, #3578, #2634, .T. ) ;
#4510 = CARTESIAN_POINT ( 'NONE',  ( -16.91919958496498921, 2.367945374195773223, -15.07303851623735724 ) ) ;
#4511 = CARTESIAN_POINT ( 'NONE',  ( 16.87203552699077136, 1.969302379850041973, -17.65879337964184970 ) ) ;
#4512 = CARTESIAN_POINT ( 'NONE',  ( -47.24999999999999289, 26.77595643465452468, 12.75738592688066753 ) ) ;
#4513 = ORIENTED_EDGE ( 'NONE', *, *, #2652, .F. ) ;
#4514 = CARTESIAN_POINT ( 'NONE',  ( 16.79155474499819789, 48.97891401803249067, -17.55564969186185209 ) ) ;
#4515 = ORIENTED_EDGE ( 'NONE', *, *, #4520, .T. ) ;
#4516 = VERTEX_POINT ( 'NONE', #5279 ) ;
#4517 = FACE_OUTER_BOUND ( 'NONE', #4534, .T. ) ;
#4518 = EDGE_LOOP ( 'NONE', ( #4694, #1133, #5537, #517, #4436, #3359 ) ) ;
#4519 = DIRECTION ( 'NONE',  ( 1.000000000000000000, 0.000000000000000000, 0.000000000000000000 ) ) ;
#4520 = EDGE_CURVE ( 'NONE', #4300, #6057, #1299, .T. ) ;
#4521 = CARTESIAN_POINT ( 'NONE',  ( -26.71859833048521082, 50.43007963289328188, -19.07769125089013684 ) ) ;
#4522 = DIRECTION ( 'NONE',  ( -1.000000000000000000, -0.000000000000000000, -0.000000000000000000 ) ) ;
#4523 = DIRECTION ( 'NONE',  ( 0.000000000000000000, -0.000000000000000000, -1.000000000000000000 ) ) ;
#4524 = ORIENTED_EDGE ( 'NONE', *, *, #5732, .T. ) ;
#4525 = EDGE_CURVE ( 'NONE', #1019, #4069, #1442, .T. ) ;
#4526 = CARTESIAN_POINT ( 'NONE',  ( 32.23658391891518704, 51.62462560623723107, -16.51597914418722723 ) ) ;
#4527 = CARTESIAN_POINT ( 'NONE',  ( -50.24999999999999289, 11.79999999999999538, -7.500000000000000000 ) ) ;
#4528 = CYLINDRICAL_SURFACE ( 'NONE', #5335, 1.749999999999999778 ) ;
#4529 =( BOUNDED_CURVE ( )  B_SPLINE_CURVE ( 3, ( #4677, #1011, #4636, #4715 ),
 .UNSPECIFIED., .F., .F. ) 
 B_SPLINE_CURVE_WITH_KNOTS ( ( 4, 4 ),
 ( 0.000000000000000000, 3.141592653589793116 ),
 .UNSPECIFIED. ) 
 CURVE ( )  GEOMETRIC_REPRESENTATION_ITEM ( )  RATIONAL_B_SPLINE_CURVE ( ( 1.000000000000000000, 0.3333333333333333703, 0.3333333333333333703, 1.000000000000000000 ) ) 
 REPRESENTATION_ITEM ( '' )  );
#4530 = DIRECTION ( 'NONE',  ( 1.000000000000000000, 0.000000000000000000, -5.337610695313252124E-17 ) ) ;
#4531 = ORIENTED_EDGE ( 'NONE', *, *, #1591, .F. ) ;
#4532 = EDGE_CURVE ( 'NONE', #3802, #4613, #1516, .T. ) ;
#4533 = CARTESIAN_POINT ( 'NONE',  ( -48.00000000000001421, 30.00000000000000000, 12.50000000012629897 ) ) ;
#4534 = EDGE_LOOP ( 'NONE', ( #683, #2111, #5161, #4778, #6237, #303, #1273, #2733 ) ) ;
#4535 = CARTESIAN_POINT ( 'NONE',  ( 55.00000000000000711, 58.60387103943878628, -0.3658382211755791258 ) ) ;
#4536 = AXIS2_PLACEMENT_3D ( 'NONE', #5333, #5860, #1672 ) ;
#4537 = FACE_OUTER_BOUND ( 'NONE', #3755, .T. ) ;
#4538 = EDGE_CURVE ( 'NONE', #223, #4685, #3090, .T. ) ;
#4539 = DIRECTION ( 'NONE',  ( 0.000000000000000000, 0.000000000000000000, 1.000000000000000000 ) ) ;
#4540 = AXIS2_PLACEMENT_3D ( 'NONE', #3893, #723, #1336 ) ;
#4541 = DIRECTION ( 'NONE',  ( 1.000000000000000000, 1.886632073559676058E-14, -8.797509840217160466E-15 ) ) ;
#4542 = DIRECTION ( 'NONE',  ( 0.6715429342378193001, 0.6715429342378174127, 0.3131456130149717909 ) ) ;
#4543 = CARTESIAN_POINT ( 'NONE',  ( 30.00000000000000000, 33.50000000000000000, 10.13416177882442959 ) ) ;
#4544 = VECTOR ( 'NONE', #5668, 1000.000000000000000 ) ;
#4545 = DIRECTION ( 'NONE',  ( -0.7071067811865472397, 0.7071067811865477948, 0.000000000000000000 ) ) ;
#4546 = AXIS2_PLACEMENT_3D ( 'NONE', #5268, #6834, #319 ) ;
#4547 = ORIENTED_EDGE ( 'NONE', *, *, #234, .F. ) ;
#4548 = VECTOR ( 'NONE', #4821, 1000.000000000000000 ) ;
#4549 = CARTESIAN_POINT ( 'NONE',  ( -47.24999999999999289, 2.799999999999993605, -6.749999999999998224 ) ) ;
#4550 = ORIENTED_EDGE ( 'NONE', *, *, #2112, .F. ) ;
#4551 = ORIENTED_EDGE ( 'NONE', *, *, #592, .T. ) ;
#4552 = CARTESIAN_POINT ( 'NONE',  ( 16.86947413740621471, 1.880525862593799058, -15.63018387002087017 ) ) ;
#4553 = CARTESIAN_POINT ( 'NONE',  ( 16.75000000000000000, 48.97576449542425081, -15.17072594216366355 ) ) ;
#4554 = AXIS2_PLACEMENT_3D ( 'NONE', #4655, #6313, #420 ) ;
#4555 = EDGE_CURVE ( 'NONE', #4685, #5259, #3198, .T. ) ;
#4556 = DIRECTION ( 'NONE',  ( 0.000000000000000000, 0.000000000000000000, -1.000000000000000000 ) ) ;
#4557 = EDGE_CURVE ( 'NONE', #3974, #2130, #241, .T. ) ;
#4558 = CARTESIAN_POINT ( 'NONE',  ( -10.74999999999998934, 2.799999999999993605, 11.25000000000000000 ) ) ;
#4559 = VERTEX_POINT ( 'NONE', #5803 ) ;
#4560 = EDGE_CURVE ( 'NONE', #5372, #5902, #5738, .T. ) ;
#4561 = AXIS2_PLACEMENT_3D ( 'NONE', #489, #1528, #4683 ) ;
#4562 = VERTEX_POINT ( 'NONE', #999 ) ;
#4563 = ORIENTED_EDGE ( 'NONE', *, *, #3524, .T. ) ;
#4564 = CARTESIAN_POINT ( 'NONE',  ( 32.17939368824577429, 51.66546870875201591, -16.42839082818920105 ) ) ;
#4565 = CARTESIAN_POINT ( 'NONE',  ( 26.63253557749560230, 25.06637398479769274, 11.79145637899485877 ) ) ;
#4566 = DIRECTION ( 'NONE',  ( 0.000000000000000000, -1.000000000000000000, 0.000000000000000000 ) ) ;
#4567 = VECTOR ( 'NONE', #218, 1000.000000000000000 ) ;
#4568 = ORIENTED_EDGE ( 'NONE', *, *, #3402, .T. ) ;
#4569 = CARTESIAN_POINT ( 'NONE',  ( 16.83491363400480978, 49.59232222363267084, -15.28629637082593717 ) ) ;
#4570 = AXIS2_PLACEMENT_3D ( 'NONE', #6163, #2821, #3490 ) ;
#4571 = CARTESIAN_POINT ( 'NONE',  ( -18.75000000000002132, 0.000000000000000000, -14.29820289895367402 ) ) ;
#4572 = CARTESIAN_POINT ( 'NONE',  ( -50.20273545194209674, 26.33202349356320937, -8.242518675298262210 ) ) ;
#4573 = VECTOR ( 'NONE', #2282, 1000.000000000000000 ) ;
#4574 = VECTOR ( 'NONE', #165, 1000.000000000000000 ) ;
#4575 = DIRECTION ( 'NONE',  ( 1.000000000000000000, -0.000000000000000000, 0.000000000000000000 ) ) ;
#4576 = AXIS2_PLACEMENT_3D ( 'NONE', #6037, #5519, #4974 ) ;
#4577 = FACE_OUTER_BOUND ( 'NONE', #3390, .T. ) ;
#4578 = CARTESIAN_POINT ( 'NONE',  ( -40.62499999999999289, 6.499999999999998224, 31.24999999999999645 ) ) ;
#4579 = DIRECTION ( 'NONE',  ( -0.8434047161365284540, -0.2270638230356119835, -0.4869399398972258375 ) ) ;
#4580 = ORIENTED_EDGE ( 'NONE', *, *, #3573, .F. ) ;
#4581 = PLANE ( 'NONE',  #4561 ) ;
#4582 = AXIS2_PLACEMENT_3D ( 'NONE', #1644, #3853, #1132 ) ;
#4583 = ORIENTED_EDGE ( 'NONE', *, *, #757, .T. ) ;
#4584 = ORIENTED_EDGE ( 'NONE', *, *, #4386, .F. ) ;
#4585 = FACE_OUTER_BOUND ( 'NONE', #5852, .T. ) ;
#4586 = ORIENTED_EDGE ( 'NONE', *, *, #6302, .F. ) ;
#4587 = DIRECTION ( 'NONE',  ( 0.000000000000000000, 0.000000000000000000, -1.000000000000000000 ) ) ;
#4588 = CARTESIAN_POINT ( 'NONE',  ( -17.02511042270878505, 50.02217475229640087, -15.69994974461329207 ) ) ;
#4589 = DIRECTION ( 'NONE',  ( -0.000000000000000000, 0.4226182617407002184, 0.9063077870366494926 ) ) ;
#4590 = ORIENTED_EDGE ( 'NONE', *, *, #548, .F. ) ;
#4591 = CARTESIAN_POINT ( 'NONE',  ( 11.00000000000000000, 55.59569189786000010, -8.000000000000003553 ) ) ;
#4592 = LINE ( 'NONE', #4040, #4022 ) ;
#4593 = CYLINDRICAL_SURFACE ( 'NONE', #1086, 2.499999999999998668 ) ;
#4594 = ORIENTED_EDGE ( 'NONE', *, *, #5077, .F. ) ;
#4595 = CARTESIAN_POINT ( 'NONE',  ( 26.24999999999999289, 48.61378996556253185, -19.53369234184500769 ) ) ;
#4596 = FACE_OUTER_BOUND ( 'NONE', #572, .T. ) ;
#4597 = ORIENTED_EDGE ( 'NONE', *, *, #4764, .T. ) ;
#4598 = DIRECTION ( 'NONE',  ( 1.000000000000000000, -0.000000000000000000, -0.000000000000000000 ) ) ;
#4599 = CARTESIAN_POINT ( 'NONE',  ( 30.00000000000000000, 25.99999999999999645, 10.13416177882442959 ) ) ;
#4600 = CARTESIAN_POINT ( 'NONE',  ( 17.25000000000000000, 48.74598190718820945, -17.46679091864886146 ) ) ;
#4601 = ORIENTED_EDGE ( 'NONE', *, *, #4386, .T. ) ;
#4602 = DIRECTION ( 'NONE',  ( 0.000000000000000000, 0.000000000000000000, -1.000000000000000000 ) ) ;
#4603 = FACE_OUTER_BOUND ( 'NONE', #110, .T. ) ;
#4604 = DIRECTION ( 'NONE',  ( 0.000000000000000000, 0.000000000000000000, 1.000000000000000000 ) ) ;
#4605 = DIRECTION ( 'NONE',  ( 0.4226182617406984976, 0.000000000000000000, -0.9063077870366503808 ) ) ;
#4606 = EDGE_LOOP ( 'NONE', ( #1935, #643, #3025, #1020, #801, #3087, #2692, #5590 ) ) ;
#4607 = CARTESIAN_POINT ( 'NONE',  ( 20.25000000000000000, 0.000000000000000000, -8.000000000000005329 ) ) ;
#4608 = EDGE_CURVE ( 'NONE', #718, #1844, #5312, .T. ) ;
#4609 = ORIENTED_EDGE ( 'NONE', *, *, #4976, .F. ) ;
#4610 = DIRECTION ( 'NONE',  ( 0.000000000000000000, -0.000000000000000000, -1.000000000000000000 ) ) ;
#4611 = ORIENTED_EDGE ( 'NONE', *, *, #1472, .T. ) ;
#4612 = CARTESIAN_POINT ( 'NONE',  ( -16.75000000000000355, 2.222640251651559762, -15.70706622599290725 ) ) ;
#4613 = VERTEX_POINT ( 'NONE', #507 ) ;
#4614 = CARTESIAN_POINT ( 'NONE',  ( -18.75000000000002487, 50.61256105093731605, -18.68635858703029484 ) ) ;
#4615 = EDGE_CURVE ( 'NONE', #1515, #164, #5565, .T. ) ;
#4616 = CARTESIAN_POINT ( 'NONE',  ( -20.25000000000000000, 0.000000000000000000, -8.000000000000000000 ) ) ;
#4617 = CARTESIAN_POINT ( 'NONE',  ( -48.00000000000001421, 0.000000000000000000, -5.499999999873696588 ) ) ;
#4618 = VERTEX_POINT ( 'NONE', #1510 ) ;
#4619 = DIRECTION ( 'NONE',  ( 0.000000000000000000, 1.000000000000000000, -2.668805347656626185E-16 ) ) ;
#4620 = EDGE_LOOP ( 'NONE', ( #5825, #5621, #5384, #6373 ) ) ;
#4621 = CARTESIAN_POINT ( 'NONE',  ( -49.74999999999999289, 59.05702493295707711, -0.5771473520459222684 ) ) ;
#4622 = ORIENTED_EDGE ( 'NONE', *, *, #4871, .F. ) ;
#4623 = CARTESIAN_POINT ( 'NONE',  ( -20.25000000000000000, 50.00000000000000000, -8.000000000000000000 ) ) ;
#4624 = DIRECTION ( 'NONE',  ( 0.000000000000000000, 0.000000000000000000, -1.000000000000000000 ) ) ;
#4625 = VERTEX_POINT ( 'NONE', #3059 ) ;
#4626 = EDGE_LOOP ( 'NONE', ( #1295, #4155, #4733, #5369, #887, #4515 ) ) ;
#4627 = CARTESIAN_POINT ( 'NONE',  ( 50.24999999999999289, 55.03291721256739777, -8.023773415721354496 ) ) ;
#4628 = ORIENTED_EDGE ( 'NONE', *, *, #3402, .F. ) ;
#4629 = CARTESIAN_POINT ( 'NONE',  ( -20.24999999999999645, 49.99999999999998579, -19.99999999999999289 ) ) ;
#4630 = EDGE_CURVE ( 'NONE', #6665, #4390, #3513, .T. ) ;
#4631 = CARTESIAN_POINT ( 'NONE',  ( -50.25000000000002132, 26.11678110974750666, -8.086687281857768639 ) ) ;
#4632 = ORIENTED_EDGE ( 'NONE', *, *, #3867, .T. ) ;
#4633 = FACE_OUTER_BOUND ( 'NONE', #1939, .T. ) ;
#4634 = DIRECTION ( 'NONE',  ( -1.000000000000000000, 0.000000000000000000, 0.000000000000000000 ) ) ;
#4635 = LINE ( 'NONE', #2546, #674 ) ;
#4636 = CARTESIAN_POINT ( 'NONE',  ( 26.24999999999999645, 41.11378996556251764, -19.53369234184500769 ) ) ;
#4637 = AXIS2_PLACEMENT_3D ( 'NONE', #4055, #6271, #914 ) ;
#4638 = ADVANCED_FACE ( 'NONE', ( #961 ), #5238, .F. ) ;
#4639 = LINE ( 'NONE', #3602, #5330 ) ;
#4640 = CARTESIAN_POINT ( 'NONE',  ( -10.74999999999998934, 25.99999999999999645, 19.27470525167402826 ) ) ;
#4641 = ORIENTED_EDGE ( 'NONE', *, *, #5127, .F. ) ;
#4642 = DIRECTION ( 'NONE',  ( 1.067522139062650425E-16, -0.000000000000000000, -1.000000000000000000 ) ) ;
#4643 = VERTEX_POINT ( 'NONE', #4808 ) ;
#4644 = AXIS2_PLACEMENT_3D ( 'NONE', #1403, #3552, #900 ) ;
#4645 = LINE ( 'NONE', #3535, #3207 ) ;
#4646 = ORIENTED_EDGE ( 'NONE', *, *, #3831, .T. ) ;
#4647 = CARTESIAN_POINT ( 'NONE',  ( -25.13915266867853049, 49.68146486959624752, -19.49999999999999289 ) ) ;
#4648 = ORIENTED_EDGE ( 'NONE', *, *, #3480, .T. ) ;
#4649 = CARTESIAN_POINT ( 'NONE',  ( -10.74999999999998934, 23.49999999999999645, 13.75000000000000000 ) ) ;
#4650 = CYLINDRICAL_SURFACE ( 'NONE', #2454, 1.500000000000001332 ) ;
#4651 = ADVANCED_FACE ( 'NONE', ( #3799, #5974 ), #2251, .F. ) ;
#4652 = VECTOR ( 'NONE', #4242, 1000.000000000000000 ) ;
#4653 = AXIS2_PLACEMENT_3D ( 'NONE', #340, #2053, #3498 ) ;
#4654 = DIRECTION ( 'NONE',  ( -1.000000000000000000, 0.000000000000000000, 0.000000000000000000 ) ) ;
#4655 = CARTESIAN_POINT ( 'NONE',  ( -30.00000000000000000, 33.50000000000000000, 10.13416177882442959 ) ) ;
#4656 = ORIENTED_EDGE ( 'NONE', *, *, #6098, .T. ) ;
#4657 = CARTESIAN_POINT ( 'NONE',  ( -49.74999999999999289, 0.000000000000000000, 17.00000000000000000 ) ) ;
#4658 = CIRCLE ( 'NONE', #6349, 3.750000000000000000 ) ;
#4659 = CARTESIAN_POINT ( 'NONE',  ( -16.75000000000000355, 48.97576449542425081, -15.45940107675847131 ) ) ;
#4660 = EDGE_CURVE ( 'NONE', #6610, #3639, #149, .T. ) ;
#4661 = ORIENTED_EDGE ( 'NONE', *, *, #5245, .T. ) ;
#4662 = CARTESIAN_POINT ( 'NONE',  ( -47.24999999999999289, 2.799999999999993605, 13.75000000000000000 ) ) ;
#4663 = VERTEX_POINT ( 'NONE', #5390 ) ;
#4664 = CARTESIAN_POINT ( 'NONE',  ( -26.25000000000000355, 41.11378996556253185, -19.53369234184500414 ) ) ;
#4665 = VECTOR ( 'NONE', #1351, 1000.000000000000000 ) ;
#4666 = VERTEX_POINT ( 'NONE', #6527 ) ;
#4667 = LINE ( 'NONE', #6914, #6875 ) ;
#4668 =( BOUNDED_CURVE ( )  B_SPLINE_CURVE ( 3, ( #3468, #2864, #3987, #3365 ),
 .UNSPECIFIED., .F., .F. ) 
 B_SPLINE_CURVE_WITH_KNOTS ( ( 4, 4 ),
 ( -8.881784197001252323E-16, 3.141592653589792228 ),
 .UNSPECIFIED. ) 
 CURVE ( )  GEOMETRIC_REPRESENTATION_ITEM ( )  RATIONAL_B_SPLINE_CURVE ( ( 1.000000000000000000, 0.3333333333333333703, 0.3333333333333333703, 1.000000000000000000 ) ) 
 REPRESENTATION_ITEM ( '' )  );
#4669 = FACE_OUTER_BOUND ( 'NONE', #3217, .T. ) ;
#4670 = ADVANCED_FACE ( 'NONE', ( #689 ), #4867, .F. ) ;
#4671 = CARTESIAN_POINT ( 'NONE',  ( -50.24999999999999289, 2.799999999999993605, 12.00000000000000000 ) ) ;
#4672 = ORIENTED_EDGE ( 'NONE', *, *, #1907, .F. ) ;
#4673 = CARTESIAN_POINT ( 'NONE',  ( 16.83491363400481333, 49.74609341221819392, -15.65187418946029752 ) ) ;
#4674 = CARTESIAN_POINT ( 'NONE',  ( -40.62499999999999289, 6.499999999999998224, 17.56867631291850884 ) ) ;
#4675 = ADVANCED_FACE ( 'NONE', ( #549, #4945 ), #2740, .T. ) ;
#4676 = CARTESIAN_POINT ( 'NONE',  ( -20.25000000000000000, 0.000000000000000000, -19.99999999999999289 ) ) ;
#4677 = CARTESIAN_POINT ( 'NONE',  ( 33.75000000000000711, 48.61378996556253185, -16.03638490568253516 ) ) ;
#4678 = ADVANCED_FACE ( 'NONE', ( #1717 ), #6004, .F. ) ;
#4679 = AXIS2_PLACEMENT_3D ( 'NONE', #2598, #1029, #1436 ) ;
#4680 = LINE ( 'NONE', #308, #6003 ) ;
#4681 = EDGE_LOOP ( 'NONE', ( #2064, #6036, #2849, #2238, #421, #820, #6056, #1152, #4802, #604, #1731, #6119, #383, #2374, #1311, #794, #2335, #229, #814, #127, #6613, #2142, #6307, #3590, #2825, #1425, #3519, #6505, #497, #54 ) ) ;
#4682 = CARTESIAN_POINT ( 'NONE',  ( 49.74999999999999289, 55.03291721256739777, -8.023773415721356272 ) ) ;
#4683 = DIRECTION ( 'NONE',  ( 1.000000000000000000, 0.000000000000000000, 0.000000000000000000 ) ) ;
#4684 = VERTEX_POINT ( 'NONE', #2812 ) ;
#4685 = VERTEX_POINT ( 'NONE', #3857 ) ;
#4686 = AXIS2_PLACEMENT_3D ( 'NONE', #856, #6767, #2459 ) ;
#4687 = AXIS2_PLACEMENT_3D ( 'NONE', #1669, #3713, #5439 ) ;
#4688 = FACE_OUTER_BOUND ( 'NONE', #2452, .T. ) ;
#4689 = DIRECTION ( 'NONE',  ( -1.000000000000000000, 0.000000000000000000, 0.000000000000000000 ) ) ;
#4690 = FACE_OUTER_BOUND ( 'NONE', #3441, .T. ) ;
#4691 = CIRCLE ( 'NONE', #1899, 1.749999999999999778 ) ;
#4692 = DIRECTION ( 'NONE',  ( 0.8892053820944803011, 0.1933513365602816669, 0.4146432793432952568 ) ) ;
#4693 = VERTEX_POINT ( 'NONE', #1200 ) ;
#4694 = ORIENTED_EDGE ( 'NONE', *, *, #2674, .F. ) ;
#4695 = DIRECTION ( 'NONE',  ( 0.6546536707079784190, 0.6546536707079783080, -0.3779644730092230898 ) ) ;
#4696 = EDGE_LOOP ( 'NONE', ( #5516, #1685, #121, #4590 ) ) ;
#4697 = CARTESIAN_POINT ( 'NONE',  ( 26.87674703804561105, 21.51605986287903960, 12.21813424854241248 ) ) ;
#4698 = VECTOR ( 'NONE', #224, 1000.000000000000000 ) ;
#4699 = CARTESIAN_POINT ( 'NONE',  ( 18.75000000000001776, 0.000000000000000000, -18.38752234830017684 ) ) ;
#4700 = CARTESIAN_POINT ( 'NONE',  ( 50.24999999999999289, 25.99999999999999645, 0.000000000000000000 ) ) ;
#4701 = ORIENTED_EDGE ( 'NONE', *, *, #3263, .F. ) ;
#4702 = EDGE_CURVE ( 'NONE', #695, #3974, #365, .T. ) ;
#4703 = EDGE_CURVE ( 'NONE', #4559, #388, #2755, .T. ) ;
#4704 = CARTESIAN_POINT ( 'NONE',  ( -30.00000000000000000, 48.61378996556253185, -9.000000000000000000 ) ) ;
#4705 = ORIENTED_EDGE ( 'NONE', *, *, #2858, .F. ) ;
#4706 = CARTESIAN_POINT ( 'NONE',  ( -16.75000000000000000, 48.50652682323118370, -17.69059892324148109 ) ) ;
#4707 = ADVANCED_FACE ( 'NONE', ( #118 ), #5489, .F. ) ;
#4708 = CARTESIAN_POINT ( 'NONE',  ( -49.91182958586006890, 2.894933357309280364, -8.499999999999996447 ) ) ;
#4709 = EDGE_CURVE ( 'NONE', #919, #1808, #1625, .T. ) ;
#4710 = ADVANCED_FACE ( 'NONE', ( #6425 ), #2778, .F. ) ;
#4711 =( BOUNDED_SURFACE ( )  B_SPLINE_SURFACE ( 3, 2, ( 
 ( #5082, #2361, #6663 ),
 ( #1298, #3964, #3403 ),
 ( #2911, #5552, #797 ),
 ( #3998, #5588, #6002 ) ),
 .UNSPECIFIED., .F., .F., .F. ) 
 B_SPLINE_SURFACE_WITH_KNOTS ( ( 4, 4 ),
 ( 3, 3 ),
 ( 2.217155874315966724, 2.319394401717234988 ),
 ( 0.000000000000000000, 1.000000000000000000 ),
 .UNSPECIFIED. ) 
 GEOMETRIC_REPRESENTATION_ITEM ( )  RATIONAL_B_SPLINE_SURFACE ( (
 ( 1.000000000000000000, 0.8660254037844371533, 1.000000000000000000),
 ( 1.000000000000000000, 0.8725451261039433026, 1.000000000000000000),
 ( 1.000000000000000000, 0.8787396210611676528, 1.000000000000000000),
 ( 1.000000000000000000, 0.8845975884771392073, 1.000000000000000000) ) ) 
 REPRESENTATION_ITEM ( '' )  SURFACE ( )  );
#4712 = ADVANCED_FACE ( 'NONE', ( #3194 ), #5350, .F. ) ;
#4713 = DIRECTION ( 'NONE',  ( -0.000000000000000000, 1.221878638832870327E-16, -1.000000000000000000 ) ) ;
#4714 = PLANE ( 'NONE',  #1115 ) ;
#4715 = CARTESIAN_POINT ( 'NONE',  ( 26.24999999999999289, 48.61378996556253185, -19.53369234184500769 ) ) ;
#4716 = LINE ( 'NONE', #6855, #2633 ) ;
#4717 = CYLINDRICAL_SURFACE ( 'NONE', #4653, 1.500000000000001332 ) ;
#4718 = EDGE_LOOP ( 'NONE', ( #4133, #5046, #380, #2470 ) ) ;
#4719 = VERTEX_POINT ( 'NONE', #1103 ) ;
#4720 = CARTESIAN_POINT ( 'NONE',  ( -45.80000000000000426, 28.23233076477226788, 13.25499871860576029 ) ) ;
#4721 = ORIENTED_EDGE ( 'NONE', *, *, #6916, .T. ) ;
#4722 = VERTEX_POINT ( 'NONE', #3236 ) ;
#4723 = ORIENTED_EDGE ( 'NONE', *, *, #4525, .T. ) ;
#4724 = FACE_OUTER_BOUND ( 'NONE', #3835, .T. ) ;
#4725 = CARTESIAN_POINT ( 'NONE',  ( 16.75000000000000000, 2.379904501201902445, -15.45940107675847308 ) ) ;
#4726 = DIRECTION ( 'NONE',  ( 0.000000000000000000, 0.000000000000000000, 1.000000000000000000 ) ) ;
#4727 = CARTESIAN_POINT ( 'NONE',  ( 16.75000000000000000, 48.75654842839682601, -17.44413094079126481 ) ) ;
#4728 = LINE ( 'NONE', #6867, #1309 ) ;
#4729 = ORIENTED_EDGE ( 'NONE', *, *, #1909, .F. ) ;
#4730 = ADVANCED_FACE ( 'NONE', ( #586 ), #6642, .T. ) ;
#4731 = ORIENTED_EDGE ( 'NONE', *, *, #6633, .T. ) ;
#4732 = LINE ( 'NONE', #3157, #2237 ) ;
#4733 = ORIENTED_EDGE ( 'NONE', *, *, #352, .T. ) ;
#4734 = DIRECTION ( 'NONE',  ( 0.000000000000000000, 0.000000000000000000, 1.000000000000000000 ) ) ;
#4735 = ADVANCED_FACE ( 'NONE', ( #4453 ), #3375, .T. ) ;
#4736 = CARTESIAN_POINT ( 'NONE',  ( -47.24999999999999289, 2.799999999999993605, 13.75000000000000000 ) ) ;
#4737 = LINE ( 'NONE', #6917, #6805 ) ;
#4738 = EDGE_CURVE ( 'NONE', #2666, #3841, #4493, .T. ) ;
#4739 = FACE_OUTER_BOUND ( 'NONE', #3443, .T. ) ;
#4740 = VERTEX_POINT ( 'NONE', #5521 ) ;
#4741 = AXIS2_PLACEMENT_3D ( 'NONE', #3868, #4991, #4423 ) ;
#4742 = CARTESIAN_POINT ( 'NONE',  ( -26.25000000000000000, 48.61378996556253185, -9.000000000000000000 ) ) ;
#4743 = ORIENTED_EDGE ( 'NONE', *, *, #4848, .T. ) ;
#4744 = CARTESIAN_POINT ( 'NONE',  ( -16.75000000000000711, 49.41275162467226068, -15.34601435659187452 ) ) ;
#4745 = CARTESIAN_POINT ( 'NONE',  ( 20.25000000000000000, 53.25058831616018296, -12.86434494600453959 ) ) ;
#4746 = CYLINDRICAL_SURFACE ( 'NONE', #1973, 1.100000000000000311 ) ;
#4747 =( BOUNDED_CURVE ( )  B_SPLINE_CURVE ( 3, ( #1408, #4569, #5093, #1347 ),
 .UNSPECIFIED., .F., .F. ) 
 B_SPLINE_CURVE_WITH_KNOTS ( ( 4, 4 ),
 ( -8.881784197001252323E-16, 0.9244367792738298339 ),
 .UNSPECIFIED. ) 
 CURVE ( )  GEOMETRIC_REPRESENTATION_ITEM ( )  RATIONAL_B_SPLINE_CURVE ( ( 1.000000000000000000, 0.9300436290693721020, 0.9300436290693721020, 1.000000000000000000 ) ) 
 REPRESENTATION_ITEM ( '' )  );
#4748 = ORIENTED_EDGE ( 'NONE', *, *, #5578, .F. ) ;
#4749 = ORIENTED_EDGE ( 'NONE', *, *, #1444, .T. ) ;
#4750 = CARTESIAN_POINT ( 'NONE',  ( -19.75000000000000000, 50.00000000000000000, -12.86132486540518016 ) ) ;
#4751 = VERTEX_POINT ( 'NONE', #5554 ) ;
#4752 = ORIENTED_EDGE ( 'NONE', *, *, #281, .T. ) ;
#4753 = ORIENTED_EDGE ( 'NONE', *, *, #5027, .F. ) ;
#4754 = CYLINDRICAL_SURFACE ( 'NONE', #4920, 3.750000000000000000 ) ;
#4755 = EDGE_CURVE ( 'NONE', #3442, #3869, #3965, .T. ) ;
#4756 = CARTESIAN_POINT ( 'NONE',  ( 20.00383225088456385, 53.11681701817812495, -13.29218331788715268 ) ) ;
#4757 = LINE ( 'NONE', #1570, #3081 ) ;
#4758 = CARTESIAN_POINT ( 'NONE',  ( 27.93319399780508050, 52.53961412957202270, -14.55377992370894980 ) ) ;
#4759 = ORIENTED_EDGE ( 'NONE', *, *, #2450, .F. ) ;
#4760 = DIRECTION ( 'NONE',  ( 0.000000000000000000, -1.000000000000000000, 0.000000000000000000 ) ) ;
#4761 = ORIENTED_EDGE ( 'NONE', *, *, #5732, .F. ) ;
#4762 = LINE ( 'NONE', #5229, #667 ) ;
#4763 = CARTESIAN_POINT ( 'NONE',  ( 26.49255157425222151, 22.46327219231657324, 11.46550734723505194 ) ) ;
#4764 = EDGE_CURVE ( 'NONE', #3211, #3904, #394, .T. ) ;
#4765 = EDGE_CURVE ( 'NONE', #2724, #6504, #1898, .T. ) ;
#4766 = CARTESIAN_POINT ( 'NONE',  ( 28.80089452704903508, 26.00000000000000355, 13.69363569276559645 ) ) ;
#4767 = CIRCLE ( 'NONE', #3990, 0.5000000000000004441 ) ;
#4768 = CARTESIAN_POINT ( 'NONE',  ( -9.846545183818250280, -40.09654518381807975, 13.49200684986092469 ) ) ;
#4769 = VECTOR ( 'NONE', #4487, 1000.000000000000000 ) ;
#4770 = EDGE_CURVE ( 'NONE', #492, #3972, #759, .T. ) ;
#4771 = DIRECTION ( 'NONE',  ( 0.000000000000000000, -1.000000000000000000, 0.000000000000000000 ) ) ;
#4772 = VECTOR ( 'NONE', #3183, 1000.000000000000000 ) ;
#4773 = AXIS2_PLACEMENT_3D ( 'NONE', #2369, #192, #2848 ) ;
#4774 = FACE_OUTER_BOUND ( 'NONE', #1825, .T. ) ;
#4775 = DIRECTION ( 'NONE',  ( 0.000000000000000000, 1.000000000000000000, 1.221878638832870573E-16 ) ) ;
#4776 = VECTOR ( 'NONE', #1264, 1000.000000000000000 ) ;
#4777 = DIRECTION ( 'NONE',  ( 0.000000000000000000, 1.000000000000000000, 0.000000000000000000 ) ) ;
#4778 = ORIENTED_EDGE ( 'NONE', *, *, #4342, .F. ) ;
#4779 = DIRECTION ( 'NONE',  ( 1.000000000000000000, -0.000000000000000000, -0.000000000000000000 ) ) ;
#4780 = ORIENTED_EDGE ( 'NONE', *, *, #5371, .F. ) ;
#4781 = DIRECTION ( 'NONE',  ( -0.000000000000000000, 1.000000000000000000, -0.000000000000000000 ) ) ;
#4782 = CARTESIAN_POINT ( 'NONE',  ( -12.30000000000000426, 2.515203035502524997, -4.033692341718700725 ) ) ;
#4783 = DIRECTION ( 'NONE',  ( 1.067522139062650425E-16, -0.000000000000000000, -1.000000000000000000 ) ) ;
#4784 = AXIS2_PLACEMENT_3D ( 'NONE', #1998, #6832, #6864 ) ;
#4785 = ORIENTED_EDGE ( 'NONE', *, *, #2729, .F. ) ;
#4786 = PLANE ( 'NONE',  #1983 ) ;
#4787 = ORIENTED_EDGE ( 'NONE', *, *, #2071, .F. ) ;
#4788 = EDGE_LOOP ( 'NONE', ( #4115, #3460, #6240, #5429 ) ) ;
#4789 = ORIENTED_EDGE ( 'NONE', *, *, #1509, .T. ) ;
#4790 = CARTESIAN_POINT ( 'NONE',  ( 33.75000000000000711, 48.61378996556253185, -16.03638490568253516 ) ) ;
#4791 = CARTESIAN_POINT ( 'NONE',  ( -11.00000000000000000, 61.00000000000000711, -6.382352941176472783 ) ) ;
#4792 = CIRCLE ( 'NONE', #432, 1.749999999999999778 ) ;
#4793 = CARTESIAN_POINT ( 'NONE',  ( -16.75000000000000711, 48.93368439572567041, -17.55431802650861428 ) ) ;
#4794 =( BOUNDED_SURFACE ( )  B_SPLINE_SURFACE ( 3, 2, ( 
 ( #3697, #5840, #1038 ),
 ( #3164, #3063, #5314 ),
 ( #2636, #3241, #5977 ),
 ( #591, #656, #5495 ) ),
 .UNSPECIFIED., .F., .F., .F. ) 
 B_SPLINE_SURFACE_WITH_KNOTS ( ( 4, 4 ),
 ( 3, 3 ),
 ( 5.731721738777252106, 6.283185307179584456 ),
 ( 0.000000000000000000, 1.000000000000000000 ),
 .UNSPECIFIED. ) 
 GEOMETRIC_REPRESENTATION_ITEM ( )  RATIONAL_B_SPLINE_SURFACE ( (
 ( 1.000000000000000000, 0.9238795325112867385, 1.000000000000000000),
 ( 1.000000000000000000, 0.9455343860264441291, 1.000000000000000000),
 ( 1.000000000000000000, 0.9566207431508595427, 1.000000000000000000),
 ( 1.000000000000000000, 0.9566014666490902929, 1.000000000000000000) ) ) 
 REPRESENTATION_ITEM ( '' )  SURFACE ( )  );
#4795 = CARTESIAN_POINT ( 'NONE',  ( -30.00000000000000000, 33.50000000000000000, 10.13416177882442959 ) ) ;
#4796 = CARTESIAN_POINT ( 'NONE',  ( -10.74999999999998934, 20.99999999999999645, 18.83726193404440963 ) ) ;
#4797 = PLANE ( 'NONE',  #5230 ) ;
#4798 = VECTOR ( 'NONE', #4143, 1000.000000000000227 ) ;
#4799 = AXIS2_PLACEMENT_3D ( 'NONE', #3260, #1703, #101 ) ;
#4800 = ORIENTED_EDGE ( 'NONE', *, *, #5947, .F. ) ;
#4801 = LINE ( 'NONE', #5998, #6262 ) ;
#4802 = ORIENTED_EDGE ( 'NONE', *, *, #2387, .T. ) ;
#4803 = DIRECTION ( 'NONE',  ( 0.8892053820944803011, -0.1933513365602811118, -0.4146432793432953123 ) ) ;
#4804 = ORIENTED_EDGE ( 'NONE', *, *, #3267, .T. ) ;
#4805 = DIRECTION ( 'NONE',  ( 0.000000000000000000, -1.000000000000000000, 0.000000000000000000 ) ) ;
#4806 = CIRCLE ( 'NONE', #4576, 0.5000000000000004441 ) ;
#4807 = CARTESIAN_POINT ( 'NONE',  ( 26.24999999999999289, 48.61378996556253185, -59.00000000000000711 ) ) ;
#4808 = CARTESIAN_POINT ( 'NONE',  ( 18.82229303635612183, 52.48898899327898704, -14.66234587884110141 ) ) ;
#4809 = ORIENTED_EDGE ( 'NONE', *, *, #3831, .F. ) ;
#4810 = VECTOR ( 'NONE', #824, 1000.000000000000000 ) ;
#4811 = ADVANCED_FACE ( 'NONE', ( #2843 ), #6180, .F. ) ;
#4812 = CARTESIAN_POINT ( 'NONE',  ( 16.75000000000000000, 2.475463011056658225, -17.69059892309872950 ) ) ;
#4813 = PLANE ( 'NONE',  #2888 ) ;
#4814 = CARTESIAN_POINT ( 'NONE',  ( -50.24999999999999289, 38.61378996556253185, 0.6341617788244185983 ) ) ;
#4815 = ORIENTED_EDGE ( 'NONE', *, *, #1686, .F. ) ;
#4816 = EDGE_LOOP ( 'NONE', ( #2893, #3878, #4583, #5921, #2967, #1812, #5249, #5147, #5284, #2276, #1248, #6882 ) ) ;
#4817 = CARTESIAN_POINT ( 'NONE',  ( 25.25000000000000000, 50.13461876311458099, -19.71130913087034386 ) ) ;
#4818 = ORIENTED_EDGE ( 'NONE', *, *, #4314, .T. ) ;
#4819 = CARTESIAN_POINT ( 'NONE',  ( 25.25000000000000000, 55.59569189786000010, -8.000000000000005329 ) ) ;
#4820 = VECTOR ( 'NONE', #1168, 1000.000000000000000 ) ;
#4821 = DIRECTION ( 'NONE',  ( 2.523234146875355308E-15, 0.000000000000000000, -1.000000000000000000 ) ) ;
#4822 = CARTESIAN_POINT ( 'NONE',  ( 16.87203552699077136, 1.908744485423857107, -17.55390402969630159 ) ) ;
#4823 = ORIENTED_EDGE ( 'NONE', *, *, #2016, .T. ) ;
#4824 = ORIENTED_EDGE ( 'NONE', *, *, #4557, .F. ) ;
#4825 = DIRECTION ( 'NONE',  ( 1.000000000000000000, -0.000000000000000000, 0.000000000000000000 ) ) ;
#4826 = DIRECTION ( 'NONE',  ( 0.000000000000000000, -1.000000000000000000, -1.221878638832870327E-16 ) ) ;
#4827 = DIRECTION ( 'NONE',  ( -0.000000000000000000, -1.000000000000000000, -0.000000000000000000 ) ) ;
#4828 = DIRECTION ( 'NONE',  ( -0.6546536707079784190, 0.6546536707079784190, -0.3779644730092228122 ) ) ;
#4829 = ORIENTED_EDGE ( 'NONE', *, *, #4764, .F. ) ;
#4830 = DIRECTION ( 'NONE',  ( -1.000000000000000000, 0.000000000000000000, 0.000000000000000000 ) ) ;
#4831 = ORIENTED_EDGE ( 'NONE', *, *, #478, .T. ) ;
#4832 = DIRECTION ( 'NONE',  ( 0.000000000000000000, 0.000000000000000000, 1.000000000000000000 ) ) ;
#4833 = ORIENTED_EDGE ( 'NONE', *, *, #612, .F. ) ;
#4834 = DIRECTION ( 'NONE',  ( 1.000000000000000000, -5.096924920788499719E-33, -6.938893903907228378E-16 ) ) ;
#4835 = EDGE_CURVE ( 'NONE', #3636, #4999, #6117, .T. ) ;
#4836 = ORIENTED_EDGE ( 'NONE', *, *, #853, .F. ) ;
#4837 = DIRECTION ( 'NONE',  ( 0.000000000000000000, 0.000000000000000000, -1.000000000000000000 ) ) ;
#4838 = CARTESIAN_POINT ( 'NONE',  ( -16.75000000000000711, 2.021984390411442067, -17.47847346904330124 ) ) ;
#4839 = LINE ( 'NONE', #1241, #4820 ) ;
#4840 = DIRECTION ( 'NONE',  ( -0.000000000000000000, -1.000000000000000000, -0.000000000000000000 ) ) ;
#4841 = ORIENTED_EDGE ( 'NONE', *, *, #6357, .T. ) ;
#4842 = CARTESIAN_POINT ( 'NONE',  ( -47.24999999999999289, 27.25000000000000000, -6.750000000000000888 ) ) ;
#4843 = ORIENTED_EDGE ( 'NONE', *, *, #4118, .T. ) ;
#4844 = CARTESIAN_POINT ( 'NONE',  ( 26.41985963066197840, 33.50000000000000000, 11.25000000000000000 ) ) ;
#4845 = ORIENTED_EDGE ( 'NONE', *, *, #1748, .T. ) ;
#4846 = FACE_OUTER_BOUND ( 'NONE', #1926, .T. ) ;
#4847 = CARTESIAN_POINT ( 'NONE',  ( -45.80000000000001137, 30.00000000000000000, -6.499999999999997335 ) ) ;
#4848 = EDGE_CURVE ( 'NONE', #3372, #1059, #6011, .T. ) ;
#4849 = DIRECTION ( 'NONE',  ( 0.000000000000000000, 0.000000000000000000, -1.000000000000000000 ) ) ;
#4850 = EDGE_LOOP ( 'NONE', ( #3728, #2640, #1159, #3671, #3818, #2712, #1402, #1708, #3258 ) ) ;
#4851 = CYLINDRICAL_SURFACE ( 'NONE', #2098, 0.5000000000000004441 ) ;
#4852 = EDGE_LOOP ( 'NONE', ( #2151, #3784, #3640, #252, #1292, #4597 ) ) ;
#4853 = ORIENTED_EDGE ( 'NONE', *, *, #3573, .T. ) ;
#4854 = ORIENTED_EDGE ( 'NONE', *, *, #5167, .F. ) ;
#4855 = CARTESIAN_POINT ( 'NONE',  ( 49.74999999999999289, 20.20710678118655323, -8.023773415721354496 ) ) ;
#4856 = EDGE_CURVE ( 'NONE', #3844, #4446, #5052, .T. ) ;
#4857 = CARTESIAN_POINT ( 'NONE',  ( -16.74999999999990052, 48.91908457980620994, -17.58232798238680417 ) ) ;
#4858 = CARTESIAN_POINT ( 'NONE',  ( -40.62499999999999289, 14.99999999999999645, 31.24999999999999645 ) ) ;
#4859 = CYLINDRICAL_SURFACE ( 'NONE', #3655, 2.249999999999995115 ) ;
#4860 = DIRECTION ( 'NONE',  ( 1.000000000000000000, -6.288773578532254053E-15, 2.932503280072386690E-15 ) ) ;
#4861 = DIRECTION ( 'NONE',  ( -0.000000000000000000, -1.000000000000000000, -0.000000000000000000 ) ) ;
#4862 = ORIENTED_EDGE ( 'NONE', *, *, #321, .F. ) ;
#4863 = FACE_OUTER_BOUND ( 'NONE', #3145, .T. ) ;
#4864 = CARTESIAN_POINT ( 'NONE',  ( -17.62499999999999645, 3.499999999999996003, 17.30621032234073198 ) ) ;
#4865 = CARTESIAN_POINT ( 'NONE',  ( -40.62499999999999289, 13.49999999999999467, 16.24999999999999645 ) ) ;
#4866 = CIRCLE ( 'NONE', #2749, 0.5000000000000004441 ) ;
#4867 = CYLINDRICAL_SURFACE ( 'NONE', #2192, 2.499999999999998668 ) ;
#4868 = AXIS2_PLACEMENT_3D ( 'NONE', #6007, #84, #2218 ) ;
#4869 = CIRCLE ( 'NONE', #2304, 3.750000000000000000 ) ;
#4870 = FACE_BOUND ( 'NONE', #2542, .T. ) ;
#4871 = EDGE_CURVE ( 'NONE', #1420, #3483, #6591, .T. ) ;
#4872 = VECTOR ( 'NONE', #1312, 1000.000000000000000 ) ;
#4873 = CARTESIAN_POINT ( 'NONE',  ( 33.56311567177252897, 3.313115671772584925, 11.30322409947675055 ) ) ;
#4874 = CIRCLE ( 'NONE', #3546, 2.499999999999998668 ) ;
#4875 = AXIS2_PLACEMENT_3D ( 'NONE', #2025, #4164, #6303 ) ;
#4876 = DIRECTION ( 'NONE',  ( 1.000000000000000000, -0.000000000000000000, -0.000000000000000000 ) ) ;
#4877 = ORIENTED_EDGE ( 'NONE', *, *, #743, .F. ) ;
#4878 = CARTESIAN_POINT ( 'NONE',  ( 31.78575344024881133, 21.01781540076990140, 13.43854180776143536 ) ) ;
#4879 = ORIENTED_EDGE ( 'NONE', *, *, #5947, .T. ) ;
#4880 = AXIS2_PLACEMENT_3D ( 'NONE', #1006, #3138, #4777 ) ;
#4881 = ORIENTED_EDGE ( 'NONE', *, *, #248, .F. ) ;
#4882 = DIRECTION ( 'NONE',  ( 1.000000000000000000, -0.000000000000000000, -0.000000000000000000 ) ) ;
#4883 = ADVANCED_FACE ( 'NONE', ( #5116 ), #2392, .F. ) ;
#4884 = DIRECTION ( 'NONE',  ( 0.000000000000000000, 0.000000000000000000, 1.000000000000000000 ) ) ;
#4885 = VERTEX_POINT ( 'NONE', #2283 ) ;
#4886 = AXIS2_PLACEMENT_3D ( 'NONE', #882, #5753, #3073 ) ;
#4887 = CARTESIAN_POINT ( 'NONE',  ( -45.80000000000001137, 11.79999999999999538, -6.499999999999997335 ) ) ;
#4888 = ADVANCED_FACE ( 'NONE', ( #6554 ), #5018, .F. ) ;
#4889 = ORIENTED_EDGE ( 'NONE', *, *, #3250, .T. ) ;
#4890 = EDGE_LOOP ( 'NONE', ( #659, #2955, #5231, #6064 ) ) ;
#4891 = EDGE_LOOP ( 'NONE', ( #2814, #3040, #599, #4037, #4661 ) ) ;
#4892 = DIRECTION ( 'NONE',  ( 0.000000000000000000, -1.000000000000000000, -1.204669080539448358E-16 ) ) ;
#4893 = ADVANCED_FACE ( 'NONE', ( #6664 ), #2876, .T. ) ;
#4894 =( BOUNDED_CURVE ( )  B_SPLINE_CURVE ( 3, ( #3814, #5290, #3254, #487 ),
 .UNSPECIFIED., .F., .F. ) 
 B_SPLINE_CURVE_WITH_KNOTS ( ( 4, 4 ),
 ( 6.163901657094400299, 6.283185307179586232 ),
 .UNSPECIFIED. ) 
 CURVE ( )  GEOMETRIC_REPRESENTATION_ITEM ( )  RATIONAL_B_SPLINE_CURVE ( ( 1.000000000000000000, 0.9988146356739919796, 0.9988146356739919796, 1.000000000000000000 ) ) 
 REPRESENTATION_ITEM ( '' )  );
#4895 = CARTESIAN_POINT ( 'NONE',  ( -10.74999999999998934, 23.49999999999999645, 11.25000000000000178 ) ) ;
#4896 = CIRCLE ( 'NONE', #2103, 3.750000000000006661 ) ;
#4897 = CARTESIAN_POINT ( 'NONE',  ( -47.24999999999999289, 30.00000000000000000, 12.75738592688066753 ) ) ;
#4898 = CARTESIAN_POINT ( 'NONE',  ( -47.24999999999999289, 0.000000000000000000, 0.000000000000000000 ) ) ;
#4899 = DIRECTION ( 'NONE',  ( 0.000000000000000000, 0.000000000000000000, -1.000000000000000000 ) ) ;
#4900 = EDGE_CURVE ( 'NONE', #5435, #5867, #5794, .T. ) ;
#4901 = ORIENTED_EDGE ( 'NONE', *, *, #6080, .F. ) ;
#4902 = CIRCLE ( 'NONE', #1768, 2.500000000000000444 ) ;
#4903 = DIRECTION ( 'NONE',  ( 0.000000000000000000, 0.000000000000000000, 1.000000000000000000 ) ) ;
#4904 = LINE ( 'NONE', #2248, #2910 ) ;
#4905 = DIRECTION ( 'NONE',  ( 1.000000000000000000, -0.000000000000000000, 0.000000000000000000 ) ) ;
#4906 = CARTESIAN_POINT ( 'NONE',  ( -47.24999999999999289, 27.72404356534547532, 12.75738592688066753 ) ) ;
#4907 = CARTESIAN_POINT ( 'NONE',  ( 0.000000000000000000, 0.000000000000000000, -9.000000000000000000 ) ) ;
#4908 = VECTOR ( 'NONE', #1238, 1000.000000000000000 ) ;
#4909 = VECTOR ( 'NONE', #5538, 1000.000000000000000 ) ;
#4910 = EDGE_CURVE ( 'NONE', #5373, #6859, #4175, .T. ) ;
#4911 = ORIENTED_EDGE ( 'NONE', *, *, #1207, .T. ) ;
#4912 = CARTESIAN_POINT ( 'NONE',  ( 18.75000000000001776, 50.61256105093733026, -18.68635858703029839 ) ) ;
#4913 = AXIS2_PLACEMENT_3D ( 'NONE', #5904, #1100, #3233 ) ;
#4914 = EDGE_CURVE ( 'NONE', #1981, #5356, #5183, .T. ) ;
#4915 = CARTESIAN_POINT ( 'NONE',  ( -47.24999999999999289, 2.799999999999993605, -6.749999999999998224 ) ) ;
#4916 = AXIS2_PLACEMENT_3D ( 'NONE', #581, #75, #6523 ) ;
#4917 = VERTEX_POINT ( 'NONE', #5830 ) ;
#4918 = LINE ( 'NONE', #1655, #4072 ) ;
#4919 = EDGE_CURVE ( 'NONE', #4379, #4719, #3682, .T. ) ;
#4920 = AXIS2_PLACEMENT_3D ( 'NONE', #6897, #2096, #1390 ) ;
#4921 = ORIENTED_EDGE ( 'NONE', *, *, #536, .F. ) ;
#4922 = CARTESIAN_POINT ( 'NONE',  ( -32.32338204986887575, 51.55935158486133929, -16.56454062643591030 ) ) ;
#4923 = ORIENTED_EDGE ( 'NONE', *, *, #6827, .F. ) ;
#4924 = CARTESIAN_POINT ( 'NONE',  ( -49.74999999999999289, 55.03291721256735514, -8.023773415721358049 ) ) ;
#4925 = CARTESIAN_POINT ( 'NONE',  ( 26.24999999999999289, 48.61378996556253185, -19.53369234184500769 ) ) ;
#4926 = ORIENTED_EDGE ( 'NONE', *, *, #996, .F. ) ;
#4927 = CARTESIAN_POINT ( 'NONE',  ( 33.75000000000000711, 48.61378996556253185, -9.000000000000000000 ) ) ;
#4928 = EDGE_CURVE ( 'NONE', #670, #6157, #870, .T. ) ;
#4929 = ORIENTED_EDGE ( 'NONE', *, *, #425, .F. ) ;
#4930 = ORIENTED_EDGE ( 'NONE', *, *, #4660, .T. ) ;
#4931 = EDGE_LOOP ( 'NONE', ( #2533, #3397, #4845, #1722, #6389, #5996 ) ) ;
#4932 = LINE ( 'NONE', #608, #3805 ) ;
#4933 = FACE_OUTER_BOUND ( 'NONE', #4620, .T. ) ;
#4934 = EDGE_CURVE ( 'NONE', #1234, #4196, #5729, .T. ) ;
#4935 = LINE ( 'NONE', #137, #65 ) ;
#4936 = CARTESIAN_POINT ( 'NONE',  ( 19.14180581244563228, 0.5224077499274837333, -13.78981621249888434 ) ) ;
#4937 = ORIENTED_EDGE ( 'NONE', *, *, #4709, .T. ) ;
#4938 = CARTESIAN_POINT ( 'NONE',  ( -17.25000000000000355, 48.97576449542425081, -15.45940107675847131 ) ) ;
#4939 = CARTESIAN_POINT ( 'NONE',  ( -17.25000000000000000, 2.207106781186567002, -17.31737279928379891 ) ) ;
#4940 =( BOUNDED_CURVE ( )  B_SPLINE_CURVE ( 3, ( #4720, #6858, #2055, #1017 ),
 .UNSPECIFIED., .F., .F. ) 
 B_SPLINE_CURVE_WITH_KNOTS ( ( 4, 4 ),
 ( 5.179155623874301284, 5.837641463451472390 ),
 .UNSPECIFIED. ) 
 CURVE ( )  GEOMETRIC_REPRESENTATION_ITEM ( )  RATIONAL_B_SPLINE_CURVE ( ( 1.000000000000000000, 0.9641915992984350092, 0.9641915992984350092, 1.000000000000000000 ) ) 
 REPRESENTATION_ITEM ( '' )  );
#4941 = ORIENTED_EDGE ( 'NONE', *, *, #5710, .F. ) ;
#4942 = CARTESIAN_POINT ( 'NONE',  ( -18.75000000000002487, 49.99999999999997158, -20.00000000000003908 ) ) ;
#4943 = FACE_OUTER_BOUND ( 'NONE', #3126, .T. ) ;
#4944 = CARTESIAN_POINT ( 'NONE',  ( -16.75000000000000711, 49.39721873482880454, -15.45940107675847131 ) ) ;
#4945 = FACE_OUTER_BOUND ( 'NONE', #4148, .T. ) ;
#4946 = EDGE_CURVE ( 'NONE', #5649, #3284, #379, .T. ) ;
#4947 = DIRECTION ( 'NONE',  ( 0.000000000000000000, 0.000000000000000000, -1.000000000000000000 ) ) ;
#4948 = DIRECTION ( 'NONE',  ( 0.000000000000000000, 0.000000000000000000, -1.000000000000000000 ) ) ;
#4949 = DIRECTION ( 'NONE',  ( -1.000000000000000000, 0.000000000000000000, 0.000000000000000000 ) ) ;
#4950 = VERTEX_POINT ( 'NONE', #3121 ) ;
#4951 = CARTESIAN_POINT ( 'NONE',  ( -10.74999999999998934, 0.000000000000000000, 17.00000000000000000 ) ) ;
#4952 = VERTEX_POINT ( 'NONE', #1025 ) ;
#4953 = CARTESIAN_POINT ( 'NONE',  ( -16.75000000000000000, 2.664213562373115796, -17.69059892324148819 ) ) ;
#4954 = EDGE_CURVE ( 'NONE', #3437, #3783, #3153, .T. ) ;
#4955 = LINE ( 'NONE', #1281, #2760 ) ;
#4956 = ORIENTED_EDGE ( 'NONE', *, *, #2139, .T. ) ;
#4957 = CARTESIAN_POINT ( 'NONE',  ( 16.75000000000000000, 2.252775734606961677, -17.49512996196485304 ) ) ;
#4958 = EDGE_CURVE ( 'NONE', #4196, #5139, #2561, .T. ) ;
#4959 = ORIENTED_EDGE ( 'NONE', *, *, #5754, .T. ) ;
#4960 = ORIENTED_EDGE ( 'NONE', *, *, #5775, .T. ) ;
#4961 = CARTESIAN_POINT ( 'NONE',  ( -49.92835914963770705, 27.43955328750740463, -8.492292137824522413 ) ) ;
#4962 = CARTESIAN_POINT ( 'NONE',  ( -48.00000000000001421, 30.00000000000000000, 12.50000000012629897 ) ) ;
#4963 = EDGE_CURVE ( 'NONE', #4213, #6295, #3321, .T. ) ;
#4964 = CIRCLE ( 'NONE', #3200, 1.100000000000000311 ) ;
#4965 = CARTESIAN_POINT ( 'NONE',  ( -49.96130913087034742, 3.083235005961808994, -8.476927309239680852 ) ) ;
#4966 = DIRECTION ( 'NONE',  ( 0.000000000000000000, -1.000000000000000000, -0.000000000000000000 ) ) ;
#4967 = ORIENTED_EDGE ( 'NONE', *, *, #6260, .F. ) ;
#4968 = FACE_OUTER_BOUND ( 'NONE', #4626, .T. ) ;
#4969 = ORIENTED_EDGE ( 'NONE', *, *, #3919, .F. ) ;
#4970 = VERTEX_POINT ( 'NONE', #4617 ) ;
#4971 = EDGE_CURVE ( 'NONE', #6929, #2649, #4874, .T. ) ;
#4972 = VERTEX_POINT ( 'NONE', #892 ) ;
#4973 = CARTESIAN_POINT ( 'NONE',  ( 20.31828610918057620, 50.69006176892469995, -18.88472446513806347 ) ) ;
#4974 = DIRECTION ( 'NONE',  ( 0.000000000000000000, 0.000000000000000000, 1.000000000000000000 ) ) ;
#4975 = B_SPLINE_CURVE_WITH_KNOTS ( 'NONE', 3,
 ( #6227, #3558, #6754, #2503, #4572, #5671, #4631, #2018 ),
 .UNSPECIFIED., .F., .F.,
 ( 4, 2, 2, 4 ),
 ( 0.000000000000000000, 0.0005383833838998251494, 0.0008075750758497343088, 0.001076766767799643577 ),
 .UNSPECIFIED. ) ;
#4976 = EDGE_CURVE ( 'NONE', #886, #594, #2759, .T. ) ;
#4977 = CARTESIAN_POINT ( 'NONE',  ( 26.78051639066691791, 4.655877886745630079, 12.06324635909108167 ) ) ;
#4978 = ADVANCED_FACE ( 'NONE', ( #1932 ), #347, .T. ) ;
#4979 = CARTESIAN_POINT ( 'NONE',  ( -45.80000000000000426, 30.00000000000000000, 13.25499871860576029 ) ) ;
#4980 = ORIENTED_EDGE ( 'NONE', *, *, #3569, .T. ) ;
#4981 =( BOUNDED_CURVE ( )  B_SPLINE_CURVE ( 3, ( #4925, #3435, #717, #174 ),
 .UNSPECIFIED., .F., .F. ) 
 B_SPLINE_CURVE_WITH_KNOTS ( ( 4, 4 ),
 ( 3.141592653589793116, 3.499891445630705533 ),
 .UNSPECIFIED. ) 
 CURVE ( )  GEOMETRIC_REPRESENTATION_ITEM ( )  RATIONAL_B_SPLINE_CURVE ( ( 1.000000000000000000, 0.9893304134123930282, 0.9893304134123930282, 1.000000000000000000 ) ) 
 REPRESENTATION_ITEM ( '' )  );
#4982 = ADVANCED_FACE ( 'NONE', ( #925 ), #6246, .F. ) ;
#4983 = VERTEX_POINT ( 'NONE', #3543 ) ;
#4984 = CARTESIAN_POINT ( 'NONE',  ( 30.00000000000000000, 48.61378996556253185, 41.00000000000000000 ) ) ;
#4985 = CARTESIAN_POINT ( 'NONE',  ( -47.52415550576401415, 1.380416077824079490, -5.716292951826472013 ) ) ;
#4986 = AXIS2_PLACEMENT_3D ( 'NONE', #123, #6500, #2052 ) ;
#4987 = EDGE_CURVE ( 'NONE', #2005, #1545, #3541, .T. ) ;
#4988 = DIRECTION ( 'NONE',  ( 1.149475336092251037E-15, -0.4226182617407002184, -0.9063077870366496036 ) ) ;
#4989 = CARTESIAN_POINT ( 'NONE',  ( 16.87203552699077491, 1.969302379850041307, -17.65879337964184970 ) ) ;
#4990 = EDGE_LOOP ( 'NONE', ( #3129, #1109, #4425, #5329 ) ) ;
#4991 = DIRECTION ( 'NONE',  ( 0.000000000000000000, -1.000000000000000000, 0.000000000000000000 ) ) ;
#4992 = ORIENTED_EDGE ( 'NONE', *, *, #1094, .T. ) ;
#4993 = CARTESIAN_POINT ( 'NONE',  ( 18.75000000000001776, 0.000000000000000000, -14.76247765169980752 ) ) ;
#4994 = VECTOR ( 'NONE', #5043, 1000.000000000000114 ) ;
#4995 = VECTOR ( 'NONE', #5322, 1000.000000000000000 ) ;
#4996 = VECTOR ( 'NONE', #3927, 1000.000000000000000 ) ;
#4997 = CARTESIAN_POINT ( 'NONE',  ( 18.93469903125908260, -0.1846990312590637284, -18.49415838371665899 ) ) ;
#4998 = CARTESIAN_POINT ( 'NONE',  ( -20.25000000000000000, 49.68146486959624042, -19.99999999999999289 ) ) ;
#4999 = VERTEX_POINT ( 'NONE', #5150 ) ;
#5000 = CARTESIAN_POINT ( 'NONE',  ( -16.75000000000000000, 48.50337443704673746, -17.69059892307770099 ) ) ;
#5001 = CIRCLE ( 'NONE', #1977, 1.749999999999999778 ) ;
#5002 = VERTEX_POINT ( 'NONE', #2000 ) ;
#5003 = VERTEX_POINT ( 'NONE', #3079 ) ;
#5004 = CARTESIAN_POINT ( 'NONE',  ( -45.80000000000000426, 0.000000000000000000, -9.249999999999998224 ) ) ;
#5005 = CARTESIAN_POINT ( 'NONE',  ( 17.25000000000000000, 48.33917413069173818, -17.69059892324149175 ) ) ;
#5006 = DIRECTION ( 'NONE',  ( 1.000000000000000000, -0.000000000000000000, -0.000000000000000000 ) ) ;
#5007 = VECTOR ( 'NONE', #1422, 1000.000000000000114 ) ;
#5008 = PLANE ( 'NONE',  #4318 ) ;
#5009 = ORIENTED_EDGE ( 'NONE', *, *, #2069, .T. ) ;
#5010 = DIRECTION ( 'NONE',  ( -0.8660254037844415942, 0.000000000000000000, -0.4999999999999949485 ) ) ;
#5011 = ORIENTED_EDGE ( 'NONE', *, *, #1251, .F. ) ;
#5012 = CARTESIAN_POINT ( 'NONE',  ( -47.24999999999999289, 27.25000000000000000, -6.750000000000000888 ) ) ;
#5013 = CARTESIAN_POINT ( 'NONE',  ( 16.75000000000000355, 2.664213562373119348, -15.17072594216366532 ) ) ;
#5014 = AXIS2_PLACEMENT_3D ( 'NONE', #6821, #2023, #975 ) ;
#5015 = CARTESIAN_POINT ( 'NONE',  ( -50.24999999999999289, 25.99999999999999645, 19.27470525167402826 ) ) ;
#5016 = ADVANCED_FACE ( 'NONE', ( #5224 ), #2034, .T. ) ;
#5017 = CARTESIAN_POINT ( 'NONE',  ( 27.22716344363818664, 5.058696118555780608, 12.66719185726065433 ) ) ;
#5018 = PLANE ( 'NONE',  #6562 ) ;
#5019 = ORIENTED_EDGE ( 'NONE', *, *, #3777, .T. ) ;
#5020 = AXIS2_PLACEMENT_3D ( 'NONE', #5005, #205, #4480 ) ;
#5021 = ADVANCED_FACE ( 'NONE', ( #4690 ), #5933, .F. ) ;
#5022 = LINE ( 'NONE', #2395, #4698 ) ;
#5023 = DIRECTION ( 'NONE',  ( -0.6546536707079783080, -0.6546536707079784190, 0.3779644730092229787 ) ) ;
#5024 = CIRCLE ( 'NONE', #3342, 0.5000000000000004441 ) ;
#5025 = DIRECTION ( 'NONE',  ( 0.000000000000000000, 0.000000000000000000, -1.000000000000000000 ) ) ;
#5026 =( BOUNDED_CURVE ( )  B_SPLINE_CURVE ( 3, ( #3251, #896, #2951, #325 ),
 .UNSPECIFIED., .F., .F. ) 
 B_SPLINE_CURVE_WITH_KNOTS ( ( 4, 4 ),
 ( 0.5980301372491475531, 1.341520123580913104 ),
 .UNSPECIFIED. ) 
 CURVE ( )  GEOMETRIC_REPRESENTATION_ITEM ( )  RATIONAL_B_SPLINE_CURVE ( ( 1.000000000000000000, 0.9544632733335063346, 0.9544632733335063346, 1.000000000000000000 ) ) 
 REPRESENTATION_ITEM ( '' )  );
#5027 = EDGE_CURVE ( 'NONE', #3372, #2246, #2243, .T. ) ;
#5028 = CARTESIAN_POINT ( 'NONE',  ( 16.75000000000000000, 2.013214619050089915, -17.41420896075144498 ) ) ;
#5029 = ORIENTED_EDGE ( 'NONE', *, *, #3788, .F. ) ;
#5030 = ADVANCED_FACE ( 'NONE', ( #3790 ), #4859, .F. ) ;
#5031 = AXIS2_PLACEMENT_3D ( 'NONE', #646, #2771, #4903 ) ;
#5032 = AXIS2_PLACEMENT_3D ( 'NONE', #939, #6328, #5206 ) ;
#5033 = DIRECTION ( 'NONE',  ( 0.000000000000000000, 0.000000000000000000, 1.000000000000000000 ) ) ;
#5034 = ORIENTED_EDGE ( 'NONE', *, *, #5633, .T. ) ;
#5035 = CARTESIAN_POINT ( 'NONE',  ( -20.00572918846630088, 53.12836261634380719, -13.29120471938729686 ) ) ;
#5036 = VECTOR ( 'NONE', #4781, 1000.000000000000000 ) ;
#5037 = DIRECTION ( 'NONE',  ( 0.000000000000000000, 1.000000000000000000, 0.000000000000000000 ) ) ;
#5038 = LINE ( 'NONE', #3461, #6913 ) ;
#5039 = AXIS2_PLACEMENT_3D ( 'NONE', #831, #3408, #2430 ) ;
#5040 = CARTESIAN_POINT ( 'NONE',  ( -49.91182958586006890, 27.25000000000000000, -8.500000000000000000 ) ) ;
#5041 = CARTESIAN_POINT ( 'NONE',  ( -17.00000000000000711, 2.664213562373105137, -15.02638837486625256 ) ) ;
#5042 = DIRECTION ( 'NONE',  ( -0.000000000000000000, 1.000000000000000000, 0.000000000000000000 ) ) ;
#5043 = DIRECTION ( 'NONE',  ( -0.000000000000000000, 0.4226182617407002184, 0.9063077870366494926 ) ) ;
#5044 = EDGE_LOOP ( 'NONE', ( #6252, #6749, #5855, #3280 ) ) ;
#5045 = CYLINDRICAL_SURFACE ( 'NONE', #4330, 1.000000000000000222 ) ;
#5046 = ORIENTED_EDGE ( 'NONE', *, *, #448, .T. ) ;
#5047 = CARTESIAN_POINT ( 'NONE',  ( 33.42276725533771753, 24.90293015864805426, 11.67019227020680994 ) ) ;
#5048 = CARTESIAN_POINT ( 'NONE',  ( 16.86481412662000778, 1.973909051035641626, -15.44153485732983455 ) ) ;
#5049 = LINE ( 'NONE', #6069, #2443 ) ;
#5050 = CARTESIAN_POINT ( 'NONE',  ( -16.75000000000000355, 48.97576449542425081, -15.45940107675847131 ) ) ;
#5051 = EDGE_CURVE ( 'NONE', #6157, #1713, #5895, .T. ) ;
#5052 = LINE ( 'NONE', #4558, #6455 ) ;
#5053 = ORIENTED_EDGE ( 'NONE', *, *, #3184, .F. ) ;
#5054 = ORIENTED_EDGE ( 'NONE', *, *, #4424, .F. ) ;
#5055 = EDGE_LOOP ( 'NONE', ( #6391, #2123, #2762, #2705 ) ) ;
#5056 = CARTESIAN_POINT ( 'NONE',  ( -25.30852118026745501, 49.67234518256159959, -19.97271112547701222 ) ) ;
#5057 = CARTESIAN_POINT ( 'NONE',  ( 26.41985963066197840, 23.71490566275271661, 11.25000000000000355 ) ) ;
#5058 = LINE ( 'NONE', #6602, #520 ) ;
#5059 = CARTESIAN_POINT ( 'NONE',  ( 20.24999999999999645, 49.88144366580696243, -19.99999999999999645 ) ) ;
#5060 = ORIENTED_EDGE ( 'NONE', *, *, #2885, .T. ) ;
#5061 = DIRECTION ( 'NONE',  ( 1.000000000000000000, 0.000000000000000000, 0.000000000000000000 ) ) ;
#5062 = EDGE_LOOP ( 'NONE', ( #6779, #4641, #4823, #5302, #2837 ) ) ;
#5063 = CARTESIAN_POINT ( 'NONE',  ( -47.24999999999999289, 3.274043565345468920, 12.75738592688066753 ) ) ;
#5064 = DIRECTION ( 'NONE',  ( 0.000000000000000000, 0.000000000000000000, 1.000000000000000000 ) ) ;
#5065 = DIRECTION ( 'NONE',  ( 0.000000000000000000, 0.000000000000000000, 1.000000000000000000 ) ) ;
#5066 = EDGE_CURVE ( 'NONE', #3841, #5002, #69, .T. ) ;
#5067 = LINE ( 'NONE', #2828, #1888 ) ;
#5068 = CARTESIAN_POINT ( 'NONE',  ( -16.75000000000000355, 2.664213562373106470, -15.17072594216365822 ) ) ;
#5069 = ADVANCED_FACE ( 'NONE', ( #577 ), #611, .F. ) ;
#5070 = PLANE ( 'NONE',  #3312 ) ;
#5071 = FACE_OUTER_BOUND ( 'NONE', #4396, .T. ) ;
#5072 = ORIENTED_EDGE ( 'NONE', *, *, #4703, .T. ) ;
#5073 = CARTESIAN_POINT ( 'NONE',  ( -13.30000000000000249, 30.00000000000000000, 16.25000000000000000 ) ) ;
#5074 = ORIENTED_EDGE ( 'NONE', *, *, #864, .F. ) ;
#5075 = ORIENTED_EDGE ( 'NONE', *, *, #1761, .T. ) ;
#5076 = PLANE ( 'NONE',  #867 ) ;
#5077 = EDGE_CURVE ( 'NONE', #3972, #6576, #1156, .T. ) ;
#5078 = ORIENTED_EDGE ( 'NONE', *, *, #194, .F. ) ;
#5079 = CARTESIAN_POINT ( 'NONE',  ( 16.75000000000000000, 2.207106781186561228, -15.83262720071617480 ) ) ;
#5080 = CIRCLE ( 'NONE', #2054, 16.00000000000000000 ) ;
#5081 = CARTESIAN_POINT ( 'NONE',  ( 16.75000000000000000, 48.97576449542425081, -15.45940107675847663 ) ) ;
#5082 = CARTESIAN_POINT ( 'NONE',  ( -20.25000000000000000, 53.09356680819458774, -12.86132486540518194 ) ) ;
#5083 = CARTESIAN_POINT ( 'NONE',  ( -10.74999999999998934, 0.000000000000000000, 0.000000000000000000 ) ) ;
#5084 = ORIENTED_EDGE ( 'NONE', *, *, #4179, .F. ) ;
#5085 = ORIENTED_EDGE ( 'NONE', *, *, #1889, .F. ) ;
#5086 = DIRECTION ( 'NONE',  ( 0.8892053820944803011, -0.1933513365602811118, -0.4146432793432953123 ) ) ;
#5087 = EDGE_CURVE ( 'NONE', #5481, #3149, #1057, .T. ) ;
#5088 = CARTESIAN_POINT ( 'NONE',  ( -18.93469903125908260, -0.1846990312590628680, -14.65584161628331827 ) ) ;
#5089 = ORIENTED_EDGE ( 'NONE', *, *, #4709, .F. ) ;
#5090 = DIRECTION ( 'NONE',  ( 0.000000000000000000, 0.000000000000000000, 1.000000000000000000 ) ) ;
#5091 = LINE ( 'NONE', #1958, #769 ) ;
#5092 = VERTEX_POINT ( 'NONE', #2660 ) ;
#5093 = CARTESIAN_POINT ( 'NONE',  ( 16.89408159875945969, 49.32692473832359070, -15.08754039233461697 ) ) ;
#5094 = LINE ( 'NONE', #4469, #5592 ) ;
#5095 = CIRCLE ( 'NONE', #3192, 1.100000000000000311 ) ;
#5096 = DIRECTION ( 'NONE',  ( 1.000000000000000000, 0.000000000000000000, 0.000000000000000000 ) ) ;
#5097 = ORIENTED_EDGE ( 'NONE', *, *, #1207, .F. ) ;
#5098 = DIRECTION ( 'NONE',  ( 1.000000000000000000, 0.000000000000000000, 0.000000000000000000 ) ) ;
#5099 = AXIS2_PLACEMENT_3D ( 'NONE', #6772, #5159, #2109 ) ;
#5100 = CIRCLE ( 'NONE', #6118, 1.500000000000001332 ) ;
#5101 = CARTESIAN_POINT ( 'NONE',  ( 30.00000000000000000, 25.99999999999999645, 10.13416177882442959 ) ) ;
#5102 = VECTOR ( 'NONE', #3702, 1000.000000000000000 ) ;
#5103 = LINE ( 'NONE', #4578, #861 ) ;
#5104 = SPHERICAL_SURFACE ( 'NONE', #6236, 0.5000000000000000000 ) ;
#5105 = AXIS2_PLACEMENT_3D ( 'NONE', #6380, #5994, #1188 ) ;
#5106 = VERTEX_POINT ( 'NONE', #3264 ) ;
#5107 = VECTOR ( 'NONE', #4692, 1000.000000000000227 ) ;
#5108 = DIRECTION ( 'NONE',  ( 0.000000000000000000, 0.000000000000000000, 1.000000000000000000 ) ) ;
#5109 = ORIENTED_EDGE ( 'NONE', *, *, #964, .T. ) ;
#5110 = EDGE_CURVE ( 'NONE', #4398, #959, #3717, .T. ) ;
#5111 = EDGE_CURVE ( 'NONE', #6133, #5764, #526, .T. ) ;
#5112 = PLANE ( 'NONE',  #116 ) ;
#5113 = DIRECTION ( 'NONE',  ( 0.000000000000000000, 0.000000000000000000, 1.000000000000000000 ) ) ;
#5114 = CIRCLE ( 'NONE', #1527, 1.100000000000000311 ) ;
#5115 = DIRECTION ( 'NONE',  ( -5.865006560144773381E-15, 1.000000000000000000, 1.257754715706450811E-14 ) ) ;
#5116 = FACE_OUTER_BOUND ( 'NONE', #313, .T. ) ;
#5117 = ORIENTED_EDGE ( 'NONE', *, *, #796, .F. ) ;
#5118 = CARTESIAN_POINT ( 'NONE',  ( -16.89644660940673049, 49.75875834124010311, -16.13146343944628924 ) ) ;
#5119 = CARTESIAN_POINT ( 'NONE',  ( -17.25000000000000000, 49.43833015021221655, -15.98204532008122847 ) ) ;
#5120 = FACE_OUTER_BOUND ( 'NONE', #259, .T. ) ;
#5121 = AXIS2_PLACEMENT_3D ( 'NONE', #1259, #4542, #5540 ) ;
#5122 = ADVANCED_FACE ( 'NONE', ( #535 ), #6518, .T. ) ;
#5123 = VERTEX_POINT ( 'NONE', #4796 ) ;
#5124 = CARTESIAN_POINT ( 'NONE',  ( -40.62499999999999289, 24.99999999999999645, 31.24999999999999645 ) ) ;
#5125 = VECTOR ( 'NONE', #955, 1000.000000000000000 ) ;
#5126 = CARTESIAN_POINT ( 'NONE',  ( -16.75000000000000000, 48.71628076953127362, -17.51859598807026330 ) ) ;
#5127 = EDGE_CURVE ( 'NONE', #410, #954, #299, .T. ) ;
#5128 = CARTESIAN_POINT ( 'NONE',  ( -45.80000000000000426, 0.000000000000000000, 13.25499871860576029 ) ) ;
#5129 = VECTOR ( 'NONE', #1579, 1000.000000000000000 ) ;
#5130 = AXIS2_PLACEMENT_3D ( 'NONE', #2270, #4825, #672 ) ;
#5131 = ORIENTED_EDGE ( 'NONE', *, *, #5138, .F. ) ;
#5132 = CARTESIAN_POINT ( 'NONE',  ( -10.74999999999998934, 23.49999999999999645, 13.75000000000000000 ) ) ;
#5133 = ADVANCED_FACE ( 'NONE', ( #3848 ), #2731, .T. ) ;
#5134 = CARTESIAN_POINT ( 'NONE',  ( -13.30000000000000071, 30.00000000000000000, -4.499999999873693923 ) ) ;
#5135 = VECTOR ( 'NONE', #6364, 1000.000000000000000 ) ;
#5136 = CARTESIAN_POINT ( 'NONE',  ( 20.01129252327396202, 53.16200611895929029, -13.28781782594535343 ) ) ;
#5137 = CARTESIAN_POINT ( 'NONE',  ( -45.80000000000000426, 30.00000000000000000, 16.24999999999999645 ) ) ;
#5138 = EDGE_CURVE ( 'NONE', #6846, #3162, #1058, .T. ) ;
#5139 = VERTEX_POINT ( 'NONE', #1602 ) ;
#5140 = CARTESIAN_POINT ( 'NONE',  ( 50.24999999999999289, 39.11378996556253185, -0.3658382211755820124 ) ) ;
#5141 = CIRCLE ( 'NONE', #2125, 1.100000000000000311 ) ;
#5142 = VERTEX_POINT ( 'NONE', #2100 ) ;
#5143 = ORIENTED_EDGE ( 'NONE', *, *, #3335, .T. ) ;
#5144 = ORIENTED_EDGE ( 'NONE', *, *, #2263, .T. ) ;
#5145 = ORIENTED_EDGE ( 'NONE', *, *, #1028, .T. ) ;
#5146 = LINE ( 'NONE', #3324, #4034 ) ;
#5147 = ORIENTED_EDGE ( 'NONE', *, *, #3275, .T. ) ;
#5148 = DIRECTION ( 'NONE',  ( -1.000000000000000000, -3.235659366516982696E-16, -3.953583062486598246E-32 ) ) ;
#5149 = PLANE ( 'NONE',  #1775 ) ;
#5150 = CARTESIAN_POINT ( 'NONE',  ( -20.62499999999999645, 13.49999999999999467, 16.25000000000000000 ) ) ;
#5151 = CARTESIAN_POINT ( 'NONE',  ( -26.50026993589618840, 50.43058395645596903, -19.07660972551975220 ) ) ;
#5152 = ORIENTED_EDGE ( 'NONE', *, *, #6017, .T. ) ;
#5153 = DIRECTION ( 'NONE',  ( 0.000000000000000000, -1.000000000000000000, -0.000000000000000000 ) ) ;
#5154 = EDGE_CURVE ( 'NONE', #2978, #4559, #5412, .T. ) ;
#5155 = EDGE_CURVE ( 'NONE', #1370, #835, #3960, .T. ) ;
#5156 = ORIENTED_EDGE ( 'NONE', *, *, #5556, .T. ) ;
#5157 = FACE_OUTER_BOUND ( 'NONE', #1426, .T. ) ;
#5158 = ORIENTED_EDGE ( 'NONE', *, *, #3559, .F. ) ;
#5159 = DIRECTION ( 'NONE',  ( 1.000000000000000000, 0.000000000000000000, -1.095614826903587222E-15 ) ) ;
#5160 = CYLINDRICAL_SURFACE ( 'NONE', #4323, 1.100000000000000311 ) ;
#5161 = ORIENTED_EDGE ( 'NONE', *, *, #107, .F. ) ;
#5162 = CARTESIAN_POINT ( 'NONE',  ( -18.75000000000003197, 52.30294715411623940, -15.06131389042992019 ) ) ;
#5163 = DIRECTION ( 'NONE',  ( 0.000000000000000000, 0.000000000000000000, -1.000000000000000000 ) ) ;
#5164 = CARTESIAN_POINT ( 'NONE',  ( 19.75000000000000000, 53.09356680819460905, -12.86132486540518549 ) ) ;
#5165 = EDGE_LOOP ( 'NONE', ( #781, #2278 ) ) ;
#5166 =( LENGTH_UNIT ( ) NAMED_UNIT ( * ) SI_UNIT ( .MILLI., .METRE. ) );
#5167 = EDGE_CURVE ( 'NONE', #5123, #3177, #2169, .T. ) ;
#5168 = DIRECTION ( 'NONE',  ( 1.000000000000000000, 0.000000000000000000, 0.000000000000000000 ) ) ;
#5169 = PLANE ( 'NONE',  #4336 ) ;
#5170 = CARTESIAN_POINT ( 'NONE',  ( -47.24999999999999289, 27.25000000000000000, 13.75000000000000000 ) ) ;
#5171 = ORIENTED_EDGE ( 'NONE', *, *, #2586, .F. ) ;
#5172 = DIRECTION ( 'NONE',  ( 0.000000000000000000, 0.000000000000000000, 1.000000000000000000 ) ) ;
#5173 = ORIENTED_EDGE ( 'NONE', *, *, #5878, .F. ) ;
#5174 = DIRECTION ( 'NONE',  ( 1.000000000000000000, -0.000000000000000000, -0.000000000000000000 ) ) ;
#5175 = ORIENTED_EDGE ( 'NONE', *, *, #4225, .F. ) ;
#5176 = EDGE_CURVE ( 'NONE', #3201, #562, #2411, .T. ) ;
#5177 = VERTEX_POINT ( 'NONE', #2350 ) ;
#5178 = EDGE_CURVE ( 'NONE', #1443, #3149, #1746, .T. ) ;
#5179 = ORIENTED_EDGE ( 'NONE', *, *, #377, .T. ) ;
#5180 = CARTESIAN_POINT ( 'NONE',  ( -16.75000000000000355, 2.207106781321853894, -15.76751938830804889 ) ) ;
#5181 = CYLINDRICAL_SURFACE ( 'NONE', #3110, 2.499999999999998668 ) ;
#5182 = LINE ( 'NONE', #1363, #4798 ) ;
#5183 = LINE ( 'NONE', #2489, #5905 ) ;
#5184 = FACE_OUTER_BOUND ( 'NONE', #5044, .T. ) ;
#5185 = EDGE_CURVE ( 'NONE', #457, #637, #2900, .T. ) ;
#5186 = EDGE_LOOP ( 'NONE', ( #6788, #3225, #5739, #4632 ) ) ;
#5187 = EDGE_CURVE ( 'NONE', #5902, #5584, #4668, .T. ) ;
#5188 = CARTESIAN_POINT ( 'NONE',  ( 49.74999999999999289, 55.43607080134997034, -8.342308546125101643 ) ) ;
#5189 = CARTESIAN_POINT ( 'NONE',  ( 26.41985963066197840, 23.49999999999999645, 11.25000000000000178 ) ) ;
#5190 = CARTESIAN_POINT ( 'NONE',  ( 19.66421356237311713, 0.000000000000000000, -13.48820395745150869 ) ) ;
#5191 = EDGE_CURVE ( 'NONE', #529, #835, #6172, .T. ) ;
#5192 = EDGE_LOOP ( 'NONE', ( #5833, #2721, #2355, #3186 ) ) ;
#5193 = DIRECTION ( 'NONE',  ( 1.069815817185928699E-15, -0.4999999999999961142, -0.8660254037844409281 ) ) ;
#5194 = EDGE_LOOP ( 'NONE', ( #1063, #2691, #1277, #132 ) ) ;
#5195 = ADVANCED_FACE ( 'NONE', ( #5071 ), #2273, .F. ) ;
#5196 = ADVANCED_FACE ( 'NONE', ( #819 ), #3883, .F. ) ;
#5197 = CARTESIAN_POINT ( 'NONE',  ( 0.000000000000000000, 0.000000000000000000, 0.000000000000000000 ) ) ;
#5198 = CARTESIAN_POINT ( 'NONE',  ( -19.09559544003070286, 0.000000000000000000, -19.33350421654798978 ) ) ;
#5199 = VERTEX_POINT ( 'NONE', #243 ) ;
#5200 = DIRECTION ( 'NONE',  ( 0.000000000000000000, 0.000000000000000000, -1.000000000000000000 ) ) ;
#5201 = ADVANCED_FACE ( 'NONE', ( #1326 ), #788, .T. ) ;
#5202 = EDGE_LOOP ( 'NONE', ( #481, #141, #5386, #962 ) ) ;
#5203 =( NAMED_UNIT ( * ) PLANE_ANGLE_UNIT ( ) SI_UNIT ( $, .RADIAN. ) );
#5204 =( BOUNDED_SURFACE ( )  B_SPLINE_SURFACE ( 3, 2, ( 
 ( #1921, #6197, #166 ),
 ( #6127, #2931, #6691 ),
 ( #1323, #746, #4510 ),
 ( #2861, #5068, #5041 ) ),
 .UNSPECIFIED., .F., .F., .F. ) 
 B_SPLINE_SURFACE_WITH_KNOTS ( ( 4, 4 ),
 ( 3, 3 ),
 ( 1.192622389734054483E-15, 0.8480620789814841132 ),
 ( 0.000000000000000000, 1.000000000000000000 ),
 .UNSPECIFIED. ) 
 GEOMETRIC_REPRESENTATION_ITEM ( )  RATIONAL_B_SPLINE_SURFACE ( (
 ( 1.000000000000000000, 0.9369975843134409343, 1.000000000000000000),
 ( 1.000000000000000000, 0.9371114204899582134, 1.000000000000000000),
 ( 1.000000000000000000, 0.9124080449403750848, 1.000000000000000000),
 ( 1.000000000000000000, 0.8660254037844367092, 1.000000000000000000) ) ) 
 REPRESENTATION_ITEM ( '' )  SURFACE ( )  );
#5205 = SURFACE_SIDE_STYLE ('',( #3737 ) ) ;
#5206 = DIRECTION ( 'NONE',  ( -1.000000000000000000, 0.000000000000000000, 0.000000000000000000 ) ) ;
#5207 = CARTESIAN_POINT ( 'NONE',  ( -40.62499999999999289, 24.99999999999999645, 16.24999999999999645 ) ) ;
#5208 = AXIS2_PLACEMENT_3D ( 'NONE', #5479, #6517, #1735 ) ;
#5209 = LINE ( 'NONE', #3497, #6330 ) ;
#5210 = CARTESIAN_POINT ( 'NONE',  ( 27.74999999999999645, 48.61378996556253185, -9.000000000000000000 ) ) ;
#5211 = ORIENTED_EDGE ( 'NONE', *, *, #2530, .T. ) ;
#5212 = CYLINDRICAL_SURFACE ( 'NONE', #2210, 0.5000000000000011102 ) ;
#5213 = EDGE_LOOP ( 'NONE', ( #6773, #3550, #2211, #419, #6148, #158, #4029 ) ) ;
#5214 = CIRCLE ( 'NONE', #1857, 0.5000000000000004441 ) ;
#5215 = VERTEX_POINT ( 'NONE', #713 ) ;
#5216 = ORIENTED_EDGE ( 'NONE', *, *, #5423, .F. ) ;
#5217 = CARTESIAN_POINT ( 'NONE',  ( 0.000000000000000000, 0.000000000000000000, 0.000000000000000000 ) ) ;
#5218 = PLANE ( 'NONE',  #3562 ) ;
#5219 = EDGE_CURVE ( 'NONE', #3240, #3989, #1972, .T. ) ;
#5220 = CARTESIAN_POINT ( 'NONE',  ( -10.74999999999998934, 25.99999999999999645, 0.000000000000000000 ) ) ;
#5221 = ADVANCED_FACE ( 'NONE', ( #2801 ), #5008, .T. ) ;
#5222 = VECTOR ( 'NONE', #3328, 1000.000000000000000 ) ;
#5223 = VECTOR ( 'NONE', #5254, 1000.000000000000000 ) ;
#5224 = FACE_OUTER_BOUND ( 'NONE', #4246, .T. ) ;
#5225 = ORIENTED_EDGE ( 'NONE', *, *, #5111, .F. ) ;
#5226 = AXIS2_PLACEMENT_3D ( 'NONE', #6399, #4713, #4160 ) ;
#5227 = CARTESIAN_POINT ( 'NONE',  ( -47.24999999999999289, 25.75465598645097032, -5.840909090825853411 ) ) ;
#5228 = ORIENTED_EDGE ( 'NONE', *, *, #2989, .T. ) ;
#5229 = CARTESIAN_POINT ( 'NONE',  ( -45.80000000000000426, 30.00000000000000000, 14.49999999999999467 ) ) ;
#5230 = AXIS2_PLACEMENT_3D ( 'NONE', #10, #2732, #613 ) ;
#5231 = ORIENTED_EDGE ( 'NONE', *, *, #4140, .F. ) ;
#5232 = FACE_OUTER_BOUND ( 'NONE', #1257, .T. ) ;
#5233 = ADVANCED_FACE ( 'NONE', ( #6089 ), #2833, .F. ) ;
#5234 = ORIENTED_EDGE ( 'NONE', *, *, #6232, .F. ) ;
#5235 = CARTESIAN_POINT ( 'NONE',  ( -16.75000000000000000, 48.71628076953127362, -17.51859598807026330 ) ) ;
#5236 = ORIENTED_EDGE ( 'NONE', *, *, #1001, .F. ) ;
#5237 = EDGE_CURVE ( 'NONE', #6175, #3255, #2972, .T. ) ;
#5238 = PLANE ( 'NONE',  #2635 ) ;
#5239 = AXIS2_PLACEMENT_3D ( 'NONE', #2554, #1460, #4134 ) ;
#5240 = ORIENTED_EDGE ( 'NONE', *, *, #6181, .F. ) ;
#5241 = DIRECTION ( 'NONE',  ( 0.5575062645922739257, -0.7652335285740091697, -0.3218763919372478743 ) ) ;
#5242 = AXIS2_PLACEMENT_3D ( 'NONE', #304, #6816, #3035 ) ;
#5243 = VECTOR ( 'NONE', #1600, 1000.000000000000000 ) ;
#5244 = CARTESIAN_POINT ( 'NONE',  ( 17.25000000000000000, 48.97576449542425081, -15.45940107675847663 ) ) ;
#5245 = EDGE_CURVE ( 'NONE', #5475, #5990, #3394, .T. ) ;
#5246 = VECTOR ( 'NONE', #622, 1000.000000000000000 ) ;
#5247 = DIRECTION ( 'NONE',  ( -1.000000000000000000, -0.000000000000000000, -0.000000000000000000 ) ) ;
#5248 = CIRCLE ( 'NONE', #3793, 1.750000000000000666 ) ;
#5249 = ORIENTED_EDGE ( 'NONE', *, *, #4946, .T. ) ;
#5250 = CARTESIAN_POINT ( 'NONE',  ( 50.24999999999999289, 0.000000000000000000, 17.00000000000000000 ) ) ;
#5251 = AXIS2_PLACEMENT_3D ( 'NONE', #1606, #5484, #682 ) ;
#5252 = AXIS2_PLACEMENT_3D ( 'NONE', #3983, #2344, #1352 ) ;
#5253 = CYLINDRICAL_SURFACE ( 'NONE', #6886, 1.500000000000001332 ) ;
#5254 = DIRECTION ( 'NONE',  ( -0.000000000000000000, -1.000000000000000000, -0.000000000000000000 ) ) ;
#5255 = EDGE_CURVE ( 'NONE', #4516, #1971, #1289, .T. ) ;
#5256 =( BOUNDED_SURFACE ( )  B_SPLINE_SURFACE ( 3, 2, ( 
 ( #2612, #1986, #4128 ),
 ( #4745, #3601, #1562 ),
 ( #5676, #876, #5136 ),
 ( #338, #2477, #3813 ) ),
 .UNSPECIFIED., .F., .F., .F. ) 
 B_SPLINE_SURFACE_WITH_KNOTS ( ( 4, 4 ),
 ( 3, 3 ),
 ( 0.8221982518725643452, 0.9244367792738293899 ),
 ( 0.000000000000000000, 1.000000000000000000 ),
 .UNSPECIFIED. ) 
 GEOMETRIC_REPRESENTATION_ITEM ( )  RATIONAL_B_SPLINE_SURFACE ( (
 ( 1.000000000000000000, 0.8845975884771392073, 1.000000000000000000),
 ( 1.000000000000000000, 0.8787396210611653213, 1.000000000000000000),
 ( 1.000000000000000000, 0.8725451261039448569, 1.000000000000000000),
 ( 1.000000000000000000, 0.8660254037844367092, 1.000000000000000000) ) ) 
 REPRESENTATION_ITEM ( '' )  SURFACE ( )  );
#5257 = ORIENTED_EDGE ( 'NONE', *, *, #1452, .T. ) ;
#5258 = CARTESIAN_POINT ( 'NONE',  ( 25.13915266867851628, 50.00000000000000000, -19.50000000000000000 ) ) ;
#5259 = VERTEX_POINT ( 'NONE', #4197 ) ;
#5260 = EDGE_LOOP ( 'NONE', ( #2029, #4843, #2174, #4204 ) ) ;
#5261 = ORIENTED_EDGE ( 'NONE', *, *, #417, .F. ) ;
#5262 = VECTOR ( 'NONE', #3182, 1000.000000000000000 ) ;
#5263 = VECTOR ( 'NONE', #2840, 1000.000000000000000 ) ;
#5264 = ORIENTED_EDGE ( 'NONE', *, *, #5458, .F. ) ;
#5265 = CARTESIAN_POINT ( 'NONE',  ( -16.75000000000000355, 2.207106781186561228, -15.83262720071616769 ) ) ;
#5266 = CARTESIAN_POINT ( 'NONE',  ( -20.25000000000000000, 50.00000000000000000, -13.14999999999999503 ) ) ;
#5267 = FACE_OUTER_BOUND ( 'NONE', #3817, .T. ) ;
#5268 = CARTESIAN_POINT ( 'NONE',  ( 50.24999999999999289, 23.49999999999999645, 13.75000000000000000 ) ) ;
#5269 = CIRCLE ( 'NONE', #6598, 0.5000000000000004441 ) ;
#5270 = CARTESIAN_POINT ( 'NONE',  ( 19.74997274698622363, 50.13461876311458099, -19.71130913087034386 ) ) ;
#5271 = ORIENTED_EDGE ( 'NONE', *, *, #1435, .F. ) ;
#5272 = CARTESIAN_POINT ( 'NONE',  ( 16.75000000000000000, 49.39734219614543775, -15.54169874581488742 ) ) ;
#5273 = ORIENTED_EDGE ( 'NONE', *, *, #2267, .F. ) ;
#5274 = DIRECTION ( 'NONE',  ( -1.095614826903587419E-15, 0.000000000000000000, -1.000000000000000000 ) ) ;
#5275 = VECTOR ( 'NONE', #3796, 1000.000000000000000 ) ;
#5276 = ADVANCED_FACE ( 'NONE', ( #1923 ), #5104, .T. ) ;
#5277 = EDGE_LOOP ( 'NONE', ( #4815, #671, #2553, #469 ) ) ;
#5278 = CARTESIAN_POINT ( 'NONE',  ( 27.68158487786891797, 25.91429287023997219, 13.08923022367275912 ) ) ;
#5279 = CARTESIAN_POINT ( 'NONE',  ( -45.80000000000001137, 11.79999999999999538, -7.500000000000000000 ) ) ;
#5280 = ORIENTED_EDGE ( 'NONE', *, *, #3774, .F. ) ;
#5281 = CARTESIAN_POINT ( 'NONE',  ( -17.83335748558245015, 49.43333123712782395, -15.69994974461329207 ) ) ;
#5282 = DIRECTION ( 'NONE',  ( 0.000000000000000000, 1.000000000000000000, 0.000000000000000000 ) ) ;
#5283 = LINE ( 'NONE', #513, #4428 ) ;
#5284 = ORIENTED_EDGE ( 'NONE', *, *, #4499, .F. ) ;
#5285 = CARTESIAN_POINT ( 'NONE',  ( 33.53574678919490282, 22.66280191880111872, 11.38483807721547869 ) ) ;
#5286 = CYLINDRICAL_SURFACE ( 'NONE', #6711, 0.5000000000000004441 ) ;
#5287 = CARTESIAN_POINT ( 'NONE',  ( -48.00000000000001421, 1.575255128479500888, 12.50000000012629897 ) ) ;
#5288 = DIRECTION ( 'NONE',  ( 0.000000000000000000, 0.9961946980917455452, 0.08715574274765836016 ) ) ;
#5289 = ORIENTED_EDGE ( 'NONE', *, *, #2538, .F. ) ;
#5290 = CARTESIAN_POINT ( 'NONE',  ( -16.89476075581975678, 49.04806796974774130, -17.65155479002469363 ) ) ;
#5291 = VERTEX_POINT ( 'NONE', #4640 ) ;
#5292 = VERTEX_POINT ( 'NONE', #2510 ) ;
#5293 = LINE ( 'NONE', #6790, #987 ) ;
#5294 = VERTEX_POINT ( 'NONE', #5210 ) ;
#5295 = ORIENTED_EDGE ( 'NONE', *, *, #5706, .T. ) ;
#5296 = ORIENTED_EDGE ( 'NONE', *, *, #956, .F. ) ;
#5297 = FACE_OUTER_BOUND ( 'NONE', #3360, .T. ) ;
#5298 = EDGE_CURVE ( 'NONE', #6746, #1213, #6787, .T. ) ;
#5299 = DIRECTION ( 'NONE',  ( 1.000000000000000000, -0.000000000000000000, -0.000000000000000000 ) ) ;
#5300 =( BOUNDED_CURVE ( )  B_SPLINE_CURVE ( 3, ( #48, #1687, #4354, #4912 ),
 .UNSPECIFIED., .F., .F. ) 
 B_SPLINE_CURVE_WITH_KNOTS ( ( 4, 4 ),
 ( 5.252138990519473083, 6.163901657094395858 ),
 .UNSPECIFIED. ) 
 CURVE ( )  GEOMETRIC_REPRESENTATION_ITEM ( )  RATIONAL_B_SPLINE_CURVE ( ( 1.000000000000000000, 0.9319155777343937075, 0.9319155777343937075, 1.000000000000000000 ) ) 
 REPRESENTATION_ITEM ( '' )  );
#5301 = CARTESIAN_POINT ( 'NONE',  ( -47.24999999999999289, 4.241255460300299873, 12.75738592688066753 ) ) ;
#5302 = ORIENTED_EDGE ( 'NONE', *, *, #2287, .T. ) ;
#5303 = CARTESIAN_POINT ( 'NONE',  ( -48.00000000000001421, 30.00000000000000000, 12.50000000012629897 ) ) ;
#5304 = ADVANCED_FACE ( 'NONE', ( #6856 ), #4089, .F. ) ;
#5305 = ORIENTED_EDGE ( 'NONE', *, *, #3833, .T. ) ;
#5306 = DIRECTION ( 'NONE',  ( 0.000000000000000000, 0.000000000000000000, -1.000000000000000000 ) ) ;
#5307 = EDGE_LOOP ( 'NONE', ( #2663, #6730 ) ) ;
#5308 = DIRECTION ( 'NONE',  ( -0.000000000000000000, -0.000000000000000000, 1.000000000000000000 ) ) ;
#5309 = ORIENTED_EDGE ( 'NONE', *, *, #3263, .T. ) ;
#5310 = CARTESIAN_POINT ( 'NONE',  ( 30.00000000000000000, 0.000000000000000000, 10.13416177882442959 ) ) ;
#5311 = CARTESIAN_POINT ( 'NONE',  ( -16.75000000000000000, 48.74598190718820945, -17.46679091864885436 ) ) ;
#5312 = LINE ( 'NONE', #5698, #6777 ) ;
#5313 = EDGE_LOOP ( 'NONE', ( #1366, #5755, #2597, #6512, #2549, #2074, #2129, #144, #2555 ) ) ;
#5314 = CARTESIAN_POINT ( 'NONE',  ( 16.85636902488178990, 49.80252796479290112, -15.94276753487737786 ) ) ;
#5315 = DIRECTION ( 'NONE',  ( 0.000000000000000000, -0.000000000000000000, 1.000000000000000000 ) ) ;
#5316 = CARTESIAN_POINT ( 'NONE',  ( -45.80000000000001137, 5.299999999999991829, -6.499999999999997335 ) ) ;
#5317 = ORIENTED_EDGE ( 'NONE', *, *, #5684, .F. ) ;
#5318 = PRESENTATION_STYLE_ASSIGNMENT (( #25 ) ) ;
#5319 = EDGE_LOOP ( 'NONE', ( #5437, #588, #1338, #5156, #3206, #372 ) ) ;
#5320 = DIRECTION ( 'NONE',  ( -1.000000000000000000, -0.000000000000000000, -0.000000000000000000 ) ) ;
#5321 = CARTESIAN_POINT ( 'NONE',  ( -47.24999999999999289, 27.25000000000000000, 13.75000000000000000 ) ) ;
#5322 = DIRECTION ( 'NONE',  ( 0.000000000000000000, -1.000000000000000000, 0.000000000000000000 ) ) ;
#5323 = ORIENTED_EDGE ( 'NONE', *, *, #475, .T. ) ;
#5324 = ORIENTED_EDGE ( 'NONE', *, *, #5111, .T. ) ;
#5325 = CYLINDRICAL_SURFACE ( 'NONE', #6794, 0.5000000000000004441 ) ;
#5326 = EDGE_CURVE ( 'NONE', #6194, #568, #1384, .T. ) ;
#5327 = ORIENTED_EDGE ( 'NONE', *, *, #5027, .T. ) ;
#5328 = ORIENTED_EDGE ( 'NONE', *, *, #6107, .T. ) ;
#5329 = ORIENTED_EDGE ( 'NONE', *, *, #1553, .F. ) ;
#5330 = VECTOR ( 'NONE', #6786, 1000.000000000000114 ) ;
#5331 = CARTESIAN_POINT ( 'NONE',  ( 16.75000000000000000, 2.207106781186560340, -15.91717819007905454 ) ) ;
#5332 = CARTESIAN_POINT ( 'NONE',  ( -18.75000000000002487, 50.47849296233405170, -18.97386853085948388 ) ) ;
#5333 = CARTESIAN_POINT ( 'NONE',  ( -30.00000000000000000, 38.61378996556253185, 10.13416177882442959 ) ) ;
#5334 = CARTESIAN_POINT ( 'NONE',  ( -30.00000000000000000, 80.00000000000000000, 10.13416177882442959 ) ) ;
#5335 = AXIS2_PLACEMENT_3D ( 'NONE', #1829, #1343, #291 ) ;
#5336 = CARTESIAN_POINT ( 'NONE',  ( -17.83335748558245015, 49.43333123712782395, -15.69994974461329207 ) ) ;
#5337 = EDGE_CURVE ( 'NONE', #2557, #3230, #367, .T. ) ;
#5338 = ORIENTED_EDGE ( 'NONE', *, *, #6485, .T. ) ;
#5339 = EDGE_CURVE ( 'NONE', #983, #1365, #5001, .T. ) ;
#5340 = LINE ( 'NONE', #3825, #2784 ) ;
#5341 = ORIENTED_EDGE ( 'NONE', *, *, #6472, .F. ) ;
#5342 = CARTESIAN_POINT ( 'NONE',  ( -50.09383186144250288, 27.86139145492138169, -8.398588602714267992 ) ) ;
#5343 = ORIENTED_EDGE ( 'NONE', *, *, #6566, .T. ) ;
#5344 = CARTESIAN_POINT ( 'NONE',  ( 26.78051639066691791, 25.35587788674563114, 12.06324635909108345 ) ) ;
#5345 = AXIS2_PLACEMENT_3D ( 'NONE', #169, #139, #4442 ) ;
#5346 = CIRCLE ( 'NONE', #1864, 2.250000000000001776 ) ;
#5347 = VERTEX_POINT ( 'NONE', #4056 ) ;
#5348 = CARTESIAN_POINT ( 'NONE',  ( 32.25000000000000000, 48.61378996556253185, -9.000000000000000000 ) ) ;
#5349 =( GEOMETRIC_REPRESENTATION_CONTEXT ( 3 ) GLOBAL_UNCERTAINTY_ASSIGNED_CONTEXT ( ( #6092 ) ) GLOBAL_UNIT_ASSIGNED_CONTEXT ( ( #6298, #1111, #1519 ) ) REPRESENTATION_CONTEXT ( 'NONE', 'WORKASPACE' ) );
#5350 = PLANE ( 'NONE',  #6553 ) ;
#5351 = ORIENTED_EDGE ( 'NONE', *, *, #5701, .T. ) ;
#5352 = AXIS2_PLACEMENT_3D ( 'NONE', #3300, #1572, #4899 ) ;
#5353 = CARTESIAN_POINT ( 'NONE',  ( 30.00000000000000000, 33.50000000000000000, 6.384161778824422484 ) ) ;
#5354 = CARTESIAN_POINT ( 'NONE',  ( -30.00000000000000000, 80.00000000000000000, 10.13416177882442959 ) ) ;
#5355 = AXIS2_PLACEMENT_3D ( 'NONE', #5258, #2512, #3532 ) ;
#5356 = VERTEX_POINT ( 'NONE', #5751 ) ;
#5357 = ORIENTED_EDGE ( 'NONE', *, *, #6357, .F. ) ;
#5358 = CYLINDRICAL_SURFACE ( 'NONE', #4880, 0.5000000000000004441 ) ;
#5359 = ORIENTED_EDGE ( 'NONE', *, *, #1050, .F. ) ;
#5360 = DIRECTION ( 'NONE',  ( 0.000000000000000000, 0.000000000000000000, 1.000000000000000000 ) ) ;
#5361 = ORIENTED_EDGE ( 'NONE', *, *, #6916, .F. ) ;
#5362 = CARTESIAN_POINT ( 'NONE',  ( -50.24999999999999289, 54.98291690783160846, -8.130999415254748897 ) ) ;
#5363 = ORIENTED_EDGE ( 'NONE', *, *, #3557, .T. ) ;
#5364 = CARTESIAN_POINT ( 'NONE',  ( -32.49093654901565031, 51.41908362425802892, -16.59763759786952164 ) ) ;
#5365 = CARTESIAN_POINT ( 'NONE',  ( 17.00000000000000355, 2.664213562373112687, -15.02638837486625611 ) ) ;
#5366 = AXIS2_PLACEMENT_3D ( 'NONE', #494, #950, #6310 ) ;
#5367 = CARTESIAN_POINT ( 'NONE',  ( -47.51988466034621439, 28.62746713546606259, 12.66476657565400821 ) ) ;
#5368 = VERTEX_POINT ( 'NONE', #3072 ) ;
#5369 = ORIENTED_EDGE ( 'NONE', *, *, #3943, .T. ) ;
#5370 = DIRECTION ( 'NONE',  ( -1.000000000000000000, 0.000000000000000000, 0.000000000000000000 ) ) ;
#5371 = EDGE_CURVE ( 'NONE', #2924, #4368, #943, .T. ) ;
#5372 = VERTEX_POINT ( 'NONE', #1458 ) ;
#5373 = VERTEX_POINT ( 'NONE', #3603 ) ;
#5374 = CARTESIAN_POINT ( 'NONE',  ( 25.13915266867851628, 0.000000000000000000, -20.00000000000000000 ) ) ;
#5375 = AXIS2_PLACEMENT_3D ( 'NONE', #4599, #5282, #6325 ) ;
#5376 = LINE ( 'NONE', #4895, #2779 ) ;
#5377 = CARTESIAN_POINT ( 'NONE',  ( 49.74999999999999289, 38.11378996556252474, -8.342308546125103419 ) ) ;
#5378 = DIRECTION ( 'NONE',  ( 0.000000000000000000, 0.000000000000000000, 1.000000000000000000 ) ) ;
#5379 = DIRECTION ( 'NONE',  ( 0.5575062645922724824, 0.7652335285740103910, 0.3218763919372468751 ) ) ;
#5380 = VECTOR ( 'NONE', #4695, 1000.000000000000114 ) ;
#5381 = CIRCLE ( 'NONE', #103, 1.500000000000001332 ) ;
#5382 = ORIENTED_EDGE ( 'NONE', *, *, #6507, .T. ) ;
#5383 = PLANE ( 'NONE',  #5031 ) ;
#5384 = ORIENTED_EDGE ( 'NONE', *, *, #1480, .T. ) ;
#5385 = CARTESIAN_POINT ( 'NONE',  ( 32.62560981508278246, 5.123498447225691699, 12.81809561297495570 ) ) ;
#5386 = ORIENTED_EDGE ( 'NONE', *, *, #2772, .T. ) ;
#5387 = CARTESIAN_POINT ( 'NONE',  ( -25.35046179954888146, 49.68146486959624752, -19.95315389351831925 ) ) ;
#5388 = CIRCLE ( 'NONE', #3354, 1.100000000000000311 ) ;
#5389 = CARTESIAN_POINT ( 'NONE',  ( -16.90152899046288226, 2.261328687023010264, -17.99431719006517838 ) ) ;
#5390 = CARTESIAN_POINT ( 'NONE',  ( -42.12499999999999289, 4.999999999999996447, 16.24999999999999645 ) ) ;
#5391 = ORIENTED_EDGE ( 'NONE', *, *, #5760, .T. ) ;
#5392 = AXIS2_PLACEMENT_3D ( 'NONE', #647, #3231, #1235 ) ;
#5393 = ADVANCED_FACE ( 'NONE', ( #407 ), #848, .F. ) ;
#5394 = ADVANCED_FACE ( 'NONE', ( #3109 ), #4717, .F. ) ;
#5395 = CARTESIAN_POINT ( 'NONE',  ( -10.74999999999998934, 5.299999999999993605, 13.75000000000000000 ) ) ;
#5396 = EDGE_CURVE ( 'NONE', #320, #343, #6681, .T. ) ;
#5397 = CARTESIAN_POINT ( 'NONE',  ( 18.75000000000001776, 0.000000000000000000, -17.97927405783630306 ) ) ;
#5398 = ORIENTED_EDGE ( 'NONE', *, *, #3168, .F. ) ;
#5399 = DIRECTION ( 'NONE',  ( -0.000000000000000000, -1.000000000000000000, -0.000000000000000000 ) ) ;
#5400 = CARTESIAN_POINT ( 'NONE',  ( -11.00000000000000000, 2.800000000000014477, -5.650000000000000355 ) ) ;
#5401 = CARTESIAN_POINT ( 'NONE',  ( -42.12499999999999289, 14.99999999999999645, 16.24999999999999645 ) ) ;
#5402 = CARTESIAN_POINT ( 'NONE',  ( -11.00000000000000355, 0.000000000000000000, -6.026279441628821232 ) ) ;
#5403 = ORIENTED_EDGE ( 'NONE', *, *, #3723, .F. ) ;
#5404 = ORIENTED_EDGE ( 'NONE', *, *, #548, .T. ) ;
#5405 = CARTESIAN_POINT ( 'NONE',  ( -11.00000000000000000, 56.35001310958130460, -6.382352941176472783 ) ) ;
#5406 = ORIENTED_EDGE ( 'NONE', *, *, #810, .T. ) ;
#5407 = ORIENTED_EDGE ( 'NONE', *, *, #392, .F. ) ;
#5408 = LINE ( 'NONE', #6649, #3685 ) ;
#5409 =( BOUNDED_CURVE ( )  B_SPLINE_CURVE ( 3, ( #3052, #2001, #3122, #3154 ),
 .UNSPECIFIED., .F., .F. ) 
 B_SPLINE_CURVE_WITH_KNOTS ( ( 4, 4 ),
 ( 3.141592653589792228, 4.712388980384687898 ),
 .UNSPECIFIED. ) 
 CURVE ( )  GEOMETRIC_REPRESENTATION_ITEM ( )  RATIONAL_B_SPLINE_CURVE ( ( 1.000000000000000000, 0.8047378541243652705, 0.8047378541243652705, 1.000000000000000000 ) ) 
 REPRESENTATION_ITEM ( '' )  );
#5410 = CARTESIAN_POINT ( 'NONE',  ( -50.24999999999999289, 26.50000000000000000, 19.31844958343699048 ) ) ;
#5411 = FACE_OUTER_BOUND ( 'NONE', #3383, .T. ) ;
#5412 = LINE ( 'NONE', #3223, #1406 ) ;
#5413 = EDGE_CURVE ( 'NONE', #4722, #6504, #6456, .T. ) ;
#5414 = CARTESIAN_POINT ( 'NONE',  ( 50.24999999999999289, 23.49999999999999645, 11.25000000000000178 ) ) ;
#5415 = FACE_OUTER_BOUND ( 'NONE', #4850, .T. ) ;
#5416 = VERTEX_POINT ( 'NONE', #5679 ) ;
#5417 = DIRECTION ( 'NONE',  ( -0.000000000000000000, 1.000000000000000000, -0.000000000000000000 ) ) ;
#5418 = ORIENTED_EDGE ( 'NONE', *, *, #2176, .F. ) ;
#5419 = LINE ( 'NONE', #1745, #2232 ) ;
#5420 = FACE_OUTER_BOUND ( 'NONE', #523, .T. ) ;
#5421 = CARTESIAN_POINT ( 'NONE',  ( -10.74999999999998934, 23.49999999999999645, 13.75000000000000000 ) ) ;
#5422 = ORIENTED_EDGE ( 'NONE', *, *, #3469, .F. ) ;
#5423 = EDGE_CURVE ( 'NONE', #6859, #6522, #1490, .T. ) ;
#5424 = EDGE_CURVE ( 'NONE', #1844, #1370, #621, .T. ) ;
#5425 = FACE_BOUND ( 'NONE', #2971, .T. ) ;
#5426 = CARTESIAN_POINT ( 'NONE',  ( -45.80000000000001137, 28.32121426428142641, -6.499999999999997335 ) ) ;
#5427 = EDGE_CURVE ( 'NONE', #492, #320, #4767, .T. ) ;
#5428 = PLANE ( 'NONE',  #6789 ) ;
#5429 = ORIENTED_EDGE ( 'NONE', *, *, #5828, .T. ) ;
#5430 = EDGE_CURVE ( 'NONE', #2384, #1785, #1524, .T. ) ;
#5431 = CARTESIAN_POINT ( 'NONE',  ( 11.00000000000000000, 61.00000000000000711, -6.382352941176472783 ) ) ;
#5432 = ORIENTED_EDGE ( 'NONE', *, *, #2820, .F. ) ;
#5433 = CARTESIAN_POINT ( 'NONE',  ( 29.00591048778999692, 20.99999999999999645, 13.75000000000000178 ) ) ;
#5434 = DIRECTION ( 'NONE',  ( 0.000000000000000000, 0.000000000000000000, 1.000000000000000000 ) ) ;
#5435 = VERTEX_POINT ( 'NONE', #5955 ) ;
#5436 = CARTESIAN_POINT ( 'NONE',  ( -10.74999999999998934, 5.299999999999993605, 17.46368991668739667 ) ) ;
#5437 = ORIENTED_EDGE ( 'NONE', *, *, #4121, .T. ) ;
#5438 = ORIENTED_EDGE ( 'NONE', *, *, #175, .F. ) ;
#5439 = DIRECTION ( 'NONE',  ( -1.000000000000000000, 0.000000000000000000, 0.000000000000000000 ) ) ;
#5440 = CARTESIAN_POINT ( 'NONE',  ( 49.74999999999999289, 25.99999999999999645, 19.27470525167402826 ) ) ;
#5441 = CARTESIAN_POINT ( 'NONE',  ( -18.75000000000002132, 0.000000000000000000, -14.76247765169980042 ) ) ;
#5442 = DIRECTION ( 'NONE',  ( -1.000000000000000000, 0.000000000000000000, 0.000000000000000000 ) ) ;
#5443 = VERTEX_POINT ( 'NONE', #2687 ) ;
#5444 = CARTESIAN_POINT ( 'NONE',  ( -46.90431454990721249, 1.950033298104160595, -5.998038840887872425 ) ) ;
#5445 = CYLINDRICAL_SURFACE ( 'NONE', #6040, 1.100000000000000311 ) ;
#5446 =( BOUNDED_CURVE ( )  B_SPLINE_CURVE ( 3, ( #2298, #5608, #4429, #1837 ),
 .UNSPECIFIED., .F., .F. ) 
 B_SPLINE_CURVE_WITH_KNOTS ( ( 4, 4 ),
 ( 4.712388980384687898, 6.283185307179585344 ),
 .UNSPECIFIED. ) 
 CURVE ( )  GEOMETRIC_REPRESENTATION_ITEM ( )  RATIONAL_B_SPLINE_CURVE ( ( 1.000000000000000000, 0.8047378541243646044, 0.8047378541243646044, 1.000000000000000000 ) ) 
 REPRESENTATION_ITEM ( '' )  );
#5447 = ORIENTED_EDGE ( 'NONE', *, *, #2332, .F. ) ;
#5448 = CARTESIAN_POINT ( 'NONE',  ( 32.19280418107368291, 5.236892562718045596, 13.18211499934079356 ) ) ;
#5449 = EDGE_CURVE ( 'NONE', #5347, #2904, #6473, .T. ) ;
#5450 = CARTESIAN_POINT ( 'NONE',  ( 35.54999999999995453, 5.299999999999993605, 12.51521144287747589 ) ) ;
#5451 = CARTESIAN_POINT ( 'NONE',  ( -20.25000000000000000, 0.000000000000000000, -19.99999999999999289 ) ) ;
#5452 = EDGE_CURVE ( 'NONE', #5372, #6335, #1148, .T. ) ;
#5453 = CIRCLE ( 'NONE', #4637, 1.100000000000000311 ) ;
#5454 = CARTESIAN_POINT ( 'NONE',  ( -10.74999999999998934, 2.799999999999993605, 13.75000000000000000 ) ) ;
#5455 = EDGE_CURVE ( 'NONE', #6404, #277, #6927, .T. ) ;
#5456 = VECTOR ( 'NONE', #2433, 1000.000000000000000 ) ;
#5457 = FACE_OUTER_BOUND ( 'NONE', #3270, .T. ) ;
#5458 = EDGE_CURVE ( 'NONE', #90, #3034, #2638, .T. ) ;
#5459 = STYLED_ITEM ( 'NONE', ( #5318 ), #268 ) ;
#5460 = AXIS2_PLACEMENT_3D ( 'NONE', #356, #5605, #5033 ) ;
#5461 = CARTESIAN_POINT ( 'NONE',  ( 50.04289321881345387, 25.99999999999999645, 19.27470525167403181 ) ) ;
#5462 = AXIS2_PLACEMENT_3D ( 'NONE', #4373, #2767, #4276 ) ;
#5463 = VECTOR ( 'NONE', #160, 1000.000000000000000 ) ;
#5464 = CARTESIAN_POINT ( 'NONE',  ( -20.62499999999999645, 16.49999999999999645, 31.24999999999999645 ) ) ;
#5465 = ORIENTED_EDGE ( 'NONE', *, *, #3599, .F. ) ;
#5466 = CARTESIAN_POINT ( 'NONE',  ( -47.24999999999999289, 27.86931713915967279, -5.840909090825853411 ) ) ;
#5467 = CIRCLE ( 'NONE', #2206, 3.750000000000006661 ) ;
#5468 = CARTESIAN_POINT ( 'NONE',  ( 49.74999999999999289, 20.20710678118654968, -8.023773415721356272 ) ) ;
#5469 = CARTESIAN_POINT ( 'NONE',  ( -19.35262872232986453, 52.20498449339086733, -13.66809754872588201 ) ) ;
#5470 = ORIENTED_EDGE ( 'NONE', *, *, #796, .T. ) ;
#5471 = VECTOR ( 'NONE', #749, 1000.000000000000114 ) ;
#5472 = LINE ( 'NONE', #1628, #4117 ) ;
#5473 = ORIENTED_EDGE ( 'NONE', *, *, #743, .T. ) ;
#5474 = B_SPLINE_CURVE_WITH_KNOTS ( 'NONE', 3,
 ( #4564, #4526, #859, #6668, #1865, #6708 ),
 .UNSPECIFIED., .F., .F.,
 ( 4, 2, 4 ),
 ( 0.000000000000000000, 0.0003306776689363414646, 0.0006613553378726829291 ),
 .UNSPECIFIED. ) ;
#5475 = VERTEX_POINT ( 'NONE', #5365 ) ;
#5476 = DIRECTION ( 'NONE',  ( 0.000000000000000000, 1.000000000000000000, 3.469446951953611033E-15 ) ) ;
#5477 = LINE ( 'NONE', #5508, #3340 ) ;
#5478 = VECTOR ( 'NONE', #5148, 1000.000000000000000 ) ;
#5479 = CARTESIAN_POINT ( 'NONE',  ( -45.80000000000000426, 30.00000000000000000, 13.25499871860576029 ) ) ;
#5480 = CARTESIAN_POINT ( 'NONE',  ( -16.84587646856316923, 49.77615808866047331, -15.80343051628718420 ) ) ;
#5481 = VERTEX_POINT ( 'NONE', #601 ) ;
#5482 = CARTESIAN_POINT ( 'NONE',  ( -47.24999999999999289, 30.00000000000000000, 12.75738592688066753 ) ) ;
#5483 = AXIS2_PLACEMENT_3D ( 'NONE', #6776, #3064, #3031 ) ;
#5484 = DIRECTION ( 'NONE',  ( 1.067522139062650425E-16, 0.000000000000000000, -1.000000000000000000 ) ) ;
#5485 = ORIENTED_EDGE ( 'NONE', *, *, #4946, .F. ) ;
#5486 = CYLINDRICAL_SURFACE ( 'NONE', #4582, 1.749999999999999778 ) ;
#5487 = CARTESIAN_POINT ( 'NONE',  ( -45.80000000000001137, 30.00000000000000000, -6.499999999999997335 ) ) ;
#5488 = LINE ( 'NONE', #688, #4573 ) ;
#5489 = CYLINDRICAL_SURFACE ( 'NONE', #3315, 2.500000000000000444 ) ;
#5490 = AXIS2_PLACEMENT_3D ( 'NONE', #6245, #1961, #4726 ) ;
#5491 = CIRCLE ( 'NONE', #2455, 0.5000000000000017764 ) ;
#5492 = ORIENTED_EDGE ( 'NONE', *, *, #4934, .F. ) ;
#5493 =( BOUNDED_CURVE ( )  B_SPLINE_CURVE ( 3, ( #2249, #1196, #686, #3890 ),
 .UNSPECIFIED., .F., .F. ) 
 B_SPLINE_CURVE_WITH_KNOTS ( ( 4, 4 ),
 ( -8.881784197001252323E-16, 0.3613671239067027807 ),
 .UNSPECIFIED. ) 
 CURVE ( )  GEOMETRIC_REPRESENTATION_ITEM ( )  RATIONAL_B_SPLINE_CURVE ( ( 1.000000000000000000, 0.9891473900925620288, 0.9891473900925620288, 1.000000000000000000 ) ) 
 REPRESENTATION_ITEM ( '' )  );
#5494 = EDGE_CURVE ( 'NONE', #5142, #1770, #3741, .T. ) ;
#5495 = CARTESIAN_POINT ( 'NONE',  ( 16.83491363400480978, 49.71625821657249134, -15.58094356947215786 ) ) ;
#5496 = CIRCLE ( 'NONE', #571, 0.5000000000000025535 ) ;
#5497 = FACE_OUTER_BOUND ( 'NONE', #5186, .T. ) ;
#5498 = DIRECTION ( 'NONE',  ( 0.000000000000000000, 0.000000000000000000, -1.000000000000000000 ) ) ;
#5499 = VECTOR ( 'NONE', #3334, 1000.000000000000000 ) ;
#5500 = EDGE_LOOP ( 'NONE', ( #1052, #4327, #4809, #1373, #6362 ) ) ;
#5501 = CARTESIAN_POINT ( 'NONE',  ( 32.90247232856969362, 21.31822009759018144, 12.51604363021545296 ) ) ;
#5502 = DIRECTION ( 'NONE',  ( -1.000000000000000000, -3.235659366516982696E-16, -3.247448634459770893E-32 ) ) ;
#5503 = EDGE_CURVE ( 'NONE', #1502, #2057, #4894, .T. ) ;
#5504 = VERTEX_POINT ( 'NONE', #5851 ) ;
#5505 = FACE_OUTER_BOUND ( 'NONE', #5546, .T. ) ;
#5506 = ORIENTED_EDGE ( 'NONE', *, *, #5746, .F. ) ;
#5507 = ORIENTED_EDGE ( 'NONE', *, *, #6445, .T. ) ;
#5508 = CARTESIAN_POINT ( 'NONE',  ( -11.00000000000000000, 8.072820388084307908, -6.382352941176472783 ) ) ;
#5509 = CARTESIAN_POINT ( 'NONE',  ( -50.09383186144250288, 3.411391454921364197, -8.398588602714264439 ) ) ;
#5510 = CARTESIAN_POINT ( 'NONE',  ( -45.80000000000001137, 30.00000000000000000, -6.499999999999997335 ) ) ;
#5511 = EDGE_CURVE ( 'NONE', #1059, #3372, #5346, .T. ) ;
#5512 = CARTESIAN_POINT ( 'NONE',  ( -47.24999999999999289, 27.25000000000000000, 12.00000000000000000 ) ) ;
#5513 = VERTEX_POINT ( 'NONE', #5402 ) ;
#5514 = EDGE_CURVE ( 'NONE', #6492, #5628, #4102, .T. ) ;
#5515 = CARTESIAN_POINT ( 'NONE',  ( 50.24999999999999289, 39.11378996556253185, 0.6341617788244185983 ) ) ;
#5516 = ORIENTED_EDGE ( 'NONE', *, *, #1120, .F. ) ;
#5517 = CARTESIAN_POINT ( 'NONE',  ( -45.80000000000001137, 30.00000000000000000, -6.499999999999997335 ) ) ;
#5518 = VERTEX_POINT ( 'NONE', #2614 ) ;
#5519 = DIRECTION ( 'NONE',  ( 1.000000000000000000, -0.000000000000000000, -0.000000000000000000 ) ) ;
#5520 = CARTESIAN_POINT ( 'NONE',  ( 26.46407030484357037, 3.635825388218095977, 11.38431816849061029 ) ) ;
#5521 = CARTESIAN_POINT ( 'NONE',  ( -20.62499999999999645, 23.49999999999999645, 16.25000000000000000 ) ) ;
#5522 = ORIENTED_EDGE ( 'NONE', *, *, #6410, .F. ) ;
#5523 = VERTEX_POINT ( 'NONE', #2757 ) ;
#5524 = DIRECTION ( 'NONE',  ( 0.000000000000000000, 0.000000000000000000, 1.000000000000000000 ) ) ;
#5525 = CARTESIAN_POINT ( 'NONE',  ( 20.25000000000000000, 53.32465150955846411, -12.87026182946934405 ) ) ;
#5526 = FACE_OUTER_BOUND ( 'NONE', #2939, .T. ) ;
#5527 =( BOUNDED_CURVE ( )  B_SPLINE_CURVE ( 3, ( #306, #3880, #6126, #1810 ),
 .UNSPECIFIED., .F., .F. ) 
 B_SPLINE_CURVE_WITH_KNOTS ( ( 4, 4 ),
 ( 2.783293861548883807, 3.141592653589793116 ),
 .UNSPECIFIED. ) 
 CURVE ( )  GEOMETRIC_REPRESENTATION_ITEM ( )  RATIONAL_B_SPLINE_CURVE ( ( 1.000000000000000000, 0.9893304134123932503, 0.9893304134123932503, 1.000000000000000000 ) ) 
 REPRESENTATION_ITEM ( '' )  );
#5528 = CARTESIAN_POINT ( 'NONE',  ( 16.75000000000000711, 2.091337906840813776, -17.58833613528302919 ) ) ;
#5529 = ORIENTED_EDGE ( 'NONE', *, *, #230, .F. ) ;
#5530 = CARTESIAN_POINT ( 'NONE',  ( 17.25000000000000000, 2.252775734606961677, -17.49512996196485304 ) ) ;
#5531 = ORIENTED_EDGE ( 'NONE', *, *, #4225, .T. ) ;
#5532 = DIRECTION ( 'NONE',  ( -1.000000000000000000, 0.000000000000000000, 0.000000000000000000 ) ) ;
#5533 = DIRECTION ( 'NONE',  ( 0.000000000000000000, 1.000000000000000000, -0.000000000000000000 ) ) ;
#5534 = ORIENTED_EDGE ( 'NONE', *, *, #1659, .T. ) ;
#5535 = FACE_OUTER_BOUND ( 'NONE', #2457, .T. ) ;
#5536 = VERTEX_POINT ( 'NONE', #2193 ) ;
#5537 = ORIENTED_EDGE ( 'NONE', *, *, #452, .T. ) ;
#5538 = DIRECTION ( 'NONE',  ( 0.000000000000000000, 0.000000000000000000, 1.000000000000000000 ) ) ;
#5539 = EDGE_CURVE ( 'NONE', #4693, #6862, #1805, .T. ) ;
#5540 = DIRECTION ( 'NONE',  ( -0.7071067811865457964, 0.7071067811865492381, 0.000000000000000000 ) ) ;
#5541 = CARTESIAN_POINT ( 'NONE',  ( 26.53454475212510388, 50.05275728198837015, -19.40100694484124588 ) ) ;
#5542 = ADVANCED_FACE ( 'NONE', ( #1079 ), #4746, .F. ) ;
#5543 = EDGE_LOOP ( 'NONE', ( #3757, #5406, #2834 ) ) ;
#5544 = LINE ( 'NONE', #2413, #5471 ) ;
#5545 = ORIENTED_EDGE ( 'NONE', *, *, #1409, .F. ) ;
#5546 = EDGE_LOOP ( 'NONE', ( #412, #4456, #2982, #4818, #6254, #5772, #6842, #3369, #4980, #1556, #4701, #6538, #2717 ) ) ;
#5547 = VECTOR ( 'NONE', #5399, 1000.000000000000000 ) ;
#5548 = CARTESIAN_POINT ( 'NONE',  ( -25.35046179954888146, 0.000000000000000000, -19.95315389351831925 ) ) ;
#5549 = DIRECTION ( 'NONE',  ( -0.000000000000000000, -1.000000000000000000, 0.000000000000000000 ) ) ;
#5550 = EDGE_CURVE ( 'NONE', #3018, #2145, #839, .T. ) ;
#5551 = LINE ( 'NONE', #1362, #2353 ) ;
#5552 = CARTESIAN_POINT ( 'NONE',  ( -20.24999999999960920, 53.23583426347485670, -13.13570881230422316 ) ) ;
#5553 = EDGE_CURVE ( 'NONE', #4666, #5720, #6332, .T. ) ;
#5554 = CARTESIAN_POINT ( 'NONE',  ( -19.66421356237311713, 0.000000000000000000, -13.48820395745150336 ) ) ;
#5555 = ORIENTED_EDGE ( 'NONE', *, *, #3559, .T. ) ;
#5556 = EDGE_CURVE ( 'NONE', #2082, #954, #414, .T. ) ;
#5557 = ORIENTED_EDGE ( 'NONE', *, *, #4374, .F. ) ;
#5558 = CARTESIAN_POINT ( 'NONE',  ( 50.10355339059326951, 19.85355339059327662, -8.342308546125103419 ) ) ;
#5559 = DIRECTION ( 'NONE',  ( 0.000000000000000000, 0.000000000000000000, -1.000000000000000000 ) ) ;
#5560 = VECTOR ( 'NONE', #4024, 1000.000000000000000 ) ;
#5561 = DIRECTION ( 'NONE',  ( -0.000000000000000000, -1.000000000000000000, -0.000000000000000000 ) ) ;
#5562 = ORIENTED_EDGE ( 'NONE', *, *, #6278, .F. ) ;
#5563 = CARTESIAN_POINT ( 'NONE',  ( 16.75000000000000355, 2.000000000000012434, -17.31737279928379181 ) ) ;
#5564 = ORIENTED_EDGE ( 'NONE', *, *, #1718, .F. ) ;
#5565 = CIRCLE ( 'NONE', #4644, 0.4999999999999988343 ) ;
#5566 = FACE_OUTER_BOUND ( 'NONE', #4816, .T. ) ;
#5567 = AXIS2_PLACEMENT_3D ( 'NONE', #3030, #3555, #905 ) ;
#5568 = CARTESIAN_POINT ( 'NONE',  ( -18.77430610273009748, 52.42312209118962585, -14.80359790620422800 ) ) ;
#5569 = VECTOR ( 'NONE', #6694, 1000.000000000000114 ) ;
#5570 = VECTOR ( 'NONE', #29, 1000.000000000000000 ) ;
#5571 = VERTEX_POINT ( 'NONE', #1593 ) ;
#5572 = CIRCLE ( 'NONE', #1974, 1.750000000000000666 ) ;
#5573 = DIRECTION ( 'NONE',  ( -1.000000000000000000, 0.000000000000000000, 0.000000000000000000 ) ) ;
#5574 = ORIENTED_EDGE ( 'NONE', *, *, #4702, .T. ) ;
#5575 = DIRECTION ( 'NONE',  ( 1.000000000000000000, 0.000000000000000000, 0.000000000000000000 ) ) ;
#5576 = VECTOR ( 'NONE', #2256, 1000.000000000000114 ) ;
#5577 = ORIENTED_EDGE ( 'NONE', *, *, #2863, .T. ) ;
#5578 = EDGE_CURVE ( 'NONE', #6042, #1700, #5923, .T. ) ;
#5579 = FACE_OUTER_BOUND ( 'NONE', #1756, .T. ) ;
#5580 = CARTESIAN_POINT ( 'NONE',  ( 16.75000000000000000, 48.67894786288657372, -17.61054589056345421 ) ) ;
#5581 = DIRECTION ( 'NONE',  ( 1.000000000000000000, -0.000000000000000000, -0.000000000000000000 ) ) ;
#5582 = CIRCLE ( 'NONE', #85, 3.750000000000000000 ) ;
#5583 = CARTESIAN_POINT ( 'NONE',  ( -40.24999999999999289, 11.79999999999999538, -7.500000000000000000 ) ) ;
#5584 = VERTEX_POINT ( 'NONE', #265 ) ;
#5585 = FACE_OUTER_BOUND ( 'NONE', #4891, .T. ) ;
#5586 = CARTESIAN_POINT ( 'NONE',  ( -30.24998047937037526, 53.04338274338799408, -13.47344464504504558 ) ) ;
#5587 = CARTESIAN_POINT ( 'NONE',  ( 16.75000000000000000, 49.45931019261534800, -15.68902234513799776 ) ) ;
#5588 = CARTESIAN_POINT ( 'NONE',  ( -20.25000000000001066, 53.30501045704839669, -13.13312954792736775 ) ) ;
#5589 = DIRECTION ( 'NONE',  ( -0.000000000000000000, -0.000000000000000000, -1.000000000000000000 ) ) ;
#5590 = ORIENTED_EDGE ( 'NONE', *, *, #1558, .T. ) ;
#5591 = ORIENTED_EDGE ( 'NONE', *, *, #1706, .T. ) ;
#5592 = VECTOR ( 'NONE', #735, 1000.000000000000000 ) ;
#5593 = EDGE_CURVE ( 'NONE', #2351, #6857, #6021, .T. ) ;
#5594 = EDGE_LOOP ( 'NONE', ( #6623, #710 ) ) ;
#5595 = CARTESIAN_POINT ( 'NONE',  ( 29.75420234968374089, 0.000000000000000000, -17.89965595046274061 ) ) ;
#5596 = LINE ( 'NONE', #5088, #5715 ) ;
#5597 = VECTOR ( 'NONE', #3306, 1000.000000000000000 ) ;
#5598 = DIRECTION ( 'NONE',  ( -1.000000000000000000, 0.000000000000000000, 0.000000000000000000 ) ) ;
#5599 = EDGE_LOOP ( 'NONE', ( #1529, #1385, #3914, #5131, #4333, #2325, #3075, #5211 ) ) ;
#5600 = ADVANCED_FACE ( 'NONE', ( #4397, #2853, #704 ), #6052, .T. ) ;
#5601 = PRODUCT ( 'Carrage', 'Carrage', '', ( #873 ) ) ;
#5602 = VECTOR ( 'NONE', #3611, 1000.000000000000000 ) ;
#5603 = AXIS2_PLACEMENT_3D ( 'NONE', #3631, #1950, #1381 ) ;
#5604 = EDGE_CURVE ( 'NONE', #1844, #2145, #6571, .T. ) ;
#5605 = DIRECTION ( 'NONE',  ( 0.000000000000000000, 1.000000000000000000, 0.000000000000000000 ) ) ;
#5606 = ORIENTED_EDGE ( 'NONE', *, *, #3694, .F. ) ;
#5607 = VECTOR ( 'NONE', #561, 1000.000000000000114 ) ;
#5608 = CARTESIAN_POINT ( 'NONE',  ( -42.12499999999999289, 14.12132034355963839, 18.23545544407948427 ) ) ;
#5609 = ADVANCED_FACE ( 'NONE', ( #6609, #3318, #6536, #2891 ), #1727, .T. ) ;
#5610 = ORIENTED_EDGE ( 'NONE', *, *, #2596, .T. ) ;
#5611 = DIRECTION ( 'NONE',  ( 1.067522139062650425E-16, -0.000000000000000000, -1.000000000000000000 ) ) ;
#5612 = CIRCLE ( 'NONE', #6604, 0.5000000000000004441 ) ;
#5613 = SPHERICAL_SURFACE ( 'NONE', #1004, 0.5000000000000000000 ) ;
#5614 = LINE ( 'NONE', #1382, #423 ) ;
#5615 = CARTESIAN_POINT ( 'NONE',  ( -50.24999999999997868, 3.867018737186084021, -8.149053333900406315 ) ) ;
#5616 = DIRECTION ( 'NONE',  ( 0.6546536707079765316, 0.6546536707079774198, 0.3779644730092278637 ) ) ;
#5617 = LINE ( 'NONE', #2453, #6463 ) ;
#5618 = ORIENTED_EDGE ( 'NONE', *, *, #1513, .T. ) ;
#5619 = EDGE_LOOP ( 'NONE', ( #6656, #1605, #5361, #918 ) ) ;
#5620 = FACE_OUTER_BOUND ( 'NONE', #6702, .T. ) ;
#5621 = ORIENTED_EDGE ( 'NONE', *, *, #6848, .T. ) ;
#5622 = CARTESIAN_POINT ( 'NONE',  ( -19.74997274698621297, 50.13461876311457388, -19.71130913087033676 ) ) ;
#5623 = ORIENTED_EDGE ( 'NONE', *, *, #843, .T. ) ;
#5624 = CARTESIAN_POINT ( 'NONE',  ( 16.89678119005666446, 49.31797455454809409, -15.08598178257247469 ) ) ;
#5625 = CARTESIAN_POINT ( 'NONE',  ( 30.00000000000000000, 0.000000000000000000, 6.384161778824422484 ) ) ;
#5626 = CARTESIAN_POINT ( 'NONE',  ( 16.88344174985865820, 48.92491690878598831, -17.88887004270043590 ) ) ;
#5627 = ORIENTED_EDGE ( 'NONE', *, *, #2690, .T. ) ;
#5628 = VERTEX_POINT ( 'NONE', #737 ) ;
#5629 = DIRECTION ( 'NONE',  ( 1.067522139062650425E-16, -0.000000000000000000, -1.000000000000000000 ) ) ;
#5630 = CARTESIAN_POINT ( 'NONE',  ( 26.57567759002697727, 24.89740955867149452, 11.66663324225681464 ) ) ;
#5631 = EDGE_CURVE ( 'NONE', #589, #919, #4955, .T. ) ;
#5632 = ORIENTED_EDGE ( 'NONE', *, *, #1675, .F. ) ;
#5633 = EDGE_CURVE ( 'NONE', #2384, #4290, #2928, .T. ) ;
#5634 = CARTESIAN_POINT ( 'NONE',  ( -33.75000000000000000, 48.61378996556253185, -16.03638490568253516 ) ) ;
#5635 = ORIENTED_EDGE ( 'NONE', *, *, #5910, .T. ) ;
#5636 = EDGE_CURVE ( 'NONE', #5435, #6894, #2535, .T. ) ;
#5637 = LINE ( 'NONE', #1374, #762 ) ;
#5638 = EDGE_CURVE ( 'NONE', #2005, #2106, #1249, .T. ) ;
#5639 = CARTESIAN_POINT ( 'NONE',  ( -19.66421356237311713, 0.000000000000000000, -13.48820395745150336 ) ) ;
#5640 = ORIENTED_EDGE ( 'NONE', *, *, #1171, .F. ) ;
#5641 = CARTESIAN_POINT ( 'NONE',  ( -40.62499999999999289, 14.99999999999999645, 16.24999999999999645 ) ) ;
#5642 = ORIENTED_EDGE ( 'NONE', *, *, #2500, .T. ) ;
#5643 = EDGE_CURVE ( 'NONE', #4377, #430, #4365, .T. ) ;
#5644 = CARTESIAN_POINT ( 'NONE',  ( -30.00000000000000000, 38.61378996556253185, 7.884161778824434030 ) ) ;
#5645 = EDGE_CURVE ( 'NONE', #6289, #594, #2337, .T. ) ;
#5646 = CARTESIAN_POINT ( 'NONE',  ( -45.80000000000000426, 0.000000000000000000, 16.24999999999999645 ) ) ;
#5647 = DIRECTION ( 'NONE',  ( 0.4226182617406963327, 0.000000000000000000, -0.9063077870366514910 ) ) ;
#5648 = CARTESIAN_POINT ( 'NONE',  ( 49.74999999999999289, 55.03291721256739777, -8.023773415721354496 ) ) ;
#5649 = VERTEX_POINT ( 'NONE', #4472 ) ;
#5650 = LINE ( 'NONE', #6584, #416 ) ;
#5651 = ORIENTED_EDGE ( 'NONE', *, *, #1638, .T. ) ;
#5652 = EDGE_LOOP ( 'NONE', ( #1575, #6639, #1806, #6540 ) ) ;
#5653 = ORIENTED_EDGE ( 'NONE', *, *, #5396, .T. ) ;
#5654 = PLANE ( 'NONE',  #2979 ) ;
#5655 = FACE_OUTER_BOUND ( 'NONE', #1092, .T. ) ;
#5656 = CARTESIAN_POINT ( 'NONE',  ( 16.75000000000000000, 49.21801668479243830, -15.45940107685450293 ) ) ;
#5657 = DIRECTION ( 'NONE',  ( -1.000000000000000000, -0.000000000000000000, 1.284980352575412699E-16 ) ) ;
#5658 = CARTESIAN_POINT ( 'NONE',  ( 16.75000000000106226, 48.82220598024548508, -17.76819096273112564 ) ) ;
#5659 = ORIENTED_EDGE ( 'NONE', *, *, #6101, .F. ) ;
#5660 = ORIENTED_EDGE ( 'NONE', *, *, #1987, .F. ) ;
#5661 = ORIENTED_EDGE ( 'NONE', *, *, #1256, .F. ) ;
#5662 = DIRECTION ( 'NONE',  ( 0.000000000000000000, 0.000000000000000000, -1.000000000000000000 ) ) ;
#5663 = CARTESIAN_POINT ( 'NONE',  ( 30.00000000000000000, 48.61378996556253185, -59.00000000000000711 ) ) ;
#5664 = CARTESIAN_POINT ( 'NONE',  ( -48.00000000000001421, 26.02525512847950395, 12.50000000012629897 ) ) ;
#5665 = ADVANCED_FACE ( 'NONE', ( #2790 ), #3458, .F. ) ;
#5666 = ORIENTED_EDGE ( 'NONE', *, *, #1860, .T. ) ;
#5667 = AXIS2_PLACEMENT_3D ( 'NONE', #6009, #154, #3343 ) ;
#5668 = DIRECTION ( 'NONE',  ( -1.000000000000000000, 0.000000000000000000, 0.000000000000000000 ) ) ;
#5669 =( BOUNDED_CURVE ( )  B_SPLINE_CURVE ( 3, ( #1130, #1677, #539, #3794 ),
 .UNSPECIFIED., .F., .F. ) 
 B_SPLINE_CURVE_WITH_KNOTS ( ( 4, 4 ),
 ( 5.435123228198100342, 6.283185307179586232 ),
 .UNSPECIFIED. ) 
 CURVE ( )  GEOMETRIC_REPRESENTATION_ITEM ( )  RATIONAL_B_SPLINE_CURVE ( ( 1.000000000000000000, 0.9409585518440977125, 0.9409585518440977125, 1.000000000000000000 ) ) 
 REPRESENTATION_ITEM ( '' )  );
#5670 = CARTESIAN_POINT ( 'NONE',  ( -12.30000000000000426, 30.00000000000000000, -4.033692341718700725 ) ) ;
#5671 = CARTESIAN_POINT ( 'NONE',  ( -50.23857713254562896, 26.18648805501272037, -8.142564255376875337 ) ) ;
#5672 =( NAMED_UNIT ( * ) SI_UNIT ( $, .STERADIAN. ) SOLID_ANGLE_UNIT ( ) );
#5673 = AXIS2_PLACEMENT_3D ( 'NONE', #4350, #6496, #3338 ) ;
#5674 = AXIS2_PLACEMENT_3D ( 'NONE', #3522, #872, #2474 ) ;
#5675 = DIRECTION ( 'NONE',  ( -1.000000000000000000, -0.000000000000000000, -0.000000000000000000 ) ) ;
#5676 = CARTESIAN_POINT ( 'NONE',  ( 20.25000000000000000, 53.17297553488455719, -12.86132486540642539 ) ) ;
#5677 = AXIS2_PLACEMENT_3D ( 'NONE', #6748, #292, #6219 ) ;
#5678 = DIRECTION ( 'NONE',  ( -1.000000000000000000, -0.000000000000000000, -0.000000000000000000 ) ) ;
#5679 = CARTESIAN_POINT ( 'NONE',  ( -32.25000000000000000, 48.61378996556253185, 0.1341617788244223175 ) ) ;
#5680 = AXIS2_PLACEMENT_3D ( 'NONE', #220, #1301, #1750 ) ;
#5681 = ORIENTED_EDGE ( 'NONE', *, *, #2701, .F. ) ;
#5682 = VECTOR ( 'NONE', #2521, 1000.000000000000000 ) ;
#5683 = DIRECTION ( 'NONE',  ( 0.4226182617406972208, 0.000000000000000000, 0.9063077870366511579 ) ) ;
#5684 = EDGE_CURVE ( 'NONE', #3442, #4067, #3944, .T. ) ;
#5685 = VERTEX_POINT ( 'NONE', #2264 ) ;
#5686 = ORIENTED_EDGE ( 'NONE', *, *, #6192, .F. ) ;
#5687 = DIRECTION ( 'NONE',  ( 0.000000000000000000, -1.000000000000000000, 0.000000000000000000 ) ) ;
#5688 = ORIENTED_EDGE ( 'NONE', *, *, #6566, .F. ) ;
#5689 = CARTESIAN_POINT ( 'NONE',  ( -40.24999999999999289, 2.799999999999993605, 14.84999999999999964 ) ) ;
#5690 = LINE ( 'NONE', #1822, #5478 ) ;
#5691 = CARTESIAN_POINT ( 'NONE',  ( -17.00000000000000000, 2.664213562373117572, -18.12361162513370516 ) ) ;
#5692 = DIRECTION ( 'NONE',  ( 0.000000000000000000, -0.4226182617407002184, -0.9063077870366496036 ) ) ;
#5693 = AXIS2_PLACEMENT_3D ( 'NONE', #5132, #6780, #5744 ) ;
#5694 = DIRECTION ( 'NONE',  ( 0.000000000000000000, -1.000000000000000000, -1.204669080539448358E-16 ) ) ;
#5695 = ORIENTED_EDGE ( 'NONE', *, *, #2652, .T. ) ;
#5696 = LINE ( 'NONE', #1368, #687 ) ;
#5697 = CARTESIAN_POINT ( 'NONE',  ( -45.80000000000001137, 1.728785735718572969, -6.499999999999997335 ) ) ;
#5698 = CARTESIAN_POINT ( 'NONE',  ( -17.00000000000000711, 50.00000000000000000, -15.02638837486625079 ) ) ;
#5699 = ORIENTED_EDGE ( 'NONE', *, *, #736, .T. ) ;
#5700 = ORIENTED_EDGE ( 'NONE', *, *, #1094, .F. ) ;
#5701 = EDGE_CURVE ( 'NONE', #5685, #1981, #5446, .T. ) ;
#5702 = AXIS2_PLACEMENT_3D ( 'NONE', #4704, #4187, #476 ) ;
#5703 = DIRECTION ( 'NONE',  ( -0.000000000000000000, -0.000000000000000000, 1.000000000000000000 ) ) ;
#5704 = AXIS2_PLACEMENT_3D ( 'NONE', #4426, #6081, #1279 ) ;
#5705 = CARTESIAN_POINT ( 'NONE',  ( -40.24999999999999289, 27.25000000000000000, 13.75000000000000000 ) ) ;
#5706 = EDGE_CURVE ( 'NONE', #718, #4069, #5906, .T. ) ;
#5707 = EDGE_CURVE ( 'NONE', #6667, #3007, #1696, .T. ) ;
#5708 = VECTOR ( 'NONE', #4349, 1000.000000000000114 ) ;
#5709 = CIRCLE ( 'NONE', #5252, 0.5000000000000004441 ) ;
#5710 = EDGE_CURVE ( 'NONE', #928, #5373, #4058, .T. ) ;
#5711 = ORIENTED_EDGE ( 'NONE', *, *, #4201, .F. ) ;
#5712 = CARTESIAN_POINT ( 'NONE',  ( -40.62499999999999289, 16.49999999999999645, 16.24999999999999645 ) ) ;
#5713 =( BOUNDED_CURVE ( )  B_SPLINE_CURVE ( 3, ( #2517, #532, #3077, #1569 ),
 .UNSPECIFIED., .F., .F. ) 
 B_SPLINE_CURVE_WITH_KNOTS ( ( 4, 4 ),
 ( 0.000000000000000000, 0.7865185630132714989 ),
 .UNSPECIFIED. ) 
 CURVE ( )  GEOMETRIC_REPRESENTATION_ITEM ( )  RATIONAL_B_SPLINE_CURVE ( ( 1.000000000000000000, 0.9491100055796648505, 0.9491100055796648505, 1.000000000000000000 ) ) 
 REPRESENTATION_ITEM ( '' )  );
#5714 = DIRECTION ( 'NONE',  ( 1.000000000000000000, -0.000000000000000000, 0.000000000000000000 ) ) ;
#5715 = VECTOR ( 'NONE', #5023, 1000.000000000000114 ) ;
#5716 = DIRECTION ( 'NONE',  ( 0.000000000000000000, 0.000000000000000000, 1.000000000000000000 ) ) ;
#5717 = DIRECTION ( 'NONE',  ( 0.000000000000000000, 0.000000000000000000, 1.000000000000000000 ) ) ;
#5718 = ORIENTED_EDGE ( 'NONE', *, *, #2077, .T. ) ;
#5719 = DIRECTION ( 'NONE',  ( -0.4226182617406972208, 0.000000000000000000, 0.9063077870366511579 ) ) ;
#5720 = VERTEX_POINT ( 'NONE', #1179 ) ;
#5721 = EDGE_CURVE ( 'NONE', #4300, #2603, #4081, .T. ) ;
#5722 = ORIENTED_EDGE ( 'NONE', *, *, #2858, .T. ) ;
#5723 = PLANE ( 'NONE',  #3434 ) ;
#5724 = CARTESIAN_POINT ( 'NONE',  ( 30.00000000000000000, 5.299999999999991829, 10.13416177882442959 ) ) ;
#5725 = CARTESIAN_POINT ( 'NONE',  ( -25.13915266867853049, 49.68146486959624042, -19.99999999999999289 ) ) ;
#5726 = EDGE_CURVE ( 'NONE', #76, #5215, #4975, .T. ) ;
#5727 = DIRECTION ( 'NONE',  ( -0.000000000000000000, -0.000000000000000000, -1.000000000000000000 ) ) ;
#5728 = EDGE_CURVE ( 'NONE', #3201, #4076, #1141, .T. ) ;
#5729 = LINE ( 'NONE', #1393, #4427 ) ;
#5730 = EDGE_LOOP ( 'NONE', ( #3864, #2094, #5152, #5296 ) ) ;
#5731 = DIRECTION ( 'NONE',  ( -0.000000000000000000, 0.000000000000000000, 1.000000000000000000 ) ) ;
#5732 = EDGE_CURVE ( 'NONE', #5177, #3437, #877, .T. ) ;
#5733 = CARTESIAN_POINT ( 'NONE',  ( -48.00000000000001421, 0.000000000000000000, 12.50000000012629897 ) ) ;
#5734 = ORIENTED_EDGE ( 'NONE', *, *, #3958, .T. ) ;
#5735 = LINE ( 'NONE', #1544, #1674 ) ;
#5736 = FACE_OUTER_BOUND ( 'NONE', #5879, .T. ) ;
#5737 = VECTOR ( 'NONE', #5914, 1000.000000000000000 ) ;
#5738 = LINE ( 'NONE', #933, #865 ) ;
#5739 = ORIENTED_EDGE ( 'NONE', *, *, #3777, .F. ) ;
#5740 = CARTESIAN_POINT ( 'NONE',  ( -49.96130913087034742, 27.53323500596182072, -8.476927309239682629 ) ) ;
#5741 = CARTESIAN_POINT ( 'NONE',  ( -30.00000000000000000, 33.50000000000000000, 10.13416177882442959 ) ) ;
#5742 = CARTESIAN_POINT ( 'NONE',  ( 16.75000000000000000, 49.43833015021221655, -15.98204532008122847 ) ) ;
#5743 = ORIENTED_EDGE ( 'NONE', *, *, #5604, .T. ) ;
#5744 = DIRECTION ( 'NONE',  ( 0.000000000000000000, 0.000000000000000000, -1.000000000000000000 ) ) ;
#5745 = LINE ( 'NONE', #1294, #4996 ) ;
#5746 = EDGE_CURVE ( 'NONE', #4363, #13, #2995, .T. ) ;
#5747 = DIRECTION ( 'NONE',  ( -4.237670183873562790E-16, -0.4226182617407043818, -0.9063077870366477162 ) ) ;
#5748 = ORIENTED_EDGE ( 'NONE', *, *, #5746, .T. ) ;
#5749 = CARTESIAN_POINT ( 'NONE',  ( 49.74999999999999289, 0.000000000000000000, -8.023773415721354496 ) ) ;
#5750 = DIRECTION ( 'NONE',  ( 0.000000000000000000, 0.000000000000000000, 1.000000000000000000 ) ) ;
#5751 = CARTESIAN_POINT ( 'NONE',  ( -20.62499999999999645, 13.49999999999999467, 18.18109695759997635 ) ) ;
#5752 =( BOUNDED_CURVE ( )  B_SPLINE_CURVE ( 3, ( #2608, #5198, #6293, #5776 ),
 .UNSPECIFIED., .F., .F. ) 
 B_SPLINE_CURVE_WITH_KNOTS ( ( 4, 4 ),
 ( 4.712388980384689674, 5.921818183272876901 ),
 .UNSPECIFIED. ) 
 CURVE ( )  GEOMETRIC_REPRESENTATION_ITEM ( )  RATIONAL_B_SPLINE_CURVE ( ( 1.000000000000000000, 0.8817762586720245821, 0.8817762586720245821, 1.000000000000000000 ) ) 
 REPRESENTATION_ITEM ( '' )  );
#5753 = DIRECTION ( 'NONE',  ( -0.4138029443444983246, 0.000000000000000000, -0.9103664774429164330 ) ) ;
#5754 = EDGE_CURVE ( 'NONE', #1027, #5937, #4220, .T. ) ;
#5755 = ORIENTED_EDGE ( 'NONE', *, *, #3099, .T. ) ;
#5756 = VERTEX_POINT ( 'NONE', #1980 ) ;
#5757 = EDGE_CURVE ( 'NONE', #3783, #223, #1198, .T. ) ;
#5758 = DIRECTION ( 'NONE',  ( 0.000000000000000000, -0.000000000000000000, -1.000000000000000000 ) ) ;
#5759 = FACE_OUTER_BOUND ( 'NONE', #1263, .T. ) ;
#5760 = EDGE_CURVE ( 'NONE', #2844, #6919, #5100, .T. ) ;
#5761 = CARTESIAN_POINT ( 'NONE',  ( 28.21455009479553055, 5.282189436988405262, 13.43866106845898400 ) ) ;
#5762 = DIRECTION ( 'NONE',  ( 0.000000000000000000, 1.000000000000000000, 0.000000000000000000 ) ) ;
#5763 = DIRECTION ( 'NONE',  ( -0.8892053820944803011, -0.1933513365602816669, -0.4146432793432952568 ) ) ;
#5764 = VERTEX_POINT ( 'NONE', #4671 ) ;
#5765 = CIRCLE ( 'NONE', #3407, 0.5000000000000025535 ) ;
#5766 = ORIENTED_EDGE ( 'NONE', *, *, #4340, .F. ) ;
#5767 = CARTESIAN_POINT ( 'NONE',  ( 20.25000000000000000, 50.00000000000000000, -19.99999999999999645 ) ) ;
#5768 = DIRECTION ( 'NONE',  ( 0.000000000000000000, -1.000000000000000000, -2.668805347656626185E-16 ) ) ;
#5769 = EDGE_CURVE ( 'NONE', #6079, #456, #6812, .T. ) ;
#5770 = CIRCLE ( 'NONE', #3517, 0.4999999999999998335 ) ;
#5771 = DIRECTION ( 'NONE',  ( -0.000000000000000000, 1.000000000000000000, -0.000000000000000000 ) ) ;
#5772 = ORIENTED_EDGE ( 'NONE', *, *, #5514, .F. ) ;
#5773 = PLANE ( 'NONE',  #506 ) ;
#5774 = ORIENTED_EDGE ( 'NONE', *, *, #2907, .T. ) ;
#5775 = EDGE_CURVE ( 'NONE', #4625, #5756, #401, .T. ) ;
#5776 = CARTESIAN_POINT ( 'NONE',  ( -18.75000000000001776, 0.000000000000000000, -18.38752234830017684 ) ) ;
#5777 = DIRECTION ( 'NONE',  ( 0.000000000000000000, -1.000000000000000000, 0.000000000000000000 ) ) ;
#5778 = LINE ( 'NONE', #5844, #2959 ) ;
#5779 = DIRECTION ( 'NONE',  ( 0.000000000000000000, -0.000000000000000000, 1.000000000000000000 ) ) ;
#5780 = DIRECTION ( 'NONE',  ( -1.000000000000000000, -0.000000000000000000, -0.000000000000000000 ) ) ;
#5781 = CIRCLE ( 'NONE', #6221, 0.5000000000000000000 ) ;
#5782 = VECTOR ( 'NONE', #2326, 1000.000000000000000 ) ;
#5783 = DIRECTION ( 'NONE',  ( 6.938893903907228378E-16, -0.000000000000000000, 1.000000000000000000 ) ) ;
#5784 = ADVANCED_FACE ( 'NONE', ( #969 ), #1349, .F. ) ;
#5785 = ORIENTED_EDGE ( 'NONE', *, *, #3776, .F. ) ;
#5786 = CARTESIAN_POINT ( 'NONE',  ( 30.99408951221001018, 5.299999999999993605, 13.75000000000000000 ) ) ;
#5787 = ORIENTED_EDGE ( 'NONE', *, *, #4538, .F. ) ;
#5788 = AXIS2_PLACEMENT_3D ( 'NONE', #1580, #4285, #1684 ) ;
#5789 = EDGE_LOOP ( 'NONE', ( #232, #761, #1285, #156 ) ) ;
#5790 = DIRECTION ( 'NONE',  ( -1.000000000000000000, 0.000000000000000000, -2.523234146875355308E-15 ) ) ;
#5791 = DIRECTION ( 'NONE',  ( 0.000000000000000000, 0.000000000000000000, -1.000000000000000000 ) ) ;
#5792 = AXIS2_PLACEMENT_3D ( 'NONE', #4047, #6222, #2923 ) ;
#5793 = CYLINDRICAL_SURFACE ( 'NONE', #5490, 0.5000000000000004441 ) ;
#5794 = CIRCLE ( 'NONE', #3876, 0.4999999999999971134 ) ;
#5795 = AXIS2_PLACEMENT_3D ( 'NONE', #3419, #3356, #5573 ) ;
#5796 = CARTESIAN_POINT ( 'NONE',  ( 26.71157906676653226, 49.97743006293766399, -19.31845448816772759 ) ) ;
#5797 = ORIENTED_EDGE ( 'NONE', *, *, #3622, .T. ) ;
#5798 = CARTESIAN_POINT ( 'NONE',  ( 50.24999999999999289, 38.11378996556252474, 19.83261462722317603 ) ) ;
#5799 = VECTOR ( 'NONE', #2048, 1000.000000000000000 ) ;
#5800 = EDGE_LOOP ( 'NONE', ( #2936, #4889, #4911, #3503, #1379, #3333, #3502, #5555, #6796, #1643, #881, #113, #6228, #1783 ) ) ;
#5801 = CARTESIAN_POINT ( 'NONE',  ( -42.12499999999999289, 4.999999999999996447, 31.24999999999999645 ) ) ;
#5802 = DIRECTION ( 'NONE',  ( 0.000000000000000000, 0.000000000000000000, 1.000000000000000000 ) ) ;
#5803 = CARTESIAN_POINT ( 'NONE',  ( 16.89644660940673049, 1.853553390593288830, -15.83262720071617125 ) ) ;
#5804 = ORIENTED_EDGE ( 'NONE', *, *, #5726, .F. ) ;
#5805 = FACE_OUTER_BOUND ( 'NONE', #5789, .T. ) ;
#5806 = AXIS2_PLACEMENT_3D ( 'NONE', #2301, #5575, #237 ) ;
#5807 = VECTOR ( 'NONE', #664, 1000.000000000000000 ) ;
#5808 = CARTESIAN_POINT ( 'NONE',  ( -32.25000000000000000, 48.61378996556253185, -9.000000000000000000 ) ) ;
#5809 = ADVANCED_FACE ( 'NONE', ( #4537 ), #6683, .T. ) ;
#5810 = CARTESIAN_POINT ( 'NONE',  ( -49.74999999999999289, -9.746278703340096352E-16, -0.3658382211755867863 ) ) ;
#5811 = EDGE_CURVE ( 'NONE', #3148, #959, #3873, .T. ) ;
#5812 = VECTOR ( 'NONE', #3556, 1000.000000000000227 ) ;
#5813 = CARTESIAN_POINT ( 'NONE',  ( 33.58014036933801805, 23.49999999999999645, 11.25000000000000178 ) ) ;
#5814 = ORIENTED_EDGE ( 'NONE', *, *, #4555, .F. ) ;
#5815 = DIRECTION ( 'NONE',  ( 1.577021341797097314E-16, 0.000000000000000000, -1.000000000000000000 ) ) ;
#5816 = DIRECTION ( 'NONE',  ( -0.000000000000000000, 1.000000000000000000, -0.000000000000000000 ) ) ;
#5817 = B_SPLINE_CURVE_WITH_KNOTS ( 'NONE', 3,
 ( #5813, #1008, #3139, #5285, #483, #2084, #6363, #3170, #4391, #5501, #2295, #3382, #1723, #3281, #4878, #4466, #1801, #2715 ),
 .UNSPECIFIED., .F., .F.,
 ( 4, 2, 2, 2, 2, 2, 2, 2, 4 ),
 ( 0.01218524771859892143, 0.01282040141255154017, 0.01345555510650415718, 0.01409070880045677591, 0.01472586249440939465, 0.01536101618836201166, 0.01599616988231462866, 0.01663132357626724914, 0.01726647727021986614 ),
 .UNSPECIFIED. ) ;
#5818 = VECTOR ( 'NONE', #6589, 1000.000000000000000 ) ;
#5819 = CIRCLE ( 'NONE', #5130, 1.100000000000000311 ) ;
#5820 = CARTESIAN_POINT ( 'NONE',  ( -40.62499999999999289, 3.499999999999995115, 17.30621032234073553 ) ) ;
#5821 = LINE ( 'NONE', #1925, #6569 ) ;
#5822 = ORIENTED_EDGE ( 'NONE', *, *, #1978, .F. ) ;
#5823 = ORIENTED_EDGE ( 'NONE', *, *, #827, .T. ) ;
#5824 = VECTOR ( 'NONE', #3056, 1000.000000000000000 ) ;
#5825 = ORIENTED_EDGE ( 'NONE', *, *, #4914, .T. ) ;
#5826 = DIRECTION ( 'NONE',  ( 0.000000000000000000, 1.000000000000000000, 0.000000000000000000 ) ) ;
#5827 = CARTESIAN_POINT ( 'NONE',  ( -45.80000000000000426, 2.799999999999993605, 14.84999999999999964 ) ) ;
#5828 = EDGE_CURVE ( 'NONE', #6478, #3624, #302, .T. ) ;
#5829 = DIRECTION ( 'NONE',  ( 0.000000000000000000, 0.000000000000000000, 1.000000000000000000 ) ) ;
#5830 = CARTESIAN_POINT ( 'NONE',  ( -48.00000000000001421, 1.575255128479500888, 12.50000000012629897 ) ) ;
#5831 = VECTOR ( 'NONE', #1904, 1000.000000000000000 ) ;
#5832 = CARTESIAN_POINT ( 'NONE',  ( 19.99999999999999645, 0.000000000000000000, -13.29433756729740601 ) ) ;
#5833 = ORIENTED_EDGE ( 'NONE', *, *, #2405, .T. ) ;
#5834 = CARTESIAN_POINT ( 'NONE',  ( -17.14180581244561807, 2.522407749927499498, -14.94451675087812426 ) ) ;
#5835 = ORIENTED_EDGE ( 'NONE', *, *, #3833, .F. ) ;
#5836 = CARTESIAN_POINT ( 'NONE',  ( 29.00591048778999692, 20.99999999999999645, 13.75000000000000178 ) ) ;
#5837 = CARTESIAN_POINT ( 'NONE',  ( 16.89644660940673049, 1.853553390593288386, -17.31737279928379181 ) ) ;
#5838 = CARTESIAN_POINT ( 'NONE',  ( -50.25000000000001421, 1.666781109747500045, -8.086687281857768639 ) ) ;
#5839 = ORIENTED_EDGE ( 'NONE', *, *, #2267, .T. ) ;
#5840 = CARTESIAN_POINT ( 'NONE',  ( 16.75000000000000000, 49.62603263874967041, -16.06957242794100083 ) ) ;
#5841 = CARTESIAN_POINT ( 'NONE',  ( -48.00000000000001421, 5.299999999999991829, 12.50000000012629897 ) ) ;
#5842 = CARTESIAN_POINT ( 'NONE',  ( -20.99999999999999645, 2.800000000000014477, -6.750000000000000888 ) ) ;
#5843 = ORIENTED_EDGE ( 'NONE', *, *, #1039, .T. ) ;
#5844 = CARTESIAN_POINT ( 'NONE',  ( -45.80000000000001137, 5.299999999999991829, -6.499999999999997335 ) ) ;
#5845 = EDGE_CURVE ( 'NONE', #2102, #2057, #866, .T. ) ;
#5846 = DIRECTION ( 'NONE',  ( -1.000000000000000000, -3.235659366516982696E-16, -3.721561747755456231E-33 ) ) ;
#5847 = VERTEX_POINT ( 'NONE', #6326 ) ;
#5848 = CYLINDRICAL_SURFACE ( 'NONE', #214, 0.5000000000000004441 ) ;
#5849 = EDGE_CURVE ( 'NONE', #2680, #3574, #556, .T. ) ;
#5850 = EDGE_CURVE ( 'NONE', #5513, #1245, #4319, .T. ) ;
#5851 = CARTESIAN_POINT ( 'NONE',  ( -48.00000000000001421, 28.47474487126267917, -5.499999999873696588 ) ) ;
#5852 = EDGE_LOOP ( 'NONE', ( #2036, #6022, #5341, #3062 ) ) ;
#5853 = DIRECTION ( 'NONE',  ( 0.000000000000000000, 0.000000000000000000, 1.000000000000000000 ) ) ;
#5854 = ORIENTED_EDGE ( 'NONE', *, *, #5769, .F. ) ;
#5855 = ORIENTED_EDGE ( 'NONE', *, *, #4392, .T. ) ;
#5856 = ORIENTED_EDGE ( 'NONE', *, *, #810, .F. ) ;
#5857 = CARTESIAN_POINT ( 'NONE',  ( 33.75000000000000711, 49.62315907761040989, -16.03638490568253161 ) ) ;
#5858 = DIRECTION ( 'NONE',  ( 0.000000000000000000, 0.000000000000000000, 1.000000000000000000 ) ) ;
#5859 = DIRECTION ( 'NONE',  ( 0.000000000000000000, 0.000000000000000000, 1.000000000000000000 ) ) ;
#5860 = DIRECTION ( 'NONE',  ( 0.000000000000000000, 1.000000000000000000, -0.000000000000000000 ) ) ;
#5861 = DIRECTION ( 'NONE',  ( -0.9063077870366509359, 0.000000000000000000, -0.4226182617406971653 ) ) ;
#5862 = CYLINDRICAL_SURFACE ( 'NONE', #3102, 0.9999999999999988898 ) ;
#5863 = EDGE_LOOP ( 'NONE', ( #6502, #1937, #2234, #615, #4854, #4563, #3710 ) ) ;
#5864 = CARTESIAN_POINT ( 'NONE',  ( -16.75000000000000000, 2.530587301564435343, -17.69059892314064797 ) ) ;
#5865 = EDGE_CURVE ( 'NONE', #2557, #927, #5283, .T. ) ;
#5866 = CIRCLE ( 'NONE', #3733, 1.100000000000000311 ) ;
#5867 = VERTEX_POINT ( 'NONE', #1517 ) ;
#5868 = FACE_OUTER_BOUND ( 'NONE', #4411, .T. ) ;
#5869 = ORIENTED_EDGE ( 'NONE', *, *, #3348, .F. ) ;
#5870 = CARTESIAN_POINT ( 'NONE',  ( 17.00000000000000000, 48.33917413069173818, -18.12361162513370516 ) ) ;
#5871 = CARTESIAN_POINT ( 'NONE',  ( -20.25000000000000000, 30.00000000000000000, -13.14999999999999503 ) ) ;
#5872 = CARTESIAN_POINT ( 'NONE',  ( -40.62499999999999289, 24.99999999999999645, 31.24999999999999645 ) ) ;
#5873 = ORIENTED_EDGE ( 'NONE', *, *, #262, .F. ) ;
#5874 = FACE_OUTER_BOUND ( 'NONE', #1394, .T. ) ;
#5875 = CARTESIAN_POINT ( 'NONE',  ( -47.24999999999999289, 4.295344013549025064, -5.840909090825853411 ) ) ;
#5876 = EDGE_CURVE ( 'NONE', #4625, #6714, #4289, .T. ) ;
#5877 = LINE ( 'NONE', #6429, #1747 ) ;
#5878 = EDGE_CURVE ( 'NONE', #5937, #1471, #5877, .T. ) ;
#5879 = EDGE_LOOP ( 'NONE', ( #551, #4490, #2921, #4547, #1099, #4271 ) ) ;
#5880 = FACE_OUTER_BOUND ( 'NONE', #617, .T. ) ;
#5881 = ORIENTED_EDGE ( 'NONE', *, *, #2568, .F. ) ;
#5882 = CARTESIAN_POINT ( 'NONE',  ( -11.00000000000000000, 7.661522800566599400, -5.598039215686273273 ) ) ;
#5883 = ORIENTED_EDGE ( 'NONE', *, *, #5178, .F. ) ;
#5884 = CARTESIAN_POINT ( 'NONE',  ( 33.58014036933801805, 23.49999999999999645, 11.25000000000000178 ) ) ;
#5885 = CARTESIAN_POINT ( 'NONE',  ( -46.90431454990721960, 26.40003329810416943, -5.998038840887870649 ) ) ;
#5886 = CARTESIAN_POINT ( 'NONE',  ( -47.24999999999999289, 28.69125546030030804, 12.75738592688066753 ) ) ;
#5887 = ORIENTED_EDGE ( 'NONE', *, *, #3714, .T. ) ;
#5888 = CARTESIAN_POINT ( 'NONE',  ( -19.29821541160244180, 50.25624216134088584, -19.45048691167813004 ) ) ;
#5889 = ORIENTED_EDGE ( 'NONE', *, *, #1607, .T. ) ;
#5890 = ORIENTED_EDGE ( 'NONE', *, *, #6421, .T. ) ;
#5891 = VECTOR ( 'NONE', #5581, 1000.000000000000000 ) ;
#5892 = CARTESIAN_POINT ( 'NONE',  ( 20.25000000000000000, 0.000000000000000000, -12.86132486540518549 ) ) ;
#5893 = DIRECTION ( 'NONE',  ( -0.000000000000000000, -1.000000000000000000, -0.000000000000000000 ) ) ;
#5894 = DIRECTION ( 'NONE',  ( 0.4226182617406963327, -0.000000000000000000, 0.9063077870366514910 ) ) ;
#5895 = LINE ( 'NONE', #1091, #6899 ) ;
#5896 = ADVANCED_FACE ( 'NONE', ( #4739 ), #2711, .F. ) ;
#5897 = AXIS2_PLACEMENT_3D ( 'NONE', #256, #1868, #4006 ) ;
#5898 = EDGE_LOOP ( 'NONE', ( #4759, #1367, #1255, #1859 ) ) ;
#5899 = CARTESIAN_POINT ( 'NONE',  ( -45.80000000000000426, 0.000000000000000000, 16.24999999999999645 ) ) ;
#5900 = ORIENTED_EDGE ( 'NONE', *, *, #2863, .F. ) ;
#5901 = DIRECTION ( 'NONE',  ( 0.000000000000000000, 0.000000000000000000, -1.000000000000000000 ) ) ;
#5902 = VERTEX_POINT ( 'NONE', #6918 ) ;
#5903 = LINE ( 'NONE', #3271, #5499 ) ;
#5904 = CARTESIAN_POINT ( 'NONE',  ( 49.74999999999999289, 58.60387103943878628, -0.3658382211755791258 ) ) ;
#5905 = VECTOR ( 'NONE', #4208, 1000.000000000000000 ) ;
#5906 = CIRCLE ( 'NONE', #766, 0.5000000000000004441 ) ;
#5907 = DIRECTION ( 'NONE',  ( 0.000000000000000000, 0.000000000000000000, 1.000000000000000000 ) ) ;
#5908 = VECTOR ( 'NONE', #752, 1000.000000000000000 ) ;
#5909 = DIRECTION ( 'NONE',  ( 0.000000000000000000, 0.000000000000000000, -1.000000000000000000 ) ) ;
#5910 = EDGE_CURVE ( 'NONE', #3175, #2357, #3547, .T. ) ;
#5911 = ORIENTED_EDGE ( 'NONE', *, *, #2166, .F. ) ;
#5912 = VECTOR ( 'NONE', #3039, 1000.000000000000000 ) ;
#5913 = VECTOR ( 'NONE', #1129, 1000.000000000000114 ) ;
#5914 = DIRECTION ( 'NONE',  ( -0.000000000000000000, -1.000000000000000000, -0.000000000000000000 ) ) ;
#5915 = ADVANCED_FACE ( 'NONE', ( #4320 ), #6465, .F. ) ;
#5916 = DIRECTION ( 'NONE',  ( 0.000000000000000000, 0.000000000000000000, -1.000000000000000000 ) ) ;
#5917 = VERTEX_POINT ( 'NONE', #3807 ) ;
#5918 = VECTOR ( 'NONE', #841, 1000.000000000000000 ) ;
#5919 = DIRECTION ( 'NONE',  ( 0.000000000000000000, 0.000000000000000000, 1.000000000000000000 ) ) ;
#5920 = AXIS2_PLACEMENT_3D ( 'NONE', #5749, #6300, #403 ) ;
#5921 = ORIENTED_EDGE ( 'NONE', *, *, #4770, .T. ) ;
#5922 = ADVANCED_FACE ( 'NONE', ( #6361 ), #1554, .T. ) ;
#5923 = LINE ( 'NONE', #1116, #1520 ) ;
#5924 = AXIS2_PLACEMENT_3D ( 'NONE', #5705, #906, #4122 ) ;
#5925 = VERTEX_POINT ( 'NONE', #443 ) ;
#5926 = CYLINDRICAL_SURFACE ( 'NONE', #778, 3.750000000000006661 ) ;
#5927 = ORIENTED_EDGE ( 'NONE', *, *, #1753, .T. ) ;
#5928 = VERTEX_POINT ( 'NONE', #2580 ) ;
#5929 = CARTESIAN_POINT ( 'NONE',  ( -20.62499999999999645, 6.499999999999998224, 16.24999999999999645 ) ) ;
#5930 = AXIS2_PLACEMENT_3D ( 'NONE', #779, #263, #6753 ) ;
#5931 = DIRECTION ( 'NONE',  ( 0.000000000000000000, 1.221878638832869587E-16, -1.000000000000000000 ) ) ;
#5932 = DIRECTION ( 'NONE',  ( 0.000000000000000000, 0.000000000000000000, -1.000000000000000000 ) ) ;
#5933 = PLANE ( 'NONE',  #3203 ) ;
#5934 = DIRECTION ( 'NONE',  ( 0.5575062645922739257, -0.7652335285740091697, -0.3218763919372478743 ) ) ;
#5935 = AXIS2_PLACEMENT_3D ( 'NONE', #4492, #6630, #283 ) ;
#5936 = DIRECTION ( 'NONE',  ( -0.4999999999999952816, 0.000000000000000000, -0.8660254037844413721 ) ) ;
#5937 = VERTEX_POINT ( 'NONE', #1143 ) ;
#5938 = CARTESIAN_POINT ( 'NONE',  ( 31.87437735449698906, 5.275809714976784193, 13.38763969390839215 ) ) ;
#5939 = LINE ( 'NONE', #649, #5263 ) ;
#5940 = VECTOR ( 'NONE', #5768, 1000.000000000000000 ) ;
#5941 = CARTESIAN_POINT ( 'NONE',  ( -26.25000000000000000, 48.61378996556253185, -59.00000000000000711 ) ) ;
#5942 = EDGE_CURVE ( 'NONE', #5925, #695, #4002, .T. ) ;
#5943 = CARTESIAN_POINT ( 'NONE',  ( -48.00000000000001421, 27.25000000000000000, 13.75000000000000000 ) ) ;
#5944 = EDGE_CURVE ( 'NONE', #1502, #1742, #3167, .T. ) ;
#5945 = AXIS2_PLACEMENT_3D ( 'NONE', #114, #4834, #2704 ) ;
#5946 = CARTESIAN_POINT ( 'NONE',  ( -17.00000000000000000, 48.33917413069173108, -18.12361162513370516 ) ) ;
#5947 = EDGE_CURVE ( 'NONE', #863, #1791, #1619, .T. ) ;
#5948 = CARTESIAN_POINT ( 'NONE',  ( -26.75017591195673816, 50.48492421963779719, -18.96007665506401452 ) ) ;
#5949 = DIRECTION ( 'NONE',  ( 0.000000000000000000, -1.221878638832869587E-16, 1.000000000000000000 ) ) ;
#5950 = ORIENTED_EDGE ( 'NONE', *, *, #728, .F. ) ;
#5951 = CARTESIAN_POINT ( 'NONE',  ( 16.89644660940673049, 1.853553390593287720, -17.23282180992091028 ) ) ;
#5952 = EDGE_CURVE ( 'NONE', #2978, #2106, #3245, .T. ) ;
#5953 = VERTEX_POINT ( 'NONE', #4190 ) ;
#5954 = CARTESIAN_POINT ( 'NONE',  ( -32.64867785764667474, 51.26840963821098995, -16.54993985475756091 ) ) ;
#5955 = CARTESIAN_POINT ( 'NONE',  ( -49.74999999999999289, 55.48607110608568149, -8.235082546591709018 ) ) ;
#5956 = ORIENTED_EDGE ( 'NONE', *, *, #4013, .T. ) ;
#5957 = DIRECTION ( 'NONE',  ( 0.000000000000000000, 0.000000000000000000, 1.000000000000000000 ) ) ;
#5958 = ADVANCED_FACE ( 'NONE', ( #2679 ), #5358, .T. ) ;
#5959 = ORIENTED_EDGE ( 'NONE', *, *, #4008, .T. ) ;
#5960 = ORIENTED_EDGE ( 'NONE', *, *, #6318, .T. ) ;
#5961 = EDGE_CURVE ( 'NONE', #4090, #597, #1586, .T. ) ;
#5962 = DIRECTION ( 'NONE',  ( 6.938893903907222067E-15, 1.000000000000000000, 0.000000000000000000 ) ) ;
#5963 = CARTESIAN_POINT ( 'NONE',  ( -16.75000000000000000, 48.72759525983288142, -17.50224882417892758 ) ) ;
#5964 = CYLINDRICAL_SURFACE ( 'NONE', #389, 1.500000000000001332 ) ;
#5965 = ADVANCED_FACE ( 'NONE', ( #2153 ), #3380, .F. ) ;
#5966 = CARTESIAN_POINT ( 'NONE',  ( -48.00000000000001421, 30.00000000000000000, 12.50000000012629897 ) ) ;
#5967 = DIRECTION ( 'NONE',  ( -0.000000000000000000, 0.000000000000000000, 1.000000000000000000 ) ) ;
#5968 = EDGE_CURVE ( 'NONE', #6657, #3329, #4462, .T. ) ;
#5969 = ADVANCED_FACE ( 'NONE', ( #2747 ), #658, .F. ) ;
#5970 = ADVANCED_FACE ( 'NONE', ( #6110, #4389 ), #5428, .T. ) ;
#5971 = PLANE ( 'NONE',  #1330 ) ;
#5972 = VERTEX_POINT ( 'NONE', #6603 ) ;
#5973 = CARTESIAN_POINT ( 'NONE',  ( 33.55020500501721159, 3.500753261044069031, 11.34257375452617289 ) ) ;
#5974 = FACE_OUTER_BOUND ( 'NONE', #3278, .T. ) ;
#5975 =( BOUNDED_CURVE ( )  B_SPLINE_CURVE ( 3, ( #2963, #2930, #238, #1733 ),
 .UNSPECIFIED., .F., .F. ) 
 B_SPLINE_CURVE_WITH_KNOTS ( ( 4, 4 ),
 ( 2.168404344971010347E-16, 0.3613671239067177132 ),
 .UNSPECIFIED. ) 
 CURVE ( )  GEOMETRIC_REPRESENTATION_ITEM ( )  RATIONAL_B_SPLINE_CURVE ( ( 1.000000000000000000, 0.9891473900925613627, 0.9891473900925613627, 1.000000000000000000 ) ) 
 REPRESENTATION_ITEM ( '' )  );
#5976 = ADVANCED_FACE ( 'NONE', ( #3310 ), #1689, .F. ) ;
#5977 = CARTESIAN_POINT ( 'NONE',  ( 16.83491363385197914, 49.78769395083590155, -15.75077590435260433 ) ) ;
#5978 = CARTESIAN_POINT ( 'NONE',  ( -47.77545598432833884, 28.57891499690170889, -5.602065461555531201 ) ) ;
#5979 = CARTESIAN_POINT ( 'NONE',  ( -13.25000000000000533, 23.49999999999999645, 13.75000000000000000 ) ) ;
#5980 = ORIENTED_EDGE ( 'NONE', *, *, #2365, .T. ) ;
#5981 = LINE ( 'NONE', #126, #1165 ) ;
#5982 = EDGE_CURVE ( 'NONE', #3329, #6622, #1172, .T. ) ;
#5983 = ORIENTED_EDGE ( 'NONE', *, *, #1493, .F. ) ;
#5984 = ORIENTED_EDGE ( 'NONE', *, *, #3163, .F. ) ;
#5985 = DIRECTION ( 'NONE',  ( 0.000000000000000000, 0.9063077870366511579, -0.4226182617406972208 ) ) ;
#5986 = DIRECTION ( 'NONE',  ( 1.000000000000000000, -0.000000000000000000, -0.000000000000000000 ) ) ;
#5987 = VERTEX_POINT ( 'NONE', #4357 ) ;
#5988 = CARTESIAN_POINT ( 'NONE',  ( -50.24999999999999289, 27.25000000000000000, 13.75000000000000000 ) ) ;
#5989 = ORIENTED_EDGE ( 'NONE', *, *, #576, .F. ) ;
#5990 = VERTEX_POINT ( 'NONE', #4420 ) ;
#5991 = FACE_BOUND ( 'NONE', #6277, .T. ) ;
#5992 = CARTESIAN_POINT ( 'NONE',  ( -12.30000000000000604, 30.00000000000000000, 11.03369234197131377 ) ) ;
#5993 = DIRECTION ( 'NONE',  ( -0.000000000000000000, -1.000000000000000000, -1.221878638832870573E-16 ) ) ;
#5994 = DIRECTION ( 'NONE',  ( 0.000000000000000000, -1.000000000000000000, -0.000000000000000000 ) ) ;
#5995 = EDGE_CURVE ( 'NONE', #6131, #430, #5114, .T. ) ;
#5996 = ORIENTED_EDGE ( 'NONE', *, *, #648, .F. ) ;
#5997 = CARTESIAN_POINT ( 'NONE',  ( -16.75000000000000355, 49.37004312373184689, -16.12848732094940374 ) ) ;
#5998 = CARTESIAN_POINT ( 'NONE',  ( -50.24999999999999289, 20.99999999999999645, 18.83726193404440963 ) ) ;
#5999 = VERTEX_POINT ( 'NONE', #626 ) ;
#6000 = CARTESIAN_POINT ( 'NONE',  ( 32.34616011990024020, 5.208023631501530915, 13.06551989733309682 ) ) ;
#6001 = DIRECTION ( 'NONE',  ( -1.000000000000000000, 2.775557561562888827E-14, 0.000000000000000000 ) ) ;
#6002 = CARTESIAN_POINT ( 'NONE',  ( -20.03251289353957176, 53.29315021303315092, -13.28159586322825625 ) ) ;
#6003 = VECTOR ( 'NONE', #2024, 1000.000000000000000 ) ;
#6004 = PLANE ( 'NONE',  #4217 ) ;
#6005 = VECTOR ( 'NONE', #1276, 1000.000000000000000 ) ;
#6006 = AXIS2_PLACEMENT_3D ( 'NONE', #1482, #3629, #334 ) ;
#6007 = CARTESIAN_POINT ( 'NONE',  ( 55.00000000000000000, 70.11378996556253185, 0.1341617788244223175 ) ) ;
#6008 = EDGE_CURVE ( 'NONE', #5443, #5199, #1202, .T. ) ;
#6009 = CARTESIAN_POINT ( 'NONE',  ( 11.00000000000000000, -5.500000000000007994, 3.499999999999999556 ) ) ;
#6010 =( BOUNDED_CURVE ( )  B_SPLINE_CURVE ( 3, ( #4287, #2289, #6499, #5946 ),
 .UNSPECIFIED., .F., .F. ) 
 B_SPLINE_CURVE_WITH_KNOTS ( ( 4, 4 ),
 ( 5.421010862427540905E-16, 0.7924790164897357325 ),
 .UNSPECIFIED. ) 
 CURVE ( )  GEOMETRIC_REPRESENTATION_ITEM ( )  RATIONAL_B_SPLINE_CURVE ( ( 1.000000000000000000, 0.9483459216837160088, 0.9483459216837160088, 1.000000000000000000 ) ) 
 REPRESENTATION_ITEM ( '' )  );
#6011 = CIRCLE ( 'NONE', #6343, 2.250000000000001776 ) ;
#6012 = AXIS2_PLACEMENT_3D ( 'NONE', #2293, #694, #3971 ) ;
#6013 = DIRECTION ( 'NONE',  ( 1.000000000000000000, -0.000000000000000000, 0.000000000000000000 ) ) ;
#6014 = ORIENTED_EDGE ( 'NONE', *, *, #3714, .F. ) ;
#6015 = CARTESIAN_POINT ( 'NONE',  ( -13.30000000000000426, 50.00000000000000000, -8.000000000000001776 ) ) ;
#6016 = VECTOR ( 'NONE', #1676, 1000.000000000000000 ) ;
#6017 = EDGE_CURVE ( 'NONE', #6919, #3636, #2222, .T. ) ;
#6018 = ORIENTED_EDGE ( 'NONE', *, *, #1164, .F. ) ;
#6019 = CARTESIAN_POINT ( 'NONE',  ( -18.75000000000002487, 52.36057177814831931, -14.93773748540136381 ) ) ;
#6020 = EDGE_CURVE ( 'NONE', #6894, #5867, #191, .T. ) ;
#6021 = LINE ( 'NONE', #4505, #5463 ) ;
#6022 = ORIENTED_EDGE ( 'NONE', *, *, #2532, .T. ) ;
#6023 = CIRCLE ( 'NONE', #6356, 2.499999999999998668 ) ;
#6024 = FACE_OUTER_BOUND ( 'NONE', #4159, .T. ) ;
#6025 = ORIENTED_EDGE ( 'NONE', *, *, #2030, .T. ) ;
#6026 = ORIENTED_EDGE ( 'NONE', *, *, #2475, .F. ) ;
#6027 = DIRECTION ( 'NONE',  ( 1.000000000000000000, -0.000000000000000000, -0.000000000000000000 ) ) ;
#6028 = DIRECTION ( 'NONE',  ( -1.000000000000000000, 0.000000000000000000, -0.000000000000000000 ) ) ;
#6029 = AXIS2_PLACEMENT_3D ( 'NONE', #3357, #6084, #4539 ) ;
#6030 = DIRECTION ( 'NONE',  ( 0.000000000000000000, 0.000000000000000000, -1.000000000000000000 ) ) ;
#6031 = DIRECTION ( 'NONE',  ( -0.4138029443444983246, 0.000000000000000000, -0.9103664774429164330 ) ) ;
#6032 = CARTESIAN_POINT ( 'NONE',  ( 20.00572918846630444, 53.12836261634382140, -13.29120471938730041 ) ) ;
#6033 = AXIS2_PLACEMENT_3D ( 'NONE', #4266, #3705, #6402 ) ;
#6034 = DIRECTION ( 'NONE',  ( -1.000000000000000000, -0.000000000000000000, -0.000000000000000000 ) ) ;
#6035 = CARTESIAN_POINT ( 'NONE',  ( 33.46794629782139907, 4.027209723541806063, 11.56359655867004399 ) ) ;
#6036 = ORIENTED_EDGE ( 'NONE', *, *, #5968, .T. ) ;
#6037 = CARTESIAN_POINT ( 'NONE',  ( -49.74999999999999289, 38.11378996556252474, 19.83261462722317603 ) ) ;
#6038 = FACE_OUTER_BOUND ( 'NONE', #4681, .T. ) ;
#6039 = CARTESIAN_POINT ( 'NONE',  ( 16.75000000000000000, 48.52877229879405263, -17.69059892305237369 ) ) ;
#6040 = AXIS2_PLACEMENT_3D ( 'NONE', #2807, #3331, #2173 ) ;
#6041 = CIRCLE ( 'NONE', #1662, 0.5000000000000004441 ) ;
#6042 = VERTEX_POINT ( 'NONE', #2330 ) ;
#6043 = DIRECTION ( 'NONE',  ( -1.000000000000000000, 0.000000000000000000, 0.000000000000000000 ) ) ;
#6044 = CARTESIAN_POINT ( 'NONE',  ( -45.80000000000001137, 27.25000000000000000, -6.750000000000000888 ) ) ;
#6045 = CARTESIAN_POINT ( 'NONE',  ( -47.24999999999999289, 28.74534401354902968, -5.840909090825853411 ) ) ;
#6046 = CARTESIAN_POINT ( 'NONE',  ( 16.75000000000000000, 2.044058782202147206, -17.50644628898430000 ) ) ;
#6047 = AXIS2_PLACEMENT_3D ( 'NONE', #3477, #4031, #2973 ) ;
#6048 = ORIENTED_EDGE ( 'NONE', *, *, #2376, .F. ) ;
#6049 = EDGE_CURVE ( 'NONE', #2321, #1700, #2540, .T. ) ;
#6050 = DIRECTION ( 'NONE',  ( 0.000000000000000000, 0.9961946980917455452, 0.08715574274765836016 ) ) ;
#6051 = CYLINDRICAL_SURFACE ( 'NONE', #5704, 1.000000000000000666 ) ;
#6052 = PLANE ( 'NONE',  #6783 ) ;
#6053 = ORIENTED_EDGE ( 'NONE', *, *, #1300, .F. ) ;
#6054 = CARTESIAN_POINT ( 'NONE',  ( -45.80000000000001137, 0.000000000000000000, -6.499999999999997335 ) ) ;
#6055 = EDGE_CURVE ( 'NONE', #3686, #927, #4434, .T. ) ;
#6056 = ORIENTED_EDGE ( 'NONE', *, *, #2956, .T. ) ;
#6057 = VERTEX_POINT ( 'NONE', #3863 ) ;
#6058 = CARTESIAN_POINT ( 'NONE',  ( -49.91182958586006890, 27.34493335730928365, -8.499999999999998224 ) ) ;
#6059 = ADVANCED_FACE ( 'NONE', ( #1209 ), #6162, .T. ) ;
#6060 = LINE ( 'NONE', #2347, #1428 ) ;
#6061 = DIRECTION ( 'NONE',  ( 1.000000000000000000, 0.000000000000000000, 0.000000000000000000 ) ) ;
#6062 = DIRECTION ( 'NONE',  ( 0.000000000000000000, 0.000000000000000000, 1.000000000000000000 ) ) ;
#6063 = ORIENTED_EDGE ( 'NONE', *, *, #5944, .F. ) ;
#6064 = ORIENTED_EDGE ( 'NONE', *, *, #6433, .F. ) ;
#6065 = CARTESIAN_POINT ( 'NONE',  ( 32.47655153687021112, 25.87604660181219174, 12.95744600293267901 ) ) ;
#6066 = ORIENTED_EDGE ( 'NONE', *, *, #58, .F. ) ;
#6067 = CARTESIAN_POINT ( 'NONE',  ( 16.75000000000000355, 2.000000000000015099, -15.83262720071617835 ) ) ;
#6068 = ORIENTED_EDGE ( 'NONE', *, *, #1444, .F. ) ;
#6069 = CARTESIAN_POINT ( 'NONE',  ( -45.80000000000000426, 11.79999999999999538, 16.24999999999999645 ) ) ;
#6070 = CARTESIAN_POINT ( 'NONE',  ( 26.49221341374760996, 3.834315436227703433, 11.46453241101150411 ) ) ;
#6071 = DIRECTION ( 'NONE',  ( 0.000000000000000000, 0.000000000000000000, -1.000000000000000000 ) ) ;
#6072 = ADVANCED_FACE ( 'NONE', ( #3082 ), #3584, .T. ) ;
#6073 = CARTESIAN_POINT ( 'NONE',  ( 30.24999999999993960, 0.000000000000000000, 6.392504392050477158 ) ) ;
#6074 = CARTESIAN_POINT ( 'NONE',  ( -16.75000000000000355, 48.97576449542425081, -15.17072594216365822 ) ) ;
#6075 = CARTESIAN_POINT ( 'NONE',  ( -40.62499999999999289, 13.49999999999999467, 31.24999999999999645 ) ) ;
#6076 = DIRECTION ( 'NONE',  ( -1.387778780781442205E-14, 1.000000000000000000, 6.471318733033917074E-15 ) ) ;
#6077 = EDGE_LOOP ( 'NONE', ( #981, #2819, #2093, #1173 ) ) ;
#6078 = CARTESIAN_POINT ( 'NONE',  ( -13.30000000000000249, 30.00000000000000000, 16.25000000000000000 ) ) ;
#6079 = VERTEX_POINT ( 'NONE', #464 ) ;
#6080 = EDGE_CURVE ( 'NONE', #294, #4268, #4658, .T. ) ;
#6081 = DIRECTION ( 'NONE',  ( 0.6546536707079768647, -0.6546536707079768647, -0.3779644730092280858 ) ) ;
#6082 = DIRECTION ( 'NONE',  ( -0.000000000000000000, -1.000000000000000000, -0.000000000000000000 ) ) ;
#6083 = VERTEX_POINT ( 'NONE', #5227 ) ;
#6084 = DIRECTION ( 'NONE',  ( -1.000000000000000000, 0.000000000000000000, 0.000000000000000000 ) ) ;
#6085 = ORIENTED_EDGE ( 'NONE', *, *, #4008, .F. ) ;
#6086 = EDGE_LOOP ( 'NONE', ( #2783, #1282, #1862 ) ) ;
#6087 = CARTESIAN_POINT ( 'NONE',  ( -50.24999999999999289, 0.000000000000000000, -8.023773415721354496 ) ) ;
#6088 = CARTESIAN_POINT ( 'NONE',  ( 19.75000000000000000, 50.00000000000000000, -12.86132486540518549 ) ) ;
#6089 = FACE_OUTER_BOUND ( 'NONE', #5863, .T. ) ;
#6090 = EDGE_LOOP ( 'NONE', ( #4224, #6217, #4005, #4146 ) ) ;
#6092 = UNCERTAINTY_MEASURE_WITH_UNIT (LENGTH_MEASURE( 1.000000000000000082E-05 ), #6298, 'distance_accuracy_value', 'NONE');
#6091 = DIRECTION ( 'NONE',  ( 0.000000000000000000, 0.000000000000000000, -1.000000000000000000 ) ) ;
#6093 = ORIENTED_EDGE ( 'NONE', *, *, #2714, .F. ) ;
#6094 = CARTESIAN_POINT ( 'NONE',  ( 33.58014036933801805, 23.71249501351444877, 11.25000000000000178 ) ) ;
#6095 = CARTESIAN_POINT ( 'NONE',  ( 16.94277646576659890, 2.454393937052354868, -15.05942639775989100 ) ) ;
#6096 = EDGE_LOOP ( 'NONE', ( #5635, #3838, #5011, #3625 ) ) ;
#6097 = DIRECTION ( 'NONE',  ( -1.000000000000000000, -0.000000000000000000, -0.000000000000000000 ) ) ;
#6098 = EDGE_CURVE ( 'NONE', #589, #323, #807, .T. ) ;
#6099 = DIRECTION ( 'NONE',  ( 0.000000000000000000, -1.000000000000000000, 0.000000000000000000 ) ) ;
#6100 = CARTESIAN_POINT ( 'NONE',  ( -18.75000000000002132, 0.000000000000000000, -15.17072594216365999 ) ) ;
#6101 = EDGE_CURVE ( 'NONE', #164, #5628, #926, .T. ) ;
#6102 = ORIENTED_EDGE ( 'NONE', *, *, #4471, .T. ) ;
#6103 = DIRECTION ( 'NONE',  ( -1.000000000000000000, -0.000000000000000000, -0.000000000000000000 ) ) ;
#6104 = CARTESIAN_POINT ( 'NONE',  ( -16.87203552699077846, 1.969302379850037754, -15.49120662035812046 ) ) ;
#6105 = AXIS2_PLACEMENT_3D ( 'NONE', #37, #5894, #610 ) ;
#6106 =( BOUNDED_CURVE ( )  B_SPLINE_CURVE ( 3, ( #3185, #2138, #5444, #4277 ),
 .UNSPECIFIED., .F., .F. ) 
 B_SPLINE_CURVE_WITH_KNOTS ( ( 4, 4 ),
 ( 4.941665183598671796, 5.685155169930430574 ),
 .UNSPECIFIED. ) 
 CURVE ( )  GEOMETRIC_REPRESENTATION_ITEM ( )  RATIONAL_B_SPLINE_CURVE ( ( 1.000000000000000000, 0.9544632733335071118, 0.9544632733335071118, 1.000000000000000000 ) ) 
 REPRESENTATION_ITEM ( '' )  );
#6107 = EDGE_CURVE ( 'NONE', #1770, #823, #2920, .T. ) ;
#6108 = CYLINDRICAL_SURFACE ( 'NONE', #967, 2.250000000000001776 ) ;
#6109 = ORIENTED_EDGE ( 'NONE', *, *, #3417, .T. ) ;
#6110 = FACE_BOUND ( 'NONE', #5307, .T. ) ;
#6111 = ORIENTED_EDGE ( 'NONE', *, *, #576, .T. ) ;
#6112 = AXIS2_PLACEMENT_3D ( 'NONE', #3411, #729, #2881 ) ;
#6113 = DIRECTION ( 'NONE',  ( 0.000000000000000000, 0.000000000000000000, 1.000000000000000000 ) ) ;
#6114 = VERTEX_POINT ( 'NONE', #5832 ) ;
#6115 = CIRCLE ( 'NONE', #5567, 0.5000000000000004441 ) ;
#6116 = CARTESIAN_POINT ( 'NONE',  ( -11.00000000000000000, 8.072820388084309684, -6.382352941176472783 ) ) ;
#6117 = CIRCLE ( 'NONE', #650, 1.500000000000001332 ) ;
#6118 = AXIS2_PLACEMENT_3D ( 'NONE', #5641, #359, #395 ) ;
#6119 = ORIENTED_EDGE ( 'NONE', *, *, #3367, .T. ) ;
#6120 = VECTOR ( 'NONE', #2727, 1000.000000000000000 ) ;
#6121 = DIRECTION ( 'NONE',  ( 1.000000000000000000, -0.000000000000000000, -0.000000000000000000 ) ) ;
#6122 = ORIENTED_EDGE ( 'NONE', *, *, #1137, .T. ) ;
#6123 = FACE_BOUND ( 'NONE', #4990, .T. ) ;
#6124 = VECTOR ( 'NONE', #3791, 1000.000000000000000 ) ;
#6125 = B_SPLINE_CURVE_WITH_KNOTS ( 'NONE', 3,
 ( #1679, #6550, #684, #3827, #5938, #5448, #6000, #5385, #2279, #1743, #3888, #2175, #4281, #4346, #6035, #1609, #5973, #1193 ),
 .UNSPECIFIED., .F., .F.,
 ( 4, 2, 2, 2, 2, 2, 2, 2, 4 ),
 ( 0.007096274946061508285, 0.007668284241448686603, 0.008240293536835864921, 0.008812302832223041504, 0.009384312127610219822, 0.009956321422997398141, 0.01052833071838457646, 0.01110034001377175478, 0.01167234930915893136 ),
 .UNSPECIFIED. ) ;
#6126 = CARTESIAN_POINT ( 'NONE',  ( -26.25000000000000355, 49.06407594935587468, -19.53369234184500414 ) ) ;
#6127 = CARTESIAN_POINT ( 'NONE',  ( -16.75000000000000355, 2.324048244565379395, -15.53142243047525817 ) ) ;
#6128 = DIRECTION ( 'NONE',  ( -0.000000000000000000, -1.000000000000000000, -0.000000000000000000 ) ) ;
#6129 = AXIS2_PLACEMENT_3D ( 'NONE', #6174, #3956, #6091 ) ;
#6130 = CARTESIAN_POINT ( 'NONE',  ( -16.87306685337724588, 49.78429189412211286, -16.02138534285494487 ) ) ;
#6131 = VERTEX_POINT ( 'NONE', #6674 ) ;
#6132 = DIRECTION ( 'NONE',  ( -1.000000000000000000, 0.000000000000000000, 0.000000000000000000 ) ) ;
#6133 = VERTEX_POINT ( 'NONE', #6835 ) ;
#6134 = EDGE_CURVE ( 'NONE', #1577, #3018, #1796, .T. ) ;
#6135 = CARTESIAN_POINT ( 'NONE',  ( -50.24999999999999289, 38.11378996556252474, 19.83261462722317603 ) ) ;
#6136 = ORIENTED_EDGE ( 'NONE', *, *, #5944, .T. ) ;
#6137 = CARTESIAN_POINT ( 'NONE',  ( 16.75000000000000355, 2.021984390411441623, -15.67152653095674530 ) ) ;
#6138 = CIRCLE ( 'NONE', #92, 1.100000000000000311 ) ;
#6139 = LINE ( 'NONE', #5015, #2461 ) ;
#6140 = EDGE_CURVE ( 'NONE', #3066, #4308, #3660, .T. ) ;
#6141 = DIRECTION ( 'NONE',  ( 0.000000000000000000, 0.000000000000000000, 1.000000000000000000 ) ) ;
#6142 = CARTESIAN_POINT ( 'NONE',  ( 16.89644660940673049, 49.06641009821610311, -17.61620903801392757 ) ) ;
#6143 = ORIENTED_EDGE ( 'NONE', *, *, #6182, .F. ) ;
#6144 = AXIS2_PLACEMENT_3D ( 'NONE', #5354, #6396, #1583 ) ;
#6145 = EDGE_LOOP ( 'NONE', ( #2901, #1626, #3288, #4215, #6264, #4272 ) ) ;
#6146 = VERTEX_POINT ( 'NONE', #2398 ) ;
#6147 = EDGE_CURVE ( 'NONE', #277, #4096, #5409, .T. ) ;
#6148 = ORIENTED_EDGE ( 'NONE', *, *, #4738, .T. ) ;
#6149 = DIRECTION ( 'NONE',  ( -0.000000000000000000, 1.000000000000000000, -2.668805347656626185E-16 ) ) ;
#6150 = VERTEX_POINT ( 'NONE', #4106 ) ;
#6151 = DIRECTION ( 'NONE',  ( 0.000000000000000000, -0.08715574274765895690, 0.9961946980917455452 ) ) ;
#6152 = ADVANCED_FACE ( 'NONE', ( #5184 ), #381, .T. ) ;
#6153 = VECTOR ( 'NONE', #1646, 1000.000000000000000 ) ;
#6154 = VECTOR ( 'NONE', #3141, 1000.000000000000000 ) ;
#6155 = ORIENTED_EDGE ( 'NONE', *, *, #4532, .T. ) ;
#6156 = CARTESIAN_POINT ( 'NONE',  ( 19.14552194114330419, 52.84584087544666886, -14.83295919124044993 ) ) ;
#6157 = VERTEX_POINT ( 'NONE', #6346 ) ;
#6158 = EDGE_LOOP ( 'NONE', ( #6888, #5109, #854, #5465 ) ) ;
#6159 = VECTOR ( 'NONE', #2984, 1000.000000000000000 ) ;
#6160 = EDGE_CURVE ( 'NONE', #6194, #4082, #2645, .T. ) ;
#6161 = LINE ( 'NONE', #231, #4544 ) ;
#6162 =( BOUNDED_SURFACE ( )  B_SPLINE_SURFACE ( 3, 2, ( 
 ( #1830, #5563, #3344 ),
 ( #1755, #5028, #3903 ),
 ( #730, #6046, #4500 ),
 ( #1244, #5528, #4989 ) ),
 .UNSPECIFIED., .F., .F., .F. ) 
 B_SPLINE_SURFACE_WITH_KNOTS ( ( 4, 4 ),
 ( 3, 3 ),
 ( 5.921818183272868907, 6.283185307179586232 ),
 ( 0.000000000000000000, 1.000000000000000000 ),
 .UNSPECIFIED. ) 
 GEOMETRIC_REPRESENTATION_ITEM ( )  RATIONAL_B_SPLINE_SURFACE ( (
 ( 1.000000000000000000, 0.9238795325112859613, 1.000000000000000000),
 ( 1.000000000000000000, 0.9325945991803384905, 1.000000000000000000),
 ( 1.000000000000000000, 0.9370012337030840799, 1.000000000000000000),
 ( 1.000000000000000000, 0.9369975843134425997, 1.000000000000000000) ) ) 
 REPRESENTATION_ITEM ( '' )  SURFACE ( )  );
#6163 = CARTESIAN_POINT ( 'NONE',  ( -45.80000000000000426, 30.00000000000000000, 13.25499871860576029 ) ) ;
#6164 = AXIS2_PLACEMENT_3D ( 'NONE', #2871, #2940, #6204 ) ;
#6165 = DIRECTION ( 'NONE',  ( 0.000000000000000000, 0.000000000000000000, 1.000000000000000000 ) ) ;
#6166 = EDGE_LOOP ( 'NONE', ( #1585, #1339, #5117, #4836 ) ) ;
#6167 = CARTESIAN_POINT ( 'NONE',  ( 30.99408951221000663, 20.99999999999999645, 13.75000000000000000 ) ) ;
#6168 = VECTOR ( 'NONE', #4519, 1000.000000000000000 ) ;
#6169 = CARTESIAN_POINT ( 'NONE',  ( -40.62499999999999289, 3.499999999999995115, 16.24999999999999645 ) ) ;
#6170 = CARTESIAN_POINT ( 'NONE',  ( -17.00000000000000000, 48.33917413069173108, -18.12361162513370516 ) ) ;
#6171 = CYLINDRICAL_SURFACE ( 'NONE', #1073, 3.750000000000006661 ) ;
#6172 = LINE ( 'NONE', #6619, #5569 ) ;
#6173 = VERTEX_POINT ( 'NONE', #1539 ) ;
#6174 = CARTESIAN_POINT ( 'NONE',  ( 16.75000000000000000, 50.00000000000000000, -17.97927405783630306 ) ) ;
#6175 = VERTEX_POINT ( 'NONE', #2623 ) ;
#6176 = CYLINDRICAL_SURFACE ( 'NONE', #1561, 1.750000000000000666 ) ;
#6177 = CARTESIAN_POINT ( 'NONE',  ( -50.24999999999999289, 58.60387103943875076, -0.3658382211755796254 ) ) ;
#6178 = EDGE_CURVE ( 'NONE', #1785, #4618, #2595, .T. ) ;
#6179 = CARTESIAN_POINT ( 'NONE',  ( 49.74999999999999289, 38.61378996556253185, 0.1341617788244184595 ) ) ;
#6180 = PLANE ( 'NONE',  #2976 ) ;
#6181 = EDGE_CURVE ( 'NONE', #4740, #6335, #4728, .T. ) ;
#6182 = EDGE_CURVE ( 'NONE', #6157, #670, #5467, .T. ) ;
#6183 = ORIENTED_EDGE ( 'NONE', *, *, #3267, .F. ) ;
#6184 = PLANE ( 'NONE',  #3023 ) ;
#6185 = LINE ( 'NONE', #4112, #6159 ) ;
#6186 = FACE_OUTER_BOUND ( 'NONE', #4071, .T. ) ;
#6187 = CARTESIAN_POINT ( 'NONE',  ( -13.30000000000000249, 2.049834435136906219, 11.50000000012630608 ) ) ;
#6188 = CARTESIAN_POINT ( 'NONE',  ( -48.00000000000001421, 0.000000000000000000, 12.50000000012629897 ) ) ;
#6189 = ORIENTED_EDGE ( 'NONE', *, *, #3948, .T. ) ;
#6190 = CARTESIAN_POINT ( 'NONE',  ( -16.89644660940673049, 1.853553390593289718, -15.83262720071616414 ) ) ;
#6191 = CARTESIAN_POINT ( 'NONE',  ( -13.30000000000000071, 30.00000000000000000, -4.499999999873693923 ) ) ;
#6192 = EDGE_CURVE ( 'NONE', #2924, #3124, #4448, .T. ) ;
#6193 = CARTESIAN_POINT ( 'NONE',  ( -42.12499999999999289, 24.99999999999999645, 19.18721658814810738 ) ) ;
#6194 = VERTEX_POINT ( 'NONE', #4244 ) ;
#6195 =( BOUNDED_CURVE ( )  B_SPLINE_CURVE ( 3, ( #502, #1475, #3689, #3086 ),
 .UNSPECIFIED., .F., .F. ) 
 B_SPLINE_CURVE_WITH_KNOTS ( ( 4, 4 ),
 ( 1.637512475205106899, 3.458626867578530995 ),
 .UNSPECIFIED. ) 
 CURVE ( )  GEOMETRIC_REPRESENTATION_ITEM ( )  RATIONAL_B_SPLINE_CURVE ( ( 1.000000000000000000, 0.7422038305095630673, 0.7422038305095630673, 1.000000000000000000 ) ) 
 REPRESENTATION_ITEM ( '' )  );
#6196 = FACE_OUTER_BOUND ( 'NONE', #3928, .T. ) ;
#6197 = CARTESIAN_POINT ( 'NONE',  ( -16.75000000000000711, 2.091337906840810668, -15.56166386471694096 ) ) ;
#6198 = ADVANCED_FACE ( 'NONE', ( #6383 ), #1157, .T. ) ;
#6199 = LINE ( 'NONE', #5137, #2970 ) ;
#6200 = DIRECTION ( 'NONE',  ( 0.8892053820944793019, 0.1933513365602846923, 0.4146432793432963115 ) ) ;
#6201 = ORIENTED_EDGE ( 'NONE', *, *, #1979, .T. ) ;
#6202 = EDGE_LOOP ( 'NONE', ( #1485, #3979, #4729, #6643, #760 ) ) ;
#6203 = ORIENTED_EDGE ( 'NONE', *, *, #1909, .T. ) ;
#6204 = DIRECTION ( 'NONE',  ( 0.4226182617406972208, 0.000000000000000000, 0.9063077870366511579 ) ) ;
#6205 = VECTOR ( 'NONE', #698, 1000.000000000000000 ) ;
#6206 = CARTESIAN_POINT ( 'NONE',  ( 33.75000000000000711, 48.61378996556253185, -16.03638490568253516 ) ) ;
#6207 = FACE_OUTER_BOUND ( 'NONE', #6166, .T. ) ;
#6208 = EDGE_CURVE ( 'NONE', #3608, #1594, #2274, .T. ) ;
#6209 = CARTESIAN_POINT ( 'NONE',  ( -30.00000000000000000, 33.50000000000000000, 10.13416177882442959 ) ) ;
#6210 = ORIENTED_EDGE ( 'NONE', *, *, #6049, .T. ) ;
#6211 = VECTOR ( 'NONE', #3095, 1000.000000000000000 ) ;
#6212 = CIRCLE ( 'NONE', #3750, 1.100000000000000311 ) ;
#6213 = CARTESIAN_POINT ( 'NONE',  ( 16.75000000000000000, 49.22403645647278836, -15.45940107675847663 ) ) ;
#6214 = DIRECTION ( 'NONE',  ( 1.000000000000000000, -0.000000000000000000, 0.000000000000000000 ) ) ;
#6215 = ORIENTED_EDGE ( 'NONE', *, *, #5961, .F. ) ;
#6216 = CYLINDRICAL_SURFACE ( 'NONE', #4470, 0.4999999999999987232 ) ;
#6217 = ORIENTED_EDGE ( 'NONE', *, *, #3404, .F. ) ;
#6218 = CARTESIAN_POINT ( 'NONE',  ( -47.24999999999999289, 30.00000000000000000, 12.75738592688066753 ) ) ;
#6219 = DIRECTION ( 'NONE',  ( 0.000000000000000000, 0.000000000000000000, 1.000000000000000000 ) ) ;
#6220 = EDGE_LOOP ( 'NONE', ( #4609, #1538 ) ) ;
#6221 = AXIS2_PLACEMENT_3D ( 'NONE', #4372, #3953, #6030 ) ;
#6222 = DIRECTION ( 'NONE',  ( -0.7071067811865475727, -0.7071067811865475727, -0.000000000000000000 ) ) ;
#6223 = ADVANCED_FACE ( 'NONE', ( #71 ), #4797, .F. ) ;
#6224 = DIRECTION ( 'NONE',  ( 1.095614826903587419E-15, -0.000000000000000000, 1.000000000000000000 ) ) ;
#6225 = EDGE_CURVE ( 'NONE', #1924, #430, #6106, .T. ) ;
#6226 = CIRCLE ( 'NONE', #5897, 1.100000000000000311 ) ;
#6227 = CARTESIAN_POINT ( 'NONE',  ( -49.96130913087034742, 26.96676499403817928, -8.476927309239682629 ) ) ;
#6228 = ORIENTED_EDGE ( 'NONE', *, *, #2260, .F. ) ;
#6229 = VECTOR ( 'NONE', #3823, 1000.000000000000000 ) ;
#6230 = DIRECTION ( 'NONE',  ( 0.000000000000000000, 0.000000000000000000, -1.000000000000000000 ) ) ;
#6231 = LINE ( 'NONE', #2998, #6915 ) ;
#6232 = EDGE_CURVE ( 'NONE', #5523, #1042, #1412, .T. ) ;
#6233 = CARTESIAN_POINT ( 'NONE',  ( -49.74999999999999289, 38.11378996556252474, 19.83261462722317603 ) ) ;
#6234 = DIRECTION ( 'NONE',  ( -0.000000000000000000, 1.000000000000000000, 0.000000000000000000 ) ) ;
#6235 =( BOUNDED_SURFACE ( )  B_SPLINE_SURFACE ( 3, 2, ( 
 ( #5587, #755, #2422 ),
 ( #6588, #345, #282 ),
 ( #5656, #2974, #5624 ),
 ( #5081, #4553, #6703 ) ),
 .UNSPECIFIED., .F., .F., .F. ) 
 B_SPLINE_SURFACE_WITH_KNOTS ( ( 4, 4 ),
 ( 3, 3 ),
 ( -1.776356839400250465E-15, 0.9244367792738286127 ),
 ( 0.000000000000000000, 1.000000000000000000 ),
 .UNSPECIFIED. ) 
 GEOMETRIC_REPRESENTATION_ITEM ( )  RATIONAL_B_SPLINE_SURFACE ( (
 ( 1.000000000000000000, 0.9566014666490902929, 1.000000000000000000),
 ( 1.000000000000000000, 0.9567567070263827134, 1.000000000000000000),
 ( 1.000000000000000000, 0.9251355064640673920, 1.000000000000000000),
 ( 1.000000000000000000, 0.8660254037844367092, 1.000000000000000000) ) ) 
 REPRESENTATION_ITEM ( '' )  SURFACE ( )  );
#6236 = AXIS2_PLACEMENT_3D ( 'NONE', #2479, #2550, #6824 ) ;
#6237 = ORIENTED_EDGE ( 'NONE', *, *, #1712, .F. ) ;
#6238 = AXIS2_PLACEMENT_3D ( 'NONE', #4210, #1433, #6283 ) ;
#6239 = CARTESIAN_POINT ( 'NONE',  ( -16.89644660940672338, 1.853553390593294159, -17.31737279928379536 ) ) ;
#6240 = ORIENTED_EDGE ( 'NONE', *, *, #3618, .T. ) ;
#6241 = FACE_OUTER_BOUND ( 'NONE', #465, .T. ) ;
#6242 = CARTESIAN_POINT ( 'NONE',  ( -16.75000000000000355, 2.000000000000009770, -15.83262720071616769 ) ) ;
#6243 = FACE_OUTER_BOUND ( 'NONE', #1678, .T. ) ;
#6244 = CIRCLE ( 'NONE', #1206, 1.749999999999999778 ) ;
#6245 = CARTESIAN_POINT ( 'NONE',  ( 11.00000000000000000, 8.072820388084307908, -5.882352941176471894 ) ) ;
#6246 = PLANE ( 'NONE',  #3988 ) ;
#6247 = CARTESIAN_POINT ( 'NONE',  ( -20.24999999999999645, 53.32465150955844990, -12.87026182946933872 ) ) ;
#6248 = ORIENTED_EDGE ( 'NONE', *, *, #2980, .T. ) ;
#6249 = CARTESIAN_POINT ( 'NONE',  ( -50.24999999999999289, 11.79999999999999538, 14.49999999999999822 ) ) ;
#6250 = ORIENTED_EDGE ( 'NONE', *, *, #3462, .T. ) ;
#6251 = CARTESIAN_POINT ( 'NONE',  ( -47.24999999999999289, 26.63068286084032366, -5.840909090825854300 ) ) ;
#6252 = ORIENTED_EDGE ( 'NONE', *, *, #6472, .T. ) ;
#6253 = CARTESIAN_POINT ( 'NONE',  ( -49.74999999999999289, -2.156744977080025549, 16.30939934561735072 ) ) ;
#6254 = ORIENTED_EDGE ( 'NONE', *, *, #6101, .T. ) ;
#6255 = CARTESIAN_POINT ( 'NONE',  ( 16.84587646856316567, 49.77615808866048042, -15.80343051628718598 ) ) ;
#6256 = VECTOR ( 'NONE', #3496, 1000.000000000000114 ) ;
#6257 = ORIENTED_EDGE ( 'NONE', *, *, #5593, .F. ) ;
#6258 = DIRECTION ( 'NONE',  ( 0.8082470628736669882, 0.5888435151685806890, 0.000000000000000000 ) ) ;
#6259 = CARTESIAN_POINT ( 'NONE',  ( -16.75000000000000000, 48.33917413069173108, -17.69059892324148819 ) ) ;
#6260 = EDGE_CURVE ( 'NONE', #3904, #6791, #3754, .T. ) ;
#6261 = DIRECTION ( 'NONE',  ( -0.000000000000000000, -0.4226182617406967212, -0.9063077870366512689 ) ) ;
#6262 = VECTOR ( 'NONE', #12, 1000.000000000000000 ) ;
#6263 = CIRCLE ( 'NONE', #2785, 0.5000000000000004441 ) ;
#6264 = ORIENTED_EDGE ( 'NONE', *, *, #3943, .F. ) ;
#6265 = CARTESIAN_POINT ( 'NONE',  ( 16.84587646856316567, 49.77615808866048042, -15.80343051628718598 ) ) ;
#6266 = CARTESIAN_POINT ( 'NONE',  ( -19.00133477213648447, 52.73474181783858228, -14.13532724583828148 ) ) ;
#6267 = CARTESIAN_POINT ( 'NONE',  ( -47.52415550576401415, 4.219583922175907276, -5.716292951826470237 ) ) ;
#6268 = DIRECTION ( 'NONE',  ( 1.067522139062650425E-16, 0.000000000000000000, -1.000000000000000000 ) ) ;
#6269 = VECTOR ( 'NONE', #6910, 1000.000000000000000 ) ;
#6270 = CARTESIAN_POINT ( 'NONE',  ( 19.99999999999999645, 53.19420745836175257, -13.29433756729740601 ) ) ;
#6271 = DIRECTION ( 'NONE',  ( -1.000000000000000000, 0.000000000000000000, -2.523234146875355308E-15 ) ) ;
#6272 = DIRECTION ( 'NONE',  ( -0.8434047161365285650, 0.2270638230356114562, 0.4869399398972258930 ) ) ;
#6273 = ORIENTED_EDGE ( 'NONE', *, *, #6147, .F. ) ;
#6274 = FACE_OUTER_BOUND ( 'NONE', #2199, .T. ) ;
#6275 = VECTOR ( 'NONE', #6149, 1000.000000000000000 ) ;
#6276 = VERTEX_POINT ( 'NONE', #2245 ) ;
#6277 = EDGE_LOOP ( 'NONE', ( #3809, #6314, #1283, #557, #408 ) ) ;
#6278 = EDGE_CURVE ( 'NONE', #217, #5475, #3226, .T. ) ;
#6279 = ADVANCED_FACE ( 'NONE', ( #6415 ), #3330, .T. ) ;
#6280 = DIRECTION ( 'NONE',  ( -1.000000000000000000, 0.000000000000000000, 0.000000000000000000 ) ) ;
#6281 = LINE ( 'NONE', #3540, #5602 ) ;
#6282 = CARTESIAN_POINT ( 'NONE',  ( -13.25000000000000533, 0.000000000000000000, 0.000000000000000000 ) ) ;
#6283 = DIRECTION ( 'NONE',  ( -1.577021341797096821E-15, 0.000000000000000000, -1.000000000000000000 ) ) ;
#6284 = EDGE_LOOP ( 'NONE', ( #2761, #5534, #479, #5557 ) ) ;
#6285 = CARTESIAN_POINT ( 'NONE',  ( -13.25000000000000533, 2.799999999999993605, 13.75000000000000000 ) ) ;
#6286 = VERTEX_POINT ( 'NONE', #5899 ) ;
#6287 = CARTESIAN_POINT ( 'NONE',  ( 28.60198323943370369, 21.00175487430491117, 13.62022482744151652 ) ) ;
#6288 = DIRECTION ( 'NONE',  ( 0.000000000000000000, -1.000000000000000000, 0.000000000000000000 ) ) ;
#6289 = VERTEX_POINT ( 'NONE', #39 ) ;
#6290 = CARTESIAN_POINT ( 'NONE',  ( -33.75000000000000000, 41.11378996556253185, -16.03638490568253872 ) ) ;
#6291 = ORIENTED_EDGE ( 'NONE', *, *, #846, .F. ) ;
#6292 = CARTESIAN_POINT ( 'NONE',  ( 16.75000000000000000, 2.664213562373111799, -17.69059892324149175 ) ) ;
#6293 = CARTESIAN_POINT ( 'NONE',  ( -18.75000000000002487, 0.000000000000000000, -18.85179710104630502 ) ) ;
#6294 = EDGE_CURVE ( 'NONE', #5003, #2851, #871, .T. ) ;
#6295 = VERTEX_POINT ( 'NONE', #5414 ) ;
#6296 = DIRECTION ( 'NONE',  ( -1.000000000000000000, -0.000000000000000000, 1.284980352575412699E-16 ) ) ;
#6297 = ORIENTED_EDGE ( 'NONE', *, *, #4384, .T. ) ;
#6298 =( LENGTH_UNIT ( ) NAMED_UNIT ( * ) SI_UNIT ( .MILLI., .METRE. ) );
#6299 = DIRECTION ( 'NONE',  ( 0.000000000000000000, 0.000000000000000000, 1.000000000000000000 ) ) ;
#6300 = DIRECTION ( 'NONE',  ( -0.000000000000000000, 1.000000000000000000, 0.000000000000000000 ) ) ;
#6301 = DIRECTION ( 'NONE',  ( 1.067522139062650425E-16, -0.000000000000000000, -1.000000000000000000 ) ) ;
#6302 = EDGE_CURVE ( 'NONE', #3624, #5756, #2208, .T. ) ;
#6303 = DIRECTION ( 'NONE',  ( 0.000000000000000000, 0.000000000000000000, -1.000000000000000000 ) ) ;
#6304 = EDGE_LOOP ( 'NONE', ( #3735, #5089, #6066, #829, #6475, #1947 ) ) ;
#6305 = CARTESIAN_POINT ( 'NONE',  ( -20.25000000000000000, 0.000000000000000000, -12.86132486540518016 ) ) ;
#6306 = ORIENTED_EDGE ( 'NONE', *, *, #5578, .T. ) ;
#6307 = ORIENTED_EDGE ( 'NONE', *, *, #697, .T. ) ;
#6308 = CARTESIAN_POINT ( 'NONE',  ( -16.87203552699078202, 1.969302379850035090, -15.49120662035812046 ) ) ;
#6309 = EDGE_CURVE ( 'NONE', #1844, #1019, #4109, .T. ) ;
#6310 = DIRECTION ( 'NONE',  ( 0.000000000000000000, 6.071532165918819308E-15, 1.000000000000000000 ) ) ;
#6311 = CARTESIAN_POINT ( 'NONE',  ( 27.68158487786891797, 5.214292870239968458, 13.08923022367275735 ) ) ;
#6312 = CARTESIAN_POINT ( 'NONE',  ( -20.62499999999999645, 26.50000000000000000, 31.24999999999999645 ) ) ;
#6313 = DIRECTION ( 'NONE',  ( 0.000000000000000000, -1.000000000000000000, 0.000000000000000000 ) ) ;
#6314 = ORIENTED_EDGE ( 'NONE', *, *, #4835, .F. ) ;
#6315 = CARTESIAN_POINT ( 'NONE',  ( -20.62499999999999645, 13.49999999999999467, 18.18109695759997635 ) ) ;
#6316 = ORIENTED_EDGE ( 'NONE', *, *, #295, .F. ) ;
#6317 = CARTESIAN_POINT ( 'NONE',  ( 28.80035607974977552, 20.99999999999999645, 13.69348765936909729 ) ) ;
#6318 = EDGE_CURVE ( 'NONE', #1491, #2777, #3850, .T. ) ;
#6319 = FACE_OUTER_BOUND ( 'NONE', #4202, .T. ) ;
#6320 = ORIENTED_EDGE ( 'NONE', *, *, #701, .T. ) ;
#6321 = EDGE_CURVE ( 'NONE', #3639, #5294, #1535, .T. ) ;
#6322 = CARTESIAN_POINT ( 'NONE',  ( -50.02097451209438361, 2.347127402871068913, -8.449104885048173585 ) ) ;
#6323 = ORIENTED_EDGE ( 'NONE', *, *, #1552, .F. ) ;
#6324 = DIRECTION ( 'NONE',  ( 0.7071067811865447972, 0.6408563820557910962, -0.2988362387301208289 ) ) ;
#6325 = DIRECTION ( 'NONE',  ( 0.000000000000000000, 0.000000000000000000, 1.000000000000000000 ) ) ;
#6326 = CARTESIAN_POINT ( 'NONE',  ( -40.62499999999999289, 16.49999999999999645, 18.44356294817775677 ) ) ;
#6327 = CARTESIAN_POINT ( 'NONE',  ( -47.24999999999999289, 27.25000000000000000, 13.75000000000000000 ) ) ;
#6328 = DIRECTION ( 'NONE',  ( 1.067522139062650425E-16, 0.000000000000000000, -1.000000000000000000 ) ) ;
#6329 = FACE_OUTER_BOUND ( 'NONE', #5260, .T. ) ;
#6330 = VECTOR ( 'NONE', #2548, 1000.000000000000000 ) ;
#6331 = LINE ( 'NONE', #2781, #4086 ) ;
#6332 = LINE ( 'NONE', #4297, #4995 ) ;
#6333 = ORIENTED_EDGE ( 'NONE', *, *, #2527, .T. ) ;
#6334 = CARTESIAN_POINT ( 'NONE',  ( -20.25000000000000000, 49.68146486959624042, -19.99999999999999289 ) ) ;
#6335 = VERTEX_POINT ( 'NONE', #6520 ) ;
#6336 = ADVANCED_FACE ( 'NONE', ( #1093 ), #1709, .T. ) ;
#6337 = VECTOR ( 'NONE', #4771, 1000.000000000000000 ) ;
#6338 = ORIENTED_EDGE ( 'NONE', *, *, #3202, .F. ) ;
#6339 = EDGE_LOOP ( 'NONE', ( #1361, #2140, #2770, #3048 ) ) ;
#6340 = DIRECTION ( 'NONE',  ( -2.523234146875355308E-15, 0.000000000000000000, 1.000000000000000000 ) ) ;
#6341 = DIRECTION ( 'NONE',  ( 1.000000000000000000, -0.000000000000000000, 0.000000000000000000 ) ) ;
#6342 = LINE ( 'NONE', #1090, #3418 ) ;
#6343 = AXIS2_PLACEMENT_3D ( 'NONE', #284, #182, #3932 ) ;
#6344 = VECTOR ( 'NONE', #200, 999.9999999999998863 ) ;
#6345 = DIRECTION ( 'NONE',  ( 0.000000000000000000, 0.000000000000000000, -1.000000000000000000 ) ) ;
#6346 = CARTESIAN_POINT ( 'NONE',  ( 30.00000000000000000, 33.50000000000000000, 13.88416177882443669 ) ) ;
#6347 = ORIENTED_EDGE ( 'NONE', *, *, #5494, .F. ) ;
#6348 = CARTESIAN_POINT ( 'NONE',  ( -45.80000000000000426, 1.817669235227727054, 13.25499871860576029 ) ) ;
#6349 = AXIS2_PLACEMENT_3D ( 'NONE', #3645, #5731, #6797 ) ;
#6350 = ORIENTED_EDGE ( 'NONE', *, *, #3362, .F. ) ;
#6351 = DIRECTION ( 'NONE',  ( 1.067522139062650425E-16, -0.000000000000000000, -1.000000000000000000 ) ) ;
#6352 = EDGE_LOOP ( 'NONE', ( #1908, #99, #3085, #6844, #5054, #6408 ) ) ;
#6353 = CARTESIAN_POINT ( 'NONE',  ( 27.74999999999999645, 48.61378996556253185, 41.00000000000000000 ) ) ;
#6354 = ADVANCED_FACE ( 'NONE', ( #679 ), #5862, .T. ) ;
#6355 = DIRECTION ( 'NONE',  ( 0.000000000000000000, 0.8660254037844421493, -0.4999999999999941158 ) ) ;
#6356 = AXIS2_PLACEMENT_3D ( 'NONE', #3176, #2162, #635 ) ;
#6357 = EDGE_CURVE ( 'NONE', #3437, #4685, #2773, .T. ) ;
#6358 = CARTESIAN_POINT ( 'NONE',  ( -49.74999999999999289, 38.61378996556253185, 0.6341617788244185983 ) ) ;
#6359 = EDGE_CURVE ( 'NONE', #3989, #4377, #198, .T. ) ;
#6360 = DIRECTION ( 'NONE',  ( 0.000000000000000000, 1.000000000000000000, 0.000000000000000000 ) ) ;
#6361 = FACE_OUTER_BOUND ( 'NONE', #6096, .T. ) ;
#6362 = ORIENTED_EDGE ( 'NONE', *, *, #2596, .F. ) ;
#6363 = CARTESIAN_POINT ( 'NONE',  ( 33.36800308445893393, 21.93460834263133918, 11.79049266436920895 ) ) ;
#6364 = DIRECTION ( 'NONE',  ( -1.000000000000000000, -0.000000000000000000, -0.000000000000000000 ) ) ;
#6365 = CARTESIAN_POINT ( 'NONE',  ( -47.24999999999999289, 25.75465598645097032, -5.840909090825853411 ) ) ;
#6366 = TOROIDAL_SURFACE ( 'NONE', #3008, 1.000000000000000000, 0.5000000000000000000 ) ;
#6367 = AXIS2_PLACEMENT_3D ( 'NONE', #2476, #5747, #3664 ) ;
#6368 = CARTESIAN_POINT ( 'NONE',  ( -40.62499999999999289, 23.49999999999999645, 31.24999999999999645 ) ) ;
#6369 = EDGE_CURVE ( 'NONE', #1547, #2724, #5650, .T. ) ;
#6370 = ORIENTED_EDGE ( 'NONE', *, *, #5726, .T. ) ;
#6371 = PLANE ( 'NONE',  #2323 ) ;
#6372 = ORIENTED_EDGE ( 'NONE', *, *, #2176, .T. ) ;
#6373 = ORIENTED_EDGE ( 'NONE', *, *, #4384, .F. ) ;
#6374 = CIRCLE ( 'NONE', #1105, 1.750000000000000666 ) ;
#6375 = EDGE_LOOP ( 'NONE', ( #663, #2857, #52, #2177 ) ) ;
#6376 = DIRECTION ( 'NONE',  ( -0.6546536707079784190, 0.6546536707079784190, -0.3779644730092228677 ) ) ;
#6377 =( BOUNDED_CURVE ( )  B_SPLINE_CURVE ( 3, ( #6761, #1955, #4091, #6239 ),
 .UNSPECIFIED., .F., .F. ) 
 B_SPLINE_CURVE_WITH_KNOTS ( ( 4, 4 ),
 ( 2.293530574608313888, 3.502959777496496230 ),
 .UNSPECIFIED. ) 
 CURVE ( )  GEOMETRIC_REPRESENTATION_ITEM ( )  RATIONAL_B_SPLINE_CURVE ( ( 1.000000000000000000, 0.8817762586720254703, 0.8817762586720254703, 1.000000000000000000 ) ) 
 REPRESENTATION_ITEM ( '' )  );
#6378 = CARTESIAN_POINT ( 'NONE',  ( 50.24999999999999289, 20.99999999999999645, 18.83726193404440963 ) ) ;
#6379 = CYLINDRICAL_SURFACE ( 'NONE', #4312, 1.100000000000000311 ) ;
#6380 = CARTESIAN_POINT ( 'NONE',  ( 17.25000000000000000, 50.00000000000000000, -17.69059892324149175 ) ) ;
#6381 = VECTOR ( 'NONE', #5086, 1000.000000000000114 ) ;
#6382 = EDGE_CURVE ( 'NONE', #4643, #928, #6822, .T. ) ;
#6383 = FACE_OUTER_BOUND ( 'NONE', #5543, .T. ) ;
#6384 = ADVANCED_FACE ( 'NONE', ( #5585 ), #312, .F. ) ;
#6385 = ORIENTED_EDGE ( 'NONE', *, *, #239, .T. ) ;
#6386 = FACE_OUTER_BOUND ( 'NONE', #3572, .T. ) ;
#6387 = CARTESIAN_POINT ( 'NONE',  ( 26.41985963066198195, 23.28527440955292604, 11.25000000000000355 ) ) ;
#6388 = ADVANCED_FACE ( 'NONE', ( #4968 ), #821, .T. ) ;
#6389 = ORIENTED_EDGE ( 'NONE', *, *, #2472, .T. ) ;
#6390 = CARTESIAN_POINT ( 'NONE',  ( -45.80000000000001137, 26.17878573571857359, -6.499999999999997335 ) ) ;
#6391 = ORIENTED_EDGE ( 'NONE', *, *, #2252, .T. ) ;
#6392 = DIRECTION ( 'NONE',  ( 0.4226182617406973319, 0.000000000000000000, -0.9063077870366510469 ) ) ;
#6393 = CARTESIAN_POINT ( 'NONE',  ( -49.91182958586006890, 2.705066642690705958, -8.499999999999996447 ) ) ;
#6394 = CARTESIAN_POINT ( 'NONE',  ( 16.75000000000000000, 0.000000000000000000, -15.17072594216366177 ) ) ;
#6395 = EDGE_CURVE ( 'NONE', #1808, #6869, #2902, .T. ) ;
#6396 = DIRECTION ( 'NONE',  ( -0.000000000000000000, -1.000000000000000000, -0.000000000000000000 ) ) ;
#6397 = DIRECTION ( 'NONE',  ( -0.7020097385238771581, 0.5855849804740974607, -0.4053055115105003159 ) ) ;
#6398 = ORIENTED_EDGE ( 'NONE', *, *, #816, .F. ) ;
#6399 = CARTESIAN_POINT ( 'NONE',  ( 30.00000000000000000, 48.61378996556253185, 0.1341617788244223175 ) ) ;
#6400 = CARTESIAN_POINT ( 'NONE',  ( -16.75000000000000355, 49.43833015021221655, -15.98204532008122847 ) ) ;
#6401 = EDGE_CURVE ( 'NONE', #3483, #1201, #5617, .T. ) ;
#6402 = DIRECTION ( 'NONE',  ( 1.000000000000000000, 0.000000000000000000, 0.000000000000000000 ) ) ;
#6403 = CARTESIAN_POINT ( 'NONE',  ( -45.80000000000001137, 26.17878573571857359, -6.499999999999997335 ) ) ;
#6404 = VERTEX_POINT ( 'NONE', #3501 ) ;
#6405 = ORIENTED_EDGE ( 'NONE', *, *, #4157, .F. ) ;
#6406 = DIRECTION ( 'NONE',  ( -1.235316900071227524E-15, 0.000000000000000000, 1.000000000000000000 ) ) ;
#6407 = ORIENTED_EDGE ( 'NONE', *, *, #4755, .F. ) ;
#6408 = ORIENTED_EDGE ( 'NONE', *, *, #2948, .F. ) ;
#6409 = CARTESIAN_POINT ( 'NONE',  ( 18.77430610273009748, 52.42312209118964006, -14.80359790620423688 ) ) ;
#6410 = EDGE_CURVE ( 'NONE', #5003, #6146, #1781, .T. ) ;
#6411 = CARTESIAN_POINT ( 'NONE',  ( -45.80000000000000426, 30.00000000000000000, 16.24999999999999645 ) ) ;
#6412 = FACE_OUTER_BOUND ( 'NONE', #2170, .T. ) ;
#6413 = CARTESIAN_POINT ( 'NONE',  ( -48.00000000000001421, 30.00000000000000000, -5.499999999873696588 ) ) ;
#6414 = ORIENTED_EDGE ( 'NONE', *, *, #6601, .T. ) ;
#6415 = FACE_OUTER_BOUND ( 'NONE', #4518, .T. ) ;
#6416 = ORIENTED_EDGE ( 'NONE', *, *, #150, .F. ) ;
#6417 = DIRECTION ( 'NONE',  ( 1.000000000000000000, -0.000000000000000000, 0.000000000000000000 ) ) ;
#6418 =( BOUNDED_CURVE ( )  B_SPLINE_CURVE ( 3, ( #1088, #1228, #2167, #4274 ),
 .UNSPECIFIED., .F., .F. ) 
 B_SPLINE_CURVE_WITH_KNOTS ( ( 4, 4 ),
 ( 2.349113637100050500, 3.260876303674972831 ),
 .UNSPECIFIED. ) 
 CURVE ( )  GEOMETRIC_REPRESENTATION_ITEM ( )  RATIONAL_B_SPLINE_CURVE ( ( 1.000000000000000000, 0.9319155777343938185, 0.9319155777343938185, 1.000000000000000000 ) ) 
 REPRESENTATION_ITEM ( '' )  );
#6419 = ORIENTED_EDGE ( 'NONE', *, *, #1712, .T. ) ;
#6420 = CYLINDRICAL_SURFACE ( 'NONE', #5945, 0.5000000000000004441 ) ;
#6421 = EDGE_CURVE ( 'NONE', #6620, #1106, #3471, .T. ) ;
#6422 = EDGE_LOOP ( 'NONE', ( #1195, #629, #744, #3470, #5766, #3174 ) ) ;
#6423 = CARTESIAN_POINT ( 'NONE',  ( -49.74999999999999289, 0.000000000000000000, -8.023773415721354496 ) ) ;
#6424 = CYLINDRICAL_SURFACE ( 'NONE', #1887, 0.5000000000000004441 ) ;
#6425 = FACE_OUTER_BOUND ( 'NONE', #5202, .T. ) ;
#6426 = EDGE_LOOP ( 'NONE', ( #603, #3351, #5317, #5053 ) ) ;
#6427 = DIRECTION ( 'NONE',  ( 1.000000000000000000, -0.000000000000000000, -0.000000000000000000 ) ) ;
#6428 = ADVANCED_FACE ( 'NONE', ( #3925 ), #5045, .T. ) ;
#6429 = CARTESIAN_POINT ( 'NONE',  ( 20.25000000000000000, 0.000000000000000000, -12.86132486540518549 ) ) ;
#6430 = ORIENTED_EDGE ( 'NONE', *, *, #681, .F. ) ;
#6431 = EDGE_CURVE ( 'NONE', #2599, #5139, #1416, .T. ) ;
#6432 = FILL_AREA_STYLE_COLOUR ( '', #2201 ) ;
#6433 = EDGE_CURVE ( 'NONE', #6131, #1614, #1842, .T. ) ;
#6434 = LINE ( 'NONE', #2718, #4460 ) ;
#6435 = EDGE_CURVE ( 'NONE', #3802, #5513, #2311, .T. ) ;
#6436 = CARTESIAN_POINT ( 'NONE',  ( -50.24999999999999289, 39.11378996556253185, 0.6341617788244185983 ) ) ;
#6437 = ORIENTED_EDGE ( 'NONE', *, *, #2674, .T. ) ;
#6438 = VERTEX_POINT ( 'NONE', #4445 ) ;
#6439 = CYLINDRICAL_SURFACE ( 'NONE', #3781, 0.5000000000000004441 ) ;
#6440 = EDGE_CURVE ( 'NONE', #1405, #2605, #5544, .T. ) ;
#6441 = ORIENTED_EDGE ( 'NONE', *, *, #2842, .F. ) ;
#6442 = ORIENTED_EDGE ( 'NONE', *, *, #864, .T. ) ;
#6443 = CIRCLE ( 'NONE', #3644, 2.250000000000001776 ) ;
#6444 = DIRECTION ( 'NONE',  ( 1.000000000000000000, -7.656222315594651210E-15, 0.000000000000000000 ) ) ;
#6445 = EDGE_CURVE ( 'NONE', #3124, #4885, #6696, .T. ) ;
#6446 = CARTESIAN_POINT ( 'NONE',  ( -47.51988466034621439, 4.177467135466054415, 12.66476657565400821 ) ) ;
#6447 = DIRECTION ( 'NONE',  ( 1.000000000000000000, -0.000000000000000000, -0.000000000000000000 ) ) ;
#6448 = DIRECTION ( 'NONE',  ( 0.000000000000000000, 0.000000000000000000, -1.000000000000000000 ) ) ;
#6449 = DIRECTION ( 'NONE',  ( 0.8082470628736669882, 0.5888435151685806890, 0.000000000000000000 ) ) ;
#6450 = DIRECTION ( 'NONE',  ( -1.000000000000000000, 0.000000000000000000, 0.000000000000000000 ) ) ;
#6451 = ORIENTED_EDGE ( 'NONE', *, *, #5550, .F. ) ;
#6452 = CARTESIAN_POINT ( 'NONE',  ( -13.30000000000000249, 0.000000000000000000, 16.25000000000000000 ) ) ;
#6453 = ORIENTED_EDGE ( 'NONE', *, *, #4166, .F. ) ;
#6454 = DIRECTION ( 'NONE',  ( -0.8892053820944803011, -0.1933513365602816114, -0.4146432793432951458 ) ) ;
#6455 = VECTOR ( 'NONE', #6705, 1000.000000000000000 ) ;
#6456 = CIRCLE ( 'NONE', #4875, 0.5000000000000004441 ) ;
#6457 = LINE ( 'NONE', #3273, #6153 ) ;
#6458 = CARTESIAN_POINT ( 'NONE',  ( 16.75000000000000355, 48.33917413069175240, -17.97927405783630661 ) ) ;
#6459 = ORIENTED_EDGE ( 'NONE', *, *, #5645, .F. ) ;
#6460 =( BOUNDED_SURFACE ( )  B_SPLINE_SURFACE ( 3, 2, ( 
 ( #6543, #4793, #3786 ),
 ( #6481, #4857, #2657 ),
 ( #5963, #3881, #3363 ),
 ( #2203, #675, #3325 ) ),
 .UNSPECIFIED., .F., .F., .F. ) 
 B_SPLINE_SURFACE_WITH_KNOTS ( ( 4, 4 ),
 ( 3, 3 ),
 ( 6.163901657094388753, 6.283185307179581791 ),
 ( 0.000000000000000000, 1.000000000000000000 ),
 .UNSPECIFIED. ) 
 GEOMETRIC_REPRESENTATION_ITEM ( )  RATIONAL_B_SPLINE_SURFACE ( (
 ( 1.000000000000000000, 0.9238795325112877377, 1.000000000000000000),
 ( 1.000000000000000000, 0.9247914125832434884, 1.000000000000000000),
 ( 1.000000000000000000, 0.9252479414815526493, 1.000000000000000000),
 ( 1.000000000000000000, 0.9252478978124588638, 1.000000000000000000) ) ) 
 REPRESENTATION_ITEM ( '' )  SURFACE ( )  );
#6461 = VECTOR ( 'NONE', #6501, 1000.000000000000000 ) ;
#6462 = CARTESIAN_POINT ( 'NONE',  ( 50.24999999999999289, 0.000000000000000000, -8.023773415721354496 ) ) ;
#6463 = VECTOR ( 'NONE', #3396, 1000.000000000000000 ) ;
#6464 = CARTESIAN_POINT ( 'NONE',  ( 30.00000000000000000, 33.50000000000000000, 10.13416177882442959 ) ) ;
#6465 = CYLINDRICAL_SURFACE ( 'NONE', #2317, 1.750000000000000666 ) ;
#6466 = ORIENTED_EDGE ( 'NONE', *, *, #3358, .F. ) ;
#6467 = LINE ( 'NONE', #5951, #1061 ) ;
#6468 = CIRCLE ( 'NONE', #3453, 3.750000000000010214 ) ;
#6469 = ADVANCED_FACE ( 'NONE', ( #2868 ), #2352, .F. ) ;
#6470 = ORIENTED_EDGE ( 'NONE', *, *, #2376, .T. ) ;
#6471 = CARTESIAN_POINT ( 'NONE',  ( -47.77065838585466651, 25.94492642048106390, 12.57870573865982422 ) ) ;
#6472 = EDGE_CURVE ( 'NONE', #457, #223, #1291, .T. ) ;
#6473 = LINE ( 'NONE', #3668, #1303 ) ;
#6474 = AXIS2_PLACEMENT_3D ( 'NONE', #233, #6608, #3975 ) ;
#6475 = ORIENTED_EDGE ( 'NONE', *, *, #5721, .T. ) ;
#6476 = FACE_OUTER_BOUND ( 'NONE', #6873, .T. ) ;
#6477 = EDGE_LOOP ( 'NONE', ( #4969, #2774, #1076, #2296 ) ) ;
#6478 = VERTEX_POINT ( 'NONE', #6334 ) ;
#6479 = CARTESIAN_POINT ( 'NONE',  ( -30.00000000000000000, 48.61378996556253185, 0.1341617788244223175 ) ) ;
#6480 = VECTOR ( 'NONE', #2492, 1000.000000000000227 ) ;
#6481 = CARTESIAN_POINT ( 'NONE',  ( -16.75000000000000000, 48.73751888595619164, -17.48493992611908254 ) ) ;
#6482 = DIRECTION ( 'NONE',  ( -0.000000000000000000, -1.000000000000000000, -0.000000000000000000 ) ) ;
#6483 = DIRECTION ( 'NONE',  ( -0.000000000000000000, -1.000000000000000000, -0.000000000000000000 ) ) ;
#6484 = DIRECTION ( 'NONE',  ( -1.000000000000000000, -0.000000000000000000, -0.000000000000000000 ) ) ;
#6485 = EDGE_CURVE ( 'NONE', #6929, #5571, #5293, .T. ) ;
#6486 = VECTOR ( 'NONE', #6738, 1000.000000000000114 ) ;
#6487 = AXIS2_PLACEMENT_3D ( 'NONE', #402, #337, #6299 ) ;
#6488 = CARTESIAN_POINT ( 'NONE',  ( -48.00000000000001421, 28.47474487152049605, 12.50000000012629897 ) ) ;
#6489 = CARTESIAN_POINT ( 'NONE',  ( -45.80000000000000426, 30.00000000000000000, 13.25499871860576029 ) ) ;
#6490 = ORIENTED_EDGE ( 'NONE', *, *, #559, .F. ) ;
#6491 = CARTESIAN_POINT ( 'NONE',  ( -32.40094240207152154, 51.21454133915054285, -16.66546079488876231 ) ) ;
#6492 = VERTEX_POINT ( 'NONE', #1992 ) ;
#6493 = CYLINDRICAL_SURFACE ( 'NONE', #2120, 0.5000000000000011102 ) ;
#6494 = CIRCLE ( 'NONE', #2013, 3.750000000000006661 ) ;
#6495 = CARTESIAN_POINT ( 'NONE',  ( -25.25000000000000000, 49.68146486959624042, -19.99999999999999289 ) ) ;
#6496 = DIRECTION ( 'NONE',  ( -0.000000000000000000, 0.000000000000000000, -1.000000000000000000 ) ) ;
#6497 = EDGE_CURVE ( 'NONE', #5902, #4740, #945, .T. ) ;
#6498 = AXIS2_PLACEMENT_3D ( 'NONE', #4973, #3506, #6627 ) ;
#6499 = CARTESIAN_POINT ( 'NONE',  ( -16.93120359095073368, 48.61649264257071223, -18.08389199984982909 ) ) ;
#6500 = DIRECTION ( 'NONE',  ( -1.000000000000000000, 0.000000000000000000, 0.000000000000000000 ) ) ;
#6501 = DIRECTION ( 'NONE',  ( 1.000000000000000000, -0.000000000000000000, -0.000000000000000000 ) ) ;
#6502 = ORIENTED_EDGE ( 'NONE', *, *, #3933, .F. ) ;
#6503 = DIRECTION ( 'NONE',  ( 0.000000000000000000, 0.9217762750883493617, 0.3877221926640875838 ) ) ;
#6504 = VERTEX_POINT ( 'NONE', #6305 ) ;
#6505 = ORIENTED_EDGE ( 'NONE', *, *, #4910, .T. ) ;
#6506 = DIRECTION ( 'NONE',  ( 1.147332901608156970E-15, -0.4226182617407002740, -0.9063077870366496036 ) ) ;
#6507 = EDGE_CURVE ( 'NONE', #1603, #4663, #6906, .T. ) ;
#6508 = DIRECTION ( 'NONE',  ( -1.000000000000000000, 3.469446951953611033E-15, 0.000000000000000000 ) ) ;
#6509 = ORIENTED_EDGE ( 'NONE', *, *, #1897, .F. ) ;
#6510 = FACE_OUTER_BOUND ( 'NONE', #4852, .T. ) ;
#6511 = ORIENTED_EDGE ( 'NONE', *, *, #3042, .T. ) ;
#6512 = ORIENTED_EDGE ( 'NONE', *, *, #2071, .T. ) ;
#6513 = EDGE_LOOP ( 'NONE', ( #5060, #3413, #6798, #4879, #3742, #1784, #2469, #6575, #6903, #2275, #5034, #1694 ) ) ;
#6514 = LINE ( 'NONE', #3180, #222 ) ;
#6515 = CARTESIAN_POINT ( 'NONE',  ( 25.13915266867851628, 0.000000000000000000, -20.00000000000000000 ) ) ;
#6516 = ADVANCED_FACE ( 'NONE', ( #3605, #454 ), #4581, .F. ) ;
#6517 = DIRECTION ( 'NONE',  ( -0.3245986102840391907, 0.000000000000000000, 0.9458518606006284246 ) ) ;
#6518 = PLANE ( 'NONE',  #1082 ) ;
#6519 = ORIENTED_EDGE ( 'NONE', *, *, #2756, .F. ) ;
#6520 = CARTESIAN_POINT ( 'NONE',  ( -40.62499999999999289, 23.49999999999999645, 16.24999999999999645 ) ) ;
#6521 = PLANE ( 'NONE',  #436 ) ;
#6522 = VERTEX_POINT ( 'NONE', #4607 ) ;
#6523 = DIRECTION ( 'NONE',  ( 0.000000000000000000, 0.000000000000000000, 1.000000000000000000 ) ) ;
#6524 = ORIENTED_EDGE ( 'NONE', *, *, #4342, .T. ) ;
#6525 = CARTESIAN_POINT ( 'NONE',  ( 50.24999999999999289, 20.99999999999999645, 0.000000000000000000 ) ) ;
#6526 = DIRECTION ( 'NONE',  ( 0.7057575568079528239, 0.7057575568079509365, 0.06174578541844914781 ) ) ;
#6527 = CARTESIAN_POINT ( 'NONE',  ( -47.24999999999999289, 2.325956434654518290, 12.75738592688066753 ) ) ;
#6528 = EDGE_LOOP ( 'NONE', ( #5873, #4282, #6441, #3675, #503 ) ) ;
#6529 = ADVANCED_FACE ( 'NONE', ( #2027 ), #4165, .T. ) ;
#6530 = FACE_OUTER_BOUND ( 'NONE', #4931, .T. ) ;
#6531 = DIRECTION ( 'NONE',  ( -1.000000000000000000, -1.387778780781444413E-14, 0.000000000000000000 ) ) ;
#6532 = ORIENTED_EDGE ( 'NONE', *, *, #1952, .T. ) ;
#6533 = CARTESIAN_POINT ( 'NONE',  ( -13.30000000000000071, 30.00000000000000000, -4.499999999873693923 ) ) ;
#6534 = VERTEX_POINT ( 'NONE', #5786 ) ;
#6535 = CARTESIAN_POINT ( 'NONE',  ( 18.75000000000001776, 0.000000000000000000, -18.38752234830017684 ) ) ;
#6536 = FACE_BOUND ( 'NONE', #522, .T. ) ;
#6537 = LINE ( 'NONE', #705, #1191 ) ;
#6538 = ORIENTED_EDGE ( 'NONE', *, *, #1658, .T. ) ;
#6539 = CARTESIAN_POINT ( 'NONE',  ( -16.75000000000000000, 2.207106781186570554, -17.31737279928379891 ) ) ;
#6540 = ORIENTED_EDGE ( 'NONE', *, *, #301, .F. ) ;
#6541 = ORIENTED_EDGE ( 'NONE', *, *, #4430, .F. ) ;
#6542 = CARTESIAN_POINT ( 'NONE',  ( -17.25000000000000000, 2.207106781186567002, -17.97927405783629951 ) ) ;
#6543 = CARTESIAN_POINT ( 'NONE',  ( -16.75000000000000000, 48.74598190718819524, -17.46679091864884725 ) ) ;
#6544 = CARTESIAN_POINT ( 'NONE',  ( 26.48814464690573089, 49.92884584990478913, -19.42264366924424834 ) ) ;
#6545 = DIRECTION ( 'NONE',  ( 0.000000000000000000, 0.000000000000000000, -1.000000000000000000 ) ) ;
#6546 = DIRECTION ( 'NONE',  ( -0.000000000000000000, -1.000000000000000000, -0.000000000000000000 ) ) ;
#6547 = AXIS2_PLACEMENT_3D ( 'NONE', #3806, #3309, #693 ) ;
#6548 = CARTESIAN_POINT ( 'NONE',  ( 33.36695353648585183, 25.06837022609342469, 11.79275283204336766 ) ) ;
#6549 = ORIENTED_EDGE ( 'NONE', *, *, #2490, .F. ) ;
#6550 = CARTESIAN_POINT ( 'NONE',  ( 31.17857449268645098, 5.299999999999993605, 13.69928020197975727 ) ) ;
#6551 = ORIENTED_EDGE ( 'NONE', *, *, #3801, .T. ) ;
#6552 = DIRECTION ( 'NONE',  ( -0.9103664774429163220, 0.000000000000000000, 0.4138029443444982691 ) ) ;
#6553 = AXIS2_PLACEMENT_3D ( 'NONE', #2670, #3763, #2180 ) ;
#6554 = FACE_OUTER_BOUND ( 'NONE', #580, .T. ) ;
#6555 =( BOUNDED_CURVE ( )  B_SPLINE_CURVE ( 3, ( #3038, #4087, #339, #976 ),
 .UNSPECIFIED., .F., .F. ) 
 B_SPLINE_CURVE_WITH_KNOTS ( ( 4, 4 ),
 ( 0.4455438437281131758, 1.104029683305285170 ),
 .UNSPECIFIED. ) 
 CURVE ( )  GEOMETRIC_REPRESENTATION_ITEM ( )  RATIONAL_B_SPLINE_CURVE ( ( 1.000000000000000000, 0.9641915992984350092, 0.9641915992984350092, 1.000000000000000000 ) ) 
 REPRESENTATION_ITEM ( '' )  );
#6556 = VECTOR ( 'NONE', #5986, 1000.000000000000000 ) ;
#6557 = LINE ( 'NONE', #4316, #3227 ) ;
#6558 = CARTESIAN_POINT ( 'NONE',  ( -47.24999999999999289, 2.799999999999993605, -6.749999999999998224 ) ) ;
#6559 = CIRCLE ( 'NONE', #530, 1.000000000000000000 ) ;
#6560 = CARTESIAN_POINT ( 'NONE',  ( 50.24999999999999289, 20.99999999999999645, 13.75000000000000000 ) ) ;
#6561 = ADVANCED_FACE ( 'NONE', ( #6274 ), #369, .F. ) ;
#6562 = AXIS2_PLACEMENT_3D ( 'NONE', #1272, #6631, #4523 ) ;
#6563 = AXIS2_PLACEMENT_3D ( 'NONE', #1604, #4860, #2804 ) ;
#6564 = DIRECTION ( 'NONE',  ( 0.000000000000000000, -1.000000000000000000, 0.000000000000000000 ) ) ;
#6565 = ORIENTED_EDGE ( 'NONE', *, *, #776, .T. ) ;
#6566 = EDGE_CURVE ( 'NONE', #1059, #5106, #3004, .T. ) ;
#6567 = CARTESIAN_POINT ( 'NONE',  ( -50.24999999999999289, 38.11378996556252474, 19.83261462722317603 ) ) ;
#6568 = ORIENTED_EDGE ( 'NONE', *, *, #2260, .T. ) ;
#6569 = VECTOR ( 'NONE', #4059, 1000.000000000000000 ) ;
#6570 = DIRECTION ( 'NONE',  ( 0.000000000000000000, 1.000000000000000000, 0.000000000000000000 ) ) ;
#6571 = LINE ( 'NONE', #5469, #1407 ) ;
#6572 = CARTESIAN_POINT ( 'NONE',  ( -20.24999999999999645, 49.88144366580694822, -19.99999999999999289 ) ) ;
#6573 = ORIENTED_EDGE ( 'NONE', *, *, #107, .T. ) ;
#6574 = DIRECTION ( 'NONE',  ( -1.000000000000000000, 0.000000000000000000, 0.000000000000000000 ) ) ;
#6575 = ORIENTED_EDGE ( 'NONE', *, *, #6827, .T. ) ;
#6576 = VERTEX_POINT ( 'NONE', #5140 ) ;
#6577 = DIRECTION ( 'NONE',  ( -0.000000000000000000, -1.000000000000000000, -0.000000000000000000 ) ) ;
#6578 = LINE ( 'NONE', #2964, #3669 ) ;
#6579 = AXIS2_PLACEMENT_3D ( 'NONE', #2487, #2458, #795 ) ;
#6580 = CYLINDRICAL_SURFACE ( 'NONE', #1395, 0.5000000000000004441 ) ;
#6581 = CARTESIAN_POINT ( 'NONE',  ( -16.89644660940673049, 49.75875834124010311, -16.13146343944628924 ) ) ;
#6582 = VECTOR ( 'NONE', #4417, 1000.000000000000114 ) ;
#6583 = ORIENTED_EDGE ( 'NONE', *, *, #248, .T. ) ;
#6584 = CARTESIAN_POINT ( 'NONE',  ( -45.80000000000000426, 0.000000000000000000, -9.249999999999998224 ) ) ;
#6585 = AXIS2_PLACEMENT_3D ( 'NONE', #2047, #4189, #2578 ) ;
#6586 = CARTESIAN_POINT ( 'NONE',  ( -16.89644660940673049, 1.853553390593290606, -15.91717819007904744 ) ) ;
#6587 = CARTESIAN_POINT ( 'NONE',  ( 16.75000000000000000, 2.095193141895303146, -15.52244669677674871 ) ) ;
#6588 = CARTESIAN_POINT ( 'NONE',  ( 16.75000000000000000, 49.39892579399043626, -15.54546361537756560 ) ) ;
#6589 = DIRECTION ( 'NONE',  ( -0.000000000000000000, 0.9961946980917455452, 0.08715574274765836016 ) ) ;
#6590 = ADVANCED_FACE ( 'NONE', ( #3146 ), #5212, .T. ) ;
#6591 = LINE ( 'NONE', #251, #78 ) ;
#6592 = CIRCLE ( 'NONE', #3575, 0.5000000000000004441 ) ;
#6593 = VECTOR ( 'NONE', #3819, 1000.000000000000000 ) ;
#6594 = EDGE_CURVE ( 'NONE', #568, #5928, #5582, .T. ) ;
#6595 = ORIENTED_EDGE ( 'NONE', *, *, #909, .F. ) ;
#6596 = ADVANCED_FACE ( 'NONE', ( #341 ), #3112, .T. ) ;
#6597 = CARTESIAN_POINT ( 'NONE',  ( -50.24999999999999289, 11.79999999999999538, 14.49999999999999822 ) ) ;
#6598 = AXIS2_PLACEMENT_3D ( 'NONE', #6423, #6288, #3130 ) ;
#6599 = CARTESIAN_POINT ( 'NONE',  ( -48.00000000000001421, 1.575255128737310661, -5.499999999873696588 ) ) ;
#6600 =( BOUNDED_CURVE ( )  B_SPLINE_CURVE ( 3, ( #3647, #4107, #466, #4180 ),
 .UNSPECIFIED., .F., .F. ) 
 B_SPLINE_CURVE_WITH_KNOTS ( ( 4, 4 ),
 ( 3.141592653589793116, 3.304156292758700264 ),
 .UNSPECIFIED. ) 
 CURVE ( )  GEOMETRIC_REPRESENTATION_ITEM ( )  RATIONAL_B_SPLINE_CURVE ( ( 1.000000000000000000, 0.9977989674718271695, 0.9977989674718271695, 1.000000000000000000 ) ) 
 REPRESENTATION_ITEM ( '' )  );
#6601 = EDGE_CURVE ( 'NONE', #5139, #3578, #4940, .T. ) ;
#6602 = CARTESIAN_POINT ( 'NONE',  ( -20.25000000000000000, 50.00000000000000000, -9.250000000000000000 ) ) ;
#6603 = CARTESIAN_POINT ( 'NONE',  ( -48.00000000000001421, 1.575255128737310661, -5.499999999873696588 ) ) ;
#6604 = AXIS2_PLACEMENT_3D ( 'NONE', #4458, #6214, #5662 ) ;
#6605 = EDGE_LOOP ( 'NONE', ( #1047, #1121, #3299, #3488 ) ) ;
#6606 = LINE ( 'NONE', #6078, #2172 ) ;
#6607 = EDGE_CURVE ( 'NONE', #4950, #6721, #5821, .T. ) ;
#6608 = DIRECTION ( 'NONE',  ( 0.000000000000000000, -1.000000000000000000, 0.000000000000000000 ) ) ;
#6609 = FACE_BOUND ( 'NONE', #3499, .T. ) ;
#6610 = VERTEX_POINT ( 'NONE', #917 ) ;
#6611 = EDGE_LOOP ( 'NONE', ( #6744, #2511, #4262, #2031, #3147, #1344, #2028, #5522, #2186, #3870, #4881, #1268 ) ) ;
#6612 = ORIENTED_EDGE ( 'NONE', *, *, #474, .F. ) ;
#6613 = ORIENTED_EDGE ( 'NONE', *, *, #753, .T. ) ;
#6614 = EDGE_CURVE ( 'NONE', #3841, #4067, #6377, .T. ) ;
#6615 = FACE_OUTER_BOUND ( 'NONE', #5055, .T. ) ;
#6616 = DIRECTION ( 'NONE',  ( 0.000000000000000000, 0.000000000000000000, 1.000000000000000000 ) ) ;
#6617 = VECTOR ( 'NONE', #122, 1000.000000000000000 ) ;
#6618 = LINE ( 'NONE', #676, #2187 ) ;
#6619 = CARTESIAN_POINT ( 'NONE',  ( -17.14552194114330064, 50.10063933359973021, -15.98765972961968806 ) ) ;
#6620 = VERTEX_POINT ( 'NONE', #2481 ) ;
#6621 = DIRECTION ( 'NONE',  ( 0.000000000000000000, 0.000000000000000000, 1.000000000000000000 ) ) ;
#6622 = VERTEX_POINT ( 'NONE', #3041 ) ;
#6623 = ORIENTED_EDGE ( 'NONE', *, *, #4405, .F. ) ;
#6624 = CARTESIAN_POINT ( 'NONE',  ( -30.00000000000000000, -5.500000000000007994, 3.499999999999999556 ) ) ;
#6625 = ADVANCED_FACE ( 'NONE', ( #4367 ), #5325, .T. ) ;
#6626 = VERTEX_POINT ( 'NONE', #2196 ) ;
#6627 = DIRECTION ( 'NONE',  ( 0.6405567286293794016, -0.7679108525132508634, 0.000000000000000000 ) ) ;
#6628 = ORIENTED_EDGE ( 'NONE', *, *, #1321, .F. ) ;
#6629 = DIRECTION ( 'NONE',  ( -1.000000000000000000, 0.000000000000000000, 0.000000000000000000 ) ) ;
#6630 = DIRECTION ( 'NONE',  ( -2.932503280072414794E-16, 0.9063077870366496036, -0.4226182617407002740 ) ) ;
#6631 = DIRECTION ( 'NONE',  ( 0.000000000000000000, -1.000000000000000000, 0.000000000000000000 ) ) ;
#6632 = ORIENTED_EDGE ( 'NONE', *, *, #6431, .F. ) ;
#6633 = EDGE_CURVE ( 'NONE', #6295, #3007, #6023, .T. ) ;
#6634 = EDGE_LOOP ( 'NONE', ( #5295, #920, #1356, #6800 ) ) ;
#6635 = DIRECTION ( 'NONE',  ( 1.000000000000000000, 6.938893903907222067E-15, 0.000000000000000000 ) ) ;
#6636 = DIRECTION ( 'NONE',  ( 0.000000000000000000, -0.4226182617407048259, -0.9063077870366476052 ) ) ;
#6637 = CARTESIAN_POINT ( 'NONE',  ( 50.24999999999999289, 25.99999999999999645, 18.77279533290235847 ) ) ;
#6638 = CARTESIAN_POINT ( 'NONE',  ( 0.000000000000000000, 30.00000000000000000, 0.000000000000000000 ) ) ;
#6639 = ORIENTED_EDGE ( 'NONE', *, *, #3446, .F. ) ;
#6640 = EDGE_CURVE ( 'NONE', #2603, #6869, #6244, .T. ) ;
#6641 = CARTESIAN_POINT ( 'NONE',  ( -30.00000000000000000, 48.61378996556253185, -59.00000000000000711 ) ) ;
#6642 =( BOUNDED_SURFACE ( )  B_SPLINE_SURFACE ( 3, 2, ( 
 ( #4313, #6458, #1647 ),
 ( #6039, #3405, #3482 ),
 ( #2913, #5658, #5626 ),
 ( #2425, #1239, #6142 ) ),
 .UNSPECIFIED., .F., .F., .F. ) 
 B_SPLINE_SURFACE_WITH_KNOTS ( ( 4, 4 ),
 ( 3, 3 ),
 ( 2.349113637100050056, 3.260876303674970167 ),
 ( 0.000000000000000000, 1.000000000000000000 ),
 .UNSPECIFIED. ) 
 GEOMETRIC_REPRESENTATION_ITEM ( )  RATIONAL_B_SPLINE_SURFACE ( (
 ( 1.000000000000000000, 0.8660254037844382635, 1.000000000000000000),
 ( 1.000000000000000000, 0.9106746827545637579, 1.000000000000000000),
 ( 1.000000000000000000, 0.9310017878347649489, 1.000000000000000000),
 ( 1.000000000000000000, 0.9238795325112862944, 1.000000000000000000) ) ) 
 REPRESENTATION_ITEM ( '' )  SURFACE ( )  );
#6643 = ORIENTED_EDGE ( 'NONE', *, *, #5155, .F. ) ;
#6644 = CARTESIAN_POINT ( 'NONE',  ( -45.80000000000000426, 3.782330764772259712, 13.25499871860576029 ) ) ;
#6645 = CARTESIAN_POINT ( 'NONE',  ( -17.25000000000000355, 2.664213562373110467, -15.45940107675847131 ) ) ;
#6646 = ORIENTED_EDGE ( 'NONE', *, *, #4958, .F. ) ;
#6647 = FACE_OUTER_BOUND ( 'NONE', #4332, .T. ) ;
#6648 = EDGE_CURVE ( 'NONE', #4719, #5518, #5472, .T. ) ;
#6649 = CARTESIAN_POINT ( 'NONE',  ( 18.99866152618476178, 50.00636776997973953, -19.27753939529543104 ) ) ;
#6650 = FACE_OUTER_BOUND ( 'NONE', #161, .T. ) ;
#6651 = CARTESIAN_POINT ( 'NONE',  ( -49.96130913087034742, 2.516764994038178660, -8.476927309239680852 ) ) ;
#6652 = CARTESIAN_POINT ( 'NONE',  ( 18.75000000000001776, 50.00000000000000000, -20.00000000000000000 ) ) ;
#6653 = ADVANCED_FACE ( 'NONE', ( #6510 ), #6371, .T. ) ;
#6654 = ORIENTED_EDGE ( 'NONE', *, *, #6140, .F. ) ;
#6655 = DIRECTION ( 'NONE',  ( 0.4999999999999949485, 0.000000000000000000, -0.8660254037844415942 ) ) ;
#6656 = ORIENTED_EDGE ( 'NONE', *, *, #89, .F. ) ;
#6657 = VERTEX_POINT ( 'NONE', #5405 ) ;
#6658 = CYLINDRICAL_SURFACE ( 'NONE', #1306, 11.00000000000000000 ) ;
#6659 = ORIENTED_EDGE ( 'NONE', *, *, #4557, .T. ) ;
#6660 = CARTESIAN_POINT ( 'NONE',  ( -50.24999999999999289, 0.000000000000000000, 17.00000000000000000 ) ) ;
#6661 = ORIENTED_EDGE ( 'NONE', *, *, #3335, .F. ) ;
#6662 = CARTESIAN_POINT ( 'NONE',  ( -26.67511832464160904, 50.35118846550182070, -19.17861451093482472 ) ) ;
#6663 = CARTESIAN_POINT ( 'NONE',  ( -19.99999999999999645, 53.09356680819458774, -13.29433756729740246 ) ) ;
#6664 = FACE_OUTER_BOUND ( 'NONE', #375, .T. ) ;
#6665 = VERTEX_POINT ( 'NONE', #2616 ) ;
#6666 = ORIENTED_EDGE ( 'NONE', *, *, #1467, .F. ) ;
#6667 = VERTEX_POINT ( 'NONE', #2722 ) ;
#6668 = CARTESIAN_POINT ( 'NONE',  ( 32.49054863730616916, 51.41943140822376535, -16.59767302291814417 ) ) ;
#6669 = ORIENTED_EDGE ( 'NONE', *, *, #3067, .F. ) ;
#6670 = CARTESIAN_POINT ( 'NONE',  ( 26.42802563032963192, 23.92502322438912188, 11.27726672157035281 ) ) ;
#6671 = VECTOR ( 'NONE', #2965, 1000.000000000000000 ) ;
#6672 = CARTESIAN_POINT ( 'NONE',  ( 19.29821541160244536, 50.25624216134089295, -19.45048691167813004 ) ) ;
#6673 = ADVANCED_FACE ( 'NONE', ( #6476 ), #4851, .T. ) ;
#6674 = CARTESIAN_POINT ( 'NONE',  ( -47.24999999999999289, 3.419317139159676611, -5.840909090825856964 ) ) ;
#6675 = ORIENTED_EDGE ( 'NONE', *, *, #353, .T. ) ;
#6676 = CIRCLE ( 'NONE', #70, 1.749999999999999778 ) ;
#6677 = PLANE ( 'NONE',  #5792 ) ;
#6678 = ADVANCED_FACE ( 'NONE', ( #4331 ), #3816, .T. ) ;
#6679 = CARTESIAN_POINT ( 'NONE',  ( -13.30000000000000071, 2.800000000000014477, -5.650000000000000355 ) ) ;
#6680 = AXIS2_PLACEMENT_3D ( 'NONE', #1500, #989, #5861 ) ;
#6681 = CIRCLE ( 'NONE', #79, 0.4999999999999996114 ) ;
#6682 = ADVANCED_FACE ( 'NONE', ( #605 ), #6439, .F. ) ;
#6683 = CYLINDRICAL_SURFACE ( 'NONE', #6893, 0.5000000000000004441 ) ;
#6684 = ADVANCED_FACE ( 'NONE', ( #2092 ), #5926, .F. ) ;
#6685 = ORIENTED_EDGE ( 'NONE', *, *, #6178, .T. ) ;
#6686 = CYLINDRICAL_SURFACE ( 'NONE', #1318, 0.5000000000000004441 ) ;
#6687 =( BOUNDED_CURVE ( )  B_SPLINE_CURVE ( 3, ( #3212, #128, #2262, #4782 ),
 .UNSPECIFIED., .F., .F. ) 
 B_SPLINE_CURVE_WITH_KNOTS ( ( 4, 4 ),
 ( 3.898049038274893796, 3.957948441291296859 ),
 .UNSPECIFIED. ) 
 CURVE ( )  GEOMETRIC_REPRESENTATION_ITEM ( )  RATIONAL_B_SPLINE_CURVE ( ( 1.000000000000000000, 0.9997010274753385106, 0.9997010274753385106, 1.000000000000000000 ) ) 
 REPRESENTATION_ITEM ( '' )  );
#6688 = AXIS2_PLACEMENT_3D ( 'NONE', #2035, #1469, #1964 ) ;
#6689 = EDGE_CURVE ( 'NONE', #2962, #399, #4233, .T. ) ;
#6690 = CARTESIAN_POINT ( 'NONE',  ( 20.25000000000000000, 0.000000000000000000, -19.99999999999999645 ) ) ;
#6691 = CARTESIAN_POINT ( 'NONE',  ( -16.87203552677547336, 2.111766191714090191, -15.24445206046687140 ) ) ;
#6692 = DIRECTION ( 'NONE',  ( 0.000000000000000000, 0.000000000000000000, -1.000000000000000000 ) ) ;
#6693 = VECTOR ( 'NONE', #6546, 1000.000000000000000 ) ;
#6694 = DIRECTION ( 'NONE',  ( 0.5575062645922739257, -0.7652335285740089477, -0.3218763919372478188 ) ) ;
#6695 = ORIENTED_EDGE ( 'NONE', *, *, #2241, .F. ) ;
#6696 = LINE ( 'NONE', #4027, #1313 ) ;
#6697 = ORIENTED_EDGE ( 'NONE', *, *, #6778, .T. ) ;
#6698 = EDGE_LOOP ( 'NONE', ( #3885, #2288, #1453, #1177 ) ) ;
#6699 = VECTOR ( 'NONE', #815, 1000.000000000000000 ) ;
#6700 = DIRECTION ( 'NONE',  ( 1.000000000000000000, -0.000000000000000000, -0.000000000000000000 ) ) ;
#6701 = AXIS2_PLACEMENT_3D ( 'NONE', #1055, #5299, #5791 ) ;
#6702 = EDGE_LOOP ( 'NONE', ( #1069, #3800, #4749, #2869, #6733 ) ) ;
#6703 = CARTESIAN_POINT ( 'NONE',  ( 17.00000000000000355, 48.97576449542425081, -15.02638837486625611 ) ) ;
#6704 = LINE ( 'NONE', #147, #5818 ) ;
#6705 = DIRECTION ( 'NONE',  ( 1.000000000000000000, -0.000000000000000000, -0.000000000000000000 ) ) ;
#6706 = ORIENTED_EDGE ( 'NONE', *, *, #2233, .F. ) ;
#6707 = ORIENTED_EDGE ( 'NONE', *, *, #3417, .F. ) ;
#6708 = CARTESIAN_POINT ( 'NONE',  ( 32.64867785764666053, 51.26840963821101127, -16.54993985475755736 ) ) ;
#6709 = CARTESIAN_POINT ( 'NONE',  ( -11.00000000000000000, 2.800000000000014477, -6.750000000000000888 ) ) ;
#6710 = CIRCLE ( 'NONE', #4016, 0.5000000000000004441 ) ;
#6711 = AXIS2_PLACEMENT_3D ( 'NONE', #3564, #5779, #5168 ) ;
#6712 = DIRECTION ( 'NONE',  ( -0.000000000000000000, -0.000000000000000000, 1.000000000000000000 ) ) ;
#6713 = DIRECTION ( 'NONE',  ( -1.000000000000000000, -0.000000000000000000, -0.000000000000000000 ) ) ;
#6714 = VERTEX_POINT ( 'NONE', #2651 ) ;
#6715 = ORIENTED_EDGE ( 'NONE', *, *, #6369, .F. ) ;
#6716 = AXIS2_PLACEMENT_3D ( 'NONE', #3797, #1134, #2738 ) ;
#6717 = DIRECTION ( 'NONE',  ( 0.000000000000000000, 0.000000000000000000, -1.000000000000000000 ) ) ;
#6718 = LINE ( 'NONE', #2539, #1110 ) ;
#6719 = VECTOR ( 'NONE', #6351, 1000.000000000000000 ) ;
#6720 = DIRECTION ( 'NONE',  ( 0.000000000000000000, 0.9063077870366511579, -0.4226182617406972208 ) ) ;
#6721 = VERTEX_POINT ( 'NONE', #5436 ) ;
#6722 = APPLICATION_PROTOCOL_DEFINITION ( 'draft international standard', 'automotive_design', 1998, #1855 ) ;
#6723 = AXIS2_PLACEMENT_3D ( 'NONE', #3676, #6830, #1427 ) ;
#6724 = EDGE_CURVE ( 'NONE', #2005, #4057, #153, .T. ) ;
#6725 = DIRECTION ( 'NONE',  ( -1.000000000000000000, 0.000000000000000000, 0.000000000000000000 ) ) ;
#6726 = DIRECTION ( 'NONE',  ( 0.000000000000000000, 1.000000000000000000, 0.000000000000000000 ) ) ;
#6727 = DIRECTION ( 'NONE',  ( 1.000000000000000000, -0.000000000000000000, -0.000000000000000000 ) ) ;
#6728 = CARTESIAN_POINT ( 'NONE',  ( 23.80665757600669608, 49.04246650393887563, -22.05343720892279080 ) ) ;
#6729 =( BOUNDED_CURVE ( )  B_SPLINE_CURVE ( 3, ( #2178, #2315, #2706, #4450 ),
 .UNSPECIFIED., .F., .F. ) 
 B_SPLINE_CURVE_WITH_KNOTS ( ( 4, 4 ),
 ( 0.000000000000000000, 0.8480620789814784510 ),
 .UNSPECIFIED. ) 
 CURVE ( )  GEOMETRIC_REPRESENTATION_ITEM ( )  RATIONAL_B_SPLINE_CURVE ( ( 1.000000000000000000, 0.9409585518440987117, 0.9409585518440987117, 1.000000000000000000 ) ) 
 REPRESENTATION_ITEM ( '' )  );
#6730 = ORIENTED_EDGE ( 'NONE', *, *, #4356, .F. ) ;
#6731 = DIRECTION ( 'NONE',  ( -0.8892053820944804121, 0.1933513365602811118, 0.4146432793432953678 ) ) ;
#6732 = EDGE_CURVE ( 'NONE', #4952, #4516, #3289, .T. ) ;
#6733 = ORIENTED_EDGE ( 'NONE', *, *, #6359, .T. ) ;
#6734 = ORIENTED_EDGE ( 'NONE', *, *, #2418, .T. ) ;
#6735 = ORIENTED_EDGE ( 'NONE', *, *, #3774, .T. ) ;
#6736 = CARTESIAN_POINT ( 'NONE',  ( 17.00000000000000000, 2.664213562373121569, -15.02638837486625789 ) ) ;
#6737 = LINE ( 'NONE', #4063, #4567 ) ;
#6738 = DIRECTION ( 'NONE',  ( 0.5575062645922739257, -0.7652335285740090587, -0.3218763919372478743 ) ) ;
#6739 = DIRECTION ( 'NONE',  ( -0.000000000000000000, -1.000000000000000000, -0.000000000000000000 ) ) ;
#6740 = ORIENTED_EDGE ( 'NONE', *, *, #3788, .T. ) ;
#6741 = ORIENTED_EDGE ( 'NONE', *, *, #753, .F. ) ;
#6742 = ADVANCED_FACE ( 'NONE', ( #2235 ), #4786, .T. ) ;
#6743 = LINE ( 'NONE', #6597, #6275 ) ;
#6744 = ORIENTED_EDGE ( 'NONE', *, *, #5051, .F. ) ;
#6745 = CARTESIAN_POINT ( 'NONE',  ( -13.25000000000000533, 23.49999999999999645, 12.65000000000000036 ) ) ;
#6746 = VERTEX_POINT ( 'NONE', #5888 ) ;
#6747 = LINE ( 'NONE', #6156, #6005 ) ;
#6748 = CARTESIAN_POINT ( 'NONE',  ( -40.24999999999999289, 27.25000000000000000, -6.750000000000000888 ) ) ;
#6749 = ORIENTED_EDGE ( 'NONE', *, *, #4538, .T. ) ;
#6750 = EDGE_CURVE ( 'NONE', #4431, #2200, #1081, .T. ) ;
#6751 = ADVANCED_FACE ( 'NONE', ( #5535 ), #1876, .T. ) ;
#6752 = DIRECTION ( 'NONE',  ( -1.000000000000000000, 0.000000000000000000, 0.000000000000000000 ) ) ;
#6753 = DIRECTION ( 'NONE',  ( 0.000000000000000000, 0.9063077870366497146, -0.4226182617406999964 ) ) ;
#6754 = CARTESIAN_POINT ( 'NONE',  ( -50.09325536950375124, 26.64009198214256458, -8.399226572892647624 ) ) ;
#6755 = ORIENTED_EDGE ( 'NONE', *, *, #1914, .T. ) ;
#6756 = CARTESIAN_POINT ( 'NONE',  ( -40.62499999999999289, 24.99999999999999645, 16.24999999999999645 ) ) ;
#6757 = LINE ( 'NONE', #6270, #3894 ) ;
#6758 = DIRECTION ( 'NONE',  ( -0.9063077870366513800, 0.000000000000000000, -0.4226182617406962772 ) ) ;
#6759 = CARTESIAN_POINT ( 'NONE',  ( -16.80721295411140659, 49.72308851891737191, -15.39483707773359633 ) ) ;
#6760 = EDGE_LOOP ( 'NONE', ( #2826, #1358, #4186, #3083 ) ) ;
#6761 = CARTESIAN_POINT ( 'NONE',  ( -17.00000000000000000, 2.664213562373117572, -18.12361162513370516 ) ) ;
#6762 = ORIENTED_EDGE ( 'NONE', *, *, #6181, .T. ) ;
#6763 = ORIENTED_EDGE ( 'NONE', *, *, #2927, .F. ) ;
#6764 = VERTEX_POINT ( 'NONE', #6167 ) ;
#6765 = PLANE ( 'NONE',  #3916 ) ;
#6766 = CARTESIAN_POINT ( 'NONE',  ( -10.74999999999998934, -5.500000000000007994, 3.499999999999999556 ) ) ;
#6767 = DIRECTION ( 'NONE',  ( 1.067522139062650425E-16, 0.000000000000000000, -1.000000000000000000 ) ) ;
#6768 = DIRECTION ( 'NONE',  ( 0.000000000000000000, 0.000000000000000000, -1.000000000000000000 ) ) ;
#6769 = LINE ( 'NONE', #5834, #5380 ) ;
#6770 = CARTESIAN_POINT ( 'NONE',  ( 27.10018184271730846, 21.31644415955252114, 12.51926240009661129 ) ) ;
#6771 = CARTESIAN_POINT ( 'NONE',  ( 27.74999999999999645, 48.61378996556253185, 0.1341617788244223175 ) ) ;
#6772 = CARTESIAN_POINT ( 'NONE',  ( -13.29999999999998828, -5.500000000000007994, 3.499999999999999556 ) ) ;
#6773 = ORIENTED_EDGE ( 'NONE', *, *, #5828, .F. ) ;
#6774 = CIRCLE ( 'NONE', #1293, 0.5000000000000004441 ) ;
#6775 = CARTESIAN_POINT ( 'NONE',  ( -45.80000000000001137, 30.00000000000000000, -6.499999999999997335 ) ) ;
#6776 = CARTESIAN_POINT ( 'NONE',  ( 30.00000000000000000, 5.299999999999991829, 10.13416177882442959 ) ) ;
#6777 = VECTOR ( 'NONE', #5771, 1000.000000000000000 ) ;
#6778 = EDGE_CURVE ( 'NONE', #6803, #2962, #1317, .T. ) ;
#6779 = ORIENTED_EDGE ( 'NONE', *, *, #2993, .T. ) ;
#6780 = DIRECTION ( 'NONE',  ( 1.000000000000000000, -0.000000000000000000, -0.000000000000000000 ) ) ;
#6781 = DIRECTION ( 'NONE',  ( -1.000000000000000000, -0.000000000000000000, -0.000000000000000000 ) ) ;
#6782 = AXIS2_PLACEMENT_3D ( 'NONE', #274, #6061, #6545 ) ;
#6783 = AXIS2_PLACEMENT_3D ( 'NONE', #3912, #5533, #5064 ) ;
#6784 = CARTESIAN_POINT ( 'NONE',  ( -12.30000000000000604, -5.500000000000007994, 3.499999999999999556 ) ) ;
#6785 = DIRECTION ( 'NONE',  ( 0.000000000000000000, 0.000000000000000000, -1.000000000000000000 ) ) ;
#6786 = DIRECTION ( 'NONE',  ( 0.9063077870366513800, 0.000000000000000000, 0.4226182617406962772 ) ) ;
#6787 = LINE ( 'NONE', #3568, #4108 ) ;
#6788 = ORIENTED_EDGE ( 'NONE', *, *, #1251, .T. ) ;
#6789 = AXIS2_PLACEMENT_3D ( 'NONE', #6638, #3939, #3834 ) ;
#6790 = CARTESIAN_POINT ( 'NONE',  ( -10.74999999999998934, 23.49999999999999645, 11.25000000000000178 ) ) ;
#6791 = VERTEX_POINT ( 'NONE', #740 ) ;
#6792 = CARTESIAN_POINT ( 'NONE',  ( -50.24999999999999289, 4.000000535583852823, -8.023773415721354496 ) ) ;
#6793 = PLANE ( 'NONE',  #1320 ) ;
#6794 = AXIS2_PLACEMENT_3D ( 'NONE', #31, #2689, #3256 ) ;
#6795 = CARTESIAN_POINT ( 'NONE',  ( -45.80000000000000426, 30.00000000000000000, 13.25499871860576029 ) ) ;
#6796 = ORIENTED_EDGE ( 'NONE', *, *, #763, .T. ) ;
#6797 = DIRECTION ( 'NONE',  ( 1.000000000000000000, 0.000000000000000000, 0.000000000000000000 ) ) ;
#6798 = ORIENTED_EDGE ( 'NONE', *, *, #3282, .T. ) ;
#6799 = CIRCLE ( 'NONE', #2664, 1.500000000000001332 ) ;
#6800 = ORIENTED_EDGE ( 'NONE', *, *, #4608, .F. ) ;
#6801 = DIRECTION ( 'NONE',  ( 0.000000000000000000, -1.000000000000000000, 0.000000000000000000 ) ) ;
#6802 = CARTESIAN_POINT ( 'NONE',  ( 28.21455009479553411, 25.98218943698840633, 13.43866106845898400 ) ) ;
#6803 = VERTEX_POINT ( 'NONE', #1771 ) ;
#6804 = CARTESIAN_POINT ( 'NONE',  ( -49.96130913087034742, 2.516764994038178660, -8.476927309239680852 ) ) ;
#6805 = VECTOR ( 'NONE', #511, 1000.000000000000000 ) ;
#6806 = ORIENTED_EDGE ( 'NONE', *, *, #5952, .T. ) ;
#6807 = CARTESIAN_POINT ( 'NONE',  ( 16.75000000000000000, 2.418140425724720988, -17.92048632492168636 ) ) ;
#6808 = AXIS2_PLACEMENT_3D ( 'NONE', #2875, #6099, #4556 ) ;
#6809 = EDGE_LOOP ( 'NONE', ( #4748, #3653, #286, #6210 ) ) ;
#6810 = CYLINDRICAL_SURFACE ( 'NONE', #2219, 1.500000000000001332 ) ;
#6811 = EDGE_LOOP ( 'NONE', ( #1870, #2194 ) ) ;
#6812 = LINE ( 'NONE', #2961, #2080 ) ;
#6813 = VECTOR ( 'NONE', #5907, 1000.000000000000000 ) ;
#6814 = VECTOR ( 'NONE', #6577, 1000.000000000000000 ) ;
#6815 = ORIENTED_EDGE ( 'NONE', *, *, #6401, .T. ) ;
#6816 = DIRECTION ( 'NONE',  ( -1.000000000000000000, -9.706978099550855889E-15, -2.081668171172166936E-14 ) ) ;
#6817 = EDGE_CURVE ( 'NONE', #6714, #3974, #3421, .T. ) ;
#6818 = DIRECTION ( 'NONE',  ( -0.9103664774429163220, 0.000000000000000000, 0.4138029443444982691 ) ) ;
#6819 = DIRECTION ( 'NONE',  ( -0.000000000000000000, 2.668805347656626185E-16, 1.000000000000000000 ) ) ;
#6820 = AXIS2_PLACEMENT_3D ( 'NONE', #4623, #2396, #2880 ) ;
#6821 = CARTESIAN_POINT ( 'NONE',  ( -16.75000000000000000, 50.00000000000000000, -17.97927405783629951 ) ) ;
#6822 =( BOUNDED_CURVE ( )  B_SPLINE_CURVE ( 3, ( #715, #3884, #1847, #6032 ),
 .UNSPECIFIED., .F., .F. ) 
 B_SPLINE_CURVE_WITH_KNOTS ( ( 4, 4 ),
 ( 4.014180671761121033, 5.151551272730838349 ),
 .UNSPECIFIED. ) 
 CURVE ( )  GEOMETRIC_REPRESENTATION_ITEM ( )  RATIONAL_B_SPLINE_CURVE ( ( 1.000000000000000000, 0.8950731342435643834, 0.8950731342435643834, 1.000000000000000000 ) ) 
 REPRESENTATION_ITEM ( '' )  );
#6823 = LINE ( 'NONE', #941, #750 ) ;
#6824 = DIRECTION ( 'NONE',  ( -0.9063077870366509359, 0.000000000000000000, 0.4226182617406971653 ) ) ;
#6825 = ORIENTED_EDGE ( 'NONE', *, *, #5237, .F. ) ;
#6826 = CARTESIAN_POINT ( 'NONE',  ( -20.62499999999999645, 23.49999999999999645, 31.24999999999999645 ) ) ;
#6827 = EDGE_CURVE ( 'NONE', #3046, #1547, #782, .T. ) ;
#6828 = ORIENTED_EDGE ( 'NONE', *, *, #1962, .F. ) ;
#6829 = VERTEX_POINT ( 'NONE', #3388 ) ;
#6830 = DIRECTION ( 'NONE',  ( -0.4226182617406973319, 0.000000000000000000, -0.9063077870366510469 ) ) ;
#6831 = ADVANCED_FACE ( 'NONE', ( #6024 ), #2573, .T. ) ;
#6832 = DIRECTION ( 'NONE',  ( -0.000000000000000000, 1.221878638832870327E-16, -1.000000000000000000 ) ) ;
#6833 = LINE ( 'NONE', #4588, #6486 ) ;
#6834 = DIRECTION ( 'NONE',  ( 1.000000000000000000, -0.000000000000000000, 0.000000000000000000 ) ) ;
#6835 = CARTESIAN_POINT ( 'NONE',  ( -50.24999999999999289, 2.799999999999993605, 15.50000000000000000 ) ) ;
#6836 = EDGE_CURVE ( 'NONE', #3034, #5504, #879, .T. ) ;
#6837 = ORIENTED_EDGE ( 'NONE', *, *, #2710, .T. ) ;
#6838 = ORIENTED_EDGE ( 'NONE', *, *, #440, .T. ) ;
#6839 = CARTESIAN_POINT ( 'NONE',  ( -17.62499999999999645, 16.49999999999999645, 18.44356294817775321 ) ) ;
#6840 = ORIENTED_EDGE ( 'NONE', *, *, #4987, .T. ) ;
#6841 = CARTESIAN_POINT ( 'NONE',  ( -50.24999999999999289, 2.799999999999993605, -4.999999999999997335 ) ) ;
#6842 = ORIENTED_EDGE ( 'NONE', *, *, #3243, .T. ) ;
#6843 = LINE ( 'NONE', #2042, #330 ) ;
#6844 = ORIENTED_EDGE ( 'NONE', *, *, #5721, .F. ) ;
#6845 = CARTESIAN_POINT ( 'NONE',  ( 16.89644660940673049, 49.75875834124011021, -16.13146343944629280 ) ) ;
#6846 = VERTEX_POINT ( 'NONE', #3946 ) ;
#6847 = ORIENTED_EDGE ( 'NONE', *, *, #295, .T. ) ;
#6848 = EDGE_CURVE ( 'NONE', #5356, #4999, #5038, .T. ) ;
#6849 = DIRECTION ( 'NONE',  ( 1.000000000000000000, -0.000000000000000000, -0.000000000000000000 ) ) ;
#6850 = LINE ( 'NONE', #391, #5812 ) ;
#6851 = CARTESIAN_POINT ( 'NONE',  ( -49.91182958586006890, 2.799999999999993605, -8.499999999999998224 ) ) ;
#6852 = CARTESIAN_POINT ( 'NONE',  ( 49.96130913087034742, 55.03291721256739777, -8.476927309239680852 ) ) ;
#6853 = CARTESIAN_POINT ( 'NONE',  ( -45.80000000000000426, 11.79999999999999538, 13.25499871860576029 ) ) ;
#6854 = CARTESIAN_POINT ( 'NONE',  ( -20.25000000000000000, 0.000000000000000000, -9.250000000000000000 ) ) ;
#6855 = CARTESIAN_POINT ( 'NONE',  ( -50.24999999999999289, -2.156744977080025549, 16.30939934561735072 ) ) ;
#6856 = FACE_OUTER_BOUND ( 'NONE', #6304, .T. ) ;
#6857 = VERTEX_POINT ( 'NONE', #4927 ) ;
#6858 = CARTESIAN_POINT ( 'NONE',  ( -46.43991337396928998, 28.12167009405973062, 13.03539245620363118 ) ) ;
#6859 = VERTEX_POINT ( 'NONE', #4019 ) ;
#6860 = ADVANCED_FACE ( 'NONE', ( #6123, #1807, #1730, #5505 ), #202, .T. ) ;
#6861 = VERTEX_POINT ( 'NONE', #707 ) ;
#6862 = VERTEX_POINT ( 'NONE', #4957 ) ;
#6863 = DIRECTION ( 'NONE',  ( 0.000000000000000000, 0.4226182617407002184, 0.9063077870366496036 ) ) ;
#6864 = DIRECTION ( 'NONE',  ( 0.000000000000000000, -1.000000000000000000, -1.204669080539448358E-16 ) ) ;
#6865 = CARTESIAN_POINT ( 'NONE',  ( 49.74999999999999289, 55.03291721256739066, -8.023773415721354496 ) ) ;
#6866 = DIRECTION ( 'NONE',  ( 0.000000000000000000, -1.000000000000000000, 0.000000000000000000 ) ) ;
#6867 = CARTESIAN_POINT ( 'NONE',  ( -20.62499999999999645, 23.49999999999999645, 16.24999999999999645 ) ) ;
#6868 = ADVANCED_FACE ( 'NONE', ( #2894 ), #162, .F. ) ;
#6869 = VERTEX_POINT ( 'NONE', #2375 ) ;
#6870 = ADVANCED_FACE ( 'NONE', ( #6647 ), #6686, .T. ) ;
#6871 = CARTESIAN_POINT ( 'NONE',  ( -20.62499999999999645, 16.49999999999999645, 18.44356294817775321 ) ) ;
#6872 = LINE ( 'NONE', #6491, #1448 ) ;
#6873 = EDGE_LOOP ( 'NONE', ( #1900, #2585, #2483, #6189 ) ) ;
#6874 = CARTESIAN_POINT ( 'NONE',  ( 28.59881423034399361, 25.99820738533108511, 13.61901835522803239 ) ) ;
#6875 = VECTOR ( 'NONE', #965, 1000.000000000000000 ) ;
#6876 = CARTESIAN_POINT ( 'NONE',  ( 16.85606434386355801, 49.79014197415187226, -15.91109530205659794 ) ) ;
#6877 = DIRECTION ( 'NONE',  ( -1.119577325992528254E-15, 0.4226182617407002184, 0.9063077870366494926 ) ) ;
#6878 = EDGE_CURVE ( 'NONE', #670, #3686, #1982, .T. ) ;
#6879 = DIRECTION ( 'NONE',  ( 0.000000000000000000, -0.000000000000000000, 1.000000000000000000 ) ) ;
#6880 = DIRECTION ( 'NONE',  ( 1.000000000000000000, -0.000000000000000000, -0.000000000000000000 ) ) ;
#6881 = ORIENTED_EDGE ( 'NONE', *, *, #50, .T. ) ;
#6882 = ORIENTED_EDGE ( 'NONE', *, *, #2204, .F. ) ;
#6883 = CARTESIAN_POINT ( 'NONE',  ( -16.75000000000000355, 49.49359640742757449, -15.70514539461187731 ) ) ;
#6884 = DIRECTION ( 'NONE',  ( -0.000000000000000000, 0.9961946980917455452, 0.08715574274765836016 ) ) ;
#6885 = ADVANCED_FACE ( 'NONE', ( #4633 ), #2543, .F. ) ;
#6886 = AXIS2_PLACEMENT_3D ( 'NONE', #1720, #1523, #2292 ) ;
#6887 = DIRECTION ( 'NONE',  ( 1.000000000000000000, -0.000000000000000000, -0.000000000000000000 ) ) ;
#6888 = ORIENTED_EDGE ( 'NONE', *, *, #4630, .T. ) ;
#6889 = DIRECTION ( 'NONE',  ( 0.000000000000000000, 1.000000000000000000, 0.000000000000000000 ) ) ;
#6890 = EDGE_CURVE ( 'NONE', #5259, #2012, #2750, .T. ) ;
#6891 = ORIENTED_EDGE ( 'NONE', *, *, #4263, .T. ) ;
#6892 = AXIS2_PLACEMENT_3D ( 'NONE', #3132, #5193, #6355 ) ;
#6893 = AXIS2_PLACEMENT_3D ( 'NONE', #1874, #4015, #6165 ) ;
#6894 = VERTEX_POINT ( 'NONE', #1948 ) ;
#6895 = ORIENTED_EDGE ( 'NONE', *, *, #3297, .F. ) ;
#6896 = CIRCLE ( 'NONE', #2427, 11.00000000000000000 ) ;
#6897 = CARTESIAN_POINT ( 'NONE',  ( -30.00000000000000000, 33.50000000000000000, 10.13416177882442959 ) ) ;
#6898 = LINE ( 'NONE', #2136, #1661 ) ;
#6899 = VECTOR ( 'NONE', #6483, 1000.000000000000000 ) ;
#6900 = AXIS2_PLACEMENT_3D ( 'NONE', #644, #5379, #2769 ) ;
#6901 = CARTESIAN_POINT ( 'NONE',  ( 26.75017591195674171, 50.48492421963781851, -18.96007665506401452 ) ) ;
#6902 = CARTESIAN_POINT ( 'NONE',  ( 20.06389368877840340, 50.05010407187501897, -19.89255147111832045 ) ) ;
#6903 = ORIENTED_EDGE ( 'NONE', *, *, #1659, .F. ) ;
#6904 = CARTESIAN_POINT ( 'NONE',  ( -17.62499999999999645, 13.49999999999999822, 18.18109695759997635 ) ) ;
#6905 =( BOUNDED_CURVE ( )  B_SPLINE_CURVE ( 3, ( #2590, #1567, #5857, #4790 ),
 .UNSPECIFIED., .F., .F. ) 
 B_SPLINE_CURVE_WITH_KNOTS ( ( 4, 4 ),
 ( 5.496666744166308405, 6.283185307179586232 ),
 .UNSPECIFIED. ) 
 CURVE ( )  GEOMETRIC_REPRESENTATION_ITEM ( )  RATIONAL_B_SPLINE_CURVE ( ( 1.000000000000000000, 0.9491100055796639623, 0.9491100055796639623, 1.000000000000000000 ) ) 
 REPRESENTATION_ITEM ( '' )  );
#6906 = CIRCLE ( 'NONE', #5239, 1.500000000000001332 ) ;
#6907 = ORIENTED_EDGE ( 'NONE', *, *, #2379, .T. ) ;
#6908 = CARTESIAN_POINT ( 'NONE',  ( 28.21947458762935312, 21.01751290596490307, 13.44124745924761655 ) ) ;
#6909 = ORIENTED_EDGE ( 'NONE', *, *, #1638, .F. ) ;
#6910 = DIRECTION ( 'NONE',  ( 0.000000000000000000, 1.000000000000000000, 0.000000000000000000 ) ) ;
#6911 = DIRECTION ( 'NONE',  ( -0.9063077870366510469, 0.000000000000000000, -0.4226182617406973319 ) ) ;
#6912 = CARTESIAN_POINT ( 'NONE',  ( 16.87306685337724232, 49.78429189412211286, -16.02138534285494842 ) ) ;
#6913 = VECTOR ( 'NONE', #5611, 1000.000000000000000 ) ;
#6914 = CARTESIAN_POINT ( 'NONE',  ( -32.25000000000000000, 48.61378996556253185, 41.00000000000000000 ) ) ;
#6915 = VECTOR ( 'NONE', #4085, 1000.000000000000000 ) ;
#6916 = EDGE_CURVE ( 'NONE', #6438, #2463, #550, .T. ) ;
#6917 = CARTESIAN_POINT ( 'NONE',  ( -49.74999999999999289, 0.000000000000000000, 17.00000000000000000 ) ) ;
#6918 = CARTESIAN_POINT ( 'NONE',  ( -20.62499999999999645, 23.49999999999999645, 19.05598359285921717 ) ) ;
#6919 = VERTEX_POINT ( 'NONE', #5712 ) ;
#6920 = AXIS2_PLACEMENT_3D ( 'NONE', #1503, #3687, #5694 ) ;
#6921 = DIRECTION ( 'NONE',  ( 1.000000000000000000, -0.000000000000000000, -0.000000000000000000 ) ) ;
#6922 = ORIENTED_EDGE ( 'NONE', *, *, #4430, .T. ) ;
#6923 = CARTESIAN_POINT ( 'NONE',  ( -16.86104143021162116, 49.48244158576519425, -15.21592009223054021 ) ) ;
#6924 = DIRECTION ( 'NONE',  ( 0.000000000000000000, 0.000000000000000000, -1.000000000000000000 ) ) ;
#6925 = VECTOR ( 'NONE', #929, 1000.000000000000000 ) ;
#6926 = CIRCLE ( 'NONE', #800, 0.5000000000000004441 ) ;
#6927 = LINE ( 'NONE', #2127, #3656 ) ;
#6928 = ORIENTED_EDGE ( 'NONE', *, *, #6485, .F. ) ;
#6929 = VERTEX_POINT ( 'NONE', #2505 ) ;
#6930 = CARTESIAN_POINT ( 'NONE',  ( 16.87203552699077136, 1.969302379850041973, -17.65879337964184970 ) ) ;
ENDSEC;
END-ISO-10303-21;
