ISO-10303-21;
HEADER;
FILE_DESCRIPTION (( 'STEP AP214' ),
    '1' );
FILE_NAME ('Metric - Spur gear 1.5M 18T 20PA 20FW ---S18N75H50L6N.STEP',
    '2026-02-10T11:05:58',
    ( '' ),
    ( '' ),
    'SwSTEP 2.0',
    'SolidWorks 2025',
    '' );
FILE_SCHEMA (( 'AUTOMOTIVE_DESIGN' ));
ENDSEC;

DATA;
#1 = FACE_OUTER_BOUND ( 'NONE', #2747, .T. ) ;
#2 = DIRECTION ( 'NONE',  ( 0.000000000000000000, 0.000000000000000000, 1.000000000000000000 ) ) ;
#3 = AXIS2_PLACEMENT_3D ( 'NONE', #4288, #1552, #4213 ) ;
#4 = ORIENTED_EDGE ( 'NONE', *, *, #4421, .F. ) ;
#5 = ORIENTED_EDGE ( 'NONE', *, *, #2917, .F. ) ;
#6 = DIRECTION ( 'NONE',  ( 0.000000000000000000, 0.9848077530122074652, 0.1736481776669340227 ) ) ;
#7 = B_SPLINE_CURVE_WITH_KNOTS ( 'NONE', 3,
 ( #3807, #775, #3905, #2275, #3449, #1165, #2251, #284 ),
 .UNSPECIFIED., .F., .F.,
 ( 4, 2, 2, 4 ),
 ( 3.929789716565425847E-07, 0.001917556476030095065, 0.002876138224559314158, 0.003834719973088533684 ),
 .UNSPECIFIED. ) ;
#8 = AXIS2_PLACEMENT_3D ( 'NONE', #2888, #155, #539 ) ;
#9 = CIRCLE ( 'NONE', #828, 14.99999999999250022 ) ;
#10 = LINE ( 'NONE', #3532, #4271 ) ;
#11 = DIRECTION ( 'NONE',  ( 0.000000000000000000, 0.000000000000000000, 1.000000000000000000 ) ) ;
#12 = ORIENTED_EDGE ( 'NONE', *, *, #3330, .T. ) ;
#13 = DIRECTION ( 'NONE',  ( -1.000000000000000000, -0.000000000000000000, -0.000000000000000000 ) ) ;
#14 = VECTOR ( 'NONE', #1023, 1000.000000000000000 ) ;
#15 = CARTESIAN_POINT ( 'NONE',  ( 0.000000000000000000, -0.2738250307121672944, -6.994644099306175811 ) ) ;
#16 = CARTESIAN_POINT ( 'NONE',  ( -10.00000000000000000, 0.000000000000000000, 0.000000000000000000 ) ) ;
#17 = CIRCLE ( 'NONE', #2899, 14.99999999999250022 ) ;
#18 = EDGE_CURVE ( 'NONE', #2866, #1057, #927, .T. ) ;
#19 = DIRECTION ( 'NONE',  ( 1.000000000000000000, 0.000000000000000000, 0.000000000000000000 ) ) ;
#20 = ADVANCED_FACE ( 'NONE', ( #3140 ), #2227, .T. ) ;
#21 = ORIENTED_EDGE ( 'NONE', *, *, #4297, .T. ) ;
#22 = VERTEX_POINT ( 'NONE', #4689 ) ;
#23 = DIRECTION ( 'NONE',  ( -1.000000000000000000, 0.000000000000000000, 0.000000000000000000 ) ) ;
#24 = VECTOR ( 'NONE', #3732, 1000.000000000000000 ) ;
#25 = DIRECTION ( 'NONE',  ( -1.000000000000000000, 0.000000000000000000, 0.000000000000000000 ) ) ;
#26 = DIRECTION ( 'NONE',  ( -1.000000000000000000, -0.000000000000000000, -0.000000000000000000 ) ) ;
#27 = CARTESIAN_POINT ( 'NONE',  ( 1.828521199716542922, 13.17475538765975074, 7.171179852374736541 ) ) ;
#28 = EDGE_CURVE ( 'NONE', #4724, #112, #1320, .T. ) ;
#29 = CIRCLE ( 'NONE', #4859, 5.399999999997299405 ) ;
#30 = VERTEX_POINT ( 'NONE', #2539 ) ;
#31 = CIRCLE ( 'NONE', #2994, 5.399999999997299405 ) ;
#32 = DIRECTION ( 'NONE',  ( 0.000000000000000000, 0.8660254037844399289, -0.4999999999999979461 ) ) ;
#33 = CARTESIAN_POINT ( 'NONE',  ( 5.000000000000000888, 7.000001873099979122, 1.749999999999998890 ) ) ;
#34 = CIRCLE ( 'NONE', #2996, 3.000000000000000000 ) ;
#35 = ORIENTED_EDGE ( 'NONE', *, *, #1718, .T. ) ;
#36 = VERTEX_POINT ( 'NONE', #2493 ) ;
#37 = CYLINDRICAL_SURFACE ( 'NONE', #2890, 11.62399999999418831 ) ;
#38 = CIRCLE ( 'NONE', #3404, 5.399999999997301181 ) ;
#39 = CYLINDRICAL_SURFACE ( 'NONE', #4856, 5.399999999997299405 ) ;
#40 = EDGE_CURVE ( 'NONE', #976, #841, #4587, .T. ) ;
#41 = FACE_OUTER_BOUND ( 'NONE', #3294, .T. ) ;
#42 = ORIENTED_EDGE ( 'NONE', *, *, #1972, .T. ) ;
#43 = AXIS2_PLACEMENT_3D ( 'NONE', #2309, #5015, #4987 ) ;
#44 = LINE ( 'NONE', #2025, #906 ) ;
#45 = CARTESIAN_POINT ( 'NONE',  ( 0.6402332736613307596, -12.90031695199263950, 1.037368121401577525 ) ) ;
#46 = DIRECTION ( 'NONE',  ( 0.000000000000000000, -0.6427876096865299260, -0.7660444431189858960 ) ) ;
#47 = ORIENTED_EDGE ( 'NONE', *, *, #3156, .F. ) ;
#48 = CARTESIAN_POINT ( 'NONE',  ( 19.67476635749971337, -5.441245695466091270, 11.13825300109930794 ) ) ;
#49 = CARTESIAN_POINT ( 'NONE',  ( 0.000000000000000000, 0.000000000000000000, 0.000000000000000000 ) ) ;
#50 = EDGE_CURVE ( 'NONE', #1334, #3273, #326, .T. ) ;
#51 = CARTESIAN_POINT ( 'NONE',  ( 0.000000000000000000, 0.000000000000000000, 0.000000000000000000 ) ) ;
#52 = CARTESIAN_POINT ( 'NONE',  ( 18.17147880028345597, 4.774461252589029314, -14.21986356289331788 ) ) ;
#53 = ORIENTED_EDGE ( 'NONE', *, *, #430, .F. ) ;
#54 = EDGE_CURVE ( 'NONE', #1731, #2940, #614, .T. ) ;
#55 = ADVANCED_FACE ( 'NONE', ( #3287, #920 ), #530, .T. ) ;
#56 = CARTESIAN_POINT ( 'NONE',  ( 0.6402334700952458935, -9.215408926956898839, 9.086834278354611882 ) ) ;
#57 = CARTESIAN_POINT ( 'NONE',  ( 19.67476633004408271, 2.991295008329739158, 12.02996217730073525 ) ) ;
#58 = ORIENTED_EDGE ( 'NONE', *, *, #321, .F. ) ;
#59 = CARTESIAN_POINT ( 'NONE',  ( 18.74015440929682796, -9.707757375727625870, -10.11030730628495533 ) ) ;
#60 = CARTESIAN_POINT ( 'NONE',  ( 19.99999999999999645, 0.000000000000000000, 0.000000000000000000 ) ) ;
#61 = DIRECTION ( 'NONE',  ( 1.000000000000000000, -0.000000000000000000, -0.000000000000000000 ) ) ;
#62 = ORIENTED_EDGE ( 'NONE', *, *, #214, .T. ) ;
#63 = DIRECTION ( 'NONE',  ( -1.000000000000000000, -0.000000000000000000, 0.000000000000000000 ) ) ;
#64 = LINE ( 'NONE', #3235, #527 ) ;
#65 = CARTESIAN_POINT ( 'NONE',  ( 1.828521199716542922, 0.000000000000000000, 14.99999999999250022 ) ) ;
#66 = FACE_OUTER_BOUND ( 'NONE', #4480, .T. ) ;
#67 = CARTESIAN_POINT ( 'NONE',  ( 9.999999999999998224, 4.774461252589029314, -14.21986356289331788 ) ) ;
#68 = ORIENTED_EDGE ( 'NONE', *, *, #2421, .T. ) ;
#69 = VERTEX_POINT ( 'NONE', #2981 ) ;
#70 = CARTESIAN_POINT ( 'NONE',  ( 19.99999999999999645, -5.225178449592040586, 10.61674295084906383 ) ) ;
#71 = CARTESIAN_POINT ( 'NONE',  ( 1.069343448129000507, -13.25841980055554892, 3.394243666570253115 ) ) ;
#72 = CARTESIAN_POINT ( 'NONE',  ( 19.99999999999999645, -12.53200494222451233, 1.969683236929896664 ) ) ;
#73 = CARTESIAN_POINT ( 'NONE',  ( 19.20153515743465178, -13.16705406967851566, -1.139264138455379216 ) ) ;
#74 = ORIENTED_EDGE ( 'NONE', *, *, #1401, .T. ) ;
#75 = CARTESIAN_POINT ( 'NONE',  ( 5.000000000000000888, -0.2738250307121670724, -5.244644099306175811 ) ) ;
#76 = CARTESIAN_POINT ( 'NONE',  ( 1.828521199716542922, -9.927532457519971487, 11.24473651557307718 ) ) ;
#77 = DIRECTION ( 'NONE',  ( 0.000000000000000000, 0.000000000000000000, 1.000000000000000000 ) ) ;
#78 = EDGE_CURVE ( 'NONE', #3590, #2620, #2965, .T. ) ;
#79 = EDGE_CURVE ( 'NONE', #4600, #3590, #576, .T. ) ;
#80 = ORIENTED_EDGE ( 'NONE', *, *, #1344, .T. ) ;
#81 = DIRECTION ( 'NONE',  ( 0.000000000000000000, 0.000000000000000000, -1.000000000000000000 ) ) ;
#82 = DIRECTION ( 'NONE',  ( 0.000000000000000000, 0.000000000000000000, 1.000000000000000000 ) ) ;
#83 = EDGE_CURVE ( 'NONE', #2499, #4154, #162, .T. ) ;
#84 = ORIENTED_EDGE ( 'NONE', *, *, #4207, .F. ) ;
#85 = FACE_OUTER_BOUND ( 'NONE', #1424, .T. ) ;
#86 = CIRCLE ( 'NONE', #3460, 5.399999999997299405 ) ;
#87 = CARTESIAN_POINT ( 'NONE',  ( 5.000000000000000888, 7.000001873099979122, -3.000000000000001776 ) ) ;
#88 = DIRECTION ( 'NONE',  ( -1.000000000000000000, 0.000000000000000000, 0.000000000000000000 ) ) ;
#89 = DIRECTION ( 'NONE',  ( 0.000000000000000000, 0.000000000000000000, 1.000000000000000000 ) ) ;
#90 = CARTESIAN_POINT ( 'NONE',  ( 0.000000000000000000, 12.44990391086189163, -2.435301323468647805 ) ) ;
#91 = AXIS2_PLACEMENT_3D ( 'NONE', #3724, #245, #2984 ) ;
#92 = ORIENTED_EDGE ( 'NONE', *, *, #2946, .F. ) ;
#93 = ORIENTED_EDGE ( 'NONE', *, *, #2817, .T. ) ;
#94 = VERTEX_POINT ( 'NONE', #4529 ) ;
#95 = CARTESIAN_POINT ( 'NONE',  ( 0.7984650579141460147, -11.98333254004226767, 5.573956109799412140 ) ) ;
#96 = CIRCLE ( 'NONE', #2976, 11.83290837936660189 ) ;
#97 = CARTESIAN_POINT ( 'NONE',  ( 0.3252336536905782172, -11.32776706854619597, -5.034831512206677573 ) ) ;
#98 = CARTESIAN_POINT ( 'NONE',  ( 1.097830588231294646, 12.37096777620483934, 5.966768836061425496 ) ) ;
#99 = ORIENTED_EDGE ( 'NONE', *, *, #772, .T. ) ;
#100 = VECTOR ( 'NONE', #622, 1000.000000000000000 ) ;
#101 = CARTESIAN_POINT ( 'NONE',  ( 0.000000000000000000, 5.225178449591965979, 10.61674295084909758 ) ) ;
#102 = CONICAL_SURFACE ( 'NONE', #2410, 11.83290837936660012, 1.047197551196604515 ) ;
#103 = CARTESIAN_POINT ( 'NONE',  ( 19.99999999999999645, 12.44990391086185610, 7.835301323466116408 ) ) ;
#104 = DIRECTION ( 'NONE',  ( 1.000000000000000000, 0.000000000000000000, 0.000000000000000000 ) ) ;
#105 = VERTEX_POINT ( 'NONE', #1387 ) ;
#106 = AXIS2_PLACEMENT_3D ( 'NONE', #2489, #4020, #89 ) ;
#107 = EDGE_CURVE ( 'NONE', #4351, #2423, #740, .T. ) ;
#108 = ADVANCED_FACE ( 'NONE', ( #4150 ), #2906, .T. ) ;
#109 = CARTESIAN_POINT ( 'NONE',  ( 19.99999999999999645, -11.59912988617139185, 0.7599749230010899304 ) ) ;
#110 = CIRCLE ( 'NONE', #4618, 11.83290837936660012 ) ;
#111 = CARTESIAN_POINT ( 'NONE',  ( 19.99999999999999645, -12.53200494222448924, -1.969683236930066528 ) ) ;
#112 = VERTEX_POINT ( 'NONE', #2162 ) ;
#113 =( NAMED_UNIT ( * ) SI_UNIT ( $, .STERADIAN. ) SOLID_ANGLE_UNIT ( ) );
#114 = DIRECTION ( 'NONE',  ( 0.000000000000000000, 0.6427876096865403621, -0.7660444431189771253 ) ) ;
#115 = EDGE_CURVE ( 'NONE', #4234, #2388, #1787, .T. ) ;
#116 = CARTESIAN_POINT ( 'NONE',  ( 1.689297547948235501, 5.552706930357758530, 13.67552987077107574 ) ) ;
#117 = CARTESIAN_POINT ( 'NONE',  ( 0.000000000000000000, 0.000000000000000000, 0.000000000000000000 ) ) ;
#118 = CARTESIAN_POINT ( 'NONE',  ( 0.000000000000000000, 11.80695832568066628, 0.7832341987708918429 ) ) ;
#119 = VECTOR ( 'NONE', #3647, 1000.000000000000000 ) ;
#120 = EDGE_LOOP ( 'NONE', ( #586, #800, #353, #1738 ) ) ;
#121 = ORIENTED_EDGE ( 'NONE', *, *, #3794, .F. ) ;
#122 = CARTESIAN_POINT ( 'NONE',  ( 0.3252336699559139621, -2.991295008329817762, 12.02996217730071216 ) ) ;
#123 = DIRECTION ( 'NONE',  ( -1.000000000000000000, 0.000000000000000000, 0.000000000000000000 ) ) ;
#124 = AXIS2_PLACEMENT_3D ( 'NONE', #2048, #3969, #1714 ) ;
#125 = CARTESIAN_POINT ( 'NONE',  ( 18.17147880028345597, 0.000000000000000000, 0.000000000000000000 ) ) ;
#126 = DIRECTION ( 'NONE',  ( 1.000000000000000000, 0.000000000000000000, 0.000000000000000000 ) ) ;
#127 = B_SPLINE_CURVE_WITH_KNOTS ( 'NONE', 3,
 ( #2758, #2373, #3926, #2778, #4329, #408, #3175, #1783 ),
 .UNSPECIFIED., .F., .F.,
 ( 4, 2, 2, 4 ),
 ( 2.430632680808311400E-07, 0.001922895103017916666, 0.002884221122892836279, 0.003845547142767755892 ),
 .UNSPECIFIED. ) ;
#128 = VERTEX_POINT ( 'NONE', #948 ) ;
#129 = VERTEX_POINT ( 'NONE', #3267 ) ;
#130 = DIRECTION ( 'NONE',  ( 1.000000000000000000, 0.000000000000000000, 0.000000000000000000 ) ) ;
#131 = EDGE_CURVE ( 'NONE', #3577, #3863, #4076, .T. ) ;
#132 = CARTESIAN_POINT ( 'NONE',  ( 18.17147880028345597, 0.3769537665663796888, -14.99526278054661255 ) ) ;
#133 = CARTESIAN_POINT ( 'NONE',  ( 19.99999999999999645, 11.80695832568067161, -0.7832341987708919540 ) ) ;
#134 = ORIENTED_EDGE ( 'NONE', *, *, #2563, .F. ) ;
#135 = CARTESIAN_POINT ( 'NONE',  ( 19.20153488616647408, -5.596895385484577545, -11.97263588668852385 ) ) ;
#136 = DIRECTION ( 'NONE',  ( -1.000000000000000000, -0.000000000000000000, -0.000000000000000000 ) ) ;
#137 = ORIENTED_EDGE ( 'NONE', *, *, #738, .T. ) ;
#138 = CARTESIAN_POINT ( 'NONE',  ( 19.99999999999999645, 0.000000000000000000, 0.000000000000000000 ) ) ;
#139 = CARTESIAN_POINT ( 'NONE',  ( 9.999999999999998224, -13.17475538765970278, -7.171179852374825359 ) ) ;
#140 = CARTESIAN_POINT ( 'NONE',  ( 18.54108560795632243, 13.98969166912907625, 3.243237228481406831 ) ) ;
#141 = CARTESIAN_POINT ( 'NONE',  ( 9.999999999999998224, 9.927532457520049647, -11.24473651557300791 ) ) ;
#142 = ORIENTED_EDGE ( 'NONE', *, *, #1124, .T. ) ;
#143 = EDGE_CURVE ( 'NONE', #2492, #351, #5076, .T. ) ;
#144 = ORIENTED_EDGE ( 'NONE', *, *, #1599, .T. ) ;
#145 = EDGE_CURVE ( 'NONE', #1753, #3036, #2631, .T. ) ;
#146 = DIRECTION ( 'NONE',  ( 0.000000000000000000, 0.000000000000000000, 1.000000000000000000 ) ) ;
#147 = DIRECTION ( 'NONE',  ( -1.000000000000000000, -0.000000000000000000, -0.000000000000000000 ) ) ;
#148 = DIRECTION ( 'NONE',  ( 0.000000000000000000, 0.9848077530122085754, -0.1736481776669273058 ) ) ;
#149 = DIRECTION ( 'NONE',  ( -1.000000000000000000, -0.000000000000000000, -0.000000000000000000 ) ) ;
#150 = EDGE_LOOP ( 'NONE', ( #4826, #605, #1954, #4561 ) ) ;
#151 = EDGE_CURVE ( 'NONE', #1565, #3661, #1404, .T. ) ;
#152 = ORIENTED_EDGE ( 'NONE', *, *, #2615, .T. ) ;
#153 = CARTESIAN_POINT ( 'NONE',  ( 19.99999999999999645, 12.44990391086189163, -2.435301323468647805 ) ) ;
#154 = CARTESIAN_POINT ( 'NONE',  ( 0.000000000000000000, 11.10256122485993302, 6.137094929526425879 ) ) ;
#155 = DIRECTION ( 'NONE',  ( -1.000000000000000000, 0.000000000000000000, 0.000000000000000000 ) ) ;
#156 = VERTEX_POINT ( 'NONE', #4198 ) ;
#157 = CARTESIAN_POINT ( 'NONE',  ( 18.17147880028345597, -0.3769537665662802683, 14.99526278054661255 ) ) ;
#158 = DIRECTION ( 'NONE',  ( 0.000000000000000000, 0.000000000000000000, 1.000000000000000000 ) ) ;
#159 = VERTEX_POINT ( 'NONE', #345 ) ;
#160 = SURFACE_STYLE_USAGE ( .BOTH. , #2867 ) ;
#161 = VECTOR ( 'NONE', #2985, 1000.000000000000000 ) ;
#162 = CIRCLE ( 'NONE', #3858, 11.83290837936660012 ) ;
#163 = FACE_BOUND ( 'NONE', #2046, .T. ) ;
#164 = CARTESIAN_POINT ( 'NONE',  ( 19.99999999999999645, 0.000000000000000000, 0.000000000000000000 ) ) ;
#165 = DIRECTION ( 'NONE',  ( -1.000000000000000000, 0.000000000000000000, -0.000000000000000000 ) ) ;
#166 = ORIENTED_EDGE ( 'NONE', *, *, #1481, .F. ) ;
#167 = ORIENTED_EDGE ( 'NONE', *, *, #4950, .T. ) ;
#168 = DIRECTION ( 'NONE',  ( 1.000000000000000000, 0.000000000000000000, 0.000000000000000000 ) ) ;
#169 = AXIS2_PLACEMENT_3D ( 'NONE', #2628, #165, #473 ) ;
#170 = AXIS2_PLACEMENT_3D ( 'NONE', #1813, #309, #1919 ) ;
#171 = CARTESIAN_POINT ( 'NONE',  ( 0.000000000000000000, 11.36279348549009605, -3.302218181857184742 ) ) ;
#172 = DIRECTION ( 'NONE',  ( 0.000000000000000000, 1.243449787580175168E-14, 1.000000000000000000 ) ) ;
#173 = EDGE_CURVE ( 'NONE', #2718, #3946, #1112, .T. ) ;
#174 = EDGE_CURVE ( 'NONE', #3370, #563, #650, .T. ) ;
#175 = AXIS2_PLACEMENT_3D ( 'NONE', #2652, #255, #3501 ) ;
#176 = CARTESIAN_POINT ( 'NONE',  ( 0.6392785278793300385, -9.231171301949762764, -9.070308238515581323 ) ) ;
#177 = VERTEX_POINT ( 'NONE', #270 ) ;
#178 = B_SPLINE_CURVE_WITH_KNOTS ( 'NONE', 3,
 ( #1233, #794, #4718, #98, #458, #3903, #3954, #27 ),
 .UNSPECIFIED., .F., .F.,
 ( 4, 2, 2, 4 ),
 ( 3.929789713160240109E-07, 0.001917556271398184907, 0.002876137917611621200, 0.003834719563825057277 ),
 .UNSPECIFIED. ) ;
#179 = ORIENTED_EDGE ( 'NONE', *, *, #804, .F. ) ;
#180 = CIRCLE ( 'NONE', #4267, 11.62399999999418831 ) ;
#181 = AXIS2_PLACEMENT_3D ( 'NONE', #1070, #4989, #4921 ) ;
#182 = LINE ( 'NONE', #4034, #2661 ) ;
#183 = EDGE_CURVE ( 'NONE', #3128, #4568, #3134, .T. ) ;
#184 = DIRECTION ( 'NONE',  ( 0.000000000000000000, 0.000000000000000000, 1.000000000000000000 ) ) ;
#185 = CIRCLE ( 'NONE', #3148, 1.749999999999999778 ) ;
#186 = CARTESIAN_POINT ( 'NONE',  ( 18.31070239317380910, 0.5405309722114028936, -14.74993222881805721 ) ) ;
#187 = ORIENTED_EDGE ( 'NONE', *, *, #1108, .F. ) ;
#188 = AXIS2_PLACEMENT_3D ( 'NONE', #3403, #4446, #260 ) ;
#189 = DIRECTION ( 'NONE',  ( 1.000000000000000000, 0.000000000000000000, 0.000000000000000000 ) ) ;
#190 = CARTESIAN_POINT ( 'NONE',  ( 1.828521199716542922, 0.000000000000000000, 0.000000000000000000 ) ) ;
#191 = VECTOR ( 'NONE', #2525, 1000.000000000000000 ) ;
#192 = VERTEX_POINT ( 'NONE', #726 ) ;
#193 = EDGE_CURVE ( 'NONE', #4258, #2674, #1893, .T. ) ;
#194 = AXIS2_PLACEMENT_3D ( 'NONE', #782, #370, #2280 ) ;
#195 = FACE_BOUND ( 'NONE', #3420, .T. ) ;
#196 = CARTESIAN_POINT ( 'NONE',  ( 0.000000000000000000, 2.821591908417836247, -11.49157690731934700 ) ) ;
#197 = CARTESIAN_POINT ( 'NONE',  ( 5.000000000000000888, 0.2738250307120562721, 6.994644099306219331 ) ) ;
#198 = ORIENTED_EDGE ( 'NONE', *, *, #3009, .F. ) ;
#199 = ORIENTED_EDGE ( 'NONE', *, *, #4943, .T. ) ;
#200 = DIRECTION ( 'NONE',  ( 0.000000000000000000, 0.000000000000000000, 1.000000000000000000 ) ) ;
#201 = CARTESIAN_POINT ( 'NONE',  ( 19.99999999999999645, -1.265738570989169753, -11.55488130054892437 ) ) ;
#202 = CARTESIAN_POINT ( 'NONE',  ( 0.6392785268765421858, 10.53548594818479245, -7.515886570329747940 ) ) ;
#203 = AXIS2_PLACEMENT_3D ( 'NONE', #1800, #2541, #1853 ) ;
#204 = CARTESIAN_POINT ( 'NONE',  ( 18.45421248735206277, -12.21207678370156735, -7.837843739092237527 ) ) ;
#205 = ORIENTED_EDGE ( 'NONE', *, *, #3353, .T. ) ;
#206 = VERTEX_POINT ( 'NONE', #3084 ) ;
#207 = EDGE_CURVE ( 'NONE', #1013, #269, #2586, .T. ) ;
#208 = AXIS2_PLACEMENT_3D ( 'NONE', #15, #4636, #2668 ) ;
#209 = CARTESIAN_POINT ( 'NONE',  ( 9.999999999999998224, -14.70199371010881606, 2.975127047320149654 ) ) ;
#210 = DIRECTION ( 'NONE',  ( -1.000000000000000000, 0.000000000000000000, -0.000000000000000000 ) ) ;
#211 = CARTESIAN_POINT ( 'NONE',  ( 19.67738667981509693, 11.91558759522068378, -3.402389818653279274 ) ) ;
#212 = ORIENTED_EDGE ( 'NONE', *, *, #1344, .F. ) ;
#213 = EDGE_CURVE ( 'NONE', #1275, #1687, #4994, .T. ) ;
#214 = EDGE_CURVE ( 'NONE', #1654, #2328, #2879, .T. ) ;
#215 = FACE_OUTER_BOUND ( 'NONE', #2233, .T. ) ;
#216 = CARTESIAN_POINT ( 'NONE',  ( 19.99999999999999645, 2.821591908417683925, 11.49157690731938608 ) ) ;
#217 = ORIENTED_EDGE ( 'NONE', *, *, #3760, .T. ) ;
#218 = ADVANCED_FACE ( 'NONE', ( #705 ), #407, .T. ) ;
#219 = CARTESIAN_POINT ( 'NONE',  ( 1.259845897081690369, -0.9377931721426686629, 13.98497143389279529 ) ) ;
#220 = FACE_OUTER_BOUND ( 'NONE', #3121, .T. ) ;
#221 = CARTESIAN_POINT ( 'NONE',  ( 19.99999999999999645, -9.373951458494524047, 6.873602407300938744 ) ) ;
#222 = ORIENTED_EDGE ( 'NONE', *, *, #4726, .F. ) ;
#223 = ORIENTED_EDGE ( 'NONE', *, *, #3444, .T. ) ;
#224 = CARTESIAN_POINT ( 'NONE',  ( 19.36072142305645727, -1.241205718136049407, 12.88194184595531766 ) ) ;
#225 = DIRECTION ( 'NONE',  ( 0.000000000000000000, 0.000000000000000000, 1.000000000000000000 ) ) ;
#226 = DIRECTION ( 'NONE',  ( 1.000000000000000000, -0.000000000000000000, -0.000000000000000000 ) ) ;
#227 = CARTESIAN_POINT ( 'NONE',  ( 0.000000000000000000, -8.541201577072266460, -8.189358725462117405 ) ) ;
#228 = VERTEX_POINT ( 'NONE', #3108 ) ;
#229 = ORIENTED_EDGE ( 'NONE', *, *, #1025, .F. ) ;
#230 = CARTESIAN_POINT ( 'NONE',  ( 19.99999999999999645, -7.971798191701887859, -9.868193021853636893 ) ) ;
#231 = CARTESIAN_POINT ( 'NONE',  ( 18.90216944829623102, 5.641346040721583854, -12.52271484833484827 ) ) ;
#232 = CARTESIAN_POINT ( 'NONE',  ( 18.17147880028345597, 9.350005781138397865, -11.72933893671990191 ) ) ;
#233 = CARTESIAN_POINT ( 'NONE',  ( 18.75075727305691231, -13.59478380164425459, -3.332630163112405342 ) ) ;
#234 = EDGE_CURVE ( 'NONE', #112, #4634, #1511, .T. ) ;
#235 = ADVANCED_FACE ( 'NONE', ( #1123 ), #4986, .F. ) ;
#236 = EDGE_LOOP ( 'NONE', ( #3677, #4680, #3520, #3341, #501, #3918 ) ) ;
#237 = CARTESIAN_POINT ( 'NONE',  ( 5.000000000000000888, -0.2738250307121672944, -6.994644099306175811 ) ) ;
#238 = FACE_BOUND ( 'NONE', #4352, .T. ) ;
#239 = EDGE_CURVE ( 'NONE', #3043, #3394, #1067, .T. ) ;
#240 = CARTESIAN_POINT ( 'NONE',  ( 19.99999999999999645, -10.86616072683645839, -6.546552603037663509 ) ) ;
#241 = EDGE_LOOP ( 'NONE', ( #3585, #1613, #1931, #3925 ) ) ;
#242 = ORIENTED_EDGE ( 'NONE', *, *, #3823, .F. ) ;
#243 = CARTESIAN_POINT ( 'NONE',  ( 1.097830551703770308, -5.641346040721320065, -12.52271484833496906 ) ) ;
#244 = CARTESIAN_POINT ( 'NONE',  ( 1.545787533495801780, 8.794898037660816570, -11.54194019240577163 ) ) ;
#245 = DIRECTION ( 'NONE',  ( -1.000000000000000000, 0.000000000000000000, -0.000000000000000000 ) ) ;
#246 = DIRECTION ( 'NONE',  ( 0.4999999999999941713, 0.000000000000000000, -0.8660254037844421493 ) ) ;
#247 = AXIS2_PLACEMENT_3D ( 'NONE', #562, #1348, #3350 ) ;
#248 = EDGE_LOOP ( 'NONE', ( #1104, #1197, #644, #3761 ) ) ;
#249 = ORIENTED_EDGE ( 'NONE', *, *, #3879, .T. ) ;
#250 = DIRECTION ( 'NONE',  ( 0.000000000000000000, 0.000000000000000000, -1.000000000000000000 ) ) ;
#251 = AXIS2_PLACEMENT_3D ( 'NONE', #3301, #2916, #4490 ) ;
#252 = AXIS2_PLACEMENT_3D ( 'NONE', #4741, #3192, #1190 ) ;
#253 = ADVANCED_FACE ( 'NONE', ( #2639 ), #292, .T. ) ;
#254 = CARTESIAN_POINT ( 'NONE',  ( 0.8749281965046934451, 12.90039764418280832, 3.430316763067319474 ) ) ;
#255 = DIRECTION ( 'NONE',  ( 1.000000000000000000, 0.000000000000000000, 0.000000000000000000 ) ) ;
#256 = CARTESIAN_POINT ( 'NONE',  ( 18.74015435325723544, 8.270974728671653509, -11.31591122557694185 ) ) ;
#257 = AXIS2_PLACEMENT_3D ( 'NONE', #3206, #4346, #2049 ) ;
#258 = CIRCLE ( 'NONE', #834, 5.399999999997301181 ) ;
#259 = AXIS2_PLACEMENT_3D ( 'NONE', #1431, #1795, #3311 ) ;
#260 = DIRECTION ( 'NONE',  ( 0.000000000000000000, 0.000000000000000000, 1.000000000000000000 ) ) ;
#261 = ORIENTED_EDGE ( 'NONE', *, *, #836, .F. ) ;
#262 = CARTESIAN_POINT ( 'NONE',  ( 19.99999999999999645, -9.548108053977665932, -6.989374314203755212 ) ) ;
#263 = VECTOR ( 'NONE', #4492, 1000.000000000000000 ) ;
#264 = EDGE_CURVE ( 'NONE', #1703, #1596, #1568, .T. ) ;
#265 = DIRECTION ( 'NONE',  ( -1.000000000000000000, 0.000000000000000000, -0.000000000000000000 ) ) ;
#266 = CIRCLE ( 'NONE', #4204, 11.83290837936660189 ) ;
#267 = CARTESIAN_POINT ( 'NONE',  ( 19.99999999999999645, 0.000000000000000000, 0.000000000000000000 ) ) ;
#268 = ORIENTED_EDGE ( 'NONE', *, *, #3597, .F. ) ;
#269 = VERTEX_POINT ( 'NONE', #2283 ) ;
#270 = CARTESIAN_POINT ( 'NONE',  ( 0.000000000000000000, -7.000001873099979122, 1.749999999999998002 ) ) ;
#271 = ADVANCED_FACE ( 'NONE', ( #861 ), #651, .T. ) ;
#272 = VECTOR ( 'NONE', #674, 1000.000000000000000 ) ;
#273 = CARTESIAN_POINT ( 'NONE',  ( 19.99999999999999645, 0.000000000000000000, 0.000000000000000000 ) ) ;
#274 = DIRECTION ( 'NONE',  ( 0.000000000000000000, 0.3420201433256694901, -0.9396926207859080948 ) ) ;
#275 = FACE_OUTER_BOUND ( 'NONE', #4085, .T. ) ;
#276 = AXIS2_PLACEMENT_3D ( 'NONE', #616, #4134, #4540 ) ;
#277 = VERTEX_POINT ( 'NONE', #1614 ) ;
#278 = ORIENTED_EDGE ( 'NONE', *, *, #1025, .T. ) ;
#279 = CARTESIAN_POINT ( 'NONE',  ( 1.828521199716542922, 0.3769537665663796888, -14.99526278054661255 ) ) ;
#280 = CARTESIAN_POINT ( 'NONE',  ( 19.99999999999999645, -6.581779876088724279, 9.833508752078165216 ) ) ;
#281 = CARTESIAN_POINT ( 'NONE',  ( 18.45421248525661895, 9.839374161089709858, -10.66552061893436942 ) ) ;
#282 = ORIENTED_EDGE ( 'NONE', *, *, #702, .T. ) ;
#283 = AXIS2_PLACEMENT_3D ( 'NONE', #4895, #1388, #1825 ) ;
#284 = CARTESIAN_POINT ( 'NONE',  ( 1.828521199716542478, -14.83290837936660012, -2.232673063637196975 ) ) ;
#285 = DIRECTION ( 'NONE',  ( 1.000000000000000000, -0.000000000000000000, -0.000000000000000000 ) ) ;
#286 = VERTEX_POINT ( 'NONE', #468 ) ;
#287 = DIRECTION ( 'NONE',  ( -1.000000000000000000, 0.000000000000000000, 0.000000000000000000 ) ) ;
#288 = DIRECTION ( 'NONE',  ( 0.000000000000000000, 0.000000000000000000, -1.000000000000000000 ) ) ;
#289 = CARTESIAN_POINT ( 'NONE',  ( 19.99999999999999645, 1.265738570989400236, -11.55488130054889773 ) ) ;
#290 = ORIENTED_EDGE ( 'NONE', *, *, #3760, .F. ) ;
#291 = ORIENTED_EDGE ( 'NONE', *, *, #4164, .F. ) ;
#292 = CYLINDRICAL_SURFACE ( 'NONE', #3044, 14.99999999999250022 ) ;
#293 = DIRECTION ( 'NONE',  ( 0.000000000000000000, 0.000000000000000000, -1.000000000000000000 ) ) ;
#294 = CARTESIAN_POINT ( 'NONE',  ( 19.67738667440014311, 1.281579797326757086, 12.32538184688693761 ) ) ;
#295 = ADVANCED_FACE ( 'NONE', ( #85 ), #1324, .T. ) ;
#296 = CARTESIAN_POINT ( 'NONE',  ( 20.00000000000000000, 0.2738250307120562721, 6.994644099306219331 ) ) ;
#297 = EDGE_CURVE ( 'NONE', #5042, #36, #1733, .T. ) ;
#298 = ORIENTED_EDGE ( 'NONE', *, *, #1690, .T. ) ;
#299 = VERTEX_POINT ( 'NONE', #3967 ) ;
#300 = DIRECTION ( 'NONE',  ( -1.000000000000000000, -0.000000000000000000, -0.000000000000000000 ) ) ;
#301 = CARTESIAN_POINT ( 'NONE',  ( 0.6697830301731680924, 12.53200494222449990, 3.430316763067322139 ) ) ;
#302 = CARTESIAN_POINT ( 'NONE',  ( 1.828521199716542922, 9.927532457519896880, 11.24473651557314113 ) ) ;
#303 = EDGE_CURVE ( 'NONE', #4764, #1419, #3131, .T. ) ;
#304 = ORIENTED_EDGE ( 'NONE', *, *, #364, .F. ) ;
#305 = VERTEX_POINT ( 'NONE', #2047 ) ;
#306 = CARTESIAN_POINT ( 'NONE',  ( 0.000000000000000000, 0.2738250307120562721, 6.994644099306219331 ) ) ;
#307 = CARTESIAN_POINT ( 'NONE',  ( 0.000000000000000000, 0.000000000000000000, 0.000000000000000000 ) ) ;
#308 = ORIENTED_EDGE ( 'NONE', *, *, #28, .T. ) ;
#309 = DIRECTION ( 'NONE',  ( 1.000000000000000000, 0.000000000000000000, 0.000000000000000000 ) ) ;
#310 = DIRECTION ( 'NONE',  ( -1.000000000000000000, 0.000000000000000000, 0.000000000000000000 ) ) ;
#311 = LINE ( 'NONE', #3081, #4286 ) ;
#312 = ORIENTED_EDGE ( 'NONE', *, *, #389, .F. ) ;
#313 = ORIENTED_EDGE ( 'NONE', *, *, #2359, .T. ) ;
#314 = DIRECTION ( 'NONE',  ( 0.000000000000000000, 0.000000000000000000, -1.000000000000000000 ) ) ;
#315 = DIRECTION ( 'NONE',  ( 1.000000000000000000, -0.000000000000000000, -0.000000000000000000 ) ) ;
#316 = CARTESIAN_POINT ( 'NONE',  ( 18.17147880028345597, 14.70199371010883205, -2.975127047320053730 ) ) ;
#317 = CARTESIAN_POINT ( 'NONE',  ( 1.828521199716542922, 14.83290837936661433, 2.232673063637094391 ) ) ;
#318 = ORIENTED_EDGE ( 'NONE', *, *, #670, .F. ) ;
#319 = ORIENTED_EDGE ( 'NONE', *, *, #2786, .T. ) ;
#320 = VERTEX_POINT ( 'NONE', #4396 ) ;
#321 = EDGE_CURVE ( 'NONE', #585, #3166, #44, .T. ) ;
#322 = DIRECTION ( 'NONE',  ( 0.000000000000000000, 0.3420201433256694901, -0.9396926207859080948 ) ) ;
#323 = EDGE_CURVE ( 'NONE', #2423, #3441, #4262, .T. ) ;
#324 = CARTESIAN_POINT ( 'NONE',  ( -10.00000000000000000, 0.000000000000000000, 14.99999999999250022 ) ) ;
#325 = VECTOR ( 'NONE', #887, 1000.000000000000000 ) ;
#326 = CIRCLE ( 'NONE', #2058, 14.99999999999250022 ) ;
#327 = CARTESIAN_POINT ( 'NONE',  ( 1.828521199716542922, 0.000000000000000000, 0.000000000000000000 ) ) ;
#328 = CARTESIAN_POINT ( 'NONE',  ( 1.249242681997290161, 9.683534255876717012, 10.10711296822063332 ) ) ;
#329 = ORIENTED_EDGE ( 'NONE', *, *, #554, .T. ) ;
#330 = AXIS2_PLACEMENT_3D ( 'NONE', #125, #892, #4818 ) ;
#331 = AXIS2_PLACEMENT_3D ( 'NONE', #1118, #3859, #2682 ) ;
#332 = EDGE_CURVE ( 'NONE', #3646, #2365, #2394, .T. ) ;
#333 = CYLINDRICAL_SURFACE ( 'NONE', #3391, 1.750000000000000000 ) ;
#334 = VECTOR ( 'NONE', #1044, 1000.000000000000000 ) ;
#335 = CIRCLE ( 'NONE', #3055, 3.000000000000000000 ) ;
#336 = CYLINDRICAL_SURFACE ( 'NONE', #3, 5.399999999997299405 ) ;
#337 = ORIENTED_EDGE ( 'NONE', *, *, #4477, .T. ) ;
#338 = CARTESIAN_POINT ( 'NONE',  ( 0.000000000000000000, 0.2364004980233832820, 12.68364753256398814 ) ) ;
#339 = CONICAL_SURFACE ( 'NONE', #663, 15.03290837936660296, 1.047197551196604515 ) ;
#340 = CIRCLE ( 'NONE', #3042, 5.399999999997299405 ) ;
#341 = CARTESIAN_POINT ( 'NONE',  ( 1.828521199716542922, 0.000000000000000000, 0.000000000000000000 ) ) ;
#342 = CARTESIAN_POINT ( 'NONE',  ( 19.99999999999999645, -1.278921685669845321, -11.76359128992536007 ) ) ;
#343 = CIRCLE ( 'NONE', #1082, 11.62399999999419009 ) ;
#344 = ORIENTED_EDGE ( 'NONE', *, *, #2246, .F. ) ;
#345 = CARTESIAN_POINT ( 'NONE',  ( 0.000000000000000000, -8.541201577072266460, -8.189358725462117405 ) ) ;
#346 = ADVANCED_FACE ( 'NONE', ( #447 ), #1737, .T. ) ;
#347 = CARTESIAN_POINT ( 'NONE',  ( 19.99999999999999645, 6.457722532643807689, 9.665153681719154122 ) ) ;
#348 = AXIS2_PLACEMENT_3D ( 'NONE', #361, #1940, #3503 ) ;
#349 = LINE ( 'NONE', #2712, #2808 ) ;
#350 = CARTESIAN_POINT ( 'NONE',  ( 0.000000000000000000, -0.2738250307121672944, -6.994644099306175811 ) ) ;
#351 = VERTEX_POINT ( 'NONE', #3129 ) ;
#352 = CONICAL_SURFACE ( 'NONE', #1346, 11.83290837936660012, 1.047197551196604515 ) ;
#353 = ORIENTED_EDGE ( 'NONE', *, *, #3731, .T. ) ;
#354 = DIRECTION ( 'NONE',  ( 0.000000000000000000, 0.000000000000000000, 1.000000000000000000 ) ) ;
#355 = CARTESIAN_POINT ( 'NONE',  ( 18.44922866261973127, -4.300410844387626774, 13.87156079804721109 ) ) ;
#356 = AXIS2_PLACEMENT_3D ( 'NONE', #4679, #2358, #3862 ) ;
#357 = CARTESIAN_POINT ( 'NONE',  ( 19.99999999999999645, -0.2364004980234717390, 12.68364753256398814 ) ) ;
#358 = CARTESIAN_POINT ( 'NONE',  ( 18.33875428288535048, 12.44990391086189874, 7.835301323466232759 ) ) ;
#359 = VERTEX_POINT ( 'NONE', #4731 ) ;
#360 = B_SPLINE_CURVE_WITH_KNOTS ( 'NONE', 3,
 ( #279, #4156, #4585, #3348, #4878, #2270, #3774, #2960 ),
 .UNSPECIFIED., .F., .F.,
 ( 4, 2, 2, 4 ),
 ( 2.618910301331996387E-07, 0.001922914062810805345, 0.002884240148701144001, 0.003845566234591482439 ),
 .UNSPECIFIED. ) ;
#361 = CARTESIAN_POINT ( 'NONE',  ( 19.99999999999999645, -11.10256122485989039, -6.137094929526502263 ) ) ;
#362 = CIRCLE ( 'NONE', #523, 11.83290837936660012 ) ;
#363 = CARTESIAN_POINT ( 'NONE',  ( 19.20153486854739455, 10.81885399250311686, -7.590892379970058279 ) ) ;
#364 = EDGE_CURVE ( 'NONE', #2782, #2685, #3892, .T. ) ;
#365 = EDGE_CURVE ( 'NONE', #604, #1374, #2150, .T. ) ;
#366 = ORIENTED_EDGE ( 'NONE', *, *, #2225, .F. ) ;
#367 = DIRECTION ( 'NONE',  ( -1.000000000000000000, 0.000000000000000000, 0.000000000000000000 ) ) ;
#368 = CIRCLE ( 'NONE', #124, 5.399999999997299405 ) ;
#369 = CARTESIAN_POINT ( 'NONE',  ( 1.828521199716544032, -13.17475538765980225, 7.171179852374649499 ) ) ;
#370 = DIRECTION ( 'NONE',  ( -1.000000000000000000, -0.000000000000000000, 0.000000000000000000 ) ) ;
#371 = ADVANCED_FACE ( 'NONE', ( #5062 ), #2790, .T. ) ;
#372 = ORIENTED_EDGE ( 'NONE', *, *, #4579, .T. ) ;
#373 = DIRECTION ( 'NONE',  ( -1.000000000000000000, 0.000000000000000000, 0.000000000000000000 ) ) ;
#374 = DIRECTION ( 'NONE',  ( 0.000000000000000000, 0.000000000000000000, 1.000000000000000000 ) ) ;
#375 = DIRECTION ( 'NONE',  ( -1.000000000000000000, 0.000000000000000000, 0.000000000000000000 ) ) ;
#376 = DIRECTION ( 'NONE',  ( -1.000000000000000000, 0.000000000000000000, 0.000000000000000000 ) ) ;
#377 = VERTEX_POINT ( 'NONE', #807 ) ;
#378 = ORIENTED_EDGE ( 'NONE', *, *, #573, .F. ) ;
#379 = ORIENTED_EDGE ( 'NONE', *, *, #873, .F. ) ;
#380 = DIRECTION ( 'NONE',  ( 0.000000000000000000, -0.6427876096865459132, 0.7660444431189724623 ) ) ;
#381 = CARTESIAN_POINT ( 'NONE',  ( 1.828521199716542922, 4.774461252589029314, -14.21986356289331788 ) ) ;
#382 = DIRECTION ( 'NONE',  ( 1.000000000000000000, 0.000000000000000000, 0.000000000000000000 ) ) ;
#383 = DIRECTION ( 'NONE',  ( -1.000000000000000000, -0.000000000000000000, -0.000000000000000000 ) ) ;
#384 = ORIENTED_EDGE ( 'NONE', *, *, #2533, .F. ) ;
#385 = CYLINDRICAL_SURFACE ( 'NONE', #1259, 1.749999999999999778 ) ;
#386 = CYLINDRICAL_SURFACE ( 'NONE', #2885, 14.99999999999250022 ) ;
#387 = ORIENTED_EDGE ( 'NONE', *, *, #4413, .F. ) ;
#388 = DIRECTION ( 'NONE',  ( 0.000000000000000000, 0.000000000000000000, 1.000000000000000000 ) ) ;
#389 = EDGE_CURVE ( 'NONE', #2177, #2749, #3936, .T. ) ;
#390 = EDGE_CURVE ( 'NONE', #4516, #1319, #3216, .T. ) ;
#391 = FACE_OUTER_BOUND ( 'NONE', #1234, .T. ) ;
#392 = CARTESIAN_POINT ( 'NONE',  ( 18.17147880028345597, 0.000000000000000000, 0.000000000000000000 ) ) ;
#393 = ORIENTED_EDGE ( 'NONE', *, *, #3546, .T. ) ;
#394 = CARTESIAN_POINT ( 'NONE',  ( 19.99999999999999645, -2.821591908417606653, -11.49157690731940740 ) ) ;
#395 = CARTESIAN_POINT ( 'NONE',  ( 5.000000000000000888, 7.000001873099979122, 2.999999999999998224 ) ) ;
#396 = EDGE_CURVE ( 'NONE', #3766, #2365, #3504, .T. ) ;
#397 = CARTESIAN_POINT ( 'NONE',  ( 0.6392785769435410659, 1.241205718135962144, 12.88194184595533187 ) ) ;
#398 = DIRECTION ( 'NONE',  ( 0.000000000000000000, -0.6427876096865456912, 0.7660444431189726844 ) ) ;
#399 = VERTEX_POINT ( 'NONE', #784 ) ;
#400 = ORIENTED_EDGE ( 'NONE', *, *, #2850, .T. ) ;
#401 = ORIENTED_EDGE ( 'NONE', *, *, #3663, .F. ) ;
#402 = FACE_BOUND ( 'NONE', #2681, .T. ) ;
#403 = CARTESIAN_POINT ( 'NONE',  ( 1.140091378167340741, 11.42115302953839695, 7.761033065252143537 ) ) ;
#404 = CARTESIAN_POINT ( 'NONE',  ( 18.31070242263945858, -13.04408147270477336, 6.906852504998783893 ) ) ;
#405 = ORIENTED_EDGE ( 'NONE', *, *, #3849, .T. ) ;
#406 = EDGE_CURVE ( 'NONE', #3496, #3396, #4591, .T. ) ;
#407 = CONICAL_SURFACE ( 'NONE', #4917, 15.03290837936660296, 1.047197551196604515 ) ;
#408 = CARTESIAN_POINT ( 'NONE',  ( 19.67738667865920377, 11.31488368403051048, 5.052810256048575255 ) ) ;
#409 = DIRECTION ( 'NONE',  ( 1.000000000000000000, -0.000000000000000000, -0.000000000000000000 ) ) ;
#410 = AXIS2_PLACEMENT_3D ( 'NONE', #3707, #1423, #2526 ) ;
#411 = EDGE_LOOP ( 'NONE', ( #291, #4984, #1258, #1290 ) ) ;
#412 = CIRCLE ( 'NONE', #2968, 11.83290837936660012 ) ;
#413 = ORIENTED_EDGE ( 'NONE', *, *, #1084, .F. ) ;
#414 = CARTESIAN_POINT ( 'NONE',  ( 0.000000000000000000, -11.10256122485997565, 6.137094929526348608 ) ) ;
#415 = AXIS2_PLACEMENT_3D ( 'NONE', #846, #2496, #2086 ) ;
#416 = CIRCLE ( 'NONE', #3782, 14.99999999999250022 ) ;
#417 = CARTESIAN_POINT ( 'NONE',  ( 9.999999999999998224, -4.774461252588936944, 14.21986356289334985 ) ) ;
#418 = FACE_BOUND ( 'NONE', #431, .T. ) ;
#419 = ORIENTED_EDGE ( 'NONE', *, *, #737, .T. ) ;
#420 = ADVANCED_FACE ( 'NONE', ( #493 ), #1300, .T. ) ;
#421 = DIRECTION ( 'NONE',  ( 0.000000000000000000, 0.000000000000000000, -1.000000000000000000 ) ) ;
#422 = CIRCLE ( 'NONE', #2158, 1.749999999999999778 ) ;
#423 = VECTOR ( 'NONE', #708, 1000.000000000000000 ) ;
#424 = B_SPLINE_CURVE_WITH_KNOTS ( 'NONE', 3,
 ( #3127, #3158, #1585, #1200, #753, #3106, #5041, #342 ),
 .UNSPECIFIED., .F., .F.,
 ( 4, 2, 2, 4 ),
 ( 2.618910301372479268E-07, 0.001922914062810810983, 0.002884240148701145302, 0.003845566234591479837 ),
 .UNSPECIFIED. ) ;
#425 = CYLINDRICAL_SURFACE ( 'NONE', #2402, 11.62399999999418831 ) ;
#426 = CYLINDRICAL_SURFACE ( 'NONE', #3059, 5.399999999997299405 ) ;
#427 = VERTEX_POINT ( 'NONE', #2486 ) ;
#428 = EDGE_CURVE ( 'NONE', #156, #1275, #3683, .T. ) ;
#429 = ORIENTED_EDGE ( 'NONE', *, *, #4637, .F. ) ;
#430 = EDGE_CURVE ( 'NONE', #1550, #159, #412, .T. ) ;
#431 = EDGE_LOOP ( 'NONE', ( #1871, #2500 ) ) ;
#432 = CIRCLE ( 'NONE', #758, 11.83290837936660012 ) ;
#433 = CARTESIAN_POINT ( 'NONE',  ( 0.000000000000000000, -12.44990391086183834, -2.435301323468902712 ) ) ;
#434 = CARTESIAN_POINT ( 'NONE',  ( 19.67738667247986228, -3.011237789532761333, 12.02039647870676831 ) ) ;
#435 = CYLINDRICAL_SURFACE ( 'NONE', #4515, 14.99999999999250022 ) ;
#436 = ORIENTED_EDGE ( 'NONE', *, *, #1959, .T. ) ;
#437 = AXIS2_PLACEMENT_3D ( 'NONE', #1323, #2896, #3965 ) ;
#438 = CARTESIAN_POINT ( 'NONE',  ( 18.74015404196885370, 3.901904676404958749, -13.46231870482380621 ) ) ;
#439 = FACE_OUTER_BOUND ( 'NONE', #882, .T. ) ;
#440 = VECTOR ( 'NONE', #4823, 1000.000000000000000 ) ;
#441 = ORIENTED_EDGE ( 'NONE', *, *, #3014, .F. ) ;
#442 = DIRECTION ( 'NONE',  ( 0.000000000000000000, 0.000000000000000000, -1.000000000000000000 ) ) ;
#443 = CARTESIAN_POINT ( 'NONE',  ( 1.259845584441071642, -11.64244338687633373, -7.804638285749667226 ) ) ;
#444 = CARTESIAN_POINT ( 'NONE',  ( 18.74015437303690845, 5.664379221302937140, 12.82082980542846151 ) ) ;
#445 = VERTEX_POINT ( 'NONE', #883 ) ;
#446 = AXIS2_PLACEMENT_3D ( 'NONE', #1100, #2743, #3491 ) ;
#447 = FACE_OUTER_BOUND ( 'NONE', #4990, .T. ) ;
#448 = CARTESIAN_POINT ( 'NONE',  ( 9.999999999999998224, -9.927532457519816944, -11.24473651557321041 ) ) ;
#449 = CYLINDRICAL_SURFACE ( 'NONE', #499, 14.99999999999250022 ) ;
#450 = DIRECTION ( 'NONE',  ( -1.000000000000000000, 0.000000000000000000, 0.000000000000000000 ) ) ;
#451 = ORIENTED_EDGE ( 'NONE', *, *, #564, .F. ) ;
#452 = EDGE_LOOP ( 'NONE', ( #3362, #3824, #3426, #2912, #3805, #2009 ) ) ;
#453 = VERTEX_POINT ( 'NONE', #1713 ) ;
#454 = LINE ( 'NONE', #3213, #1026 ) ;
#455 = CARTESIAN_POINT ( 'NONE',  ( 19.99999999999999645, -5.225178449591893148, -10.61674295084913489 ) ) ;
#456 = ADVANCED_FACE ( 'NONE', ( #1689 ), #908, .F. ) ;
#457 = EDGE_CURVE ( 'NONE', #1703, #2626, #2343, .T. ) ;
#458 = CARTESIAN_POINT ( 'NONE',  ( 1.249242739201639418, 12.55638197784187149, 6.185615784928306660 ) ) ;
#459 = EDGE_LOOP ( 'NONE', ( #4979, #4770, #5070, #1836 ) ) ;
#460 = MANIFOLD_SOLID_BREP ( 'Cut-Revolve1', #2308 ) ;
#461 = CARTESIAN_POINT ( 'NONE',  ( 1.550771052156853624, 8.785416969337624948, 11.56417601774452031 ) ) ;
#462 = DIRECTION ( 'NONE',  ( -1.000000000000000000, -0.000000000000000000, -0.000000000000000000 ) ) ;
#463 = CARTESIAN_POINT ( 'NONE',  ( 0.000000000000000000, 1.278921685669924146, 11.76359128992534764 ) ) ;
#464 = ORIENTED_EDGE ( 'NONE', *, *, #1192, .T. ) ;
#465 = CARTESIAN_POINT ( 'NONE',  ( 18.44922896596627737, -5.622161729619175929, -13.39048224986540880 ) ) ;
#466 = DIRECTION ( 'NONE',  ( -1.000000000000000000, -0.000000000000000000, -0.000000000000000000 ) ) ;
#467 = ORIENTED_EDGE ( 'NONE', *, *, #239, .T. ) ;
#468 = CARTESIAN_POINT ( 'NONE',  ( 0.000000000000000000, 0.000000000000000000, 3.000000000000000444 ) ) ;
#469 = VERTEX_POINT ( 'NONE', #1326 ) ;
#470 = CARTESIAN_POINT ( 'NONE',  ( 19.99999999999999645, 4.560206750522498353, 11.83787625878355598 ) ) ;
#471 = CARTESIAN_POINT ( 'NONE',  ( 1.550771633609601130, -14.40757958027172414, 1.826307120116688942 ) ) ;
#472 = DIRECTION ( 'NONE',  ( 0.000000000000000000, 0.000000000000000000, 1.000000000000000000 ) ) ;
#473 = DIRECTION ( 'NONE',  ( 0.000000000000000000, 0.3420201433256693235, -0.9396926207859082059 ) ) ;
#474 = ORIENTED_EDGE ( 'NONE', *, *, #1756, .F. ) ;
#475 = ORIENTED_EDGE ( 'NONE', *, *, #4968, .F. ) ;
#476 = ORIENTED_EDGE ( 'NONE', *, *, #3699, .T. ) ;
#477 = CARTESIAN_POINT ( 'NONE',  ( 1.259845761902281813, -12.58023694486956146, 6.180332827330734524 ) ) ;
#478 = DIRECTION ( 'NONE',  ( -1.000000000000000000, -0.000000000000000000, -0.000000000000000000 ) ) ;
#479 = CARTESIAN_POINT ( 'NONE',  ( 19.33021696982684645, -12.53200494222448924, 3.430316763067235986 ) ) ;
#480 = ORIENTED_EDGE ( 'NONE', *, *, #671, .T. ) ;
#481 = EDGE_CURVE ( 'NONE', #269, #1463, #941, .T. ) ;
#482 = EDGE_CURVE ( 'NONE', #4155, #1364, #1983, .T. ) ;
#483 = DIRECTION ( 'NONE',  ( -1.000000000000000000, 0.000000000000000000, 0.000000000000000000 ) ) ;
#484 = DIRECTION ( 'NONE',  ( -1.000000000000000000, -0.000000000000000000, -0.000000000000000000 ) ) ;
#485 = CARTESIAN_POINT ( 'NONE',  ( 18.46733357942401810, 12.18676423943096765, 7.835301323466121737 ) ) ;
#486 = ORIENTED_EDGE ( 'NONE', *, *, #2892, .F. ) ;
#487 = EDGE_CURVE ( 'NONE', #1073, #128, #4512, .T. ) ;
#488 = AXIS2_PLACEMENT_3D ( 'NONE', #1409, #4482, #1336 ) ;
#489 = CARTESIAN_POINT ( 'NONE',  ( 19.67738667865920732, -11.31488368403047851, -5.052810256048656079 ) ) ;
#490 = AXIS2_PLACEMENT_3D ( 'NONE', #1975, #19, #1592 ) ;
#491 = CARTESIAN_POINT ( 'NONE',  ( -10.00000000000000000, 0.000000000000000000, 0.000000000000000000 ) ) ;
#492 = ORIENTED_EDGE ( 'NONE', *, *, #1881, .F. ) ;
#493 = FACE_OUTER_BOUND ( 'NONE', #633, .T. ) ;
#494 = AXIS2_PLACEMENT_3D ( 'NONE', #3586, #63, #832 ) ;
#495 = CARTESIAN_POINT ( 'NONE',  ( 19.99999999999999645, 0.000000000000000000, 0.000000000000000000 ) ) ;
#496 = CARTESIAN_POINT ( 'NONE',  ( 0.000000000000000000, 5.225178449591965979, 10.61674295084909758 ) ) ;
#497 = DIRECTION ( 'NONE',  ( 1.000000000000000000, 0.000000000000000000, 0.000000000000000000 ) ) ;
#498 = CYLINDRICAL_SURFACE ( 'NONE', #4025, 11.62399999999418831 ) ;
#499 = AXIS2_PLACEMENT_3D ( 'NONE', #3639, #4047, #3260 ) ;
#500 = AXIS2_PLACEMENT_3D ( 'NONE', #4975, #2677, #716 ) ;
#501 = ORIENTED_EDGE ( 'NONE', *, *, #107, .T. ) ;
#502 = ORIENTED_EDGE ( 'NONE', *, *, #5064, .T. ) ;
#503 = ADVANCED_FACE ( 'NONE', ( #1474 ), #4960, .T. ) ;
#504 = ORIENTED_EDGE ( 'NONE', *, *, #621, .T. ) ;
#505 = CARTESIAN_POINT ( 'NONE',  ( 0.000000000000000000, 0.000000000000000000, 0.000000000000000000 ) ) ;
#506 = CARTESIAN_POINT ( 'NONE',  ( 0.000000000000000000, 0.000000000000000000, 0.000000000000000000 ) ) ;
#507 = CARTESIAN_POINT ( 'NONE',  ( 19.20153489436258454, -7.570159122851206845, 10.83337152099637635 ) ) ;
#508 = ORIENTED_EDGE ( 'NONE', *, *, #4387, .F. ) ;
#509 = VERTEX_POINT ( 'NONE', #2278 ) ;
#510 = CARTESIAN_POINT ( 'NONE',  ( 0.7984651056374122424, 7.570159122851127798, 10.83337152099642609 ) ) ;
#511 = CARTESIAN_POINT ( 'NONE',  ( 1.828521199716543366, 5.482902598228515778, -13.96201200035704026 ) ) ;
#512 = CARTESIAN_POINT ( 'NONE',  ( 0.000000000000000000, 7.000001873099979122, -1.750000000000002442 ) ) ;
#513 = VERTEX_POINT ( 'NONE', #1842 ) ;
#514 = AXIS2_PLACEMENT_3D ( 'NONE', #3278, #830, #2456 ) ;
#515 = CARTESIAN_POINT ( 'NONE',  ( 19.99999999999999645, -5.141407353527460700, -10.42512860472035818 ) ) ;
#516 = EDGE_CURVE ( 'NONE', #3279, #469, #4411, .T. ) ;
#517 = ADVANCED_FACE ( 'NONE', ( #2302 ), #3022, .F. ) ;
#518 = AXIS2_PLACEMENT_3D ( 'NONE', #3013, #2601, #4926 ) ;
#519 = CYLINDRICAL_SURFACE ( 'NONE', #3481, 5.399999999997299405 ) ;
#520 = ORIENTED_EDGE ( 'NONE', *, *, #4245, .T. ) ;
#521 = DIRECTION ( 'NONE',  ( 0.000000000000000000, 0.000000000000000000, -1.000000000000000000 ) ) ;
#522 = B_SPLINE_CURVE_WITH_KNOTS ( 'NONE', 3,
 ( #4415, #4723, #4825, #3986, #2404, #2453, #485, #4802 ),
 .UNSPECIFIED., .F., .F.,
 ( 4, 2, 2, 4 ),
 ( 3.929789716555402271E-07, 0.001727949120237062385, 0.002591727190869763404, 0.003455505261502464422 ),
 .UNSPECIFIED. ) ;
#523 = AXIS2_PLACEMENT_3D ( 'NONE', #2163, #1413, #2642 ) ;
#524 = CARTESIAN_POINT ( 'NONE',  ( 18.17147880028345597, 9.927532457520049647, -11.24473651557300791 ) ) ;
#525 = CYLINDRICAL_SURFACE ( 'NONE', #106, 14.99999999999250022 ) ;
#526 = DIRECTION ( 'NONE',  ( 1.000000000000000000, 0.000000000000000000, 0.000000000000000000 ) ) ;
#527 = VECTOR ( 'NONE', #2414, 1000.000000000000000 ) ;
#528 = ORIENTED_EDGE ( 'NONE', *, *, #4663, .F. ) ;
#529 = VERTEX_POINT ( 'NONE', #1533 ) ;
#530 = PLANE ( 'NONE',  #488 ) ;
#531 = DIRECTION ( 'NONE',  ( 0.000000000000000000, 0.000000000000000000, 1.000000000000000000 ) ) ;
#532 = CONICAL_SURFACE ( 'NONE', #3332, 11.83290837936660012, 1.047197551196604515 ) ;
#533 = DIRECTION ( 'NONE',  ( -1.000000000000000000, 0.000000000000000000, 0.000000000000000000 ) ) ;
#534 = CARTESIAN_POINT ( 'NONE',  ( 0.000000000000000000, -1.265738570989169753, -11.55488130054892437 ) ) ;
#535 = ORIENTED_EDGE ( 'NONE', *, *, #4656, .T. ) ;
#536 = ORIENTED_EDGE ( 'NONE', *, *, #1151, .F. ) ;
#537 = CYLINDRICAL_SURFACE ( 'NONE', #4135, 5.399999999997299405 ) ;
#538 = FACE_OUTER_BOUND ( 'NONE', #2204, .T. ) ;
#539 = DIRECTION ( 'NONE',  ( 0.000000000000000000, 0.000000000000000000, 1.000000000000000000 ) ) ;
#540 = ORIENTED_EDGE ( 'NONE', *, *, #711, .T. ) ;
#541 = CARTESIAN_POINT ( 'NONE',  ( 18.75075712092498392, -13.91474491434850158, 1.518042083217222116 ) ) ;
#542 = DIRECTION ( 'NONE',  ( 0.000000000000000000, 0.000000000000000000, 1.000000000000000000 ) ) ;
#543 = EDGE_LOOP ( 'NONE', ( #2862, #298, #1804, #3870, #1580, #2420 ) ) ;
#544 = B_SPLINE_CURVE_WITH_KNOTS ( 'NONE', 3,
 ( #227, #2571, #176, #2878, #3270, #3698, #1778, #999 ),
 .UNSPECIFIED., .F., .F.,
 ( 4, 2, 2, 4 ),
 ( 3.929789716587498997E-07, 0.001917556187709846529, 0.002876137792078937560, 0.003834719396448029675 ),
 .UNSPECIFIED. ) ;
#545 = CARTESIAN_POINT ( 'NONE',  ( 18.45421228788788071, 14.39306271860117725, -1.845635245443586259 ) ) ;
#546 = EDGE_CURVE ( 'NONE', #574, #2177, #4181, .T. ) ;
#547 = EDGE_CURVE ( 'NONE', #105, #4154, #3298, .T. ) ;
#548 = CARTESIAN_POINT ( 'NONE',  ( 0.000000000000000000, -11.80695832568066272, -0.7832341987709752207 ) ) ;
#549 = CARTESIAN_POINT ( 'NONE',  ( 0.1622244480091386276, 12.08612040209096783, -0.8199630132043522757 ) ) ;
#550 = LINE ( 'NONE', #2927, #1403 ) ;
#551 = ORIENTED_EDGE ( 'NONE', *, *, #4247, .T. ) ;
#552 = VERTEX_POINT ( 'NONE', #696 ) ;
#553 = CARTESIAN_POINT ( 'NONE',  ( 19.99999999999999645, -11.15954349366129428, -3.252993238994928760 ) ) ;
#554 = EDGE_CURVE ( 'NONE', #3643, #3314, #3940, .T. ) ;
#555 = DIRECTION ( 'NONE',  ( 0.000000000000000000, -6.982962677686266711E-15, 1.000000000000000000 ) ) ;
#556 = DIRECTION ( 'NONE',  ( -1.000000000000000000, 0.000000000000000000, 0.000000000000000000 ) ) ;
#557 = CARTESIAN_POINT ( 'NONE',  ( 19.99999999999999645, -6.581779876088724279, 9.833508752078165216 ) ) ;
#558 = ORIENTED_EDGE ( 'NONE', *, *, #3906, .F. ) ;
#559 = VERTEX_POINT ( 'NONE', #4238 ) ;
#560 = CARTESIAN_POINT ( 'NONE',  ( 0.000000000000000000, -7.000001873099979122, -1.844327237370755631E-15 ) ) ;
#561 = CARTESIAN_POINT ( 'NONE',  ( 18.22670255408290885, -12.68108541247833543, 7.831618082628391875 ) ) ;
#562 = CARTESIAN_POINT ( 'NONE',  ( 19.99999999999999645, -12.53200494222448924, -1.969683236930066528 ) ) ;
#563 = VERTEX_POINT ( 'NONE', #4522 ) ;
#564 = EDGE_CURVE ( 'NONE', #4190, #3335, #824, .T. ) ;
#565 = CARTESIAN_POINT ( 'NONE',  ( 18.17147880028345597, 4.774461252588841020, 14.21986356289338005 ) ) ;
#566 = DIRECTION ( 'NONE',  ( 1.000000000000000000, 0.000000000000000000, 0.000000000000000000 ) ) ;
#567 = EDGE_LOOP ( 'NONE', ( #3570, #1095, #4735, #476 ) ) ;
#568 = DIRECTION ( 'NONE',  ( 1.000000000000000000, 0.000000000000000000, 0.000000000000000000 ) ) ;
#569 = AXIS2_PLACEMENT_3D ( 'NONE', #1724, #4897, #4030 ) ;
#570 = CARTESIAN_POINT ( 'NONE',  ( 19.33021696982684645, -12.53200494222448924, 3.430316763067235986 ) ) ;
#571 = CARTESIAN_POINT ( 'NONE',  ( 19.99999999999999645, 11.10256122485993302, 6.137094929526425879 ) ) ;
#572 = CARTESIAN_POINT ( 'NONE',  ( 0.6402333656212306767, -3.261724774952856620, -12.52419521162961757 ) ) ;
#573 = EDGE_CURVE ( 'NONE', #94, #690, #4573, .T. ) ;
#574 = VERTEX_POINT ( 'NONE', #2632 ) ;
#575 = ORIENTED_EDGE ( 'NONE', *, *, #3109, .T. ) ;
#576 = LINE ( 'NONE', #2518, #987 ) ;
#577 = AXIS2_PLACEMENT_3D ( 'NONE', #5046, #4272, #760 ) ;
#578 = DIRECTION ( 'NONE',  ( 0.000000000000000000, -0.6427876096865300370, -0.7660444431189858960 ) ) ;
#579 = DIRECTION ( 'NONE',  ( 0.000000000000000000, 0.000000000000000000, 1.000000000000000000 ) ) ;
#580 = AXIS2_PLACEMENT_3D ( 'NONE', #506, #1701, #4384 ) ;
#581 = CIRCLE ( 'NONE', #3220, 11.83290837936660189 ) ;
#582 = EDGE_CURVE ( 'NONE', #690, #4703, #9, .T. ) ;
#583 = DIRECTION ( 'NONE',  ( 0.000000000000000000, 0.000000000000000000, -1.000000000000000000 ) ) ;
#584 = EDGE_CURVE ( 'NONE', #1490, #559, #4931, .T. ) ;
#585 = VERTEX_POINT ( 'NONE', #3784 ) ;
#586 = ORIENTED_EDGE ( 'NONE', *, *, #2005, .F. ) ;
#587 = CIRCLE ( 'NONE', #3623, 11.62399999999418654 ) ;
#588 = AXIS2_PLACEMENT_3D ( 'NONE', #3292, #149, #4409 ) ;
#589 = DIRECTION ( 'NONE',  ( 0.000000000000000000, 0.000000000000000000, -1.000000000000000000 ) ) ;
#590 = DIRECTION ( 'NONE',  ( -1.000000000000000000, -0.000000000000000000, 0.000000000000000000 ) ) ;
#591 = EDGE_CURVE ( 'NONE', #783, #2449, #2070, .T. ) ;
#592 = VECTOR ( 'NONE', #1631, 1000.000000000000000 ) ;
#593 = CARTESIAN_POINT ( 'NONE',  ( 18.45421238273056375, 0.6817333006326544709, -14.49489078323237834 ) ) ;
#594 = ORIENTED_EDGE ( 'NONE', *, *, #4318, .F. ) ;
#595 = VECTOR ( 'NONE', #2299, 1000.000000000000000 ) ;
#596 = DIRECTION ( 'NONE',  ( -1.000000000000000000, -0.000000000000000000, -0.000000000000000000 ) ) ;
#597 = CARTESIAN_POINT ( 'NONE',  ( 1.828521199716543144, -9.350005781138154504, -11.72933893672009731 ) ) ;
#598 = CIRCLE ( 'NONE', #1012, 5.399999999997298517 ) ;
#599 = ORIENTED_EDGE ( 'NONE', *, *, #3973, .T. ) ;
#600 =( NAMED_UNIT ( * ) PLANE_ANGLE_UNIT ( ) SI_UNIT ( $, .RADIAN. ) );
#601 = AXIS2_PLACEMENT_3D ( 'NONE', #3181, #4067, #1274 ) ;
#602 = CARTESIAN_POINT ( 'NONE',  ( 19.99999999999999645, 0.000000000000000000, 0.000000000000000000 ) ) ;
#603 = DIRECTION ( 'NONE',  ( -1.000000000000000000, 0.000000000000000000, -0.000000000000000000 ) ) ;
#604 = VERTEX_POINT ( 'NONE', #262 ) ;
#605 = ORIENTED_EDGE ( 'NONE', *, *, #3080, .F. ) ;
#606 = AXIS2_PLACEMENT_3D ( 'NONE', #230, #2621, #4176 ) ;
#607 = DIRECTION ( 'NONE',  ( -1.000000000000000000, -0.000000000000000000, 0.000000000000000000 ) ) ;
#608 = FACE_OUTER_BOUND ( 'NONE', #1640, .T. ) ;
#609 = DIRECTION ( 'NONE',  ( 0.000000000000000000, -0.9848077530122062440, -0.1736481776669404620 ) ) ;
#610 = AXIS2_PLACEMENT_3D ( 'NONE', #1570, #3443, #3469 ) ;
#611 = CARTESIAN_POINT ( 'NONE',  ( 18.17147880028345597, -5.482902598228420743, 13.96201200035707934 ) ) ;
#612 = ORIENTED_EDGE ( 'NONE', *, *, #966, .T. ) ;
#613 = VERTEX_POINT ( 'NONE', #2999 ) ;
#614 = B_SPLINE_CURVE_WITH_KNOTS ( 'NONE', 3,
 ( #3722, #4503, #224, #1799, #2113, #2211, #1365, #4836 ),
 .UNSPECIFIED., .F., .F.,
 ( 4, 2, 2, 4 ),
 ( 3.929789716546911295E-07, 0.001917556337481937092, 0.002876138016737080343, 0.003834719695992223811 ),
 .UNSPECIFIED. ) ;
#615 = EDGE_CURVE ( 'NONE', #2268, #4991, #910, .T. ) ;
#616 = CARTESIAN_POINT ( 'NONE',  ( 19.99999999999999645, 12.44990391086189163, -2.435301323468647805 ) ) ;
#617 = EDGE_CURVE ( 'NONE', #1955, #2505, #1888, .T. ) ;
#618 = CARTESIAN_POINT ( 'NONE',  ( 19.99999999999999645, 12.44990391086185610, 2.435301323468817003 ) ) ;
#619 = CARTESIAN_POINT ( 'NONE',  ( 18.45421248525662250, -9.839374161089633475, 10.66552061893444048 ) ) ;
#620 = ORIENTED_EDGE ( 'NONE', *, *, #1971, .F. ) ;
#621 = EDGE_CURVE ( 'NONE', #2989, #1154, #4268, .T. ) ;
#622 = DIRECTION ( 'NONE',  ( -1.000000000000000000, 0.000000000000000000, 0.000000000000000000 ) ) ;
#623 = ORIENTED_EDGE ( 'NONE', *, *, #4193, .T. ) ;
#624 = DIRECTION ( 'NONE',  ( 0.000000000000000000, -9.237055564881302416E-14, 1.000000000000000000 ) ) ;
#625 = CARTESIAN_POINT ( 'NONE',  ( 5.000000000000000888, -0.2738250307121672944, -6.994644099306175811 ) ) ;
#626 = FACE_OUTER_BOUND ( 'NONE', #3557, .T. ) ;
#627 = VERTEX_POINT ( 'NONE', #5007 ) ;
#628 = ORIENTED_EDGE ( 'NONE', *, *, #487, .F. ) ;
#629 = DIRECTION ( 'NONE',  ( -1.000000000000000000, 0.000000000000000000, -0.000000000000000000 ) ) ;
#630 = EDGE_CURVE ( 'NONE', #3166, #445, #416, .T. ) ;
#631 = CYLINDRICAL_SURFACE ( 'NONE', #3376, 5.399999999997301181 ) ;
#632 = DIRECTION ( 'NONE',  ( 1.000000000000000000, -0.000000000000000000, -0.000000000000000000 ) ) ;
#633 = EDGE_LOOP ( 'NONE', ( #4528, #4229, #3018, #520 ) ) ;
#634 = VERTEX_POINT ( 'NONE', #5058 ) ;
#635 = CARTESIAN_POINT ( 'NONE',  ( 19.99999999999999645, -8.396946530139262066, 8.037951540650583482 ) ) ;
#636 = DIRECTION ( 'NONE',  ( -1.000000000000000000, 0.000000000000000000, -0.000000000000000000 ) ) ;
#637 = CARTESIAN_POINT ( 'NONE',  ( 0.6392785278793301496, 9.231171301949824937, 9.070308238515517374 ) ) ;
#638 = B_SPLINE_CURVE_WITH_KNOTS ( 'NONE', 3,
 ( #3959, #57, #4775, #3195, #3927, #3601, #1237, #1651 ),
 .UNSPECIFIED., .F., .F.,
 ( 4, 2, 2, 4 ),
 ( 3.929789716547547100E-07, 0.001917556367278244224, 0.002876138061431539415, 0.003834719755584834605 ),
 .UNSPECIFIED. ) ;
#639 = CARTESIAN_POINT ( 'NONE',  ( 18.44922894784313883, 8.785416969337786597, -11.56417601774439596 ) ) ;
#640 = EDGE_CURVE ( 'NONE', #1201, #2281, #1327, .T. ) ;
#641 = ORIENTED_EDGE ( 'NONE', *, *, #2602, .T. ) ;
#642 = CARTESIAN_POINT ( 'NONE',  ( 20.00000000000000000, 0.000000000000000000, 0.000000000000000000 ) ) ;
#643 = ADVANCED_FACE ( 'NONE', ( #3909 ), #37, .T. ) ;
#644 = ORIENTED_EDGE ( 'NONE', *, *, #2335, .F. ) ;
#645 = DIRECTION ( 'NONE',  ( 1.000000000000000000, -0.000000000000000000, -0.000000000000000000 ) ) ;
#646 = DIRECTION ( 'NONE',  ( 0.000000000000000000, 0.8660254037844362651, 0.5000000000000041078 ) ) ;
#647 = DIRECTION ( 'NONE',  ( 0.000000000000000000, 0.000000000000000000, 1.000000000000000000 ) ) ;
#648 = VERTEX_POINT ( 'NONE', #3582 ) ;
#649 = ORIENTED_EDGE ( 'NONE', *, *, #1031, .F. ) ;
#650 = LINE ( 'NONE', #3792, #4259 ) ;
#651 = CONICAL_SURFACE ( 'NONE', #3534, 11.83290837936660012, 1.047197551196604515 ) ;
#652 = LINE ( 'NONE', #4533, #14 ) ;
#653 = CARTESIAN_POINT ( 'NONE',  ( 0.3252336884049220611, 12.36663297945778517, 0.8568695104365018356 ) ) ;
#654 = STYLED_ITEM ( 'NONE', ( #4909 ), #460 ) ;
#655 = ORIENTED_EDGE ( 'NONE', *, *, #428, .T. ) ;
#656 = ORIENTED_EDGE ( 'NONE', *, *, #3137, .T. ) ;
#657 = CARTESIAN_POINT ( 'NONE',  ( 0.000000000000000000, 1.265738570989247913, 11.55488130054891549 ) ) ;
#658 = CIRCLE ( 'NONE', #3542, 11.83290837936660012 ) ;
#659 = AXIS2_PLACEMENT_3D ( 'NONE', #3424, #3472, #3035 ) ;
#660 = DIRECTION ( 'NONE',  ( -1.000000000000000000, -0.000000000000000000, -0.000000000000000000 ) ) ;
#661 = CARTESIAN_POINT ( 'NONE',  ( 18.22655557118665470, 12.68139606297198441, 7.831598027149638597 ) ) ;
#662 = ORIENTED_EDGE ( 'NONE', *, *, #2224, .F. ) ;
#663 = AXIS2_PLACEMENT_3D ( 'NONE', #1302, #3970, #2846 ) ;
#664 = VECTOR ( 'NONE', #3787, 1000.000000000000000 ) ;
#665 = DIRECTION ( 'NONE',  ( 0.000000000000000000, 0.000000000000000000, -1.000000000000000000 ) ) ;
#666 = CARTESIAN_POINT ( 'NONE',  ( 18.17147880028345597, 12.79780162109362962, -7.824082928171732121 ) ) ;
#667 = ORIENTED_EDGE ( 'NONE', *, *, #143, .F. ) ;
#668 = DIRECTION ( 'NONE',  ( 0.000000000000000000, 0.000000000000000000, -1.000000000000000000 ) ) ;
#669 = ORIENTED_EDGE ( 'NONE', *, *, #1600, .T. ) ;
#670 = EDGE_CURVE ( 'NONE', #878, #4687, #3461, .T. ) ;
#671 = EDGE_CURVE ( 'NONE', #3052, #129, #3377, .T. ) ;
#672 = DIRECTION ( 'NONE',  ( 1.000000000000000000, 0.000000000000000000, 0.000000000000000000 ) ) ;
#673 = CIRCLE ( 'NONE', #3237, 5.399999999997299405 ) ;
#674 = DIRECTION ( 'NONE',  ( 1.000000000000000000, -0.000000000000000000, -0.000000000000000000 ) ) ;
#675 = ORIENTED_EDGE ( 'NONE', *, *, #4910, .T. ) ;
#676 = VERTEX_POINT ( 'NONE', #2329 ) ;
#677 = CARTESIAN_POINT ( 'NONE',  ( 1.661245717114628206, -12.44990391086190940, 7.835301323466149270 ) ) ;
#678 = AXIS2_PLACEMENT_3D ( 'NONE', #4317, #724, #1508 ) ;
#679 = DIRECTION ( 'NONE',  ( -1.000000000000000000, -0.000000000000000000, -0.000000000000000000 ) ) ;
#680 = EDGE_CURVE ( 'NONE', #2365, #3702, #3543, .T. ) ;
#681 = CARTESIAN_POINT ( 'NONE',  ( 19.20153499811550901, 1.164478707665943080, 13.16484835695004563 ) ) ;
#682 = FACE_OUTER_BOUND ( 'NONE', #3791, .T. ) ;
#683 = CIRCLE ( 'NONE', #3565, 5.399999999997301181 ) ;
#684 = ORIENTED_EDGE ( 'NONE', *, *, #516, .T. ) ;
#685 = ORIENTED_EDGE ( 'NONE', *, *, #1251, .T. ) ;
#686 = LINE ( 'NONE', #209, #4376 ) ;
#687 = AXIS2_PLACEMENT_3D ( 'NONE', #3845, #25, #2774 ) ;
#688 = DIRECTION ( 'NONE',  ( -1.000000000000000000, -0.000000000000000000, -0.000000000000000000 ) ) ;
#689 = CARTESIAN_POINT ( 'NONE',  ( 1.689297606826193121, -0.5405309722111082404, -14.74993222881806965 ) ) ;
#690 = VERTEX_POINT ( 'NONE', #2356 ) ;
#691 = CIRCLE ( 'NONE', #5038, 14.99999999999250022 ) ;
#692 = ORIENTED_EDGE ( 'NONE', *, *, #2296, .F. ) ;
#693 = DIRECTION ( 'NONE',  ( 1.000000000000000000, -0.000000000000000000, -0.000000000000000000 ) ) ;
#694 = FACE_OUTER_BOUND ( 'NONE', #1661, .T. ) ;
#695 = ORIENTED_EDGE ( 'NONE', *, *, #4472, .F. ) ;
#696 = CARTESIAN_POINT ( 'NONE',  ( 0.000000000000000000, 0.2738250307120562721, 5.244644099306219331 ) ) ;
#697 = ORIENTED_EDGE ( 'NONE', *, *, #2335, .T. ) ;
#698 = CARTESIAN_POINT ( 'NONE',  ( 0.000000000000000000, 0.000000000000000000, 0.000000000000000000 ) ) ;
#699 = DIRECTION ( 'NONE',  ( -1.000000000000000000, -0.000000000000000000, 0.000000000000000000 ) ) ;
#700 = B_SPLINE_CURVE_WITH_KNOTS ( 'NONE', 3,
 ( #4891, #2129, #4479, #969, #572, #4073, #944, #1717 ),
 .UNSPECIFIED., .F., .F.,
 ( 4, 2, 2, 4 ),
 ( 2.703802655170152244E-07, 0.001922922611576955397, 0.002884248727232674534, 0.003845574842888393671 ),
 .UNSPECIFIED. ) ;
#701 = EDGE_LOOP ( 'NONE', ( #940, #3369, #3976, #1122 ) ) ;
#702 = EDGE_CURVE ( 'NONE', #4463, #513, #1780, .T. ) ;
#703 = ORIENTED_EDGE ( 'NONE', *, *, #1709, .T. ) ;
#704 = EDGE_CURVE ( 'NONE', #2619, #2427, #3497, .T. ) ;
#705 = FACE_OUTER_BOUND ( 'NONE', #3676, .T. ) ;
#706 = FACE_OUTER_BOUND ( 'NONE', #4163, .T. ) ;
#707 = DIRECTION ( 'NONE',  ( 0.000000000000000000, -6.982962677686266711E-15, 1.000000000000000000 ) ) ;
#708 = DIRECTION ( 'NONE',  ( -1.000000000000000000, 0.000000000000000000, 0.000000000000000000 ) ) ;
#709 = EDGE_LOOP ( 'NONE', ( #3340, #655, #4959, #3983, #419, #2858 ) ) ;
#710 = ORIENTED_EDGE ( 'NONE', *, *, #1085, .F. ) ;
#711 = EDGE_CURVE ( 'NONE', #399, #3955, #4185, .T. ) ;
#712 = EDGE_LOOP ( 'NONE', ( #1892, #1369, #1712, #3703, #1664 ) ) ;
#713 = FACE_OUTER_BOUND ( 'NONE', #1434, .T. ) ;
#714 = CARTESIAN_POINT ( 'NONE',  ( 19.99999999999999645, -2.821591908417761196, 11.49157690731936832 ) ) ;
#715 = CARTESIAN_POINT ( 'NONE',  ( 18.45421246650420244, 8.794898037660656698, 11.54194019240589419 ) ) ;
#716 = DIRECTION ( 'NONE',  ( 0.000000000000000000, 0.000000000000000000, -1.000000000000000000 ) ) ;
#717 = ORIENTED_EDGE ( 'NONE', *, *, #3663, .T. ) ;
#718 = CARTESIAN_POINT ( 'NONE',  ( 0.000000000000000000, 0.000000000000000000, 0.000000000000000000 ) ) ;
#719 = CARTESIAN_POINT ( 'NONE',  ( 1.550771052156869168, -8.785416969337575210, -11.56417601774458603 ) ) ;
#720 = EDGE_CURVE ( 'NONE', #2405, #529, #4596, .T. ) ;
#721 = ORIENTED_EDGE ( 'NONE', *, *, #4129, .T. ) ;
#722 = DIRECTION ( 'NONE',  ( 1.000000000000000000, 0.000000000000000000, 0.000000000000000000 ) ) ;
#723 = DIRECTION ( 'NONE',  ( 1.000000000000000000, 0.000000000000000000, 0.000000000000000000 ) ) ;
#724 = DIRECTION ( 'NONE',  ( -1.000000000000000000, 0.000000000000000000, 0.000000000000000000 ) ) ;
#725 = EDGE_LOOP ( 'NONE', ( #2491, #4900, #1444, #4221 ) ) ;
#726 = CARTESIAN_POINT ( 'NONE',  ( 0.000000000000000000, 10.63969002948376819, 4.681278893247931450 ) ) ;
#727 = B_SPLINE_CURVE_WITH_KNOTS ( 'NONE', 3,
 ( #2109, #863, #3667, #140, #3902, #1360 ),
 .UNSPECIFIED., .F., .F.,
 ( 4, 2, 4 ),
 ( 0.001347054672790179994, 0.002590887100373586230, 0.003834719527956991815 ),
 .UNSPECIFIED. ) ;
#728 = CARTESIAN_POINT ( 'NONE',  ( 20.00000000000000000, -7.000001873099979122, -3.000000000000001776 ) ) ;
#729 = FACE_OUTER_BOUND ( 'NONE', #1495, .T. ) ;
#730 = EDGE_CURVE ( 'NONE', #206, #2998, #4434, .T. ) ;
#731 = CARTESIAN_POINT ( 'NONE',  ( 1.097830701546322896, 13.66566245119435763, 1.375808572319937806 ) ) ;
#732 = ORIENTED_EDGE ( 'NONE', *, *, #2246, .T. ) ;
#733 = EDGE_LOOP ( 'NONE', ( #2389, #4553, #318, #268 ) ) ;
#734 = ORIENTED_EDGE ( 'NONE', *, *, #2131, .F. ) ;
#735 = DIRECTION ( 'NONE',  ( 1.000000000000000000, 0.000000000000000000, -0.000000000000000000 ) ) ;
#736 = DIRECTION ( 'NONE',  ( 0.000000000000000000, 0.000000000000000000, 1.000000000000000000 ) ) ;
#737 = EDGE_CURVE ( 'NONE', #36, #1731, #2722, .T. ) ;
#738 = EDGE_CURVE ( 'NONE', #1029, #648, #1582, .T. ) ;
#739 = VECTOR ( 'NONE', #409, 1000.000000000000000 ) ;
#740 = CIRCLE ( 'NONE', #1483, 5.399999999997298517 ) ;
#741 = DIRECTION ( 'NONE',  ( 0.000000000000000000, 0.000000000000000000, 1.000000000000000000 ) ) ;
#742 = FACE_OUTER_BOUND ( 'NONE', #1683, .T. ) ;
#743 = ORIENTED_EDGE ( 'NONE', *, *, #4345, .T. ) ;
#744 = AXIS2_PLACEMENT_3D ( 'NONE', #4069, #3308, #521 ) ;
#745 = CARTESIAN_POINT ( 'NONE',  ( 19.99999999999999645, 11.36279348549004986, 3.302218181857340618 ) ) ;
#746 = CONICAL_SURFACE ( 'NONE', #4602, 15.03290837936660296, 1.047197551196604515 ) ;
#747 = VECTOR ( 'NONE', #4282, 1000.000000000000000 ) ;
#748 = FACE_OUTER_BOUND ( 'NONE', #3139, .T. ) ;
#749 = ORIENTED_EDGE ( 'NONE', *, *, #584, .T. ) ;
#750 = CARTESIAN_POINT ( 'NONE',  ( 18.17147880028345597, 0.000000000000000000, 0.000000000000000000 ) ) ;
#751 = VECTOR ( 'NONE', #2044, 1000.000000000000000 ) ;
#752 = CARTESIAN_POINT ( 'NONE',  ( 18.17147880028345597, 14.83290837936661433, -2.232673063637094391 ) ) ;
#753 = CARTESIAN_POINT ( 'NONE',  ( 19.35976661704287594, -1.218508335097330031, -12.88446942724243449 ) ) ;
#754 = AXIS2_PLACEMENT_3D ( 'NONE', #1680, #4801, #899 ) ;
#755 = ORIENTED_EDGE ( 'NONE', *, *, #4905, .F. ) ;
#756 = CARTESIAN_POINT ( 'NONE',  ( 1.545787526876938101, -5.598164398462979641, -13.38757520736412765 ) ) ;
#757 = CARTESIAN_POINT ( 'NONE',  ( 19.99999999999999645, 0.000000000000000000, 0.000000000000000000 ) ) ;
#758 = AXIS2_PLACEMENT_3D ( 'NONE', #1394, #2938, #184 ) ;
#759 = CARTESIAN_POINT ( 'NONE',  ( 18.17147880028345597, 0.3769537665661780168, 14.99526278054661610 ) ) ;
#760 = DIRECTION ( 'NONE',  ( 0.000000000000000000, 0.000000000000000000, -1.000000000000000000 ) ) ;
#761 = ORIENTED_EDGE ( 'NONE', *, *, #4311, .T. ) ;
#762 = ORIENTED_EDGE ( 'NONE', *, *, #2848, .F. ) ;
#763 = AXIS2_PLACEMENT_3D ( 'NONE', #1032, #210, #3349 ) ;
#764 = ORIENTED_EDGE ( 'NONE', *, *, #2917, .T. ) ;
#765 = CYLINDRICAL_SURFACE ( 'NONE', #2919, 14.99999999999250022 ) ;
#766 = CARTESIAN_POINT ( 'NONE',  ( 1.545787637666398817, 4.316924901299887374, -13.85390845694304573 ) ) ;
#767 = CIRCLE ( 'NONE', #1098, 14.99999999999250022 ) ;
#768 = CARTESIAN_POINT ( 'NONE',  ( 18.31070244774051048, 9.067002821885328245, 11.64655019940898306 ) ) ;
#769 = CARTESIAN_POINT ( 'NONE',  ( 19.67738666229478994, -12.36067561812873095, -0.8781703868662328327 ) ) ;
#770 = EDGE_LOOP ( 'NONE', ( #4866, #1305, #249, #3153, #4080, #4031, #628, #1313, #152, #2118, #3076, #1418, #3652, #4364, #2944, #1130, #337, #21, #2301, #1594, #4088, #2360, #3012, #1041, #480, #3772, #789, #1847, #3062, #2274, #528, #4323, #2441, #5005, #84, #1264, #641, #4022, #2333, #2355, #3107, #4621, #2904, #68, #4104, #4942, #2843, #3466, #329, #2754, #4753, #4799, #1564, #907, #2523, #732, #954, #1646, #1299, #504, #1870, #2443, #4487, #393, #934, #749, #166, #890, #3547, #4521, #2082, #2935, #3563 ) ) ;
#771 = B_SPLINE_CURVE_WITH_KNOTS ( 'NONE', 3,
 ( #4865, #3240, #3611, #1670, #2849, #4401, #4424, #3668 ),
 .UNSPECIFIED., .F., .F.,
 ( 4, 2, 2, 4 ),
 ( 3.929789713153528432E-07, 0.001917556271398188159, 0.002876137917611620767, 0.003834719563825053808 ),
 .UNSPECIFIED. ) ;
#772 = EDGE_CURVE ( 'NONE', #377, #2449, #1841, .T. ) ;
#773 = ADVANCED_FACE ( 'NONE', ( #4178 ), #1164, .T. ) ;
#774 = AXIS2_PLACEMENT_3D ( 'NONE', #2914, #3625, #3325 ) ;
#775 = CARTESIAN_POINT ( 'NONE',  ( 0.3252336884049227828, -12.36663297945777984, -0.8568695104365880999 ) ) ;
#776 = CIRCLE ( 'NONE', #1107, 11.62399999999419009 ) ;
#777 = CYLINDRICAL_SURFACE ( 'NONE', #1157, 5.399999999997299405 ) ;
#778 = ORIENTED_EDGE ( 'NONE', *, *, #2923, .F. ) ;
#779 = ADVANCED_FACE ( 'NONE', ( #742 ), #2248, .F. ) ;
#780 = CARTESIAN_POINT ( 'NONE',  ( 0.000000000000000000, -6.581779876088722503, 9.833508752078161663 ) ) ;
#781 = DIRECTION ( 'NONE',  ( 1.000000000000000000, 0.000000000000000000, 0.000000000000000000 ) ) ;
#782 = CARTESIAN_POINT ( 'NONE',  ( 0.000000000000000000, 0.000000000000000000, 0.000000000000000000 ) ) ;
#783 = VERTEX_POINT ( 'NONE', #2220 ) ;
#784 = CARTESIAN_POINT ( 'NONE',  ( 0.000000000000000000, 6.457722532643940916, -9.665153681719063528 ) ) ;
#785 = CARTESIAN_POINT ( 'NONE',  ( 1.689297569364029750, 14.43198532439408766, -3.093617976305094608 ) ) ;
#786 = LINE ( 'NONE', #2310, #2893 ) ;
#787 = DIRECTION ( 'NONE',  ( 1.000000000000000000, -0.000000000000000000, 0.000000000000000000 ) ) ;
#788 = ORIENTED_EDGE ( 'NONE', *, *, #2225, .T. ) ;
#789 = ORIENTED_EDGE ( 'NONE', *, *, #482, .F. ) ;
#790 = EDGE_CURVE ( 'NONE', #112, #3496, #2559, .T. ) ;
#791 = CARTESIAN_POINT ( 'NONE',  ( 19.99999999999999645, 0.000000000000000000, 0.000000000000000000 ) ) ;
#792 = FACE_OUTER_BOUND ( 'NONE', #4491, .T. ) ;
#793 = CARTESIAN_POINT ( 'NONE',  ( 1.828521199716542922, 0.000000000000000000, 0.000000000000000000 ) ) ;
#794 = CARTESIAN_POINT ( 'NONE',  ( 0.3252336536905774955, 11.32776706854622972, 5.034831512206599413 ) ) ;
#795 = EDGE_LOOP ( 'NONE', ( #3727, #3488, #623, #1479 ) ) ;
#796 = B_SPLINE_CURVE_WITH_KNOTS ( 'NONE', 3,
 ( #3706, #561, #2915, #4902 ),
 .UNSPECIFIED., .F., .F.,
 ( 4, 4 ),
 ( 2.183474661449990565E-07, 0.0003824900849429369943 ),
 .UNSPECIFIED. ) ;
#797 = CARTESIAN_POINT ( 'NONE',  ( 18.17147880028345597, 4.774461252589029314, -14.21986356289331788 ) ) ;
#798 = EDGE_CURVE ( 'NONE', #1773, #5028, #2578, .T. ) ;
#799 = CARTESIAN_POINT ( 'NONE',  ( 0.3226133275201328865, 3.011237789532680065, 12.02039647870678962 ) ) ;
#800 = ORIENTED_EDGE ( 'NONE', *, *, #2703, .F. ) ;
#801 = ORIENTED_EDGE ( 'NONE', *, *, #582, .F. ) ;
#802 = DIRECTION ( 'NONE',  ( 0.000000000000000000, -4.618527782440651208E-14, -1.000000000000000000 ) ) ;
#803 = CARTESIAN_POINT ( 'NONE',  ( 19.67738668291084281, -5.419819943696300157, -11.14374424793039609 ) ) ;
#804 = EDGE_CURVE ( 'NONE', #2328, #1654, #2318, .T. ) ;
#805 = FACE_OUTER_BOUND ( 'NONE', #4038, .T. ) ;
#806 = ORIENTED_EDGE ( 'NONE', *, *, #640, .F. ) ;
#807 = CARTESIAN_POINT ( 'NONE',  ( 19.99999999999999645, 8.541201577072435214, -8.189358725461945099 ) ) ;
#808 =( NAMED_UNIT ( * ) PLANE_ANGLE_UNIT ( ) SI_UNIT ( $, .RADIAN. ) );
#809 = CARTESIAN_POINT ( 'NONE',  ( 19.99999999999999645, -11.15954349366134224, 3.252993238994779990 ) ) ;
#810 = LINE ( 'NONE', #67, #2145 ) ;
#811 = ORIENTED_EDGE ( 'NONE', *, *, #4910, .F. ) ;
#812 = ORIENTED_EDGE ( 'NONE', *, *, #1161, .F. ) ;
#813 = VERTEX_POINT ( 'NONE', #1549 ) ;
#814 = B_SPLINE_CURVE_WITH_KNOTS ( 'NONE', 3,
 ( #3988, #2071, #443, #4366, #3201, #1996, #4827, #3230 ),
 .UNSPECIFIED., .F., .F.,
 ( 4, 2, 2, 4 ),
 ( 2.183474661434706649E-07, 0.001922870213892973563, 0.002884196147106388164, 0.003845522080319803415 ),
 .UNSPECIFIED. ) ;
#815 = FACE_BOUND ( 'NONE', #3323, .T. ) ;
#816 = CARTESIAN_POINT ( 'NONE',  ( 1.661245717114647302, 12.44990391086189696, 7.835301323466232759 ) ) ;
#817 = CARTESIAN_POINT ( 'NONE',  ( 18.45421242796776795, -12.89381024486880989, 6.657046958321260810 ) ) ;
#818 = ORIENTED_EDGE ( 'NONE', *, *, #2317, .F. ) ;
#819 = AXIS2_PLACEMENT_3D ( 'NONE', #2194, #2497, #4057 ) ;
#820 = VECTOR ( 'NONE', #4427, 1000.000000000000000 ) ;
#821 = B_SPLINE_CURVE_WITH_KNOTS ( 'NONE', 3,
 ( #1214, #4330, #2478, #4468, #4853, #211, #3373, #2605 ),
 .UNSPECIFIED., .F., .F.,
 ( 4, 2, 2, 4 ),
 ( 2.379537104459206751E-07, 0.001922889957628972756, 0.002884215959588239033, 0.003845541961547504876 ),
 .UNSPECIFIED. ) ;
#822 = CARTESIAN_POINT ( 'NONE',  ( 19.83777557663598756, 2.906238702613684222, -11.76011995202390814 ) ) ;
#823 = FACE_BOUND ( 'NONE', #4821, .T. ) ;
#824 = CIRCLE ( 'NONE', #995, 1.749999999999999778 ) ;
#825 = ORIENTED_EDGE ( 'NONE', *, *, #3104, .F. ) ;
#826 = CARTESIAN_POINT ( 'NONE',  ( 1.097830557057974943, -8.024316171126095298, 11.14690641230027701 ) ) ;
#827 = VECTOR ( 'NONE', #3846, 1000.000000000000000 ) ;
#828 = AXIS2_PLACEMENT_3D ( 'NONE', #1014, #2255, #624 ) ;
#829 = DIRECTION ( 'NONE',  ( 0.000000000000000000, 0.000000000000000000, 1.000000000000000000 ) ) ;
#830 = DIRECTION ( 'NONE',  ( 1.000000000000000000, 0.000000000000000000, 0.000000000000000000 ) ) ;
#831 = VERTEX_POINT ( 'NONE', #3777 ) ;
#832 = DIRECTION ( 'NONE',  ( 0.000000000000000000, -0.8660254037844328234, -0.5000000000000099920 ) ) ;
#833 = AXIS2_PLACEMENT_3D ( 'NONE', #3666, #838, #2900 ) ;
#834 = AXIS2_PLACEMENT_3D ( 'NONE', #3567, #3896, #46 ) ;
#835 = EDGE_CURVE ( 'NONE', #4985, #627, #3865, .T. ) ;
#836 = EDGE_CURVE ( 'NONE', #128, #1862, #1412, .T. ) ;
#837 = DIRECTION ( 'NONE',  ( 0.000000000000000000, 0.8660254037844362651, 0.5000000000000039968 ) ) ;
#838 = DIRECTION ( 'NONE',  ( 1.000000000000000000, 0.000000000000000000, 0.000000000000000000 ) ) ;
#839 = VECTOR ( 'NONE', #5059, 1000.000000000000000 ) ;
#840 = CARTESIAN_POINT ( 'NONE',  ( 19.99999999999999645, -4.560206750522415753, -11.83787625878358618 ) ) ;
#841 = VERTEX_POINT ( 'NONE', #1883 ) ;
#842 = ORIENTED_EDGE ( 'NONE', *, *, #1758, .T. ) ;
#843 = ORIENTED_EDGE ( 'NONE', *, *, #4094, .F. ) ;
#844 = EDGE_CURVE ( 'NONE', #3017, #2612, #335, .T. ) ;
#845 = DIRECTION ( 'NONE',  ( 1.000000000000000000, 0.000000000000000000, 0.000000000000000000 ) ) ;
#846 = CARTESIAN_POINT ( 'NONE',  ( 0.000000000000000000, 0.000000000000000000, 0.000000000000000000 ) ) ;
#847 = CARTESIAN_POINT ( 'NONE',  ( 18.17147880028345597, -13.17475538765980225, 7.171179852374649499 ) ) ;
#848 = VECTOR ( 'NONE', #2271, 1000.000000000000000 ) ;
#849 = ORIENTED_EDGE ( 'NONE', *, *, #234, .T. ) ;
#850 = UNCERTAINTY_MEASURE_WITH_UNIT (LENGTH_MEASURE( 1.000000000000000082E-05 ), #4015, 'distance_accuracy_value', 'NONE');
#851 = DIRECTION ( 'NONE',  ( 0.000000000000000000, 0.000000000000000000, 1.000000000000000000 ) ) ;
#852 = AXIS2_PLACEMENT_3D ( 'NONE', #2187, #4526, #2975 ) ;
#853 = CARTESIAN_POINT ( 'NONE',  ( 19.20153502338156670, 3.408391245887632870, -12.76918599143848354 ) ) ;
#854 = DIRECTION ( 'NONE',  ( 0.000000000000000000, 0.000000000000000000, -1.000000000000000000 ) ) ;
#855 = ORIENTED_EDGE ( 'NONE', *, *, #1411, .T. ) ;
#856 = CONICAL_SURFACE ( 'NONE', #3734, 11.83290837936660012, 1.047197551196604515 ) ;
#857 = CARTESIAN_POINT ( 'NONE',  ( 0.000000000000000000, -9.373951458494431677, -6.873602407301066641 ) ) ;
#858 = DIRECTION ( 'NONE',  ( 0.000000000000000000, 0.000000000000000000, 1.000000000000000000 ) ) ;
#859 = ORIENTED_EDGE ( 'NONE', *, *, #2848, .T. ) ;
#860 = AXIS2_PLACEMENT_3D ( 'NONE', #4243, #679, #5044 ) ;
#861 = FACE_OUTER_BOUND ( 'NONE', #241, .T. ) ;
#862 = CARTESIAN_POINT ( 'NONE',  ( 1.249242694112946861, 5.642709456866254136, 12.80954327094693923 ) ) ;
#863 = CARTESIAN_POINT ( 'NONE',  ( 19.12849872014711039, 12.89424370398855224, 3.430316763067319030 ) ) ;
#864 = EDGE_CURVE ( 'NONE', #4228, #574, #3016, .T. ) ;
#865 = CARTESIAN_POINT ( 'NONE',  ( 0.000000000000000000, -4.560206750522575625, 11.83787625878352223 ) ) ;
#866 = EDGE_CURVE ( 'NONE', #2749, #4228, #1824, .T. ) ;
#867 = ORIENTED_EDGE ( 'NONE', *, *, #993, .T. ) ;
#868 = ORIENTED_EDGE ( 'NONE', *, *, #864, .T. ) ;
#869 = CARTESIAN_POINT ( 'NONE',  ( 18.17147880028345597, -5.482902598228420743, 13.96201200035707934 ) ) ;
#870 = CARTESIAN_POINT ( 'NONE',  ( 19.99999999999999645, -4.115919143436960859, -11.99958372321604294 ) ) ;
#871 = CARTESIAN_POINT ( 'NONE',  ( 1.828521199716542922, 0.000000000000000000, 0.000000000000000000 ) ) ;
#872 = CARTESIAN_POINT ( 'NONE',  ( 18.44922836639038977, -14.40757958027169394, -1.826307120116890559 ) ) ;
#873 = EDGE_CURVE ( 'NONE', #4481, #4703, #1099, .T. ) ;
#874 = VERTEX_POINT ( 'NONE', #4668 ) ;
#875 = CARTESIAN_POINT ( 'NONE',  ( 1.828521199716542922, 9.350005781138234440, 11.72933893672003158 ) ) ;
#876 = DIRECTION ( 'NONE',  ( 0.000000000000000000, 0.000000000000000000, -1.000000000000000000 ) ) ;
#877 = DIRECTION ( 'NONE',  ( -1.000000000000000000, 0.000000000000000000, 0.000000000000000000 ) ) ;
#878 = VERTEX_POINT ( 'NONE', #3120 ) ;
#879 = CARTESIAN_POINT ( 'NONE',  ( 18.44922884232736493, -12.91406194527825235, -6.643848853478159455 ) ) ;
#880 = ADVANCED_FACE ( 'NONE', ( #3097 ), #2480, .T. ) ;
#881 = CARTESIAN_POINT ( 'NONE',  ( 5.000000000000000888, -7.000001873099979122, -1.844327237370755631E-15 ) ) ;
#882 = EDGE_LOOP ( 'NONE', ( #3248, #981 ) ) ;
#883 = CARTESIAN_POINT ( 'NONE',  ( 1.828521199716542922, 4.774461252589029314, -14.21986356289331788 ) ) ;
#884 = CARTESIAN_POINT ( 'NONE',  ( 5.000000000000000888, -7.000001873099979122, -1.844327237370755631E-15 ) ) ;
#885 = CYLINDRICAL_SURFACE ( 'NONE', #915, 3.000000000000000888 ) ;
#886 = CARTESIAN_POINT ( 'NONE',  ( 19.99999999999999645, 8.541201577072325080, 8.189358725462060562 ) ) ;
#887 = DIRECTION ( 'NONE',  ( -1.000000000000000000, -0.000000000000000000, 0.000000000000000000 ) ) ;
#888 = VERTEX_POINT ( 'NONE', #3981 ) ;
#889 = EDGE_LOOP ( 'NONE', ( #946, #3099, #2376, #4275 ) ) ;
#890 = ORIENTED_EDGE ( 'NONE', *, *, #4698, .T. ) ;
#891 = CARTESIAN_POINT ( 'NONE',  ( 0.1622244084131878594, -11.07679422751417597, 4.904209793271065543 ) ) ;
#892 = DIRECTION ( 'NONE',  ( 1.000000000000000000, 0.000000000000000000, 0.000000000000000000 ) ) ;
#893 = CARTESIAN_POINT ( 'NONE',  ( 0.000000000000000000, 0.2738250307120562721, 6.994644099306219331 ) ) ;
#894 = ORIENTED_EDGE ( 'NONE', *, *, #4183, .T. ) ;
#895 = ORIENTED_EDGE ( 'NONE', *, *, #2037, .F. ) ;
#896 = EDGE_CURVE ( 'NONE', #2972, #3758, #4399, .T. ) ;
#897 = CARTESIAN_POINT ( 'NONE',  ( 19.99999999999999645, 4.560206750522498353, 11.83787625878355598 ) ) ;
#898 = EDGE_CURVE ( 'NONE', #3285, #5075, #1243, .T. ) ;
#899 = DIRECTION ( 'NONE',  ( 0.000000000000000000, 0.000000000000000000, 1.000000000000000000 ) ) ;
#900 = DIRECTION ( 'NONE',  ( 0.000000000000000000, 0.3420201433256629953, 0.9396926207859104263 ) ) ;
#901 = ORIENTED_EDGE ( 'NONE', *, *, #4534, .F. ) ;
#902 = EDGE_CURVE ( 'NONE', #5075, #94, #178, .T. ) ;
#903 = DIRECTION ( 'NONE',  ( -1.000000000000000000, -0.000000000000000000, -0.000000000000000000 ) ) ;
#904 = VECTOR ( 'NONE', #3778, 1000.000000000000000 ) ;
#905 = CARTESIAN_POINT ( 'NONE',  ( 19.67738668291084281, 5.419819943696378317, 11.14374424793035701 ) ) ;
#906 = VECTOR ( 'NONE', #2383, 1000.000000000000000 ) ;
#907 = ORIENTED_EDGE ( 'NONE', *, *, #898, .T. ) ;
#908 = CYLINDRICAL_SURFACE ( 'NONE', #744, 3.000000000000000000 ) ;
#909 = CIRCLE ( 'NONE', #2640, 11.62399999999418831 ) ;
#910 = CIRCLE ( 'NONE', #4761, 14.99999999999250022 ) ;
#911 =( LENGTH_UNIT ( ) NAMED_UNIT ( * ) SI_UNIT ( .MILLI., .METRE. ) );
#912 = CARTESIAN_POINT ( 'NONE',  ( 19.99999999999999645, -8.541201577072380147, 8.189358725462003719 ) ) ;
#913 = CARTESIAN_POINT ( 'NONE',  ( 0.3226133377052150530, 12.36067561812873450, -0.8781703868661472345 ) ) ;
#914 = CYLINDRICAL_SURFACE ( 'NONE', #4755, 5.399999999997299405 ) ;
#915 = AXIS2_PLACEMENT_3D ( 'NONE', #4019, #2230, #4476 ) ;
#916 = AXIS2_PLACEMENT_3D ( 'NONE', #3589, #376, #3996 ) ;
#917 = ORIENTED_EDGE ( 'NONE', *, *, #4744, .F. ) ;
#918 = ORIENTED_EDGE ( 'NONE', *, *, #702, .F. ) ;
#919 = B_SPLINE_CURVE_WITH_KNOTS ( 'NONE', 3,
 ( #2435, #4041, #444, #3660, #2072, #905, #2124, #2023 ),
 .UNSPECIFIED., .F., .F.,
 ( 4, 2, 2, 4 ),
 ( 2.242695944645749850E-07, 0.001922876177551248022, 0.002884202131529636781, 0.003845528085508025974 ),
 .UNSPECIFIED. ) ;
#920 = FACE_OUTER_BOUND ( 'NONE', #4032, .T. ) ;
#921 = DIRECTION ( 'NONE',  ( 0.000000000000000000, 0.9848077530122074652, 0.1736481776669340227 ) ) ;
#922 = CIRCLE ( 'NONE', #4117, 5.399999999997300293 ) ;
#923 = CARTESIAN_POINT ( 'NONE',  ( 1.828521199716541812, -13.17475538765970278, -7.171179852374825359 ) ) ;
#924 = CARTESIAN_POINT ( 'NONE',  ( -10.00000000000000000, 0.000000000000000000, 0.000000000000000000 ) ) ;
#925 = ORIENTED_EDGE ( 'NONE', *, *, #3137, .F. ) ;
#926 = ORIENTED_EDGE ( 'NONE', *, *, #2772, .F. ) ;
#927 = B_SPLINE_CURVE_WITH_KNOTS ( 'NONE', 3,
 ( #70, #48, #4381, #1619, #3188, #2467, #1230, #869 ),
 .UNSPECIFIED., .F., .F.,
 ( 4, 2, 2, 4 ),
 ( 3.929789716558513000E-07, 0.001917556205434776343, 0.002876137818666336943, 0.003834719431897897109 ),
 .UNSPECIFIED. ) ;
#928 = CARTESIAN_POINT ( 'NONE',  ( 20.00000000000000000, -7.000001873099979122, -1.844327237370755631E-15 ) ) ;
#929 = AXIS2_PLACEMENT_3D ( 'NONE', #1694, #2463, #3261 ) ;
#930 = DIRECTION ( 'NONE',  ( 0.000000000000000000, 0.000000000000000000, -1.000000000000000000 ) ) ;
#931 = CARTESIAN_POINT ( 'NONE',  ( 0.000000000000000000, -11.36279348549007295, 3.302218181857259349 ) ) ;
#932 = ADVANCED_FACE ( 'NONE', ( #1602 ), #2348, .T. ) ;
#933 = EDGE_CURVE ( 'NONE', #888, #4174, #581, .T. ) ;
#934 = ORIENTED_EDGE ( 'NONE', *, *, #4136, .T. ) ;
#935 = AXIS2_PLACEMENT_3D ( 'NONE', #5060, #1556, #1997 ) ;
#936 = DIRECTION ( 'NONE',  ( -1.000000000000000000, -0.000000000000000000, -0.000000000000000000 ) ) ;
#937 = VECTOR ( 'NONE', #955, 1000.000000000000000 ) ;
#938 = DIRECTION ( 'NONE',  ( 0.000000000000000000, 0.000000000000000000, -1.000000000000000000 ) ) ;
#939 = ADVANCED_FACE ( 'NONE', ( #3923 ), #435, .T. ) ;
#940 = ORIENTED_EDGE ( 'NONE', *, *, #4562, .F. ) ;
#941 = LINE ( 'NONE', #1357, #4107 ) ;
#942 = CARTESIAN_POINT ( 'NONE',  ( 0.7984648425653527726, -13.16705406967852277, 1.139264138455195141 ) ) ;
#943 = CARTESIAN_POINT ( 'NONE',  ( 19.20153487114203728, 9.354243946357597039, 9.336346657499650092 ) ) ;
#944 = CARTESIAN_POINT ( 'NONE',  ( 0.1622244233640994793, -2.906238702613504366, -11.76011995202411775 ) ) ;
#945 = AXIS2_PLACEMENT_3D ( 'NONE', #3695, #1437, #225 ) ;
#946 = ORIENTED_EDGE ( 'NONE', *, *, #4592, .F. ) ;
#947 = VERTEX_POINT ( 'NONE', #2727 ) ;
#948 = CARTESIAN_POINT ( 'NONE',  ( 0.000000000000000000, -1.278921685669845099, -11.76359128992535474 ) ) ;
#949 = CARTESIAN_POINT ( 'NONE',  ( 0.6402334214051088601, -11.76753205992864260, 5.386975582606502222 ) ) ;
#950 = DIRECTION ( 'NONE',  ( -1.000000000000000000, -0.000000000000000000, 0.000000000000000000 ) ) ;
#951 = DIRECTION ( 'NONE',  ( 1.000000000000000000, 0.000000000000000000, -0.000000000000000000 ) ) ;
#952 = EDGE_CURVE ( 'NONE', #2171, #1201, #1902, .T. ) ;
#953 = ORIENTED_EDGE ( 'NONE', *, *, #2686, .T. ) ;
#954 = ORIENTED_EDGE ( 'NONE', *, *, #1222, .T. ) ;
#955 = DIRECTION ( 'NONE',  ( -1.000000000000000000, 0.000000000000000000, 0.000000000000000000 ) ) ;
#956 = LINE ( 'NONE', #2175, #2988 ) ;
#957 = CYLINDRICAL_SURFACE ( 'NONE', #410, 11.62399999999418831 ) ;
#958 = ORIENTED_EDGE ( 'NONE', *, *, #4783, .F. ) ;
#959 = EDGE_CURVE ( 'NONE', #4539, #3254, #2448, .T. ) ;
#960 = CARTESIAN_POINT ( 'NONE',  ( 19.99999999999999645, -11.80695832568067694, 0.7832341987708096864 ) ) ;
#961 = DIRECTION ( 'NONE',  ( 1.000000000000000000, -0.000000000000000000, -0.000000000000000000 ) ) ;
#962 = ORIENTED_EDGE ( 'NONE', *, *, #3854, .F. ) ;
#963 = CARTESIAN_POINT ( 'NONE',  ( 18.75075712092498392, 13.91474491434849625, -1.518042083217320926 ) ) ;
#964 = EDGE_CURVE ( 'NONE', #36, #4549, #2802, .T. ) ;
#965 = APPLICATION_PROTOCOL_DEFINITION ( 'draft international standard', 'automotive_design', 1998, #2459 ) ;
#966 = EDGE_CURVE ( 'NONE', #2740, #4464, #3620, .T. ) ;
#967 = CARTESIAN_POINT ( 'NONE',  ( 19.99999999999999645, 4.115919143437202443, -11.99958372321596300 ) ) ;
#968 = CYLINDRICAL_SURFACE ( 'NONE', #1428, 11.62399999999418831 ) ;
#969 = CARTESIAN_POINT ( 'NONE',  ( 0.7984649766184779285, -3.408391245887433030, -12.76918599143864519 ) ) ;
#970 = VERTEX_POINT ( 'NONE', #5074 ) ;
#971 = ORIENTED_EDGE ( 'NONE', *, *, #1659, .T. ) ;
#972 = CARTESIAN_POINT ( 'NONE',  ( 19.99999999999999645, -12.44990391086187032, 2.435301323468733514 ) ) ;
#973 = CARTESIAN_POINT ( 'NONE',  ( 1.828521199716541812, -13.17475538765970278, -7.171179852374825359 ) ) ;
#974 = FACE_OUTER_BOUND ( 'NONE', #3114, .T. ) ;
#975 = DIRECTION ( 'NONE',  ( 1.000000000000000000, 0.000000000000000000, 0.000000000000000000 ) ) ;
#976 = VERTEX_POINT ( 'NONE', #1574 ) ;
#977 = VERTEX_POINT ( 'NONE', #2776 ) ;
#978 = CARTESIAN_POINT ( 'NONE',  ( 19.99999999999999645, 0.000000000000000000, 0.000000000000000000 ) ) ;
#979 = CYLINDRICAL_SURFACE ( 'NONE', #2821, 14.99999999999250022 ) ;
#980 = CARTESIAN_POINT ( 'NONE',  ( 19.99999999999999645, 1.278921685670081354, -11.76359128992533343 ) ) ;
#981 = ORIENTED_EDGE ( 'NONE', *, *, #4413, .T. ) ;
#982 = CARTESIAN_POINT ( 'NONE',  ( 19.36072145057991634, -12.47070304388057238, -3.459274737440438230 ) ) ;
#983 = CARTESIAN_POINT ( 'NONE',  ( 0.000000000000000000, 0.000000000000000000, 0.000000000000000000 ) ) ;
#984 = ORIENTED_EDGE ( 'NONE', *, *, #4285, .F. ) ;
#985 = CARTESIAN_POINT ( 'NONE',  ( 19.67476631159507861, 12.36663297945779227, -0.8568695104365028348 ) ) ;
#986 = VECTOR ( 'NONE', #2655, 1000.000000000000000 ) ;
#987 = VECTOR ( 'NONE', #2594, 1000.000000000000000 ) ;
#988 = CARTESIAN_POINT ( 'NONE',  ( 18.92433289448943157, -13.27018443349847310, 3.392397220308471351 ) ) ;
#989 = CARTESIAN_POINT ( 'NONE',  ( 1.550771034033716411, 5.622161729619453929, -13.39048224986529334 ) ) ;
#990 = VERTEX_POINT ( 'NONE', #4769 ) ;
#991 = EDGE_CURVE ( 'NONE', #3646, #2177, #3430, .T. ) ;
#992 = VERTEX_POINT ( 'NONE', #52 ) ;
#993 = EDGE_CURVE ( 'NONE', #3766, #3946, #2426, .T. ) ;
#994 = CARTESIAN_POINT ( 'NONE',  ( 0.000000000000000000, -2.821591908417760752, 11.49157690731936476 ) ) ;
#995 = AXIS2_PLACEMENT_3D ( 'NONE', #237, #722, #668 ) ;
#996 = CARTESIAN_POINT ( 'NONE',  ( 1.097830557057975609, 8.024316171126173458, -11.14690641230022017 ) ) ;
#997 = DIRECTION ( 'NONE',  ( 0.000000000000000000, 0.8660254037844362651, 0.5000000000000039968 ) ) ;
#998 = AXIS2_PLACEMENT_3D ( 'NONE', #2643, #4201, #3008 ) ;
#999 = CARTESIAN_POINT ( 'NONE',  ( 1.828521199716542922, -9.927532457519816944, -11.24473651557321041 ) ) ;
#1000 = ORIENTED_EDGE ( 'NONE', *, *, #323, .F. ) ;
#1001 = EDGE_CURVE ( 'NONE', #813, #4971, #3700, .T. ) ;
#1002 = EDGE_LOOP ( 'NONE', ( #2773, #167, #4664, #4875 ) ) ;
#1003 = AXIS2_PLACEMENT_3D ( 'NONE', #4398, #88, #4757 ) ;
#1004 = DIRECTION ( 'NONE',  ( -1.000000000000000000, 0.000000000000000000, 0.000000000000000000 ) ) ;
#1005 = CARTESIAN_POINT ( 'NONE',  ( 18.17147880028345597, 14.83290837936661433, 2.232673063637094391 ) ) ;
#1006 = VECTOR ( 'NONE', #1506, 1000.000000000000000 ) ;
#1007 = DIRECTION ( 'NONE',  ( 0.000000000000000000, 0.000000000000000000, 1.000000000000000000 ) ) ;
#1008 = ORIENTED_EDGE ( 'NONE', *, *, #3197, .F. ) ;
#1009 = AXIS2_PLACEMENT_3D ( 'NONE', #1268, #462, #3194 ) ;
#1010 = CARTESIAN_POINT ( 'NONE',  ( 0.000000000000000000, 10.82702973964773996, -4.774216975721535583 ) ) ;
#1011 = DIRECTION ( 'NONE',  ( -1.000000000000000000, -0.000000000000000000, 0.000000000000000000 ) ) ;
#1012 = AXIS2_PLACEMENT_3D ( 'NONE', #3610, #4478, #3283 ) ;
#1013 = VERTEX_POINT ( 'NONE', #1368 ) ;
#1014 = CARTESIAN_POINT ( 'NONE',  ( 18.17147880028345597, 0.000000000000000000, 0.000000000000000000 ) ) ;
#1015 = VECTOR ( 'NONE', #3685, 1000.000000000000000 ) ;
#1016 = DIRECTION ( 'NONE',  ( -1.000000000000000000, 0.000000000000000000, 0.000000000000000000 ) ) ;
#1017 = CYLINDRICAL_SURFACE ( 'NONE', #2911, 5.399999999997299405 ) ;
#1018 = ORIENTED_EDGE ( 'NONE', *, *, #151, .T. ) ;
#1019 = ORIENTED_EDGE ( 'NONE', *, *, #5032, .T. ) ;
#1020 = CIRCLE ( 'NONE', #774, 3.000000000000000444 ) ;
#1021 = DIRECTION ( 'NONE',  ( 0.000000000000000000, 0.6427876096865354771, 0.7660444431189812331 ) ) ;
#1022 = CYLINDRICAL_SURFACE ( 'NONE', #203, 5.399999999997299405 ) ;
#1023 = DIRECTION ( 'NONE',  ( -1.000000000000000000, -0.000000000000000000, 0.000000000000000000 ) ) ;
#1024 = EDGE_CURVE ( 'NONE', #159, #1999, #544, .T. ) ;
#1025 = EDGE_CURVE ( 'NONE', #604, #3975, #1352, .T. ) ;
#1026 = VECTOR ( 'NONE', #3390, 1000.000000000000000 ) ;
#1027 = CARTESIAN_POINT ( 'NONE',  ( 9.999999999999998224, 14.83290837936661610, -2.232673063637094835 ) ) ;
#1028 = VERTEX_POINT ( 'NONE', #2087 ) ;
#1029 = VERTEX_POINT ( 'NONE', #1390 ) ;
#1030 = CARTESIAN_POINT ( 'NONE',  ( 0.000000000000000000, -7.000001873099979122, -1.844327237370755631E-15 ) ) ;
#1031 = EDGE_CURVE ( 'NONE', #3960, #3441, #2397, .T. ) ;
#1032 = CARTESIAN_POINT ( 'NONE',  ( 19.99999999999999645, 0.000000000000000000, 0.000000000000000000 ) ) ;
#1033 = CYLINDRICAL_SURFACE ( 'NONE', #8, 5.399999999997299405 ) ;
#1034 = CARTESIAN_POINT ( 'NONE',  ( 19.99999999999999645, 8.396946530139210552, 8.037951540650638549 ) ) ;
#1035 = ORIENTED_EDGE ( 'NONE', *, *, #2882, .F. ) ;
#1036 = CARTESIAN_POINT ( 'NONE',  ( 1.828521199716542922, 0.000000000000000000, 0.000000000000000000 ) ) ;
#1037 = ADVANCED_FACE ( 'NONE', ( #2168 ), #4843, .T. ) ;
#1038 = CARTESIAN_POINT ( 'NONE',  ( 19.99999999999999645, 2.762596963522213844, -11.29094477964544474 ) ) ;
#1039 = DIRECTION ( 'NONE',  ( -1.000000000000000000, 0.000000000000000000, 0.000000000000000000 ) ) ;
#1040 = VERTEX_POINT ( 'NONE', #1702 ) ;
#1041 = ORIENTED_EDGE ( 'NONE', *, *, #2354, .T. ) ;
#1042 = CARTESIAN_POINT ( 'NONE',  ( 19.99999999999999645, 0.2364004980233832820, 12.68364753256398814 ) ) ;
#1043 = DIRECTION ( 'NONE',  ( 0.000000000000000000, 0.000000000000000000, 1.000000000000000000 ) ) ;
#1044 = DIRECTION ( 'NONE',  ( -1.000000000000000000, 0.000000000000000000, 0.000000000000000000 ) ) ;
#1045 = DIRECTION ( 'NONE',  ( 1.000000000000000000, 0.000000000000000000, 0.000000000000000000 ) ) ;
#1046 = ORIENTED_EDGE ( 'NONE', *, *, #4360, .F. ) ;
#1047 = ORIENTED_EDGE ( 'NONE', *, *, #4881, .T. ) ;
#1048 = CARTESIAN_POINT ( 'NONE',  ( 0.000000000000000000, 4.560206750522498353, 11.83787625878355598 ) ) ;
#1049 = CARTESIAN_POINT ( 'NONE',  ( 18.17147880028345597, 0.000000000000000000, 0.000000000000000000 ) ) ;
#1050 = CARTESIAN_POINT ( 'NONE',  ( 18.17147880028345597, 12.79780162109351949, 7.824082928171907092 ) ) ;
#1051 = ORIENTED_EDGE ( 'NONE', *, *, #1535, .F. ) ;
#1052 = ADVANCED_FACE ( 'NONE', ( #4798 ), #1752, .T. ) ;
#1053 = EDGE_CURVE ( 'NONE', #2612, #3017, #3224, .T. ) ;
#1054 = DIRECTION ( 'NONE',  ( 0.000000000000000000, 0.000000000000000000, -1.000000000000000000 ) ) ;
#1055 = CARTESIAN_POINT ( 'NONE',  ( 19.99999999999999645, 11.80695832568067161, 0.7832341987708919540 ) ) ;
#1056 = B_SPLINE_CURVE_WITH_KNOTS ( 'NONE', 3,
 ( #1297, #465, #4336, #135, #3277, #803, #2380, #3180 ),
 .UNSPECIFIED., .F., .F.,
 ( 4, 2, 2, 4 ),
 ( 2.242695944645749585E-07, 0.001922876177551247154, 0.002884202131529635480, 0.003845528085508024239 ),
 .UNSPECIFIED. ) ;
#1057 = VERTEX_POINT ( 'NONE', #611 ) ;
#1058 = EDGE_CURVE ( 'NONE', #4464, #3863, #4337, .T. ) ;
#1059 = DIRECTION ( 'NONE',  ( 0.000000000000000000, 0.000000000000000000, 1.000000000000000000 ) ) ;
#1060 = ORIENTED_EDGE ( 'NONE', *, *, #1251, .F. ) ;
#1061 = CYLINDRICAL_SURFACE ( 'NONE', #1499, 14.99999999999250022 ) ;
#1062 = DIRECTION ( 'NONE',  ( -1.000000000000000000, -0.000000000000000000, 0.000000000000000000 ) ) ;
#1063 = VERTEX_POINT ( 'NONE', #2543 ) ;
#1064 = VERTEX_POINT ( 'NONE', #4100 ) ;
#1065 = CARTESIAN_POINT ( 'NONE',  ( 18.15247913859322182, 0.000000000000000000, 0.000000000000000000 ) ) ;
#1066 = VECTOR ( 'NONE', #3821, 1000.000000000000000 ) ;
#1067 = CIRCLE ( 'NONE', #2471, 5.399999999997300293 ) ;
#1068 = FACE_OUTER_BOUND ( 'NONE', #459, .T. ) ;
#1069 = FACE_OUTER_BOUND ( 'NONE', #1356, .T. ) ;
#1070 = CARTESIAN_POINT ( 'NONE',  ( 19.99999999999999645, 11.10256122485993302, -6.137094929526425879 ) ) ;
#1071 = AXIS2_PLACEMENT_3D ( 'NONE', #2759, #2780, #2432 ) ;
#1072 = AXIS2_PLACEMENT_3D ( 'NONE', #338, #5037, #4144 ) ;
#1073 = VERTEX_POINT ( 'NONE', #534 ) ;
#1074 = ORIENTED_EDGE ( 'NONE', *, *, #737, .F. ) ;
#1075 = CARTESIAN_POINT ( 'NONE',  ( 19.99999999999999645, -12.53200494222451233, 1.969683236929896664 ) ) ;
#1076 = AXIS2_PLACEMENT_3D ( 'NONE', #2855, #533, #3269 ) ;
#1077 = AXIS2_PLACEMENT_3D ( 'NONE', #2406, #3559, #3125 ) ;
#1078 = CARTESIAN_POINT ( 'NONE',  ( 19.99999999999999645, 7.971798191701955361, 9.868193021853581826 ) ) ;
#1079 = DIRECTION ( 'NONE',  ( 0.000000000000000000, 0.000000000000000000, -1.000000000000000000 ) ) ;
#1080 = ORIENTED_EDGE ( 'NONE', *, *, #1276, .T. ) ;
#1081 = CIRCLE ( 'NONE', #490, 5.399999999997299405 ) ;
#1082 = AXIS2_PLACEMENT_3D ( 'NONE', #3023, #2155, #2634 ) ;
#1083 = CARTESIAN_POINT ( 'NONE',  ( 19.99999999999999645, 0.000000000000000000, 0.000000000000000000 ) ) ;
#1084 = EDGE_CURVE ( 'NONE', #3495, #2388, #4191, .T. ) ;
#1085 = EDGE_CURVE ( 'NONE', #552, #1207, #4847, .T. ) ;
#1086 = DIRECTION ( 'NONE',  ( 0.000000000000000000, 0.000000000000000000, 1.000000000000000000 ) ) ;
#1087 = ORIENTED_EDGE ( 'NONE', *, *, #5071, .F. ) ;
#1088 = DIRECTION ( 'NONE',  ( 0.000000000000000000, 0.000000000000000000, -1.000000000000000000 ) ) ;
#1089 = VECTOR ( 'NONE', #3555, 1000.000000000000000 ) ;
#1090 = ORIENTED_EDGE ( 'NONE', *, *, #3597, .T. ) ;
#1091 = DIRECTION ( 'NONE',  ( 1.000000000000000000, 0.000000000000000000, 0.000000000000000000 ) ) ;
#1092 = ADVANCED_FACE ( 'NONE', ( #3345 ), #4354, .T. ) ;
#1093 = CIRCLE ( 'NONE', #3964, 14.99999999999250022 ) ;
#1094 = DIRECTION ( 'NONE',  ( -1.000000000000000000, -0.000000000000000000, -0.000000000000000000 ) ) ;
#1095 = ORIENTED_EDGE ( 'NONE', *, *, #2474, .F. ) ;
#1096 = ORIENTED_EDGE ( 'NONE', *, *, #264, .F. ) ;
#1097 = CARTESIAN_POINT ( 'NONE',  ( 19.99999999999999645, 0.000000000000000000, 0.000000000000000000 ) ) ;
#1098 = AXIS2_PLACEMENT_3D ( 'NONE', #392, #1968, #11 ) ;
#1099 = B_SPLINE_CURVE_WITH_KNOTS ( 'NONE', 3,
 ( #358, #3876, #661, #1050 ),
 .UNSPECIFIED., .F., .F.,
 ( 4, 4 ),
 ( 0.003455505261502464422, 0.003834719390325851823 ),
 .UNSPECIFIED. ) ;
#1100 = CARTESIAN_POINT ( 'NONE',  ( 19.99999999999999645, 0.000000000000000000, 0.000000000000000000 ) ) ;
#1101 = CARTESIAN_POINT ( 'NONE',  ( 0.000000000000000000, 0.000000000000000000, 0.000000000000000000 ) ) ;
#1102 = DIRECTION ( 'NONE',  ( 0.000000000000000000, 0.000000000000000000, -1.000000000000000000 ) ) ;
#1103 = VECTOR ( 'NONE', #3355, 1000.000000000000000 ) ;
#1104 = ORIENTED_EDGE ( 'NONE', *, *, #3228, .F. ) ;
#1105 = EDGE_LOOP ( 'NONE', ( #3998, #1185, #4867, #3193, #2803, #4614 ) ) ;
#1106 = DIRECTION ( 'NONE',  ( 1.000000000000000000, -0.000000000000000000, -0.000000000000000000 ) ) ;
#1107 = AXIS2_PLACEMENT_3D ( 'NONE', #1366, #4556, #578 ) ;
#1108 = EDGE_CURVE ( 'NONE', #529, #2972, #1340, .T. ) ;
#1109 = CARTESIAN_POINT ( 'NONE',  ( 18.17147880028345597, 0.000000000000000000, 0.000000000000000000 ) ) ;
#1110 = CARTESIAN_POINT ( 'NONE',  ( 0.000000000000000000, 0.2738250307120562721, 6.994644099306219331 ) ) ;
#1111 = ORIENTED_EDGE ( 'NONE', *, *, #3360, .T. ) ;
#1112 = B_SPLINE_CURVE_WITH_KNOTS ( 'NONE', 3,
 ( #3006, #4242, #3053, #3490, #4657, #4266, #3388, #677 ),
 .UNSPECIFIED., .F., .F.,
 ( 4, 2, 2, 4 ),
 ( 3.929789716557971958E-07, 0.001727949120237037232, 0.002591727190869730444, 0.003455505261502423656 ),
 .UNSPECIFIED. ) ;
#1113 = AXIS2_PLACEMENT_3D ( 'NONE', #3365, #3723, #3415 ) ;
#1114 = ORIENTED_EDGE ( 'NONE', *, *, #406, .T. ) ;
#1115 = CYLINDRICAL_SURFACE ( 'NONE', #4120, 14.99999999999250022 ) ;
#1116 = CARTESIAN_POINT ( 'NONE',  ( 19.99999999999999645, -4.115919143436960859, -11.99958372321604294 ) ) ;
#1117 = VERTEX_POINT ( 'NONE', #4613 ) ;
#1118 = CARTESIAN_POINT ( 'NONE',  ( 0.000000000000000000, 10.86616072683650458, 6.546552603037588014 ) ) ;
#1119 = ADVANCED_FACE ( 'NONE', ( #4535 ), #3393, .T. ) ;
#1120 = DIRECTION ( 'NONE',  ( 0.000000000000000000, -2.131628207280300873E-14, -1.000000000000000000 ) ) ;
#1121 = DIRECTION ( 'NONE',  ( 0.000000000000000000, 0.000000000000000000, 1.000000000000000000 ) ) ;
#1122 = ORIENTED_EDGE ( 'NONE', *, *, #4408, .F. ) ;
#1123 = FACE_OUTER_BOUND ( 'NONE', #5069, .T. ) ;
#1124 = EDGE_CURVE ( 'NONE', #320, #1518, #4639, .T. ) ;
#1125 = EDGE_CURVE ( 'NONE', #552, #813, #1128, .T. ) ;
#1126 = DIRECTION ( 'NONE',  ( -1.000000000000000000, 0.000000000000000000, 0.000000000000000000 ) ) ;
#1127 = CARTESIAN_POINT ( 'NONE',  ( 0.000000000000000000, 0.2738250307120562721, 6.994644099306219331 ) ) ;
#1128 = LINE ( 'NONE', #3465, #1482 ) ;
#1129 = ORIENTED_EDGE ( 'NONE', *, *, #2572, .F. ) ;
#1130 = ORIENTED_EDGE ( 'NONE', *, *, #1971, .T. ) ;
#1131 = EDGE_CURVE ( 'NONE', #2979, #305, #1579, .T. ) ;
#1132 = CARTESIAN_POINT ( 'NONE',  ( 18.17147880028345597, -9.927532457519816944, -11.24473651557321041 ) ) ;
#1133 = LINE ( 'NONE', #324, #2558 ) ;
#1134 = FACE_OUTER_BOUND ( 'NONE', #3740, .T. ) ;
#1135 = CARTESIAN_POINT ( 'NONE',  ( 1.097830624825080426, -1.018110476577970047, -13.69695684677987835 ) ) ;
#1136 = EDGE_LOOP ( 'NONE', ( #697, #4290, #971, #1035 ) ) ;
#1137 = ORIENTED_EDGE ( 'NONE', *, *, #4207, .T. ) ;
#1138 = B_SPLINE_CURVE_WITH_KNOTS ( 'NONE', 3,
 ( #1607, #2041, #2839, #4310, #1707, #799, #3657, #4391 ),
 .UNSPECIFIED., .F., .F.,
 ( 4, 2, 2, 4 ),
 ( 2.703802655182426810E-07, 0.001922922611577056445, 0.002884248727232825889, 0.003845574842888594899 ),
 .UNSPECIFIED. ) ;
#1139 = LINE ( 'NONE', #3427, #4773 ) ;
#1140 = CYLINDRICAL_SURFACE ( 'NONE', #3212, 5.399999999997299405 ) ;
#1141 = VERTEX_POINT ( 'NONE', #2214 ) ;
#1142 = CARTESIAN_POINT ( 'NONE',  ( 1.545787533495802668, -8.794898037660743739, 11.54194019240583557 ) ) ;
#1143 = FACE_OUTER_BOUND ( 'NONE', #5013, .T. ) ;
#1144 = CARTESIAN_POINT ( 'NONE',  ( 0.000000000000000000, 5.225178449592114305, -10.61674295084902475 ) ) ;
#1145 = ORIENTED_EDGE ( 'NONE', *, *, #365, .F. ) ;
#1146 = CARTESIAN_POINT ( 'NONE',  ( 5.000000000000000888, 7.000001873099979122, -1.843143693225357538E-15 ) ) ;
#1147 = CARTESIAN_POINT ( 'NONE',  ( 19.99999999999999645, 1.278921685670081354, -11.76359128992533343 ) ) ;
#1148 = CYLINDRICAL_SURFACE ( 'NONE', #3710, 5.399999999997299405 ) ;
#1149 = ADVANCED_FACE ( 'NONE', ( #3439 ), #3770, .T. ) ;
#1150 = CARTESIAN_POINT ( 'NONE',  ( -10.00000000000000000, 0.000000000000000000, 0.000000000000000000 ) ) ;
#1151 = EDGE_CURVE ( 'NONE', #2626, #228, #4246, .T. ) ;
#1152 = ORIENTED_EDGE ( 'NONE', *, *, #4438, .F. ) ;
#1153 = ORIENTED_EDGE ( 'NONE', *, *, #4543, .F. ) ;
#1154 = VERTEX_POINT ( 'NONE', #1486 ) ;
#1155 = DIRECTION ( 'NONE',  ( -1.000000000000000000, 0.000000000000000000, 0.000000000000000000 ) ) ;
#1156 = CARTESIAN_POINT ( 'NONE',  ( 18.17147880028345597, -4.774461252588936055, 14.21986356289334985 ) ) ;
#1157 = AXIS2_PLACEMENT_3D ( 'NONE', #1472, #1964, #2 ) ;
#1158 = AXIS2_PLACEMENT_3D ( 'NONE', #2531, #568, #1088 ) ;
#1159 = CARTESIAN_POINT ( 'NONE',  ( 19.67476635585945033, 6.925387206730182044, 10.28138350331480133 ) ) ;
#1160 = CARTESIAN_POINT ( 'NONE',  ( 19.99999999999999645, -10.63969002948373621, -4.681278893248002504 ) ) ;
#1161 = EDGE_CURVE ( 'NONE', #1419, #277, #1532, .T. ) ;
#1162 = EDGE_LOOP ( 'NONE', ( #92, #3836, #3948, #1519 ) ) ;
#1163 = CIRCLE ( 'NONE', #998, 5.399999999997299405 ) ;
#1164 = CONICAL_SURFACE ( 'NONE', #1740, 15.03290837936660296, 1.047197551196604515 ) ;
#1165 = CARTESIAN_POINT ( 'NONE',  ( 1.545787712112117518, -14.39306271860116482, -1.845635245443684402 ) ) ;
#1166 = AXIS2_PLACEMENT_3D ( 'NONE', #4558, #3416, #4967 ) ;
#1167 = AXIS2_PLACEMENT_3D ( 'NONE', #4651, #3199, #4747 ) ;
#1168 = B_SPLINE_CURVE_WITH_KNOTS ( 'NONE', 3,
 ( #1280, #2079, #1669, #2847, #4048, #913, #549, #3689 ),
 .UNSPECIFIED., .F., .F.,
 ( 4, 2, 2, 4 ),
 ( 3.154111140037064121E-07, 0.001922967958200567538, 0.002884294231743851460, 0.003845620505287135164 ),
 .UNSPECIFIED. ) ;
#1169 = ORIENTED_EDGE ( 'NONE', *, *, #3475, .F. ) ;
#1170 = DIRECTION ( 'NONE',  ( 0.000000000000000000, -7.067391939168305026E-15, 1.000000000000000000 ) ) ;
#1171 = AXIS2_PLACEMENT_3D ( 'NONE', #3659, #2841, #2021 ) ;
#1172 = LINE ( 'NONE', #1476, #1995 ) ;
#1173 = ADVANCED_FACE ( 'NONE', ( #682 ), #3060, .F. ) ;
#1174 = CARTESIAN_POINT ( 'NONE',  ( 0.3226133170891579138, 5.419819943696533748, -11.14374424793028240 ) ) ;
#1175 = AXIS2_PLACEMENT_3D ( 'NONE', #4035, #2095, #32 ) ;
#1176 = ORIENTED_EDGE ( 'NONE', *, *, #4160, .F. ) ;
#1177 = DIRECTION ( 'NONE',  ( -1.000000000000000000, 0.000000000000000000, 0.000000000000000000 ) ) ;
#1178 = DIRECTION ( 'NONE',  ( -1.000000000000000000, 0.000000000000000000, 0.000000000000000000 ) ) ;
#1179 = AXIS2_PLACEMENT_3D ( 'NONE', #117, #3995, #4811 ) ;
#1180 = DIRECTION ( 'NONE',  ( 0.000000000000000000, 0.000000000000000000, 1.000000000000000000 ) ) ;
#1181 = CARTESIAN_POINT ( 'NONE',  ( 19.99999999999999645, -10.82702973964764759, -4.774216975721752299 ) ) ;
#1182 = ORIENTED_EDGE ( 'NONE', *, *, #704, .F. ) ;
#1183 = EDGE_LOOP ( 'NONE', ( #3351, #474, #3124, #2130 ) ) ;
#1184 = AXIS2_PLACEMENT_3D ( 'NONE', #3990, #61, #938 ) ;
#1185 = ORIENTED_EDGE ( 'NONE', *, *, #2353, .T. ) ;
#1186 = CARTESIAN_POINT ( 'NONE',  ( 0.000000000000000000, -10.63969002948373621, -4.681278893248002504 ) ) ;
#1187 = EDGE_CURVE ( 'NONE', #3386, #977, #3451, .T. ) ;
#1188 = CARTESIAN_POINT ( 'NONE',  ( 1.828521199716541812, -0.3769537665660790404, -14.99526278054661610 ) ) ;
#1189 = AXIS2_PLACEMENT_3D ( 'NONE', #2484, #3605, #82 ) ;
#1190 = DIRECTION ( 'NONE',  ( 0.000000000000000000, 0.000000000000000000, 1.000000000000000000 ) ) ;
#1191 = ORIENTED_EDGE ( 'NONE', *, *, #2602, .F. ) ;
#1192 = EDGE_CURVE ( 'NONE', #2953, #2905, #3010, .T. ) ;
#1193 = DIRECTION ( 'NONE',  ( 0.000000000000000000, -0.3420201433256568890, -0.9396926207859126468 ) ) ;
#1194 = CIRCLE ( 'NONE', #3003, 11.83290837936660189 ) ;
#1195 = DIRECTION ( 'NONE',  ( 1.000000000000000000, -0.000000000000000000, -0.000000000000000000 ) ) ;
#1196 = ORIENTED_EDGE ( 'NONE', *, *, #3973, .F. ) ;
#1197 = ORIENTED_EDGE ( 'NONE', *, *, #3757, .F. ) ;
#1198 = CARTESIAN_POINT ( 'NONE',  ( 19.20153487114203372, -9.354243946357531314, -9.336346657499712265 ) ) ;
#1199 = DIRECTION ( 'NONE',  ( 0.000000000000000000, 0.000000000000000000, -1.000000000000000000 ) ) ;
#1200 = CARTESIAN_POINT ( 'NONE',  ( 19.20153499811550191, -1.164478707665855151, -13.16484835695005451 ) ) ;
#1201 = VERTEX_POINT ( 'NONE', #3368 ) ;
#1202 = DIRECTION ( 'NONE',  ( 0.000000000000000000, 0.000000000000000000, 1.000000000000000000 ) ) ;
#1203 = LINE ( 'NONE', #347, #3979 ) ;
#1204 = LINE ( 'NONE', #3133, #1990 ) ;
#1205 = CARTESIAN_POINT ( 'NONE',  ( 0.7984651138335244758, -5.596895385484746299, 11.97263588668844569 ) ) ;
#1206 = ORIENTED_EDGE ( 'NONE', *, *, #584, .F. ) ;
#1207 = VERTEX_POINT ( 'NONE', #1876 ) ;
#1208 = EDGE_LOOP ( 'NONE', ( #4169, #1544, #2312, #1335 ) ) ;
#1209 = CYLINDRICAL_SURFACE ( 'NONE', #687, 5.399999999997299405 ) ;
#1210 = CARTESIAN_POINT ( 'NONE',  ( 19.20153502338157736, -3.408391245887551158, 12.76918599143851729 ) ) ;
#1211 = CARTESIAN_POINT ( 'NONE',  ( 19.77339330141056095, -11.74677743332385127, 3.387378808990654466 ) ) ;
#1212 = ORIENTED_EDGE ( 'NONE', *, *, #3475, .T. ) ;
#1213 = CARTESIAN_POINT ( 'NONE',  ( 0.000000000000000000, 9.373951458494573785, -6.873602407300874795 ) ) ;
#1214 = CARTESIAN_POINT ( 'NONE',  ( 18.17147880028345597, 14.70199371010883205, -2.975127047320053730 ) ) ;
#1215 = EDGE_CURVE ( 'NONE', #427, #4687, #340, .T. ) ;
#1216 = ADVANCED_FACE ( 'NONE', ( #275 ), #1855, .T. ) ;
#1217 = VERTEX_POINT ( 'NONE', #2241 ) ;
#1218 = ORIENTED_EDGE ( 'NONE', *, *, #3640, .F. ) ;
#1219 = CARTESIAN_POINT ( 'NONE',  ( 1.828521199716543588, -9.350005781138316152, 11.72933893671996763 ) ) ;
#1220 = LINE ( 'NONE', #417, #751 ) ;
#1221 = DIRECTION ( 'NONE',  ( -1.000000000000000000, 0.000000000000000000, 0.000000000000000000 ) ) ;
#1222 = EDGE_CURVE ( 'NONE', #563, #4764, #1894, .T. ) ;
#1223 = ORIENTED_EDGE ( 'NONE', *, *, #2014, .T. ) ;
#1224 = CARTESIAN_POINT ( 'NONE',  ( 9.999999999999998224, 14.70199371010879297, 2.975127047320249574 ) ) ;
#1225 = DIRECTION ( 'NONE',  ( 0.000000000000000000, 0.000000000000000000, 1.000000000000000000 ) ) ;
#1226 = CARTESIAN_POINT ( 'NONE',  ( 1.259846281319909167, -13.93535500834931007, 1.504919126487860304 ) ) ;
#1227 = DIRECTION ( 'NONE',  ( 0.000000000000000000, 0.000000000000000000, -1.000000000000000000 ) ) ;
#1228 = ORIENTED_EDGE ( 'NONE', *, *, #1947, .T. ) ;
#1229 = ORIENTED_EDGE ( 'NONE', *, *, #1481, .T. ) ;
#1230 = CARTESIAN_POINT ( 'NONE',  ( 18.31070245205176050, -5.552706930357856230, 13.67552987077103843 ) ) ;
#1231 = CARTESIAN_POINT ( 'NONE',  ( 0.000000000000000000, -10.82702973964770798, 4.774216975721606637 ) ) ;
#1232 = CARTESIAN_POINT ( 'NONE',  ( 19.99999999999999645, 12.53200494222449990, -1.969683236929979930 ) ) ;
#1233 = CARTESIAN_POINT ( 'NONE',  ( 0.000000000000000000, 10.82702973964767601, 4.774216975721676803 ) ) ;
#1234 = EDGE_LOOP ( 'NONE', ( #2728, #3810, #4509, #4249 ) ) ;
#1235 = CARTESIAN_POINT ( 'NONE',  ( 0.1622243996348332051, 6.753168949536911825, 10.05690572819042750 ) ) ;
#1236 = DIRECTION ( 'NONE',  ( 1.000000000000000000, -0.000000000000000000, -0.000000000000000000 ) ) ;
#1237 = CARTESIAN_POINT ( 'NONE',  ( 18.31070237988807037, 4.536840991726548644, 14.04527496976078460 ) ) ;
#1238 = AXIS2_PLACEMENT_3D ( 'NONE', #3628, #104, #1627 ) ;
#1239 = ORIENTED_EDGE ( 'NONE', *, *, #3938, .F. ) ;
#1240 = EDGE_CURVE ( 'NONE', #177, #3878, #3030, .T. ) ;
#1241 = EDGE_CURVE ( 'NONE', #2940, #156, #4202, .T. ) ;
#1242 = AXIS2_PLACEMENT_3D ( 'NONE', #1232, #3953, #2752 ) ;
#1243 = CIRCLE ( 'NONE', #252, 11.83290837936660012 ) ;
#1244 = DIRECTION ( 'NONE',  ( -1.000000000000000000, -0.000000000000000000, 0.000000000000000000 ) ) ;
#1245 = CARTESIAN_POINT ( 'NONE',  ( 18.17147880028345597, -9.350005781138316152, 11.72933893671996586 ) ) ;
#1246 = ORIENTED_EDGE ( 'NONE', *, *, #78, .T. ) ;
#1247 = CARTESIAN_POINT ( 'NONE',  ( 19.42268043732221017, -10.44496673331358494, 7.455688880259710771 ) ) ;
#1248 = AXIS2_PLACEMENT_3D ( 'NONE', #1896, #1974, #3463 ) ;
#1249 = AXIS2_PLACEMENT_3D ( 'NONE', #3517, #1543, #5067 ) ;
#1250 = CARTESIAN_POINT ( 'NONE',  ( 19.99999999999999645, -11.80695832568067694, 0.7832341987708096864 ) ) ;
#1251 = EDGE_CURVE ( 'NONE', #445, #992, #810, .T. ) ;
#1252 = CARTESIAN_POINT ( 'NONE',  ( 0.000000000000000000, 0.000000000000000000, 0.000000000000000000 ) ) ;
#1253 = AXIS2_PLACEMENT_3D ( 'NONE', #602, #1741, #1818 ) ;
#1254 = FACE_OUTER_BOUND ( 'NONE', #3090, .T. ) ;
#1255 = DIRECTION ( 'NONE',  ( 0.000000000000000000, -0.3420201433256757628, 0.9396926207859058744 ) ) ;
#1256 = EDGE_LOOP ( 'NONE', ( #1457, #379, #4386, #2160, #4746 ) ) ;
#1257 = ORIENTED_EDGE ( 'NONE', *, *, #680, .F. ) ;
#1258 = ORIENTED_EDGE ( 'NONE', *, *, #3982, .T. ) ;
#1259 = AXIS2_PLACEMENT_3D ( 'NONE', #306, #1885, #3020 ) ;
#1260 = DIRECTION ( 'NONE',  ( -1.000000000000000000, 0.000000000000000000, 0.000000000000000000 ) ) ;
#1261 = CARTESIAN_POINT ( 'NONE',  ( 0.000000000000000000, 0.2738250307120564941, 8.744644099306219331 ) ) ;
#1262 = CARTESIAN_POINT ( 'NONE',  ( -10.00000000000000000, 0.000000000000000000, 0.000000000000000000 ) ) ;
#1263 = CIRCLE ( 'NONE', #2001, 5.399999999997300293 ) ;
#1264 = ORIENTED_EDGE ( 'NONE', *, *, #5071, .T. ) ;
#1265 = CARTESIAN_POINT ( 'NONE',  ( 1.828521199716542922, 9.350005781138397865, -11.72933893671990191 ) ) ;
#1266 = EDGE_CURVE ( 'NONE', #4302, #1811, #2403, .T. ) ;
#1267 = CIRCLE ( 'NONE', #514, 1.750000000000000000 ) ;
#1268 = CARTESIAN_POINT ( 'NONE',  ( 0.000000000000000000, 0.000000000000000000, 0.000000000000000000 ) ) ;
#1269 = LINE ( 'NONE', #2064, #2307 ) ;
#1270 = CONICAL_SURFACE ( 'NONE', #2583, 11.83290837936660012, 1.047197551196604515 ) ;
#1271 = EDGE_LOOP ( 'NONE', ( #1456, #1443, #3837, #1856 ) ) ;
#1272 = AXIS2_PLACEMENT_3D ( 'NONE', #1957, #3900, #4665 ) ;
#1273 = CARTESIAN_POINT ( 'NONE',  ( 0.000000000000000000, -10.63969002948380016, 4.681278893247859507 ) ) ;
#1274 = DIRECTION ( 'NONE',  ( 0.000000000000000000, 0.000000000000000000, 1.000000000000000000 ) ) ;
#1275 = VERTEX_POINT ( 'NONE', #2713 ) ;
#1276 = EDGE_CURVE ( 'NONE', #4081, #3043, #4101, .T. ) ;
#1277 = CARTESIAN_POINT ( 'NONE',  ( 19.99999999999999645, 0.000000000000000000, 0.000000000000000000 ) ) ;
#1278 = CARTESIAN_POINT ( 'NONE',  ( 19.99999999999999645, -9.373951458494431677, -6.873602407301065753 ) ) ;
#1279 = FACE_OUTER_BOUND ( 'NONE', #4284, .T. ) ;
#1280 = CARTESIAN_POINT ( 'NONE',  ( 1.828521199716542922, 14.83290837936661433, -2.232673063637094391 ) ) ;
#1281 = DIRECTION ( 'NONE',  ( -1.000000000000000000, -0.000000000000000000, -0.000000000000000000 ) ) ;
#1282 = ORIENTED_EDGE ( 'NONE', *, *, #1161, .T. ) ;
#1283 = ADVANCED_FACE ( 'NONE', ( #4713 ), #1616, .T. ) ;
#1284 = ORIENTED_EDGE ( 'NONE', *, *, #4145, .F. ) ;
#1285 = ADVANCED_FACE ( 'NONE', ( #2440 ), #426, .T. ) ;
#1286 = ORIENTED_EDGE ( 'NONE', *, *, #4335, .F. ) ;
#1287 = DIRECTION ( 'NONE',  ( -1.000000000000000000, -0.000000000000000000, 0.000000000000000000 ) ) ;
#1288 = LINE ( 'NONE', #3289, #3708 ) ;
#1289 = CARTESIAN_POINT ( 'NONE',  ( 5.000000000000000888, -7.000001873099979122, -1.844327237370755631E-15 ) ) ;
#1290 = ORIENTED_EDGE ( 'NONE', *, *, #2629, .F. ) ;
#1291 = EDGE_CURVE ( 'NONE', #5019, #469, #258, .T. ) ;
#1292 = CYLINDRICAL_SURFACE ( 'NONE', #4701, 5.399999999997301181 ) ;
#1293 = B_SPLINE_CURVE_WITH_KNOTS ( 'NONE', 3,
 ( #171, #3319, #4870, #2931, #4483, #1540, #785, #4298 ),
 .UNSPECIFIED., .F., .F.,
 ( 4, 2, 2, 4 ),
 ( 3.929789712437448896E-07, 0.001917556253464120517, 0.002876137890710558660, 0.003834719527956997019 ),
 .UNSPECIFIED. ) ;
#1294 = FACE_OUTER_BOUND ( 'NONE', #3167, .T. ) ;
#1295 = CARTESIAN_POINT ( 'NONE',  ( 19.99999999999999645, -11.59912988617138119, -0.7599749230012503576 ) ) ;
#1296 = EDGE_LOOP ( 'NONE', ( #1229, #788, #3822, #144, #2007, #2760 ) ) ;
#1297 = CARTESIAN_POINT ( 'NONE',  ( 18.17147880028345597, -5.482902598228224456, -13.96201200035715395 ) ) ;
#1298 = LINE ( 'NONE', #1660, #1015 ) ;
#1299 = ORIENTED_EDGE ( 'NONE', *, *, #3381, .F. ) ;
#1300 = CYLINDRICAL_SURFACE ( 'NONE', #3454, 11.62399999999418831 ) ;
#1301 = CARTESIAN_POINT ( 'NONE',  ( 1.828521199716542922, -14.70199371010877165, -2.975127047320347717 ) ) ;
#1302 = CARTESIAN_POINT ( 'NONE',  ( 18.15247913859322182, 0.000000000000000000, 0.000000000000000000 ) ) ;
#1303 = CARTESIAN_POINT ( 'NONE',  ( 18.74015440929683507, 9.707757375727698701, 10.11030730628489671 ) ) ;
#1304 = CARTESIAN_POINT ( 'NONE',  ( 50.00005079999999680, 0.000000000000000000, 3.000000000000000444 ) ) ;
#1305 = ORIENTED_EDGE ( 'NONE', *, *, #2941, .F. ) ;
#1306 = EDGE_LOOP ( 'NONE', ( #2789, #4964, #4815, #3553 ) ) ;
#1307 = CARTESIAN_POINT ( 'NONE',  ( 0.000000000000000000, 0.000000000000000000, 0.000000000000000000 ) ) ;
#1308 = DIRECTION ( 'NONE',  ( 0.000000000000000000, 0.3420201433256629953, 0.9396926207859104263 ) ) ;
#1309 = CARTESIAN_POINT ( 'NONE',  ( 0.000000000000000000, 0.000000000000000000, 0.000000000000000000 ) ) ;
#1310 = EDGE_CURVE ( 'NONE', #874, #5042, #3143, .T. ) ;
#1311 = ADVANCED_FACE ( 'NONE', ( #1928 ), #2417, .F. ) ;
#1312 = CARTESIAN_POINT ( 'NONE',  ( 18.17147880028345597, -12.79780162109346797, -7.824082928171995022 ) ) ;
#1313 = ORIENTED_EDGE ( 'NONE', *, *, #3071, .T. ) ;
#1314 = ORIENTED_EDGE ( 'NONE', *, *, #2205, .F. ) ;
#1315 = DIRECTION ( 'NONE',  ( 1.000000000000000000, -0.000000000000000000, 0.000000000000000000 ) ) ;
#1316 = EDGE_CURVE ( 'NONE', #3495, #2781, #2875, .T. ) ;
#1317 = CARTESIAN_POINT ( 'NONE',  ( 18.75075730588705625, 5.642709456866434437, -12.80954327094686640 ) ) ;
#1318 = CARTESIAN_POINT ( 'NONE',  ( 19.35976654584245793, 7.348545860038832700, -10.65331835257204141 ) ) ;
#1319 = VERTEX_POINT ( 'NONE', #2364 ) ;
#1320 = CIRCLE ( 'NONE', #2146, 11.62399999999418831 ) ;
#1321 = CARTESIAN_POINT ( 'NONE',  ( 18.15247913859322182, 0.000000000000000000, 0.000000000000000000 ) ) ;
#1322 = CIRCLE ( 'NONE', #1898, 1.749999999999999778 ) ;
#1323 = CARTESIAN_POINT ( 'NONE',  ( 0.000000000000000000, 8.333984767424764684, 9.564282399747208174 ) ) ;
#1324 = CONICAL_SURFACE ( 'NONE', #2886, 11.83290837936660012, 1.047197551196604515 ) ;
#1325 = ORIENTED_EDGE ( 'NONE', *, *, #3817, .T. ) ;
#1326 = CARTESIAN_POINT ( 'NONE',  ( 0.000000000000000000, 8.541201577072589757, -8.189358725462115629 ) ) ;
#1327 = CIRCLE ( 'NONE', #1077, 5.399999999997299405 ) ;
#1328 = EDGE_CURVE ( 'NONE', #2853, #4688, #3550, .T. ) ;
#1329 = CARTESIAN_POINT ( 'NONE',  ( 0.1622244480091381003, -12.08612040209097316, 0.8199630132042680097 ) ) ;
#1330 = DIRECTION ( 'NONE',  ( 0.000000000000000000, 0.000000000000000000, -1.000000000000000000 ) ) ;
#1331 = FACE_OUTER_BOUND ( 'NONE', #3790, .T. ) ;
#1332 = CIRCLE ( 'NONE', #2721, 11.83290837936660012 ) ;
#1333 = AXIS2_PLACEMENT_3D ( 'NONE', #4686, #450, #1255 ) ;
#1334 = VERTEX_POINT ( 'NONE', #3917 ) ;
#1335 = ORIENTED_EDGE ( 'NONE', *, *, #3487, .T. ) ;
#1336 = DIRECTION ( 'NONE',  ( 0.000000000000000000, 0.000000000000000000, -1.000000000000000000 ) ) ;
#1337 = CARTESIAN_POINT ( 'NONE',  ( 0.000000000000000000, -12.44990391086187032, 2.435301323468733514 ) ) ;
#1338 = AXIS2_PLACEMENT_3D ( 'NONE', #2706, #781, #4293 ) ;
#1339 = DIRECTION ( 'NONE',  ( 1.000000000000000000, 0.000000000000000000, 0.000000000000000000 ) ) ;
#1340 = LINE ( 'NONE', #4462, #2564 ) ;
#1341 = ORIENTED_EDGE ( 'NONE', *, *, #1058, .F. ) ;
#1342 = AXIS2_PLACEMENT_3D ( 'NONE', #3040, #4977, #4182 ) ;
#1343 = ORIENTED_EDGE ( 'NONE', *, *, #4630, .F. ) ;
#1344 = EDGE_CURVE ( 'NONE', #513, #4258, #4113, .T. ) ;
#1345 = CARTESIAN_POINT ( 'NONE',  ( 9.999999999999998224, 9.350005781138399641, -11.72933893671990191 ) ) ;
#1346 = AXIS2_PLACEMENT_3D ( 'NONE', #2128, #3207, #1330 ) ;
#1347 = CARTESIAN_POINT ( 'NONE',  ( 19.99999999999999645, -11.59912988617138119, -0.7599749230012503576 ) ) ;
#1348 = DIRECTION ( 'NONE',  ( -1.000000000000000000, 0.000000000000000000, 0.000000000000000000 ) ) ;
#1349 = ORIENTED_EDGE ( 'NONE', *, *, #4036, .F. ) ;
#1350 = EDGE_CURVE ( 'NONE', #1374, #2740, #3932, .T. ) ;
#1351 = AXIS2_PLACEMENT_3D ( 'NONE', #2381, #3933, #3562 ) ;
#1352 = B_SPLINE_CURVE_WITH_KNOTS ( 'NONE', 3,
 ( #2910, #2137, #4819, #4506, #2470, #204, #2521, #1312 ),
 .UNSPECIFIED., .F., .F.,
 ( 4, 2, 2, 4 ),
 ( 3.929789716555402271E-07, 0.001917556184648756303, 0.002876137787487304497, 0.003834719390325852691 ),
 .UNSPECIFIED. ) ;
#1353 = CARTESIAN_POINT ( 'NONE',  ( 1.661245717114647302, 12.44990391086189696, 7.835301323466232759 ) ) ;
#1354 = CIRCLE ( 'NONE', #4052, 3.000000000000000888 ) ;
#1355 = CYLINDRICAL_SURFACE ( 'NONE', #3649, 3.000000000000000000 ) ;
#1356 = EDGE_LOOP ( 'NONE', ( #1909, #3602, #2716, #4436 ) ) ;
#1357 = CARTESIAN_POINT ( 'NONE',  ( 9.999999999999998224, -5.482902598228223567, -13.96201200035715395 ) ) ;
#1358 = VECTOR ( 'NONE', #2468, 1000.000000000000000 ) ;
#1359 = CARTESIAN_POINT ( 'NONE',  ( 5.000000000000000888, -7.000001873099979122, -1.844327237370755631E-15 ) ) ;
#1360 = CARTESIAN_POINT ( 'NONE',  ( 18.17147880028345597, 14.70199371010879297, 2.975127047320249574 ) ) ;
#1361 = DIRECTION ( 'NONE',  ( 0.000000000000000000, 0.000000000000000000, -1.000000000000000000 ) ) ;
#1362 = VECTOR ( 'NONE', #1749, 1000.000000000000000 ) ;
#1363 = ORIENTED_EDGE ( 'NONE', *, *, #1600, .F. ) ;
#1364 = VERTEX_POINT ( 'NONE', #2824 ) ;
#1365 = CARTESIAN_POINT ( 'NONE',  ( 18.31070239317380555, -0.5405309722113058601, 14.74993222881806254 ) ) ;
#1366 = CARTESIAN_POINT ( 'NONE',  ( 0.000000000000000000, 0.000000000000000000, 0.000000000000000000 ) ) ;
#1367 = CARTESIAN_POINT ( 'NONE',  ( 1.689297577360542313, -13.04408147270467744, -6.906852504998957087 ) ) ;
#1368 = CARTESIAN_POINT ( 'NONE',  ( 0.000000000000000000, -5.225178449591891372, -10.61674295084913311 ) ) ;
#1369 = ORIENTED_EDGE ( 'NONE', *, *, #2131, .T. ) ;
#1370 = ORIENTED_EDGE ( 'NONE', *, *, #991, .T. ) ;
#1371 = CYLINDRICAL_SURFACE ( 'NONE', #518, 3.000000000000000444 ) ;
#1372 = CARTESIAN_POINT ( 'NONE',  ( 18.45421246650420244, -8.794898037660576762, -11.54194019240595814 ) ) ;
#1373 = CARTESIAN_POINT ( 'NONE',  ( 19.83777560036516263, 6.753168949537053933, -10.05690572819033335 ) ) ;
#1374 = VERTEX_POINT ( 'NONE', #1181 ) ;
#1375 = CARTESIAN_POINT ( 'NONE',  ( 19.99999999999999645, 0.000000000000000000, 0.000000000000000000 ) ) ;
#1376 = ADVANCED_FACE ( 'NONE', ( #3494 ), #3952, .T. ) ;
#1377 = EDGE_CURVE ( 'NONE', #3946, #4228, #2793, .T. ) ;
#1378 = DIRECTION ( 'NONE',  ( 0.000000000000000000, 0.000000000000000000, 1.000000000000000000 ) ) ;
#1379 = ORIENTED_EDGE ( 'NONE', *, *, #4247, .F. ) ;
#1380 = CARTESIAN_POINT ( 'NONE',  ( 0.000000000000000000, 0.000000000000000000, 0.000000000000000000 ) ) ;
#1381 = DIRECTION ( 'NONE',  ( 0.000000000000000000, 0.000000000000000000, -1.000000000000000000 ) ) ;
#1382 = EDGE_CURVE ( 'NONE', #4307, #1687, #1081, .T. ) ;
#1383 = CARTESIAN_POINT ( 'NONE',  ( 18.15247913859322182, 0.000000000000000000, 0.000000000000000000 ) ) ;
#1384 = FACE_OUTER_BOUND ( 'NONE', #1849, .T. ) ;
#1385 = ORIENTED_EDGE ( 'NONE', *, *, #798, .F. ) ;
#1386 = ORIENTED_EDGE ( 'NONE', *, *, #738, .F. ) ;
#1387 = CARTESIAN_POINT ( 'NONE',  ( 0.000000000000000000, 5.141407353527533530, 10.42512860472032088 ) ) ;
#1388 = DIRECTION ( 'NONE',  ( -1.000000000000000000, -0.000000000000000000, -0.000000000000000000 ) ) ;
#1389 = CARTESIAN_POINT ( 'NONE',  ( 1.828521199716543588, 12.79780162109362962, -7.824082928171732121 ) ) ;
#1390 = CARTESIAN_POINT ( 'NONE',  ( 19.99999999999999645, 9.373951458494479638, 6.873602407301001804 ) ) ;
#1391 = ORIENTED_EDGE ( 'NONE', *, *, #720, .F. ) ;
#1392 = ORIENTED_EDGE ( 'NONE', *, *, #3290, .T. ) ;
#1393 = CARTESIAN_POINT ( 'NONE',  ( 0.000000000000000000, -8.396946530139262066, 8.037951540650583482 ) ) ;
#1394 = CARTESIAN_POINT ( 'NONE',  ( 0.000000000000000000, 0.000000000000000000, 0.000000000000000000 ) ) ;
#1395 = FACE_OUTER_BOUND ( 'NONE', #889, .T. ) ;
#1396 = ORIENTED_EDGE ( 'NONE', *, *, #3603, .F. ) ;
#1397 = CARTESIAN_POINT ( 'NONE',  ( 18.17147880028345597, -14.83290837936660012, -2.232673063637196975 ) ) ;
#1398 = LINE ( 'NONE', #4858, #937 ) ;
#1399 = ORIENTED_EDGE ( 'NONE', *, *, #2296, .T. ) ;
#1400 = DIRECTION ( 'NONE',  ( 0.000000000000000000, 0.000000000000000000, 1.000000000000000000 ) ) ;
#1401 = EDGE_CURVE ( 'NONE', #3728, #4498, #4322, .T. ) ;
#1402 = EDGE_CURVE ( 'NONE', #4133, #2853, #550, .T. ) ;
#1403 = VECTOR ( 'NONE', #4812, 1000.000000000000000 ) ;
#1404 = CIRCLE ( 'NONE', #1812, 5.399999999997299405 ) ;
#1405 = DIRECTION ( 'NONE',  ( -1.000000000000000000, 0.000000000000000000, -0.000000000000000000 ) ) ;
#1406 = CARTESIAN_POINT ( 'NONE',  ( 1.828521199716542922, 0.000000000000000000, 0.000000000000000000 ) ) ;
#1407 = VERTEX_POINT ( 'NONE', #2871 ) ;
#1408 = ORIENTED_EDGE ( 'NONE', *, *, #3480, .T. ) ;
#1409 = CARTESIAN_POINT ( 'NONE',  ( 5.000000000000000888, 0.2738250307120562721, 6.994644099306219331 ) ) ;
#1410 = AXIS2_PLACEMENT_3D ( 'NONE', #1644, #556, #4768 ) ;
#1411 = EDGE_CURVE ( 'NONE', #453, #1498, #700, .T. ) ;
#1412 = B_SPLINE_CURVE_WITH_KNOTS ( 'NONE', 3,
 ( #3851, #1834, #4955, #1135, #3827, #4209, #689, #2272 ),
 .UNSPECIFIED., .F., .F.,
 ( 4, 2, 2, 4 ),
 ( 3.929789716563564493E-07, 0.001917556337481941212, 0.002876138016737083379, 0.003834719695992225980 ),
 .UNSPECIFIED. ) ;
#1413 = DIRECTION ( 'NONE',  ( -1.000000000000000000, -0.000000000000000000, -0.000000000000000000 ) ) ;
#1414 = CARTESIAN_POINT ( 'NONE',  ( 19.99999999999999645, 0.000000000000000000, 0.000000000000000000 ) ) ;
#1415 = CIRCLE ( 'NONE', #91, 11.62399999999418654 ) ;
#1416 = AXIS2_PLACEMENT_3D ( 'NONE', #3811, #4980, #4601 ) ;
#1417 = DIRECTION ( 'NONE',  ( 1.000000000000000000, 0.000000000000000000, 0.000000000000000000 ) ) ;
#1418 = ORIENTED_EDGE ( 'NONE', *, *, #2600, .T. ) ;
#1419 = VERTEX_POINT ( 'NONE', #118 ) ;
#1420 = FACE_OUTER_BOUND ( 'NONE', #1162, .T. ) ;
#1421 = FACE_OUTER_BOUND ( 'NONE', #3612, .T. ) ;
#1422 = AXIS2_PLACEMENT_3D ( 'NONE', #2995, #3684, #1788 ) ;
#1423 = DIRECTION ( 'NONE',  ( -1.000000000000000000, 0.000000000000000000, 0.000000000000000000 ) ) ;
#1424 = EDGE_LOOP ( 'NONE', ( #3241, #2189, #984, #4197, #2834 ) ) ;
#1425 = EDGE_CURVE ( 'NONE', #4116, #286, #3690, .T. ) ;
#1426 = CIRCLE ( 'NONE', #5020, 5.399999999997300293 ) ;
#1427 = CARTESIAN_POINT ( 'NONE',  ( 18.17147880028345597, -14.83290837936663031, 2.232673063636990918 ) ) ;
#1428 = AXIS2_PLACEMENT_3D ( 'NONE', #2232, #1432, #3002 ) ;
#1429 = ORIENTED_EDGE ( 'NONE', *, *, #2022, .T. ) ;
#1430 = DIRECTION ( 'NONE',  ( 0.000000000000000000, 0.000000000000000000, 1.000000000000000000 ) ) ;
#1431 = CARTESIAN_POINT ( 'NONE',  ( 0.000000000000000000, 0.000000000000000000, 0.000000000000000000 ) ) ;
#1432 = DIRECTION ( 'NONE',  ( -1.000000000000000000, 0.000000000000000000, 0.000000000000000000 ) ) ;
#1433 = EDGE_LOOP ( 'NONE', ( #2891, #3347, #2516, #2260 ) ) ;
#1434 = EDGE_LOOP ( 'NONE', ( #4860, #58, #1153, #1060 ) ) ;
#1435 = CIRCLE ( 'NONE', #1682, 14.99999999999250022 ) ;
#1436 = DIRECTION ( 'NONE',  ( -1.000000000000000000, -0.000000000000000000, -0.000000000000000000 ) ) ;
#1437 = DIRECTION ( 'NONE',  ( -1.000000000000000000, -0.000000000000000000, -0.000000000000000000 ) ) ;
#1438 = CARTESIAN_POINT ( 'NONE',  ( 19.99999999999999645, 4.115919143437040795, 11.99958372321601807 ) ) ;
#1439 = AXIS2_PLACEMENT_3D ( 'NONE', #870, #1287, #2085 ) ;
#1440 = ADVANCED_FACE ( 'NONE', ( #1384 ), #3538, .T. ) ;
#1441 = CARTESIAN_POINT ( 'NONE',  ( -10.00000000000000000, 0.000000000000000000, 0.000000000000000000 ) ) ;
#1442 = EDGE_CURVE ( 'NONE', #4174, #4642, #3939, .T. ) ;
#1443 = ORIENTED_EDGE ( 'NONE', *, *, #1187, .F. ) ;
#1444 = ORIENTED_EDGE ( 'NONE', *, *, #4744, .T. ) ;
#1445 = AXIS2_PLACEMENT_3D ( 'NONE', #2076, #1692, #837 ) ;
#1446 = CARTESIAN_POINT ( 'NONE',  ( 1.773297445917096260, 12.68108541247829457, 7.831618082628475364 ) ) ;
#1447 = DIRECTION ( 'NONE',  ( 0.000000000000000000, -0.8660254037844433705, 0.4999999999999919509 ) ) ;
#1448 = CARTESIAN_POINT ( 'NONE',  ( 1.689297540044932155, 9.895144412460988192, 10.95165686809721173 ) ) ;
#1449 = ADVANCED_FACE ( 'NONE', ( #2515 ), #914, .T. ) ;
#1450 = EDGE_LOOP ( 'NONE', ( #2598, #2387, #3011, #3783 ) ) ;
#1451 = CARTESIAN_POINT ( 'NONE',  ( 0.1622244084131898023, 11.07679422751421328, -4.904209793270992712 ) ) ;
#1452 = ORIENTED_EDGE ( 'NONE', *, *, #3442, .F. ) ;
#1453 = CARTESIAN_POINT ( 'NONE',  ( 0.1622243953632060143, 8.731443245861544966, -8.396936486107710707 ) ) ;
#1454 = CARTESIAN_POINT ( 'NONE',  ( 1.828521199716542922, 0.000000000000000000, 0.000000000000000000 ) ) ;
#1455 = LINE ( 'NONE', #4091, #272 ) ;
#1456 = ORIENTED_EDGE ( 'NONE', *, *, #4998, .F. ) ;
#1457 = ORIENTED_EDGE ( 'NONE', *, *, #582, .T. ) ;
#1458 = CARTESIAN_POINT ( 'NONE',  ( 19.54861153308456423, 12.13981942457256658, 3.430316763067319030 ) ) ;
#1459 = CARTESIAN_POINT ( 'NONE',  ( 0.000000000000000000, 0.000000000000000000, 0.000000000000000000 ) ) ;
#1460 = DIRECTION ( 'NONE',  ( -1.000000000000000000, 0.000000000000000000, 0.000000000000000000 ) ) ;
#1461 = CARTESIAN_POINT ( 'NONE',  ( 0.000000000000000000, 0.000000000000000000, -11.83290837936660012 ) ) ;
#1462 = ORIENTED_EDGE ( 'NONE', *, *, #615, .F. ) ;
#1463 = VERTEX_POINT ( 'NONE', #4571 ) ;
#1464 = EDGE_CURVE ( 'NONE', #2281, #4155, #3284, .T. ) ;
#1465 = CARTESIAN_POINT ( 'NONE',  ( 1.828521199716542922, -12.79780162109346797, -7.824082928171995022 ) ) ;
#1466 = EDGE_CURVE ( 'NONE', #1900, #2371, #4507, .T. ) ;
#1467 = CARTESIAN_POINT ( 'NONE',  ( 18.17147880028345597, 9.350005781138234440, 11.72933893672003158 ) ) ;
#1468 = CARTESIAN_POINT ( 'NONE',  ( 18.15247913859322182, 0.000000000000000000, 0.000000000000000000 ) ) ;
#1469 = ORIENTED_EDGE ( 'NONE', *, *, #966, .F. ) ;
#1470 = EDGE_CURVE ( 'NONE', #4971, #813, #1322, .T. ) ;
#1471 = FACE_OUTER_BOUND ( 'NONE', #411, .T. ) ;
#1472 = CARTESIAN_POINT ( 'NONE',  ( 19.99999999999999645, 8.333984767424896134, -9.564282399747099817 ) ) ;
#1473 = VERTEX_POINT ( 'NONE', #1055 ) ;
#1474 = FACE_OUTER_BOUND ( 'NONE', #1708, .T. ) ;
#1475 = ORIENTED_EDGE ( 'NONE', *, *, #3508, .F. ) ;
#1476 = CARTESIAN_POINT ( 'NONE',  ( 9.999999999999998224, -5.482902598228418078, 13.96201200035707757 ) ) ;
#1477 = CARTESIAN_POINT ( 'NONE',  ( 19.99999999999999645, -11.80695832568066272, -0.7832341987709743325 ) ) ;
#1478 = ORIENTED_EDGE ( 'NONE', *, *, #3109, .F. ) ;
#1479 = ORIENTED_EDGE ( 'NONE', *, *, #4579, .F. ) ;
#1480 = CARTESIAN_POINT ( 'NONE',  ( 0.3252336425002749221, -5.441245695465935839, -11.13825300109938077 ) ) ;
#1481 = EDGE_CURVE ( 'NONE', #3254, #559, #2553, .T. ) ;
#1482 = VECTOR ( 'NONE', #632, 1000.000000000000000 ) ;
#1483 = AXIS2_PLACEMENT_3D ( 'NONE', #4916, #4053, #1021 ) ;
#1484 = CYLINDRICAL_SURFACE ( 'NONE', #2838, 5.399999999997299405 ) ;
#1485 = DIRECTION ( 'NONE',  ( -1.000000000000000000, -0.000000000000000000, 0.000000000000000000 ) ) ;
#1486 = CARTESIAN_POINT ( 'NONE',  ( 0.000000000000000000, 11.59912988617138652, -0.7599749230011708656 ) ) ;
#1487 = AXIS2_PLACEMENT_3D ( 'NONE', #2374, #4745, #2096 ) ;
#1488 = AXIS2_PLACEMENT_3D ( 'NONE', #3992, #3234, #2437 ) ;
#1489 = VERTEX_POINT ( 'NONE', #3313 ) ;
#1490 = VERTEX_POINT ( 'NONE', #2051 ) ;
#1491 = DIRECTION ( 'NONE',  ( 0.000000000000000000, 0.000000000000000000, 1.000000000000000000 ) ) ;
#1492 = AXIS2_PLACEMENT_3D ( 'NONE', #2445, #2877, #4460 ) ;
#1493 = DIRECTION ( 'NONE',  ( 0.000000000000000000, 0.000000000000000000, -1.000000000000000000 ) ) ;
#1494 = DIRECTION ( 'NONE',  ( 1.000000000000000000, 0.000000000000000000, 0.000000000000000000 ) ) ;
#1495 = EDGE_LOOP ( 'NONE', ( #4416, #400, #3425, #1829, #3211, #278 ) ) ;
#1496 = EDGE_CURVE ( 'NONE', #2881, #4600, #771, .T. ) ;
#1497 = AXIS2_PLACEMENT_3D ( 'NONE', #2116, #1802, #2933 ) ;
#1498 = VERTEX_POINT ( 'NONE', #2464 ) ;
#1499 = AXIS2_PLACEMENT_3D ( 'NONE', #4551, #3763, #4499 ) ;
#1500 = CARTESIAN_POINT ( 'NONE',  ( 5.000000000000000888, 7.000001873099979122, -1.750000000000002442 ) ) ;
#1501 = CYLINDRICAL_SURFACE ( 'NONE', #5000, 2.999999999999999112 ) ;
#1502 = ADVANCED_FACE ( 'NONE', ( #4021 ), #498, .T. ) ;
#1503 = EDGE_CURVE ( 'NONE', #2449, #3279, #2110, .T. ) ;
#1504 = ORIENTED_EDGE ( 'NONE', *, *, #4184, .F. ) ;
#1505 = DIRECTION ( 'NONE',  ( 0.000000000000000000, 0.000000000000000000, -1.000000000000000000 ) ) ;
#1506 = DIRECTION ( 'NONE',  ( -1.000000000000000000, 0.000000000000000000, -0.000000000000000000 ) ) ;
#1507 = AXIS2_PLACEMENT_3D ( 'NONE', #154, #2577, #930 ) ;
#1508 = DIRECTION ( 'NONE',  ( 0.000000000000000000, -0.3420201433256757628, 0.9396926207859057634 ) ) ;
#1509 = ADVANCED_FACE ( 'NONE', ( #1331 ), #336, .T. ) ;
#1510 = ORIENTED_EDGE ( 'NONE', *, *, #3879, .F. ) ;
#1511 = LINE ( 'NONE', #2235, #2062 ) ;
#1512 = AXIS2_PLACEMENT_3D ( 'NONE', #2636, #1039, #4500 ) ;
#1513 = CARTESIAN_POINT ( 'NONE',  ( 19.99999999999999645, 10.86616072683659695, -6.546552603037437024 ) ) ;
#1514 = DIRECTION ( 'NONE',  ( 0.000000000000000000, 0.000000000000000000, 1.000000000000000000 ) ) ;
#1515 = CARTESIAN_POINT ( 'NONE',  ( 19.99999999999999645, 0.000000000000000000, 0.000000000000000000 ) ) ;
#1516 = CIRCLE ( 'NONE', #4292, 14.99999999999250022 ) ;
#1517 = ORIENTED_EDGE ( 'NONE', *, *, #3849, .F. ) ;
#1518 = VERTEX_POINT ( 'NONE', #3151 ) ;
#1519 = ORIENTED_EDGE ( 'NONE', *, *, #4637, .T. ) ;
#1520 = LINE ( 'NONE', #2675, #3249 ) ;
#1521 = CIRCLE ( 'NONE', #3891, 2.999999999999999112 ) ;
#1522 = DIRECTION ( 'NONE',  ( 0.000000000000000000, 0.000000000000000000, -1.000000000000000000 ) ) ;
#1523 = CARTESIAN_POINT ( 'NONE',  ( 1.828521199716542922, -5.482902598228420743, 13.96201200035707934 ) ) ;
#1524 = CARTESIAN_POINT ( 'NONE',  ( 1.097830541888561884, 9.584151966097982367, 9.838048736783319370 ) ) ;
#1525 = ORIENTED_EDGE ( 'NONE', *, *, #107, .F. ) ;
#1526 = CIRCLE ( 'NONE', #446, 11.62399999999419009 ) ;
#1527 = ORIENTED_EDGE ( 'NONE', *, *, #3574, .F. ) ;
#1528 = CARTESIAN_POINT ( 'NONE',  ( 19.35976672633866258, 12.90031695199263595, 1.037368121401668564 ) ) ;
#1529 = CARTESIAN_POINT ( 'NONE',  ( 18.44922900492696982, 12.21077251499871252, -7.861981306104059541 ) ) ;
#1530 = B_SPLINE_CURVE_WITH_KNOTS ( 'NONE', 3,
 ( #1301, #4809, #4420, #3608, #4372, #3205, #1635, #2460 ),
 .UNSPECIFIED., .F., .F.,
 ( 4, 2, 2, 4 ),
 ( 2.379537104472084828E-07, 0.001922889957628980129, 0.002884215959588244237, 0.003845541961547508780 ),
 .UNSPECIFIED. ) ;
#1531 = ORIENTED_EDGE ( 'NONE', *, *, #573, .T. ) ;
#1532 = B_SPLINE_CURVE_WITH_KNOTS ( 'NONE', 3,
 ( #2287, #653, #2597, #731, #2691, #3869, #2311, #317 ),
 .UNSPECIFIED., .F., .F.,
 ( 4, 2, 2, 4 ),
 ( 3.929789716545048352E-07, 0.001917556476030094631, 0.002876138224559315025, 0.003834719973088534985 ),
 .UNSPECIFIED. ) ;
#1533 = CARTESIAN_POINT ( 'NONE',  ( 1.828521199716542478, -14.83290837936660012, -2.232673063637196975 ) ) ;
#1534 = EDGE_CURVE ( 'NONE', #1064, #2268, #3882, .T. ) ;
#1535 = EDGE_CURVE ( 'NONE', #4258, #5048, #2148, .T. ) ;
#1536 = DIRECTION ( 'NONE',  ( 0.000000000000000000, 0.9848077530122073542, 0.1736481776669339672 ) ) ;
#1537 = DIRECTION ( 'NONE',  ( 0.000000000000000000, 0.000000000000000000, -1.000000000000000000 ) ) ;
#1538 = ORIENTED_EDGE ( 'NONE', *, *, #4941, .F. ) ;
#1539 = CARTESIAN_POINT ( 'NONE',  ( 1.828521199716542922, -5.482902598228224456, -13.96201200035715395 ) ) ;
#1540 = CARTESIAN_POINT ( 'NONE',  ( 1.545787559755570806, 14.15629896715883085, -3.188387644403321897 ) ) ;
#1541 = ADVANCED_FACE ( 'NONE', ( #3478 ), #1140, .T. ) ;
#1542 = FACE_OUTER_BOUND ( 'NONE', #1306, .T. ) ;
#1543 = DIRECTION ( 'NONE',  ( -1.000000000000000000, 0.000000000000000000, 0.000000000000000000 ) ) ;
#1544 = ORIENTED_EDGE ( 'NONE', *, *, #3633, .T. ) ;
#1545 = VERTEX_POINT ( 'NONE', #2327 ) ;
#1546 = DIRECTION ( 'NONE',  ( -1.000000000000000000, -0.000000000000000000, -0.000000000000000000 ) ) ;
#1547 = DIRECTION ( 'NONE',  ( 1.000000000000000000, -0.000000000000000000, 0.000000000000000000 ) ) ;
#1548 = DIRECTION ( 'NONE',  ( 1.000000000000000000, 0.000000000000000000, 0.000000000000000000 ) ) ;
#1549 = CARTESIAN_POINT ( 'NONE',  ( 5.000000000000000888, 0.2738250307120562721, 5.244644099306219331 ) ) ;
#1550 = VERTEX_POINT ( 'NONE', #2300 ) ;
#1551 = CARTESIAN_POINT ( 'NONE',  ( 18.17147880028345597, 14.83290837936661433, 2.232673063637094391 ) ) ;
#1552 = DIRECTION ( 'NONE',  ( -1.000000000000000000, -0.000000000000000000, 0.000000000000000000 ) ) ;
#1553 = ORIENTED_EDGE ( 'NONE', *, *, #1222, .F. ) ;
#1554 = CARTESIAN_POINT ( 'NONE',  ( 0.3252336441405492828, -6.925387206730251322, 10.28138350331474804 ) ) ;
#1555 = CARTESIAN_POINT ( 'NONE',  ( 18.17147880028345597, 14.70199371010879297, 2.975127047320249574 ) ) ;
#1556 = DIRECTION ( 'NONE',  ( -1.000000000000000000, -0.000000000000000000, 0.000000000000000000 ) ) ;
#1557 = EDGE_LOOP ( 'NONE', ( #2030, #312, #4377, #2117 ) ) ;
#1558 = ADVANCED_FACE ( 'NONE', ( #1864 ), #1501, .F. ) ;
#1559 = ADVANCED_FACE ( 'NONE', ( #4978 ), #777, .T. ) ;
#1560 = CARTESIAN_POINT ( 'NONE',  ( 19.99999999999999645, 0.000000000000000000, 0.000000000000000000 ) ) ;
#1561 = DIRECTION ( 'NONE',  ( 0.000000000000000000, -0.6427876096865459132, 0.7660444431189724623 ) ) ;
#1562 = DIRECTION ( 'NONE',  ( 1.000000000000000000, -0.000000000000000000, -0.000000000000000000 ) ) ;
#1563 = CARTESIAN_POINT ( 'NONE',  ( 0.000000000000000000, -5.225178449592039698, 10.61674295084906205 ) ) ;
#1564 = ORIENTED_EDGE ( 'NONE', *, *, #3614, .T. ) ;
#1565 = VERTEX_POINT ( 'NONE', #5056 ) ;
#1566 = ADVANCED_FACE ( 'NONE', ( #4236 ), #2801, .T. ) ;
#1567 = ORIENTED_EDGE ( 'NONE', *, *, #2540, .F. ) ;
#1568 = CIRCLE ( 'NONE', #3701, 11.83290837936660189 ) ;
#1569 = B_SPLINE_CURVE_WITH_KNOTS ( 'NONE', 3,
 ( #2346, #4251, #4280, #2319, #3874, #766, #3901, #381 ),
 .UNSPECIFIED., .F., .F.,
 ( 4, 2, 2, 4 ),
 ( 3.929789716566411053E-07, 0.001917556367278246609, 0.002876138061431543318, 0.003834719755584839809 ),
 .UNSPECIFIED. ) ;
#1570 = CARTESIAN_POINT ( 'NONE',  ( 19.99999999999999645, 7.971798191701955361, 9.868193021853581826 ) ) ;
#1571 = FACE_OUTER_BOUND ( 'NONE', #1581, .T. ) ;
#1572 = CIRCLE ( 'NONE', #3297, 11.83290837936660189 ) ;
#1573 = COLOUR_RGB ( '',0.7921568627450980005, 0.8196078431372548767, 0.9333333333333333481 ) ;
#1574 = CARTESIAN_POINT ( 'NONE',  ( 19.99999999999999645, 1.278921685669924146, 11.76359128992534941 ) ) ;
#1575 = ORIENTED_EDGE ( 'NONE', *, *, #993, .F. ) ;
#1576 = CIRCLE ( 'NONE', #4261, 5.399999999997298517 ) ;
#1577 = AXIS2_PLACEMENT_3D ( 'NONE', #1610, #4727, #4260 ) ;
#1578 = FACE_OUTER_BOUND ( 'NONE', #4970, .T. ) ;
#1579 = CIRCLE ( 'NONE', #2798, 3.000000000000000888 ) ;
#1580 = ORIENTED_EDGE ( 'NONE', *, *, #4421, .T. ) ;
#1581 = EDGE_LOOP ( 'NONE', ( #1793, #2633, #3669, #4608, #3606 ) ) ;
#1582 = LINE ( 'NONE', #4315, #3945 ) ;
#1583 = VECTOR ( 'NONE', #265, 1000.000000000000000 ) ;
#1584 = LINE ( 'NONE', #4652, #1831 ) ;
#1585 = CARTESIAN_POINT ( 'NONE',  ( 18.74015410291830008, -0.9377931721424824785, -13.98497143389280595 ) ) ;
#1586 = AXIS2_PLACEMENT_3D ( 'NONE', #2607, #4958, #2147 ) ;
#1587 = ORIENTED_EDGE ( 'NONE', *, *, #704, .T. ) ;
#1588 = DIRECTION ( 'NONE',  ( 0.000000000000000000, 0.000000000000000000, 1.000000000000000000 ) ) ;
#1589 = CARTESIAN_POINT ( 'NONE',  ( 5.000000000000000888, 0.2738250307120564941, 8.744644099306219331 ) ) ;
#1590 = AXIS2_PLACEMENT_3D ( 'NONE', #327, #688, #1833 ) ;
#1591 = FACE_OUTER_BOUND ( 'NONE', #1136, .T. ) ;
#1592 = DIRECTION ( 'NONE',  ( 0.000000000000000000, 0.000000000000000000, -1.000000000000000000 ) ) ;
#1593 = ORIENTED_EDGE ( 'NONE', *, *, #991, .F. ) ;
#1594 = ORIENTED_EDGE ( 'NONE', *, *, #1058, .T. ) ;
#1595 = AXIS2_PLACEMENT_3D ( 'NONE', #4633, #699, #1121 ) ;
#1596 = VERTEX_POINT ( 'NONE', #3907 ) ;
#1597 = PLANE ( 'NONE',  #4545 ) ;
#1598 = LINE ( 'NONE', #4717, #827 ) ;
#1599 = EDGE_CURVE ( 'NONE', #990, #3147, #4308, .T. ) ;
#1600 = EDGE_CURVE ( 'NONE', #4093, #1550, #3773, .T. ) ;
#1601 = CIRCLE ( 'NONE', #2180, 11.83290837936660189 ) ;
#1602 = FACE_OUTER_BOUND ( 'NONE', #3512, .T. ) ;
#1603 = ORIENTED_EDGE ( 'NONE', *, *, #323, .T. ) ;
#1604 = AXIS2_PLACEMENT_3D ( 'NONE', #1776, #4151, #2212 ) ;
#1605 = DIRECTION ( 'NONE',  ( 1.000000000000000000, -0.000000000000000000, -0.000000000000000000 ) ) ;
#1606 = CONICAL_SURFACE ( 'NONE', #945, 15.03290837936660296, 1.047197551196604515 ) ;
#1607 = CARTESIAN_POINT ( 'NONE',  ( 1.828521199716542922, 4.774461252588841020, 14.21986356289338005 ) ) ;
#1608 = ORIENTED_EDGE ( 'NONE', *, *, #1053, .F. ) ;
#1609 = ORIENTED_EDGE ( 'NONE', *, *, #3982, .F. ) ;
#1610 = CARTESIAN_POINT ( 'NONE',  ( 19.99999999999999645, -12.44990391086187032, 2.435301323468733514 ) ) ;
#1611 = CARTESIAN_POINT ( 'NONE',  ( 19.99999999999999645, -8.333984767424702511, -9.564282399747266794 ) ) ;
#1612 = CARTESIAN_POINT ( 'NONE',  ( 0.6402334597829361096, 5.551771400034426485, -11.69068658173934061 ) ) ;
#1613 = ORIENTED_EDGE ( 'NONE', *, *, #115, .F. ) ;
#1614 = CARTESIAN_POINT ( 'NONE',  ( 1.828521199716542922, 14.83290837936661433, 2.232673063637094391 ) ) ;
#1615 = CARTESIAN_POINT ( 'NONE',  ( 0.3226133377052142759, -12.36067561812874160, 0.8781703868660597490 ) ) ;
#1616 = CYLINDRICAL_SURFACE ( 'NONE', #4682, 14.99999999999250022 ) ;
#1617 = VERTEX_POINT ( 'NONE', #4257 ) ;
#1618 = ORIENTED_EDGE ( 'NONE', *, *, #1001, .F. ) ;
#1619 = CARTESIAN_POINT ( 'NONE',  ( 18.90216944829623102, -5.641346040721495925, 12.52271484833488913 ) ) ;
#1620 = CARTESIAN_POINT ( 'NONE',  ( 0.8715012798528722904, -12.89424370398854336, 3.430316763067232433 ) ) ;
#1621 = CARTESIAN_POINT ( 'NONE',  ( 0.000000000000000000, -4.560206750522415753, -11.83787625878358618 ) ) ;
#1622 = DIRECTION ( 'NONE',  ( -1.000000000000000000, 0.000000000000000000, 0.000000000000000000 ) ) ;
#1623 = ORIENTED_EDGE ( 'NONE', *, *, #4277, .F. ) ;
#1624 = ADVANCED_FACE ( 'NONE', ( #748 ), #386, .T. ) ;
#1625 = EDGE_CURVE ( 'NONE', #3387, #509, #3450, .T. ) ;
#1626 = CARTESIAN_POINT ( 'NONE',  ( 5.000000000000000888, 0.2738250307120562721, 3.994644099306217999 ) ) ;
#1627 = DIRECTION ( 'NONE',  ( 0.000000000000000000, 0.000000000000000000, 1.000000000000000000 ) ) ;
#1628 = EDGE_LOOP ( 'NONE', ( #717, #1923 ) ) ;
#1629 = ADVANCED_FACE ( 'NONE', ( #694 ), #4922, .T. ) ;
#1630 = CARTESIAN_POINT ( 'NONE',  ( 1.249242700722048571, -8.272035166166070042, 11.29150137737248194 ) ) ;
#1631 = DIRECTION ( 'NONE',  ( -1.000000000000000000, 0.000000000000000000, 0.000000000000000000 ) ) ;
#1632 = CARTESIAN_POINT ( 'NONE',  ( -10.00000000000000000, 0.000000000000000000, 0.000000000000000000 ) ) ;
#1633 = ORIENTED_EDGE ( 'NONE', *, *, #2786, .F. ) ;
#1634 = CARTESIAN_POINT ( 'NONE',  ( 19.28001593271616443, -10.68475102228848250, 7.545063746542307825 ) ) ;
#1635 = CARTESIAN_POINT ( 'NONE',  ( 0.1622244056166550208, -11.63768195123892113, -3.363183423417582585 ) ) ;
#1636 = CARTESIAN_POINT ( 'NONE',  ( 0.000000000000000000, 0.000000000000000000, 0.000000000000000000 ) ) ;
#1637 = CARTESIAN_POINT ( 'NONE',  ( 19.99999999999999645, -10.82702973964771154, 4.774216975721606637 ) ) ;
#1638 = CARTESIAN_POINT ( 'NONE',  ( 1.828521199716542922, -5.482902598228420743, 13.96201200035707934 ) ) ;
#1639 = ORIENTED_EDGE ( 'NONE', *, *, #3817, .F. ) ;
#1640 = EDGE_LOOP ( 'NONE', ( #4951, #4437, #319, #1527 ) ) ;
#1641 = EDGE_CURVE ( 'NONE', #888, #4481, #522, .T. ) ;
#1642 = ORIENTED_EDGE ( 'NONE', *, *, #2817, .F. ) ;
#1643 = CARTESIAN_POINT ( 'NONE',  ( 18.17147880028345597, -9.350005781138154504, -11.72933893672009553 ) ) ;
#1644 = CARTESIAN_POINT ( 'NONE',  ( 0.000000000000000000, 0.000000000000000000, 0.000000000000000000 ) ) ;
#1645 = DIRECTION ( 'NONE',  ( -1.000000000000000000, 0.000000000000000000, 0.000000000000000000 ) ) ;
#1646 = ORIENTED_EDGE ( 'NONE', *, *, #303, .T. ) ;
#1647 = FACE_OUTER_BOUND ( 'NONE', #2811, .T. ) ;
#1648 = AXIS2_PLACEMENT_3D ( 'NONE', #3818, #1436, #3459 ) ;
#1649 = CARTESIAN_POINT ( 'NONE',  ( 19.35976663437882550, 3.261724774953050243, -12.52419521162944704 ) ) ;
#1650 = ADVANCED_FACE ( 'NONE', ( #823, #439 ), #3276, .T. ) ;
#1651 = CARTESIAN_POINT ( 'NONE',  ( 18.17147880028345597, 4.774461252588841020, 14.21986356289338005 ) ) ;
#1652 = AXIS2_PLACEMENT_3D ( 'NONE', #4152, #3748, #2193 ) ;
#1653 = AXIS2_PLACEMENT_3D ( 'NONE', #3513, #13, #1588 ) ;
#1654 = VERTEX_POINT ( 'NONE', #512 ) ;
#1655 = AXIS2_PLACEMENT_3D ( 'NONE', #2002, #3916, #4612 ) ;
#1656 = VECTOR ( 'NONE', #2370, 1000.000000000000000 ) ;
#1657 = CARTESIAN_POINT ( 'NONE',  ( 0.000000000000000000, 8.396946530139210552, 8.037951540650638549 ) ) ;
#1658 = EDGE_CURVE ( 'NONE', #4568, #1028, #1269, .T. ) ;
#1659 = EDGE_CURVE ( 'NONE', #3496, #2125, #1572, .T. ) ;
#1660 = CARTESIAN_POINT ( 'NONE',  ( 19.99999999999999645, -2.762596963522140125, 11.29094477964546250 ) ) ;
#1661 = EDGE_LOOP ( 'NONE', ( #1349, #4719, #2083, #2638, #4248 ) ) ;
#1662 = DIRECTION ( 'NONE',  ( 0.000000000000000000, 0.000000000000000000, -1.000000000000000000 ) ) ;
#1663 = CONICAL_SURFACE ( 'NONE', #4195, 15.03290837936660296, 1.047197551196604515 ) ;
#1664 = ORIENTED_EDGE ( 'NONE', *, *, #428, .F. ) ;
#1665 = CARTESIAN_POINT ( 'NONE',  ( 1.828521199716542922, 9.927532457519896880, 11.24473651557314113 ) ) ;
#1666 = CARTESIAN_POINT ( 'NONE',  ( 0.000000000000000000, 2.821591908417683481, 11.49157690731938430 ) ) ;
#1667 = ADVANCED_FACE ( 'NONE', ( #1991 ), #4009, .T. ) ;
#1668 = AXIS2_PLACEMENT_3D ( 'NONE', #1454, #4192, #1845 ) ;
#1669 = CARTESIAN_POINT ( 'NONE',  ( 1.259846281319909833, 13.93535500834930474, -1.504919126487958447 ) ) ;
#1670 = CARTESIAN_POINT ( 'NONE',  ( 18.90216941176869980, 12.37096777620491395, -5.966768836061259407 ) ) ;
#1671 = ORIENTED_EDGE ( 'NONE', *, *, #482, .T. ) ;
#1672 = ORIENTED_EDGE ( 'NONE', *, *, #2400, .F. ) ;
#1673 = ORIENTED_EDGE ( 'NONE', *, *, #332, .F. ) ;
#1674 = CARTESIAN_POINT ( 'NONE',  ( 0.3226133213407924027, -11.31488368403054601, 5.052810256048500648 ) ) ;
#1675 = CARTESIAN_POINT ( 'NONE',  ( 1.249242739201641639, -12.55638197784183419, -6.185615784928391925 ) ) ;
#1676 = CARTESIAN_POINT ( 'NONE',  ( 19.99999999999999645, 0.000000000000000000, 0.000000000000000000 ) ) ;
#1677 = AXIS2_PLACEMENT_3D ( 'NONE', #2208, #603, #647 ) ;
#1678 = ORIENTED_EDGE ( 'NONE', *, *, #3354, .F. ) ;
#1679 = CARTESIAN_POINT ( 'NONE',  ( 0.000000000000000000, -10.86616072683655254, 6.546552603037512519 ) ) ;
#1680 = CARTESIAN_POINT ( 'NONE',  ( 0.000000000000000000, 0.000000000000000000, 0.000000000000000000 ) ) ;
#1681 = LINE ( 'NONE', #3253, #739 ) ;
#1682 = AXIS2_PLACEMENT_3D ( 'NONE', #2429, #3984, #1879 ) ;
#1683 = EDGE_LOOP ( 'NONE', ( #2042, #3440, #2511, #3644 ) ) ;
#1684 = CIRCLE ( 'NONE', #1272, 2.999999999999999112 ) ;
#1685 = LINE ( 'NONE', #2434, #592 ) ;
#1686 = FACE_OUTER_BOUND ( 'NONE', #2454, .T. ) ;
#1687 = VERTEX_POINT ( 'NONE', #463 ) ;
#1688 = VECTOR ( 'NONE', #315, 1000.000000000000000 ) ;
#1689 = FACE_OUTER_BOUND ( 'NONE', #1002, .T. ) ;
#1690 = EDGE_CURVE ( 'NONE', #1900, #2499, #1138, .T. ) ;
#1691 = EDGE_CURVE ( 'NONE', #4081, #2998, #638, .T. ) ;
#1692 = DIRECTION ( 'NONE',  ( -1.000000000000000000, 0.000000000000000000, 0.000000000000000000 ) ) ;
#1693 = CYLINDRICAL_SURFACE ( 'NONE', #1003, 5.399999999997299405 ) ;
#1694 = CARTESIAN_POINT ( 'NONE',  ( 0.000000000000000000, 12.44990391086185610, 2.435301323468817003 ) ) ;
#1695 = DIRECTION ( 'NONE',  ( 0.000000000000000000, 0.000000000000000000, 1.000000000000000000 ) ) ;
#1696 = ORIENTED_EDGE ( 'NONE', *, *, #4998, .T. ) ;
#1697 = ORIENTED_EDGE ( 'NONE', *, *, #1291, .F. ) ;
#1698 = CARTESIAN_POINT ( 'NONE',  ( 1.689297620111936515, -4.536840991726642791, 14.04527496976075618 ) ) ;
#1699 = EDGE_CURVE ( 'NONE', #2273, #2626, #4180, .T. ) ;
#1700 = CARTESIAN_POINT ( 'NONE',  ( 1.828521199716544032, -13.17475538765980225, 7.171179852374649499 ) ) ;
#1701 = DIRECTION ( 'NONE',  ( -1.000000000000000000, -0.000000000000000000, -0.000000000000000000 ) ) ;
#1702 = CARTESIAN_POINT ( 'NONE',  ( 19.99999999999999645, 5.225178449592115193, -10.61674295084902653 ) ) ;
#1703 = VERTEX_POINT ( 'NONE', #133 ) ;
#1704 = ORIENTED_EDGE ( 'NONE', *, *, #3236, .F. ) ;
#1705 = CARTESIAN_POINT ( 'NONE',  ( 0.000000000000000000, -2.821591908417760752, 11.49157690731936476 ) ) ;
#1706 = CARTESIAN_POINT ( 'NONE',  ( 19.99999999999999645, -6.457722532643874302, 9.665153681719111489 ) ) ;
#1707 = CARTESIAN_POINT ( 'NONE',  ( 0.6402333656211650625, 3.261724774952884154, 12.52419521162949145 ) ) ;
#1708 = EDGE_LOOP ( 'NONE', ( #1129, #4023, #217, #137 ) ) ;
#1709 = EDGE_CURVE ( 'NONE', #2125, #4010, #1982, .T. ) ;
#1710 = LINE ( 'NONE', #515, #4932 ) ;
#1711 = CARTESIAN_POINT ( 'NONE',  ( 19.99999999999999645, -11.36279348549003210, -3.302218181857416113 ) ) ;
#1712 = ORIENTED_EDGE ( 'NONE', *, *, #2353, .F. ) ;
#1713 = CARTESIAN_POINT ( 'NONE',  ( 1.828521199716542700, -4.774461252588742433, -14.21986356289341202 ) ) ;
#1714 = DIRECTION ( 'NONE',  ( 0.000000000000000000, -0.8660254037844328234, -0.5000000000000099920 ) ) ;
#1715 = CARTESIAN_POINT ( 'NONE',  ( 1.828521199716543588, -9.350005781138316152, 11.72933893671996763 ) ) ;
#1716 = CARTESIAN_POINT ( 'NONE',  ( 18.17147880028345597, 9.927532457519896880, 11.24473651557314113 ) ) ;
#1717 = CARTESIAN_POINT ( 'NONE',  ( 0.000000000000000000, -2.821591908417675487, -11.49157690731962589 ) ) ;
#1718 = EDGE_CURVE ( 'NONE', #3692, #305, #1681, .T. ) ;
#1719 = ORIENTED_EDGE ( 'NONE', *, *, #3264, .T. ) ;
#1720 = VERTEX_POINT ( 'NONE', #1295 ) ;
#1721 = CARTESIAN_POINT ( 'NONE',  ( 0.6392785867045854831, -3.239531749920695702, 12.52958306721210135 ) ) ;
#1722 = DIRECTION ( 'NONE',  ( 0.000000000000000000, 0.000000000000000000, -1.000000000000000000 ) ) ;
#1723 = CARTESIAN_POINT ( 'NONE',  ( 19.99999999999999645, 0.000000000000000000, 0.000000000000000000 ) ) ;
#1724 = CARTESIAN_POINT ( 'NONE',  ( 18.15247913859322182, 0.000000000000000000, 0.000000000000000000 ) ) ;
#1725 = EDGE_CURVE ( 'NONE', #2281, #4133, #1735, .T. ) ;
#1726 = ORIENTED_EDGE ( 'NONE', *, *, #2563, .T. ) ;
#1727 = ORIENTED_EDGE ( 'NONE', *, *, #2202, .F. ) ;
#1728 = CARTESIAN_POINT ( 'NONE',  ( 1.259845646742757008, 8.270974728671493637, 11.31591122557706086 ) ) ;
#1729 = CARTESIAN_POINT ( 'NONE',  ( 19.67476635585945033, -6.925387206730109213, -10.28138350331484396 ) ) ;
#1730 = CYLINDRICAL_SURFACE ( 'NONE', #251, 5.399999999997299405 ) ;
#1731 = VERTEX_POINT ( 'NONE', #3556 ) ;
#1732 = AXIS2_PLACEMENT_3D ( 'NONE', #350, #4227, #1102 ) ;
#1733 = CIRCLE ( 'NONE', #4838, 11.62399999999419009 ) ;
#1734 = DIRECTION ( 'NONE',  ( 0.000000000000000000, 0.000000000000000000, 1.000000000000000000 ) ) ;
#1735 = CIRCLE ( 'NONE', #3130, 11.62399999999419009 ) ;
#1736 = DIRECTION ( 'NONE',  ( 0.000000000000000000, -0.3420201433256568890, -0.9396926207859126468 ) ) ;
#1737 = CONICAL_SURFACE ( 'NONE', #4343, 15.03290837936660296, 1.047197551196604515 ) ;
#1738 = ORIENTED_EDGE ( 'NONE', *, *, #2532, .T. ) ;
#1739 = CONICAL_SURFACE ( 'NONE', #1823, 11.83290837936660012, 1.047197551196604515 ) ;
#1740 = AXIS2_PLACEMENT_3D ( 'NONE', #1468, #4158, #4589 ) ;
#1741 = DIRECTION ( 'NONE',  ( -1.000000000000000000, -0.000000000000000000, -0.000000000000000000 ) ) ;
#1742 = CARTESIAN_POINT ( 'NONE',  ( 9.999999999999998224, 4.774461252588840132, 14.21986356289338005 ) ) ;
#1743 = DIRECTION ( 'NONE',  ( -1.000000000000000000, 0.000000000000000000, -0.000000000000000000 ) ) ;
#1744 = AXIS2_PLACEMENT_3D ( 'NONE', #2617, #2542, #4505 ) ;
#1745 = AXIS2_PLACEMENT_3D ( 'NONE', #4874, #126, #3321 ) ;
#1746 = ORIENTED_EDGE ( 'NONE', *, *, #3264, .F. ) ;
#1747 = ORIENTED_EDGE ( 'NONE', *, *, #5051, .T. ) ;
#1748 = CARTESIAN_POINT ( 'NONE',  ( 19.99999999999999645, 7.971798191702085035, -9.868193021853475244 ) ) ;
#1749 = DIRECTION ( 'NONE',  ( 1.000000000000000000, -0.000000000000000000, 0.000000000000000000 ) ) ;
#1750 = CIRCLE ( 'NONE', #4358, 5.399999999997300293 ) ;
#1751 = CARTESIAN_POINT ( 'NONE',  ( 1.097830588231295756, -12.37096777620479671, -5.966768836061509873 ) ) ;
#1752 = CYLINDRICAL_SURFACE ( 'NONE', #4993, 14.99999999999250022 ) ;
#1753 = VERTEX_POINT ( 'NONE', #33 ) ;
#1754 = CIRCLE ( 'NONE', #2901, 3.000000000000000888 ) ;
#1755 = ORIENTED_EDGE ( 'NONE', *, *, #4943, .F. ) ;
#1756 = EDGE_CURVE ( 'NONE', #2273, #1596, #821, .T. ) ;
#1757 = LINE ( 'NONE', #1345, #4457 ) ;
#1758 = EDGE_CURVE ( 'NONE', #4854, #3273, #2372, .T. ) ;
#1759 = AXIS2_PLACEMENT_3D ( 'NONE', #4137, #2503, #2199 ) ;
#1760 = CARTESIAN_POINT ( 'NONE',  ( 18.75075729927795365, -8.272035166165913722, -11.29150137737259918 ) ) ;
#1761 = FACE_OUTER_BOUND ( 'NONE', #4102, .T. ) ;
#1762 = EDGE_LOOP ( 'NONE', ( #2575, #4350, #1019, #4781 ) ) ;
#1763 = CIRCLE ( 'NONE', #356, 5.399999999997300293 ) ;
#1764 = CARTESIAN_POINT ( 'NONE',  ( 0.3226133213407929023, 11.31488368403057976, -5.052810256048429594 ) ) ;
#1765 = DIRECTION ( 'NONE',  ( -1.000000000000000000, -0.000000000000000000, -0.000000000000000000 ) ) ;
#1766 = EDGE_LOOP ( 'NONE', ( #2929, #4822, #1878, #4274, #703, #859 ) ) ;
#1767 = CARTESIAN_POINT ( 'NONE',  ( 18.17147880028345597, -4.774461252588742433, -14.21986356289341202 ) ) ;
#1768 = ORIENTED_EDGE ( 'NONE', *, *, #4850, .F. ) ;
#1769 = CARTESIAN_POINT ( 'NONE',  ( 5.000000000000000888, -7.000001873099979122, -3.000000000000001776 ) ) ;
#1770 = DIRECTION ( 'NONE',  ( -1.000000000000000000, 0.000000000000000000, 0.000000000000000000 ) ) ;
#1771 = DIRECTION ( 'NONE',  ( 1.000000000000000000, 0.000000000000000000, 0.000000000000000000 ) ) ;
#1772 = AXIS2_PLACEMENT_3D ( 'NONE', #757, #1126, #2265 ) ;
#1773 = VERTEX_POINT ( 'NONE', #2200 ) ;
#1774 = ORIENTED_EDGE ( 'NONE', *, *, #790, .F. ) ;
#1775 = CARTESIAN_POINT ( 'NONE',  ( 1.249242804739029378, -3.911249616270335405, 13.43974332458850718 ) ) ;
#1776 = CARTESIAN_POINT ( 'NONE',  ( 19.99999999999999645, 12.53200494222449990, -1.969683236929979930 ) ) ;
#1777 = CARTESIAN_POINT ( 'NONE',  ( 1.097830540193481808, 11.35285719079223021, -7.730187926652268615 ) ) ;
#1778 = CARTESIAN_POINT ( 'NONE',  ( 1.689297540044932155, -9.895144412460913586, -10.95165686809727923 ) ) ;
#1779 = ORIENTED_EDGE ( 'NONE', *, *, #4164, .T. ) ;
#1780 = B_SPLINE_CURVE_WITH_KNOTS ( 'NONE', 3,
 ( #4704, #3507, #59, #1198, #4291, #3886, #4333, #2763 ),
 .UNSPECIFIED., .F., .F.,
 ( 4, 2, 2, 4 ),
 ( 2.192195976313222901E-07, 0.001922871092140441369, 0.002884197028411846463, 0.003845522964683251339 ),
 .UNSPECIFIED. ) ;
#1781 = ORIENTED_EDGE ( 'NONE', *, *, #1276, .F. ) ;
#1782 = DIRECTION ( 'NONE',  ( -1.000000000000000000, -0.000000000000000000, -0.000000000000000000 ) ) ;
#1783 = CARTESIAN_POINT ( 'NONE',  ( 19.99999999999999645, 10.82702973964767956, 4.774216975721676803 ) ) ;
#1784 = CYLINDRICAL_SURFACE ( 'NONE', #247, 5.399999999997299405 ) ;
#1785 = ADVANCED_FACE ( 'NONE', ( #2121 ), #4084, .T. ) ;
#1786 = ADVANCED_FACE ( 'NONE', ( #1395 ), #957, .T. ) ;
#1787 = B_SPLINE_CURVE_WITH_KNOTS ( 'NONE', 3,
 ( #994, #122, #1721, #3316, #1775, #4458, #1698, #2874 ),
 .UNSPECIFIED., .F., .F.,
 ( 4, 2, 2, 4 ),
 ( 3.929789716552001963E-07, 0.001917556367278249428, 0.002876138061431544185, 0.003834719755584839376 ),
 .UNSPECIFIED. ) ;
#1788 = DIRECTION ( 'NONE',  ( 0.000000000000000000, 0.000000000000000000, 1.000000000000000000 ) ) ;
#1789 = LINE ( 'NONE', #2149, #1103 ) ;
#1790 = EDGE_CURVE ( 'NONE', #1364, #2473, #4623, .T. ) ;
#1791 = ORIENTED_EDGE ( 'NONE', *, *, #2772, .T. ) ;
#1792 = CARTESIAN_POINT ( 'NONE',  ( 0.7984650018844895447, -1.164478707666031454, 13.16484835695004207 ) ) ;
#1793 = ORIENTED_EDGE ( 'NONE', *, *, #4058, .T. ) ;
#1794 = DIRECTION ( 'NONE',  ( 1.000000000000000000, 0.000000000000000000, 0.000000000000000000 ) ) ;
#1795 = DIRECTION ( 'NONE',  ( -1.000000000000000000, 0.000000000000000000, 0.000000000000000000 ) ) ;
#1796 = CARTESIAN_POINT ( 'NONE',  ( 19.99999999999999645, -6.457722532643740188, -9.665153681719200307 ) ) ;
#1797 = ORIENTED_EDGE ( 'NONE', *, *, #1024, .T. ) ;
#1798 = EDGE_LOOP ( 'NONE', ( #2653, #1182, #3991, #3771 ) ) ;
#1799 = CARTESIAN_POINT ( 'NONE',  ( 18.90216937517491047, -1.018110476578154122, 13.69695684677986058 ) ) ;
#1800 = CARTESIAN_POINT ( 'NONE',  ( 19.99999999999999645, 0.2364004980233832820, 12.68364753256398814 ) ) ;
#1801 = DIRECTION ( 'NONE',  ( 0.000000000000000000, 0.000000000000000000, -1.000000000000000000 ) ) ;
#1802 = DIRECTION ( 'NONE',  ( -1.000000000000000000, -0.000000000000000000, 0.000000000000000000 ) ) ;
#1803 = EDGE_CURVE ( 'NONE', #2423, #1955, #3531, .T. ) ;
#1804 = ORIENTED_EDGE ( 'NONE', *, *, #2099, .F. ) ;
#1805 = ORIENTED_EDGE ( 'NONE', *, *, #4750, .F. ) ;
#1806 = CARTESIAN_POINT ( 'NONE',  ( 1.717545776673837787, 12.56512292024186372, 7.835301323466114631 ) ) ;
#1807 = CARTESIAN_POINT ( 'NONE',  ( 9.999999999999998224, -9.350005781138154504, -11.72933893672009553 ) ) ;
#1808 = CARTESIAN_POINT ( 'NONE',  ( 19.20153489436258454, 7.570159122851284117, -10.83337152099632483 ) ) ;
#1809 = PRODUCT_DEFINITION_SHAPE ( 'NONE', 'NONE',  #3898 ) ;
#1810 = CARTESIAN_POINT ( 'NONE',  ( 18.17147880028345597, -14.70199371010877165, -2.975127047320347717 ) ) ;
#1811 = VERTEX_POINT ( 'NONE', #3733 ) ;
#1812 = AXIS2_PLACEMENT_3D ( 'NONE', #1748, #4170, #3864 ) ;
#1813 = CARTESIAN_POINT ( 'NONE',  ( 18.17147880028345597, 0.000000000000000000, 0.000000000000000000 ) ) ;
#1814 = B_SPLINE_CURVE_WITH_KNOTS ( 'NONE', 3,
 ( #816, #2011, #403, #1981, #3190, #3499, #5050, #3573 ),
 .UNSPECIFIED., .F., .F.,
 ( 4, 2, 2, 4 ),
 ( 0.0003824900849428946020, 0.002114006082631350418, 0.002979764081475578218, 0.003845522080319806885 ),
 .UNSPECIFIED. ) ;
#1815 = ADVANCED_FACE ( 'NONE', ( #1761 ), #1784, .T. ) ;
#1816 = EDGE_CURVE ( 'NONE', #783, #1117, #4871, .T. ) ;
#1817 = VECTOR ( 'NONE', #4789, 1000.000000000000000 ) ;
#1818 = DIRECTION ( 'NONE',  ( 0.000000000000000000, 0.000000000000000000, 1.000000000000000000 ) ) ;
#1819 = FACE_OUTER_BOUND ( 'NONE', #1450, .T. ) ;
#1820 = ORIENTED_EDGE ( 'NONE', *, *, #4011, .F. ) ;
#1821 = ORIENTED_EDGE ( 'NONE', *, *, #3382, .T. ) ;
#1822 = CARTESIAN_POINT ( 'NONE',  ( 1.689297547948233946, -5.552706930357663495, -13.67552987077112014 ) ) ;
#1823 = AXIS2_PLACEMENT_3D ( 'NONE', #1309, #2425, #2056 ) ;
#1824 = CIRCLE ( 'NONE', #2154, 14.99999999999250022 ) ;
#1825 = DIRECTION ( 'NONE',  ( 0.000000000000000000, -2.131628207280300873E-14, -1.000000000000000000 ) ) ;
#1826 = EDGE_CURVE ( 'NONE', #359, #4190, #2993, .T. ) ;
#1827 = CARTESIAN_POINT ( 'NONE',  ( 0.000000000000000000, 9.548108053977806264, -6.989374314203556260 ) ) ;
#1828 = CARTESIAN_POINT ( 'NONE',  ( 0.000000000000000000, 12.53200494222447681, 1.969683236930148018 ) ) ;
#1829 = ORIENTED_EDGE ( 'NONE', *, *, #4598, .F. ) ;
#1830 = EDGE_LOOP ( 'NONE', ( #4892, #1608, #372, #4112 ) ) ;
#1831 = VECTOR ( 'NONE', #3049, 1000.000000000000000 ) ;
#1832 = CARTESIAN_POINT ( 'NONE',  ( 19.99999999999999645, 8.541201577072325080, 8.189358725462060562 ) ) ;
#1833 = DIRECTION ( 'NONE',  ( 0.000000000000000000, 0.000000000000000000, -1.000000000000000000 ) ) ;
#1834 = CARTESIAN_POINT ( 'NONE',  ( 0.3252336649011750014, -1.303591541778020835, -12.32754982505641728 ) ) ;
#1835 = CARTESIAN_POINT ( 'NONE',  ( 0.6697830301731492186, -12.53200494222448924, 3.430316763067232877 ) ) ;
#1836 = ORIENTED_EDGE ( 'NONE', *, *, #2978, .F. ) ;
#1837 = CIRCLE ( 'NONE', #4448, 3.000000000000000000 ) ;
#1838 = CARTESIAN_POINT ( 'NONE',  ( 0.000000000000000000, 11.59912988617138652, 0.7599749230011694223 ) ) ;
#1839 = CIRCLE ( 'NONE', #1189, 14.99999999999250022 ) ;
#1840 = ORIENTED_EDGE ( 'NONE', *, *, #4784, .T. ) ;
#1841 = B_SPLINE_CURVE_WITH_KNOTS ( 'NONE', 3,
 ( #2698, #4646, #3066, #4620, #5053, #281, #1861, #4253 ),
 .UNSPECIFIED., .F., .F.,
 ( 4, 2, 2, 4 ),
 ( 3.929789716547786386E-07, 0.001917556187709839807, 0.002876137792078932356, 0.003834719396448024904 ),
 .UNSPECIFIED. ) ;
#1842 = CARTESIAN_POINT ( 'NONE',  ( 19.99999999999999645, -8.541201577072266460, -8.189358725462119182 ) ) ;
#1843 = CIRCLE ( 'NONE', #2097, 1.750000000000000000 ) ;
#1844 = B_SPLINE_CURVE_WITH_KNOTS ( 'NONE', 3,
 ( #4890, #989, #4653, #1922, #1612, #1174, #2332, #1144 ),
 .UNSPECIFIED., .F., .F.,
 ( 4, 2, 2, 4 ),
 ( 2.242695944638764211E-07, 0.001922876177551245637, 0.002884202131529636781, 0.003845528085508027709 ),
 .UNSPECIFIED. ) ;
#1845 = DIRECTION ( 'NONE',  ( 0.000000000000000000, 0.000000000000000000, -1.000000000000000000 ) ) ;
#1846 = DIRECTION ( 'NONE',  ( 0.000000000000000000, 0.6427876096865404731, -0.7660444431189770143 ) ) ;
#1847 = ORIENTED_EDGE ( 'NONE', *, *, #4592, .T. ) ;
#1848 = ADVANCED_FACE ( 'NONE', ( #4544 ), #1033, .T. ) ;
#1849 = EDGE_LOOP ( 'NONE', ( #3947, #1593, #2261, #2195, #2290 ) ) ;
#1850 = ADVANCED_FACE ( 'NONE', ( #3680 ), #1730, .T. ) ;
#1851 = CIRCLE ( 'NONE', #3000, 11.83290837936660189 ) ;
#1852 = DIRECTION ( 'NONE',  ( -1.000000000000000000, 0.000000000000000000, 0.000000000000000000 ) ) ;
#1853 = DIRECTION ( 'NONE',  ( 0.000000000000000000, 0.000000000000000000, 1.000000000000000000 ) ) ;
#1854 = LINE ( 'NONE', #4988, #334 ) ;
#1855 = CYLINDRICAL_SURFACE ( 'NONE', #1911, 14.99999999999250022 ) ;
#1856 = ORIENTED_EDGE ( 'NONE', *, *, #4407, .T. ) ;
#1857 = ADVANCED_FACE ( 'NONE', ( #2549 ), #3781, .T. ) ;
#1858 = EDGE_LOOP ( 'NONE', ( #4603, #5018, #2538, #2161, #3920, #1111 ) ) ;
#1859 = CARTESIAN_POINT ( 'NONE',  ( 19.99999999999999645, 11.59912988617138652, -0.7599749230011708656 ) ) ;
#1860 = CARTESIAN_POINT ( 'NONE',  ( 19.36072146314662845, 7.329533812699737361, 10.66597157507349003 ) ) ;
#1861 = CARTESIAN_POINT ( 'NONE',  ( 18.31070245995506696, 9.895144412461137406, -10.95165686809707495 ) ) ;
#1862 = VERTEX_POINT ( 'NONE', #1188 ) ;
#1863 = CARTESIAN_POINT ( 'NONE',  ( 19.99999999999999645, 6.457722532643940916, -9.665153681719063528 ) ) ;
#1864 = FACE_OUTER_BOUND ( 'NONE', #3178, .T. ) ;
#1865 = EDGE_CURVE ( 'NONE', #2427, #3960, #4692, .T. ) ;
#1866 = EDGE_LOOP ( 'NONE', ( #2777, #492, #3379, #2366 ) ) ;
#1867 = DIRECTION ( 'NONE',  ( 0.000000000000000000, 0.000000000000000000, 1.000000000000000000 ) ) ;
#1868 = DIRECTION ( 'NONE',  ( -1.000000000000000000, -0.000000000000000000, -0.000000000000000000 ) ) ;
#1869 = LINE ( 'NONE', #4913, #3318 ) ;
#1870 = ORIENTED_EDGE ( 'NONE', *, *, #2923, .T. ) ;
#1871 = ORIENTED_EDGE ( 'NONE', *, *, #2686, .F. ) ;
#1872 = CARTESIAN_POINT ( 'NONE',  ( -10.00000000000000000, 0.000000000000000000, 0.000000000000000000 ) ) ;
#1873 = CARTESIAN_POINT ( 'NONE',  ( 9.999999999999998224, 5.482902598228320379, 13.96201200035711665 ) ) ;
#1874 = CARTESIAN_POINT ( 'NONE',  ( 19.83777558128219098, 1.291226848077442702, 12.04489010802397075 ) ) ;
#1875 = ADVANCED_FACE ( 'NONE', ( #1934 ), #2393, .T. ) ;
#1876 = CARTESIAN_POINT ( 'NONE',  ( 0.000000000000000000, 0.2738250307120564941, 8.744644099306219331 ) ) ;
#1877 = ORIENTED_EDGE ( 'NONE', *, *, #2043, .F. ) ;
#1878 = ORIENTED_EDGE ( 'NONE', *, *, #481, .T. ) ;
#1879 = DIRECTION ( 'NONE',  ( 0.000000000000000000, 5.506706202140776441E-14, -1.000000000000000000 ) ) ;
#1880 = EDGE_CURVE ( 'NONE', #4093, #1999, #4676, .T. ) ;
#1881 = EDGE_CURVE ( 'NONE', #1944, #874, #2548, .T. ) ;
#1882 = CARTESIAN_POINT ( 'NONE',  ( 20.00000000000000000, 7.000001873099979122, -1.843143693225357538E-15 ) ) ;
#1883 = CARTESIAN_POINT ( 'NONE',  ( 19.99999999999999645, 1.265738570989247913, 11.55488130054891549 ) ) ;
#1884 = ORIENTED_EDGE ( 'NONE', *, *, #554, .F. ) ;
#1885 = DIRECTION ( 'NONE',  ( 1.000000000000000000, -0.000000000000000000, -0.000000000000000000 ) ) ;
#1886 = DIRECTION ( 'NONE',  ( 1.000000000000000000, 0.000000000000000000, 0.000000000000000000 ) ) ;
#1887 = ORIENTED_EDGE ( 'NONE', *, *, #4534, .T. ) ;
#1888 = LINE ( 'NONE', #3833, #1987 ) ;
#1889 = CARTESIAN_POINT ( 'NONE',  ( 18.17147880028345597, -13.17475538765970455, -7.171179852374824470 ) ) ;
#1890 = DIRECTION ( 'NONE',  ( 1.000000000000000000, -0.000000000000000000, -0.000000000000000000 ) ) ;
#1891 = EDGE_LOOP ( 'NONE', ( #1510, #1567, #4914, #2624 ) ) ;
#1892 = ORIENTED_EDGE ( 'NONE', *, *, #4279, .T. ) ;
#1893 = LINE ( 'NONE', #3767, #3775 ) ;
#1894 = CIRCLE ( 'NONE', #3711, 5.399999999997299405 ) ;
#1895 = DIRECTION ( 'NONE',  ( -1.000000000000000000, -0.000000000000000000, -0.000000000000000000 ) ) ;
#1896 = CARTESIAN_POINT ( 'NONE',  ( 0.000000000000000000, 0.000000000000000000, 0.000000000000000000 ) ) ;
#1897 = DIRECTION ( 'NONE',  ( 0.000000000000000000, 0.000000000000000000, -1.000000000000000000 ) ) ;
#1898 = AXIS2_PLACEMENT_3D ( 'NONE', #197, #1771, #2951 ) ;
#1899 = ORIENTED_EDGE ( 'NONE', *, *, #1534, .F. ) ;
#1900 = VERTEX_POINT ( 'NONE', #3922 ) ;
#1901 = ORIENTED_EDGE ( 'NONE', *, *, #5032, .F. ) ;
#1902 = B_SPLINE_CURVE_WITH_KNOTS ( 'NONE', 3,
 ( #479, #2013, #1211, #1984 ),
 .UNSPECIFIED., .F., .F.,
 ( 4, 4 ),
 ( 0.002502692772215637292, 0.003845541961547505744 ),
 .UNSPECIFIED. ) ;
#1903 = FACE_OUTER_BOUND ( 'NONE', #770, .T. ) ;
#1904 = CIRCLE ( 'NONE', #4348, 11.62399999999418831 ) ;
#1905 = AXIS2_PLACEMENT_3D ( 'NONE', #3524, #3217, #2395 ) ;
#1906 = CARTESIAN_POINT ( 'NONE',  ( 18.17147880028345597, -9.927532457519971487, 11.24473651557307718 ) ) ;
#1907 = CARTESIAN_POINT ( 'NONE',  ( 1.075667105510569099, 13.27018443349846955, 3.392397220308560168 ) ) ;
#1908 = DIRECTION ( 'NONE',  ( -1.000000000000000000, -0.000000000000000000, -0.000000000000000000 ) ) ;
#1909 = ORIENTED_EDGE ( 'NONE', *, *, #1826, .F. ) ;
#1910 = VECTOR ( 'NONE', #4452, 1000.000000000000000 ) ;
#1911 = AXIS2_PLACEMENT_3D ( 'NONE', #1441, #4559, #4173 ) ;
#1912 = EDGE_CURVE ( 'NONE', #2963, #3285, #1814, .T. ) ;
#1913 = EDGE_CURVE ( 'NONE', #970, #2396, #658, .T. ) ;
#1914 = AXIS2_PLACEMENT_3D ( 'NONE', #2357, #3910, #4218 ) ;
#1915 = DIRECTION ( 'NONE',  ( -1.000000000000000000, -0.000000000000000000, -0.000000000000000000 ) ) ;
#1916 = CARTESIAN_POINT ( 'NONE',  ( 19.99999999999999645, 0.000000000000000000, 0.000000000000000000 ) ) ;
#1917 = ORIENTED_EDGE ( 'NONE', *, *, #115, .T. ) ;
#1918 = EDGE_CURVE ( 'NONE', #2674, #159, #86, .T. ) ;
#1919 = DIRECTION ( 'NONE',  ( 0.000000000000000000, 0.000000000000000000, 1.000000000000000000 ) ) ;
#1920 = DIRECTION ( 'NONE',  ( -1.000000000000000000, -0.000000000000000000, -0.000000000000000000 ) ) ;
#1921 = AXIS2_PLACEMENT_3D ( 'NONE', #1078, #4208, #3776 ) ;
#1922 = CARTESIAN_POINT ( 'NONE',  ( 0.7984651138335233655, 5.596895385484827123, -11.97263588668840129 ) ) ;
#1923 = ORIENTED_EDGE ( 'NONE', *, *, #3729, .T. ) ;
#1924 = DIRECTION ( 'NONE',  ( 1.000000000000000000, -0.000000000000000000, 0.000000000000000000 ) ) ;
#1925 = CIRCLE ( 'NONE', #3398, 11.62399999999419009 ) ;
#1926 = DIRECTION ( 'NONE',  ( 0.000000000000000000, -0.8660254037844328234, -0.5000000000000099920 ) ) ;
#1927 = DIRECTION ( 'NONE',  ( 1.000000000000000000, -0.000000000000000000, 0.000000000000000000 ) ) ;
#1928 = FACE_OUTER_BOUND ( 'NONE', #3681, .T. ) ;
#1929 = CIRCLE ( 'NONE', #4785, 11.83290837936660189 ) ;
#1930 = EDGE_LOOP ( 'NONE', ( #4976, #695, #895, #4915 ) ) ;
#1931 = ORIENTED_EDGE ( 'NONE', *, *, #2987, .F. ) ;
#1932 = CARTESIAN_POINT ( 'NONE',  ( 0.000000000000000000, 5.141407353527678303, -10.42512860472024983 ) ) ;
#1933 = CIRCLE ( 'NONE', #4953, 5.399999999997299405 ) ;
#1934 = FACE_OUTER_BOUND ( 'NONE', #4527, .T. ) ;
#1935 = DIRECTION ( 'NONE',  ( 0.000000000000000000, 0.000000000000000000, 1.000000000000000000 ) ) ;
#1936 = CARTESIAN_POINT ( 'NONE',  ( 0.000000000000000000, 0.000000000000000000, 0.000000000000000000 ) ) ;
#1937 = B_SPLINE_CURVE_WITH_KNOTS ( 'NONE', 3,
 ( #1827, #4127, #202, #1777, #4172, #3344, #4896, #1389 ),
 .UNSPECIFIED., .F., .F.,
 ( 4, 2, 2, 4 ),
 ( 3.929789716572283109E-07, 0.001917556184648760206, 0.002876137787487308833, 0.003834719390325857895 ),
 .UNSPECIFIED. ) ;
#1938 = ORIENTED_EDGE ( 'NONE', *, *, #4999, .F. ) ;
#1939 = CIRCLE ( 'NONE', #2506, 11.83290837936660189 ) ;
#1940 = DIRECTION ( 'NONE',  ( -1.000000000000000000, -0.000000000000000000, 0.000000000000000000 ) ) ;
#1941 = ADVANCED_FACE ( 'NONE', ( #1571 ), #1986, .T. ) ;
#1942 = EDGE_CURVE ( 'NONE', #4991, #2411, #1133, .T. ) ;
#1943 = CARTESIAN_POINT ( 'NONE',  ( 19.35976652812382781, 10.54902381721644566, -7.497493946447093549 ) ) ;
#1944 = VERTEX_POINT ( 'NONE', #1156 ) ;
#1945 = CARTESIAN_POINT ( 'NONE',  ( 1.689297552259492408, -9.067002821885409958, 11.64655019940891556 ) ) ;
#1946 = DIRECTION ( 'NONE',  ( 0.000000000000000000, 0.000000000000000000, 1.000000000000000000 ) ) ;
#1947 = EDGE_CURVE ( 'NONE', #5028, #947, #1598, .T. ) ;
#1948 = DIRECTION ( 'NONE',  ( 1.000000000000000000, 0.000000000000000000, 0.000000000000000000 ) ) ;
#1949 = ORIENTED_EDGE ( 'NONE', *, *, #4598, .T. ) ;
#1950 = CARTESIAN_POINT ( 'NONE',  ( 0.000000000000000000, 0.000000000000000000, 0.000000000000000000 ) ) ;
#1951 = DIRECTION ( 'NONE',  ( 0.000000000000000000, 0.000000000000000000, 1.000000000000000000 ) ) ;
#1952 = CARTESIAN_POINT ( 'NONE',  ( 19.99999999999999645, 11.59912988617138652, 0.7599749230011694223 ) ) ;
#1953 = CARTESIAN_POINT ( 'NONE',  ( 0.6402334597829369978, -5.551771400034344772, 11.69068658173938324 ) ) ;
#1954 = ORIENTED_EDGE ( 'NONE', *, *, #1913, .F. ) ;
#1955 = VERTEX_POINT ( 'NONE', #1906 ) ;
#1956 = EDGE_LOOP ( 'NONE', ( #4876, #867, #4004, #868 ) ) ;
#1957 = CARTESIAN_POINT ( 'NONE',  ( 5.000000000000000888, -0.2738250307121672944, -6.994644099306175811 ) ) ;
#1958 = CARTESIAN_POINT ( 'NONE',  ( 18.17147880028345597, -4.774461252588936055, 14.21986356289334985 ) ) ;
#1959 = EDGE_CURVE ( 'NONE', #30, #359, #3219, .T. ) ;
#1960 = CARTESIAN_POINT ( 'NONE',  ( 19.99999999999999645, 0.000000000000000000, 0.000000000000000000 ) ) ;
#1961 = CARTESIAN_POINT ( 'NONE',  ( 18.74015371868008728, -13.93535500834929408, -1.504919126488055037 ) ) ;
#1962 = ORIENTED_EDGE ( 'NONE', *, *, #1001, .T. ) ;
#1963 = CARTESIAN_POINT ( 'NONE',  ( 19.99999999999999645, 5.225178449591966867, 10.61674295084909936 ) ) ;
#1964 = DIRECTION ( 'NONE',  ( -1.000000000000000000, 0.000000000000000000, -0.000000000000000000 ) ) ;
#1965 = ORIENTED_EDGE ( 'NONE', *, *, #4438, .T. ) ;
#1966 = CARTESIAN_POINT ( 'NONE',  ( 0.000000000000000000, 10.86616072683659695, -6.546552603037437024 ) ) ;
#1967 = CARTESIAN_POINT ( 'NONE',  ( 0.000000000000000000, -0.2364004980232947972, -12.68364753256398991 ) ) ;
#1968 = DIRECTION ( 'NONE',  ( 1.000000000000000000, 0.000000000000000000, 0.000000000000000000 ) ) ;
#1969 = ORIENTED_EDGE ( 'NONE', *, *, #1912, .T. ) ;
#1970 = CARTESIAN_POINT ( 'NONE',  ( 19.85390275802655680, -9.761960907466116666, 7.125638560626082807 ) ) ;
#1971 = EDGE_CURVE ( 'NONE', #2674, #2815, #909, .T. ) ;
#1972 = EDGE_CURVE ( 'NONE', #3798, #445, #1569, .T. ) ;
#1973 = DIRECTION ( 'NONE',  ( 0.000000000000000000, 0.000000000000000000, 1.000000000000000000 ) ) ;
#1974 = DIRECTION ( 'NONE',  ( -1.000000000000000000, -0.000000000000000000, -0.000000000000000000 ) ) ;
#1975 = CARTESIAN_POINT ( 'NONE',  ( 0.000000000000000000, -4.115919143437121619, 11.99958372321598787 ) ) ;
#1976 = EDGE_LOOP ( 'NONE', ( #2647, #2132 ) ) ;
#1977 = VERTEX_POINT ( 'NONE', #3648 ) ;
#1978 = AXIS2_PLACEMENT_3D ( 'NONE', #3694, #607, #2567 ) ;
#1979 = EDGE_CURVE ( 'NONE', #4210, #4697, #4557, .T. ) ;
#1980 = DIRECTION ( 'NONE',  ( -1.000000000000000000, -0.000000000000000000, -0.000000000000000000 ) ) ;
#1981 = CARTESIAN_POINT ( 'NONE',  ( 0.7199840672838476729, 10.68475102228844875, 7.545063746542381544 ) ) ;
#1982 = CIRCLE ( 'NONE', #2964, 5.399999999997299405 ) ;
#1983 = CIRCLE ( 'NONE', #2555, 5.399999999997299405 ) ;
#1984 = CARTESIAN_POINT ( 'NONE',  ( 19.99999999999999645, -11.36279348549007651, 3.302218181857260682 ) ) ;
#1985 = ORIENTED_EDGE ( 'NONE', *, *, #1328, .F. ) ;
#1986 = CONICAL_SURFACE ( 'NONE', #4841, 15.03290837936660296, 1.047197551196604515 ) ;
#1987 = VECTOR ( 'NONE', #287, 1000.000000000000000 ) ;
#1988 = B_SPLINE_CURVE_WITH_KNOTS ( 'NONE', 3,
 ( #2101, #879, #2785, #4012, #4805, #489, #3631, #4778 ),
 .UNSPECIFIED., .F., .F.,
 ( 4, 2, 2, 4 ),
 ( 2.430632680829883212E-07, 0.001922895103017919268, 0.002884221122892838447, 0.003845547142767757193 ),
 .UNSPECIFIED. ) ;
#1989 = DIRECTION ( 'NONE',  ( 1.000000000000000000, 0.000000000000000000, 0.000000000000000000 ) ) ;
#1990 = VECTOR ( 'NONE', #3057, 1000.000000000000000 ) ;
#1991 = FACE_OUTER_BOUND ( 'NONE', #4455, .T. ) ;
#1992 = ORIENTED_EDGE ( 'NONE', *, *, #3382, .F. ) ;
#1993 = EDGE_LOOP ( 'NONE', ( #1791, #2566, #1191, #1046, #1212, #2216 ) ) ;
#1994 = DIRECTION ( 'NONE',  ( -1.000000000000000000, 0.000000000000000000, 0.000000000000000000 ) ) ;
#1995 = VECTOR ( 'NONE', #310, 1000.000000000000000 ) ;
#1996 = CARTESIAN_POINT ( 'NONE',  ( 0.3226133157493553671, -10.03330387397859269, -7.272571580989234619 ) ) ;
#1997 = DIRECTION ( 'NONE',  ( 0.000000000000000000, -0.3420201433256568335, -0.9396926207859127578 ) ) ;
#1998 = CIRCLE ( 'NONE', #754, 11.83290837936660012 ) ;
#1999 = VERTEX_POINT ( 'NONE', #4055 ) ;
#2000 = CARTESIAN_POINT ( 'NONE',  ( 0.000000000000000000, 0.000000000000000000, 0.000000000000000000 ) ) ;
#2001 = AXIS2_PLACEMENT_3D ( 'NONE', #357, #2294, #3850 ) ;
#2002 = CARTESIAN_POINT ( 'NONE',  ( 18.17147880028345597, 0.000000000000000000, 0.000000000000000000 ) ) ;
#2003 = ADVANCED_FACE ( 'NONE', ( #3214 ), #2136, .T. ) ;
#2004 = DIRECTION ( 'NONE',  ( -1.000000000000000000, -0.000000000000000000, -0.000000000000000000 ) ) ;
#2005 = EDGE_CURVE ( 'NONE', #3670, #4302, #3618, .T. ) ;
#2006 = EDGE_LOOP ( 'NONE', ( #4148, #894, #2215, #2986 ) ) ;
#2007 = ORIENTED_EDGE ( 'NONE', *, *, #4277, .T. ) ;
#2008 = CONICAL_SURFACE ( 'NONE', #4046, 15.03290837936660296, 1.047197551196604515 ) ;
#2009 = ORIENTED_EDGE ( 'NONE', *, *, #1496, .T. ) ;
#2010 = CARTESIAN_POINT ( 'NONE',  ( 1.828521199716542922, 0.000000000000000000, 0.000000000000000000 ) ) ;
#2011 = CARTESIAN_POINT ( 'NONE',  ( 1.406232216924829359, 11.92801453631373754, 7.835301323466121737 ) ) ;
#2012 = AXIS2_PLACEMENT_3D ( 'NONE', #1048, #4952, #3371 ) ;
#2013 = CARTESIAN_POINT ( 'NONE',  ( 19.55038399803173377, -12.13663649239489395, 3.430316763067232877 ) ) ;
#2014 = EDGE_CURVE ( 'NONE', #2872, #4997, #1576, .T. ) ;
#2015 = ORIENTED_EDGE ( 'NONE', *, *, #4094, .T. ) ;
#2016 = CARTESIAN_POINT ( 'NONE',  ( 1.550771000810645450, -9.862918540758229824, 10.66004472846076112 ) ) ;
#2017 = AXIS2_PLACEMENT_3D ( 'NONE', #4580, #3007, #1043 ) ;
#2018 = DIRECTION ( 'NONE',  ( -1.000000000000000000, -0.000000000000000000, -0.000000000000000000 ) ) ;
#2019 = ORIENTED_EDGE ( 'NONE', *, *, #193, .F. ) ;
#2020 = DIRECTION ( 'NONE',  ( 1.000000000000000000, 0.000000000000000000, 0.000000000000000000 ) ) ;
#2021 = DIRECTION ( 'NONE',  ( 0.000000000000000000, 0.000000000000000000, 1.000000000000000000 ) ) ;
#2022 = EDGE_CURVE ( 'NONE', #613, #427, #1288, .T. ) ;
#2023 = CARTESIAN_POINT ( 'NONE',  ( 19.99999999999999645, 5.225178449591966867, 10.61674295084909936 ) ) ;
#2024 = ORIENTED_EDGE ( 'NONE', *, *, #5064, .F. ) ;
#2025 = CARTESIAN_POINT ( 'NONE',  ( 9.999999999999998224, 5.482902598228515778, -13.96201200035704026 ) ) ;
#2026 = DIRECTION ( 'NONE',  ( -1.000000000000000000, -0.000000000000000000, 0.000000000000000000 ) ) ;
#2027 = CARTESIAN_POINT ( 'NONE',  ( 1.828521199716542478, 5.482902598228320379, 13.96201200035711665 ) ) ;
#2028 = CARTESIAN_POINT ( 'NONE',  ( 0.000000000000000000, 7.000001873099979122, -1.843143693225357538E-15 ) ) ;
#2029 = VERTEX_POINT ( 'NONE', #4078 ) ;
#2030 = ORIENTED_EDGE ( 'NONE', *, *, #866, .F. ) ;
#2031 = ORIENTED_EDGE ( 'NONE', *, *, #1599, .F. ) ;
#2032 = DIRECTION ( 'NONE',  ( 0.000000000000000000, 0.000000000000000000, -1.000000000000000000 ) ) ;
#2033 = EDGE_CURVE ( 'NONE', #1498, #1013, #2067, .T. ) ;
#2034 = CARTESIAN_POINT ( 'NONE',  ( 19.99999999999999645, 0.000000000000000000, 11.83290837936660189 ) ) ;
#2035 = CARTESIAN_POINT ( 'NONE',  ( 19.99999999999999645, 9.373951458494573785, -6.873602407300874795 ) ) ;
#2036 = VERTEX_POINT ( 'NONE', #2034 ) ;
#2037 = EDGE_CURVE ( 'NONE', #947, #4742, #3944, .T. ) ;
#2038 = DIRECTION ( 'NONE',  ( 1.000000000000000000, -0.000000000000000000, 0.000000000000000000 ) ) ;
#2039 = EDGE_CURVE ( 'NONE', #399, #4516, #2479, .T. ) ;
#2040 = CARTESIAN_POINT ( 'NONE',  ( 0.000000000000000000, 0.000000000000000000, 0.000000000000000000 ) ) ;
#2041 = CARTESIAN_POINT ( 'NONE',  ( 1.550771337380268955, 4.300410844387529075, 13.87156079804723419 ) ) ;
#2042 = ORIENTED_EDGE ( 'NONE', *, *, #2359, .F. ) ;
#2043 = EDGE_CURVE ( 'NONE', #1207, #4971, #2520, .T. ) ;
#2044 = DIRECTION ( 'NONE',  ( 1.000000000000000000, -0.000000000000000000, -0.000000000000000000 ) ) ;
#2045 = CARTESIAN_POINT ( 'NONE',  ( 0.000000000000000000, 1.265738570989400236, -11.55488130054889773 ) ) ;
#2046 = EDGE_LOOP ( 'NONE', ( #1196, #1609 ) ) ;
#2047 = CARTESIAN_POINT ( 'NONE',  ( 20.00000000000000000, 0.2738250307120566607, 9.994644099306219331 ) ) ;
#2048 = CARTESIAN_POINT ( 'NONE',  ( 19.99999999999999645, 0.2364004980235602238, -12.68364753256398458 ) ) ;
#2049 = DIRECTION ( 'NONE',  ( 0.000000000000000000, 0.000000000000000000, 1.000000000000000000 ) ) ;
#2050 = DIRECTION ( 'NONE',  ( -1.000000000000000000, -0.000000000000000000, -0.000000000000000000 ) ) ;
#2051 = CARTESIAN_POINT ( 'NONE',  ( 0.000000000000000000, 10.82702973964773996, -4.774216975721535583 ) ) ;
#2052 = ORIENTED_EDGE ( 'NONE', *, *, #516, .F. ) ;
#2053 = ORIENTED_EDGE ( 'NONE', *, *, #3598, .T. ) ;
#2054 = DIRECTION ( 'NONE',  ( 0.000000000000000000, 0.000000000000000000, 1.000000000000000000 ) ) ;
#2055 = CARTESIAN_POINT ( 'NONE',  ( 19.99999999999999645, 0.000000000000000000, 0.000000000000000000 ) ) ;
#2056 = DIRECTION ( 'NONE',  ( 0.000000000000000000, 0.000000000000000000, -1.000000000000000000 ) ) ;
#2057 = CARTESIAN_POINT ( 'NONE',  ( 19.83777555199085896, -12.08612040209096605, -0.8199630132044369857 ) ) ;
#2058 = AXIS2_PLACEMENT_3D ( 'NONE', #3342, #4894, #4097 ) ;
#2059 = ORIENTED_EDGE ( 'NONE', *, *, #1496, .F. ) ;
#2060 = DIRECTION ( 'NONE',  ( 0.000000000000000000, 0.000000000000000000, 1.000000000000000000 ) ) ;
#2061 = AXIS2_PLACEMENT_3D ( 'NONE', #2504, #4138, #1007 ) ;
#2062 = VECTOR ( 'NONE', #4635, 1000.000000000000000 ) ;
#2063 = DIRECTION ( 'NONE',  ( 0.000000000000000000, 0.000000000000000000, -1.000000000000000000 ) ) ;
#2064 = CARTESIAN_POINT ( 'NONE',  ( 19.99999999999999645, 12.53200494222449990, 3.430316763067319474 ) ) ;
#2065 = ADVANCED_FACE ( 'NONE', ( #2831 ), #1739, .T. ) ;
#2066 = EDGE_CURVE ( 'NONE', #1545, #2069, #4028, .T. ) ;
#2067 = CIRCLE ( 'NONE', #580, 11.83290837936660012 ) ;
#2068 = MECHANICAL_DESIGN_GEOMETRIC_PRESENTATION_REPRESENTATION (  '', ( #654 ), #3619 ) ;
#2069 = VERTEX_POINT ( 'NONE', #3320 ) ;
#2070 = CIRCLE ( 'NONE', #2805, 14.99999999999250022 ) ;
#2071 = CARTESIAN_POINT ( 'NONE',  ( 1.550770995073023517, -12.21077251499855088, -7.861981306104310896 ) ) ;
#2072 = CARTESIAN_POINT ( 'NONE',  ( 19.35976654021706267, 5.551771400034263060, 11.69068658173942055 ) ) ;
#2073 = EDGE_CURVE ( 'NONE', #2694, #3975, #5003, .T. ) ;
#2074 = ORIENTED_EDGE ( 'NONE', *, *, #3354, .T. ) ;
#2075 = CARTESIAN_POINT ( 'NONE',  ( 18.90216929845367133, 13.66566245119435585, -1.375808572319940026 ) ) ;
#2076 = CARTESIAN_POINT ( 'NONE',  ( 0.000000000000000000, 0.000000000000000000, 0.000000000000000000 ) ) ;
#2077 = CARTESIAN_POINT ( 'NONE',  ( 0.3252336425002753661, 5.441245695466015775, 11.13825300109934524 ) ) ;
#2078 = AXIS2_PLACEMENT_3D ( 'NONE', #642, #2223, #1734 ) ;
#2079 = CARTESIAN_POINT ( 'NONE',  ( 1.550771633609601352, 14.40757958027170815, -1.826307120116790639 ) ) ;
#2080 = CARTESIAN_POINT ( 'NONE',  ( 19.99999999999999645, 0.000000000000000000, 0.000000000000000000 ) ) ;
#2081 = ORIENTED_EDGE ( 'NONE', *, *, #4335, .T. ) ;
#2082 = ORIENTED_EDGE ( 'NONE', *, *, #711, .F. ) ;
#2083 = ORIENTED_EDGE ( 'NONE', *, *, #866, .T. ) ;
#2084 = CIRCLE ( 'NONE', #929, 5.399999999997299405 ) ;
#2085 = DIRECTION ( 'NONE',  ( 0.000000000000000000, -0.9848077530122062440, -0.1736481776669404620 ) ) ;
#2086 = DIRECTION ( 'NONE',  ( 0.000000000000000000, -0.8660254037844329345, -0.5000000000000101030 ) ) ;
#2087 = CARTESIAN_POINT ( 'NONE',  ( 0.6697830301731680924, 12.53200494222449990, 3.430316763067322139 ) ) ;
#2088 = ADVANCED_FACE ( 'NONE', ( #4872 ), #4595, .T. ) ;
#2089 = CIRCLE ( 'NONE', #437, 5.399999999997299405 ) ;
#2090 = EDGE_LOOP ( 'NONE', ( #3987, #2226, #1840, #5047, #1325, #1429 ) ) ;
#2091 = VERTEX_POINT ( 'NONE', #3674 ) ;
#2092 = PRODUCT_DEFINITION_CONTEXT ( 'detailed design', #2459, 'design' ) ;
#2093 = DIRECTION ( 'NONE',  ( -1.000000000000000000, -0.000000000000000000, -0.000000000000000000 ) ) ;
#2094 = AXIS2_PLACEMENT_3D ( 'NONE', #1679, #4412, #4800 ) ;
#2095 = DIRECTION ( 'NONE',  ( -1.000000000000000000, 0.000000000000000000, -0.000000000000000000 ) ) ;
#2096 = DIRECTION ( 'NONE',  ( 0.000000000000000000, 0.000000000000000000, -1.000000000000000000 ) ) ;
#2097 = AXIS2_PLACEMENT_3D ( 'NONE', #560, #2038, #3599 ) ;
#2098 = ORIENTED_EDGE ( 'NONE', *, *, #4656, .F. ) ;
#2099 = EDGE_CURVE ( 'NONE', #4654, #2499, #2398, .T. ) ;
#2100 = VECTOR ( 'NONE', #735, 1000.000000000000000 ) ;
#2101 = CARTESIAN_POINT ( 'NONE',  ( 18.17147880028345597, -13.17475538765970455, -7.171179852374824470 ) ) ;
#2102 = CYLINDRICAL_SURFACE ( 'NONE', #3645, 14.99999999999250022 ) ;
#2103 = ORIENTED_EDGE ( 'NONE', *, *, #2540, .T. ) ;
#2104 = AXIS2_PLACEMENT_3D ( 'NONE', #273, #4098, #555 ) ;
#2105 = CARTESIAN_POINT ( 'NONE',  ( 18.17147880028345597, 14.83290837936661433, -2.232673063637094391 ) ) ;
#2106 =( NAMED_UNIT ( * ) SI_UNIT ( $, .STERADIAN. ) SOLID_ANGLE_UNIT ( ) );
#2107 = EDGE_CURVE ( 'NONE', #3394, #1407, #1904, .T. ) ;
#2108 = CARTESIAN_POINT ( 'NONE',  ( 1.828521199716542256, -14.83290837936663031, 2.232673063636990474 ) ) ;
#2109 = CARTESIAN_POINT ( 'NONE',  ( 19.33021696982683224, 12.53200494222449990, 3.430316763067319474 ) ) ;
#2110 = LINE ( 'NONE', #141, #2710 ) ;
#2111 = EDGE_LOOP ( 'NONE', ( #2545, #1517, #4715, #3709 ) ) ;
#2112 = EDGE_LOOP ( 'NONE', ( #4793, #5054, #1884, #1768, #1719, #223 ) ) ;
#2113 = CARTESIAN_POINT ( 'NONE',  ( 18.75075721562786057, -0.9212905497988632675, 13.96695374540929002 ) ) ;
#2114 = LINE ( 'NONE', #2854, #1358 ) ;
#2115 = CARTESIAN_POINT ( 'NONE',  ( 18.17147880028345597, 0.000000000000000000, 0.000000000000000000 ) ) ;
#2116 = CARTESIAN_POINT ( 'NONE',  ( 19.99999999999999645, -11.10256122485997565, 6.137094929526348608 ) ) ;
#2117 = ORIENTED_EDGE ( 'NONE', *, *, #864, .F. ) ;
#2118 = ORIENTED_EDGE ( 'NONE', *, *, #2033, .T. ) ;
#2119 = DIRECTION ( 'NONE',  ( -1.000000000000000000, 0.000000000000000000, 0.000000000000000000 ) ) ;
#2120 = CARTESIAN_POINT ( 'NONE',  ( 19.36072146631411073, 5.572235432365835628, -11.68054826176487992 ) ) ;
#2121 = FACE_OUTER_BOUND ( 'NONE', #2112, .T. ) ;
#2122 = ORIENTED_EDGE ( 'NONE', *, *, #3197, .T. ) ;
#2123 = CARTESIAN_POINT ( 'NONE',  ( 1.828521199716542922, 13.17475538765985021, -7.171179852374558905 ) ) ;
#2124 = CARTESIAN_POINT ( 'NONE',  ( 19.83777560187290590, 5.332951368307978335, 10.87686872802481730 ) ) ;
#2125 = VERTEX_POINT ( 'NONE', #455 ) ;
#2126 = DIRECTION ( 'NONE',  ( 0.000000000000000000, 0.000000000000000000, -1.000000000000000000 ) ) ;
#2127 = CARTESIAN_POINT ( 'NONE',  ( 1.828521199716542922, -14.70199371010877165, -2.975127047320347717 ) ) ;
#2128 = CARTESIAN_POINT ( 'NONE',  ( 0.000000000000000000, 0.000000000000000000, 0.000000000000000000 ) ) ;
#2129 = CARTESIAN_POINT ( 'NONE',  ( 1.550771337380283166, -4.300410844387461573, -13.87156079804727860 ) ) ;
#2130 = ORIENTED_EDGE ( 'NONE', *, *, #457, .F. ) ;
#2131 = EDGE_CURVE ( 'NONE', #2411, #1064, #4760, .T. ) ;
#2132 = ORIENTED_EDGE ( 'NONE', *, *, #844, .T. ) ;
#2133 = EDGE_CURVE ( 'NONE', #3661, #3686, #2153, .T. ) ;
#2134 = CARTESIAN_POINT ( 'NONE',  ( 1.828521199716542922, 0.000000000000000000, 0.000000000000000000 ) ) ;
#2135 = CARTESIAN_POINT ( 'NONE',  ( 0.000000000000000000, 11.36279348549004986, 3.302218181857339285 ) ) ;
#2136 = CYLINDRICAL_SURFACE ( 'NONE', #4927, 5.399999999997299405 ) ;
#2137 = CARTESIAN_POINT ( 'NONE',  ( 19.67476636102593446, -10.02417550607679608, -7.292718279684587301 ) ) ;
#2138 = ORIENTED_EDGE ( 'NONE', *, *, #4183, .F. ) ;
#2139 = EDGE_CURVE ( 'NONE', #4314, #1154, #1854, .T. ) ;
#2140 = ORIENTED_EDGE ( 'NONE', *, *, #1659, .F. ) ;
#2141 = DIRECTION ( 'NONE',  ( -0.4999999999999941713, 0.000000000000000000, 0.8660254037844421493 ) ) ;
#2142 = CARTESIAN_POINT ( 'NONE',  ( 19.36072146314662490, -7.329533812699663642, -10.66597157507354154 ) ) ;
#2143 = CARTESIAN_POINT ( 'NONE',  ( 19.99999999999999645, 6.581779876088790893, -9.833508752078117254 ) ) ;
#2144 = ORIENTED_EDGE ( 'NONE', *, *, #3417, .T. ) ;
#2145 = VECTOR ( 'NONE', #787, 1000.000000000000000 ) ;
#2146 = AXIS2_PLACEMENT_3D ( 'NONE', #791, #23, #2930 ) ;
#2147 = DIRECTION ( 'NONE',  ( 0.000000000000000000, 0.000000000000000000, -1.000000000000000000 ) ) ;
#2148 = CIRCLE ( 'NONE', #4751, 11.62399999999418831 ) ;
#2149 = CARTESIAN_POINT ( 'NONE',  ( 19.99999999999999645, 5.141407353527678303, -10.42512860472024983 ) ) ;
#2150 = CIRCLE ( 'NONE', #1653, 11.83290837936660189 ) ;
#2151 = VERTEX_POINT ( 'NONE', #2956 ) ;
#2152 = CARTESIAN_POINT ( 'NONE',  ( 18.31070233139720571, 14.61970992824261018, -2.028979850451352540 ) ) ;
#2153 = CIRCLE ( 'NONE', #2804, 11.62399999999418831 ) ;
#2154 = AXIS2_PLACEMENT_3D ( 'NONE', #2623, #1908, #5027 ) ;
#2155 = DIRECTION ( 'NONE',  ( -1.000000000000000000, 0.000000000000000000, -0.000000000000000000 ) ) ;
#2156 = DIRECTION ( 'NONE',  ( -1.000000000000000000, -0.000000000000000000, -0.000000000000000000 ) ) ;
#2157 = DIRECTION ( 'NONE',  ( 0.000000000000000000, 0.000000000000000000, 1.000000000000000000 ) ) ;
#2158 = AXIS2_PLACEMENT_3D ( 'NONE', #1127, #1927, #4712 ) ;
#2159 = AXIS2_PLACEMENT_3D ( 'NONE', #3972, #2386, #3943 ) ;
#2160 = ORIENTED_EDGE ( 'NONE', *, *, #933, .T. ) ;
#2161 = ORIENTED_EDGE ( 'NONE', *, *, #896, .T. ) ;
#2162 = CARTESIAN_POINT ( 'NONE',  ( 19.99999999999999645, -2.762596963521988691, -11.29094477964549981 ) ) ;
#2163 = CARTESIAN_POINT ( 'NONE',  ( 0.000000000000000000, 0.000000000000000000, 0.000000000000000000 ) ) ;
#2164 = CONICAL_SURFACE ( 'NONE', #4685, 15.03290837936660296, 1.047197551196604515 ) ;
#2165 = CARTESIAN_POINT ( 'NONE',  ( 19.99999999999999645, 0.000000000000000000, 0.000000000000000000 ) ) ;
#2166 = ADVANCED_FACE ( 'NONE', ( #4581 ), #2596, .T. ) ;
#2167 = ADVANCED_FACE ( 'NONE', ( #2932 ), #631, .T. ) ;
#2168 = FACE_OUTER_BOUND ( 'NONE', #3714, .T. ) ;
#2169 = ORIENTED_EDGE ( 'NONE', *, *, #2660, .F. ) ;
#2170 = CIRCLE ( 'NONE', #4525, 11.62399999999418831 ) ;
#2171 = VERTEX_POINT ( 'NONE', #3029 ) ;
#2172 = FACE_OUTER_BOUND ( 'NONE', #4616, .T. ) ;
#2173 = ADVANCED_FACE ( 'NONE', ( #1069 ), #2213, .F. ) ;
#2174 = AXIS2_PLACEMENT_3D ( 'NONE', #1049, #2622, #3239 ) ;
#2175 = CARTESIAN_POINT ( 'NONE',  ( 19.99999999999999645, -1.265738570989169753, -11.55488130054892437 ) ) ;
#2176 = CARTESIAN_POINT ( 'NONE',  ( 18.17147880028345597, 0.3769537665663796888, -14.99526278054661255 ) ) ;
#2177 = VERTEX_POINT ( 'NONE', #4484 ) ;
#2178 = CIRCLE ( 'NONE', #194, 11.62399999999418831 ) ;
#2179 = CARTESIAN_POINT ( 'NONE',  ( 1.550771157672636846, 12.91406194527837847, -6.643848853477899219 ) ) ;
#2180 = AXIS2_PLACEMENT_3D ( 'NONE', #978, #300, #4972 ) ;
#2181 = CARTESIAN_POINT ( 'NONE',  ( 19.99999999999999645, -10.63969002948380194, 4.681278893247860395 ) ) ;
#2182 = ORIENTED_EDGE ( 'NONE', *, *, #2315, .T. ) ;
#2183 = CARTESIAN_POINT ( 'NONE',  ( 18.75075719526097018, -3.911249616270155105, -13.43974332458856580 ) ) ;
#2184 = CIRCLE ( 'NONE', #3568, 11.62399999999418654 ) ;
#2185 = EDGE_CURVE ( 'NONE', #3758, #1720, #1163, .T. ) ;
#2186 = FACE_OUTER_BOUND ( 'NONE', #3457, .T. ) ;
#2187 = CARTESIAN_POINT ( 'NONE',  ( 5.000000000000000888, 7.000001873099979122, -1.843143693225357538E-15 ) ) ;
#2188 = CONICAL_SURFACE ( 'NONE', #1113, 15.03290837936660296, 1.047197551196604515 ) ;
#2189 = ORIENTED_EDGE ( 'NONE', *, *, #1912, .F. ) ;
#2190 = ORIENTED_EDGE ( 'NONE', *, *, #1535, .T. ) ;
#2191 = CARTESIAN_POINT ( 'NONE',  ( 19.99999999999999645, -4.115919143437121619, 11.99958372321598787 ) ) ;
#2192 = CARTESIAN_POINT ( 'NONE',  ( 1.828521199716542922, 9.350005781138397865, -11.72933893671990191 ) ) ;
#2193 = DIRECTION ( 'NONE',  ( 0.000000000000000000, 0.000000000000000000, 1.000000000000000000 ) ) ;
#2194 = CARTESIAN_POINT ( 'NONE',  ( 0.000000000000000000, 0.000000000000000000, 0.000000000000000000 ) ) ;
#2195 = ORIENTED_EDGE ( 'NONE', *, *, #396, .F. ) ;
#2196 = EDGE_LOOP ( 'NONE', ( #2665, #4175, #4095, #1379 ) ) ;
#2197 = ADVANCED_FACE ( 'NONE', ( #974 ), #2266, .T. ) ;
#2198 = CARTESIAN_POINT ( 'NONE',  ( 19.99999999999999645, -5.141407353527605473, 10.42512860472028713 ) ) ;
#2199 = DIRECTION ( 'NONE',  ( 0.000000000000000000, 0.000000000000000000, 1.000000000000000000 ) ) ;
#2200 = CARTESIAN_POINT ( 'NONE',  ( 0.000000000000000000, 8.541201577072321527, 8.189358725462058786 ) ) ;
#2201 = ADVANCED_FACE ( 'NONE', ( #2569 ), #3868, .T. ) ;
#2202 = EDGE_CURVE ( 'NONE', #2268, #976, #4738, .T. ) ;
#2203 = CARTESIAN_POINT ( 'NONE',  ( 19.99999999999999645, -11.36279348549003210, -3.302218181857416113 ) ) ;
#2204 = EDGE_LOOP ( 'NONE', ( #4538, #3899, #4051, #901, #558 ) ) ;
#2205 = EDGE_CURVE ( 'NONE', #3358, #1063, #2971, .T. ) ;
#2206 = CARTESIAN_POINT ( 'NONE',  ( 0.000000000000000000, 0.000000000000000000, 0.000000000000000000 ) ) ;
#2207 = CARTESIAN_POINT ( 'NONE',  ( 0.000000000000000000, -6.581779876088722503, 9.833508752078161663 ) ) ;
#2208 = CARTESIAN_POINT ( 'NONE',  ( 19.99999999999999645, 0.000000000000000000, 0.000000000000000000 ) ) ;
#2209 = ORIENTED_EDGE ( 'NONE', *, *, #621, .F. ) ;
#2210 = ORIENTED_EDGE ( 'NONE', *, *, #145, .T. ) ;
#2211 = CARTESIAN_POINT ( 'NONE',  ( 18.45421238273057085, -0.6817333006325602129, 14.49489078323237834 ) ) ;
#2212 = DIRECTION ( 'NONE',  ( 0.000000000000000000, 0.3420201433256693235, -0.9396926207859082059 ) ) ;
#2213 = CYLINDRICAL_SURFACE ( 'NONE', #2236, 1.749999999999999778 ) ;
#2214 = CARTESIAN_POINT ( 'NONE',  ( 5.000000000000000888, 7.000001873099979122, 2.999999999999998224 ) ) ;
#2215 = ORIENTED_EDGE ( 'NONE', *, *, #4693, .T. ) ;
#2216 = ORIENTED_EDGE ( 'NONE', *, *, #18, .T. ) ;
#2217 = CYLINDRICAL_SURFACE ( 'NONE', #606, 5.399999999997299405 ) ;
#2218 = B_SPLINE_CURVE_WITH_KNOTS ( 'NONE', 3,
 ( #960, #2528, #4086, #3375, #541, #4547, #4933, #1427 ),
 .UNSPECIFIED., .F., .F.,
 ( 4, 2, 2, 4 ),
 ( 3.929789716561468086E-07, 0.001917556476030095932, 0.002876138224559313290, 0.003834719973088531082 ),
 .UNSPECIFIED. ) ;
#2219 = CARTESIAN_POINT ( 'NONE',  ( -10.00000000000000000, 0.000000000000000000, 0.000000000000000000 ) ) ;
#2220 = CARTESIAN_POINT ( 'NONE',  ( 18.17147880028345597, 9.350005781138397865, -11.72933893671990191 ) ) ;
#2221 = CARTESIAN_POINT ( 'NONE',  ( 0.2284519553947033932, -11.74990421199925628, 3.388072271398150370 ) ) ;
#2222 = ORIENTED_EDGE ( 'NONE', *, *, #1699, .F. ) ;
#2223 = DIRECTION ( 'NONE',  ( 1.000000000000000000, 0.000000000000000000, 0.000000000000000000 ) ) ;
#2224 = EDGE_CURVE ( 'NONE', #841, #69, #1415, .T. ) ;
#2225 = EDGE_CURVE ( 'NONE', #559, #2620, #1937, .T. ) ;
#2226 = ORIENTED_EDGE ( 'NONE', *, *, #4820, .T. ) ;
#2227 = CONICAL_SURFACE ( 'NONE', #4830, 15.03290837936660296, 1.047197551196604515 ) ;
#2228 = CARTESIAN_POINT ( 'NONE',  ( 19.99999999999999645, 0.000000000000000000, 0.000000000000000000 ) ) ;
#2229 = AXIS2_PLACEMENT_3D ( 'NONE', #3339, #1281, #3719 ) ;
#2230 = DIRECTION ( 'NONE',  ( 1.000000000000000000, -0.000000000000000000, -0.000000000000000000 ) ) ;
#2231 = EDGE_CURVE ( 'NONE', #3975, #4331, #652, .T. ) ;
#2232 = CARTESIAN_POINT ( 'NONE',  ( 19.99999999999999645, 0.000000000000000000, 0.000000000000000000 ) ) ;
#2233 = EDGE_LOOP ( 'NONE', ( #2277, #1218, #2928, #1755 ) ) ;
#2234 = ORIENTED_EDGE ( 'NONE', *, *, #4855, .T. ) ;
#2235 = CARTESIAN_POINT ( 'NONE',  ( 19.99999999999999645, -2.762596963521988691, -11.29094477964549981 ) ) ;
#2236 = AXIS2_PLACEMENT_3D ( 'NONE', #3769, #226, #1801 ) ;
#2237 = FACE_OUTER_BOUND ( 'NONE', #733, .T. ) ;
#2238 = CARTESIAN_POINT ( 'NONE',  ( 0.000000000000000000, 0.000000000000000000, 0.000000000000000000 ) ) ;
#2239 = AXIS2_PLACEMENT_3D ( 'NONE', #967, #2534, #3716 ) ;
#2240 = AXIS2_PLACEMENT_3D ( 'NONE', #893, #3749, #583 ) ;
#2241 = CARTESIAN_POINT ( 'NONE',  ( 20.00000000000000000, 3.673940397442060361E-16, -3.000000000000000444 ) ) ;
#2242 = ORIENTED_EDGE ( 'NONE', *, *, #4630, .T. ) ;
#2243 = ORIENTED_EDGE ( 'NONE', *, *, #2419, .T. ) ;
#2244 = AXIS2_PLACEMENT_3D ( 'NONE', #3888, #723, #288 ) ;
#2245 = DIRECTION ( 'NONE',  ( 1.000000000000000000, 0.000000000000000000, 0.000000000000000000 ) ) ;
#2246 = EDGE_CURVE ( 'NONE', #192, #563, #587, .T. ) ;
#2247 = CARTESIAN_POINT ( 'NONE',  ( 19.99999999999999645, 0.000000000000000000, 0.000000000000000000 ) ) ;
#2248 = CYLINDRICAL_SURFACE ( 'NONE', #2399, 1.749999999999999778 ) ;
#2249 = AXIS2_PLACEMENT_3D ( 'NONE', #3222, #484, #2063 ) ;
#2250 = ORIENTED_EDGE ( 'NONE', *, *, #591, .T. ) ;
#2251 = CARTESIAN_POINT ( 'NONE',  ( 1.689297668602788960, -14.61970992824259596, -2.028979850451452016 ) ) ;
#2252 = CARTESIAN_POINT ( 'NONE',  ( 19.83777560511422422, 9.785567360417362082, -7.140680284267439504 ) ) ;
#2253 = CIRCLE ( 'NONE', #1512, 11.62399999999418654 ) ;
#2254 = ORIENTED_EDGE ( 'NONE', *, *, #5033, .F. ) ;
#2255 = DIRECTION ( 'NONE',  ( 1.000000000000000000, 0.000000000000000000, 0.000000000000000000 ) ) ;
#2256 = EDGE_CURVE ( 'NONE', #3394, #105, #786, .T. ) ;
#2257 = AXIS2_PLACEMENT_3D ( 'NONE', #1075, #1004, #2576 ) ;
#2258 = DIRECTION ( 'NONE',  ( 1.000000000000000000, 0.000000000000000000, 0.000000000000000000 ) ) ;
#2259 = DIRECTION ( 'NONE',  ( -1.000000000000000000, -0.000000000000000000, -0.000000000000000000 ) ) ;
#2260 = ORIENTED_EDGE ( 'NONE', *, *, #207, .F. ) ;
#2261 = ORIENTED_EDGE ( 'NONE', *, *, #332, .T. ) ;
#2262 = AXIS2_PLACEMENT_3D ( 'NONE', #4691, #2750, #354 ) ;
#2263 = CARTESIAN_POINT ( 'NONE',  ( 19.77154804460528936, 11.74990421199924739, 3.388072271398235635 ) ) ;
#2264 = ADVANCED_FACE ( 'NONE', ( #3516 ), #425, .T. ) ;
#2265 = DIRECTION ( 'NONE',  ( 0.000000000000000000, 0.000000000000000000, 1.000000000000000000 ) ) ;
#2266 = CYLINDRICAL_SURFACE ( 'NONE', #1166, 5.399999999997299405 ) ;
#2267 = CARTESIAN_POINT ( 'NONE',  ( 9.999999999999998224, -0.3769537665662802683, 14.99526278054661255 ) ) ;
#2268 = VERTEX_POINT ( 'NONE', #759 ) ;
#2269 = ORIENTED_EDGE ( 'NONE', *, *, #3110, .F. ) ;
#2270 = CARTESIAN_POINT ( 'NONE',  ( 0.3226133255998575589, 1.281579797326922510, -12.32538184688692162 ) ) ;
#2271 = DIRECTION ( 'NONE',  ( 1.000000000000000000, -0.000000000000000000, -0.000000000000000000 ) ) ;
#2272 = CARTESIAN_POINT ( 'NONE',  ( 1.828521199716541812, -0.3769537665660790404, -14.99526278054661610 ) ) ;
#2273 = VERTEX_POINT ( 'NONE', #316 ) ;
#2274 = ORIENTED_EDGE ( 'NONE', *, *, #4036, .T. ) ;
#2275 = CARTESIAN_POINT ( 'NONE',  ( 1.097830701546323340, -13.66566245119434519, -1.375808572320034395 ) ) ;
#2276 = CARTESIAN_POINT ( 'NONE',  ( 0.1622243996349257145, -6.753168949536944687, -10.05690572819059447 ) ) ;
#2277 = ORIENTED_EDGE ( 'NONE', *, *, #1466, .F. ) ;
#2278 = CARTESIAN_POINT ( 'NONE',  ( 0.000000000000000000, 10.63969002948382858, -4.681278893247789341 ) ) ;
#2279 = CARTESIAN_POINT ( 'NONE',  ( 18.15247913859322182, 0.000000000000000000, 0.000000000000000000 ) ) ;
#2280 = DIRECTION ( 'NONE',  ( 0.000000000000000000, -0.9848077530122062440, -0.1736481776669404620 ) ) ;
#2281 = VERTEX_POINT ( 'NONE', #809 ) ;
#2282 = ORIENTED_EDGE ( 'NONE', *, *, #321, .T. ) ;
#2283 = CARTESIAN_POINT ( 'NONE',  ( 1.828521199716542922, -5.482902598228224456, -13.96201200035715395 ) ) ;
#2284 = CYLINDRICAL_SURFACE ( 'NONE', #4709, 3.000000000000000444 ) ;
#2285 = CARTESIAN_POINT ( 'NONE',  ( 1.828521199716542478, 5.482902598228320379, 13.96201200035711665 ) ) ;
#2286 = EDGE_CURVE ( 'NONE', #841, #4307, #1204, .T. ) ;
#2287 = CARTESIAN_POINT ( 'NONE',  ( 0.000000000000000000, 11.80695832568066628, 0.7832341987708918429 ) ) ;
#2288 = ADVANCED_FACE ( 'NONE', ( #1591 ), #746, .T. ) ;
#2289 = VERTEX_POINT ( 'NONE', #2769 ) ;
#2290 = ORIENTED_EDGE ( 'NONE', *, *, #3291, .F. ) ;
#2291 = EDGE_LOOP ( 'NONE', ( #1575, #3263, #3413, #2673, #2530, #4641 ) ) ;
#2292 = CARTESIAN_POINT ( 'NONE',  ( 19.99999999999999645, 0.000000000000000000, 0.000000000000000000 ) ) ;
#2293 = DIRECTION ( 'NONE',  ( 0.000000000000000000, 0.000000000000000000, 1.000000000000000000 ) ) ;
#2294 = DIRECTION ( 'NONE',  ( -1.000000000000000000, 0.000000000000000000, 0.000000000000000000 ) ) ;
#2295 = CARTESIAN_POINT ( 'NONE',  ( 1.545787514743383273, 9.839374161089562421, 10.66552061893450443 ) ) ;
#2296 = EDGE_CURVE ( 'NONE', #4132, #2989, #4659, .T. ) ;
#2297 = ORIENTED_EDGE ( 'NONE', *, *, #3330, .F. ) ;
#2298 = B_SPLINE_CURVE_WITH_KNOTS ( 'NONE', 3,
 ( #3409, #4961, #4119, #988, #4090, #570 ),
 .UNSPECIFIED., .F., .F.,
 ( 4, 2, 4 ),
 ( 2.379537104475078825E-07, 0.001251465362963042434, 0.002502692772215637292 ),
 .UNSPECIFIED. ) ;
#2299 = DIRECTION ( 'NONE',  ( -1.000000000000000000, 0.000000000000000000, -0.000000000000000000 ) ) ;
#2300 = CARTESIAN_POINT ( 'NONE',  ( 0.000000000000000000, -6.581779876088726944, -9.833508752078440551 ) ) ;
#2301 = ORIENTED_EDGE ( 'NONE', *, *, #4881, .F. ) ;
#2302 = FACE_OUTER_BOUND ( 'NONE', #3615, .T. ) ;
#2303 = FACE_OUTER_BOUND ( 'NONE', #2111, .T. ) ;
#2304 = PLANE ( 'NONE',  #4537 ) ;
#2305 = ORIENTED_EDGE ( 'NONE', *, *, #2256, .T. ) ;
#2306 = DIRECTION ( 'NONE',  ( -1.000000000000000000, 0.000000000000000000, -0.000000000000000000 ) ) ;
#2307 = VECTOR ( 'NONE', #877, 1000.000000000000000 ) ;
#2308 = CLOSED_SHELL ( 'NONE', ( #4380, #2829, #5063, #1558, #456, #517, #4898, #779, #1311, #1173, #3072, #2864, #3989, #1285, #1875, #1283, #2579, #939, #2934, #4042, #1624, #1216, #4005, #3038, #1052, #253, #3632, #3331, #2447, #932, #3419, #2324, #4973, #4496, #4517, #2513, #1149, #2197, #1848, #1850, #1541, #2379, #1667, #1449, #1559, #3169, #3971, #4334, #2384, #1509, #2003, #2884, #3736, #4536, #4378, #3841, #3949, #108, #4065, #4497, #4848, #1815, #1037, #3135, #2167, #4254, #3462, #2446, #371, #4216, #1785, #4721, #3146, #2173, #2659, #3045, #1119, #4886, #3664, #3310, #4599, #420, #2482, #2264, #3578, #1502, #4471, #2166, #1786, #3039, #3756, #643, #503, #3509, #4312, #2508, #55, #235, #3831, #4037, #1650, #4103, #2606, #346, #2201, #4804, #3536, #1092, #295, #2757, #880, #3682, #271, #4749, #2088, #1941, #1376, #1440, #1629, #2779, #2948, #2625, #3116, #2288, #1857, #218, #2065, #20, #4794, #3937, #3174, #773, #4911, #1566, #4736, #2412, #2730, #3911, #4128 ) ) ;
#2309 = CARTESIAN_POINT ( 'NONE',  ( 0.000000000000000000, -8.333984767424702511, -9.564282399747266794 ) ) ;
#2310 = CARTESIAN_POINT ( 'NONE',  ( 19.99999999999999645, 5.141407353527533530, 10.42512860472032088 ) ) ;
#2311 = CARTESIAN_POINT ( 'NONE',  ( 1.689297668602789848, 14.61970992824261018, 2.028979850451351652 ) ) ;
#2312 = ORIENTED_EDGE ( 'NONE', *, *, #364, .T. ) ;
#2313 = ORIENTED_EDGE ( 'NONE', *, *, #4631, .T. ) ;
#2314 = ORIENTED_EDGE ( 'NONE', *, *, #4007, .T. ) ;
#2315 = EDGE_CURVE ( 'NONE', #5068, #299, #349, .T. ) ;
#2316 = CARTESIAN_POINT ( 'NONE',  ( -10.00000000000000000, 0.000000000000000000, 0.000000000000000000 ) ) ;
#2317 = EDGE_CURVE ( 'NONE', #4133, #3646, #4846, .T. ) ;
#2318 = CIRCLE ( 'NONE', #500, 1.750000000000000666 ) ;
#2319 = CARTESIAN_POINT ( 'NONE',  ( 1.097830641324828660, 3.727924260815742130, -13.21914359163323027 ) ) ;
#2320 = CARTESIAN_POINT ( 'NONE',  ( -10.00000000000000000, 0.000000000000000000, 0.000000000000000000 ) ) ;
#2321 = DIRECTION ( 'NONE',  ( 0.000000000000000000, 0.000000000000000000, -1.000000000000000000 ) ) ;
#2322 = ORIENTED_EDGE ( 'NONE', *, *, #2231, .F. ) ;
#2323 = CONICAL_SURFACE ( 'NONE', #4852, 15.03290837936660296, 1.047197551196604515 ) ;
#2324 = ADVANCED_FACE ( 'NONE', ( #1542 ), #3163, .T. ) ;
#2325 = AXIS2_PLACEMENT_3D ( 'NONE', #3352, #4162, #4470 ) ;
#2326 = FACE_OUTER_BOUND ( 'NONE', #1858, .T. ) ;
#2327 = CARTESIAN_POINT ( 'NONE',  ( 19.99999999999999645, -6.457722532643740188, -9.665153681719200307 ) ) ;
#2328 = VERTEX_POINT ( 'NONE', #3112 ) ;
#2329 = CARTESIAN_POINT ( 'NONE',  ( 20.00000000000000000, -0.2738250307121672944, -9.994644099306174923 ) ) ;
#2330 = CIRCLE ( 'NONE', #2249, 14.99999999999250022 ) ;
#2331 = CARTESIAN_POINT ( 'NONE',  ( 0.000000000000000000, 0.000000000000000000, 0.000000000000000000 ) ) ;
#2332 = CARTESIAN_POINT ( 'NONE',  ( 0.1622243981270879987, 5.332951368308130213, -10.87686872802474092 ) ) ;
#2333 = ORIENTED_EDGE ( 'NONE', *, *, #3448, .F. ) ;
#2334 = CARTESIAN_POINT ( 'NONE',  ( 18.15247913859322182, 0.000000000000000000, 0.000000000000000000 ) ) ;
#2335 = EDGE_CURVE ( 'NONE', #1463, #3396, #4766, .T. ) ;
#2336 = CIRCLE ( 'NONE', #3883, 11.83290837936660012 ) ;
#2337 = FACE_OUTER_BOUND ( 'NONE', #3025, .T. ) ;
#2338 = CARTESIAN_POINT ( 'NONE',  ( 1.545787617269430925, 0.6817333006324616251, 14.49489078323238189 ) ) ;
#2339 = DIRECTION ( 'NONE',  ( -1.000000000000000000, 0.000000000000000000, 0.000000000000000000 ) ) ;
#2340 = CIRCLE ( 'NONE', #2502, 1.750000000000000000 ) ;
#2341 = ORIENTED_EDGE ( 'NONE', *, *, #3299, .F. ) ;
#2342 = ORIENTED_EDGE ( 'NONE', *, *, #1031, .T. ) ;
#2343 = B_SPLINE_CURVE_WITH_KNOTS ( 'NONE', 3,
 ( #3687, #985, #2458, #2075, #963, #545, #2152, #2105 ),
 .UNSPECIFIED., .F., .F.,
 ( 4, 2, 2, 4 ),
 ( 3.929789716561468615E-07, 0.001917556476030094197, 0.002876138224559312423, 0.003834719973088531082 ),
 .UNSPECIFIED. ) ;
#2344 = CARTESIAN_POINT ( 'NONE',  ( 18.17147880028345597, 0.000000000000000000, 0.000000000000000000 ) ) ;
#2345 = AXIS2_PLACEMENT_3D ( 'NONE', #2344, #4992, #1491 ) ;
#2346 = CARTESIAN_POINT ( 'NONE',  ( 0.000000000000000000, 2.821591908417836247, -11.49157690731934700 ) ) ;
#2347 = CARTESIAN_POINT ( 'NONE',  ( 19.99999999999999645, 2.762596963522213844, -11.29094477964544474 ) ) ;
#2348 = CYLINDRICAL_SURFACE ( 'NONE', #1905, 14.99999999999250022 ) ;
#2349 = EDGE_LOOP ( 'NONE', ( #3636, #42, #685, #2122, #1018, #2103 ) ) ;
#2350 = CIRCLE ( 'NONE', #3737, 5.399999999997301181 ) ;
#2351 = CARTESIAN_POINT ( 'NONE',  ( 0.000000000000000000, 0.000000000000000000, 0.000000000000000000 ) ) ;
#2352 = CARTESIAN_POINT ( 'NONE',  ( 19.67738668425064574, 10.03330387397874368, -7.272571580989029449 ) ) ;
#2353 = EDGE_CURVE ( 'NONE', #1687, #1064, #4430, .T. ) ;
#2354 = EDGE_CURVE ( 'NONE', #2289, #3052, #180, .T. ) ;
#2355 = ORIENTED_EDGE ( 'NONE', *, *, #2687, .T. ) ;
#2356 = CARTESIAN_POINT ( 'NONE',  ( 18.17147880028345597, 13.17475538765975074, 7.171179852374736541 ) ) ;
#2357 = CARTESIAN_POINT ( 'NONE',  ( 0.000000000000000000, -12.53200494222451233, 1.969683236929896664 ) ) ;
#2358 = DIRECTION ( 'NONE',  ( -1.000000000000000000, 0.000000000000000000, 0.000000000000000000 ) ) ;
#2359 = EDGE_CURVE ( 'NONE', #1207, #552, #422, .T. ) ;
#2360 = ORIENTED_EDGE ( 'NONE', *, *, #1913, .T. ) ;
#2361 = DIRECTION ( 'NONE',  ( 0.000000000000000000, 0.000000000000000000, 1.000000000000000000 ) ) ;
#2362 = CARTESIAN_POINT ( 'NONE',  ( 19.99999999999999645, -12.44990391086183834, -2.435301323468902712 ) ) ;
#2363 = CARTESIAN_POINT ( 'NONE',  ( 19.99999999999999645, 0.000000000000000000, 0.000000000000000000 ) ) ;
#2364 = CARTESIAN_POINT ( 'NONE',  ( 0.000000000000000000, 5.225178449592114305, -10.61674295084902475 ) ) ;
#2365 = VERTEX_POINT ( 'NONE', #3086 ) ;
#2366 = ORIENTED_EDGE ( 'NONE', *, *, #18, .F. ) ;
#2367 = ORIENTED_EDGE ( 'NONE', *, *, #174, .F. ) ;
#2368 = CARTESIAN_POINT ( 'NONE',  ( 1.828521199716542256, -14.83290837936663031, 2.232673063636990474 ) ) ;
#2369 = DIRECTION ( 'NONE',  ( 0.000000000000000000, 0.000000000000000000, -1.000000000000000000 ) ) ;
#2370 = DIRECTION ( 'NONE',  ( -1.000000000000000000, 0.000000000000000000, -0.000000000000000000 ) ) ;
#2371 = VERTEX_POINT ( 'NONE', #2285 ) ;
#2372 = B_SPLINE_CURVE_WITH_KNOTS ( 'NONE', 3,
 ( #980, #4109, #4903, #4929, #4063, #593, #186, #2176 ),
 .UNSPECIFIED., .F., .F.,
 ( 4, 2, 2, 4 ),
 ( 3.929789716561816958E-07, 0.001917556337481940779, 0.002876138016737082945, 0.003834719695992225112 ),
 .UNSPECIFIED. ) ;
#2373 = CARTESIAN_POINT ( 'NONE',  ( 18.44922884232736138, 12.91406194527829676, 6.643848853478074190 ) ) ;
#2374 = CARTESIAN_POINT ( 'NONE',  ( 5.000000000000000888, -0.2738250307121672944, -6.994644099306175811 ) ) ;
#2375 = ORIENTED_EDGE ( 'NONE', *, *, #2724, .F. ) ;
#2376 = ORIENTED_EDGE ( 'NONE', *, *, #1725, .T. ) ;
#2377 = CARTESIAN_POINT ( 'NONE',  ( 0.6392785368533649981, -7.329533812699807527, 10.66597157507343141 ) ) ;
#2378 = EDGE_CURVE ( 'NONE', #3314, #1773, #3058, .T. ) ;
#2379 = ADVANCED_FACE ( 'NONE', ( #5016 ), #1148, .T. ) ;
#2380 = CARTESIAN_POINT ( 'NONE',  ( 19.83777560187290590, -5.332951368307903728, -10.87686872802485283 ) ) ;
#2381 = CARTESIAN_POINT ( 'NONE',  ( 18.15247913859322182, 0.000000000000000000, 0.000000000000000000 ) ) ;
#2382 = ORIENTED_EDGE ( 'NONE', *, *, #564, .T. ) ;
#2383 = DIRECTION ( 'NONE',  ( -1.000000000000000000, 0.000000000000000000, -0.000000000000000000 ) ) ;
#2384 = ADVANCED_FACE ( 'NONE', ( #729 ), #3894, .T. ) ;
#2385 = DIRECTION ( 'NONE',  ( 0.000000000000000000, 0.3420201433256631063, 0.9396926207859105373 ) ) ;
#2386 = DIRECTION ( 'NONE',  ( -1.000000000000000000, -0.000000000000000000, -0.000000000000000000 ) ) ;
#2387 = ORIENTED_EDGE ( 'NONE', *, *, #4007, .F. ) ;
#2388 = VERTEX_POINT ( 'NONE', #3994 ) ;
#2389 = ORIENTED_EDGE ( 'NONE', *, *, #2762, .T. ) ;
#2390 = VECTOR ( 'NONE', #2646, 1000.000000000000000 ) ;
#2391 = AXIS2_PLACEMENT_3D ( 'NONE', #1146, #2688, #4965 ) ;
#2392 = DIRECTION ( 'NONE',  ( -1.000000000000000000, -0.000000000000000000, 0.000000000000000000 ) ) ;
#2393 = CYLINDRICAL_SURFACE ( 'NONE', #1242, 5.399999999997299405 ) ;
#2394 = CIRCLE ( 'NONE', #3048, 11.83290837936660189 ) ;
#2395 = DIRECTION ( 'NONE',  ( 0.000000000000000000, 0.000000000000000000, 1.000000000000000000 ) ) ;
#2396 = VERTEX_POINT ( 'NONE', #548 ) ;
#2397 = B_SPLINE_CURVE_WITH_KNOTS ( 'NONE', 3,
 ( #4435, #2957, #4130, #507, #3725, #4079, #3675, #557 ),
 .UNSPECIFIED., .F., .F.,
 ( 4, 2, 2, 4 ),
 ( 2.270243712152566725E-07, 0.001922878951646302603, 0.002884204915283845698, 0.003845530878921389010 ),
 .UNSPECIFIED. ) ;
#2398 = CIRCLE ( 'NONE', #4511, 5.399999999997298517 ) ;
#2399 = AXIS2_PLACEMENT_3D ( 'NONE', #1110, #4233, #1079 ) ;
#2400 = EDGE_CURVE ( 'NONE', #1944, #1057, #4930, .T. ) ;
#2401 = CARTESIAN_POINT ( 'NONE',  ( 0.7984651288579648343, -9.354243946357657435, 9.336346657499587920 ) ) ;
#2402 = AXIS2_PLACEMENT_3D ( 'NONE', #2363, #1485, #3492 ) ;
#2403 = CIRCLE ( 'NONE', #4767, 5.399999999997298517 ) ;
#2404 = CARTESIAN_POINT ( 'NONE',  ( 18.87074210498407822, 11.41154733133519628, 7.740868449397134476 ) ) ;
#2405 = VERTEX_POINT ( 'NONE', #2127 ) ;
#2406 = CARTESIAN_POINT ( 'NONE',  ( 19.99999999999999645, -12.53200494222448924, -1.969683236930066528 ) ) ;
#2407 = CIRCLE ( 'NONE', #2244, 3.000000000000000888 ) ;
#2408 = CARTESIAN_POINT ( 'NONE',  ( 19.99999999999999645, 0.000000000000000000, 0.000000000000000000 ) ) ;
#2409 = CYLINDRICAL_SURFACE ( 'NONE', #2498, 14.99999999999250022 ) ;
#2410 = AXIS2_PLACEMENT_3D ( 'NONE', #2040, #4743, #876 ) ;
#2411 = VERTEX_POINT ( 'NONE', #65 ) ;
#2412 = ADVANCED_FACE ( 'NONE', ( #4810 ), #339, .T. ) ;
#2413 = DIRECTION ( 'NONE',  ( 1.000000000000000000, 0.000000000000000000, 0.000000000000000000 ) ) ;
#2414 = DIRECTION ( 'NONE',  ( 1.000000000000000000, -0.000000000000000000, -0.000000000000000000 ) ) ;
#2415 = AXIS2_PLACEMENT_3D ( 'NONE', #2320, #660, #3875 ) ;
#2416 = DIRECTION ( 'NONE',  ( 0.000000000000000000, 0.9848077530122085754, -0.1736481776669273891 ) ) ;
#2417 = CYLINDRICAL_SURFACE ( 'NONE', #3464, 1.750000000000000666 ) ;
#2418 = ORIENTED_EDGE ( 'NONE', *, *, #3095, .F. ) ;
#2419 = EDGE_CURVE ( 'NONE', #4697, #2694, #2512, .T. ) ;
#2420 = ORIENTED_EDGE ( 'NONE', *, *, #1691, .T. ) ;
#2421 = EDGE_CURVE ( 'NONE', #4307, #4654, #3549, .T. ) ;
#2422 = CIRCLE ( 'NONE', #4451, 5.399999999997299405 ) ;
#2423 = VERTEX_POINT ( 'NONE', #912 ) ;
#2424 = DIRECTION ( 'NONE',  ( 0.000000000000000000, 0.000000000000000000, 1.000000000000000000 ) ) ;
#2425 = DIRECTION ( 'NONE',  ( 1.000000000000000000, 0.000000000000000000, 0.000000000000000000 ) ) ;
#2426 = LINE ( 'NONE', #4356, #3624 ) ;
#2427 = VERTEX_POINT ( 'NONE', #1715 ) ;
#2428 = CIRCLE ( 'NONE', #1439, 5.399999999997298517 ) ;
#2429 = CARTESIAN_POINT ( 'NONE',  ( 1.828521199716542922, 0.000000000000000000, 0.000000000000000000 ) ) ;
#2430 = CARTESIAN_POINT ( 'NONE',  ( 19.99999999999999645, 12.53200494222447681, 1.969683236930148018 ) ) ;
#2431 = CIRCLE ( 'NONE', #208, 1.749999999999999778 ) ;
#2432 = DIRECTION ( 'NONE',  ( 0.000000000000000000, 0.000000000000000000, 1.000000000000000000 ) ) ;
#2433 = ORIENTED_EDGE ( 'NONE', *, *, #4070, .T. ) ;
#2434 = CARTESIAN_POINT ( 'NONE',  ( 19.99999999999999645, -12.53200494222448924, 3.430316763067232877 ) ) ;
#2435 = CARTESIAN_POINT ( 'NONE',  ( 18.17147880028345597, 5.482902598228321267, 13.96201200035711665 ) ) ;
#2436 = ORIENTED_EDGE ( 'NONE', *, *, #2205, .T. ) ;
#2437 = DIRECTION ( 'NONE',  ( 0.000000000000000000, 0.000000000000000000, 1.000000000000000000 ) ) ;
#2438 = CARTESIAN_POINT ( 'NONE',  ( 0.000000000000000000, 1.278921685670080244, -11.76359128992532987 ) ) ;
#2439 = CARTESIAN_POINT ( 'NONE',  ( 0.000000000000000000, -11.10256122485989039, -6.137094929526502263 ) ) ;
#2440 = FACE_OUTER_BOUND ( 'NONE', #1956, .T. ) ;
#2441 = ORIENTED_EDGE ( 'NONE', *, *, #1266, .T. ) ;
#2442 = ORIENTED_EDGE ( 'NONE', *, *, #4224, .F. ) ;
#2443 = ORIENTED_EDGE ( 'NONE', *, *, #670, .T. ) ;
#2444 = LINE ( 'NONE', #4795, #119 ) ;
#2445 = CARTESIAN_POINT ( 'NONE',  ( 0.000000000000000000, 0.000000000000000000, 0.000000000000000000 ) ) ;
#2446 = ADVANCED_FACE ( 'NONE', ( #4422 ), #1693, .T. ) ;
#2447 = ADVANCED_FACE ( 'NONE', ( #4732 ), #449, .T. ) ;
#2448 = LINE ( 'NONE', #2035, #1656 ) ;
#2449 = VERTEX_POINT ( 'NONE', #524 ) ;
#2450 = CARTESIAN_POINT ( 'NONE',  ( 0.000000000000000000, 3.673940397442060361E-16, -3.000000000000000444 ) ) ;
#2451 = EDGE_CURVE ( 'NONE', #4154, #2371, #2719, .T. ) ;
#2452 = CARTESIAN_POINT ( 'NONE',  ( 19.99999999999999645, 2.821591908417834027, -11.49157690731935055 ) ) ;
#2453 = CARTESIAN_POINT ( 'NONE',  ( 18.60021070883476213, 11.92464682496324357, 7.815945514241038339 ) ) ;
#2454 = EDGE_LOOP ( 'NONE', ( #3750, #684, #1697, #2550, #721, #99 ) ) ;
#2455 = FACE_OUTER_BOUND ( 'NONE', #2006, .T. ) ;
#2456 = DIRECTION ( 'NONE',  ( 0.000000000000000000, 0.000000000000000000, -1.000000000000000000 ) ) ;
#2457 = ORIENTED_EDGE ( 'NONE', *, *, #2857, .F. ) ;
#2458 = CARTESIAN_POINT ( 'NONE',  ( 19.36072137766911894, 12.90176939225905173, -1.014576734587304019 ) ) ;
#2459 = APPLICATION_CONTEXT ( 'automotive_design' ) ;
#2460 = CARTESIAN_POINT ( 'NONE',  ( 0.000000000000000000, -11.36279348549003032, -3.302218181857414336 ) ) ;
#2461 = B_SPLINE_CURVE_WITH_KNOTS ( 'NONE', 3,
 ( #797, #4362, #438, #853, #1649, #4390, #822, #2452 ),
 .UNSPECIFIED., .F., .F.,
 ( 4, 2, 2, 4 ),
 ( 2.703802655147687342E-07, 0.001922922611577050373, 0.002884248727232820251, 0.003845574842888590562 ),
 .UNSPECIFIED. ) ;
#2462 = DIRECTION ( 'NONE',  ( -1.000000000000000000, 0.000000000000000000, -0.000000000000000000 ) ) ;
#2463 = DIRECTION ( 'NONE',  ( -1.000000000000000000, 0.000000000000000000, -0.000000000000000000 ) ) ;
#2464 = CARTESIAN_POINT ( 'NONE',  ( 0.000000000000000000, -2.821591908417675487, -11.49157690731962589 ) ) ;
#2465 = VERTEX_POINT ( 'NONE', #2438 ) ;
#2466 = EDGE_LOOP ( 'NONE', ( #1087, #441, #2436, #4963 ) ) ;
#2467 = CARTESIAN_POINT ( 'NONE',  ( 18.45421247312306434, -5.598164398463164382, 13.38757520736405304 ) ) ;
#2468 = DIRECTION ( 'NONE',  ( 1.000000000000000000, -0.000000000000000000, -0.000000000000000000 ) ) ;
#2469 = CARTESIAN_POINT ( 'NONE',  ( 0.6392785552951162353, -11.77669171670270920, -5.366055217017741796 ) ) ;
#2470 = CARTESIAN_POINT ( 'NONE',  ( 18.75075732009507945, -11.63509128462680486, -7.781337862733342270 ) ) ;
#2471 = AXIS2_PLACEMENT_3D ( 'NONE', #1042, #2306, #4578 ) ;
#2472 = ORIENTED_EDGE ( 'NONE', *, *, #4096, .T. ) ;
#2473 = VERTEX_POINT ( 'NONE', #4831 ) ;
#2474 = EDGE_CURVE ( 'NONE', #2465, #320, #1332, .T. ) ;
#2475 = EDGE_CURVE ( 'NONE', #4498, #129, #2784, .T. ) ;
#2476 = CARTESIAN_POINT ( 'NONE',  ( 1.828521199716542922, -12.79780162109357278, 7.824082928171820051 ) ) ;
#2477 = DIRECTION ( 'NONE',  ( 0.000000000000000000, 0.000000000000000000, -1.000000000000000000 ) ) ;
#2478 = CARTESIAN_POINT ( 'NONE',  ( 18.74015427478405726, 13.60966190244517549, -3.352010822923004785 ) ) ;
#2479 = CIRCLE ( 'NONE', #415, 11.62399999999418654 ) ;
#2480 = CONICAL_SURFACE ( 'NONE', #4349, 11.83290837936660012, 1.047197551196604515 ) ;
#2481 = ORIENTED_EDGE ( 'NONE', *, *, #4950, .F. ) ;
#2482 = ADVANCED_FACE ( 'NONE', ( #2792 ), #3588, .T. ) ;
#2483 = DIRECTION ( 'NONE',  ( 0.000000000000000000, 0.000000000000000000, 1.000000000000000000 ) ) ;
#2484 = CARTESIAN_POINT ( 'NONE',  ( 18.17147880028345597, 0.000000000000000000, 0.000000000000000000 ) ) ;
#2485 = ORIENTED_EDGE ( 'NONE', *, *, #1024, .F. ) ;
#2486 = CARTESIAN_POINT ( 'NONE',  ( 0.000000000000000000, 11.15954349366136356, -3.252993238994707603 ) ) ;
#2487 = DIRECTION ( 'NONE',  ( 0.000000000000000000, 0.000000000000000000, 1.000000000000000000 ) ) ;
#2488 = AXIS2_PLACEMENT_3D ( 'NONE', #4906, #596, #4857 ) ;
#2489 = CARTESIAN_POINT ( 'NONE',  ( -10.00000000000000000, 0.000000000000000000, 0.000000000000000000 ) ) ;
#2490 = CARTESIAN_POINT ( 'NONE',  ( 9.999999999999998224, -14.83290837936663031, 2.232673063636990918 ) ) ;
#2491 = ORIENTED_EDGE ( 'NONE', *, *, #2354, .F. ) ;
#2492 = VERTEX_POINT ( 'NONE', #3609 ) ;
#2493 = CARTESIAN_POINT ( 'NONE',  ( 19.99999999999999645, -1.265738570989324518, 11.55488130054890661 ) ) ;
#2494 = CIRCLE ( 'NONE', #3635, 3.000000000000000000 ) ;
#2495 = DIRECTION ( 'NONE',  ( -1.000000000000000000, -0.000000000000000000, -0.000000000000000000 ) ) ;
#2496 = DIRECTION ( 'NONE',  ( -1.000000000000000000, -0.000000000000000000, 0.000000000000000000 ) ) ;
#2497 = DIRECTION ( 'NONE',  ( -1.000000000000000000, 0.000000000000000000, 0.000000000000000000 ) ) ;
#2498 = AXIS2_PLACEMENT_3D ( 'NONE', #1632, #466, #4394 ) ;
#2499 = VERTEX_POINT ( 'NONE', #1666 ) ;
#2500 = ORIENTED_EDGE ( 'NONE', *, *, #145, .F. ) ;
#2501 = LINE ( 'NONE', #3274, #440 ) ;
#2502 = AXIS2_PLACEMENT_3D ( 'NONE', #1030, #4510, #589 ) ;
#2503 = DIRECTION ( 'NONE',  ( 1.000000000000000000, 0.000000000000000000, 0.000000000000000000 ) ) ;
#2504 = CARTESIAN_POINT ( 'NONE',  ( 19.99999999999999645, 10.86616072683650458, 6.546552603037588014 ) ) ;
#2505 = VERTEX_POINT ( 'NONE', #4787 ) ;
#2506 = AXIS2_PLACEMENT_3D ( 'NONE', #2791, #3665, #3993 ) ;
#2507 = DIRECTION ( 'NONE',  ( 0.000000000000000000, 0.000000000000000000, 1.000000000000000000 ) ) ;
#2508 = ADVANCED_FACE ( 'NONE', ( #1279 ), #885, .F. ) ;
#2509 = EDGE_CURVE ( 'NONE', #3720, #4724, #3142, .T. ) ;
#2510 = FACE_OUTER_BOUND ( 'NONE', #2771, .T. ) ;
#2511 = ORIENTED_EDGE ( 'NONE', *, *, #1470, .T. ) ;
#2512 = LINE ( 'NONE', #139, #1910 ) ;
#2513 = ADVANCED_FACE ( 'NONE', ( #220 ), #1061, .T. ) ;
#2514 = CARTESIAN_POINT ( 'NONE',  ( 19.99999999999999645, -11.15954349366129428, -3.252993238994928760 ) ) ;
#2515 = FACE_OUTER_BOUND ( 'NONE', #4661, .T. ) ;
#2516 = ORIENTED_EDGE ( 'NONE', *, *, #3228, .T. ) ;
#2517 = ORIENTED_EDGE ( 'NONE', *, *, #4882, .F. ) ;
#2518 = CARTESIAN_POINT ( 'NONE',  ( 9.999999999999998224, 13.17475538765984844, -7.171179852374561570 ) ) ;
#2519 = CARTESIAN_POINT ( 'NONE',  ( 19.99999999999999645, 0.000000000000000000, 0.000000000000000000 ) ) ;
#2520 = LINE ( 'NONE', #1261, #3302 ) ;
#2521 = CARTESIAN_POINT ( 'NONE',  ( 18.31070246131996271, -12.50355038412168440, -7.843079677174767284 ) ) ;
#2522 = ORIENTED_EDGE ( 'NONE', *, *, #2224, .T. ) ;
#2523 = ORIENTED_EDGE ( 'NONE', *, *, #4001, .F. ) ;
#2524 = CARTESIAN_POINT ( 'NONE',  ( 0.6402334541575471771, 7.348545860038680821, 10.65331835257214088 ) ) ;
#2525 = DIRECTION ( 'NONE',  ( -1.000000000000000000, -0.000000000000000000, 0.000000000000000000 ) ) ;
#2526 = DIRECTION ( 'NONE',  ( 0.000000000000000000, 0.000000000000000000, 1.000000000000000000 ) ) ;
#2527 = ORIENTED_EDGE ( 'NONE', *, *, #2039, .F. ) ;
#2528 = CARTESIAN_POINT ( 'NONE',  ( 19.67476631159507505, -12.36663297945779938, 0.8568695104364157933 ) ) ;
#2529 = DIRECTION ( 'NONE',  ( 1.000000000000000000, 0.000000000000000000, 0.000000000000000000 ) ) ;
#2530 = ORIENTED_EDGE ( 'NONE', *, *, #4663, .T. ) ;
#2531 = CARTESIAN_POINT ( 'NONE',  ( 0.000000000000000000, 4.115919143437202443, -11.99958372321596300 ) ) ;
#2532 = EDGE_CURVE ( 'NONE', #4351, #4302, #2610, .T. ) ;
#2533 = EDGE_CURVE ( 'NONE', #4854, #3720, #4606, .T. ) ;
#2534 = DIRECTION ( 'NONE',  ( -1.000000000000000000, 0.000000000000000000, 0.000000000000000000 ) ) ;
#2535 = DIRECTION ( 'NONE',  ( -1.000000000000000000, -0.000000000000000000, 0.000000000000000000 ) ) ;
#2536 = DIRECTION ( 'NONE',  ( -1.000000000000000000, -0.000000000000000000, -0.000000000000000000 ) ) ;
#2537 = ORIENTED_EDGE ( 'NONE', *, *, #1942, .F. ) ;
#2538 = ORIENTED_EDGE ( 'NONE', *, *, #1108, .T. ) ;
#2539 = CARTESIAN_POINT ( 'NONE',  ( 0.000000000000000000, -0.2738250307121672944, -8.744644099306174923 ) ) ;
#2540 = EDGE_CURVE ( 'NONE', #3661, #2766, #4524, .T. ) ;
#2541 = DIRECTION ( 'NONE',  ( -1.000000000000000000, 0.000000000000000000, 0.000000000000000000 ) ) ;
#2542 = DIRECTION ( 'NONE',  ( 1.000000000000000000, 0.000000000000000000, 0.000000000000000000 ) ) ;
#2543 = CARTESIAN_POINT ( 'NONE',  ( 19.99999999999999645, -5.141407353527605473, 10.42512860472028713 ) ) ;
#2544 = ORIENTED_EDGE ( 'NONE', *, *, #615, .T. ) ;
#2545 = ORIENTED_EDGE ( 'NONE', *, *, #2533, .T. ) ;
#2546 = FACE_OUTER_BOUND ( 'NONE', #1296, .T. ) ;
#2547 = CARTESIAN_POINT ( 'NONE',  ( 0.000000000000000000, 9.548108053977710341, 6.989374314203685934 ) ) ;
#2548 = B_SPLINE_CURVE_WITH_KNOTS ( 'NONE', 3,
 ( #1958, #355, #5024, #1210, #5073, #434, #2696, #714 ),
 .UNSPECIFIED., .F., .F.,
 ( 4, 2, 2, 4 ),
 ( 2.703802655168899164E-07, 0.001922922611577052758, 0.002884248727232820685, 0.003845574842888589261 ),
 .UNSPECIFIED. ) ;
#2549 = FACE_OUTER_BOUND ( 'NONE', #1433, .T. ) ;
#2550 = ORIENTED_EDGE ( 'NONE', *, *, #4245, .F. ) ;
#2551 = EDGE_CURVE ( 'NONE', #3335, #4190, #185, .T. ) ;
#2552 = DIRECTION ( 'NONE',  ( 0.000000000000000000, 0.000000000000000000, -1.000000000000000000 ) ) ;
#2553 = CIRCLE ( 'NONE', #3705, 5.399999999997300293 ) ;
#2554 = CARTESIAN_POINT ( 'NONE',  ( 19.99999999999999645, 11.59912988617138652, 0.7599749230011694223 ) ) ;
#2555 = AXIS2_PLACEMENT_3D ( 'NONE', #2898, #4450, #2126 ) ;
#2556 = VERTEX_POINT ( 'NONE', #2925 ) ;
#2557 = SURFACE_STYLE_FILL_AREA ( #3280 ) ;
#2558 = VECTOR ( 'NONE', #3144, 1000.000000000000000 ) ;
#2559 = CIRCLE ( 'NONE', #659, 5.399999999997300293 ) ;
#2560 = SHAPE_DEFINITION_REPRESENTATION ( #1809, #3848 ) ;
#2561 = FACE_BOUND ( 'NONE', #4708, .T. ) ;
#2562 = DIRECTION ( 'NONE',  ( -1.000000000000000000, 0.000000000000000000, -0.000000000000000000 ) ) ;
#2563 = EDGE_CURVE ( 'NONE', #2685, #277, #3227, .T. ) ;
#2564 = VECTOR ( 'NONE', #951, 1000.000000000000000 ) ;
#2565 = ORIENTED_EDGE ( 'NONE', *, *, #3823, .T. ) ;
#2566 = ORIENTED_EDGE ( 'NONE', *, *, #1316, .T. ) ;
#2567 = DIRECTION ( 'NONE',  ( 0.000000000000000000, -0.8660254037844329345, -0.5000000000000101030 ) ) ;
#2568 = FACE_OUTER_BOUND ( 'NONE', #3021, .T. ) ;
#2569 = FACE_OUTER_BOUND ( 'NONE', #4899, .T. ) ;
#2570 = EDGE_CURVE ( 'NONE', #634, #2171, #2298, .T. ) ;
#2571 = CARTESIAN_POINT ( 'NONE',  ( 0.3252336394933620367, -8.922605312219779705, -8.605518517098580844 ) ) ;
#2572 = EDGE_CURVE ( 'NONE', #2905, #648, #343, .T. ) ;
#2573 = ORIENTED_EDGE ( 'NONE', *, *, #4919, .F. ) ;
#2574 = AXIS2_PLACEMENT_3D ( 'NONE', #3600, #1605, #2477 ) ;
#2575 = ORIENTED_EDGE ( 'NONE', *, *, #3546, .F. ) ;
#2576 = DIRECTION ( 'NONE',  ( 0.000000000000000000, -0.3420201433256757628, 0.9396926207859058744 ) ) ;
#2577 = DIRECTION ( 'NONE',  ( 1.000000000000000000, 0.000000000000000000, 0.000000000000000000 ) ) ;
#2578 = B_SPLINE_CURVE_WITH_KNOTS ( 'NONE', 3,
 ( #3400, #3804, #637, #1524, #328, #2295, #1448, #302 ),
 .UNSPECIFIED., .F., .F.,
 ( 4, 2, 2, 4 ),
 ( 3.929789716561923366E-07, 0.001917556187709842843, 0.002876137792078935825, 0.003834719396448029241 ),
 .UNSPECIFIED. ) ;
#2579 = ADVANCED_FACE ( 'NONE', ( #195, #3384, #238, #3001, #2561, #2186 ), #3688, .F. ) ;
#2580 = CARTESIAN_POINT ( 'NONE',  ( 18.75075731800269807, -9.683534255876780961, 10.10711296822056937 ) ) ;
#2581 = ORIENTED_EDGE ( 'NONE', *, *, #2139, .T. ) ;
#2582 = CARTESIAN_POINT ( 'NONE',  ( 0.000000000000000000, 7.971798191702085035, -9.868193021853475244 ) ) ;
#2583 = AXIS2_PLACEMENT_3D ( 'NONE', #2990, #2245, #250 ) ;
#2584 = EDGE_LOOP ( 'NONE', ( #1341, #1469, #4554, #4940 ) ) ;
#2585 = CARTESIAN_POINT ( 'NONE',  ( 0.000000000000000000, 8.541201577072589757, -8.189358725462115629 ) ) ;
#2586 = B_SPLINE_CURVE_WITH_KNOTS ( 'NONE', 3,
 ( #2614, #1480, #3838, #243, #2709, #756, #1822, #1539 ),
 .UNSPECIFIED., .F., .F.,
 ( 4, 2, 2, 4 ),
 ( 3.929789716561519967E-07, 0.001917556205434775693, 0.002876137818666337810, 0.003834719431897900144 ),
 .UNSPECIFIED. ) ;
#2587 = AXIS2_PLACEMENT_3D ( 'NONE', #2055, #3616, #4382 ) ;
#2588 = DIRECTION ( 'NONE',  ( 0.000000000000000000, -0.9848077530122097967, 0.1736481776669208110 ) ) ;
#2589 = B_SPLINE_CURVE_WITH_KNOTS ( 'NONE', 3,
 ( #4232, #4995, #4177, #5052 ),
 .UNSPECIFIED., .F., .F.,
 ( 4, 4 ),
 ( 0.002502692772215602164, 0.003845541961547511382 ),
 .UNSPECIFIED. ) ;
#2590 = DIRECTION ( 'NONE',  ( 0.000000000000000000, 0.000000000000000000, 1.000000000000000000 ) ) ;
#2591 = CIRCLE ( 'NONE', #4546, 11.62399999999419009 ) ;
#2592 = ORIENTED_EDGE ( 'NONE', *, *, #2978, .T. ) ;
#2593 = ORIENTED_EDGE ( 'NONE', *, *, #2980, .T. ) ;
#2594 = DIRECTION ( 'NONE',  ( -1.000000000000000000, 0.000000000000000000, -0.000000000000000000 ) ) ;
#2595 = CARTESIAN_POINT ( 'NONE',  ( 0.000000000000000000, 0.000000000000000000, 0.000000000000000000 ) ) ;
#2596 = CYLINDRICAL_SURFACE ( 'NONE', #1652, 11.62399999999418831 ) ;
#2597 = CARTESIAN_POINT ( 'NONE',  ( 0.6392786223308699611, 12.90176939225904107, 1.014576734587301576 ) ) ;
#2598 = ORIENTED_EDGE ( 'NONE', *, *, #2687, .F. ) ;
#2599 = ORIENTED_EDGE ( 'NONE', *, *, #4001, .T. ) ;
#2600 = EDGE_CURVE ( 'NONE', #3322, #2556, #3956, .T. ) ;
#2601 = DIRECTION ( 'NONE',  ( -1.000000000000000000, 0.000000000000000000, 0.000000000000000000 ) ) ;
#2602 = EDGE_CURVE ( 'NONE', #1617, #2781, #1750, .T. ) ;
#2603 = CARTESIAN_POINT ( 'NONE',  ( 0.000000000000000000, -5.141407353527460700, -10.42512860472035818 ) ) ;
#2604 = DIRECTION ( 'NONE',  ( 1.000000000000000000, 0.000000000000000000, 0.000000000000000000 ) ) ;
#2605 = CARTESIAN_POINT ( 'NONE',  ( 19.99999999999999645, 11.36279348549009782, -3.302218181857185630 ) ) ;
#2606 = ADVANCED_FACE ( 'NONE', ( #163, #3359 ), #4863, .T. ) ;
#2607 = CARTESIAN_POINT ( 'NONE',  ( 20.00000000000000000, 7.000001873099979122, -1.843143693225357538E-15 ) ) ;
#2608 = ORIENTED_EDGE ( 'NONE', *, *, #193, .T. ) ;
#2609 = CARTESIAN_POINT ( 'NONE',  ( 1.828521199716544032, 9.927532457520049647, -11.24473651557300791 ) ) ;
#2610 = LINE ( 'NONE', #4574, #664 ) ;
#2611 = CARTESIAN_POINT ( 'NONE',  ( 0.000000000000000000, -9.373951458494524047, 6.873602407300938744 ) ) ;
#2612 = VERTEX_POINT ( 'NONE', #1769 ) ;
#2613 = VERTEX_POINT ( 'NONE', #3337 ) ;
#2614 = CARTESIAN_POINT ( 'NONE',  ( 0.000000000000000000, -5.225178449591891372, -10.61674295084913311 ) ) ;
#2615 = EDGE_CURVE ( 'NONE', #4634, #1498, #922, .T. ) ;
#2616 = DIRECTION ( 'NONE',  ( 0.000000000000000000, 0.000000000000000000, -1.000000000000000000 ) ) ;
#2617 = CARTESIAN_POINT ( 'NONE',  ( 0.000000000000000000, 0.000000000000000000, 0.000000000000000000 ) ) ;
#2618 = CARTESIAN_POINT ( 'NONE',  ( 19.99999999999999645, 8.396946530139210552, 8.037951540650638549 ) ) ;
#2619 = VERTEX_POINT ( 'NONE', #2207 ) ;
#2620 = VERTEX_POINT ( 'NONE', #4146 ) ;
#2621 = DIRECTION ( 'NONE',  ( -1.000000000000000000, -0.000000000000000000, 0.000000000000000000 ) ) ;
#2622 = DIRECTION ( 'NONE',  ( 1.000000000000000000, 0.000000000000000000, 0.000000000000000000 ) ) ;
#2623 = CARTESIAN_POINT ( 'NONE',  ( 1.828521199716542922, 0.000000000000000000, 0.000000000000000000 ) ) ;
#2624 = ORIENTED_EDGE ( 'NONE', *, *, #2725, .T. ) ;
#2625 = ADVANCED_FACE ( 'NONE', ( #2303 ), #2164, .T. ) ;
#2626 = VERTEX_POINT ( 'NONE', #752 ) ;
#2627 = CARTESIAN_POINT ( 'NONE',  ( 0.000000000000000000, -6.457722532643874302, 9.665153681719111489 ) ) ;
#2628 = CARTESIAN_POINT ( 'NONE',  ( 19.99999999999999645, 8.333984767424764684, 9.564282399747208174 ) ) ;
#2629 = EDGE_CURVE ( 'NONE', #4673, #2151, #10, .T. ) ;
#2630 = EDGE_LOOP ( 'NONE', ( #4187, #2457, #4368, #229 ) ) ;
#2631 = CIRCLE ( 'NONE', #3293, 1.750000000000000666 ) ;
#2632 = CARTESIAN_POINT ( 'NONE',  ( 18.17147880028345597, -12.79780162109357278, 7.824082928171820051 ) ) ;
#2633 = ORIENTED_EDGE ( 'NONE', *, *, #2980, .F. ) ;
#2634 = DIRECTION ( 'NONE',  ( 0.000000000000000000, 0.6427876096865404731, -0.7660444431189770143 ) ) ;
#2635 = B_SPLINE_CURVE_WITH_KNOTS ( 'NONE', 3,
 ( #3978, #1620, #71, #4000, #2799, #4839 ),
 .UNSPECIFIED., .F., .F.,
 ( 4, 2, 4 ),
 ( 0.001347054672790147034, 0.002590887100373571485, 0.003834719527956996152 ),
 .UNSPECIFIED. ) ;
#2636 = CARTESIAN_POINT ( 'NONE',  ( 19.99999999999999645, 0.000000000000000000, 0.000000000000000000 ) ) ;
#2637 = ORIENTED_EDGE ( 'NONE', *, *, #3480, .F. ) ;
#2638 = ORIENTED_EDGE ( 'NONE', *, *, #1377, .F. ) ;
#2639 = FACE_OUTER_BOUND ( 'NONE', #4776, .T. ) ;
#2640 = AXIS2_PLACEMENT_3D ( 'NONE', #4666, #3094, #4644 ) ;
#2641 = AXIS2_PLACEMENT_3D ( 'NONE', #750, #3154, #3530 ) ;
#2642 = DIRECTION ( 'NONE',  ( 0.000000000000000000, 0.000000000000000000, 1.000000000000000000 ) ) ;
#2643 = CARTESIAN_POINT ( 'NONE',  ( 19.99999999999999645, -11.10256122485989039, -6.137094929526502263 ) ) ;
#2644 = AXIS2_PLACEMENT_3D ( 'NONE', #3540, #4321, #2385 ) ;
#2645 = AXIS2_PLACEMENT_3D ( 'NONE', #2671, #3842, #1897 ) ;
#2646 = DIRECTION ( 'NONE',  ( 1.000000000000000000, -0.000000000000000000, -0.000000000000000000 ) ) ;
#2647 = ORIENTED_EDGE ( 'NONE', *, *, #1053, .T. ) ;
#2648 = ORIENTED_EDGE ( 'NONE', *, *, #2073, .F. ) ;
#2649 = AXIS2_PLACEMENT_3D ( 'NONE', #1321, #903, #2863 ) ;
#2650 = DIRECTION ( 'NONE',  ( 1.000000000000000000, 0.000000000000000000, 0.000000000000000000 ) ) ;
#2651 = CARTESIAN_POINT ( 'NONE',  ( 0.000000000000000000, -7.971798191702021086, 9.868193021853528535 ) ) ;
#2652 = CARTESIAN_POINT ( 'NONE',  ( 20.00000000000000000, -7.000001873099979122, -1.844327237370755631E-15 ) ) ;
#2653 = ORIENTED_EDGE ( 'NONE', *, *, #4783, .T. ) ;
#2654 = DIRECTION ( 'NONE',  ( -1.000000000000000000, -0.000000000000000000, -0.000000000000000000 ) ) ;
#2655 = DIRECTION ( 'NONE',  ( -1.000000000000000000, 0.000000000000000000, -0.000000000000000000 ) ) ;
#2656 = AXIS2_PLACEMENT_3D ( 'NONE', #881, #4338, #4806 ) ;
#2657 = EDGE_LOOP ( 'NONE', ( #2250, #2708, #2678, #2852 ) ) ;
#2658 = CARTESIAN_POINT ( 'NONE',  ( 0.3226133159467486911, 8.904349811129737446, -8.618006641774064391 ) ) ;
#2659 = ADVANCED_FACE ( 'NONE', ( #1143 ), #4982, .F. ) ;
#2660 = EDGE_CURVE ( 'NONE', #3863, #970, #3715, .T. ) ;
#2661 = VECTOR ( 'NONE', #2141, 999.9999999999998863 ) ;
#2662 = CARTESIAN_POINT ( 'NONE',  ( 19.99999999999999645, -9.373951458494524047, 6.873602407300938744 ) ) ;
#2663 = DIRECTION ( 'NONE',  ( 0.000000000000000000, 0.000000000000000000, 1.000000000000000000 ) ) ;
#2664 = ORIENTED_EDGE ( 'NONE', *, *, #183, .T. ) ;
#2665 = ORIENTED_EDGE ( 'NONE', *, *, #4855, .F. ) ;
#2666 = CIRCLE ( 'NONE', #5034, 11.62399999999419009 ) ;
#2667 = DIRECTION ( 'NONE',  ( -1.000000000000000000, -0.000000000000000000, -0.000000000000000000 ) ) ;
#2668 = DIRECTION ( 'NONE',  ( 0.000000000000000000, 0.000000000000000000, -1.000000000000000000 ) ) ;
#2669 = DIRECTION ( 'NONE',  ( -1.000000000000000000, 0.000000000000000000, 0.000000000000000000 ) ) ;
#2670 = CIRCLE ( 'NONE', #283, 14.99999999999250022 ) ;
#2671 = CARTESIAN_POINT ( 'NONE',  ( 5.000000000000000888, -0.2738250307121672944, -6.994644099306175811 ) ) ;
#2672 = ORIENTED_EDGE ( 'NONE', *, *, #4726, .T. ) ;
#2673 = ORIENTED_EDGE ( 'NONE', *, *, #2703, .T. ) ;
#2674 = VERTEX_POINT ( 'NONE', #3485 ) ;
#2675 = CARTESIAN_POINT ( 'NONE',  ( 9.999999999999998224, 9.350005781138234440, 11.72933893672003158 ) ) ;
#2676 = DIRECTION ( 'NONE',  ( -1.000000000000000000, -0.000000000000000000, -0.000000000000000000 ) ) ;
#2677 = DIRECTION ( 'NONE',  ( 1.000000000000000000, -0.000000000000000000, 0.000000000000000000 ) ) ;
#2678 = ORIENTED_EDGE ( 'NONE', *, *, #3095, .T. ) ;
#2679 = CARTESIAN_POINT ( 'NONE',  ( 0.000000000000000000, -11.59912988617139185, 0.7599749230010899304 ) ) ;
#2680 = DIRECTION ( 'NONE',  ( -1.000000000000000000, 0.000000000000000000, 0.000000000000000000 ) ) ;
#2681 = EDGE_LOOP ( 'NONE', ( #2081, #1779 ) ) ;
#2682 = DIRECTION ( 'NONE',  ( 0.000000000000000000, 0.8660254037844399289, -0.4999999999999979461 ) ) ;
#2683 = FACE_OUTER_BOUND ( 'NONE', #4050, .T. ) ;
#2684 = LINE ( 'NONE', #3511, #3802 ) ;
#2685 = VERTEX_POINT ( 'NONE', #4604 ) ;
#2686 = EDGE_CURVE ( 'NONE', #3036, #1753, #4441, .T. ) ;
#2687 = EDGE_CURVE ( 'NONE', #1977, #4549, #3468, .T. ) ;
#2688 = DIRECTION ( 'NONE',  ( 1.000000000000000000, -0.000000000000000000, -0.000000000000000000 ) ) ;
#2689 = CARTESIAN_POINT ( 'NONE',  ( 1.828521199716542922, 0.000000000000000000, 0.000000000000000000 ) ) ;
#2690 = CARTESIAN_POINT ( 'NONE',  ( 19.99999999999999645, 7.971798191702085035, -9.868193021853475244 ) ) ;
#2691 = CARTESIAN_POINT ( 'NONE',  ( 1.249242879075009860, 13.91474491434849448, 1.518042083217319371 ) ) ;
#2692 = EDGE_LOOP ( 'NONE', ( #3800, #3591, #2522, #2851 ) ) ;
#2693 = EDGE_CURVE ( 'NONE', #3692, #3160, #2407, .T. ) ;
#2694 = VERTEX_POINT ( 'NONE', #1889 ) ;
#2695 = DIRECTION ( 'NONE',  ( 0.000000000000000000, 0.000000000000000000, 1.000000000000000000 ) ) ;
#2696 = CARTESIAN_POINT ( 'NONE',  ( 19.83777557663599111, -2.906238702613608726, 11.76011995202393123 ) ) ;
#2697 = CARTESIAN_POINT ( 'NONE',  ( 19.99999999999999645, 6.581779876088651449, 9.833508752078213178 ) ) ;
#2698 = CARTESIAN_POINT ( 'NONE',  ( 19.99999999999999645, 8.541201577072435214, -8.189358725461945099 ) ) ;
#2699 = ORIENTED_EDGE ( 'NONE', *, *, #1816, .T. ) ;
#2700 = B_SPLINE_CURVE_WITH_KNOTS ( 'NONE', 3,
 ( #1551, #3855, #3477, #5031, #1528, #4570, #4648, #3100 ),
 .UNSPECIFIED., .F., .F.,
 ( 4, 2, 2, 4 ),
 ( 3.154111140035165179E-07, 0.001922967958200571875, 0.002884294231743850592, 0.003845620505287130394 ),
 .UNSPECIFIED. ) ;
#2701 = FACE_OUTER_BOUND ( 'NONE', #567, .T. ) ;
#2702 = CARTESIAN_POINT ( 'NONE',  ( 1.828521199716543144, -9.350005781138154504, -11.72933893672009731 ) ) ;
#2703 = EDGE_CURVE ( 'NONE', #3702, #3670, #3432, .T. ) ;
#2704 = ORIENTED_EDGE ( 'NONE', *, *, #5006, .T. ) ;
#2705 = DIRECTION ( 'NONE',  ( 0.000000000000000000, 0.000000000000000000, -1.000000000000000000 ) ) ;
#2706 = CARTESIAN_POINT ( 'NONE',  ( 5.000000000000000888, 7.000001873099979122, -1.843143693225357538E-15 ) ) ;
#2707 = DIRECTION ( 'NONE',  ( 0.000000000000000000, 0.000000000000000000, -1.000000000000000000 ) ) ;
#2708 = ORIENTED_EDGE ( 'NONE', *, *, #772, .F. ) ;
#2709 = CARTESIAN_POINT ( 'NONE',  ( 1.249242694112947305, -5.642709456866167095, -12.80954327094698364 ) ) ;
#2710 = VECTOR ( 'NONE', #4833, 1000.000000000000000 ) ;
#2711 = FACE_OUTER_BOUND ( 'NONE', #3304, .T. ) ;
#2712 = CARTESIAN_POINT ( 'NONE',  ( 5.000000000000000888, 7.000001873099979122, -3.000000000000001776 ) ) ;
#2713 = CARTESIAN_POINT ( 'NONE',  ( 0.000000000000000000, -1.278921685670002306, 11.76359128992533876 ) ) ;
#2714 = AXIS2_PLACEMENT_3D ( 'NONE', #2115, #1339, #172 ) ;
#2715 = AXIS2_PLACEMENT_3D ( 'NONE', #4782, #2844, #3607 ) ;
#2716 = ORIENTED_EDGE ( 'NONE', *, *, #2724, .T. ) ;
#2717 = ORIENTED_EDGE ( 'NONE', *, *, #143, .T. ) ;
#2718 = VERTEX_POINT ( 'NONE', #3105 ) ;
#2719 = B_SPLINE_CURVE_WITH_KNOTS ( 'NONE', 3,
 ( #496, #2077, #4071, #2822, #862, #3282, #116, #2027 ),
 .UNSPECIFIED., .F., .F.,
 ( 4, 2, 2, 4 ),
 ( 3.929789716561807958E-07, 0.001917556205434777210, 0.002876137818666339545, 0.003834719431897902313 ),
 .UNSPECIFIED. ) ;
#2720 = DIRECTION ( 'NONE',  ( -1.000000000000000000, 0.000000000000000000, -0.000000000000000000 ) ) ;
#2721 = AXIS2_PLACEMENT_3D ( 'NONE', #1252, #2869, #2487 ) ;
#2722 = CIRCLE ( 'NONE', #3303, 5.399999999997299405 ) ;
#2723 = DIRECTION ( 'NONE',  ( 0.000000000000000000, 0.000000000000000000, -1.000000000000000000 ) ) ;
#2724 = EDGE_CURVE ( 'NONE', #30, #3335, #1584, .T. ) ;
#2725 = EDGE_CURVE ( 'NONE', #3686, #4044, #3861, .T. ) ;
#2726 = CYLINDRICAL_SURFACE ( 'NONE', #1921, 5.399999999997299405 ) ;
#2727 = CARTESIAN_POINT ( 'NONE',  ( 18.17147880028345597, 9.927532457519896880, 11.24473651557314113 ) ) ;
#2728 = ORIENTED_EDGE ( 'NONE', *, *, #4813, .F. ) ;
#2729 = CONICAL_SURFACE ( 'NONE', #2649, 15.03290837936660296, 1.047197551196604515 ) ;
#2730 = ADVANCED_FACE ( 'NONE', ( #391 ), #4771, .T. ) ;
#2731 = VECTOR ( 'NONE', #1236, 1000.000000000000000 ) ;
#2732 = CYLINDRICAL_SURFACE ( 'NONE', #1342, 11.62399999999418831 ) ;
#2733 = DIRECTION ( 'NONE',  ( 0.000000000000000000, 0.000000000000000000, -1.000000000000000000 ) ) ;
#2734 = ORIENTED_EDGE ( 'NONE', *, *, #83, .F. ) ;
#2735 = CARTESIAN_POINT ( 'NONE',  ( 19.99999999999999645, 0.000000000000000000, 0.000000000000000000 ) ) ;
#2736 = CIRCLE ( 'NONE', #1507, 5.399999999997299405 ) ;
#2737 = CARTESIAN_POINT ( 'NONE',  ( 0.000000000000000000, 7.000001873099979122, -1.843143693225357538E-15 ) ) ;
#2738 = CONICAL_SURFACE ( 'NONE', #1351, 15.03290837936660296, 1.047197551196604515 ) ;
#2739 = CARTESIAN_POINT ( 'NONE',  ( 0.000000000000000000, -11.15954349366129428, -3.252993238994929204 ) ) ;
#2740 = VERTEX_POINT ( 'NONE', #2764 ) ;
#2741 = CARTESIAN_POINT ( 'NONE',  ( 18.59376778307518663, -11.92801453631375885, 7.835301323466038248 ) ) ;
#2742 = VECTOR ( 'NONE', #4082, 1000.000000000000000 ) ;
#2743 = DIRECTION ( 'NONE',  ( -1.000000000000000000, -0.000000000000000000, 0.000000000000000000 ) ) ;
#2744 = CARTESIAN_POINT ( 'NONE',  ( 1.689297606826194231, 0.5405309722112060511, 14.74993222881807142 ) ) ;
#2745 = CARTESIAN_POINT ( 'NONE',  ( 1.717694343885042496, -12.56542696551354332, 7.835301323466031143 ) ) ;
#2746 = CIRCLE ( 'NONE', #4625, 14.99999999999250022 ) ;
#2747 = EDGE_LOOP ( 'NONE', ( #1391, #4949, #2977, #187 ) ) ;
#2748 = ORIENTED_EDGE ( 'NONE', *, *, #2615, .F. ) ;
#2749 = VERTEX_POINT ( 'NONE', #369 ) ;
#2750 = DIRECTION ( 'NONE',  ( -1.000000000000000000, 0.000000000000000000, 0.000000000000000000 ) ) ;
#2751 = CIRCLE ( 'NONE', #610, 5.399999999997298517 ) ;
#2752 = DIRECTION ( 'NONE',  ( 0.000000000000000000, 0.000000000000000000, 1.000000000000000000 ) ) ;
#2753 = DIRECTION ( 'NONE',  ( 0.000000000000000000, 0.000000000000000000, 1.000000000000000000 ) ) ;
#2754 = ORIENTED_EDGE ( 'NONE', *, *, #2378, .T. ) ;
#2755 = AXIS2_PLACEMENT_3D ( 'NONE', #1513, #3866, #1926 ) ;
#2756 = EDGE_CURVE ( 'NONE', #3322, #1013, #4523, .T. ) ;
#2757 = ADVANCED_FACE ( 'NONE', ( #2683 ), #1663, .T. ) ;
#2758 = CARTESIAN_POINT ( 'NONE',  ( 18.17147880028345597, 13.17475538765975074, 7.171179852374736541 ) ) ;
#2759 = CARTESIAN_POINT ( 'NONE',  ( 19.99999999999999645, 0.2364004980235602238, -12.68364753256398458 ) ) ;
#2760 = ORIENTED_EDGE ( 'NONE', *, *, #959, .T. ) ;
#2761 = ORIENTED_EDGE ( 'NONE', *, *, #3672, .F. ) ;
#2762 = EDGE_CURVE ( 'NONE', #228, #2091, #17, .T. ) ;
#2763 = CARTESIAN_POINT ( 'NONE',  ( 19.99999999999999645, -8.541201577072266460, -8.189358725462119182 ) ) ;
#2764 = CARTESIAN_POINT ( 'NONE',  ( 19.99999999999999645, -10.63969002948373621, -4.681278893248002504 ) ) ;
#2765 = DIRECTION ( 'NONE',  ( -1.000000000000000000, -0.000000000000000000, -0.000000000000000000 ) ) ;
#2766 = VERTEX_POINT ( 'NONE', #5010 ) ;
#2767 = DIRECTION ( 'NONE',  ( -1.000000000000000000, 0.000000000000000000, 0.000000000000000000 ) ) ;
#2768 = DIRECTION ( 'NONE',  ( -1.000000000000000000, -0.000000000000000000, -0.000000000000000000 ) ) ;
#2769 = CARTESIAN_POINT ( 'NONE',  ( 0.000000000000000000, -11.59912988617138119, -0.7599749230012503576 ) ) ;
#2770 = CARTESIAN_POINT ( 'NONE',  ( 0.1622243981270888591, -5.332951368308053830, 10.87686872802478000 ) ) ;
#2771 = EDGE_LOOP ( 'NONE', ( #1504, #3037, #801, #378 ) ) ;
#2772 = EDGE_CURVE ( 'NONE', #1057, #3495, #1172, .T. ) ;
#2773 = ORIENTED_EDGE ( 'NONE', *, *, #3729, .F. ) ;
#2774 = DIRECTION ( 'NONE',  ( 0.000000000000000000, 0.000000000000000000, 1.000000000000000000 ) ) ;
#2775 = DIRECTION ( 'NONE',  ( 0.000000000000000000, 1.776356839400250465E-15, -1.000000000000000000 ) ) ;
#2776 = CARTESIAN_POINT ( 'NONE',  ( 5.000000000000000888, -0.2738250307121669058, -3.994644099306176255 ) ) ;
#2777 = ORIENTED_EDGE ( 'NONE', *, *, #4318, .T. ) ;
#2778 = CARTESIAN_POINT ( 'NONE',  ( 19.20153494208585343, 11.98333254004223214, 5.573956109799490299 ) ) ;
#2779 = ADVANCED_FACE ( 'NONE', ( #3455 ), #2323, .T. ) ;
#2780 = DIRECTION ( 'NONE',  ( -1.000000000000000000, 0.000000000000000000, -0.000000000000000000 ) ) ;
#2781 = VERTEX_POINT ( 'NONE', #3510 ) ;
#2782 = VERTEX_POINT ( 'NONE', #1555 ) ;
#2783 = DIRECTION ( 'NONE',  ( -1.000000000000000000, -0.000000000000000000, -0.000000000000000000 ) ) ;
#2784 = B_SPLINE_CURVE_WITH_KNOTS ( 'NONE', 3,
 ( #2108, #471, #1226, #942, #45, #1615, #1329, #3185 ),
 .UNSPECIFIED., .F., .F.,
 ( 4, 2, 2, 4 ),
 ( 3.154111140014961855E-07, 0.001922967958200567321, 0.002884294231743850592, 0.003845620505287132562 ),
 .UNSPECIFIED. ) ;
#2785 = CARTESIAN_POINT ( 'NONE',  ( 18.74015423809771619, -12.58023694486947974, -6.180332827330900614 ) ) ;
#2786 = EDGE_CURVE ( 'NONE', #3429, #4392, #96, .T. ) ;
#2787 = EDGE_CURVE ( 'NONE', #2171, #2473, #1685, .T. ) ;
#2788 = FACE_OUTER_BOUND ( 'NONE', #701, .T. ) ;
#2789 = ORIENTED_EDGE ( 'NONE', *, *, #78, .F. ) ;
#2790 = CYLINDRICAL_SURFACE ( 'NONE', #5001, 5.399999999997299405 ) ;
#2791 = CARTESIAN_POINT ( 'NONE',  ( 19.99999999999999645, 0.000000000000000000, 0.000000000000000000 ) ) ;
#2792 = FACE_OUTER_BOUND ( 'NONE', #3421, .T. ) ;
#2793 = B_SPLINE_CURVE_WITH_KNOTS ( 'NONE', 3,
 ( #3113, #2745, #4300, #3541 ),
 .UNSPECIFIED., .F., .F.,
 ( 4, 4 ),
 ( 0.003455505261502423656, 0.003834719390325857461 ),
 .UNSPECIFIED. ) ;
#2794 = CARTESIAN_POINT ( 'NONE',  ( 1.550771034033716189, -5.622161729619360671, 13.39048224986533242 ) ) ;
#2795 = VERTEX_POINT ( 'NONE', #3963 ) ;
#2796 = ORIENTED_EDGE ( 'NONE', *, *, #174, .T. ) ;
#2797 = CARTESIAN_POINT ( 'NONE',  ( 18.15247913859322182, 0.000000000000000000, 0.000000000000000000 ) ) ;
#2798 = AXIS2_PLACEMENT_3D ( 'NONE', #296, #1045, #5017 ) ;
#2799 = CARTESIAN_POINT ( 'NONE',  ( 1.647867972709414985, -14.35163733687785204, 3.128878020757778877 ) ) ;
#2800 = DIRECTION ( 'NONE',  ( 1.000000000000000000, 0.000000000000000000, 0.000000000000000000 ) ) ;
#2801 = CONICAL_SURFACE ( 'NONE', #4428, 15.03290837936660296, 1.047197551196604515 ) ;
#2802 = LINE ( 'NONE', #3247, #2973 ) ;
#2803 = ORIENTED_EDGE ( 'NONE', *, *, #40, .T. ) ;
#2804 = AXIS2_PLACEMENT_3D ( 'NONE', #1414, #3366, #609 ) ;
#2805 = AXIS2_PLACEMENT_3D ( 'NONE', #3380, #4935, #1430 ) ;
#2806 = DIRECTION ( 'NONE',  ( -1.000000000000000000, 0.000000000000000000, -0.000000000000000000 ) ) ;
#2807 = LINE ( 'NONE', #2837, #2731 ) ;
#2808 = VECTOR ( 'NONE', #1562, 1000.000000000000000 ) ;
#2809 = AXIS2_PLACEMENT_3D ( 'NONE', #1515, #3088, #4153 ) ;
#2810 = CARTESIAN_POINT ( 'NONE',  ( 19.99999999999999645, -0.2364004980232947972, -12.68364753256398991 ) ) ;
#2811 = EDGE_LOOP ( 'NONE', ( #4241, #1917, #93, #3935, #4792, #2314 ) ) ;
#2812 = AXIS2_PLACEMENT_3D ( 'NONE', #1967, #1091, #1199 ) ;
#2813 = CARTESIAN_POINT ( 'NONE',  ( 19.99999999999999645, -5.225178449592040586, 10.61674295084906383 ) ) ;
#2814 = CYLINDRICAL_SURFACE ( 'NONE', #601, 5.399999999997299405 ) ;
#2815 = VERTEX_POINT ( 'NONE', #857 ) ;
#2816 = DIRECTION ( 'NONE',  ( -1.000000000000000000, 0.000000000000000000, 0.000000000000000000 ) ) ;
#2817 = EDGE_CURVE ( 'NONE', #2388, #1944, #1220, .T. ) ;
#2818 = EDGE_CURVE ( 'NONE', #2620, #990, #3583, .T. ) ;
#2819 = B_SPLINE_CURVE_WITH_KNOTS ( 'NONE', 3,
 ( #4966, #4918, #4126, #996, #3343, #244, #2982, #2192 ),
 .UNSPECIFIED., .F., .F.,
 ( 4, 2, 2, 4 ),
 ( 3.929789716576050288E-07, 0.001917556215103745094, 0.002876137833169789201, 0.003834719451235832875 ),
 .UNSPECIFIED. ) ;
#2820 = CARTESIAN_POINT ( 'NONE',  ( 19.99999999999999645, -2.762596963522140125, 11.29094477964546250 ) ) ;
#2821 = AXIS2_PLACEMENT_3D ( 'NONE', #2219, #2961, #4157 ) ;
#2822 = CARTESIAN_POINT ( 'NONE',  ( 1.097830551703770086, 5.641346040721406219, 12.52271484833492465 ) ) ;
#2823 = CARTESIAN_POINT ( 'NONE',  ( 1.828521199716542922, 13.17475538765985021, -7.171179852374558905 ) ) ;
#2824 = CARTESIAN_POINT ( 'NONE',  ( 0.000000000000000000, -11.36279348549007295, 3.302218181857259349 ) ) ;
#2825 = ORIENTED_EDGE ( 'NONE', *, *, #3574, .T. ) ;
#2826 = ORIENTED_EDGE ( 'NONE', *, *, #4145, .T. ) ;
#2827 = CIRCLE ( 'NONE', #3726, 14.99999999999250022 ) ;
#2828 = ORIENTED_EDGE ( 'NONE', *, *, #1425, .F. ) ;
#2829 = ADVANCED_FACE ( 'NONE', ( #2455 ), #2729, .T. ) ;
#2830 = CARTESIAN_POINT ( 'NONE',  ( 19.33021696982683224, 12.53200494222449990, 3.430316763067319474 ) ) ;
#2831 = FACE_OUTER_BOUND ( 'NONE', #5029, .T. ) ;
#2832 = VECTOR ( 'NONE', #3753, 1000.000000000000000 ) ;
#2833 = DIRECTION ( 'NONE',  ( 0.000000000000000000, 0.000000000000000000, -1.000000000000000000 ) ) ;
#2834 = ORIENTED_EDGE ( 'NONE', *, *, #902, .F. ) ;
#2835 = AXIS2_PLACEMENT_3D ( 'NONE', #505, #4765, #3189 ) ;
#2836 = CARTESIAN_POINT ( 'NONE',  ( 0.000000000000000000, -11.15954349366134224, 3.252993238994779990 ) ) ;
#2837 = CARTESIAN_POINT ( 'NONE',  ( 5.000000000000000888, -7.000001873099979122, 2.999999999999998224 ) ) ;
#2838 = AXIS2_PLACEMENT_3D ( 'NONE', #3132, #3111, #374 ) ;
#2839 = CARTESIAN_POINT ( 'NONE',  ( 1.259845958031143631, 3.901904676404777117, 13.46231870482385240 ) ) ;
#2840 = ORIENTED_EDGE ( 'NONE', *, *, #4882, .T. ) ;
#2841 = DIRECTION ( 'NONE',  ( -1.000000000000000000, 0.000000000000000000, 0.000000000000000000 ) ) ;
#2842 = CARTESIAN_POINT ( 'NONE',  ( 19.99999999999999645, -0.2364004980234717390, 12.68364753256398814 ) ) ;
#2843 = ORIENTED_EDGE ( 'NONE', *, *, #547, .F. ) ;
#2844 = DIRECTION ( 'NONE',  ( -1.000000000000000000, -0.000000000000000000, -0.000000000000000000 ) ) ;
#2845 = CARTESIAN_POINT ( 'NONE',  ( 0.000000000000000000, 8.396946530139318909, -8.037951540650524862 ) ) ;
#2846 = DIRECTION ( 'NONE',  ( 0.000000000000000000, 0.000000000000000000, 1.000000000000000000 ) ) ;
#2847 = CARTESIAN_POINT ( 'NONE',  ( 0.7984648425653531056, 13.16705406967851921, -1.139264138455287068 ) ) ;
#2848 = EDGE_CURVE ( 'NONE', #4010, #3322, #1710, .T. ) ;
#2849 = CARTESIAN_POINT ( 'NONE',  ( 18.75075726079835903, 12.55638197784195853, -6.185615784928140570 ) ) ;
#2850 = EDGE_CURVE ( 'NONE', #4331, #831, #814, .T. ) ;
#2851 = ORIENTED_EDGE ( 'NONE', *, *, #4694, .T. ) ;
#2852 = ORIENTED_EDGE ( 'NONE', *, *, #1816, .F. ) ;
#2853 = VERTEX_POINT ( 'NONE', #1273 ) ;
#2854 = CARTESIAN_POINT ( 'NONE',  ( 0.000000000000000000, 7.000001873099979122, 1.749999999999998446 ) ) ;
#2855 = CARTESIAN_POINT ( 'NONE',  ( 19.99999999999999645, -10.86616072683645839, -6.546552603037663509 ) ) ;
#2856 = DIRECTION ( 'NONE',  ( 0.000000000000000000, 0.000000000000000000, -1.000000000000000000 ) ) ;
#2857 = EDGE_CURVE ( 'NONE', #2694, #1374, #1988, .T. ) ;
#2858 = ORIENTED_EDGE ( 'NONE', *, *, #54, .T. ) ;
#2859 = DIRECTION ( 'NONE',  ( 0.000000000000000000, 0.000000000000000000, -1.000000000000000000 ) ) ;
#2860 = DIRECTION ( 'NONE',  ( 0.000000000000000000, 0.000000000000000000, -1.000000000000000000 ) ) ;
#2861 = DIRECTION ( 'NONE',  ( -1.000000000000000000, 0.000000000000000000, 0.000000000000000000 ) ) ;
#2862 = ORIENTED_EDGE ( 'NONE', *, *, #3640, .T. ) ;
#2863 = DIRECTION ( 'NONE',  ( 0.000000000000000000, 0.000000000000000000, 1.000000000000000000 ) ) ;
#2864 = ADVANCED_FACE ( 'NONE', ( #3561 ), #2895, .T. ) ;
#2865 = CYLINDRICAL_SURFACE ( 'NONE', #4131, 5.399999999997299405 ) ;
#2866 = VERTEX_POINT ( 'NONE', #2813 ) ;
#2867 = SURFACE_SIDE_STYLE ('',( #2557 ) ) ;
#2868 = DIRECTION ( 'NONE',  ( -1.000000000000000000, 0.000000000000000000, -0.000000000000000000 ) ) ;
#2869 = DIRECTION ( 'NONE',  ( -1.000000000000000000, -0.000000000000000000, -0.000000000000000000 ) ) ;
#2870 = DIRECTION ( 'NONE',  ( 0.000000000000000000, 0.000000000000000000, -1.000000000000000000 ) ) ;
#2871 = CARTESIAN_POINT ( 'NONE',  ( 19.99999999999999645, 6.457722532643807689, 9.665153681719154122 ) ) ;
#2872 = VERTEX_POINT ( 'NONE', #109 ) ;
#2873 = VERTEX_POINT ( 'NONE', #4417 ) ;
#2874 = CARTESIAN_POINT ( 'NONE',  ( 1.828521199716543588, -4.774461252588936944, 14.21986356289334985 ) ) ;
#2875 = B_SPLINE_CURVE_WITH_KNOTS ( 'NONE', 3,
 ( #1638, #2794, #4347, #1205, #1953, #4759, #2770, #1563 ),
 .UNSPECIFIED., .F., .F.,
 ( 4, 2, 2, 4 ),
 ( 2.242695944636768389E-07, 0.001922876177551244986, 0.002884202131529635480, 0.003845528085508025974 ),
 .UNSPECIFIED. ) ;
#2876 = CARTESIAN_POINT ( 'NONE',  ( 0.000000000000000000, 2.762596963522065074, 11.29094477964548027 ) ) ;
#2877 = DIRECTION ( 'NONE',  ( 1.000000000000000000, 0.000000000000000000, 0.000000000000000000 ) ) ;
#2878 = CARTESIAN_POINT ( 'NONE',  ( 1.097830541888561440, -9.584151966097909536, -9.838048736783383319 ) ) ;
#2879 = CIRCLE ( 'NONE', #4339, 1.750000000000000666 ) ;
#2880 = ORIENTED_EDGE ( 'NONE', *, *, #4750, .T. ) ;
#2881 = VERTEX_POINT ( 'NONE', #3255 ) ;
#2882 = EDGE_CURVE ( 'NONE', #1463, #2125, #1056, .T. ) ;
#2883 = CARTESIAN_POINT ( 'NONE',  ( 0.000000000000000000, -10.82702973964764581, -4.774216975721751410 ) ) ;
#2884 = ADVANCED_FACE ( 'NONE', ( #3931 ), #39, .T. ) ;
#2885 = AXIS2_PLACEMENT_3D ( 'NONE', #4597, #3528, #1086 ) ;
#2886 = AXIS2_PLACEMENT_3D ( 'NONE', #2000, #3564, #1662 ) ;
#2887 = CARTESIAN_POINT ( 'NONE',  ( 5.000000000000000888, -0.2738250307121672944, -8.744644099306174923 ) ) ;
#2888 = CARTESIAN_POINT ( 'NONE',  ( 19.99999999999999645, 12.53200494222449990, -1.969683236929979930 ) ) ;
#2889 = AXIS2_PLACEMENT_3D ( 'NONE', #3118, #2800, #2369 ) ;
#2890 = AXIS2_PLACEMENT_3D ( 'NONE', #2735, #3179, #388 ) ;
#2891 = ORIENTED_EDGE ( 'NONE', *, *, #2033, .F. ) ;
#2892 = EDGE_CURVE ( 'NONE', #4132, #4314, #3309, .T. ) ;
#2893 = VECTOR ( 'NONE', #375, 1000.000000000000000 ) ;
#2894 = AXIS2_PLACEMENT_3D ( 'NONE', #840, #3136, #398 ) ;
#2895 = CYLINDRICAL_SURFACE ( 'NONE', #1171, 5.399999999997299405 ) ;
#2896 = DIRECTION ( 'NONE',  ( 1.000000000000000000, 0.000000000000000000, 0.000000000000000000 ) ) ;
#2897 = ORIENTED_EDGE ( 'NONE', *, *, #4562, .T. ) ;
#2898 = CARTESIAN_POINT ( 'NONE',  ( 0.000000000000000000, -12.53200494222448924, -1.969683236930066528 ) ) ;
#2899 = AXIS2_PLACEMENT_3D ( 'NONE', #341, #3812, #1120 ) ;
#2900 = DIRECTION ( 'NONE',  ( 0.000000000000000000, 8.881784197001252323E-16, 1.000000000000000000 ) ) ;
#2901 = AXIS2_PLACEMENT_3D ( 'NONE', #3122, #1989, #2860 ) ;
#2902 = LINE ( 'NONE', #1742, #4283 ) ;
#2903 = DIRECTION ( 'NONE',  ( 0.000000000000000000, 0.000000000000000000, 1.000000000000000000 ) ) ;
#2904 = ORIENTED_EDGE ( 'NONE', *, *, #1382, .F. ) ;
#2905 = VERTEX_POINT ( 'NONE', #1657 ) ;
#2906 = CYLINDRICAL_SURFACE ( 'NONE', #3934, 5.399999999997299405 ) ;
#2907 = VECTOR ( 'NONE', #4121, 1000.000000000000000 ) ;
#2908 = DIRECTION ( 'NONE',  ( 1.000000000000000000, 0.000000000000000000, 0.000000000000000000 ) ) ;
#2909 = DIRECTION ( 'NONE',  ( 1.000000000000000000, -0.000000000000000000, -0.000000000000000000 ) ) ;
#2910 = CARTESIAN_POINT ( 'NONE',  ( 19.99999999999999645, -9.548108053977665932, -6.989374314203755212 ) ) ;
#2911 = AXIS2_PLACEMENT_3D ( 'NONE', #240, #4983, #2590 ) ;
#2912 = ORIENTED_EDGE ( 'NONE', *, *, #1625, .F. ) ;
#2913 = ORIENTED_EDGE ( 'NONE', *, *, #547, .T. ) ;
#2914 = CARTESIAN_POINT ( 'NONE',  ( 20.00000000000000000, 0.000000000000000000, 0.000000000000000000 ) ) ;
#2915 = CARTESIAN_POINT ( 'NONE',  ( 18.28245422332617309, -12.56512292024189037, 7.835301323466031143 ) ) ;
#2916 = DIRECTION ( 'NONE',  ( -1.000000000000000000, 0.000000000000000000, 0.000000000000000000 ) ) ;
#2917 = EDGE_CURVE ( 'NONE', #4116, #1217, #3473, .T. ) ;
#2918 = EDGE_CURVE ( 'NONE', #3590, #1490, #3159, .T. ) ;
#2919 = AXIS2_PLACEMENT_3D ( 'NONE', #2316, #1546, #2695 ) ;
#2920 = ORIENTED_EDGE ( 'NONE', *, *, #2693, .F. ) ;
#2921 = CARTESIAN_POINT ( 'NONE',  ( 18.45421244024443297, -14.15629896715876512, -3.188387644403605670 ) ) ;
#2922 = FACE_OUTER_BOUND ( 'NONE', #1830, .T. ) ;
#2923 = EDGE_CURVE ( 'NONE', #1154, #878, #4611, .T. ) ;
#2924 = ORIENTED_EDGE ( 'NONE', *, *, #3785, .T. ) ;
#2925 = CARTESIAN_POINT ( 'NONE',  ( 0.000000000000000000, -6.457722532643740188, -9.665153681719200307 ) ) ;
#2926 = CYLINDRICAL_SURFACE ( 'NONE', #3799, 11.62399999999418831 ) ;
#2927 = CARTESIAN_POINT ( 'NONE',  ( 19.99999999999999645, -10.63969002948380194, 4.681278893247860395 ) ) ;
#2928 = ORIENTED_EDGE ( 'NONE', *, *, #730, .F. ) ;
#2929 = ORIENTED_EDGE ( 'NONE', *, *, #2756, .T. ) ;
#2930 = DIRECTION ( 'NONE',  ( 0.000000000000000000, -0.9848077530122097967, 0.1736481776669206722 ) ) ;
#2931 = CARTESIAN_POINT ( 'NONE',  ( 1.097830578300320381, 13.31207618024683015, -3.381094698673548393 ) ) ;
#2932 = FACE_OUTER_BOUND ( 'NONE', #709, .T. ) ;
#2933 = DIRECTION ( 'NONE',  ( 0.000000000000000000, 0.000000000000000000, 1.000000000000000000 ) ) ;
#2934 = ADVANCED_FACE ( 'NONE', ( #215 ), #2966, .T. ) ;
#2935 = ORIENTED_EDGE ( 'NONE', *, *, #2039, .T. ) ;
#2936 = ORIENTED_EDGE ( 'NONE', *, *, #2509, .F. ) ;
#2937 = CARTESIAN_POINT ( 'NONE',  ( 1.661245717114647302, 12.44990391086189696, 7.835301323466232759 ) ) ;
#2938 = DIRECTION ( 'NONE',  ( -1.000000000000000000, -0.000000000000000000, -0.000000000000000000 ) ) ;
#2939 = CARTESIAN_POINT ( 'NONE',  ( 0.000000000000000000, -0.2738250307121670724, -5.244644099306175811 ) ) ;
#2940 = VERTEX_POINT ( 'NONE', #157 ) ;
#2941 = EDGE_CURVE ( 'NONE', #2766, #3798, #3067, .T. ) ;
#2942 = CARTESIAN_POINT ( 'NONE',  ( 19.99999999999999645, -6.457722532643874302, 9.665153681719111489 ) ) ;
#2943 = CARTESIAN_POINT ( 'NONE',  ( 19.99999999999999645, 4.560206750522659114, -11.83787625878349559 ) ) ;
#2944 = ORIENTED_EDGE ( 'NONE', *, *, #1918, .F. ) ;
#2945 = CARTESIAN_POINT ( 'NONE',  ( 18.90216935867516668, -3.727924260815475233, -13.21914359163330488 ) ) ;
#2946 = EDGE_CURVE ( 'NONE', #1217, #4203, #4884, .T. ) ;
#2947 = APPLICATION_PROTOCOL_DEFINITION ( 'draft international standard', 'automotive_design', 1998, #4548 ) ;
#2948 = ADVANCED_FACE ( 'NONE', ( #3305 ), #3717, .T. ) ;
#2949 = DIRECTION ( 'NONE',  ( -1.000000000000000000, 0.000000000000000000, 0.000000000000000000 ) ) ;
#2950 = LINE ( 'NONE', #1796, #2907 ) ;
#2951 = DIRECTION ( 'NONE',  ( 0.000000000000000000, 0.000000000000000000, -1.000000000000000000 ) ) ;
#2952 = ORIENTED_EDGE ( 'NONE', *, *, #4444, .T. ) ;
#2953 = VERTEX_POINT ( 'NONE', #1034 ) ;
#2954 = DIRECTION ( 'NONE',  ( -1.000000000000000000, 0.000000000000000000, 0.000000000000000000 ) ) ;
#2955 = LINE ( 'NONE', #3747, #1362 ) ;
#2956 = CARTESIAN_POINT ( 'NONE',  ( 5.000000000000000888, -7.000001873099979122, -1.750000000000001998 ) ) ;
#2957 = CARTESIAN_POINT ( 'NONE',  ( 18.44922894784314593, -8.785416969337710213, 11.56417601774446346 ) ) ;
#2958 = EDGE_LOOP ( 'NONE', ( #1877, #710, #3405, #1962 ) ) ;
#2959 = ORIENTED_EDGE ( 'NONE', *, *, #1658, .T. ) ;
#2960 = CARTESIAN_POINT ( 'NONE',  ( 0.000000000000000000, 1.278921685670080244, -11.76359128992532987 ) ) ;
#2961 = DIRECTION ( 'NONE',  ( -1.000000000000000000, -0.000000000000000000, -0.000000000000000000 ) ) ;
#2962 = CARTESIAN_POINT ( 'NONE',  ( 19.99999999999999645, -8.541201577072380147, 8.189358725462003719 ) ) ;
#2963 = VERTEX_POINT ( 'NONE', #1353 ) ;
#2964 = AXIS2_PLACEMENT_3D ( 'NONE', #2810, #4363, #3225 ) ;
#2965 = CIRCLE ( 'NONE', #4018, 14.99999999999250022 ) ;
#2966 = CYLINDRICAL_SURFACE ( 'NONE', #1422, 14.99999999999250022 ) ;
#2967 = DIRECTION ( 'NONE',  ( 0.000000000000000000, 0.000000000000000000, -1.000000000000000000 ) ) ;
#2968 = AXIS2_PLACEMENT_3D ( 'NONE', #1380, #2970, #1400 ) ;
#2969 = ORIENTED_EDGE ( 'NONE', *, *, #3299, .T. ) ;
#2970 = DIRECTION ( 'NONE',  ( -1.000000000000000000, -0.000000000000000000, -0.000000000000000000 ) ) ;
#2971 = CIRCLE ( 'NONE', #3951, 11.62399999999418831 ) ;
#2972 = VERTEX_POINT ( 'NONE', #1397 ) ;
#2973 = VECTOR ( 'NONE', #1645, 1000.000000000000000 ) ;
#2974 = DIRECTION ( 'NONE',  ( 0.000000000000000000, 0.000000000000000000, -1.000000000000000000 ) ) ;
#2975 = DIRECTION ( 'NONE',  ( 0.000000000000000000, 0.000000000000000000, -1.000000000000000000 ) ) ;
#2976 = AXIS2_PLACEMENT_3D ( 'NONE', #60, #4748, #2483 ) ;
#2977 = ORIENTED_EDGE ( 'NONE', *, *, #3880, .F. ) ;
#2978 = EDGE_CURVE ( 'NONE', #3966, #3693, #3751, .T. ) ;
#2979 = VERTEX_POINT ( 'NONE', #4114 ) ;
#2980 = EDGE_CURVE ( 'NONE', #4997, #3728, #2218, .T. ) ;
#2981 = CARTESIAN_POINT ( 'NONE',  ( 19.99999999999999645, 2.762596963522065074, 11.29094477964548027 ) ) ;
#2982 = CARTESIAN_POINT ( 'NONE',  ( 1.689297552259490631, 9.067002821885489894, -11.64655019940885516 ) ) ;
#2983 = CIRCLE ( 'NONE', #188, 11.83290837936660012 ) ;
#2984 = DIRECTION ( 'NONE',  ( 0.000000000000000000, 0.9848077530122085754, -0.1736481776669273891 ) ) ;
#2985 = DIRECTION ( 'NONE',  ( -1.000000000000000000, 0.000000000000000000, 0.000000000000000000 ) ) ;
#2986 = ORIENTED_EDGE ( 'NONE', *, *, #54, .F. ) ;
#2987 = EDGE_CURVE ( 'NONE', #2781, #4234, #2983, .T. ) ;
#2988 = VECTOR ( 'NONE', #590, 1000.000000000000000 ) ;
#2989 = VERTEX_POINT ( 'NONE', #1838 ) ;
#2990 = CARTESIAN_POINT ( 'NONE',  ( 0.000000000000000000, 0.000000000000000000, 0.000000000000000000 ) ) ;
#2991 = CONICAL_SURFACE ( 'NONE', #4938, 15.03290837936660296, 1.047197551196604515 ) ;
#2992 = CARTESIAN_POINT ( 'NONE',  ( 18.45421247312306434, 5.598164398463255864, -13.38757520736401396 ) ) ;
#2993 = LINE ( 'NONE', #2939, #904 ) ;
#2994 = AXIS2_PLACEMENT_3D ( 'NONE', #571, #2156, #3718 ) ;
#2995 = CARTESIAN_POINT ( 'NONE',  ( -10.00000000000000000, 0.000000000000000000, 0.000000000000000000 ) ) ;
#2996 = AXIS2_PLACEMENT_3D ( 'NONE', #928, #130, #2859 ) ;
#2997 = EDGE_CURVE ( 'NONE', #299, #3558, #3957, .T. ) ;
#2998 = VERTEX_POINT ( 'NONE', #565 ) ;
#2999 = CARTESIAN_POINT ( 'NONE',  ( 19.99999999999999645, 11.15954349366136356, -3.252993238994707603 ) ) ;
#3000 = AXIS2_PLACEMENT_3D ( 'NONE', #2519, #2495, #531 ) ;
#3001 = FACE_BOUND ( 'NONE', #4426, .T. ) ;
#3002 = DIRECTION ( 'NONE',  ( 0.000000000000000000, 0.000000000000000000, 1.000000000000000000 ) ) ;
#3003 = AXIS2_PLACEMENT_3D ( 'NONE', #495, #2768, #4344 ) ;
#3004 = ORIENTED_EDGE ( 'NONE', *, *, #1402, .F. ) ;
#3005 = EDGE_LOOP ( 'NONE', ( #436, #3518 ) ) ;
#3006 = CARTESIAN_POINT ( 'NONE',  ( 0.000000000000000000, -9.548108053977758303, 6.989374314203623761 ) ) ;
#3007 = DIRECTION ( 'NONE',  ( -1.000000000000000000, -0.000000000000000000, -0.000000000000000000 ) ) ;
#3008 = DIRECTION ( 'NONE',  ( 0.000000000000000000, -7.067391939168304237E-15, 1.000000000000000000 ) ) ;
#3009 = EDGE_CURVE ( 'NONE', #1731, #2036, #4361, .T. ) ;
#3010 = LINE ( 'NONE', #2618, #423 ) ;
#3011 = ORIENTED_EDGE ( 'NONE', *, *, #297, .T. ) ;
#3012 = ORIENTED_EDGE ( 'NONE', *, *, #3575, .F. ) ;
#3013 = CARTESIAN_POINT ( 'NONE',  ( 50.00005079999999680, 0.000000000000000000, 0.000000000000000000 ) ) ;
#3014 = EDGE_CURVE ( 'NONE', #3358, #3026, #3712, .T. ) ;
#3015 = DIRECTION ( 'NONE',  ( -1.000000000000000000, 0.000000000000000000, 0.000000000000000000 ) ) ;
#3016 = LINE ( 'NONE', #4566, #4029 ) ;
#3017 = VERTEX_POINT ( 'NONE', #5002 ) ;
#3018 = ORIENTED_EDGE ( 'NONE', *, *, #4919, .T. ) ;
#3019 = B_SPLINE_CURVE_WITH_KNOTS ( 'NONE', 3,
 ( #1716, #4788, #1303, #943, #4453, #4072, #3641, #886 ),
 .UNSPECIFIED., .F., .F.,
 ( 4, 2, 2, 4 ),
 ( 2.192195976313223166E-07, 0.001922871092140437032, 0.002884197028411842560, 0.003845522964683248737 ),
 .UNSPECIFIED. ) ;
#3020 = DIRECTION ( 'NONE',  ( 0.000000000000000000, 0.000000000000000000, -1.000000000000000000 ) ) ;
#3021 = EDGE_LOOP ( 'NONE', ( #2015, #3102, #4075, #4486 ) ) ;
#3022 = CYLINDRICAL_SURFACE ( 'NONE', #4593, 3.000000000000000888 ) ;
#3023 = CARTESIAN_POINT ( 'NONE',  ( 0.000000000000000000, 0.000000000000000000, 0.000000000000000000 ) ) ;
#3024 = LINE ( 'NONE', #3764, #3560 ) ;
#3025 = EDGE_LOOP ( 'NONE', ( #764, #4494, #3061, #2828 ) ) ;
#3026 = VERTEX_POINT ( 'NONE', #2627 ) ;
#3027 = CARTESIAN_POINT ( 'NONE',  ( 0.000000000000000000, 7.000001873099979122, -1.843143693225357538E-15 ) ) ;
#3028 = DIRECTION ( 'NONE',  ( 1.000000000000000000, 0.000000000000000000, 0.000000000000000000 ) ) ;
#3029 = CARTESIAN_POINT ( 'NONE',  ( 19.33021696982684645, -12.53200494222448924, 3.430316763067235986 ) ) ;
#3030 = LINE ( 'NONE', #4582, #2390 ) ;
#3031 = ORIENTED_EDGE ( 'NONE', *, *, #2725, .F. ) ;
#3032 = ORIENTED_EDGE ( 'NONE', *, *, #2762, .F. ) ;
#3033 = FACE_OUTER_BOUND ( 'NONE', #3745, .T. ) ;
#3034 = DIRECTION ( 'NONE',  ( 0.000000000000000000, 0.000000000000000000, -1.000000000000000000 ) ) ;
#3035 = DIRECTION ( 'NONE',  ( 0.000000000000000000, -0.9848077530122097967, 0.1736481776669208110 ) ) ;
#3036 = VERTEX_POINT ( 'NONE', #1500 ) ;
#3037 = ORIENTED_EDGE ( 'NONE', *, *, #3697, .F. ) ;
#3038 = ADVANCED_FACE ( 'NONE', ( #1 ), #1115, .T. ) ;
#3039 = ADVANCED_FACE ( 'NONE', ( #3829 ), #2732, .T. ) ;
#3040 = CARTESIAN_POINT ( 'NONE',  ( 19.99999999999999645, 0.000000000000000000, 0.000000000000000000 ) ) ;
#3041 = CARTESIAN_POINT ( 'NONE',  ( 18.15247913859322182, 0.000000000000000000, 0.000000000000000000 ) ) ;
#3042 = AXIS2_PLACEMENT_3D ( 'NONE', #1828, #1417, #4947 ) ;
#3043 = VERTEX_POINT ( 'NONE', #1963 ) ;
#3044 = AXIS2_PLACEMENT_3D ( 'NONE', #1872, #3436, #4609 ) ;
#3045 = ADVANCED_FACE ( 'NONE', ( #4670 ), #385, .F. ) ;
#3046 = CARTESIAN_POINT ( 'NONE',  ( 0.6402334700953113966, 9.215408926957021407, -9.086834278354649186 ) ) ;
#3047 = ORIENTED_EDGE ( 'NONE', *, *, #4129, .F. ) ;
#3048 = AXIS2_PLACEMENT_3D ( 'NONE', #1277, #4754, #2361 ) ;
#3049 = DIRECTION ( 'NONE',  ( 1.000000000000000000, -0.000000000000000000, -0.000000000000000000 ) ) ;
#3050 = CYLINDRICAL_SURFACE ( 'NONE', #1677, 11.62399999999418831 ) ;
#3051 = ORIENTED_EDGE ( 'NONE', *, *, #4564, .F. ) ;
#3052 = VERTEX_POINT ( 'NONE', #2679 ) ;
#3053 = CARTESIAN_POINT ( 'NONE',  ( 0.5770542484979197528, -10.43479238142383103, 7.470678048705560848 ) ) ;
#3054 = AXIS2_PLACEMENT_3D ( 'NONE', #871, #478, #3617 ) ;
#3055 = AXIS2_PLACEMENT_3D ( 'NONE', #3446, #1494, #2321 ) ;
#3056 = DIRECTION ( 'NONE',  ( -1.000000000000000000, 0.000000000000000000, 0.000000000000000000 ) ) ;
#3057 = DIRECTION ( 'NONE',  ( -1.000000000000000000, 0.000000000000000000, 0.000000000000000000 ) ) ;
#3058 = CIRCLE ( 'NONE', #1248, 11.83290837936660012 ) ;
#3059 = AXIS2_PLACEMENT_3D ( 'NONE', #3164, #2339, #3208 ) ;
#3060 = CYLINDRICAL_SURFACE ( 'NONE', #1732, 1.749999999999999778 ) ;
#3061 = ORIENTED_EDGE ( 'NONE', *, *, #3156, .T. ) ;
#3062 = ORIENTED_EDGE ( 'NONE', *, *, #1328, .T. ) ;
#3063 = AXIS2_PLACEMENT_3D ( 'NONE', #2331, #4263, #1536 ) ;
#3064 = CARTESIAN_POINT ( 'NONE',  ( 19.99999999999999645, 0.000000000000000000, 0.000000000000000000 ) ) ;
#3065 = CARTESIAN_POINT ( 'NONE',  ( 18.90216944294202150, 8.024316171126017139, 11.14690641230033386 ) ) ;
#3066 = CARTESIAN_POINT ( 'NONE',  ( 19.36072147212065886, 9.231171301949943953, -9.070308238515394805 ) ) ;
#3067 = CIRCLE ( 'NONE', #3554, 5.399999999997299405 ) ;
#3068 = ORIENTED_EDGE ( 'NONE', *, *, #1641, .T. ) ;
#3069 = CIRCLE ( 'NONE', #1590, 14.99999999999250022 ) ;
#3070 = DIRECTION ( 'NONE',  ( 0.000000000000000000, 0.000000000000000000, 1.000000000000000000 ) ) ;
#3071 = EDGE_CURVE ( 'NONE', #1073, #4634, #2170, .T. ) ;
#3072 = ADVANCED_FACE ( 'NONE', ( #1471 ), #333, .F. ) ;
#3073 = CARTESIAN_POINT ( 'NONE',  ( 0.000000000000000000, -6.581779876088726944, -9.833508752078440551 ) ) ;
#3074 = CIRCLE ( 'NONE', #678, 11.62399999999418831 ) ;
#3075 = B_SPLINE_CURVE_WITH_KNOTS ( 'NONE', 3,
 ( #3397, #1446, #1806, #2937 ),
 .UNSPECIFIED., .F., .F.,
 ( 4, 4 ),
 ( 2.183474661473258030E-07, 0.0003824900849428946020 ),
 .UNSPECIFIED. ) ;
#3076 = ORIENTED_EDGE ( 'NONE', *, *, #2756, .F. ) ;
#3077 = CARTESIAN_POINT ( 'NONE',  ( 1.259845590703200902, 9.707757375727849691, -10.11030730628481678 ) ) ;
#3078 = CIRCLE ( 'NONE', #2257, 5.399999999997299405 ) ;
#3079 = CARTESIAN_POINT ( 'NONE',  ( 18.15247913859322182, 0.000000000000000000, 0.000000000000000000 ) ) ;
#3080 = EDGE_CURVE ( 'NONE', #2396, #529, #7, .T. ) ;
#3081 = CARTESIAN_POINT ( 'NONE',  ( 0.000000000000000000, 7.000001873099979122, -1.750000000000002442 ) ) ;
#3082 = ORIENTED_EDGE ( 'NONE', *, *, #1709, .F. ) ;
#3083 = CIRCLE ( 'NONE', #2104, 11.62399999999418831 ) ;
#3084 = CARTESIAN_POINT ( 'NONE',  ( 18.17147880028345597, 5.482902598228321267, 13.96201200035711665 ) ) ;
#3085 = CARTESIAN_POINT ( 'NONE',  ( 50.00005079999999680, 0.000000000000000000, 0.000000000000000000 ) ) ;
#3086 = CARTESIAN_POINT ( 'NONE',  ( 19.99999999999999645, -9.548108053977758303, 6.989374314203628202 ) ) ;
#3087 = AXIS2_PLACEMENT_3D ( 'NONE', #4199, #3539, #1951 ) ;
#3088 = DIRECTION ( 'NONE',  ( -1.000000000000000000, 0.000000000000000000, 0.000000000000000000 ) ) ;
#3089 = ORIENTED_EDGE ( 'NONE', *, *, #1880, .T. ) ;
#3090 = EDGE_LOOP ( 'NONE', ( #3816, #1176, #4584, #1385 ) ) ;
#3091 = EDGE_LOOP ( 'NONE', ( #4924, #4402, #2897, #1343, #3458 ) ) ;
#3092 = PRODUCT_DEFINITION_FORMATION_WITH_SPECIFIED_SOURCE ( 'ANY', '', #3367, .NOT_KNOWN. ) ;
#3093 = DIRECTION ( 'NONE',  ( 1.000000000000000000, 0.000000000000000000, 0.000000000000000000 ) ) ;
#3094 = DIRECTION ( 'NONE',  ( -1.000000000000000000, 0.000000000000000000, 0.000000000000000000 ) ) ;
#3095 = EDGE_CURVE ( 'NONE', #377, #1117, #4690, .T. ) ;
#3096 = CARTESIAN_POINT ( 'NONE',  ( 19.99999999999999645, -2.821591908417606653, -11.49157690731940740 ) ) ;
#3097 = FACE_OUTER_BOUND ( 'NONE', #712, .T. ) ;
#3098 = EDGE_LOOP ( 'NONE', ( #3032, #536, #2222, #3913 ) ) ;
#3099 = ORIENTED_EDGE ( 'NONE', *, *, #1464, .F. ) ;
#3100 = CARTESIAN_POINT ( 'NONE',  ( 19.99999999999999645, 11.80695832568067161, 0.7832341987708919540 ) ) ;
#3101 = CARTESIAN_POINT ( 'NONE',  ( 0.7984651056374703071, -7.570159122851137568, -10.83337152099654155 ) ) ;
#3102 = ORIENTED_EDGE ( 'NONE', *, *, #1979, .F. ) ;
#3103 = DIRECTION ( 'NONE',  ( -1.000000000000000000, 0.000000000000000000, 0.000000000000000000 ) ) ;
#3104 = EDGE_CURVE ( 'NONE', #2492, #399, #4235, .T. ) ;
#3105 = CARTESIAN_POINT ( 'NONE',  ( 0.000000000000000000, -9.548108053977758303, 6.989374314203623761 ) ) ;
#3106 = CARTESIAN_POINT ( 'NONE',  ( 19.67738667440014666, -1.281579797326674708, -12.32538184688695004 ) ) ;
#3107 = ORIENTED_EDGE ( 'NONE', *, *, #4655, .T. ) ;
#3108 = CARTESIAN_POINT ( 'NONE',  ( 1.828521199716542922, 14.83290837936661433, -2.232673063637094391 ) ) ;
#3109 = EDGE_CURVE ( 'NONE', #3356, #1473, #2700, .T. ) ;
#3110 = EDGE_CURVE ( 'NONE', #3386, #676, #1139, .T. ) ;
#3111 = DIRECTION ( 'NONE',  ( -1.000000000000000000, 0.000000000000000000, 0.000000000000000000 ) ) ;
#3112 = CARTESIAN_POINT ( 'NONE',  ( 0.000000000000000000, 7.000001873099979122, 1.749999999999998890 ) ) ;
#3113 = CARTESIAN_POINT ( 'NONE',  ( 1.661245717114628206, -12.44990391086190940, 7.835301323466149270 ) ) ;
#3114 = EDGE_LOOP ( 'NONE', ( #3884, #1282, #1408, #575, #4328, #1399 ) ) ;
#3115 = ORIENTED_EDGE ( 'NONE', *, *, #2317, .T. ) ;
#3116 = ADVANCED_FACE ( 'NONE', ( #2701 ), #3149, .T. ) ;
#3117 = DIRECTION ( 'NONE',  ( 0.000000000000000000, 0.000000000000000000, 1.000000000000000000 ) ) ;
#3118 = CARTESIAN_POINT ( 'NONE',  ( 0.000000000000000000, 0.000000000000000000, 0.000000000000000000 ) ) ;
#3119 = CYLINDRICAL_SURFACE ( 'NONE', #2415, 14.99999999999250022 ) ;
#3120 = CARTESIAN_POINT ( 'NONE',  ( 0.000000000000000000, 11.80695832568066628, -0.7832341987708918429 ) ) ;
#3121 = EDGE_LOOP ( 'NONE', ( #134, #304, #3243, #2637 ) ) ;
#3122 = CARTESIAN_POINT ( 'NONE',  ( 5.000000000000000888, 0.2738250307120562721, 6.994644099306219331 ) ) ;
#3123 = DIRECTION ( 'NONE',  ( -1.000000000000000000, -0.000000000000000000, -0.000000000000000000 ) ) ;
#3124 = ORIENTED_EDGE ( 'NONE', *, *, #1699, .T. ) ;
#3125 = DIRECTION ( 'NONE',  ( 0.000000000000000000, 0.3420201433256629397, 0.9396926207859105373 ) ) ;
#3126 = CARTESIAN_POINT ( 'NONE',  ( 19.99999999999999645, 1.265738570989400236, -11.55488130054889773 ) ) ;
#3127 = CARTESIAN_POINT ( 'NONE',  ( 18.17147880028345597, -0.3769537665660799286, -14.99526278054661610 ) ) ;
#3128 = VERTEX_POINT ( 'NONE', #745 ) ;
#3129 = CARTESIAN_POINT ( 'NONE',  ( 19.99999999999999645, 5.141407353527678303, -10.42512860472024983 ) ) ;
#3130 = AXIS2_PLACEMENT_3D ( 'NONE', #3176, #2861, #900 ) ;
#3131 = CIRCLE ( 'NONE', #1488, 11.83290837936660012 ) ;
#3132 = CARTESIAN_POINT ( 'NONE',  ( 19.99999999999999645, -8.333984767424830409, 9.564282399747156660 ) ) ;
#3133 = CARTESIAN_POINT ( 'NONE',  ( 19.99999999999999645, 1.265738570989247913, 11.55488130054891549 ) ) ;
#3134 = B_SPLINE_CURVE_WITH_KNOTS ( 'NONE', 3,
 ( #3414, #2263, #1458, #4944 ),
 .UNSPECIFIED., .F., .F.,
 ( 4, 4 ),
 ( 3.929789712404178500E-07, 0.001347054672790179994 ),
 .UNSPECIFIED. ) ;
#3135 = ADVANCED_FACE ( 'NONE', ( #2326 ), #3881, .T. ) ;
#3136 = DIRECTION ( 'NONE',  ( -1.000000000000000000, 0.000000000000000000, 0.000000000000000000 ) ) ;
#3137 = EDGE_CURVE ( 'NONE', #3160, #3692, #1754, .T. ) ;
#3138 = VECTOR ( 'NONE', #645, 1000.000000000000000 ) ;
#3139 = EDGE_LOOP ( 'NONE', ( #2537, #1462, #1899, #734 ) ) ;
#3140 = FACE_OUTER_BOUND ( 'NONE', #2630, .T. ) ;
#3141 = FACE_OUTER_BOUND ( 'NONE', #120, .T. ) ;
#3142 = CIRCLE ( 'NONE', #2239, 5.399999999997299405 ) ;
#3143 = CIRCLE ( 'NONE', #916, 5.399999999997299405 ) ;
#3144 = DIRECTION ( 'NONE',  ( -1.000000000000000000, -0.000000000000000000, -0.000000000000000000 ) ) ;
#3145 = CARTESIAN_POINT ( 'NONE',  ( 19.99999999999999645, -10.82702973964771154, 4.774216975721606637 ) ) ;
#3146 = ADVANCED_FACE ( 'NONE', ( #1294 ), #4309, .F. ) ;
#3147 = VERTEX_POINT ( 'NONE', #3985 ) ;
#3148 = AXIS2_PLACEMENT_3D ( 'NONE', #625, #672, #1381 ) ;
#3149 = CONICAL_SURFACE ( 'NONE', #4936, 11.83290837936660012, 1.047197551196604515 ) ;
#3150 = CARTESIAN_POINT ( 'NONE',  ( 19.99999999999999645, 8.333984767424896134, -9.564282399747099817 ) ) ;
#3151 = CARTESIAN_POINT ( 'NONE',  ( 1.828521199716542922, 0.000000000000000000, -14.99999999999250022 ) ) ;
#3152 = ORIENTED_EDGE ( 'NONE', *, *, #3757, .T. ) ;
#3153 = ORIENTED_EDGE ( 'NONE', *, *, #3603, .T. ) ;
#3154 = DIRECTION ( 'NONE',  ( 1.000000000000000000, 0.000000000000000000, 0.000000000000000000 ) ) ;
#3155 = DIRECTION ( 'NONE',  ( 0.000000000000000000, 0.000000000000000000, 1.000000000000000000 ) ) ;
#3156 = EDGE_CURVE ( 'NONE', #4203, #286, #4445, .T. ) ;
#3157 = VECTOR ( 'NONE', #2535, 1000.000000000000000 ) ;
#3158 = CARTESIAN_POINT ( 'NONE',  ( 18.44922871846650381, -0.7032889410957325893, -14.50583035565529677 ) ) ;
#3159 = B_SPLINE_CURVE_WITH_KNOTS ( 'NONE', 3,
 ( #2123, #2179, #3333, #3738, #4519, #1764, #1451, #1010 ),
 .UNSPECIFIED., .F., .F.,
 ( 4, 2, 2, 4 ),
 ( 2.430632680808311400E-07, 0.001922895103017918184, 0.002884221122892836713, 0.003845547142767755458 ),
 .UNSPECIFIED. ) ;
#3160 = VERTEX_POINT ( 'NONE', #1626 ) ;
#3161 = CARTESIAN_POINT ( 'NONE',  ( 19.36072141329541196, -3.239531749920526060, -12.52958306721214576 ) ) ;
#3162 = FACE_OUTER_BOUND ( 'NONE', #3098, .T. ) ;
#3163 = CYLINDRICAL_SURFACE ( 'NONE', #4189, 14.99999999999250022 ) ;
#3164 = CARTESIAN_POINT ( 'NONE',  ( 19.99999999999999645, -12.44990391086187032, 2.435301323468733514 ) ) ;
#3165 = CIRCLE ( 'NONE', #3653, 5.399999999997299405 ) ;
#3166 = VERTEX_POINT ( 'NONE', #511 ) ;
#3167 = EDGE_LOOP ( 'NONE', ( #3447, #1286, #4074, #599 ) ) ;
#3168 = LINE ( 'NONE', #4250, #2100 ) ;
#3169 = ADVANCED_FACE ( 'NONE', ( #3655 ), #3579, .T. ) ;
#3170 = CIRCLE ( 'NONE', #3572, 2.999999999999999112 ) ;
#3171 = DIRECTION ( 'NONE',  ( -1.000000000000000000, -0.000000000000000000, -0.000000000000000000 ) ) ;
#3172 = DIRECTION ( 'NONE',  ( 0.000000000000000000, 0.000000000000000000, 1.000000000000000000 ) ) ;
#3173 = ORIENTED_EDGE ( 'NONE', *, *, #798, .T. ) ;
#3174 = ADVANCED_FACE ( 'NONE', ( #1578 ), #102, .T. ) ;
#3175 = CARTESIAN_POINT ( 'NONE',  ( 19.83777559158680148, 11.07679422751415110, 4.904209793271138373 ) ) ;
#3176 = CARTESIAN_POINT ( 'NONE',  ( 19.99999999999999645, 0.000000000000000000, 0.000000000000000000 ) ) ;
#3177 = EDGE_LOOP ( 'NONE', ( #2599, #3242, #1531, #4590, #4196, #2826 ) ) ;
#3178 = EDGE_LOOP ( 'NONE', ( #387, #1696, #4255, #2269 ) ) ;
#3179 = DIRECTION ( 'NONE',  ( -1.000000000000000000, 0.000000000000000000, 0.000000000000000000 ) ) ;
#3180 = CARTESIAN_POINT ( 'NONE',  ( 19.99999999999999645, -5.225178449591893148, -10.61674295084913489 ) ) ;
#3181 = CARTESIAN_POINT ( 'NONE',  ( 19.99999999999999645, 4.560206750522659114, -11.83787625878349559 ) ) ;
#3182 = ORIENTED_EDGE ( 'NONE', *, *, #3697, .T. ) ;
#3183 = DIRECTION ( 'NONE',  ( 0.000000000000000000, 0.9848077530122073542, 0.1736481776669339672 ) ) ;
#3184 = CARTESIAN_POINT ( 'NONE',  ( 0.000000000000000000, 0.000000000000000000, 0.000000000000000000 ) ) ;
#3185 = CARTESIAN_POINT ( 'NONE',  ( 0.000000000000000000, -11.80695832568067161, 0.7832341987708095754 ) ) ;
#3186 = DIRECTION ( 'NONE',  ( 1.000000000000000000, -0.000000000000000000, -0.000000000000000000 ) ) ;
#3187 = ORIENTED_EDGE ( 'NONE', *, *, #457, .T. ) ;
#3188 = CARTESIAN_POINT ( 'NONE',  ( 18.75075730588705625, -5.642709456866345619, 12.80954327094690726 ) ) ;
#3189 = DIRECTION ( 'NONE',  ( 0.000000000000000000, 0.000000000000000000, -1.000000000000000000 ) ) ;
#3190 = CARTESIAN_POINT ( 'NONE',  ( 0.5773195626777948286, 10.44496673331354764, 7.455688880259783602 ) ) ;
#3191 = B_SPLINE_CURVE_WITH_KNOTS ( 'NONE', 3,
 ( #875, #461, #1728, #510, #2524, #3221, #1235, #3704 ),
 .UNSPECIFIED., .F., .F.,
 ( 4, 2, 2, 4 ),
 ( 2.270243712170295654E-07, 0.001922878951646306723, 0.002884204915283849167, 0.003845530878921392046 ),
 .UNSPECIFIED. ) ;
#3192 = DIRECTION ( 'NONE',  ( -1.000000000000000000, -0.000000000000000000, -0.000000000000000000 ) ) ;
#3193 = ORIENTED_EDGE ( 'NONE', *, *, #2202, .T. ) ;
#3194 = DIRECTION ( 'NONE',  ( 0.000000000000000000, 0.000000000000000000, -1.000000000000000000 ) ) ;
#3195 = CARTESIAN_POINT ( 'NONE',  ( 18.90216935867517734, 3.727924260815566271, 13.21914359163328356 ) ) ;
#3196 = EDGE_CURVE ( 'NONE', #3017, #627, #2807, .T. ) ;
#3197 = EDGE_CURVE ( 'NONE', #992, #1565, #2461, .T. ) ;
#3198 = ORIENTED_EDGE ( 'NONE', *, *, #1464, .T. ) ;
#3199 = DIRECTION ( 'NONE',  ( -1.000000000000000000, -0.000000000000000000, -0.000000000000000000 ) ) ;
#3200 = B_SPLINE_CURVE_WITH_KNOTS ( 'NONE', 3,
 ( #4108, #1729, #2142, #3327, #1760, #1372, #4489, #4851 ),
 .UNSPECIFIED., .F., .F.,
 ( 4, 2, 2, 4 ),
 ( 3.929789716564610049E-07, 0.001917556215103744660, 0.002876137833169787033, 0.003834719451235830273 ),
 .UNSPECIFIED. ) ;
#3201 = CARTESIAN_POINT ( 'NONE',  ( 0.6402334718761708565, -10.54902381721629290, -7.497493946447311153 ) ) ;
#3202 = CARTESIAN_POINT ( 'NONE',  ( 19.99999999999999645, -4.560206750522575625, 11.83787625878352223 ) ) ;
#3203 = ORIENTED_EDGE ( 'NONE', *, *, #3598, .F. ) ;
#3204 = CARTESIAN_POINT ( 'NONE',  ( 18.33875428288537179, -12.44990391086190940, 7.835301323466149270 ) ) ;
#3205 = CARTESIAN_POINT ( 'NONE',  ( 0.3226133201849022969, -11.91558759522061628, -3.402389818653518194 ) ) ;
#3206 = CARTESIAN_POINT ( 'NONE',  ( 19.99999999999999645, 0.000000000000000000, 0.000000000000000000 ) ) ;
#3207 = DIRECTION ( 'NONE',  ( 1.000000000000000000, 0.000000000000000000, 0.000000000000000000 ) ) ;
#3208 = DIRECTION ( 'NONE',  ( 0.000000000000000000, 0.000000000000000000, 1.000000000000000000 ) ) ;
#3209 = ORIENTED_EDGE ( 'NONE', *, *, #297, .F. ) ;
#3210 = ORIENTED_EDGE ( 'NONE', *, *, #4011, .T. ) ;
#3211 = ORIENTED_EDGE ( 'NONE', *, *, #4941, .T. ) ;
#3212 = AXIS2_PLACEMENT_3D ( 'NONE', #1116, #4700, #5035 ) ;
#3213 = CARTESIAN_POINT ( 'NONE',  ( 19.99999999999999645, 2.762596963522065074, 11.29094477964548027 ) ) ;
#3214 = FACE_OUTER_BOUND ( 'NONE', #4734, .T. ) ;
#3215 = VECTOR ( 'NONE', #4740, 1000.000000000000000 ) ;
#3216 = CIRCLE ( 'NONE', #494, 5.399999999997299405 ) ;
#3217 = DIRECTION ( 'NONE',  ( -1.000000000000000000, -0.000000000000000000, -0.000000000000000000 ) ) ;
#3218 = ORIENTED_EDGE ( 'NONE', *, *, #3071, .F. ) ;
#3219 = CIRCLE ( 'NONE', #4110, 1.749999999999999778 ) ;
#3220 = AXIS2_PLACEMENT_3D ( 'NONE', #1676, #383, #3172 ) ;
#3221 = CARTESIAN_POINT ( 'NONE',  ( 0.3226133177123797213, 6.940855641127834375, 10.26557387976844637 ) ) ;
#3222 = CARTESIAN_POINT ( 'NONE',  ( 1.828521199716542922, 0.000000000000000000, 0.000000000000000000 ) ) ;
#3223 = AXIS2_PLACEMENT_3D ( 'NONE', #1636, #2462, #2416 ) ;
#3224 = CIRCLE ( 'NONE', #4586, 3.000000000000000000 ) ;
#3225 = DIRECTION ( 'NONE',  ( 0.000000000000000000, -0.8660254037844431485, 0.4999999999999919509 ) ) ;
#3226 = ORIENTED_EDGE ( 'NONE', *, *, #1470, .F. ) ;
#3227 = CIRCLE ( 'NONE', #1668, 14.99999999999250022 ) ;
#3228 = EDGE_CURVE ( 'NONE', #453, #269, #2330, .T. ) ;
#3229 = EDGE_CURVE ( 'NONE', #2505, #1811, #5021, .T. ) ;
#3230 = CARTESIAN_POINT ( 'NONE',  ( 0.000000000000000000, -9.548108053977664156, -6.989374314203753435 ) ) ;
#3231 = FACE_OUTER_BOUND ( 'NONE', #1993, .T. ) ;
#3232 = AXIS2_PLACEMENT_3D ( 'NONE', #2408, #3604, #81 ) ;
#3233 = ORIENTED_EDGE ( 'NONE', *, *, #2107, .F. ) ;
#3234 = DIRECTION ( 'NONE',  ( -1.000000000000000000, -0.000000000000000000, -0.000000000000000000 ) ) ;
#3235 = CARTESIAN_POINT ( 'NONE',  ( 5.000000000000000888, -0.2738250307121669058, -3.994644099306176255 ) ) ;
#3236 = EDGE_CURVE ( 'NONE', #4481, #2963, #4414, .T. ) ;
#3237 = AXIS2_PLACEMENT_3D ( 'NONE', #2651, #4974, #3034 ) ;
#3238 = DIRECTION ( 'NONE',  ( -1.000000000000000000, -0.000000000000000000, 0.000000000000000000 ) ) ;
#3239 = DIRECTION ( 'NONE',  ( 0.000000000000000000, 3.730349362740526607E-14, 1.000000000000000000 ) ) ;
#3240 = CARTESIAN_POINT ( 'NONE',  ( 19.67476634630941845, 11.32776706854630255, -5.034831512206451976 ) ) ;
#3241 = ORIENTED_EDGE ( 'NONE', *, *, #898, .F. ) ;
#3242 = ORIENTED_EDGE ( 'NONE', *, *, #902, .T. ) ;
#3243 = ORIENTED_EDGE ( 'NONE', *, *, #3515, .F. ) ;
#3244 = LINE ( 'NONE', #4054, #4705 ) ;
#3245 = CARTESIAN_POINT ( 'NONE',  ( 1.545787572032231161, -12.89381024486871574, -6.657046958321429564 ) ) ;
#3246 = AXIS2_PLACEMENT_3D ( 'NONE', #983, #2529, #2967 ) ;
#3247 = CARTESIAN_POINT ( 'NONE',  ( 19.99999999999999645, -1.265738570989324518, 11.55488130054890661 ) ) ;
#3248 = ORIENTED_EDGE ( 'NONE', *, *, #1187, .T. ) ;
#3249 = VECTOR ( 'NONE', #4231, 1000.000000000000000 ) ;
#3250 = CARTESIAN_POINT ( 'NONE',  ( 1.828521199716542922, 0.000000000000000000, 0.000000000000000000 ) ) ;
#3251 = EDGE_CURVE ( 'NONE', #129, #1364, #1998, .T. ) ;
#3252 = CARTESIAN_POINT ( 'NONE',  ( 0.000000000000000000, -8.541201577072378370, 8.189358725462005495 ) ) ;
#3253 = CARTESIAN_POINT ( 'NONE',  ( 5.000000000000000888, 0.2738250307120566607, 9.994644099306219331 ) ) ;
#3254 = VERTEX_POINT ( 'NONE', #1213 ) ;
#3255 = CARTESIAN_POINT ( 'NONE',  ( 19.99999999999999645, 10.82702973964774351, -4.774216975721535583 ) ) ;
#3256 = CARTESIAN_POINT ( 'NONE',  ( 0.000000000000000000, 0.000000000000000000, 0.000000000000000000 ) ) ;
#3257 = ORIENTED_EDGE ( 'NONE', *, *, #2256, .F. ) ;
#3258 = CARTESIAN_POINT ( 'NONE',  ( 18.31070237988806326, -4.536840991726450056, -14.04527496976081302 ) ) ;
#3259 = CARTESIAN_POINT ( 'NONE',  ( 0.000000000000000000, 10.82702973964767601, 4.774216975721676803 ) ) ;
#3260 = DIRECTION ( 'NONE',  ( 0.000000000000000000, 0.000000000000000000, 1.000000000000000000 ) ) ;
#3261 = DIRECTION ( 'NONE',  ( 0.000000000000000000, 0.6427876096865402511, -0.7660444431189771253 ) ) ;
#3262 = CARTESIAN_POINT ( 'NONE',  ( 19.99999999999999645, 10.86616072683659695, -6.546552603037437024 ) ) ;
#3263 = ORIENTED_EDGE ( 'NONE', *, *, #396, .T. ) ;
#3264 = EDGE_CURVE ( 'NONE', #1407, #3429, #3630, .T. ) ;
#3265 = ORIENTED_EDGE ( 'NONE', *, *, #4345, .F. ) ;
#3266 = EDGE_CURVE ( 'NONE', #3387, #2881, #4276, .T. ) ;
#3267 = CARTESIAN_POINT ( 'NONE',  ( 0.000000000000000000, -11.80695832568067161, 0.7832341987708095754 ) ) ;
#3268 = CARTESIAN_POINT ( 'NONE',  ( 1.550771157672637734, -12.91406194527834650, 6.643848853477990701 ) ) ;
#3269 = DIRECTION ( 'NONE',  ( 0.000000000000000000, -0.8660254037844433705, 0.4999999999999919509 ) ) ;
#3270 = CARTESIAN_POINT ( 'NONE',  ( 1.249242681997289717, -9.683534255876644181, -10.10711296822070082 ) ) ;
#3271 = ORIENTED_EDGE ( 'NONE', *, *, #2066, .T. ) ;
#3272 = EDGE_CURVE ( 'NONE', #690, #4174, #127, .T. ) ;
#3273 = VERTEX_POINT ( 'NONE', #132 ) ;
#3274 = CARTESIAN_POINT ( 'NONE',  ( 19.99999999999999645, 8.396946530139320686, -8.037951540650526638 ) ) ;
#3275 = LINE ( 'NONE', #1347, #191 ) ;
#3276 = PLANE ( 'NONE',  #1487 ) ;
#3277 = CARTESIAN_POINT ( 'NONE',  ( 19.35976654021706267, -5.551771400034181347, -11.69068658173946140 ) ) ;
#3278 = CARTESIAN_POINT ( 'NONE',  ( 5.000000000000000888, -7.000001873099979122, -1.844327237370755631E-15 ) ) ;
#3279 = VERTEX_POINT ( 'NONE', #4928 ) ;
#3280 = FILL_AREA_STYLE ('',( #3637 ) ) ;
#3281 = LINE ( 'NONE', #448, #4796 ) ;
#3282 = CARTESIAN_POINT ( 'NONE',  ( 1.545787526876937878, 5.598164398463071123, 13.38757520736409212 ) ) ;
#3283 = DIRECTION ( 'NONE',  ( 0.000000000000000000, -0.9848077530122062440, -0.1736481776669404620 ) ) ;
#3284 = LINE ( 'NONE', #4454, #1817 ) ;
#3285 = VERTEX_POINT ( 'NONE', #2547 ) ;
#3286 = ORIENTED_EDGE ( 'NONE', *, *, #183, .F. ) ;
#3287 = FACE_BOUND ( 'NONE', #3843, .T. ) ;
#3288 = CARTESIAN_POINT ( 'NONE',  ( 19.99999999999999645, 10.63969002948376819, 4.681278893247931450 ) ) ;
#3289 = CARTESIAN_POINT ( 'NONE',  ( 19.99999999999999645, 11.15954349366136356, -3.252993238994707603 ) ) ;
#3290 = EDGE_CURVE ( 'NONE', #4647, #4093, #4879, .T. ) ;
#3291 = EDGE_CURVE ( 'NONE', #574, #3766, #796, .T. ) ;
#3292 = CARTESIAN_POINT ( 'NONE',  ( 1.828521199716542922, 0.000000000000000000, 0.000000000000000000 ) ) ;
#3293 = AXIS2_PLACEMENT_3D ( 'NONE', #4124, #168, #4869 ) ;
#3294 = EDGE_LOOP ( 'NONE', ( #3752, #2031, #4714, #2059 ) ) ;
#3295 = ORIENTED_EDGE ( 'NONE', *, *, #1310, .F. ) ;
#3296 = CARTESIAN_POINT ( 'NONE',  ( 19.99999999999999645, 10.82702973964767956, 4.774216975721676803 ) ) ;
#3297 = AXIS2_PLACEMENT_3D ( 'NONE', #3580, #2018, #77 ) ;
#3298 = CIRCLE ( 'NONE', #1072, 5.399999999997299405 ) ;
#3299 = EDGE_CURVE ( 'NONE', #1040, #585, #3378, .T. ) ;
#3300 = CARTESIAN_POINT ( 'NONE',  ( 19.99999999999999645, 10.63969002948383213, -4.681278893247791117 ) ) ;
#3301 = CARTESIAN_POINT ( 'NONE',  ( 19.99999999999999645, 8.333984767424764684, 9.564282399747208174 ) ) ;
#3302 = VECTOR ( 'NONE', #2909, 1000.000000000000000 ) ;
#3303 = AXIS2_PLACEMENT_3D ( 'NONE', #3930, #367, #6 ) ;
#3304 = EDGE_LOOP ( 'NONE', ( #344, #1284, #4627, #2796 ) ) ;
#3305 = FACE_OUTER_BOUND ( 'NONE', #1798, .T. ) ;
#3306 = DIRECTION ( 'NONE',  ( -1.000000000000000000, -0.000000000000000000, 0.000000000000000000 ) ) ;
#3307 = ORIENTED_EDGE ( 'NONE', *, *, #3633, .F. ) ;
#3308 = DIRECTION ( 'NONE',  ( 1.000000000000000000, -0.000000000000000000, -0.000000000000000000 ) ) ;
#3309 = CIRCLE ( 'NONE', #3232, 11.62399999999418831 ) ;
#3310 = ADVANCED_FACE ( 'NONE', ( #1421 ), #4824, .T. ) ;
#3311 = DIRECTION ( 'NONE',  ( 0.000000000000000000, -0.8660254037844432595, 0.4999999999999919509 ) ) ;
#3312 = DIRECTION ( 'NONE',  ( -1.000000000000000000, 0.000000000000000000, 0.000000000000000000 ) ) ;
#3313 = CARTESIAN_POINT ( 'NONE',  ( 20.00000000000000000, -0.2738250307121669058, -3.994644099306176255 ) ) ;
#3314 = VERTEX_POINT ( 'NONE', #4467 ) ;
#3315 = ORIENTED_EDGE ( 'NONE', *, *, #2014, .F. ) ;
#3316 = CARTESIAN_POINT ( 'NONE',  ( 1.097830641324828882, -3.727924260815653756, 13.21914359163325514 ) ) ;
#3317 = B_SPLINE_CURVE_WITH_KNOTS ( 'NONE', 3,
 ( #1700, #3268, #477, #95, #949, #1674, #891, #4077 ),
 .UNSPECIFIED., .F., .F.,
 ( 4, 2, 2, 4 ),
 ( 2.430632680773609519E-07, 0.001922895103017918184, 0.002884221122892837580, 0.003845547142767757193 ),
 .UNSPECIFIED. ) ;
#3318 = VECTOR ( 'NONE', #1062, 1000.000000000000000 ) ;
#3319 = CARTESIAN_POINT ( 'NONE',  ( 0.3252336506482007561, 11.91390032355648287, -3.424443613967047995 ) ) ;
#3320 = CARTESIAN_POINT ( 'NONE',  ( 19.99999999999999645, -6.581779876088587500, -9.833508752078257587 ) ) ;
#3321 = DIRECTION ( 'NONE',  ( 0.000000000000000000, 0.000000000000000000, -1.000000000000000000 ) ) ;
#3322 = VERTEX_POINT ( 'NONE', #2603 ) ;
#3323 = EDGE_LOOP ( 'NONE', ( #62, #4123 ) ) ;
#3324 = EDGE_CURVE ( 'NONE', #1811, #2619, #432, .T. ) ;
#3325 = DIRECTION ( 'NONE',  ( 0.000000000000000000, 0.000000000000000000, 1.000000000000000000 ) ) ;
#3326 = CIRCLE ( 'NONE', #4289, 14.99999999999250022 ) ;
#3327 = CARTESIAN_POINT ( 'NONE',  ( 18.90216944294202150, -8.024316171125940755, -11.14690641230039070 ) ) ;
#3328 = CARTESIAN_POINT ( 'NONE',  ( 19.36072147212066596, -9.231171301949888885, 9.070308238515460530 ) ) ;
#3329 = AXIS2_PLACEMENT_3D ( 'NONE', #2292, #1155, #5072 ) ;
#3330 = EDGE_CURVE ( 'NONE', #2069, #4647, #3200, .T. ) ;
#3331 = ADVANCED_FACE ( 'NONE', ( #538 ), #979, .T. ) ;
#3332 = AXIS2_PLACEMENT_3D ( 'NONE', #1459, #3028, #4945 ) ;
#3333 = CARTESIAN_POINT ( 'NONE',  ( 1.259845761902281369, 12.58023694486959876, -6.180332827330648371 ) ) ;
#3334 = CARTESIAN_POINT ( 'NONE',  ( 20.00000000000000000, 0.000000000000000000, 3.000000000000000444 ) ) ;
#3335 = VERTEX_POINT ( 'NONE', #2887 ) ;
#3336 = CARTESIAN_POINT ( 'NONE',  ( 0.3226133255998577254, -1.281579797326840353, 12.32538184688692517 ) ) ;
#3337 = CARTESIAN_POINT ( 'NONE',  ( 1.828521199716542922, 0.3769537665663796888, -14.99526278054661255 ) ) ;
#3338 = CARTESIAN_POINT ( 'NONE',  ( 18.17147880028345597, -14.83290837936663031, 2.232673063636990918 ) ) ;
#3339 = CARTESIAN_POINT ( 'NONE',  ( 1.828521199716542922, 0.000000000000000000, 0.000000000000000000 ) ) ;
#3340 = ORIENTED_EDGE ( 'NONE', *, *, #1241, .T. ) ;
#3341 = ORIENTED_EDGE ( 'NONE', *, *, #2532, .F. ) ;
#3342 = CARTESIAN_POINT ( 'NONE',  ( 18.17147880028345597, 0.000000000000000000, 0.000000000000000000 ) ) ;
#3343 = CARTESIAN_POINT ( 'NONE',  ( 1.249242700722048127, 8.272035166166148201, -11.29150137737242154 ) ) ;
#3344 = CARTESIAN_POINT ( 'NONE',  ( 1.545787512647925688, 12.21207678370172545, -7.837843739091987949 ) ) ;
#3345 = FACE_OUTER_BOUND ( 'NONE', #1256, .T. ) ;
#3346 = ORIENTED_EDGE ( 'NONE', *, *, #389, .T. ) ;
#3347 = ORIENTED_EDGE ( 'NONE', *, *, #1411, .F. ) ;
#3348 = CARTESIAN_POINT ( 'NONE',  ( 0.7984650018844878794, 1.164478707666118718, -13.16484835695003142 ) ) ;
#3349 = DIRECTION ( 'NONE',  ( 0.000000000000000000, 0.000000000000000000, 1.000000000000000000 ) ) ;
#3350 = DIRECTION ( 'NONE',  ( 0.000000000000000000, 0.000000000000000000, 1.000000000000000000 ) ) ;
#3351 = ORIENTED_EDGE ( 'NONE', *, *, #264, .T. ) ;
#3352 = CARTESIAN_POINT ( 'NONE',  ( 0.000000000000000000, 0.000000000000000000, 0.000000000000000000 ) ) ;
#3353 = EDGE_CURVE ( 'NONE', #4724, #1073, #956, .T. ) ;
#3354 = EDGE_CURVE ( 'NONE', #1029, #888, #3476, .T. ) ;
#3355 = DIRECTION ( 'NONE',  ( -1.000000000000000000, 0.000000000000000000, -0.000000000000000000 ) ) ;
#3356 = VERTEX_POINT ( 'NONE', #1005 ) ;
#3357 = CARTESIAN_POINT ( 'NONE',  ( 0.1622244187178097652, -1.291226848077523970, 12.04489010802396010 ) ) ;
#3358 = VERTEX_POINT ( 'NONE', #1706 ) ;
#3359 = FACE_OUTER_BOUND ( 'NONE', #1976, .T. ) ;
#3360 = EDGE_CURVE ( 'NONE', #1720, #2289, #3275, .T. ) ;
#3361 = CARTESIAN_POINT ( 'NONE',  ( 5.000000000000000888, 0.2738250307120566607, 9.994644099306219331 ) ) ;
#3362 = ORIENTED_EDGE ( 'NONE', *, *, #79, .T. ) ;
#3363 = ORIENTED_EDGE ( 'NONE', *, *, #1865, .T. ) ;
#3364 = DIRECTION ( 'NONE',  ( 0.000000000000000000, -2.309263891220325604E-14, -1.000000000000000000 ) ) ;
#3365 = CARTESIAN_POINT ( 'NONE',  ( 18.15247913859322182, 0.000000000000000000, 0.000000000000000000 ) ) ;
#3366 = DIRECTION ( 'NONE',  ( -1.000000000000000000, -0.000000000000000000, 0.000000000000000000 ) ) ;
#3367 = PRODUCT ( 'Metric - Spur gear 1.5M 18T 20PA 20FW ---S18N75H50L6N', 'Metric - Spur gear 1.5M 18T 20PA 20FW ---S18N75H50L6N', '', ( #4118 ) ) ;
#3368 = CARTESIAN_POINT ( 'NONE',  ( 19.99999999999999645, -11.36279348549007651, 3.302218181857260682 ) ) ;
#3369 = ORIENTED_EDGE ( 'NONE', *, *, #1401, .F. ) ;
#3370 = VERTEX_POINT ( 'NONE', #4440 ) ;
#3371 = DIRECTION ( 'NONE',  ( 0.000000000000000000, 0.000000000000000000, -1.000000000000000000 ) ) ;
#3372 = CARTESIAN_POINT ( 'NONE',  ( 18.17147880028345597, 5.482902598228515778, -13.96201200035704026 ) ) ;
#3373 = CARTESIAN_POINT ( 'NONE',  ( 19.83777559438334137, 11.63768195123898508, -3.363183423417348994 ) ) ;
#3374 = VECTOR ( 'NONE', #1195, 1000.000000000000000 ) ;
#3375 = CARTESIAN_POINT ( 'NONE',  ( 18.90216929845367133, -13.66566245119436118, 1.375808572319843881 ) ) ;
#3376 = AXIS2_PLACEMENT_3D ( 'NONE', #1438, #1460, #579 ) ;
#3377 = CIRCLE ( 'NONE', #4111, 5.399999999997298517 ) ;
#3378 = B_SPLINE_CURVE_WITH_KNOTS ( 'NONE', 3,
 ( #4542, #3754, #2120, #231, #1317, #2992, #4083, #3372 ),
 .UNSPECIFIED., .F., .F.,
 ( 4, 2, 2, 4 ),
 ( 3.929789716543575044E-07, 0.001917556205434775259, 0.002876137818666335642, 0.003834719431897896241 ),
 .UNSPECIFIED. ) ;
#3379 = ORIENTED_EDGE ( 'NONE', *, *, #2400, .T. ) ;
#3380 = CARTESIAN_POINT ( 'NONE',  ( 18.17147880028345597, 0.000000000000000000, 0.000000000000000000 ) ) ;
#3381 = EDGE_CURVE ( 'NONE', #2989, #1419, #2736, .T. ) ;
#3382 = EDGE_CURVE ( 'NONE', #4463, #4647, #4777, .T. ) ;
#3383 = AXIS2_PLACEMENT_3D ( 'NONE', #1966, #2020, #2705 ) ;
#3384 = FACE_BOUND ( 'NONE', #4934, .T. ) ;
#3385 = FACE_OUTER_BOUND ( 'NONE', #1891, .T. ) ;
#3386 = VERTEX_POINT ( 'NONE', #4062 ) ;
#3387 = VERTEX_POINT ( 'NONE', #3300 ) ;
#3388 = CARTESIAN_POINT ( 'NONE',  ( 1.532666420575959254, -12.18676423943098008, 7.835301323466038248 ) ) ;
#3389 = EDGE_CURVE ( 'NONE', #2556, #1550, #29, .T. ) ;
#3390 = DIRECTION ( 'NONE',  ( -1.000000000000000000, 0.000000000000000000, 0.000000000000000000 ) ) ;
#3391 = AXIS2_PLACEMENT_3D ( 'NONE', #4594, #4287, #665 ) ;
#3392 = CARTESIAN_POINT ( 'NONE',  ( 19.99999999999999645, 1.278921685669924146, 11.76359128992534941 ) ) ;
#3393 = CYLINDRICAL_SURFACE ( 'NONE', #2809, 11.62399999999418831 ) ;
#3394 = VERTEX_POINT ( 'NONE', #3423 ) ;
#3395 = AXIS2_PLACEMENT_3D ( 'NONE', #4252, #4667, #1935 ) ;
#3396 = VERTEX_POINT ( 'NONE', #3803 ) ;
#3397 = CARTESIAN_POINT ( 'NONE',  ( 1.828521199716542700, 12.79780162109351949, 7.824082928171905316 ) ) ;
#3398 = AXIS2_PLACEMENT_3D ( 'NONE', #267, #2562, #1846 ) ;
#3399 = CYLINDRICAL_SURFACE ( 'NONE', #3395, 11.62399999999418831 ) ;
#3400 = CARTESIAN_POINT ( 'NONE',  ( 0.000000000000000000, 8.541201577072321527, 8.189358725462058786 ) ) ;
#3401 = CARTESIAN_POINT ( 'NONE',  ( 18.31070245995506696, -9.895144412461057470, 10.95165686809714245 ) ) ;
#3402 = CONICAL_SURFACE ( 'NONE', #3246, 11.83290837936660012, 1.047197551196604515 ) ;
#3403 = CARTESIAN_POINT ( 'NONE',  ( 0.000000000000000000, 0.000000000000000000, 0.000000000000000000 ) ) ;
#3404 = AXIS2_PLACEMENT_3D ( 'NONE', #433, #4304, #380 ) ;
#3405 = ORIENTED_EDGE ( 'NONE', *, *, #1125, .T. ) ;
#3406 = CARTESIAN_POINT ( 'NONE',  ( 1.550771000810660771, 9.862918540758313313, -10.66004472846072204 ) ) ;
#3407 = CIRCLE ( 'NONE', #4383, 5.399999999997299405 ) ;
#3408 = ORIENTED_EDGE ( 'NONE', *, *, #836, .T. ) ;
#3409 = CARTESIAN_POINT ( 'NONE',  ( 18.17147880028345597, -14.70199371010881251, 2.975127047320150542 ) ) ;
#3410 = CARTESIAN_POINT ( 'NONE',  ( 18.33875428288537179, -12.44990391086190940, 7.835301323466149270 ) ) ;
#3411 = CIRCLE ( 'NONE', #3087, 14.99999999999250022 ) ;
#3412 = ORIENTED_EDGE ( 'NONE', *, *, #1690, .F. ) ;
#3413 = ORIENTED_EDGE ( 'NONE', *, *, #680, .T. ) ;
#3414 = CARTESIAN_POINT ( 'NONE',  ( 19.99999999999999645, 11.36279348549004986, 3.302218181857340618 ) ) ;
#3415 = DIRECTION ( 'NONE',  ( 0.000000000000000000, 0.000000000000000000, 1.000000000000000000 ) ) ;
#3416 = DIRECTION ( 'NONE',  ( -1.000000000000000000, 0.000000000000000000, 0.000000000000000000 ) ) ;
#3417 = EDGE_CURVE ( 'NONE', #1028, #4764, #2589, .T. ) ;
#3418 = DIRECTION ( 'NONE',  ( -1.000000000000000000, 0.000000000000000000, -0.000000000000000000 ) ) ;
#3419 = ADVANCED_FACE ( 'NONE', ( #3500 ), #3119, .T. ) ;
#3420 = EDGE_LOOP ( 'NONE', ( #4265, #4904 ) ) ;
#3421 = EDGE_LOOP ( 'NONE', ( #620, #2019, #2190, #1949 ) ) ;
#3422 = DIRECTION ( 'NONE',  ( -1.000000000000000000, -0.000000000000000000, -0.000000000000000000 ) ) ;
#3423 = CARTESIAN_POINT ( 'NONE',  ( 19.99999999999999645, 5.141407353527533530, 10.42512860472032088 ) ) ;
#3424 = CARTESIAN_POINT ( 'NONE',  ( 19.99999999999999645, -7.971798191701887859, -9.868193021853636893 ) ) ;
#3425 = ORIENTED_EDGE ( 'NONE', *, *, #4477, .F. ) ;
#3426 = ORIENTED_EDGE ( 'NONE', *, *, #4136, .F. ) ;
#3427 = CARTESIAN_POINT ( 'NONE',  ( 5.000000000000000888, -0.2738250307121672944, -9.994644099306174923 ) ) ;
#3428 = CARTESIAN_POINT ( 'NONE',  ( 5.000000000000000888, -0.2738250307121672944, -6.994644099306175811 ) ) ;
#3429 = VERTEX_POINT ( 'NONE', #2697 ) ;
#3430 = B_SPLINE_CURVE_WITH_KNOTS ( 'NONE', 3,
 ( #3145, #4695, #4306, #3576, #4327, #817, #404, #847 ),
 .UNSPECIFIED., .F., .F.,
 ( 4, 2, 2, 4 ),
 ( 3.929789713137075875E-07, 0.001917556271398188159, 0.002876137917611621200, 0.003834719563825054241 ),
 .UNSPECIFIED. ) ;
#3431 = CARTESIAN_POINT ( 'NONE',  ( 5.000000000000000888, 0.2738250307120562721, 6.994644099306219331 ) ) ;
#3432 = LINE ( 'NONE', #2662, #839 ) ;
#3433 = CARTESIAN_POINT ( 'NONE',  ( 18.17147880028345597, -14.70199371010877165, -2.975127047320347717 ) ) ;
#3434 = ORIENTED_EDGE ( 'NONE', *, *, #4569, .T. ) ;
#3435 = ORIENTED_EDGE ( 'NONE', *, *, #2787, .F. ) ;
#3436 = DIRECTION ( 'NONE',  ( -1.000000000000000000, -0.000000000000000000, -0.000000000000000000 ) ) ;
#3437 = DIRECTION ( 'NONE',  ( 1.000000000000000000, -0.000000000000000000, -0.000000000000000000 ) ) ;
#3438 = CARTESIAN_POINT ( 'NONE',  ( 19.35976661704287594, 1.218508335097415740, 12.88446942724242383 ) ) ;
#3439 = FACE_OUTER_BOUND ( 'NONE', #3545, .T. ) ;
#3440 = ORIENTED_EDGE ( 'NONE', *, *, #2043, .T. ) ;
#3441 = VERTEX_POINT ( 'NONE', #280 ) ;
#3442 = EDGE_CURVE ( 'NONE', #3966, #3758, #266, .T. ) ;
#3443 = DIRECTION ( 'NONE',  ( -1.000000000000000000, 0.000000000000000000, -0.000000000000000000 ) ) ;
#3444 = EDGE_CURVE ( 'NONE', #3429, #4742, #4531, .T. ) ;
#3445 = DIRECTION ( 'NONE',  ( 1.000000000000000000, 0.000000000000000000, 0.000000000000000000 ) ) ;
#3446 = CARTESIAN_POINT ( 'NONE',  ( 5.000000000000000888, -7.000001873099979122, -1.844327237370755631E-15 ) ) ;
#3447 = ORIENTED_EDGE ( 'NONE', *, *, #1240, .F. ) ;
#3448 = EDGE_CURVE ( 'NONE', #1977, #4234, #673, .T. ) ;
#3449 = CARTESIAN_POINT ( 'NONE',  ( 1.249242879075009416, -13.91474491434848382, -1.518042083217416183 ) ) ;
#3450 = LINE ( 'NONE', #3505, #986 ) ;
#3451 = CIRCLE ( 'NONE', #2645, 2.999999999999999112 ) ;
#3452 = ORIENTED_EDGE ( 'NONE', *, *, #640, .T. ) ;
#3453 = DIRECTION ( 'NONE',  ( 0.000000000000000000, 1.092459456231154036E-13, 1.000000000000000000 ) ) ;
#3454 = AXIS2_PLACEMENT_3D ( 'NONE', #4475, #4888, #4089 ) ;
#3455 = FACE_OUTER_BOUND ( 'NONE', #4060, .T. ) ;
#3456 = CARTESIAN_POINT ( 'NONE',  ( 1.661245717114628206, -12.44990391086190940, 7.835301323466149270 ) ) ;
#3457 = EDGE_LOOP ( 'NONE', ( #1781, #4, #662, #3596, #2024, #198, #1074, #3209, #3295, #594, #1169, #1314, #242, #1000, #1525, #3621, #1257, #1673, #818, #4791, #806, #508, #3315, #917, #4908, #1452, #3265, #4702, #4419, #1145, #1538, #1051, #212, #3203, #4640, #4404, #3082, #2140, #1774, #3814, #2936, #384, #3569, #4893, #3506, #2098, #4273, #667, #2517, #2418, #3047, #2573, #1623, #1938, #3744, #1901, #1639, #1096, #962, #486, #121, #1152, #222, #3651, #3908, #3525, #1678, #290, #2254, #1633, #1746, #3233, #4650 ) ) ;
#3458 = ORIENTED_EDGE ( 'NONE', *, *, #1790, .F. ) ;
#3459 = DIRECTION ( 'NONE',  ( 0.000000000000000000, 0.000000000000000000, 1.000000000000000000 ) ) ;
#3460 = AXIS2_PLACEMENT_3D ( 'NONE', #1621, #3522, #2723 ) ;
#3461 = CIRCLE ( 'NONE', #1167, 11.83290837936660012 ) ;
#3462 = ADVANCED_FACE ( 'NONE', ( #4565 ), #2726, .T. ) ;
#3463 = DIRECTION ( 'NONE',  ( 0.000000000000000000, 0.000000000000000000, 1.000000000000000000 ) ) ;
#3464 = AXIS2_PLACEMENT_3D ( 'NONE', #2028, #3186, #1227 ) ;
#3465 = CARTESIAN_POINT ( 'NONE',  ( 0.000000000000000000, 0.2738250307120562721, 5.244644099306219331 ) ) ;
#3466 = ORIENTED_EDGE ( 'NONE', *, *, #4223, .T. ) ;
#3467 = ORIENTED_EDGE ( 'NONE', *, *, #1865, .F. ) ;
#3468 = CIRCLE ( 'NONE', #3063, 11.62399999999419009 ) ;
#3469 = DIRECTION ( 'NONE',  ( 0.000000000000000000, 0.9848077530122085754, -0.1736481776669273058 ) ) ;
#3470 = CARTESIAN_POINT ( 'NONE',  ( 0.000000000000000000, -0.2738250307121672944, -6.994644099306175811 ) ) ;
#3471 = CARTESIAN_POINT ( 'NONE',  ( 18.75075729927795365, 8.272035166165990105, 11.29150137737254056 ) ) ;
#3472 = DIRECTION ( 'NONE',  ( -1.000000000000000000, 0.000000000000000000, 0.000000000000000000 ) ) ;
#3473 = CIRCLE ( 'NONE', #2078, 3.000000000000000444 ) ;
#3474 = ORIENTED_EDGE ( 'NONE', *, *, #2107, .T. ) ;
#3475 = EDGE_CURVE ( 'NONE', #1063, #2866, #1263, .T. ) ;
#3476 = CIRCLE ( 'NONE', #4530, 5.399999999997299405 ) ;
#3477 = CARTESIAN_POINT ( 'NONE',  ( 18.74015371868009083, 13.93535500834931007, 1.504919126487958891 ) ) ;
#3478 = FACE_OUTER_BOUND ( 'NONE', #4168, .T. ) ;
#3479 = EDGE_CURVE ( 'NONE', #2795, #5028, #3069, .T. ) ;
#3480 = EDGE_CURVE ( 'NONE', #277, #3356, #4281, .T. ) ;
#3481 = AXIS2_PLACEMENT_3D ( 'NONE', #3202, #4013, #158 ) ;
#3482 = EDGE_LOOP ( 'NONE', ( #3218, #4016, #308, #849 ) ) ;
#3483 = CARTESIAN_POINT ( 'NONE',  ( 9.999999999999998224, 13.17475538765975074, 7.171179852374736541 ) ) ;
#3484 = AXIS2_PLACEMENT_3D ( 'NONE', #153, #4849, #4466 ) ;
#3485 = CARTESIAN_POINT ( 'NONE',  ( 0.000000000000000000, -8.396946530139153708, -8.037951540650695392 ) ) ;
#3486 = CARTESIAN_POINT ( 'NONE',  ( 19.99999999999999645, 11.10256122485993302, -6.137094929526425879 ) ) ;
#3487 = EDGE_CURVE ( 'NONE', #2685, #1028, #3924, .T. ) ;
#3488 = ORIENTED_EDGE ( 'NONE', *, *, #3196, .T. ) ;
#3489 = CIRCLE ( 'NONE', #4461, 11.83290837936660189 ) ;
#3490 = CARTESIAN_POINT ( 'NONE',  ( 0.9925199284819435919, -11.16219498454233161, 7.685608841256414081 ) ) ;
#3491 = DIRECTION ( 'NONE',  ( 0.000000000000000000, -0.6427876096865300370, -0.7660444431189858960 ) ) ;
#3492 = DIRECTION ( 'NONE',  ( 0.000000000000000000, 0.000000000000000000, 1.000000000000000000 ) ) ;
#3493 = VECTOR ( 'NONE', #3437, 1000.000000000000000 ) ;
#3494 = FACE_OUTER_BOUND ( 'NONE', #3091, .T. ) ;
#3495 = VERTEX_POINT ( 'NONE', #1523 ) ;
#3496 = VERTEX_POINT ( 'NONE', #3096 ) ;
#3497 = B_SPLINE_CURVE_WITH_KNOTS ( 'NONE', 3,
 ( #780, #1554, #2377, #826, #1630, #1142, #1945, #1219 ),
 .UNSPECIFIED., .F., .F.,
 ( 4, 2, 2, 4 ),
 ( 3.929789716549485746E-07, 0.001917556215103744226, 0.002876137833169789201, 0.003834719451235833743 ),
 .UNSPECIFIED. ) ;
#3498 = FACE_BOUND ( 'NONE', #3005, .T. ) ;
#3499 = CARTESIAN_POINT ( 'NONE',  ( 0.2907071634854160869, 9.984156695288662675, 7.246138566110684742 ) ) ;
#3500 = FACE_OUTER_BOUND ( 'NONE', #2196, .T. ) ;
#3501 = DIRECTION ( 'NONE',  ( 0.000000000000000000, 0.000000000000000000, -1.000000000000000000 ) ) ;
#3502 = ORIENTED_EDGE ( 'NONE', *, *, #2570, .T. ) ;
#3503 = DIRECTION ( 'NONE',  ( 0.000000000000000000, 0.000000000000000000, 1.000000000000000000 ) ) ;
#3504 = B_SPLINE_CURVE_WITH_KNOTS ( 'NONE', 3,
 ( #3204, #2741, #4296, #1634, #1247, #4370, #1970, #3537 ),
 .UNSPECIFIED., .F., .F.,
 ( 4, 2, 2, 4 ),
 ( 0.0003824900849429369943, 0.002114006082631370367, 0.002979764081475586891, 0.003845522080319803415 ),
 .UNSPECIFIED. ) ;
#3505 = CARTESIAN_POINT ( 'NONE',  ( 19.99999999999999645, 10.63969002948383213, -4.681278893247791117 ) ) ;
#3506 = ORIENTED_EDGE ( 'NONE', *, *, #151, .F. ) ;
#3507 = CARTESIAN_POINT ( 'NONE',  ( 18.44922899918935144, -9.862918540758087715, -10.66004472846089435 ) ) ;
#3508 = EDGE_CURVE ( 'NONE', #3558, #299, #2494, .T. ) ;
#3509 = ADVANCED_FACE ( 'NONE', ( #1134 ), #3399, .T. ) ;
#3510 = CARTESIAN_POINT ( 'NONE',  ( 0.000000000000000000, -5.225178449592039698, 10.61674295084906205 ) ) ;
#3511 = CARTESIAN_POINT ( 'NONE',  ( 9.999999999999998224, 0.3769537665663782455, -14.99526278054661255 ) ) ;
#3512 = EDGE_LOOP ( 'NONE', ( #843, #2322, #2648, #3629 ) ) ;
#3513 = CARTESIAN_POINT ( 'NONE',  ( 19.99999999999999645, 0.000000000000000000, 0.000000000000000000 ) ) ;
#3514 = DIRECTION ( 'NONE',  ( 1.000000000000000000, 0.000000000000000000, 0.000000000000000000 ) ) ;
#3515 = EDGE_CURVE ( 'NONE', #3356, #2782, #4615, .T. ) ;
#3516 = FACE_OUTER_BOUND ( 'NONE', #2584, .T. ) ;
#3517 = CARTESIAN_POINT ( 'NONE',  ( 0.000000000000000000, -8.333984767424830409, 9.564282399747156660 ) ) ;
#3518 = ORIENTED_EDGE ( 'NONE', *, *, #4968, .T. ) ;
#3519 = EDGE_LOOP ( 'NONE', ( #4730, #2052, #2234, #1805 ) ) ;
#3520 = ORIENTED_EDGE ( 'NONE', *, *, #1266, .F. ) ;
#3521 = DIRECTION ( 'NONE',  ( 0.000000000000000000, 0.000000000000000000, 1.000000000000000000 ) ) ;
#3522 = DIRECTION ( 'NONE',  ( 1.000000000000000000, 0.000000000000000000, 0.000000000000000000 ) ) ;
#3523 = DIRECTION ( 'NONE',  ( 0.000000000000000000, 0.000000000000000000, -1.000000000000000000 ) ) ;
#3524 = CARTESIAN_POINT ( 'NONE',  ( -10.00000000000000000, 0.000000000000000000, 0.000000000000000000 ) ) ;
#3525 = ORIENTED_EDGE ( 'NONE', *, *, #933, .F. ) ;
#3526 = EDGE_CURVE ( 'NONE', #990, #4600, #4365, .T. ) ;
#3527 = DIRECTION ( 'NONE',  ( 1.000000000000000000, 0.000000000000000000, 0.000000000000000000 ) ) ;
#3528 = DIRECTION ( 'NONE',  ( -1.000000000000000000, -0.000000000000000000, -0.000000000000000000 ) ) ;
#3529 = ORIENTED_EDGE ( 'NONE', *, *, #2451, .F. ) ;
#3530 = DIRECTION ( 'NONE',  ( 0.000000000000000000, -2.575717417130363174E-14, 1.000000000000000000 ) ) ;
#3531 = B_SPLINE_CURVE_WITH_KNOTS ( 'NONE', 3,
 ( #2962, #4514, #3328, #4442, #2580, #619, #3401, #3755 ),
 .UNSPECIFIED., .F., .F.,
 ( 4, 2, 2, 4 ),
 ( 3.929789716560955102E-07, 0.001917556187709839157, 0.002876137792078932789, 0.003834719396448026639 ),
 .UNSPECIFIED. ) ;
#3532 = CARTESIAN_POINT ( 'NONE',  ( 0.000000000000000000, -7.000001873099979122, -1.750000000000001998 ) ) ;
#3533 = CYLINDRICAL_SURFACE ( 'NONE', #1595, 5.399999999997299405 ) ;
#3534 = AXIS2_PLACEMENT_3D ( 'NONE', #1950, #2413, #421 ) ;
#3535 = ORIENTED_EDGE ( 'NONE', *, *, #873, .T. ) ;
#3536 = ADVANCED_FACE ( 'NONE', ( #1254 ), #352, .T. ) ;
#3537 = CARTESIAN_POINT ( 'NONE',  ( 19.99999999999999645, -9.548108053977758303, 6.989374314203628202 ) ) ;
#3538 = CONICAL_SURFACE ( 'NONE', #4106, 15.03290837936660296, 1.047197551196604515 ) ;
#3539 = DIRECTION ( 'NONE',  ( 1.000000000000000000, 0.000000000000000000, 0.000000000000000000 ) ) ;
#3540 = CARTESIAN_POINT ( 'NONE',  ( 19.99999999999999645, -8.333984767424830409, 9.564282399747156660 ) ) ;
#3541 = CARTESIAN_POINT ( 'NONE',  ( 1.828521199716542922, -12.79780162109357278, 7.824082928171820051 ) ) ;
#3542 = AXIS2_PLACEMENT_3D ( 'NONE', #51, #3171, #736 ) ;
#3543 = CIRCLE ( 'NONE', #1577, 5.399999999997300293 ) ;
#3544 = ORIENTED_EDGE ( 'NONE', *, *, #2857, .T. ) ;
#3545 = EDGE_LOOP ( 'NONE', ( #3613, #1090, #778, #3658, #4883, #3187 ) ) ;
#3546 = EDGE_CURVE ( 'NONE', #427, #509, #4125, .T. ) ;
#3547 = ORIENTED_EDGE ( 'NONE', *, *, #1291, .T. ) ;
#3548 = CARTESIAN_POINT ( 'NONE',  ( 18.33875428288535048, 12.44990391086189874, 7.835301323466232759 ) ) ;
#3549 = CIRCLE ( 'NONE', #3223, 11.62399999999418654 ) ;
#3550 = CIRCLE ( 'NONE', #1249, 5.399999999997299405 ) ;
#3551 = CARTESIAN_POINT ( 'NONE',  ( 18.15247913859322182, 0.000000000000000000, 0.000000000000000000 ) ) ;
#3552 = CARTESIAN_POINT ( 'NONE',  ( 19.35976672633866613, -12.90031695199262529, -1.037368121401757826 ) ) ;
#3553 = ORIENTED_EDGE ( 'NONE', *, *, #2818, .F. ) ;
#3554 = AXIS2_PLACEMENT_3D ( 'NONE', #2582, #189, #2552 ) ;
#3555 = DIRECTION ( 'NONE',  ( -1.000000000000000000, 0.000000000000000000, 0.000000000000000000 ) ) ;
#3556 = CARTESIAN_POINT ( 'NONE',  ( 19.99999999999999645, -1.278921685670003860, 11.76359128992534053 ) ) ;
#3557 = EDGE_LOOP ( 'NONE', ( #1392, #669, #3853, #2761, #3271, #12 ) ) ;
#3558 = VERTEX_POINT ( 'NONE', #4374 ) ;
#3559 = DIRECTION ( 'NONE',  ( -1.000000000000000000, 0.000000000000000000, 0.000000000000000000 ) ) ;
#3560 = VECTOR ( 'NONE', #1770, 1000.000000000000000 ) ;
#3561 = FACE_OUTER_BOUND ( 'NONE', #3828, .T. ) ;
#3562 = DIRECTION ( 'NONE',  ( 0.000000000000000000, 0.000000000000000000, 1.000000000000000000 ) ) ;
#3563 = ORIENTED_EDGE ( 'NONE', *, *, #390, .T. ) ;
#3564 = DIRECTION ( 'NONE',  ( 1.000000000000000000, 0.000000000000000000, 0.000000000000000000 ) ) ;
#3565 = AXIS2_PLACEMENT_3D ( 'NONE', #2943, #1011, #4493 ) ;
#3566 = CARTESIAN_POINT ( 'NONE',  ( 1.097830624825080870, 1.018110476578061308, 13.69695684677987124 ) ) ;
#3567 = CARTESIAN_POINT ( 'NONE',  ( 0.000000000000000000, 4.560206750522659114, -11.83787625878349559 ) ) ;
#3568 = AXIS2_PLACEMENT_3D ( 'NONE', #3921, #2720, #322 ) ;
#3569 = ORIENTED_EDGE ( 'NONE', *, *, #4569, .F. ) ;
#3570 = ORIENTED_EDGE ( 'NONE', *, *, #1124, .F. ) ;
#3571 = CARTESIAN_POINT ( 'NONE',  ( 0.000000000000000000, -7.000001873099979122, -1.750000000000001998 ) ) ;
#3572 = AXIS2_PLACEMENT_3D ( 'NONE', #4610, #4225, #3893 ) ;
#3573 = CARTESIAN_POINT ( 'NONE',  ( 0.000000000000000000, 9.548108053977710341, 6.989374314203685934 ) ) ;
#3574 = EDGE_CURVE ( 'NONE', #947, #4392, #3019, .T. ) ;
#3575 = EDGE_CURVE ( 'NONE', #2289, #2396, #1426, .T. ) ;
#3576 = CARTESIAN_POINT ( 'NONE',  ( 18.90216941176871046, -12.37096777620487664, 5.966768836061346448 ) ) ;
#3577 = VERTEX_POINT ( 'NONE', #2514 ) ;
#3578 = ADVANCED_FACE ( 'NONE', ( #66 ), #2926, .T. ) ;
#3579 = CYLINDRICAL_SURFACE ( 'NONE', #3877, 5.399999999997299405 ) ;
#3580 = CARTESIAN_POINT ( 'NONE',  ( 19.99999999999999645, 0.000000000000000000, 0.000000000000000000 ) ) ;
#3581 = ORIENTED_EDGE ( 'NONE', *, *, #4850, .T. ) ;
#3582 = CARTESIAN_POINT ( 'NONE',  ( 0.000000000000000000, 9.373951458494477862, 6.873602407301000916 ) ) ;
#3583 = LINE ( 'NONE', #4393, #3627 ) ;
#3584 = CARTESIAN_POINT ( 'NONE',  ( 19.99999999999999645, -5.141407353527460700, -10.42512860472035818 ) ) ;
#3585 = ORIENTED_EDGE ( 'NONE', *, *, #1084, .T. ) ;
#3586 = CARTESIAN_POINT ( 'NONE',  ( 0.000000000000000000, 0.2364004980235602238, -12.68364753256398458 ) ) ;
#3587 = DIRECTION ( 'NONE',  ( 0.000000000000000000, -0.3420201433256568890, -0.9396926207859126468 ) ) ;
#3588 = CYLINDRICAL_SURFACE ( 'NONE', #257, 11.62399999999418831 ) ;
#3589 = CARTESIAN_POINT ( 'NONE',  ( 19.99999999999999645, -7.971798191702021086, 9.868193021853528535 ) ) ;
#3590 = VERTEX_POINT ( 'NONE', #2823 ) ;
#3591 = ORIENTED_EDGE ( 'NONE', *, *, #2286, .F. ) ;
#3592 = ORIENTED_EDGE ( 'NONE', *, *, #131, .F. ) ;
#3593 = FACE_OUTER_BOUND ( 'NONE', #1762, .T. ) ;
#3594 = DIRECTION ( 'NONE',  ( -1.000000000000000000, 0.000000000000000000, -0.000000000000000000 ) ) ;
#3595 = DIRECTION ( 'NONE',  ( -1.000000000000000000, -0.000000000000000000, -0.000000000000000000 ) ) ;
#3596 = ORIENTED_EDGE ( 'NONE', *, *, #40, .F. ) ;
#3597 = EDGE_CURVE ( 'NONE', #228, #878, #1168, .T. ) ;
#3598 = EDGE_CURVE ( 'NONE', #2069, #513, #4043, .T. ) ;
#3599 = DIRECTION ( 'NONE',  ( 0.000000000000000000, 0.000000000000000000, -1.000000000000000000 ) ) ;
#3600 = CARTESIAN_POINT ( 'NONE',  ( 0.000000000000000000, -7.000001873099979122, -1.844327237370755631E-15 ) ) ;
#3601 = CARTESIAN_POINT ( 'NONE',  ( 18.45421236233360318, 4.316924901299704409, 13.85390845694310435 ) ) ;
#3602 = ORIENTED_EDGE ( 'NONE', *, *, #1959, .F. ) ;
#3603 = EDGE_CURVE ( 'NONE', #4044, #2465, #598, .T. ) ;
#3604 = DIRECTION ( 'NONE',  ( -1.000000000000000000, -0.000000000000000000, -0.000000000000000000 ) ) ;
#3605 = DIRECTION ( 'NONE',  ( 1.000000000000000000, 0.000000000000000000, 0.000000000000000000 ) ) ;
#3606 = ORIENTED_EDGE ( 'NONE', *, *, #2570, .F. ) ;
#3607 = DIRECTION ( 'NONE',  ( 0.000000000000000000, 0.000000000000000000, 1.000000000000000000 ) ) ;
#3608 = CARTESIAN_POINT ( 'NONE',  ( 0.7984650731181833772, -12.76263525461859061, -3.432839572520356874 ) ) ;
#3609 = CARTESIAN_POINT ( 'NONE',  ( 19.99999999999999645, 6.457722532643940916, -9.665153681719063528 ) ) ;
#3610 = CARTESIAN_POINT ( 'NONE',  ( 0.000000000000000000, -4.115919143436960859, -11.99958372321604294 ) ) ;
#3611 = CARTESIAN_POINT ( 'NONE',  ( 19.36072144470488965, 11.77669171670281933, -5.366055217017505541 ) ) ;
#3612 = EDGE_LOOP ( 'NONE', ( #2527, #825, #2717, #2472 ) ) ;
#3613 = ORIENTED_EDGE ( 'NONE', *, *, #1151, .T. ) ;
#3614 = EDGE_CURVE ( 'NONE', #648, #3285, #2084, .T. ) ;
#3615 = EDGE_LOOP ( 'NONE', ( #2920, #35, #2433, #4662 ) ) ;
#3616 = DIRECTION ( 'NONE',  ( -1.000000000000000000, 0.000000000000000000, -0.000000000000000000 ) ) ;
#3617 = DIRECTION ( 'NONE',  ( 0.000000000000000000, 0.000000000000000000, -1.000000000000000000 ) ) ;
#3618 = CIRCLE ( 'NONE', #1410, 11.62399999999418654 ) ;
#3619 =( GEOMETRIC_REPRESENTATION_CONTEXT ( 3 ) GLOBAL_UNCERTAINTY_ASSIGNED_CONTEXT ( ( #850 ) ) GLOBAL_UNIT_ASSIGNED_CONTEXT ( ( #4015, #600, #113 ) ) REPRESENTATION_CONTEXT ( 'NONE', 'WORKASPACE' ) );
#3620 = LINE ( 'NONE', #1160, #747 ) ;
#3621 = ORIENTED_EDGE ( 'NONE', *, *, #3731, .F. ) ;
#3622 = UNCERTAINTY_MEASURE_WITH_UNIT (LENGTH_MEASURE( 1.000000000000000082E-05 ), #911, 'distance_accuracy_value', 'NONE');
#3623 = AXIS2_PLACEMENT_3D ( 'NONE', #2238, #3796, #274 ) ;
#3624 = VECTOR ( 'NONE', #1622, 1000.000000000000000 ) ;
#3625 = DIRECTION ( 'NONE',  ( 1.000000000000000000, 0.000000000000000000, 0.000000000000000000 ) ) ;
#3626 = CARTESIAN_POINT ( 'NONE',  ( 0.1622243953631158919, -8.731443245861386870, 8.396936486107648534 ) ) ;
#3627 = VECTOR ( 'NONE', #4040, 1000.000000000000000 ) ;
#3628 = CARTESIAN_POINT ( 'NONE',  ( 18.17147880028345597, 0.000000000000000000, 0.000000000000000000 ) ) ;
#3629 = ORIENTED_EDGE ( 'NONE', *, *, #2419, .F. ) ;
#3630 = CIRCLE ( 'NONE', #1175, 5.399999999997299405 ) ;
#3631 = CARTESIAN_POINT ( 'NONE',  ( 19.83777559158680859, -11.07679422751411202, -4.904209793271214757 ) ) ;
#3632 = ADVANCED_FACE ( 'NONE', ( #4832 ), #525, .T. ) ;
#3633 = EDGE_CURVE ( 'NONE', #4568, #2782, #727, .T. ) ;
#3634 = FACE_OUTER_BOUND ( 'NONE', #4403, .T. ) ;
#3635 = AXIS2_PLACEMENT_3D ( 'NONE', #1882, #3445, #1493 ) ;
#3636 = ORIENTED_EDGE ( 'NONE', *, *, #2941, .T. ) ;
#3637 = FILL_AREA_STYLE_COLOUR ( '', #1573 ) ;
#3638 = CARTESIAN_POINT ( 'NONE',  ( 18.17147880028345597, 0.000000000000000000, 14.99999999999250022 ) ) ;
#3639 = CARTESIAN_POINT ( 'NONE',  ( -10.00000000000000000, 0.000000000000000000, 0.000000000000000000 ) ) ;
#3640 = EDGE_CURVE ( 'NONE', #2998, #1900, #2902, .T. ) ;
#3641 = CARTESIAN_POINT ( 'NONE',  ( 19.83777560463688516, 8.731443245861330027, 8.396936486107707154 ) ) ;
#3642 = DIRECTION ( 'NONE',  ( -1.000000000000000000, -0.000000000000000000, 0.000000000000000000 ) ) ;
#3643 = VERTEX_POINT ( 'NONE', #4864 ) ;
#3644 = ORIENTED_EDGE ( 'NONE', *, *, #1125, .F. ) ;
#3645 = AXIS2_PLACEMENT_3D ( 'NONE', #491, #4418, #542 ) ;
#3646 = VERTEX_POINT ( 'NONE', #1637 ) ;
#3647 = DIRECTION ( 'NONE',  ( -1.000000000000000000, -0.000000000000000000, 0.000000000000000000 ) ) ;
#3648 = CARTESIAN_POINT ( 'NONE',  ( 0.000000000000000000, -2.762596963522140125, 11.29094477964546250 ) ) ;
#3649 = AXIS2_PLACEMENT_3D ( 'NONE', #4473, #961, #4520 ) ;
#3650 = DIRECTION ( 'NONE',  ( 0.000000000000000000, 0.000000000000000000, 1.000000000000000000 ) ) ;
#3651 = ORIENTED_EDGE ( 'NONE', *, *, #4504, .F. ) ;
#3652 = ORIENTED_EDGE ( 'NONE', *, *, #3389, .T. ) ;
#3653 = AXIS2_PLACEMENT_3D ( 'NONE', #4431, #1260, #921 ) ;
#3654 = LINE ( 'NONE', #4772, #2742 ) ;
#3655 = FACE_OUTER_BOUND ( 'NONE', #2090, .T. ) ;
#3656 = CIRCLE ( 'NONE', #1445, 11.62399999999418831 ) ;
#3657 = CARTESIAN_POINT ( 'NONE',  ( 0.1622244233640077749, 2.906238702613528346, 11.76011995202394722 ) ) ;
#3658 = ORIENTED_EDGE ( 'NONE', *, *, #2139, .F. ) ;
#3659 = CARTESIAN_POINT ( 'NONE',  ( 19.99999999999999645, 12.44990391086185610, 2.435301323468817003 ) ) ;
#3660 = CARTESIAN_POINT ( 'NONE',  ( 19.20153488616647408, 5.596895385484661034, 11.97263588668848300 ) ) ;
#3661 = VERTEX_POINT ( 'NONE', #2347 ) ;
#3662 = DIRECTION ( 'NONE',  ( 1.000000000000000000, 0.000000000000000000, -0.000000000000000000 ) ) ;
#3663 = EDGE_CURVE ( 'NONE', #5068, #1141, #1837, .T. ) ;
#3664 = ADVANCED_FACE ( 'NONE', ( #3385 ), #3050, .T. ) ;
#3665 = DIRECTION ( 'NONE',  ( -1.000000000000000000, -0.000000000000000000, -0.000000000000000000 ) ) ;
#3666 = CARTESIAN_POINT ( 'NONE',  ( 18.17147880028345597, 0.000000000000000000, 0.000000000000000000 ) ) ;
#3667 = CARTESIAN_POINT ( 'NONE',  ( 18.93065655187099239, 13.25841980055555602, 3.394243666570340157 ) ) ;
#3668 = CARTESIAN_POINT ( 'NONE',  ( 18.17147880028345597, 13.17475538765985021, -7.171179852374558905 ) ) ;
#3669 = ORIENTED_EDGE ( 'NONE', *, *, #4387, .T. ) ;
#3670 = VERTEX_POINT ( 'NONE', #2611 ) ;
#3671 = DIRECTION ( 'NONE',  ( -1.000000000000000000, -0.000000000000000000, -0.000000000000000000 ) ) ;
#3672 = EDGE_CURVE ( 'NONE', #1545, #2556, #2950, .T. ) ;
#3673 = CARTESIAN_POINT ( 'NONE',  ( 18.17147880028345597, 13.17475538765985021, -7.171179852374558905 ) ) ;
#3674 = CARTESIAN_POINT ( 'NONE',  ( 1.828521199716542922, 14.70199371010883205, -2.975127047320053286 ) ) ;
#3675 = CARTESIAN_POINT ( 'NONE',  ( 19.83777560036515908, -6.753168949536984655, 10.05690572819037953 ) ) ;
#3676 = EDGE_LOOP ( 'NONE', ( #1821, #2297, #2053, #918 ) ) ;
#3677 = ORIENTED_EDGE ( 'NONE', *, *, #617, .T. ) ;
#3678 = CARTESIAN_POINT ( 'NONE',  ( 19.99999999999999645, -8.396946530139153708, -8.037951540650695392 ) ) ;
#3679 = CARTESIAN_POINT ( 'NONE',  ( 0.000000000000000000, -10.86616072683645839, -6.546552603037663509 ) ) ;
#3680 = FACE_OUTER_BOUND ( 'NONE', #3177, .T. ) ;
#3681 = EDGE_LOOP ( 'NONE', ( #179, #3897, #2210, #1239 ) ) ;
#3682 = ADVANCED_FACE ( 'NONE', ( #3743 ), #2991, .T. ) ;
#3683 = B_SPLINE_CURVE_WITH_KNOTS ( 'NONE', 3,
 ( #4861, #4495, #219, #1792, #4808, #3336, #3357, #4045 ),
 .UNSPECIFIED., .F., .F.,
 ( 4, 2, 2, 4 ),
 ( 2.618910301356916096E-07, 0.001922914062810808598, 0.002884240148701144868, 0.003845566234591481572 ),
 .UNSPECIFIED. ) ;
#3684 = DIRECTION ( 'NONE',  ( -1.000000000000000000, -0.000000000000000000, -0.000000000000000000 ) ) ;
#3685 = DIRECTION ( 'NONE',  ( -1.000000000000000000, 0.000000000000000000, 0.000000000000000000 ) ) ;
#3686 = VERTEX_POINT ( 'NONE', #289 ) ;
#3687 = CARTESIAN_POINT ( 'NONE',  ( 19.99999999999999645, 11.80695832568067161, -0.7832341987708919540 ) ) ;
#3688 = PLANE ( 'NONE',  #4518 ) ;
#3689 = CARTESIAN_POINT ( 'NONE',  ( 0.000000000000000000, 11.80695832568066628, -0.7832341987708918429 ) ) ;
#3690 = LINE ( 'NONE', #1304, #4342 ) ;
#3691 = EDGE_CURVE ( 'NONE', #2872, #3052, #1869, .T. ) ;
#3692 = VERTEX_POINT ( 'NONE', #3361 ) ;
#3693 = VERTEX_POINT ( 'NONE', #3433 ) ;
#3694 = CARTESIAN_POINT ( 'NONE',  ( 19.99999999999999645, 0.000000000000000000, 0.000000000000000000 ) ) ;
#3695 = CARTESIAN_POINT ( 'NONE',  ( 18.15247913859322182, 0.000000000000000000, 0.000000000000000000 ) ) ;
#3696 = DIRECTION ( 'NONE',  ( 0.000000000000000000, 0.000000000000000000, 1.000000000000000000 ) ) ;
#3697 = EDGE_CURVE ( 'NONE', #4703, #2029, #3024, .T. ) ;
#3698 = CARTESIAN_POINT ( 'NONE',  ( 1.545787514743383495, -9.839374161089491366, -10.66552061893457015 ) ) ;
#3699 = EDGE_CURVE ( 'NONE', #2613, #1518, #1093, .T. ) ;
#3700 = CIRCLE ( 'NONE', #1745, 1.749999999999999778 ) ;
#3701 = AXIS2_PLACEMENT_3D ( 'NONE', #1097, #2667, #4222 ) ;
#3702 = VERTEX_POINT ( 'NONE', #221 ) ;
#3703 = ORIENTED_EDGE ( 'NONE', *, *, #213, .F. ) ;
#3704 = CARTESIAN_POINT ( 'NONE',  ( 0.000000000000000000, 6.581779876088652337, 9.833508752078209625 ) ) ;
#3705 = AXIS2_PLACEMENT_3D ( 'NONE', #90, #526, #1361 ) ;
#3706 = CARTESIAN_POINT ( 'NONE',  ( 18.17147880028345597, -12.79780162109357278, 7.824082928171820051 ) ) ;
#3707 = CARTESIAN_POINT ( 'NONE',  ( 19.99999999999999645, 0.000000000000000000, 0.000000000000000000 ) ) ;
#3708 = VECTOR ( 'NONE', #4027, 1000.000000000000000 ) ;
#3709 = ORIENTED_EDGE ( 'NONE', *, *, #1758, .F. ) ;
#3710 = AXIS2_PLACEMENT_3D ( 'NONE', #2690, #5045, #4244 ) ;
#3711 = AXIS2_PLACEMENT_3D ( 'NONE', #3797, #3418, #4969 ) ;
#3712 = LINE ( 'NONE', #2942, #263 ) ;
#3713 = DIRECTION ( 'NONE',  ( 0.000000000000000000, 0.000000000000000000, -1.000000000000000000 ) ) ;
#3714 = EDGE_LOOP ( 'NONE', ( #74, #4456, #4502, #4295, #1223, #2593 ) ) ;
#3715 = CIRCLE ( 'NONE', #1914, 5.399999999997299405 ) ;
#3716 = DIRECTION ( 'NONE',  ( 0.000000000000000000, -0.9848077530122097967, 0.1736481776669208388 ) ) ;
#3717 = CONICAL_SURFACE ( 'NONE', #2325, 11.83290837936660012, 1.047197551196604515 ) ;
#3718 = DIRECTION ( 'NONE',  ( 0.000000000000000000, 0.000000000000000000, -1.000000000000000000 ) ) ;
#3719 = DIRECTION ( 'NONE',  ( 0.000000000000000000, 0.000000000000000000, -1.000000000000000000 ) ) ;
#3720 = VERTEX_POINT ( 'NONE', #4147 ) ;
#3721 = ORIENTED_EDGE ( 'NONE', *, *, #4279, .F. ) ;
#3722 = CARTESIAN_POINT ( 'NONE',  ( 19.99999999999999645, -1.278921685670003860, 11.76359128992534053 ) ) ;
#3723 = DIRECTION ( 'NONE',  ( -1.000000000000000000, -0.000000000000000000, -0.000000000000000000 ) ) ;
#3724 = CARTESIAN_POINT ( 'NONE',  ( 19.99999999999999645, 0.000000000000000000, 0.000000000000000000 ) ) ;
#3725 = CARTESIAN_POINT ( 'NONE',  ( 19.35976654584245793, -7.348545860038757205, 10.65331835257209114 ) ) ;
#3726 = AXIS2_PLACEMENT_3D ( 'NONE', #4707, #2765, #3835 ) ;
#3727 = ORIENTED_EDGE ( 'NONE', *, *, #844, .F. ) ;
#3728 = VERTEX_POINT ( 'NONE', #3338 ) ;
#3729 = EDGE_CURVE ( 'NONE', #1141, #5068, #5025, .T. ) ;
#3730 = DIRECTION ( 'NONE',  ( 0.000000000000000000, 0.000000000000000000, 1.000000000000000000 ) ) ;
#3731 = EDGE_CURVE ( 'NONE', #3702, #4351, #2253, .T. ) ;
#3732 = DIRECTION ( 'NONE',  ( -1.000000000000000000, -0.000000000000000000, 0.000000000000000000 ) ) ;
#3733 = CARTESIAN_POINT ( 'NONE',  ( 0.000000000000000000, -8.541201577072378370, 8.189358725462005495 ) ) ;
#3734 = AXIS2_PLACEMENT_3D ( 'NONE', #2595, #4171, #2616 ) ;
#3735 = ORIENTED_EDGE ( 'NONE', *, *, #4223, .F. ) ;
#3736 = ADVANCED_FACE ( 'NONE', ( #626 ), #1017, .T. ) ;
#3737 = AXIS2_PLACEMENT_3D ( 'NONE', #2362, #5065, #1561 ) ;
#3738 = CARTESIAN_POINT ( 'NONE',  ( 0.7984650579141467919, 11.98333254004230675, -5.573956109799333092 ) ) ;
#3739 = CARTESIAN_POINT ( 'NONE',  ( 0.000000000000000000, 8.333984767424896134, -9.564282399747099817 ) ) ;
#3740 = EDGE_LOOP ( 'NONE', ( #3735, #3257, #3474, #3581 ) ) ;
#3741 = CARTESIAN_POINT ( 'NONE',  ( 18.45421236233360318, -4.316924901299610262, -13.85390845694313811 ) ) ;
#3742 = DIRECTION ( 'NONE',  ( -0.000000000000000000, 0.000000000000000000, 1.000000000000000000 ) ) ;
#3743 = FACE_OUTER_BOUND ( 'NONE', #1866, .T. ) ;
#3744 = ORIENTED_EDGE ( 'NONE', *, *, #3266, .F. ) ;
#3745 = EDGE_LOOP ( 'NONE', ( #4179, #142, #4607, #261 ) ) ;
#3746 = DIRECTION ( 'NONE',  ( -1.000000000000000000, -0.000000000000000000, -0.000000000000000000 ) ) ;
#3747 = CARTESIAN_POINT ( 'NONE',  ( 9.999999999999998224, 14.70199371010883205, -2.975127047320053286 ) ) ;
#3748 = DIRECTION ( 'NONE',  ( -1.000000000000000000, 0.000000000000000000, 0.000000000000000000 ) ) ;
#3749 = DIRECTION ( 'NONE',  ( 1.000000000000000000, -0.000000000000000000, 0.000000000000000000 ) ) ;
#3750 = ORIENTED_EDGE ( 'NONE', *, *, #1503, .T. ) ;
#3751 = B_SPLINE_CURVE_WITH_KNOTS ( 'NONE', 3,
 ( #2203, #3759, #982, #4066, #233, #2921, #3780, #1810 ),
 .UNSPECIFIED., .F., .F.,
 ( 4, 2, 2, 4 ),
 ( 3.929789712434482692E-07, 0.001917556253464118565, 0.002876137890710556491, 0.003834719527956993983 ),
 .UNSPECIFIED. ) ;
#3752 = ORIENTED_EDGE ( 'NONE', *, *, #4999, .T. ) ;
#3753 = DIRECTION ( 'NONE',  ( -1.000000000000000000, 0.000000000000000000, 0.000000000000000000 ) ) ;
#3754 = CARTESIAN_POINT ( 'NONE',  ( 19.67476635749971337, 5.441245695466170318, -11.13825300109927063 ) ) ;
#3755 = CARTESIAN_POINT ( 'NONE',  ( 18.17147880028345597, -9.927532457519971487, 11.24473651557307718 ) ) ;
#3756 = ADVANCED_FACE ( 'NONE', ( #1819 ), #968, .T. ) ;
#3757 = EDGE_CURVE ( 'NONE', #3396, #453, #4194, .T. ) ;
#3758 = VERTEX_POINT ( 'NONE', #1477 ) ;
#3759 = CARTESIAN_POINT ( 'NONE',  ( 19.67476634935179192, -11.91390032355641360, -3.424443613967287803 ) ) ;
#3760 = EDGE_CURVE ( 'NONE', #2953, #1029, #1925, .T. ) ;
#3761 = ORIENTED_EDGE ( 'NONE', *, *, #481, .F. ) ;
#3762 = DIRECTION ( 'NONE',  ( -1.000000000000000000, -0.000000000000000000, -0.000000000000000000 ) ) ;
#3763 = DIRECTION ( 'NONE',  ( -1.000000000000000000, -0.000000000000000000, -0.000000000000000000 ) ) ;
#3764 = CARTESIAN_POINT ( 'NONE',  ( 9.999999999999998224, 12.79780162109351949, 7.824082928171907092 ) ) ;
#3765 = ORIENTED_EDGE ( 'NONE', *, *, #5040, .T. ) ;
#3766 = VERTEX_POINT ( 'NONE', #3410 ) ;
#3767 = CARTESIAN_POINT ( 'NONE',  ( 19.99999999999999645, -8.396946530139153708, -8.037951540650695392 ) ) ;
#3768 = FACE_OUTER_BOUND ( 'NONE', #4059, .T. ) ;
#3769 = CARTESIAN_POINT ( 'NONE',  ( 0.000000000000000000, -0.2738250307121672944, -6.994644099306175811 ) ) ;
#3770 = CYLINDRICAL_SURFACE ( 'NONE', #181, 5.399999999997299405 ) ;
#3771 = ORIENTED_EDGE ( 'NONE', *, *, #3229, .F. ) ;
#3772 = ORIENTED_EDGE ( 'NONE', *, *, #3251, .T. ) ;
#3773 = B_SPLINE_CURVE_WITH_KNOTS ( 'NONE', 3,
 ( #2702, #719, #3809, #3101, #3856, #4649, #2276, #3073 ),
 .UNSPECIFIED., .F., .F.,
 ( 4, 2, 2, 4 ),
 ( 2.270243712127875979E-07, 0.001922878951646199170, 0.002884204915283694343, 0.003845530878921189083 ),
 .UNSPECIFIED. ) ;
#3774 = CARTESIAN_POINT ( 'NONE',  ( 0.1622244187178088770, 1.291226848077603684, -12.04489010802394766 ) ) ;
#3775 = VECTOR ( 'NONE', #5043, 1000.000000000000000 ) ;
#3776 = DIRECTION ( 'NONE',  ( 0.000000000000000000, 0.000000000000000000, 1.000000000000000000 ) ) ;
#3777 = CARTESIAN_POINT ( 'NONE',  ( 0.000000000000000000, -9.548108053977664156, -6.989374314203753435 ) ) ;
#3778 = DIRECTION ( 'NONE',  ( 1.000000000000000000, -0.000000000000000000, -0.000000000000000000 ) ) ;
#3779 = VECTOR ( 'NONE', #1177, 1000.000000000000000 ) ;
#3780 = CARTESIAN_POINT ( 'NONE',  ( 18.31070243063597403, -14.43198532439402726, -3.093617976305384154 ) ) ;
#3781 = CONICAL_SURFACE ( 'NONE', #2889, 11.83290837936660012, 1.047197551196604515 ) ;
#3782 = AXIS2_PLACEMENT_3D ( 'NONE', #1036, #4675, #802 ) ;
#3783 = ORIENTED_EDGE ( 'NONE', *, *, #964, .T. ) ;
#3784 = CARTESIAN_POINT ( 'NONE',  ( 18.17147880028345597, 5.482902598228515778, -13.96201200035704026 ) ) ;
#3785 = EDGE_CURVE ( 'NONE', #3160, #2979, #1455, .T. ) ;
#3786 = EDGE_CURVE ( 'NONE', #469, #3955, #110, .T. ) ;
#3787 = DIRECTION ( 'NONE',  ( -1.000000000000000000, 0.000000000000000000, 0.000000000000000000 ) ) ;
#3788 = CARTESIAN_POINT ( 'NONE',  ( 9.999999999999998224, -4.774461252588742433, -14.21986356289341202 ) ) ;
#3789 = AXIS2_PLACEMENT_3D ( 'NONE', #2737, #5039, #3834 ) ;
#3790 = EDGE_LOOP ( 'NONE', ( #4762, #1797, #2704, #282, #80, #2608 ) ) ;
#3791 = EDGE_LOOP ( 'NONE', ( #475, #4737, #2382, #2375 ) ) ;
#3792 = CARTESIAN_POINT ( 'NONE',  ( 19.99999999999999645, 11.15954349366131737, 3.252993238994854153 ) ) ;
#3793 = CARTESIAN_POINT ( 'NONE',  ( 18.17147880028345597, 9.350005781138234440, 11.72933893672003158 ) ) ;
#3794 = EDGE_CURVE ( 'NONE', #1473, #4132, #31, .T. ) ;
#3795 = AXIS2_PLACEMENT_3D ( 'NONE', #1375, #936, #2507 ) ;
#3796 = DIRECTION ( 'NONE',  ( -1.000000000000000000, 0.000000000000000000, -0.000000000000000000 ) ) ;
#3797 = CARTESIAN_POINT ( 'NONE',  ( 0.000000000000000000, 12.53200494222449990, -1.969683236929979930 ) ) ;
#3798 = VERTEX_POINT ( 'NONE', #196 ) ;
#3799 = AXIS2_PLACEMENT_3D ( 'NONE', #164, #4423, #472 ) ;
#3800 = ORIENTED_EDGE ( 'NONE', *, *, #2421, .F. ) ;
#3801 = CARTESIAN_POINT ( 'NONE',  ( 19.99999999999999645, 0.000000000000000000, 0.000000000000000000 ) ) ;
#3802 = VECTOR ( 'NONE', #4219, 1000.000000000000000 ) ;
#3803 = CARTESIAN_POINT ( 'NONE',  ( 18.17147880028345597, -4.774461252588742433, -14.21986356289341202 ) ) ;
#3804 = CARTESIAN_POINT ( 'NONE',  ( 0.3252336394933610375, 8.922605312219836549, 8.605518517098520448 ) ) ;
#3805 = ORIENTED_EDGE ( 'NONE', *, *, #3266, .T. ) ;
#3806 = CIRCLE ( 'NONE', #2094, 5.399999999997299405 ) ;
#3807 = CARTESIAN_POINT ( 'NONE',  ( 0.000000000000000000, -11.80695832568066272, -0.7832341987709752207 ) ) ;
#3808 = CIRCLE ( 'NONE', #1604, 5.399999999997299405 ) ;
#3809 = CARTESIAN_POINT ( 'NONE',  ( 1.259845646742788317, -8.270974728671470544, -11.31591122557714613 ) ) ;
#3810 = ORIENTED_EDGE ( 'NONE', *, *, #3815, .F. ) ;
#3811 = CARTESIAN_POINT ( 'NONE',  ( 0.000000000000000000, 0.000000000000000000, 0.000000000000000000 ) ) ;
#3812 = DIRECTION ( 'NONE',  ( -1.000000000000000000, -0.000000000000000000, -0.000000000000000000 ) ) ;
#3813 = DIRECTION ( 'NONE',  ( 0.000000000000000000, 0.000000000000000000, 1.000000000000000000 ) ) ;
#3814 = ORIENTED_EDGE ( 'NONE', *, *, #28, .F. ) ;
#3815 = EDGE_CURVE ( 'NONE', #3166, #1319, #1844, .T. ) ;
#3816 = ORIENTED_EDGE ( 'NONE', *, *, #2378, .F. ) ;
#3817 = EDGE_CURVE ( 'NONE', #1596, #613, #4779, .T. ) ;
#3818 = CARTESIAN_POINT ( 'NONE',  ( 0.000000000000000000, 0.000000000000000000, 0.000000000000000000 ) ) ;
#3819 = DIRECTION ( 'NONE',  ( 0.000000000000000000, -3.730349362740526607E-14, -1.000000000000000000 ) ) ;
#3820 = CARTESIAN_POINT ( 'NONE',  ( 18.74015410291830364, 0.9377931721425749600, 13.98497143389279884 ) ) ;
#3821 = DIRECTION ( 'NONE',  ( -1.000000000000000000, 0.000000000000000000, 0.000000000000000000 ) ) ;
#3822 = ORIENTED_EDGE ( 'NONE', *, *, #2818, .T. ) ;
#3823 = EDGE_CURVE ( 'NONE', #3441, #3358, #1763, .T. ) ;
#3824 = ORIENTED_EDGE ( 'NONE', *, *, #2918, .T. ) ;
#3825 = CARTESIAN_POINT ( 'NONE',  ( 20.00000000000000000, -0.2738250307121672944, -6.994644099306175811 ) ) ;
#3826 = CARTESIAN_POINT ( 'NONE',  ( 1.828521199716542922, 14.70199371010879297, 2.975127047320250018 ) ) ;
#3827 = CARTESIAN_POINT ( 'NONE',  ( 1.249242784372134540, -0.9212905497986763059, -13.96695374540930246 ) ) ;
#3828 = EDGE_LOOP ( 'NONE', ( #3068, #3832, #1969, #4567, #1386, #2074 ) ) ;
#3829 = FACE_OUTER_BOUND ( 'NONE', #725, .T. ) ;
#3830 = CARTESIAN_POINT ( 'NONE',  ( 18.74015441555892636, 11.64244338687649183, -7.804638285749428306 ) ) ;
#3831 = ADVANCED_FACE ( 'NONE', ( #418, #3912 ), #2304, .T. ) ;
#3832 = ORIENTED_EDGE ( 'NONE', *, *, #3236, .T. ) ;
#3833 = CARTESIAN_POINT ( 'NONE',  ( 9.999999999999998224, -9.927532457519969711, 11.24473651557307896 ) ) ;
#3834 = DIRECTION ( 'NONE',  ( 0.000000000000000000, 0.000000000000000000, -1.000000000000000000 ) ) ;
#3835 = DIRECTION ( 'NONE',  ( 0.000000000000000000, 0.000000000000000000, -1.000000000000000000 ) ) ;
#3836 = ORIENTED_EDGE ( 'NONE', *, *, #4224, .T. ) ;
#3837 = ORIENTED_EDGE ( 'NONE', *, *, #3110, .T. ) ;
#3838 = CARTESIAN_POINT ( 'NONE',  ( 0.6392785336858847201, -5.572235432365592267, -11.68054826176499361 ) ) ;
#3839 = CARTESIAN_POINT ( 'NONE',  ( 0.000000000000000000, 0.000000000000000000, 0.000000000000000000 ) ) ;
#3840 = CARTESIAN_POINT ( 'NONE',  ( 0.3252336649011751124, 1.303591541778103435, 12.32754982505641017 ) ) ;
#3841 = ADVANCED_FACE ( 'NONE', ( #4264 ), #3533, .T. ) ;
#3842 = DIRECTION ( 'NONE',  ( 1.000000000000000000, 0.000000000000000000, 0.000000000000000000 ) ) ;
#3843 = EDGE_LOOP ( 'NONE', ( #1618, #3226 ) ) ;
#3844 = EDGE_LOOP ( 'NONE', ( #4142, #4214, #4319, #1726, #812 ) ) ;
#3845 = CARTESIAN_POINT ( 'NONE',  ( 19.99999999999999645, -10.86616072683655254, 6.546552603037512519 ) ) ;
#3846 = DIRECTION ( 'NONE',  ( 1.000000000000000000, -0.000000000000000000, -0.000000000000000000 ) ) ;
#3847 = EDGE_CURVE ( 'NONE', #3273, #2613, #2684, .T. ) ;
#3848 = ADVANCED_BREP_SHAPE_REPRESENTATION ( 'Metric - Spur gear 1.5M 18T 20PA 20FW ---S18N75H50L6N', ( #460, #4388 ), #4143 ) ;
#3849 = EDGE_CURVE ( 'NONE', #1334, #3720, #424, .T. ) ;
#3850 = DIRECTION ( 'NONE',  ( 0.000000000000000000, 0.8660254037844362651, 0.5000000000000041078 ) ) ;
#3851 = CARTESIAN_POINT ( 'NONE',  ( 0.000000000000000000, -1.278921685669845099, -11.76359128992535474 ) ) ;
#3852 = ORIENTED_EDGE ( 'NONE', *, *, #2693, .T. ) ;
#3853 = ORIENTED_EDGE ( 'NONE', *, *, #3389, .F. ) ;
#3854 = EDGE_CURVE ( 'NONE', #4314, #1703, #2422, .T. ) ;
#3855 = CARTESIAN_POINT ( 'NONE',  ( 18.44922836639039687, 14.40757958027170993, 1.826307120116790639 ) ) ;
#3856 = CARTESIAN_POINT ( 'NONE',  ( 0.6402334541576136795, -7.348545860038696809, -10.65331835257226700 ) ) ;
#3857 = EDGE_LOOP ( 'NONE', ( #4324, #3173, #1228, #2825, #4669, #464 ) ) ;
#3858 = AXIS2_PLACEMENT_3D ( 'NONE', #1307, #3746, #200 ) ;
#3859 = DIRECTION ( 'NONE',  ( -1.000000000000000000, 0.000000000000000000, -0.000000000000000000 ) ) ;
#3860 = VECTOR ( 'NONE', #373, 1000.000000000000000 ) ;
#3861 = LINE ( 'NONE', #3126, #1006 ) ;
#3862 = DIRECTION ( 'NONE',  ( 0.000000000000000000, 0.8660254037844362651, 0.5000000000000041078 ) ) ;
#3863 = VERTEX_POINT ( 'NONE', #2739 ) ;
#3864 = DIRECTION ( 'NONE',  ( 0.000000000000000000, -0.9848077530122062440, -0.1736481776669404342 ) ) ;
#3865 = CIRCLE ( 'NONE', #175, 3.000000000000000000 ) ;
#3866 = DIRECTION ( 'NONE',  ( -1.000000000000000000, -0.000000000000000000, 0.000000000000000000 ) ) ;
#3867 = DIRECTION ( 'NONE',  ( -1.000000000000000000, 0.000000000000000000, 0.000000000000000000 ) ) ;
#3868 = CONICAL_SURFACE ( 'NONE', #1744, 11.83290837936660012, 1.047197551196604515 ) ;
#3869 = CARTESIAN_POINT ( 'NONE',  ( 1.545787712112117962, 14.39306271860117548, 1.845635245443584482 ) ) ;
#3870 = ORIENTED_EDGE ( 'NONE', *, *, #4694, .F. ) ;
#3871 = ORIENTED_EDGE ( 'NONE', *, *, #3938, .T. ) ;
#3872 = AXIS2_PLACEMENT_3D ( 'NONE', #1359, #4912, #2974 ) ;
#3873 = CYLINDRICAL_SURFACE ( 'NONE', #4056, 5.399999999997299405 ) ;
#3874 = CARTESIAN_POINT ( 'NONE',  ( 1.249242804739030266, 3.911249616270423779, -13.43974332458848409 ) ) ;
#3875 = DIRECTION ( 'NONE',  ( 0.000000000000000000, 0.000000000000000000, 1.000000000000000000 ) ) ;
#3876 = CARTESIAN_POINT ( 'NONE',  ( 18.28230565611493930, 12.56542696551352023, 7.835301323466114631 ) ) ;
#3877 = AXIS2_PLACEMENT_3D ( 'NONE', #2430, #4722, #3958 ) ;
#3878 = VERTEX_POINT ( 'NONE', #4240 ) ;
#3879 = EDGE_CURVE ( 'NONE', #2766, #4044, #2178, .T. ) ;
#3880 = EDGE_CURVE ( 'NONE', #2972, #3693, #767, .T. ) ;
#3881 = CYLINDRICAL_SURFACE ( 'NONE', #348, 5.399999999997299405 ) ;
#3882 = LINE ( 'NONE', #5004, #3374 ) ;
#3883 = AXIS2_PLACEMENT_3D ( 'NONE', #3256, #136, #4828 ) ;
#3884 = ORIENTED_EDGE ( 'NONE', *, *, #3381, .T. ) ;
#3885 = EDGE_CURVE ( 'NONE', #2740, #3577, #3074, .T. ) ;
#3886 = CARTESIAN_POINT ( 'NONE',  ( 19.67738668405333513, -8.904349811129474546, -8.618006641774130117 ) ) ;
#3887 = CIRCLE ( 'NONE', #3484, 5.399999999997300293 ) ;
#3888 = CARTESIAN_POINT ( 'NONE',  ( 5.000000000000000888, 0.2738250307120562721, 6.994644099306219331 ) ) ;
#3889 = DIRECTION ( 'NONE',  ( -1.000000000000000000, -0.000000000000000000, -0.000000000000000000 ) ) ;
#3890 = ORIENTED_EDGE ( 'NONE', *, *, #390, .F. ) ;
#3891 = AXIS2_PLACEMENT_3D ( 'NONE', #3825, #2650, #4206 ) ;
#3892 = LINE ( 'NONE', #1224, #3860 ) ;
#3893 = DIRECTION ( 'NONE',  ( 0.000000000000000000, 0.000000000000000000, -1.000000000000000000 ) ) ;
#3894 = CYLINDRICAL_SURFACE ( 'NONE', #4033, 5.399999999997299405 ) ;
#3895 = AXIS2_PLACEMENT_3D ( 'NONE', #884, #4017, #4756 ) ;
#3896 = DIRECTION ( 'NONE',  ( -1.000000000000000000, -0.000000000000000000, 0.000000000000000000 ) ) ;
#3897 = ORIENTED_EDGE ( 'NONE', *, *, #4564, .T. ) ;
#3898 = PRODUCT_DEFINITION ( 'UNKNOWN', '', #3092, #2092 ) ;
#3899 = ORIENTED_EDGE ( 'NONE', *, *, #3847, .F. ) ;
#3900 = DIRECTION ( 'NONE',  ( 1.000000000000000000, 0.000000000000000000, 0.000000000000000000 ) ) ;
#3901 = CARTESIAN_POINT ( 'NONE',  ( 1.689297620111934739, 4.536840991726733385, -14.04527496976072065 ) ) ;
#3902 = CARTESIAN_POINT ( 'NONE',  ( 18.35213202729058324, 14.35163733687783782, 3.128878020757875245 ) ) ;
#3903 = CARTESIAN_POINT ( 'NONE',  ( 1.545787572032230051, 12.89381024486875837, 6.657046958321342522 ) ) ;
#3904 = ORIENTED_EDGE ( 'NONE', *, *, #1880, .F. ) ;
#3905 = CARTESIAN_POINT ( 'NONE',  ( 0.6392786223308712934, -12.90176939225904107, -1.014576734587392615 ) ) ;
#3906 = EDGE_CURVE ( 'NONE', #1518, #1862, #2827, .T. ) ;
#3907 = CARTESIAN_POINT ( 'NONE',  ( 19.99999999999999645, 11.36279348549009782, -3.302218181857185630 ) ) ;
#3908 = ORIENTED_EDGE ( 'NONE', *, *, #1442, .F. ) ;
#3909 = FACE_OUTER_BOUND ( 'NONE', #2692, .T. ) ;
#3910 = DIRECTION ( 'NONE',  ( -1.000000000000000000, 0.000000000000000000, 0.000000000000000000 ) ) ;
#3911 = ADVANCED_FACE ( 'NONE', ( #805 ), #2738, .T. ) ;
#3912 = FACE_OUTER_BOUND ( 'NONE', #1628, .T. ) ;
#3913 = ORIENTED_EDGE ( 'NONE', *, *, #4784, .F. ) ;
#3914 = CARTESIAN_POINT ( 'NONE',  ( 19.67476633004408271, -2.991295008329655669, -12.02996217730075834 ) ) ;
#3915 = LINE ( 'NONE', #395, #1688 ) ;
#3916 = DIRECTION ( 'NONE',  ( 1.000000000000000000, 0.000000000000000000, 0.000000000000000000 ) ) ;
#3917 = CARTESIAN_POINT ( 'NONE',  ( 18.17147880028345597, -0.3769537665660799286, -14.99526278054661610 ) ) ;
#3918 = ORIENTED_EDGE ( 'NONE', *, *, #1803, .T. ) ;
#3919 = EDGE_LOOP ( 'NONE', ( #1704, #3535, #3182, #4303 ) ) ;
#3920 = ORIENTED_EDGE ( 'NONE', *, *, #2185, .T. ) ;
#3921 = CARTESIAN_POINT ( 'NONE',  ( 19.99999999999999645, 0.000000000000000000, 0.000000000000000000 ) ) ;
#3922 = CARTESIAN_POINT ( 'NONE',  ( 1.828521199716542922, 4.774461252588841020, 14.21986356289338005 ) ) ;
#3923 = FACE_OUTER_BOUND ( 'NONE', #1930, .T. ) ;
#3924 = B_SPLINE_CURVE_WITH_KNOTS ( 'NONE', 3,
 ( #3826, #4619, #5026, #1907, #254, #301 ),
 .UNSPECIFIED., .F., .F.,
 ( 4, 2, 4 ),
 ( 2.379537104472084828E-07, 0.001251465362963024653, 0.002502692772215602164 ),
 .UNSPECIFIED. ) ;
#3925 = ORIENTED_EDGE ( 'NONE', *, *, #1316, .F. ) ;
#3926 = CARTESIAN_POINT ( 'NONE',  ( 18.74015423809771974, 12.58023694486952060, 6.180332827330817125 ) ) ;
#3927 = CARTESIAN_POINT ( 'NONE',  ( 18.75075719526096307, 3.911249616270246143, 13.43974332458853560 ) ) ;
#3928 = EDGE_LOOP ( 'NONE', ( #4981, #313 ) ) ;
#3929 = ORIENTED_EDGE ( 'NONE', *, *, #3815, .T. ) ;
#3930 = CARTESIAN_POINT ( 'NONE',  ( 19.99999999999999645, 4.115919143437040795, 11.99958372321601807 ) ) ;
#3931 = FACE_OUTER_BOUND ( 'NONE', #4332, .T. ) ;
#3932 = CIRCLE ( 'NONE', #1333, 5.399999999997299405 ) ;
#3933 = DIRECTION ( 'NONE',  ( -1.000000000000000000, -0.000000000000000000, -0.000000000000000000 ) ) ;
#3934 = AXIS2_PLACEMENT_3D ( 'NONE', #972, #2954, #146 ) ;
#3935 = ORIENTED_EDGE ( 'NONE', *, *, #1881, .T. ) ;
#3936 = LINE ( 'NONE', #4341, #3779 ) ;
#3937 = ADVANCED_FACE ( 'NONE', ( #41 ), #2008, .T. ) ;
#3938 = EDGE_CURVE ( 'NONE', #1654, #3036, #311, .T. ) ;
#3939 = CIRCLE ( 'NONE', #169, 5.399999999997299405 ) ;
#3940 = CIRCLE ( 'NONE', #331, 5.399999999997299405 ) ;
#3941 = CYLINDRICAL_SURFACE ( 'NONE', #3895, 3.000000000000000000 ) ;
#3942 = CARTESIAN_POINT ( 'NONE',  ( 0.000000000000000000, 1.278921685669924146, 11.76359128992534764 ) ) ;
#3943 = DIRECTION ( 'NONE',  ( 0.000000000000000000, 0.000000000000000000, 1.000000000000000000 ) ) ;
#3944 = CIRCLE ( 'NONE', #2714, 14.99999999999250022 ) ;
#3945 = VECTOR ( 'NONE', #1994, 1000.000000000000000 ) ;
#3946 = VERTEX_POINT ( 'NONE', #3456 ) ;
#3947 = ORIENTED_EDGE ( 'NONE', *, *, #546, .T. ) ;
#3948 = ORIENTED_EDGE ( 'NONE', *, *, #1425, .T. ) ;
#3949 = ADVANCED_FACE ( 'NONE', ( #5011 ), #519, .T. ) ;
#3950 = CARTESIAN_POINT ( 'NONE',  ( 19.99999999999999645, 9.373951458494573785, -6.873602407300874795 ) ) ;
#3951 = AXIS2_PLACEMENT_3D ( 'NONE', #2165, #4946, #997 ) ;
#3952 = CONICAL_SURFACE ( 'NONE', #577, 11.83290837936660012, 1.047197551196604515 ) ;
#3953 = DIRECTION ( 'NONE',  ( -1.000000000000000000, 0.000000000000000000, 0.000000000000000000 ) ) ;
#3954 = CARTESIAN_POINT ( 'NONE',  ( 1.689297577360541869, 13.04408147270472007, 6.906852504998869158 ) ) ;
#3955 = VERTEX_POINT ( 'NONE', #4752 ) ;
#3956 = CIRCLE ( 'NONE', #259, 11.62399999999418654 ) ;
#3957 = CIRCLE ( 'NONE', #1586, 3.000000000000000000 ) ;
#3958 = DIRECTION ( 'NONE',  ( 0.000000000000000000, 0.000000000000000000, 1.000000000000000000 ) ) ;
#3959 = CARTESIAN_POINT ( 'NONE',  ( 19.99999999999999645, 2.821591908417683925, 11.49157690731938608 ) ) ;
#3960 = VERTEX_POINT ( 'NONE', #1245 ) ;
#3961 = CARTESIAN_POINT ( 'NONE',  ( 1.828521199716542922, 0.000000000000000000, 0.000000000000000000 ) ) ;
#3962 = AXIS2_PLACEMENT_3D ( 'NONE', #1109, #1548, #4954 ) ;
#3963 = CARTESIAN_POINT ( 'NONE',  ( 1.828521199716542922, 9.350005781138234440, 11.72933893672003158 ) ) ;
#3964 = AXIS2_PLACEMENT_3D ( 'NONE', #1406, #4167, #4939 ) ;
#3965 = DIRECTION ( 'NONE',  ( 0.000000000000000000, 0.000000000000000000, -1.000000000000000000 ) ) ;
#3966 = VERTEX_POINT ( 'NONE', #1711 ) ;
#3967 = CARTESIAN_POINT ( 'NONE',  ( 20.00000000000000000, 7.000001873099979122, -3.000000000000001776 ) ) ;
#3968 = AXIS2_PLACEMENT_3D ( 'NONE', #3739, #3306, #1736 ) ;
#3969 = DIRECTION ( 'NONE',  ( -1.000000000000000000, -0.000000000000000000, 0.000000000000000000 ) ) ;
#3970 = DIRECTION ( 'NONE',  ( -1.000000000000000000, -0.000000000000000000, -0.000000000000000000 ) ) ;
#3971 = ADVANCED_FACE ( 'NONE', ( #1686 ), #2814, .T. ) ;
#3972 = CARTESIAN_POINT ( 'NONE',  ( 19.99999999999999645, 0.000000000000000000, 0.000000000000000000 ) ) ;
#3973 = EDGE_CURVE ( 'NONE', #2151, #3878, #4862, .T. ) ;
#3974 = AXIS2_PLACEMENT_3D ( 'NONE', #2010, #147, #1722 ) ;
#3975 = VERTEX_POINT ( 'NONE', #4729 ) ;
#3976 = ORIENTED_EDGE ( 'NONE', *, *, #4058, .F. ) ;
#3977 = EDGE_LOOP ( 'NONE', ( #429, #47 ) ) ;
#3978 = CARTESIAN_POINT ( 'NONE',  ( 0.6697830301731492186, -12.53200494222448924, 3.430316763067232877 ) ) ;
#3979 = VECTOR ( 'NONE', #1178, 1000.000000000000000 ) ;
#3980 = CARTESIAN_POINT ( 'NONE',  ( 0.000000000000000000, 7.971798191701955361, 9.868193021853581826 ) ) ;
#3981 = CARTESIAN_POINT ( 'NONE',  ( 19.99999999999999645, 9.548108053977713894, 6.989374314203689487 ) ) ;
#3982 = EDGE_CURVE ( 'NONE', #3878, #2151, #1267, .T. ) ;
#3983 = ORIENTED_EDGE ( 'NONE', *, *, #964, .F. ) ;
#3984 = DIRECTION ( 'NONE',  ( -1.000000000000000000, -0.000000000000000000, -0.000000000000000000 ) ) ;
#3985 = CARTESIAN_POINT ( 'NONE',  ( 19.99999999999999645, 9.548108053977808041, -6.989374314203557148 ) ) ;
#3986 = CARTESIAN_POINT ( 'NONE',  ( 19.00748007151803876, 11.16219498454230141, 7.685608841256492241 ) ) ;
#3987 = ORIENTED_EDGE ( 'NONE', *, *, #1215, .T. ) ;
#3988 = CARTESIAN_POINT ( 'NONE',  ( 1.828521199716542922, -12.79780162109346797, -7.824082928171995022 ) ) ;
#3989 = ADVANCED_FACE ( 'NONE', ( #3634 ), #2865, .T. ) ;
#3990 = CARTESIAN_POINT ( 'NONE',  ( 5.000000000000000888, -0.2738250307121672944, -6.994644099306175811 ) ) ;
#3991 = ORIENTED_EDGE ( 'NONE', *, *, #3324, .F. ) ;
#3992 = CARTESIAN_POINT ( 'NONE',  ( 0.000000000000000000, 0.000000000000000000, 0.000000000000000000 ) ) ;
#3993 = DIRECTION ( 'NONE',  ( 0.000000000000000000, 0.000000000000000000, 1.000000000000000000 ) ) ;
#3994 = CARTESIAN_POINT ( 'NONE',  ( 1.828521199716543588, -4.774461252588936944, 14.21986356289334985 ) ) ;
#3995 = DIRECTION ( 'NONE',  ( -1.000000000000000000, -0.000000000000000000, 0.000000000000000000 ) ) ;
#3996 = DIRECTION ( 'NONE',  ( 0.000000000000000000, 0.9848077530122074652, 0.1736481776669340227 ) ) ;
#3997 = ORIENTED_EDGE ( 'NONE', *, *, #730, .T. ) ;
#3998 = ORIENTED_EDGE ( 'NONE', *, *, #1382, .T. ) ;
#3999 = DIRECTION ( 'NONE',  ( -1.000000000000000000, -0.000000000000000000, -0.000000000000000000 ) ) ;
#4000 = CARTESIAN_POINT ( 'NONE',  ( 1.458914392043668906, -13.98969166912908513, 3.243237228481315348 ) ) ;
#4001 = EDGE_CURVE ( 'NONE', #192, #5075, #2089, .T. ) ;
#4002 = DIRECTION ( 'NONE',  ( 0.000000000000000000, 0.8660254037844398178, -0.4999999999999979461 ) ) ;
#4003 = CARTESIAN_POINT ( 'NONE',  ( 19.99999999999999645, -11.80695832568066272, -0.7832341987709743325 ) ) ;
#4004 = ORIENTED_EDGE ( 'NONE', *, *, #1377, .T. ) ;
#4005 = ADVANCED_FACE ( 'NONE', ( #2788 ), #2102, .T. ) ;
#4006 = DIRECTION ( 'NONE',  ( 0.000000000000000000, 0.8660254037844398178, -0.4999999999999979461 ) ) ;
#4007 = EDGE_CURVE ( 'NONE', #5042, #1977, #1298, .T. ) ;
#4008 = CARTESIAN_POINT ( 'NONE',  ( 0.3226133159466662015, -8.904349811129591785, 8.618006641774007548 ) ) ;
#4009 = CYLINDRICAL_SURFACE ( 'NONE', #1071, 5.399999999997299405 ) ;
#4010 = VERTEX_POINT ( 'NONE', #3584 ) ;
#4011 = EDGE_CURVE ( 'NONE', #206, #3043, #919, .T. ) ;
#4012 = CARTESIAN_POINT ( 'NONE',  ( 19.20153494208584988, -11.98333254004219484, -5.573956109799572012 ) ) ;
#4013 = DIRECTION ( 'NONE',  ( -1.000000000000000000, 0.000000000000000000, 0.000000000000000000 ) ) ;
#4014 = ORIENTED_EDGE ( 'NONE', *, *, #2509, .T. ) ;
#4015 =( LENGTH_UNIT ( ) NAMED_UNIT ( * ) SI_UNIT ( .MILLI., .METRE. ) );
#4016 = ORIENTED_EDGE ( 'NONE', *, *, #3353, .F. ) ;
#4017 = DIRECTION ( 'NONE',  ( 1.000000000000000000, -0.000000000000000000, -0.000000000000000000 ) ) ;
#4018 = AXIS2_PLACEMENT_3D ( 'NONE', #2134, #3671, #3364 ) ;
#4019 = CARTESIAN_POINT ( 'NONE',  ( 5.000000000000000888, 0.2738250307120562721, 6.994644099306219331 ) ) ;
#4020 = DIRECTION ( 'NONE',  ( -1.000000000000000000, -0.000000000000000000, -0.000000000000000000 ) ) ;
#4021 = FACE_OUTER_BOUND ( 'NONE', #3482, .T. ) ;
#4022 = ORIENTED_EDGE ( 'NONE', *, *, #2987, .T. ) ;
#4023 = ORIENTED_EDGE ( 'NONE', *, *, #1192, .F. ) ;
#4024 = ORIENTED_EDGE ( 'NONE', *, *, #1790, .T. ) ;
#4025 = AXIS2_PLACEMENT_3D ( 'NONE', #2080, #3642, #1695 ) ;
#4026 = CARTESIAN_POINT ( 'NONE',  ( 0.000000000000000000, -2.762596963521988691, -11.29094477964549981 ) ) ;
#4027 = DIRECTION ( 'NONE',  ( -1.000000000000000000, 0.000000000000000000, -0.000000000000000000 ) ) ;
#4028 = CIRCLE ( 'NONE', #1076, 5.399999999997299405 ) ;
#4029 = VECTOR ( 'NONE', #4996, 1000.000000000000000 ) ;
#4030 = DIRECTION ( 'NONE',  ( 0.000000000000000000, 0.000000000000000000, 1.000000000000000000 ) ) ;
#4031 = ORIENTED_EDGE ( 'NONE', *, *, #4720, .T. ) ;
#4032 = EDGE_LOOP ( 'NONE', ( #656, #3852 ) ) ;
#4033 = AXIS2_PLACEMENT_3D ( 'NONE', #4270, #3238, #4373 ) ;
#4034 = CARTESIAN_POINT ( 'NONE',  ( 18.15247913859322182, 0.000000000000000000, 15.03290837936660296 ) ) ;
#4035 = CARTESIAN_POINT ( 'NONE',  ( 19.99999999999999645, 10.86616072683650458, 6.546552603037588014 ) ) ;
#4036 = EDGE_CURVE ( 'NONE', #4688, #2718, #2336, .T. ) ;
#4037 = ADVANCED_FACE ( 'NONE', ( #4447 ), #4367, .F. ) ;
#4038 = EDGE_LOOP ( 'NONE', ( #4474, #3307, #3286, #1965, #1478 ) ) ;
#4039 = AXIS2_PLACEMENT_3D ( 'NONE', #3150, #4699, #1193 ) ;
#4040 = DIRECTION ( 'NONE',  ( 1.000000000000000000, -0.000000000000000000, 0.000000000000000000 ) ) ;
#4041 = CARTESIAN_POINT ( 'NONE',  ( 18.44922896596628092, 5.622161729619267412, 13.39048224986536795 ) ) ;
#4042 = ADVANCED_FACE ( 'NONE', ( #2510 ), #2409, .T. ) ;
#4043 = CIRCLE ( 'NONE', #4696, 11.83290837936660189 ) ;
#4044 = VERTEX_POINT ( 'NONE', #2045 ) ;
#4045 = CARTESIAN_POINT ( 'NONE',  ( 0.000000000000000000, -1.278921685670002306, 11.76359128992533876 ) ) ;
#4046 = AXIS2_PLACEMENT_3D ( 'NONE', #4605, #1094, #2663 ) ;
#4047 = DIRECTION ( 'NONE',  ( -1.000000000000000000, -0.000000000000000000, -0.000000000000000000 ) ) ;
#4048 = CARTESIAN_POINT ( 'NONE',  ( 0.6402332736613310926, 12.90031695199263062, -1.037368121401668786 ) ) ;
#4049 = DIRECTION ( 'NONE',  ( -1.000000000000000000, 0.000000000000000000, 0.000000000000000000 ) ) ;
#4050 = EDGE_LOOP ( 'NONE', ( #2138, #502, #1727, #2544 ) ) ;
#4051 = ORIENTED_EDGE ( 'NONE', *, *, #50, .F. ) ;
#4052 = AXIS2_PLACEMENT_3D ( 'NONE', #4087, #566, #4885 ) ;
#4053 = DIRECTION ( 'NONE',  ( -1.000000000000000000, 0.000000000000000000, 0.000000000000000000 ) ) ;
#4054 = CARTESIAN_POINT ( 'NONE',  ( 5.000000000000000888, -7.000001873099979122, -3.000000000000001776 ) ) ;
#4055 = CARTESIAN_POINT ( 'NONE',  ( 1.828521199716542922, -9.927532457519816944, -11.24473651557321041 ) ) ;
#4056 = AXIS2_PLACEMENT_3D ( 'NONE', #5049, #2392, #3117 ) ;
#4057 = DIRECTION ( 'NONE',  ( 0.000000000000000000, -0.3420201433256757628, 0.9396926207859057634 ) ) ;
#4058 = EDGE_CURVE ( 'NONE', #634, #3728, #1839, .T. ) ;
#4059 = EDGE_LOOP ( 'NONE', ( #2913, #4803, #199, #3210, #467, #2305 ) ) ;
#4060 = EDGE_LOOP ( 'NONE', ( #1603, #649, #675, #5057 ) ) ;
#4061 = FACE_OUTER_BOUND ( 'NONE', #3857, .T. ) ;
#4062 = CARTESIAN_POINT ( 'NONE',  ( 5.000000000000000888, -0.2738250307121672944, -9.994644099306174923 ) ) ;
#4063 = CARTESIAN_POINT ( 'NONE',  ( 18.75075721562786057, 0.9212905497989546388, -13.96695374540928469 ) ) ;
#4064 = ORIENTED_EDGE ( 'NONE', *, *, #4543, .T. ) ;
#4065 = ADVANCED_FACE ( 'NONE', ( #3231 ), #4780, .T. ) ;
#4066 = CARTESIAN_POINT ( 'NONE',  ( 18.90216942169968206, -13.31207618024676087, -3.381094698673816623 ) ) ;
#4067 = DIRECTION ( 'NONE',  ( -1.000000000000000000, 0.000000000000000000, -0.000000000000000000 ) ) ;
#4068 = ORIENTED_EDGE ( 'NONE', *, *, #1979, .T. ) ;
#4069 = CARTESIAN_POINT ( 'NONE',  ( 5.000000000000000888, 7.000001873099979122, -1.843143693225357538E-15 ) ) ;
#4070 = EDGE_CURVE ( 'NONE', #305, #2979, #1354, .T. ) ;
#4071 = CARTESIAN_POINT ( 'NONE',  ( 0.6392785336858848311, 5.572235432365674868, 11.68054826176495986 ) ) ;
#4072 = CARTESIAN_POINT ( 'NONE',  ( 19.67738668405333513, 8.904349811129536718, 8.618006641774071497 ) ) ;
#4073 = CARTESIAN_POINT ( 'NONE',  ( 0.3226133275202157646, -3.011237789532655640, -12.02039647870694239 ) ) ;
#4074 = ORIENTED_EDGE ( 'NONE', *, *, #2629, .T. ) ;
#4075 = ORIENTED_EDGE ( 'NONE', *, *, #4297, .F. ) ;
#4076 = LINE ( 'NONE', #553, #820 ) ;
#4077 = CARTESIAN_POINT ( 'NONE',  ( 0.000000000000000000, -10.82702973964770798, 4.774216975721606637 ) ) ;
#4078 = CARTESIAN_POINT ( 'NONE',  ( 1.828521199716542700, 12.79780162109351949, 7.824082928171905316 ) ) ;
#4079 = CARTESIAN_POINT ( 'NONE',  ( 19.67738668228762222, -6.940855641127906317, 10.26557387976839841 ) ) ;
#4080 = ORIENTED_EDGE ( 'NONE', *, *, #2474, .T. ) ;
#4081 = VERTEX_POINT ( 'NONE', #216 ) ;
#4082 = DIRECTION ( 'NONE',  ( -1.000000000000000000, -0.000000000000000000, 0.000000000000000000 ) ) ;
#4083 = CARTESIAN_POINT ( 'NONE',  ( 18.31070245205176050, 5.552706930357950377, -13.67552987077100113 ) ) ;
#4084 = CYLINDRICAL_SURFACE ( 'NONE', #2061, 5.399999999997300293 ) ;
#4085 = EDGE_LOOP ( 'NONE', ( #413, #926, #1672, #1642 ) ) ;
#4086 = CARTESIAN_POINT ( 'NONE',  ( 19.36072137766912249, -12.90176939225905706, 1.014576734587213203 ) ) ;
#4087 = CARTESIAN_POINT ( 'NONE',  ( 20.00000000000000000, 0.2738250307120562721, 6.994644099306219331 ) ) ;
#4088 = ORIENTED_EDGE ( 'NONE', *, *, #2660, .T. ) ;
#4089 = DIRECTION ( 'NONE',  ( 0.000000000000000000, 0.000000000000000000, 1.000000000000000000 ) ) ;
#4090 = CARTESIAN_POINT ( 'NONE',  ( 19.12507180349532021, -12.90039764418280122, 3.430316763067233321 ) ) ;
#4091 = CARTESIAN_POINT ( 'NONE',  ( 5.000000000000000888, 0.2738250307120562721, 3.994644099306217999 ) ) ;
#4092 = CARTESIAN_POINT ( 'NONE',  ( 18.15247913859322182, 0.000000000000000000, 0.000000000000000000 ) ) ;
#4093 = VERTEX_POINT ( 'NONE', #597 ) ;
#4094 = EDGE_CURVE ( 'NONE', #4331, #4697, #3326, .T. ) ;
#4095 = ORIENTED_EDGE ( 'NONE', *, *, #591, .F. ) ;
#4096 = EDGE_CURVE ( 'NONE', #351, #4516, #1789, .T. ) ;
#4097 = DIRECTION ( 'NONE',  ( 0.000000000000000000, 2.842170943040400743E-14, 1.000000000000000000 ) ) ;
#4098 = DIRECTION ( 'NONE',  ( -1.000000000000000000, 0.000000000000000000, 0.000000000000000000 ) ) ;
#4099 = CARTESIAN_POINT ( 'NONE',  ( 18.44922871846650025, 0.7032889410958298448, 14.50583035565529677 ) ) ;
#4100 = CARTESIAN_POINT ( 'NONE',  ( 1.828521199716543588, 0.3769537665661787940, 14.99526278054661610 ) ) ;
#4101 = CIRCLE ( 'NONE', #2159, 11.83290837936660189 ) ;
#4102 = EDGE_LOOP ( 'NONE', ( #3435, #4583, #3452, #3198, #1671, #4024 ) ) ;
#4103 = ADVANCED_FACE ( 'NONE', ( #2922 ), #1355, .F. ) ;
#4104 = ORIENTED_EDGE ( 'NONE', *, *, #2099, .T. ) ;
#4105 = CYLINDRICAL_SURFACE ( 'NONE', #276, 5.399999999997299405 ) ;
#4106 = AXIS2_PLACEMENT_3D ( 'NONE', #4092, #2536, #2157 ) ;
#4107 = VECTOR ( 'NONE', #3662, 1000.000000000000000 ) ;
#4108 = CARTESIAN_POINT ( 'NONE',  ( 19.99999999999999645, -6.581779876088587500, -9.833508752078257587 ) ) ;
#4109 = CARTESIAN_POINT ( 'NONE',  ( 19.67476633509881623, 1.303591541778268192, -12.32754982505639418 ) ) ;
#4110 = AXIS2_PLACEMENT_3D ( 'NONE', #3470, #1547, #1522 ) ;
#4111 = AXIS2_PLACEMENT_3D ( 'NONE', #414, #3103, #1170 ) ;
#4112 = ORIENTED_EDGE ( 'NONE', *, *, #835, .T. ) ;
#4113 = CIRCLE ( 'NONE', #2894, 5.399999999997299405 ) ;
#4114 = CARTESIAN_POINT ( 'NONE',  ( 20.00000000000000000, 0.2738250307120562721, 3.994644099306217999 ) ) ;
#4115 = DIRECTION ( 'NONE',  ( -1.000000000000000000, 0.000000000000000000, 0.000000000000000000 ) ) ;
#4116 = VERTEX_POINT ( 'NONE', #3334 ) ;
#4117 = AXIS2_PLACEMENT_3D ( 'NONE', #4889, #1016, #2588 ) ;
#4118 = PRODUCT_CONTEXT ( 'NONE', #4548, 'mechanical' ) ;
#4119 = CARTESIAN_POINT ( 'NONE',  ( 18.53861521259230472, -13.99443697570153056, 3.241660959982778589 ) ) ;
#4120 = AXIS2_PLACEMENT_3D ( 'NONE', #4256, #2654, #3070 ) ;
#4121 = DIRECTION ( 'NONE',  ( -1.000000000000000000, -0.000000000000000000, 0.000000000000000000 ) ) ;
#4122 = ORIENTED_EDGE ( 'NONE', *, *, #2787, .T. ) ;
#4123 = ORIENTED_EDGE ( 'NONE', *, *, #804, .T. ) ;
#4124 = CARTESIAN_POINT ( 'NONE',  ( 5.000000000000000888, 7.000001873099979122, -1.843143693225357538E-15 ) ) ;
#4125 = CIRCLE ( 'NONE', #1179, 11.62399999999419009 ) ;
#4126 = CARTESIAN_POINT ( 'NONE',  ( 0.6392785368533662194, 7.329533812699882134, -10.66597157507338167 ) ) ;
#4127 = CARTESIAN_POINT ( 'NONE',  ( 0.3252336389740692058, 10.02417550607694174, -7.292718279684377691 ) ) ;
#4128 = ADVANCED_FACE ( 'NONE', ( #4907 ), #3402, .T. ) ;
#4129 = EDGE_CURVE ( 'NONE', #2873, #377, #683, .T. ) ;
#4130 = CARTESIAN_POINT ( 'NONE',  ( 18.74015435325723899, -8.270974728671575349, 11.31591122557700224 ) ) ;
#4131 = AXIS2_PLACEMENT_3D ( 'NONE', #111, #1221, #858 ) ;
#4132 = VERTEX_POINT ( 'NONE', #2554 ) ;
#4133 = VERTEX_POINT ( 'NONE', #2181 ) ;
#4134 = DIRECTION ( 'NONE',  ( -1.000000000000000000, 0.000000000000000000, -0.000000000000000000 ) ) ;
#4135 = AXIS2_PLACEMENT_3D ( 'NONE', #4359, #2119, #851 ) ;
#4136 = EDGE_CURVE ( 'NONE', #509, #1490, #4868, .T. ) ;
#4137 = CARTESIAN_POINT ( 'NONE',  ( 18.17147880028345597, 0.000000000000000000, 0.000000000000000000 ) ) ;
#4138 = DIRECTION ( 'NONE',  ( -1.000000000000000000, 0.000000000000000000, 0.000000000000000000 ) ) ;
#4139 = CIRCLE ( 'NONE', #3329, 11.62399999999418654 ) ;
#4140 = AXIS2_PLACEMENT_3D ( 'NONE', #3839, #3514, #293 ) ;
#4141 = CARTESIAN_POINT ( 'NONE',  ( 50.00005079999999680, 3.673940397442060361E-16, -3.000000000000000444 ) ) ;
#4142 = ORIENTED_EDGE ( 'NONE', *, *, #303, .F. ) ;
#4143 =( GEOMETRIC_REPRESENTATION_CONTEXT ( 3 ) GLOBAL_UNCERTAINTY_ASSIGNED_CONTEXT ( ( #3622 ) ) GLOBAL_UNIT_ASSIGNED_CONTEXT ( ( #911, #808, #2106 ) ) REPRESENTATION_CONTEXT ( 'NONE', 'WORKASPACE' ) );
#4144 = DIRECTION ( 'NONE',  ( 0.000000000000000000, 0.000000000000000000, -1.000000000000000000 ) ) ;
#4145 = EDGE_CURVE ( 'NONE', #4642, #192, #1398, .T. ) ;
#4146 = CARTESIAN_POINT ( 'NONE',  ( 1.828521199716543588, 12.79780162109362962, -7.824082928171732121 ) ) ;
#4147 = CARTESIAN_POINT ( 'NONE',  ( 19.99999999999999645, -1.278921685669845321, -11.76359128992536007 ) ) ;
#4148 = ORIENTED_EDGE ( 'NONE', *, *, #3009, .T. ) ;
#4149 = VERTEX_POINT ( 'NONE', #1265 ) ;
#4150 = FACE_OUTER_BOUND ( 'NONE', #2291, .T. ) ;
#4151 = DIRECTION ( 'NONE',  ( -1.000000000000000000, 0.000000000000000000, -0.000000000000000000 ) ) ;
#4152 = CARTESIAN_POINT ( 'NONE',  ( 19.99999999999999645, 0.000000000000000000, 0.000000000000000000 ) ) ;
#4153 = DIRECTION ( 'NONE',  ( 0.000000000000000000, 0.000000000000000000, 1.000000000000000000 ) ) ;
#4154 = VERTEX_POINT ( 'NONE', #101 ) ;
#4155 = VERTEX_POINT ( 'NONE', #2836 ) ;
#4156 = CARTESIAN_POINT ( 'NONE',  ( 1.550771281533497525, 0.7032889410960245780, -14.50583035565529144 ) ) ;
#4157 = DIRECTION ( 'NONE',  ( 0.000000000000000000, 0.000000000000000000, 1.000000000000000000 ) ) ;
#4158 = DIRECTION ( 'NONE',  ( -1.000000000000000000, -0.000000000000000000, -0.000000000000000000 ) ) ;
#4159 = CARTESIAN_POINT ( 'NONE',  ( 0.4513884669154215046, -12.13981942457256835, 3.430316763067232877 ) ) ;
#4160 = EDGE_CURVE ( 'NONE', #2795, #3314, #3191, .T. ) ;
#4161 = EDGE_CURVE ( 'NONE', #3693, #2405, #3654, .T. ) ;
#4162 = DIRECTION ( 'NONE',  ( 1.000000000000000000, 0.000000000000000000, 0.000000000000000000 ) ) ;
#4163 = EDGE_LOOP ( 'NONE', ( #3346, #2313, #1985, #3004, #3115, #1370 ) ) ;
#4164 = EDGE_CURVE ( 'NONE', #177, #4673, #1843, .T. ) ;
#4165 = CARTESIAN_POINT ( 'NONE',  ( 0.7984651288580197903, 9.354243946357767570, -9.336346657499612789 ) ) ;
#4166 = CARTESIAN_POINT ( 'NONE',  ( 0.000000000000000000, -0.2364004980234717390, 12.68364753256398814 ) ) ;
#4167 = DIRECTION ( 'NONE',  ( -1.000000000000000000, -0.000000000000000000, -0.000000000000000000 ) ) ;
#4168 = EDGE_LOOP ( 'NONE', ( #4410, #761, #1396, #3031, #3434, #842 ) ) ;
#4169 = ORIENTED_EDGE ( 'NONE', *, *, #1658, .F. ) ;
#4170 = DIRECTION ( 'NONE',  ( -1.000000000000000000, -0.000000000000000000, 0.000000000000000000 ) ) ;
#4171 = DIRECTION ( 'NONE',  ( 1.000000000000000000, 0.000000000000000000, 0.000000000000000000 ) ) ;
#4172 = CARTESIAN_POINT ( 'NONE',  ( 1.249242679904924103, 11.63509128462696296, -7.781337862733105126 ) ) ;
#4173 = DIRECTION ( 'NONE',  ( 0.000000000000000000, 0.000000000000000000, 1.000000000000000000 ) ) ;
#4174 = VERTEX_POINT ( 'NONE', #3296 ) ;
#4175 = ORIENTED_EDGE ( 'NONE', *, *, #1503, .F. ) ;
#4176 = DIRECTION ( 'NONE',  ( 0.000000000000000000, 0.000000000000000000, 1.000000000000000000 ) ) ;
#4177 = CARTESIAN_POINT ( 'NONE',  ( 0.2266066985894397978, 11.74677743332383351, 3.387378808990737511 ) ) ;
#4178 = FACE_OUTER_BOUND ( 'NONE', #2657, .T. ) ;
#4179 = ORIENTED_EDGE ( 'NONE', *, *, #4720, .F. ) ;
#4180 = CIRCLE ( 'NONE', #1238, 14.99999999999250022 ) ;
#4181 = CIRCLE ( 'NONE', #170, 14.99999999999250022 ) ;
#4182 = DIRECTION ( 'NONE',  ( 0.000000000000000000, 0.000000000000000000, 1.000000000000000000 ) ) ;
#4183 = EDGE_CURVE ( 'NONE', #2036, #4991, #182, .T. ) ;
#4184 = EDGE_CURVE ( 'NONE', #2029, #94, #1516, .T. ) ;
#4185 = CIRCLE ( 'NONE', #3383, 5.399999999997299405 ) ;
#4186 = DIRECTION ( 'NONE',  ( 0.000000000000000000, 0.000000000000000000, 1.000000000000000000 ) ) ;
#4187 = ORIENTED_EDGE ( 'NONE', *, *, #365, .T. ) ;
#4188 = CARTESIAN_POINT ( 'NONE',  ( 18.17147880028345597, 0.000000000000000000, 0.000000000000000000 ) ) ;
#4189 = AXIS2_PLACEMENT_3D ( 'NONE', #16, #4684, #1180 ) ;
#4190 = VERTEX_POINT ( 'NONE', #75 ) ;
#4191 = CIRCLE ( 'NONE', #588, 14.99999999999250022 ) ;
#4192 = DIRECTION ( 'NONE',  ( -1.000000000000000000, -0.000000000000000000, -0.000000000000000000 ) ) ;
#4193 = EDGE_CURVE ( 'NONE', #627, #4985, #34, .T. ) ;
#4194 = LINE ( 'NONE', #3788, #3157 ) ;
#4195 = AXIS2_PLACEMENT_3D ( 'NONE', #2279, #4678, #4316 ) ;
#4196 = ORIENTED_EDGE ( 'NONE', *, *, #1442, .T. ) ;
#4197 = ORIENTED_EDGE ( 'NONE', *, *, #4184, .T. ) ;
#4198 = CARTESIAN_POINT ( 'NONE',  ( 1.828521199716542922, -0.3769537665662802683, 14.99526278054661255 ) ) ;
#4199 = CARTESIAN_POINT ( 'NONE',  ( 18.17147880028345597, 0.000000000000000000, 0.000000000000000000 ) ) ;
#4200 = AXIS2_PLACEMENT_3D ( 'NONE', #1083, #1915, #5055 ) ;
#4201 = DIRECTION ( 'NONE',  ( -1.000000000000000000, 0.000000000000000000, 0.000000000000000000 ) ) ;
#4202 = LINE ( 'NONE', #2267, #1066 ) ;
#4203 = VERTEX_POINT ( 'NONE', #2450 ) ;
#4204 = AXIS2_PLACEMENT_3D ( 'NONE', #2247, #2676, #741 ) ;
#4205 = ORIENTED_EDGE ( 'NONE', *, *, #2997, .T. ) ;
#4206 = DIRECTION ( 'NONE',  ( 0.000000000000000000, 0.000000000000000000, -1.000000000000000000 ) ) ;
#4207 = EDGE_CURVE ( 'NONE', #3026, #2619, #3806, .T. ) ;
#4208 = DIRECTION ( 'NONE',  ( -1.000000000000000000, 0.000000000000000000, 0.000000000000000000 ) ) ;
#4209 = CARTESIAN_POINT ( 'NONE',  ( 1.545787617269430925, -0.6817333006323660349, -14.49489078323238722 ) ) ;
#4210 = VERTEX_POINT ( 'NONE', #2883 ) ;
#4211 = CIRCLE ( 'NONE', #2012, 5.399999999997299405 ) ;
#4212 = DIRECTION ( 'NONE',  ( 0.000000000000000000, -0.9848077530122097967, 0.1736481776669206722 ) ) ;
#4213 = DIRECTION ( 'NONE',  ( 0.000000000000000000, 0.000000000000000000, 1.000000000000000000 ) ) ;
#4214 = ORIENTED_EDGE ( 'NONE', *, *, #3417, .F. ) ;
#4215 = DIRECTION ( 'NONE',  ( -1.000000000000000000, 0.000000000000000000, 0.000000000000000000 ) ) ;
#4216 = ADVANCED_FACE ( 'NONE', ( #4061 ), #1292, .T. ) ;
#4217 = CIRCLE ( 'NONE', #43, 5.399999999997299405 ) ;
#4218 = DIRECTION ( 'NONE',  ( 0.000000000000000000, -0.3420201433256757628, 0.9396926207859058744 ) ) ;
#4219 = DIRECTION ( 'NONE',  ( -1.000000000000000000, 0.000000000000000000, -0.000000000000000000 ) ) ;
#4220 = ORIENTED_EDGE ( 'NONE', *, *, #3290, .F. ) ;
#4221 = ORIENTED_EDGE ( 'NONE', *, *, #3691, .T. ) ;
#4222 = DIRECTION ( 'NONE',  ( 0.000000000000000000, 0.000000000000000000, 1.000000000000000000 ) ) ;
#4223 = EDGE_CURVE ( 'NONE', #105, #3643, #4948, .T. ) ;
#4224 = EDGE_CURVE ( 'NONE', #1217, #4116, #1020, .T. ) ;
#4225 = DIRECTION ( 'NONE',  ( 1.000000000000000000, 0.000000000000000000, 0.000000000000000000 ) ) ;
#4226 = CARTESIAN_POINT ( 'NONE',  ( 18.15247913859322182, 0.000000000000000000, 0.000000000000000000 ) ) ;
#4227 = DIRECTION ( 'NONE',  ( 1.000000000000000000, -0.000000000000000000, -0.000000000000000000 ) ) ;
#4228 = VERTEX_POINT ( 'NONE', #2476 ) ;
#4229 = ORIENTED_EDGE ( 'NONE', *, *, #959, .F. ) ;
#4230 = ORIENTED_EDGE ( 'NONE', *, *, #214, .F. ) ;
#4231 = DIRECTION ( 'NONE',  ( -1.000000000000000000, 0.000000000000000000, 0.000000000000000000 ) ) ;
#4232 = CARTESIAN_POINT ( 'NONE',  ( 0.6697830301731680924, 12.53200494222449990, 3.430316763067322139 ) ) ;
#4233 = DIRECTION ( 'NONE',  ( 1.000000000000000000, -0.000000000000000000, -0.000000000000000000 ) ) ;
#4234 = VERTEX_POINT ( 'NONE', #1705 ) ;
#4235 = LINE ( 'NONE', #1863, #595 ) ;
#4236 = FACE_OUTER_BOUND ( 'NONE', #1183, .T. ) ;
#4237 = EDGE_LOOP ( 'NONE', ( #4925, #3408, #1887, #405, #4014, #205 ) ) ;
#4238 = CARTESIAN_POINT ( 'NONE',  ( 0.000000000000000000, 9.548108053977806264, -6.989374314203556260 ) ) ;
#4239 = DIRECTION ( 'NONE',  ( 1.000000000000000000, -0.000000000000000000, -0.000000000000000000 ) ) ;
#4240 = CARTESIAN_POINT ( 'NONE',  ( 5.000000000000000888, -7.000001873099979122, 1.749999999999998002 ) ) ;
#4241 = ORIENTED_EDGE ( 'NONE', *, *, #3448, .T. ) ;
#4242 = CARTESIAN_POINT ( 'NONE',  ( 0.2930680959721967960, -9.977092528588487497, 7.262717621090795106 ) ) ;
#4243 = CARTESIAN_POINT ( 'NONE',  ( -10.00000000000000000, 0.000000000000000000, 0.000000000000000000 ) ) ;
#4244 = DIRECTION ( 'NONE',  ( 0.000000000000000000, 0.000000000000000000, 1.000000000000000000 ) ) ;
#4245 = EDGE_CURVE ( 'NONE', #2873, #5019, #2501, .T. ) ;
#4246 = LINE ( 'NONE', #1027, #161 ) ;
#4247 = EDGE_CURVE ( 'NONE', #4149, #783, #1757, .T. ) ;
#4248 = ORIENTED_EDGE ( 'NONE', *, *, #173, .F. ) ;
#4249 = ORIENTED_EDGE ( 'NONE', *, *, #1972, .F. ) ;
#4250 = CARTESIAN_POINT ( 'NONE',  ( 9.999999999999998224, -0.3769537665660790404, -14.99526278054661610 ) ) ;
#4251 = CARTESIAN_POINT ( 'NONE',  ( 0.3252336699559142397, 2.991295008329897698, -12.02996217730069439 ) ) ;
#4252 = CARTESIAN_POINT ( 'NONE',  ( 19.99999999999999645, 0.000000000000000000, 0.000000000000000000 ) ) ;
#4253 = CARTESIAN_POINT ( 'NONE',  ( 18.17147880028345597, 9.927532457520049647, -11.24473651557300791 ) ) ;
#4254 = ADVANCED_FACE ( 'NONE', ( #1647 ), #537, .T. ) ;
#4255 = ORIENTED_EDGE ( 'NONE', *, *, #4905, .T. ) ;
#4256 = CARTESIAN_POINT ( 'NONE',  ( -10.00000000000000000, 0.000000000000000000, 0.000000000000000000 ) ) ;
#4257 = CARTESIAN_POINT ( 'NONE',  ( 0.000000000000000000, -5.141407353527605473, 10.42512860472028713 ) ) ;
#4258 = VERTEX_POINT ( 'NONE', #3678 ) ;
#4259 = VECTOR ( 'NONE', #1852, 1000.000000000000000 ) ;
#4260 = DIRECTION ( 'NONE',  ( 0.000000000000000000, 0.6427876096865353661, 0.7660444431189813441 ) ) ;
#4261 = AXIS2_PLACEMENT_3D ( 'NONE', #4406, #4797, #4355 ) ;
#4262 = CIRCLE ( 'NONE', #2715, 11.83290837936660189 ) ;
#4263 = DIRECTION ( 'NONE',  ( -1.000000000000000000, 0.000000000000000000, 0.000000000000000000 ) ) ;
#4264 = FACE_OUTER_BOUND ( 'NONE', #4237, .T. ) ;
#4265 = ORIENTED_EDGE ( 'NONE', *, *, #835, .F. ) ;
#4266 = CARTESIAN_POINT ( 'NONE',  ( 1.399789291165215666, -11.92464682496326134, 7.815945514240956626 ) ) ;
#4267 = AXIS2_PLACEMENT_3D ( 'NONE', #1101, #2669, #707 ) ;
#4268 = CIRCLE ( 'NONE', #1416, 11.62399999999418831 ) ;
#4269 = CYLINDRICAL_SURFACE ( 'NONE', #1772, 11.62399999999418831 ) ;
#4270 = CARTESIAN_POINT ( 'NONE',  ( 19.99999999999999645, -12.44990391086183834, -2.435301323468902712 ) ) ;
#4271 = VECTOR ( 'NONE', #4239, 1000.000000000000000 ) ;
#4272 = DIRECTION ( 'NONE',  ( 1.000000000000000000, 0.000000000000000000, 0.000000000000000000 ) ) ;
#4273 = ORIENTED_EDGE ( 'NONE', *, *, #5040, .F. ) ;
#4274 = ORIENTED_EDGE ( 'NONE', *, *, #2882, .T. ) ;
#4275 = ORIENTED_EDGE ( 'NONE', *, *, #1402, .T. ) ;
#4276 = CIRCLE ( 'NONE', #4039, 5.399999999997300293 ) ;
#4277 = EDGE_CURVE ( 'NONE', #3147, #4539, #3887, .T. ) ;
#4278 = FACE_BOUND ( 'NONE', #3928, .T. ) ;
#4279 = EDGE_CURVE ( 'NONE', #156, #2411, #1435, .T. ) ;
#4280 = CARTESIAN_POINT ( 'NONE',  ( 0.6392785867045857051, 3.239531749920778303, -12.52958306721207826 ) ) ;
#4281 = LINE ( 'NONE', #4588, #848 ) ;
#4282 = DIRECTION ( 'NONE',  ( -1.000000000000000000, -0.000000000000000000, 0.000000000000000000 ) ) ;
#4283 = VECTOR ( 'NONE', #3312, 1000.000000000000000 ) ;
#4284 = EDGE_LOOP ( 'NONE', ( #4845, #925, #2924, #4814 ) ) ;
#4285 = EDGE_CURVE ( 'NONE', #2029, #2963, #3075, .T. ) ;
#4286 = VECTOR ( 'NONE', #1890, 1000.000000000000000 ) ;
#4287 = DIRECTION ( 'NONE',  ( 1.000000000000000000, -0.000000000000000000, -0.000000000000000000 ) ) ;
#4288 = CARTESIAN_POINT ( 'NONE',  ( 19.99999999999999645, -4.560206750522415753, -11.83787625878358618 ) ) ;
#4289 = AXIS2_PLACEMENT_3D ( 'NONE', #190, #1765, #3713 ) ;
#4290 = ORIENTED_EDGE ( 'NONE', *, *, #406, .F. ) ;
#4291 = CARTESIAN_POINT ( 'NONE',  ( 19.35976652990475344, -9.215408926956776270, -9.086834278354734451 ) ) ;
#4292 = AXIS2_PLACEMENT_3D ( 'NONE', #3250, #2093, #4389 ) ;
#4293 = DIRECTION ( 'NONE',  ( 0.000000000000000000, 0.000000000000000000, -1.000000000000000000 ) ) ;
#4294 = CARTESIAN_POINT ( 'NONE',  ( 5.000000000000000888, 7.000001873099979122, -1.843143693225357538E-15 ) ) ;
#4295 = ORIENTED_EDGE ( 'NONE', *, *, #3691, .F. ) ;
#4296 = CARTESIAN_POINT ( 'NONE',  ( 18.85990862183266259, -11.42115302953842182, 7.761033065252060048 ) ) ;
#4297 = EDGE_CURVE ( 'NONE', #831, #4210, #4541, .T. ) ;
#4298 = CARTESIAN_POINT ( 'NONE',  ( 1.828521199716542922, 14.70199371010883205, -2.975127047320053286 ) ) ;
#4299 = CARTESIAN_POINT ( 'NONE',  ( 1.828521199716543588, 0.3769537665661787940, 14.99526278054661610 ) ) ;
#4300 = CARTESIAN_POINT ( 'NONE',  ( 1.773444428813335971, -12.68139606297202171, 7.831598027149554220 ) ) ;
#4301 = EDGE_LOOP ( 'NONE', ( #3904, #4220, #1992, #4560 ) ) ;
#4302 = VERTEX_POINT ( 'NONE', #1393 ) ;
#4303 = ORIENTED_EDGE ( 'NONE', *, *, #4285, .T. ) ;
#4304 = DIRECTION ( 'NONE',  ( -1.000000000000000000, 0.000000000000000000, 0.000000000000000000 ) ) ;
#4305 = CARTESIAN_POINT ( 'NONE',  ( 9.999999999999998224, -9.350005781138316152, 11.72933893671996763 ) ) ;
#4306 = CARTESIAN_POINT ( 'NONE',  ( 19.36072144470487899, -11.77669171670277848, 5.366055217017584589 ) ) ;
#4307 = VERTEX_POINT ( 'NONE', #657 ) ;
#4308 = B_SPLINE_CURVE_WITH_KNOTS ( 'NONE', 3,
 ( #666, #1529, #3830, #363, #1943, #2352, #2252, #4671 ),
 .UNSPECIFIED., .F., .F.,
 ( 4, 2, 2, 4 ),
 ( 2.183474661449990565E-07, 0.001922870213892974864, 0.002884196147106389899, 0.003845522080319804716 ),
 .UNSPECIFIED. ) ;
#4309 = CYLINDRICAL_SURFACE ( 'NONE', #2574, 1.750000000000000000 ) ;
#4310 = CARTESIAN_POINT ( 'NONE',  ( 0.7984649766184220843, 3.408391245887462784, 12.76918599143853683 ) ) ;
#4311 = EDGE_CURVE ( 'NONE', #2613, #2465, #360, .T. ) ;
#4312 = ADVANCED_FACE ( 'NONE', ( #1420 ), #1371, .F. ) ;
#4313 = ORIENTED_EDGE ( 'NONE', *, *, #1691, .F. ) ;
#4314 = VERTEX_POINT ( 'NONE', #1859 ) ;
#4315 = CARTESIAN_POINT ( 'NONE',  ( 19.99999999999999645, 9.373951458494479638, 6.873602407301001804 ) ) ;
#4316 = DIRECTION ( 'NONE',  ( 0.000000000000000000, 0.000000000000000000, 1.000000000000000000 ) ) ;
#4317 = CARTESIAN_POINT ( 'NONE',  ( 19.99999999999999645, 0.000000000000000000, 0.000000000000000000 ) ) ;
#4318 = EDGE_CURVE ( 'NONE', #2866, #874, #1601, .T. ) ;
#4319 = ORIENTED_EDGE ( 'NONE', *, *, #3487, .F. ) ;
#4320 = DIRECTION ( 'NONE',  ( 0.000000000000000000, 0.000000000000000000, 1.000000000000000000 ) ) ;
#4321 = DIRECTION ( 'NONE',  ( -1.000000000000000000, 0.000000000000000000, 0.000000000000000000 ) ) ;
#4322 = LINE ( 'NONE', #2490, #325 ) ;
#4323 = ORIENTED_EDGE ( 'NONE', *, *, #2005, .T. ) ;
#4324 = ORIENTED_EDGE ( 'NONE', *, *, #4369, .T. ) ;
#4325 = CARTESIAN_POINT ( 'NONE',  ( 0.000000000000000000, 0.000000000000000000, 0.000000000000000000 ) ) ;
#4326 = DIRECTION ( 'NONE',  ( -1.000000000000000000, -0.000000000000000000, -0.000000000000000000 ) ) ;
#4327 = CARTESIAN_POINT ( 'NONE',  ( 18.75075726079835903, -12.55638197784191945, 6.185615784928225835 ) ) ;
#4328 = ORIENTED_EDGE ( 'NONE', *, *, #3794, .T. ) ;
#4329 = CARTESIAN_POINT ( 'NONE',  ( 19.35976657859488270, 11.76753205992860529, 5.386975582606581270 ) ) ;
#4330 = CARTESIAN_POINT ( 'NONE',  ( 18.44922887594163541, 14.16332904972948192, -3.211515542628457620 ) ) ;
#4331 = VERTEX_POINT ( 'NONE', #1465 ) ;
#4332 = EDGE_LOOP ( 'NONE', ( #1047, #4068, #2243, #3544, #4501, #612 ) ) ;
#4333 = CARTESIAN_POINT ( 'NONE',  ( 19.83777560463688516, -8.731443245861274960, -8.396936486107765774 ) ) ;
#4334 = ADVANCED_FACE ( 'NONE', ( #2546 ), #4105, .T. ) ;
#4335 = EDGE_CURVE ( 'NONE', #4673, #177, #2340, .T. ) ;
#4336 = CARTESIAN_POINT ( 'NONE',  ( 18.74015437303690845, -5.664379221302849210, -12.82082980542849704 ) ) ;
#4337 = CIRCLE ( 'NONE', #819, 11.62399999999418831 ) ;
#4338 = DIRECTION ( 'NONE',  ( 1.000000000000000000, 0.000000000000000000, 0.000000000000000000 ) ) ;
#4339 = AXIS2_PLACEMENT_3D ( 'NONE', #3027, #1924, #314 ) ;
#4340 = ORIENTED_EDGE ( 'NONE', *, *, #1466, .T. ) ;
#4341 = CARTESIAN_POINT ( 'NONE',  ( 9.999999999999998224, -13.17475538765980225, 7.171179852374649499 ) ) ;
#4342 = VECTOR ( 'NONE', #4049, 1000.000000000000000 ) ;
#4343 = AXIS2_PLACEMENT_3D ( 'NONE', #2334, #4710, #1202 ) ;
#4344 = DIRECTION ( 'NONE',  ( 0.000000000000000000, 0.000000000000000000, 1.000000000000000000 ) ) ;
#4345 = EDGE_CURVE ( 'NONE', #3577, #3966, #3078, .T. ) ;
#4346 = DIRECTION ( 'NONE',  ( -1.000000000000000000, -0.000000000000000000, 0.000000000000000000 ) ) ;
#4347 = CARTESIAN_POINT ( 'NONE',  ( 1.259845626963086884, -5.664379221303028622, 12.82082980542841888 ) ) ;
#4348 = AXIS2_PLACEMENT_3D ( 'NONE', #1723, #4840, #4002 ) ;
#4349 = AXIS2_PLACEMENT_3D ( 'NONE', #1936, #2604, #2833 ) ;
#4350 = ORIENTED_EDGE ( 'NONE', *, *, #2022, .F. ) ;
#4351 = VERTEX_POINT ( 'NONE', #635 ) ;
#4352 = EDGE_LOOP ( 'NONE', ( #4508, #1475 ) ) ;
#4353 = CARTESIAN_POINT ( 'NONE',  ( 18.17147880028345597, 0.000000000000000000, 0.000000000000000000 ) ) ;
#4354 = CONICAL_SURFACE ( 'NONE', #569, 15.03290837936660296, 1.047197551196604515 ) ;
#4355 = DIRECTION ( 'NONE',  ( 0.000000000000000000, -7.067391939168305026E-15, 1.000000000000000000 ) ) ;
#4356 = CARTESIAN_POINT ( 'NONE',  ( 19.99999999999999645, -12.44990391086187032, 7.835301323466032919 ) ) ;
#4357 = ORIENTED_EDGE ( 'NONE', *, *, #4693, .F. ) ;
#4358 = AXIS2_PLACEMENT_3D ( 'NONE', #4166, #2949, #646 ) ;
#4359 = CARTESIAN_POINT ( 'NONE',  ( 19.99999999999999645, -7.971798191702021086, 9.868193021853528535 ) ) ;
#4360 = EDGE_CURVE ( 'NONE', #1063, #1617, #4563, .T. ) ;
#4361 = CIRCLE ( 'NONE', #3795, 11.83290837936660189 ) ;
#4362 = CARTESIAN_POINT ( 'NONE',  ( 18.44922866261973127, 4.300410844387720033, -13.87156079804717912 ) ) ;
#4363 = DIRECTION ( 'NONE',  ( -1.000000000000000000, 0.000000000000000000, 0.000000000000000000 ) ) ;
#4364 = ORIENTED_EDGE ( 'NONE', *, *, #430, .T. ) ;
#4365 = CIRCLE ( 'NONE', #2174, 14.99999999999250022 ) ;
#4366 = CARTESIAN_POINT ( 'NONE',  ( 0.7984651314526109989, -10.81885399250296231, -7.590892379970282100 ) ) ;
#4367 = CYLINDRICAL_SURFACE ( 'NONE', #1184, 2.999999999999999112 ) ;
#4368 = ORIENTED_EDGE ( 'NONE', *, *, #2073, .T. ) ;
#4369 = EDGE_CURVE ( 'NONE', #2905, #1773, #4211, .T. ) ;
#4370 = CARTESIAN_POINT ( 'NONE',  ( 19.70929283651458164, -9.984156695288708860, 7.246138566110616352 ) ) ;
#4371 = AXIS2_PLACEMENT_3D ( 'NONE', #2842, #4115, #1378 ) ;
#4372 = CARTESIAN_POINT ( 'NONE',  ( 0.6402334318391921242, -12.47713372047341984, -3.437361095164688241 ) ) ;
#4373 = DIRECTION ( 'NONE',  ( 0.000000000000000000, 0.000000000000000000, 1.000000000000000000 ) ) ;
#4374 = CARTESIAN_POINT ( 'NONE',  ( 20.00000000000000000, 7.000001873099979122, 2.999999999999998224 ) ) ;
#4375 = DIRECTION ( 'NONE',  ( 0.000000000000000000, 0.000000000000000000, 1.000000000000000000 ) ) ;
#4376 = VECTOR ( 'NONE', #1106, 1000.000000000000000 ) ;
#4377 = ORIENTED_EDGE ( 'NONE', *, *, #546, .F. ) ;
#4378 = ADVANCED_FACE ( 'NONE', ( #2172 ), #2217, .T. ) ;
#4379 = ORIENTED_EDGE ( 'NONE', *, *, #1131, .F. ) ;
#4380 = ADVANCED_FACE ( 'NONE', ( #3033 ), #1270, .T. ) ;
#4381 = CARTESIAN_POINT ( 'NONE',  ( 19.36072146631411073, -5.572235432365754804, 11.68054826176491900 ) ) ;
#4382 = DIRECTION ( 'NONE',  ( 0.000000000000000000, 0.000000000000000000, 1.000000000000000000 ) ) ;
#4383 = AXIS2_PLACEMENT_3D ( 'NONE', #470, #2868, #114 ) ;
#4384 = DIRECTION ( 'NONE',  ( 0.000000000000000000, 0.000000000000000000, 1.000000000000000000 ) ) ;
#4385 = CARTESIAN_POINT ( 'NONE',  ( 18.17147880028345597, -14.83290837936660012, -2.232673063637196975 ) ) ;
#4386 = ORIENTED_EDGE ( 'NONE', *, *, #1641, .F. ) ;
#4387 = EDGE_CURVE ( 'NONE', #4997, #1201, #1929, .T. ) ;
#4388 = AXIS2_PLACEMENT_3D ( 'NONE', #3184, #1225, #1794 ) ;
#4389 = DIRECTION ( 'NONE',  ( 0.000000000000000000, -7.460698725481053214E-14, -1.000000000000000000 ) ) ;
#4390 = CARTESIAN_POINT ( 'NONE',  ( 19.67738667247986584, 3.011237789532839493, -12.02039647870674699 ) ) ;
#4391 = CARTESIAN_POINT ( 'NONE',  ( 0.000000000000000000, 2.821591908417683481, 11.49157690731938430 ) ) ;
#4392 = VERTEX_POINT ( 'NONE', #1832 ) ;
#4393 = CARTESIAN_POINT ( 'NONE',  ( 9.999999999999998224, 12.79780162109362962, -7.824082928171732121 ) ) ;
#4394 = DIRECTION ( 'NONE',  ( 0.000000000000000000, 0.000000000000000000, 1.000000000000000000 ) ) ;
#4395 = ORIENTED_EDGE ( 'NONE', *, *, #3014, .T. ) ;
#4396 = CARTESIAN_POINT ( 'NONE',  ( 0.000000000000000000, 0.000000000000000000, -11.83290837936660012 ) ) ;
#4397 = FACE_OUTER_BOUND ( 'NONE', #795, .T. ) ;
#4398 = CARTESIAN_POINT ( 'NONE',  ( 19.99999999999999645, -4.115919143437121619, 11.99958372321598787 ) ) ;
#4399 = B_SPLINE_CURVE_WITH_KNOTS ( 'NONE', 3,
 ( #4385, #872, #1961, #73, #3552, #769, #2057, #4003 ),
 .UNSPECIFIED., .F., .F.,
 ( 4, 2, 2, 4 ),
 ( 3.154111139996753823E-07, 0.001922967958200561033, 0.002884294231743844087, 0.003845620505287127358 ),
 .UNSPECIFIED. ) ;
#4400 = DIRECTION ( 'NONE',  ( 0.000000000000000000, 0.000000000000000000, 1.000000000000000000 ) ) ;
#4401 = CARTESIAN_POINT ( 'NONE',  ( 18.45421242796777150, 12.89381024486885430, -6.657046958321171992 ) ) ;
#4402 = ORIENTED_EDGE ( 'NONE', *, *, #2475, .F. ) ;
#4403 = EDGE_LOOP ( 'NONE', ( #3502, #4122, #2242, #4425 ) ) ;
#4404 = ORIENTED_EDGE ( 'NONE', *, *, #4444, .F. ) ;
#4405 = CYLINDRICAL_SURFACE ( 'NONE', #2587, 11.62399999999418831 ) ;
#4406 = CARTESIAN_POINT ( 'NONE',  ( 19.99999999999999645, -11.10256122485997565, 6.137094929526348608 ) ) ;
#4407 = EDGE_CURVE ( 'NONE', #676, #1489, #1521, .T. ) ;
#4408 = EDGE_CURVE ( 'NONE', #22, #634, #686, .T. ) ;
#4409 = DIRECTION ( 'NONE',  ( 0.000000000000000000, 0.000000000000000000, -1.000000000000000000 ) ) ;
#4410 = ORIENTED_EDGE ( 'NONE', *, *, #3847, .T. ) ;
#4411 = B_SPLINE_CURVE_WITH_KNOTS ( 'NONE', 3,
 ( #2609, #3406, #3077, #4165, #3046, #2658, #1453, #2585 ),
 .UNSPECIFIED., .F., .F.,
 ( 4, 2, 2, 4 ),
 ( 2.192195976300496760E-07, 0.001922871092140342490, 0.002884197028411698577, 0.003845522964683054882 ),
 .UNSPECIFIED. ) ;
#4412 = DIRECTION ( 'NONE',  ( 1.000000000000000000, 0.000000000000000000, 0.000000000000000000 ) ) ;
#4413 = EDGE_CURVE ( 'NONE', #977, #3386, #1684, .T. ) ;
#4414 = LINE ( 'NONE', #103, #1089 ) ;
#4415 = CARTESIAN_POINT ( 'NONE',  ( 19.99999999999999645, 9.548108053977713894, 6.989374314203689487 ) ) ;
#4416 = ORIENTED_EDGE ( 'NONE', *, *, #2231, .T. ) ;
#4417 = CARTESIAN_POINT ( 'NONE',  ( 19.99999999999999645, 8.396946530139320686, -8.037951540650526638 ) ) ;
#4418 = DIRECTION ( 'NONE',  ( -1.000000000000000000, -0.000000000000000000, -0.000000000000000000 ) ) ;
#4419 = ORIENTED_EDGE ( 'NONE', *, *, #1350, .F. ) ;
#4420 = CARTESIAN_POINT ( 'NONE',  ( 1.259845725215938295, -13.60966190244510976, -3.352010822923278788 ) ) ;
#4421 = EDGE_CURVE ( 'NONE', #69, #4081, #2751, .T. ) ;
#4422 = FACE_OUTER_BOUND ( 'NONE', #1105, .T. ) ;
#4423 = DIRECTION ( 'NONE',  ( -1.000000000000000000, -0.000000000000000000, 0.000000000000000000 ) ) ;
#4424 = CARTESIAN_POINT ( 'NONE',  ( 18.31070242263945858, 13.04408147270481777, -6.906852504998695075 ) ) ;
#4425 = ORIENTED_EDGE ( 'NONE', *, *, #4408, .T. ) ;
#4426 = EDGE_LOOP ( 'NONE', ( #4379, #4469 ) ) ;
#4427 = DIRECTION ( 'NONE',  ( -1.000000000000000000, -0.000000000000000000, 0.000000000000000000 ) ) ;
#4428 = AXIS2_PLACEMENT_3D ( 'NONE', #3041, #3123, #4186 ) ;
#4429 = PRESENTATION_LAYER_ASSIGNMENT (  '', '', ( #654 ) ) ;
#4430 = B_SPLINE_CURVE_WITH_KNOTS ( 'NONE', 3,
 ( #3942, #3840, #397, #3566, #4638, #2338, #2744, #4299 ),
 .UNSPECIFIED., .F., .F.,
 ( 4, 2, 2, 4 ),
 ( 3.929789716582436916E-07, 0.001917556337481945549, 0.002876138016737086849, 0.003834719695992228582 ),
 .UNSPECIFIED. ) ;
#4431 = CARTESIAN_POINT ( 'NONE',  ( 0.000000000000000000, 4.115919143437040795, 11.99958372321601807 ) ) ;
#4432 = CARTESIAN_POINT ( 'NONE',  ( 0.000000000000000000, -10.82702973964764581, -4.774216975721751410 ) ) ;
#4433 = AXIS2_PLACEMENT_3D ( 'NONE', #793, #4326, #2775 ) ;
#4434 = CIRCLE ( 'NONE', #2641, 14.99999999999250022 ) ;
#4435 = CARTESIAN_POINT ( 'NONE',  ( 18.17147880028345597, -9.350005781138316152, 11.72933893671996586 ) ) ;
#4436 = ORIENTED_EDGE ( 'NONE', *, *, #2551, .T. ) ;
#4437 = ORIENTED_EDGE ( 'NONE', *, *, #3444, .F. ) ;
#4438 = EDGE_CURVE ( 'NONE', #3128, #1473, #3489, .T. ) ;
#4439 = CARTESIAN_POINT ( 'NONE',  ( 0.000000000000000000, 0.000000000000000000, 0.000000000000000000 ) ) ;
#4440 = CARTESIAN_POINT ( 'NONE',  ( 19.99999999999999645, 11.15954349366131737, 3.252993238994854153 ) ) ;
#4441 = CIRCLE ( 'NONE', #1338, 1.750000000000000666 ) ;
#4442 = CARTESIAN_POINT ( 'NONE',  ( 18.90216945811142679, -9.584151966098042763, 9.838048736783255421 ) ) ;
#4443 = EDGE_LOOP ( 'NONE', ( #4357, #4572, #3721, #4577 ) ) ;
#4444 = EDGE_CURVE ( 'NONE', #4010, #1545, #4139, .T. ) ;
#4445 = CIRCLE ( 'NONE', #1009, 3.000000000000000444 ) ;
#4446 = DIRECTION ( 'NONE',  ( -1.000000000000000000, -0.000000000000000000, -0.000000000000000000 ) ) ;
#4447 = FACE_OUTER_BOUND ( 'NONE', #1271, .T. ) ;
#4448 = AXIS2_PLACEMENT_3D ( 'NONE', #4758, #382, #3523 ) ;
#4449 = ORIENTED_EDGE ( 'NONE', *, *, #3672, .T. ) ;
#4450 = DIRECTION ( 'NONE',  ( 1.000000000000000000, 0.000000000000000000, 0.000000000000000000 ) ) ;
#4451 = AXIS2_PLACEMENT_3D ( 'NONE', #3486, #3889, #1537 ) ;
#4452 = DIRECTION ( 'NONE',  ( 1.000000000000000000, 0.000000000000000000, -0.000000000000000000 ) ) ;
#4453 = CARTESIAN_POINT ( 'NONE',  ( 19.35976652990475344, 9.215408926956838442, 9.086834278354674055 ) ) ;
#4454 = CARTESIAN_POINT ( 'NONE',  ( 19.99999999999999645, -11.15954349366134224, 3.252993238994779990 ) ) ;
#4455 = EDGE_LOOP ( 'NONE', ( #2282, #3929, #3890, #4576, #3765, #2969 ) ) ;
#4456 = ORIENTED_EDGE ( 'NONE', *, *, #2475, .T. ) ;
#4457 = VECTOR ( 'NONE', #1315, 1000.000000000000000 ) ;
#4458 = CARTESIAN_POINT ( 'NONE',  ( 1.545787637666398595, -4.316924901299797668, 13.85390845694307771 ) ) ;
#4459 = DIRECTION ( 'NONE',  ( 1.000000000000000000, -0.000000000000000000, -0.000000000000000000 ) ) ;
#4460 = DIRECTION ( 'NONE',  ( 0.000000000000000000, 0.000000000000000000, -1.000000000000000000 ) ) ;
#4461 = AXIS2_PLACEMENT_3D ( 'NONE', #3064, #1980, #3521 ) ;
#4462 = CARTESIAN_POINT ( 'NONE',  ( 9.999999999999998224, -14.83290837936660012, -2.232673063637196975 ) ) ;
#4463 = VERTEX_POINT ( 'NONE', #1132 ) ;
#4464 = VERTEX_POINT ( 'NONE', #1186 ) ;
#4465 = CIRCLE ( 'NONE', #2017, 11.83290837936660012 ) ;
#4466 = DIRECTION ( 'NONE',  ( 0.000000000000000000, -0.6427876096865299260, -0.7660444431189858960 ) ) ;
#4467 = CARTESIAN_POINT ( 'NONE',  ( 0.000000000000000000, 6.581779876088652337, 9.833508752078209625 ) ) ;
#4468 = CARTESIAN_POINT ( 'NONE',  ( 19.20153492688181984, 12.76263525461866344, -3.432839572520100191 ) ) ;
#4469 = ORIENTED_EDGE ( 'NONE', *, *, #4070, .F. ) ;
#4470 = DIRECTION ( 'NONE',  ( 0.000000000000000000, 0.000000000000000000, -1.000000000000000000 ) ) ;
#4471 = ADVANCED_FACE ( 'NONE', ( #3141 ), #4617, .T. ) ;
#4472 = EDGE_CURVE ( 'NONE', #4742, #2795, #1520, .T. ) ;
#4473 = CARTESIAN_POINT ( 'NONE',  ( 5.000000000000000888, -7.000001873099979122, -1.844327237370755631E-15 ) ) ;
#4474 = ORIENTED_EDGE ( 'NONE', *, *, #3515, .T. ) ;
#4475 = CARTESIAN_POINT ( 'NONE',  ( 19.99999999999999645, 0.000000000000000000, 0.000000000000000000 ) ) ;
#4476 = DIRECTION ( 'NONE',  ( 0.000000000000000000, 0.000000000000000000, -1.000000000000000000 ) ) ;
#4477 = EDGE_CURVE ( 'NONE', #2815, #831, #38, .T. ) ;
#4478 = DIRECTION ( 'NONE',  ( -1.000000000000000000, -0.000000000000000000, 0.000000000000000000 ) ) ;
#4479 = CARTESIAN_POINT ( 'NONE',  ( 1.259845958031172719, -3.901904676404727823, -13.46231870482391990 ) ) ;
#4480 = EDGE_LOOP ( 'NONE', ( #4834, #762, #2952, #4449 ) ) ;
#4481 = VERTEX_POINT ( 'NONE', #3548 ) ;
#4482 = DIRECTION ( 'NONE',  ( 1.000000000000000000, 0.000000000000000000, 0.000000000000000000 ) ) ;
#4483 = CARTESIAN_POINT ( 'NONE',  ( 1.249242726943085691, 13.59478380164432210, -3.332630163112134003 ) ) ;
#4484 = CARTESIAN_POINT ( 'NONE',  ( 18.17147880028345597, -13.17475538765980225, 7.171179852374649499 ) ) ;
#4485 = DIRECTION ( 'NONE',  ( -1.000000000000000000, -0.000000000000000000, -0.000000000000000000 ) ) ;
#4486 = ORIENTED_EDGE ( 'NONE', *, *, #2850, .F. ) ;
#4487 = ORIENTED_EDGE ( 'NONE', *, *, #1215, .F. ) ;
#4488 = DIRECTION ( 'NONE',  ( 0.000000000000000000, 0.000000000000000000, 1.000000000000000000 ) ) ;
#4489 = CARTESIAN_POINT ( 'NONE',  ( 18.31070244774050337, -9.067002821885246533, -11.64655019940904346 ) ) ;
#4490 = DIRECTION ( 'NONE',  ( 0.000000000000000000, 0.000000000000000000, 1.000000000000000000 ) ) ;
#4491 = EDGE_LOOP ( 'NONE', ( #1137, #1587, #3363, #2342, #2565, #4395 ) ) ;
#4492 = DIRECTION ( 'NONE',  ( -1.000000000000000000, 0.000000000000000000, 0.000000000000000000 ) ) ;
#4493 = DIRECTION ( 'NONE',  ( 0.000000000000000000, -0.6427876096865299260, -0.7660444431189858960 ) ) ;
#4494 = ORIENTED_EDGE ( 'NONE', *, *, #2946, .T. ) ;
#4495 = CARTESIAN_POINT ( 'NONE',  ( 1.550771281533498414, -0.7032889410959277665, 14.50583035565528967 ) ) ;
#4496 = ADVANCED_FACE ( 'NONE', ( #713 ), #765, .T. ) ;
#4497 = ADVANCED_FACE ( 'NONE', ( #792 ), #1209, .T. ) ;
#4498 = VERTEX_POINT ( 'NONE', #2368 ) ;
#4499 = DIRECTION ( 'NONE',  ( 0.000000000000000000, 0.000000000000000000, 1.000000000000000000 ) ) ;
#4500 = DIRECTION ( 'NONE',  ( 0.000000000000000000, 0.6427876096865354771, 0.7660444431189813441 ) ) ;
#4501 = ORIENTED_EDGE ( 'NONE', *, *, #1350, .T. ) ;
#4502 = ORIENTED_EDGE ( 'NONE', *, *, #671, .F. ) ;
#4503 = CARTESIAN_POINT ( 'NONE',  ( 19.67476633509882333, -1.303591541778187146, 12.32754982505640129 ) ) ;
#4504 = EDGE_CURVE ( 'NONE', #4642, #3370, #2184, .T. ) ;
#4505 = DIRECTION ( 'NONE',  ( 0.000000000000000000, 0.000000000000000000, -1.000000000000000000 ) ) ;
#4506 = CARTESIAN_POINT ( 'NONE',  ( 18.90216945980651175, -11.35285719079206856, -7.730187926652498653 ) ) ;
#4507 = CIRCLE ( 'NONE', #2229, 14.99999999999250022 ) ;
#4508 = ORIENTED_EDGE ( 'NONE', *, *, #2997, .F. ) ;
#4509 = ORIENTED_EDGE ( 'NONE', *, *, #630, .T. ) ;
#4510 = DIRECTION ( 'NONE',  ( 1.000000000000000000, -0.000000000000000000, 0.000000000000000000 ) ) ;
#4511 = AXIS2_PLACEMENT_3D ( 'NONE', #3980, #3594, #148 ) ;
#4512 = CIRCLE ( 'NONE', #1158, 5.399999999997301181 ) ;
#4513 = DIRECTION ( 'NONE',  ( 0.000000000000000000, 0.6427876096865402511, -0.7660444431189771253 ) ) ;
#4514 = CARTESIAN_POINT ( 'NONE',  ( 19.67476636050663785, -8.922605312219896945, 8.605518517098460052 ) ) ;
#4515 = AXIS2_PLACEMENT_3D ( 'NONE', #1262, #3595, #2753 ) ;
#4516 = VERTEX_POINT ( 'NONE', #1932 ) ;
#4517 = ADVANCED_FACE ( 'NONE', ( #4278, #815, #3498, #402, #5023, #1903 ), #1597, .F. ) ;
#4518 = AXIS2_PLACEMENT_3D ( 'NONE', #4937, #1405, #3742 ) ;
#4519 = CARTESIAN_POINT ( 'NONE',  ( 0.6402334214051091932, 11.76753205992868168, -5.386975582606425839 ) ) ;
#4520 = DIRECTION ( 'NONE',  ( 0.000000000000000000, 0.000000000000000000, -1.000000000000000000 ) ) ;
#4521 = ORIENTED_EDGE ( 'NONE', *, *, #3786, .T. ) ;
#4522 = CARTESIAN_POINT ( 'NONE',  ( 0.000000000000000000, 11.15954349366131737, 3.252993238994854597 ) ) ;
#4523 = CIRCLE ( 'NONE', #2812, 5.399999999997297628 ) ;
#4524 = LINE ( 'NONE', #1038, #1583 ) ;
#4525 = AXIS2_PLACEMENT_3D ( 'NONE', #718, #4624, #4212 ) ;
#4526 = DIRECTION ( 'NONE',  ( 1.000000000000000000, 0.000000000000000000, 0.000000000000000000 ) ) ;
#4527 = EDGE_LOOP ( 'NONE', ( #2664, #2959, #2144, #1553, #2367, #2672 ) ) ;
#4528 = ORIENTED_EDGE ( 'NONE', *, *, #4698, .F. ) ;
#4529 = CARTESIAN_POINT ( 'NONE',  ( 1.828521199716542922, 13.17475538765975074, 7.171179852374736541 ) ) ;
#4530 = AXIS2_PLACEMENT_3D ( 'NONE', #618, #636, #4513 ) ;
#4531 = B_SPLINE_CURVE_WITH_KNOTS ( 'NONE', 3,
 ( #4645, #1159, #1860, #3065, #3471, #715, #768, #1467 ),
 .UNSPECIFIED., .F., .F.,
 ( 4, 2, 2, 4 ),
 ( 3.929789716543274877E-07, 0.001917556215103740974, 0.002876137833169784431, 0.003834719451235828538 ),
 .UNSPECIFIED. ) ;
#4532 = CARTESIAN_POINT ( 'NONE',  ( 18.17147880028345597, 12.79780162109351949, 7.824082928171907092 ) ) ;
#4533 = CARTESIAN_POINT ( 'NONE',  ( 9.999999999999998224, -12.79780162109346975, -7.824082928171993245 ) ) ;
#4534 = EDGE_CURVE ( 'NONE', #1862, #1334, #3168, .T. ) ;
#4535 = FACE_OUTER_BOUND ( 'NONE', #4725, .T. ) ;
#4536 = ADVANCED_FACE ( 'NONE', ( #4716 ), #3873, .T. ) ;
#4537 = AXIS2_PLACEMENT_3D ( 'NONE', #4294, #1948, #2707 ) ;
#4538 = ORIENTED_EDGE ( 'NONE', *, *, #3699, .F. ) ;
#4539 = VERTEX_POINT ( 'NONE', #3950 ) ;
#4540 = DIRECTION ( 'NONE',  ( 0.000000000000000000, 0.000000000000000000, 1.000000000000000000 ) ) ;
#4541 = CIRCLE ( 'NONE', #4622, 11.83290837936660012 ) ;
#4542 = CARTESIAN_POINT ( 'NONE',  ( 19.99999999999999645, 5.225178449592115193, -10.61674295084902653 ) ) ;
#4543 = EDGE_CURVE ( 'NONE', #992, #585, #4957, .T. ) ;
#4544 = FACE_OUTER_BOUND ( 'NONE', #1208, .T. ) ;
#4545 = AXIS2_PLACEMENT_3D ( 'NONE', #4325, #3093, #4643 ) ;
#4546 = AXIS2_PLACEMENT_3D ( 'NONE', #138, #2026, #3587 ) ;
#4547 = CARTESIAN_POINT ( 'NONE',  ( 18.45421228788788071, -14.39306271860118969, 1.845635245443484340 ) ) ;
#4548 = APPLICATION_CONTEXT ( 'automotive_design' ) ;
#4549 = VERTEX_POINT ( 'NONE', #4817 ) ;
#4550 = DIRECTION ( 'NONE',  ( 1.000000000000000000, 0.000000000000000000, 0.000000000000000000 ) ) ;
#4551 = CARTESIAN_POINT ( 'NONE',  ( -10.00000000000000000, 0.000000000000000000, 0.000000000000000000 ) ) ;
#4552 = DIRECTION ( 'NONE',  ( -1.000000000000000000, -0.000000000000000000, -0.000000000000000000 ) ) ;
#4553 = ORIENTED_EDGE ( 'NONE', *, *, #4820, .F. ) ;
#4554 = ORIENTED_EDGE ( 'NONE', *, *, #3885, .T. ) ;
#4555 = DIRECTION ( 'NONE',  ( -1.000000000000000000, -0.000000000000000000, -0.000000000000000000 ) ) ;
#4556 = DIRECTION ( 'NONE',  ( -1.000000000000000000, -0.000000000000000000, 0.000000000000000000 ) ) ;
#4557 = B_SPLINE_CURVE_WITH_KNOTS ( 'NONE', 3,
 ( #4432, #97, #2469, #1751, #1675, #3245, #1367, #923 ),
 .UNSPECIFIED., .F., .F.,
 ( 4, 2, 2, 4 ),
 ( 3.929789713159358136E-07, 0.001917556271398185774, 0.002876137917611620767, 0.003834719563825055542 ),
 .UNSPECIFIED. ) ;
#4558 = CARTESIAN_POINT ( 'NONE',  ( 19.99999999999999645, 11.10256122485993302, 6.137094929526425879 ) ) ;
#4559 = DIRECTION ( 'NONE',  ( -1.000000000000000000, -0.000000000000000000, -0.000000000000000000 ) ) ;
#4560 = ORIENTED_EDGE ( 'NONE', *, *, #5006, .F. ) ;
#4561 = ORIENTED_EDGE ( 'NONE', *, *, #5051, .F. ) ;
#4562 = EDGE_CURVE ( 'NONE', #4498, #22, #4790, .T. ) ;
#4563 = LINE ( 'NONE', #2198, #2832 ) ;
#4564 = EDGE_CURVE ( 'NONE', #2328, #1753, #2114, .T. ) ;
#4565 = FACE_OUTER_BOUND ( 'NONE', #543, .T. ) ;
#4566 = CARTESIAN_POINT ( 'NONE',  ( 9.999999999999998224, -12.79780162109357278, 7.824082928171820051 ) ) ;
#4567 = ORIENTED_EDGE ( 'NONE', *, *, #3614, .F. ) ;
#4568 = VERTEX_POINT ( 'NONE', #2830 ) ;
#4569 = EDGE_CURVE ( 'NONE', #3686, #4854, #2428, .T. ) ;
#4570 = CARTESIAN_POINT ( 'NONE',  ( 19.67738666229478639, 12.36067561812873450, 0.8781703868661470125 ) ) ;
#4571 = CARTESIAN_POINT ( 'NONE',  ( 18.17147880028345597, -5.482902598228224456, -13.96201200035715395 ) ) ;
#4572 = ORIENTED_EDGE ( 'NONE', *, *, #1942, .T. ) ;
#4573 = LINE ( 'NONE', #3483, #3138 ) ;
#4574 = CARTESIAN_POINT ( 'NONE',  ( 19.99999999999999645, -8.396946530139262066, 8.037951540650583482 ) ) ;
#4575 = CARTESIAN_POINT ( 'NONE',  ( 0.000000000000000000, 0.000000000000000000, 0.000000000000000000 ) ) ;
#4576 = ORIENTED_EDGE ( 'NONE', *, *, #4096, .F. ) ;
#4577 = ORIENTED_EDGE ( 'NONE', *, *, #1241, .F. ) ;
#4578 = DIRECTION ( 'NONE',  ( 0.000000000000000000, 0.8660254037844397068, -0.4999999999999979461 ) ) ;
#4579 = EDGE_CURVE ( 'NONE', #2612, #4985, #3244, .T. ) ;
#4580 = CARTESIAN_POINT ( 'NONE',  ( 0.000000000000000000, 0.000000000000000000, 0.000000000000000000 ) ) ;
#4581 = FACE_OUTER_BOUND ( 'NONE', #2466, .T. ) ;
#4582 = CARTESIAN_POINT ( 'NONE',  ( 0.000000000000000000, -7.000001873099979122, 1.749999999999998002 ) ) ;
#4583 = ORIENTED_EDGE ( 'NONE', *, *, #952, .T. ) ;
#4584 = ORIENTED_EDGE ( 'NONE', *, *, #3479, .T. ) ;
#4585 = CARTESIAN_POINT ( 'NONE',  ( 1.259845897081689259, 0.9377931721427616996, -13.98497143389278996 ) ) ;
#4586 = AXIS2_PLACEMENT_3D ( 'NONE', #1289, #975, #2856 ) ;
#4587 = CIRCLE ( 'NONE', #4923, 5.399999999997298517 ) ;
#4588 = CARTESIAN_POINT ( 'NONE',  ( 9.999999999999998224, 14.83290837936661610, 2.232673063637094835 ) ) ;
#4589 = DIRECTION ( 'NONE',  ( 0.000000000000000000, 0.000000000000000000, 1.000000000000000000 ) ) ;
#4590 = ORIENTED_EDGE ( 'NONE', *, *, #3272, .T. ) ;
#4591 = B_SPLINE_CURVE_WITH_KNOTS ( 'NONE', 3,
 ( #394, #3914, #3161, #2945, #2183, #3741, #3258, #1767 ),
 .UNSPECIFIED., .F., .F.,
 ( 4, 2, 2, 4 ),
 ( 3.929789716551375688E-07, 0.001917556367278245308, 0.002876138061431538547, 0.003834719755584832003 ),
 .UNSPECIFIED. ) ;
#4592 = EDGE_CURVE ( 'NONE', #4155, #2853, #2666, .T. ) ;
#4593 = AXIS2_PLACEMENT_3D ( 'NONE', #3431, #4628, #1505 ) ;
#4594 = CARTESIAN_POINT ( 'NONE',  ( 0.000000000000000000, -7.000001873099979122, -1.844327237370755631E-15 ) ) ;
#4595 = CONICAL_SURFACE ( 'NONE', #1492, 11.83290837936660012, 1.047197551196604515 ) ;
#4596 = CIRCLE ( 'NONE', #4842, 14.99999999999250022 ) ;
#4597 = CARTESIAN_POINT ( 'NONE',  ( -10.00000000000000000, 0.000000000000000000, 0.000000000000000000 ) ) ;
#4598 = EDGE_CURVE ( 'NONE', #5048, #2815, #2444, .T. ) ;
#4599 = ADVANCED_FACE ( 'NONE', ( #3593 ), #4405, .T. ) ;
#4600 = VERTEX_POINT ( 'NONE', #3673 ) ;
#4601 = DIRECTION ( 'NONE',  ( 0.000000000000000000, 0.000000000000000000, -1.000000000000000000 ) ) ;
#4602 = AXIS2_PLACEMENT_3D ( 'NONE', #4226, #5066, #1514 ) ;
#4603 = ORIENTED_EDGE ( 'NONE', *, *, #3575, .T. ) ;
#4604 = CARTESIAN_POINT ( 'NONE',  ( 1.828521199716542922, 14.70199371010879297, 2.975127047320250018 ) ) ;
#4605 = CARTESIAN_POINT ( 'NONE',  ( 18.15247913859322182, 0.000000000000000000, 0.000000000000000000 ) ) ;
#4606 = CIRCLE ( 'NONE', #1253, 11.83290837936660189 ) ;
#4607 = ORIENTED_EDGE ( 'NONE', *, *, #3906, .T. ) ;
#4608 = ORIENTED_EDGE ( 'NONE', *, *, #952, .F. ) ;
#4609 = DIRECTION ( 'NONE',  ( 0.000000000000000000, 0.000000000000000000, 1.000000000000000000 ) ) ;
#4610 = CARTESIAN_POINT ( 'NONE',  ( 20.00000000000000000, -0.2738250307121672944, -6.994644099306175811 ) ) ;
#4611 = CIRCLE ( 'NONE', #2488, 5.399999999997299405 ) ;
#4612 = DIRECTION ( 'NONE',  ( 0.000000000000000000, 0.000000000000000000, 1.000000000000000000 ) ) ;
#4613 = CARTESIAN_POINT ( 'NONE',  ( 19.99999999999999645, 6.581779876088790893, -9.833508752078117254 ) ) ;
#4614 = ORIENTED_EDGE ( 'NONE', *, *, #2286, .T. ) ;
#4615 = CIRCLE ( 'NONE', #3962, 14.99999999999250022 ) ;
#4616 = EDGE_LOOP ( 'NONE', ( #3152, #855, #2748, #4844, #4807, #1114 ) ) ;
#4617 = CYLINDRICAL_SURFACE ( 'NONE', #2262, 11.62399999999418831 ) ;
#4618 = AXIS2_PLACEMENT_3D ( 'NONE', #4575, #2259, #3813 ) ;
#4619 = CARTESIAN_POINT ( 'NONE',  ( 1.647766436567927206, 14.35144041908747070, 3.128964436488454126 ) ) ;
#4620 = CARTESIAN_POINT ( 'NONE',  ( 18.90216945811144456, 9.584151966098115594, -9.838048736783191472 ) ) ;
#4621 = ORIENTED_EDGE ( 'NONE', *, *, #213, .T. ) ;
#4622 = AXIS2_PLACEMENT_3D ( 'NONE', #4901, #1782, #4488 ) ;
#4623 = B_SPLINE_CURVE_WITH_KNOTS ( 'NONE', 3,
 ( #931, #2221, #4159, #1835 ),
 .UNSPECIFIED., .F., .F.,
 ( 4, 4 ),
 ( 3.929789712438335633E-07, 0.001347054672790147034 ),
 .UNSPECIFIED. ) ;
#4624 = DIRECTION ( 'NONE',  ( -1.000000000000000000, 0.000000000000000000, 0.000000000000000000 ) ) ;
#4625 = AXIS2_PLACEMENT_3D ( 'NONE', #4353, #845, #2424 ) ;
#4626 = DIRECTION ( 'NONE',  ( 0.000000000000000000, -0.6427876096865456912, 0.7660444431189726844 ) ) ;
#4627 = ORIENTED_EDGE ( 'NONE', *, *, #4504, .T. ) ;
#4628 = DIRECTION ( 'NONE',  ( 1.000000000000000000, -0.000000000000000000, -0.000000000000000000 ) ) ;
#4629 = CONICAL_SURFACE ( 'NONE', #4140, 11.83290837936660012, 1.047197551196604515 ) ;
#4630 = EDGE_CURVE ( 'NONE', #2473, #22, #2635, .T. ) ;
#4631 = EDGE_CURVE ( 'NONE', #2749, #4688, #3317, .T. ) ;
#4632 = CARTESIAN_POINT ( 'NONE',  ( 18.15247913859322182, 0.000000000000000000, 0.000000000000000000 ) ) ;
#4633 = CARTESIAN_POINT ( 'NONE',  ( 19.99999999999999645, 4.115919143437202443, -11.99958372321596300 ) ) ;
#4634 = VERTEX_POINT ( 'NONE', #4026 ) ;
#4635 = DIRECTION ( 'NONE',  ( -1.000000000000000000, -0.000000000000000000, 0.000000000000000000 ) ) ;
#4636 = DIRECTION ( 'NONE',  ( 1.000000000000000000, -0.000000000000000000, 0.000000000000000000 ) ) ;
#4637 = EDGE_CURVE ( 'NONE', #286, #4203, #4873, .T. ) ;
#4638 = CARTESIAN_POINT ( 'NONE',  ( 1.249242784372134540, 0.9212905497987686765, 13.96695374540929180 ) ) ;
#4639 = LINE ( 'NONE', #1461, #5009 ) ;
#4640 = ORIENTED_EDGE ( 'NONE', *, *, #2066, .F. ) ;
#4641 = ORIENTED_EDGE ( 'NONE', *, *, #173, .T. ) ;
#4642 = VERTEX_POINT ( 'NONE', #3288 ) ;
#4643 = DIRECTION ( 'NONE',  ( 0.000000000000000000, 0.000000000000000000, -1.000000000000000000 ) ) ;
#4644 = DIRECTION ( 'NONE',  ( 0.000000000000000000, -0.6427876096865456912, 0.7660444431189726844 ) ) ;
#4645 = CARTESIAN_POINT ( 'NONE',  ( 19.99999999999999645, 6.581779876088651449, 9.833508752078213178 ) ) ;
#4646 = CARTESIAN_POINT ( 'NONE',  ( 19.67476636050662719, 8.922605312219953788, -8.605518517098401432 ) ) ;
#4647 = VERTEX_POINT ( 'NONE', #1643 ) ;
#4648 = CARTESIAN_POINT ( 'NONE',  ( 19.83777555199085540, 12.08612040209097316, 0.8199630132043529418 ) ) ;
#4649 = CARTESIAN_POINT ( 'NONE',  ( 0.3226133177124636542, -6.940855641127861908, -10.26557387976859914 ) ) ;
#4650 = ORIENTED_EDGE ( 'NONE', *, *, #239, .F. ) ;
#4651 = CARTESIAN_POINT ( 'NONE',  ( 0.000000000000000000, 0.000000000000000000, 0.000000000000000000 ) ) ;
#4652 = CARTESIAN_POINT ( 'NONE',  ( 0.000000000000000000, -0.2738250307121672944, -8.744644099306174923 ) ) ;
#4653 = CARTESIAN_POINT ( 'NONE',  ( 1.259845626963085774, 5.664379221303117440, -12.82082980542837980 ) ) ;
#4654 = VERTEX_POINT ( 'NONE', #2876 ) ;
#4655 = EDGE_CURVE ( 'NONE', #4549, #1275, #3165, .T. ) ;
#4656 = EDGE_CURVE ( 'NONE', #1040, #1565, #1851, .T. ) ;
#4657 = CARTESIAN_POINT ( 'NONE',  ( 1.129257895015908675, -11.41154733133521937, 7.740868449397051876 ) ) ;
#4658 = FACE_OUTER_BOUND ( 'NONE', #3519, .T. ) ;
#4659 = LINE ( 'NONE', #1952, #5008 ) ;
#4660 = DIRECTION ( 'NONE',  ( 0.000000000000000000, 0.6427876096865354771, 0.7660444431189812331 ) ) ;
#4661 = EDGE_LOOP ( 'NONE', ( #540, #2880, #551, #2699, #2840, #5022 ) ) ;
#4662 = ORIENTED_EDGE ( 'NONE', *, *, #3785, .F. ) ;
#4663 = EDGE_CURVE ( 'NONE', #3670, #2718, #1933, .T. ) ;
#4664 = ORIENTED_EDGE ( 'NONE', *, *, #3508, .T. ) ;
#4665 = DIRECTION ( 'NONE',  ( 0.000000000000000000, 0.000000000000000000, -1.000000000000000000 ) ) ;
#4666 = CARTESIAN_POINT ( 'NONE',  ( 0.000000000000000000, 0.000000000000000000, 0.000000000000000000 ) ) ;
#4667 = DIRECTION ( 'NONE',  ( -1.000000000000000000, 0.000000000000000000, 0.000000000000000000 ) ) ;
#4668 = CARTESIAN_POINT ( 'NONE',  ( 19.99999999999999645, -2.821591908417761196, 11.49157690731936832 ) ) ;
#4669 = ORIENTED_EDGE ( 'NONE', *, *, #5033, .T. ) ;
#4670 = FACE_OUTER_BOUND ( 'NONE', #2958, .T. ) ;
#4671 = CARTESIAN_POINT ( 'NONE',  ( 19.99999999999999645, 9.548108053977808041, -6.989374314203557148 ) ) ;
#4672 = PRODUCT_RELATED_PRODUCT_CATEGORY ( 'part', '', ( #3367 ) ) ;
#4673 = VERTEX_POINT ( 'NONE', #3571 ) ;
#4674 = AXIS2_PLACEMENT_3D ( 'NONE', #2228, #4215, #1867 ) ;
#4675 = DIRECTION ( 'NONE',  ( -1.000000000000000000, -0.000000000000000000, -0.000000000000000000 ) ) ;
#4676 = CIRCLE ( 'NONE', #4433, 14.99999999999250022 ) ;
#4677 = AXIS2_PLACEMENT_3D ( 'NONE', #2206, #3762, #1059 ) ;
#4678 = DIRECTION ( 'NONE',  ( -1.000000000000000000, -0.000000000000000000, -0.000000000000000000 ) ) ;
#4679 = CARTESIAN_POINT ( 'NONE',  ( 19.99999999999999645, -10.86616072683655254, 6.546552603037512519 ) ) ;
#4680 = ORIENTED_EDGE ( 'NONE', *, *, #3229, .T. ) ;
#4681 = CARTESIAN_POINT ( 'NONE',  ( 19.99999999999999645, 12.44990391086185610, 2.435301323468817003 ) ) ;
#4682 = AXIS2_PLACEMENT_3D ( 'NONE', #1150, #2004, #4375 ) ;
#4683 = LINE ( 'NONE', #1873, #3493 ) ;
#4684 = DIRECTION ( 'NONE',  ( -1.000000000000000000, -0.000000000000000000, -0.000000000000000000 ) ) ;
#4685 = AXIS2_PLACEMENT_3D ( 'NONE', #4632, #1868, #3155 ) ;
#4686 = CARTESIAN_POINT ( 'NONE',  ( 19.99999999999999645, -8.333984767424702511, -9.564282399747266794 ) ) ;
#4687 = VERTEX_POINT ( 'NONE', #4739 ) ;
#4688 = VERTEX_POINT ( 'NONE', #1231 ) ;
#4689 = CARTESIAN_POINT ( 'NONE',  ( 1.828521199716542922, -14.70199371010881251, 2.975127047320150542 ) ) ;
#4690 = CIRCLE ( 'NONE', #4200, 11.83290837936660189 ) ;
#4691 = CARTESIAN_POINT ( 'NONE',  ( 19.99999999999999645, 0.000000000000000000, 0.000000000000000000 ) ) ;
#4692 = LINE ( 'NONE', #4305, #3215 ) ;
#4693 = EDGE_CURVE ( 'NONE', #4991, #2940, #2746, .T. ) ;
#4694 = EDGE_CURVE ( 'NONE', #69, #4654, #454, .T. ) ;
#4695 = CARTESIAN_POINT ( 'NONE',  ( 19.67476634630941845, -11.32776706854626703, 5.034831512206527471 ) ) ;
#4696 = AXIS2_PLACEMENT_3D ( 'NONE', #1960, #2050, #4400 ) ;
#4697 = VERTEX_POINT ( 'NONE', #973 ) ;
#4698 = EDGE_CURVE ( 'NONE', #3254, #5019, #776, .T. ) ;
#4699 = DIRECTION ( 'NONE',  ( -1.000000000000000000, -0.000000000000000000, 0.000000000000000000 ) ) ;
#4700 = DIRECTION ( 'NONE',  ( -1.000000000000000000, 0.000000000000000000, -0.000000000000000000 ) ) ;
#4701 = AXIS2_PLACEMENT_3D ( 'NONE', #897, #483, #2060 ) ;
#4702 = ORIENTED_EDGE ( 'NONE', *, *, #3885, .F. ) ;
#4703 = VERTEX_POINT ( 'NONE', #4532 ) ;
#4704 = CARTESIAN_POINT ( 'NONE',  ( 18.17147880028345597, -9.927532457519816944, -11.24473651557321041 ) ) ;
#4705 = VECTOR ( 'NONE', #4459, 1000.000000000000000 ) ;
#4706 = DIRECTION ( 'NONE',  ( 0.000000000000000000, 0.000000000000000000, -1.000000000000000000 ) ) ;
#4707 = CARTESIAN_POINT ( 'NONE',  ( 1.828521199716542922, 0.000000000000000000, 0.000000000000000000 ) ) ;
#4708 = EDGE_LOOP ( 'NONE', ( #5, #2442 ) ) ;
#4709 = AXIS2_PLACEMENT_3D ( 'NONE', #3085, #3056, #1973 ) ;
#4710 = DIRECTION ( 'NONE',  ( -1.000000000000000000, -0.000000000000000000, -0.000000000000000000 ) ) ;
#4711 = CYLINDRICAL_SURFACE ( 'NONE', #860, 14.99999999999250022 ) ;
#4712 = DIRECTION ( 'NONE',  ( 0.000000000000000000, 0.000000000000000000, -1.000000000000000000 ) ) ;
#4713 = FACE_OUTER_BOUND ( 'NONE', #4443, .T. ) ;
#4714 = ORIENTED_EDGE ( 'NONE', *, *, #3526, .T. ) ;
#4715 = ORIENTED_EDGE ( 'NONE', *, *, #50, .T. ) ;
#4716 = FACE_OUTER_BOUND ( 'NONE', #1766, .T. ) ;
#4717 = CARTESIAN_POINT ( 'NONE',  ( 9.999999999999998224, 9.927532457519896880, 11.24473651557314113 ) ) ;
#4718 = CARTESIAN_POINT ( 'NONE',  ( 0.6392785552951156802, 11.77669171670275006, 5.366055217017660084 ) ) ;
#4719 = ORIENTED_EDGE ( 'NONE', *, *, #4631, .F. ) ;
#4720 = EDGE_CURVE ( 'NONE', #320, #128, #362, .T. ) ;
#4721 = ADVANCED_FACE ( 'NONE', ( #3768 ), #1022, .T. ) ;
#4722 = DIRECTION ( 'NONE',  ( -1.000000000000000000, 0.000000000000000000, -0.000000000000000000 ) ) ;
#4723 = CARTESIAN_POINT ( 'NONE',  ( 19.70693190402778683, 9.977092528588450193, 7.262717621090866160 ) ) ;
#4724 = VERTEX_POINT ( 'NONE', #201 ) ;
#4725 = EDGE_LOOP ( 'NONE', ( #2209, #692, #4829, #2581 ) ) ;
#4726 = EDGE_CURVE ( 'NONE', #3370, #3128, #3808, .T. ) ;
#4727 = DIRECTION ( 'NONE',  ( -1.000000000000000000, 0.000000000000000000, 0.000000000000000000 ) ) ;
#4728 = DIRECTION ( 'NONE',  ( -1.000000000000000000, -0.000000000000000000, 0.000000000000000000 ) ) ;
#4729 = CARTESIAN_POINT ( 'NONE',  ( 18.17147880028345597, -12.79780162109346797, -7.824082928171995022 ) ) ;
#4730 = ORIENTED_EDGE ( 'NONE', *, *, #3786, .F. ) ;
#4731 = CARTESIAN_POINT ( 'NONE',  ( 0.000000000000000000, -0.2738250307121670724, -5.244644099306175811 ) ) ;
#4732 = FACE_OUTER_BOUND ( 'NONE', #4301, .T. ) ;
#4733 = DIRECTION ( 'NONE',  ( -1.000000000000000000, 0.000000000000000000, 0.000000000000000000 ) ) ;
#4734 = EDGE_LOOP ( 'NONE', ( #5036, #1747, #2169, #3592, #743, #2592 ) ) ;
#4735 = ORIENTED_EDGE ( 'NONE', *, *, #4311, .F. ) ;
#4736 = ADVANCED_FACE ( 'NONE', ( #2237 ), #856, .T. ) ;
#4737 = ORIENTED_EDGE ( 'NONE', *, *, #1826, .T. ) ;
#4738 = B_SPLINE_CURVE_WITH_KNOTS ( 'NONE', 3,
 ( #4920, #4099, #3820, #681, #3438, #294, #1874, #3392 ),
 .UNSPECIFIED., .F., .F.,
 ( 4, 2, 2, 4 ),
 ( 2.618910301321489473E-07, 0.001922914062810804261, 0.002884240148701140531, 0.003845566234591476368 ),
 .UNSPECIFIED. ) ;
#4739 = CARTESIAN_POINT ( 'NONE',  ( 0.000000000000000000, 11.36279348549009605, -3.302218181857184742 ) ) ;
#4740 = DIRECTION ( 'NONE',  ( 1.000000000000000000, -0.000000000000000000, -0.000000000000000000 ) ) ;
#4741 = CARTESIAN_POINT ( 'NONE',  ( 0.000000000000000000, 0.000000000000000000, 0.000000000000000000 ) ) ;
#4742 = VERTEX_POINT ( 'NONE', #3793 ) ;
#4743 = DIRECTION ( 'NONE',  ( 1.000000000000000000, 0.000000000000000000, 0.000000000000000000 ) ) ;
#4744 = EDGE_CURVE ( 'NONE', #1720, #2872, #3083, .T. ) ;
#4745 = DIRECTION ( 'NONE',  ( 1.000000000000000000, 0.000000000000000000, 0.000000000000000000 ) ) ;
#4746 = ORIENTED_EDGE ( 'NONE', *, *, #3272, .F. ) ;
#4747 = DIRECTION ( 'NONE',  ( 0.000000000000000000, 0.000000000000000000, 1.000000000000000000 ) ) ;
#4748 = DIRECTION ( 'NONE',  ( -1.000000000000000000, -0.000000000000000000, -0.000000000000000000 ) ) ;
#4749 = ADVANCED_FACE ( 'NONE', ( #1068 ), #2188, .T. ) ;
#4750 = EDGE_CURVE ( 'NONE', #3955, #4149, #2819, .T. ) ;
#4751 = AXIS2_PLACEMENT_3D ( 'NONE', #1916, #2680, #4626 ) ;
#4752 = CARTESIAN_POINT ( 'NONE',  ( 0.000000000000000000, 6.581779876088791781, -9.833508752078115478 ) ) ;
#4753 = ORIENTED_EDGE ( 'NONE', *, *, #4369, .F. ) ;
#4754 = DIRECTION ( 'NONE',  ( -1.000000000000000000, -0.000000000000000000, -0.000000000000000000 ) ) ;
#4755 = AXIS2_PLACEMENT_3D ( 'NONE', #3262, #1743, #2903 ) ;
#4756 = DIRECTION ( 'NONE',  ( 0.000000000000000000, 0.000000000000000000, -1.000000000000000000 ) ) ;
#4757 = DIRECTION ( 'NONE',  ( 0.000000000000000000, 0.000000000000000000, 1.000000000000000000 ) ) ;
#4758 = CARTESIAN_POINT ( 'NONE',  ( 5.000000000000000888, 7.000001873099979122, -1.843143693225357538E-15 ) ) ;
#4759 = CARTESIAN_POINT ( 'NONE',  ( 0.3226133170891589130, -5.419819943696456477, 11.14374424793032148 ) ) ;
#4760 = CIRCLE ( 'NONE', #3054, 14.99999999999250022 ) ;
#4761 = AXIS2_PLACEMENT_3D ( 'NONE', #4188, #4550, #3453 ) ;
#4762 = ORIENTED_EDGE ( 'NONE', *, *, #1918, .T. ) ;
#4763 = ORIENTED_EDGE ( 'NONE', *, *, #4407, .F. ) ;
#4764 = VERTEX_POINT ( 'NONE', #2135 ) ;
#4765 = DIRECTION ( 'NONE',  ( -1.000000000000000000, -0.000000000000000000, -0.000000000000000000 ) ) ;
#4766 = CIRCLE ( 'NONE', #1655, 14.99999999999250022 ) ;
#4767 = AXIS2_PLACEMENT_3D ( 'NONE', #865, #4733, #4660 ) ;
#4768 = DIRECTION ( 'NONE',  ( 0.000000000000000000, 0.6427876096865354771, 0.7660444431189813441 ) ) ;
#4769 = CARTESIAN_POINT ( 'NONE',  ( 18.17147880028345597, 12.79780162109362962, -7.824082928171732121 ) ) ;
#4770 = ORIENTED_EDGE ( 'NONE', *, *, #896, .F. ) ;
#4771 = CONICAL_SURFACE ( 'NONE', #5012, 11.83290837936660012, 1.047197551196604515 ) ;
#4772 = CARTESIAN_POINT ( 'NONE',  ( 9.999999999999998224, -14.70199371010877343, -2.975127047320347273 ) ) ;
#4773 = VECTOR ( 'NONE', #693, 1000.000000000000000 ) ;
#4774 = CARTESIAN_POINT ( 'NONE',  ( 1.259845590703172480, -9.707757375727762650, 10.11030730628482388 ) ) ;
#4775 = CARTESIAN_POINT ( 'NONE',  ( 19.36072141329541907, 3.239531749920612214, 12.52958306721212445 ) ) ;
#4776 = EDGE_LOOP ( 'NONE', ( #958, #4956, #811, #3467 ) ) ;
#4777 = CIRCLE ( 'NONE', #1759, 14.99999999999250022 ) ;
#4778 = CARTESIAN_POINT ( 'NONE',  ( 19.99999999999999645, -10.82702973964764759, -4.774216975721752299 ) ) ;
#4779 = CIRCLE ( 'NONE', #935, 5.399999999997299405 ) ;
#4780 = CYLINDRICAL_SURFACE ( 'NONE', #4371, 5.399999999997299405 ) ;
#4781 = ORIENTED_EDGE ( 'NONE', *, *, #1625, .T. ) ;
#4782 = CARTESIAN_POINT ( 'NONE',  ( 19.99999999999999645, 0.000000000000000000, 0.000000000000000000 ) ) ;
#4783 = EDGE_CURVE ( 'NONE', #2505, #2427, #2670, .T. ) ;
#4784 = EDGE_CURVE ( 'NONE', #2091, #2273, #2955, .T. ) ;
#4785 = AXIS2_PLACEMENT_3D ( 'NONE', #3801, #3422, #3730 ) ;
#4786 = DIRECTION ( 'NONE',  ( 1.000000000000000000, 0.000000000000000000, -0.000000000000000000 ) ) ;
#4787 = CARTESIAN_POINT ( 'NONE',  ( 1.828521199716542922, -9.927532457519971487, 11.24473651557307718 ) ) ;
#4788 = CARTESIAN_POINT ( 'NONE',  ( 18.44922899918935499, 9.862918540758165875, 10.66004472846082685 ) ) ;
#4789 = DIRECTION ( 'NONE',  ( -1.000000000000000000, 0.000000000000000000, 0.000000000000000000 ) ) ;
#4790 = CIRCLE ( 'NONE', #3974, 14.99999999999250022 ) ;
#4791 = ORIENTED_EDGE ( 'NONE', *, *, #1725, .F. ) ;
#4792 = ORIENTED_EDGE ( 'NONE', *, *, #1310, .T. ) ;
#4793 = ORIENTED_EDGE ( 'NONE', *, *, #4472, .T. ) ;
#4794 = ADVANCED_FACE ( 'NONE', ( #2568 ), #532, .T. ) ;
#4795 = CARTESIAN_POINT ( 'NONE',  ( 19.99999999999999645, -9.373951458494431677, -6.873602407301065753 ) ) ;
#4796 = VECTOR ( 'NONE', #4786, 1000.000000000000000 ) ;
#4797 = DIRECTION ( 'NONE',  ( -1.000000000000000000, 0.000000000000000000, 0.000000000000000000 ) ) ;
#4798 = FACE_OUTER_BOUND ( 'NONE', #1557, .T. ) ;
#4799 = ORIENTED_EDGE ( 'NONE', *, *, #2572, .T. ) ;
#4800 = DIRECTION ( 'NONE',  ( 0.000000000000000000, 0.000000000000000000, -1.000000000000000000 ) ) ;
#4801 = DIRECTION ( 'NONE',  ( -1.000000000000000000, -0.000000000000000000, -0.000000000000000000 ) ) ;
#4802 = CARTESIAN_POINT ( 'NONE',  ( 18.33875428288535048, 12.44990391086189874, 7.835301323466232759 ) ) ;
#4803 = ORIENTED_EDGE ( 'NONE', *, *, #2451, .T. ) ;
#4804 = ADVANCED_FACE ( 'NONE', ( #608 ), #1606, .T. ) ;
#4805 = CARTESIAN_POINT ( 'NONE',  ( 19.35976657859488625, -11.76753205992857509, -5.386975582606662094 ) ) ;
#4806 = DIRECTION ( 'NONE',  ( 0.000000000000000000, 0.000000000000000000, -1.000000000000000000 ) ) ;
#4807 = ORIENTED_EDGE ( 'NONE', *, *, #790, .T. ) ;
#4808 = CARTESIAN_POINT ( 'NONE',  ( 0.6402333829571255075, -1.218508335097502560, 12.88446942724241850 ) ) ;
#4809 = CARTESIAN_POINT ( 'NONE',  ( 1.550771124058353267, -14.16332904972942153, -3.211515542628742725 ) ) ;
#4810 = FACE_OUTER_BOUND ( 'NONE', #5061, .T. ) ;
#4811 = DIRECTION ( 'NONE',  ( 0.000000000000000000, -0.3420201433256568890, -0.9396926207859126468 ) ) ;
#4812 = DIRECTION ( 'NONE',  ( -1.000000000000000000, 0.000000000000000000, 0.000000000000000000 ) ) ;
#4813 = EDGE_CURVE ( 'NONE', #1319, #3798, #4465, .T. ) ;
#4814 = ORIENTED_EDGE ( 'NONE', *, *, #1131, .T. ) ;
#4815 = ORIENTED_EDGE ( 'NONE', *, *, #3526, .F. ) ;
#4816 = DIRECTION ( 'NONE',  ( 0.000000000000000000, 0.9848077530122085754, -0.1736481776669273058 ) ) ;
#4817 = CARTESIAN_POINT ( 'NONE',  ( 0.000000000000000000, -1.265738570989324518, 11.55488130054890661 ) ) ;
#4818 = DIRECTION ( 'NONE',  ( 0.000000000000000000, 0.000000000000000000, 1.000000000000000000 ) ) ;
#4819 = CARTESIAN_POINT ( 'NONE',  ( 19.36072147312345493, -10.53548594818463968, -7.515886570329965544 ) ) ;
#4820 = EDGE_CURVE ( 'NONE', #4687, #2091, #1293, .T. ) ;
#4821 = EDGE_LOOP ( 'NONE', ( #4835, #451 ) ) ;
#4822 = ORIENTED_EDGE ( 'NONE', *, *, #207, .T. ) ;
#4823 = DIRECTION ( 'NONE',  ( -1.000000000000000000, 0.000000000000000000, -0.000000000000000000 ) ) ;
#4824 = CYLINDRICAL_SURFACE ( 'NONE', #763, 11.62399999999418831 ) ;
#4825 = CARTESIAN_POINT ( 'NONE',  ( 19.42294575150206626, 10.43479238142379728, 7.470678048705636343 ) ) ;
#4826 = ORIENTED_EDGE ( 'NONE', *, *, #720, .T. ) ;
#4827 = CARTESIAN_POINT ( 'NONE',  ( 0.1622243948857774176, -9.785567360417216420, -7.140680284267641120 ) ) ;
#4828 = DIRECTION ( 'NONE',  ( 0.000000000000000000, 0.000000000000000000, 1.000000000000000000 ) ) ;
#4829 = ORIENTED_EDGE ( 'NONE', *, *, #2892, .T. ) ;
#4830 = AXIS2_PLACEMENT_3D ( 'NONE', #2797, #3999, #2054 ) ;
#4831 = CARTESIAN_POINT ( 'NONE',  ( 0.6697830301731492186, -12.53200494222448924, 3.430316763067232877 ) ) ;
#4832 = FACE_OUTER_BOUND ( 'NONE', #248, .T. ) ;
#4833 = DIRECTION ( 'NONE',  ( -1.000000000000000000, 0.000000000000000000, -0.000000000000000000 ) ) ;
#4834 = ORIENTED_EDGE ( 'NONE', *, *, #2600, .F. ) ;
#4835 = ORIENTED_EDGE ( 'NONE', *, *, #2551, .F. ) ;
#4836 = CARTESIAN_POINT ( 'NONE',  ( 18.17147880028345597, -0.3769537665662802683, 14.99526278054661255 ) ) ;
#4837 = AXIS2_PLACEMENT_3D ( 'NONE', #307, #1886, #854 ) ;
#4838 = AXIS2_PLACEMENT_3D ( 'NONE', #1560, #2816, #3183 ) ;
#4839 = CARTESIAN_POINT ( 'NONE',  ( 1.828521199716542922, -14.70199371010881251, 2.975127047320150542 ) ) ;
#4840 = DIRECTION ( 'NONE',  ( -1.000000000000000000, 0.000000000000000000, -0.000000000000000000 ) ) ;
#4841 = AXIS2_PLACEMENT_3D ( 'NONE', #3551, #26, #2293 ) ;
#4842 = AXIS2_PLACEMENT_3D ( 'NONE', #3961, #2783, #442 ) ;
#4843 = CYLINDRICAL_SURFACE ( 'NONE', #1497, 5.399999999997298517 ) ;
#4844 = ORIENTED_EDGE ( 'NONE', *, *, #234, .F. ) ;
#4845 = ORIENTED_EDGE ( 'NONE', *, *, #1718, .F. ) ;
#4846 = CIRCLE ( 'NONE', #2644, 5.399999999997299405 ) ;
#4847 = CIRCLE ( 'NONE', #2240, 1.749999999999999778 ) ;
#4848 = ADVANCED_FACE ( 'NONE', ( #706 ), #1484, .T. ) ;
#4849 = DIRECTION ( 'NONE',  ( -1.000000000000000000, -0.000000000000000000, 0.000000000000000000 ) ) ;
#4850 = EDGE_CURVE ( 'NONE', #1407, #3643, #1203, .T. ) ;
#4851 = CARTESIAN_POINT ( 'NONE',  ( 18.17147880028345597, -9.350005781138154504, -11.72933893672009553 ) ) ;
#4852 = AXIS2_PLACEMENT_3D ( 'NONE', #3079, #1920, #1946 ) ;
#4853 = CARTESIAN_POINT ( 'NONE',  ( 19.35976656816080776, 12.47713372047349090, -3.437361095164439106 ) ) ;
#4854 = VERTEX_POINT ( 'NONE', #1147 ) ;
#4855 = EDGE_CURVE ( 'NONE', #3279, #4149, #691, .T. ) ;
#4856 = AXIS2_PLACEMENT_3D ( 'NONE', #1611, #4728, #829 ) ;
#4857 = DIRECTION ( 'NONE',  ( 0.000000000000000000, 0.000000000000000000, -1.000000000000000000 ) ) ;
#4858 = CARTESIAN_POINT ( 'NONE',  ( 19.99999999999999645, 10.63969002948376819, 4.681278893247931450 ) ) ;
#4859 = AXIS2_PLACEMENT_3D ( 'NONE', #3679, #3015, #1447 ) ;
#4860 = ORIENTED_EDGE ( 'NONE', *, *, #630, .F. ) ;
#4861 = CARTESIAN_POINT ( 'NONE',  ( 1.828521199716542922, -0.3769537665662802683, 14.99526278054661255 ) ) ;
#4862 = CIRCLE ( 'NONE', #2656, 1.750000000000000000 ) ;
#4863 = PLANE ( 'NONE',  #3872 ) ;
#4864 = CARTESIAN_POINT ( 'NONE',  ( 0.000000000000000000, 6.457722532643807689, 9.665153681719154122 ) ) ;
#4865 = CARTESIAN_POINT ( 'NONE',  ( 19.99999999999999645, 10.82702973964774351, -4.774216975721535583 ) ) ;
#4866 = ORIENTED_EDGE ( 'NONE', *, *, #4813, .T. ) ;
#4867 = ORIENTED_EDGE ( 'NONE', *, *, #1534, .T. ) ;
#4868 = CIRCLE ( 'NONE', #3968, 5.399999999997300293 ) ;
#4869 = DIRECTION ( 'NONE',  ( 0.000000000000000000, 0.000000000000000000, -1.000000000000000000 ) ) ;
#4870 = CARTESIAN_POINT ( 'NONE',  ( 0.6392785494200754481, 12.47070304388064166, -3.459274737440187319 ) ) ;
#4871 = B_SPLINE_CURVE_WITH_KNOTS ( 'NONE', 3,
 ( #232, #639, #256, #1808, #1318, #4880, #1373, #2143 ),
 .UNSPECIFIED., .F., .F.,
 ( 4, 2, 2, 4 ),
 ( 2.270243712173289651E-07, 0.001922878951646301952, 0.002884204915283846999, 0.003845530878921392046 ),
 .UNSPECIFIED. ) ;
#4872 = FACE_OUTER_BOUND ( 'NONE', #150, .T. ) ;
#4873 = CIRCLE ( 'NONE', #2835, 3.000000000000000444 ) ;
#4874 = CARTESIAN_POINT ( 'NONE',  ( 5.000000000000000888, 0.2738250307120562721, 6.994644099306219331 ) ) ;
#4875 = ORIENTED_EDGE ( 'NONE', *, *, #2315, .F. ) ;
#4876 = ORIENTED_EDGE ( 'NONE', *, *, #3291, .T. ) ;
#4877 = CIRCLE ( 'NONE', #2755, 5.399999999997299405 ) ;
#4878 = CARTESIAN_POINT ( 'NONE',  ( 0.6402333829571253965, 1.218508335097588491, -12.88446942724240785 ) ) ;
#4879 = LINE ( 'NONE', #1807, #24 ) ;
#4880 = CARTESIAN_POINT ( 'NONE',  ( 19.67738668228761867, 6.940855641127979148, -10.26557387976835223 ) ) ;
#4881 = EDGE_CURVE ( 'NONE', #4464, #4210, #4217, .T. ) ;
#4882 = EDGE_CURVE ( 'NONE', #1117, #2492, #4877, .T. ) ;
#4883 = ORIENTED_EDGE ( 'NONE', *, *, #3854, .T. ) ;
#4884 = LINE ( 'NONE', #4141, #100 ) ;
#4885 = DIRECTION ( 'NONE',  ( 0.000000000000000000, 0.000000000000000000, -1.000000000000000000 ) ) ;
#4886 = ADVANCED_FACE ( 'NONE', ( #2711 ), #4269, .T. ) ;
#4887 = ORIENTED_EDGE ( 'NONE', *, *, #2918, .F. ) ;
#4888 = DIRECTION ( 'NONE',  ( -1.000000000000000000, 0.000000000000000000, -0.000000000000000000 ) ) ;
#4889 = CARTESIAN_POINT ( 'NONE',  ( 0.000000000000000000, -7.971798191701887859, -9.868193021853636893 ) ) ;
#4890 = CARTESIAN_POINT ( 'NONE',  ( 1.828521199716543366, 5.482902598228515778, -13.96201200035704026 ) ) ;
#4891 = CARTESIAN_POINT ( 'NONE',  ( 1.828521199716542700, -4.774461252588742433, -14.21986356289341202 ) ) ;
#4892 = ORIENTED_EDGE ( 'NONE', *, *, #3196, .F. ) ;
#4893 = ORIENTED_EDGE ( 'NONE', *, *, #2133, .F. ) ;
#4894 = DIRECTION ( 'NONE',  ( 1.000000000000000000, 0.000000000000000000, 0.000000000000000000 ) ) ;
#4895 = CARTESIAN_POINT ( 'NONE',  ( 1.828521199716542922, 0.000000000000000000, 0.000000000000000000 ) ) ;
#4896 = CARTESIAN_POINT ( 'NONE',  ( 1.689297538680037292, 12.50355038412184427, -7.843079677174510600 ) ) ;
#4897 = DIRECTION ( 'NONE',  ( -1.000000000000000000, -0.000000000000000000, -0.000000000000000000 ) ) ;
#4898 = ADVANCED_FACE ( 'NONE', ( #2337 ), #2284, .F. ) ;
#4899 = EDGE_LOOP ( 'NONE', ( #4340, #3529, #2734, #3412 ) ) ;
#4900 = ORIENTED_EDGE ( 'NONE', *, *, #3360, .F. ) ;
#4901 = CARTESIAN_POINT ( 'NONE',  ( 0.000000000000000000, 0.000000000000000000, 0.000000000000000000 ) ) ;
#4902 = CARTESIAN_POINT ( 'NONE',  ( 18.33875428288537179, -12.44990391086190940, 7.835301323466149270 ) ) ;
#4903 = CARTESIAN_POINT ( 'NONE',  ( 19.36072142305645372, 1.241205718136133784, -12.88194184595531233 ) ) ;
#4904 = ORIENTED_EDGE ( 'NONE', *, *, #4193, .F. ) ;
#4905 = EDGE_CURVE ( 'NONE', #1489, #676, #3170, .T. ) ;
#4906 = CARTESIAN_POINT ( 'NONE',  ( 0.000000000000000000, 11.10256122485993302, -6.137094929526425879 ) ) ;
#4907 = FACE_OUTER_BOUND ( 'NONE', #3844, .T. ) ;
#4908 = ORIENTED_EDGE ( 'NONE', *, *, #2185, .F. ) ;
#4909 = PRESENTATION_STYLE_ASSIGNMENT (( #160 ) ) ;
#4910 = EDGE_CURVE ( 'NONE', #3960, #1955, #3411, .T. ) ;
#4911 = ADVANCED_FACE ( 'NONE', ( #4658 ), #4629, .T. ) ;
#4912 = DIRECTION ( 'NONE',  ( 1.000000000000000000, 0.000000000000000000, 0.000000000000000000 ) ) ;
#4913 = CARTESIAN_POINT ( 'NONE',  ( 19.99999999999999645, -11.59912988617139185, 0.7599749230010899304 ) ) ;
#4914 = ORIENTED_EDGE ( 'NONE', *, *, #2133, .T. ) ;
#4915 = ORIENTED_EDGE ( 'NONE', *, *, #1947, .F. ) ;
#4916 = CARTESIAN_POINT ( 'NONE',  ( 19.99999999999999645, -4.560206750522575625, 11.83787625878352223 ) ) ;
#4917 = AXIS2_PLACEMENT_3D ( 'NONE', #1065, #4555, #5014 ) ;
#4918 = CARTESIAN_POINT ( 'NONE',  ( 0.3252336441405501155, 6.925387206730325040, -10.28138350331469830 ) ) ;
#4919 = EDGE_CURVE ( 'NONE', #4539, #2873, #1526, .T. ) ;
#4920 = CARTESIAN_POINT ( 'NONE',  ( 18.17147880028345597, 0.3769537665661780168, 14.99526278054661610 ) ) ;
#4921 = DIRECTION ( 'NONE',  ( 0.000000000000000000, 0.000000000000000000, 1.000000000000000000 ) ) ;
#4922 = CONICAL_SURFACE ( 'NONE', #4837, 11.83290837936660012, 1.047197551196604515 ) ;
#4923 = AXIS2_PLACEMENT_3D ( 'NONE', #2191, #629, #4816 ) ;
#4924 = ORIENTED_EDGE ( 'NONE', *, *, #3251, .F. ) ;
#4925 = ORIENTED_EDGE ( 'NONE', *, *, #487, .T. ) ;
#4926 = DIRECTION ( 'NONE',  ( 0.000000000000000000, 0.000000000000000000, 1.000000000000000000 ) ) ;
#4927 = AXIS2_PLACEMENT_3D ( 'NONE', #72, #950, #3696 ) ;
#4928 = CARTESIAN_POINT ( 'NONE',  ( 1.828521199716544032, 9.927532457520049647, -11.24473651557300791 ) ) ;
#4929 = CARTESIAN_POINT ( 'NONE',  ( 18.90216937517491758, 1.018110476578244050, -13.69695684677986058 ) ) ;
#4930 = CIRCLE ( 'NONE', #833, 14.99999999999250022 ) ;
#4931 = CIRCLE ( 'NONE', #4677, 11.83290837936660012 ) ;
#4932 = VECTOR ( 'NONE', #1244, 1000.000000000000000 ) ;
#4933 = CARTESIAN_POINT ( 'NONE',  ( 18.31070233139721282, -14.61970992824262616, 2.028979850451249511 ) ) ;
#4934 = EDGE_LOOP ( 'NONE', ( #4763, #755 ) ) ;
#4935 = DIRECTION ( 'NONE',  ( 1.000000000000000000, 0.000000000000000000, 0.000000000000000000 ) ) ;
#4936 = AXIS2_PLACEMENT_3D ( 'NONE', #2351, #3527, #1054 ) ;
#4937 = CARTESIAN_POINT ( 'NONE',  ( 20.00000000000000000, 0.000000000000000000, 0.000000000000000000 ) ) ;
#4938 = AXIS2_PLACEMENT_3D ( 'NONE', #1383, #4552, #4962 ) ;
#4939 = DIRECTION ( 'NONE',  ( 0.000000000000000000, -8.082423619271139614E-14, -1.000000000000000000 ) ) ;
#4940 = ORIENTED_EDGE ( 'NONE', *, *, #131, .T. ) ;
#4941 = EDGE_CURVE ( 'NONE', #5048, #604, #2350, .T. ) ;
#4942 = ORIENTED_EDGE ( 'NONE', *, *, #83, .T. ) ;
#4943 = EDGE_CURVE ( 'NONE', #2371, #206, #4683, .T. ) ;
#4944 = CARTESIAN_POINT ( 'NONE',  ( 19.33021696982683224, 12.53200494222449990, 3.430316763067319474 ) ) ;
#4945 = DIRECTION ( 'NONE',  ( 0.000000000000000000, 0.000000000000000000, -1.000000000000000000 ) ) ;
#4946 = DIRECTION ( 'NONE',  ( -1.000000000000000000, 0.000000000000000000, 0.000000000000000000 ) ) ;
#4947 = DIRECTION ( 'NONE',  ( 0.000000000000000000, 0.000000000000000000, -1.000000000000000000 ) ) ;
#4948 = CIRCLE ( 'NONE', #5030, 11.62399999999418831 ) ;
#4949 = ORIENTED_EDGE ( 'NONE', *, *, #4161, .F. ) ;
#4950 = EDGE_CURVE ( 'NONE', #1141, #3558, #3915, .T. ) ;
#4951 = ORIENTED_EDGE ( 'NONE', *, *, #2037, .T. ) ;
#4952 = DIRECTION ( 'NONE',  ( 1.000000000000000000, 0.000000000000000000, 0.000000000000000000 ) ) ;
#4953 = AXIS2_PLACEMENT_3D ( 'NONE', #1337, #2908, #2032 ) ;
#4954 = DIRECTION ( 'NONE',  ( 0.000000000000000000, -2.131628207280300873E-14, 1.000000000000000000 ) ) ;
#4955 = CARTESIAN_POINT ( 'NONE',  ( 0.6392785769435400667, -1.241205718135875768, -12.88194184595533542 ) ) ;
#4956 = ORIENTED_EDGE ( 'NONE', *, *, #617, .F. ) ;
#4957 = CIRCLE ( 'NONE', #2345, 14.99999999999250022 ) ;
#4958 = DIRECTION ( 'NONE',  ( 1.000000000000000000, 0.000000000000000000, 0.000000000000000000 ) ) ;
#4959 = ORIENTED_EDGE ( 'NONE', *, *, #4655, .F. ) ;
#4960 = CYLINDRICAL_SURFACE ( 'NONE', #4674, 11.62399999999418831 ) ;
#4961 = CARTESIAN_POINT ( 'NONE',  ( 18.35223356343207257, -14.35144041908748846, 3.128964436488356871 ) ) ;
#4962 = DIRECTION ( 'NONE',  ( 0.000000000000000000, 0.000000000000000000, 1.000000000000000000 ) ) ;
#4963 = ORIENTED_EDGE ( 'NONE', *, *, #4360, .T. ) ;
#4964 = ORIENTED_EDGE ( 'NONE', *, *, #79, .F. ) ;
#4965 = DIRECTION ( 'NONE',  ( 0.000000000000000000, 0.000000000000000000, -1.000000000000000000 ) ) ;
#4966 = CARTESIAN_POINT ( 'NONE',  ( 0.000000000000000000, 6.581779876088791781, -9.833508752078115478 ) ) ;
#4967 = DIRECTION ( 'NONE',  ( 0.000000000000000000, 0.000000000000000000, 1.000000000000000000 ) ) ;
#4968 = EDGE_CURVE ( 'NONE', #359, #30, #2431, .T. ) ;
#4969 = DIRECTION ( 'NONE',  ( 0.000000000000000000, 0.3420201433256693235, -0.9396926207859082059 ) ) ;
#4970 = EDGE_LOOP ( 'NONE', ( #1246, #366, #1206, #4887 ) ) ;
#4971 = VERTEX_POINT ( 'NONE', #1589 ) ;
#4972 = DIRECTION ( 'NONE',  ( 0.000000000000000000, 0.000000000000000000, 1.000000000000000000 ) ) ;
#4973 = ADVANCED_FACE ( 'NONE', ( #3162 ), #4711, .T. ) ;
#4974 = DIRECTION ( 'NONE',  ( 1.000000000000000000, 0.000000000000000000, 0.000000000000000000 ) ) ;
#4975 = CARTESIAN_POINT ( 'NONE',  ( 0.000000000000000000, 7.000001873099979122, -1.843143693225357538E-15 ) ) ;
#4976 = ORIENTED_EDGE ( 'NONE', *, *, #3479, .F. ) ;
#4977 = DIRECTION ( 'NONE',  ( -1.000000000000000000, -0.000000000000000000, 0.000000000000000000 ) ) ;
#4978 = FACE_OUTER_BOUND ( 'NONE', #452, .T. ) ;
#4979 = ORIENTED_EDGE ( 'NONE', *, *, #3442, .T. ) ;
#4980 = DIRECTION ( 'NONE',  ( -1.000000000000000000, -0.000000000000000000, -0.000000000000000000 ) ) ;
#4981 = ORIENTED_EDGE ( 'NONE', *, *, #1085, .T. ) ;
#4982 = CYLINDRICAL_SURFACE ( 'NONE', #3789, 1.750000000000000666 ) ;
#4983 = DIRECTION ( 'NONE',  ( -1.000000000000000000, -0.000000000000000000, 0.000000000000000000 ) ) ;
#4984 = ORIENTED_EDGE ( 'NONE', *, *, #1240, .T. ) ;
#4985 = VERTEX_POINT ( 'NONE', #728 ) ;
#4986 = CYLINDRICAL_SURFACE ( 'NONE', #2391, 3.000000000000000000 ) ;
#4987 = DIRECTION ( 'NONE',  ( 0.000000000000000000, 0.000000000000000000, -1.000000000000000000 ) ) ;
#4988 = CARTESIAN_POINT ( 'NONE',  ( 19.99999999999999645, 11.59912988617138652, -0.7599749230011708656 ) ) ;
#4989 = DIRECTION ( 'NONE',  ( -1.000000000000000000, 0.000000000000000000, 0.000000000000000000 ) ) ;
#4990 = EDGE_LOOP ( 'NONE', ( #1080, #1820, #3997, #4313 ) ) ;
#4991 = VERTEX_POINT ( 'NONE', #3638 ) ;
#4992 = DIRECTION ( 'NONE',  ( 1.000000000000000000, 0.000000000000000000, 0.000000000000000000 ) ) ;
#4993 = AXIS2_PLACEMENT_3D ( 'NONE', #924, #4485, #3650 ) ;
#4994 = CIRCLE ( 'NONE', #1648, 11.83290837936660012 ) ;
#4995 = CARTESIAN_POINT ( 'NONE',  ( 0.4496160019682736708, 12.13663649239489217, 3.430316763067319030 ) ) ;
#4996 = DIRECTION ( 'NONE',  ( 1.000000000000000000, -0.000000000000000000, -0.000000000000000000 ) ) ;
#4997 = VERTEX_POINT ( 'NONE', #1250 ) ;
#4998 = EDGE_CURVE ( 'NONE', #977, #1489, #64, .T. ) ;
#4999 = EDGE_CURVE ( 'NONE', #2881, #3147, #1939, .T. ) ;
#5000 = AXIS2_PLACEMENT_3D ( 'NONE', #3428, #285, #2733 ) ;
#5001 = AXIS2_PLACEMENT_3D ( 'NONE', #4681, #2767, #4320 ) ;
#5002 = CARTESIAN_POINT ( 'NONE',  ( 5.000000000000000888, -7.000001873099979122, 2.999999999999998224 ) ) ;
#5003 = CIRCLE ( 'NONE', #330, 14.99999999999250022 ) ;
#5004 = CARTESIAN_POINT ( 'NONE',  ( 9.999999999999998224, 0.3769537665661787940, 14.99526278054661610 ) ) ;
#5005 = ORIENTED_EDGE ( 'NONE', *, *, #3324, .T. ) ;
#5006 = EDGE_CURVE ( 'NONE', #1999, #4463, #3281, .T. ) ;
#5007 = CARTESIAN_POINT ( 'NONE',  ( 20.00000000000000000, -7.000001873099979122, 2.999999999999998224 ) ) ;
#5008 = VECTOR ( 'NONE', #3867, 1000.000000000000000 ) ;
#5009 = VECTOR ( 'NONE', #246, 999.9999999999998863 ) ;
#5010 = CARTESIAN_POINT ( 'NONE',  ( 0.000000000000000000, 2.762596963522213844, -11.29094477964544474 ) ) ;
#5011 = FACE_OUTER_BOUND ( 'NONE', #236, .T. ) ;
#5012 = AXIS2_PLACEMENT_3D ( 'NONE', #698, #2258, #4706 ) ;
#5013 = EDGE_LOOP ( 'NONE', ( #3051, #4230, #3871, #953 ) ) ;
#5014 = DIRECTION ( 'NONE',  ( 0.000000000000000000, 0.000000000000000000, 1.000000000000000000 ) ) ;
#5015 = DIRECTION ( 'NONE',  ( 1.000000000000000000, 0.000000000000000000, 0.000000000000000000 ) ) ;
#5016 = FACE_OUTER_BOUND ( 'NONE', #2349, .T. ) ;
#5017 = DIRECTION ( 'NONE',  ( 0.000000000000000000, 0.000000000000000000, -1.000000000000000000 ) ) ;
#5018 = ORIENTED_EDGE ( 'NONE', *, *, #3080, .T. ) ;
#5019 = VERTEX_POINT ( 'NONE', #2845 ) ;
#5020 = AXIS2_PLACEMENT_3D ( 'NONE', #2439, #497, #2870 ) ;
#5021 = B_SPLINE_CURVE_WITH_KNOTS ( 'NONE', 3,
 ( #76, #2016, #4774, #2401, #56, #4008, #3626, #3252 ),
 .UNSPECIFIED., .F., .F.,
 ( 4, 2, 2, 4 ),
 ( 2.192195976300496496E-07, 0.001922871092140440935, 0.002884197028411846463, 0.003845522964683251773 ),
 .UNSPECIFIED. ) ;
#5022 = ORIENTED_EDGE ( 'NONE', *, *, #3104, .T. ) ;
#5023 = FACE_BOUND ( 'NONE', #3977, .T. ) ;
#5024 = CARTESIAN_POINT ( 'NONE',  ( 18.74015404196885370, -3.901904676404870376, 13.46231870482383286 ) ) ;
#5025 = CIRCLE ( 'NONE', #852, 3.000000000000000000 ) ;
#5026 = CARTESIAN_POINT ( 'NONE',  ( 1.461384787407694619, 13.99443697570151990, 3.241660959982870960 ) ) ;
#5027 = DIRECTION ( 'NONE',  ( 0.000000000000000000, 0.000000000000000000, -1.000000000000000000 ) ) ;
#5028 = VERTEX_POINT ( 'NONE', #1665 ) ;
#5029 = EDGE_LOOP ( 'NONE', ( #53, #1363, #3089, #2485 ) ) ;
#5030 = AXIS2_PLACEMENT_3D ( 'NONE', #4439, #2806, #4006 ) ;
#5031 = CARTESIAN_POINT ( 'NONE',  ( 19.20153515743464467, 13.16705406967852632, 1.139264138455287512 ) ) ;
#5032 = EDGE_CURVE ( 'NONE', #613, #3387, #2591, .T. ) ;
#5033 = EDGE_CURVE ( 'NONE', #4392, #2953, #3407, .T. ) ;
#5034 = AXIS2_PLACEMENT_3D ( 'NONE', #49, #123, #1308 ) ;
#5035 = DIRECTION ( 'NONE',  ( 0.000000000000000000, 0.000000000000000000, 1.000000000000000000 ) ) ;
#5036 = ORIENTED_EDGE ( 'NONE', *, *, #4161, .T. ) ;
#5037 = DIRECTION ( 'NONE',  ( 1.000000000000000000, 0.000000000000000000, 0.000000000000000000 ) ) ;
#5038 = AXIS2_PLACEMENT_3D ( 'NONE', #2689, #1895, #3819 ) ;
#5039 = DIRECTION ( 'NONE',  ( 1.000000000000000000, -0.000000000000000000, -0.000000000000000000 ) ) ;
#5040 = EDGE_CURVE ( 'NONE', #351, #1040, #368, .T. ) ;
#5041 = CARTESIAN_POINT ( 'NONE',  ( 19.83777558128218743, -1.291226848077362099, -12.04489010802398141 ) ) ;
#5042 = VERTEX_POINT ( 'NONE', #2820 ) ;
#5043 = DIRECTION ( 'NONE',  ( -1.000000000000000000, -0.000000000000000000, 0.000000000000000000 ) ) ;
#5044 = DIRECTION ( 'NONE',  ( 0.000000000000000000, 0.000000000000000000, 1.000000000000000000 ) ) ;
#5045 = DIRECTION ( 'NONE',  ( -1.000000000000000000, 0.000000000000000000, -0.000000000000000000 ) ) ;
#5046 = CARTESIAN_POINT ( 'NONE',  ( 0.000000000000000000, 0.000000000000000000, 0.000000000000000000 ) ) ;
#5047 = ORIENTED_EDGE ( 'NONE', *, *, #1756, .T. ) ;
#5048 = VERTEX_POINT ( 'NONE', #1278 ) ;
#5049 = CARTESIAN_POINT ( 'NONE',  ( 19.99999999999999645, -0.2364004980232947972, -12.68364753256398991 ) ) ;
#5050 = CARTESIAN_POINT ( 'NONE',  ( 0.1460972419734422045, 9.761960907466068704, 7.125638560626147644 ) ) ;
#5051 = EDGE_CURVE ( 'NONE', #2405, #970, #1530, .T. ) ;
#5052 = CARTESIAN_POINT ( 'NONE',  ( 0.000000000000000000, 11.36279348549004986, 3.302218181857339285 ) ) ;
#5053 = CARTESIAN_POINT ( 'NONE',  ( 18.75075731800270873, 9.683534255876852015, -10.10711296822050187 ) ) ;
#5054 = ORIENTED_EDGE ( 'NONE', *, *, #4160, .T. ) ;
#5055 = DIRECTION ( 'NONE',  ( 0.000000000000000000, 0.000000000000000000, 1.000000000000000000 ) ) ;
#5056 = CARTESIAN_POINT ( 'NONE',  ( 19.99999999999999645, 2.821591908417834027, -11.49157690731935055 ) ) ;
#5057 = ORIENTED_EDGE ( 'NONE', *, *, #1803, .F. ) ;
#5058 = CARTESIAN_POINT ( 'NONE',  ( 18.17147880028345597, -14.70199371010881251, 2.975127047320150542 ) ) ;
#5059 = DIRECTION ( 'NONE',  ( -1.000000000000000000, 0.000000000000000000, 0.000000000000000000 ) ) ;
#5060 = CARTESIAN_POINT ( 'NONE',  ( 19.99999999999999645, 12.53200494222447681, 1.969683236930148018 ) ) ;
#5061 = EDGE_LOOP ( 'NONE', ( #4064, #2341, #535, #1008 ) ) ;
#5062 = FACE_OUTER_BOUND ( 'NONE', #3919, .T. ) ;
#5063 = ADVANCED_FACE ( 'NONE', ( #4397 ), #3941, .F. ) ;
#5064 = EDGE_CURVE ( 'NONE', #2036, #976, #1194, .T. ) ;
#5065 = DIRECTION ( 'NONE',  ( -1.000000000000000000, 0.000000000000000000, 0.000000000000000000 ) ) ;
#5066 = DIRECTION ( 'NONE',  ( -1.000000000000000000, -0.000000000000000000, -0.000000000000000000 ) ) ;
#5067 = DIRECTION ( 'NONE',  ( 0.000000000000000000, 0.3420201433256631063, 0.9396926207859105373 ) ) ;
#5068 = VERTEX_POINT ( 'NONE', #87 ) ;
#5069 = EDGE_LOOP ( 'NONE', ( #2481, #401, #2182, #4205 ) ) ;
#5070 = ORIENTED_EDGE ( 'NONE', *, *, #3880, .T. ) ;
#5071 = EDGE_CURVE ( 'NONE', #3026, #1617, #3656, .T. ) ;
#5072 = DIRECTION ( 'NONE',  ( 0.000000000000000000, -0.8660254037844432595, 0.4999999999999919509 ) ) ;
#5073 = CARTESIAN_POINT ( 'NONE',  ( 19.35976663437883261, -3.261724774952969419, 12.52419521162947014 ) ) ;
#5074 = CARTESIAN_POINT ( 'NONE',  ( 0.000000000000000000, -11.36279348549003032, -3.302218181857414336 ) ) ;
#5075 = VERTEX_POINT ( 'NONE', #3259 ) ;
#5076 = CIRCLE ( 'NONE', #1978, 11.62399999999418654 ) ;
ENDSEC;
END-ISO-10303-21;
