ISO-10303-21;
HEADER;
FILE_DESCRIPTION (( 'STEP AP214' ),
    '1' );
FILE_NAME ('Lid.STEP',
    '2026-03-19T16:37:51',
    ( '' ),
    ( '' ),
    'SwSTEP 2.0',
    'SolidWorks 2025',
    '' );
FILE_SCHEMA (( 'AUTOMOTIVE_DESIGN' ));
ENDSEC;

DATA;
#1 = DIRECTION ( 'NONE',  ( 0.000000000000000000, 0.000000000000000000, 1.000000000000000000 ) ) ;
#2 = CARTESIAN_POINT ( 'NONE',  ( 24.49999999999999645, 25.90000000000000213, 4.799999999999999822 ) ) ;
#3 = DIRECTION ( 'NONE',  ( 1.000000000000000000, 0.000000000000000000, 0.000000000000000000 ) ) ;
#4 = EDGE_CURVE ( 'NONE', #111, #375, #516, .T. ) ;
#5 = AXIS2_PLACEMENT_3D ( 'NONE', #1018, #1003, #645 ) ;
#6 = FACE_OUTER_BOUND ( 'NONE', #1313, .T. ) ;
#7 = DIRECTION ( 'NONE',  ( 0.7071067811865475727, 0.7071067811865475727, 0.000000000000000000 ) ) ;
#8 = ORIENTED_EDGE ( 'NONE', *, *, #238, .T. ) ;
#9 = EDGE_CURVE ( 'NONE', #1177, #624, #1613, .T. ) ;
#10 = CARTESIAN_POINT ( 'NONE',  ( 28.86776695296636674, -0.3677669529663701309, 3.600000000000000089 ) ) ;
#11 = LINE ( 'NONE', #1296, #65 ) ;
#12 = EDGE_CURVE ( 'NONE', #1554, #1318, #1411, .T. ) ;
#13 = DIRECTION ( 'NONE',  ( 0.000000000000000000, 1.000000000000000000, 0.000000000000000000 ) ) ;
#14 = ORIENTED_EDGE ( 'NONE', *, *, #1056, .T. ) ;
#15 = CARTESIAN_POINT ( 'NONE',  ( 0.000000000000000000, 0.000000000000000000, 0.000000000000000000 ) ) ;
#16 = ORIENTED_EDGE ( 'NONE', *, *, #322, .F. ) ;
#17 = DIRECTION ( 'NONE',  ( 0.000000000000000000, 0.000000000000000000, 1.000000000000000000 ) ) ;
#18 = ADVANCED_FACE ( 'NONE', ( #604 ), #1103, .T. ) ;
#19 = VECTOR ( 'NONE', #1346, 1000.000000000000000 ) ;
#20 = ORIENTED_EDGE ( 'NONE', *, *, #771, .F. ) ;
#21 = CYLINDRICAL_SURFACE ( 'NONE', #541, 2.499999999999999112 ) ;
#22 = ORIENTED_EDGE ( 'NONE', *, *, #113, .T. ) ;
#23 = LINE ( 'NONE', #283, #925 ) ;
#24 = AXIS2_PLACEMENT_3D ( 'NONE', #430, #140, #552 ) ;
#25 = DIRECTION ( 'NONE',  ( -0.7071067811865480168, -0.7071067811865471286, 0.000000000000000000 ) ) ;
#26 = VECTOR ( 'NONE', #1456, 1000.000000000000000 ) ;
#27 = ORIENTED_EDGE ( 'NONE', *, *, #1602, .T. ) ;
#28 = ADVANCED_FACE ( 'NONE', ( #1348 ), #68, .T. ) ;
#29 = ORIENTED_EDGE ( 'NONE', *, *, #517, .F. ) ;
#30 = LINE ( 'NONE', #1432, #295 ) ;
#31 = ORIENTED_EDGE ( 'NONE', *, *, #902, .T. ) ;
#32 = DIRECTION ( 'NONE',  ( 0.000000000000000000, 0.000000000000000000, 1.000000000000000000 ) ) ;
#33 = DIRECTION ( 'NONE',  ( -5.916886274649569072E-17, 1.000000000000000000, 0.000000000000000000 ) ) ;
#34 = DIRECTION ( 'NONE',  ( 1.000000000000000000, 0.000000000000000000, 0.000000000000000000 ) ) ;
#35 = ORIENTED_EDGE ( 'NONE', *, *, #1518, .F. ) ;
#36 = AXIS2_PLACEMENT_3D ( 'NONE', #1067, #709, #1467 ) ;
#37 = EDGE_CURVE ( 'NONE', #1097, #225, #1257, .T. ) ;
#38 = VERTEX_POINT ( 'NONE', #462 ) ;
#39 = CYLINDRICAL_SURFACE ( 'NONE', #240, 2.500000000000000000 ) ;
#40 = CARTESIAN_POINT ( 'NONE',  ( 7.700000000000000178, 23.50000000000000000, 4.400000000000000355 ) ) ;
#41 = DIRECTION ( 'NONE',  ( 0.5773502691896257311, 0.5773502691896257311, -0.5773502691896257311 ) ) ;
#42 = ORIENTED_EDGE ( 'NONE', *, *, #1134, .F. ) ;
#43 = VERTEX_POINT ( 'NONE', #478 ) ;
#44 = VECTOR ( 'NONE', #843, 1000.000000000000000 ) ;
#45 = CYLINDRICAL_SURFACE ( 'NONE', #1114, 2.500000000000001332 ) ;
#46 = EDGE_CURVE ( 'NONE', #337, #1554, #733, .T. ) ;
#47 = DIRECTION ( 'NONE',  ( 0.000000000000000000, 1.000000000000000000, 0.000000000000000000 ) ) ;
#48 = ORIENTED_EDGE ( 'NONE', *, *, #1020, .T. ) ;
#49 = VECTOR ( 'NONE', #393, 1000.000000000000000 ) ;
#50 = EDGE_LOOP ( 'NONE', ( #1446, #573, #917, #984 ) ) ;
#51 = VECTOR ( 'NONE', #179, 1000.000000000000000 ) ;
#52 = LINE ( 'NONE', #571, #648 ) ;
#53 = CARTESIAN_POINT ( 'NONE',  ( 24.50000000000000000, 3.900000000000014566, 3.600000000000000089 ) ) ;
#54 = VERTEX_POINT ( 'NONE', #93 ) ;
#55 = LINE ( 'NONE', #315, #239 ) ;
#56 = CARTESIAN_POINT ( 'NONE',  ( 28.50000000000000000, 24.80000000000000071, 2.649999981001009974 ) ) ;
#57 = ADVANCED_FACE ( 'NONE', ( #206 ), #484, .T. ) ;
#58 = CARTESIAN_POINT ( 'NONE',  ( 2.899999999999999911, 3.900000000000000799, 4.799999999999999822 ) ) ;
#59 = EDGE_CURVE ( 'NONE', #806, #1177, #377, .T. ) ;
#60 = ORIENTED_EDGE ( 'NONE', *, *, #839, .F. ) ;
#61 = VERTEX_POINT ( 'NONE', #758 ) ;
#62 = DIRECTION ( 'NONE',  ( -0.7071067811865480168, -4.906538933386799707E-17, 0.7071067811865470176 ) ) ;
#63 = LINE ( 'NONE', #1217, #1160 ) ;
#64 = EDGE_LOOP ( 'NONE', ( #1025, #1497 ) ) ;
#65 = VECTOR ( 'NONE', #1156, 1000.000000000000000 ) ;
#66 = PLANE ( 'NONE',  #509 ) ;
#67 = LINE ( 'NONE', #327, #411 ) ;
#68 = CYLINDRICAL_SURFACE ( 'NONE', #699, 2.500000000000000888 ) ;
#69 = ORIENTED_EDGE ( 'NONE', *, *, #1454, .F. ) ;
#70 = ADVANCED_FACE ( 'NONE', ( #1130 ), #1619, .T. ) ;
#71 = CARTESIAN_POINT ( 'NONE',  ( 7.700000000000000178, 23.09999999999999787, 4.000000000000000000 ) ) ;
#72 = DIRECTION ( 'NONE',  ( 1.226634733346699804E-16, 0.7071067811865480168, -0.7071067811865470176 ) ) ;
#73 = CIRCLE ( 'NONE', #747, 1.225000000000000311 ) ;
#74 = ORIENTED_EDGE ( 'NONE', *, *, #1518, .T. ) ;
#75 = LINE ( 'NONE', #443, #1481 ) ;
#76 = ORIENTED_EDGE ( 'NONE', *, *, #1582, .T. ) ;
#77 = EDGE_LOOP ( 'NONE', ( #69, #1320, #354, #729 ) ) ;
#78 = DIRECTION ( 'NONE',  ( 1.000000000000000000, 0.000000000000000000, 0.000000000000000000 ) ) ;
#79 = ADVANCED_FACE ( 'NONE', ( #880, #871 ), #1384, .T. ) ;
#80 = CARTESIAN_POINT ( 'NONE',  ( 28.80000000000000071, 22.22500000000000142, 4.799999999999999822 ) ) ;
#81 = VECTOR ( 'NONE', #1251, 1000.000000000000000 ) ;
#82 = CARTESIAN_POINT ( 'NONE',  ( -2.200000000000000178, -1.100000000000000089, 3.600000000000000089 ) ) ;
#83 = CARTESIAN_POINT ( 'NONE',  ( 0.2999999999999999889, -1.100000000000000089, 3.600000000000000089 ) ) ;
#84 = CARTESIAN_POINT ( 'NONE',  ( 4.125000000000000000, 25.89999999999999858, 4.799999999999999822 ) ) ;
#85 = ORIENTED_EDGE ( 'NONE', *, *, #1278, .T. ) ;
#86 = ORIENTED_EDGE ( 'NONE', *, *, #314, .F. ) ;
#87 = CARTESIAN_POINT ( 'NONE',  ( 0.9000000000000000222, 12.27499999999999858, 4.799999999999999822 ) ) ;
#88 = LINE ( 'NONE', #607, #985 ) ;
#89 = CARTESIAN_POINT ( 'NONE',  ( 26.50000000000000000, 9.299999999999998934, 4.799999999999999822 ) ) ;
#90 = CARTESIAN_POINT ( 'NONE',  ( -1.184924240491750824, 28.98492424049175042, 4.400000000000000355 ) ) ;
#91 = EDGE_CURVE ( 'NONE', #1487, #617, #1270, .T. ) ;
#92 = VECTOR ( 'NONE', #656, 1000.000000000000000 ) ;
#93 = CARTESIAN_POINT ( 'NONE',  ( 25.69999999999999929, 10.09999999999999964, 3.600000000000000089 ) ) ;
#94 = ORIENTED_EDGE ( 'NONE', *, *, #113, .F. ) ;
#95 = DIRECTION ( 'NONE',  ( -1.000000000000000000, 0.000000000000000000, 0.000000000000000000 ) ) ;
#96 = DIRECTION ( 'NONE',  ( 0.7071067811865470176, 0.000000000000000000, 0.7071067811865480168 ) ) ;
#97 = ORIENTED_EDGE ( 'NONE', *, *, #487, .T. ) ;
#98 = CARTESIAN_POINT ( 'NONE',  ( 29.60000000000000142, 27.50000000000000000, 3.600000000000000089 ) ) ;
#99 = CARTESIAN_POINT ( 'NONE',  ( 28.50000000000000000, 2.799999999999999822, 2.649999981001009974 ) ) ;
#100 = CARTESIAN_POINT ( 'NONE',  ( 0.2999999999999999889, 1.399999999999999911, 3.600000000000000089 ) ) ;
#101 = EDGE_CURVE ( 'NONE', #1391, #1161, #123, .T. ) ;
#102 = ORIENTED_EDGE ( 'NONE', *, *, #1365, .T. ) ;
#103 = VERTEX_POINT ( 'NONE', #248 ) ;
#104 = CARTESIAN_POINT ( 'NONE',  ( 27.09999999999999787, 27.50000000000000000, 0.000000000000000000 ) ) ;
#105 = VERTEX_POINT ( 'NONE', #766 ) ;
#106 = FACE_OUTER_BOUND ( 'NONE', #192, .T. ) ;
#107 = CARTESIAN_POINT ( 'NONE',  ( 1.699999999999999956, 10.09999999999999964, 3.600000000000000089 ) ) ;
#108 = CARTESIAN_POINT ( 'NONE',  ( -1.467766952966369054, 29.26776695296636888, 0.000000000000000000 ) ) ;
#109 = AXIS2_PLACEMENT_3D ( 'NONE', #659, #1326, #304 ) ;
#110 = AXIS2_PLACEMENT_3D ( 'NONE', #1438, #576, #831 ) ;
#111 = VERTEX_POINT ( 'NONE', #132 ) ;
#112 = DIRECTION ( 'NONE',  ( -0.7071067811865481278, -0.7071067811865470176, 0.000000000000000000 ) ) ;
#113 = EDGE_CURVE ( 'NONE', #305, #891, #746, .T. ) ;
#114 = ORIENTED_EDGE ( 'NONE', *, *, #839, .T. ) ;
#115 = PLANE ( 'NONE',  #512 ) ;
#116 = FACE_OUTER_BOUND ( 'NONE', #50, .T. ) ;
#117 = DIRECTION ( 'NONE',  ( -1.000000000000000000, 0.000000000000000000, 0.000000000000000000 ) ) ;
#118 = DIRECTION ( 'NONE',  ( 0.7071067811865474617, -0.7071067811865477948, 0.000000000000000000 ) ) ;
#119 = EDGE_LOOP ( 'NONE', ( #1284, #22, #1364, #219 ) ) ;
#120 = CARTESIAN_POINT ( 'NONE',  ( 27.09999999999999787, -0.2999999999999999889, 4.799999999999999822 ) ) ;
#121 = ADVANCED_FACE ( 'NONE', ( #116 ), #638, .F. ) ;
#122 = PLANE ( 'NONE',  #1433 ) ;
#123 = LINE ( 'NONE', #1637, #329 ) ;
#124 = LINE ( 'NONE', #1145, #828 ) ;
#125 = CARTESIAN_POINT ( 'NONE',  ( 27.09999999999999787, 1.399999999999999911, 4.400000000000000355 ) ) ;
#126 = VECTOR ( 'NONE', #918, 1000.000000000000000 ) ;
#127 = EDGE_LOOP ( 'NONE', ( #1207, #470, #102 ) ) ;
#128 = CIRCLE ( 'NONE', #1146, 2.500000000000000888 ) ;
#129 = CARTESIAN_POINT ( 'NONE',  ( -1.170710653531739975, -1.100000000000000089, 1.029289283883390027 ) ) ;
#130 = ORIENTED_EDGE ( 'NONE', *, *, #780, .T. ) ;
#131 = CARTESIAN_POINT ( 'NONE',  ( 28.50000000000000000, -0.6712315177207960337, 0.000000000000000000 ) ) ;
#132 = CARTESIAN_POINT ( 'NONE',  ( 1.674999999999998934, 3.900000000000000799, 4.799999999999999822 ) ) ;
#133 = EDGE_CURVE ( 'NONE', #1413, #1406, #386, .T. ) ;
#134 = CIRCLE ( 'NONE', #1592, 2.500000000000000000 ) ;
#135 = ADVANCED_FACE ( 'NONE', ( #1023 ), #1531, .T. ) ;
#136 = ORIENTED_EDGE ( 'NONE', *, *, #720, .T. ) ;
#137 = VECTOR ( 'NONE', #1385, 1000.000000000000000 ) ;
#138 = LINE ( 'NONE', #1410, #870 ) ;
#139 = ORIENTED_EDGE ( 'NONE', *, *, #1426, .T. ) ;
#140 = DIRECTION ( 'NONE',  ( 0.000000000000000000, 0.000000000000000000, 1.000000000000000000 ) ) ;
#141 = DIRECTION ( 'NONE',  ( 0.000000000000000000, 0.000000000000000000, -1.000000000000000000 ) ) ;
#142 = ORIENTED_EDGE ( 'NONE', *, *, #241, .T. ) ;
#143 = CYLINDRICAL_SURFACE ( 'NONE', #427, 2.500000000000001332 ) ;
#144 = EDGE_CURVE ( 'NONE', #1342, #254, #1407, .T. ) ;
#145 = DIRECTION ( 'NONE',  ( 1.000000000000000000, 0.000000000000000000, 0.000000000000000000 ) ) ;
#146 = CIRCLE ( 'NONE', #259, 2.499999999999999112 ) ;
#147 = ORIENTED_EDGE ( 'NONE', *, *, #612, .F. ) ;
#148 = CARTESIAN_POINT ( 'NONE',  ( 1.699999999999999956, 10.09999999999999964, 4.000000000000000000 ) ) ;
#149 = PRODUCT_DEFINITION_SHAPE ( 'NONE', 'NONE',  #1437 ) ;
#150 = EDGE_LOOP ( 'NONE', ( #1363, #1261, #1390, #812 ) ) ;
#151 = DIRECTION ( 'NONE',  ( 1.931949705021050181E-15, -0.7071067811865480168, -0.7071067811865470176 ) ) ;
#152 = LINE ( 'NONE', #685, #395 ) ;
#153 = EDGE_CURVE ( 'NONE', #1345, #1177, #893, .T. ) ;
#154 = LINE ( 'NONE', #1544, #779 ) ;
#155 = CIRCLE ( 'NONE', #559, 2.500000000000000888 ) ;
#156 = EDGE_LOOP ( 'NONE', ( #914, #682, #252, #980 ) ) ;
#157 = AXIS2_PLACEMENT_3D ( 'NONE', #168, #141, #1199 ) ;
#158 = ORIENTED_EDGE ( 'NONE', *, *, #1174, .T. ) ;
#159 = VERTEX_POINT ( 'NONE', #1118 ) ;
#160 = CARTESIAN_POINT ( 'NONE',  ( 28.50000000000000000, -1.100000000000000089, 2.441421293652420221 ) ) ;
#161 = VECTOR ( 'NONE', #1539, 1000.000000000000000 ) ;
#162 = CARTESIAN_POINT ( 'NONE',  ( -1.100000000000000089, 13.89999999999999858, 0.9585786303516451445 ) ) ;
#163 = VECTOR ( 'NONE', #993, 1000.000000000000000 ) ;
#164 = DIRECTION ( 'NONE',  ( -1.000000000000000000, 0.000000000000000000, 0.000000000000000000 ) ) ;
#165 = EDGE_LOOP ( 'NONE', ( #522, #1581, #1583, #1259 ) ) ;
#166 = ORIENTED_EDGE ( 'NONE', *, *, #611, .T. ) ;
#167 = ADVANCED_FACE ( 'NONE', ( #400 ), #651, .T. ) ;
#168 = CARTESIAN_POINT ( 'NONE',  ( 27.09999999999999787, 27.50000000000000000, 4.400000000000000355 ) ) ;
#169 = EDGE_LOOP ( 'NONE', ( #794, #912, #27, #586 ) ) ;
#170 = CARTESIAN_POINT ( 'NONE',  ( 28.86776695296637030, 29.26776695296636888, 3.600000000000000089 ) ) ;
#171 = DIRECTION ( 'NONE',  ( 0.000000000000000000, 0.000000000000000000, 1.000000000000000000 ) ) ;
#172 = CARTESIAN_POINT ( 'NONE',  ( -2.200000000000000178, 30.00000000000000000, 0.000000000000000000 ) ) ;
#173 = DIRECTION ( 'NONE',  ( 0.7071067811865472397, -0.7071067811865477948, 0.000000000000000000 ) ) ;
#174 = VERTEX_POINT ( 'NONE', #1506 ) ;
#175 = ORIENTED_EDGE ( 'NONE', *, *, #1572, .T. ) ;
#176 = AXIS2_PLACEMENT_3D ( 'NONE', #591, #1091, #466 ) ;
#177 = ADVANCED_FACE ( 'NONE', ( #773 ), #888, .T. ) ;
#178 = LINE ( 'NONE', #815, #126 ) ;
#179 = DIRECTION ( 'NONE',  ( 1.000000000000000000, 0.000000000000000000, 0.000000000000000000 ) ) ;
#180 = CARTESIAN_POINT ( 'NONE',  ( -2.200000000000000178, 27.50000000000000000, 3.600000000000000089 ) ) ;
#181 = EDGE_LOOP ( 'NONE', ( #1478, #1006, #217, #905 ) ) ;
#182 = VERTEX_POINT ( 'NONE', #632 ) ;
#183 = VECTOR ( 'NONE', #249, 1000.000000000000000 ) ;
#184 = EDGE_CURVE ( 'NONE', #227, #254, #1094, .T. ) ;
#185 = CARTESIAN_POINT ( 'NONE',  ( 28.57071065353170169, -1.100000000000000089, 2.370710640120679891 ) ) ;
#186 = DIRECTION ( 'NONE',  ( -0.7071067811865470176, 0.000000000000000000, 0.7071067811865480168 ) ) ;
#187 = EDGE_CURVE ( 'NONE', #688, #372, #1200, .T. ) ;
#188 = DIRECTION ( 'NONE',  ( 0.000000000000000000, 0.000000000000000000, 1.000000000000000000 ) ) ;
#189 = DIRECTION ( 'NONE',  ( -0.000000000000000000, 0.7071067811865470176, 0.7071067811865480168 ) ) ;
#190 = ORIENTED_EDGE ( 'NONE', *, *, #1563, .T. ) ;
#191 = CLOSED_SHELL ( 'NONE', ( #1377, #369, #1507, #121, #1322, #1447, #1288, #1482, #1397, #1121, #28, #928, #70, #435, #79, #135, #936, #1081, #590, #1553, #1029, #1540, #365, #801, #825, #623, #959, #567, #1268, #1297, #57, #1258, #665, #1090, #1496, #1247, #476, #271, #1338, #18, #220, #872, #167, #1319, #1486, #978, #177, #534, #890, #820, #1526, #661, #728, #791 ) ) ;
#192 = EDGE_LOOP ( 'NONE', ( #416, #1074, #840, #244 ) ) ;
#193 = AXIS2_PLACEMENT_3D ( 'NONE', #1451, #189, #702 ) ;
#194 = CARTESIAN_POINT ( 'NONE',  ( 1.300000000000000044, 12.27499999999999858, 4.400000000000000355 ) ) ;
#195 = ORIENTED_EDGE ( 'NONE', *, *, #507, .T. ) ;
#196 = DIRECTION ( 'NONE',  ( 0.000000000000000000, 1.000000000000000000, 0.000000000000000000 ) ) ;
#197 = LINE ( 'NONE', #1076, #313 ) ;
#198 = EDGE_CURVE ( 'NONE', #317, #1088, #818, .T. ) ;
#199 = EDGE_LOOP ( 'NONE', ( #579, #1615, #391, #502 ) ) ;
#200 = ORIENTED_EDGE ( 'NONE', *, *, #184, .T. ) ;
#201 = DIRECTION ( 'NONE',  ( -1.000000000000000000, 0.000000000000000000, 0.000000000000000000 ) ) ;
#202 = DIRECTION ( 'NONE',  ( 1.000000000000000000, 0.000000000000000000, 0.000000000000000000 ) ) ;
#203 = ORIENTED_EDGE ( 'NONE', *, *, #971, .T. ) ;
#204 = LINE ( 'NONE', #951, #669 ) ;
#205 = EDGE_CURVE ( 'NONE', #1532, #1485, #67, .T. ) ;
#206 = FACE_OUTER_BOUND ( 'NONE', #384, .T. ) ;
#207 = ORIENTED_EDGE ( 'NONE', *, *, #46, .F. ) ;
#208 = CARTESIAN_POINT ( 'NONE',  ( 0.2999999999999999889, 1.399999999999999911, 0.000000000000000000 ) ) ;
#209 = LINE ( 'NONE', #722, #877 ) ;
#210 = LINE ( 'NONE', #80, #1561 ) ;
#211 = FACE_OUTER_BOUND ( 'NONE', #77, .T. ) ;
#212 = AXIS2_PLACEMENT_3D ( 'NONE', #640, #501, #889 ) ;
#213 = LINE ( 'NONE', #846, #693 ) ;
#214 = AXIS2_PLACEMENT_3D ( 'NONE', #1119, #508, #1386 ) ;
#215 =( LENGTH_UNIT ( ) NAMED_UNIT ( * ) SI_UNIT ( .MILLI., .METRE. ) );
#216 = CARTESIAN_POINT ( 'NONE',  ( 28.50000000000000000, -1.100000000000000089, 0.9585786303516390383 ) ) ;
#217 = ORIENTED_EDGE ( 'NONE', *, *, #898, .T. ) ;
#218 = CARTESIAN_POINT ( 'NONE',  ( 7.700000000000000178, 23.90000000000000213, 4.799999999999999822 ) ) ;
#219 = ORIENTED_EDGE ( 'NONE', *, *, #390, .F. ) ;
#220 = ADVANCED_FACE ( 'NONE', ( #1286 ), #488, .T. ) ;
#221 = AXIS2_PLACEMENT_3D ( 'NONE', #1494, #718, #256 ) ;
#222 = CARTESIAN_POINT ( 'NONE',  ( 27.09999999999999787, 27.50000000000000000, 4.799999999999999822 ) ) ;
#223 = CARTESIAN_POINT ( 'NONE',  ( 0.9000000000000000222, 23.90000000000000213, 4.799999999999999822 ) ) ;
#224 = CARTESIAN_POINT ( 'NONE',  ( 0.2999999999999999889, 27.50000000000000000, 4.799999999999999822 ) ) ;
#225 = VERTEX_POINT ( 'NONE', #1317 ) ;
#226 = LINE ( 'NONE', #1241, #268 ) ;
#227 = VERTEX_POINT ( 'NONE', #1070 ) ;
#228 = LINE ( 'NONE', #736, #1462 ) ;
#229 = FACE_BOUND ( 'NONE', #922, .T. ) ;
#230 = EDGE_CURVE ( 'NONE', #1007, #1424, #937, .T. ) ;
#231 = DIRECTION ( 'NONE',  ( 0.7071067811865474617, -0.7071067811865477948, 0.000000000000000000 ) ) ;
#232 = VECTOR ( 'NONE', #949, 1000.000000000000000 ) ;
#233 = DIRECTION ( 'NONE',  ( -0.7071067811865477948, 0.7071067811865472397, 0.000000000000000000 ) ) ;
#234 = ORIENTED_EDGE ( 'NONE', *, *, #636, .F. ) ;
#235 = DIRECTION ( 'NONE',  ( -0.000000000000000000, -0.000000000000000000, 1.000000000000000000 ) ) ;
#236 = CARTESIAN_POINT ( 'NONE',  ( 29.09571065353170027, 2.799999999999999822, 1.554289283883370176 ) ) ;
#237 = DIRECTION ( 'NONE',  ( 0.7071067811865480168, 4.906538933386799707E-17, 0.7071067811865470176 ) ) ;
#238 = EDGE_CURVE ( 'NONE', #182, #1382, #1394, .T. ) ;
#239 = VECTOR ( 'NONE', #351, 1000.000000000000000 ) ;
#240 = AXIS2_PLACEMENT_3D ( 'NONE', #1324, #556, #1055 ) ;
#241 = EDGE_CURVE ( 'NONE', #1318, #1164, #1131, .T. ) ;
#242 = ORIENTED_EDGE ( 'NONE', *, *, #198, .T. ) ;
#243 = ORIENTED_EDGE ( 'NONE', *, *, #1415, .T. ) ;
#244 = ORIENTED_EDGE ( 'NONE', *, *, #945, .T. ) ;
#245 = ORIENTED_EDGE ( 'NONE', *, *, #780, .F. ) ;
#246 = FACE_OUTER_BOUND ( 'NONE', #956, .T. ) ;
#247 = AXIS2_PLACEMENT_3D ( 'NONE', #1008, #1001, #892 ) ;
#248 = CARTESIAN_POINT ( 'NONE',  ( -1.100000000000000089, -0.6712315177207970329, 0.000000000000000000 ) ) ;
#249 = DIRECTION ( 'NONE',  ( 0.000000000000000000, 0.000000000000000000, -1.000000000000000000 ) ) ;
#250 = AXIS2_PLACEMENT_3D ( 'NONE', #353, #1096, #1369 ) ;
#251 = EDGE_CURVE ( 'NONE', #254, #337, #124, .T. ) ;
#252 = ORIENTED_EDGE ( 'NONE', *, *, #1194, .T. ) ;
#253 = DIRECTION ( 'NONE',  ( -0.000000000000000000, -0.000000000000000000, 1.000000000000000000 ) ) ;
#254 = VERTEX_POINT ( 'NONE', #759 ) ;
#255 = PLANE ( 'NONE',  #1062 ) ;
#256 = DIRECTION ( 'NONE',  ( 0.000000000000000000, -1.000000000000000000, 0.000000000000000000 ) ) ;
#257 = DIRECTION ( 'NONE',  ( 0.000000000000000000, 0.000000000000000000, 1.000000000000000000 ) ) ;
#258 = DIRECTION ( 'NONE',  ( 0.000000000000000000, 0.000000000000000000, 1.000000000000000000 ) ) ;
#259 = AXIS2_PLACEMENT_3D ( 'NONE', #1534, #1427, #404 ) ;
#260 = ORIENTED_EDGE ( 'NONE', *, *, #1278, .F. ) ;
#261 = EDGE_CURVE ( 'NONE', #289, #1532, #565, .T. ) ;
#262 = FACE_OUTER_BOUND ( 'NONE', #866, .T. ) ;
#263 = ORIENTED_EDGE ( 'NONE', *, *, #1415, .F. ) ;
#264 = FACE_OUTER_BOUND ( 'NONE', #181, .T. ) ;
#265 = EDGE_CURVE ( 'NONE', #1014, #61, #1389, .T. ) ;
#266 = DIRECTION ( 'NONE',  ( 1.000000000000000000, 0.000000000000000000, 0.000000000000000000 ) ) ;
#267 = CYLINDRICAL_SURFACE ( 'NONE', #1603, 1.225000000000003864 ) ;
#268 = VECTOR ( 'NONE', #62, 1000.000000000000000 ) ;
#269 = ORIENTED_EDGE ( 'NONE', *, *, #1585, .T. ) ;
#270 = CARTESIAN_POINT ( 'NONE',  ( 1.674999999999998934, 25.89999999999999858, -5.200000000000001066 ) ) ;
#271 = ADVANCED_FACE ( 'NONE', ( #1010 ), #767, .T. ) ;
#272 = DIRECTION ( 'NONE',  ( -1.000000000000000000, 0.000000000000000000, 0.000000000000000000 ) ) ;
#273 = ORIENTED_EDGE ( 'NONE', *, *, #848, .F. ) ;
#274 = AXIS2_PLACEMENT_3D ( 'NONE', #620, #1515, #1137 ) ;
#275 = CARTESIAN_POINT ( 'NONE',  ( 29.60000000000000142, 1.399999999999999911, 0.000000000000000000 ) ) ;
#276 = CIRCLE ( 'NONE', #568, 2.500000000000000000 ) ;
#277 = DIRECTION ( 'NONE',  ( -0.000000000000000000, -0.000000000000000000, 1.000000000000000000 ) ) ;
#278 = ORIENTED_EDGE ( 'NONE', *, *, #553, .F. ) ;
#279 = DIRECTION ( 'NONE',  ( -0.7071067811865481278, -0.7071067811865470176, 0.000000000000000000 ) ) ;
#280 = EDGE_CURVE ( 'NONE', #1399, #1181, #867, .T. ) ;
#281 = CARTESIAN_POINT ( 'NONE',  ( 23.27499999999999503, 25.90000000000000213, -5.200000000000001066 ) ) ;
#282 = ORIENTED_EDGE ( 'NONE', *, *, #1155, .T. ) ;
#283 = CARTESIAN_POINT ( 'NONE',  ( 0.2999999999999999889, -0.2999999999999999889, 4.799999999999999822 ) ) ;
#284 = CARTESIAN_POINT ( 'NONE',  ( 24.50000000000000000, 3.900000000000014566, 4.799999999999999822 ) ) ;
#285 = DIRECTION ( 'NONE',  ( -0.7071067811865470176, -4.183870408314320019E-17, -0.7071067811865480168 ) ) ;
#286 = AXIS2_PLACEMENT_3D ( 'NONE', #284, #171, #1027 ) ;
#287 = ORIENTED_EDGE ( 'NONE', *, *, #1213, .F. ) ;
#288 = LINE ( 'NONE', #1279, #1303 ) ;
#289 = VERTEX_POINT ( 'NONE', #982 ) ;
#290 = DIRECTION ( 'NONE',  ( 0.000000000000000000, 0.000000000000000000, 1.000000000000000000 ) ) ;
#291 = FACE_OUTER_BOUND ( 'NONE', #510, .T. ) ;
#292 = EDGE_CURVE ( 'NONE', #1181, #1172, #1371, .T. ) ;
#293 = DIRECTION ( 'NONE',  ( -0.7071067811865476838, 0.7071067811865474617, 0.000000000000000000 ) ) ;
#294 = CIRCLE ( 'NONE', #405, 1.700000000000000400 ) ;
#295 = VECTOR ( 'NONE', #401, 1000.000000000000000 ) ;
#296 = ORIENTED_EDGE ( 'NONE', *, *, #4, .T. ) ;
#297 = DIRECTION ( 'NONE',  ( 0.000000000000000000, 0.000000000000000000, 1.000000000000000000 ) ) ;
#298 = ORIENTED_EDGE ( 'NONE', *, *, #292, .F. ) ;
#299 = DIRECTION ( 'NONE',  ( -0.000000000000000000, 1.000000000000000000, 0.000000000000000000 ) ) ;
#300 = DIRECTION ( 'NONE',  ( 0.000000000000000000, 0.000000000000000000, -1.000000000000000000 ) ) ;
#301 = VECTOR ( 'NONE', #735, 1000.000000000000000 ) ;
#302 = LINE ( 'NONE', #1460, #1039 ) ;
#303 = EDGE_CURVE ( 'NONE', #504, #407, #743, .T. ) ;
#304 = DIRECTION ( 'NONE',  ( 0.7071067811865475727, 0.7071067811865475727, 0.000000000000000000 ) ) ;
#305 = VERTEX_POINT ( 'NONE', #486 ) ;
#306 = EDGE_LOOP ( 'NONE', ( #429, #278, #130, #1215 ) ) ;
#307 = VERTEX_POINT ( 'NONE', #1633 ) ;
#308 = CARTESIAN_POINT ( 'NONE',  ( 27.09999999999999787, 1.399999999999999911, 0.000000000000000000 ) ) ;
#309 = LINE ( 'NONE', #1325, #346 ) ;
#310 = DIRECTION ( 'NONE',  ( 0.4999999999999989453, -0.4999999999999996669, -0.7071067811865485719 ) ) ;
#311 = EDGE_CURVE ( 'NONE', #750, #1406, #1350, .T. ) ;
#312 = ORIENTED_EDGE ( 'NONE', *, *, #945, .F. ) ;
#313 = VECTOR ( 'NONE', #700, 1000.000000000000000 ) ;
#314 = EDGE_CURVE ( 'NONE', #1135, #1342, #726, .T. ) ;
#315 = CARTESIAN_POINT ( 'NONE',  ( 1.699999999999999956, 10.09999999999999964, 3.600000000000000089 ) ) ;
#316 = PLANE ( 'NONE',  #110 ) ;
#317 = VERTEX_POINT ( 'NONE', #753 ) ;
#318 = ORIENTED_EDGE ( 'NONE', *, *, #1144, .F. ) ;
#319 = AXIS2_PLACEMENT_3D ( 'NONE', #1555, #935, #798 ) ;
#320 = DIRECTION ( 'NONE',  ( 0.000000000000000000, 0.000000000000000000, -1.000000000000000000 ) ) ;
#321 = DIRECTION ( 'NONE',  ( 0.000000000000000000, 0.000000000000000000, -1.000000000000000000 ) ) ;
#322 = EDGE_CURVE ( 'NONE', #1469, #103, #1016, .T. ) ;
#323 = ORIENTED_EDGE ( 'NONE', *, *, #749, .F. ) ;
#324 = CARTESIAN_POINT ( 'NONE',  ( -1.467766952966369054, 29.26776695296636888, 4.000000000000000000 ) ) ;
#325 = CIRCLE ( 'NONE', #1256, 2.500000000000001332 ) ;
#326 = DIRECTION ( 'NONE',  ( 0.000000000000000000, 0.000000000000000000, -1.000000000000000000 ) ) ;
#327 = CARTESIAN_POINT ( 'NONE',  ( -1.399999999999999911, 1.399999999999999911, 4.799999999999999822 ) ) ;
#328 = DIRECTION ( 'NONE',  ( 0.000000000000000000, 1.000000000000000000, 0.000000000000000000 ) ) ;
#329 = VECTOR ( 'NONE', #1153, 1000.000000000000000 ) ;
#330 = ORIENTED_EDGE ( 'NONE', *, *, #848, .T. ) ;
#331 = VECTOR ( 'NONE', #164, 1000.000000000000000 ) ;
#332 = DIRECTION ( 'NONE',  ( 0.000000000000000000, 0.000000000000000000, 1.000000000000000000 ) ) ;
#333 = CYLINDRICAL_SURFACE ( 'NONE', #841, 1.225000000000000311 ) ;
#334 = CARTESIAN_POINT ( 'NONE',  ( 21.64999999999999858, -0.2999999999999999889, 4.799999999999999822 ) ) ;
#335 = EDGE_CURVE ( 'NONE', #1487, #999, #1150, .T. ) ;
#336 = EDGE_LOOP ( 'NONE', ( #598, #282, #1634, #795 ) ) ;
#337 = VERTEX_POINT ( 'NONE', #1125 ) ;
#338 = CARTESIAN_POINT ( 'NONE',  ( 19.69999999999999929, 10.09999999999999964, 4.000000000000000000 ) ) ;
#339 = PLANE ( 'NONE',  #1141 ) ;
#340 = AXIS2_PLACEMENT_3D ( 'NONE', #53, #1083, #1353 ) ;
#341 = CARTESIAN_POINT ( 'NONE',  ( 2.899999999999999911, 3.900000000000000799, -5.200000000000001066 ) ) ;
#342 = CARTESIAN_POINT ( 'NONE',  ( 28.79571065353169956, 2.799999999999999822, 2.145710640120679802 ) ) ;
#343 = EDGE_CURVE ( 'NONE', #38, #373, #356, .T. ) ;
#344 = ORIENTED_EDGE ( 'NONE', *, *, #1547, .T. ) ;
#345 = ORIENTED_EDGE ( 'NONE', *, *, #740, .F. ) ;
#346 = VECTOR ( 'NONE', #188, 1000.000000000000000 ) ;
#347 = DIRECTION ( 'NONE',  ( 0.000000000000000000, 0.000000000000000000, 1.000000000000000000 ) ) ;
#348 = ORIENTED_EDGE ( 'NONE', *, *, #577, .T. ) ;
#349 = CARTESIAN_POINT ( 'NONE',  ( 0.2999999999999999889, -0.2999999999999999889, 4.799999999999999822 ) ) ;
#350 = AXIS2_PLACEMENT_3D ( 'NONE', #983, #201, #1216 ) ;
#351 = DIRECTION ( 'NONE',  ( 0.000000000000000000, 1.000000000000000000, 0.000000000000000000 ) ) ;
#352 = CONICAL_SURFACE ( 'NONE', #1483, 2.100000000000000533, 0.7853981633974469467 ) ;
#353 = CARTESIAN_POINT ( 'NONE',  ( 2.899999999999999911, 3.900000000000000799, 4.799999999999999822 ) ) ;
#354 = ORIENTED_EDGE ( 'NONE', *, *, #458, .F. ) ;
#355 = EDGE_CURVE ( 'NONE', #754, #1567, #154, .T. ) ;
#356 = CIRCLE ( 'NONE', #1491, 2.500000000000000000 ) ;
#357 = LINE ( 'NONE', #834, #44 ) ;
#358 = ORIENTED_EDGE ( 'NONE', *, *, #280, .T. ) ;
#359 = VECTOR ( 'NONE', #459, 1000.000000000000000 ) ;
#360 = CARTESIAN_POINT ( 'NONE',  ( -1.100000000000000089, 28.89999999999999858, 0.000000000000000000 ) ) ;
#361 = FACE_OUTER_BOUND ( 'NONE', #551, .T. ) ;
#362 = PRODUCT_DEFINITION_CONTEXT ( 'detailed design', #1631, 'design' ) ;
#363 = ORIENTED_EDGE ( 'NONE', *, *, #343, .T. ) ;
#364 = ORIENTED_EDGE ( 'NONE', *, *, #1466, .F. ) ;
#365 = ADVANCED_FACE ( 'NONE', ( #262 ), #1527, .F. ) ;
#366 = ORIENTED_EDGE ( 'NONE', *, *, #1330, .F. ) ;
#367 = DIRECTION ( 'NONE',  ( 0.000000000000000000, 0.000000000000000000, -1.000000000000000000 ) ) ;
#368 = DIRECTION ( 'NONE',  ( 0.000000000000000000, 0.000000000000000000, -1.000000000000000000 ) ) ;
#369 = ADVANCED_FACE ( 'NONE', ( #1512 ), #1148, .F. ) ;
#370 = FACE_BOUND ( 'NONE', #64, .T. ) ;
#371 = VECTOR ( 'NONE', #1589, 1000.000000000000000 ) ;
#372 = VERTEX_POINT ( 'NONE', #120 ) ;
#373 = VERTEX_POINT ( 'NONE', #657 ) ;
#374 = DIRECTION ( 'NONE',  ( 0.000000000000000000, 0.000000000000000000, 1.000000000000000000 ) ) ;
#375 = VERTEX_POINT ( 'NONE', #762 ) ;
#376 = CARTESIAN_POINT ( 'NONE',  ( 1.699999999999999956, 23.09999999999999787, 3.600000000000000089 ) ) ;
#377 = LINE ( 'NONE', #236, #1362 ) ;
#378 = DIRECTION ( 'NONE',  ( 1.000000000000000000, 0.000000000000000000, 0.000000000000000000 ) ) ;
#379 = EDGE_CURVE ( 'NONE', #546, #1565, #642, .T. ) ;
#380 = VECTOR ( 'NONE', #1471, 1000.000000000000114 ) ;
#381 = AXIS2_PLACEMENT_3D ( 'NONE', #1455, #320, #1209 ) ;
#382 = EDGE_LOOP ( 'NONE', ( #35, #761, #296, #245 ) ) ;
#383 = CARTESIAN_POINT ( 'NONE',  ( 24.50000000000000000, 3.900000000000014566, -5.200000000000001066 ) ) ;
#384 = EDGE_LOOP ( 'NONE', ( #687, #1124, #86, #1100, #242, #1445, #707, #1310, #440, #1000, #16, #479, #1289, #626 ) ) ;
#385 = CARTESIAN_POINT ( 'NONE',  ( 2.899999999999999911, 3.900000000000000799, -5.200000000000001066 ) ) ;
#386 = LINE ( 'NONE', #107, #1175 ) ;
#387 = DIRECTION ( 'NONE',  ( -1.000000000000000000, 0.000000000000000000, 0.000000000000000000 ) ) ;
#388 = FACE_OUTER_BOUND ( 'NONE', #156, .T. ) ;
#389 = VECTOR ( 'NONE', #1401, 1000.000000000000000 ) ;
#390 = EDGE_CURVE ( 'NONE', #1573, #1577, #899, .T. ) ;
#391 = ORIENTED_EDGE ( 'NONE', *, *, #101, .F. ) ;
#392 = DIRECTION ( 'NONE',  ( -0.000000000000000000, -0.000000000000000000, 1.000000000000000000 ) ) ;
#393 = DIRECTION ( 'NONE',  ( 0.000000000000000000, 0.000000000000000000, 1.000000000000000000 ) ) ;
#394 = LINE ( 'NONE', #1630, #1166 ) ;
#395 = VECTOR ( 'NONE', #793, 1000.000000000000000 ) ;
#396 = DIRECTION ( 'NONE',  ( -1.000000000000000000, 0.000000000000000000, 0.000000000000000000 ) ) ;
#397 = EDGE_CURVE ( 'NONE', #372, #1521, #1028, .T. ) ;
#398 = ORIENTED_EDGE ( 'NONE', *, *, #153, .T. ) ;
#399 = CARTESIAN_POINT ( 'NONE',  ( 0.2999999999999999889, 30.00000000000000000, 0.000000000000000000 ) ) ;
#400 = FACE_OUTER_BOUND ( 'NONE', #1061, .T. ) ;
#401 = DIRECTION ( 'NONE',  ( -0.000000000000000000, -0.000000000000000000, 1.000000000000000000 ) ) ;
#402 = ORIENTED_EDGE ( 'NONE', *, *, #862, .F. ) ;
#403 = DIRECTION ( 'NONE',  ( -0.000000000000000000, -0.000000000000000000, 1.000000000000000000 ) ) ;
#404 = DIRECTION ( 'NONE',  ( 0.7071067811865466846, -0.7071067811865483499, 0.000000000000000000 ) ) ;
#405 = AXIS2_PLACEMENT_3D ( 'NONE', #1593, #616, #457 ) ;
#406 = EDGE_CURVE ( 'NONE', #806, #485, #679, .T. ) ;
#407 = VERTEX_POINT ( 'NONE', #1444 ) ;
#408 = PRODUCT_CONTEXT ( 'NONE', #1159, 'mechanical' ) ;
#409 = AXIS2_PLACEMENT_3D ( 'NONE', #1263, #235, #1392 ) ;
#410 = VERTEX_POINT ( 'NONE', #944 ) ;
#411 = VECTOR ( 'NONE', #1206, 1000.000000000000000 ) ;
#412 = CARTESIAN_POINT ( 'NONE',  ( 24.50000000000000000, 3.900000000000014566, 3.600000000000000089 ) ) ;
#413 = CIRCLE ( 'NONE', #1336, 1.225000000000000311 ) ;
#414 = EDGE_LOOP ( 'NONE', ( #836, #666, #998, #94, #1598, #563 ) ) ;
#415 =( LENGTH_UNIT ( ) NAMED_UNIT ( * ) SI_UNIT ( .MILLI., .METRE. ) );
#416 = ORIENTED_EDGE ( 'NONE', *, *, #91, .F. ) ;
#417 = CARTESIAN_POINT ( 'NONE',  ( 27.09999999999999787, 27.50000000000000000, 0.000000000000000000 ) ) ;
#418 = FACE_OUTER_BOUND ( 'NONE', #1139, .T. ) ;
#419 = VERTEX_POINT ( 'NONE', #1180 ) ;
#420 = DIRECTION ( 'NONE',  ( 0.000000000000000000, 0.000000000000000000, 1.000000000000000000 ) ) ;
#421 = CARTESIAN_POINT ( 'NONE',  ( 26.50000000000000000, 23.90000000000000213, 4.799999999999999822 ) ) ;
#422 = ORIENTED_EDGE ( 'NONE', *, *, #424, .F. ) ;
#423 = CARTESIAN_POINT ( 'NONE',  ( 28.86776695296636674, -0.3677669529663710191, 0.000000000000000000 ) ) ;
#424 = EDGE_CURVE ( 'NONE', #1577, #105, #1580, .T. ) ;
#425 = CARTESIAN_POINT ( 'NONE',  ( 28.79571065353169956, 24.80000000000000071, 2.145710640120679802 ) ) ;
#426 = LINE ( 'NONE', #1493, #964 ) ;
#427 = AXIS2_PLACEMENT_3D ( 'NONE', #531, #1033, #1543 ) ;
#428 = CONICAL_SURFACE ( 'NONE', #214, 2.100000000000000533, 0.7853981633974469467 ) ;
#429 = ORIENTED_EDGE ( 'NONE', *, *, #1163, .F. ) ;
#430 = CARTESIAN_POINT ( 'NONE',  ( 24.49999999999999645, 25.90000000000000213, 4.799999999999999822 ) ) ;
#431 = CARTESIAN_POINT ( 'NONE',  ( -1.467766952966370164, -0.3677669529663675219, 3.600000000000000089 ) ) ;
#432 = DIRECTION ( 'NONE',  ( 0.000000000000000000, -1.000000000000000000, 0.000000000000000000 ) ) ;
#433 = AXIS2_PLACEMENT_3D ( 'NONE', #1098, #1607, #615 ) ;
#434 =( NAMED_UNIT ( * ) SI_UNIT ( $, .STERADIAN. ) SOLID_ANGLE_UNIT ( ) );
#435 = ADVANCED_FACE ( 'NONE', ( #1052 ), #316, .T. ) ;
#436 = AXIS2_PLACEMENT_3D ( 'NONE', #613, #1468, #858 ) ;
#437 = LINE ( 'NONE', #172, #51 ) ;
#438 = EDGE_CURVE ( 'NONE', #688, #43, #1044, .T. ) ;
#439 = ORIENTED_EDGE ( 'NONE', *, *, #1426, .F. ) ;
#440 = ORIENTED_EDGE ( 'NONE', *, *, #424, .T. ) ;
#441 = LINE ( 'NONE', #1300, #1488 ) ;
#442 = PLANE ( 'NONE',  #1260 ) ;
#443 = CARTESIAN_POINT ( 'NONE',  ( 27.09999999999999787, 29.19999999999999929, 4.799999999999999822 ) ) ;
#444 = CARTESIAN_POINT ( 'NONE',  ( 24.49999999999999645, 25.90000000000000213, 3.600000000000000089 ) ) ;
#445 = DIRECTION ( 'NONE',  ( 0.000000000000000000, 0.000000000000000000, 1.000000000000000000 ) ) ;
#446 = EDGE_LOOP ( 'NONE', ( #273, #1370, #1574 ) ) ;
#447 = EDGE_CURVE ( 'NONE', #54, #1413, #302, .T. ) ;
#448 = CIRCLE ( 'NONE', #176, 1.225000000000000311 ) ;
#449 = CARTESIAN_POINT ( 'NONE',  ( -1.467766952966370164, -0.3677669529663675219, 0.000000000000000000 ) ) ;
#450 = CARTESIAN_POINT ( 'NONE',  ( 25.69999999999999929, 23.09999999999999787, 3.600000000000000089 ) ) ;
#451 = EDGE_LOOP ( 'NONE', ( #1267, #496, #76, #535 ) ) ;
#452 = DIRECTION ( 'NONE',  ( 0.000000000000000000, 0.000000000000000000, 1.000000000000000000 ) ) ;
#453 = CARTESIAN_POINT ( 'NONE',  ( 1.699999999999999956, 23.09999999999999787, 4.000000000000000000 ) ) ;
#454 = VERTEX_POINT ( 'NONE', #453 ) ;
#455 = EDGE_LOOP ( 'NONE', ( #814, #1122, #824, #1548 ) ) ;
#456 = CIRCLE ( 'NONE', #1273, 1.225000000000000311 ) ;
#457 = DIRECTION ( 'NONE',  ( 0.7071067811865472397, -0.7071067811865477948, 0.000000000000000000 ) ) ;
#458 = EDGE_CURVE ( 'NONE', #1222, #1007, #1340, .T. ) ;
#459 = DIRECTION ( 'NONE',  ( 0.000000000000000000, -1.000000000000000000, 0.000000000000000000 ) ) ;
#460 = PLANE ( 'NONE',  #904 ) ;
#461 = VECTOR ( 'NONE', #1129, 1000.000000000000000 ) ;
#462 = CARTESIAN_POINT ( 'NONE',  ( -1.467766952966370164, -0.3677669529663675219, 4.000000000000000000 ) ) ;
#463 = AXIS2_PLACEMENT_3D ( 'NONE', #996, #1393, #7 ) ;
#464 = ORIENTED_EDGE ( 'NONE', *, *, #813, .T. ) ;
#465 = DIRECTION ( 'NONE',  ( 0.000000000000000000, 1.000000000000000000, 0.000000000000000000 ) ) ;
#466 = DIRECTION ( 'NONE',  ( 1.000000000000000000, 0.000000000000000000, 0.000000000000000000 ) ) ;
#467 = LINE ( 'NONE', #1480, #380 ) ;
#468 = EDGE_CURVE ( 'NONE', #1554, #1342, #437, .T. ) ;
#469 = ORIENTED_EDGE ( 'NONE', *, *, #1604, .T. ) ;
#470 = ORIENTED_EDGE ( 'NONE', *, *, #910, .T. ) ;
#471 = PLANE ( 'NONE',  #561 ) ;
#472 = FACE_OUTER_BOUND ( 'NONE', #1372, .T. ) ;
#473 = AXIS2_PLACEMENT_3D ( 'NONE', #222, #321, #474 ) ;
#474 = DIRECTION ( 'NONE',  ( 0.7071067811865475727, 0.7071067811865475727, 0.000000000000000000 ) ) ;
#475 = CARTESIAN_POINT ( 'NONE',  ( -2.200000000000000178, 1.399999999999999911, 0.000000000000000000 ) ) ;
#476 = ADVANCED_FACE ( 'NONE', ( #710 ), #990, .T. ) ;
#477 = CARTESIAN_POINT ( 'NONE',  ( 2.899999999999999911, 3.900000000000000799, 3.600000000000000089 ) ) ;
#478 = CARTESIAN_POINT ( 'NONE',  ( 28.86776695296636674, -0.3677669529663710191, 4.000000000000000000 ) ) ;
#479 = ORIENTED_EDGE ( 'NONE', *, *, #1612, .F. ) ;
#480 = DIRECTION ( 'NONE',  ( 0.000000000000000000, 0.000000000000000000, -1.000000000000000000 ) ) ;
#481 = VECTOR ( 'NONE', #403, 1000.000000000000000 ) ;
#482 = DIRECTION ( 'NONE',  ( 0.000000000000000000, 0.000000000000000000, 1.000000000000000000 ) ) ;
#483 = PRODUCT_RELATED_PRODUCT_CATEGORY ( 'part', '', ( #1149 ) ) ;
#484 = PLANE ( 'NONE',  #221 ) ;
#485 = VERTEX_POINT ( 'NONE', #691 ) ;
#486 = CARTESIAN_POINT ( 'NONE',  ( 28.50000000000000000, -0.6712315177207960337, 3.600000000000000089 ) ) ;
#487 = EDGE_CURVE ( 'NONE', #1382, #1161, #276, .T. ) ;
#488 = CONICAL_SURFACE ( 'NONE', #109, 2.100000000000000089, 0.7853981633974461696 ) ;
#489 = ORIENTED_EDGE ( 'NONE', *, *, #497, .T. ) ;
#490 = DIRECTION ( 'NONE',  ( -1.000000000000000000, 1.309225264888160013E-17, 0.000000000000000000 ) ) ;
#491 = VECTOR ( 'NONE', #543, 1000.000000000000000 ) ;
#492 = DIRECTION ( 'NONE',  ( 0.000000000000000000, 1.000000000000000000, 0.000000000000000000 ) ) ;
#493 = FACE_BOUND ( 'NONE', #933, .T. ) ;
#494 = ORIENTED_EDGE ( 'NONE', *, *, #1246, .T. ) ;
#495 = ORIENTED_EDGE ( 'NONE', *, *, #1625, .T. ) ;
#496 = ORIENTED_EDGE ( 'NONE', *, *, #1535, .F. ) ;
#497 = EDGE_CURVE ( 'NONE', #1172, #1406, #1557, .T. ) ;
#498 = ORIENTED_EDGE ( 'NONE', *, *, #265, .T. ) ;
#499 = LINE ( 'NONE', #1505, #1334 ) ;
#500 = CARTESIAN_POINT ( 'NONE',  ( 2.899999999999999911, 25.89999999999999858, -5.200000000000001066 ) ) ;
#501 = DIRECTION ( 'NONE',  ( 0.000000000000000000, 0.000000000000000000, 1.000000000000000000 ) ) ;
#502 = ORIENTED_EDGE ( 'NONE', *, *, #992, .F. ) ;
#503 = DIRECTION ( 'NONE',  ( -0.7071067811865480168, 0.000000000000000000, 0.7071067811865470176 ) ) ;
#504 = VERTEX_POINT ( 'NONE', #1078 ) ;
#505 = CARTESIAN_POINT ( 'NONE',  ( 2.899999999999999911, 3.900000000000000799, 3.600000000000000089 ) ) ;
#506 = DIRECTION ( 'NONE',  ( -0.000000000000000000, -0.000000000000000000, 1.000000000000000000 ) ) ;
#507 = EDGE_CURVE ( 'NONE', #1045, #1249, #953, .T. ) ;
#508 = DIRECTION ( 'NONE',  ( 0.000000000000000000, 0.000000000000000000, -1.000000000000000000 ) ) ;
#509 = AXIS2_PLACEMENT_3D ( 'NONE', #585, #1084, #961 ) ;
#510 = EDGE_LOOP ( 'NONE', ( #1105, #402, #243, #469 ) ) ;
#511 = CARTESIAN_POINT ( 'NONE',  ( 29.17071065353169956, -1.100000000000000089, 1.629289283883370132 ) ) ;
#512 = AXIS2_PLACEMENT_3D ( 'NONE', #1022, #1514, #887 ) ;
#513 = DIRECTION ( 'NONE',  ( 1.000000000000000000, 0.000000000000000000, 0.000000000000000000 ) ) ;
#514 = CARTESIAN_POINT ( 'NONE',  ( -1.467766952966370164, 29.26776695296636888, 3.600000000000000089 ) ) ;
#515 = DIRECTION ( 'NONE',  ( 0.000000000000000000, 0.000000000000000000, -1.000000000000000000 ) ) ;
#516 = CIRCLE ( 'NONE', #250, 1.225000000000000311 ) ;
#517 = EDGE_CURVE ( 'NONE', #1623, #570, #1412, .T. ) ;
#518 = DIRECTION ( 'NONE',  ( -0.000000000000000000, -0.000000000000000000, 1.000000000000000000 ) ) ;
#519 = DIRECTION ( 'NONE',  ( 0.000000000000000000, -1.000000000000000000, 0.000000000000000000 ) ) ;
#520 = DIRECTION ( 'NONE',  ( 0.000000000000000000, 1.000000000000000000, 0.000000000000000000 ) ) ;
#521 = CARTESIAN_POINT ( 'NONE',  ( 0.2999999999999999889, 1.399999999999999911, 4.799999999999999822 ) ) ;
#522 = ORIENTED_EDGE ( 'NONE', *, *, #698, .F. ) ;
#523 = FACE_OUTER_BOUND ( 'NONE', #1196, .T. ) ;
#524 = DIRECTION ( 'NONE',  ( 0.000000000000000000, -1.000000000000000000, 5.916886274649559212E-17 ) ) ;
#525 = EDGE_CURVE ( 'NONE', #1318, #1007, #701, .T. ) ;
#526 = ORIENTED_EDGE ( 'NONE', *, *, #280, .F. ) ;
#527 = SHAPE_DEFINITION_REPRESENTATION ( #149, #1616 ) ;
#528 = CARTESIAN_POINT ( 'NONE',  ( 29.60000000000000142, 30.00000000000000000, 0.000000000000000000 ) ) ;
#529 = CARTESIAN_POINT ( 'NONE',  ( -2.200000000000000178, 27.50000000000000000, 4.000000000000000000 ) ) ;
#530 = EDGE_LOOP ( 'NONE', ( #560, #74 ) ) ;
#531 = CARTESIAN_POINT ( 'NONE',  ( 0.2999999999999999889, 27.50000000000000000, 3.600000000000000089 ) ) ;
#532 = DIRECTION ( 'NONE',  ( -0.7071067811865476838, 0.7071067811865474617, 0.000000000000000000 ) ) ;
#533 = VECTOR ( 'NONE', #924, 1000.000000000000000 ) ;
#534 = ADVANCED_FACE ( 'NONE', ( #803 ), #1564, .T. ) ;
#535 = ORIENTED_EDGE ( 'NONE', *, *, #1612, .T. ) ;
#536 = EDGE_CURVE ( 'NONE', #375, #111, #413, .T. ) ;
#537 = AXIS2_PLACEMENT_3D ( 'NONE', #1628, #619, #765 ) ;
#538 = ORIENTED_EDGE ( 'NONE', *, *, #1418, .T. ) ;
#539 = AXIS2_PLACEMENT_3D ( 'NONE', #224, #1590, #233 ) ;
#540 = CARTESIAN_POINT ( 'NONE',  ( 0.9000000000000000222, 23.90000000000000213, 4.799999999999999822 ) ) ;
#541 = AXIS2_PLACEMENT_3D ( 'NONE', #916, #1040, #554 ) ;
#542 = DIRECTION ( 'NONE',  ( -0.000000000000000000, -0.000000000000000000, 1.000000000000000000 ) ) ;
#543 = DIRECTION ( 'NONE',  ( 1.000000000000000000, 0.000000000000000000, 0.000000000000000000 ) ) ;
#544 = ORIENTED_EDGE ( 'NONE', *, *, #1226, .F. ) ;
#545 = EDGE_CURVE ( 'NONE', #860, #1060, #426, .T. ) ;
#546 = VERTEX_POINT ( 'NONE', #603 ) ;
#547 = FACE_OUTER_BOUND ( 'NONE', #446, .T. ) ;
#548 = DIRECTION ( 'NONE',  ( 0.000000000000000000, 0.000000000000000000, 1.000000000000000000 ) ) ;
#549 = AXIS2_PLACEMENT_3D ( 'NONE', #986, #1367, #583 ) ;
#550 = CARTESIAN_POINT ( 'NONE',  ( 28.58492424049174829, -0.08492424049175076317, 4.400000000000000355 ) ) ;
#551 = EDGE_LOOP ( 'NONE', ( #680, #348, #1396, #783, #97, #136 ) ) ;
#552 = DIRECTION ( 'NONE',  ( -1.000000000000000000, 0.000000000000000000, 0.000000000000000000 ) ) ;
#553 = EDGE_CURVE ( 'NONE', #1291, #174, #1065, .T. ) ;
#554 = DIRECTION ( 'NONE',  ( 0.7071067811865466846, -0.7071067811865483499, 0.000000000000000000 ) ) ;
#555 = ORIENTED_EDGE ( 'NONE', *, *, #611, .F. ) ;
#556 = DIRECTION ( 'NONE',  ( 0.000000000000000000, 0.000000000000000000, -1.000000000000000000 ) ) ;
#557 = CARTESIAN_POINT ( 'NONE',  ( 0.2999999999999999889, 27.50000000000000000, 4.000000000000000000 ) ) ;
#558 = CARTESIAN_POINT ( 'NONE',  ( 0.2999999999999999889, 1.399999999999999911, 4.400000000000000355 ) ) ;
#559 = AXIS2_PLACEMENT_3D ( 'NONE', #417, #290, #1169 ) ;
#560 = ORIENTED_EDGE ( 'NONE', *, *, #553, .T. ) ;
#561 = AXIS2_PLACEMENT_3D ( 'NONE', #194, #96, #1225 ) ;
#562 = CIRCLE ( 'NONE', #670, 1.699999999999999734 ) ;
#563 = ORIENTED_EDGE ( 'NONE', *, *, #101, .T. ) ;
#564 = DIRECTION ( 'NONE',  ( 0.000000000000000000, 1.000000000000000000, 5.916886274649559212E-17 ) ) ;
#565 = CIRCLE ( 'NONE', #1037, 1.699999999999999734 ) ;
#566 = CARTESIAN_POINT ( 'NONE',  ( -1.841421331650389792, 2.799999999999999822, 1.699999962002040066 ) ) ;
#567 = ADVANCED_FACE ( 'NONE', ( #1191 ), #21, .T. ) ;
#568 = AXIS2_PLACEMENT_3D ( 'NONE', #1069, #445, #1187 ) ;
#569 = CARTESIAN_POINT ( 'NONE',  ( 29.24142133165040036, -1.100000000000000089, 1.699999962002020082 ) ) ;
#570 = VERTEX_POINT ( 'NONE', #1560 ) ;
#571 = CARTESIAN_POINT ( 'NONE',  ( -1.100000000000000089, -0.6712315177207970329, 3.600000000000000089 ) ) ;
#572 = CARTESIAN_POINT ( 'NONE',  ( -1.695710653531740109, 24.80000000000000071, 1.845710640120689972 ) ) ;
#573 = ORIENTED_EDGE ( 'NONE', *, *, #91, .T. ) ;
#574 = LINE ( 'NONE', #724, #1586 ) ;
#575 = CARTESIAN_POINT ( 'NONE',  ( -1.399999975413080078, 2.799999999999999822, 1.699999962002040066 ) ) ;
#576 = DIRECTION ( 'NONE',  ( 0.000000000000000000, -1.000000000000000000, 0.000000000000000000 ) ) ;
#577 = EDGE_CURVE ( 'NONE', #38, #1469, #696, .T. ) ;
#578 = ORIENTED_EDGE ( 'NONE', *, *, #1595, .F. ) ;
#579 = ORIENTED_EDGE ( 'NONE', *, *, #1035, .F. ) ;
#580 = VECTOR ( 'NONE', #1339, 1000.000000000000000 ) ;
#581 = DIRECTION ( 'NONE',  ( 0.000000000000000000, 0.000000000000000000, 1.000000000000000000 ) ) ;
#582 = CARTESIAN_POINT ( 'NONE',  ( -2.200000000000000178, 1.399999999999999911, 4.000000000000000000 ) ) ;
#583 = DIRECTION ( 'NONE',  ( 1.000000000000000000, 0.000000000000000000, 0.000000000000000000 ) ) ;
#584 = ORIENTED_EDGE ( 'NONE', *, *, #740, .T. ) ;
#585 = CARTESIAN_POINT ( 'NONE',  ( 29.60000000000000142, 30.00000000000000000, 3.600000000000000089 ) ) ;
#586 = ORIENTED_EDGE ( 'NONE', *, *, #1004, .T. ) ;
#587 = ORIENTED_EDGE ( 'NONE', *, *, #1021, .T. ) ;
#588 = VECTOR ( 'NONE', #17, 1000.000000000000000 ) ;
#589 = CARTESIAN_POINT ( 'NONE',  ( 27.09999999999999787, 1.399999999999999911, 3.600000000000000089 ) ) ;
#590 = ADVANCED_FACE ( 'NONE', ( #1569 ), #442, .F. ) ;
#591 = CARTESIAN_POINT ( 'NONE',  ( 2.899999999999999911, 25.89999999999999858, 3.600000000000000089 ) ) ;
#592 = ORIENTED_EDGE ( 'NONE', *, *, #397, .F. ) ;
#593 = DIRECTION ( 'NONE',  ( 0.000000000000000000, 0.7071067811865480168, -0.7071067811865470176 ) ) ;
#594 = LINE ( 'NONE', #829, #580 ) ;
#595 =( GEOMETRIC_REPRESENTATION_CONTEXT ( 3 ) GLOBAL_UNCERTAINTY_ASSIGNED_CONTEXT ( ( #857 ) ) GLOBAL_UNIT_ASSIGNED_CONTEXT ( ( #415, #1158, #1422 ) ) REPRESENTATION_CONTEXT ( 'NONE', 'WORKASPACE' ) );
#596 = ORIENTED_EDGE ( 'NONE', *, *, #681, .T. ) ;
#597 = AXIS2_PLACEMENT_3D ( 'NONE', #1264, #1629, #513 ) ;
#598 = ORIENTED_EDGE ( 'NONE', *, *, #355, .T. ) ;
#599 = DIRECTION ( 'NONE',  ( 0.000000000000000000, 1.000000000000000000, 0.000000000000000000 ) ) ;
#600 = CARTESIAN_POINT ( 'NONE',  ( 13.70000000000000107, 14.44999999999999929, 3.600000000000000089 ) ) ;
#601 = EDGE_CURVE ( 'NONE', #819, #1014, #1417, .T. ) ;
#602 = CARTESIAN_POINT ( 'NONE',  ( 28.80000000000000071, 27.50000000000000000, 4.799999999999999822 ) ) ;
#603 = CARTESIAN_POINT ( 'NONE',  ( 25.72500000000000142, 3.900000000000014566, 3.600000000000000089 ) ) ;
#604 = FACE_OUTER_BOUND ( 'NONE', #169, .T. ) ;
#605 = ORIENTED_EDGE ( 'NONE', *, *, #1535, .T. ) ;
#606 = LINE ( 'NONE', #1107, #1379 ) ;
#607 = CARTESIAN_POINT ( 'NONE',  ( -2.200000000000000178, 6.675000000000000711, 4.000000000000000000 ) ) ;
#608 = AXIS2_PLACEMENT_3D ( 'NONE', #557, #548, #532 ) ;
#609 = LINE ( 'NONE', #1109, #737 ) ;
#610 = CYLINDRICAL_SURFACE ( 'NONE', #1588, 1.225000000000003864 ) ;
#611 = EDGE_CURVE ( 'NONE', #1249, #54, #1227, .T. ) ;
#612 = EDGE_CURVE ( 'NONE', #105, #103, #1489, .T. ) ;
#613 = CARTESIAN_POINT ( 'NONE',  ( 29.19999999999999929, 22.22500000000000142, 4.400000000000000355 ) ) ;
#614 = ORIENTED_EDGE ( 'NONE', *, *, #1473, .F. ) ;
#615 = DIRECTION ( 'NONE',  ( 1.000000000000000000, 0.000000000000000000, 0.000000000000000000 ) ) ;
#616 = DIRECTION ( 'NONE',  ( 0.000000000000000000, 0.000000000000000000, -1.000000000000000000 ) ) ;
#617 = VERTEX_POINT ( 'NONE', #1335 ) ;
#618 = ORIENTED_EDGE ( 'NONE', *, *, #992, .T. ) ;
#619 = DIRECTION ( 'NONE',  ( 0.000000000000000000, 0.000000000000000000, -1.000000000000000000 ) ) ;
#620 = CARTESIAN_POINT ( 'NONE',  ( 0.2999999999999999889, 27.50000000000000000, 4.400000000000000355 ) ) ;
#621 = VECTOR ( 'NONE', #1465, 1000.000000000000000 ) ;
#622 = FACE_BOUND ( 'NONE', #643, .T. ) ;
#623 = ADVANCED_FACE ( 'NONE', ( #1234, #1594, #1360, #229, #1344, #958 ), #1464, .F. ) ;
#624 = VERTEX_POINT ( 'NONE', #1609 ) ;
#625 = VECTOR ( 'NONE', #367, 1000.000000000000000 ) ;
#626 = ORIENTED_EDGE ( 'NONE', *, *, #525, .F. ) ;
#627 = DIRECTION ( 'NONE',  ( 0.000000000000000000, 0.000000000000000000, 1.000000000000000000 ) ) ;
#628 = VECTOR ( 'NONE', #965, 1000.000000000000000 ) ;
#629 = EDGE_LOOP ( 'NONE', ( #526, #1484, #1380, #298 ) ) ;
#630 = DIRECTION ( 'NONE',  ( 0.000000000000000000, -1.000000000000000000, 0.000000000000000000 ) ) ;
#631 = VECTOR ( 'NONE', #13, 1000.000000000000000 ) ;
#632 = CARTESIAN_POINT ( 'NONE',  ( -1.100000000000000089, 28.89999999999999858, 3.600000000000000089 ) ) ;
#633 = CARTESIAN_POINT ( 'NONE',  ( -1.100000000000000089, 28.89999999999999858, 3.600000000000000089 ) ) ;
#634 = CYLINDRICAL_SURFACE ( 'NONE', #212, 2.500000000000000888 ) ;
#635 = ORIENTED_EDGE ( 'NONE', *, *, #1365, .F. ) ;
#636 = EDGE_CURVE ( 'NONE', #570, #419, #1448, .T. ) ;
#637 = DIRECTION ( 'NONE',  ( 0.000000000000000000, 0.000000000000000000, 1.000000000000000000 ) ) ;
#638 = CYLINDRICAL_SURFACE ( 'NONE', #1229, 1.225000000000000311 ) ;
#639 = DIRECTION ( 'NONE',  ( -0.7071067811865480168, -0.7071067811865470176, 0.000000000000000000 ) ) ;
#640 = CARTESIAN_POINT ( 'NONE',  ( 27.09999999999999787, 27.50000000000000000, 3.600000000000000089 ) ) ;
#641 = ORIENTED_EDGE ( 'NONE', *, *, #1047, .T. ) ;
#642 = LINE ( 'NONE', #1140, #1492 ) ;
#643 = EDGE_LOOP ( 'NONE', ( #1502, #849 ) ) ;
#644 = FACE_OUTER_BOUND ( 'NONE', #382, .T. ) ;
#645 = DIRECTION ( 'NONE',  ( 1.000000000000000000, 0.000000000000000000, 0.000000000000000000 ) ) ;
#646 = EDGE_CURVE ( 'NONE', #159, #750, #976, .T. ) ;
#647 = CARTESIAN_POINT ( 'NONE',  ( 28.50000000000000000, 24.80000000000000071, 2.441421293652420221 ) ) ;
#648 = VECTOR ( 'NONE', #1575, 1000.000000000000000 ) ;
#649 = EDGE_LOOP ( 'NONE', ( #398, #1434, #330, #641 ) ) ;
#650 = CARTESIAN_POINT ( 'NONE',  ( 1.674999999999998934, 25.89999999999999858, 3.600000000000000089 ) ) ;
#651 = CONICAL_SURFACE ( 'NONE', #274, 2.100000000000000533, 0.7853981633974469467 ) ;
#652 = DIRECTION ( 'NONE',  ( -0.7071067811865470176, 0.000000000000000000, 0.7071067811865480168 ) ) ;
#653 = VECTOR ( 'NONE', #823, 1000.000000000000000 ) ;
#654 = EDGE_CURVE ( 'NONE', #1172, #159, #609, .T. ) ;
#655 = ORIENTED_EDGE ( 'NONE', *, *, #1235, .T. ) ;
#656 = DIRECTION ( 'NONE',  ( 0.7071067811865480168, 0.000000000000000000, -0.7071067811865470176 ) ) ;
#657 = CARTESIAN_POINT ( 'NONE',  ( 0.2999999999999999889, -1.100000000000000089, 4.000000000000000000 ) ) ;
#658 = ORIENTED_EDGE ( 'NONE', *, *, #406, .F. ) ;
#659 = CARTESIAN_POINT ( 'NONE',  ( 27.09999999999999787, 27.50000000000000000, 4.400000000000000355 ) ) ;
#660 = ORIENTED_EDGE ( 'NONE', *, *, #915, .F. ) ;
#661 = ADVANCED_FACE ( 'NONE', ( #863 ), #333, .F. ) ;
#662 = DIRECTION ( 'NONE',  ( 0.7071067811865466846, -0.7071067811865483499, 0.000000000000000000 ) ) ;
#663 = AXIS2_PLACEMENT_3D ( 'NONE', #777, #542, #145 ) ;
#664 = LINE ( 'NONE', #162, #896 ) ;
#665 = ADVANCED_FACE ( 'NONE', ( #211 ), #706, .T. ) ;
#666 = ORIENTED_EDGE ( 'NONE', *, *, #238, .F. ) ;
#667 = VERTEX_POINT ( 'NONE', #349 ) ;
#668 = CARTESIAN_POINT ( 'NONE',  ( -1.841421331650400006, 24.80000000000000071, 1.699999962002040066 ) ) ;
#669 = VECTOR ( 'NONE', #564, 1000.000000000000000 ) ;
#670 = AXIS2_PLACEMENT_3D ( 'NONE', #1423, #1292, #1054 ) ;
#671 = EDGE_CURVE ( 'NONE', #617, #842, #1323, .T. ) ;
#672 = EDGE_LOOP ( 'NONE', ( #1154, #1113, #498, #263 ) ) ;
#673 = CIRCLE ( 'NONE', #1170, 2.499999999999999112 ) ;
#674 = DIRECTION ( 'NONE',  ( 1.000000000000000000, 0.000000000000000000, 0.000000000000000000 ) ) ;
#675 = ORIENTED_EDGE ( 'NONE', *, *, #862, .T. ) ;
#676 = VECTOR ( 'NONE', #894, 1000.000000000000000 ) ;
#677 = CARTESIAN_POINT ( 'NONE',  ( 25.69999999999999929, 18.77499999999999858, 4.000000000000000000 ) ) ;
#678 = PLANE ( 'NONE',  #1077 ) ;
#679 = LINE ( 'NONE', #569, #830 ) ;
#680 = ORIENTED_EDGE ( 'NONE', *, *, #343, .F. ) ;
#681 = EDGE_CURVE ( 'NONE', #546, #504, #1024, .T. ) ;
#682 = ORIENTED_EDGE ( 'NONE', *, *, #438, .T. ) ;
#683 = ORIENTED_EDGE ( 'NONE', *, *, #184, .F. ) ;
#684 = FACE_OUTER_BOUND ( 'NONE', #451, .T. ) ;
#685 = CARTESIAN_POINT ( 'NONE',  ( 5.750000000000000000, 29.19999999999999929, 4.799999999999999822 ) ) ;
#686 = CIRCLE ( 'NONE', #608, 2.500000000000001332 ) ;
#687 = ORIENTED_EDGE ( 'NONE', *, *, #12, .F. ) ;
#688 = VERTEX_POINT ( 'NONE', #730 ) ;
#689 = EDGE_CURVE ( 'NONE', #1060, #900, #969, .T. ) ;
#690 = LINE ( 'NONE', #10, #588 ) ;
#691 = CARTESIAN_POINT ( 'NONE',  ( 29.24142133165040036, 24.80000000000000071, 1.699999962002020082 ) ) ;
#692 = DIRECTION ( 'NONE',  ( 0.000000000000000000, 0.000000000000000000, 1.000000000000000000 ) ) ;
#693 = VECTOR ( 'NONE', #1449, 1000.000000000000000 ) ;
#694 = ORIENTED_EDGE ( 'NONE', *, *, #230, .T. ) ;
#695 = EDGE_LOOP ( 'NONE', ( #741, #1442, #584, #1333 ) ) ;
#696 = LINE ( 'NONE', #431, #1568 ) ;
#697 = FACE_OUTER_BOUND ( 'NONE', #865, .T. ) ;
#698 = EDGE_CURVE ( 'NONE', #225, #337, #63, .T. ) ;
#699 = AXIS2_PLACEMENT_3D ( 'NONE', #1605, #1112, #1087 ) ;
#700 = DIRECTION ( 'NONE',  ( -0.5000000000000006661, -0.5000000000000000000, -0.7071067811865470176 ) ) ;
#701 = CIRCLE ( 'NONE', #1622, 2.500000000000001332 ) ;
#702 = DIRECTION ( 'NONE',  ( 1.000000000000000000, 0.000000000000000000, 0.000000000000000000 ) ) ;
#703 = ORIENTED_EDGE ( 'NONE', *, *, #314, .T. ) ;
#704 = ORIENTED_EDGE ( 'NONE', *, *, #1330, .T. ) ;
#705 = DIRECTION ( 'NONE',  ( 0.000000000000000000, -1.000000000000000000, 0.000000000000000000 ) ) ;
#706 = PLANE ( 'NONE',  #1104 ) ;
#707 = ORIENTED_EDGE ( 'NONE', *, *, #1246, .F. ) ;
#708 = DIRECTION ( 'NONE',  ( -0.7071067811865476838, 0.7071067811865474617, 0.000000000000000000 ) ) ;
#709 = DIRECTION ( 'NONE',  ( -0.000000000000000000, 0.7071067811865470176, 0.7071067811865480168 ) ) ;
#710 = FACE_OUTER_BOUND ( 'NONE', #921, .T. ) ;
#711 = EDGE_CURVE ( 'NONE', #999, #1487, #448, .T. ) ;
#712 = EDGE_LOOP ( 'NONE', ( #358, #1231, #31, #885 ) ) ;
#713 = ORIENTED_EDGE ( 'NONE', *, *, #1111, .T. ) ;
#714 = CARTESIAN_POINT ( 'NONE',  ( 29.09571065353170027, 24.80000000000000071, 1.554289283883370176 ) ) ;
#715 = ORIENTED_EDGE ( 'NONE', *, *, #1359, .T. ) ;
#716 = DIRECTION ( 'NONE',  ( -5.916886274649569072E-17, 1.000000000000000000, 0.000000000000000000 ) ) ;
#717 = CARTESIAN_POINT ( 'NONE',  ( -1.100000000000000089, 24.80000000000000071, 0.9585786303516451445 ) ) ;
#718 = DIRECTION ( 'NONE',  ( 0.000000000000000000, 0.000000000000000000, -1.000000000000000000 ) ) ;
#719 = ORIENTED_EDGE ( 'NONE', *, *, #1204, .T. ) ;
#720 = EDGE_CURVE ( 'NONE', #1161, #373, #11, .T. ) ;
#721 = CONICAL_SURFACE ( 'NONE', #954, 2.100000000000000533, 0.7853981633974469467 ) ;
#722 = CARTESIAN_POINT ( 'NONE',  ( 26.50000000000000000, 18.77499999999999858, 4.799999999999999822 ) ) ;
#723 = CIRCLE ( 'NONE', #854, 1.225000000000003864 ) ;
#724 = CARTESIAN_POINT ( 'NONE',  ( 1.674999999999998934, 3.900000000000000799, -5.200000000000001066 ) ) ;
#725 = DIRECTION ( 'NONE',  ( -0.7071067811865476838, 0.7071067811865474617, 0.000000000000000000 ) ) ;
#726 = CIRCLE ( 'NONE', #1063, 2.500000000000000888 ) ;
#727 = ORIENTED_EDGE ( 'NONE', *, *, #1144, .T. ) ;
#728 = ADVANCED_FACE ( 'NONE', ( #418 ), #1315, .F. ) ;
#729 = ORIENTED_EDGE ( 'NONE', *, *, #1582, .F. ) ;
#730 = CARTESIAN_POINT ( 'NONE',  ( 28.30208152801713339, 0.1979184719828671335, 4.799999999999999822 ) ) ;
#731 = EDGE_CURVE ( 'NONE', #860, #754, #664, .T. ) ;
#732 = CARTESIAN_POINT ( 'NONE',  ( 27.09999999999999787, 27.50000000000000000, 4.000000000000000000 ) ) ;
#733 = LINE ( 'NONE', #966, #1311 ) ;
#734 = VERTEX_POINT ( 'NONE', #1436 ) ;
#735 = DIRECTION ( 'NONE',  ( 0.000000000000000000, -1.000000000000000000, 0.000000000000000000 ) ) ;
#736 = CARTESIAN_POINT ( 'NONE',  ( -2.200000000000000178, 1.399999999999999911, 3.600000000000000089 ) ) ;
#737 = VECTOR ( 'NONE', #738, 1000.000000000000000 ) ;
#738 = DIRECTION ( 'NONE',  ( 1.000000000000000000, 0.000000000000000000, 0.000000000000000000 ) ) ;
#739 = CYLINDRICAL_SURFACE ( 'NONE', #1642, 2.500000000000000000 ) ;
#740 = EDGE_CURVE ( 'NONE', #407, #1565, #1578, .T. ) ;
#741 = ORIENTED_EDGE ( 'NONE', *, *, #1126, .F. ) ;
#742 = ORIENTED_EDGE ( 'NONE', *, *, #1204, .F. ) ;
#743 = LINE ( 'NONE', #1106, #81 ) ;
#744 = EDGE_LOOP ( 'NONE', ( #675, #715 ) ) ;
#745 = CYLINDRICAL_SURFACE ( 'NONE', #1011, 1.225000000000000311 ) ;
#746 = LINE ( 'NONE', #1009, #934 ) ;
#747 = AXIS2_PLACEMENT_3D ( 'NONE', #412, #913, #1420 ) ;
#748 = CARTESIAN_POINT ( 'NONE',  ( 27.09999999999999787, 30.00000000000000000, 0.000000000000000000 ) ) ;
#749 = EDGE_CURVE ( 'NONE', #225, #1623, #152, .T. ) ;
#750 = VERTEX_POINT ( 'NONE', #1043 ) ;
#751 = CIRCLE ( 'NONE', #24, 1.225000000000003864 ) ;
#752 = ORIENTED_EDGE ( 'NONE', *, *, #1183, .T. ) ;
#753 = CARTESIAN_POINT ( 'NONE',  ( 29.60000000000000142, 27.50000000000000000, 0.000000000000000000 ) ) ;
#754 = VERTEX_POINT ( 'NONE', #1550 ) ;
#755 = ORIENTED_EDGE ( 'NONE', *, *, #1126, .T. ) ;
#756 = CARTESIAN_POINT ( 'NONE',  ( 28.80000000000000071, 1.399999999999999911, 4.799999999999999822 ) ) ;
#757 = VECTOR ( 'NONE', #788, 1000.000000000000000 ) ;
#758 = CARTESIAN_POINT ( 'NONE',  ( 25.72500000000000142, 25.90000000000000213, 4.799999999999999822 ) ) ;
#759 = CARTESIAN_POINT ( 'NONE',  ( 27.09999999999999787, 30.00000000000000000, 4.000000000000000000 ) ) ;
#760 = CARTESIAN_POINT ( 'NONE',  ( -1.399999999999999911, 27.50000000000000000, 4.799999999999999822 ) ) ;
#761 = ORIENTED_EDGE ( 'NONE', *, *, #1163, .T. ) ;
#762 = CARTESIAN_POINT ( 'NONE',  ( 4.125000000000000000, 3.900000000000000799, 4.799999999999999822 ) ) ;
#763 = EDGE_CURVE ( 'NONE', #337, #1164, #686, .T. ) ;
#764 = ORIENTED_EDGE ( 'NONE', *, *, #681, .F. ) ;
#765 = DIRECTION ( 'NONE',  ( -0.7071067811865477948, 0.7071067811865472397, 0.000000000000000000 ) ) ;
#766 = CARTESIAN_POINT ( 'NONE',  ( -1.100000000000000089, 28.89999999999999858, 0.000000000000000000 ) ) ;
#767 = PLANE ( 'NONE',  #886 ) ;
#768 = FACE_OUTER_BOUND ( 'NONE', #1635, .T. ) ;
#769 = AXIS2_PLACEMENT_3D ( 'NONE', #40, #785, #396 ) ;
#770 = ORIENTED_EDGE ( 'NONE', *, *, #1388, .T. ) ;
#771 = EDGE_CURVE ( 'NONE', #900, #860, #1034, .T. ) ;
#772 = LINE ( 'NONE', #98, #625 ) ;
#773 = FACE_OUTER_BOUND ( 'NONE', #1513, .T. ) ;
#774 = DIRECTION ( 'NONE',  ( -1.000000000000000000, 1.309225264888156007E-17, 0.000000000000000000 ) ) ;
#775 = VECTOR ( 'NONE', #826, 1000.000000000000000 ) ;
#776 = VECTOR ( 'NONE', #1302, 1000.000000000000000 ) ;
#777 = CARTESIAN_POINT ( 'NONE',  ( 24.50000000000000000, 3.900000000000014566, -5.200000000000001066 ) ) ;
#778 = ORIENTED_EDGE ( 'NONE', *, *, #37, .T. ) ;
#779 = VECTOR ( 'NONE', #1536, 1000.000000000000000 ) ;
#780 = EDGE_CURVE ( 'NONE', #1291, #375, #138, .T. ) ;
#781 = VECTOR ( 'NONE', #47, 1000.000000000000000 ) ;
#782 = EDGE_CURVE ( 'NONE', #1391, #305, #146, .T. ) ;
#783 = ORIENTED_EDGE ( 'NONE', *, *, #1466, .T. ) ;
#784 = CARTESIAN_POINT ( 'NONE',  ( 1.699999999999999956, 23.09999999999999787, 3.600000000000000089 ) ) ;
#785 = DIRECTION ( 'NONE',  ( 0.000000000000000000, -0.7071067811865470176, 0.7071067811865480168 ) ) ;
#786 = ORIENTED_EDGE ( 'NONE', *, *, #1183, .F. ) ;
#787 = APPLICATION_PROTOCOL_DEFINITION ( 'draft international standard', 'automotive_design', 1998, #1631 ) ;
#788 = DIRECTION ( 'NONE',  ( -0.000000000000000000, -0.000000000000000000, 1.000000000000000000 ) ) ;
#789 = EDGE_LOOP ( 'NONE', ( #592, #719, #48, #1214 ) ) ;
#790 = LINE ( 'NONE', #1425, #981 ) ;
#791 = ADVANCED_FACE ( 'NONE', ( #291 ), #267, .F. ) ;
#792 = STYLED_ITEM ( 'NONE', ( #1095 ), #879 ) ;
#793 = DIRECTION ( 'NONE',  ( 1.000000000000000000, 0.000000000000000000, 0.000000000000000000 ) ) ;
#794 = ORIENTED_EDGE ( 'NONE', *, *, #1174, .F. ) ;
#795 = ORIENTED_EDGE ( 'NONE', *, *, #731, .T. ) ;
#796 = LINE ( 'NONE', #1287, #776 ) ;
#797 = EDGE_LOOP ( 'NONE', ( #1133, #489, #1248, #1108 ) ) ;
#798 = DIRECTION ( 'NONE',  ( 1.000000000000000000, 0.000000000000000000, 0.000000000000000000 ) ) ;
#799 = CIRCLE ( 'NONE', #1250, 1.225000000000000311 ) ;
#800 = CARTESIAN_POINT ( 'NONE',  ( 24.49999999999999645, 25.90000000000000213, -5.200000000000001066 ) ) ;
#801 = ADVANCED_FACE ( 'NONE', ( #1525 ), #678, .F. ) ;
#802 = VECTOR ( 'NONE', #864, 1000.000000000000114 ) ;
#803 = FACE_OUTER_BOUND ( 'NONE', #1128, .T. ) ;
#804 = EDGE_LOOP ( 'NONE', ( #955, #14, #1542, #175 ) ) ;
#805 = ORIENTED_EDGE ( 'NONE', *, *, #947, .F. ) ;
#806 = VERTEX_POINT ( 'NONE', #1051 ) ;
#807 = AXIS2_PLACEMENT_3D ( 'NONE', #2, #257, #117 ) ;
#808 = LINE ( 'NONE', #540, #1458 ) ;
#809 = DIRECTION ( 'NONE',  ( -0.7071067811865470176, -4.183870408314316321E-17, 0.7071067811865480168 ) ) ;
#810 = CARTESIAN_POINT ( 'NONE',  ( 0.9000000000000000222, 9.299999999999998934, 4.799999999999999822 ) ) ;
#811 = ORIENTED_EDGE ( 'NONE', *, *, #261, .F. ) ;
#812 = ORIENTED_EDGE ( 'NONE', *, *, #1572, .F. ) ;
#813 = EDGE_CURVE ( 'NONE', #1349, #485, #1556, .T. ) ;
#814 = ORIENTED_EDGE ( 'NONE', *, *, #311, .F. ) ;
#815 = CARTESIAN_POINT ( 'NONE',  ( 21.64999999999999858, -1.100000000000000089, 4.000000000000000000 ) ) ;
#816 = SURFACE_STYLE_USAGE ( .BOTH. , #1450 ) ;
#817 = CARTESIAN_POINT ( 'NONE',  ( 28.50000000000000000, 28.89999999999999858, 0.000000000000000000 ) ) ;
#818 = LINE ( 'NONE', #528, #628 ) ;
#819 = VERTEX_POINT ( 'NONE', #926 ) ;
#820 = ADVANCED_FACE ( 'NONE', ( #1186 ), #907, .T. ) ;
#821 = ORIENTED_EDGE ( 'NONE', *, *, #251, .F. ) ;
#822 = FACE_OUTER_BOUND ( 'NONE', #1461, .T. ) ;
#823 = DIRECTION ( 'NONE',  ( 0.000000000000000000, -0.7071067811865470176, -0.7071067811865480168 ) ) ;
#824 = ORIENTED_EDGE ( 'NONE', *, *, #447, .T. ) ;
#825 = ADVANCED_FACE ( 'NONE', ( #897 ), #1403, .T. ) ;
#826 = DIRECTION ( 'NONE',  ( 0.7071067811865480168, 0.000000000000000000, -0.7071067811865470176 ) ) ;
#827 = EDGE_CURVE ( 'NONE', #1088, #734, #594, .T. ) ;
#828 = VECTOR ( 'NONE', #387, 1000.000000000000000 ) ;
#829 = CARTESIAN_POINT ( 'NONE',  ( 29.60000000000000142, 1.399999999999999911, 3.600000000000000089 ) ) ;
#830 = VECTOR ( 'NONE', #1316, 1000.000000000000000 ) ;
#831 = DIRECTION ( 'NONE',  ( 0.000000000000000000, 0.000000000000000000, -1.000000000000000000 ) ) ;
#832 = CARTESIAN_POINT ( 'NONE',  ( 0.2999999999999999889, 27.50000000000000000, 0.000000000000000000 ) ) ;
#833 = ORIENTED_EDGE ( 'NONE', *, *, #902, .F. ) ;
#834 = CARTESIAN_POINT ( 'NONE',  ( 1.699999999999999956, 12.27499999999999858, 4.000000000000000000 ) ) ;
#835 = DIRECTION ( 'NONE',  ( -0.000000000000000000, -0.000000000000000000, 1.000000000000000000 ) ) ;
#836 = ORIENTED_EDGE ( 'NONE', *, *, #487, .F. ) ;
#837 = DIRECTION ( 'NONE',  ( 0.7071067811865466846, -0.7071067811865483499, 0.000000000000000000 ) ) ;
#838 = FILL_AREA_STYLE_COLOUR ( '', #1293 ) ;
#839 = EDGE_CURVE ( 'NONE', #289, #38, #197, .T. ) ;
#840 = ORIENTED_EDGE ( 'NONE', *, *, #1068, .T. ) ;
#841 = AXIS2_PLACEMENT_3D ( 'NONE', #341, #835, #1479 ) ;
#842 = VERTEX_POINT ( 'NONE', #84 ) ;
#843 = DIRECTION ( 'NONE',  ( 0.000000000000000000, 1.000000000000000000, 0.000000000000000000 ) ) ;
#844 = DIRECTION ( 'NONE',  ( -1.000000000000000000, 0.000000000000000000, 0.000000000000000000 ) ) ;
#845 = ORIENTED_EDGE ( 'NONE', *, *, #1454, .T. ) ;
#846 = CARTESIAN_POINT ( 'NONE',  ( 28.50000000000000000, -0.6712315177207960337, 3.600000000000000089 ) ) ;
#847 = FILL_AREA_STYLE ('',( #838 ) ) ;
#848 = EDGE_CURVE ( 'NONE', #624, #1349, #1203, .T. ) ;
#849 = ORIENTED_EDGE ( 'NONE', *, *, #265, .F. ) ;
#850 = VERTEX_POINT ( 'NONE', #566 ) ;
#851 = AXIS2_PLACEMENT_3D ( 'NONE', #975, #1477, #347 ) ;
#852 = FACE_BOUND ( 'NONE', #649, .T. ) ;
#853 = ORIENTED_EDGE ( 'NONE', *, *, #1226, .T. ) ;
#854 = AXIS2_PLACEMENT_3D ( 'NONE', #1395, #258, #3 ) ;
#855 = LINE ( 'NONE', #342, #775 ) ;
#856 = AXIS2_PLACEMENT_3D ( 'NONE', #208, #876, #1224 ) ;
#857 = UNCERTAINTY_MEASURE_WITH_UNIT (LENGTH_MEASURE( 1.000000000000000082E-05 ), #415, 'distance_accuracy_value', 'NONE');
#858 = DIRECTION ( 'NONE',  ( 0.000000000000000000, -1.000000000000000000, 0.000000000000000000 ) ) ;
#859 = AXIS2_PLACEMENT_3D ( 'NONE', #600, #1600, #202 ) ;
#860 = VERTEX_POINT ( 'NONE', #717 ) ;
#861 = CARTESIAN_POINT ( 'NONE',  ( 2.899999999999999911, 25.89999999999999858, 4.799999999999999822 ) ) ;
#862 = EDGE_CURVE ( 'NONE', #410, #819, #1503, .T. ) ;
#863 = FACE_OUTER_BOUND ( 'NONE', #306, .T. ) ;
#864 = DIRECTION ( 'NONE',  ( -0.5773502691896260641, -0.5773502691896260641, -0.5773502691896250649 ) ) ;
#865 = EDGE_LOOP ( 'NONE', ( #1538, #1408, #694, #1041 ) ) ;
#866 = EDGE_LOOP ( 'NONE', ( #1617, #875, #923, #786 ) ) ;
#867 = LINE ( 'NONE', #218, #163 ) ;
#868 = ORIENTED_EDGE ( 'NONE', *, *, #636, .T. ) ;
#869 = DIRECTION ( 'NONE',  ( 0.000000000000000000, 0.000000000000000000, -1.000000000000000000 ) ) ;
#870 = VECTOR ( 'NONE', #919, 1000.000000000000000 ) ;
#871 = FACE_OUTER_BOUND ( 'NONE', #1327, .T. ) ;
#872 = ADVANCED_FACE ( 'NONE', ( #1459 ), #942, .T. ) ;
#873 = CARTESIAN_POINT ( 'NONE',  ( 27.09999999999999787, 1.399999999999999911, 4.400000000000000355 ) ) ;
#874 = ORIENTED_EDGE ( 'NONE', *, *, #59, .T. ) ;
#875 = ORIENTED_EDGE ( 'NONE', *, *, #731, .F. ) ;
#876 = DIRECTION ( 'NONE',  ( 0.000000000000000000, 0.000000000000000000, 1.000000000000000000 ) ) ;
#877 = VECTOR ( 'NONE', #599, 1000.000000000000000 ) ;
#878 = DIRECTION ( 'NONE',  ( 0.000000000000000000, 0.000000000000000000, 1.000000000000000000 ) ) ;
#879 = MANIFOLD_SOLID_BREP ( 'Body1[1]', #191 ) ;
#880 = FACE_BOUND ( 'NONE', #336, .T. ) ;
#881 = VECTOR ( 'NONE', #237, 1000.000000000000000 ) ;
#882 = FACE_OUTER_BOUND ( 'NONE', #1053, .T. ) ;
#883 = EDGE_CURVE ( 'NONE', #54, #750, #309, .T. ) ;
#884 = PRODUCT_DEFINITION_FORMATION_WITH_SPECIFIED_SOURCE ( 'ANY', '', #1149, .NOT_KNOWN. ) ;
#885 = ORIENTED_EDGE ( 'NONE', *, *, #1347, .F. ) ;
#886 = AXIS2_PLACEMENT_3D ( 'NONE', #1516, #1276, #774 ) ;
#887 = DIRECTION ( 'NONE',  ( 1.000000000000000000, 5.916886274649569072E-17, 0.000000000000000000 ) ) ;
#888 = PLANE ( 'NONE',  #1281 ) ;
#889 = DIRECTION ( 'NONE',  ( 0.7071067811865475727, 0.7071067811865475727, 0.000000000000000000 ) ) ;
#890 = ADVANCED_FACE ( 'NONE', ( #1212 ), #471, .T. ) ;
#891 = VERTEX_POINT ( 'NONE', #1470 ) ;
#892 = DIRECTION ( 'NONE',  ( -0.7071067811865481278, -0.7071067811865470176, 0.000000000000000000 ) ) ;
#893 = LINE ( 'NONE', #99, #389 ) ;
#894 = DIRECTION ( 'NONE',  ( 0.000000000000000000, -1.000000000000000000, 0.000000000000000000 ) ) ;
#895 = FACE_BOUND ( 'NONE', #629, .T. ) ;
#896 = VECTOR ( 'NONE', #524, 1000.000000000000000 ) ;
#897 = FACE_OUTER_BOUND ( 'NONE', #127, .T. ) ;
#898 = EDGE_CURVE ( 'NONE', #485, #624, #1089, .T. ) ;
#899 = LINE ( 'NONE', #1015, #631 ) ;
#900 = VERTEX_POINT ( 'NONE', #1208 ) ;
#901 = CARTESIAN_POINT ( 'NONE',  ( 0.2999999999999999889, 27.50000000000000000, 4.000000000000000000 ) ) ;
#902 = EDGE_CURVE ( 'NONE', #454, #1189, #1608, .T. ) ;
#903 = DIRECTION ( 'NONE',  ( -0.7071067811865510144, 0.000000000000000000, -0.7071067811865441310 ) ) ;
#904 = AXIS2_PLACEMENT_3D ( 'NONE', #1066, #186, #196 ) ;
#905 = ORIENTED_EDGE ( 'NONE', *, *, #9, .F. ) ;
#906 = CARTESIAN_POINT ( 'NONE',  ( 28.79999997541310108, 24.80000000000000071, 1.699999962002030074 ) ) ;
#907 = PLANE ( 'NONE',  #769 ) ;
#908 = ORIENTED_EDGE ( 'NONE', *, *, #1404, .F. ) ;
#909 = VECTOR ( 'NONE', #328, 1000.000000000000000 ) ;
#910 = EDGE_CURVE ( 'NONE', #754, #850, #226, .T. ) ;
#911 = AXIS2_PLACEMENT_3D ( 'NONE', #558, #326, #25 ) ;
#912 = ORIENTED_EDGE ( 'NONE', *, *, #1473, .T. ) ;
#913 = DIRECTION ( 'NONE',  ( 0.000000000000000000, 0.000000000000000000, 1.000000000000000000 ) ) ;
#914 = ORIENTED_EDGE ( 'NONE', *, *, #915, .T. ) ;
#915 = EDGE_CURVE ( 'NONE', #1188, #688, #294, .T. ) ;
#916 = CARTESIAN_POINT ( 'NONE',  ( 27.09999999999999787, 1.399999999999999911, 3.600000000000000089 ) ) ;
#917 = ORIENTED_EDGE ( 'NONE', *, *, #671, .T. ) ;
#918 = DIRECTION ( 'NONE',  ( 1.000000000000000000, -1.309225264888160013E-17, 0.000000000000000000 ) ) ;
#919 = DIRECTION ( 'NONE',  ( -0.000000000000000000, -0.000000000000000000, 1.000000000000000000 ) ) ;
#920 = DIRECTION ( 'NONE',  ( -1.000000000000000000, 0.000000000000000000, 0.000000000000000000 ) ) ;
#921 = EDGE_LOOP ( 'NONE', ( #60, #939, #1151, #605 ) ) ;
#922 = EDGE_LOOP ( 'NONE', ( #940, #1366 ) ) ;
#923 = ORIENTED_EDGE ( 'NONE', *, *, #545, .T. ) ;
#924 = DIRECTION ( 'NONE',  ( 0.000000000000000000, -1.000000000000000000, 0.000000000000000000 ) ) ;
#925 = VECTOR ( 'NONE', #151, 1000.000000000000000 ) ;
#926 = CARTESIAN_POINT ( 'NONE',  ( 23.27499999999999503, 25.90000000000000213, 3.600000000000000089 ) ) ;
#927 = CIRCLE ( 'NONE', #1221, 1.225000000000000311 ) ;
#928 = ADVANCED_FACE ( 'NONE', ( #1115 ), #994, .T. ) ;
#929 = CARTESIAN_POINT ( 'NONE',  ( 27.09999999999999787, -0.2999999999999999889, 4.799999999999999822 ) ) ;
#930 = EDGE_LOOP ( 'NONE', ( #596, #755 ) ) ;
#931 = ORIENTED_EDGE ( 'NONE', *, *, #1155, .F. ) ;
#932 = CARTESIAN_POINT ( 'NONE',  ( 27.09999999999999787, 29.19999999999999929, 4.799999999999999822 ) ) ;
#933 = EDGE_LOOP ( 'NONE', ( #312, #1072 ) ) ;
#934 = VECTOR ( 'NONE', #1254, 1000.000000000000000 ) ;
#935 = DIRECTION ( 'NONE',  ( -0.000000000000000000, 1.000000000000000000, 0.000000000000000000 ) ) ;
#936 = ADVANCED_FACE ( 'NONE', ( #957 ), #339, .T. ) ;
#937 = LINE ( 'NONE', #180, #1519 ) ;
#938 = EDGE_LOOP ( 'NONE', ( #1223, #853, #874 ) ) ;
#939 = ORIENTED_EDGE ( 'NONE', *, *, #261, .T. ) ;
#940 = ORIENTED_EDGE ( 'NONE', *, *, #711, .T. ) ;
#941 = LINE ( 'NONE', #334, #19 ) ;
#942 = PLANE ( 'NONE',  #36 ) ;
#943 = VECTOR ( 'NONE', #1210, 1000.000000000000114 ) ;
#944 = CARTESIAN_POINT ( 'NONE',  ( 25.72500000000000142, 25.90000000000000213, 3.600000000000000089 ) ) ;
#945 = EDGE_CURVE ( 'NONE', #842, #617, #799, .T. ) ;
#946 = ORIENTED_EDGE ( 'NONE', *, *, #311, .T. ) ;
#947 = EDGE_CURVE ( 'NONE', #1406, #454, #357, .T. ) ;
#948 = DIRECTION ( 'NONE',  ( 0.000000000000000000, -1.000000000000000000, 0.000000000000000000 ) ) ;
#949 = DIRECTION ( 'NONE',  ( 0.7071067811865480168, 4.183870408314320019E-17, 0.7071067811865470176 ) ) ;
#950 = ORIENTED_EDGE ( 'NONE', *, *, #1625, .F. ) ;
#951 = CARTESIAN_POINT ( 'NONE',  ( -1.100000000000000089, 13.89999999999999858, 2.441421293652429991 ) ) ;
#952 = DIRECTION ( 'NONE',  ( 1.000000000000000000, 0.000000000000000000, 0.000000000000000000 ) ) ;
#953 = LINE ( 'NONE', #1551, #491 ) ;
#954 = AXIS2_PLACEMENT_3D ( 'NONE', #873, #515, #118 ) ;
#955 = ORIENTED_EDGE ( 'NONE', *, *, #1013, .T. ) ;
#956 = EDGE_LOOP ( 'NONE', ( #20, #1233, #1304 ) ) ;
#957 = FACE_OUTER_BOUND ( 'NONE', #1092, .T. ) ;
#958 = FACE_OUTER_BOUND ( 'NONE', #414, .T. ) ;
#959 = ADVANCED_FACE ( 'NONE', ( #852, #1343 ), #1351, .T. ) ;
#960 = EDGE_LOOP ( 'NONE', ( #1352, #1157, #1624, #1358 ) ) ;
#961 = DIRECTION ( 'NONE',  ( 0.000000000000000000, 1.000000000000000000, 0.000000000000000000 ) ) ;
#962 = AXIS2_PLACEMENT_3D ( 'NONE', #1499, #368, #173 ) ;
#963 = DIRECTION ( 'NONE',  ( -6.938893903907229610E-17, 1.000000000000000000, 0.000000000000000000 ) ) ;
#964 = VECTOR ( 'NONE', #1474, 1000.000000000000000 ) ;
#965 = DIRECTION ( 'NONE',  ( 0.000000000000000000, -1.000000000000000000, 0.000000000000000000 ) ) ;
#966 = CARTESIAN_POINT ( 'NONE',  ( 0.2999999999999999889, 30.00000000000000000, 3.600000000000000089 ) ) ;
#967 = ORIENTED_EDGE ( 'NONE', *, *, #689, .T. ) ;
#968 = DIRECTION ( 'NONE',  ( 1.000000000000000000, 0.000000000000000000, 0.000000000000000000 ) ) ;
#969 = LINE ( 'NONE', #572, #232 ) ;
#970 = CARTESIAN_POINT ( 'NONE',  ( -1.841421331650389792, -1.100000000000000089, 1.699999962002040066 ) ) ;
#971 = EDGE_CURVE ( 'NONE', #159, #1399, #209, .T. ) ;
#972 = ORIENTED_EDGE ( 'NONE', *, *, #187, .F. ) ;
#973 = PRESENTATION_LAYER_ASSIGNMENT (  '', '', ( #792 ) ) ;
#974 = ORIENTED_EDGE ( 'NONE', *, *, #447, .F. ) ;
#975 = CARTESIAN_POINT ( 'NONE',  ( 25.69999999999999929, 23.09999999999999787, 3.600000000000000089 ) ) ;
#976 = LINE ( 'NONE', #89, #943 ) ;
#977 = LINE ( 'NONE', #970, #1220 ) ;
#978 = ADVANCED_FACE ( 'NONE', ( #1099 ), #1599, .T. ) ;
#979 = ORIENTED_EDGE ( 'NONE', *, *, #12, .T. ) ;
#980 = ORIENTED_EDGE ( 'NONE', *, *, #1602, .F. ) ;
#981 = VECTOR ( 'NONE', #1562, 1000.000000000000000 ) ;
#982 = CARTESIAN_POINT ( 'NONE',  ( -0.9020815280171315953, 0.1979184719828701589, 4.799999999999999822 ) ) ;
#983 = CARTESIAN_POINT ( 'NONE',  ( 28.50000000000000000, -1.100000000000000089, 3.600000000000000089 ) ) ;
#984 = ORIENTED_EDGE ( 'NONE', *, *, #1068, .F. ) ;
#985 = VECTOR ( 'NONE', #705, 1000.000000000000000 ) ;
#986 = CARTESIAN_POINT ( 'NONE',  ( 2.899999999999999911, 25.89999999999999858, 4.799999999999999822 ) ) ;
#987 = CARTESIAN_POINT ( 'NONE',  ( 27.09999999999999787, -1.100000000000000089, 3.600000000000000089 ) ) ;
#988 = AXIS2_PLACEMENT_3D ( 'NONE', #129, #285, #503 ) ;
#989 = DIRECTION ( 'NONE',  ( 0.000000000000000000, 0.000000000000000000, 1.000000000000000000 ) ) ;
#990 = CONICAL_SURFACE ( 'NONE', #911, 2.099999999999999645, 0.7853981633974490562 ) ;
#991 = ORIENTED_EDGE ( 'NONE', *, *, #1047, .F. ) ;
#992 = EDGE_CURVE ( 'NONE', #1521, #1391, #606, .T. ) ;
#993 = DIRECTION ( 'NONE',  ( -1.000000000000000000, 0.000000000000000000, 0.000000000000000000 ) ) ;
#994 = CYLINDRICAL_SURFACE ( 'NONE', #1559, 2.499999999999999112 ) ;
#995 = DIRECTION ( 'NONE',  ( 1.000000000000000000, 0.000000000000000000, 0.000000000000000000 ) ) ;
#996 = CARTESIAN_POINT ( 'NONE',  ( 27.09999999999999787, 27.50000000000000000, 4.000000000000000000 ) ) ;
#997 = DIRECTION ( 'NONE',  ( 0.000000000000000000, 0.000000000000000000, -1.000000000000000000 ) ) ;
#998 = ORIENTED_EDGE ( 'NONE', *, *, #1418, .F. ) ;
#999 = VERTEX_POINT ( 'NONE', #1549 ) ;
#1000 = ORIENTED_EDGE ( 'NONE', *, *, #612, .T. ) ;
#1001 = DIRECTION ( 'NONE',  ( 0.000000000000000000, 0.000000000000000000, 1.000000000000000000 ) ) ;
#1002 = MECHANICAL_DESIGN_GEOMETRIC_PRESENTATION_REPRESENTATION (  '', ( #792 ), #1398 ) ;
#1003 = DIRECTION ( 'NONE',  ( -0.000000000000000000, 1.000000000000000000, 0.000000000000000000 ) ) ;
#1004 = EDGE_CURVE ( 'NONE', #734, #307, #790, .T. ) ;
#1005 = CARTESIAN_POINT ( 'NONE',  ( 4.125000000000000000, 3.900000000000000799, 3.600000000000000089 ) ) ;
#1006 = ORIENTED_EDGE ( 'NONE', *, *, #406, .T. ) ;
#1007 = VERTEX_POINT ( 'NONE', #1409 ) ;
#1008 = CARTESIAN_POINT ( 'NONE',  ( 0.2999999999999999889, 1.399999999999999911, 4.000000000000000000 ) ) ;
#1009 = CARTESIAN_POINT ( 'NONE',  ( 28.50000000000000000, -1.100000000000000089, 3.600000000000000089 ) ) ;
#1010 = FACE_OUTER_BOUND ( 'NONE', #789, .T. ) ;
#1011 = AXIS2_PLACEMENT_3D ( 'NONE', #385, #392, #995 ) ;
#1012 = DIRECTION ( 'NONE',  ( -0.4999999999999995004, 0.4999999999999995004, -0.7071067811865483499 ) ) ;
#1013 = EDGE_CURVE ( 'NONE', #317, #1135, #155, .T. ) ;
#1014 = VERTEX_POINT ( 'NONE', #1042 ) ;
#1015 = CARTESIAN_POINT ( 'NONE',  ( 28.50000000000000000, -1.100000000000000089, 0.000000000000000000 ) ) ;
#1016 = CIRCLE ( 'NONE', #856, 2.500000000000000000 ) ;
#1017 = CARTESIAN_POINT ( 'NONE',  ( -1.100000000000000089, 2.799999999999999822, 2.441421293652429991 ) ) ;
#1018 = CARTESIAN_POINT ( 'NONE',  ( 25.69999999999999929, 10.09999999999999964, 3.600000000000000089 ) ) ;
#1019 = CARTESIAN_POINT ( 'NONE',  ( -1.100000000000000089, -0.6712315177207970329, 3.600000000000000089 ) ) ;
#1020 = EDGE_CURVE ( 'NONE', #667, #373, #23, .T. ) ;
#1021 = EDGE_CURVE ( 'NONE', #1189, #750, #1050, .T. ) ;
#1022 = CARTESIAN_POINT ( 'NONE',  ( -1.399999975413090070, 24.80000000000000071, 1.699999962002040066 ) ) ;
#1023 = FACE_OUTER_BOUND ( 'NONE', #455, .T. ) ;
#1024 = CIRCLE ( 'NONE', #340, 1.225000000000000311 ) ;
#1025 = ORIENTED_EDGE ( 'NONE', *, *, #536, .F. ) ;
#1026 = DIRECTION ( 'NONE',  ( 0.000000000000000000, 0.000000000000000000, 1.000000000000000000 ) ) ;
#1027 = DIRECTION ( 'NONE',  ( -1.000000000000000000, 0.000000000000000000, 0.000000000000000000 ) ) ;
#1028 = LINE ( 'NONE', #929, #653 ) ;
#1029 = ADVANCED_FACE ( 'NONE', ( #1178 ), #1290, .T. ) ;
#1030 = ORIENTED_EDGE ( 'NONE', *, *, #438, .F. ) ;
#1031 = DIRECTION ( 'NONE',  ( 0.7071067811865470176, 0.000000000000000000, 0.7071067811865480168 ) ) ;
#1032 = ORIENTED_EDGE ( 'NONE', *, *, #1190, .F. ) ;
#1033 = DIRECTION ( 'NONE',  ( 0.000000000000000000, 0.000000000000000000, 1.000000000000000000 ) ) ;
#1034 = LINE ( 'NONE', #1280, #1528 ) ;
#1035 = EDGE_CURVE ( 'NONE', #373, #1521, #178, .T. ) ;
#1036 = VERTEX_POINT ( 'NONE', #423 ) ;
#1037 = AXIS2_PLACEMENT_3D ( 'NONE', #521, #1265, #639 ) ;
#1038 = CARTESIAN_POINT ( 'NONE',  ( 1.699999999999999956, 10.09999999999999964, 3.600000000000000089 ) ) ;
#1039 = VECTOR ( 'NONE', #920, 1000.000000000000000 ) ;
#1040 = DIRECTION ( 'NONE',  ( 0.000000000000000000, 0.000000000000000000, 1.000000000000000000 ) ) ;
#1041 = ORIENTED_EDGE ( 'NONE', *, *, #1547, .F. ) ;
#1042 = CARTESIAN_POINT ( 'NONE',  ( 23.27499999999999503, 25.90000000000000213, 4.799999999999999822 ) ) ;
#1043 = CARTESIAN_POINT ( 'NONE',  ( 25.69999999999999929, 10.09999999999999964, 4.000000000000000000 ) ) ;
#1044 = LINE ( 'NONE', #550, #1123 ) ;
#1045 = VERTEX_POINT ( 'NONE', #784 ) ;
#1046 = DIRECTION ( 'NONE',  ( -0.7071067811865481278, -0.7071067811865470176, 0.000000000000000000 ) ) ;
#1047 = EDGE_CURVE ( 'NONE', #1349, #1345, #1305, .T. ) ;
#1048 = ORIENTED_EDGE ( 'NONE', *, *, #497, .F. ) ;
#1049 = AXIS2_PLACEMENT_3D ( 'NONE', #444, #1472, #952 ) ;
#1050 = LINE ( 'NONE', #677, #533 ) ;
#1051 = CARTESIAN_POINT ( 'NONE',  ( 29.24142133165040036, 2.799999999999999822, 1.699999962002020082 ) ) ;
#1052 = FACE_OUTER_BOUND ( 'NONE', #1439, .T. ) ;
#1053 = EDGE_LOOP ( 'NONE', ( #190, #704, #344, #139 ) ) ;
#1054 = DIRECTION ( 'NONE',  ( -0.7071067811865480168, -0.7071067811865470176, 0.000000000000000000 ) ) ;
#1055 = DIRECTION ( 'NONE',  ( -0.7071067811865481278, -0.7071067811865470176, 0.000000000000000000 ) ) ;
#1056 = EDGE_CURVE ( 'NONE', #1135, #227, #1162, .T. ) ;
#1057 = AXIS2_PLACEMENT_3D ( 'NONE', #906, #299, #1314 ) ;
#1058 =( NAMED_UNIT ( * ) PLANE_ANGLE_UNIT ( ) SI_UNIT ( $, .RADIAN. ) );
#1059 = CARTESIAN_POINT ( 'NONE',  ( 27.09999999999999787, 27.50000000000000000, 4.799999999999999822 ) ) ;
#1060 = VERTEX_POINT ( 'NONE', #668 ) ;
#1061 = EDGE_LOOP ( 'NONE', ( #366, #778, #1614, #1641 ) ) ;
#1062 = AXIS2_PLACEMENT_3D ( 'NONE', #511, #1117, #630 ) ;
#1063 = AXIS2_PLACEMENT_3D ( 'NONE', #104, #627, #1240 ) ;
#1064 = DIRECTION ( 'NONE',  ( 0.000000000000000000, 0.000000000000000000, -1.000000000000000000 ) ) ;
#1065 = CIRCLE ( 'NONE', #1545, 1.225000000000000311 ) ;
#1066 = CARTESIAN_POINT ( 'NONE',  ( -1.800000000000000044, 6.675000000000000711, 4.400000000000000355 ) ) ;
#1067 = CARTESIAN_POINT ( 'NONE',  ( 5.750000000000000000, 29.60000000000000142, 4.400000000000000355 ) ) ;
#1068 = EDGE_CURVE ( 'NONE', #999, #842, #1533, .T. ) ;
#1069 = CARTESIAN_POINT ( 'NONE',  ( 0.2999999999999999889, 1.399999999999999911, 3.600000000000000089 ) ) ;
#1070 = CARTESIAN_POINT ( 'NONE',  ( 28.86776695296637030, 29.26776695296636888, 4.000000000000000000 ) ) ;
#1071 = EDGE_CURVE ( 'NONE', #1181, #454, #808, .T. ) ;
#1072 = ORIENTED_EDGE ( 'NONE', *, *, #671, .F. ) ;
#1073 = EDGE_LOOP ( 'NONE', ( #318, #345 ) ) ;
#1074 = ORIENTED_EDGE ( 'NONE', *, *, #711, .F. ) ;
#1075 = CARTESIAN_POINT ( 'NONE',  ( 28.86776695296637030, 29.26776695296636888, 0.000000000000000000 ) ) ;
#1076 = CARTESIAN_POINT ( 'NONE',  ( -1.184924240491750824, -0.08492424049174858436, 4.400000000000000355 ) ) ;
#1077 = AXIS2_PLACEMENT_3D ( 'NONE', #1179, #809, #33 ) ;
#1078 = CARTESIAN_POINT ( 'NONE',  ( 23.27500000000000213, 3.900000000000014566, 3.600000000000000089 ) ) ;
#1079 = ORIENTED_EDGE ( 'NONE', *, *, #1308, .F. ) ;
#1080 = ORIENTED_EDGE ( 'NONE', *, *, #1638, .F. ) ;
#1081 = ADVANCED_FACE ( 'NONE', ( #547 ), #1185, .F. ) ;
#1082 = DIRECTION ( 'NONE',  ( -0.7071067811865510144, 0.000000000000000000, -0.7071067811865441310 ) ) ;
#1083 = DIRECTION ( 'NONE',  ( 0.000000000000000000, 0.000000000000000000, 1.000000000000000000 ) ) ;
#1084 = DIRECTION ( 'NONE',  ( 1.000000000000000000, 0.000000000000000000, 0.000000000000000000 ) ) ;
#1085 = VECTOR ( 'NONE', #1082, 999.9999999999998863 ) ;
#1086 = CONICAL_SURFACE ( 'NONE', #381, 2.099999999999999645, 0.7853981633974490562 ) ;
#1087 = DIRECTION ( 'NONE',  ( 0.7071067811865475727, 0.7071067811865475727, 0.000000000000000000 ) ) ;
#1088 = VERTEX_POINT ( 'NONE', #275 ) ;
#1089 = LINE ( 'NONE', #714, #1085 ) ;
#1090 = ADVANCED_FACE ( 'NONE', ( #684 ), #39, .T. ) ;
#1091 = DIRECTION ( 'NONE',  ( 0.000000000000000000, 0.000000000000000000, 1.000000000000000000 ) ) ;
#1092 = EDGE_LOOP ( 'NONE', ( #805, #1239, #1182, #1510 ) ) ;
#1093 = CARTESIAN_POINT ( 'NONE',  ( 27.09999999999999787, 1.399999999999999911, 4.000000000000000000 ) ) ;
#1094 = CIRCLE ( 'NONE', #463, 2.500000000000000888 ) ;
#1095 = PRESENTATION_STYLE_ASSIGNMENT (( #816 ) ) ;
#1096 = DIRECTION ( 'NONE',  ( 0.000000000000000000, 0.000000000000000000, 1.000000000000000000 ) ) ;
#1097 = VERTEX_POINT ( 'NONE', #1295 ) ;
#1098 = CARTESIAN_POINT ( 'NONE',  ( 2.899999999999999911, 25.89999999999999858, 3.600000000000000089 ) ) ;
#1099 = FACE_OUTER_BOUND ( 'NONE', #1495, .T. ) ;
#1100 = ORIENTED_EDGE ( 'NONE', *, *, #1013, .F. ) ;
#1101 = CARTESIAN_POINT ( 'NONE',  ( 24.50000000000000000, 3.900000000000014566, 4.799999999999999822 ) ) ;
#1102 = EDGE_CURVE ( 'NONE', #1036, #1088, #1405, .T. ) ;
#1103 = PLANE ( 'NONE',  #436 ) ;
#1104 = AXIS2_PLACEMENT_3D ( 'NONE', #82, #844, #1576 ) ;
#1105 = ORIENTED_EDGE ( 'NONE', *, *, #601, .F. ) ;
#1106 = CARTESIAN_POINT ( 'NONE',  ( 23.27500000000000213, 3.900000000000014566, -5.200000000000001066 ) ) ;
#1107 = CARTESIAN_POINT ( 'NONE',  ( 27.09999999999999787, -1.100000000000000089, 3.600000000000000089 ) ) ;
#1108 = ORIENTED_EDGE ( 'NONE', *, *, #1071, .F. ) ;
#1109 = CARTESIAN_POINT ( 'NONE',  ( 19.69999999999999929, 9.299999999999998934, 4.799999999999999822 ) ) ;
#1110 = LINE ( 'NONE', #90, #1277 ) ;
#1111 = EDGE_CURVE ( 'NONE', #1036, #43, #690, .T. ) ;
#1112 = DIRECTION ( 'NONE',  ( 0.000000000000000000, 0.000000000000000000, 1.000000000000000000 ) ) ;
#1113 = ORIENTED_EDGE ( 'NONE', *, *, #601, .T. ) ;
#1114 = AXIS2_PLACEMENT_3D ( 'NONE', #1202, #452, #708 ) ;
#1115 = FACE_OUTER_BOUND ( 'NONE', #1328, .T. ) ;
#1116 = ORIENTED_EDGE ( 'NONE', *, *, #144, .T. ) ;
#1117 = DIRECTION ( 'NONE',  ( 0.7071067811865441310, 0.000000000000000000, -0.7071067811865510144 ) ) ;
#1118 = CARTESIAN_POINT ( 'NONE',  ( 26.50000000000000000, 9.299999999999998934, 4.799999999999999822 ) ) ;
#1119 = CARTESIAN_POINT ( 'NONE',  ( 0.2999999999999999889, 27.50000000000000000, 4.400000000000000355 ) ) ;
#1120 = AXIS2_PLACEMENT_3D ( 'NONE', #832, #989, #725 ) ;
#1121 = ADVANCED_FACE ( 'NONE', ( #523 ), #143, .T. ) ;
#1122 = ORIENTED_EDGE ( 'NONE', *, *, #883, .F. ) ;
#1123 = VECTOR ( 'NONE', #310, 1000.000000000000000 ) ;
#1124 = ORIENTED_EDGE ( 'NONE', *, *, #468, .T. ) ;
#1125 = CARTESIAN_POINT ( 'NONE',  ( 0.2999999999999999889, 30.00000000000000000, 4.000000000000000000 ) ) ;
#1126 = EDGE_CURVE ( 'NONE', #504, #546, #73, .T. ) ;
#1127 = EDGE_LOOP ( 'NONE', ( #635, #752, #967, #931 ) ) ;
#1128 = EDGE_LOOP ( 'NONE', ( #1272, #1357, #946, #1048 ) ) ;
#1129 = DIRECTION ( 'NONE',  ( 0.000000000000000000, 1.000000000000000000, 0.000000000000000000 ) ) ;
#1130 = FACE_OUTER_BOUND ( 'NONE', #1262, .T. ) ;
#1131 = LINE ( 'NONE', #514, #137 ) ;
#1132 = CARTESIAN_POINT ( 'NONE',  ( -1.100000000000000089, 28.89999999999999858, 3.600000000000000089 ) ) ;
#1133 = ORIENTED_EDGE ( 'NONE', *, *, #292, .T. ) ;
#1134 = EDGE_CURVE ( 'NONE', #1413, #1045, #55, .T. ) ;
#1135 = VERTEX_POINT ( 'NONE', #1075 ) ;
#1136 = DIRECTION ( 'NONE',  ( 1.000000000000000000, 0.000000000000000000, 0.000000000000000000 ) ) ;
#1137 = DIRECTION ( 'NONE',  ( -0.7071067811865477948, 0.7071067811865474617, 0.000000000000000000 ) ) ;
#1138 = FACE_BOUND ( 'NONE', #1073, .T. ) ;
#1139 = EDGE_LOOP ( 'NONE', ( #1294, #764, #1476, #727 ) ) ;
#1140 = CARTESIAN_POINT ( 'NONE',  ( 25.72500000000000142, 3.900000000000014566, -5.200000000000001066 ) ) ;
#1141 = AXIS2_PLACEMENT_3D ( 'NONE', #1463, #1232, #465 ) ;
#1142 = CARTESIAN_POINT ( 'NONE',  ( 25.72500000000000142, 3.900000000000014566, 4.799999999999999822 ) ) ;
#1143 = DIRECTION ( 'NONE',  ( 1.000000000000000000, 0.000000000000000000, 0.000000000000000000 ) ) ;
#1144 = EDGE_CURVE ( 'NONE', #1565, #407, #456, .T. ) ;
#1145 = CARTESIAN_POINT ( 'NONE',  ( 5.750000000000000000, 30.00000000000000000, 4.000000000000000000 ) ) ;
#1146 = AXIS2_PLACEMENT_3D ( 'NONE', #732, #1236, #1255 ) ;
#1147 = CARTESIAN_POINT ( 'NONE',  ( 13.70000000000000107, 14.44999999999999929, 4.799999999999999822 ) ) ;
#1148 = CYLINDRICAL_SURFACE ( 'NONE', #1176, 1.225000000000000311 ) ;
#1149 = PRODUCT ( 'Lid', 'Lid', '', ( #408 ) ) ;
#1150 = CIRCLE ( 'NONE', #433, 1.225000000000000311 ) ;
#1151 = ORIENTED_EDGE ( 'NONE', *, *, #205, .T. ) ;
#1152 = CYLINDRICAL_SURFACE ( 'NONE', #409, 1.225000000000000311 ) ;
#1153 = DIRECTION ( 'NONE',  ( -1.000000000000000000, 1.309225264888160013E-17, 0.000000000000000000 ) ) ;
#1154 = ORIENTED_EDGE ( 'NONE', *, *, #1359, .F. ) ;
#1155 = EDGE_CURVE ( 'NONE', #1567, #900, #204, .T. ) ;
#1156 = DIRECTION ( 'NONE',  ( 0.000000000000000000, 0.000000000000000000, 1.000000000000000000 ) ) ;
#1157 = ORIENTED_EDGE ( 'NONE', *, *, #1102, .T. ) ;
#1158 =( NAMED_UNIT ( * ) PLANE_ANGLE_UNIT ( ) SI_UNIT ( $, .RADIAN. ) );
#1159 = APPLICATION_CONTEXT ( 'automotive_design' ) ;
#1160 = VECTOR ( 'NONE', #72, 1000.000000000000000 ) ;
#1161 = VERTEX_POINT ( 'NONE', #83 ) ;
#1162 = LINE ( 'NONE', #170, #1193 ) ;
#1163 = EDGE_CURVE ( 'NONE', #174, #111, #574, .T. ) ;
#1164 = VERTEX_POINT ( 'NONE', #324 ) ;
#1165 = DIRECTION ( 'NONE',  ( 1.000000000000000000, 0.000000000000000000, 0.000000000000000000 ) ) ;
#1166 = VECTOR ( 'NONE', #1266, 1000.000000000000000 ) ;
#1167 = AXIS2_PLACEMENT_3D ( 'NONE', #308, #1026, #662 ) ;
#1168 = ORIENTED_EDGE ( 'NONE', *, *, #1347, .T. ) ;
#1169 = DIRECTION ( 'NONE',  ( 0.7071067811865475727, 0.7071067811865475727, 0.000000000000000000 ) ) ;
#1170 = AXIS2_PLACEMENT_3D ( 'NONE', #1321, #1414, #1440 ) ;
#1171 = EDGE_LOOP ( 'NONE', ( #1197, #1378, #200, #1032 ) ) ;
#1172 = VERTEX_POINT ( 'NONE', #1228 ) ;
#1173 = DIRECTION ( 'NONE',  ( 0.000000000000000000, 0.000000000000000000, 1.000000000000000000 ) ) ;
#1174 = EDGE_CURVE ( 'NONE', #419, #307, #1579, .T. ) ;
#1175 = VECTOR ( 'NONE', #1, 1000.000000000000000 ) ;
#1176 = AXIS2_PLACEMENT_3D ( 'NONE', #383, #253, #1282 ) ;
#1177 = VERTEX_POINT ( 'NONE', #1218 ) ;
#1178 = FACE_OUTER_BOUND ( 'NONE', #938, .T. ) ;
#1179 = CARTESIAN_POINT ( 'NONE',  ( -1.770710653531740064, -1.100000000000000089, 1.770710640120690016 ) ) ;
#1180 = CARTESIAN_POINT ( 'NONE',  ( 28.80000000000000071, 27.50000000000000000, 4.799999999999999822 ) ) ;
#1181 = VERTEX_POINT ( 'NONE', #223 ) ;
#1182 = ORIENTED_EDGE ( 'NONE', *, *, #1134, .T. ) ;
#1183 = EDGE_CURVE ( 'NONE', #850, #1060, #977, .T. ) ;
#1184 = ORIENTED_EDGE ( 'NONE', *, *, #144, .F. ) ;
#1185 = PLANE ( 'NONE',  #1057 ) ;
#1186 = FACE_OUTER_BOUND ( 'NONE', #712, .T. ) ;
#1187 = DIRECTION ( 'NONE',  ( -0.7071067811865481278, -0.7071067811865470176, 0.000000000000000000 ) ) ;
#1188 = VERTEX_POINT ( 'NONE', #1337 ) ;
#1189 = VERTEX_POINT ( 'NONE', #1457 ) ;
#1190 = EDGE_CURVE ( 'NONE', #1623, #254, #75, .T. ) ;
#1191 = FACE_OUTER_BOUND ( 'NONE', #960, .T. ) ;
#1192 = CARTESIAN_POINT ( 'NONE',  ( 25.69999999999999929, 23.09999999999999787, 3.600000000000000089 ) ) ;
#1193 = VECTOR ( 'NONE', #32, 1000.000000000000000 ) ;
#1194 = EDGE_CURVE ( 'NONE', #43, #734, #1509, .T. ) ;
#1195 = DIRECTION ( 'NONE',  ( 0.000000000000000000, 0.000000000000000000, 1.000000000000000000 ) ) ;
#1196 = EDGE_LOOP ( 'NONE', ( #979, #142, #1591, #1453 ) ) ;
#1197 = ORIENTED_EDGE ( 'NONE', *, *, #517, .T. ) ;
#1198 = CIRCLE ( 'NONE', #537, 1.700000000000000400 ) ;
#1199 = DIRECTION ( 'NONE',  ( 0.7071067811865475727, 0.7071067811865475727, 0.000000000000000000 ) ) ;
#1200 = CIRCLE ( 'NONE', #962, 1.700000000000000400 ) ;
#1201 = VECTOR ( 'NONE', #41, 1000.000000000000114 ) ;
#1202 = CARTESIAN_POINT ( 'NONE',  ( 0.2999999999999999889, 27.50000000000000000, 3.600000000000000089 ) ) ;
#1203 = LINE ( 'NONE', #56, #371 ) ;
#1204 = EDGE_CURVE ( 'NONE', #372, #667, #941, .T. ) ;
#1205 = DIRECTION ( 'NONE',  ( 0.000000000000000000, 0.000000000000000000, -1.000000000000000000 ) ) ;
#1206 = DIRECTION ( 'NONE',  ( -0.7071067811865480168, 0.000000000000000000, -0.7071067811865470176 ) ) ;
#1207 = ORIENTED_EDGE ( 'NONE', *, *, #355, .F. ) ;
#1208 = CARTESIAN_POINT ( 'NONE',  ( -1.100000000000000089, 24.80000000000000071, 2.441421293652429991 ) ) ;
#1209 = DIRECTION ( 'NONE',  ( -0.7071067811865480168, -0.7071067811865471286, 0.000000000000000000 ) ) ;
#1210 = DIRECTION ( 'NONE',  ( -0.5773502691896260641, 0.5773502691896260641, -0.5773502691896250649 ) ) ;
#1211 = FACE_OUTER_BOUND ( 'NONE', #150, .T. ) ;
#1212 = FACE_OUTER_BOUND ( 'NONE', #797, .T. ) ;
#1213 = EDGE_CURVE ( 'NONE', #570, #227, #467, .T. ) ;
#1214 = ORIENTED_EDGE ( 'NONE', *, *, #1035, .T. ) ;
#1215 = ORIENTED_EDGE ( 'NONE', *, *, #536, .T. ) ;
#1216 = DIRECTION ( 'NONE',  ( 0.000000000000000000, 0.000000000000000000, 1.000000000000000000 ) ) ;
#1217 = CARTESIAN_POINT ( 'NONE',  ( 0.2999999999999999889, 29.19999999999999929, 4.799999999999999822 ) ) ;
#1218 = CARTESIAN_POINT ( 'NONE',  ( 28.50000000000000000, 2.799999999999999822, 0.9585786303516370399 ) ) ;
#1219 = SURFACE_STYLE_FILL_AREA ( #847 ) ;
#1220 = VECTOR ( 'NONE', #716, 1000.000000000000000 ) ;
#1221 = AXIS2_PLACEMENT_3D ( 'NONE', #505, #637, #1136 ) ;
#1222 = VERTEX_POINT ( 'NONE', #475 ) ;
#1223 = ORIENTED_EDGE ( 'NONE', *, *, #153, .F. ) ;
#1224 = DIRECTION ( 'NONE',  ( -0.7071067811865481278, -0.7071067811865470176, 0.000000000000000000 ) ) ;
#1225 = DIRECTION ( 'NONE',  ( 0.000000000000000000, -1.000000000000000000, 0.000000000000000000 ) ) ;
#1226 = EDGE_CURVE ( 'NONE', #1345, #806, #855, .T. ) ;
#1227 = LINE ( 'NONE', #450, #26 ) ;
#1228 = CARTESIAN_POINT ( 'NONE',  ( 0.9000000000000000222, 9.299999999999998934, 4.799999999999999822 ) ) ;
#1229 = AXIS2_PLACEMENT_3D ( 'NONE', #500, #1244, #266 ) ;
#1230 = ORIENTED_EDGE ( 'NONE', *, *, #37, .F. ) ;
#1231 = ORIENTED_EDGE ( 'NONE', *, *, #1071, .T. ) ;
#1232 = DIRECTION ( 'NONE',  ( 1.000000000000000000, 0.000000000000000000, 0.000000000000000000 ) ) ;
#1233 = ORIENTED_EDGE ( 'NONE', *, *, #689, .F. ) ;
#1234 = FACE_BOUND ( 'NONE', #744, .T. ) ;
#1235 = EDGE_CURVE ( 'NONE', #305, #1573, #213, .T. ) ;
#1236 = DIRECTION ( 'NONE',  ( 0.000000000000000000, 0.000000000000000000, 1.000000000000000000 ) ) ;
#1237 = DIRECTION ( 'NONE',  ( 0.000000000000000000, 0.000000000000000000, -1.000000000000000000 ) ) ;
#1238 = AXIS2_PLACEMENT_3D ( 'NONE', #575, #963, #1355 ) ;
#1239 = ORIENTED_EDGE ( 'NONE', *, *, #133, .F. ) ;
#1240 = DIRECTION ( 'NONE',  ( 0.7071067811865475727, 0.7071067811865475727, 0.000000000000000000 ) ) ;
#1241 = CARTESIAN_POINT ( 'NONE',  ( -1.395710653531740064, 2.799999999999999822, 1.254289283883379902 ) ) ;
#1242 = ORIENTED_EDGE ( 'NONE', *, *, #468, .F. ) ;
#1243 = LINE ( 'NONE', #1374, #461 ) ;
#1244 = DIRECTION ( 'NONE',  ( -0.000000000000000000, -0.000000000000000000, 1.000000000000000000 ) ) ;
#1245 = FACE_OUTER_BOUND ( 'NONE', #672, .T. ) ;
#1246 = EDGE_CURVE ( 'NONE', #1573, #1036, #1431, .T. ) ;
#1247 = ADVANCED_FACE ( 'NONE', ( #822 ), #460, .T. ) ;
#1248 = ORIENTED_EDGE ( 'NONE', *, *, #947, .T. ) ;
#1249 = VERTEX_POINT ( 'NONE', #1192 ) ;
#1250 = AXIS2_PLACEMENT_3D ( 'NONE', #861, #332, #968 ) ;
#1251 = DIRECTION ( 'NONE',  ( -0.000000000000000000, -0.000000000000000000, 1.000000000000000000 ) ) ;
#1252 = ORIENTED_EDGE ( 'NONE', *, *, #187, .T. ) ;
#1253 = PLANE ( 'NONE',  #1381 ) ;
#1254 = DIRECTION ( 'NONE',  ( 0.000000000000000000, 1.000000000000000000, 0.000000000000000000 ) ) ;
#1255 = DIRECTION ( 'NONE',  ( 0.7071067811865475727, 0.7071067811865475727, 0.000000000000000000 ) ) ;
#1256 = AXIS2_PLACEMENT_3D ( 'NONE', #901, #1530, #1498 ) ;
#1257 = CIRCLE ( 'NONE', #539, 1.700000000000000400 ) ;
#1258 = ADVANCED_FACE ( 'NONE', ( #697 ), #45, .T. ) ;
#1259 = ORIENTED_EDGE ( 'NONE', *, *, #251, .T. ) ;
#1260 = AXIS2_PLACEMENT_3D ( 'NONE', #185, #1031, #1541 ) ;
#1261 = ORIENTED_EDGE ( 'NONE', *, *, #827, .F. ) ;
#1262 = EDGE_LOOP ( 'NONE', ( #821, #1184, #1242, #207 ) ) ;
#1263 = CARTESIAN_POINT ( 'NONE',  ( 2.899999999999999911, 25.89999999999999858, -5.200000000000001066 ) ) ;
#1264 = CARTESIAN_POINT ( 'NONE',  ( -2.200000000000000178, 30.00000000000000000, 3.600000000000000089 ) ) ;
#1265 = DIRECTION ( 'NONE',  ( 0.000000000000000000, 0.000000000000000000, -1.000000000000000000 ) ) ;
#1266 = DIRECTION ( 'NONE',  ( 0.000000000000000000, 0.000000000000000000, -1.000000000000000000 ) ) ;
#1267 = ORIENTED_EDGE ( 'NONE', *, *, #577, .F. ) ;
#1268 = ADVANCED_FACE ( 'NONE', ( #1211 ), #66, .T. ) ;
#1269 = DIRECTION ( 'NONE',  ( 0.000000000000000000, 0.000000000000000000, -1.000000000000000000 ) ) ;
#1270 = LINE ( 'NONE', #270, #1621 ) ;
#1271 = LINE ( 'NONE', #1402, #881 ) ;
#1272 = ORIENTED_EDGE ( 'NONE', *, *, #654, .T. ) ;
#1273 = AXIS2_PLACEMENT_3D ( 'NONE', #1101, #1361, #1331 ) ;
#1274 = CARTESIAN_POINT ( 'NONE',  ( 28.50000000000000000, 28.89999999999999858, 0.000000000000000000 ) ) ;
#1275 = CARTESIAN_POINT ( 'NONE',  ( 26.10000000000000142, 18.77499999999999858, 4.400000000000000355 ) ) ;
#1276 = DIRECTION ( 'NONE',  ( -9.257620629031683287E-18, -0.7071067811865470176, 0.7071067811865480168 ) ) ;
#1277 = VECTOR ( 'NONE', #1012, 999.9999999999998863 ) ;
#1278 = EDGE_CURVE ( 'NONE', #182, #105, #1524, .T. ) ;
#1279 = CARTESIAN_POINT ( 'NONE',  ( 28.50000000000000000, 28.89999999999999858, 3.600000000000000089 ) ) ;
#1280 = CARTESIAN_POINT ( 'NONE',  ( -1.100000000000000089, 24.80000000000000071, 2.649999981001020188 ) ) ;
#1281 = AXIS2_PLACEMENT_3D ( 'NONE', #1275, #652, #492 ) ;
#1282 = DIRECTION ( 'NONE',  ( 1.000000000000000000, 0.000000000000000000, 0.000000000000000000 ) ) ;
#1283 = AXIS2_PLACEMENT_3D ( 'NONE', #1059, #1205, #1428 ) ;
#1284 = ORIENTED_EDGE ( 'NONE', *, *, #1235, .F. ) ;
#1285 = APPLICATION_PROTOCOL_DEFINITION ( 'draft international standard', 'automotive_design', 1998, #1159 ) ;
#1286 = FACE_OUTER_BOUND ( 'NONE', #1520, .T. ) ;
#1287 = CARTESIAN_POINT ( 'NONE',  ( -2.200000000000000178, 27.50000000000000000, 4.000000000000000000 ) ) ;
#1288 = ADVANCED_FACE ( 'NONE', ( #388 ), #721, .T. ) ;
#1289 = ORIENTED_EDGE ( 'NONE', *, *, #458, .T. ) ;
#1290 = PLANE ( 'NONE',  #319 ) ;
#1291 = VERTEX_POINT ( 'NONE', #1005 ) ;
#1292 = DIRECTION ( 'NONE',  ( 0.000000000000000000, 0.000000000000000000, -1.000000000000000000 ) ) ;
#1293 = COLOUR_RGB ( '',0.7921568627450980005, 0.8196078431372548767, 0.9333333333333333481 ) ;
#1294 = ORIENTED_EDGE ( 'NONE', *, *, #303, .F. ) ;
#1295 = CARTESIAN_POINT ( 'NONE',  ( -0.9020815280171329276, 28.70208152801713197, 4.799999999999999822 ) ) ;
#1296 = CARTESIAN_POINT ( 'NONE',  ( 0.2999999999999999889, -1.100000000000000089, 3.600000000000000089 ) ) ;
#1297 = ADVANCED_FACE ( 'NONE', ( #768 ), #634, .T. ) ;
#1298 = VERTEX_POINT ( 'NONE', #760 ) ;
#1299 = EDGE_LOOP ( 'NONE', ( #1452, #1429, #811, #908, #742, #972, #660, #614, #234, #29, #323, #1230 ) ) ;
#1300 = CARTESIAN_POINT ( 'NONE',  ( 1.699999999999999956, 23.09999999999999787, 3.600000000000000089 ) ) ;
#1301 = VECTOR ( 'NONE', #78, 1000.000000000000000 ) ;
#1302 = DIRECTION ( 'NONE',  ( 0.7071067811865465735, 0.000000000000000000, 0.7071067811865485719 ) ) ;
#1303 = VECTOR ( 'NONE', #272, 1000.000000000000000 ) ;
#1304 = ORIENTED_EDGE ( 'NONE', *, *, #545, .F. ) ;
#1305 = LINE ( 'NONE', #160, #1640 ) ;
#1306 = DIRECTION ( 'NONE',  ( 1.000000000000000000, 0.000000000000000000, 0.000000000000000000 ) ) ;
#1307 = DIRECTION ( 'NONE',  ( 0.000000000000000000, 0.000000000000000000, 1.000000000000000000 ) ) ;
#1308 = EDGE_CURVE ( 'NONE', #891, #1577, #394, .T. ) ;
#1309 = CIRCLE ( 'NONE', #247, 2.500000000000000000 ) ;
#1310 = ORIENTED_EDGE ( 'NONE', *, *, #390, .T. ) ;
#1311 = VECTOR ( 'NONE', #1237, 1000.000000000000000 ) ;
#1312 = FACE_OUTER_BOUND ( 'NONE', #1171, .T. ) ;
#1313 = EDGE_LOOP ( 'NONE', ( #833, #1080, #195, #1475 ) ) ;
#1314 = DIRECTION ( 'NONE',  ( 1.000000000000000000, 0.000000000000000000, 0.000000000000000000 ) ) ;
#1315 = CYLINDRICAL_SURFACE ( 'NONE', #663, 1.225000000000000311 ) ;
#1316 = DIRECTION ( 'NONE',  ( 0.000000000000000000, 1.000000000000000000, 0.000000000000000000 ) ) ;
#1317 = CARTESIAN_POINT ( 'NONE',  ( 0.2999999999999999889, 29.19999999999999929, 4.799999999999999822 ) ) ;
#1318 = VERTEX_POINT ( 'NONE', #108 ) ;
#1319 = ADVANCED_FACE ( 'NONE', ( #622, #1138, #370, #493, #895, #1639 ), #1508, .T. ) ;
#1320 = ORIENTED_EDGE ( 'NONE', *, *, #230, .F. ) ;
#1321 = CARTESIAN_POINT ( 'NONE',  ( 27.09999999999999787, 1.399999999999999911, 4.000000000000000000 ) ) ;
#1322 = ADVANCED_FACE ( 'NONE', ( #882 ), #428, .T. ) ;
#1323 = CIRCLE ( 'NONE', #549, 1.225000000000000311 ) ;
#1324 = CARTESIAN_POINT ( 'NONE',  ( 0.2999999999999999889, 1.399999999999999911, 3.600000000000000089 ) ) ;
#1325 = CARTESIAN_POINT ( 'NONE',  ( 25.69999999999999929, 10.09999999999999964, 3.600000000000000089 ) ) ;
#1326 = DIRECTION ( 'NONE',  ( 0.000000000000000000, 0.000000000000000000, -1.000000000000000000 ) ) ;
#1327 = EDGE_LOOP ( 'NONE', ( #364, #147, #260, #8 ) ) ;
#1328 = EDGE_LOOP ( 'NONE', ( #494, #713, #950, #618, #1546, #655 ) ) ;
#1329 = DIRECTION ( 'NONE',  ( 0.000000000000000000, 0.000000000000000000, 1.000000000000000000 ) ) ;
#1330 = EDGE_CURVE ( 'NONE', #1097, #1164, #1110, .T. ) ;
#1331 = DIRECTION ( 'NONE',  ( -1.000000000000000000, 0.000000000000000000, 0.000000000000000000 ) ) ;
#1332 = CARTESIAN_POINT ( 'NONE',  ( 0.2999999999999999889, 27.50000000000000000, 0.000000000000000000 ) ) ;
#1333 = ORIENTED_EDGE ( 'NONE', *, *, #379, .F. ) ;
#1334 = VECTOR ( 'NONE', #878, 1000.000000000000000 ) ;
#1335 = CARTESIAN_POINT ( 'NONE',  ( 1.674999999999998934, 25.89999999999999858, 4.799999999999999822 ) ) ;
#1336 = AXIS2_PLACEMENT_3D ( 'NONE', #58, #1307, #34 ) ;
#1337 = CARTESIAN_POINT ( 'NONE',  ( 28.80000000000000071, 1.399999999999999911, 4.799999999999999822 ) ) ;
#1338 = ADVANCED_FACE ( 'NONE', ( #1376 ), #352, .T. ) ;
#1339 = DIRECTION ( 'NONE',  ( 0.000000000000000000, 0.000000000000000000, 1.000000000000000000 ) ) ;
#1340 = LINE ( 'NONE', #1571, #781 ) ;
#1341 = EDGE_LOOP ( 'NONE', ( #544, #991, #464, #658 ) ) ;
#1342 = VERTEX_POINT ( 'NONE', #748 ) ;
#1343 = FACE_OUTER_BOUND ( 'NONE', #119, .T. ) ;
#1344 = FACE_BOUND ( 'NONE', #1504, .T. ) ;
#1345 = VERTEX_POINT ( 'NONE', #1620 ) ;
#1346 = DIRECTION ( 'NONE',  ( -1.000000000000000000, 1.309225264888160013E-17, 0.000000000000000000 ) ) ;
#1347 = EDGE_CURVE ( 'NONE', #1399, #1189, #1500, .T. ) ;
#1348 = FACE_OUTER_BOUND ( 'NONE', #804, .T. ) ;
#1349 = VERTEX_POINT ( 'NONE', #647 ) ;
#1350 = LINE ( 'NONE', #338, #1441 ) ;
#1351 = PLANE ( 'NONE',  #350 ) ;
#1352 = ORIENTED_EDGE ( 'NONE', *, *, #1111, .F. ) ;
#1353 = DIRECTION ( 'NONE',  ( 1.000000000000000000, 0.000000000000000000, 0.000000000000000000 ) ) ;
#1354 = DIRECTION ( 'NONE',  ( 0.7071067811865466846, -0.7071067811865483499, 0.000000000000000000 ) ) ;
#1355 = DIRECTION ( 'NONE',  ( 1.000000000000000000, 6.938893903907229610E-17, 0.000000000000000000 ) ) ;
#1356 = AXIS2_PLACEMENT_3D ( 'NONE', #1147, #482, #378 ) ;
#1357 = ORIENTED_EDGE ( 'NONE', *, *, #646, .T. ) ;
#1358 = ORIENTED_EDGE ( 'NONE', *, *, #1194, .F. ) ;
#1359 = EDGE_CURVE ( 'NONE', #819, #410, #723, .T. ) ;
#1360 = FACE_BOUND ( 'NONE', #530, .T. ) ;
#1361 = DIRECTION ( 'NONE',  ( 0.000000000000000000, 0.000000000000000000, 1.000000000000000000 ) ) ;
#1362 = VECTOR ( 'NONE', #903, 999.9999999999998863 ) ;
#1363 = ORIENTED_EDGE ( 'NONE', *, *, #1004, .F. ) ;
#1364 = ORIENTED_EDGE ( 'NONE', *, *, #1308, .T. ) ;
#1365 = EDGE_CURVE ( 'NONE', #850, #1567, #1271, .T. ) ;
#1366 = ORIENTED_EDGE ( 'NONE', *, *, #335, .T. ) ;
#1367 = DIRECTION ( 'NONE',  ( 0.000000000000000000, 0.000000000000000000, 1.000000000000000000 ) ) ;
#1368 = CARTESIAN_POINT ( 'NONE',  ( 24.49999999999999645, 25.90000000000000213, -5.200000000000001066 ) ) ;
#1369 = DIRECTION ( 'NONE',  ( 1.000000000000000000, 0.000000000000000000, 0.000000000000000000 ) ) ;
#1370 = ORIENTED_EDGE ( 'NONE', *, *, #898, .F. ) ;
#1371 = LINE ( 'NONE', #87, #301 ) ;
#1372 = EDGE_LOOP ( 'NONE', ( #1606, #114, #363, #1421 ) ) ;
#1373 = ORIENTED_EDGE ( 'NONE', *, *, #397, .T. ) ;
#1374 = CARTESIAN_POINT ( 'NONE',  ( -1.399999999999999911, 6.675000000000000711, 4.799999999999999822 ) ) ;
#1375 = CARTESIAN_POINT ( 'NONE',  ( -1.100000000000000089, 28.89999999999999858, 3.600000000000000089 ) ) ;
#1376 = FACE_OUTER_BOUND ( 'NONE', #1632, .T. ) ;
#1377 = ADVANCED_FACE ( 'NONE', ( #1245 ), #610, .F. ) ;
#1378 = ORIENTED_EDGE ( 'NONE', *, *, #1213, .T. ) ;
#1379 = VECTOR ( 'NONE', #480, 1000.000000000000000 ) ;
#1380 = ORIENTED_EDGE ( 'NONE', *, *, #654, .F. ) ;
#1381 = AXIS2_PLACEMENT_3D ( 'NONE', #376, #519, #1269 ) ;
#1382 = VERTEX_POINT ( 'NONE', #1019 ) ;
#1383 = LINE ( 'NONE', #756, #161 ) ;
#1384 = PLANE ( 'NONE',  #1566 ) ;
#1385 = DIRECTION ( 'NONE',  ( 0.000000000000000000, 0.000000000000000000, 1.000000000000000000 ) ) ;
#1386 = DIRECTION ( 'NONE',  ( -0.7071067811865477948, 0.7071067811865474617, 0.000000000000000000 ) ) ;
#1387 = AXIS2_PLACEMENT_3D ( 'NONE', #15, #420, #1165 ) ;
#1388 = EDGE_CURVE ( 'NONE', #307, #227, #128, .T. ) ;
#1389 = CIRCLE ( 'NONE', #807, 1.225000000000003864 ) ;
#1390 = ORIENTED_EDGE ( 'NONE', *, *, #198, .F. ) ;
#1391 = VERTEX_POINT ( 'NONE', #987 ) ;
#1392 = DIRECTION ( 'NONE',  ( 1.000000000000000000, 0.000000000000000000, 0.000000000000000000 ) ) ;
#1393 = DIRECTION ( 'NONE',  ( 0.000000000000000000, 0.000000000000000000, 1.000000000000000000 ) ) ;
#1394 = LINE ( 'NONE', #633, #676 ) ;
#1395 = CARTESIAN_POINT ( 'NONE',  ( 24.49999999999999645, 25.90000000000000213, 3.600000000000000089 ) ) ;
#1396 = ORIENTED_EDGE ( 'NONE', *, *, #322, .T. ) ;
#1397 = ADVANCED_FACE ( 'NONE', ( #361 ), #739, .T. ) ;
#1398 =( GEOMETRIC_REPRESENTATION_CONTEXT ( 3 ) GLOBAL_UNCERTAINTY_ASSIGNED_CONTEXT ( ( #1501 ) ) GLOBAL_UNIT_ASSIGNED_CONTEXT ( ( #215, #1058, #434 ) ) REPRESENTATION_CONTEXT ( 'NONE', 'WORKASPACE' ) );
#1399 = VERTEX_POINT ( 'NONE', #421 ) ;
#1400 = CARTESIAN_POINT ( 'NONE',  ( -1.399999999999999911, 1.399999999999999911, 4.799999999999999822 ) ) ;
#1401 = DIRECTION ( 'NONE',  ( 0.000000000000000000, 0.000000000000000000, -1.000000000000000000 ) ) ;
#1402 = CARTESIAN_POINT ( 'NONE',  ( -1.695710653531740109, 2.799999999999999822, 1.845710640120689972 ) ) ;
#1403 = PLANE ( 'NONE',  #1238 ) ;
#1404 = EDGE_CURVE ( 'NONE', #667, #289, #562, .T. ) ;
#1405 = CIRCLE ( 'NONE', #1167, 2.499999999999999112 ) ;
#1406 = VERTEX_POINT ( 'NONE', #148 ) ;
#1407 = LINE ( 'NONE', #1523, #49 ) ;
#1408 = ORIENTED_EDGE ( 'NONE', *, *, #525, .T. ) ;
#1409 = CARTESIAN_POINT ( 'NONE',  ( -2.200000000000000178, 27.50000000000000000, 0.000000000000000000 ) ) ;
#1410 = CARTESIAN_POINT ( 'NONE',  ( 4.125000000000000000, 3.900000000000000799, -5.200000000000001066 ) ) ;
#1411 = CIRCLE ( 'NONE', #1120, 2.500000000000001332 ) ;
#1412 = CIRCLE ( 'NONE', #1283, 1.699999999999999734 ) ;
#1413 = VERTEX_POINT ( 'NONE', #1038 ) ;
#1414 = DIRECTION ( 'NONE',  ( 0.000000000000000000, 0.000000000000000000, 1.000000000000000000 ) ) ;
#1415 = EDGE_CURVE ( 'NONE', #410, #61, #30, .T. ) ;
#1416 = DIRECTION ( 'NONE',  ( 0.000000000000000000, 0.000000000000000000, -1.000000000000000000 ) ) ;
#1417 = LINE ( 'NONE', #281, #757 ) ;
#1418 = EDGE_CURVE ( 'NONE', #891, #182, #288, .T. ) ;
#1419 = ORIENTED_EDGE ( 'NONE', *, *, #507, .F. ) ;
#1420 = DIRECTION ( 'NONE',  ( 1.000000000000000000, 0.000000000000000000, 0.000000000000000000 ) ) ;
#1421 = ORIENTED_EDGE ( 'NONE', *, *, #1020, .F. ) ;
#1422 =( NAMED_UNIT ( * ) SI_UNIT ( $, .STERADIAN. ) SOLID_ANGLE_UNIT ( ) );
#1423 = CARTESIAN_POINT ( 'NONE',  ( 0.2999999999999999889, 1.399999999999999911, 4.799999999999999822 ) ) ;
#1424 = VERTEX_POINT ( 'NONE', #529 ) ;
#1425 = CARTESIAN_POINT ( 'NONE',  ( 29.60000000000000142, 22.22500000000000142, 4.000000000000000000 ) ) ;
#1426 = EDGE_CURVE ( 'NONE', #1424, #1298, #796, .T. ) ;
#1427 = DIRECTION ( 'NONE',  ( 0.000000000000000000, 0.000000000000000000, 1.000000000000000000 ) ) ;
#1428 = DIRECTION ( 'NONE',  ( 0.7071067811865475727, 0.7071067811865475727, 0.000000000000000000 ) ) ;
#1429 = ORIENTED_EDGE ( 'NONE', *, *, #1585, .F. ) ;
#1430 = CARTESIAN_POINT ( 'NONE',  ( 0.2999999999999999889, 1.399999999999999911, 0.000000000000000000 ) ) ;
#1431 = CIRCLE ( 'NONE', #1611, 2.499999999999999112 ) ;
#1432 = CARTESIAN_POINT ( 'NONE',  ( 25.72500000000000142, 25.90000000000000213, -5.200000000000001066 ) ) ;
#1433 = AXIS2_PLACEMENT_3D ( 'NONE', #1636, #1522, #490 ) ;
#1434 = ORIENTED_EDGE ( 'NONE', *, *, #9, .T. ) ;
#1435 = DIRECTION ( 'NONE',  ( 0.5773502691896260641, -0.5773502691896260641, -0.5773502691896250649 ) ) ;
#1436 = CARTESIAN_POINT ( 'NONE',  ( 29.60000000000000142, 1.399999999999999911, 4.000000000000000000 ) ) ;
#1437 = PRODUCT_DEFINITION ( 'UNKNOWN', '', #884, #362 ) ;
#1438 = CARTESIAN_POINT ( 'NONE',  ( 28.50000000000000000, 28.89999999999999858, 3.600000000000000089 ) ) ;
#1439 = EDGE_LOOP ( 'NONE', ( #538, #85, #422, #1079 ) ) ;
#1440 = DIRECTION ( 'NONE',  ( 0.7071067811865466846, -0.7071067811865483499, 0.000000000000000000 ) ) ;
#1441 = VECTOR ( 'NONE', #95, 1000.000000000000000 ) ;
#1442 = ORIENTED_EDGE ( 'NONE', *, *, #303, .T. ) ;
#1443 = CARTESIAN_POINT ( 'NONE',  ( 4.125000000000000000, 25.89999999999999858, -5.200000000000001066 ) ) ;
#1444 = CARTESIAN_POINT ( 'NONE',  ( 23.27500000000000213, 3.900000000000014566, 4.799999999999999822 ) ) ;
#1445 = ORIENTED_EDGE ( 'NONE', *, *, #1102, .F. ) ;
#1446 = ORIENTED_EDGE ( 'NONE', *, *, #335, .F. ) ;
#1447 = ADVANCED_FACE ( 'NONE', ( #1312 ), #1511, .T. ) ;
#1448 = CIRCLE ( 'NONE', #473, 1.699999999999999734 ) ;
#1449 = DIRECTION ( 'NONE',  ( 0.000000000000000000, 0.000000000000000000, -1.000000000000000000 ) ) ;
#1450 = SURFACE_SIDE_STYLE ('',( #1219 ) ) ;
#1451 = CARTESIAN_POINT ( 'NONE',  ( 19.69999999999999929, 9.700000000000001066, 4.400000000000000355 ) ) ;
#1452 = ORIENTED_EDGE ( 'NONE', *, *, #1563, .F. ) ;
#1453 = ORIENTED_EDGE ( 'NONE', *, *, #46, .T. ) ;
#1454 = EDGE_CURVE ( 'NONE', #1424, #1485, #88, .T. ) ;
#1455 = CARTESIAN_POINT ( 'NONE',  ( 0.2999999999999999889, 1.399999999999999911, 4.400000000000000355 ) ) ;
#1456 = DIRECTION ( 'NONE',  ( 0.000000000000000000, -1.000000000000000000, 0.000000000000000000 ) ) ;
#1457 = CARTESIAN_POINT ( 'NONE',  ( 25.69999999999999929, 23.09999999999999787, 4.000000000000000000 ) ) ;
#1458 = VECTOR ( 'NONE', #1435, 1000.000000000000114 ) ;
#1459 = FACE_OUTER_BOUND ( 'NONE', #165, .T. ) ;
#1460 = CARTESIAN_POINT ( 'NONE',  ( 25.69999999999999929, 10.09999999999999964, 3.600000000000000089 ) ) ;
#1461 = EDGE_LOOP ( 'NONE', ( #1558, #269, #439, #845 ) ) ;
#1462 = VECTOR ( 'NONE', #869, 1000.000000000000000 ) ;
#1463 = CARTESIAN_POINT ( 'NONE',  ( 1.699999999999999956, 10.09999999999999964, 3.600000000000000089 ) ) ;
#1464 = PLANE ( 'NONE',  #859 ) ;
#1465 = DIRECTION ( 'NONE',  ( 0.7071067811865480168, 0.000000000000000000, -0.7071067811865470176 ) ) ;
#1466 = EDGE_CURVE ( 'NONE', #103, #1382, #52, .T. ) ;
#1467 = DIRECTION ( 'NONE',  ( 1.000000000000000000, 0.000000000000000000, 0.000000000000000000 ) ) ;
#1468 = DIRECTION ( 'NONE',  ( 0.7071067811865470176, 0.000000000000000000, 0.7071067811865480168 ) ) ;
#1469 = VERTEX_POINT ( 'NONE', #449 ) ;
#1470 = CARTESIAN_POINT ( 'NONE',  ( 28.50000000000000000, 28.89999999999999858, 3.600000000000000089 ) ) ;
#1471 = DIRECTION ( 'NONE',  ( 0.4999999999999991118, 0.4999999999999991118, -0.7071067811865487940 ) ) ;
#1472 = DIRECTION ( 'NONE',  ( 0.000000000000000000, 0.000000000000000000, 1.000000000000000000 ) ) ;
#1473 = EDGE_CURVE ( 'NONE', #419, #1188, #210, .T. ) ;
#1474 = DIRECTION ( 'NONE',  ( -0.7071067811865480168, -4.183870408314320019E-17, 0.7071067811865470176 ) ) ;
#1475 = ORIENTED_EDGE ( 'NONE', *, *, #1595, .T. ) ;
#1476 = ORIENTED_EDGE ( 'NONE', *, *, #379, .T. ) ;
#1477 = DIRECTION ( 'NONE',  ( -1.000000000000000000, 0.000000000000000000, 0.000000000000000000 ) ) ;
#1478 = ORIENTED_EDGE ( 'NONE', *, *, #59, .F. ) ;
#1479 = DIRECTION ( 'NONE',  ( 1.000000000000000000, 0.000000000000000000, 0.000000000000000000 ) ) ;
#1480 = CARTESIAN_POINT ( 'NONE',  ( 28.58492424049174829, 28.98492424049175042, 4.400000000000000355 ) ) ;
#1481 = VECTOR ( 'NONE', #593, 1000.000000000000000 ) ;
#1482 = ADVANCED_FACE ( 'NONE', ( #472 ), #1086, .T. ) ;
#1483 = AXIS2_PLACEMENT_3D ( 'NONE', #125, #997, #231 ) ;
#1484 = ORIENTED_EDGE ( 'NONE', *, *, #971, .F. ) ;
#1485 = VERTEX_POINT ( 'NONE', #582 ) ;
#1486 = ADVANCED_FACE ( 'NONE', ( #6 ), #1253, .T. ) ;
#1487 = VERTEX_POINT ( 'NONE', #650 ) ;
#1488 = VECTOR ( 'NONE', #1173, 1000.000000000000000 ) ;
#1489 = LINE ( 'NONE', #360, #359 ) ;
#1490 = DIRECTION ( 'NONE',  ( -0.000000000000000000, -0.000000000000000000, 1.000000000000000000 ) ) ;
#1491 = AXIS2_PLACEMENT_3D ( 'NONE', #1626, #374, #112 ) ;
#1492 = VECTOR ( 'NONE', #518, 1000.000000000000000 ) ;
#1493 = CARTESIAN_POINT ( 'NONE',  ( -1.395710653531740064, 24.80000000000000071, 1.254289283883379902 ) ) ;
#1494 = CARTESIAN_POINT ( 'NONE',  ( 13.70000000000000107, 14.44999999999999929, 0.000000000000000000 ) ) ;
#1495 = EDGE_LOOP ( 'NONE', ( #1627, #578, #166, #1529 ) ) ;
#1496 = ADVANCED_FACE ( 'NONE', ( #1618 ), #122, .T. ) ;
#1497 = ORIENTED_EDGE ( 'NONE', *, *, #4, .F. ) ;
#1498 = DIRECTION ( 'NONE',  ( -0.7071067811865476838, 0.7071067811865474617, 0.000000000000000000 ) ) ;
#1499 = CARTESIAN_POINT ( 'NONE',  ( 27.09999999999999787, 1.399999999999999911, 4.799999999999999822 ) ) ;
#1500 = LINE ( 'NONE', #1517, #802 ) ;
#1501 = UNCERTAINTY_MEASURE_WITH_UNIT (LENGTH_MEASURE( 1.000000000000000082E-05 ), #215, 'distance_accuracy_value', 'NONE');
#1502 = ORIENTED_EDGE ( 'NONE', *, *, #1604, .F. ) ;
#1503 = CIRCLE ( 'NONE', #1049, 1.225000000000003864 ) ;
#1504 = EDGE_LOOP ( 'NONE', ( #974, #555, #1419, #42 ) ) ;
#1505 = CARTESIAN_POINT ( 'NONE',  ( 25.69999999999999929, 23.09999999999999787, 3.600000000000000089 ) ) ;
#1506 = CARTESIAN_POINT ( 'NONE',  ( 1.674999999999998934, 3.900000000000000799, 3.600000000000000089 ) ) ;
#1507 = ADVANCED_FACE ( 'NONE', ( #644 ), #745, .F. ) ;
#1508 = PLANE ( 'NONE',  #1356 ) ;
#1509 = CIRCLE ( 'NONE', #1537, 2.499999999999999112 ) ;
#1510 = ORIENTED_EDGE ( 'NONE', *, *, #1638, .T. ) ;
#1511 = CONICAL_SURFACE ( 'NONE', #157, 2.100000000000000089, 0.7853981633974461696 ) ;
#1512 = FACE_OUTER_BOUND ( 'NONE', #695, .T. ) ;
#1513 = EDGE_LOOP ( 'NONE', ( #587, #1552, #203, #1168 ) ) ;
#1514 = DIRECTION ( 'NONE',  ( -5.916886274649569072E-17, 1.000000000000000000, 0.000000000000000000 ) ) ;
#1515 = DIRECTION ( 'NONE',  ( 0.000000000000000000, 0.000000000000000000, -1.000000000000000000 ) ) ;
#1516 = CARTESIAN_POINT ( 'NONE',  ( 21.64999999999999858, -0.6999999999999999556, 4.400000000000000355 ) ) ;
#1517 = CARTESIAN_POINT ( 'NONE',  ( 26.50000000000000000, 23.90000000000000213, 4.799999999999999822 ) ) ;
#1518 = EDGE_CURVE ( 'NONE', #174, #1291, #927, .T. ) ;
#1519 = VECTOR ( 'NONE', #692, 1000.000000000000000 ) ;
#1520 = EDGE_LOOP ( 'NONE', ( #287, #868, #158, #770 ) ) ;
#1521 = VERTEX_POINT ( 'NONE', #1643 ) ;
#1522 = DIRECTION ( 'NONE',  ( -1.309225264888160013E-17, -1.000000000000000000, 0.000000000000000000 ) ) ;
#1523 = CARTESIAN_POINT ( 'NONE',  ( 27.09999999999999787, 30.00000000000000000, 3.600000000000000089 ) ) ;
#1524 = LINE ( 'NONE', #1132, #183 ) ;
#1525 = FACE_OUTER_BOUND ( 'NONE', #1127, .T. ) ;
#1526 = ADVANCED_FACE ( 'NONE', ( #106 ), #1152, .F. ) ;
#1527 = PLANE ( 'NONE',  #988 ) ;
#1528 = VECTOR ( 'NONE', #300, 1000.000000000000000 ) ;
#1529 = ORIENTED_EDGE ( 'NONE', *, *, #883, .T. ) ;
#1530 = DIRECTION ( 'NONE',  ( 0.000000000000000000, 0.000000000000000000, 1.000000000000000000 ) ) ;
#1531 = PLANE ( 'NONE',  #5 ) ;
#1532 = VERTEX_POINT ( 'NONE', #1400 ) ;
#1533 = LINE ( 'NONE', #1443, #481 ) ;
#1534 = CARTESIAN_POINT ( 'NONE',  ( 27.09999999999999787, 1.399999999999999911, 3.600000000000000089 ) ) ;
#1535 = EDGE_CURVE ( 'NONE', #1485, #38, #1309, .T. ) ;
#1536 = DIRECTION ( 'NONE',  ( 0.000000000000000000, 0.000000000000000000, 1.000000000000000000 ) ) ;
#1537 = AXIS2_PLACEMENT_3D ( 'NONE', #1093, #1596, #837 ) ;
#1538 = ORIENTED_EDGE ( 'NONE', *, *, #241, .F. ) ;
#1539 = DIRECTION ( 'NONE',  ( 0.7071067811865480168, 0.000000000000000000, -0.7071067811865470176 ) ) ;
#1540 = ADVANCED_FACE ( 'NONE', ( #246 ), #115, .F. ) ;
#1541 = DIRECTION ( 'NONE',  ( 0.000000000000000000, -1.000000000000000000, 0.000000000000000000 ) ) ;
#1542 = ORIENTED_EDGE ( 'NONE', *, *, #1388, .F. ) ;
#1543 = DIRECTION ( 'NONE',  ( -0.7071067811865476838, 0.7071067811865474617, 0.000000000000000000 ) ) ;
#1544 = CARTESIAN_POINT ( 'NONE',  ( -1.100000000000000089, 2.799999999999999822, 2.649999981001020188 ) ) ;
#1545 = AXIS2_PLACEMENT_3D ( 'NONE', #477, #1329, #674 ) ;
#1546 = ORIENTED_EDGE ( 'NONE', *, *, #782, .T. ) ;
#1547 = EDGE_CURVE ( 'NONE', #1164, #1424, #325, .T. ) ;
#1548 = ORIENTED_EDGE ( 'NONE', *, *, #133, .T. ) ;
#1549 = CARTESIAN_POINT ( 'NONE',  ( 4.125000000000000000, 25.89999999999999858, 3.600000000000000089 ) ) ;
#1550 = CARTESIAN_POINT ( 'NONE',  ( -1.100000000000000089, 2.799999999999999822, 0.9585786303516460327 ) ) ;
#1551 = CARTESIAN_POINT ( 'NONE',  ( 1.699999999999999956, 23.09999999999999787, 3.600000000000000089 ) ) ;
#1552 = ORIENTED_EDGE ( 'NONE', *, *, #646, .F. ) ;
#1553 = ADVANCED_FACE ( 'NONE', ( #264 ), #255, .F. ) ;
#1554 = VERTEX_POINT ( 'NONE', #399 ) ;
#1555 = CARTESIAN_POINT ( 'NONE',  ( 28.79999997541310108, 2.799999999999999822, 1.699999962002030074 ) ) ;
#1556 = LINE ( 'NONE', #425, #92 ) ;
#1557 = LINE ( 'NONE', #810, #1201 ) ;
#1558 = ORIENTED_EDGE ( 'NONE', *, *, #205, .F. ) ;
#1559 = AXIS2_PLACEMENT_3D ( 'NONE', #589, #581, #1584 ) ;
#1560 = CARTESIAN_POINT ( 'NONE',  ( 28.30208152801713339, 28.70208152801713553, 4.799999999999999822 ) ) ;
#1561 = VECTOR ( 'NONE', #948, 1000.000000000000000 ) ;
#1562 = DIRECTION ( 'NONE',  ( 0.000000000000000000, 1.000000000000000000, 0.000000000000000000 ) ) ;
#1563 = EDGE_CURVE ( 'NONE', #1298, #1097, #1198, .T. ) ;
#1564 = PLANE ( 'NONE',  #193 ) ;
#1565 = VERTEX_POINT ( 'NONE', #1142 ) ;
#1566 = AXIS2_PLACEMENT_3D ( 'NONE', #1375, #1143, #520 ) ;
#1567 = VERTEX_POINT ( 'NONE', #1017 ) ;
#1568 = VECTOR ( 'NONE', #1064, 1000.000000000000000 ) ;
#1569 = FACE_OUTER_BOUND ( 'NONE', #1341, .T. ) ;
#1570 = CARTESIAN_POINT ( 'NONE',  ( 27.09999999999999787, 1.399999999999999911, 0.000000000000000000 ) ) ;
#1571 = CARTESIAN_POINT ( 'NONE',  ( -2.200000000000000178, -1.100000000000000089, 0.000000000000000000 ) ) ;
#1572 = EDGE_CURVE ( 'NONE', #307, #317, #772, .T. ) ;
#1573 = VERTEX_POINT ( 'NONE', #131 ) ;
#1574 = ORIENTED_EDGE ( 'NONE', *, *, #813, .F. ) ;
#1575 = DIRECTION ( 'NONE',  ( 0.000000000000000000, 0.000000000000000000, 1.000000000000000000 ) ) ;
#1576 = DIRECTION ( 'NONE',  ( 0.000000000000000000, 0.000000000000000000, 1.000000000000000000 ) ) ;
#1577 = VERTEX_POINT ( 'NONE', #1274 ) ;
#1578 = CIRCLE ( 'NONE', #286, 1.225000000000000311 ) ;
#1579 = LINE ( 'NONE', #602, #621 ) ;
#1580 = LINE ( 'NONE', #817, #331 ) ;
#1581 = ORIENTED_EDGE ( 'NONE', *, *, #749, .T. ) ;
#1582 = EDGE_CURVE ( 'NONE', #1485, #1222, #228, .T. ) ;
#1583 = ORIENTED_EDGE ( 'NONE', *, *, #1190, .T. ) ;
#1584 = DIRECTION ( 'NONE',  ( 0.7071067811865466846, -0.7071067811865483499, 0.000000000000000000 ) ) ;
#1585 = EDGE_CURVE ( 'NONE', #1532, #1298, #1243, .T. ) ;
#1586 = VECTOR ( 'NONE', #1601, 1000.000000000000000 ) ;
#1587 = DIRECTION ( 'NONE',  ( 0.000000000000000000, 0.000000000000000000, 1.000000000000000000 ) ) ;
#1588 = AXIS2_PLACEMENT_3D ( 'NONE', #1368, #1490, #1610 ) ;
#1589 = DIRECTION ( 'NONE',  ( 0.000000000000000000, 0.000000000000000000, 1.000000000000000000 ) ) ;
#1590 = DIRECTION ( 'NONE',  ( 0.000000000000000000, 0.000000000000000000, -1.000000000000000000 ) ) ;
#1591 = ORIENTED_EDGE ( 'NONE', *, *, #763, .F. ) ;
#1592 = AXIS2_PLACEMENT_3D ( 'NONE', #1430, #297, #1046 ) ;
#1593 = CARTESIAN_POINT ( 'NONE',  ( 27.09999999999999787, 1.399999999999999911, 4.799999999999999822 ) ) ;
#1594 = FACE_BOUND ( 'NONE', #930, .T. ) ;
#1595 = EDGE_CURVE ( 'NONE', #1249, #1189, #499, .T. ) ;
#1596 = DIRECTION ( 'NONE',  ( 0.000000000000000000, 0.000000000000000000, 1.000000000000000000 ) ) ;
#1597 = ORIENTED_EDGE ( 'NONE', *, *, #1056, .F. ) ;
#1598 = ORIENTED_EDGE ( 'NONE', *, *, #782, .F. ) ;
#1599 = PLANE ( 'NONE',  #851 ) ;
#1600 = DIRECTION ( 'NONE',  ( 0.000000000000000000, 0.000000000000000000, 1.000000000000000000 ) ) ;
#1601 = DIRECTION ( 'NONE',  ( -0.000000000000000000, -0.000000000000000000, 1.000000000000000000 ) ) ;
#1602 = EDGE_CURVE ( 'NONE', #1188, #734, #1383, .T. ) ;
#1603 = AXIS2_PLACEMENT_3D ( 'NONE', #800, #277, #1306 ) ;
#1604 = EDGE_CURVE ( 'NONE', #61, #1014, #751, .T. ) ;
#1605 = CARTESIAN_POINT ( 'NONE',  ( 27.09999999999999787, 27.50000000000000000, 3.600000000000000089 ) ) ;
#1606 = ORIENTED_EDGE ( 'NONE', *, *, #1404, .T. ) ;
#1607 = DIRECTION ( 'NONE',  ( 0.000000000000000000, 0.000000000000000000, 1.000000000000000000 ) ) ;
#1608 = LINE ( 'NONE', #71, #1301 ) ;
#1609 = CARTESIAN_POINT ( 'NONE',  ( 28.50000000000000000, 24.80000000000000071, 0.9585786303516370399 ) ) ;
#1610 = DIRECTION ( 'NONE',  ( 1.000000000000000000, 0.000000000000000000, 0.000000000000000000 ) ) ;
#1611 = AXIS2_PLACEMENT_3D ( 'NONE', #1570, #1587, #1354 ) ;
#1612 = EDGE_CURVE ( 'NONE', #1222, #1469, #134, .T. ) ;
#1613 = LINE ( 'NONE', #216, #909 ) ;
#1614 = ORIENTED_EDGE ( 'NONE', *, *, #698, .T. ) ;
#1615 = ORIENTED_EDGE ( 'NONE', *, *, #720, .F. ) ;
#1616 = ADVANCED_BREP_SHAPE_REPRESENTATION ( 'Lid', ( #879, #1387 ), #595 ) ;
#1617 = ORIENTED_EDGE ( 'NONE', *, *, #910, .F. ) ;
#1618 = FACE_OUTER_BOUND ( 'NONE', #199, .T. ) ;
#1619 = PLANE ( 'NONE',  #597 ) ;
#1620 = CARTESIAN_POINT ( 'NONE',  ( 28.50000000000000000, 2.799999999999999822, 2.441421293652420221 ) ) ;
#1621 = VECTOR ( 'NONE', #506, 1000.000000000000000 ) ;
#1622 = AXIS2_PLACEMENT_3D ( 'NONE', #1332, #1195, #293 ) ;
#1623 = VERTEX_POINT ( 'NONE', #932 ) ;
#1624 = ORIENTED_EDGE ( 'NONE', *, *, #827, .T. ) ;
#1625 = EDGE_CURVE ( 'NONE', #1521, #43, #673, .T. ) ;
#1626 = CARTESIAN_POINT ( 'NONE',  ( 0.2999999999999999889, 1.399999999999999911, 4.000000000000000000 ) ) ;
#1627 = ORIENTED_EDGE ( 'NONE', *, *, #1021, .F. ) ;
#1628 = CARTESIAN_POINT ( 'NONE',  ( 0.2999999999999999889, 27.50000000000000000, 4.799999999999999822 ) ) ;
#1629 = DIRECTION ( 'NONE',  ( -0.000000000000000000, 1.000000000000000000, 0.000000000000000000 ) ) ;
#1630 = CARTESIAN_POINT ( 'NONE',  ( 28.50000000000000000, 28.89999999999999858, 3.600000000000000089 ) ) ;
#1631 = APPLICATION_CONTEXT ( 'automotive_design' ) ;
#1632 = EDGE_LOOP ( 'NONE', ( #1030, #1252, #1373, #495 ) ) ;
#1633 = CARTESIAN_POINT ( 'NONE',  ( 29.60000000000000142, 27.50000000000000000, 4.000000000000000000 ) ) ;
#1634 = ORIENTED_EDGE ( 'NONE', *, *, #771, .T. ) ;
#1635 = EDGE_LOOP ( 'NONE', ( #1597, #703, #1116, #683 ) ) ;
#1636 = CARTESIAN_POINT ( 'NONE',  ( 29.60000000000000142, -1.100000000000000089, 3.600000000000000089 ) ) ;
#1637 = CARTESIAN_POINT ( 'NONE',  ( 29.60000000000000142, -1.100000000000000089, 3.600000000000000089 ) ) ;
#1638 = EDGE_CURVE ( 'NONE', #1045, #454, #441, .T. ) ;
#1639 = FACE_OUTER_BOUND ( 'NONE', #1299, .T. ) ;
#1640 = VECTOR ( 'NONE', #432, 1000.000000000000000 ) ;
#1641 = ORIENTED_EDGE ( 'NONE', *, *, #763, .T. ) ;
#1642 = AXIS2_PLACEMENT_3D ( 'NONE', #100, #1416, #279 ) ;
#1643 = CARTESIAN_POINT ( 'NONE',  ( 27.09999999999999787, -1.100000000000000089, 4.000000000000000000 ) ) ;
ENDSEC;
END-ISO-10303-21;
