ISO-10303-21;
HEADER;
FILE_DESCRIPTION (( 'STEP AP214' ),
    '1' );
FILE_NAME ('Part1^ob15_v3.4.0.STEP',
    '2026-03-18T17:47:56',
    ( '' ),
    ( '' ),
    'SwSTEP 2.0',
    'SolidWorks 2025',
    '' );
FILE_SCHEMA (( 'AUTOMOTIVE_DESIGN' ));
ENDSEC;

DATA;
#1 = CIRCLE ( 'NONE', #4451, 4.250000000000003553 ) ;
#2 = ORIENTED_EDGE ( 'NONE', *, *, #830, .F. ) ;
#3 = AXIS2_PLACEMENT_3D ( 'NONE', #955, #258, #3815 ) ;
#4 = LINE ( 'NONE', #2157, #13 ) ;
#5 = CARTESIAN_POINT ( 'NONE',  ( -44.36964741210145036, 83.07792079238596727, 36.24996037637541235 ) ) ;
#6 = AXIS2_PLACEMENT_3D ( 'NONE', #1068, #2505, #2811 ) ;
#7 = CARTESIAN_POINT ( 'NONE',  ( -37.64443544753716253, 87.22599418148401185, 2.927545269274293815 ) ) ;
#8 = ORIENTED_EDGE ( 'NONE', *, *, #2435, .T. ) ;
#9 = ORIENTED_EDGE ( 'NONE', *, *, #133, .T. ) ;
#10 = CARTESIAN_POINT ( 'NONE',  ( 44.43760483807939465, 82.67847314361931410, 3.663972935977556578 ) ) ;
#11 = EDGE_CURVE ( 'NONE', #933, #2251, #2434, .T. ) ;
#12 = CARTESIAN_POINT ( 'NONE',  ( 40.00000000000146372, 57.99999999999999289, 2.250000000001754596 ) ) ;
#13 = VECTOR ( 'NONE', #2897, 1000.000000000000114 ) ;
#14 = PLANE ( 'NONE',  #2803 ) ;
#15 = EDGE_LOOP ( 'NONE', ( #3185, #4430, #3720, #3335 ) ) ;
#16 = CARTESIAN_POINT ( 'NONE',  ( -58.93885037276795913, 60.00000000000000000, 8.454619388304749350 ) ) ;
#17 = CARTESIAN_POINT ( 'NONE',  ( 38.06812787302401802, 87.95018859250562571, 36.77578696374671807 ) ) ;
#18 = CARTESIAN_POINT ( 'NONE',  ( -61.69198834350805072, 83.30920141917634680, 11.14917346819808763 ) ) ;
#19 = CIRCLE ( 'NONE', #2645, 7.499999999999985789 ) ;
#20 = ORIENTED_EDGE ( 'NONE', *, *, #2650, .T. ) ;
#21 = ORIENTED_EDGE ( 'NONE', *, *, #2701, .T. ) ;
#22 = ADVANCED_FACE ( 'NONE', ( #3257 ), #2135, .F. ) ;
#23 = CARTESIAN_POINT ( 'NONE',  ( -40.72120438883882798, 79.94040231525609386, 45.70522423127822975 ) ) ;
#24 = MECHANICAL_DESIGN_GEOMETRIC_PRESENTATION_REPRESENTATION (  '', ( #1892 ), #1669 ) ;
#25 = CARTESIAN_POINT ( 'NONE',  ( -39.99999999999853628, 68.99999999999995737, 44.25000000000176215 ) ) ;
#26 =( NAMED_UNIT ( * ) SI_UNIT ( $, .STERADIAN. ) SOLID_ANGLE_UNIT ( ) );
#27 = ORIENTED_EDGE ( 'NONE', *, *, #3014, .F. ) ;
#28 = EDGE_CURVE ( 'NONE', #3587, #4436, #4668, .T. ) ;
#29 = CARTESIAN_POINT ( 'NONE',  ( 61.66681070950037480, 58.00252549018552628, 7.509594128728224405 ) ) ;
#30 = CARTESIAN_POINT ( 'NONE',  ( -36.74900336902170039, 86.71674473103102798, 1.882523442483084564 ) ) ;
#31 = ORIENTED_EDGE ( 'NONE', *, *, #1008, .T. ) ;
#32 = ADVANCED_FACE ( 'NONE', ( #54 ), #774, .F. ) ;
#33 = DIRECTION ( 'NONE',  ( 0.5000000000000014433, 0.000000000000000000, 0.8660254037844378194 ) ) ;
#34 = CARTESIAN_POINT ( 'NONE',  ( 60.72134688574394090, 57.99999999999999289, 9.282680179213594229 ) ) ;
#35 = CARTESIAN_POINT ( 'NONE',  ( -36.32550877646404075, 79.48734778514874222, 57.60460681025123364 ) ) ;
#36 = CARTESIAN_POINT ( 'NONE',  ( -59.27041945660403144, 78.69724594198127932, 13.98582629556199031 ) ) ;
#37 = ADVANCED_FACE ( 'NONE', ( #2568 ), #3767, .T. ) ;
#38 = CARTESIAN_POINT ( 'NONE',  ( -34.49048512576489856, 73.18114334837129320, -1.664182382568829555 ) ) ;
#39 = ORIENTED_EDGE ( 'NONE', *, *, #28, .T. ) ;
#40 = CARTESIAN_POINT ( 'NONE',  ( -37.46900612106248474, 84.49210809402381983, 45.16559184809788974 ) ) ;
#41 = CARTESIAN_POINT ( 'NONE',  ( -29.00000000000000000, 57.99999999999999289, 59.95388455197960553 ) ) ;
#42 = CARTESIAN_POINT ( 'NONE',  ( -60.72221325061469344, 57.39648034792985243, 9.221228521476923845 ) ) ;
#43 = ORIENTED_EDGE ( 'NONE', *, *, #11, .F. ) ;
#44 = EDGE_LOOP ( 'NONE', ( #3566, #3998, #3817, #3938 ) ) ;
#45 = CARTESIAN_POINT ( 'NONE',  ( 55.31710563723526519, 85.04613913810007375, 12.85731814118573979 ) ) ;
#46 = CARTESIAN_POINT ( 'NONE',  ( 26.99999999999999289, 60.00000000000000711, 59.77890722492775666 ) ) ;
#47 = CARTESIAN_POINT ( 'NONE',  ( -65.98076211353313170, 57.99999999999999289, 10.00000000000003020 ) ) ;
#48 = ORIENTED_EDGE ( 'NONE', *, *, #3078, .F. ) ;
#49 = CARTESIAN_POINT ( 'NONE',  ( 40.72023326153489364, 79.94313948422426108, 45.70533059742925985 ) ) ;
#50 = CARTESIAN_POINT ( 'NONE',  ( -45.34027067176981518, 79.57442212138946047, 37.86778815894898287 ) ) ;
#51 = EDGE_CURVE ( 'NONE', #2620, #2632, #4304, .T. ) ;
#52 = CARTESIAN_POINT ( 'NONE',  ( -37.46234639208056194, 87.15948227826683592, 2.770759688372426144 ) ) ;
#53 = FACE_OUTER_BOUND ( 'NONE', #1165, .T. ) ;
#54 = FACE_OUTER_BOUND ( 'NONE', #3833, .T. ) ;
#55 =( BOUNDED_SURFACE ( )  B_SPLINE_SURFACE ( 3, 2, ( 
 ( #4197, #988, #2753 ),
 ( #2467, #1754, #3519 ),
 ( #3910, #673, #960 ),
 ( #4620, #1384, #1689 ),
 ( #2107, #2772, #1407 ),
 ( #3198, #3843, #4644 ),
 ( #649, #2800, #3866 ),
 ( #607, #3151, #3935 ),
 ( #2039, #4571, #3499 ),
 ( #2418, #2848, #4295 ),
 ( #265, #1328, #284 ),
 ( #629, #4594, #4252 ),
 ( #1058, #2440, #3887 ),
 ( #695, #2082, #3537 ) ),
 .UNSPECIFIED., .F., .F., .F. ) 
 B_SPLINE_SURFACE_WITH_KNOTS ( ( 4, 2, 2, 2, 2, 2, 4 ),
 ( 3, 3 ),
 ( 4.712388980384689674, 5.083271446433484719, 5.454153912482279765, 5.639595145506676843, 5.825036378531074810, 6.010477611555472777, 6.195918844579869855 ),
 ( 0.000000000000000000, 1.000000000000000000 ),
 .UNSPECIFIED. ) 
 GEOMETRIC_REPRESENTATION_ITEM ( )  RATIONAL_B_SPLINE_SURFACE ( (
 ( 1.000000000000000000, 1.000000000000000000, 1.000000000000000000),
 ( 1.000000000000000000, 1.000078289484303884, 1.000000000000000000),
 ( 1.000000000000000000, 0.9940587233890997299, 1.000000000000000000),
 ( 1.000000000000000000, 0.9728268015983260186, 1.000000000000000000),
 ( 1.000000000000000000, 0.9575757147883735554, 1.000000000000000000),
 ( 1.000000000000000000, 0.9330416481226025960, 1.000000000000000000),
 ( 1.000000000000000000, 0.9246204350350147871, 1.000000000000000000),
 ( 1.000000000000000000, 0.9084331629223681981, 1.000000000000000000),
 ( 1.000000000000000000, 0.9006730216600128403, 1.000000000000000000),
 ( 1.000000000000000000, 0.8869564940662303387, 1.000000000000000000),
 ( 1.000000000000000000, 0.8810072432592450653, 1.000000000000000000),
 ( 1.000000000000000000, 0.8718601403906219849, 1.000000000000000000),
 ( 1.000000000000000000, 0.8686606881001877056, 1.000000000000000000),
 ( 1.000000000000000000, 0.8671211166114426439, 1.000000000000000000) ) ) 
 REPRESENTATION_ITEM ( '' )  SURFACE ( )  );
#56 = CARTESIAN_POINT ( 'NONE',  ( -34.00571861550682229, 83.55679304064624091, 58.54064854132245443 ) ) ;
#57 = EDGE_CURVE ( 'NONE', #344, #4114, #726, .T. ) ;
#58 = AXIS2_PLACEMENT_3D ( 'NONE', #841, #1219, #99 ) ;
#59 = ORIENTED_EDGE ( 'NONE', *, *, #1198, .F. ) ;
#60 = PLANE ( 'NONE',  #2631 ) ;
#61 = DIRECTION ( 'NONE',  ( 0.000000000000000000, 0.000000000000000000, -1.000000000000000000 ) ) ;
#62 = CARTESIAN_POINT ( 'NONE',  ( 38.49210590948458588, 86.00000000000000000, 34.44283656699973761 ) ) ;
#63 = AXIS2_PLACEMENT_3D ( 'NONE', #789, #766, #2942 ) ;
#64 = CARTESIAN_POINT ( 'NONE',  ( -45.40556610490558853, 73.20411230227396970, 1.975095841954151332 ) ) ;
#65 = VERTEX_POINT ( 'NONE', #3612 ) ;
#66 = VERTEX_POINT ( 'NONE', #2902 ) ;
#67 = CARTESIAN_POINT ( 'NONE',  ( 57.76986921802517116, 82.40498838163939865, 14.03836782069697087 ) ) ;
#68 = CARTESIAN_POINT ( 'NONE',  ( -36.88554494270155715, 85.76654995861828468, 4.856233158759583723 ) ) ;
#69 = CARTESIAN_POINT ( 'NONE',  ( -44.14435327812196874, 78.87155742747657428, -0.4987448554502357800 ) ) ;
#70 = VECTOR ( 'NONE', #2698, 1000.000000000000114 ) ;
#71 = ORIENTED_EDGE ( 'NONE', *, *, #3165, .T. ) ;
#72 = DIRECTION ( 'NONE',  ( 0.000000000000000000, 0.000000000000000000, 1.000000000000000000 ) ) ;
#73 = CARTESIAN_POINT ( 'NONE',  ( -45.60176184369666430, 72.98903522886132578, 38.65944320521100508 ) ) ;
#74 = CIRCLE ( 'NONE', #4221, 4.250000000000003553 ) ;
#75 = AXIS2_PLACEMENT_3D ( 'NONE', #925, #2667, #3042 ) ;
#76 = ORIENTED_EDGE ( 'NONE', *, *, #1454, .T. ) ;
#77 = CARTESIAN_POINT ( 'NONE',  ( 40.00000000000146372, 88.00000000000000000, 1.752070710736575165E-12 ) ) ;
#78 = EDGE_CURVE ( 'NONE', #2076, #2997, #4347, .T. ) ;
#79 = CIRCLE ( 'NONE', #6, 2.250000000000002220 ) ;
#80 = B_SPLINE_CURVE_WITH_KNOTS ( 'NONE', 3,
 ( #1194, #496, #2663, #1942, #4399, #242, #584, #3150, #3420, #2708, #2013, #3060, #4530, #1618, #216, #1687, #2417, #2374, #3498, #1327, #2771, #264, #3130, #4173, #2038, #4251 ),
 .UNSPECIFIED., .F., .F.,
 ( 4, 2, 2, 2, 2, 2, 2, 2, 2, 2, 2, 2, 4 ),
 ( 0.000000000000000000, 0.001459190594107223887, 0.002918381188214447773, 0.004377571782321671226, 0.005107167079375300733, 0.005836762376428930241, 0.007295952970536157163, 0.008025548267589756313, 0.008755143564643354595, 0.009484738861696954612, 0.01021433415875055289, 0.01094392945580415118, 0.01167352475285774946 ),
 .UNSPECIFIED. ) ;
#81 = PLANE ( 'NONE',  #4526 ) ;
#82 = CONICAL_SURFACE ( 'NONE', #1721, 4.250000000000003553, 0.7853981633974450594 ) ;
#83 =( BOUNDED_SURFACE ( )  B_SPLINE_SURFACE ( 3, 2, ( 
 ( #2547, #343, #3310 ),
 ( #1766, #4332, #2195 ),
 ( #2526, #4383, #1136 ),
 ( #3967, #731, #2573 ),
 ( #1223, #2665, #4108 ),
 ( #869, #2167, #755 ),
 ( #3617, #587, #3425 ),
 ( #3113, #2400, #2736 ),
 ( #4557, #4575, #548 ),
 ( #1311, #4130, #922 ),
 ( #221, #3135, #1946 ),
 ( #1335, #4533, #891 ),
 ( #4178, #3404, #1622 ),
 ( #3449, #1599, #3847 ) ),
 .UNSPECIFIED., .F., .F., .T. ) 
 B_SPLINE_SURFACE_WITH_KNOTS ( ( 4, 2, 2, 2, 2, 2, 4 ),
 ( 3, 3 ),
 ( 4.712388980384689674, 5.083271446433484719, 5.454153912482279765, 5.639595145506676843, 5.825036378531074810, 6.010477611555472777, 6.195918844579869855 ),
 ( 0.000000000000000000, 1.000000000000000000 ),
 .UNSPECIFIED. ) 
 GEOMETRIC_REPRESENTATION_ITEM ( )  RATIONAL_B_SPLINE_SURFACE ( (
 ( 1.000000000000000000, 1.000000000000000000, 1.000000000000000000),
 ( 1.000000000000000000, 1.000078289484303884, 1.000000000000000000),
 ( 1.000000000000000000, 0.9940587233890997299, 1.000000000000000000),
 ( 1.000000000000000000, 0.9728268015983260186, 1.000000000000000000),
 ( 1.000000000000000000, 0.9575757147883735554, 1.000000000000000000),
 ( 1.000000000000000000, 0.9330416481226025960, 1.000000000000000000),
 ( 1.000000000000000000, 0.9246204350350872847, 1.000000000000000000),
 ( 1.000000000000000000, 0.9084331629222954785, 1.000000000000000000),
 ( 1.000000000000000000, 0.9006730216602781836, 1.000000000000000000),
 ( 1.000000000000000000, 0.8869564940659643293, 1.000000000000000000),
 ( 1.000000000000000000, 0.8810072432591760094, 1.000000000000000000),
 ( 1.000000000000000000, 0.8718601403906918179, 1.000000000000000000),
 ( 1.000000000000000000, 0.8686606881001337488, 1.000000000000000000),
 ( 1.000000000000000000, 0.8671211166114430879, 1.000000000000000000) ) ) 
 REPRESENTATION_ITEM ( '' )  SURFACE ( )  );
#84 = ORIENTED_EDGE ( 'NONE', *, *, #4477, .T. ) ;
#85 = EDGE_CURVE ( 'NONE', #1592, #4646, #74, .T. ) ;
#86 = FACE_OUTER_BOUND ( 'NONE', #1994, .T. ) ;
#87 = LINE ( 'NONE', #2551, #809 ) ;
#88 = CARTESIAN_POINT ( 'NONE',  ( -42.97856424108820050, 85.17546383702337209, 2.284162657862428336 ) ) ;
#89 = ORIENTED_EDGE ( 'NONE', *, *, #3398, .T. ) ;
#90 = VERTEX_POINT ( 'NONE', #4148 ) ;
#91 = CARTESIAN_POINT ( 'NONE',  ( -39.99999999999853628, 57.99999999999999289, 40.00000000000175504 ) ) ;
#92 = CARTESIAN_POINT ( 'NONE',  ( -35.53932950552994896, 85.35480044171579550, 3.635248873759801214 ) ) ;
#93 = PRODUCT_DEFINITION_FORMATION_WITH_SPECIFIED_SOURCE ( 'ANY', '', #974, .NOT_KNOWN. ) ;
#94 = FACE_OUTER_BOUND ( 'NONE', #791, .T. ) ;
#95 = FACE_OUTER_BOUND ( 'NONE', #3838, .T. ) ;
#96 = VECTOR ( 'NONE', #3015, 999.9999999999998863 ) ;
#97 = VERTEX_POINT ( 'NONE', #2354 ) ;
#98 = CARTESIAN_POINT ( 'NONE',  ( -39.74878396464821861, 87.75860767494150139, 36.25000000000174083 ) ) ;
#99 = DIRECTION ( 'NONE',  ( 0.000000000000000000, 0.000000000000000000, 1.000000000000000000 ) ) ;
#100 = LINE ( 'NONE', #2876, #3912 ) ;
#101 = VECTOR ( 'NONE', #2979, 1000.000000000000000 ) ;
#102 = CARTESIAN_POINT ( 'NONE',  ( -38.00290696936136214, 78.87155742747658849, -3.173975334965499329 ) ) ;
#103 = EDGE_LOOP ( 'NONE', ( #1037, #4384, #2538, #369 ) ) ;
#104 = CARTESIAN_POINT ( 'NONE',  ( -31.59129759131804605, 83.50623547756885046, 58.54394473202128779 ) ) ;
#105 = DIRECTION ( 'NONE',  ( 0.000000000000000000, 0.000000000000000000, 1.000000000000000000 ) ) ;
#106 = VERTEX_POINT ( 'NONE', #3444 ) ;
#107 = CARTESIAN_POINT ( 'NONE',  ( -39.99999999999853628, 81.56256048359782085, 45.75000000000176215 ) ) ;
#108 = CARTESIAN_POINT ( 'NONE',  ( 37.36130286791757271, 87.42892485130306568, 42.67518305677963752 ) ) ;
#109 = CARTESIAN_POINT ( 'NONE',  ( -32.05073989608574436, 78.43577871373828714, 55.15452607157306630 ) ) ;
#110 = EDGE_CURVE ( 'NONE', #2677, #2757, #4172, .T. ) ;
#111 = ORIENTED_EDGE ( 'NONE', *, *, #4447, .F. ) ;
#112 = ORIENTED_EDGE ( 'NONE', *, *, #432, .T. ) ;
#113 = CYLINDRICAL_SURFACE ( 'NONE', #520, 5.000000000000000000 ) ;
#114 = FACE_OUTER_BOUND ( 'NONE', #482, .T. ) ;
#115 = DIRECTION ( 'NONE',  ( 0.8660254037844375974, 0.000000000000000000, -0.5000000000000017764 ) ) ;
#116 = EDGE_CURVE ( 'NONE', #2251, #577, #3692, .T. ) ;
#117 = ORIENTED_EDGE ( 'NONE', *, *, #1810, .F. ) ;
#118 = CYLINDRICAL_SURFACE ( 'NONE', #167, 5.750000000000005329 ) ;
#119 = DIRECTION ( 'NONE',  ( 0.000000000000000000, 0.000000000000000000, 1.000000000000000000 ) ) ;
#120 = CARTESIAN_POINT ( 'NONE',  ( -56.90923573273031622, 85.79038097003058283, 14.73672800196791322 ) ) ;
#121 = ORIENTED_EDGE ( 'NONE', *, *, #1603, .F. ) ;
#122 = DIRECTION ( 'NONE',  ( -0.000000000000000000, 1.000000000000000000, 0.000000000000000000 ) ) ;
#123 = DIRECTION ( 'NONE',  ( 0.000000000000000000, 0.000000000000000000, 1.000000000000000000 ) ) ;
#124 = VERTEX_POINT ( 'NONE', #4024 ) ;
#125 = CYLINDRICAL_SURFACE ( 'NONE', #668, 8.000000000000000000 ) ;
#126 = CARTESIAN_POINT ( 'NONE',  ( -42.69374432848752576, 88.00000000000000000, 43.28728482075176487 ) ) ;
#127 = DIRECTION ( 'NONE',  ( 0.000000000000000000, 0.000000000000000000, 1.000000000000000000 ) ) ;
#128 = VECTOR ( 'NONE', #2451, 1000.000000000000000 ) ;
#129 = VERTEX_POINT ( 'NONE', #1544 ) ;
#130 = ORIENTED_EDGE ( 'NONE', *, *, #3746, .F. ) ;
#131 = CARTESIAN_POINT ( 'NONE',  ( -59.22792120347707368, 57.13501311968687446, 11.80941826846538412 ) ) ;
#132 = FACE_OUTER_BOUND ( 'NONE', #2494, .T. ) ;
#133 = EDGE_CURVE ( 'NONE', #856, #97, #1495, .T. ) ;
#134 = CARTESIAN_POINT ( 'NONE',  ( -40.80420116986038437, 73.00000000000000000, -3.020346134966512164 ) ) ;
#135 = DIRECTION ( 'NONE',  ( -0.000000000000000000, -1.000000000000000000, -0.000000000000000000 ) ) ;
#136 = ORIENTED_EDGE ( 'NONE', *, *, #4170, .F. ) ;
#137 = DIRECTION ( 'NONE',  ( -1.249000902703301108E-16, -0.9949358851208915944, -0.1005116137503923868 ) ) ;
#138 = CARTESIAN_POINT ( 'NONE',  ( -39.99999999999853628, 70.49999999999998579, 40.00000000000175504 ) ) ;
#139 = CARTESIAN_POINT ( 'NONE',  ( 38.15642123281168097, 85.79557978717424760, 5.466573485419660372 ) ) ;
#140 = EDGE_CURVE ( 'NONE', #2499, #2911, #4367, .T. ) ;
#141 = FACE_OUTER_BOUND ( 'NONE', #3159, .T. ) ;
#142 = ORIENTED_EDGE ( 'NONE', *, *, #830, .T. ) ;
#143 = ADVANCED_FACE ( 'NONE', ( #4437 ), #113, .T. ) ;
#144 = CARTESIAN_POINT ( 'NONE',  ( 40.00000000000146372, 73.00000000000000000, 1.752070710736575165E-12 ) ) ;
#145 = CARTESIAN_POINT ( 'NONE',  ( -44.63657209949347759, 69.48186963536572591, 40.94487534219337022 ) ) ;
#146 = AXIS2_PLACEMENT_3D ( 'NONE', #131, #3005, #834 ) ;
#147 = FACE_OUTER_BOUND ( 'NONE', #3349, .T. ) ;
#148 = AXIS2_PLACEMENT_3D ( 'NONE', #1947, #3067, #3017 ) ;
#149 = ORIENTED_EDGE ( 'NONE', *, *, #2679, .T. ) ;
#150 = CARTESIAN_POINT ( 'NONE',  ( 40.00000000000146372, 57.99999999999999289, 1.752070710736575165E-12 ) ) ;
#151 = VECTOR ( 'NONE', #1840, 1000.000000000000114 ) ;
#152 = CARTESIAN_POINT ( 'NONE',  ( -39.53818052884270173, 85.68171022058272968, 5.750000000001758593 ) ) ;
#153 = CARTESIAN_POINT ( 'NONE',  ( -43.66214144995527136, 83.18723196056409108, 0.8399100751955370647 ) ) ;
#154 = PLANE ( 'NONE',  #1522 ) ;
#155 = ORIENTED_EDGE ( 'NONE', *, *, #947, .T. ) ;
#156 = EDGE_LOOP ( 'NONE', ( #3126, #31, #2387 ) ) ;
#157 = CARTESIAN_POINT ( 'NONE',  ( 29.53190657173184874, 88.00000000000001421, 51.41000497488452936 ) ) ;
#158 = CARTESIAN_POINT ( 'NONE',  ( -37.09823167072553929, 88.00000000000000000, 6.787971645951955679 ) ) ;
#159 = CARTESIAN_POINT ( 'NONE',  ( -43.64359815721316238, 84.14183718020382230, 40.89677770463666207 ) ) ;
#160 = ADVANCED_FACE ( 'NONE', ( #3370 ), #1896, .F. ) ;
#161 = EDGE_LOOP ( 'NONE', ( #1881, #4176, #2456 ) ) ;
#162 = AXIS2_PLACEMENT_3D ( 'NONE', #1640, #2256, #2141 ) ;
#163 = DIRECTION ( 'NONE',  ( -0.8660254037844379305, 0.000000000000000000, 0.5000000000000012212 ) ) ;
#164 = DIRECTION ( 'NONE',  ( 0.000000000000000000, -0.000000000000000000, 1.000000000000000000 ) ) ;
#165 =( BOUNDED_CURVE ( )  B_SPLINE_CURVE ( 3, ( #3094, #852, #3809, #1273 ),
 .UNSPECIFIED., .F., .T. ) 
 B_SPLINE_CURVE_WITH_KNOTS ( ( 4, 4 ),
 ( 0.9926558000647330848, 1.245039012629328701 ),
 .UNSPECIFIED. ) 
 CURVE ( )  GEOMETRIC_REPRESENTATION_ITEM ( )  RATIONAL_B_SPLINE_CURVE ( ( 1.000000000000000000, 0.9946989330970830157, 0.9946989330970830157, 1.000000000000000000 ) ) 
 REPRESENTATION_ITEM ( '' )  );
#166 = CARTESIAN_POINT ( 'NONE',  ( -58.12691478501045594, 86.16812536152121993, 12.10443204915632798 ) ) ;
#167 = AXIS2_PLACEMENT_3D ( 'NONE', #1549, #2987, #3011 ) ;
#168 = ADVANCED_FACE ( 'NONE', ( #808 ), #1497, .F. ) ;
#169 = CARTESIAN_POINT ( 'NONE',  ( -59.93287030199613241, 63.59413104804491468, 7.073385092734516100 ) ) ;
#170 = EDGE_LOOP ( 'NONE', ( #21, #1458 ) ) ;
#171 = VECTOR ( 'NONE', #1648, 1000.000000000000114 ) ;
#172 = CARTESIAN_POINT ( 'NONE',  ( 49.87809338607208787, 86.00000000000000000, 14.31469708150908993 ) ) ;
#173 = LINE ( 'NONE', #1601, #171 ) ;
#174 = CARTESIAN_POINT ( 'NONE',  ( -20.00000000000000000, 72.00000000000000000, 60.73668293770337101 ) ) ;
#175 = ADVANCED_FACE ( 'NONE', ( #1119 ), #1186, .T. ) ;
#176 = CIRCLE ( 'NONE', #1448, 7.499999999999985789 ) ;
#177 = FACE_OUTER_BOUND ( 'NONE', #3320, .T. ) ;
#178 = ORIENTED_EDGE ( 'NONE', *, *, #2849, .T. ) ;
#179 = CARTESIAN_POINT ( 'NONE',  ( -46.25341346749900850, 57.99999999999998579, -1.389590051185402242 ) ) ;
#180 = CARTESIAN_POINT ( 'NONE',  ( -64.07155508292413515, 78.69724594198125089, 13.30684357918251415 ) ) ;
#181 = CARTESIAN_POINT ( 'NONE',  ( 35.53269768787856009, 85.68873887985481019, 43.64118014100984766 ) ) ;
#182 = ORIENTED_EDGE ( 'NONE', *, *, #2236, .T. ) ;
#183 = EDGE_LOOP ( 'NONE', ( #2270, #4015, #2201, #1175, #507, #405, #1501, #2281, #3066, #1868 ) ) ;
#184 = FACE_OUTER_BOUND ( 'NONE', #1255, .T. ) ;
#185 = CARTESIAN_POINT ( 'NONE',  ( -27.00000000000000000, 60.00000000000000000, 61.78654690001445005 ) ) ;
#186 = VERTEX_POINT ( 'NONE', #396 ) ;
#187 = B_SPLINE_CURVE_WITH_KNOTS ( 'NONE', 3,
 ( #2857, #1065, #3569, #617 ),
 .UNSPECIFIED., .F., .F.,
 ( 4, 4 ),
 ( 0.000000000000000000, 0.002190302889836715471 ),
 .UNSPECIFIED. ) ;
#188 = CARTESIAN_POINT ( 'NONE',  ( 37.83905190765528204, 87.28104278384012105, 3.064768073149449545 ) ) ;
#189 = CARTESIAN_POINT ( 'NONE',  ( 34.84251652199865390, 84.78910256908766030, 2.550801979697276067 ) ) ;
#190 = CARTESIAN_POINT ( 'NONE',  ( -59.58230503417227197, 82.97727752262201761, 14.89717389285027416 ) ) ;
#191 = CARTESIAN_POINT ( 'NONE',  ( 39.54485825027300194, 57.99999999999999289, -4.999999999999998224 ) ) ;
#192 = CARTESIAN_POINT ( 'NONE',  ( 45.51973069705644548, 57.82568851450467662, 41.45476719623349737 ) ) ;
#193 = ORIENTED_EDGE ( 'NONE', *, *, #1737, .T. ) ;
#194 = CARTESIAN_POINT ( 'NONE',  ( 59.27041945660400302, 78.69724594198125089, 13.98582629556199386 ) ) ;
#195 = FACE_OUTER_BOUND ( 'NONE', #2122, .T. ) ;
#196 = ADVANCED_FACE ( 'NONE', ( #2558 ), #3994, .F. ) ;
#197 = CARTESIAN_POINT ( 'NONE',  ( 49.87809338607209497, 88.00000000000001421, 14.31469708150909703 ) ) ;
#198 = CARTESIAN_POINT ( 'NONE',  ( -37.36831174996994775, 87.42554753171727100, 42.68203572835363957 ) ) ;
#199 = UNCERTAINTY_MEASURE_WITH_UNIT (LENGTH_MEASURE( 1.000000000000000082E-05 ), #2455, 'distance_accuracy_value', 'NONE');
#200 = ORIENTED_EDGE ( 'NONE', *, *, #1355, .T. ) ;
#201 = CARTESIAN_POINT ( 'NONE',  ( 61.75343958070698847, 57.99999999999999289, 7.560510856280032499 ) ) ;
#202 = CARTESIAN_POINT ( 'NONE',  ( -60.75646755812279309, 57.99999999999999289, 9.304940298967355972 ) ) ;
#203 = ADVANCED_FACE ( 'NONE', ( #4167 ), #4524, .F. ) ;
#204 = CARTESIAN_POINT ( 'NONE',  ( -59.93287030199614662, 60.06677718517471476, 6.717040493722810979 ) ) ;
#205 = CARTESIAN_POINT ( 'NONE',  ( 44.63657209949365523, 69.48186963536306848, 40.94487534219348390 ) ) ;
#206 = DIRECTION ( 'NONE',  ( -0.1186073329426363815, -0.9924325091389669673, -0.03178073907838852019 ) ) ;
#207 = EDGE_LOOP ( 'NONE', ( #3222, #942 ) ) ;
#208 = ORIENTED_EDGE ( 'NONE', *, *, #2209, .F. ) ;
#209 = LINE ( 'NONE', #3835, #2934 ) ;
#210 = CARTESIAN_POINT ( 'NONE',  ( 41.76107333032841495, 84.64729953972924648, 43.31966189096387865 ) ) ;
#211 = CARTESIAN_POINT ( 'NONE',  ( -42.74922305775457687, 84.06659616585221784, 42.56336723544463041 ) ) ;
#212 = ORIENTED_EDGE ( 'NONE', *, *, #2137, .F. ) ;
#213 = CARTESIAN_POINT ( 'NONE',  ( 46.92605355282454838, 64.34509957340581821, -0.3602388100053637299 ) ) ;
#214 = DIRECTION ( 'NONE',  ( -0.000000000000000000, -1.000000000000000000, -0.000000000000000000 ) ) ;
#215 = CIRCLE ( 'NONE', #2762, 7.499999999999985789 ) ;
#216 = CARTESIAN_POINT ( 'NONE',  ( 36.24851476166744391, 85.48675600200307656, 0.1541396101272885510 ) ) ;
#217 = EDGE_CURVE ( 'NONE', #236, #1663, #3416, .T. ) ;
#218 = CIRCLE ( 'NONE', #2846, 3.000000000000000444 ) ;
#219 = CARTESIAN_POINT ( 'NONE',  ( 32.05073989608574436, 78.87155742747657428, 60.13549956203179647 ) ) ;
#220 = ORIENTED_EDGE ( 'NONE', *, *, #338, .F. ) ;
#221 = CARTESIAN_POINT ( 'NONE',  ( 31.90698407121564273, 80.63095583548171419, 57.74472233775615848 ) ) ;
#222 = CARTESIAN_POINT ( 'NONE',  ( -36.69861775942964499, 61.26690412837027822, -2.706543248854864192 ) ) ;
#223 = VECTOR ( 'NONE', #61, 1000.000000000000000 ) ;
#224 = CARTESIAN_POINT ( 'NONE',  ( 34.37105733979398536, 86.00000000000000000, 41.17367138846466190 ) ) ;
#225 = DIRECTION ( 'NONE',  ( -1.632680918566406004E-15, 0.000000000000000000, 1.000000000000000000 ) ) ;
#226 = DIRECTION ( 'NONE',  ( 0.000000000000000000, 0.000000000000000000, 1.000000000000000000 ) ) ;
#227 = EDGE_CURVE ( 'NONE', #4222, #2499, #1985, .T. ) ;
#228 = ORIENTED_EDGE ( 'NONE', *, *, #3906, .T. ) ;
#229 = CARTESIAN_POINT ( 'NONE',  ( -37.72517592256295416, 85.80800782715130026, 5.286093757132748649 ) ) ;
#230 = DIRECTION ( 'NONE',  ( -0.05025580687519588807, 0.9949358851208917054, -0.08704561088320858508 ) ) ;
#231 = AXIS2_PLACEMENT_3D ( 'NONE', #2496, #2805, #3136 ) ;
#232 = CARTESIAN_POINT ( 'NONE',  ( -39.99999999999853628, 70.49999999999998579, 1.752070710736575165E-12 ) ) ;
#233 = ORIENTED_EDGE ( 'NONE', *, *, #4359, .T. ) ;
#234 = EDGE_CURVE ( 'NONE', #3962, #1039, #209, .T. ) ;
#235 = AXIS2_PLACEMENT_3D ( 'NONE', #1660, #2680, #1586 ) ;
#236 = VERTEX_POINT ( 'NONE', #1958 ) ;
#237 = CARTESIAN_POINT ( 'NONE',  ( 57.76169410536201099, 80.63095583562359536, 10.12386228486547068 ) ) ;
#238 = CARTESIAN_POINT ( 'NONE',  ( -44.65168747047641062, 82.12995438537762993, 3.381955788463368417 ) ) ;
#239 = EDGE_LOOP ( 'NONE', ( #4064, #4610, #558, #4333 ) ) ;
#240 =( BOUNDED_CURVE ( )  B_SPLINE_CURVE ( 3, ( #3944, #701, #2136, #1882 ),
 .UNSPECIFIED., .F., .T. ) 
 B_SPLINE_CURVE_WITH_KNOTS ( ( 4, 4 ),
 ( 6.022405407882916784, 6.393581499799157797 ),
 .UNSPECIFIED. ) 
 CURVE ( )  GEOMETRIC_REPRESENTATION_ITEM ( )  RATIONAL_B_SPLINE_CURVE ( ( 1.000000000000000000, 0.9885519411148001589, 0.9885519411148001589, 1.000000000000000000 ) ) 
 REPRESENTATION_ITEM ( '' )  );
#241 = CARTESIAN_POINT ( 'NONE',  ( -39.99999999999853628, 88.00000000000000000, 40.00000000000175504 ) ) ;
#242 = CARTESIAN_POINT ( 'NONE',  ( 37.08364920377019303, 82.04679681226055266, -2.368395270810562447 ) ) ;
#243 = CARTESIAN_POINT ( 'NONE',  ( 35.13717878192534272, 57.99999999999999289, 59.40737406765567385 ) ) ;
#244 = DIRECTION ( 'NONE',  ( 0.000000000000000000, -1.000000000000000000, 0.000000000000000000 ) ) ;
#245 = DIRECTION ( 'NONE',  ( 0.8660254037844378194, 0.000000000000000000, -0.5000000000000014433 ) ) ;
#246 = VERTEX_POINT ( 'NONE', #4217 ) ;
#247 = CARTESIAN_POINT ( 'NONE',  ( -39.99999999999853628, 88.00000000000000000, 1.752070710736575165E-12 ) ) ;
#248 = CIRCLE ( 'NONE', #4536, 5.750000000000005329 ) ;
#249 = CARTESIAN_POINT ( 'NONE',  ( -40.00000000000000000, 78.69724594198126510, -1.181585938782008682 ) ) ;
#250 = CARTESIAN_POINT ( 'NONE',  ( -44.75537525214939905, 59.89987086328520860, 2.988785616664610956 ) ) ;
#251 = VECTOR ( 'NONE', #969, 1000.000000000000114 ) ;
#252 = ORIENTED_EDGE ( 'NONE', *, *, #110, .T. ) ;
#253 = CARTESIAN_POINT ( 'NONE',  ( 40.00000000000146372, 73.00000000000000000, 2.250000000001754596 ) ) ;
#254 = CARTESIAN_POINT ( 'NONE',  ( -26.52975326061399031, 88.00000000000000000, 54.75520845120144742 ) ) ;
#255 = CARTESIAN_POINT ( 'NONE',  ( 63.93169087989239330, 57.99999999999999289, 13.54909548499359317 ) ) ;
#256 = VECTOR ( 'NONE', #1073, 1000.000000000000114 ) ;
#257 = ORIENTED_EDGE ( 'NONE', *, *, #398, .F. ) ;
#258 = DIRECTION ( 'NONE',  ( 0.4980973490458739938, 0.08715574274765822138, -0.8627299156628203125 ) ) ;
#259 = CARTESIAN_POINT ( 'NONE',  ( -45.16933234101444583, 79.54993378217096733, 2.520204523416656794 ) ) ;
#260 = ADVANCED_FACE ( 'NONE', ( #184 ), #2725, .T. ) ;
#261 = ORIENTED_EDGE ( 'NONE', *, *, #4607, .T. ) ;
#262 = ORIENTED_EDGE ( 'NONE', *, *, #2471, .T. ) ;
#263 = CARTESIAN_POINT ( 'NONE',  ( -37.99675306615258563, 87.28804158200451013, 3.175962137263823593 ) ) ;
#264 = CARTESIAN_POINT ( 'NONE',  ( 36.99829696041005889, 86.91809838809867017, 2.258898678670521409 ) ) ;
#265 = CARTESIAN_POINT ( 'NONE',  ( -34.36579357582299110, 80.63095583548124523, 56.32512800838532740 ) ) ;
#266 = CARTESIAN_POINT ( 'NONE',  ( -37.14920443612142975, 85.93803261431261831, 5.639313886386676522 ) ) ;
#267 =( BOUNDED_CURVE ( )  B_SPLINE_CURVE ( 3, ( #3277, #4344, #2563, #4011 ),
 .UNSPECIFIED., .F., .F. ) 
 B_SPLINE_CURVE_WITH_KNOTS ( ( 4, 4 ),
 ( 3.191678159719717911, 4.712388980384689674 ),
 .UNSPECIFIED. ) 
 CURVE ( )  GEOMETRIC_REPRESENTATION_ITEM ( )  RATIONAL_B_SPLINE_CURVE ( ( 1.000000000000000000, 0.8163940767778808949, 0.8163940767778808949, 1.000000000000000000 ) ) 
 REPRESENTATION_ITEM ( '' )  );
#268 = ORIENTED_EDGE ( 'NONE', *, *, #488, .F. ) ;
#269 = LINE ( 'NONE', #3041, #2500 ) ;
#270 = CARTESIAN_POINT ( 'NONE',  ( -51.43707253122686041, 63.62099233973474099, 6.807492804015866206 ) ) ;
#271 = CARTESIAN_POINT ( 'NONE',  ( 44.63657209949365523, 69.48186963536306848, 40.94487534219348390 ) ) ;
#272 = DIRECTION ( 'NONE',  ( -0.8660254037844375974, 0.000000000000000000, -0.5000000000000017764 ) ) ;
#273 = ORIENTED_EDGE ( 'NONE', *, *, #915, .T. ) ;
#274 = CARTESIAN_POINT ( 'NONE',  ( -59.17271645484493803, 78.87155742747657428, 8.177884670110261212 ) ) ;
#275 = DIRECTION ( 'NONE',  ( 0.000000000000000000, 0.000000000000000000, 1.000000000000000000 ) ) ;
#276 = CARTESIAN_POINT ( 'NONE',  ( 32.05073989608575147, 78.43577871373828714, 55.15452607157306630 ) ) ;
#277 = ORIENTED_EDGE ( 'NONE', *, *, #2826, .F. ) ;
#278 = CARTESIAN_POINT ( 'NONE',  ( -34.37105733979183952, 86.00000000000000000, 41.17367138846838515 ) ) ;
#279 = CARTESIAN_POINT ( 'NONE',  ( -32.05073989608574436, 78.69724594198125089, 58.14311016584831293 ) ) ;
#280 = CARTESIAN_POINT ( 'NONE',  ( -32.05073989608574436, 78.87155742747657428, 60.13549956203179647 ) ) ;
#281 = ORIENTED_EDGE ( 'NONE', *, *, #2579, .T. ) ;
#282 = ADVANCED_FACE ( 'NONE', ( #4122 ), #4547, .T. ) ;
#283 = CARTESIAN_POINT ( 'NONE',  ( 34.75500300617156313, 84.66953246883910822, 2.364545011719393131 ) ) ;
#284 = CARTESIAN_POINT ( 'NONE',  ( -31.90698407121671210, 80.63095583548171419, 57.74472233775616559 ) ) ;
#285 = CIRCLE ( 'NONE', #58, 5.750000000000005329 ) ;
#286 = ORIENTED_EDGE ( 'NONE', *, *, #2679, .F. ) ;
#287 = EDGE_CURVE ( 'NONE', #3154, #4222, #1612, .T. ) ;
#288 = CARTESIAN_POINT ( 'NONE',  ( 40.00000000000146372, 88.00000000000000000, 40.00000000000175504 ) ) ;
#289 = AXIS2_PLACEMENT_3D ( 'NONE', #2299, #2559, #4006 ) ;
#290 = VERTEX_POINT ( 'NONE', #4190 ) ;
#291 = CARTESIAN_POINT ( 'NONE',  ( 32.05073989608573726, 78.69724594198125089, 58.14311016584830583 ) ) ;
#292 = CARTESIAN_POINT ( 'NONE',  ( 42.02413794427197047, 85.05113132661632847, 5.395895343101084762 ) ) ;
#293 = CARTESIAN_POINT ( 'NONE',  ( -52.20889839879205141, 85.81452138879335223, 14.23308431906183813 ) ) ;
#294 = B_SPLINE_CURVE_WITH_KNOTS ( 'NONE', 3,
 ( #1846, #68, #1498, #1871, #3323, #92, #1523, #491, #1916, #2253, #2605, #1936, #2961, #4416, #4050, #1167, #3707, #466, #1898, #3371, #4462, #3351 ),
 .UNSPECIFIED., .F., .F.,
 ( 4, 2, 2, 2, 2, 2, 2, 2, 2, 2, 4 ),
 ( 0.000000000000000000, 0.001396548316548035891, 0.002094822474822061100, 0.002793096633096086526, 0.004189644949644127404, 0.004887919107918151963, 0.005586193266192175655, 0.006982741582740252528, 0.008379289899288329402, 0.009775838215836406275, 0.01117238653238448315 ),
 .UNSPECIFIED. ) ;
#295 = CARTESIAN_POINT ( 'NONE',  ( 24.10050506338833287, 72.00000000000000000, 60.73668293770336390 ) ) ;
#296 = ORIENTED_EDGE ( 'NONE', *, *, #2733, .F. ) ;
#297 = DIRECTION ( 'NONE',  ( -0.000000000000000000, -1.000000000000000000, -0.000000000000000000 ) ) ;
#298 = VECTOR ( 'NONE', #3054, 1000.000000000000000 ) ;
#299 = CARTESIAN_POINT ( 'NONE',  ( 39.00432987672196816, 87.87081212816818265, 36.37584684793544199 ) ) ;
#300 = DIRECTION ( 'NONE',  ( 0.1186073329426363815, 0.9924325091389669673, 0.03178073907838852019 ) ) ;
#301 = VECTOR ( 'NONE', #4085, 1000.000000000000000 ) ;
#302 = VERTEX_POINT ( 'NONE', #2704 ) ;
#303 = DIRECTION ( 'NONE',  ( 0.9929340751601267723, -0.1186672759690033524, 0.000000000000000000 ) ) ;
#304 = AXIS2_PLACEMENT_3D ( 'NONE', #4501, #4136, #3811 ) ;
#305 = FACE_OUTER_BOUND ( 'NONE', #1793, .T. ) ;
#306 = FACE_OUTER_BOUND ( 'NONE', #2275, .T. ) ;
#307 = DIRECTION ( 'NONE',  ( 0.000000000000000000, -0.000000000000000000, 1.000000000000000000 ) ) ;
#308 = CARTESIAN_POINT ( 'NONE',  ( 64.24209515326251108, 57.99999999999999289, 8.996180162456679952 ) ) ;
#309 = EDGE_CURVE ( 'NONE', #327, #2430, #2723, .T. ) ;
#310 = ORIENTED_EDGE ( 'NONE', *, *, #594, .F. ) ;
#311 = FACE_OUTER_BOUND ( 'NONE', #3250, .T. ) ;
#312 = CARTESIAN_POINT ( 'NONE',  ( 56.35729289194751601, 86.16560330538023038, 14.70359868475869014 ) ) ;
#313 = ADVANCED_FACE ( 'NONE', ( #908 ), #1638, .T. ) ;
#314 = VERTEX_POINT ( 'NONE', #579 ) ;
#315 = ORIENTED_EDGE ( 'NONE', *, *, #4662, .F. ) ;
#316 = CARTESIAN_POINT ( 'NONE',  ( -33.11560364075280916, 88.00000000000000000, 54.26877554073041665 ) ) ;
#317 = CARTESIAN_POINT ( 'NONE',  ( -58.13164358630567108, 79.18987692760377683, 9.927201239621103568 ) ) ;
#318 = EDGE_CURVE ( 'NONE', #186, #3052, #2835, .T. ) ;
#319 = CIRCLE ( 'NONE', #918, 2.250000000000002220 ) ;
#320 = ORIENTED_EDGE ( 'NONE', *, *, #1191, .F. ) ;
#321 = DIRECTION ( 'NONE',  ( -0.8660254037844380415, -0.000000000000000000, 0.5000000000000012212 ) ) ;
#322 = CARTESIAN_POINT ( 'NONE',  ( 36.39074227641421544, 87.97973888001955345, 38.95099098751224176 ) ) ;
#323 = AXIS2_PLACEMENT_3D ( 'NONE', #4201, #2652, #3346 ) ;
#324 = DIRECTION ( 'NONE',  ( -0.05025580687519610318, 0.9949358851208914833, -0.08704561088320909856 ) ) ;
#325 = ADVANCED_FACE ( 'NONE', ( #3101 ), #3699, .T. ) ;
#326 = ORIENTED_EDGE ( 'NONE', *, *, #2843, .T. ) ;
#327 = VERTEX_POINT ( 'NONE', #16 ) ;
#328 = CARTESIAN_POINT ( 'NONE',  ( 62.14589374127830013, 57.99999999999999289, 12.35368240319121469 ) ) ;
#329 = DIRECTION ( 'NONE',  ( 1.632680918566405215E-15, 0.000000000000000000, 1.000000000000000000 ) ) ;
#330 = CARTESIAN_POINT ( 'NONE',  ( -59.27041945660401723, 78.69724594198125089, 13.98582629556199919 ) ) ;
#331 = CARTESIAN_POINT ( 'NONE',  ( 44.28244071034338702, 57.99999999999999289, -0.2093090894004744074 ) ) ;
#332 = CARTESIAN_POINT ( 'NONE',  ( -54.42659037599321437, 86.00000000000000000, 11.89676647637972451 ) ) ;
#333 = ORIENTED_EDGE ( 'NONE', *, *, #1596, .T. ) ;
#334 = CYLINDRICAL_SURFACE ( 'NONE', #231, 3.000000000000000444 ) ;
#335 = EDGE_LOOP ( 'NONE', ( #471, #3520, #1381, #277, #3747 ) ) ;
#336 = DIRECTION ( 'NONE',  ( -0.000000000000000000, 1.000000000000000000, 0.000000000000000000 ) ) ;
#337 = CARTESIAN_POINT ( 'NONE',  ( 56.68222970961555518, 78.43577871373828714, 12.49153424842434923 ) ) ;
#338 = EDGE_CURVE ( 'NONE', #681, #537, #1420, .T. ) ;
#339 = CARTESIAN_POINT ( 'NONE',  ( -62.67391853435064064, 78.69724594198125089, 8.090792969391028322 ) ) ;
#340 = CARTESIAN_POINT ( 'NONE',  ( 38.20830832898842999, 77.49636431180655904, -3.294289142745520316 ) ) ;
#341 = DIRECTION ( 'NONE',  ( 0.000000000000000000, -1.000000000000000000, -0.000000000000000000 ) ) ;
#342 = CARTESIAN_POINT ( 'NONE',  ( -40.97992981381958089, 78.69724594198125089, 45.66588365217682366 ) ) ;
#343 = CARTESIAN_POINT ( 'NONE',  ( 29.17497351054302612, 86.00000000000000000, 50.17355258111434324 ) ) ;
#344 = VERTEX_POINT ( 'NONE', #278 ) ;
#345 = ADVANCED_FACE ( 'NONE', ( #2072 ), #2096, .T. ) ;
#346 = CARTESIAN_POINT ( 'NONE',  ( 35.84490098427349380, 81.86849628213968799, 57.10514454149235064 ) ) ;
#347 = CARTESIAN_POINT ( 'NONE',  ( -60.64962087507607436, 58.00388826793587782, 9.240679589879153610 ) ) ;
#348 = DIRECTION ( 'NONE',  ( -0.000000000000000000, -1.000000000000000000, -0.000000000000000000 ) ) ;
#349 = ORIENTED_EDGE ( 'NONE', *, *, #3103, .T. ) ;
#350 = CARTESIAN_POINT ( 'NONE',  ( 62.14589374127830013, 57.99999999999999289, 11.82571753415484572 ) ) ;
#351 = DIRECTION ( 'NONE',  ( 0.5000000000000012212, 0.000000000000000000, 0.8660254037844379305 ) ) ;
#352 = CARTESIAN_POINT ( 'NONE',  ( 37.14920443612168555, 85.93803261431251883, 5.639313886385749264 ) ) ;
#353 = ORIENTED_EDGE ( 'NONE', *, *, #1623, .T. ) ;
#354 = ADVANCED_FACE ( 'NONE', ( #3511 ), #2101, .F. ) ;
#355 = CARTESIAN_POINT ( 'NONE',  ( 32.16985240950247515, 86.00000000000000000, 53.72274581278161065 ) ) ;
#356 = LINE ( 'NONE', #2062, #2023 ) ;
#357 = CARTESIAN_POINT ( 'NONE',  ( -37.83905190765482729, 87.28104278384081738, 3.064768073151189931 ) ) ;
#358 = VERTEX_POINT ( 'NONE', #1748 ) ;
#359 = VERTEX_POINT ( 'NONE', #2507 ) ;
#360 = CIRCLE ( 'NONE', #4206, 4.250000000000001776 ) ;
#361 = CARTESIAN_POINT ( 'NONE',  ( 44.72011120927427186, 81.95557685298540207, 3.292048685333269553 ) ) ;
#362 = CARTESIAN_POINT ( 'NONE',  ( -50.97577573249166960, 85.99999999998786393, 14.02057398324091864 ) ) ;
#363 = EDGE_CURVE ( 'NONE', #3791, #1342, #4636, .T. ) ;
#364 = EDGE_LOOP ( 'NONE', ( #635, #906, #1572, #2684, #1272, #4540 ) ) ;
#365 = CARTESIAN_POINT ( 'NONE',  ( 30.86211357584522830, 86.20798857084962208, 56.01797720628934485 ) ) ;
#366 = DIRECTION ( 'NONE',  ( 0.1186073329426363954, -0.9924325091389669673, -0.03178073907838851325 ) ) ;
#367 = DIRECTION ( 'NONE',  ( 0.000000000000000000, 1.000000000000000000, 0.000000000000000000 ) ) ;
#368 = EDGE_CURVE ( 'NONE', #2168, #358, #1071, .T. ) ;
#369 = ORIENTED_EDGE ( 'NONE', *, *, #1148, .F. ) ;
#370 = VERTEX_POINT ( 'NONE', #1723 ) ;
#371 = CARTESIAN_POINT ( 'NONE',  ( -56.68222970961556229, 78.43577871373828714, 12.49153424842435989 ) ) ;
#372 = CARTESIAN_POINT ( 'NONE',  ( -39.99999999999853628, 68.99999999999995737, 1.752070710736575165E-12 ) ) ;
#373 = CYLINDRICAL_SURFACE ( 'NONE', #989, 10.00000000000000000 ) ;
#374 = ADVANCED_FACE ( 'NONE', ( #1048 ), #125, .F. ) ;
#375 = VECTOR ( 'NONE', #4156, 1000.000000000000114 ) ;
#376 = VERTEX_POINT ( 'NONE', #2598 ) ;
#377 = CIRCLE ( 'NONE', #524, 2.250000000000001776 ) ;
#378 = CARTESIAN_POINT ( 'NONE',  ( -63.49027536830376306, 57.99999999999999289, 14.31364957831412354 ) ) ;
#379 = CARTESIAN_POINT ( 'NONE',  ( 60.58540098537089591, 84.48799748171620649, 11.44568265716510780 ) ) ;
#380 = AXIS2_PLACEMENT_3D ( 'NONE', #4398, #1218, #1150 ) ;
#381 = EDGE_CURVE ( 'NONE', #417, #4425, #1094, .T. ) ;
#382 = CARTESIAN_POINT ( 'NONE',  ( -36.93371290310348343, 82.45870005453333818, -2.175346610285235904 ) ) ;
#383 = ORIENTED_EDGE ( 'NONE', *, *, #1862, .T. ) ;
#384 = ORIENTED_EDGE ( 'NONE', *, *, #4359, .F. ) ;
#385 =( BOUNDED_CURVE ( )  B_SPLINE_CURVE ( 3, ( #3430, #1227, #2693, #2670 ),
 .UNSPECIFIED., .F., .T. ) 
 B_SPLINE_CURVE_WITH_KNOTS ( ( 4, 4 ),
 ( 1.777763969445079306, 1.907330577451401554 ),
 .UNSPECIFIED. ) 
 CURVE ( )  GEOMETRIC_REPRESENTATION_ITEM ( )  RATIONAL_B_SPLINE_CURVE ( ( 1.000000000000000000, 0.9986015303771518248, 0.9986015303771518248, 1.000000000000000000 ) ) 
 REPRESENTATION_ITEM ( '' )  );
#386 = CARTESIAN_POINT ( 'NONE',  ( -34.68039742605444076, 84.49518932092067303, 55.89495694443520790 ) ) ;
#387 = CARTESIAN_POINT ( 'NONE',  ( -59.85239406631594505, 81.43042658603182815, 11.64209126917272918 ) ) ;
#388 = DIRECTION ( 'NONE',  ( 0.000000000000000000, 0.000000000000000000, 1.000000000000000000 ) ) ;
#389 = ORIENTED_EDGE ( 'NONE', *, *, #3141, .F. ) ;
#390 = CARTESIAN_POINT ( 'NONE',  ( -39.10867201848886054, 82.86974610768969285, 45.68554719274645493 ) ) ;
#391 = CARTESIAN_POINT ( 'NONE',  ( -59.12245077042688024, 79.48734690256517865, 8.211072791214110822 ) ) ;
#392 = AXIS2_PLACEMENT_3D ( 'NONE', #3294, #4417, #1525 ) ;
#393 = AXIS2_PLACEMENT_3D ( 'NONE', #2660, #1500, #4395 ) ;
#394 = ORIENTED_EDGE ( 'NONE', *, *, #1997, .F. ) ;
#395 = ORIENTED_EDGE ( 'NONE', *, *, #3152, .F. ) ;
#396 = CARTESIAN_POINT ( 'NONE',  ( -61.66681070950037480, 58.00252549018552628, 7.509594128728223517 ) ) ;
#397 = AXIS2_PLACEMENT_3D ( 'NONE', #2781, #996, #3873 ) ;
#398 = EDGE_CURVE ( 'NONE', #1988, #417, #757, .T. ) ;
#399 = CARTESIAN_POINT ( 'NONE',  ( -42.88189444054734878, 86.30383673914087694, 37.58909083071825563 ) ) ;
#400 = CYLINDRICAL_SURFACE ( 'NONE', #4243, 2.250000000000002220 ) ;
#401 = VECTOR ( 'NONE', #2697, 999.9999999999998863 ) ;
#402 = EDGE_LOOP ( 'NONE', ( #4497, #708, #3415, #1118 ) ) ;
#403 = EDGE_CURVE ( 'NONE', #954, #1282, #1513, .T. ) ;
#404 = CYLINDRICAL_SURFACE ( 'NONE', #2930, 2.000000000000002665 ) ;
#405 = ORIENTED_EDGE ( 'NONE', *, *, #2443, .F. ) ;
#406 = DIRECTION ( 'NONE',  ( -0.000000000000000000, -1.000000000000000000, -0.000000000000000000 ) ) ;
#407 = DIRECTION ( 'NONE',  ( -0.4980973490458739938, 0.08715574274765822138, -0.8627299156628202015 ) ) ;
#408 = CARTESIAN_POINT ( 'NONE',  ( -39.99999999999853628, 73.00000000000000000, 1.752070710736575165E-12 ) ) ;
#409 =( BOUNDED_CURVE ( )  B_SPLINE_CURVE ( 3, ( #350, #328, #3243, #3149 ),
 .UNSPECIFIED., .F., .T. ) 
 B_SPLINE_CURVE_WITH_KNOTS ( ( 4, 4 ),
 ( 0.2599065578190055681, 0.7816000651241674646 ),
 .UNSPECIFIED. ) 
 CURVE ( )  GEOMETRIC_REPRESENTATION_ITEM ( )  RATIONAL_B_SPLINE_CURVE ( ( 1.000000000000000000, 0.9774479652116030426, 0.9774479652116030426, 1.000000000000000000 ) ) 
 REPRESENTATION_ITEM ( '' )  );
#410 = CARTESIAN_POINT ( 'NONE',  ( -34.37271338305173884, 78.69724594198126510, -1.181585938782008682 ) ) ;
#411 = ORIENTED_EDGE ( 'NONE', *, *, #2112, .F. ) ;
#412 = CARTESIAN_POINT ( 'NONE',  ( 65.98076211353313170, 57.99999999999999289, 10.00000000000003020 ) ) ;
#413 = LINE ( 'NONE', #2909, #1708 ) ;
#414 = CARTESIAN_POINT ( 'NONE',  ( -43.44939424329702149, 84.13182961259650483, 1.477710526323702256 ) ) ;
#415 = DIRECTION ( 'NONE',  ( -0.1186073329426363954, -0.9924325091389670783, -0.03178073907838852019 ) ) ;
#416 = ORIENTED_EDGE ( 'NONE', *, *, #461, .T. ) ;
#417 = VERTEX_POINT ( 'NONE', #1865 ) ;
#418 = CARTESIAN_POINT ( 'NONE',  ( 58.59175441448755350, 81.09479702540996016, 14.00958964280130203 ) ) ;
#419 = CARTESIAN_POINT ( 'NONE',  ( 45.31768657487336327, 75.94016161536451648, 2.200763047411613105 ) ) ;
#420 = CARTESIAN_POINT ( 'NONE',  ( -27.00000000000000355, 65.00000000000000000, 59.34146390729813447 ) ) ;
#421 = EDGE_CURVE ( 'NONE', #4646, #2533, #780, .T. ) ;
#422 = EDGE_LOOP ( 'NONE', ( #1476, #1390, #200, #3028 ) ) ;
#423 = CARTESIAN_POINT ( 'NONE',  ( -38.06521670531434154, 87.95036456401399505, 36.77741094682956202 ) ) ;
#424 = LINE ( 'NONE', #3118, #583 ) ;
#425 = FACE_BOUND ( 'NONE', #3515, .T. ) ;
#426 = EDGE_CURVE ( 'NONE', #537, #1904, #1909, .T. ) ;
#427 = CARTESIAN_POINT ( 'NONE',  ( -36.34949461278546323, 84.43125429115984559, -0.8734692939032249193 ) ) ;
#428 = VERTEX_POINT ( 'NONE', #3286 ) ;
#429 = DIRECTION ( 'NONE',  ( 0.5000000000000014433, 0.000000000000000000, 0.8660254037844378194 ) ) ;
#430 = CARTESIAN_POINT ( 'NONE',  ( -57.94048090581264177, 63.24550807705428213, 10.52430475538579735 ) ) ;
#431 = FACE_OUTER_BOUND ( 'NONE', #501, .T. ) ;
#432 = EDGE_CURVE ( 'NONE', #124, #2225, #733, .T. ) ;
#433 = FACE_OUTER_BOUND ( 'NONE', #3563, .T. ) ;
#434 = CYLINDRICAL_SURFACE ( 'NONE', #1289, 3.750000000000010214 ) ;
#435 = ORIENTED_EDGE ( 'NONE', *, *, #4389, .F. ) ;
#436 = CARTESIAN_POINT ( 'NONE',  ( -37.17937140158678488, 84.71567199751501676, 45.01331461870969264 ) ) ;
#437 = LINE ( 'NONE', #758, #2083 ) ;
#438 = CARTESIAN_POINT ( 'NONE',  ( 44.62441737078837178, 82.55095758737149936, 36.58031100323633922 ) ) ;
#439 = ADVANCED_FACE ( 'NONE', ( #86 ), #60, .F. ) ;
#440 = ORIENTED_EDGE ( 'NONE', *, *, #1765, .F. ) ;
#441 = ORIENTED_EDGE ( 'NONE', *, *, #338, .T. ) ;
#442 = DIRECTION ( 'NONE',  ( -0.000000000000000000, -1.000000000000000000, -0.000000000000000000 ) ) ;
#443 = CARTESIAN_POINT ( 'NONE',  ( -26.99999999999999289, 69.10050506338832577, 58.98271619952100053 ) ) ;
#444 = FACE_OUTER_BOUND ( 'NONE', #3663, .T. ) ;
#445 = DIRECTION ( 'NONE',  ( -0.8660254037844380415, -0.000000000000000000, 0.5000000000000012212 ) ) ;
#446 = AXIS2_PLACEMENT_3D ( 'NONE', #3433, #2384, #1580 ) ;
#447 = ORIENTED_EDGE ( 'NONE', *, *, #851, .T. ) ;
#448 = CARTESIAN_POINT ( 'NONE',  ( 41.95784515827734396, 70.49999999999998579, 45.40641677418923905 ) ) ;
#449 = CARTESIAN_POINT ( 'NONE',  ( -45.66101684902984204, 70.49999999999998579, 38.99233525665518840 ) ) ;
#450 = FACE_OUTER_BOUND ( 'NONE', #239, .T. ) ;
#451 = AXIS2_PLACEMENT_3D ( 'NONE', #1570, #4080, #3145 ) ;
#452 = AXIS2_PLACEMENT_3D ( 'NONE', #150, #1251, #3743 ) ;
#453 = ORIENTED_EDGE ( 'NONE', *, *, #481, .F. ) ;
#454 = VECTOR ( 'NONE', #945, 1000.000000000000227 ) ;
#455 = CARTESIAN_POINT ( 'NONE',  ( -31.37714307674675140, 84.49518932092074408, 57.80209173221002317 ) ) ;
#456 = EDGE_CURVE ( 'NONE', #2144, #3852, #3700, .T. ) ;
#457 = CIRCLE ( 'NONE', #901, 2.999999999999999556 ) ;
#458 = ORIENTED_EDGE ( 'NONE', *, *, #1395, .T. ) ;
#459 = CARTESIAN_POINT ( 'NONE',  ( -35.09159987274304626, 85.85266441358103862, 43.00143562333663994 ) ) ;
#460 = CARTESIAN_POINT ( 'NONE',  ( 62.20672342895745288, 57.49101494759388942, 11.80941826846538234 ) ) ;
#461 = EDGE_CURVE ( 'NONE', #2224, #290, #377, .T. ) ;
#462 = CARTESIAN_POINT ( 'NONE',  ( -42.04008046914171359, 86.18617989556291548, 3.153049498704679987 ) ) ;
#463 = EDGE_LOOP ( 'NONE', ( #3969, #4460, #4254, #3133 ) ) ;
#464 = ORIENTED_EDGE ( 'NONE', *, *, #217, .F. ) ;
#465 = CARTESIAN_POINT ( 'NONE',  ( -65.98076211353313170, 57.99999999999999289, 10.00000000000003020 ) ) ;
#466 = CARTESIAN_POINT ( 'NONE',  ( -34.28388014283273577, 80.97202138819606887, -0.6541011983776819916 ) ) ;
#467 = AXIS2_PLACEMENT_3D ( 'NONE', #4224, #1617, #4171 ) ;
#468 =( BOUNDED_CURVE ( )  B_SPLINE_CURVE ( 3, ( #4185, #3025, #596, #202 ),
 .UNSPECIFIED., .F., .F. ) 
 B_SPLINE_CURVE_WITH_KNOTS ( ( 4, 4 ),
 ( 5.501585242055421432, 7.023482949702591682 ),
 .UNSPECIFIED. ) 
 CURVE ( )  GEOMETRIC_REPRESENTATION_ITEM ( )  RATIONAL_B_SPLINE_CURVE ( ( 1.000000000000000000, 0.8161213325321329259, 0.8161213325321329259, 1.000000000000000000 ) ) 
 REPRESENTATION_ITEM ( '' )  );
#469 = DIRECTION ( 'NONE',  ( -0.8660254037844392627, 0.000000000000000000, -0.4999999999999990563 ) ) ;
#470 = VECTOR ( 'NONE', #206, 1000.000000000000114 ) ;
#471 = ORIENTED_EDGE ( 'NONE', *, *, #3622, .F. ) ;
#472 = CARTESIAN_POINT ( 'NONE',  ( -51.43707253122686041, 63.62099233973474099, 6.807492804015866206 ) ) ;
#473 = DIRECTION ( 'NONE',  ( 0.000000000000000000, 0.000000000000000000, 1.000000000000000000 ) ) ;
#474 = DIRECTION ( 'NONE',  ( 0.5000000000000014433, 0.000000000000000000, -0.8660254037844378194 ) ) ;
#475 = VECTOR ( 'NONE', #4155, 1000.000000000000000 ) ;
#476 = CARTESIAN_POINT ( 'NONE',  ( -42.73289916681530798, 69.74687400030009599, 44.19576382715230523 ) ) ;
#477 = ORIENTED_EDGE ( 'NONE', *, *, #234, .F. ) ;
#478 = CARTESIAN_POINT ( 'NONE',  ( -32.00310663906917341, 80.09810628471203131, 59.97049311946741312 ) ) ;
#479 = DIRECTION ( 'NONE',  ( 0.000000000000000000, 1.000000000000000000, 0.000000000000000000 ) ) ;
#480 = CARTESIAN_POINT ( 'NONE',  ( 40.00000000000146372, 73.00000000000000000, 40.00000000000175504 ) ) ;
#481 = EDGE_CURVE ( 'NONE', #3510, #344, #4180, .T. ) ;
#482 = EDGE_LOOP ( 'NONE', ( #4003, #2873, #964, #1869, #2007, #3463 ) ) ;
#483 = DIRECTION ( 'NONE',  ( 0.000000000000000000, 0.000000000000000000, -1.000000000000000000 ) ) ;
#484 = CARTESIAN_POINT ( 'NONE',  ( 38.93764876364224392, 86.56381408441639280, 43.60321981429409277 ) ) ;
#485 = DIRECTION ( 'NONE',  ( 0.000000000000000000, -1.000000000000000000, -0.000000000000000000 ) ) ;
#486 = CARTESIAN_POINT ( 'NONE',  ( -45.47903274639325844, 70.49999999999998579, 1.744333730666401738 ) ) ;
#487 = ORIENTED_EDGE ( 'NONE', *, *, #2759, .F. ) ;
#488 = EDGE_CURVE ( 'NONE', #4022, #4425, #4065, .T. ) ;
#489 = VERTEX_POINT ( 'NONE', #827 ) ;
#490 = CARTESIAN_POINT ( 'NONE',  ( 49.87809338607209497, 86.00000000000000000, 14.31469708150909703 ) ) ;
#491 = CARTESIAN_POINT ( 'NONE',  ( -35.03376705574559224, 85.01944954389458076, 2.930134595673712816 ) ) ;
#492 = CARTESIAN_POINT ( 'NONE',  ( -43.42586838117361481, 83.97276225585054021, 41.53111378350565985 ) ) ;
#493 = DIRECTION ( 'NONE',  ( 0.000000000000000000, 1.000000000000000000, 0.000000000000000000 ) ) ;
#494 = ORIENTED_EDGE ( 'NONE', *, *, #1791, .F. ) ;
#495 = CARTESIAN_POINT ( 'NONE',  ( -36.32539034074588358, 87.97517264386807767, 39.20975726096356340 ) ) ;
#496 = CARTESIAN_POINT ( 'NONE',  ( 37.93516365373302790, 79.35875982322824029, -3.131350648494559685 ) ) ;
#497 = CARTESIAN_POINT ( 'NONE',  ( -39.99999999999853628, 68.99999999999995737, 40.00000000000175504 ) ) ;
#498 = DIRECTION ( 'NONE',  ( -0.000000000000000000, -0.9949358851208914833, -0.1005116137503925255 ) ) ;
#499 = CARTESIAN_POINT ( 'NONE',  ( 52.43871221481193601, 87.88329667675532164, 13.62858133422514584 ) ) ;
#500 = CARTESIAN_POINT ( 'NONE',  ( 62.14589374127830013, 57.99999999999999289, 10.78089914908236224 ) ) ;
#501 = EDGE_LOOP ( 'NONE', ( #991, #2372 ) ) ;
#502 = CARTESIAN_POINT ( 'NONE',  ( 40.00000000000146372, 88.00000000000000000, 2.250000000001754596 ) ) ;
#503 = CARTESIAN_POINT ( 'NONE',  ( -65.32459713708870197, 73.00000000000000000, 11.13651107734901835 ) ) ;
#504 = CARTESIAN_POINT ( 'NONE',  ( -43.59973933733174078, 83.57289659966865258, 1.087277740263942638 ) ) ;
#505 = ADVANCED_FACE ( 'NONE', ( #2001 ), #4453, .T. ) ;
#506 = VECTOR ( 'NONE', #4126, 1000.000000000000000 ) ;
#507 = ORIENTED_EDGE ( 'NONE', *, *, #57, .F. ) ;
#508 = ORIENTED_EDGE ( 'NONE', *, *, #4294, .T. ) ;
#509 = CARTESIAN_POINT ( 'NONE',  ( -61.72476366579489593, 57.99999999999999289, 7.543181755170503600 ) ) ;
#510 = CARTESIAN_POINT ( 'NONE',  ( 64.25530228220748086, 57.82568851450468372, 9.003805301908281322 ) ) ;
#511 = DIRECTION ( 'NONE',  ( 3.265361837132810431E-15, 0.000000000000000000, 1.000000000000000000 ) ) ;
#512 = EDGE_CURVE ( 'NONE', #750, #2592, #2329, .T. ) ;
#513 = VECTOR ( 'NONE', #3702, 1000.000000000000114 ) ;
#514 = CYLINDRICAL_SURFACE ( 'NONE', #4314, 4.999999999999998224 ) ;
#515 = CARTESIAN_POINT ( 'NONE',  ( -37.29997065857419614, 85.81481713637866449, 5.076646684127771536 ) ) ;
#516 = CARTESIAN_POINT ( 'NONE',  ( -55.29479395272363718, 86.16560330538008827, 10.73829866058484583 ) ) ;
#517 = CARTESIAN_POINT ( 'NONE',  ( 63.29038150035840005, 80.20705036987237690, 10.72088531263028344 ) ) ;
#518 = B_SPLINE_CURVE_WITH_KNOTS ( 'NONE', 3,
 ( #3458, #152, #2315, #4481, #3048, #229, #1654, #3765 ),
 .UNSPECIFIED., .F., .F.,
 ( 4, 2, 2, 4 ),
 ( 0.01021131193258936407, 0.01160177361330752381, 0.01229700445366661496, 0.01299223529402570611 ),
 .UNSPECIFIED. ) ;
#519 = ORIENTED_EDGE ( 'NONE', *, *, #786, .T. ) ;
#520 = AXIS2_PLACEMENT_3D ( 'NONE', #3676, #1870, #4074 ) ;
#521 = DIRECTION ( 'NONE',  ( -0.000000000000000000, 1.000000000000000000, -0.000000000000000000 ) ) ;
#522 = CARTESIAN_POINT ( 'NONE',  ( -45.47903274639325844, 70.49999999999998579, 1.744333730666401738 ) ) ;
#523 = VECTOR ( 'NONE', #3203, 1000.000000000000000 ) ;
#524 = AXIS2_PLACEMENT_3D ( 'NONE', #2576, #1138, #483 ) ;
#525 = VECTOR ( 'NONE', #529, 1000.000000000000114 ) ;
#526 = ORIENTED_EDGE ( 'NONE', *, *, #1912, .F. ) ;
#527 = DIRECTION ( 'NONE',  ( -0.000000000000000000, -1.000000000000000000, -0.000000000000000000 ) ) ;
#528 = CARTESIAN_POINT ( 'NONE',  ( 40.00000000000146372, 57.99999999999999289, 35.75000000000175504 ) ) ;
#529 = DIRECTION ( 'NONE',  ( -0.5000000000000014433, -0.000000000000000000, -0.8660254037844378194 ) ) ;
#530 = DIRECTION ( 'NONE',  ( 0.000000000000000000, 0.000000000000000000, 1.000000000000000000 ) ) ;
#531 = ORIENTED_EDGE ( 'NONE', *, *, #1045, .T. ) ;
#532 = ORIENTED_EDGE ( 'NONE', *, *, #4498, .T. ) ;
#533 = CARTESIAN_POINT ( 'NONE',  ( 58.13164358630675110, 79.18987692760391894, 9.927201239621739504 ) ) ;
#534 = CARTESIAN_POINT ( 'NONE',  ( 43.23919690782328473, 83.94570948777733577, 41.89447249068307855 ) ) ;
#535 =( BOUNDED_CURVE ( )  B_SPLINE_CURVE ( 3, ( #3678, #3958, #443, #420 ),
 .UNSPECIFIED., .F., .F. ) 
 B_SPLINE_CURVE_WITH_KNOTS ( ( 4, 4 ),
 ( 0.000000000000000000, 1.570796326794896558 ),
 .UNSPECIFIED. ) 
 CURVE ( )  GEOMETRIC_REPRESENTATION_ITEM ( )  RATIONAL_B_SPLINE_CURVE ( ( 1.000000000000000000, 0.8047378541243649375, 0.8047378541243649375, 1.000000000000000000 ) ) 
 REPRESENTATION_ITEM ( '' )  );
#536 = CARTESIAN_POINT ( 'NONE',  ( -42.92940154606009173, 83.99547265357961123, 42.35714410167376798 ) ) ;
#537 = VERTEX_POINT ( 'NONE', #3828 ) ;
#538 = VECTOR ( 'NONE', #1013, 1000.000000000000227 ) ;
#539 = ADVANCED_FACE ( 'NONE', ( #4184 ), #2717, .T. ) ;
#540 = CARTESIAN_POINT ( 'NONE',  ( -39.81260115743149441, 87.11398308941366508, 3.750000000001757705 ) ) ;
#541 = CARTESIAN_POINT ( 'NONE',  ( 34.24884007404096309, 82.21014908245469144, -0.01857926844606695715 ) ) ;
#542 = DIRECTION ( 'NONE',  ( -0.000000000000000000, 1.000000000000000000, 0.000000000000000000 ) ) ;
#543 = CARTESIAN_POINT ( 'NONE',  ( 43.59944784977785304, 83.57514250312119941, 1.088681712439853566 ) ) ;
#544 = CIRCLE ( 'NONE', #1588, 2.250000000000002220 ) ;
#545 = LINE ( 'NONE', #1971, #2720 ) ;
#546 = ORIENTED_EDGE ( 'NONE', *, *, #4052, .F. ) ;
#547 = EDGE_CURVE ( 'NONE', #4282, #2953, #3411, .T. ) ;
#548 = CARTESIAN_POINT ( 'NONE',  ( 33.94421328680969907, 81.98182201779174250, 55.82551852204560561 ) ) ;
#549 = CIRCLE ( 'NONE', #2729, 4.250000000000003553 ) ;
#550 = CARTESIAN_POINT ( 'NONE',  ( 46.92605355282454838, 59.89987086328520860, -0.8093100695966376490 ) ) ;
#551 = FACE_OUTER_BOUND ( 'NONE', #2287, .T. ) ;
#552 = ORIENTED_EDGE ( 'NONE', *, *, #767, .F. ) ;
#553 = CARTESIAN_POINT ( 'NONE',  ( 32.05073989608575857, 78.43577871373828714, 55.15452607157306630 ) ) ;
#554 = LINE ( 'NONE', #180, #3983 ) ;
#555 = CARTESIAN_POINT ( 'NONE',  ( -36.50664207226534330, 57.99999999999999289, 61.05067341985972718 ) ) ;
#556 = ORIENTED_EDGE ( 'NONE', *, *, #1798, .T. ) ;
#557 = EDGE_CURVE ( 'NONE', #936, #4146, #457, .T. ) ;
#558 = ORIENTED_EDGE ( 'NONE', *, *, #2650, .F. ) ;
#559 = CARTESIAN_POINT ( 'NONE',  ( 58.03906929424410066, 79.67848502762798546, 9.976412707611881814 ) ) ;
#560 = CARTESIAN_POINT ( 'NONE',  ( -44.16709580128806323, 68.99999999999995737, 0.8353517719369024652 ) ) ;
#561 = ORIENTED_EDGE ( 'NONE', *, *, #1745, .F. ) ;
#562 = DIRECTION ( 'NONE',  ( -0.000000000000000000, 1.000000000000000000, -0.000000000000000000 ) ) ;
#563 = CARTESIAN_POINT ( 'NONE',  ( 35.15247755150366515, 85.10204203792274313, 3.100135698346275337 ) ) ;
#564 = DIRECTION ( 'NONE',  ( -0.8660254037844379305, 0.000000000000000000, 0.5000000000000012212 ) ) ;
#565 = ADVANCED_FACE ( 'NONE', ( #4541 ), #1294, .F. ) ;
#566 = CARTESIAN_POINT ( 'NONE',  ( 34.57254749211369926, 70.49999999999998579, -1.898752030839255589 ) ) ;
#567 = ORIENTED_EDGE ( 'NONE', *, *, #1623, .F. ) ;
#568 = CARTESIAN_POINT ( 'NONE',  ( 40.00000000000146372, 88.00000000000000000, 44.25000000000176215 ) ) ;
#569 = LINE ( 'NONE', #1973, #375 ) ;
#570 = CARTESIAN_POINT ( 'NONE',  ( -36.44506080305971807, 87.83477312573864992, 41.22016775401628053 ) ) ;
#571 = ADVANCED_FACE ( 'NONE', ( #1229 ), #82, .T. ) ;
#572 = EDGE_LOOP ( 'NONE', ( #2813, #4316, #1093, #1857, #3954 ) ) ;
#573 = CARTESIAN_POINT ( 'NONE',  ( -58.17652175675319626, 78.69724594198125089, 9.903344501435901392 ) ) ;
#574 = DIRECTION ( 'NONE',  ( 0.8660254037844380415, -0.000000000000000000, 0.5000000000000012212 ) ) ;
#575 = CARTESIAN_POINT ( 'NONE',  ( 44.19374432849019030, 68.99999999999995737, 40.68920860939999073 ) ) ;
#576 = EDGE_CURVE ( 'NONE', #3791, #1244, #165, .T. ) ;
#577 = VERTEX_POINT ( 'NONE', #201 ) ;
#578 = ORIENTED_EDGE ( 'NONE', *, *, #786, .F. ) ;
#579 = CARTESIAN_POINT ( 'NONE',  ( -59.92465245579362687, 63.96961531072536644, 7.106573141364588508 ) ) ;
#580 = CARTESIAN_POINT ( 'NONE',  ( 43.68272966531225165, 84.10100576730630451, 40.89392289486121967 ) ) ;
#581 = EDGE_CURVE ( 'NONE', #577, #4479, #638, .T. ) ;
#582 = ORIENTED_EDGE ( 'NONE', *, *, #4447, .T. ) ;
#583 = VECTOR ( 'NONE', #3506, 1000.000000000000000 ) ;
#584 = CARTESIAN_POINT ( 'NONE',  ( 36.93132853970980278, 82.46554849206304993, -2.171766116046153439 ) ) ;
#585 = CARTESIAN_POINT ( 'NONE',  ( -39.99999999999853628, 81.56256048359782085, 45.75000000000176215 ) ) ;
#586 = ORIENTED_EDGE ( 'NONE', *, *, #3926, .F. ) ;
#587 = CARTESIAN_POINT ( 'NONE',  ( 32.53662894464227406, 83.52601773761945481, 55.99611059051481732 ) ) ;
#588 = DIRECTION ( 'NONE',  ( -0.4980973490458739938, 0.08715574274765822138, -0.8627299156628202015 ) ) ;
#589 = CYLINDRICAL_SURFACE ( 'NONE', #2478, 2.250000000000002220 ) ;
#590 = CARTESIAN_POINT ( 'NONE',  ( 49.87809338607210208, 88.00000000000001421, 14.31469708150909881 ) ) ;
#591 = CARTESIAN_POINT ( 'NONE',  ( -36.24132299320901751, 87.94918721461939981, 39.96803071251802209 ) ) ;
#592 = CARTESIAN_POINT ( 'NONE',  ( 47.00873807666224025, 59.89987086328520860, -0.9539854612522475907 ) ) ;
#593 = ORIENTED_EDGE ( 'NONE', *, *, #858, .T. ) ;
#594 = EDGE_CURVE ( 'NONE', #4139, #978, #3073, .T. ) ;
#595 = DIRECTION ( 'NONE',  ( 1.000000000000000000, 0.000000000000000000, -0.000000000000000000 ) ) ;
#596 = CARTESIAN_POINT ( 'NONE',  ( -62.18883283006707074, 58.00000000000000000, 10.21279941227418142 ) ) ;
#597 = CARTESIAN_POINT ( 'NONE',  ( 64.16012615613168180, 57.99999999999999289, 12.69805880077323579 ) ) ;
#598 = AXIS2_PLACEMENT_3D ( 'NONE', #3872, #3182, #3584 ) ;
#599 = CARTESIAN_POINT ( 'NONE',  ( 40.00000000000146372, 73.00000000000000000, 40.00000000000175504 ) ) ;
#600 = VERTEX_POINT ( 'NONE', #573 ) ;
#601 = EDGE_CURVE ( 'NONE', #3267, #4291, #1122, .T. ) ;
#602 = CARTESIAN_POINT ( 'NONE',  ( -58.93740067842529839, 60.03339382796072954, 8.457155958476205271 ) ) ;
#603 = CARTESIAN_POINT ( 'NONE',  ( 43.37954102710160242, 85.69207165780521507, 38.35929267927755149 ) ) ;
#604 = VERTEX_POINT ( 'NONE', #2647 ) ;
#605 = DIRECTION ( 'NONE',  ( -0.000000000000000000, -1.000000000000000000, -0.000000000000000000 ) ) ;
#606 = CARTESIAN_POINT ( 'NONE',  ( -27.00000000000000000, 60.00000000000000000, 59.95388455197960553 ) ) ;
#607 = CARTESIAN_POINT ( 'NONE',  ( -33.76598926401448608, 82.40498838205525090, 55.61430747920348239 ) ) ;
#608 = DIRECTION ( 'NONE',  ( 0.000000000000000000, 0.000000000000000000, -1.000000000000000000 ) ) ;
#609 = AXIS2_PLACEMENT_3D ( 'NONE', #4014, #3645, #1785 ) ;
#610 = LINE ( 'NONE', #1386, #2651 ) ;
#611 = VERTEX_POINT ( 'NONE', #253 ) ;
#612 = CARTESIAN_POINT ( 'NONE',  ( 40.00000000000146372, 73.00000000000000000, 40.00000000000175504 ) ) ;
#613 = DIRECTION ( 'NONE',  ( 0.000000000000000000, 0.000000000000000000, -1.000000000000000000 ) ) ;
#614 = CIRCLE ( 'NONE', #3332, 2.250000000000001776 ) ;
#615 = VECTOR ( 'NONE', #3933, 1000.000000000000000 ) ;
#616 = ORIENTED_EDGE ( 'NONE', *, *, #2471, .F. ) ;
#617 = CARTESIAN_POINT ( 'NONE',  ( 44.16709580129069224, 68.99999999999997158, 0.8353517719384209173 ) ) ;
#618 = CARTESIAN_POINT ( 'NONE',  ( 28.99999999999998934, 57.99999999999999289, 61.96152422706629892 ) ) ;
#619 = AXIS2_PLACEMENT_3D ( 'NONE', #4351, #1107, #2545 ) ;
#620 = EDGE_CURVE ( 'NONE', #4114, #4041, #2292, .T. ) ;
#621 = ORIENTED_EDGE ( 'NONE', *, *, #3487, .T. ) ;
#622 = CARTESIAN_POINT ( 'NONE',  ( 31.64729000730486774, 87.12281816833447579, 54.45573036586633719 ) ) ;
#623 = CARTESIAN_POINT ( 'NONE',  ( -43.05076466016768677, 84.43330734313595087, 4.877412469605749479 ) ) ;
#624 = EDGE_CURVE ( 'NONE', #611, #2561, #4134, .T. ) ;
#625 = ORIENTED_EDGE ( 'NONE', *, *, #3547, .T. ) ;
#626 = ORIENTED_EDGE ( 'NONE', *, *, #705, .T. ) ;
#627 = DIRECTION ( 'NONE',  ( -0.000000000000000000, -1.000000000000000000, -0.000000000000000000 ) ) ;
#628 = CARTESIAN_POINT ( 'NONE',  ( -61.71840794870644231, 57.57079183342516870, 7.495768690151283664 ) ) ;
#629 = CARTESIAN_POINT ( 'NONE',  ( -34.54842645474276708, 79.67848502777033559, 56.54156393104430833 ) ) ;
#630 = CARTESIAN_POINT ( 'NONE',  ( 43.69984311194345139, 79.79150613109153767, -0.6247929234582577651 ) ) ;
#631 = ORIENTED_EDGE ( 'NONE', *, *, #1330, .F. ) ;
#632 = FACE_OUTER_BOUND ( 'NONE', #4038, .T. ) ;
#633 = CARTESIAN_POINT ( 'NONE',  ( 55.29479395272339559, 86.16560330538031565, 10.73829866058512472 ) ) ;
#634 = EDGE_CURVE ( 'NONE', #3154, #2911, #1951, .T. ) ;
#635 = ORIENTED_EDGE ( 'NONE', *, *, #1603, .T. ) ;
#636 = CARTESIAN_POINT ( 'NONE',  ( 59.93287030199613241, 57.99999999999999289, 6.508248034579409591 ) ) ;
#637 = CARTESIAN_POINT ( 'NONE',  ( -33.11225889621742624, 57.42042921210836681, 56.99313091300086853 ) ) ;
#638 =( BOUNDED_CURVE ( )  B_SPLINE_CURVE ( 3, ( #2696, #4115, #3764, #874 ),
 .UNSPECIFIED., .F., .T. ) 
 B_SPLINE_CURVE_WITH_KNOTS ( ( 4, 4 ),
 ( 5.521564402546807138, 6.543091864998592300 ),
 .UNSPECIFIED. ) 
 CURVE ( )  GEOMETRIC_REPRESENTATION_ITEM ( )  RATIONAL_B_SPLINE_CURVE ( ( 1.000000000000000000, 0.9149142779634902301, 0.9149142779634902301, 1.000000000000000000 ) ) 
 REPRESENTATION_ITEM ( '' )  );
#639 = CARTESIAN_POINT ( 'NONE',  ( -53.85706044334856557, 85.09760451973191664, 12.19952227851255877 ) ) ;
#640 = ORIENTED_EDGE ( 'NONE', *, *, #398, .T. ) ;
#641 = CARTESIAN_POINT ( 'NONE',  ( 36.00499991222653762, 81.28869479435253709, 57.27152422796599041 ) ) ;
#642 = CARTESIAN_POINT ( 'NONE',  ( -38.49102139468226369, 86.00000000000001421, 34.44319360301390986 ) ) ;
#643 = EDGE_CURVE ( 'NONE', #246, #4484, #2341, .T. ) ;
#644 = CARTESIAN_POINT ( 'NONE',  ( -56.86202994345529049, 86.74595846120311649, 12.44335692096682955 ) ) ;
#645 = ORIENTED_EDGE ( 'NONE', *, *, #1546, .T. ) ;
#646 = CARTESIAN_POINT ( 'NONE',  ( 43.13657209949359839, 69.48186963536392113, 43.54295155354677149 ) ) ;
#647 = DIRECTION ( 'NONE',  ( -0.1186073329426363954, -0.9924325091389670783, -0.03178073907838852019 ) ) ;
#648 = EDGE_CURVE ( 'NONE', #833, #129, #1604, .T. ) ;
#649 = CARTESIAN_POINT ( 'NONE',  ( -33.35909568633119449, 83.19615145673641621, 55.13210302932692031 ) ) ;
#650 = LINE ( 'NONE', #2468, #1436 ) ;
#651 = DIRECTION ( 'NONE',  ( 0.5000000000000014433, 0.000000000000000000, 0.8660254037844377084 ) ) ;
#652 = CIRCLE ( 'NONE', #2310, 3.750000000000006217 ) ;
#653 = ORIENTED_EDGE ( 'NONE', *, *, #3501, .F. ) ;
#654 = EDGE_CURVE ( 'NONE', #807, #1064, #2116, .T. ) ;
#655 = CARTESIAN_POINT ( 'NONE',  ( -42.09186996372710610, 85.24867107634398167, 34.62944175650856238 ) ) ;
#656 = ORIENTED_EDGE ( 'NONE', *, *, #4470, .T. ) ;
#657 = DIRECTION ( 'NONE',  ( 0.5000000000000014433, 0.000000000000000000, -0.8660254037844377084 ) ) ;
#658 = CIRCLE ( 'NONE', #1562, 3.750000000000010214 ) ;
#659 = ORIENTED_EDGE ( 'NONE', *, *, #576, .T. ) ;
#660 = CARTESIAN_POINT ( 'NONE',  ( -40.97992981381958089, 78.69724594198125089, 45.66588365217682366 ) ) ;
#661 = EDGE_CURVE ( 'NONE', #65, #1807, #187, .T. ) ;
#662 = CARTESIAN_POINT ( 'NONE',  ( 42.55367975530832325, 84.76768400829512018, 5.155463116940437907 ) ) ;
#663 = CARTESIAN_POINT ( 'NONE',  ( -59.11484802917053827, 79.67848502762794283, 13.99127360405903175 ) ) ;
#664 = VERTEX_POINT ( 'NONE', #2503 ) ;
#665 = CARTESIAN_POINT ( 'NONE',  ( 31.59129759131692339, 83.50623547756939047, 58.54394473202087568 ) ) ;
#666 = CARTESIAN_POINT ( 'NONE',  ( 36.56539647854899044, 87.98494925353314500, 38.47335011414556050 ) ) ;
#667 = DIRECTION ( 'NONE',  ( 0.000000000000000000, 1.000000000000000000, 0.000000000000000000 ) ) ;
#668 = AXIS2_PLACEMENT_3D ( 'NONE', #3647, #3999, #1113 ) ;
#669 = ORIENTED_EDGE ( 'NONE', *, *, #2186, .F. ) ;
#670 = CARTESIAN_POINT ( 'NONE',  ( -60.72134688574394801, 57.99999999999999289, 9.282680179213601335 ) ) ;
#671 = VECTOR ( 'NONE', #324, 1000.000000000000227 ) ;
#672 = CARTESIAN_POINT ( 'NONE',  ( -39.99999999999853628, 73.00000000000000000, 2.250000000001754596 ) ) ;
#673 = CARTESIAN_POINT ( 'NONE',  ( -30.21548048437725598, 85.84840151264549490, 51.97576352542641587 ) ) ;
#674 = CARTESIAN_POINT ( 'NONE',  ( -39.99999999999853628, 73.00000000000000000, 43.75000000000176925 ) ) ;
#675 = EDGE_CURVE ( 'NONE', #3431, #314, #215, .T. ) ;
#676 = ORIENTED_EDGE ( 'NONE', *, *, #3049, .F. ) ;
#677 = CARTESIAN_POINT ( 'NONE',  ( 44.82173835499039427, 69.59530151643996021, 40.60430997247257778 ) ) ;
#678 = CARTESIAN_POINT ( 'NONE',  ( 56.60664585605808696, 84.95516576617337989, 9.872143144354302180 ) ) ;
#679 = ADVANCED_FACE ( 'NONE', ( #2809 ), #3551, .F. ) ;
#680 = ORIENTED_EDGE ( 'NONE', *, *, #4418, .T. ) ;
#681 = VERTEX_POINT ( 'NONE', #3187 ) ;
#682 = CARTESIAN_POINT ( 'NONE',  ( -38.66535217571075833, 57.99999999999999289, -5.000000000000000000 ) ) ;
#683 = CARTESIAN_POINT ( 'NONE',  ( 40.21040526541947457, 85.57220447953162079, 5.750000000001759481 ) ) ;
#684 = CARTESIAN_POINT ( 'NONE',  ( -39.99999999999853628, 73.00000000000000000, 40.00000000000175504 ) ) ;
#685 = AXIS2_PLACEMENT_3D ( 'NONE', #1271, #2339, #3453 ) ;
#686 = CARTESIAN_POINT ( 'NONE',  ( 45.39676408458142021, 78.69724594198125089, 38.01570228660591511 ) ) ;
#687 = ORIENTED_EDGE ( 'NONE', *, *, #576, .F. ) ;
#688 = CARTESIAN_POINT ( 'NONE',  ( 31.25679488960773966, 84.95516576672706321, 57.38519338276172022 ) ) ;
#689 = CARTESIAN_POINT ( 'NONE',  ( 41.30324571658454147, 87.31257030354872484, 36.47461155017677470 ) ) ;
#690 = CONICAL_SURFACE ( 'NONE', #3179, 4.250000000000003553, 0.7853981633974450594 ) ;
#691 = CARTESIAN_POINT ( 'NONE',  ( -26.99999999999999645, 58.00000000000000000, 61.96152422706629892 ) ) ;
#692 = ORIENTED_EDGE ( 'NONE', *, *, #1249, .F. ) ;
#693 = DIRECTION ( 'NONE',  ( -0.8660254037844379305, 0.000000000000000000, -0.5000000000000011102 ) ) ;
#694 = DIRECTION ( 'NONE',  ( 0.4999999999999990563, 0.000000000000000000, 0.8660254037844392627 ) ) ;
#695 = CARTESIAN_POINT ( 'NONE',  ( -34.63892964307420641, 78.69724594198127932, 56.64881811871070738 ) ) ;
#696 = CARTESIAN_POINT ( 'NONE',  ( 36.99576135296911161, 85.99999999999998579, 6.211971268781154798 ) ) ;
#697 = VERTEX_POINT ( 'NONE', #971 ) ;
#698 = EDGE_CURVE ( 'NONE', #1298, #236, #2075, .T. ) ;
#699 = ORIENTED_EDGE ( 'NONE', *, *, #1409, .F. ) ;
#700 = ORIENTED_EDGE ( 'NONE', *, *, #4509, .F. ) ;
#701 = CARTESIAN_POINT ( 'NONE',  ( 40.26520913498661969, 73.00000000000000000, -3.331533331391943964 ) ) ;
#702 =( BOUNDED_CURVE ( )  B_SPLINE_CURVE ( 3, ( #378, #2590, #4033, #1128 ),
 .UNSPECIFIED., .F., .F. ) 
 B_SPLINE_CURVE_WITH_KNOTS ( ( 4, 4 ),
 ( 5.501585242055422320, 7.044806211812365326 ),
 .UNSPECIFIED. ) 
 CURVE ( )  GEOMETRIC_REPRESENTATION_ITEM ( )  RATIONAL_B_SPLINE_CURVE ( ( 1.000000000000000000, 0.8111924158746323110, 0.8111924158746323110, 1.000000000000000000 ) ) 
 REPRESENTATION_ITEM ( '' )  );
#703 = DIRECTION ( 'NONE',  ( -0.4980973490458739938, 0.08715574274765822138, -0.8627299156628202015 ) ) ;
#704 = CARTESIAN_POINT ( 'NONE',  ( -30.06730616351691765, 88.00000000000001421, 51.10089187644440756 ) ) ;
#705 = EDGE_CURVE ( 'NONE', #2359, #779, #1743, .T. ) ;
#706 = SURFACE_STYLE_FILL_AREA ( #1763 ) ;
#707 = FACE_OUTER_BOUND ( 'NONE', #4192, .T. ) ;
#708 = ORIENTED_EDGE ( 'NONE', *, *, #761, .F. ) ;
#709 = CARTESIAN_POINT ( 'NONE',  ( 35.21578371247854022, 83.50623547756993048, 56.45134669429387486 ) ) ;
#710 = CARTESIAN_POINT ( 'NONE',  ( -44.28244071034339413, 57.99999999999999289, -0.2093090894004709379 ) ) ;
#711 = CYLINDRICAL_SURFACE ( 'NONE', #1574, 2.250000000000002220 ) ;
#712 = EDGE_LOOP ( 'NONE', ( #2912, #1839 ) ) ;
#713 = EDGE_LOOP ( 'NONE', ( #1914, #3514, #556, #1950, #1031, #4435, #3255, #640, #2297, #268, #4018, #353 ) ) ;
#714 = CARTESIAN_POINT ( 'NONE',  ( -60.64962087507607436, 58.00388826793587782, 9.240679589879153610 ) ) ;
#715 = DIRECTION ( 'NONE',  ( -0.5000000000000014433, -0.000000000000000000, -0.8660254037844378194 ) ) ;
#716 =( LENGTH_UNIT ( ) NAMED_UNIT ( * ) SI_UNIT ( .MILLI., .METRE. ) );
#717 = EDGE_CURVE ( 'NONE', #4484, #65, #3968, .T. ) ;
#718 = CARTESIAN_POINT ( 'NONE',  ( -40.53548883891993881, 87.57650719366502301, 36.27917840891480949 ) ) ;
#719 = ORIENTED_EDGE ( 'NONE', *, *, #2733, .T. ) ;
#720 = CARTESIAN_POINT ( 'NONE',  ( 40.95143008755744773, 78.95118666870352797, 45.67081275647320382 ) ) ;
#721 = CARTESIAN_POINT ( 'NONE',  ( 55.97192386219588656, 88.00000000000000000, 14.68046764312727959 ) ) ;
#722 = CARTESIAN_POINT ( 'NONE',  ( 59.21966366655683345, 83.50623547704968530, 14.87540703582684998 ) ) ;
#723 = VECTOR ( 'NONE', #4284, 1000.000000000000227 ) ;
#724 = CARTESIAN_POINT ( 'NONE',  ( -36.65565302184613472, 83.28006532725790123, -1.717437837358013919 ) ) ;
#725 = ORIENTED_EDGE ( 'NONE', *, *, #1919, .T. ) ;
#726 = LINE ( 'NONE', #2162, #3538 ) ;
#727 = DIRECTION ( 'NONE',  ( 1.000000000000000000, 0.000000000000000000, -0.000000000000000000 ) ) ;
#728 = CARTESIAN_POINT ( 'NONE',  ( -51.93743611958009865, 85.81452138879284064, 13.21997330070042054 ) ) ;
#729 = CIRCLE ( 'NONE', #3980, 2.250000000000002220 ) ;
#730 = EDGE_CURVE ( 'NONE', #948, #1913, #4605, .T. ) ;
#731 = CARTESIAN_POINT ( 'NONE',  ( 31.21136934160514187, 85.24711411272483019, 53.70069362483175013 ) ) ;
#732 = VERTEX_POINT ( 'NONE', #3525 ) ;
#733 = LINE ( 'NONE', #4385, #818 ) ;
#734 = CARTESIAN_POINT ( 'NONE',  ( 41.05828678783674945, 87.40775122720172874, 36.39262546271962862 ) ) ;
#735 = CARTESIAN_POINT ( 'NONE',  ( 45.34554343970064849, 79.57440887335195612, 37.87710796060795815 ) ) ;
#736 = VECTOR ( 'NONE', #4432, 999.9999999999998863 ) ;
#737 = CARTESIAN_POINT ( 'NONE',  ( 37.83905190765528204, 87.28104278384012105, 3.064768073149449545 ) ) ;
#738 = ORIENTED_EDGE ( 'NONE', *, *, #1092, .T. ) ;
#739 = EDGE_CURVE ( 'NONE', #2506, #3791, #360, .T. ) ;
#740 = ORIENTED_EDGE ( 'NONE', *, *, #601, .F. ) ;
#741 = DIRECTION ( 'NONE',  ( 0.000000000000000000, 0.000000000000000000, -1.000000000000000000 ) ) ;
#742 = CARTESIAN_POINT ( 'NONE',  ( -39.06289096346574041, 73.00000000000000000, -3.631022810980914617 ) ) ;
#743 = AXIS2_PLACEMENT_3D ( 'NONE', #4495, #2361, #3451 ) ;
#744 = VECTOR ( 'NONE', #300, 1000.000000000000114 ) ;
#745 = ORIENTED_EDGE ( 'NONE', *, *, #3858, .T. ) ;
#746 = CARTESIAN_POINT ( 'NONE',  ( -7.359533605311115687E-17, 78.00000000000000000, 6.787971645951955679 ) ) ;
#747 = LINE ( 'NONE', #2898, #3311 ) ;
#748 = CIRCLE ( 'NONE', #3992, 5.750000000000005329 ) ;
#749 = ORIENTED_EDGE ( 'NONE', *, *, #4113, .T. ) ;
#750 = VERTEX_POINT ( 'NONE', #3207 ) ;
#751 = CARTESIAN_POINT ( 'NONE',  ( -34.87800316616048946, 79.72957776981540690, 60.05148970172974998 ) ) ;
#752 = CARTESIAN_POINT ( 'NONE',  ( 28.99999999999999289, 57.99999999999999289, 59.95388455197960553 ) ) ;
#753 = CIRCLE ( 'NONE', #3853, 3.750000000000010214 ) ;
#754 = CARTESIAN_POINT ( 'NONE',  ( 43.66948339956078229, 78.87155742747657428, -0.7729111076675795333 ) ) ;
#755 = CARTESIAN_POINT ( 'NONE',  ( 33.13043413076664478, 83.56413261338090592, 54.86111910218658494 ) ) ;
#756 = EDGE_LOOP ( 'NONE', ( #4388, #395, #1887, #1253, #1111 ) ) ;
#757 = LINE ( 'NONE', #412, #3314 ) ;
#758 = CARTESIAN_POINT ( 'NONE',  ( -35.98076211353303933, 72.00000000000000000, 58.72904326261666341 ) ) ;
#759 = CARTESIAN_POINT ( 'NONE',  ( 41.69820710243117645, 85.41547044848135783, 34.50261209294581022 ) ) ;
#760 = AXIS2_PLACEMENT_3D ( 'NONE', #2129, #3107, #3177 ) ;
#761 = EDGE_CURVE ( 'NONE', #936, #4041, #3176, .T. ) ;
#762 = AXIS2_PLACEMENT_3D ( 'NONE', #371, #2534, #303 ) ;
#763 = VERTEX_POINT ( 'NONE', #1022 ) ;
#764 = ORIENTED_EDGE ( 'NONE', *, *, #1919, .F. ) ;
#765 = CARTESIAN_POINT ( 'NONE',  ( 56.85073636792039053, 82.40498838164157291, 10.60811732520603456 ) ) ;
#766 = DIRECTION ( 'NONE',  ( 0.1186073329426358125, -0.9924325091389670783, -0.03178073907838822182 ) ) ;
#767 = EDGE_CURVE ( 'NONE', #4256, #833, #1415, .T. ) ;
#768 = AXIS2_PLACEMENT_3D ( 'NONE', #3911, #1408, #1035 ) ;
#769 = ORIENTED_EDGE ( 'NONE', *, *, #217, .T. ) ;
#770 = CARTESIAN_POINT ( 'NONE',  ( -43.66948339955744274, 78.87155742747657428, -0.7729111076695062144 ) ) ;
#771 = CARTESIAN_POINT ( 'NONE',  ( -44.84815510704243735, 82.01110104428454406, 36.89743695130019319 ) ) ;
#772 = CARTESIAN_POINT ( 'NONE',  ( 60.44011561698768276, 81.28869479452912117, 14.94866233839689684 ) ) ;
#773 = ORIENTED_EDGE ( 'NONE', *, *, #4170, .T. ) ;
#774 = CYLINDRICAL_SURFACE ( 'NONE', #2927, 8.000000000000000000 ) ;
#775 = CARTESIAN_POINT ( 'NONE',  ( -33.05034169067531025, 85.47213665160190033, 56.88588716714343008 ) ) ;
#776 = CARTESIAN_POINT ( 'NONE',  ( 61.64157712235858355, 57.99999999999999289, 9.865938809546820565 ) ) ;
#777 = B_SPLINE_CURVE_WITH_KNOTS ( 'NONE', 3,
 ( #2215, #2904, #1861, #1202 ),
 .UNSPECIFIED., .F., .F.,
 ( 4, 4 ),
 ( 1.390486644391990834E-17, 0.004589225758967174426 ),
 .UNSPECIFIED. ) ;
#778 = CARTESIAN_POINT ( 'NONE',  ( -37.41864530630440555, 57.99999999999999289, 59.47103748183693739 ) ) ;
#779 = VERTEX_POINT ( 'NONE', #660 ) ;
#780 = LINE ( 'NONE', #2621, #3916 ) ;
#781 = LINE ( 'NONE', #3744, #513 ) ;
#782 = CARTESIAN_POINT ( 'NONE',  ( 40.44431049574264136, 85.79659901939217548, 34.26307493078914490 ) ) ;
#783 = CARTESIAN_POINT ( 'NONE',  ( -64.98456741544137572, 57.82568851450468372, 11.72545983132567038 ) ) ;
#784 = ORIENTED_EDGE ( 'NONE', *, *, #1339, .T. ) ;
#785 = ORIENTED_EDGE ( 'NONE', *, *, #3513, .T. ) ;
#786 = EDGE_CURVE ( 'NONE', #4465, #3431, #4306, .T. ) ;
#787 = CARTESIAN_POINT ( 'NONE',  ( 57.29191095895546937, 83.98996436494763884, 12.32817065002365631 ) ) ;
#788 = APPLICATION_CONTEXT ( 'automotive_design' ) ;
#789 = CARTESIAN_POINT ( 'NONE',  ( 56.68222970961556939, 78.43577871373828714, 12.49153424842435456 ) ) ;
#790 = DIRECTION ( 'NONE',  ( 0.000000000000000000, 0.000000000000000000, 1.000000000000000000 ) ) ;
#791 = EDGE_LOOP ( 'NONE', ( #3467, #3312, #863, #3448 ) ) ;
#792 = EDGE_CURVE ( 'NONE', #3369, #4053, #3660, .T. ) ;
#793 = CARTESIAN_POINT ( 'NONE',  ( 40.00000000000146372, 70.49999999999998579, 1.752070710736575165E-12 ) ) ;
#794 = DIRECTION ( 'NONE',  ( 0.000000000000000000, 0.000000000000000000, 1.000000000000000000 ) ) ;
#795 = CARTESIAN_POINT ( 'NONE',  ( -39.99999999999853628, 73.00000000000000000, 36.25000000000174794 ) ) ;
#796 = ORIENTED_EDGE ( 'NONE', *, *, #3216, .F. ) ;
#797 = EDGE_CURVE ( 'NONE', #1899, #2971, #1043, .T. ) ;
#798 = CARTESIAN_POINT ( 'NONE',  ( 60.64962087507607436, 58.00388826793587782, 9.240679589879150058 ) ) ;
#799 = CYLINDRICAL_SURFACE ( 'NONE', #3841, 8.000000000000000000 ) ;
#800 = DIRECTION ( 'NONE',  ( 0.000000000000000000, 0.000000000000000000, 1.000000000000000000 ) ) ;
#801 = EDGE_CURVE ( 'NONE', #1103, #2974, #424, .T. ) ;
#802 = ORIENTED_EDGE ( 'NONE', *, *, #3043, .F. ) ;
#803 = CARTESIAN_POINT ( 'NONE',  ( 65.98076211353313170, 57.99999999999999289, 10.00000000000003020 ) ) ;
#804 = DIRECTION ( 'NONE',  ( -1.000000000000000000, -0.000000000000000000, -0.000000000000000000 ) ) ;
#805 = CARTESIAN_POINT ( 'NONE',  ( 42.69374432848923817, 68.99999999999995737, 43.28728482075275963 ) ) ;
#806 = VERTEX_POINT ( 'NONE', #274 ) ;
#807 = VERTEX_POINT ( 'NONE', #2945 ) ;
#808 = FACE_OUTER_BOUND ( 'NONE', #1806, .T. ) ;
#809 = VECTOR ( 'NONE', #1556, 1000.000000000000000 ) ;
#810 = DIRECTION ( 'NONE',  ( 0.000000000000000000, 0.7071067811865502373, 0.7071067811865447972 ) ) ;
#811 = CARTESIAN_POINT ( 'NONE',  ( -29.17497351054302257, 86.00000000000000000, 50.17355258111435035 ) ) ;
#812 = ORIENTED_EDGE ( 'NONE', *, *, #3186, .F. ) ;
#813 = CARTESIAN_POINT ( 'NONE',  ( 42.73258457781355446, 69.74716703794237560, 44.19625743634344417 ) ) ;
#814 = CARTESIAN_POINT ( 'NONE',  ( 37.71902024782671958, 85.81120140756424064, 5.299519430034036027 ) ) ;
#815 = CARTESIAN_POINT ( 'NONE',  ( -42.79929977317707568, 84.81297611231136102, 34.97393179574136468 ) ) ;
#816 = ADVANCED_FACE ( 'NONE', ( #2966, #3755 ), #1922, .F. ) ;
#817 = AXIS2_PLACEMENT_3D ( 'NONE', #1435, #3961, #1802 ) ;
#818 = VECTOR ( 'NONE', #2998, 1000.000000000000114 ) ;
#819 = ORIENTED_EDGE ( 'NONE', *, *, #3746, .T. ) ;
#820 = AXIS2_PLACEMENT_3D ( 'NONE', #864, #1172, #72 ) ;
#821 = CARTESIAN_POINT ( 'NONE',  ( 0.000000000000000000, 86.00000000000000000, 0.000000000000000000 ) ) ;
#822 = DIRECTION ( 'NONE',  ( 0.000000000000000000, 1.000000000000000000, 0.000000000000000000 ) ) ;
#823 = B_SPLINE_CURVE_WITH_KNOTS ( 'NONE', 3,
 ( #1848, #1827, #2254, #3324 ),
 .UNSPECIFIED., .F., .F.,
 ( 4, 4 ),
 ( 0.000000000000000000, 0.0001005159319301879224 ),
 .UNSPECIFIED. ) ;
#824 = EDGE_CURVE ( 'NONE', #3482, #4287, #3363, .T. ) ;
#825 = CARTESIAN_POINT ( 'NONE',  ( 43.61682090991536143, 76.69763656332348489, -1.022932267430791908 ) ) ;
#826 = VERTEX_POINT ( 'NONE', #4079 ) ;
#827 = CARTESIAN_POINT ( 'NONE',  ( 39.06289096367765268, 73.00000000000000000, -3.631022811003476125 ) ) ;
#828 = DIRECTION ( 'NONE',  ( 0.000000000000000000, 0.000000000000000000, -1.000000000000000000 ) ) ;
#829 = CARTESIAN_POINT ( 'NONE',  ( 39.39546540277498110, 85.95260920884945222, 34.27375772428460010 ) ) ;
#830 = EDGE_CURVE ( 'NONE', #4346, #376, #1178, .T. ) ;
#831 = LINE ( 'NONE', #4071, #101 ) ;
#832 = ORIENTED_EDGE ( 'NONE', *, *, #57, .T. ) ;
#833 = VERTEX_POINT ( 'NONE', #2283 ) ;
#834 = DIRECTION ( 'NONE',  ( 0.9929340751601265502, -0.1186672759690051149, 0.000000000000000000 ) ) ;
#835 = DIRECTION ( 'NONE',  ( -0.000000000000000000, 1.000000000000000000, -0.000000000000000000 ) ) ;
#836 = VECTOR ( 'NONE', #3885, 1000.000000000000000 ) ;
#837 = ADVANCED_FACE ( 'NONE', ( #3300 ), #4491, .T. ) ;
#838 = AXIS2_PLACEMENT_3D ( 'NONE', #480, #1159, #1135 ) ;
#839 = VERTEX_POINT ( 'NONE', #2232 ) ;
#840 = CARTESIAN_POINT ( 'NONE',  ( -39.00067922146273247, 87.87127439897642489, 36.37674948644981754 ) ) ;
#841 = CARTESIAN_POINT ( 'NONE',  ( 40.00000000000146372, 70.49999999999998579, 40.00000000000175504 ) ) ;
#842 = CARTESIAN_POINT ( 'NONE',  ( 40.00000000000146372, 57.99999999999999289, -2.249999999998250289 ) ) ;
#843 = CARTESIAN_POINT ( 'NONE',  ( -59.27041945660401723, 78.69724594198125089, 13.98582629556199919 ) ) ;
#844 = DIRECTION ( 'NONE',  ( 0.05025580687519607542, -0.9949358851208914833, 0.08704561088320908468 ) ) ;
#845 = EDGE_CURVE ( 'NONE', #3268, #3583, #2988, .T. ) ;
#846 = CARTESIAN_POINT ( 'NONE',  ( 40.00000000000146372, 57.99999999999999289, 1.752070710736575165E-12 ) ) ;
#847 = CARTESIAN_POINT ( 'NONE',  ( -45.04555796120547484, 69.99557204962012236, 1.443108017566332002 ) ) ;
#848 = CARTESIAN_POINT ( 'NONE',  ( -34.57254749211077183, 70.49999999999998579, -1.898752030839256255 ) ) ;
#849 = CARTESIAN_POINT ( 'NONE',  ( -43.13657209949345628, 69.48186963536571170, 43.54295155354667912 ) ) ;
#850 = ORIENTED_EDGE ( 'NONE', *, *, #2380, .T. ) ;
#851 = EDGE_CURVE ( 'NONE', #2307, #3195, #3667, .T. ) ;
#852 = CARTESIAN_POINT ( 'NONE',  ( -44.26322336943343316, 61.43167396701202421, 0.1262744827506574186 ) ) ;
#853 = CARTESIAN_POINT ( 'NONE',  ( 36.75707635919357585, 87.70279659031477593, 41.89984778790901032 ) ) ;
#854 = CARTESIAN_POINT ( 'NONE',  ( -42.20101559082604581, 86.05959735843853764, 3.042015147767772820 ) ) ;
#855 = DIRECTION ( 'NONE',  ( -0.000000000000000000, -1.000000000000000000, -0.000000000000000000 ) ) ;
#856 = VERTEX_POINT ( 'NONE', #2611 ) ;
#857 = ORIENTED_EDGE ( 'NONE', *, *, #3216, .T. ) ;
#858 = EDGE_CURVE ( 'NONE', #2150, #2533, #1703, .T. ) ;
#859 = CARTESIAN_POINT ( 'NONE',  ( 56.80017724479213115, 84.29020848562120705, 12.45993030162522608 ) ) ;
#860 = CARTESIAN_POINT ( 'NONE',  ( 45.21574431898579149, 78.69724594198125089, 2.420436158834037954 ) ) ;
#861 =( BOUNDED_CURVE ( )  B_SPLINE_CURVE ( 3, ( #2804, #4235, #2830, #992 ),
 .UNSPECIFIED., .F., .F. ) 
 B_SPLINE_CURVE_WITH_KNOTS ( ( 4, 4 ),
 ( 4.712388980384688786, 6.195918844579869855 ),
 .UNSPECIFIED. ) 
 CURVE ( )  GEOMETRIC_REPRESENTATION_ITEM ( )  RATIONAL_B_SPLINE_CURVE ( ( 1.000000000000000000, 0.8248515578734157971, 0.8248515578734157971, 1.000000000000000000 ) ) 
 REPRESENTATION_ITEM ( '' )  );
#862 = CARTESIAN_POINT ( 'NONE',  ( -43.57130765805663941, 84.05776262320743797, 41.15142494079626800 ) ) ;
#863 = ORIENTED_EDGE ( 'NONE', *, *, #4086, .T. ) ;
#864 = CARTESIAN_POINT ( 'NONE',  ( 40.00000000000146372, 68.99999999999995737, 40.00000000000175504 ) ) ;
#865 = CARTESIAN_POINT ( 'NONE',  ( 58.93667560390439064, 60.10012913671477719, 8.463479151408538570 ) ) ;
#866 = CARTESIAN_POINT ( 'NONE',  ( -52.43871221481381184, 87.88329667675607482, 13.62858133423338458 ) ) ;
#867 = LINE ( 'NONE', #192, #4396 ) ;
#868 = VERTEX_POINT ( 'NONE', #515 ) ;
#869 = CARTESIAN_POINT ( 'NONE',  ( 31.25679488960773966, 83.56413261338074960, 55.94286522243323390 ) ) ;
#870 = CYLINDRICAL_SURFACE ( 'NONE', #4374, 3.750000000000006217 ) ;
#871 = CARTESIAN_POINT ( 'NONE',  ( 35.68438072234878433, 57.99999999999999289, 58.45959250484199998 ) ) ;
#872 = DIRECTION ( 'NONE',  ( 0.000000000000000000, -1.000000000000000000, -0.000000000000000000 ) ) ;
#873 = EDGE_LOOP ( 'NONE', ( #3633, #1685, #3674, #1616, #1455, #494 ) ) ;
#874 = CARTESIAN_POINT ( 'NONE',  ( 64.16012615613168180, 57.99999999999999289, 11.81811735237929106 ) ) ;
#875 = CARTESIAN_POINT ( 'NONE',  ( 42.69374432848923817, 68.99999999999995737, 43.28728482075275963 ) ) ;
#876 = CARTESIAN_POINT ( 'NONE',  ( 35.08142979509289461, 85.86076214536761597, 43.00377261232711845 ) ) ;
#877 = EDGE_CURVE ( 'NONE', #3502, #763, #1977, .T. ) ;
#878 = DIRECTION ( 'NONE',  ( -0.8660254037844380415, 0.000000000000000000, 0.5000000000000012212 ) ) ;
#879 = ORIENTED_EDGE ( 'NONE', *, *, #2989, .T. ) ;
#880 = VERTEX_POINT ( 'NONE', #865 ) ;
#881 = DIRECTION ( 'NONE',  ( 0.8660254037844391517, 0.000000000000000000, -0.4999999999999990008 ) ) ;
#882 = CARTESIAN_POINT ( 'NONE',  ( 43.71541780151152778, 84.91543468660331939, 39.44206230580989825 ) ) ;
#883 = EDGE_CURVE ( 'NONE', #2820, #3505, #1397, .T. ) ;
#884 = ORIENTED_EDGE ( 'NONE', *, *, #2786, .T. ) ;
#885 =( BOUNDED_CURVE ( )  B_SPLINE_CURVE ( 3, ( #2365, #4517, #902, #2002 ),
 .UNSPECIFIED., .F., .F. ) 
 B_SPLINE_CURVE_WITH_KNOTS ( ( 4, 4 ),
 ( 0.7896628343933218552, 1.072825784807791116 ),
 .UNSPECIFIED. ) 
 CURVE ( )  GEOMETRIC_REPRESENTATION_ITEM ( )  RATIONAL_B_SPLINE_CURVE ( ( 1.000000000000000000, 0.9933293826880194022, 0.9933293826880194022, 1.000000000000000000 ) ) 
 REPRESENTATION_ITEM ( '' )  );
#886 = CARTESIAN_POINT ( 'NONE',  ( -39.24706929059907168, 87.21031038353416420, 3.678589872900950741 ) ) ;
#887 = CARTESIAN_POINT ( 'NONE',  ( 38.00290696936429669, 78.87155742747657428, -3.173975334965499773 ) ) ;
#888 = B_SPLINE_CURVE_WITH_KNOTS ( 'NONE', 3,
 ( #448, #1529, #3734, #813, #3754, #1127 ),
 .UNSPECIFIED., .F., .F.,
 ( 4, 2, 4 ),
 ( 0.000000000000000000, 0.001214247131269200917, 0.002428494262538401834 ),
 .UNSPECIFIED. ) ;
#889 = FACE_BOUND ( 'NONE', #2603, .T. ) ;
#890 = ORIENTED_EDGE ( 'NONE', *, *, #3049, .T. ) ;
#891 = CARTESIAN_POINT ( 'NONE',  ( 34.54842645474310814, 79.67848502777009401, 56.54156393104386069 ) ) ;
#892 = AXIS2_PLACEMENT_3D ( 'NONE', #77, #406, #1835 ) ;
#893 = CARTESIAN_POINT ( 'NONE',  ( 58.17652175675318915, 78.69724594198125089, 9.903344501435894287 ) ) ;
#894 = DIRECTION ( 'NONE',  ( -0.000000000000000000, -1.000000000000000000, -0.000000000000000000 ) ) ;
#895 = VECTOR ( 'NONE', #4373, 1000.000000000000114 ) ;
#896 = EDGE_CURVE ( 'NONE', #489, #2367, #652, .T. ) ;
#897 = UNCERTAINTY_MEASURE_WITH_UNIT (LENGTH_MEASURE( 1.000000000000000082E-05 ), #716, 'distance_accuracy_value', 'NONE');
#898 = DIRECTION ( 'NONE',  ( 0.000000000000000000, 0.000000000000000000, 1.000000000000000000 ) ) ;
#899 = ORIENTED_EDGE ( 'NONE', *, *, #512, .T. ) ;
#900 = CARTESIAN_POINT ( 'NONE',  ( -39.99999999999853628, 88.00000000000000000, 40.00000000000175504 ) ) ;
#901 = AXIS2_PLACEMENT_3D ( 'NONE', #553, #1929, #1978 ) ;
#902 = CARTESIAN_POINT ( 'NONE',  ( 36.45839509747229812, 64.95819397700476827, -2.383597233311023356 ) ) ;
#903 = CARTESIAN_POINT ( 'NONE',  ( -59.93287030199613241, 60.10012913671478429, 6.720409814822940753 ) ) ;
#904 = CARTESIAN_POINT ( 'NONE',  ( -43.53896797405822383, 74.73364212849598687, -1.266289696996963032 ) ) ;
#905 = DIRECTION ( 'NONE',  ( 0.8627299156628200905, 0.08715574274765822138, 0.4980973490458742159 ) ) ;
#906 = ORIENTED_EDGE ( 'NONE', *, *, #1249, .T. ) ;
#907 = ORIENTED_EDGE ( 'NONE', *, *, #581, .F. ) ;
#908 = FACE_OUTER_BOUND ( 'NONE', #713, .T. ) ;
#909 = CARTESIAN_POINT ( 'NONE',  ( 42.37310106251645436, 84.25803011441675494, 42.91528299452857453 ) ) ;
#910 = EDGE_CURVE ( 'NONE', #3003, #2620, #285, .T. ) ;
#911 = CYLINDRICAL_SURFACE ( 'NONE', #162, 4.250000000000003553 ) ;
#912 = ORIENTED_EDGE ( 'NONE', *, *, #1533, .T. ) ;
#913 = CYLINDRICAL_SURFACE ( 'NONE', #3333, 2.250000000000001776 ) ;
#914 = LINE ( 'NONE', #987, #3679 ) ;
#915 = EDGE_CURVE ( 'NONE', #2066, #2150, #2692, .T. ) ;
#916 = CARTESIAN_POINT ( 'NONE',  ( -61.66681070950037480, 58.00252549018552628, 7.509594128728223517 ) ) ;
#917 = CARTESIAN_POINT ( 'NONE',  ( -39.99999999999853628, 57.99999999999999289, 1.752070710736575165E-12 ) ) ;
#918 = AXIS2_PLACEMENT_3D ( 'NONE', #3781, #1924, #2286 ) ;
#919 =( BOUNDED_CURVE ( )  B_SPLINE_CURVE ( 3, ( #4142, #1959, #2768, #185 ),
 .UNSPECIFIED., .F., .F. ) 
 B_SPLINE_CURVE_WITH_KNOTS ( ( 4, 4 ),
 ( 0.000000000000000000, 1.570796326794896558 ),
 .UNSPECIFIED. ) 
 CURVE ( )  GEOMETRIC_REPRESENTATION_ITEM ( )  RATIONAL_B_SPLINE_CURVE ( ( 1.000000000000000000, 0.8047378541243649375, 0.8047378541243649375, 1.000000000000000000 ) ) 
 REPRESENTATION_ITEM ( '' )  );
#920 = CARTESIAN_POINT ( 'NONE',  ( -42.34006994344861141, 70.09412004674301500, 44.81540381568532894 ) ) ;
#921 = ORIENTED_EDGE ( 'NONE', *, *, #4177, .T. ) ;
#922 = CARTESIAN_POINT ( 'NONE',  ( 34.24411839057832196, 81.09479702571222504, 56.18093228010805262 ) ) ;
#923 = EDGE_CURVE ( 'NONE', #3482, #1659, #80, .T. ) ;
#924 = AXIS2_PLACEMENT_3D ( 'NONE', #1932, #415, #2938 ) ;
#925 = CARTESIAN_POINT ( 'NONE',  ( -39.99999999999853628, 57.99999999999999289, 40.00000000000175504 ) ) ;
#926 = CARTESIAN_POINT ( 'NONE',  ( -45.39676408457963674, 78.69724594198125089, 38.01570228660901307 ) ) ;
#927 = PLANE ( 'NONE',  #685 ) ;
#928 = ORIENTED_EDGE ( 'NONE', *, *, #1668, .F. ) ;
#929 = CARTESIAN_POINT ( 'NONE',  ( 44.26322336943629665, 61.43167396701228711, 0.1262744827523458180 ) ) ;
#930 = LINE ( 'NONE', #3387, #4218 ) ;
#931 = FACE_OUTER_BOUND ( 'NONE', #1933, .T. ) ;
#932 = ORIENTED_EDGE ( 'NONE', *, *, #1824, .T. ) ;
#933 = VERTEX_POINT ( 'NONE', #3865 ) ;
#934 = DIRECTION ( 'NONE',  ( 0.000000000000000000, 0.000000000000000000, -1.000000000000000000 ) ) ;
#935 = CARTESIAN_POINT ( 'NONE',  ( 0.000000000000000000, 88.00000000000000000, 0.000000000000000000 ) ) ;
#936 = VERTEX_POINT ( 'NONE', #1706 ) ;
#937 = CARTESIAN_POINT ( 'NONE',  ( -39.62444649697265220, 87.15029691306439474, 3.736025652017312293 ) ) ;
#938 = CARTESIAN_POINT ( 'NONE',  ( 59.93287030199613241, 60.10012913671477719, 6.720409814822939865 ) ) ;
#939 = LINE ( 'NONE', #3820, #1141 ) ;
#940 = ADVANCED_FACE ( 'NONE', ( #4593 ), #4227, .F. ) ;
#941 = DIRECTION ( 'NONE',  ( -0.07547908730517341458, 0.9961946980917455452, -0.04357787137382902048 ) ) ;
#942 = ORIENTED_EDGE ( 'NONE', *, *, #1355, .F. ) ;
#943 = DIRECTION ( 'NONE',  ( 0.000000000000000000, -1.000000000000000000, 0.000000000000000000 ) ) ;
#944 = CARTESIAN_POINT ( 'NONE',  ( 49.87809338607210208, 88.00000000000001421, 14.31469708150910058 ) ) ;
#945 = DIRECTION ( 'NONE',  ( 0.05025580687519610318, -0.9949358851208914833, 0.08704561088320909856 ) ) ;
#946 = B_SPLINE_CURVE_WITH_KNOTS ( 'NONE', 3,
 ( #3408, #2619, #2644, #849 ),
 .UNSPECIFIED., .F., .F.,
 ( 4, 4 ),
 ( -0.0003749486170131250025, 0.0003276594614550264271 ),
 .UNSPECIFIED. ) ;
#947 = EDGE_CURVE ( 'NONE', #3305, #358, #914, .T. ) ;
#948 = VERTEX_POINT ( 'NONE', #938 ) ;
#949 = CARTESIAN_POINT ( 'NONE',  ( 40.00000000000146372, 70.49999999999998579, 40.00000000000175504 ) ) ;
#950 = CARTESIAN_POINT ( 'NONE',  ( 35.78355284139735915, 85.57560665214801077, 43.92681855100364885 ) ) ;
#951 = CARTESIAN_POINT ( 'NONE',  ( -27.00000000000000355, 65.00000000000000000, 61.34910358238483497 ) ) ;
#952 = FACE_OUTER_BOUND ( 'NONE', #2892, .T. ) ;
#953 = ORIENTED_EDGE ( 'NONE', *, *, #4607, .F. ) ;
#954 = VERTEX_POINT ( 'NONE', #3819 ) ;
#955 = CARTESIAN_POINT ( 'NONE',  ( 65.98076211353313170, 57.99999999999999289, 10.00000000000003020 ) ) ;
#956 = CARTESIAN_POINT ( 'NONE',  ( -40.21197018326169825, 85.57194955364346356, 5.750000000001757705 ) ) ;
#957 = VERTEX_POINT ( 'NONE', #1666 ) ;
#958 = CARTESIAN_POINT ( 'NONE',  ( 36.84142251706617799, 88.00000000000000000, 6.787971645951950350 ) ) ;
#959 = CARTESIAN_POINT ( 'NONE',  ( 37.29997065857457272, 85.81481713637835185, 5.076646684126414399 ) ) ;
#960 = CARTESIAN_POINT ( 'NONE',  ( -29.88862534306032259, 85.81452138821929054, 52.15128255365048915 ) ) ;
#961 = CARTESIAN_POINT ( 'NONE',  ( 34.46541401040105512, 88.00000000000000000, 50.17355258111435035 ) ) ;
#962 = CARTESIAN_POINT ( 'NONE',  ( 59.17271645484493803, 78.87155742747657428, 8.177884670110262988 ) ) ;
#963 = DIRECTION ( 'NONE',  ( -0.000000000000000000, 1.000000000000000000, -0.000000000000000000 ) ) ;
#964 = ORIENTED_EDGE ( 'NONE', *, *, #2778, .F. ) ;
#965 = VECTOR ( 'NONE', #1724, 1000.000000000000114 ) ;
#966 = PLANE ( 'NONE',  #598 ) ;
#967 = B_SPLINE_CURVE_WITH_KNOTS ( 'NONE', 3,
 ( #1761, #683, #3507, #1416, #2069, #3208, #292, #662, #4330, #3526, #3139, #3589, #4258, #3570, #10, #361, #1718, #2810, #4606, #1044, #1000, #4285 ),
 .UNSPECIFIED., .F., .F.,
 ( 4, 2, 2, 2, 2, 2, 2, 2, 2, 2, 4 ),
 ( 0.002808611439942622183, 0.003448732840175047949, 0.004088854240407473715, 0.005369097040872324381, 0.006009218441104732800, 0.006649339841337141219, 0.007929582641801958057, 0.009209825442266776629, 0.01049006824273159347, 0.01177031104319641031, 0.01305055384366122714 ),
 .UNSPECIFIED. ) ;
#968 = EDGE_CURVE ( 'NONE', #186, #806, #3472, .T. ) ;
#969 = DIRECTION ( 'NONE',  ( 0.4961971664229286039, -3.469446951953613804E-18, -0.8682098663536694794 ) ) ;
#970 = ORIENTED_EDGE ( 'NONE', *, *, #797, .F. ) ;
#971 = CARTESIAN_POINT ( 'NONE',  ( 40.00000000000145661, 85.87423082768911797, 34.25000000000174083 ) ) ;
#972 = CARTESIAN_POINT ( 'NONE',  ( -38.20830832898892027, 77.49636431178529961, -3.294289142747381938 ) ) ;
#973 = EDGE_CURVE ( 'NONE', #3205, #3502, #3161, .T. ) ;
#974 = PRODUCT ( 'Part1^ob15_v3.4.0', 'Part1^ob15_v3.4.0', '', ( #4666 ) ) ;
#975 = FACE_OUTER_BOUND ( 'NONE', #4302, .T. ) ;
#976 = CONICAL_SURFACE ( 'NONE', #3989, 4.250000000000001776, 0.7853981633974445042 ) ;
#977 = LINE ( 'NONE', #3857, #1146 ) ;
#978 = VERTEX_POINT ( 'NONE', #2394 ) ;
#979 = CARTESIAN_POINT ( 'NONE',  ( -44.43060796608241247, 57.99999999999999289, 40.82596189432509703 ) ) ;
#980 = CARTESIAN_POINT ( 'NONE',  ( -44.82731966528552903, 81.56575965215002100, 3.125655670855306933 ) ) ;
#981 = EDGE_CURVE ( 'NONE', #4627, #2974, #3842, .T. ) ;
#982 = VECTOR ( 'NONE', #3459, 999.9999999999998863 ) ;
#983 = VERTEX_POINT ( 'NONE', #1120 ) ;
#984 = ORIENTED_EDGE ( 'NONE', *, *, #140, .F. ) ;
#985 = FACE_OUTER_BOUND ( 'NONE', #1487, .T. ) ;
#986 = DIRECTION ( 'NONE',  ( 0.000000000000000000, -1.000000000000000000, -0.000000000000000000 ) ) ;
#987 = CARTESIAN_POINT ( 'NONE',  ( 20.00000000000000000, 72.00000000000000000, 80.00000000000000000 ) ) ;
#988 = CARTESIAN_POINT ( 'NONE',  ( -29.17497351054301902, 86.00000000000000000, 50.17355258111435035 ) ) ;
#989 = AXIS2_PLACEMENT_3D ( 'NONE', #1849, #2586, #2536 ) ;
#990 = DIRECTION ( 'NONE',  ( -0.000000000000000000, -1.000000000000000000, -0.000000000000000000 ) ) ;
#991 = ORIENTED_EDGE ( 'NONE', *, *, #1349, .T. ) ;
#992 = CARTESIAN_POINT ( 'NONE',  ( -60.99587928792963964, 78.87155742747657428, 14.98202099365373563 ) ) ;
#993 = DIRECTION ( 'NONE',  ( 1.974996947912431177E-15, 0.9961946980917455452, -0.08715574274765820750 ) ) ;
#994 = AXIS2_PLACEMENT_3D ( 'NONE', #4366, #1121, #4393 ) ;
#995 = VECTOR ( 'NONE', #2181, 1000.000000000000000 ) ;
#996 = DIRECTION ( 'NONE',  ( 1.000000000000000000, 9.912705577010318647E-16, 0.000000000000000000 ) ) ;
#997 = ADVANCED_FACE ( 'NONE', ( #3886 ), #2535, .T. ) ;
#998 = ORIENTED_EDGE ( 'NONE', *, *, #2112, .T. ) ;
#999 = CARTESIAN_POINT ( 'NONE',  ( -29.17497351054302257, 88.00000000000000000, 50.17355258111435035 ) ) ;
#1000 = CARTESIAN_POINT ( 'NONE',  ( 45.19984153919558878, 79.12734535980816020, 2.454704707105445305 ) ) ;
#1001 = CARTESIAN_POINT ( 'NONE',  ( -49.87809338607210208, 86.00000000000000000, 14.31469708150909881 ) ) ;
#1002 = VECTOR ( 'NONE', #137, 1000.000000000000000 ) ;
#1003 = ADVANCED_FACE ( 'NONE', ( #305 ), #3681, .T. ) ;
#1004 = ORIENTED_EDGE ( 'NONE', *, *, #2759, .T. ) ;
#1005 = CARTESIAN_POINT ( 'NONE',  ( 32.62218640344048026, 86.87200565038176592, 53.75600130611756100 ) ) ;
#1006 = CARTESIAN_POINT ( 'NONE',  ( -39.99999999999853628, 85.87423082768955851, 34.25000000000174794 ) ) ;
#1007 = CARTESIAN_POINT ( 'NONE',  ( -49.87809338607209497, 88.00000000000001421, 14.31469708150909703 ) ) ;
#1008 = EDGE_CURVE ( 'NONE', #3962, #600, #218, .T. ) ;
#1009 = VERTEX_POINT ( 'NONE', #672 ) ;
#1010 = CARTESIAN_POINT ( 'NONE',  ( 42.63174400554402865, 85.64101248328121585, 2.677301092782037095 ) ) ;
#1011 = CARTESIAN_POINT ( 'NONE',  ( 36.84142251706617799, 88.00000000000000000, 6.787971645951950350 ) ) ;
#1012 = DIRECTION ( 'NONE',  ( -0.8627299156628200905, 0.08715574274765822138, 0.4980973490458742159 ) ) ;
#1013 = DIRECTION ( 'NONE',  ( 0.05025580687519609624, 0.9949358851208914833, -0.08704561088320909856 ) ) ;
#1014 = B_SPLINE_CURVE_WITH_KNOTS ( 'NONE', 3,
 ( #2309, #4158, #3044, #1291, #2379, #145 ),
 .UNSPECIFIED., .F., .F.,
 ( 4, 2, 4 ),
 ( 0.000000000000000000, 0.001214247131268101970, 0.002428494262536203940 ),
 .UNSPECIFIED. ) ;
#1015 = DIRECTION ( 'NONE',  ( -0.8660254037844379305, 0.000000000000000000, 0.5000000000000012212 ) ) ;
#1016 = VERTEX_POINT ( 'NONE', #2128 ) ;
#1017 = CARTESIAN_POINT ( 'NONE',  ( 45.50299647652132506, 70.29002152588125796, 39.30277604261062407 ) ) ;
#1018 =( BOUNDED_SURFACE ( )  B_SPLINE_SURFACE ( 3, 2, ( 
 ( #1007, #1594, #4469 ),
 ( #1220, #2356, #4444 ),
 ( #3038, #866, #2304 ),
 ( #1992, #2433, #3799 ),
 ( #4512, #3756, #3400 ),
 ( #516, #2635, #3882 ),
 ( #1619, #644, #120 ),
 ( #1944, #166, #2990 ),
 ( #4492, #1241, #2687 ),
 ( #1551, #4127, #3780 ),
 ( #2709, #3421, #190 ),
 ( #3062, #18, #1096 ),
 ( #3904, #2890, #2910 ),
 ( #4313, #4336, #2074 ),
 ( #391, #1050, #1468 ),
 ( #3533, #4360, #2866 ) ),
 .UNSPECIFIED., .F., .F., .T. ) 
 B_SPLINE_SURFACE_WITH_KNOTS ( ( 4, 2, 2, 2, 2, 2, 2, 4 ),
 ( 3, 3 ),
 ( 4.712388980384689674, 5.083271446433484719, 5.268712679457882686, 5.454153912482279765, 5.639595145506676843, 5.825036378531074810, 6.010477611555472777, 6.195918844579869855 ),
 ( 0.000000000000000000, 1.000000000000000000 ),
 .UNSPECIFIED. ) 
 GEOMETRIC_REPRESENTATION_ITEM ( )  RATIONAL_B_SPLINE_SURFACE ( (
 ( 1.000000000000000000, 1.000000000000000000, 1.000000000000000000),
 ( 1.000000000000000000, 1.000125873126548548, 1.000000000000000000),
 ( 1.000000000000000000, 0.9882037915476417078, 1.000000000000000000),
 ( 1.000000000000000000, 0.9558010326857683259, 1.000000000000000000),
 ( 1.000000000000000000, 0.9426106932152307216, 1.000000000000000000),
 ( 1.000000000000000000, 0.9127298928279353740, 1.000000000000000000),
 ( 1.000000000000000000, 0.8960386538895840358, 1.000000000000000000),
 ( 1.000000000000000000, 0.8609917222700479433, 1.000000000000000000),
 ( 1.000000000000000000, 0.8426378541622645546, 1.000000000000000000),
 ( 1.000000000000000000, 0.8066562330062448938, 1.000000000000000000),
 ( 1.000000000000000000, 0.7890381133230578437, 1.000000000000000000),
 ( 1.000000000000000000, 0.7573249006524042093, 1.000000000000000000),
 ( 1.000000000000000000, 0.7432533454601187861, 1.000000000000000000),
 ( 1.000000000000000000, 0.7213585926747093646, 1.000000000000000000),
 ( 1.000000000000000000, 0.7135450879966620530, 1.000000000000000000),
 ( 1.000000000000000000, 0.7097873355780219828, 1.000000000000000000) ) ) 
 REPRESENTATION_ITEM ( '' )  SURFACE ( )  );
#1019 = LINE ( 'NONE', #1341, #1591 ) ;
#1020 = B_SPLINE_CURVE_WITH_KNOTS ( 'NONE', 3,
 ( #2408, #3855, #1067, #340 ),
 .UNSPECIFIED., .F., .F.,
 ( 4, 4 ),
 ( 0.000000000000000000, 0.004589225759029360793 ),
 .UNSPECIFIED. ) ;
#1021 = EDGE_LOOP ( 'NONE', ( #48, #4107, #1844, #2420 ) ) ;
#1022 = CARTESIAN_POINT ( 'NONE',  ( 40.00000000000146372, 85.60647960101552201, 5.750000000001758593 ) ) ;
#1023 = CARTESIAN_POINT ( 'NONE',  ( 26.99999999999999289, 60.00000000000000711, 61.78654690001445715 ) ) ;
#1024 = CARTESIAN_POINT ( 'NONE',  ( -58.03906929424410066, 79.67848502762798546, 9.976412707611883590 ) ) ;
#1025 = ORIENTED_EDGE ( 'NONE', *, *, #1962, .F. ) ;
#1026 = DIRECTION ( 'NONE',  ( 0.000000000000000000, 0.000000000000000000, 1.000000000000000000 ) ) ;
#1027 = CARTESIAN_POINT ( 'NONE',  ( 36.67630458527570880, 87.98584987012422687, 38.24456677128429050 ) ) ;
#1028 = CARTESIAN_POINT ( 'NONE',  ( 44.96998458676337407, 81.62879259396925136, 37.10108061472686813 ) ) ;
#1029 = EDGE_CURVE ( 'NONE', #1913, #2971, #3758, .T. ) ;
#1030 = CARTESIAN_POINT ( 'NONE',  ( -36.99576135296899082, 86.00000000000000000, 6.211971268781620203 ) ) ;
#1031 = ORIENTED_EDGE ( 'NONE', *, *, #1029, .T. ) ;
#1032 = CARTESIAN_POINT ( 'NONE',  ( 40.97992981381927535, 78.69724594198062562, 45.66588365217761947 ) ) ;
#1033 = DIRECTION ( 'NONE',  ( -0.4980973490458739938, -0.08715574274765822138, 0.8627299156628202015 ) ) ;
#1034 = ADVANCED_FACE ( 'NONE', ( #3579 ), #2106, .F. ) ;
#1035 = DIRECTION ( 'NONE',  ( 0.000000000000000000, 0.000000000000000000, -1.000000000000000000 ) ) ;
#1036 = CARTESIAN_POINT ( 'NONE',  ( 60.69094583017916733, 58.05906416575498952, 6.951889996277930805 ) ) ;
#1037 = ORIENTED_EDGE ( 'NONE', *, *, #2331, .T. ) ;
#1038 = CARTESIAN_POINT ( 'NONE',  ( -54.97262010394204168, 88.00000000000000000, 10.95101524512937097 ) ) ;
#1039 = VERTEX_POINT ( 'NONE', #2894 ) ;
#1040 = DIRECTION ( 'NONE',  ( 0.000000000000000000, -0.000000000000000000, 1.000000000000000000 ) ) ;
#1041 = ORIENTED_EDGE ( 'NONE', *, *, #2375, .F. ) ;
#1042 =( BOUNDED_CURVE ( )  B_SPLINE_CURVE ( 3, ( #4039, #2163, #2543, #2594 ),
 .UNSPECIFIED., .F., .F. ) 
 B_SPLINE_CURVE_WITH_KNOTS ( ( 4, 4 ),
 ( 1.570796326794896558, 3.054326190990078072 ),
 .UNSPECIFIED. ) 
 CURVE ( )  GEOMETRIC_REPRESENTATION_ITEM ( )  RATIONAL_B_SPLINE_CURVE ( ( 1.000000000000000000, 0.8248515578734156861, 0.8248515578734156861, 1.000000000000000000 ) ) 
 REPRESENTATION_ITEM ( '' )  );
#1043 = LINE ( 'NONE', #2477, #2613 ) ;
#1044 = CARTESIAN_POINT ( 'NONE',  ( 45.16940896129958105, 79.55010513452566556, 2.520087248194311957 ) ) ;
#1045 = EDGE_CURVE ( 'NONE', #4282, #370, #4144, .T. ) ;
#1046 = CARTESIAN_POINT ( 'NONE',  ( 36.98200734164818471, 57.99999999999999289, -2.992360324913304392 ) ) ;
#1047 = EDGE_LOOP ( 'NONE', ( #3554, #2340, #228, #3392, #149 ) ) ;
#1048 = FACE_OUTER_BOUND ( 'NONE', #1641, .T. ) ;
#1049 = CARTESIAN_POINT ( 'NONE',  ( 37.45278977888695948, 87.97563843740860534, 37.23616758058920340 ) ) ;
#1050 = CARTESIAN_POINT ( 'NONE',  ( -63.29038150035808030, 80.20705036987213532, 10.72088531263277744 ) ) ;
#1051 = VECTOR ( 'NONE', #993, 1000.000000000000000 ) ;
#1052 = ORIENTED_EDGE ( 'NONE', *, *, #116, .F. ) ;
#1053 = VERTEX_POINT ( 'NONE', #3197 ) ;
#1054 = EDGE_CURVE ( 'NONE', #2085, #1904, #4665, .T. ) ;
#1055 = CARTESIAN_POINT ( 'NONE',  ( 41.50074295030360361, 86.52770982591819404, 3.443208946964998241 ) ) ;
#1056 = AXIS2_PLACEMENT_3D ( 'NONE', #1270, #3760, #226 ) ;
#1057 = DIRECTION ( 'NONE',  ( 0.8660254037844379305, 0.000000000000000000, 0.5000000000000012212 ) ) ;
#1058 = CARTESIAN_POINT ( 'NONE',  ( -34.60938032456932945, 79.18987802932601028, 56.61379959382662719 ) ) ;
#1059 = DIRECTION ( 'NONE',  ( -0.5000000000000012212, 0.000000000000000000, 0.8660254037844380415 ) ) ;
#1060 = ORIENTED_EDGE ( 'NONE', *, *, #2905, .T. ) ;
#1061 = EDGE_CURVE ( 'NONE', #833, #3763, #1797, .T. ) ;
#1062 = CYLINDRICAL_SURFACE ( 'NONE', #2630, 2.000000000000003553 ) ;
#1063 = ORIENTED_EDGE ( 'NONE', *, *, #2043, .F. ) ;
#1064 = VERTEX_POINT ( 'NONE', #3219 ) ;
#1065 = CARTESIAN_POINT ( 'NONE',  ( 45.04555796120800437, 69.99557204962013657, 1.443108017567788171 ) ) ;
#1066 = CIRCLE ( 'NONE', #3932, 2.250000000000001776 ) ;
#1067 = CARTESIAN_POINT ( 'NONE',  ( 38.45047538348379135, 75.99091950802906581, -3.425998496640149327 ) ) ;
#1068 = CARTESIAN_POINT ( 'NONE',  ( 40.00000000000146372, 73.00000000000000000, 1.752070710736575165E-12 ) ) ;
#1069 = VECTOR ( 'NONE', #2721, 1000.000000000000227 ) ;
#1070 =( NAMED_UNIT ( * ) PLANE_ANGLE_UNIT ( ) SI_UNIT ( $, .RADIAN. ) );
#1071 =( BOUNDED_CURVE ( )  B_SPLINE_CURVE ( 3, ( #3168, #3192, #4611, #2840 ),
 .UNSPECIFIED., .F., .T. ) 
 B_SPLINE_CURVE_WITH_KNOTS ( ( 4, 4 ),
 ( 4.712388980384689674, 6.283185307179586232 ),
 .UNSPECIFIED. ) 
 CURVE ( )  GEOMETRIC_REPRESENTATION_ITEM ( )  RATIONAL_B_SPLINE_CURVE ( ( 1.000000000000000000, 0.8047378541243649375, 0.8047378541243649375, 1.000000000000000000 ) ) 
 REPRESENTATION_ITEM ( '' )  );
#1072 = EDGE_CURVE ( 'NONE', #2499, #3410, #1326, .T. ) ;
#1073 = DIRECTION ( 'NONE',  ( 0.5000000000000014433, 0.000000000000000000, 0.8660254037844378194 ) ) ;
#1074 = ORIENTED_EDGE ( 'NONE', *, *, #1429, .T. ) ;
#1075 = CARTESIAN_POINT ( 'NONE',  ( 34.87800316617652641, 79.72957776981455424, 60.05148970172831469 ) ) ;
#1076 = CARTESIAN_POINT ( 'NONE',  ( -58.98723047723238722, 58.88556032975576215, 8.369967385283393568 ) ) ;
#1077 = AXIS2_PLACEMENT_3D ( 'NONE', #288, #3181, #4599 ) ;
#1078 = CARTESIAN_POINT ( 'NONE',  ( 45.50652356811148280, 57.99999999999999289, 41.44714205678189245 ) ) ;
#1079 = ORIENTED_EDGE ( 'NONE', *, *, #4043, .F. ) ;
#1080 = VERTEX_POINT ( 'NONE', #4319 ) ;
#1081 = CARTESIAN_POINT ( 'NONE',  ( 41.68819651691124761, 86.42136760758999969, 3.354621025366734344 ) ) ;
#1082 = DIRECTION ( 'NONE',  ( -0.4961971664229286039, 0.000000000000000000, -0.8682098663536694794 ) ) ;
#1083 = DIRECTION ( 'NONE',  ( -0.8660254037844379305, 0.000000000000000000, -0.5000000000000011102 ) ) ;
#1084 = EDGE_LOOP ( 'NONE', ( #4508, #2392, #1727, #458 ) ) ;
#1085 = CARTESIAN_POINT ( 'NONE',  ( 40.25503787656753474, 81.11847528205620961, 45.75000000000198241 ) ) ;
#1086 = DIRECTION ( 'NONE',  ( -0.000000000000000000, -1.000000000000000000, -0.000000000000000000 ) ) ;
#1087 = ADVANCED_FACE ( 'NONE', ( #1753 ), #3536, .T. ) ;
#1088 = ORIENTED_EDGE ( 'NONE', *, *, #3802, .T. ) ;
#1089 = DIRECTION ( 'NONE',  ( 0.8660254037844375974, 0.000000000000000000, -0.5000000000000017764 ) ) ;
#1090 = CARTESIAN_POINT ( 'NONE',  ( -29.53190657173151124, 88.00000000000001421, 51.41000497488340670 ) ) ;
#1091 = DIRECTION ( 'NONE',  ( 0.000000000000000000, 0.000000000000000000, 1.000000000000000000 ) ) ;
#1092 = EDGE_CURVE ( 'NONE', #302, #1913, #2514, .T. ) ;
#1093 = ORIENTED_EDGE ( 'NONE', *, *, #1533, .F. ) ;
#1094 = LINE ( 'NONE', #2550, #1873 ) ;
#1095 = CARTESIAN_POINT ( 'NONE',  ( 36.94674907534030694, 87.98499685676223692, 37.80770535251247111 ) ) ;
#1096 = CARTESIAN_POINT ( 'NONE',  ( -60.19253700821746378, 81.86849628175794180, 14.93380190420380771 ) ) ;
#1097 = FACE_OUTER_BOUND ( 'NONE', #1021, .T. ) ;
#1098 = ORIENTED_EDGE ( 'NONE', *, *, #1456, .T. ) ;
#1099 = ORIENTED_EDGE ( 'NONE', *, *, #3721, .F. ) ;
#1100 = CARTESIAN_POINT ( 'NONE',  ( -39.99999999999853628, 81.56256048359782085, 45.75000000000176215 ) ) ;
#1101 = VERTEX_POINT ( 'NONE', #2847 ) ;
#1102 = DIRECTION ( 'NONE',  ( 0.4961971664229286594, 0.000000000000000000, -0.8682098663536694794 ) ) ;
#1103 = VERTEX_POINT ( 'NONE', #1826 ) ;
#1104 = EDGE_LOOP ( 'NONE', ( #2981, #784, #39, #932 ) ) ;
#1105 = ADVANCED_FACE ( 'NONE', ( #1729 ), #1473, .T. ) ;
#1106 = FACE_OUTER_BOUND ( 'NONE', #2750, .T. ) ;
#1107 = DIRECTION ( 'NONE',  ( 0.000000000000000000, 1.000000000000000000, 0.000000000000000000 ) ) ;
#1108 = VECTOR ( 'NONE', #2648, 1000.000000000000114 ) ;
#1109 = CARTESIAN_POINT ( 'NONE',  ( 64.98456741544137572, 57.82568851450468372, 11.72545983132567038 ) ) ;
#1110 = CARTESIAN_POINT ( 'NONE',  ( -43.60701569958692403, 86.00000000000000000, 25.17652225271284649 ) ) ;
#1111 = ORIENTED_EDGE ( 'NONE', *, *, #1862, .F. ) ;
#1112 = EDGE_CURVE ( 'NONE', #826, #3347, #4174, .T. ) ;
#1113 = DIRECTION ( 'NONE',  ( -0.8660254037844375974, 0.000000000000000000, -0.5000000000000017764 ) ) ;
#1114 = LINE ( 'NONE', #503, #736 ) ;
#1115 = CARTESIAN_POINT ( 'NONE',  ( 49.87809338607208787, 88.00000000000000000, 14.31469708150908815 ) ) ;
#1116 = AXIS2_PLACEMENT_3D ( 'NONE', #4581, #1372, #1698 ) ;
#1117 = ORIENTED_EDGE ( 'NONE', *, *, #3689, .F. ) ;
#1118 = ORIENTED_EDGE ( 'NONE', *, *, #4411, .F. ) ;
#1119 = FACE_OUTER_BOUND ( 'NONE', #1976, .T. ) ;
#1120 = CARTESIAN_POINT ( 'NONE',  ( -43.43673427580416302, 73.00000000000000000, -1.500452437599263389 ) ) ;
#1121 = DIRECTION ( 'NONE',  ( 0.000000000000000000, 0.000000000000000000, 1.000000000000000000 ) ) ;
#1122 =( BOUNDED_CURVE ( )  B_SPLINE_CURVE ( 3, ( #2741, #179, #2027, #3484 ),
 .UNSPECIFIED., .F., .F. ) 
 B_SPLINE_CURVE_WITH_KNOTS ( ( 4, 4 ),
 ( 0.05008550612992462153, 1.570796326794896114 ),
 .UNSPECIFIED. ) 
 CURVE ( )  GEOMETRIC_REPRESENTATION_ITEM ( )  RATIONAL_B_SPLINE_CURVE ( ( 1.000000000000000000, 0.8163940767778810059, 0.8163940767778810059, 1.000000000000000000 ) ) 
 REPRESENTATION_ITEM ( '' )  );
#1123 = CARTESIAN_POINT ( 'NONE',  ( -43.38011229651609568, 85.69126367615800177, 38.36032477730470447 ) ) ;
#1124 = AXIS2_PLACEMENT_3D ( 'NONE', #1700, #3594, #1026 ) ;
#1125 = VERTEX_POINT ( 'NONE', #25 ) ;
#1126 = EDGE_CURVE ( 'NONE', #65, #3004, #4626, .T. ) ;
#1127 = CARTESIAN_POINT ( 'NONE',  ( 43.13657209949359839, 69.48186963536392113, 43.54295155354677149 ) ) ;
#1128 = CARTESIAN_POINT ( 'NONE',  ( -61.75343958070698847, 57.99999999999999289, 7.560510856280036052 ) ) ;
#1129 = CARTESIAN_POINT ( 'NONE',  ( 58.50111117740276256, 81.86849628176301508, 8.621314766378942451 ) ) ;
#1130 = VERTEX_POINT ( 'NONE', #1545 ) ;
#1131 = ORIENTED_EDGE ( 'NONE', *, *, #4124, .T. ) ;
#1132 = CARTESIAN_POINT ( 'NONE',  ( -35.21578371247849049, 83.50623547756890730, 56.45134669429546648 ) ) ;
#1133 = DIRECTION ( 'NONE',  ( 0.000000000000000000, 0.000000000000000000, -1.000000000000000000 ) ) ;
#1134 = ADVANCED_FACE ( 'NONE', ( #1147 ), #4486, .T. ) ;
#1135 = DIRECTION ( 'NONE',  ( 0.000000000000000000, 0.000000000000000000, 1.000000000000000000 ) ) ;
#1136 = CARTESIAN_POINT ( 'NONE',  ( 30.53091199232666852, 85.81452138821948949, 51.78045818379854381 ) ) ;
#1137 = ORIENTED_EDGE ( 'NONE', *, *, #3970, .F. ) ;
#1138 = DIRECTION ( 'NONE',  ( 0.000000000000000000, -1.000000000000000000, 0.000000000000000000 ) ) ;
#1139 = DIRECTION ( 'NONE',  ( 0.000000000000000000, 0.000000000000000000, 1.000000000000000000 ) ) ;
#1140 = DIRECTION ( 'NONE',  ( 0.000000000000000000, 0.08715574274765769403, 0.9961946980917456562 ) ) ;
#1141 = VECTOR ( 'NONE', #3475, 1000.000000000000114 ) ;
#1142 = EDGE_CURVE ( 'NONE', #2724, #2907, #1927, .T. ) ;
#1143 = ORIENTED_EDGE ( 'NONE', *, *, #601, .T. ) ;
#1144 = ORIENTED_EDGE ( 'NONE', *, *, #3348, .F. ) ;
#1145 = CARTESIAN_POINT ( 'NONE',  ( 59.49298911091762676, 81.95689858012546836, 11.73839353672636499 ) ) ;
#1146 = VECTOR ( 'NONE', #3509, 1000.000000000000000 ) ;
#1147 = FACE_OUTER_BOUND ( 'NONE', #1403, .T. ) ;
#1148 = EDGE_CURVE ( 'NONE', #1610, #1103, #3728, .T. ) ;
#1149 = ORIENTED_EDGE ( 'NONE', *, *, #1126, .F. ) ;
#1150 = DIRECTION ( 'NONE',  ( 0.000000000000000000, -0.08715574274765769403, -0.9961946980917456562 ) ) ;
#1151 = DIRECTION ( 'NONE',  ( -0.000000000000000000, -1.000000000000000000, -0.000000000000000000 ) ) ;
#1152 = CARTESIAN_POINT ( 'NONE',  ( 59.78129559400336746, 60.00000000000000000, 11.01122557815076597 ) ) ;
#1153 = CARTESIAN_POINT ( 'NONE',  ( 58.70809032493667701, 81.28869479452912117, 8.484655948469525200 ) ) ;
#1154 = EDGE_CURVE ( 'NONE', #4446, #66, #2227, .T. ) ;
#1155 = ORIENTED_EDGE ( 'NONE', *, *, #3008, .T. ) ;
#1156 = ORIENTED_EDGE ( 'NONE', *, *, #2579, .F. ) ;
#1157 = FACE_OUTER_BOUND ( 'NONE', #402, .T. ) ;
#1158 = CARTESIAN_POINT ( 'NONE',  ( 60.75646755812278599, 57.99999999999999289, 9.304940298967350643 ) ) ;
#1159 = DIRECTION ( 'NONE',  ( -0.000000000000000000, 1.000000000000000000, -0.000000000000000000 ) ) ;
#1160 = ORIENTED_EDGE ( 'NONE', *, *, #421, .T. ) ;
#1161 = CARTESIAN_POINT ( 'NONE',  ( -35.78405578836006384, 85.57004798369639786, 43.91461704507388930 ) ) ;
#1162 = CARTESIAN_POINT ( 'NONE',  ( -39.99999999999853628, 57.99999999999999289, 1.752070710736575165E-12 ) ) ;
#1163 = CARTESIAN_POINT ( 'NONE',  ( -41.09984313678774726, 86.72062776421026342, 3.591334066591219010 ) ) ;
#1164 = VERTEX_POINT ( 'NONE', #3677 ) ;
#1165 = EDGE_LOOP ( 'NONE', ( #2, #2388, #2061, #487 ) ) ;
#1166 = CARTESIAN_POINT ( 'NONE',  ( 57.12141556969596934, 81.98182201809233050, 10.46422726050876761 ) ) ;
#1167 = CARTESIAN_POINT ( 'NONE',  ( -34.24366025083162413, 82.22058541234873985, -0.02438187266260994843 ) ) ;
#1168 = EDGE_CURVE ( 'NONE', #1204, #1053, #2584, .T. ) ;
#1169 = LINE ( 'NONE', #2895, #1897 ) ;
#1170 = CARTESIAN_POINT ( 'NONE',  ( -39.99999999999853628, 73.00000000000000000, 40.00000000000175504 ) ) ;
#1171 = ORIENTED_EDGE ( 'NONE', *, *, #4349, .T. ) ;
#1172 = DIRECTION ( 'NONE',  ( 0.000000000000000000, 1.000000000000000000, 0.000000000000000000 ) ) ;
#1173 = ADVANCED_FACE ( 'NONE', ( #114 ), #3750, .F. ) ;
#1174 = LINE ( 'NONE', #2612, #895 ) ;
#1175 = ORIENTED_EDGE ( 'NONE', *, *, #620, .F. ) ;
#1176 = CARTESIAN_POINT ( 'NONE',  ( 45.60176184369870356, 72.98903522886173789, 38.65944320520736710 ) ) ;
#1177 = FACE_BOUND ( 'NONE', #207, .T. ) ;
#1178 = CIRCLE ( 'NONE', #1777, 2.250000000000001776 ) ;
#1179 = ORIENTED_EDGE ( 'NONE', *, *, #1112, .F. ) ;
#1180 = DIRECTION ( 'NONE',  ( -0.8660254037844380415, 0.000000000000000000, -0.5000000000000012212 ) ) ;
#1181 = LINE ( 'NONE', #460, #2851 ) ;
#1182 = CARTESIAN_POINT ( 'NONE',  ( 41.49783671275768171, 85.49426921352362285, 34.44450905867710588 ) ) ;
#1183 = PLANE ( 'NONE',  #2877 ) ;
#1184 = ORIENTED_EDGE ( 'NONE', *, *, #3774, .T. ) ;
#1185 = ORIENTED_EDGE ( 'NONE', *, *, #3278, .T. ) ;
#1186 = PLANE ( 'NONE',  #2018 ) ;
#1187 = CYLINDRICAL_SURFACE ( 'NONE', #2161, 5.750000000000007105 ) ;
#1188 =( BOUNDED_CURVE ( )  B_SPLINE_CURVE ( 3, ( #4642, #1405, #2874, #3127 ),
 .UNSPECIFIED., .F., .F. ) 
 B_SPLINE_CURVE_WITH_KNOTS ( ( 4, 4 ),
 ( 5.761782133819641771, 6.804588480539528028 ),
 .UNSPECIFIED. ) 
 CURVE ( )  GEOMETRIC_REPRESENTATION_ITEM ( )  RATIONAL_B_SPLINE_CURVE ( ( 1.000000000000000000, 0.9114140777409613925, 0.9114140777409613925, 1.000000000000000000 ) ) 
 REPRESENTATION_ITEM ( '' )  );
#1189 = CARTESIAN_POINT ( 'NONE',  ( -40.45259680561503046, 85.56449540986241686, 43.72948416679416539 ) ) ;
#1190 = CIRCLE ( 'NONE', #446, 4.250000000000003553 ) ;
#1191 = EDGE_CURVE ( 'NONE', #2740, #4617, #3655, .T. ) ;
#1192 = EDGE_LOOP ( 'NONE', ( #3227, #1391, #3921, #1320, #4004 ) ) ;
#1193 = CARTESIAN_POINT ( 'NONE',  ( -37.10042677295245284, 87.98327717039290974, 37.60843272810001281 ) ) ;
#1194 = CARTESIAN_POINT ( 'NONE',  ( 38.00290696936429669, 78.87155742747657428, -3.173975334965499773 ) ) ;
#1195 = AXIS2_PLACEMENT_3D ( 'NONE', #3963, #2923, #4377 ) ;
#1196 = CARTESIAN_POINT ( 'NONE',  ( -42.69374432848752576, 57.99999999999999289, 43.28728482075176487 ) ) ;
#1197 = CIRCLE ( 'NONE', #4297, 2.250000000000001776 ) ;
#1198 = EDGE_CURVE ( 'NONE', #868, #1699, #294, .T. ) ;
#1199 = EDGE_LOOP ( 'NONE', ( #2345, #2881, #1984, #3380 ) ) ;
#1200 = CIRCLE ( 'NONE', #1651, 5.750000000000005329 ) ;
#1201 = DIRECTION ( 'NONE',  ( 0.000000000000000000, 0.000000000000000000, -1.000000000000000000 ) ) ;
#1202 = CARTESIAN_POINT ( 'NONE',  ( -39.06289096346574041, 73.00000000000000000, -3.631022810980914617 ) ) ;
#1203 = ADVANCED_FACE ( 'NONE', ( #132 ), #1187, .T. ) ;
#1204 = VERTEX_POINT ( 'NONE', #1563 ) ;
#1205 = CARTESIAN_POINT ( 'NONE',  ( 40.00000000000146372, 88.00000000000000000, 40.00000000000175504 ) ) ;
#1206 = DIRECTION ( 'NONE',  ( 0.000000000000000000, 1.000000000000000000, 0.000000000000000000 ) ) ;
#1207 = CARTESIAN_POINT ( 'NONE',  ( -42.63102984542755536, 85.64184387060655013, 2.678016013778989457 ) ) ;
#1208 = VECTOR ( 'NONE', #33, 1000.000000000000114 ) ;
#1209 = ORIENTED_EDGE ( 'NONE', *, *, #4239, .T. ) ;
#1210 = ORIENTED_EDGE ( 'NONE', *, *, #3441, .T. ) ;
#1211 = CARTESIAN_POINT ( 'NONE',  ( 54.24822273984686660, 85.41311463094429257, 13.14372445034511472 ) ) ;
#1212 = AXIS2_PLACEMENT_3D ( 'NONE', #917, #244, #4175 ) ;
#1213 = CARTESIAN_POINT ( 'NONE',  ( 40.97992981381927535, 78.69724594198062562, 45.66588365217761947 ) ) ;
#1214 = CARTESIAN_POINT ( 'NONE',  ( -43.16296312955599035, 83.95071754432201772, 42.01913834954321203 ) ) ;
#1215 = CIRCLE ( 'NONE', #323, 4.250000000000003553 ) ;
#1216 = ORIENTED_EDGE ( 'NONE', *, *, #1484, .F. ) ;
#1217 =( BOUNDED_SURFACE ( )  B_SPLINE_SURFACE ( 3, 2, ( 
 ( #2882, #1744, #2426 ),
 ( #704, #3188, #1090 ),
 ( #2523, #3876, #2452 ),
 ( #2049, #3898, #4631 ),
 ( #1393, #2836, #2479 ),
 ( #3923, #775, #1809 ),
 ( #386, #3641, #455 ),
 ( #1132, #2241, #104 ),
 ( #3258, #56, #3693 ),
 ( #3993, #4379, #1884 ),
 ( #3716, #1906, #4426 ),
 ( #3280, #2972, #478 ),
 ( #35, #751, #2570 ),
 ( #1461, #2903, #1483 ) ),
 .UNSPECIFIED., .F., .F., .F. ) 
 B_SPLINE_SURFACE_WITH_KNOTS ( ( 4, 2, 2, 2, 2, 2, 4 ),
 ( 3, 3 ),
 ( 4.712388980384689674, 5.083271446433484719, 5.454153912482279765, 5.639595145506676843, 5.825036378531074810, 6.010477611555472777, 6.195918844579869855 ),
 ( 0.000000000000000000, 1.000000000000000000 ),
 .UNSPECIFIED. ) 
 GEOMETRIC_REPRESENTATION_ITEM ( )  RATIONAL_B_SPLINE_SURFACE ( (
 ( 1.000000000000000000, 1.000000000000000000, 1.000000000000000000),
 ( 1.000000000000000000, 1.000078289484303884, 1.000000000000000000),
 ( 1.000000000000000000, 0.9940587233890998409, 1.000000000000000000),
 ( 1.000000000000000000, 0.9728268015983261296, 1.000000000000000000),
 ( 1.000000000000000000, 0.9575757147882987264, 1.000000000000000000),
 ( 1.000000000000000000, 0.9330416481226396774, 1.000000000000000000),
 ( 1.000000000000000000, 0.9246204350349783718, 1.000000000000000000),
 ( 1.000000000000000000, 0.9084331629224043914, 1.000000000000000000),
 ( 1.000000000000000000, 0.9006730216600835615, 1.000000000000000000),
 ( 1.000000000000000000, 0.8869564940661593955, 1.000000000000000000),
 ( 1.000000000000000000, 0.8810072432591926628, 1.000000000000000000),
 ( 1.000000000000000000, 0.8718601403906738323, 1.000000000000000000),
 ( 1.000000000000000000, 0.8686606881001485148, 1.000000000000000000),
 ( 1.000000000000000000, 0.8671211166114424218, 1.000000000000000000) ) ) 
 REPRESENTATION_ITEM ( '' )  SURFACE ( )  );
#1218 = DIRECTION ( 'NONE',  ( 0.05025580687519611706, -0.9949358851208917054, 0.08704561088320912632 ) ) ;
#1219 = DIRECTION ( 'NONE',  ( 0.000000000000000000, 1.000000000000000000, 0.000000000000000000 ) ) ;
#1220 = CARTESIAN_POINT ( 'NONE',  ( -51.03171917603553709, 88.00000000000001421, 13.55301099552758970 ) ) ;
#1221 = LINE ( 'NONE', #3401, #96 ) ;
#1222 = ORIENTED_EDGE ( 'NONE', *, *, #2963, .T. ) ;
#1223 = CARTESIAN_POINT ( 'NONE',  ( 30.86211357584522830, 84.56639085668150813, 54.84909228125234648 ) ) ;
#1224 = CARTESIAN_POINT ( 'NONE',  ( -35.12829544655635061, 69.99015638671153283, -1.943357567173090272 ) ) ;
#1225 = EDGE_CURVE ( 'NONE', #1859, #1342, #2539, .T. ) ;
#1226 = CARTESIAN_POINT ( 'NONE',  ( 40.00000000000146372, 73.00000000000000000, 5.750000000001758593 ) ) ;
#1227 = CARTESIAN_POINT ( 'NONE',  ( 34.42378047164898192, 75.91738521349418534, -1.424792238705545389 ) ) ;
#1228 = ORIENTED_EDGE ( 'NONE', *, *, #4026, .T. ) ;
#1229 = FACE_OUTER_BOUND ( 'NONE', #335, .T. ) ;
#1230 = CARTESIAN_POINT ( 'NONE',  ( 59.78129559400336746, 60.00000000000000000, 11.01122557815076597 ) ) ;
#1231 = EDGE_CURVE ( 'NONE', #1904, #4627, #919, .T. ) ;
#1232 = CARTESIAN_POINT ( 'NONE',  ( 34.37105733979398536, 86.00000000000000000, 41.17367138846466190 ) ) ;
#1233 = ORIENTED_EDGE ( 'NONE', *, *, #2078, .F. ) ;
#1234 = VERTEX_POINT ( 'NONE', #279 ) ;
#1235 = CARTESIAN_POINT ( 'NONE',  ( 40.00000000000146372, 88.00000000000000000, 40.00000000000175504 ) ) ;
#1236 = CARTESIAN_POINT ( 'NONE',  ( 42.75371394906154876, 84.06449875067006872, 42.55881673393154330 ) ) ;
#1237 = FACE_OUTER_BOUND ( 'NONE', #2071, .T. ) ;
#1238 = EDGE_LOOP ( 'NONE', ( #1171, #233, #4441, #2100 ) ) ;
#1239 = CARTESIAN_POINT ( 'NONE',  ( -39.99999999999853628, 87.07049063186441629, 3.750000000001758593 ) ) ;
#1240 = CARTESIAN_POINT ( 'NONE',  ( -39.99999999999853628, 73.00000000000000000, 1.752070710736575165E-12 ) ) ;
#1241 = CARTESIAN_POINT ( 'NONE',  ( -58.75725717139974336, 85.82172995817599315, 11.93553231576634133 ) ) ;
#1242 = CARTESIAN_POINT ( 'NONE',  ( 38.66535217571077254, 57.99999999999999289, -4.999999999999999112 ) ) ;
#1243 = CARTESIAN_POINT ( 'NONE',  ( 38.00290696936429669, 78.87155742747657428, -3.173975334965499773 ) ) ;
#1244 = VERTEX_POINT ( 'NONE', #560 ) ;
#1245 = CARTESIAN_POINT ( 'NONE',  ( 40.97992981381927535, 78.69724594198062562, 45.66588365217761947 ) ) ;
#1246 = CARTESIAN_POINT ( 'NONE',  ( 51.25800566963422966, 88.00000000000001421, 14.39752368669825877 ) ) ;
#1247 = CARTESIAN_POINT ( 'NONE',  ( -37.91965028810632532, 87.14648885727471850, 43.12870984101012795 ) ) ;
#1248 = CARTESIAN_POINT ( 'NONE',  ( -45.47903274639325844, 70.49999999999998579, 1.744333730666401738 ) ) ;
#1249 = EDGE_CURVE ( 'NONE', #3814, #1747, #1577, .T. ) ;
#1250 = EDGE_LOOP ( 'NONE', ( #3624, #4564 ) ) ;
#1251 = DIRECTION ( 'NONE',  ( 0.000000000000000000, -1.000000000000000000, -0.000000000000000000 ) ) ;
#1252 = CARTESIAN_POINT ( 'NONE',  ( 58.93740067842529129, 60.03339382796072243, 8.457155958476194613 ) ) ;
#1253 = ORIENTED_EDGE ( 'NONE', *, *, #2899, .F. ) ;
#1254 = ADVANCED_FACE ( 'NONE', ( #2390 ), #1257, .T. ) ;
#1255 = EDGE_LOOP ( 'NONE', ( #3023, #1160, #3414, #3813 ) ) ;
#1256 = CARTESIAN_POINT ( 'NONE',  ( 59.11484802917053827, 79.67848502762794283, 13.99127360405903175 ) ) ;
#1257 = PLANE ( 'NONE',  #2464 ) ;
#1258 = VECTOR ( 'NONE', #4392, 1000.000000000000000 ) ;
#1259 = DIRECTION ( 'NONE',  ( 0.000000000000000000, 0.000000000000000000, 1.000000000000000000 ) ) ;
#1260 = EDGE_CURVE ( 'NONE', #2264, #3242, #2422, .T. ) ;
#1261 = DIRECTION ( 'NONE',  ( 0.5000000000000014433, 0.000000000000000000, 0.8660254037844378194 ) ) ;
#1262 = ORIENTED_EDGE ( 'NONE', *, *, #2182, .F. ) ;
#1263 = LINE ( 'NONE', #3516, #2269 ) ;
#1264 = CARTESIAN_POINT ( 'NONE',  ( 35.39916773359129820, 85.27563765444230626, 3.455670368135752124 ) ) ;
#1265 = CARTESIAN_POINT ( 'NONE',  ( -60.69094583017916023, 58.05906416575498952, 6.951889996277932582 ) ) ;
#1266 = EDGE_CURVE ( 'NONE', #2724, #4479, #4660, .T. ) ;
#1267 = CARTESIAN_POINT ( 'NONE',  ( -42.93421696541472699, 69.59530151644241869, 43.87359291959023011 ) ) ;
#1268 = ORIENTED_EDGE ( 'NONE', *, *, #3851, .F. ) ;
#1269 = CARTESIAN_POINT ( 'NONE',  ( -45.92985885473279950, 59.89987086328520860, 0.9337592669889638319 ) ) ;
#1270 = CARTESIAN_POINT ( 'NONE',  ( -39.99999999999853628, 68.99999999999995737, 40.00000000000175504 ) ) ;
#1271 = CARTESIAN_POINT ( 'NONE',  ( 57.94048090581264177, 57.65137702900936034, 9.959167697230691729 ) ) ;
#1272 = ORIENTED_EDGE ( 'NONE', *, *, #4009, .T. ) ;
#1273 = CARTESIAN_POINT ( 'NONE',  ( -44.16709580128806323, 68.99999999999995737, 0.8353517719369024652 ) ) ;
#1274 = DIRECTION ( 'NONE',  ( 0.8660254037844380415, -0.000000000000000000, -0.5000000000000012212 ) ) ;
#1275 = CARTESIAN_POINT ( 'NONE',  ( 64.16012615613168180, 57.99999999999999289, 11.81811735237929106 ) ) ;
#1276 = ORIENTED_EDGE ( 'NONE', *, *, #2120, .F. ) ;
#1277 = ORIENTED_EDGE ( 'NONE', *, *, #4279, .F. ) ;
#1278 = DIRECTION ( 'NONE',  ( -0.000000000000000000, -1.000000000000000000, -0.000000000000000000 ) ) ;
#1279 = CARTESIAN_POINT ( 'NONE',  ( 43.27496468058249235, 85.84735870359564558, 38.15880725900417048 ) ) ;
#1280 = EDGE_CURVE ( 'NONE', #4041, #1956, #2865, .T. ) ;
#1281 = CARTESIAN_POINT ( 'NONE',  ( -43.52749718217815200, 84.02304412249650056, 41.27970590875018075 ) ) ;
#1282 = VERTEX_POINT ( 'NONE', #4246 ) ;
#1283 = VECTOR ( 'NONE', #3956, 1000.000000000000000 ) ;
#1284 = CARTESIAN_POINT ( 'NONE',  ( 35.99476719003421010, 85.54793068923795829, 4.131936221025766187 ) ) ;
#1285 = ADVANCED_FACE ( 'NONE', ( #4637 ), #4586, .T. ) ;
#1286 = CIRCLE ( 'NONE', #1813, 5.750000000000007105 ) ;
#1287 = CARTESIAN_POINT ( 'NONE',  ( -42.14768457903394250, 70.29002152588181218, 45.11434672429899706 ) ) ;
#1288 = ORIENTED_EDGE ( 'NONE', *, *, #675, .F. ) ;
#1289 = AXIS2_PLACEMENT_3D ( 'NONE', #3949, #2929, #2143 ) ;
#1290 = CARTESIAN_POINT ( 'NONE',  ( -34.46541401040105512, 78.87155742747657428, 60.13549956203179647 ) ) ;
#1291 = CARTESIAN_POINT ( 'NONE',  ( -45.00035782959695752, 69.74716703794362616, 40.26835894420871398 ) ) ;
#1292 = FACE_OUTER_BOUND ( 'NONE', #572, .T. ) ;
#1293 = ORIENTED_EDGE ( 'NONE', *, *, #2701, .F. ) ;
#1294 = CYLINDRICAL_SURFACE ( 'NONE', #3158, 8.000000000000000000 ) ;
#1295 = CARTESIAN_POINT ( 'NONE',  ( 40.00000000000146372, 73.00000000000000000, 1.752070710736575165E-12 ) ) ;
#1296 = CARTESIAN_POINT ( 'NONE',  ( 40.00000000000145661, 81.56256048359273336, 45.75000000000176215 ) ) ;
#1297 = CARTESIAN_POINT ( 'NONE',  ( -57.94048090581264177, 57.65137702900936034, 9.959167697230691729 ) ) ;
#1298 = VERTEX_POINT ( 'NONE', #3169 ) ;
#1299 = ORIENTED_EDGE ( 'NONE', *, *, #2229, .F. ) ;
#1300 = CARTESIAN_POINT ( 'NONE',  ( 20.00000000000000000, 72.00000000000000000, 80.00000000000000000 ) ) ;
#1301 = CARTESIAN_POINT ( 'NONE',  ( -41.65505558644476025, 85.19877055740097660, 5.522176758555854548 ) ) ;
#1302 = ORIENTED_EDGE ( 'NONE', *, *, #3061, .T. ) ;
#1303 = ADVANCED_FACE ( 'NONE', ( #2791 ), #1400, .F. ) ;
#1304 = DIRECTION ( 'NONE',  ( -0.8660254037844391517, 0.000000000000000000, 0.4999999999999990008 ) ) ;
#1305 = CARTESIAN_POINT ( 'NONE',  ( 34.26613757301402075, 82.97571957314384861, 0.5064523647806925544 ) ) ;
#1306 = FACE_OUTER_BOUND ( 'NONE', #2940, .T. ) ;
#1307 = FACE_BOUND ( 'NONE', #1560, .T. ) ;
#1308 = CYLINDRICAL_SURFACE ( 'NONE', #1440, 4.250000000000001776 ) ;
#1309 = EDGE_LOOP ( 'NONE', ( #3418, #3748, #4125, #616 ) ) ;
#1310 = EDGE_CURVE ( 'NONE', #2189, #327, #1877, .T. ) ;
#1311 = CARTESIAN_POINT ( 'NONE',  ( 31.84294450003534394, 81.09479702571090343, 57.56725067218624048 ) ) ;
#1312 = DIRECTION ( 'NONE',  ( 0.000000000000000000, 1.000000000000000000, 0.000000000000000000 ) ) ;
#1313 = CARTESIAN_POINT ( 'NONE',  ( -58.72869919480120160, 84.31107662730741481, 8.471048858926742753 ) ) ;
#1314 = CARTESIAN_POINT ( 'NONE',  ( 54.56594620045277111, 87.09604217124602599, 14.59607651328363609 ) ) ;
#1315 = CARTESIAN_POINT ( 'NONE',  ( -39.99999999999853628, 70.49999999999998579, 1.752070710736575165E-12 ) ) ;
#1316 = ORIENTED_EDGE ( 'NONE', *, *, #2236, .F. ) ;
#1317 = DIRECTION ( 'NONE',  ( 0.000000000000000000, 0.000000000000000000, 1.000000000000000000 ) ) ;
#1318 = CARTESIAN_POINT ( 'NONE',  ( 37.83905190765528204, 87.28104278384012105, 3.064768073149449545 ) ) ;
#1319 = DIRECTION ( 'NONE',  ( 0.000000000000000000, 0.000000000000000000, 1.000000000000000000 ) ) ;
#1320 = ORIENTED_EDGE ( 'NONE', *, *, #512, .F. ) ;
#1321 = CARTESIAN_POINT ( 'NONE',  ( 60.42721200925267055, 80.25893226782547174, 11.48806926556762420 ) ) ;
#1322 = CARTESIAN_POINT ( 'NONE',  ( -44.28244071034339413, 57.99999999999999289, -0.2093090894004709379 ) ) ;
#1323 = ORIENTED_EDGE ( 'NONE', *, *, #2595, .F. ) ;
#1324 = DIRECTION ( 'NONE',  ( 0.000000000000000000, 1.000000000000000000, 0.000000000000000000 ) ) ;
#1325 = CARTESIAN_POINT ( 'NONE',  ( 32.93050955142747682, 61.45437809706262300, 61.65930530404106946 ) ) ;
#1326 = CIRCLE ( 'NONE', #1781, 4.250000000000003553 ) ;
#1327 = CARTESIAN_POINT ( 'NONE',  ( 36.64724088713492733, 86.60783842628933371, 1.693099969078574185 ) ) ;
#1328 = CARTESIAN_POINT ( 'NONE',  ( -33.49097407328446963, 80.91509255844029269, 57.64908484127657573 ) ) ;
#1329 = CARTESIAN_POINT ( 'NONE',  ( 43.74902664797048146, 81.12349524389622957, -0.2058018819014530987 ) ) ;
#1330 = EDGE_CURVE ( 'NONE', #90, #1064, #3893, .T. ) ;
#1331 = CIRCLE ( 'NONE', #2318, 4.250000000000001776 ) ;
#1332 = CARTESIAN_POINT ( 'NONE',  ( 61.81611095046553572, 57.39648034792985243, 13.30371031560300565 ) ) ;
#1333 = ORIENTED_EDGE ( 'NONE', *, *, #1688, .T. ) ;
#1334 = B_SPLINE_CURVE_WITH_KNOTS ( 'NONE', 3,
 ( #1576, #3481, #2362, #1602, #4496, #2738, #3452, #1247, #4132, #198, #4181, #3783, #3806, #1626, #570, #2691, #1999, #591, #2633, #495, #1921, #4078, #2282, #3329, #1193, #3399, #2588, #423, #4467, #3299, #840, #1502, #98, #3683 ),
 .UNSPECIFIED., .F., .F.,
 ( 4, 2, 2, 2, 2, 2, 2, 2, 2, 2, 2, 2, 2, 2, 2, 2, 4 ),
 ( 0.01322544910107014901, 0.01398680780427761887, 0.01474816650748509046, 0.01550952521069256032, 0.01627088391390003191, 0.01703224261710750004, 0.01779360132031497163, 0.01855496002352244322, 0.01931631872672991135, 0.02007767742993738294, 0.02083903613314485453, 0.02160039483635232266, 0.02236175353955979425, 0.02312311224276726584, 0.02388447094597473397, 0.02464582964918220903, 0.02540718835238967716 ),
 .UNSPECIFIED. ) ;
#1335 = CARTESIAN_POINT ( 'NONE',  ( 32.00310663907027475, 79.67848502776986663, 58.01110501179672951 ) ) ;
#1336 = VECTOR ( 'NONE', #3829, 1000.000000000000114 ) ;
#1337 = CARTESIAN_POINT ( 'NONE',  ( -59.17271645484493803, 78.87155742747657428, 8.177884670110261212 ) ) ;
#1338 =( BOUNDED_CURVE ( )  B_SPLINE_CURVE ( 3, ( #3050, #2029, #555, #3486 ),
 .UNSPECIFIED., .F., .T. ) 
 B_SPLINE_CURVE_WITH_KNOTS ( ( 4, 4 ),
 ( 5.761782133819643548, 6.804588480539530693 ),
 .UNSPECIFIED. ) 
 CURVE ( )  GEOMETRIC_REPRESENTATION_ITEM ( )  RATIONAL_B_SPLINE_CURVE ( ( 1.000000000000000000, 0.9114140777409611704, 0.9114140777409611704, 1.000000000000000000 ) ) 
 REPRESENTATION_ITEM ( '' )  );
#1339 = EDGE_CURVE ( 'NONE', #1934, #3587, #3605, .T. ) ;
#1340 = VECTOR ( 'NONE', #4562, 1000.000000000000114 ) ;
#1341 = CARTESIAN_POINT ( 'NONE',  ( 60.72221325061469344, 57.39648034792985243, 9.221228521476922069 ) ) ;
#1342 = VERTEX_POINT ( 'NONE', #710 ) ;
#1343 = CARTESIAN_POINT ( 'NONE',  ( 34.57254749211369926, 70.49999999999998579, -1.898752030839255589 ) ) ;
#1344 = CARTESIAN_POINT ( 'NONE',  ( -40.39416431758650816, 57.99999999999999289, -4.772429125136484096 ) ) ;
#1345 = AXIS2_PLACEMENT_3D ( 'NONE', #1750, #1790, #2125 ) ;
#1346 = DIRECTION ( 'NONE',  ( 0.000000000000000000, -0.08715574274765817975, -0.9961946980917456562 ) ) ;
#1347 = CARTESIAN_POINT ( 'NONE',  ( -38.20830832898892027, 77.49636431178529961, -3.294289142747381938 ) ) ;
#1348 = B_SPLINE_CURVE_WITH_KNOTS ( 'NONE', 3,
 ( #805, #1867, #2649, #1540 ),
 .UNSPECIFIED., .F., .F.,
 ( 4, 4 ),
 ( -0.0003749486170103902109, 0.0003276594614552113920 ),
 .UNSPECIFIED. ) ;
#1349 = EDGE_CURVE ( 'NONE', #2818, #4624, #658, .T. ) ;
#1350 = AXIS2_PLACEMENT_3D ( 'NONE', #2926, #4062, #1133 ) ;
#1351 = ORIENTED_EDGE ( 'NONE', *, *, #2380, .F. ) ;
#1352 = CARTESIAN_POINT ( 'NONE',  ( 34.00571861550356090, 83.55679304064619828, 58.54064854132248286 ) ) ;
#1353 = CARTESIAN_POINT ( 'NONE',  ( 39.49755446462990705, 87.80176749915997902, 36.27529953580214794 ) ) ;
#1354 = CARTESIAN_POINT ( 'NONE',  ( -49.87809338607208787, 86.00000000000000000, 14.31469708150908815 ) ) ;
#1355 = EDGE_CURVE ( 'NONE', #3242, #2264, #3273, .T. ) ;
#1356 = ORIENTED_EDGE ( 'NONE', *, *, #1952, .F. ) ;
#1357 = ORIENTED_EDGE ( 'NONE', *, *, #1478, .T. ) ;
#1358 = CARTESIAN_POINT ( 'NONE',  ( 43.26035697069335839, 84.67694352937773772, 1.881258488926236261 ) ) ;
#1359 = CARTESIAN_POINT ( 'NONE',  ( -64.25530228220748086, 57.82568851450468372, 9.003805301908281322 ) ) ;
#1360 = DIRECTION ( 'NONE',  ( -0.000000000000000000, -1.000000000000000000, -0.000000000000000000 ) ) ;
#1361 = CARTESIAN_POINT ( 'NONE',  ( 38.50339427988792096, 87.28560356213834837, 3.460195497371797213 ) ) ;
#1362 = ORIENTED_EDGE ( 'NONE', *, *, #2391, .F. ) ;
#1363 = CARTESIAN_POINT ( 'NONE',  ( 46.92605355282454838, 59.89987086328520860, -0.8093100695966376490 ) ) ;
#1364 = DIRECTION ( 'NONE',  ( 0.4961971664229286594, 0.000000000000000000, 0.8682098663536694794 ) ) ;
#1365 = CIRCLE ( 'NONE', #3022, 3.750000000000010214 ) ;
#1366 = PRODUCT_DEFINITION_CONTEXT ( 'detailed design', #788, 'design' ) ;
#1367 = PRESENTATION_LAYER_ASSIGNMENT (  '', '', ( #1892 ) ) ;
#1368 = ORIENTED_EDGE ( 'NONE', *, *, #4043, .T. ) ;
#1369 = EDGE_CURVE ( 'NONE', #358, #2626, #437, .T. ) ;
#1370 =( BOUNDED_CURVE ( )  B_SPLINE_CURVE ( 3, ( #550, #2737, #2640, #1575 ),
 .UNSPECIFIED., .F., .T. ) 
 B_SPLINE_CURVE_WITH_KNOTS ( ( 4, 4 ),
 ( 1.570796326794896780, 3.091507147459868765 ),
 .UNSPECIFIED. ) 
 CURVE ( )  GEOMETRIC_REPRESENTATION_ITEM ( )  RATIONAL_B_SPLINE_CURVE ( ( 1.000000000000000000, 0.8163940767778808949, 0.8163940767778808949, 1.000000000000000000 ) ) 
 REPRESENTATION_ITEM ( '' )  );
#1371 = CARTESIAN_POINT ( 'NONE',  ( -59.93287030199613241, 57.99999999999999289, 6.508248034579409591 ) ) ;
#1372 = DIRECTION ( 'NONE',  ( 0.1186073329426364092, -0.9924325091389670783, -0.03178073907838851325 ) ) ;
#1373 = CARTESIAN_POINT ( 'NONE',  ( -58.80090928059215116, 80.63095583562362378, 14.00226611882149186 ) ) ;
#1374 = CARTESIAN_POINT ( 'NONE',  ( 27.00000000000000355, 65.00000000000000000, 80.00000000000000000 ) ) ;
#1375 = ORIENTED_EDGE ( 'NONE', *, *, #2812, .F. ) ;
#1376 = EDGE_CURVE ( 'NONE', #1823, #2168, #1910, .T. ) ;
#1377 = CARTESIAN_POINT ( 'NONE',  ( -35.98076211353303933, 57.99999999999999289, 59.95388455197960553 ) ) ;
#1378 = CARTESIAN_POINT ( 'NONE',  ( 56.68222970961555518, 78.43577871373828714, 12.49153424842434923 ) ) ;
#1379 = DIRECTION ( 'NONE',  ( -0.000000000000000000, -1.000000000000000000, -0.000000000000000000 ) ) ;
#1380 = EDGE_LOOP ( 'NONE', ( #802, #3125, #2746, #59, #1694 ) ) ;
#1381 = ORIENTED_EDGE ( 'NONE', *, *, #140, .T. ) ;
#1382 = DIRECTION ( 'NONE',  ( 0.000000000000000000, -1.000000000000000000, 0.000000000000000000 ) ) ;
#1383 = DIRECTION ( 'NONE',  ( 0.000000000000000000, 1.000000000000000000, 0.000000000000000000 ) ) ;
#1384 = CARTESIAN_POINT ( 'NONE',  ( -31.21136934160388776, 85.24711411273470674, 53.70069362483176434 ) ) ;
#1385 = FACE_BOUND ( 'NONE', #170, .T. ) ;
#1386 = CARTESIAN_POINT ( 'NONE',  ( -39.99999999999853628, 88.00000000000000000, -2.249999999998250289 ) ) ;
#1387 = ORIENTED_EDGE ( 'NONE', *, *, #3565, .T. ) ;
#1388 = EDGE_CURVE ( 'NONE', #3587, #3913, #1181, .T. ) ;
#1389 = DIRECTION ( 'NONE',  ( 1.000000000000000000, 0.000000000000000000, 0.000000000000000000 ) ) ;
#1390 = ORIENTED_EDGE ( 'NONE', *, *, #3078, .T. ) ;
#1391 = ORIENTED_EDGE ( 'NONE', *, *, #1883, .T. ) ;
#1392 = CARTESIAN_POINT ( 'NONE',  ( 31.91336047772886531, 83.04886130184593185, 57.76239315383487138 ) ) ;
#1393 = CARTESIAN_POINT ( 'NONE',  ( -33.39282367379774286, 86.20798857084939470, 54.55687104999494608 ) ) ;
#1394 = CARTESIAN_POINT ( 'NONE',  ( -57.76169410536201099, 80.63095583562359536, 10.12386228486547068 ) ) ;
#1395 = EDGE_CURVE ( 'NONE', #3347, #983, #1114, .T. ) ;
#1396 = FACE_OUTER_BOUND ( 'NONE', #4059, .T. ) ;
#1397 =( BOUNDED_CURVE ( )  B_SPLINE_CURVE ( 3, ( #2634, #3735, #73, #449 ),
 .UNSPECIFIED., .F., .F. ) 
 B_SPLINE_CURVE_WITH_KNOTS ( ( 4, 4 ),
 ( 2.265653605564930118, 2.441838205626176705 ),
 .UNSPECIFIED. ) 
 CURVE ( )  GEOMETRIC_REPRESENTATION_ITEM ( )  RATIONAL_B_SPLINE_CURVE ( ( 1.000000000000000000, 0.9974149212794385377, 0.9974149212794385377, 1.000000000000000000 ) ) 
 REPRESENTATION_ITEM ( '' )  );
#1398 = ORIENTED_EDGE ( 'NONE', *, *, #910, .T. ) ;
#1399 = CARTESIAN_POINT ( 'NONE',  ( 36.32550877646733056, 79.48734778514862853, 57.60460681024556351 ) ) ;
#1400 = CYLINDRICAL_SURFACE ( 'NONE', #2010, 8.000000000000000000 ) ;
#1401 = LINE ( 'NONE', #42, #744 ) ;
#1402 = EDGE_CURVE ( 'NONE', #936, #1234, #413, .T. ) ;
#1403 = EDGE_LOOP ( 'NONE', ( #1908, #4119, #2795, #928 ) ) ;
#1404 = CARTESIAN_POINT ( 'NONE',  ( 40.00000000000146372, 57.99999999999999289, 40.00000000000175504 ) ) ;
#1405 = CARTESIAN_POINT ( 'NONE',  ( -34.19059485620719130, 57.99999999999999289, 59.95388455197960553 ) ) ;
#1406 = CARTESIAN_POINT ( 'NONE',  ( -6.271077686485156732, 78.00000000000000000, -10.86182517120374591 ) ) ;
#1407 = CARTESIAN_POINT ( 'NONE',  ( -30.86211357584521764, 84.56639085668034284, 54.84909228125363256 ) ) ;
#1408 = DIRECTION ( 'NONE',  ( -0.000000000000000000, -1.000000000000000000, -0.000000000000000000 ) ) ;
#1409 = EDGE_CURVE ( 'NONE', #3195, #2183, #781, .T. ) ;
#1410 = EDGE_LOOP ( 'NONE', ( #182, #3291, #1537, #4414 ) ) ;
#1411 = CARTESIAN_POINT ( 'NONE',  ( -49.87809338607208787, 88.00000000000000000, 14.31469708150908815 ) ) ;
#1412 = EDGE_CURVE ( 'NONE', #2230, #4048, #2221, .T. ) ;
#1413 = ORIENTED_EDGE ( 'NONE', *, *, #896, .F. ) ;
#1414 = DIRECTION ( 'NONE',  ( -0.000000000000000000, 1.000000000000000000, -0.000000000000000000 ) ) ;
#1415 = LINE ( 'NONE', #2407, #4202 ) ;
#1416 = CARTESIAN_POINT ( 'NONE',  ( 40.83694678280374291, 85.43885509945516787, 5.692627850756281305 ) ) ;
#1417 = CYLINDRICAL_SURFACE ( 'NONE', #4592, 5.750000000000007105 ) ;
#1418 = CARTESIAN_POINT ( 'NONE',  ( -59.93504507085970801, 60.00000000000000000, 6.711550051719142651 ) ) ;
#1419 = ORIENTED_EDGE ( 'NONE', *, *, #705, .F. ) ;
#1420 = LINE ( 'NONE', #1377, #3232 ) ;
#1421 = AXIS2_PLACEMENT_3D ( 'NONE', #3322, #2604, #1915 ) ;
#1422 = CARTESIAN_POINT ( 'NONE',  ( 40.53898399196272351, 87.57565816238928846, 36.27943307627259628 ) ) ;
#1423 = CARTESIAN_POINT ( 'NONE',  ( 44.84985427062374441, 82.00630498008345626, 36.90008887723344344 ) ) ;
#1424 = VECTOR ( 'NONE', #1180, 999.9999999999998863 ) ;
#1425 = ORIENTED_EDGE ( 'NONE', *, *, #1198, .T. ) ;
#1426 = CARTESIAN_POINT ( 'NONE',  ( 40.88774599136513643, 86.80637558332463755, 3.650100485063946909 ) ) ;
#1427 = VECTOR ( 'NONE', #3953, 1000.000000000000000 ) ;
#1428 = DIRECTION ( 'NONE',  ( 0.9929340751601265502, -0.1186672759690051149, 0.000000000000000000 ) ) ;
#1429 = EDGE_CURVE ( 'NONE', #978, #4291, #4386, .T. ) ;
#1430 = SHAPE_DEFINITION_REPRESENTATION ( #2017, #3585 ) ;
#1431 = CARTESIAN_POINT ( 'NONE',  ( -43.73757227743590192, 84.35400592241542483, 40.39655739604291540 ) ) ;
#1432 = CARTESIAN_POINT ( 'NONE',  ( 36.84142251706617799, 86.00000000000000000, 6.787971645951950350 ) ) ;
#1433 = ORIENTED_EDGE ( 'NONE', *, *, #2078, .T. ) ;
#1434 = ADVANCED_FACE ( 'NONE', ( #2955 ), #4067, .T. ) ;
#1435 = CARTESIAN_POINT ( 'NONE',  ( -39.99999999999853628, 73.00000000000000000, 1.752070710736575165E-12 ) ) ;
#1436 = VECTOR ( 'NONE', #4198, 999.9999999999998863 ) ;
#1437 = CARTESIAN_POINT ( 'NONE',  ( -36.64421695110875277, 86.60429753326268099, 1.687106443345321782 ) ) ;
#1438 = ORIENTED_EDGE ( 'NONE', *, *, #1519, .F. ) ;
#1439 = CARTESIAN_POINT ( 'NONE',  ( 60.75646755812278599, 57.99999999999999289, 9.304940298967350643 ) ) ;
#1440 = AXIS2_PLACEMENT_3D ( 'NONE', #4199, #2397, #608 ) ;
#1441 = CARTESIAN_POINT ( 'NONE',  ( 26.99999999999999289, 58.82842712474619162, 61.88904624509363828 ) ) ;
#1442 = CARTESIAN_POINT ( 'NONE',  ( -55.31710563723529361, 85.04613913810646864, 12.85731814118449101 ) ) ;
#1443 = AXIS2_PLACEMENT_3D ( 'NONE', #4138, #905, #3489 ) ;
#1444 = SURFACE_SIDE_STYLE ('',( #706 ) ) ;
#1445 = ORIENTED_EDGE ( 'NONE', *, *, #1596, .F. ) ;
#1446 = CARTESIAN_POINT ( 'NONE',  ( 34.54680107507977027, 81.76328611146955438, 59.47783085239440481 ) ) ;
#1447 = CARTESIAN_POINT ( 'NONE',  ( 36.44198627064530172, 87.83609056525182268, 41.21103796960142063 ) ) ;
#1448 = AXIS2_PLACEMENT_3D ( 'NONE', #2446, #4276, #2472 ) ;
#1449 = DIRECTION ( 'NONE',  ( 0.000000000000000000, 0.000000000000000000, -1.000000000000000000 ) ) ;
#1450 = ORIENTED_EDGE ( 'NONE', *, *, #654, .T. ) ;
#1451 = ORIENTED_EDGE ( 'NONE', *, *, #3571, .T. ) ;
#1452 = CARTESIAN_POINT ( 'NONE',  ( 40.22943551696751285, 87.01724209337099580, 3.750000000001802114 ) ) ;
#1453 = CARTESIAN_POINT ( 'NONE',  ( -56.68222970961555518, 78.43577871373828714, 12.49153424842435101 ) ) ;
#1454 = EDGE_CURVE ( 'NONE', #3410, #856, #87, .T. ) ;
#1455 = ORIENTED_EDGE ( 'NONE', *, *, #1484, .T. ) ;
#1456 = EDGE_CURVE ( 'NONE', #2974, #537, #4654, .T. ) ;
#1457 = CARTESIAN_POINT ( 'NONE',  ( -37.81686029934545701, 79.83205187730386854, -3.053912244908277618 ) ) ;
#1458 = ORIENTED_EDGE ( 'NONE', *, *, #4527, .T. ) ;
#1459 = DIRECTION ( 'NONE',  ( 0.9929340751601265502, 0.1186672759690051149, 0.000000000000000000 ) ) ;
#1460 = FACE_OUTER_BOUND ( 'NONE', #3941, .T. ) ;
#1461 = CARTESIAN_POINT ( 'NONE',  ( -36.36438947439985014, 78.87155742747660270, 57.64501281680245626 ) ) ;
#1462 = DIRECTION ( 'NONE',  ( -0.000000000000000000, -1.000000000000000000, -0.000000000000000000 ) ) ;
#1463 = CARTESIAN_POINT ( 'NONE',  ( -41.95784515827811845, 70.49999999999995737, 45.40641677418789612 ) ) ;
#1464 = DIRECTION ( 'NONE',  ( 0.000000000000000000, 0.08715574274765820750, 0.9961946980917455452 ) ) ;
#1465 = EDGE_LOOP ( 'NONE', ( #3943, #2735, #519, #561 ) ) ;
#1466 = DIRECTION ( 'NONE',  ( 0.8660254037844392627, 0.000000000000000000, -0.4999999999999990563 ) ) ;
#1467 = LINE ( 'NONE', #4020, #4057 ) ;
#1468 = CARTESIAN_POINT ( 'NONE',  ( -60.93575386773267866, 79.48734690256507918, 14.97841207988370371 ) ) ;
#1469 = EDGE_CURVE ( 'NONE', #2740, #1244, #1331, .T. ) ;
#1470 = ORIENTED_EDGE ( 'NONE', *, *, #654, .F. ) ;
#1471 = ORIENTED_EDGE ( 'NONE', *, *, #3787, .F. ) ;
#1472 = CARTESIAN_POINT ( 'NONE',  ( 54.74657333308598339, 84.56639085756677332, 11.72666708161448845 ) ) ;
#1473 = CYLINDRICAL_SURFACE ( 'NONE', #3975, 5.750000000000005329 ) ;
#1474 = LINE ( 'NONE', #69, #4077 ) ;
#1475 = CARTESIAN_POINT ( 'NONE',  ( 40.00000000000146372, 68.99999999999995737, 35.75000000000175504 ) ) ;
#1476 = ORIENTED_EDGE ( 'NONE', *, *, #4143, .F. ) ;
#1477 = CARTESIAN_POINT ( 'NONE',  ( -45.16412856493112571, 80.83895833439240164, 37.46301090358760888 ) ) ;
#1478 = EDGE_CURVE ( 'NONE', #66, #2006, #2198, .T. ) ;
#1479 = AXIS2_PLACEMENT_3D ( 'NONE', #3355, #3778, #164 ) ;
#1480 = CARTESIAN_POINT ( 'NONE',  ( -36.47518445616503158, 86.36101309255292335, 1.297414122145123194 ) ) ;
#1481 = ORIENTED_EDGE ( 'NONE', *, *, #2466, .T. ) ;
#1482 = ORIENTED_EDGE ( 'NONE', *, *, #3802, .F. ) ;
#1483 = CARTESIAN_POINT ( 'NONE',  ( -32.05073989608575147, 78.87155742747660270, 60.13549956203180358 ) ) ;
#1484 = EDGE_CURVE ( 'NONE', #3004, #1934, #1467, .T. ) ;
#1485 = CARTESIAN_POINT ( 'NONE',  ( 59.02807559377878732, 60.10012913671477719, 8.303554068470962335 ) ) ;
#1486 = FACE_OUTER_BOUND ( 'NONE', #422, .T. ) ;
#1487 = EDGE_LOOP ( 'NONE', ( #3927, #1507, #3905, #1786 ) ) ;
#1488 = CARTESIAN_POINT ( 'NONE',  ( -44.43060796608241247, 57.99999999999999289, 40.82596189432509703 ) ) ;
#1489 = DIRECTION ( 'NONE',  ( -0.000000000000000000, -1.000000000000000000, -0.000000000000000000 ) ) ;
#1490 = EDGE_CURVE ( 'NONE', #1130, #4343, #729, .T. ) ;
#1491 = CARTESIAN_POINT ( 'NONE',  ( -43.75097069444252895, 81.97283114117520597, 0.1673964643800468499 ) ) ;
#1492 =( BOUNDED_SURFACE ( )  B_SPLINE_SURFACE ( 3, 2, ( 
 ( #2480, #1001, #2140 ),
 ( #3590, #362, #3924 ),
 ( #728, #2427, #293 ),
 ( #639, #2095, #3877 ),
 ( #1784, #1442, #4632 ),
 ( #3231, #2883, #2070 ),
 ( #4331, #2525, #4259 ),
 ( #3528, #3966, #1719 ),
 ( #4608, #3189, #3553 ),
 ( #3615, #4286, #3164 ),
 ( #1394, #387, #1373 ),
 ( #1024, #2453, #663 ),
 ( #317, #1811, #1746 ),
 ( #2837, #3259, #36 ) ),
 .UNSPECIFIED., .F., .F., .T. ) 
 B_SPLINE_SURFACE_WITH_KNOTS ( ( 4, 2, 2, 2, 2, 2, 4 ),
 ( 3, 3 ),
 ( 4.712388980384689674, 5.083271446433484719, 5.454153912482279765, 5.639595145506676843, 5.825036378531074810, 6.010477611555472777, 6.195918844579869855 ),
 ( 0.000000000000000000, 1.000000000000000000 ),
 .UNSPECIFIED. ) 
 GEOMETRIC_REPRESENTATION_ITEM ( )  RATIONAL_B_SPLINE_SURFACE ( (
 ( 1.000000000000000000, 1.000000000000000000, 1.000000000000000000),
 ( 1.000000000000000000, 1.000125873126513243, 1.000000000000000000),
 ( 1.000000000000000000, 0.9882037915476885592, 1.000000000000000000),
 ( 1.000000000000000000, 0.9450001130650970138, 1.000000000000000000),
 ( 1.000000000000000000, 0.9135621196992247395, 1.000000000000000000),
 ( 1.000000000000000000, 0.8609917222701123363, 1.000000000000000000),
 ( 1.000000000000000000, 0.8426378541623249507, 1.000000000000000000),
 ( 1.000000000000000000, 0.8066562330061851638, 1.000000000000000000),
 ( 1.000000000000000000, 0.7890381133231516575, 1.000000000000000000),
 ( 1.000000000000000000, 0.7573249006523103954, 1.000000000000000000),
 ( 1.000000000000000000, 0.7432533454602074929, 1.000000000000000000),
 ( 1.000000000000000000, 0.7213585926746204358, 1.000000000000000000),
 ( 1.000000000000000000, 0.7135450879967273341, 1.000000000000000000),
 ( 1.000000000000000000, 0.7097873355780224269, 1.000000000000000000) ) ) 
 REPRESENTATION_ITEM ( '' )  SURFACE ( )  );
#1493 = CARTESIAN_POINT ( 'NONE',  ( 40.00000000000146372, 68.99999999999995737, 40.00000000000175504 ) ) ;
#1494 = ORIENTED_EDGE ( 'NONE', *, *, #4509, .T. ) ;
#1495 = CIRCLE ( 'NONE', #1714, 4.250000000000003553 ) ;
#1496 = ORIENTED_EDGE ( 'NONE', *, *, #363, .T. ) ;
#1497 = CYLINDRICAL_SURFACE ( 'NONE', #146, 3.000000000000000444 ) ;
#1498 = CARTESIAN_POINT ( 'NONE',  ( -36.50836392608024994, 85.69917552441894770, 4.591271325556784078 ) ) ;
#1499 = CARTESIAN_POINT ( 'NONE',  ( -43.71586404418923877, 84.91307774522631746, 39.44569516351242555 ) ) ;
#1500 = DIRECTION ( 'NONE',  ( 0.000000000000000000, -1.000000000000000000, 0.000000000000000000 ) ) ;
#1501 = ORIENTED_EDGE ( 'NONE', *, *, #4294, .F. ) ;
#1502 = CARTESIAN_POINT ( 'NONE',  ( -39.49671934495658121, 87.80193273576153956, 36.27531278029749018 ) ) ;
#1503 = VECTOR ( 'NONE', #3047, 1000.000000000000114 ) ;
#1504 = CARTESIAN_POINT ( 'NONE',  ( 40.00000000000146372, 73.00000000000000000, 1.752070710736575165E-12 ) ) ;
#1505 = CARTESIAN_POINT ( 'NONE',  ( -43.11982555722870103, 84.56792516933772674, 35.16635444964867929 ) ) ;
#1506 = CARTESIAN_POINT ( 'NONE',  ( -36.28740990890918283, 84.79476203852533445, -0.5530036211543474245 ) ) ;
#1507 = ORIENTED_EDGE ( 'NONE', *, *, #1029, .F. ) ;
#1508 = ORIENTED_EDGE ( 'NONE', *, *, #2449, .F. ) ;
#1509 = CARTESIAN_POINT ( 'NONE',  ( 59.93287030199613241, 60.10012913671477719, 6.720409814822939865 ) ) ;
#1510 = CARTESIAN_POINT ( 'NONE',  ( -20.00000000000000000, 72.00000000000000000, 58.72904326261667052 ) ) ;
#1511 = EDGE_CURVE ( 'NONE', #302, #880, #2272, .T. ) ;
#1512 = EDGE_LOOP ( 'NONE', ( #464, #2156, #1137, #1179, #3625 ) ) ;
#1513 = LINE ( 'NONE', #803, #151 ) ;
#1514 = DIRECTION ( 'NONE',  ( -1.000000000000000000, -0.000000000000000000, 0.000000000000000000 ) ) ;
#1515 = CARTESIAN_POINT ( 'NONE',  ( -42.87251434676466033, 85.33506456109491012, 2.417177929987132767 ) ) ;
#1516 = VECTOR ( 'NONE', #562, 1000.000000000000000 ) ;
#1517 = CARTESIAN_POINT ( 'NONE',  ( 40.00000000000146372, 68.99999999999995737, 44.25000000000176215 ) ) ;
#1518 = ORIENTED_EDGE ( 'NONE', *, *, #2174, .F. ) ;
#1519 = EDGE_CURVE ( 'NONE', #1039, #1080, #468, .T. ) ;
#1520 = ORIENTED_EDGE ( 'NONE', *, *, #739, .F. ) ;
#1521 = CARTESIAN_POINT ( 'NONE',  ( 49.87809338607210208, 86.00000000000000000, 14.31469708150909881 ) ) ;
#1522 = AXIS2_PLACEMENT_3D ( 'NONE', #783, #1583, #2223 ) ;
#1523 = CARTESIAN_POINT ( 'NONE',  ( -35.40397707316506626, 85.27853622436599323, 3.462042440145340016 ) ) ;
#1524 =( BOUNDED_CURVE ( )  B_SPLINE_CURVE ( 3, ( #2020, #3823, #4110, #172 ),
 .UNSPECIFIED., .F., .F. ) 
 B_SPLINE_CURVE_WITH_KNOTS ( ( 4, 4 ),
 ( 3.228859116189508605, 4.712388980384690562 ),
 .UNSPECIFIED. ) 
 CURVE ( )  GEOMETRIC_REPRESENTATION_ITEM ( )  RATIONAL_B_SPLINE_CURVE ( ( 1.000000000000000000, 0.8248515578734156861, 0.8248515578734156861, 1.000000000000000000 ) ) 
 REPRESENTATION_ITEM ( '' )  );
#1525 = DIRECTION ( 'NONE',  ( 0.000000000000000000, 0.000000000000000000, 1.000000000000000000 ) ) ;
#1526 = CARTESIAN_POINT ( 'NONE',  ( -42.69374432848752576, 68.99999999999995737, 43.28728482075176487 ) ) ;
#1527 = CARTESIAN_POINT ( 'NONE',  ( -39.99999999999853628, 88.00000000000000000, 1.752070710736575165E-12 ) ) ;
#1528 = ORIENTED_EDGE ( 'NONE', *, *, #2449, .T. ) ;
#1529 = CARTESIAN_POINT ( 'NONE',  ( 42.14819058334032320, 70.28946184227173433, 45.11356823107359304 ) ) ;
#1530 = CARTESIAN_POINT ( 'NONE',  ( 58.72869919480118739, 84.31107662730741481, 8.471048858926742753 ) ) ;
#1531 = DIRECTION ( 'NONE',  ( 0.000000000000000000, 0.000000000000000000, 1.000000000000000000 ) ) ;
#1532 = CARTESIAN_POINT ( 'NONE',  ( 61.69198834350439142, 83.30920141918841182, 11.14917346819929556 ) ) ;
#1533 = EDGE_CURVE ( 'NONE', #3298, #3003, #2920, .T. ) ;
#1534 = ORIENTED_EDGE ( 'NONE', *, *, #3464, .F. ) ;
#1535 = LINE ( 'NONE', #3359, #3613 ) ;
#1536 = CARTESIAN_POINT ( 'NONE',  ( 59.68333957209504348, 58.07334645935219442, 8.689813708730794062 ) ) ;
#1537 = ORIENTED_EDGE ( 'NONE', *, *, #133, .F. ) ;
#1538 = CARTESIAN_POINT ( 'NONE',  ( -34.37105733979183952, 86.00000000000000000, 41.17367138846838515 ) ) ;
#1539 = CARTESIAN_POINT ( 'NONE',  ( 39.15122773998297134, 86.43143331162377763, 43.65908457647757501 ) ) ;
#1540 = CARTESIAN_POINT ( 'NONE',  ( 43.13657209949359839, 69.48186963536392113, 43.54295155354677149 ) ) ;
#1541 = EDGE_CURVE ( 'NONE', #1164, #1592, #1190, .T. ) ;
#1542 = ORIENTED_EDGE ( 'NONE', *, *, #547, .F. ) ;
#1543 = ORIENTED_EDGE ( 'NONE', *, *, #4325, .F. ) ;
#1544 = CARTESIAN_POINT ( 'NONE',  ( -29.17497351054302257, 88.00000000000000000, 50.17355258111435035 ) ) ;
#1545 = CARTESIAN_POINT ( 'NONE',  ( -39.99999999999853628, 57.99999999999999289, 2.250000000001754596 ) ) ;
#1546 = EDGE_CURVE ( 'NONE', #2896, #1101, #930, .T. ) ;
#1547 = CARTESIAN_POINT ( 'NONE',  ( -43.36779405909432228, 83.95684874433185030, 41.65523695548993288 ) ) ;
#1548 = ORIENTED_EDGE ( 'NONE', *, *, #3379, .F. ) ;
#1549 = CARTESIAN_POINT ( 'NONE',  ( 40.00000000000146372, 73.00000000000000000, 40.00000000000175504 ) ) ;
#1550 = DIRECTION ( 'NONE',  ( 0.000000000000000000, 0.000000000000000000, 1.000000000000000000 ) ) ;
#1551 = CARTESIAN_POINT ( 'NONE',  ( -57.68777558304903863, 83.50623547705237115, 9.158322876674095170 ) ) ;
#1552 = ADVANCED_FACE ( 'NONE', ( #4135 ), #3074, .T. ) ;
#1553 = CYLINDRICAL_SURFACE ( 'NONE', #2178, 1.999999999999998224 ) ;
#1554 = VERTEX_POINT ( 'NONE', #875 ) ;
#1555 = DIRECTION ( 'NONE',  ( -0.02334694530775667867, 0.9959231582530826410, 0.08713198609007954953 ) ) ;
#1556 = DIRECTION ( 'NONE',  ( -0.000000000000000000, -1.000000000000000000, -0.000000000000000000 ) ) ;
#1557 = CARTESIAN_POINT ( 'NONE',  ( 43.70033205218610561, 84.02261826538703815, 35.58452889648300754 ) ) ;
#1558 = DIRECTION ( 'NONE',  ( 0.000000000000000000, 0.7071067811865497932, 0.7071067811865452413 ) ) ;
#1559 = ORIENTED_EDGE ( 'NONE', *, *, #4200, .T. ) ;
#1560 = EDGE_LOOP ( 'NONE', ( #1333, #142 ) ) ;
#1561 = CARTESIAN_POINT ( 'NONE',  ( 50.90807393652139723, 86.00000000000000000, 13.76717083248157714 ) ) ;
#1562 = AXIS2_PLACEMENT_3D ( 'NONE', #3238, #3973, #4289 ) ;
#1563 = CARTESIAN_POINT ( 'NONE',  ( 40.00000000000146372, 73.00000000000000000, 42.25000000000175504 ) ) ;
#1564 = CARTESIAN_POINT ( 'NONE',  ( -44.19374432848751866, 57.99999999999999289, 40.68920860939844886 ) ) ;
#1565 = B_SPLINE_CURVE_WITH_KNOTS ( 'NONE', 3,
 ( #737, #2084, #1361, #2398, #1821, #4253 ),
 .UNSPECIFIED., .F., .F.,
 ( 4, 2, 4 ),
 ( 0.008289268777077045749, 0.009431665977331124551, 0.01057406317758520162 ),
 .UNSPECIFIED. ) ;
#1566 = ORIENTED_EDGE ( 'NONE', *, *, #1045, .F. ) ;
#1567 = EDGE_CURVE ( 'NONE', #2592, #957, #885, .T. ) ;
#1568 = CARTESIAN_POINT ( 'NONE',  ( 33.10499572799031398, 57.99999999999999289, 61.96152422706629892 ) ) ;
#1569 = CARTESIAN_POINT ( 'NONE',  ( 38.13857939351672144, 77.92983807147047060, -3.256365102838967740 ) ) ;
#1570 = CARTESIAN_POINT ( 'NONE',  ( -39.99999999999853628, 73.00000000000000000, 1.752070710736575165E-12 ) ) ;
#1571 = VECTOR ( 'NONE', #2954, 1000.000000000000000 ) ;
#1572 = ORIENTED_EDGE ( 'NONE', *, *, #1629, .T. ) ;
#1573 = ADVANCED_FACE ( 'NONE', ( #3412 ), #2763, .T. ) ;
#1574 = AXIS2_PLACEMENT_3D ( 'NONE', #3576, #1379, #4290 ) ;
#1575 = CARTESIAN_POINT ( 'NONE',  ( 45.27863540843512880, 57.99999999999999289, -1.952378425986077470 ) ) ;
#1576 = CARTESIAN_POINT ( 'NONE',  ( -39.99999999999859313, 85.87513685539509822, 43.75000000000220979 ) ) ;
#1577 = B_SPLINE_CURVE_WITH_KNOTS ( 'NONE', 3,
 ( #3102, #3794, #259, #2413, #1701, #3055, #980, #3466, #238, #2748, #2726, #1661, #4219, #2033, #4168, #3080, #623, #2009, #3417, #4548, #1301, #4191, #4123, #4506, #956, #3861 ),
 .UNSPECIFIED., .F., .F.,
 ( 4, 2, 2, 2, 2, 2, 2, 2, 2, 2, 2, 2, 4 ),
 ( 0.000000000000000000, 0.001276413991573650993, 0.002552827983147301985, 0.003191034978934127481, 0.003829241974720952544, 0.005105655966294610909, 0.005743862962081458523, 0.006382069957868307004, 0.007020276953655154618, 0.007658483949442002232, 0.008934897941015700062, 0.009573104936802532064, 0.01021131193258936407 ),
 .UNSPECIFIED. ) ;
#1578 = ORIENTED_EDGE ( 'NONE', *, *, #3521, .T. ) ;
#1579 = DIRECTION ( 'NONE',  ( -0.000000000000000000, -1.000000000000000000, -0.000000000000000000 ) ) ;
#1580 = DIRECTION ( 'NONE',  ( 0.000000000000000000, 0.000000000000000000, 1.000000000000000000 ) ) ;
#1581 = CARTESIAN_POINT ( 'NONE',  ( 43.12833677509546959, 84.57567911483103273, 35.16240231271639516 ) ) ;
#1582 = AXIS2_PLACEMENT_3D ( 'NONE', #3056, #4507, #1259 ) ;
#1583 = DIRECTION ( 'NONE',  ( -0.4980973490458739938, 0.08715574274765822138, -0.8627299156628203125 ) ) ;
#1584 = ORIENTED_EDGE ( 'NONE', *, *, #3906, .F. ) ;
#1585 = ORIENTED_EDGE ( 'NONE', *, *, #1148, .T. ) ;
#1586 = DIRECTION ( 'NONE',  ( -0.8660254037844392627, 0.000000000000000000, -0.4999999999999990563 ) ) ;
#1587 = CARTESIAN_POINT ( 'NONE',  ( 45.47903274639572402, 70.49999999999998579, 1.744333730667828597 ) ) ;
#1588 = AXIS2_PLACEMENT_3D ( 'NONE', #4369, #855, #3586 ) ;
#1589 = CARTESIAN_POINT ( 'NONE',  ( 40.79151681279484620, 79.70052333730622252, 45.69556078619213935 ) ) ;
#1590 = CARTESIAN_POINT ( 'NONE',  ( -40.22776642602455865, 85.72077058949309958, 43.75000000000178346 ) ) ;
#1591 = VECTOR ( 'NONE', #2855, 1000.000000000000114 ) ;
#1592 = VERTEX_POINT ( 'NONE', #528 ) ;
#1593 = CARTESIAN_POINT ( 'NONE',  ( 59.22792120347707368, 57.13501311968687446, 11.80941826846538234 ) ) ;
#1594 = CARTESIAN_POINT ( 'NONE',  ( -49.87809338607210208, 88.00000000000001421, 14.31469708150909881 ) ) ;
#1595 = CARTESIAN_POINT ( 'NONE',  ( 40.00000000000146372, 68.99999999999995737, 1.752070710736575165E-12 ) ) ;
#1596 = EDGE_CURVE ( 'NONE', #2006, #129, #1607, .T. ) ;
#1597 = CARTESIAN_POINT ( 'NONE',  ( 36.26614665611013777, 68.99999999999997158, -2.029985026128142245 ) ) ;
#1598 = EDGE_LOOP ( 'NONE', ( #1634, #1833, #2654, #1578 ) ) ;
#1599 = CARTESIAN_POINT ( 'NONE',  ( 33.77184182647511079, 78.78352118647327984, 58.13556206001232596 ) ) ;
#1600 = CARTESIAN_POINT ( 'NONE',  ( 45.92985885473279950, 64.17078808791050903, 1.365221021320274897 ) ) ;
#1601 = CARTESIAN_POINT ( 'NONE',  ( 62.67391853435064064, 78.69724594198125089, 8.090792969391028322 ) ) ;
#1602 = CARTESIAN_POINT ( 'NONE',  ( -39.15078255105158433, 86.43169231585585521, 43.65889496847578499 ) ) ;
#1603 = EDGE_CURVE ( 'NONE', #600, #3814, #554, .T. ) ;
#1604 =( BOUNDED_CURVE ( )  B_SPLINE_CURVE ( 3, ( #3945, #3854, #316, #999 ),
 .UNSPECIFIED., .F., .T. ) 
 B_SPLINE_CURVE_WITH_KNOTS ( ( 4, 4 ),
 ( 0.08726646259971601594, 1.570796326794896336 ),
 .UNSPECIFIED. ) 
 CURVE ( )  GEOMETRIC_REPRESENTATION_ITEM ( )  RATIONAL_B_SPLINE_CURVE ( ( 1.000000000000000000, 0.8248515578734159082, 0.8248515578734159082, 1.000000000000000000 ) ) 
 REPRESENTATION_ITEM ( '' )  );
#1605 = ORIENTED_EDGE ( 'NONE', *, *, #2306, .T. ) ;
#1606 = CARTESIAN_POINT ( 'NONE',  ( -45.51973069705644548, 57.82568851450467662, 41.45476719623349737 ) ) ;
#1607 = LINE ( 'NONE', #254, #1336 ) ;
#1608 = DIRECTION ( 'NONE',  ( 0.000000000000000000, 0.08715574274765769403, 0.9961946980917456562 ) ) ;
#1609 = CARTESIAN_POINT ( 'NONE',  ( -26.99999999999999289, 69.10050506338832577, 60.99035587460769392 ) ) ;
#1610 = VERTEX_POINT ( 'NONE', #4212 ) ;
#1611 = ORIENTED_EDGE ( 'NONE', *, *, #1970, .F. ) ;
#1612 = LINE ( 'NONE', #979, #3701 ) ;
#1613 = CARTESIAN_POINT ( 'NONE',  ( 40.90272099178310583, 85.24837464779312768, 43.64680374660625262 ) ) ;
#1614 = EDGE_CURVE ( 'NONE', #2769, #3369, #2718, .T. ) ;
#1615 = DIRECTION ( 'NONE',  ( 0.4999999999999990563, 0.000000000000000000, -0.8660254037844392627 ) ) ;
#1616 = ORIENTED_EDGE ( 'NONE', *, *, #1668, .T. ) ;
#1617 = DIRECTION ( 'NONE',  ( 0.8671211166114414226, 0.05006456835739334782, -0.4955749268493262472 ) ) ;
#1618 = CARTESIAN_POINT ( 'NONE',  ( 36.24599563032542449, 85.32078252789546013, -0.02865227518322649089 ) ) ;
#1619 = CARTESIAN_POINT ( 'NONE',  ( -55.75622581567243685, 85.79038097003133601, 10.43363640988062535 ) ) ;
#1620 = CARTESIAN_POINT ( 'NONE',  ( 34.37271338305465918, 78.69724594198126510, -1.181585938782007794 ) ) ;
#1621 = ORIENTED_EDGE ( 'NONE', *, *, #883, .T. ) ;
#1622 = CARTESIAN_POINT ( 'NONE',  ( 34.60938032456886049, 79.18987802932618081, 56.61379959382740878 ) ) ;
#1623 = EDGE_CURVE ( 'NONE', #2000, #3195, #1979, .T. ) ;
#1624 = CARTESIAN_POINT ( 'NONE',  ( -34.57254749211077183, 70.49999999999998579, -1.898752030839256255 ) ) ;
#1625 = CARTESIAN_POINT ( 'NONE',  ( 51.14462636136835272, 87.99999999998790656, 13.97533059359379948 ) ) ;
#1626 = CARTESIAN_POINT ( 'NONE',  ( -36.53702669314669293, 87.79637381129599305, 41.46047219724137278 ) ) ;
#1627 = CARTESIAN_POINT ( 'NONE',  ( -39.99999999999853628, 87.70451275623014453, 36.25000000000174794 ) ) ;
#1628 = ORIENTED_EDGE ( 'NONE', *, *, #1490, .T. ) ;
#1629 = EDGE_CURVE ( 'NONE', #1747, #868, #518, .T. ) ;
#1630 = DIRECTION ( 'NONE',  ( 0.000000000000000000, 0.000000000000000000, -1.000000000000000000 ) ) ;
#1631 = DIRECTION ( 'NONE',  ( -1.000000000000000000, -0.000000000000000000, -0.000000000000000000 ) ) ;
#1632 = LINE ( 'NONE', #4582, #525 ) ;
#1633 = LINE ( 'NONE', #3436, #470 ) ;
#1634 = ORIENTED_EDGE ( 'NONE', *, *, #28, .F. ) ;
#1635 = LINE ( 'NONE', #1764, #3021 ) ;
#1636 = ORIENTED_EDGE ( 'NONE', *, *, #2615, .T. ) ;
#1637 = ADVANCED_FACE ( 'NONE', ( #3095 ), #4542, .F. ) ;
#1638 = PLANE ( 'NONE',  #3 ) ;
#1639 = CARTESIAN_POINT ( 'NONE',  ( 43.76036757645694308, 84.34788679349247786, 40.38253863085866158 ) ) ;
#1640 = CARTESIAN_POINT ( 'NONE',  ( -39.99999999999853628, 88.00000000000000000, 40.00000000000175504 ) ) ;
#1641 = EDGE_LOOP ( 'NONE', ( #1528, #1559, #2944, #3212, #3901 ) ) ;
#1642 = FACE_OUTER_BOUND ( 'NONE', #3046, .T. ) ;
#1643 = CARTESIAN_POINT ( 'NONE',  ( 36.50591129297876591, 85.69867529500369585, 4.589443462345511371 ) ) ;
#1644 = CARTESIAN_POINT ( 'NONE',  ( 6.271077686485156732, 78.00000000000000000, -10.86182517120374591 ) ) ;
#1645 = ORIENTED_EDGE ( 'NONE', *, *, #2229, .T. ) ;
#1646 = LINE ( 'NONE', #4234, #2880 ) ;
#1647 = LINE ( 'NONE', #2690, #4588 ) ;
#1648 = DIRECTION ( 'NONE',  ( -0.5000000000000014433, -0.000000000000000000, 0.8660254037844378194 ) ) ;
#1649 = DIRECTION ( 'NONE',  ( 0.5000000000000014433, 0.000000000000000000, -0.8660254037844377084 ) ) ;
#1650 = VECTOR ( 'NONE', #3666, 1000.000000000000000 ) ;
#1651 = AXIS2_PLACEMENT_3D ( 'NONE', #2787, #341, #1091 ) ;
#1652 = ORIENTED_EDGE ( 'NONE', *, *, #648, .F. ) ;
#1653 = CARTESIAN_POINT ( 'NONE',  ( -35.98076211353303933, 57.99999999999999289, 59.95388455197960553 ) ) ;
#1654 = CARTESIAN_POINT ( 'NONE',  ( -37.50900227357383443, 85.81301352732424448, 5.187820758059121573 ) ) ;
#1655 = CARTESIAN_POINT ( 'NONE',  ( -59.93359537651704017, 60.03339382796072954, 6.714086621890598572 ) ) ;
#1656 = LINE ( 'NONE', #2004, #982 ) ;
#1657 = EDGE_CURVE ( 'NONE', #3369, #3112, #3485, .T. ) ;
#1658 = ORIENTED_EDGE ( 'NONE', *, *, #1054, .F. ) ;
#1659 = VERTEX_POINT ( 'NONE', #1318 ) ;
#1660 = CARTESIAN_POINT ( 'NONE',  ( 44.43060796608241247, 57.99999999999999289, 40.82596189432509703 ) ) ;
#1661 = CARTESIAN_POINT ( 'NONE',  ( -43.96742474466417150, 83.47698909873915341, 4.164506735990167741 ) ) ;
#1662 = EDGE_CURVE ( 'NONE', #489, #4287, #1020, .T. ) ;
#1663 = VERTEX_POINT ( 'NONE', #972 ) ;
#1664 = DIRECTION ( 'NONE',  ( 0.000000000000000000, 0.000000000000000000, -1.000000000000000000 ) ) ;
#1665 = AXIS2_PLACEMENT_3D ( 'NONE', #472, #1900, #163 ) ;
#1666 = CARTESIAN_POINT ( 'NONE',  ( 36.26614665611013777, 68.99999999999997158, -2.029985026128142245 ) ) ;
#1667 = LINE ( 'NONE', #3561, #538 ) ;
#1668 = EDGE_CURVE ( 'NONE', #763, #3004, #967, .T. ) ;
#1669 =( GEOMETRIC_REPRESENTATION_CONTEXT ( 3 ) GLOBAL_UNCERTAINTY_ASSIGNED_CONTEXT ( ( #199 ) ) GLOBAL_UNIT_ASSIGNED_CONTEXT ( ( #2455, #1070, #2884 ) ) REPRESENTATION_CONTEXT ( 'NONE', 'WORKASPACE' ) );
#1670 = CARTESIAN_POINT ( 'NONE',  ( -45.21574431898348223, 78.69724594198125089, 2.420436158832705686 ) ) ;
#1671 = EDGE_LOOP ( 'NONE', ( #3040, #884, #3808, #4210, #4556 ) ) ;
#1672 = VECTOR ( 'NONE', #4109, 1000.000000000000114 ) ;
#1673 =( BOUNDED_CURVE ( )  B_SPLINE_CURVE ( 3, ( #903, #204, #1655, #4213 ),
 .UNSPECIFIED., .F., .T. ) 
 B_SPLINE_CURVE_WITH_KNOTS ( ( 4, 4 ),
 ( 1.570796326794895670, 1.620881832924819577 ),
 .UNSPECIFIED. ) 
 CURVE ( )  GEOMETRIC_REPRESENTATION_ITEM ( )  RATIONAL_B_SPLINE_CURVE ( ( 1.000000000000000000, 0.9997909644311897548, 0.9997909644311897548, 1.000000000000000000 ) ) 
 REPRESENTATION_ITEM ( '' )  );
#1674 = CARTESIAN_POINT ( 'NONE',  ( -33.11225889621742624, 57.68189644035134478, 59.98171500727610095 ) ) ;
#1675 = ADVANCED_FACE ( 'NONE', ( #4307 ), #2094, .F. ) ;
#1676 = ORIENTED_EDGE ( 'NONE', *, *, #1168, .F. ) ;
#1677 = CARTESIAN_POINT ( 'NONE',  ( 0.000000000000000000, 86.00000000000000000, 50.17355258111435035 ) ) ;
#1678 = CARTESIAN_POINT ( 'NONE',  ( 64.24209515326251108, 57.99999999999999289, 8.996180162456679952 ) ) ;
#1679 = CARTESIAN_POINT ( 'NONE',  ( -43.43673427580416302, 73.00000000000000000, -1.500452437599263389 ) ) ;
#1680 = DIRECTION ( 'NONE',  ( -0.000000000000000000, 1.000000000000000000, -0.000000000000000000 ) ) ;
#1681 = ORIENTED_EDGE ( 'NONE', *, *, #3513, .F. ) ;
#1682 = CARTESIAN_POINT ( 'NONE',  ( -61.75343958070698847, 57.99999999999999289, 7.560510856280036052 ) ) ;
#1683 = CARTESIAN_POINT ( 'NONE',  ( 42.88125074774806933, 86.30435890519480324, 37.58847733192204288 ) ) ;
#1684 = ADVANCED_FACE ( 'NONE', ( #4653 ), #3163, .F. ) ;
#1685 = ORIENTED_EDGE ( 'NONE', *, *, #3302, .T. ) ;
#1686 = CYLINDRICAL_SURFACE ( 'NONE', #1960, 4.999999999999998224 ) ;
#1687 = CARTESIAN_POINT ( 'NONE',  ( 36.28240941624198257, 85.80063248801127429, 0.5262326143373440290 ) ) ;
#1688 = EDGE_CURVE ( 'NONE', #376, #4346, #1197, .T. ) ;
#1689 = CARTESIAN_POINT ( 'NONE',  ( -30.55385866770227565, 85.09760452030545252, 53.99483122111747235 ) ) ;
#1690 = ORIENTED_EDGE ( 'NONE', *, *, #1154, .T. ) ;
#1691 = DIRECTION ( 'NONE',  ( -0.000000000000000000, 1.000000000000000000, -0.000000000000000000 ) ) ;
#1692 = DIRECTION ( 'NONE',  ( 0.8682098663536694794, 0.000000000000000000, -0.4961971664229286594 ) ) ;
#1693 = CARTESIAN_POINT ( 'NONE',  ( 54.95614579915053355, 87.37081258813711315, 12.95403703830056408 ) ) ;
#1694 = ORIENTED_EDGE ( 'NONE', *, *, #1629, .F. ) ;
#1695 =( BOUNDED_CURVE ( )  B_SPLINE_CURVE ( 3, ( #1980, #2343, #904, #1679 ),
 .UNSPECIFIED., .F., .T. ) 
 B_SPLINE_CURVE_WITH_KNOTS ( ( 4, 4 ),
 ( 2.301992650929384432, 2.506043592214473925 ),
 .UNSPECIFIED. ) 
 CURVE ( )  GEOMETRIC_REPRESENTATION_ITEM ( )  RATIONAL_B_SPLINE_CURVE ( ( 1.000000000000000000, 0.9965332764963630297, 0.9965332764963630297, 1.000000000000000000 ) ) 
 REPRESENTATION_ITEM ( '' )  );
#1696 = CARTESIAN_POINT ( 'NONE',  ( -39.99999999999853628, 57.99999999999999289, 1.752070710736575165E-12 ) ) ;
#1697 = EDGE_CURVE ( 'NONE', #1734, #236, #3230, .T. ) ;
#1698 = DIRECTION ( 'NONE',  ( 0.9929340751601265502, 0.1186672759690051149, 0.000000000000000000 ) ) ;
#1699 = VERTEX_POINT ( 'NONE', #4241 ) ;
#1700 = CARTESIAN_POINT ( 'NONE',  ( -39.99999999999853628, 68.99999999999995737, 40.00000000000175504 ) ) ;
#1701 = CARTESIAN_POINT ( 'NONE',  ( -45.00979530382494431, 80.77858056558420685, 2.827274329626868532 ) ) ;
#1702 = CARTESIAN_POINT ( 'NONE',  ( -59.93504507085970801, 60.00000000000000000, 6.711550051719142651 ) ) ;
#1703 = CIRCLE ( 'NONE', #4355, 4.250000000000003553 ) ;
#1704 = CARTESIAN_POINT ( 'NONE',  ( 36.36438947439984304, 78.87155742747657428, 57.64501281680244205 ) ) ;
#1705 = VECTOR ( 'NONE', #4075, 1000.000000000000000 ) ;
#1706 = CARTESIAN_POINT ( 'NONE',  ( 32.05073989608573726, 78.69724594198125089, 58.14311016584830583 ) ) ;
#1707 = DIRECTION ( 'NONE',  ( 0.000000000000000000, 0.000000000000000000, 1.000000000000000000 ) ) ;
#1708 = VECTOR ( 'NONE', #1514, 1000.000000000000000 ) ;
#1709 = EDGE_CURVE ( 'NONE', #732, #2986, #3762, .T. ) ;
#1710 = EDGE_LOOP ( 'NONE', ( #4337, #3206, #3077, #552 ) ) ;
#1711 = CARTESIAN_POINT ( 'NONE',  ( -33.10499572799030688, 57.99999999999999289, 61.96152422706629892 ) ) ;
#1712 = CARTESIAN_POINT ( 'NONE',  ( 56.86202994345693185, 86.74595846120237752, 12.44335692096737489 ) ) ;
#1713 = ADVANCED_FACE ( 'NONE', ( #3552 ), #1217, .T. ) ;
#1714 = AXIS2_PLACEMENT_3D ( 'NONE', #91, #1845, #4099 ) ;
#1715 = ORIENTED_EDGE ( 'NONE', *, *, #318, .T. ) ;
#1716 = CARTESIAN_POINT ( 'NONE',  ( 29.17497351054301902, 86.00000000000000000, 50.17355258111435035 ) ) ;
#1717 = VECTOR ( 'NONE', #2473, 999.9999999999998863 ) ;
#1718 = CARTESIAN_POINT ( 'NONE',  ( 44.83059408310809602, 81.57815562877499360, 3.123615529718938522 ) ) ;
#1719 = CARTESIAN_POINT ( 'NONE',  ( -57.76986921802387087, 82.40498838164043605, 14.03836782069766542 ) ) ;
#1720 = AXIS2_PLACEMENT_3D ( 'NONE', #3360, #1462, #800 ) ;
#1721 = AXIS2_PLACEMENT_3D ( 'NONE', #3457, #4092, #4499 ) ;
#1722 = EDGE_LOOP ( 'NONE', ( #1262, #84, #879, #3597, #3651, #4237 ) ) ;
#1723 = CARTESIAN_POINT ( 'NONE',  ( 26.99999999999999289, 60.00000000000000711, 59.77890722492775666 ) ) ;
#1724 = DIRECTION ( 'NONE',  ( 0.5000000000000014433, 0.000000000000000000, -0.8660254037844378194 ) ) ;
#1725 = LINE ( 'NONE', #691, #1427 ) ;
#1726 = EDGE_CURVE ( 'NONE', #2150, #1592, #4348, .T. ) ;
#1727 = ORIENTED_EDGE ( 'NONE', *, *, #1112, .T. ) ;
#1728 = CARTESIAN_POINT ( 'NONE',  ( 40.00000000000146372, 87.07049063186374838, 3.750000000001758593 ) ) ;
#1729 = FACE_OUTER_BOUND ( 'NONE', #2716, .T. ) ;
#1730 = PLANE ( 'NONE',  #760 ) ;
#1731 = DIRECTION ( 'NONE',  ( -0.02334694530775668561, -0.9959231582530826410, -0.08713198609007953566 ) ) ;
#1732 = CARTESIAN_POINT ( 'NONE',  ( -53.42946192741035105, 63.96961531072536644, 3.356573141364584956 ) ) ;
#1733 = B_SPLINE_CURVE_WITH_KNOTS ( 'NONE', 3,
 ( #1597, #2376, #4082, #566 ),
 .UNSPECIFIED., .F., .F.,
 ( 4, 4 ),
 ( 6.952433221959954168E-18, 0.002266164210144970634 ),
 .UNSPECIFIED. ) ;
#1734 = VERTEX_POINT ( 'NONE', #4016 ) ;
#1735 = CARTESIAN_POINT ( 'NONE',  ( 34.63892964307421352, 78.69724594198125089, 56.64881811871069317 ) ) ;
#1736 = CARTESIAN_POINT ( 'NONE',  ( 45.34029700558772902, 70.09412004674190655, 39.61885810981748790 ) ) ;
#1737 = EDGE_CURVE ( 'NONE', #3759, #3298, #3637, .T. ) ;
#1738 = CIRCLE ( 'NONE', #1808, 7.499999999999985789 ) ;
#1739 = ORIENTED_EDGE ( 'NONE', *, *, #648, .T. ) ;
#1740 = FACE_BOUND ( 'NONE', #1250, .T. ) ;
#1741 = CIRCLE ( 'NONE', #3413, 5.750000000000007105 ) ;
#1742 = ORIENTED_EDGE ( 'NONE', *, *, #1478, .F. ) ;
#1743 = LINE ( 'NONE', #339, #3069 ) ;
#1744 = CARTESIAN_POINT ( 'NONE',  ( -29.17497351054301902, 88.00000000000001421, 50.17355258111435035 ) ) ;
#1745 = EDGE_CURVE ( 'NONE', #604, #3431, #2214, .T. ) ;
#1746 = CARTESIAN_POINT ( 'NONE',  ( -59.21962545182843485, 79.18987692760386210, 13.98760483946606037 ) ) ;
#1747 = VERTEX_POINT ( 'NONE', #2616 ) ;
#1748 = CARTESIAN_POINT ( 'NONE',  ( 20.00000000000000000, 72.00000000000000000, 58.72904326261666341 ) ) ;
#1749 = DIRECTION ( 'NONE',  ( 0.9929340751601265502, 0.1186672759690051149, 0.000000000000000000 ) ) ;
#1750 = CARTESIAN_POINT ( 'NONE',  ( -35.98076211353303933, 57.99999999999999289, 61.96152422706629892 ) ) ;
#1751 = ORIENTED_EDGE ( 'NONE', *, *, #2819, .F. ) ;
#1752 = CARTESIAN_POINT ( 'NONE',  ( -40.97992981381958089, 78.69724594198125089, 45.66588365217682366 ) ) ;
#1753 = FACE_OUTER_BOUND ( 'NONE', #3558, .T. ) ;
#1754 = CARTESIAN_POINT ( 'NONE',  ( -29.69230344882793560, 85.99999999998516387, 51.06959431851851861 ) ) ;
#1755 = CARTESIAN_POINT ( 'NONE',  ( -41.14021401492683339, 58.66651998961909698, -4.274363144750284782 ) ) ;
#1756 = EDGE_LOOP ( 'NONE', ( #1983, #4545, #2730, #3455 ) ) ;
#1757 = CARTESIAN_POINT ( 'NONE',  ( -49.87809338607208787, 88.00000000000000000, 14.31469708150908815 ) ) ;
#1758 = EDGE_LOOP ( 'NONE', ( #1957, #1143, #3870, #3226, #1288, #578, #1494, #2950, #1895, #1368, #1481, #2212, #3217 ) ) ;
#1759 = DIRECTION ( 'NONE',  ( 0.5000000000000014433, 0.000000000000000000, 0.8660254037844377084 ) ) ;
#1760 = DIRECTION ( 'NONE',  ( -0.5000000000000014433, -0.000000000000000000, -0.8660254037844378194 ) ) ;
#1761 = CARTESIAN_POINT ( 'NONE',  ( 40.00000000000146372, 85.60647960101552201, 5.750000000001758593 ) ) ;
#1762 = DIRECTION ( 'NONE',  ( 0.000000000000000000, 1.000000000000000000, 0.000000000000000000 ) ) ;
#1763 = FILL_AREA_STYLE ('',( #4309 ) ) ;
#1764 = CARTESIAN_POINT ( 'NONE',  ( -39.99999999999853628, 88.00000000000000000, 42.25000000000175504 ) ) ;
#1765 = EDGE_CURVE ( 'NONE', #732, #1823, #1535, .T. ) ;
#1766 = CARTESIAN_POINT ( 'NONE',  ( 29.53190657173098543, 86.00000000000000000, 51.16271449613006439 ) ) ;
#1767 = ORIENTED_EDGE ( 'NONE', *, *, #403, .T. ) ;
#1768 = CARTESIAN_POINT ( 'NONE',  ( 31.90698407121564273, 81.28869479435216761, 59.63751477691661051 ) ) ;
#1769 = CARTESIAN_POINT ( 'NONE',  ( 41.98572917031570029, 86.97803320958426809, 36.80960225696134813 ) ) ;
#1770 = DIRECTION ( 'NONE',  ( 0.000000000000000000, 0.000000000000000000, 1.000000000000000000 ) ) ;
#1771 = ADVANCED_FACE ( 'NONE', ( #4060 ), #1836, .F. ) ;
#1772 = ORIENTED_EDGE ( 'NONE', *, *, #3367, .F. ) ;
#1773 = CARTESIAN_POINT ( 'NONE',  ( 40.00000000000146372, 68.99999999999995737, 40.00000000000175504 ) ) ;
#1774 = CARTESIAN_POINT ( 'NONE',  ( 26.99999999999999289, 58.82842712474619162, 59.88140657000693778 ) ) ;
#1775 = CARTESIAN_POINT ( 'NONE',  ( -42.55813383830468410, 86.58961317423927539, 37.24795533206585674 ) ) ;
#1776 = CYLINDRICAL_SURFACE ( 'NONE', #4471, 8.000000000000000000 ) ;
#1777 = AXIS2_PLACEMENT_3D ( 'NONE', #4031, #2262, #4423 ) ;
#1778 = ORIENTED_EDGE ( 'NONE', *, *, #2826, .T. ) ;
#1779 = FACE_OUTER_BOUND ( 'NONE', #1598, .T. ) ;
#1780 = CARTESIAN_POINT ( 'NONE',  ( 52.18465236596318135, 87.76815173599165121, 12.79178220151116108 ) ) ;
#1781 = AXIS2_PLACEMENT_3D ( 'NONE', #3981, #2870, #329 ) ;
#1782 = EDGE_LOOP ( 'NONE', ( #1739, #1445, #2702, #4421 ) ) ;
#1783 = ORIENTED_EDGE ( 'NONE', *, *, #792, .F. ) ;
#1784 = CARTESIAN_POINT ( 'NONE',  ( -54.74657333308361729, 84.56639085756805230, 11.72666708161472648 ) ) ;
#1785 = DIRECTION ( 'NONE',  ( 0.000000000000000000, 0.000000000000000000, -1.000000000000000000 ) ) ;
#1786 = ORIENTED_EDGE ( 'NONE', *, *, #3289, .F. ) ;
#1787 = CARTESIAN_POINT ( 'NONE',  ( 34.79344304865993109, 80.42956553826299171, 59.90502728190737258 ) ) ;
#1788 = VECTOR ( 'NONE', #1414, 1000.000000000000000 ) ;
#1789 = CARTESIAN_POINT ( 'NONE',  ( -39.69918021032103894, 85.92097875286667374, 34.25000000000174794 ) ) ;
#1790 = DIRECTION ( 'NONE',  ( 0.000000000000000000, 0.08715574274765820750, 0.9961946980917455452 ) ) ;
#1791 = EDGE_CURVE ( 'NONE', #1016, #1934, #1042, .T. ) ;
#1792 = CIRCLE ( 'NONE', #2255, 2.250000000000002220 ) ;
#1793 = EDGE_LOOP ( 'NONE', ( #320, #586, #2325, #1117 ) ) ;
#1794 = VERTEX_POINT ( 'NONE', #2925 ) ;
#1795 = CARTESIAN_POINT ( 'NONE',  ( 36.02094092850762053, 84.31107662730741481, 57.28809061803983127 ) ) ;
#1796 = CONICAL_SURFACE ( 'NONE', #1056, 4.250000000000003553, 0.7853981633974450594 ) ;
#1797 = LINE ( 'NONE', #2154, #3826 ) ;
#1798 = EDGE_CURVE ( 'NONE', #2031, #948, #3907, .T. ) ;
#1799 = CARTESIAN_POINT ( 'NONE',  ( 59.93504507085970090, 60.00000000000000000, 6.711550051719139098 ) ) ;
#1800 = ORIENTED_EDGE ( 'NONE', *, *, #730, .F. ) ;
#1801 = CARTESIAN_POINT ( 'NONE',  ( 29.17497351054301902, 86.00000000000000000, 50.17355258111435035 ) ) ;
#1802 = DIRECTION ( 'NONE',  ( 0.000000000000000000, 0.000000000000000000, 1.000000000000000000 ) ) ;
#1803 = ADVANCED_FACE ( 'NONE', ( #1157 ), #799, .F. ) ;
#1804 = CARTESIAN_POINT ( 'NONE',  ( 60.19253700821443687, 81.86849628176297244, 14.93380190420410081 ) ) ;
#1805 = CARTESIAN_POINT ( 'NONE',  ( -37.13885868709321159, 87.00490534150988253, 2.435295766857490385 ) ) ;
#1806 = EDGE_LOOP ( 'NONE', ( #2188, #3611, #3682, #1864, #4274 ) ) ;
#1807 = VERTEX_POINT ( 'NONE', #3614 ) ;
#1808 = AXIS2_PLACEMENT_3D ( 'NONE', #1732, #3604, #1015 ) ;
#1809 = CARTESIAN_POINT ( 'NONE',  ( -31.25679488960773256, 84.95516576672648057, 57.38519338276236681 ) ) ;
#1810 = EDGE_CURVE ( 'NONE', #97, #2230, #3471, .T. ) ;
#1811 = CARTESIAN_POINT ( 'NONE',  ( -60.63248427294655585, 79.62105592807914434, 11.43306672828062709 ) ) ;
#1812 = FACE_OUTER_BOUND ( 'NONE', #4189, .T. ) ;
#1813 = AXIS2_PLACEMENT_3D ( 'NONE', #1315, #4182, #3045 ) ;
#1814 = FACE_BOUND ( 'NONE', #3342, .T. ) ;
#1815 = CYLINDRICAL_SURFACE ( 'NONE', #4544, 5.750000000000005329 ) ;
#1816 = EDGE_LOOP ( 'NONE', ( #8, #1063, #1652 ) ) ;
#1817 = CARTESIAN_POINT ( 'NONE',  ( -37.61262039711139238, 84.37505097353812289, 45.23323307643563851 ) ) ;
#1818 = CARTESIAN_POINT ( 'NONE',  ( -39.39127129089528978, 85.95302866865549163, 34.27412137497836397 ) ) ;
#1819 = DIRECTION ( 'NONE',  ( -1.632680918566406004E-15, 0.000000000000000000, 1.000000000000000000 ) ) ;
#1820 =( BOUNDED_CURVE ( )  B_SPLINE_CURVE ( 3, ( #1242, #191, #3801, #4128 ),
 .UNSPECIFIED., .F., .T. ) 
 B_SPLINE_CURVE_WITH_KNOTS ( ( 4, 4 ),
 ( 6.022405407882917672, 6.543965206476257457 ),
 .UNSPECIFIED. ) 
 CURVE ( )  GEOMETRIC_REPRESENTATION_ITEM ( )  RATIONAL_B_SPLINE_CURVE ( ( 1.000000000000000000, 0.9774594582088781403, 0.9774594582088781403, 1.000000000000000000 ) ) 
 REPRESENTATION_ITEM ( '' )  );
#1821 = CARTESIAN_POINT ( 'NONE',  ( 39.62063657542293527, 87.15853518653234744, 3.750000000001805667 ) ) ;
#1822 = ORIENTED_EDGE ( 'NONE', *, *, #1412, .F. ) ;
#1823 = VERTEX_POINT ( 'NONE', #2378 ) ;
#1824 = EDGE_CURVE ( 'NONE', #4436, #1016, #1524, .T. ) ;
#1825 = CARTESIAN_POINT ( 'NONE',  ( 61.75851252509342260, 57.99999999999999289, 7.551634585584018566 ) ) ;
#1826 = CARTESIAN_POINT ( 'NONE',  ( -27.00000000000000355, 65.00000000000000000, 59.34146390729813447 ) ) ;
#1827 = CARTESIAN_POINT ( 'NONE',  ( 61.72476366579488882, 57.99999999999999289, 7.543181755170499159 ) ) ;
#1828 = CARTESIAN_POINT ( 'NONE',  ( -40.27151260600914640, 87.64604733092090783, 36.25000000000174083 ) ) ;
#1829 = ORIENTED_EDGE ( 'NONE', *, *, #3108, .T. ) ;
#1830 = ADVANCED_FACE ( 'NONE', ( #195 ), #4534, .F. ) ;
#1831 = CARTESIAN_POINT ( 'NONE',  ( -60.64962087507607436, 58.00388826793587782, 9.240679589879153610 ) ) ;
#1832 = CARTESIAN_POINT ( 'NONE',  ( 57.68777558304991260, 83.50623547705180272, 9.158322876674114710 ) ) ;
#1833 = ORIENTED_EDGE ( 'NONE', *, *, #1388, .T. ) ;
#1834 = EDGE_CURVE ( 'NONE', #2971, #4159, #3479, .T. ) ;
#1835 = DIRECTION ( 'NONE',  ( 0.000000000000000000, 0.000000000000000000, -1.000000000000000000 ) ) ;
#1836 = PLANE ( 'NONE',  #2548 ) ;
#1837 = APPLICATION_CONTEXT ( 'automotive_design' ) ;
#1838 = CARTESIAN_POINT ( 'NONE',  ( -35.98076211353303933, 57.82568851450468372, 59.96913483088280827 ) ) ;
#1839 = ORIENTED_EDGE ( 'NONE', *, *, #3341, .T. ) ;
#1840 = DIRECTION ( 'NONE',  ( 0.5000000000000014433, -0.000000000000000000, -0.8660254037844378194 ) ) ;
#1841 = DIRECTION ( 'NONE',  ( -0.05025580687519611012, -0.9949358851208917054, 0.08704561088320912632 ) ) ;
#1842 = CARTESIAN_POINT ( 'NONE',  ( -42.49613364461509235, 85.78792339201235961, 2.804931838481418360 ) ) ;
#1843 = ORIENTED_EDGE ( 'NONE', *, *, #1997, .T. ) ;
#1844 = ORIENTED_EDGE ( 'NONE', *, *, #4322, .T. ) ;
#1845 = DIRECTION ( 'NONE',  ( 0.000000000000000000, -1.000000000000000000, -0.000000000000000000 ) ) ;
#1846 = CARTESIAN_POINT ( 'NONE',  ( -37.29997065857419614, 85.81481713637866449, 5.076646684127771536 ) ) ;
#1847 =( BOUNDED_CURVE ( )  B_SPLINE_CURVE ( 3, ( #1852, #2208, #1940, #1568 ),
 .UNSPECIFIED., .F., .T. ) 
 B_SPLINE_CURVE_WITH_KNOTS ( ( 4, 4 ),
 ( 5.761782133819643548, 6.804588480539528916 ),
 .UNSPECIFIED. ) 
 CURVE ( )  GEOMETRIC_REPRESENTATION_ITEM ( )  RATIONAL_B_SPLINE_CURVE ( ( 1.000000000000000000, 0.9114140777409615035, 0.9114140777409615035, 1.000000000000000000 ) ) 
 REPRESENTATION_ITEM ( '' )  );
#1848 = CARTESIAN_POINT ( 'NONE',  ( 61.75343958070698847, 57.99999999999999289, 7.560510856280032499 ) ) ;
#1849 = CARTESIAN_POINT ( 'NONE',  ( -6.271077686485156732, 78.00000000000000000, -10.86182517120374591 ) ) ;
#1850 = CARTESIAN_POINT ( 'NONE',  ( -49.87809338607208787, 86.00000000000000000, 14.31469708150908815 ) ) ;
#1851 = ORIENTED_EDGE ( 'NONE', *, *, #3202, .T. ) ;
#1852 = CARTESIAN_POINT ( 'NONE',  ( 37.41864530630440555, 57.99999999999999289, 59.47103748183693739 ) ) ;
#1853 = CARTESIAN_POINT ( 'NONE',  ( 38.83870299825930772, 85.74729938253072703, 5.636383269379509287 ) ) ;
#1854 = CARTESIAN_POINT ( 'NONE',  ( 49.87809338607208787, 88.00000000000000000, 14.31469708150908815 ) ) ;
#1855 = ADVANCED_FACE ( 'NONE', ( #1925 ), #589, .F. ) ;
#1856 = CARTESIAN_POINT ( 'NONE',  ( -37.39116365854560797, 81.18260517378196539, -2.703211265929765794 ) ) ;
#1857 = ORIENTED_EDGE ( 'NONE', *, *, #2014, .F. ) ;
#1858 = CARTESIAN_POINT ( 'NONE',  ( -36.98200734164525727, 57.99999999999999289, -2.992360324913305281 ) ) ;
#1859 = VERTEX_POINT ( 'NONE', #1269 ) ;
#1860 = DIRECTION ( 'NONE',  ( 1.974996947912431177E-15, 0.9961946980917455452, -0.08715574274765820750 ) ) ;
#1861 = CARTESIAN_POINT ( 'NONE',  ( -38.73170238943321664, 74.49198784085443492, -3.545548325759889430 ) ) ;
#1862 = EDGE_CURVE ( 'NONE', #2620, #1794, #2093, .T. ) ;
#1863 = DIRECTION ( 'NONE',  ( -0.4961971664229285484, 3.465096207253513087E-18, -0.8682098663536693683 ) ) ;
#1864 = ORIENTED_EDGE ( 'NONE', *, *, #1008, .F. ) ;
#1865 = CARTESIAN_POINT ( 'NONE',  ( 41.15583892094012697, 57.99999999999999289, -4.332676087855367619 ) ) ;
#1866 = CARTESIAN_POINT ( 'NONE',  ( 40.00000000000146372, 85.87513685539272501, 43.75000000000176925 ) ) ;
#1867 = CARTESIAN_POINT ( 'NONE',  ( 42.84184626689881981, 69.16000790915640550, 43.37279151476103323 ) ) ;
#1868 = ORIENTED_EDGE ( 'NONE', *, *, #3830, .F. ) ;
#1869 = ORIENTED_EDGE ( 'NONE', *, *, #4442, .F. ) ;
#1870 = DIRECTION ( 'NONE',  ( -0.02334694530775669602, -0.9959231582530828630, -0.08713198609007956341 ) ) ;
#1871 = CARTESIAN_POINT ( 'NONE',  ( -35.99737778883116590, 85.54881089027308860, 4.134454516507847011 ) ) ;
#1872 = CIRCLE ( 'NONE', #817, 3.750000000000006217 ) ;
#1873 = VECTOR ( 'NONE', #1555, 1000.000000000000227 ) ;
#1874 = FACE_OUTER_BOUND ( 'NONE', #3827, .T. ) ;
#1875 = AXIS2_PLACEMENT_3D ( 'NONE', #1926, #4017, #105 ) ;
#1876 = ORIENTED_EDGE ( 'NONE', *, *, #3157, .T. ) ;
#1877 =( BOUNDED_CURVE ( )  B_SPLINE_CURVE ( 3, ( #347, #4312, #1076, #2841 ),
 .UNSPECIFIED., .F., .F. ) 
 B_SPLINE_CURVE_WITH_KNOTS ( ( 4, 4 ),
 ( 3.153873231793346221, 4.662303474254766655 ),
 .UNSPECIFIED. ) 
 CURVE ( )  GEOMETRIC_REPRESENTATION_ITEM ( )  RATIONAL_B_SPLINE_CURVE ( ( 1.000000000000000000, 0.8192061248893828251, 0.8192061248893828251, 1.000000000000000000 ) ) 
 REPRESENTATION_ITEM ( '' )  );
#1878 = DIRECTION ( 'NONE',  ( 0.000000000000000000, 1.000000000000000000, 0.000000000000000000 ) ) ;
#1879 = DIRECTION ( 'NONE',  ( 0.000000000000000000, 1.000000000000000000, 0.000000000000000000 ) ) ;
#1880 = CARTESIAN_POINT ( 'NONE',  ( -43.94582090377359407, 83.72164521339777821, 35.80630078806522931 ) ) ;
#1881 = ORIENTED_EDGE ( 'NONE', *, *, #557, .F. ) ;
#1882 = CARTESIAN_POINT ( 'NONE',  ( 39.06289096367765268, 73.00000000000000000, -3.631022811003476125 ) ) ;
#1883 = EDGE_CURVE ( 'NONE', #246, #957, #1941, .T. ) ;
#1884 = CARTESIAN_POINT ( 'NONE',  ( -31.84294450003422128, 81.86849628213995800, 59.41567519495356464 ) ) ;
#1885 = CARTESIAN_POINT ( 'NONE',  ( 58.93885037276795202, 60.00000000000000000, 8.454619388304740468 ) ) ;
#1886 = CARTESIAN_POINT ( 'NONE',  ( 56.68222970961556939, 78.43577871373828714, 12.49153424842435456 ) ) ;
#1887 = ORIENTED_EDGE ( 'NONE', *, *, #2406, .T. ) ;
#1888 = ADVANCED_FACE ( 'NONE', ( #3383 ), #870, .F. ) ;
#1889 = CARTESIAN_POINT ( 'NONE',  ( -34.89839499677087531, 85.91138531508394749, 42.65981841510225081 ) ) ;
#1890 = CARTESIAN_POINT ( 'NONE',  ( 37.90128663617255711, 87.16021845474078589, 43.14407537839879581 ) ) ;
#1891 = DIRECTION ( 'NONE',  ( 0.000000000000000000, 0.000000000000000000, 1.000000000000000000 ) ) ;
#1892 = STYLED_ITEM ( 'NONE', ( #4583 ), #3731 ) ;
#1893 = CYLINDRICAL_SURFACE ( 'NONE', #924, 4.999999999999998224 ) ;
#1894 = ORIENTED_EDGE ( 'NONE', *, *, #4549, .F. ) ;
#1895 = ORIENTED_EDGE ( 'NONE', *, *, #968, .T. ) ;
#1896 = CYLINDRICAL_SURFACE ( 'NONE', #1421, 3.750000000000010214 ) ;
#1897 = VECTOR ( 'NONE', #4027, 1000.000000000000114 ) ;
#1898 = CARTESIAN_POINT ( 'NONE',  ( -34.30692711392159566, 80.52814882814821829, -0.8164147164599354634 ) ) ;
#1899 = VERTEX_POINT ( 'NONE', #1600 ) ;
#1900 = DIRECTION ( 'NONE',  ( -0.4980973490458739938, 0.08715574274765822138, -0.8627299156628202015 ) ) ;
#1901 = CARTESIAN_POINT ( 'NONE',  ( 49.87809338607208787, 88.00000000000000000, 14.31469708150908815 ) ) ;
#1902 = B_SPLINE_CURVE_WITH_KNOTS ( 'NONE', 3,
 ( #3737, #1267, #476, #920, #1287, #2358 ),
 .UNSPECIFIED., .F., .F.,
 ( 4, 2, 4 ),
 ( 0.005453694061779333635, 0.006660250110297724450, 0.007866806158816115266 ),
 .UNSPECIFIED. ) ;
#1903 = DIRECTION ( 'NONE',  ( 0.4961971664229286039, 0.000000000000000000, 0.8682098663536693683 ) ) ;
#1904 = VERTEX_POINT ( 'NONE', #3426 ) ;
#1905 = B_SPLINE_CURVE_WITH_KNOTS ( 'NONE', 3,
 ( #4068, #2248, #829, #2222, #62, #2600 ),
 .UNSPECIFIED., .F., .F.,
 ( 4, 2, 4 ),
 ( 0.05239368704433051971, 0.05329892776482501177, 0.05420416848531950382 ),
 .UNSPECIFIED. ) ;
#1906 = CARTESIAN_POINT ( 'NONE',  ( -34.54680107508082187, 81.76328611147174286, 59.47783085239334611 ) ) ;
#1907 = CARTESIAN_POINT ( 'NONE',  ( 58.98723047723236590, 58.88556032975576926, 8.369967385283382910 ) ) ;
#1908 = ORIENTED_EDGE ( 'NONE', *, *, #2786, .F. ) ;
#1909 = LINE ( 'NONE', #2169, #3543 ) ;
#1910 = LINE ( 'NONE', #2293, #223 ) ;
#1911 = DIRECTION ( 'NONE',  ( 0.05025580687519579787, 0.9949358851208917054, -0.08704561088320857121 ) ) ;
#1912 = EDGE_CURVE ( 'NONE', #3137, #1794, #4458, .T. ) ;
#1913 = VERTEX_POINT ( 'NONE', #2308 ) ;
#1914 = ORIENTED_EDGE ( 'NONE', *, *, #1409, .T. ) ;
#1915 = DIRECTION ( 'NONE',  ( 0.000000000000000000, 0.000000000000000000, 1.000000000000000000 ) ) ;
#1916 = CARTESIAN_POINT ( 'NONE',  ( -34.83386357157391444, 84.80255539708055323, 2.554719656966016661 ) ) ;
#1917 = CARTESIAN_POINT ( 'NONE',  ( -42.17129973529643649, 84.38062972693352037, 43.06697907725774854 ) ) ;
#1918 = LINE ( 'NONE', #1475, #995 ) ;
#1919 = EDGE_CURVE ( 'NONE', #2592, #2506, #1647, .T. ) ;
#1920 = ORIENTED_EDGE ( 'NONE', *, *, #1469, .T. ) ;
#1921 = CARTESIAN_POINT ( 'NONE',  ( -36.38868057142742174, 87.97963546744882990, 38.95787489146741933 ) ) ;
#1922 = PLANE ( 'NONE',  #1479 ) ;
#1923 = DIRECTION ( 'NONE',  ( 0.000000000000000000, 0.000000000000000000, 1.000000000000000000 ) ) ;
#1924 = DIRECTION ( 'NONE',  ( 0.000000000000000000, -1.000000000000000000, 0.000000000000000000 ) ) ;
#1925 = FACE_OUTER_BOUND ( 'NONE', #2661, .T. ) ;
#1926 = CARTESIAN_POINT ( 'NONE',  ( -39.99999999999853628, 73.00000000000000000, 1.752070710736575165E-12 ) ) ;
#1927 = CIRCLE ( 'NONE', #63, 4.999999999999997335 ) ;
#1928 = ORIENTED_EDGE ( 'NONE', *, *, #3403, .F. ) ;
#1929 = DIRECTION ( 'NONE',  ( -0.05025580687519617951, 0.9949358851208917054, -0.08704561088320920959 ) ) ;
#1930 = DIRECTION ( 'NONE',  ( 0.000000000000000000, 1.000000000000000000, 0.000000000000000000 ) ) ;
#1931 = CARTESIAN_POINT ( 'NONE',  ( -43.73791981319912736, 82.38795620336127001, 0.3803740316939425159 ) ) ;
#1932 = CARTESIAN_POINT ( 'NONE',  ( -59.22792120347707368, 57.13501311968687446, 11.80941826846538412 ) ) ;
#1933 = EDGE_LOOP ( 'NONE', ( #3705, #2011, #1025, #2608 ) ) ;
#1934 = VERTEX_POINT ( 'NONE', #893 ) ;
#1935 = CARTESIAN_POINT ( 'NONE',  ( 29.17497351054302612, 88.00000000000001421, 50.17355258111434324 ) ) ;
#1936 = CARTESIAN_POINT ( 'NONE',  ( -34.44167133840419837, 83.99293114820055450, 1.483553799818240204 ) ) ;
#1937 = EDGE_CURVE ( 'NONE', #4159, #1988, #1370, .T. ) ;
#1938 = CARTESIAN_POINT ( 'NONE',  ( -40.89859166895815434, 85.25129179768413223, 43.64779783311777805 ) ) ;
#1939 = ORIENTED_EDGE ( 'NONE', *, *, #3456, .T. ) ;
#1940 = CARTESIAN_POINT ( 'NONE',  ( 34.92900219606843848, 57.99999999999999289, 61.96152422706629892 ) ) ;
#1941 = CIRCLE ( 'NONE', #2858, 4.250000000000001776 ) ;
#1942 = CARTESIAN_POINT ( 'NONE',  ( 37.54733889155002657, 80.73549270236991049, -2.841954097825977854 ) ) ;
#1943 = EDGE_CURVE ( 'NONE', #3782, #3990, #2872, .T. ) ;
#1944 = CARTESIAN_POINT ( 'NONE',  ( -56.60664585605998411, 84.95516576617114879, 9.872143144352598654 ) ) ;
#1945 = ORIENTED_EDGE ( 'NONE', *, *, #1824, .F. ) ;
#1946 = CARTESIAN_POINT ( 'NONE',  ( 34.36579357582267136, 80.63095583548148682, 56.32512800838576084 ) ) ;
#1947 = CARTESIAN_POINT ( 'NONE',  ( 40.00000000000146372, 70.49999999999998579, 40.00000000000175504 ) ) ;
#1948 = CYLINDRICAL_SURFACE ( 'NONE', #3616, 10.00000000000000178 ) ;
#1949 = CARTESIAN_POINT ( 'NONE',  ( 43.60701569958692403, 78.00000000000000000, 25.17652225271284649 ) ) ;
#1950 = ORIENTED_EDGE ( 'NONE', *, *, #730, .T. ) ;
#1951 = LINE ( 'NONE', #1606, #1503 ) ;
#1952 = EDGE_CURVE ( 'NONE', #1039, #3154, #569, .T. ) ;
#1953 = DIRECTION ( 'NONE',  ( 0.4961971664229286594, 0.000000000000000000, -0.8682098663536694794 ) ) ;
#1954 = CARTESIAN_POINT ( 'NONE',  ( -44.19374432848751155, 68.99999999999995737, 40.68920860939844886 ) ) ;
#1955 = PLANE ( 'NONE',  #2042 ) ;
#1956 = VERTEX_POINT ( 'NONE', #224 ) ;
#1957 = ORIENTED_EDGE ( 'NONE', *, *, #3348, .T. ) ;
#1958 = CARTESIAN_POINT ( 'NONE',  ( -38.66535217571075833, 57.99999999999999289, -5.000000000000000000 ) ) ;
#1959 = CARTESIAN_POINT ( 'NONE',  ( -27.82842712474618807, 57.99999999999998579, 61.96152422706629892 ) ) ;
#1960 = AXIS2_PLACEMENT_3D ( 'NONE', #3036, #3105, #1965 ) ;
#1961 = CARTESIAN_POINT ( 'NONE',  ( 42.93060796608241247, 57.99999999999999289, 43.42403810567840594 ) ) ;
#1962 = EDGE_CURVE ( 'NONE', #2997, #2213, #1996, .T. ) ;
#1963 = AXIS2_PLACEMENT_3D ( 'NONE', #1493, #2601, #4046 ) ;
#1964 = ORIENTED_EDGE ( 'NONE', *, *, #3441, .F. ) ;
#1965 = DIRECTION ( 'NONE',  ( 0.9929340751601266613, 0.1186672759690046985, 0.000000000000000000 ) ) ;
#1966 = CARTESIAN_POINT ( 'NONE',  ( 34.43016213958578930, 83.99262370907240438, 1.467498451792340841 ) ) ;
#1967 = CARTESIAN_POINT ( 'NONE',  ( -52.43326722931860928, 63.79530382523006438, 5.082032972690221584 ) ) ;
#1968 = CARTESIAN_POINT ( 'NONE',  ( 43.68075734436713731, 79.33694871453663211, -0.7193867723280892301 ) ) ;
#1969 =( BOUNDED_CURVE ( )  B_SPLINE_CURVE ( 3, ( #4271, #1036, #2469, #1799 ),
 .UNSPECIFIED., .F., .T. ) 
 B_SPLINE_CURVE_WITH_KNOTS ( ( 4, 4 ),
 ( 0.0001740389631782164950, 1.520710820664973761 ),
 .UNSPECIFIED. ) 
 CURVE ( )  GEOMETRIC_REPRESENTATION_ITEM ( )  RATIONAL_B_SPLINE_CURVE ( ( 1.000000000000000000, 0.8164340562826525316, 0.8164340562826525316, 1.000000000000000000 ) ) 
 REPRESENTATION_ITEM ( '' )  );
#1970 = EDGE_CURVE ( 'NONE', #2218, #2561, #1792, .T. ) ;
#1971 = CARTESIAN_POINT ( 'NONE',  ( 37.09823167072846672, 78.87155742747657428, -3.173975334965500217 ) ) ;
#1972 = ORIENTED_EDGE ( 'NONE', *, *, #318, .F. ) ;
#1973 = CARTESIAN_POINT ( 'NONE',  ( -64.24209515326251108, 57.99999999999999289, 8.996180162456679952 ) ) ;
#1974 = LINE ( 'NONE', #4476, #454 ) ;
#1975 = EDGE_CURVE ( 'NONE', #370, #2168, #2777, .T. ) ;
#1976 = EDGE_LOOP ( 'NONE', ( #4183, #3738, #2745, #4261 ) ) ;
#1977 = B_SPLINE_CURVE_WITH_KNOTS ( 'NONE', 3,
 ( #4104, #814, #139, #1853, #3330, #3012, #3711, #4468 ),
 .UNSPECIFIED., .F., .F.,
 ( 4, 2, 2, 4 ),
 ( 0.000000000000000000, 0.001404305719971309790, 0.002106458579956965987, 0.002808611439942622183 ),
 .UNSPECIFIED. ) ;
#1978 = DIRECTION ( 'NONE',  ( 0.000000000000000000, 0.08715574274766048346, 0.9961946980917454342 ) ) ;
#1979 = LINE ( 'NONE', #4116, #3389 ) ;
#1980 = CARTESIAN_POINT ( 'NONE',  ( -43.66948339955744274, 78.87155742747657428, -0.7729111076695062144 ) ) ;
#1981 = ADVANCED_FACE ( 'NONE', ( #3917 ), #966, .T. ) ;
#1982 = PLANE ( 'NONE',  #1443 ) ;
#1983 = ORIENTED_EDGE ( 'NONE', *, *, #3152, .T. ) ;
#1984 = ORIENTED_EDGE ( 'NONE', *, *, #3883, .F. ) ;
#1985 = LINE ( 'NONE', #3749, #298 ) ;
#1986 = CARTESIAN_POINT ( 'NONE',  ( 43.42729128077092327, 83.97318252302622454, 41.52802747762409297 ) ) ;
#1987 = CARTESIAN_POINT ( 'NONE',  ( -42.37221648144136310, 84.25866865586600341, 42.91576198792372310 ) ) ;
#1988 = VERTEX_POINT ( 'NONE', #4300 ) ;
#1989 = CARTESIAN_POINT ( 'NONE',  ( -42.93060796608241247, 57.99999999999999289, 43.42403810567840594 ) ) ;
#1990 = DIRECTION ( 'NONE',  ( -0.05025580687519609624, 0.9949358851208914833, -0.08704561088320908468 ) ) ;
#1991 = CARTESIAN_POINT ( 'NONE',  ( 34.29662956097014614, 83.33145453747263787, 0.8051156019567743405 ) ) ;
#1992 = CARTESIAN_POINT ( 'NONE',  ( -53.79720329664029776, 87.09604217124673653, 11.72708893830139409 ) ) ;
#1993 = LINE ( 'NONE', #3039, #2348 ) ;
#1994 = EDGE_LOOP ( 'NONE', ( #4244, #3704, #3180, #984 ) ) ;
#1995 = CARTESIAN_POINT ( 'NONE',  ( -39.99999999999853628, 57.99999999999999289, -2.249999999998250289 ) ) ;
#1996 = LINE ( 'NONE', #1290, #301 ) ;
#1997 = EDGE_CURVE ( 'NONE', #3003, #697, #4236, .T. ) ;
#1998 =( BOUNDED_CURVE ( )  B_SPLINE_CURVE ( 3, ( #1275, #597, #255, #3120 ),
 .UNSPECIFIED., .F., .T. ) 
 B_SPLINE_CURVE_WITH_KNOTS ( ( 4, 4 ),
 ( 0.2599065578190062342, 0.7816000651241687969 ),
 .UNSPECIFIED. ) 
 CURVE ( )  GEOMETRIC_REPRESENTATION_ITEM ( )  RATIONAL_B_SPLINE_CURVE ( ( 1.000000000000000000, 0.9774479652116030426, 0.9774479652116030426, 1.000000000000000000 ) ) 
 REPRESENTATION_ITEM ( '' )  );
#1999 = CARTESIAN_POINT ( 'NONE',  ( -36.27216668424567558, 87.91611826587694623, 40.48159489892978513 ) ) ;
#2000 = VERTEX_POINT ( 'NONE', #3544 ) ;
#2001 = FACE_OUTER_BOUND ( 'NONE', #1756, .T. ) ;
#2002 = CARTESIAN_POINT ( 'NONE',  ( 36.26614665611013777, 68.99999999999997158, -2.029985026128142245 ) ) ;
#2003 = ADVANCED_FACE ( 'NONE', ( #311 ), #4648, .F. ) ;
#2004 = CARTESIAN_POINT ( 'NONE',  ( 44.27830114534761208, 57.99999999999999289, -0.2020659783653019348 ) ) ;
#2005 = CARTESIAN_POINT ( 'NONE',  ( 44.43060796608241247, 57.99999999999999289, 40.82596189432509703 ) ) ;
#2006 = VERTEX_POINT ( 'NONE', #1411 ) ;
#2007 = ORIENTED_EDGE ( 'NONE', *, *, #1912, .T. ) ;
#2008 = CARTESIAN_POINT ( 'NONE',  ( 58.17652175675318915, 78.69724594198125089, 9.903344501435906722 ) ) ;
#2009 = CARTESIAN_POINT ( 'NONE',  ( -42.73287251816928745, 84.65757436977433770, 5.062383352713461626 ) ) ;
#2010 = AXIS2_PLACEMENT_3D ( 'NONE', #3620, #2102, #2432 ) ;
#2011 = ORIENTED_EDGE ( 'NONE', *, *, #2043, .T. ) ;
#2012 = CARTESIAN_POINT ( 'NONE',  ( 37.52086806823987786, 87.75741417701640046, 4.252246327995068853 ) ) ;
#2013 = CARTESIAN_POINT ( 'NONE',  ( 36.48304887177670253, 83.87154979017404344, -1.310326368591330448 ) ) ;
#2014 = EDGE_CURVE ( 'NONE', #2516, #3298, #4405, .T. ) ;
#2015 = CARTESIAN_POINT ( 'NONE',  ( 35.68438072234878433, 57.99999999999999289, 58.45959250484199998 ) ) ;
#2016 = ORIENTED_EDGE ( 'NONE', *, *, #4639, .F. ) ;
#2017 = PRODUCT_DEFINITION_SHAPE ( 'NONE', 'NONE',  #4037 ) ;
#2018 = AXIS2_PLACEMENT_3D ( 'NONE', #465, #4391, #3727 ) ;
#2019 = CARTESIAN_POINT ( 'NONE',  ( -45.92985885473279950, 64.17078808791050903, 1.365221021320274897 ) ) ;
#2020 = CARTESIAN_POINT ( 'NONE',  ( 59.27041945660400302, 78.69724594198125089, 13.98582629556199386 ) ) ;
#2021 = CARTESIAN_POINT ( 'NONE',  ( 51.03171917603678764, 88.00000000000001421, 13.55301099552655408 ) ) ;
#2022 = LINE ( 'NONE', #1226, #3087 ) ;
#2023 = VECTOR ( 'NONE', #1389, 1000.000000000000000 ) ;
#2024 = ADVANCED_FACE ( 'NONE', ( #632 ), #1062, .T. ) ;
#2025 = CIRCLE ( 'NONE', #3775, 3.750000000000010214 ) ;
#2026 = ORIENTED_EDGE ( 'NONE', *, *, #3316, .T. ) ;
#2027 = CARTESIAN_POINT ( 'NONE',  ( -46.92605355282455548, 58.77571641658792601, -0.9228757568253123100 ) ) ;
#2028 = DIRECTION ( 'NONE',  ( 0.000000000000000000, 0.000000000000000000, 1.000000000000000000 ) ) ;
#2029 = CARTESIAN_POINT ( 'NONE',  ( -34.92900219606844558, 57.99999999999999289, 61.96152422706629892 ) ) ;
#2030 = ADVANCED_FACE ( 'NONE', ( #1779 ), #334, .F. ) ;
#2031 = VERTEX_POINT ( 'NONE', #4576 ) ;
#2032 = CARTESIAN_POINT ( 'NONE',  ( -61.66681070950037480, 58.00252549018552628, 7.509594128728223517 ) ) ;
#2033 = CARTESIAN_POINT ( 'NONE',  ( -43.61028977963326270, 83.92015344980968905, 4.478181017324203594 ) ) ;
#2034 = CIRCLE ( 'NONE', #1582, 5.750000000000005329 ) ;
#2035 = ORIENTED_EDGE ( 'NONE', *, *, #1142, .F. ) ;
#2036 = CARTESIAN_POINT ( 'NONE',  ( 37.18425451000712201, 88.00000000000000000, 5.508505229836272221 ) ) ;
#2037 = AXIS2_PLACEMENT_3D ( 'NONE', #3864, #2685, #693 ) ;
#2038 = CARTESIAN_POINT ( 'NONE',  ( 37.64257817952874774, 87.22546884047127946, 2.926235721644261822 ) ) ;
#2039 = CARTESIAN_POINT ( 'NONE',  ( -33.94421328681139016, 81.98182201779080458, 55.82551852204357345 ) ) ;
#2040 = FACE_OUTER_BOUND ( 'NONE', #712, .T. ) ;
#2041 = LINE ( 'NONE', #308, #3409 ) ;
#2042 = AXIS2_PLACEMENT_3D ( 'NONE', #1297, #3051, #4187 ) ;
#2043 = EDGE_CURVE ( 'NONE', #129, #2213, #2454, .T. ) ;
#2044 = ORIENTED_EDGE ( 'NONE', *, *, #2492, .T. ) ;
#2045 = AXIS2_PLACEMENT_3D ( 'NONE', #4463, #4101, #511 ) ;
#2046 = CARTESIAN_POINT ( 'NONE',  ( 40.00000000000146372, 73.00000000000000000, 34.25000000000174794 ) ) ;
#2047 = ORIENTED_EDGE ( 'NONE', *, *, #3008, .F. ) ;
#2048 = DIRECTION ( 'NONE',  ( -0.000000000000000000, 1.000000000000000000, -0.000000000000000000 ) ) ;
#2049 = CARTESIAN_POINT ( 'NONE',  ( -32.62218640344046605, 86.87200565038176592, 53.75600130611756811 ) ) ;
#2050 = ORIENTED_EDGE ( 'NONE', *, *, #3565, .F. ) ;
#2051 = CARTESIAN_POINT ( 'NONE',  ( 31.84294450003534394, 81.86849628213995800, 59.41567519495355754 ) ) ;
#2052 = CARTESIAN_POINT ( 'NONE',  ( 41.54933400294246582, 84.79354036771519532, 43.42266601363344591 ) ) ;
#2053 = EDGE_CURVE ( 'NONE', #2986, #2076, #356, .T. ) ;
#2054 = ORIENTED_EDGE ( 'NONE', *, *, #4613, .T. ) ;
#2055 = ORIENTED_EDGE ( 'NONE', *, *, #3721, .T. ) ;
#2056 = CARTESIAN_POINT ( 'NONE',  ( -32.16985240950246094, 86.00000000000000000, 53.72274581278161065 ) ) ;
#2057 = CARTESIAN_POINT ( 'NONE',  ( 34.36407807894737232, 79.16731273895697996, -1.140460422946691255 ) ) ;
#2058 = CARTESIAN_POINT ( 'NONE',  ( 63.54157078179117946, 57.57079183342516870, 14.29990501369475631 ) ) ;
#2059 = EDGE_CURVE ( 'NONE', #806, #2006, #2515, .T. ) ;
#2060 = DIRECTION ( 'NONE',  ( 0.000000000000000000, 1.000000000000000000, 0.000000000000000000 ) ) ;
#2061 = ORIENTED_EDGE ( 'NONE', *, *, #2642, .T. ) ;
#2062 = CARTESIAN_POINT ( 'NONE',  ( -35.98076211353303933, 57.99999999999999289, 61.96152422706629892 ) ) ;
#2063 = CARTESIAN_POINT ( 'NONE',  ( 56.90923573273266811, 85.79038097002894858, 14.73672800196744070 ) ) ;
#2064 = PLANE ( 'NONE',  #3027 ) ;
#2065 = CARTESIAN_POINT ( 'NONE',  ( -36.45839509746937068, 64.95819397700478248, -2.383597233311022023 ) ) ;
#2066 = VERTEX_POINT ( 'NONE', #3224 ) ;
#2067 = CARTESIAN_POINT ( 'NONE',  ( 44.16709580129069224, 68.99999999999997158, 0.8353517719384209173 ) ) ;
#2068 = DIRECTION ( 'NONE',  ( 0.000000000000000000, 0.000000000000000000, 1.000000000000000000 ) ) ;
#2069 = CARTESIAN_POINT ( 'NONE',  ( 41.04486893266917491, 85.38475993188947655, 5.657997783758509591 ) ) ;
#2070 = CARTESIAN_POINT ( 'NONE',  ( -56.67737489681044138, 83.56413261293833727, 14.07662133355001899 ) ) ;
#2071 = EDGE_LOOP ( 'NONE', ( #4516, #1783, #2917, #3079 ) ) ;
#2072 = FACE_OUTER_BOUND ( 'NONE', #4579, .T. ) ;
#2073 = CARTESIAN_POINT ( 'NONE',  ( 40.00000000000146372, 87.70451275622950504, 36.25000000000174794 ) ) ;
#2074 = CARTESIAN_POINT ( 'NONE',  ( -60.81172790629494074, 80.09810628453536197, 14.97096765789915551 ) ) ;
#2075 =( BOUNDED_CURVE ( )  B_SPLINE_CURVE ( 3, ( #2425, #1344, #2784, #682 ),
 .UNSPECIFIED., .F., .T. ) 
 B_SPLINE_CURVE_WITH_KNOTS ( ( 4, 4 ),
 ( 6.022405407882914119, 6.543965206476256569 ),
 .UNSPECIFIED. ) 
 CURVE ( )  GEOMETRIC_REPRESENTATION_ITEM ( )  RATIONAL_B_SPLINE_CURVE ( ( 1.000000000000000000, 0.9774594582088780292, 0.9774594582088780292, 1.000000000000000000 ) ) 
 REPRESENTATION_ITEM ( '' )  );
#2076 = VERTEX_POINT ( 'NONE', #2758 ) ;
#2077 = ORIENTED_EDGE ( 'NONE', *, *, #3435, .T. ) ;
#2078 = EDGE_CURVE ( 'NONE', #2907, #428, #4205, .T. ) ;
#2079 = CARTESIAN_POINT ( 'NONE',  ( 29.17497351054301902, 88.00000000000000000, 50.17355258111435035 ) ) ;
#2080 = CARTESIAN_POINT ( 'NONE',  ( -49.80611753071211467, 57.99999999999999289, 28.46506973372665783 ) ) ;
#2081 = DIRECTION ( 'NONE',  ( 1.000000000000000000, 0.000000000000000000, 0.000000000000000000 ) ) ;
#2082 = CARTESIAN_POINT ( 'NONE',  ( -33.77184182647509658, 78.78352118647327984, 58.13556206001231885 ) ) ;
#2083 = VECTOR ( 'NONE', #804, 1000.000000000000000 ) ;
#2084 = CARTESIAN_POINT ( 'NONE',  ( 38.15668365003778462, 87.29513932235964546, 3.288728154756893840 ) ) ;
#2085 = VERTEX_POINT ( 'NONE', #1711 ) ;
#2086 = EDGE_CURVE ( 'NONE', #1064, #2820, #2977, .T. ) ;
#2087 = CARTESIAN_POINT ( 'NONE',  ( -42.62841451406060145, 84.92876843128645703, 34.88208869848004667 ) ) ;
#2088 = VECTOR ( 'NONE', #3706, 1000.000000000000114 ) ;
#2089 = ORIENTED_EDGE ( 'NONE', *, *, #792, .T. ) ;
#2090 = CARTESIAN_POINT ( 'NONE',  ( 62.14589374127830013, 57.99999999999999289, 11.82571753415484572 ) ) ;
#2091 = ORIENTED_EDGE ( 'NONE', *, *, #547, .T. ) ;
#2092 = CARTESIAN_POINT ( 'NONE',  ( 42.93060796608241247, 57.99999999999999289, 43.42403810567840594 ) ) ;
#2093 = CIRCLE ( 'NONE', #148, 5.750000000000005329 ) ;
#2094 = CYLINDRICAL_SURFACE ( 'NONE', #1116, 3.000000000000000444 ) ;
#2095 = CARTESIAN_POINT ( 'NONE',  ( -54.24822273985007826, 85.41311463094359624, 13.14372445034800485 ) ) ;
#2096 = CONICAL_SURFACE ( 'NONE', #1124, 4.250000000000003553, 0.7853981633974450594 ) ;
#2097 = VECTOR ( 'NONE', #2192, 1000.000000000000000 ) ;
#2098 = ADVANCED_FACE ( 'NONE', ( #450 ), #404, .T. ) ;
#2099 = VECTOR ( 'NONE', #3432, 1000.000000000000000 ) ;
#2100 = ORIENTED_EDGE ( 'NONE', *, *, #947, .F. ) ;
#2101 = CYLINDRICAL_SURFACE ( 'NONE', #3396, 2.250000000000001776 ) ;
#2102 = DIRECTION ( 'NONE',  ( -0.8660254037844379305, 0.000000000000000000, -0.5000000000000012212 ) ) ;
#2103 = CARTESIAN_POINT ( 'NONE',  ( 32.96072012873680279, 60.68197478210161222, 59.71924216268330099 ) ) ;
#2104 = EDGE_LOOP ( 'NONE', ( #2625, #2688, #1928, #2901, #3726, #1222 ) ) ;
#2105 = CARTESIAN_POINT ( 'NONE',  ( -40.46787281210034593, 80.66456415234166855, 45.73345203435264494 ) ) ;
#2106 = CYLINDRICAL_SURFACE ( 'NONE', #3529, 8.000000000000000000 ) ;
#2107 = CARTESIAN_POINT ( 'NONE',  ( -32.38053963461541684, 84.56639085668061284, 53.97242858747729599 ) ) ;
#2108 = LINE ( 'NONE', #1755, #4238 ) ;
#2109 = CIRCLE ( 'NONE', #2493, 4.250000000000003553 ) ;
#2110 = ORIENTED_EDGE ( 'NONE', *, *, #2519, .T. ) ;
#2111 = DIRECTION ( 'NONE',  ( -1.000000000000000000, 0.000000000000000000, 0.000000000000000000 ) ) ;
#2112 = EDGE_CURVE ( 'NONE', #2907, #2307, #2788, .T. ) ;
#2113 = ORIENTED_EDGE ( 'NONE', *, *, #3888, .T. ) ;
#2114 = AXIS2_PLACEMENT_3D ( 'NONE', #1109, #4040, #3283 ) ;
#2115 = EDGE_LOOP ( 'NONE', ( #1645, #349, #1185, #310 ) ) ;
#2116 = LINE ( 'NONE', #4580, #3376 ) ;
#2117 = DIRECTION ( 'NONE',  ( -0.000000000000000000, -1.000000000000000000, -0.000000000000000000 ) ) ;
#2118 = CARTESIAN_POINT ( 'NONE',  ( -64.25530228220748086, 57.82568851450468372, 9.003805301908281322 ) ) ;
#2119 = CARTESIAN_POINT ( 'NONE',  ( 44.34183578989436825, 69.15999658990062926, 40.77470925450638362 ) ) ;
#2120 = EDGE_CURVE ( 'NONE', #3530, #1899, #1174, .T. ) ;
#2121 = CARTESIAN_POINT ( 'NONE',  ( -60.99587928792963964, 78.87155742747657428, 14.98202099365373563 ) ) ;
#2122 = EDGE_LOOP ( 'NONE', ( #819, #155, #3462, #2134 ) ) ;
#2123 = CARTESIAN_POINT ( 'NONE',  ( 33.30899465829107697, 85.04640925181399780, 57.33388724857803709 ) ) ;
#2124 = CARTESIAN_POINT ( 'NONE',  ( -49.80611753071212178, 60.00000000000000000, 28.46506973372666138 ) ) ;
#2125 = DIRECTION ( 'NONE',  ( 0.000000000000000000, -0.9961946980917455452, 0.08715574274765820750 ) ) ;
#2126 = VERTEX_POINT ( 'NONE', #3712 ) ;
#2127 = DIRECTION ( 'NONE',  ( -0.4961971664229286039, 0.000000000000000000, 0.8682098663536694794 ) ) ;
#2128 = CARTESIAN_POINT ( 'NONE',  ( 49.87809338607208787, 86.00000000000000000, 14.31469708150908993 ) ) ;
#2129 = CARTESIAN_POINT ( 'NONE',  ( 65.98076211353313170, 57.99999999999999289, 10.00000000000003020 ) ) ;
#2130 = CARTESIAN_POINT ( 'NONE',  ( 37.29997065857457272, 85.81481713637835185, 5.076646684126414399 ) ) ;
#2131 = ORIENTED_EDGE ( 'NONE', *, *, #661, .F. ) ;
#2132 = CARTESIAN_POINT ( 'NONE',  ( -37.52086806823955101, 87.75741417701662783, 4.252246327996306974 ) ) ;
#2133 = CARTESIAN_POINT ( 'NONE',  ( -32.05073989608574436, 78.87155742747657428, 60.13549956203179647 ) ) ;
#2134 = ORIENTED_EDGE ( 'NONE', *, *, #1376, .F. ) ;
#2135 = CYLINDRICAL_SURFACE ( 'NONE', #892, 2.250000000000002220 ) ;
#2136 = CARTESIAN_POINT ( 'NONE',  ( 39.67805057380748934, 73.00000000000000000, -3.537449564556617521 ) ) ;
#2137 = EDGE_CURVE ( 'NONE', #106, #3052, #702, .T. ) ;
#2138 = CARTESIAN_POINT ( 'NONE',  ( 27.82842712474618452, 57.99999999999999289, 61.96152422706630603 ) ) ;
#2139 = DIRECTION ( 'NONE',  ( 0.02334694530775668908, -0.9959231582530828630, -0.08713198609007956341 ) ) ;
#2140 = CARTESIAN_POINT ( 'NONE',  ( -49.87809338607210208, 86.00000000000000000, 14.31469708150909881 ) ) ;
#2141 = DIRECTION ( 'NONE',  ( 0.000000000000000000, 0.000000000000000000, -1.000000000000000000 ) ) ;
#2142 = SURFACE_STYLE_USAGE ( .BOTH. , #1444 ) ;
#2143 = DIRECTION ( 'NONE',  ( 0.000000000000000000, 0.000000000000000000, 1.000000000000000000 ) ) ;
#2144 = VERTEX_POINT ( 'NONE', #795 ) ;
#2145 = EDGE_CURVE ( 'NONE', #3879, #1016, #3608, .T. ) ;
#2146 = CARTESIAN_POINT ( 'NONE',  ( 32.00310663907027475, 80.09810628471231553, 59.97049311946733496 ) ) ;
#2147 = CARTESIAN_POINT ( 'NONE',  ( 36.31189097941142307, 87.89509923445181983, 40.72382768276983001 ) ) ;
#2148 = CARTESIAN_POINT ( 'NONE',  ( -34.63892964307419220, 78.69724594198125089, 56.64881811871070738 ) ) ;
#2149 =( BOUNDED_CURVE ( )  B_SPLINE_CURVE ( 3, ( #4488, #1030, #266, #2825 ),
 .UNSPECIFIED., .F., .F. ) 
 B_SPLINE_CURVE_WITH_KNOTS ( ( 4, 4 ),
 ( 1.570796326794897224, 1.786377945806677747 ),
 .UNSPECIFIED. ) 
 CURVE ( )  GEOMETRIC_REPRESENTATION_ITEM ( )  RATIONAL_B_SPLINE_CURVE ( ( 1.000000000000000000, 0.9961307956176410627, 0.9961307956176410627, 1.000000000000000000 ) ) 
 REPRESENTATION_ITEM ( '' )  );
#2150 = VERTEX_POINT ( 'NONE', #3253 ) ;
#2151 = EDGE_LOOP ( 'NONE', ( #3385, #769, #2110, #621, #4028, #2581 ) ) ;
#2152 = EDGE_CURVE ( 'NONE', #1009, #1130, #747, .T. ) ;
#2153 = CARTESIAN_POINT ( 'NONE',  ( 42.03955674215835359, 86.18654347196780918, 3.153362966589883243 ) ) ;
#2154 = CARTESIAN_POINT ( 'NONE',  ( -63.08704841278741071, 78.87155742747657428, 11.36000982218075883 ) ) ;
#2155 = CARTESIAN_POINT ( 'NONE',  ( -41.76127778024931558, 87.10091603839246943, 36.67965690423149994 ) ) ;
#2156 = ORIENTED_EDGE ( 'NONE', *, *, #698, .F. ) ;
#2157 = CARTESIAN_POINT ( 'NONE',  ( -33.11225889621742624, 57.85620792584665395, 61.97410440345959159 ) ) ;
#2158 = CARTESIAN_POINT ( 'NONE',  ( -44.54740990078911977, 82.73630748765958742, 36.47132197454861569 ) ) ;
#2159 = VECTOR ( 'NONE', #2081, 1000.000000000000000 ) ;
#2160 = EDGE_LOOP ( 'NONE', ( #4590, #3894, #3977, #659, #3991, #2678, #121, #4513, #4452, #3618, #4188, #136, #1299 ) ) ;
#2161 = AXIS2_PLACEMENT_3D ( 'NONE', #2628, #835, #2279 ) ;
#2162 = CARTESIAN_POINT ( 'NONE',  ( -43.60701569958692403, 86.00000000000000000, 25.17652225271284649 ) ) ;
#2163 = CARTESIAN_POINT ( 'NONE',  ( 54.42659037599321437, 86.00000000000000000, 11.89676647637972451 ) ) ;
#2164 = FACE_OUTER_BOUND ( 'NONE', #156, .T. ) ;
#2165 = AXIS2_PLACEMENT_3D ( 'NONE', #1230, #1953, #2342 ) ;
#2166 = ADVANCED_FACE ( 'NONE', ( #2967 ), #2233, .T. ) ;
#2167 = CARTESIAN_POINT ( 'NONE',  ( 32.33338421619220782, 83.87358308604433432, 55.64408039446858822 ) ) ;
#2168 = VERTEX_POINT ( 'NONE', #3331 ) ;
#2169 = CARTESIAN_POINT ( 'NONE',  ( -29.00000000000000000, 57.99999999999999289, 61.96152422706629892 ) ) ;
#2170 = VECTOR ( 'NONE', #214, 1000.000000000000000 ) ;
#2171 = CARTESIAN_POINT ( 'NONE',  ( 41.76602989289860801, 87.09846661219198438, 36.68217668684218324 ) ) ;
#2172 = CARTESIAN_POINT ( 'NONE',  ( 45.23246555513613032, 80.42540450303978616, 37.61433814283491728 ) ) ;
#2173 = AXIS2_PLACEMENT_3D ( 'NONE', #3265, #667, #1770 ) ;
#2174 = EDGE_CURVE ( 'NONE', #4266, #327, #100, .T. ) ;
#2175 = VERTEX_POINT ( 'NONE', #2184 ) ;
#2176 = ORIENTED_EDGE ( 'NONE', *, *, #432, .F. ) ;
#2177 = CARTESIAN_POINT ( 'NONE',  ( -40.95165871488777753, 78.94914953368676436, 45.67077321476113383 ) ) ;
#2178 = AXIS2_PLACEMENT_3D ( 'NONE', #3643, #2267, #2973 ) ;
#2179 = CARTESIAN_POINT ( 'NONE',  ( -39.67805057367672106, 73.00000000000000000, -3.537449564602547891 ) ) ;
#2180 =( BOUNDED_CURVE ( )  B_SPLINE_CURVE ( 3, ( #1158, #776, #500, #4449 ),
 .UNSPECIFIED., .F., .T. ) 
 B_SPLINE_CURVE_WITH_KNOTS ( ( 4, 4 ),
 ( 5.542887664656578117, 6.543091864998591412 ),
 .UNSPECIFIED. ) 
 CURVE ( )  GEOMETRIC_REPRESENTATION_ITEM ( )  RATIONAL_B_SPLINE_CURVE ( ( 1.000000000000000000, 0.9183557385912172188, 0.9183557385912172188, 1.000000000000000000 ) ) 
 REPRESENTATION_ITEM ( '' )  );
#2181 = DIRECTION ( 'NONE',  ( 8.659560562354904508E-17, 0.7071067811865497932, -0.7071067811865452413 ) ) ;
#2182 = EDGE_CURVE ( 'NONE', #4133, #826, #1872, .T. ) ;
#2183 = VERTEX_POINT ( 'NONE', #29 ) ;
#2184 = CARTESIAN_POINT ( 'NONE',  ( -41.95784515827811845, 70.49999999999995737, 45.40641677418789612 ) ) ;
#2185 = AXIS2_PLACEMENT_3D ( 'NONE', #3178, #2060, #307 ) ;
#2186 = EDGE_CURVE ( 'NONE', #4023, #3530, #267, .T. ) ;
#2187 = CARTESIAN_POINT ( 'NONE',  ( -36.99674807761104489, 86.91705985195336837, 2.256845474727529499 ) ) ;
#2188 = ORIENTED_EDGE ( 'NONE', *, *, #1519, .T. ) ;
#2189 = VERTEX_POINT ( 'NONE', #1831 ) ;
#2190 = VECTOR ( 'NONE', #1304, 1000.000000000000227 ) ;
#2191 = CARTESIAN_POINT ( 'NONE',  ( 45.39676408458142021, 78.69724594198125089, 38.01570228660591511 ) ) ;
#2192 = DIRECTION ( 'NONE',  ( 0.000000000000000000, 0.000000000000000000, -1.000000000000000000 ) ) ;
#2193 = AXIS2_PLACEMENT_3D ( 'NONE', #3942, #3523, #225 ) ;
#2194 = CARTESIAN_POINT ( 'NONE',  ( -44.24368011137323720, 57.99999999999999289, -0.2316875316498419324 ) ) ;
#2195 = CARTESIAN_POINT ( 'NONE',  ( 29.85314632680640301, 86.00000000000000000, 50.97724663706433290 ) ) ;
#2196 = ORIENTED_EDGE ( 'NONE', *, *, #51, .F. ) ;
#2197 = DIRECTION ( 'NONE',  ( -0.8660254037844380415, 0.000000000000000000, -0.5000000000000012212 ) ) ;
#2198 = LINE ( 'NONE', #3672, #4578 ) ;
#2199 = CARTESIAN_POINT ( 'NONE',  ( 40.00000000000145661, 85.87423082768911797, 34.25000000000174083 ) ) ;
#2200 = FACE_OUTER_BOUND ( 'NONE', #2760, .T. ) ;
#2201 = ORIENTED_EDGE ( 'NONE', *, *, #1280, .F. ) ;
#2202 = ORIENTED_EDGE ( 'NONE', *, *, #1168, .T. ) ;
#2203 = CARTESIAN_POINT ( 'NONE',  ( 58.07622931538572431, 81.98182201809407843, 14.02764067118739533 ) ) ;
#2204 = CARTESIAN_POINT ( 'NONE',  ( -27.00000000000000355, 65.00000000000000000, 80.00000000000000000 ) ) ;
#2205 = ADVANCED_FACE ( 'NONE', ( #425, #889, #4150 ), #3356, .F. ) ;
#2206 = CARTESIAN_POINT ( 'NONE',  ( -43.62085382147260759, 85.21969047612655856, 38.99784379951139357 ) ) ;
#2207 = VERTEX_POINT ( 'NONE', #1354 ) ;
#2208 = CARTESIAN_POINT ( 'NONE',  ( 36.50664207226534330, 57.99999999999999289, 61.05067341985972718 ) ) ;
#2209 = EDGE_CURVE ( 'NONE', #4266, #186, #3937, .T. ) ;
#2210 = DIRECTION ( 'NONE',  ( -0.000000000000000000, 1.000000000000000000, -0.000000000000000000 ) ) ;
#2211 = CARTESIAN_POINT ( 'NONE',  ( -55.02617263094552413, 86.00000000000000000, 14.13443791517847004 ) ) ;
#2212 = ORIENTED_EDGE ( 'NONE', *, *, #1395, .F. ) ;
#2213 = VERTEX_POINT ( 'NONE', #280 ) ;
#2214 = LINE ( 'NONE', #430, #3229 ) ;
#2215 = CARTESIAN_POINT ( 'NONE',  ( -38.20830832898892027, 77.49636431178529961, -3.294289142747381938 ) ) ;
#2216 = LINE ( 'NONE', #3361, #3336 ) ;
#2217 = CARTESIAN_POINT ( 'NONE',  ( -39.99999999999853628, 73.00000000000000000, 40.00000000000175504 ) ) ;
#2218 = VERTEX_POINT ( 'NONE', #842 ) ;
#2219 = CARTESIAN_POINT ( 'NONE',  ( -38.85420770375778687, 83.17129370404353494, 45.64150537537488361 ) ) ;
#2220 = EDGE_CURVE ( 'NONE', #983, #4133, #2780, .T. ) ;
#2221 = LINE ( 'NONE', #126, #4445 ) ;
#2222 = CARTESIAN_POINT ( 'NONE',  ( 38.79376261893640532, 85.99205883860639688, 34.36969769373297368 ) ) ;
#2223 = DIRECTION ( 'NONE',  ( -0.8660254037844380415, 0.000000000000000000, 0.5000000000000012212 ) ) ;
#2224 = VERTEX_POINT ( 'NONE', #4587 ) ;
#2225 = VERTEX_POINT ( 'NONE', #3736 ) ;
#2226 = CARTESIAN_POINT ( 'NONE',  ( -44.48940357450152305, 69.32069836418148157, 40.85990755467302904 ) ) ;
#2227 = LINE ( 'NONE', #158, #1258 ) ;
#2228 = CARTESIAN_POINT ( 'NONE',  ( -43.75453671197256256, 84.48544308191353025, 40.14910429022280169 ) ) ;
#2229 = EDGE_CURVE ( 'NONE', #4139, #3321, #4063, .T. ) ;
#2230 = VERTEX_POINT ( 'NONE', #1196 ) ;
#2231 = DIRECTION ( 'NONE',  ( 0.000000000000000000, 1.000000000000000000, 0.000000000000000000 ) ) ;
#2232 = CARTESIAN_POINT ( 'NONE',  ( 29.17497351054301902, 88.00000000000000000, 50.17355258111435035 ) ) ;
#2233 = CYLINDRICAL_SURFACE ( 'NONE', #3697, 5.750000000000005329 ) ;
#2234 = CARTESIAN_POINT ( 'NONE',  ( 62.99785071774488898, 81.06852975729574950, 10.79926869959565572 ) ) ;
#2235 = AXIS2_PLACEMENT_3D ( 'NONE', #3875, #4211, #4240 ) ;
#2236 = EDGE_CURVE ( 'NONE', #3410, #1125, #1, .T. ) ;
#2237 = CARTESIAN_POINT ( 'NONE',  ( -45.92985885473279950, 58.92584135473966001, 0.8353596824443587643 ) ) ;
#2238 = B_SPLINE_CURVE_WITH_KNOTS ( 'NONE', 3,
 ( #3033, #1085, #3751, #49, #1589, #2517, #720, #1213 ),
 .UNSPECIFIED., .F., .F.,
 ( 4, 2, 2, 4 ),
 ( 0.002867883308762750934, 0.004382325485841987583, 0.005139546574381625640, 0.005896767662921263697 ),
 .UNSPECIFIED. ) ;
#2239 = ORIENTED_EDGE ( 'NONE', *, *, #4032, .T. ) ;
#2240 = CARTESIAN_POINT ( 'NONE',  ( -43.60701569958692403, 78.00000000000000000, 25.17652225271284649 ) ) ;
#2241 = CARTESIAN_POINT ( 'NONE',  ( -33.78721922114758058, 84.08937527682904545, 58.16219648887435767 ) ) ;
#2242 = CARTESIAN_POINT ( 'NONE',  ( -37.83905190765482729, 87.28104278384081738, 3.064768073151189931 ) ) ;
#2243 = VECTOR ( 'NONE', #366, 1000.000000000000114 ) ;
#2244 = ORIENTED_EDGE ( 'NONE', *, *, #2615, .F. ) ;
#2245 = CARTESIAN_POINT ( 'NONE',  ( -38.03878089061391421, 84.00837874827790586, 45.41399656513152649 ) ) ;
#2246 = DIRECTION ( 'NONE',  ( -0.000000000000000000, -1.000000000000000000, -0.000000000000000000 ) ) ;
#2247 = DIRECTION ( 'NONE',  ( 0.1186073329426363954, -0.9924325091389669673, -0.03178073907838851325 ) ) ;
#2248 = CARTESIAN_POINT ( 'NONE',  ( 39.69741307761847082, 85.92125336840135219, 34.25000000000174794 ) ) ;
#2249 = CARTESIAN_POINT ( 'NONE',  ( -39.99999999999859313, 85.87513685539509822, 43.75000000000220979 ) ) ;
#2250 = ORIENTED_EDGE ( 'NONE', *, *, #287, .T. ) ;
#2251 = VERTEX_POINT ( 'NONE', #3378 ) ;
#2252 = CARTESIAN_POINT ( 'NONE',  ( 56.67737489680933294, 83.56413261293934625, 14.07662133354976675 ) ) ;
#2253 = CARTESIAN_POINT ( 'NONE',  ( -34.61004124971022122, 84.42192972285931774, 2.012239846760636386 ) ) ;
#2254 = CARTESIAN_POINT ( 'NONE',  ( 61.69586387143451134, 58.00084223737904665, 7.526197931995211476 ) ) ;
#2255 = AXIS2_PLACEMENT_3D ( 'NONE', #846, #943, #613 ) ;
#2256 = DIRECTION ( 'NONE',  ( -0.000000000000000000, -1.000000000000000000, -0.000000000000000000 ) ) ;
#2257 = DIRECTION ( 'NONE',  ( 0.05025580687519611706, -0.9949358851208917054, 0.08704561088320912632 ) ) ;
#2258 = VECTOR ( 'NONE', #3694, 1000.000000000000114 ) ;
#2259 = EDGE_LOOP ( 'NONE', ( #1876, #4338, #832, #2047, #626 ) ) ;
#2260 = LINE ( 'NONE', #3733, #1002 ) ;
#2261 = FACE_OUTER_BOUND ( 'NONE', #2115, .T. ) ;
#2262 = DIRECTION ( 'NONE',  ( -0.000000000000000000, -1.000000000000000000, -0.000000000000000000 ) ) ;
#2263 = CARTESIAN_POINT ( 'NONE',  ( 60.46476696660479888, 84.31107662730742902, 14.95014198868067901 ) ) ;
#2264 = VERTEX_POINT ( 'NONE', #3013 ) ;
#2265 = CARTESIAN_POINT ( 'NONE',  ( 40.00000000000146372, 88.00000000000000000, 35.75000000000175504 ) ) ;
#2266 = ADVANCED_FACE ( 'NONE', ( #141 ), #1018, .T. ) ;
#2267 = DIRECTION ( 'NONE',  ( 0.000000000000000000, -0.000000000000000000, 1.000000000000000000 ) ) ;
#2268 = PLANE ( 'NONE',  #2114 ) ;
#2269 = VECTOR ( 'NONE', #605, 1000.000000000000000 ) ;
#2270 = ORIENTED_EDGE ( 'NONE', *, *, #2145, .F. ) ;
#2271 = CARTESIAN_POINT ( 'NONE',  ( -39.80402931685215151, 81.90379481903032399, 45.75000000000176215 ) ) ;
#2272 = LINE ( 'NONE', #3723, #3146 ) ;
#2273 = CARTESIAN_POINT ( 'NONE',  ( 28.99999999999999289, 60.00000000000000000, 0.000000000000000000 ) ) ;
#2274 = DIRECTION ( 'NONE',  ( 1.080076455889611940E-17, 0.08715574274765820750, -0.9961946980917455452 ) ) ;
#2275 = EDGE_LOOP ( 'NONE', ( #1767, #4323, #1433, #1939 ) ) ;
#2276 = ORIENTED_EDGE ( 'NONE', *, *, #2819, .T. ) ;
#2277 = CARTESIAN_POINT ( 'NONE',  ( -44.34183578989253505, 69.15999658990151033, 40.77470925450531780 ) ) ;
#2278 = AXIS2_PLACEMENT_3D ( 'NONE', #2699, #2139, #4061 ) ;
#2279 = DIRECTION ( 'NONE',  ( 0.000000000000000000, 0.000000000000000000, 1.000000000000000000 ) ) ;
#2280 = DIRECTION ( 'NONE',  ( 0.000000000000000000, 0.7071067811865497932, 0.7071067811865452413 ) ) ;
#2281 = ORIENTED_EDGE ( 'NONE', *, *, #4009, .F. ) ;
#2282 = CARTESIAN_POINT ( 'NONE',  ( -36.67392185592722598, 87.98583542755815756, 38.24922301704117444 ) ) ;
#2283 = CARTESIAN_POINT ( 'NONE',  ( -36.36438947439982883, 78.87155742747657428, 57.64501281680246336 ) ) ;
#2284 = CARTESIAN_POINT ( 'NONE',  ( 0.000000000000000000, 57.99999999999999289, 0.000000000000000000 ) ) ;
#2285 = CYLINDRICAL_SURFACE ( 'NONE', #4321, 10.00000000000000000 ) ;
#2286 = DIRECTION ( 'NONE',  ( 0.000000000000000000, 0.000000000000000000, -1.000000000000000000 ) ) ;
#2287 = EDGE_LOOP ( 'NONE', ( #998, #4072, #4193, #1233 ) ) ;
#2288 = DIRECTION ( 'NONE',  ( -0.000000000000000000, -1.000000000000000000, -0.000000000000000000 ) ) ;
#2289 = LINE ( 'NONE', #752, #2097 ) ;
#2290 = EDGE_CURVE ( 'NONE', #664, #2218, #2485, .T. ) ;
#2291 = ORIENTED_EDGE ( 'NONE', *, *, #1402, .F. ) ;
#2292 = LINE ( 'NONE', #1677, #2712 ) ;
#2293 = CARTESIAN_POINT ( 'NONE',  ( 27.00000000000000355, 65.00000000000000000, 80.00000000000000000 ) ) ;
#2294 = CARTESIAN_POINT ( 'NONE',  ( -40.89167220121642288, 86.80489859311657597, 3.649176786238727654 ) ) ;
#2295 = VERTEX_POINT ( 'NONE', #1078 ) ;
#2296 = ADVANCED_FACE ( 'NONE', ( #2509 ), #976, .T. ) ;
#2297 = ORIENTED_EDGE ( 'NONE', *, *, #381, .T. ) ;
#2298 = CARTESIAN_POINT ( 'NONE',  ( 57.07043513236872911, 83.19615145715225424, 14.06285839265413884 ) ) ;
#2299 = CARTESIAN_POINT ( 'NONE',  ( 40.00000000000146372, 73.00000000000000000, 1.752070710736575165E-12 ) ) ;
#2300 = CARTESIAN_POINT ( 'NONE',  ( -41.55009850228582735, 84.79300635182910639, 43.42236257810453992 ) ) ;
#2301 = EDGE_LOOP ( 'NONE', ( #1690, #1357, #333, #1228, #4121, #1131 ) ) ;
#2302 = FACE_OUTER_BOUND ( 'NONE', #2541, .T. ) ;
#2303 = DIRECTION ( 'NONE',  ( -0.000000000000000000, 1.000000000000000000, -0.000000000000000000 ) ) ;
#2304 = CARTESIAN_POINT ( 'NONE',  ( -52.63708949798431291, 87.76815173599128173, 14.48030056544418009 ) ) ;
#2305 =( BOUNDED_CURVE ( )  B_SPLINE_CURVE ( 3, ( #1858, #222, #2065, #3148 ),
 .UNSPECIFIED., .F., .F. ) 
 B_SPLINE_CURVE_WITH_KNOTS ( ( 4, 4 ),
 ( 0.7896628343933222993, 1.072825784807791560 ),
 .UNSPECIFIED. ) 
 CURVE ( )  GEOMETRIC_REPRESENTATION_ITEM ( )  RATIONAL_B_SPLINE_CURVE ( ( 1.000000000000000000, 0.9933293826880194022, 0.9933293826880194022, 1.000000000000000000 ) ) 
 REPRESENTATION_ITEM ( '' )  );
#2306 = EDGE_CURVE ( 'NONE', #2367, #4022, #4226, .T. ) ;
#2307 = VERTEX_POINT ( 'NONE', #1115 ) ;
#2308 = CARTESIAN_POINT ( 'NONE',  ( 59.93287030199613241, 63.59413104804491468, 7.073385092734516100 ) ) ;
#2309 = CARTESIAN_POINT ( 'NONE',  ( -45.66101684902984204, 70.49999999999998579, 38.99233525665518840 ) ) ;
#2310 = AXIS2_PLACEMENT_3D ( 'NONE', #1504, #1879, #1550 ) ;
#2311 = CYLINDRICAL_SURFACE ( 'NONE', #4539, 8.000000000000000000 ) ;
#2312 = VECTOR ( 'NONE', #442, 1000.000000000000000 ) ;
#2313 = ORIENTED_EDGE ( 'NONE', *, *, #1726, .T. ) ;
#2314 = DIRECTION ( 'NONE',  ( 1.000000000000000000, 0.000000000000000000, 0.000000000000000000 ) ) ;
#2315 = CARTESIAN_POINT ( 'NONE',  ( -39.06574392989485744, 85.73119377103405725, 5.692746122875912640 ) ) ;
#2316 = CARTESIAN_POINT ( 'NONE',  ( 39.13104451630222513, 82.87437706612726629, 45.71025244900117457 ) ) ;
#2317 = EDGE_CURVE ( 'NONE', #2189, #600, #1401, .T. ) ;
#2318 = AXIS2_PLACEMENT_3D ( 'NONE', #2935, #1489, #1139 ) ;
#2319 = ORIENTED_EDGE ( 'NONE', *, *, #2053, .T. ) ;
#2320 = EDGE_LOOP ( 'NONE', ( #2614, #2055, #2369, #3016 ) ) ;
#2321 = CARTESIAN_POINT ( 'NONE',  ( 59.21962545182871906, 79.18987692760390473, 13.98760483946555411 ) ) ;
#2322 = CARTESIAN_POINT ( 'NONE',  ( 43.61912504852274708, 85.22433163433933601, 38.99125930312087007 ) ) ;
#2323 = ADVANCED_FACE ( 'NONE', ( #4638 ), #3596, .T. ) ;
#2324 = DIRECTION ( 'NONE',  ( 0.02334694530775668214, -0.9959231582530826410, -0.08713198609007954953 ) ) ;
#2325 = ORIENTED_EDGE ( 'NONE', *, *, #1943, .F. ) ;
#2326 = CARTESIAN_POINT ( 'NONE',  ( -38.69031984555736869, 87.26818718049722179, 3.519115855776690172 ) ) ;
#2327 = AXIS2_PLACEMENT_3D ( 'NONE', #637, #2859, #1346 ) ;
#2328 = DIRECTION ( 'NONE',  ( -0.000000000000000000, -1.000000000000000000, -0.000000000000000000 ) ) ;
#2329 = CIRCLE ( 'NONE', #452, 4.250000000000001776 ) ;
#2330 = CARTESIAN_POINT ( 'NONE',  ( -59.98390132555798715, 58.87459217010653134, 6.626064915502193564 ) ) ;
#2331 = EDGE_CURVE ( 'NONE', #1610, #4627, #1725, .T. ) ;
#2332 = CARTESIAN_POINT ( 'NONE',  ( 63.43507061967162031, 79.30076559405139847, 10.68211597995900775 ) ) ;
#2333 = CIRCLE ( 'NONE', #3156, 5.000000000000000000 ) ;
#2334 = VECTOR ( 'NONE', #527, 1000.000000000000000 ) ;
#2335 = EDGE_LOOP ( 'NONE', ( #2958, #1041, #2131, #3035 ) ) ;
#2336 = DIRECTION ( 'NONE',  ( 0.000000000000000000, 0.000000000000000000, 1.000000000000000000 ) ) ;
#2337 =( BOUNDED_CURVE ( )  B_SPLINE_CURVE ( 3, ( #1432, #696, #352, #2130 ),
 .UNSPECIFIED., .F., .T. ) 
 B_SPLINE_CURVE_WITH_KNOTS ( ( 4, 4 ),
 ( 1.570796326794896780, 1.786377945806851830 ),
 .UNSPECIFIED. ) 
 CURVE ( )  GEOMETRIC_REPRESENTATION_ITEM ( )  RATIONAL_B_SPLINE_CURVE ( ( 1.000000000000000000, 0.9961307956176346234, 0.9961307956176346234, 1.000000000000000000 ) ) 
 REPRESENTATION_ITEM ( '' )  );
#2338 = DIRECTION ( 'NONE',  ( -0.05025580687519609624, -0.9949358851208914833, 0.08704561088320909856 ) ) ;
#2339 = DIRECTION ( 'NONE',  ( -0.8671211166114413116, 0.05006456835739315353, -0.4955749268493262472 ) ) ;
#2340 = ORIENTED_EDGE ( 'NONE', *, *, #1339, .F. ) ;
#2341 = LINE ( 'NONE', #3786, #2099 ) ;
#2342 = DIRECTION ( 'NONE',  ( -0.8682098663536699235, 0.000000000000000000, -0.4961971664229280488 ) ) ;
#2343 = CARTESIAN_POINT ( 'NONE',  ( -43.61682090991185845, 76.69763656332308699, -1.022932267432857145 ) ) ;
#2344 = ORIENTED_EDGE ( 'NONE', *, *, #4470, .F. ) ;
#2345 = ORIENTED_EDGE ( 'NONE', *, *, #1469, .F. ) ;
#2346 = CARTESIAN_POINT ( 'NONE',  ( -58.93667560390439775, 60.06677718517471476, 8.460109830308420342 ) ) ;
#2347 = CARTESIAN_POINT ( 'NONE',  ( 42.93078076861444714, 83.99479560665376709, 42.35576766474399335 ) ) ;
#2348 = VECTOR ( 'NONE', #844, 1000.000000000000114 ) ;
#2349 = CARTESIAN_POINT ( 'NONE',  ( -43.23592088993535043, 83.94569059245128528, 41.90017425447559418 ) ) ;
#2350 = VECTOR ( 'NONE', #4352, 1000.000000000000000 ) ;
#2351 = ORIENTED_EDGE ( 'NONE', *, *, #4200, .F. ) ;
#2352 = ADVANCED_FACE ( 'NONE', ( #2460 ), #3170, .T. ) ;
#2353 = CARTESIAN_POINT ( 'NONE',  ( -39.05695863195528261, 87.23398442114300622, 3.634571706745577391 ) ) ;
#2354 = CARTESIAN_POINT ( 'NONE',  ( -39.99999999999853628, 57.99999999999999289, 44.25000000000176215 ) ) ;
#2355 = DIRECTION ( 'NONE',  ( 0.5000000000000014433, 0.000000000000000000, 0.8660254037844378194 ) ) ;
#2356 = CARTESIAN_POINT ( 'NONE',  ( -51.14462636136818929, 87.99999999998787814, 13.97533059359318663 ) ) ;
#2357 = CARTESIAN_POINT ( 'NONE',  ( 43.66228923462366396, 83.18615575651733707, 0.8392464181007539548 ) ) ;
#2358 = CARTESIAN_POINT ( 'NONE',  ( -41.95784515827811845, 70.49999999999995737, 45.40641677418789612 ) ) ;
#2359 = VERTEX_POINT ( 'NONE', #2148 ) ;
#2360 = EDGE_CURVE ( 'NONE', #2953, #936, #3240, .T. ) ;
#2361 = DIRECTION ( 'NONE',  ( 0.000000000000000000, 0.000000000000000000, -1.000000000000000000 ) ) ;
#2362 = CARTESIAN_POINT ( 'NONE',  ( -39.57433053473960882, 86.16022655976593114, 43.73195500673305247 ) ) ;
#2363 = ORIENTED_EDGE ( 'NONE', *, *, #3325, .T. ) ;
#2364 = CARTESIAN_POINT ( 'NONE',  ( -44.93366415664105062, 63.99647660241518565, 3.090680852645917298 ) ) ;
#2365 = CARTESIAN_POINT ( 'NONE',  ( 36.98200734164818471, 57.99999999999999289, -2.992360324913304392 ) ) ;
#2366 = CYLINDRICAL_SURFACE ( 'NONE', #304, 10.00000000000000178 ) ;
#2367 = VERTEX_POINT ( 'NONE', #2842 ) ;
#2368 = ADVANCED_FACE ( 'NONE', ( #4661 ), #711, .F. ) ;
#2369 = ORIENTED_EDGE ( 'NONE', *, *, #3191, .T. ) ;
#2370 = CARTESIAN_POINT ( 'NONE',  ( -58.93885037276795913, 60.00000000000000000, 8.454619388304749350 ) ) ;
#2371 = CARTESIAN_POINT ( 'NONE',  ( 40.00000000000146372, 85.87513685539272501, 43.75000000000176925 ) ) ;
#2372 = ORIENTED_EDGE ( 'NONE', *, *, #4143, .T. ) ;
#2373 = CARTESIAN_POINT ( 'NONE',  ( 32.05073989608574436, 78.87155742747657428, 60.13549956203179647 ) ) ;
#2374 = CARTESIAN_POINT ( 'NONE',  ( 36.41084317140641247, 86.23156275350052624, 1.104756944618064285 ) ) ;
#2375 = EDGE_CURVE ( 'NONE', #1807, #246, #3318, .T. ) ;
#2376 = CARTESIAN_POINT ( 'NONE',  ( 35.68943217405294632, 69.48635083749256580, -1.987434841351200188 ) ) ;
#2377 = ORIENTED_EDGE ( 'NONE', *, *, #2186, .T. ) ;
#2378 = CARTESIAN_POINT ( 'NONE',  ( 27.00000000000000355, 65.00000000000000000, 61.34910358238483497 ) ) ;
#2379 = CARTESIAN_POINT ( 'NONE',  ( -44.82385960084157972, 69.59660098057288735, 40.60040849012244735 ) ) ;
#2380 = EDGE_CURVE ( 'NONE', #3759, #697, #2643, .T. ) ;
#2381 = LINE ( 'NONE', #250, #4474 ) ;
#2382 = ORIENTED_EDGE ( 'NONE', *, *, #1541, .F. ) ;
#2383 = DIRECTION ( 'NONE',  ( 0.000000000000000000, 0.000000000000000000, -1.000000000000000000 ) ) ;
#2384 = DIRECTION ( 'NONE',  ( 0.000000000000000000, -1.000000000000000000, -0.000000000000000000 ) ) ;
#2385 = CARTESIAN_POINT ( 'NONE',  ( 36.60782587634975727, 85.11540995707242985, 44.65541806959145532 ) ) ;
#2386 = FACE_OUTER_BOUND ( 'NONE', #4522, .T. ) ;
#2387 = ORIENTED_EDGE ( 'NONE', *, *, #3282, .T. ) ;
#2388 = ORIENTED_EDGE ( 'NONE', *, *, #4573, .T. ) ;
#2389 = CARTESIAN_POINT ( 'NONE',  ( 59.27041945660403144, 78.69724594198125089, 13.98582629556199031 ) ) ;
#2390 = FACE_OUTER_BOUND ( 'NONE', #2301, .T. ) ;
#2391 = EDGE_CURVE ( 'NONE', #697, #3879, #1905, .T. ) ;
#2392 = ORIENTED_EDGE ( 'NONE', *, *, #2182, .T. ) ;
#2393 = CARTESIAN_POINT ( 'NONE',  ( -39.99999999999853628, 87.07049063186441629, 3.750000000001758593 ) ) ;
#2394 = CARTESIAN_POINT ( 'NONE',  ( -46.92605355282454838, 64.34509957340581821, -0.3602388100053637299 ) ) ;
#2395 = LINE ( 'NONE', #2058, #3249 ) ;
#2396 = CARTESIAN_POINT ( 'NONE',  ( 34.19059485620719840, 57.99999999999999289, 59.95388455197960553 ) ) ;
#2397 = DIRECTION ( 'NONE',  ( -0.000000000000000000, -1.000000000000000000, -0.000000000000000000 ) ) ;
#2398 = CARTESIAN_POINT ( 'NONE',  ( 39.24288449746558172, 87.21666126995465618, 3.693177179249498288 ) ) ;
#2399 = EDGE_LOOP ( 'NONE', ( #296, #2922, #3593, #315, #1052, #43 ) ) ;
#2400 = CARTESIAN_POINT ( 'NONE',  ( 32.90923216882521274, 82.75399115854118293, 56.64147830586250620 ) ) ;
#2401 = CARTESIAN_POINT ( 'NONE',  ( 35.15705241724217700, 78.87155742747657428, 59.73618194166018469 ) ) ;
#2402 = VECTOR ( 'NONE', #3194, 1000.000000000000000 ) ;
#2403 = CARTESIAN_POINT ( 'NONE',  ( 40.00000000000146372, 68.99999999999995737, 40.00000000000175504 ) ) ;
#2404 = CONICAL_SURFACE ( 'NONE', #820, 4.250000000000003553, 0.7853981633974450594 ) ;
#2405 = ORIENTED_EDGE ( 'NONE', *, *, #3251, .T. ) ;
#2406 = EDGE_CURVE ( 'NONE', #1554, #3112, #1348, .T. ) ;
#2407 = CARTESIAN_POINT ( 'NONE',  ( -37.27436970705090857, 60.85628626759692850, 59.22114481363744432 ) ) ;
#2408 = CARTESIAN_POINT ( 'NONE',  ( 39.06289096367765268, 73.00000000000000000, -3.631022811003476125 ) ) ;
#2409 = CARTESIAN_POINT ( 'NONE',  ( 34.45172153256868341, 86.00000000000001421, 41.56053786601875544 ) ) ;
#2410 = ORIENTED_EDGE ( 'NONE', *, *, #3157, .F. ) ;
#2411 = EDGE_CURVE ( 'NONE', #2964, #2992, #4622, .T. ) ;
#2412 = CARTESIAN_POINT ( 'NONE',  ( 34.68039742605440523, 84.49518932091966406, 55.89495694443678531 ) ) ;
#2413 = CARTESIAN_POINT ( 'NONE',  ( -45.07431148820532485, 80.37505183488863736, 2.706435037531112808 ) ) ;
#2414 = ORIENTED_EDGE ( 'NONE', *, *, #1330, .T. ) ;
#2415 = CYLINDRICAL_SURFACE ( 'NONE', #2037, 7.499999999999985789 ) ;
#2416 = CIRCLE ( 'NONE', #393, 2.250000000000001776 ) ;
#2417 = CARTESIAN_POINT ( 'NONE',  ( 36.31366406663985913, 85.94956272550763288, 0.7165626513697050948 ) ) ;
#2418 = CARTESIAN_POINT ( 'NONE',  ( -34.24411839057660956, 81.09479702571314874, 56.18093228011009899 ) ) ;
#2419 = AXIS2_PLACEMENT_3D ( 'NONE', #1374, #2838, #3925 ) ;
#2420 = ORIENTED_EDGE ( 'NONE', *, *, #1260, .T. ) ;
#2421 = CARTESIAN_POINT ( 'NONE',  ( -29.17497351054302257, 88.00000000000000000, 50.17355258111435035 ) ) ;
#2422 = B_SPLINE_CURVE_WITH_KNOTS ( 'NONE', 3,
 ( #2371, #3440, #3836, #1613, #3816, #2052, #210, #3773, #909, #1236, #2347, #3512, #534, #4566, #1986, #580, #1639, #2681, #882, #2322, #4525, #603, #1279, #3492, #1683, #3123, #2458, #1769, #2171, #689, #734, #1422, #3214, #3903 ),
 .UNSPECIFIED., .F., .F.,
 ( 4, 2, 2, 2, 2, 2, 2, 2, 2, 2, 2, 2, 2, 2, 2, 2, 4 ),
 ( 0.01213065766721944418, 0.01295457232707108303, 0.01377848698692272014, 0.01460240164677435726, 0.01542631630662599611, 0.01625023096647763496, 0.01666218829640345178, 0.01707414562632926860, 0.01872197494603259488, 0.01954588960588424934, 0.02036980426573590033, 0.02119371892558755133, 0.02201763358543920579, 0.02284154824529086025, 0.02366546290514251125, 0.02448937756499416224, 0.02531329222484581670 ),
 .UNSPECIFIED. ) ;
#2423 = CARTESIAN_POINT ( 'NONE',  ( 56.22515040020428501, 86.98283951230197886, 12.61400828025939269 ) ) ;
#2424 = ORIENTED_EDGE ( 'NONE', *, *, #1697, .F. ) ;
#2425 = CARTESIAN_POINT ( 'NONE',  ( -41.15583892094012697, 57.99999999999999289, -4.332676087855369396 ) ) ;
#2426 = CARTESIAN_POINT ( 'NONE',  ( -29.17497351054301902, 88.00000000000001421, 50.17355258111435035 ) ) ;
#2427 = CARTESIAN_POINT ( 'NONE',  ( -52.09675328323079668, 85.88164940471662590, 13.72020895378301297 ) ) ;
#2428 = ADVANCED_FACE ( 'NONE', ( #4045 ), #3288, .T. ) ;
#2429 = CARTESIAN_POINT ( 'NONE',  ( 27.00000000000000355, 65.00000000000000000, 61.34910358238483497 ) ) ;
#2430 = VERTEX_POINT ( 'NONE', #3345 ) ;
#2431 = DIRECTION ( 'NONE',  ( 1.000000000000000000, 0.000000000000000000, -0.000000000000000000 ) ) ;
#2432 = DIRECTION ( 'NONE',  ( -0.5000000000000012212, 0.000000000000000000, 0.8660254037844379305 ) ) ;
#2433 = CARTESIAN_POINT ( 'NONE',  ( -54.31918338706677929, 87.52586199568450809, 13.12471060222373787 ) ) ;
#2434 = B_SPLINE_CURVE_WITH_KNOTS ( 'NONE', 3,
 ( #798, #3588, #34, #1439 ),
 .UNSPECIFIED., .F., .F.,
 ( 4, 4 ),
 ( 0.000000000000000000, 0.0001247428195855110366 ),
 .UNSPECIFIED. ) ;
#2435 = EDGE_CURVE ( 'NONE', #833, #2213, #2333, .T. ) ;
#2436 = ORIENTED_EDGE ( 'NONE', *, *, #3325, .F. ) ;
#2437 = LINE ( 'NONE', #2821, #836 ) ;
#2438 = LINE ( 'NONE', #2080, #1672 ) ;
#2439 = CARTESIAN_POINT ( 'NONE',  ( 34.26051666609032509, 81.59699332536330019, -0.3616357801438764286 ) ) ;
#2440 = CARTESIAN_POINT ( 'NONE',  ( -33.74088813176503976, 79.33499818389557845, 58.08194868809201239 ) ) ;
#2441 = CARTESIAN_POINT ( 'NONE',  ( -36.26614665610721033, 68.99999999999995737, -2.029985026128143133 ) ) ;
#2442 = CARTESIAN_POINT ( 'NONE',  ( -57.78009412321113558, 83.04886130184593185, 10.11408103923824342 ) ) ;
#2443 = EDGE_CURVE ( 'NONE', #90, #344, #3845, .T. ) ;
#2444 = DIRECTION ( 'NONE',  ( -0.1186073329426363954, 0.9924325091389669673, 0.03178073907838851325 ) ) ;
#2445 = ORIENTED_EDGE ( 'NONE', *, *, #3940, .F. ) ;
#2446 = CARTESIAN_POINT ( 'NONE',  ( -52.43326722931860928, 63.79530382523006438, 5.082032972690221584 ) ) ;
#2447 = CARTESIAN_POINT ( 'NONE',  ( -40.43704539920992858, 85.79809332199700123, 34.26254118111629055 ) ) ;
#2448 = CARTESIAN_POINT ( 'NONE',  ( 53.79720329664043277, 87.09604217124618231, 11.72708893829973320 ) ) ;
#2449 = EDGE_CURVE ( 'NONE', #1956, #2632, #4112, .T. ) ;
#2450 = ORIENTED_EDGE ( 'NONE', *, *, #4052, .T. ) ;
#2451 = DIRECTION ( 'NONE',  ( 0.000000000000000000, 0.9949358851208915944, 0.1005116137503921647 ) ) ;
#2452 = CARTESIAN_POINT ( 'NONE',  ( -29.88862534306032259, 87.76815173527415936, 52.64571504678440306 ) ) ;
#2453 = CARTESIAN_POINT ( 'NONE',  ( -60.42721200925267055, 80.25893226782547174, 11.48806926556762420 ) ) ;
#2454 =( BOUNDED_CURVE ( )  B_SPLINE_CURVE ( 3, ( #2421, #4625, #3564, #2133 ),
 .UNSPECIFIED., .F., .T. ) 
 B_SPLINE_CURVE_WITH_KNOTS ( ( 4, 4 ),
 ( 4.712388980384689674, 6.195918844579869855 ),
 .UNSPECIFIED. ) 
 CURVE ( )  GEOMETRIC_REPRESENTATION_ITEM ( )  RATIONAL_B_SPLINE_CURVE ( ( 1.000000000000000000, 0.8248515578734159082, 0.8248515578734159082, 1.000000000000000000 ) ) 
 REPRESENTATION_ITEM ( '' )  );
#2455 =( LENGTH_UNIT ( ) NAMED_UNIT ( * ) SI_UNIT ( .MILLI., .METRE. ) );
#2456 = ORIENTED_EDGE ( 'NONE', *, *, #4207, .T. ) ;
#2457 = CARTESIAN_POINT ( 'NONE',  ( 29.79925332817622774, 87.99999999998020428, 51.25483694340949370 ) ) ;
#2458 = CARTESIAN_POINT ( 'NONE',  ( 42.38153289843059213, 86.72321100587349463, 37.09310145510308843 ) ) ;
#2459 = EDGE_CURVE ( 'NONE', #880, #2574, #3147, .T. ) ;
#2460 = FACE_OUTER_BOUND ( 'NONE', #1410, .T. ) ;
#2461 = AXIS2_PLACEMENT_3D ( 'NONE', #1359, #1012, #2355 ) ;
#2462 = ORIENTED_EDGE ( 'NONE', *, *, #456, .F. ) ;
#2463 = CARTESIAN_POINT ( 'NONE',  ( -40.90835245356657168, 79.19877172742779692, 45.67809612844178702 ) ) ;
#2464 = AXIS2_PLACEMENT_3D ( 'NONE', #935, #2705, #3144 ) ;
#2465 = CARTESIAN_POINT ( 'NONE',  ( -33.28941785142043130, 60.00000000000000000, 19.02548617549911469 ) ) ;
#2466 = EDGE_CURVE ( 'NONE', #2964, #983, #1695, .T. ) ;
#2467 = CARTESIAN_POINT ( 'NONE',  ( -29.85314632680554325, 86.00000000000000000, 50.97724663706333814 ) ) ;
#2468 = CARTESIAN_POINT ( 'NONE',  ( -6.271077686485158509, 86.00000000000000000, -10.86182517120374946 ) ) ;
#2469 = CARTESIAN_POINT ( 'NONE',  ( 59.98390132555798715, 58.87459217010653134, 6.626064915502190011 ) ) ;
#2470 = ORIENTED_EDGE ( 'NONE', *, *, #3225, .T. ) ;
#2471 = EDGE_CURVE ( 'NONE', #4479, #1282, #1998, .T. ) ;
#2472 = DIRECTION ( 'NONE',  ( -0.8660254037844379305, 0.000000000000000000, 0.5000000000000012212 ) ) ;
#2473 = DIRECTION ( 'NONE',  ( -0.5000000000000014433, -0.000000000000000000, 0.8660254037844378194 ) ) ;
#2474 = CARTESIAN_POINT ( 'NONE',  ( 54.31527306177516579, 86.81844032515125775, 11.38503128398361497 ) ) ;
#2475 = ORIENTED_EDGE ( 'NONE', *, *, #3103, .F. ) ;
#2476 = ORIENTED_EDGE ( 'NONE', *, *, #923, .T. ) ;
#2477 = CARTESIAN_POINT ( 'NONE',  ( 44.93366415664105062, 63.99647660241518565, 3.090680852645917298 ) ) ;
#2478 = AXIS2_PLACEMENT_3D ( 'NONE', #247, #2288, #4475 ) ;
#2479 = CARTESIAN_POINT ( 'NONE',  ( -30.86211357584521764, 86.20798857085077316, 56.01797720628808008 ) ) ;
#2480 = CARTESIAN_POINT ( 'NONE',  ( -49.87809338607209497, 86.00000000000000000, 14.31469708150909703 ) ) ;
#2481 = VECTOR ( 'NONE', #894, 1000.000000000000000 ) ;
#2482 = ORIENTED_EDGE ( 'NONE', *, *, #2564, .T. ) ;
#2483 = CARTESIAN_POINT ( 'NONE',  ( 30.55385866770228631, 86.87200565038114064, 54.95015088111999546 ) ) ;
#2484 = CARTESIAN_POINT ( 'NONE',  ( 36.25284359537195655, 87.96021592237481457, 39.70649351588010489 ) ) ;
#2485 = LINE ( 'NONE', #3557, #2402 ) ;
#2486 =( BOUNDED_CURVE ( )  B_SPLINE_CURVE ( 3, ( #1885, #1907, #1536, #4427 ),
 .UNSPECIFIED., .F., .T. ) 
 B_SPLINE_CURVE_WITH_KNOTS ( ( 4, 4 ),
 ( 4.762474486514612693, 6.270904728976037568 ),
 .UNSPECIFIED. ) 
 CURVE ( )  GEOMETRIC_REPRESENTATION_ITEM ( )  RATIONAL_B_SPLINE_CURVE ( ( 1.000000000000000000, 0.8192061248893818259, 0.8192061248893818259, 1.000000000000000000 ) ) 
 REPRESENTATION_ITEM ( '' )  );
#2487 = ORIENTED_EDGE ( 'NONE', *, *, #1567, .T. ) ;
#2488 = LINE ( 'NONE', #3218, #615 ) ;
#2489 = CARTESIAN_POINT ( 'NONE',  ( 57.94048090581264177, 63.24550807705428213, 10.52430475538579735 ) ) ;
#2490 = DIRECTION ( 'NONE',  ( -0.1186073329426363815, 0.9924325091389669673, 0.03178073907838852019 ) ) ;
#2491 = CARTESIAN_POINT ( 'NONE',  ( 20.00000000000000000, 72.00000000000000000, 60.73668293770336390 ) ) ;
#2492 = EDGE_CURVE ( 'NONE', #2820, #3962, #1632, .T. ) ;
#2493 = AXIS2_PLACEMENT_3D ( 'NONE', #1773, #4641, #3626 ) ;
#2494 = EDGE_LOOP ( 'NONE', ( #3776, #3646, #692, #625 ) ) ;
#2495 = DIRECTION ( 'NONE',  ( -1.000000000000000000, -0.000000000000000000, -0.000000000000000000 ) ) ;
#2496 = CARTESIAN_POINT ( 'NONE',  ( 59.22792120347707368, 57.13501311968687446, 11.80941826846538234 ) ) ;
#2497 = VECTOR ( 'NONE', #2444, 1000.000000000000114 ) ;
#2498 = EDGE_CURVE ( 'NONE', #2997, #428, #3395, .T. ) ;
#2499 = VERTEX_POINT ( 'NONE', #1954 ) ;
#2500 = VECTOR ( 'NONE', #1691, 1000.000000000000000 ) ;
#2501 = ORIENTED_EDGE ( 'NONE', *, *, #4553, .F. ) ;
#2502 = CARTESIAN_POINT ( 'NONE',  ( -32.05073989608574436, 78.69724594198125089, 58.14311016584831293 ) ) ;
#2503 = CARTESIAN_POINT ( 'NONE',  ( 40.00000000000146372, 73.00000000000000000, -2.249999999998250289 ) ) ;
#2504 = CARTESIAN_POINT ( 'NONE',  ( -39.99999999999853628, 73.00000000000000000, 40.00000000000175504 ) ) ;
#2505 = DIRECTION ( 'NONE',  ( -0.000000000000000000, -1.000000000000000000, -0.000000000000000000 ) ) ;
#2506 = VERTEX_POINT ( 'NONE', #4214 ) ;
#2507 = CARTESIAN_POINT ( 'NONE',  ( -38.00290696936136214, 78.87155742747658849, -3.173975334965499329 ) ) ;
#2508 = CARTESIAN_POINT ( 'NONE',  ( -38.20195790800225666, 86.00000000000000000, 34.53835696558347479 ) ) ;
#2509 = FACE_OUTER_BOUND ( 'NONE', #1199, .T. ) ;
#2510 = EDGE_CURVE ( 'NONE', #2085, #4256, #1338, .T. ) ;
#2511 = ORIENTED_EDGE ( 'NONE', *, *, #910, .F. ) ;
#2512 = ORIENTED_EDGE ( 'NONE', *, *, #4573, .F. ) ;
#2513 = CARTESIAN_POINT ( 'NONE',  ( 42.49842343511731713, 85.78559935119211843, 2.802908809105056687 ) ) ;
#2514 = LINE ( 'NONE', #2489, #2916 ) ;
#2515 =( BOUNDED_CURVE ( )  B_SPLINE_CURVE ( 3, ( #1337, #1313, #1038, #1757 ),
 .UNSPECIFIED., .F., .F. ) 
 B_SPLINE_CURVE_WITH_KNOTS ( ( 4, 4 ),
 ( 0.08726646259971596042, 1.570796326794896780 ),
 .UNSPECIFIED. ) 
 CURVE ( )  GEOMETRIC_REPRESENTATION_ITEM ( )  RATIONAL_B_SPLINE_CURVE ( ( 1.000000000000000000, 0.8248515578734157971, 0.8248515578734157971, 1.000000000000000000 ) ) 
 REPRESENTATION_ITEM ( '' )  );
#2516 = VERTEX_POINT ( 'NONE', #205 ) ;
#2517 = CARTESIAN_POINT ( 'NONE',  ( 40.90705224196175749, 79.20550281789496694, 45.67830676914332599 ) ) ;
#2518 = CARTESIAN_POINT ( 'NONE',  ( 43.60701569958692403, 86.00000000000000000, 25.17652225271284649 ) ) ;
#2519 = EDGE_CURVE ( 'NONE', #1663, #359, #4118, .T. ) ;
#2520 = CARTESIAN_POINT ( 'NONE',  ( 56.99561731056375180, 84.49518932143779182, 9.615323170908455452 ) ) ;
#2521 = VERTEX_POINT ( 'NONE', #2719 ) ;
#2522 = ORIENTED_EDGE ( 'NONE', *, *, #3795, .F. ) ;
#2523 = CARTESIAN_POINT ( 'NONE',  ( -30.95910309183696540, 87.76815173527417357, 52.02767443036670159 ) ) ;
#2524 = ADVANCED_FACE ( 'NONE', ( #931 ), #2366, .T. ) ;
#2525 = CARTESIAN_POINT ( 'NONE',  ( -57.29191095895669861, 83.98996436494763884, 12.32817065002426560 ) ) ;
#2526 = CARTESIAN_POINT ( 'NONE',  ( 29.88862534306033325, 85.81452138821929054, 52.15128255365047494 ) ) ;
#2527 = EDGE_LOOP ( 'NONE', ( #3285, #2202, #2363, #3839 ) ) ;
#2528 = CARTESIAN_POINT ( 'NONE',  ( -36.31906609859036905, 85.29041360465384969, 44.43284474222078728 ) ) ;
#2529 = LINE ( 'NONE', #3972, #4007 ) ;
#2530 = CARTESIAN_POINT ( 'NONE',  ( 43.60701569958692403, 86.00000000000000000, 25.17652225271284649 ) ) ;
#2531 = DIRECTION ( 'NONE',  ( 0.000000000000000000, 0.000000000000000000, 1.000000000000000000 ) ) ;
#2532 = VERTEX_POINT ( 'NONE', #3434 ) ;
#2533 = VERTEX_POINT ( 'NONE', #575 ) ;
#2534 = DIRECTION ( 'NONE',  ( -0.1186073329426355905, -0.9924325091389673004, -0.03178073907838814549 ) ) ;
#2535 = PLANE ( 'NONE',  #4361 ) ;
#2536 = DIRECTION ( 'NONE',  ( 0.5000000000000012212, 0.000000000000000000, 0.8660254037844380415 ) ) ;
#2537 = CARTESIAN_POINT ( 'NONE',  ( 45.66101684903208735, 70.49999999999997158, 38.99233525665131594 ) ) ;
#2538 = ORIENTED_EDGE ( 'NONE', *, *, #801, .F. ) ;
#2539 =( BOUNDED_CURVE ( )  B_SPLINE_CURVE ( 3, ( #4100, #3394, #3032, #1322 ),
 .UNSPECIFIED., .F., .T. ) 
 B_SPLINE_CURVE_WITH_KNOTS ( ( 4, 4 ),
 ( 4.712388980384689674, 6.233099801049661437 ),
 .UNSPECIFIED. ) 
 CURVE ( )  GEOMETRIC_REPRESENTATION_ITEM ( )  RATIONAL_B_SPLINE_CURVE ( ( 1.000000000000000000, 0.8163940767778808949, 0.8163940767778808949, 1.000000000000000000 ) ) 
 REPRESENTATION_ITEM ( '' )  );
#2540 = CARTESIAN_POINT ( 'NONE',  ( 60.99587928792963964, 78.87155742747657428, 14.98202099365373918 ) ) ;
#2541 = EDGE_LOOP ( 'NONE', ( #4203, #3172, #907, #2879, #699 ) ) ;
#2542 = ORIENTED_EDGE ( 'NONE', *, *, #3423, .T. ) ;
#2543 = CARTESIAN_POINT ( 'NONE',  ( 57.78009412321113558, 83.04886130184593185, 10.11408103923824342 ) ) ;
#2544 = DIRECTION ( 'NONE',  ( -0.000000000000000000, 1.000000000000000000, -0.000000000000000000 ) ) ;
#2545 = DIRECTION ( 'NONE',  ( 0.000000000000000000, -0.000000000000000000, 1.000000000000000000 ) ) ;
#2546 = EDGE_CURVE ( 'NONE', #1988, #4023, #1656, .T. ) ;
#2547 = CARTESIAN_POINT ( 'NONE',  ( 29.17497351054302612, 86.00000000000000000, 50.17355258111433614 ) ) ;
#2548 = AXIS2_PLACEMENT_3D ( 'NONE', #821, #122, #4403 ) ;
#2549 = ORIENTED_EDGE ( 'NONE', *, *, #2963, .F. ) ;
#2550 = CARTESIAN_POINT ( 'NONE',  ( 41.14021401492683339, 58.66651998961909698, -4.274363144750283006 ) ) ;
#2551 = CARTESIAN_POINT ( 'NONE',  ( -39.99999999999853628, 88.00000000000000000, 35.75000000000175504 ) ) ;
#2552 = CARTESIAN_POINT ( 'NONE',  ( 45.37935061821186622, 79.14028061970783767, 37.96834227139403595 ) ) ;
#2553 = AXIS2_PLACEMENT_3D ( 'NONE', #2273, #1891, #2675 ) ;
#2554 = CARTESIAN_POINT ( 'NONE',  ( 59.66103193509593439, 78.79178054164530920, 12.49153424842434923 ) ) ;
#2555 = ORIENTED_EDGE ( 'NONE', *, *, #2086, .T. ) ;
#2556 = ADVANCED_FACE ( 'NONE', ( #975 ), #3096, .T. ) ;
#2557 = ORIENTED_EDGE ( 'NONE', *, *, #1975, .T. ) ;
#2558 = FACE_OUTER_BOUND ( 'NONE', #1104, .T. ) ;
#2559 = DIRECTION ( 'NONE',  ( -0.000000000000000000, 1.000000000000000000, -0.000000000000000000 ) ) ;
#2560 = APPLICATION_PROTOCOL_DEFINITION ( 'draft international standard', 'automotive_design', 1998, #788 ) ;
#2561 = VERTEX_POINT ( 'NONE', #12 ) ;
#2562 = DIRECTION ( 'NONE',  ( 0.9929340751601266613, 0.1186672759690046985, 0.000000000000000000 ) ) ;
#2563 = CARTESIAN_POINT ( 'NONE',  ( 45.92985885473279950, 58.77571641658791890, 0.8201935797602853961 ) ) ;
#2564 = EDGE_CURVE ( 'NONE', #1956, #3879, #1200, .T. ) ;
#2565 = CARTESIAN_POINT ( 'NONE',  ( -36.23631995662071859, 85.48759469472366845, 0.1414883241402922487 ) ) ;
#2566 = ORIENTED_EDGE ( 'NONE', *, *, #4577, .F. ) ;
#2567 = CYLINDRICAL_SURFACE ( 'NONE', #609, 2.250000000000001776 ) ;
#2568 = FACE_OUTER_BOUND ( 'NONE', #3402, .T. ) ;
#2569 = CONICAL_SURFACE ( 'NONE', #3488, 4.250000000000001776, 0.7853981633974445042 ) ;
#2570 = CARTESIAN_POINT ( 'NONE',  ( -32.03518761691203309, 79.48734778514864274, 60.08162488662692624 ) ) ;
#2571 = CARTESIAN_POINT ( 'NONE',  ( 40.00000000000146372, 73.00000000000000000, 37.75000000000175504 ) ) ;
#2572 = AXIS2_PLACEMENT_3D ( 'NONE', #4428, #3741, #4381 ) ;
#2573 = CARTESIAN_POINT ( 'NONE',  ( 31.79485530914485381, 85.09760452030526778, 53.27834147611829252 ) ) ;
#2574 = VERTEX_POINT ( 'NONE', #2860 ) ;
#2575 = B_SPLINE_CURVE_WITH_KNOTS ( 'NONE', 3,
 ( #3295, #1828, #718, #2606, #3630, #2155, #4341, #3247, #1775, #399, #4008, #3581, #1123, #3220, #2206, #1499, #3272, #2228, #1431, #4394, #159, #862, #1281, #492, #1547, #2349, #1214, #536, #211, #1987, #1917, #2659, #2300, #3708, #1938, #1189, #1590, #3034 ),
 .UNSPECIFIED., .F., .F.,
 ( 4, 2, 2, 2, 2, 2, 2, 2, 2, 2, 2, 2, 2, 2, 2, 2, 2, 2, 4 ),
 ( 5.950702553588915636E-05, 0.0008823784052567666897, 0.001705249784977644345, 0.002528121164698522109, 0.003350992544419399439, 0.004173863924140276335, 0.004996735303861154533, 0.005819606683582031863, 0.006642478063302909193, 0.007465349443023786523, 0.007876785132884242535, 0.008288220822744695945, 0.008699656512605152825, 0.009111092202465606235, 0.009933963582186514790, 0.01075683496190742335, 0.01157970634162833190, 0.01240257772134923872, 0.01322544910107014901 ),
 .UNSPECIFIED. ) ;
#2576 = CARTESIAN_POINT ( 'NONE',  ( -39.99999999999853628, 57.99999999999999289, 40.00000000000175504 ) ) ;
#2577 = CARTESIAN_POINT ( 'NONE',  ( 38.31108737704758482, 86.93735200112229222, 43.37745567995354179 ) ) ;
#2578 = CARTESIAN_POINT ( 'NONE',  ( 43.94468424938191475, 83.72313260263260304, 35.80522849039525113 ) ) ;
#2579 = EDGE_CURVE ( 'NONE', #664, #611, #79, .T. ) ;
#2580 = FACE_OUTER_BOUND ( 'NONE', #2160, .T. ) ;
#2581 = ORIENTED_EDGE ( 'NONE', *, *, #4577, .T. ) ;
#2582 = EDGE_LOOP ( 'NONE', ( #3568, #447, #567, #4364, #4603, #2549 ) ) ;
#2583 = CARTESIAN_POINT ( 'NONE',  ( 50.97577573249002825, 85.99999999998790656, 14.02057398324125437 ) ) ;
#2584 = LINE ( 'NONE', #2983, #2312 ) ;
#2585 = EDGE_CURVE ( 'NONE', #2533, #2516, #3381, .T. ) ;
#2586 = DIRECTION ( 'NONE',  ( -0.8660254037844379305, -0.000000000000000000, 0.5000000000000012212 ) ) ;
#2587 = ORIENTED_EDGE ( 'NONE', *, *, #1745, .T. ) ;
#2588 = CARTESIAN_POINT ( 'NONE',  ( -37.64391107417959859, 87.96988397672684812, 37.07129523907966018 ) ) ;
#2589 = CARTESIAN_POINT ( 'NONE',  ( 38.07008926931752768, 78.38838979411951868, -3.216247025466891341 ) ) ;
#2590 = CARTESIAN_POINT ( 'NONE',  ( -64.92835148131092637, 57.99999999999998579, 11.82282868543453347 ) ) ;
#2591 = ADVANCED_FACE ( 'NONE', ( #2164 ), #1492, .F. ) ;
#2592 = VERTEX_POINT ( 'NONE', #1046 ) ;
#2593 = ORIENTED_EDGE ( 'NONE', *, *, #2510, .T. ) ;
#2594 = CARTESIAN_POINT ( 'NONE',  ( 58.17652175675318915, 78.69724594198125089, 9.903344501435894287 ) ) ;
#2595 = EDGE_CURVE ( 'NONE', #3268, #2144, #2025, .T. ) ;
#2596 = DIRECTION ( 'NONE',  ( 0.000000000000000000, -0.000000000000000000, 1.000000000000000000 ) ) ;
#2597 = ORIENTED_EDGE ( 'NONE', *, *, #1369, .T. ) ;
#2598 = CARTESIAN_POINT ( 'NONE',  ( -39.99999999999853628, 73.00000000000000000, 37.75000000000175504 ) ) ;
#2599 = DIRECTION ( 'NONE',  ( 0.000000000000000000, -1.000000000000000000, 0.000000000000000000 ) ) ;
#2600 = CARTESIAN_POINT ( 'NONE',  ( 38.20195790800158164, 86.00000000000000000, 34.53835696558466850 ) ) ;
#2601 = DIRECTION ( 'NONE',  ( 0.000000000000000000, 1.000000000000000000, 0.000000000000000000 ) ) ;
#2602 = ORIENTED_EDGE ( 'NONE', *, *, #1662, .F. ) ;
#2603 = EDGE_LOOP ( 'NONE', ( #1611, #1534 ) ) ;
#2604 = DIRECTION ( 'NONE',  ( -0.000000000000000000, 1.000000000000000000, -0.000000000000000000 ) ) ;
#2605 = CARTESIAN_POINT ( 'NONE',  ( -34.54718688762966394, 84.28554986930632253, 1.833788032689583902 ) ) ;
#2606 = CARTESIAN_POINT ( 'NONE',  ( -41.04811348652270198, 87.41131423819545887, 36.38991416602573281 ) ) ;
#2607 = CARTESIAN_POINT ( 'NONE',  ( -20.00000000000000000, 72.00000000000000000, 60.73668293770337101 ) ) ;
#2608 = ORIENTED_EDGE ( 'NONE', *, *, #3501, .T. ) ;
#2609 = ADVANCED_FACE ( 'NONE', ( #3210 ), #1417, .T. ) ;
#2610 = CARTESIAN_POINT ( 'NONE',  ( -44.63657209949347759, 69.48186963536572591, 40.94487534219337022 ) ) ;
#2611 = CARTESIAN_POINT ( 'NONE',  ( -39.99999999999853628, 57.99999999999999289, 35.75000000000175504 ) ) ;
#2612 = CARTESIAN_POINT ( 'NONE',  ( 45.92985885473279950, 58.92584135473966001, 0.8353596824443587643 ) ) ;
#2613 = VECTOR ( 'NONE', #3922, 1000.000000000000000 ) ;
#2614 = ORIENTED_EDGE ( 'NONE', *, *, #2306, .F. ) ;
#2615 = EDGE_CURVE ( 'NONE', #2677, #1204, #3009, .T. ) ;
#2616 = CARTESIAN_POINT ( 'NONE',  ( -39.99999999999853628, 85.60647960101600518, 5.750000000001758593 ) ) ;
#2617 = CARTESIAN_POINT ( 'NONE',  ( 40.00000000000145661, 81.56256048359273336, 45.75000000000176215 ) ) ;
#2618 = CARTESIAN_POINT ( 'NONE',  ( 26.99999999999999289, 60.00000000000000711, 61.96152422706629892 ) ) ;
#2619 = CARTESIAN_POINT ( 'NONE',  ( -42.84184626689762609, 69.16000790915700236, 43.37279151476034400 ) ) ;
#2620 = VERTEX_POINT ( 'NONE', #3338 ) ;
#2621 = CARTESIAN_POINT ( 'NONE',  ( 44.19374432849019030, 88.00000000000000000, 40.68920860939999073 ) ) ;
#2622 = CARTESIAN_POINT ( 'NONE',  ( -27.00000000000000355, 58.82842712474619162, 59.88140657000693068 ) ) ;
#2623 = CARTESIAN_POINT ( 'NONE',  ( 41.08675546888724739, 85.63324381222381021, 34.34969408190602280 ) ) ;
#2624 = CARTESIAN_POINT ( 'NONE',  ( -40.00000000000000000, 57.82568851450468372, -3.007610603816508910 ) ) ;
#2625 = ORIENTED_EDGE ( 'NONE', *, *, #923, .F. ) ;
#2626 = VERTEX_POINT ( 'NONE', #1510 ) ;
#2627 = CARTESIAN_POINT ( 'NONE',  ( 51.04384583267896147, 86.00000000000000000, 14.27387844718420951 ) ) ;
#2628 = CARTESIAN_POINT ( 'NONE',  ( -39.99999999999853628, 73.00000000000000000, 1.752070710736575165E-12 ) ) ;
#2629 = CARTESIAN_POINT ( 'NONE',  ( -37.83905190765482729, 87.28104278384081738, 3.064768073151189931 ) ) ;
#2630 = AXIS2_PLACEMENT_3D ( 'NONE', #3939, #1364, #1692 ) ;
#2631 = AXIS2_PLACEMENT_3D ( 'NONE', #1488, #4357, #1466 ) ;
#2632 = VERTEX_POINT ( 'NONE', #2617 ) ;
#2633 = CARTESIAN_POINT ( 'NONE',  ( -36.25232341655137702, 87.95995056460328954, 39.71336441191597544 ) ) ;
#2634 = CARTESIAN_POINT ( 'NONE',  ( -45.39676408457963674, 78.69724594198125089, 38.01570228660901307 ) ) ;
#2635 = CARTESIAN_POINT ( 'NONE',  ( -56.22515040020331156, 86.98283951230141042, 12.61400828025923637 ) ) ;
#2636 = CARTESIAN_POINT ( 'NONE',  ( 59.12245077042712893, 79.48734690256529234, 8.211072791214268918 ) ) ;
#2637 = ADVANCED_FACE ( 'NONE', ( #3308 ), #3995, .F. ) ;
#2638 =( BOUNDED_CURVE ( )  B_SPLINE_CURVE ( 3, ( #2607, #4412, #1609, #951 ),
 .UNSPECIFIED., .F., .T. ) 
 B_SPLINE_CURVE_WITH_KNOTS ( ( 4, 4 ),
 ( 0.000000000000000000, 1.570796326794896558 ),
 .UNSPECIFIED. ) 
 CURVE ( )  GEOMETRIC_REPRESENTATION_ITEM ( )  RATIONAL_B_SPLINE_CURVE ( ( 1.000000000000000000, 0.8047378541243649375, 0.8047378541243649375, 1.000000000000000000 ) ) 
 REPRESENTATION_ITEM ( '' )  );
#2639 = ORIENTED_EDGE ( 'NONE', *, *, #845, .T. ) ;
#2640 = CARTESIAN_POINT ( 'NONE',  ( 46.25341346749900140, 58.00000000000000000, -1.389590051185405351 ) ) ;
#2641 = CARTESIAN_POINT ( 'NONE',  ( -39.99999999999853628, 68.99999999999995737, 4.250000000001754152 ) ) ;
#2642 = EDGE_CURVE ( 'NONE', #290, #2224, #3233, .T. ) ;
#2643 = B_SPLINE_CURVE_WITH_KNOTS ( 'NONE', 3,
 ( #2816, #2552, #735, #4264, #2172, #3621, #4001, #1028, #1423, #438, #3366, #4456, #4433, #2578, #1557, #1581, #4021, #2978, #3001, #759, #1182, #2623, #3026, #782, #3388, #2199 ),
 .UNSPECIFIED., .F., .F.,
 ( 4, 2, 2, 2, 2, 2, 2, 2, 2, 2, 2, 2, 4 ),
 ( 0.04178800248461204958, 0.04311371305457684100, 0.04377656833955924365, 0.04443942362454164630, 0.04576513419450643771, 0.04642798947948883342, 0.04709084476447123607, 0.04841655533443604137, 0.04974226590440085360, 0.05040512118938327013, 0.05106797647436568666, 0.05173083175934810318, 0.05239368704433051971 ),
 .UNSPECIFIED. ) ;
#2644 = CARTESIAN_POINT ( 'NONE',  ( -42.98940720461786924, 69.32070233969503192, 43.45798586187499524 ) ) ;
#2645 = AXIS2_PLACEMENT_3D ( 'NONE', #3562, #4645, #1083 ) ;
#2646 = VERTEX_POINT ( 'NONE', #2242 ) ;
#2647 = CARTESIAN_POINT ( 'NONE',  ( -58.93667560390439064, 63.41981956254960551, 8.798844924060153616 ) ) ;
#2648 = DIRECTION ( 'NONE',  ( 0.000000000000000000, -0.9949358851208914833, -0.1005116137503925255 ) ) ;
#2649 = CARTESIAN_POINT ( 'NONE',  ( 42.98940720461853715, 69.32070233969385242, 43.45798586187537893 ) ) ;
#2650 = EDGE_CURVE ( 'NONE', #948, #880, #3281, .T. ) ;
#2651 = VECTOR ( 'NONE', #990, 1000.000000000000000 ) ;
#2652 = DIRECTION ( 'NONE',  ( -0.000000000000000000, -1.000000000000000000, -0.000000000000000000 ) ) ;
#2653 = ORIENTED_EDGE ( 'NONE', *, *, #3926, .T. ) ;
#2654 = ORIENTED_EDGE ( 'NONE', *, *, #3186, .T. ) ;
#2655 = CARTESIAN_POINT ( 'NONE',  ( 55.38833569795104239, 84.56639085756430063, 14.12175683366824686 ) ) ;
#2656 = AXIS2_PLACEMENT_3D ( 'NONE', #270, #588, #4204 ) ;
#2657 = CYLINDRICAL_SURFACE ( 'NONE', #2793, 10.00000000000000178 ) ;
#2658 = EDGE_CURVE ( 'NONE', #4053, #1554, #2995, .T. ) ;
#2659 = CARTESIAN_POINT ( 'NONE',  ( -41.75967299036630465, 84.64827901480880712, 43.32030934821028723 ) ) ;
#2660 = CARTESIAN_POINT ( 'NONE',  ( 40.00000000000146372, 57.99999999999999289, 40.00000000000175504 ) ) ;
#2661 = EDGE_LOOP ( 'NONE', ( #4165, #1293, #785, #857 ) ) ;
#2662 = CARTESIAN_POINT ( 'NONE',  ( 33.09619097536032228, 57.99999999999999289, 59.95388455197960553 ) ) ;
#2663 = CARTESIAN_POINT ( 'NONE',  ( 37.81857302345400740, 79.82547613789776619, -3.055098354071502431 ) ) ;
#2664 = ORIENTED_EDGE ( 'NONE', *, *, #85, .F. ) ;
#2665 = CARTESIAN_POINT ( 'NONE',  ( 31.69205025525054964, 84.78629850080540109, 54.53325738949704515 ) ) ;
#2666 = EDGE_CURVE ( 'NONE', #2986, #4282, #2289, .T. ) ;
#2667 = DIRECTION ( 'NONE',  ( 0.000000000000000000, -1.000000000000000000, -0.000000000000000000 ) ) ;
#2668 =( BOUNDED_CURVE ( )  B_SPLINE_CURVE ( 3, ( #958, #2036, #2012, #188 ),
 .UNSPECIFIED., .F., .F. ) 
 B_SPLINE_CURVE_WITH_KNOTS ( ( 4, 4 ),
 ( 1.570796326794896780, 1.952304201675286732 ),
 .UNSPECIFIED. ) 
 CURVE ( )  GEOMETRIC_REPRESENTATION_ITEM ( )  RATIONAL_B_SPLINE_CURVE ( ( 1.000000000000000000, 0.9879077121617971802, 0.9879077121617971802, 1.000000000000000000 ) ) 
 REPRESENTATION_ITEM ( '' )  );
#2669 = DIRECTION ( 'NONE',  ( -0.000000000000000000, 1.000000000000000000, -0.000000000000000000 ) ) ;
#2670 = CARTESIAN_POINT ( 'NONE',  ( 34.57254749211369926, 70.49999999999998579, -1.898752030839255589 ) ) ;
#2671 = ORIENTED_EDGE ( 'NONE', *, *, #1709, .F. ) ;
#2672 = ADVANCED_FACE ( 'NONE', ( #1106 ), #1553, .T. ) ;
#2673 = DIRECTION ( 'NONE',  ( -0.4980973490458739938, 0.08715574274765822138, -0.8627299156628202015 ) ) ;
#2674 = CARTESIAN_POINT ( 'NONE',  ( 40.00000000000146372, 88.00000000000000000, 1.752070710736575165E-12 ) ) ;
#2675 = DIRECTION ( 'NONE',  ( 1.000000000000000000, 0.000000000000000000, 0.000000000000000000 ) ) ;
#2676 = FACE_OUTER_BOUND ( 'NONE', #1758, .T. ) ;
#2677 = VERTEX_POINT ( 'NONE', #2571 ) ;
#2678 = ORIENTED_EDGE ( 'NONE', *, *, #3547, .F. ) ;
#2679 = EDGE_CURVE ( 'NONE', #2251, #3913, #2180, .T. ) ;
#2680 = DIRECTION ( 'NONE',  ( 0.4999999999999990563, 0.000000000000000000, -0.8660254037844392627 ) ) ;
#2681 = CARTESIAN_POINT ( 'NONE',  ( 43.74316630699883746, 84.76595576026018364, 39.67250034092001698 ) ) ;
#2682 = PLANE ( 'NONE',  #3339 ) ;
#2683 = LINE ( 'NONE', #3124, #401 ) ;
#2684 = ORIENTED_EDGE ( 'NONE', *, *, #4538, .F. ) ;
#2685 = DIRECTION ( 'NONE',  ( 0.4980973490458739938, 0.08715574274765822138, -0.8627299156628202015 ) ) ;
#2686 = CARTESIAN_POINT ( 'NONE',  ( -39.99999999999853628, 73.00000000000000000, 43.75000000000176925 ) ) ;
#2687 = CARTESIAN_POINT ( 'NONE',  ( -58.39173687202600860, 84.49518932143777761, 14.82571230772478188 ) ) ;
#2688 = ORIENTED_EDGE ( 'NONE', *, *, #3487, .F. ) ;
#2689 = CARTESIAN_POINT ( 'NONE',  ( 62.67391853435064064, 78.69724594198125089, 8.090792969391028322 ) ) ;
#2690 = CARTESIAN_POINT ( 'NONE',  ( -40.00000000000000000, 57.99999999999999289, -2.992360324913305281 ) ) ;
#2691 = CARTESIAN_POINT ( 'NONE',  ( -36.31346343227082940, 87.89431158516434550, 40.73201788002605639 ) ) ;
#2692 = CIRCLE ( 'NONE', #3897, 4.250000000000003553 ) ;
#2693 = CARTESIAN_POINT ( 'NONE',  ( 34.49048512576781889, 73.18114334837127899, -1.664182382568829555 ) ) ;
#2694 = AXIS2_PLACEMENT_3D ( 'NONE', #510, #3006, #3293 ) ;
#2695 = ORIENTED_EDGE ( 'NONE', *, *, #2360, .F. ) ;
#2696 = CARTESIAN_POINT ( 'NONE',  ( 61.75343958070698847, 57.99999999999999289, 7.560510856280032499 ) ) ;
#2697 = DIRECTION ( 'NONE',  ( -0.8660254037844380415, -0.000000000000000000, -0.5000000000000012212 ) ) ;
#2698 = DIRECTION ( 'NONE',  ( 0.5000000000000014433, 0.000000000000000000, -0.8660254037844378194 ) ) ;
#2699 = CARTESIAN_POINT ( 'NONE',  ( 38.62247327693730625, 59.39332945120396090, 0.1409997192538819388 ) ) ;
#2700 = CARTESIAN_POINT ( 'NONE',  ( 39.60450661524189542, 82.25121411356344936, 45.75000000000196820 ) ) ;
#2701 = EDGE_CURVE ( 'NONE', #2532, #1009, #3918, .T. ) ;
#2702 = ORIENTED_EDGE ( 'NONE', *, *, #4151, .T. ) ;
#2703 = ORIENTED_EDGE ( 'NONE', *, *, #51, .T. ) ;
#2704 = CARTESIAN_POINT ( 'NONE',  ( 58.93667560390439064, 63.41981956254960551, 8.798844924060153616 ) ) ;
#2705 = DIRECTION ( 'NONE',  ( -0.000000000000000000, 1.000000000000000000, 0.000000000000000000 ) ) ;
#2706 = EDGE_CURVE ( 'NONE', #1663, #826, #777, .T. ) ;
#2707 = CARTESIAN_POINT ( 'NONE',  ( -38.51202810979828683, 87.27905677071703394, 3.447570943621353745 ) ) ;
#2708 = CARTESIAN_POINT ( 'NONE',  ( 36.53830360643426900, 83.67522175039310639, -1.449026822272791781 ) ) ;
#2709 = CARTESIAN_POINT ( 'NONE',  ( -57.99094879135707714, 82.97727752262171919, 8.958151541722036981 ) ) ;
#2710 = DIRECTION ( 'NONE',  ( 0.000000000000000000, 1.000000000000000000, 0.000000000000000000 ) ) ;
#2711 = AXIS2_PLACEMENT_3D ( 'NONE', #408, #3668, #3740 ) ;
#2712 = VECTOR ( 'NONE', #2314, 1000.000000000000000 ) ;
#2713 = ORIENTED_EDGE ( 'NONE', *, *, #2290, .T. ) ;
#2714 = CARTESIAN_POINT ( 'NONE',  ( -36.26614665610721033, 68.99999999999995737, -2.029985026128143133 ) ) ;
#2715 = CARTESIAN_POINT ( 'NONE',  ( 40.00000000000146372, 73.00000000000000000, 43.75000000000176925 ) ) ;
#2716 = EDGE_LOOP ( 'NONE', ( #1470, #1060, #3670, #3100 ) ) ;
#2717 = CYLINDRICAL_SURFACE ( 'NONE', #4454, 4.250000000000003553 ) ;
#2718 = LINE ( 'NONE', #1678, #70 ) ;
#2719 = CARTESIAN_POINT ( 'NONE',  ( -35.68438072234877012, 57.99999999999999289, 58.45959250484199288 ) ) ;
#2720 = VECTOR ( 'NONE', #3065, 1000.000000000000000 ) ;
#2721 = DIRECTION ( 'NONE',  ( -0.8660254037844391517, 0.000000000000000000, -0.4999999999999990008 ) ) ;
#2722 = ORIENTED_EDGE ( 'NONE', *, *, #3316, .F. ) ;
#2723 =( BOUNDED_CURVE ( )  B_SPLINE_CURVE ( 3, ( #2370, #602, #2346, #3793 ),
 .UNSPECIFIED., .F., .T. ) 
 B_SPLINE_CURVE_WITH_KNOTS ( ( 4, 4 ),
 ( 4.662303474254766655, 4.712388980384690562 ),
 .UNSPECIFIED. ) 
 CURVE ( )  GEOMETRIC_REPRESENTATION_ITEM ( )  RATIONAL_B_SPLINE_CURVE ( ( 1.000000000000000000, 0.9997909644311897548, 0.9997909644311897548, 1.000000000000000000 ) ) 
 REPRESENTATION_ITEM ( '' )  );
#2724 = VERTEX_POINT ( 'NONE', #4404 ) ;
#2725 = PLANE ( 'NONE',  #235 ) ;
#2726 = CARTESIAN_POINT ( 'NONE',  ( -44.27507343113339289, 83.00431459740455864, 3.856235080117611957 ) ) ;
#2727 = ADVANCED_FACE ( 'NONE', ( #3384, #431 ), #81, .T. ) ;
#2728 = COLOUR_RGB ( '',0.7921568627450980005, 0.8196078431372548767, 0.9333333333333333481 ) ;
#2729 = AXIS2_PLACEMENT_3D ( 'NONE', #4478, #872, #898 ) ;
#2730 = ORIENTED_EDGE ( 'NONE', *, *, #4239, .F. ) ;
#2731 = PLANE ( 'NONE',  #467 ) ;
#2732 = CARTESIAN_POINT ( 'NONE',  ( 34.28451106721622210, 80.95804316948722601, -0.6599119411767260246 ) ) ;
#2733 = EDGE_CURVE ( 'NONE', #2574, #933, #2486, .T. ) ;
#2734 = CARTESIAN_POINT ( 'NONE',  ( 43.66948339956078229, 78.87155742747657428, -0.7729111076675795333 ) ) ;
#2735 = ORIENTED_EDGE ( 'NONE', *, *, #4279, .T. ) ;
#2736 = CARTESIAN_POINT ( 'NONE',  ( 33.76598926401390344, 82.40498838205571985, 55.61430747920378792 ) ) ;
#2737 = CARTESIAN_POINT ( 'NONE',  ( 46.92605355282455548, 58.77571641658791890, -0.9228757568253153076 ) ) ;
#2738 = CARTESIAN_POINT ( 'NONE',  ( -38.52717680083700458, 86.80860972849202994, 43.45567327910549693 ) ) ;
#2739 = CARTESIAN_POINT ( 'NONE',  ( 38.20195790800158164, 86.00000000000000000, 34.53835696558466850 ) ) ;
#2740 = VERTEX_POINT ( 'NONE', #2641 ) ;
#2741 = CARTESIAN_POINT ( 'NONE',  ( -45.27863540843513590, 57.99999999999999289, -1.952378425986073918 ) ) ;
#2742 = EDGE_CURVE ( 'NONE', #1244, #3846, #3546, .T. ) ;
#2743 = DIRECTION ( 'NONE',  ( -0.000000000000000000, 1.000000000000000000, -0.000000000000000000 ) ) ;
#2744 = DIRECTION ( 'NONE',  ( 0.8671211166114414226, -0.05006456835739334782, 0.4955749268493262472 ) ) ;
#2745 = ORIENTED_EDGE ( 'NONE', *, *, #1061, .T. ) ;
#2746 = ORIENTED_EDGE ( 'NONE', *, *, #4494, .T. ) ;
#2747 = DIRECTION ( 'NONE',  ( 0.02334694530775668561, 0.9959231582530826410, 0.08713198609007954953 ) ) ;
#2748 = CARTESIAN_POINT ( 'NONE',  ( -44.44249446681966020, 82.66733447155625925, 3.657872062376708033 ) ) ;
#2749 = ORIENTED_EDGE ( 'NONE', *, *, #1688, .F. ) ;
#2750 = EDGE_LOOP ( 'NONE', ( #4298, #3599, #3770, #3117 ) ) ;
#2751 = DIRECTION ( 'NONE',  ( 0.000000000000000000, 0.000000000000000000, 1.000000000000000000 ) ) ;
#2752 = CARTESIAN_POINT ( 'NONE',  ( 35.04142434572973741, 85.00529682725921532, 2.918690467720820081 ) ) ;
#2753 = CARTESIAN_POINT ( 'NONE',  ( -29.17497351054301902, 86.00000000000000000, 50.17355258111435035 ) ) ;
#2754 = B_SPLINE_CURVE_WITH_KNOTS ( 'NONE', 3,
 ( #1752, #2177, #2463, #4250, #23, #2105, #4664, #1100 ),
 .UNSPECIFIED., .F., .F.,
 ( 4, 2, 2, 4 ),
 ( 0.06401391218611282574, 0.06477427737633606464, 0.06553464256655930353, 0.06705537294700578133 ),
 .UNSPECIFIED. ) ;
#2755 = ADVANCED_FACE ( 'NONE', ( #1177, #551 ), #1948, .T. ) ;
#2756 = FACE_BOUND ( 'NONE', #2794, .T. ) ;
#2757 = VERTEX_POINT ( 'NONE', #4515 ) ;
#2758 = CARTESIAN_POINT ( 'NONE',  ( 33.10499572799031398, 57.99999999999999289, 61.96152422706629892 ) ) ;
#2759 = EDGE_CURVE ( 'NONE', #376, #2224, #3407, .T. ) ;
#2760 = EDGE_LOOP ( 'NONE', ( #3391, #1715, #212, #4267, #71 ) ) ;
#2761 = DIRECTION ( 'NONE',  ( 0.000000000000000000, 0.9949358851208915944, 0.1005116137503921647 ) ) ;
#2762 = AXIS2_PLACEMENT_3D ( 'NONE', #3895, #703, #4630 ) ;
#2763 = CYLINDRICAL_SURFACE ( 'NONE', #3691, 4.250000000000001776 ) ;
#2764 = CARTESIAN_POINT ( 'NONE',  ( -38.07008926931570159, 78.38838979411163166, -3.216247025467583232 ) ) ;
#2765 = AXIS2_PLACEMENT_3D ( 'NONE', #2465, #1082, #4340 ) ;
#2766 = ORIENTED_EDGE ( 'NONE', *, *, #643, .T. ) ;
#2767 = DIRECTION ( 'NONE',  ( -0.1186073329426363815, -0.9924325091389669673, -0.03178073907838852019 ) ) ;
#2768 = CARTESIAN_POINT ( 'NONE',  ( -27.00000000000000355, 58.82842712474619162, 61.88904624509363117 ) ) ;
#2769 = VERTEX_POINT ( 'NONE', #871 ) ;
#2770 = CARTESIAN_POINT ( 'NONE',  ( -34.63892964307419220, 78.69724594198125089, 56.64881811871070738 ) ) ;
#2771 = CARTESIAN_POINT ( 'NONE',  ( 36.75036152884275964, 86.71805420357976857, 1.884859195047672520 ) ) ;
#2772 = CARTESIAN_POINT ( 'NONE',  ( -31.69205025525052832, 84.78629850080538688, 54.53325738949936152 ) ) ;
#2773 = VERTEX_POINT ( 'NONE', #174 ) ;
#2774 = LINE ( 'NONE', #568, #475 ) ;
#2775 = VECTOR ( 'NONE', #1990, 1000.000000000000114 ) ;
#2776 = FACE_OUTER_BOUND ( 'NONE', #4640, .T. ) ;
#2777 = LINE ( 'NONE', #3503, #1051 ) ;
#2778 = EDGE_CURVE ( 'NONE', #4146, #2769, #1974, .T. ) ;
#2779 = CARTESIAN_POINT ( 'NONE',  ( 54.31918338706780247, 87.52586199568487757, 13.12471060222793717 ) ) ;
#2780 = CIRCLE ( 'NONE', #451, 3.750000000000006217 ) ;
#2781 = CARTESIAN_POINT ( 'NONE',  ( -27.00000000000000355, 65.00000000000000000, 80.00000000000000000 ) ) ;
#2782 = AXIS2_PLACEMENT_3D ( 'NONE', #793, #2231, #3375 ) ;
#2783 = EDGE_LOOP ( 'NONE', ( #4315, #1356, #477, #3122, #1621, #1778 ) ) ;
#2784 = CARTESIAN_POINT ( 'NONE',  ( -39.54485825027298063, 57.99999999999999289, -4.999999999999996447 ) ) ;
#2785 = DIRECTION ( 'NONE',  ( -1.000000000000000000, -0.000000000000000000, -1.084202172485504434E-17 ) ) ;
#2786 = EDGE_CURVE ( 'NONE', #4484, #763, #2022, .T. ) ;
#2787 = CARTESIAN_POINT ( 'NONE',  ( 40.00000000000146372, 86.00000000000000000, 40.00000000000175504 ) ) ;
#2788 =( BOUNDED_CURVE ( )  B_SPLINE_CURVE ( 3, ( #2540, #2263, #721, #1854 ),
 .UNSPECIFIED., .F., .F. ) 
 B_SPLINE_CURVE_WITH_KNOTS ( ( 4, 4 ),
 ( 3.228859116189509049, 4.712388980384690562 ),
 .UNSPECIFIED. ) 
 CURVE ( )  GEOMETRIC_REPRESENTATION_ITEM ( )  RATIONAL_B_SPLINE_CURVE ( ( 1.000000000000000000, 0.8248515578734156861, 0.8248515578734156861, 1.000000000000000000 ) ) 
 REPRESENTATION_ITEM ( '' )  );
#2789 = ORIENTED_EDGE ( 'NONE', *, *, #1072, .T. ) ;
#2790 = DIRECTION ( 'NONE',  ( 0.000000000000000000, 0.000000000000000000, -1.000000000000000000 ) ) ;
#2791 = FACE_OUTER_BOUND ( 'NONE', #873, .T. ) ;
#2792 = DIRECTION ( 'NONE',  ( -0.000000000000000000, -1.000000000000000000, -0.000000000000000000 ) ) ;
#2793 = AXIS2_PLACEMENT_3D ( 'NONE', #746, #3634, #3372 ) ;
#2794 = EDGE_LOOP ( 'NONE', ( #3577, #4091 ) ) ;
#2795 = ORIENTED_EDGE ( 'NONE', *, *, #1126, .T. ) ;
#2796 = CARTESIAN_POINT ( 'NONE',  ( 43.39732284723051237, 84.32423846677760082, 1.612281044346188352 ) ) ;
#2797 = CIRCLE ( 'NONE', #1212, 2.250000000000002220 ) ;
#2798 = DIRECTION ( 'NONE',  ( -0.5000000000000014433, -0.000000000000000000, 0.8660254037844378194 ) ) ;
#2799 = DIRECTION ( 'NONE',  ( 0.1186073329426363815, 0.9924325091389669673, 0.03178073907838852019 ) ) ;
#2800 = CARTESIAN_POINT ( 'NONE',  ( -32.53662894464224564, 83.52601773761948323, 55.99611059051480311 ) ) ;
#2801 = CARTESIAN_POINT ( 'NONE',  ( 40.00000000000146372, 73.00000000000000000, 40.00000000000175504 ) ) ;
#2802 = ORIENTED_EDGE ( 'NONE', *, *, #4553, .T. ) ;
#2803 = AXIS2_PLACEMENT_3D ( 'NONE', #1838, #1464, #3669 ) ;
#2804 = CARTESIAN_POINT ( 'NONE',  ( -49.87809338607208787, 88.00000000000000000, 14.31469708150908815 ) ) ;
#2805 = DIRECTION ( 'NONE',  ( 0.1186073329426364092, -0.9924325091389670783, -0.03178073907838851325 ) ) ;
#2806 = CARTESIAN_POINT ( 'NONE',  ( 57.92646772435313096, 84.95516576617353621, 14.79778541377573653 ) ) ;
#2807 = ADVANCED_FACE ( 'NONE', ( #4537 ), #1796, .T. ) ;
#2808 = EDGE_LOOP ( 'NONE', ( #1772, #4649, #1451, #2511 ) ) ;
#2809 = FACE_OUTER_BOUND ( 'NONE', #1722, .T. ) ;
#2810 = CARTESIAN_POINT ( 'NONE',  ( 45.00731200920814246, 80.79207015728958652, 2.831684942874080679 ) ) ;
#2811 = DIRECTION ( 'NONE',  ( 0.000000000000000000, 0.000000000000000000, 1.000000000000000000 ) ) ;
#2812 = EDGE_CURVE ( 'NONE', #1699, #3205, #3428, .T. ) ;
#2813 = ORIENTED_EDGE ( 'NONE', *, *, #858, .F. ) ;
#2814 = CARTESIAN_POINT ( 'NONE',  ( 32.05073989608575857, 78.87155742747660270, 60.13549956203179647 ) ) ;
#2815 = CARTESIAN_POINT ( 'NONE',  ( 39.74827161340684256, 87.75871800069650419, 36.25000000000175504 ) ) ;
#2816 = CARTESIAN_POINT ( 'NONE',  ( 45.39676408458142021, 78.69724594198125089, 38.01570228660591511 ) ) ;
#2817 =( BOUNDED_CURVE ( )  B_SPLINE_CURVE ( 3, ( #2429, #3878, #295, #4633 ),
 .UNSPECIFIED., .F., .F. ) 
 B_SPLINE_CURVE_WITH_KNOTS ( ( 4, 4 ),
 ( 4.712388980384689674, 6.283185307179586232 ),
 .UNSPECIFIED. ) 
 CURVE ( )  GEOMETRIC_REPRESENTATION_ITEM ( )  RATIONAL_B_SPLINE_CURVE ( ( 1.000000000000000000, 0.8047378541243649375, 0.8047378541243649375, 1.000000000000000000 ) ) 
 REPRESENTATION_ITEM ( '' )  );
#2818 = VERTEX_POINT ( 'NONE', #2715 ) ;
#2819 = EDGE_CURVE ( 'NONE', #1234, #681, #3092, .T. ) ;
#2820 = VERTEX_POINT ( 'NONE', #926 ) ;
#2821 = CARTESIAN_POINT ( 'NONE',  ( -57.93226305961013622, 63.62099233973474099, 10.55749280401586709 ) ) ;
#2822 = CARTESIAN_POINT ( 'NONE',  ( -59.93287030199613241, 60.10012913671478429, 6.720409814822940753 ) ) ;
#2823 = CARTESIAN_POINT ( 'NONE',  ( -42.93060796608241247, 57.99999999999999289, 43.42403810567840594 ) ) ;
#2824 = CARTESIAN_POINT ( 'NONE',  ( 40.00000000000146372, 73.00000000000000000, 40.00000000000175504 ) ) ;
#2825 = CARTESIAN_POINT ( 'NONE',  ( -37.29997065857419614, 85.81481713637866449, 5.076646684127771536 ) ) ;
#2826 = EDGE_CURVE ( 'NONE', #3505, #2911, #1014, .T. ) ;
#2827 = CYLINDRICAL_SURFACE ( 'NONE', #3493, 3.750000000000010214 ) ;
#2828 = ORIENTED_EDGE ( 'NONE', *, *, #4494, .F. ) ;
#2829 = CARTESIAN_POINT ( 'NONE',  ( -35.98076211353303933, 72.00000000000000000, 60.73668293770336390 ) ) ;
#2830 = CARTESIAN_POINT ( 'NONE',  ( -60.46476696660478467, 84.31107662730741481, 14.95014198868067901 ) ) ;
#2831 = CARTESIAN_POINT ( 'NONE',  ( -41.70607893116547871, 85.42402441317641149, 34.49237205815487073 ) ) ;
#2832 = ORIENTED_EDGE ( 'NONE', *, *, #2666, .T. ) ;
#2833 = EDGE_LOOP ( 'NONE', ( #4650, #112, #3796, #4310, #1419, #953 ) ) ;
#2834 = DIRECTION ( 'NONE',  ( 0.05025580687519607542, 0.9949358851208914833, -0.08704561088320909856 ) ) ;
#2835 = B_SPLINE_CURVE_WITH_KNOTS ( 'NONE', 3,
 ( #2032, #3491, #509, #1682 ),
 .UNSPECIFIED., .F., .F.,
 ( 4, 4 ),
 ( 0.000000000000000000, 0.0001005159319301879224 ),
 .UNSPECIFIED. ) ;
#2836 = CARTESIAN_POINT ( 'NONE',  ( -32.24234518585707576, 86.57925665895788825, 55.48639616844778288 ) ) ;
#2837 = CARTESIAN_POINT ( 'NONE',  ( -58.17652175675318915, 78.69724594198127932, 9.903344501435908498 ) ) ;
#2838 = DIRECTION ( 'NONE',  ( -1.000000000000000000, 1.982541115402063729E-15, 0.000000000000000000 ) ) ;
#2839 = ORIENTED_EDGE ( 'NONE', *, *, #4601, .F. ) ;
#2840 = CARTESIAN_POINT ( 'NONE',  ( 20.00000000000000000, 72.00000000000000000, 58.72904326261666341 ) ) ;
#2841 = CARTESIAN_POINT ( 'NONE',  ( -58.93885037276795913, 60.00000000000000000, 8.454619388304749350 ) ) ;
#2842 = CARTESIAN_POINT ( 'NONE',  ( 40.00000000000146372, 73.00000000000000000, 3.750000000001758593 ) ) ;
#2843 = EDGE_CURVE ( 'NONE', #3583, #3852, #1334, .T. ) ;
#2844 = ORIENTED_EDGE ( 'NONE', *, *, #1943, .T. ) ;
#2845 = CARTESIAN_POINT ( 'NONE',  ( 40.45292972976928780, 86.95435778552133854, 3.729099241926808972 ) ) ;
#2846 = AXIS2_PLACEMENT_3D ( 'NONE', #1453, #647, #1428 ) ;
#2847 = CARTESIAN_POINT ( 'NONE',  ( -36.84142251706620641, 86.00000000000000000, 6.787971645951955679 ) ) ;
#2848 = CARTESIAN_POINT ( 'NONE',  ( -33.36924220881322611, 81.40885447907078287, 57.43823906711791949 ) ) ;
#2849 = EDGE_CURVE ( 'NONE', #954, #2076, #1847, .T. ) ;
#2850 = LINE ( 'NONE', #961, #3495 ) ;
#2851 = VECTOR ( 'NONE', #2247, 1000.000000000000114 ) ;
#2852 = ORIENTED_EDGE ( 'NONE', *, *, #2885, .F. ) ;
#2853 = CARTESIAN_POINT ( 'NONE',  ( 45.00008764600011091, 69.74687400029806383, 40.26887819086978482 ) ) ;
#2854 = ORIENTED_EDGE ( 'NONE', *, *, #2411, .F. ) ;
#2855 = DIRECTION ( 'NONE',  ( 0.1186073329426363954, -0.9924325091389669673, -0.03178073907838851325 ) ) ;
#2856 = ORIENTED_EDGE ( 'NONE', *, *, #4151, .F. ) ;
#2857 = CARTESIAN_POINT ( 'NONE',  ( 45.47903274639572402, 70.49999999999998579, 1.744333730667828597 ) ) ;
#2858 = AXIS2_PLACEMENT_3D ( 'NONE', #3405, #3805, #2336 ) ;
#2859 = DIRECTION ( 'NONE',  ( -0.05025580687519611012, -0.9949358851208917054, 0.08704561088320912632 ) ) ;
#2860 = CARTESIAN_POINT ( 'NONE',  ( 58.93885037276795202, 60.00000000000000000, 8.454619388304740468 ) ) ;
#2861 = VECTOR ( 'NONE', #2338, 1000.000000000000227 ) ;
#2862 = CARTESIAN_POINT ( 'NONE',  ( -46.92605355282454838, 59.89987086328520860, -0.8093100695966376490 ) ) ;
#2863 = EDGE_LOOP ( 'NONE', ( #3478, #4635, #653 ) ) ;
#2864 = CARTESIAN_POINT ( 'NONE',  ( 30.95910309183697962, 87.76815173527417357, 52.02767443036669448 ) ) ;
#2865 = LINE ( 'NONE', #2530, #965 ) ;
#2866 = CARTESIAN_POINT ( 'NONE',  ( -60.99587928792966807, 78.87155742747660270, 14.98202099365373741 ) ) ;
#2867 = ORIENTED_EDGE ( 'NONE', *, *, #4349, .F. ) ;
#2868 = EDGE_LOOP ( 'NONE', ( #4483, #2436 ) ) ;
#2869 = ADVANCED_FACE ( 'NONE', ( #3659 ), #2404, .T. ) ;
#2870 = DIRECTION ( 'NONE',  ( -0.000000000000000000, -1.000000000000000000, -0.000000000000000000 ) ) ;
#2871 = DIRECTION ( 'NONE',  ( 0.5000000000000014433, 0.000000000000000000, 0.8660254037844377084 ) ) ;
#2872 = B_SPLINE_CURVE_WITH_KNOTS ( 'NONE', 3,
 ( #1624, #1224, #4179, #2714 ),
 .UNSPECIFIED., .F., .F.,
 ( 4, 4 ),
 ( 0.000000000000000000, 0.002266164210144969767 ),
 .UNSPECIFIED. ) ;
#2873 = ORIENTED_EDGE ( 'NONE', *, *, #1614, .F. ) ;
#2874 = CARTESIAN_POINT ( 'NONE',  ( -35.13717878192534272, 57.99999999999999289, 59.40737406765566675 ) ) ;
#2875 = ADVANCED_FACE ( 'NONE', ( #4054 ), #4030, .T. ) ;
#2876 = CARTESIAN_POINT ( 'NONE',  ( -48.06969779800478193, 60.00000000000000000, 27.47267540088080295 ) ) ;
#2877 = AXIS2_PLACEMENT_3D ( 'NONE', #2624, #2274, #3002 ) ;
#2878 = CARTESIAN_POINT ( 'NONE',  ( -36.26339473255588075, 85.80145429594455209, 0.5132410411548268270 ) ) ;
#2879 = ORIENTED_EDGE ( 'NONE', *, *, #4662, .T. ) ;
#2880 = VECTOR ( 'NONE', #3090, 1000.000000000000114 ) ;
#2881 = ORIENTED_EDGE ( 'NONE', *, *, #1191, .T. ) ;
#2882 = CARTESIAN_POINT ( 'NONE',  ( -29.17497351054301546, 88.00000000000001421, 50.17355258111435035 ) ) ;
#2883 = CARTESIAN_POINT ( 'NONE',  ( -56.80017724479220220, 84.29020848561771118, 12.45993030162584958 ) ) ;
#2884 =( NAMED_UNIT ( * ) SI_UNIT ( $, .STERADIAN. ) SOLID_ANGLE_UNIT ( ) );
#2885 = EDGE_CURVE ( 'NONE', #4397, #4484, #4457, .T. ) ;
#2886 = CARTESIAN_POINT ( 'NONE',  ( 28.99999999999998934, 57.99999999999999289, 59.95388455197960553 ) ) ;
#2887 = EDGE_LOOP ( 'NONE', ( #1518, #700, #1277, #4013 ) ) ;
#2888 = CARTESIAN_POINT ( 'NONE',  ( 32.24234518585707576, 86.57925665895791667, 55.48639616845232325 ) ) ;
#2889 = DIRECTION ( 'NONE',  ( 0.4961971664229286594, 0.000000000000000000, 0.8682098663536694794 ) ) ;
#2890 = CARTESIAN_POINT ( 'NONE',  ( -62.19147366225622164, 82.62406874100145160, 11.01533678040773268 ) ) ;
#2891 = ORIENTED_EDGE ( 'NONE', *, *, #2152, .T. ) ;
#2892 = EDGE_LOOP ( 'NONE', ( #2931, #3083, #3573, #3276, #2445, #3053 ) ) ;
#2893 = FACE_OUTER_BOUND ( 'NONE', #4223, .T. ) ;
#2894 = CARTESIAN_POINT ( 'NONE',  ( -61.74398326858154462, 57.99999999999999289, 13.32303686971574841 ) ) ;
#2895 = CARTESIAN_POINT ( 'NONE',  ( 58.04487586129602050, 60.00000000000000000, 10.01883124530490932 ) ) ;
#2896 = VERTEX_POINT ( 'NONE', #4103 ) ;
#2897 = DIRECTION ( 'NONE',  ( -0.05025580687519608930, -0.9949358851208914833, 0.08704561088320908468 ) ) ;
#2898 = CARTESIAN_POINT ( 'NONE',  ( -39.99999999999853628, 88.00000000000000000, 2.250000000001754596 ) ) ;
#2899 = EDGE_CURVE ( 'NONE', #1794, #3112, #888, .T. ) ;
#2900 = CARTESIAN_POINT ( 'NONE',  ( -37.93533356700542925, 79.35753782583930160, -3.131457559412951230 ) ) ;
#2901 = ORIENTED_EDGE ( 'NONE', *, *, #4177, .F. ) ;
#2902 = CARTESIAN_POINT ( 'NONE',  ( -36.84142251706620641, 88.00000000000000000, 6.787971645951955679 ) ) ;
#2903 = CARTESIAN_POINT ( 'NONE',  ( -34.91924311340135745, 79.01534950162994164, 60.12291938563851801 ) ) ;
#2904 = CARTESIAN_POINT ( 'NONE',  ( -38.45047538348145366, 75.99091950802890949, -3.425998496640073387 ) ) ;
#2905 = EDGE_CURVE ( 'NONE', #807, #3505, #748, .T. ) ;
#2906 = PLANE ( 'NONE',  #619 ) ;
#2907 = VERTEX_POINT ( 'NONE', #4422 ) ;
#2908 = CARTESIAN_POINT ( 'NONE',  ( -34.45236333138497997, 86.00000000000000000, 41.56361594118261849 ) ) ;
#2909 = CARTESIAN_POINT ( 'NONE',  ( -35.98076211353303933, 78.69724594198125089, 58.14311016584830583 ) ) ;
#2910 = CARTESIAN_POINT ( 'NONE',  ( -60.44011561698768276, 81.28869479452912117, 14.94866233839689684 ) ) ;
#2911 = VERTEX_POINT ( 'NONE', #2610 ) ;
#2912 = ORIENTED_EDGE ( 'NONE', *, *, #2595, .T. ) ;
#2913 = CARTESIAN_POINT ( 'NONE',  ( 55.88548177583285081, 83.56413261293809569, 11.12123597189716939 ) ) ;
#2914 = CARTESIAN_POINT ( 'NONE',  ( -40.80420116986038437, 73.00000000000000000, -3.020346134966512164 ) ) ;
#2915 = CARTESIAN_POINT ( 'NONE',  ( 32.96072012873680990, 60.42050755385864136, 56.73065806840806857 ) ) ;
#2916 = VECTOR ( 'NONE', #4643, 1000.000000000000000 ) ;
#2917 = ORIENTED_EDGE ( 'NONE', *, *, #1657, .T. ) ;
#2918 = CARTESIAN_POINT ( 'NONE',  ( -39.99999999999853628, 73.00000000000000000, 40.00000000000175504 ) ) ;
#2919 = CARTESIAN_POINT ( 'NONE',  ( 58.75725717139735593, 85.82172995817350625, 11.93553231576816209 ) ) ;
#2920 = CIRCLE ( 'NONE', #3223, 5.750000000000005329 ) ;
#2921 = CARTESIAN_POINT ( 'NONE',  ( -36.38973264026845555, 84.24557910799362048, -1.025448849087138736 ) ) ;
#2922 = ORIENTED_EDGE ( 'NONE', *, *, #4058, .T. ) ;
#2923 = DIRECTION ( 'NONE',  ( 0.000000000000000000, 1.000000000000000000, 0.000000000000000000 ) ) ;
#2924 = ADVANCED_FACE ( 'NONE', ( #2261 ), #3710, .F. ) ;
#2925 = CARTESIAN_POINT ( 'NONE',  ( 41.95784515827734396, 70.49999999999998579, 45.40641677418923905 ) ) ;
#2926 = CARTESIAN_POINT ( 'NONE',  ( -39.99999999999853628, 57.99999999999999289, 40.00000000000175504 ) ) ;
#2927 = AXIS2_PLACEMENT_3D ( 'NONE', #2240, #1759, #1089 ) ;
#2928 = CARTESIAN_POINT ( 'NONE',  ( 43.43673427580807811, 73.00000000000000000, -1.500452437597002975 ) ) ;
#2929 = DIRECTION ( 'NONE',  ( -0.000000000000000000, 1.000000000000000000, -0.000000000000000000 ) ) ;
#2930 = AXIS2_PLACEMENT_3D ( 'NONE', #1152, #1102, #4424 ) ;
#2931 = ORIENTED_EDGE ( 'NONE', *, *, #3251, .F. ) ;
#2932 = ADVANCED_FACE ( 'NONE', ( #3354 ), #118, .T. ) ;
#2933 = CARTESIAN_POINT ( 'NONE',  ( -39.99999999999853628, 73.00000000000000000, 36.25000000000174794 ) ) ;
#2934 = VECTOR ( 'NONE', #2767, 1000.000000000000114 ) ;
#2935 = CARTESIAN_POINT ( 'NONE',  ( -39.99999999999853628, 68.99999999999995737, 1.752070710736575165E-12 ) ) ;
#2936 = CARTESIAN_POINT ( 'NONE',  ( -39.99999999999853628, 87.07049063186441629, 3.750000000001758593 ) ) ;
#2937 = AXIS2_PLACEMENT_3D ( 'NONE', #3974, #348, #1819 ) ;
#2938 = DIRECTION ( 'NONE',  ( 0.9929340751601266613, -0.1186672759690046985, 0.000000000000000000 ) ) ;
#2939 = EDGE_LOOP ( 'NONE', ( #286, #3304, #4140, #262, #4010, #178, #3884, #2832, #2091, #4129, #3262, #2089, #1209, #3698, #3171, #4459, #2405, #812 ) ) ;
#2940 = EDGE_LOOP ( 'NONE', ( #1471, #1155, #4629 ) ) ;
#2941 = CARTESIAN_POINT ( 'NONE',  ( 49.87809338607210208, 86.00000000000000000, 14.31469708150909881 ) ) ;
#2942 = DIRECTION ( 'NONE',  ( 0.9929340751601267723, 0.1186672759690033524, 0.000000000000000000 ) ) ;
#2943 = LINE ( 'NONE', #4440, #1208 ) ;
#2944 = ORIENTED_EDGE ( 'NONE', *, *, #4442, .T. ) ;
#2945 = CARTESIAN_POINT ( 'NONE',  ( -39.99999999999853628, 70.49999999999998579, 34.25000000000174794 ) ) ;
#2946 = CARTESIAN_POINT ( 'NONE',  ( -45.38808789558724754, 78.91798617327994236, 37.99210535111439668 ) ) ;
#2947 = CARTESIAN_POINT ( 'NONE',  ( 62.19147366225622164, 82.62406874100145160, 11.01533678040773268 ) ) ;
#2948 = CARTESIAN_POINT ( 'NONE',  ( -39.99999999999853628, 68.99999999999995737, 35.75000000000175504 ) ) ;
#2949 = ORIENTED_EDGE ( 'NONE', *, *, #2174, .T. ) ;
#2950 = ORIENTED_EDGE ( 'NONE', *, *, #2209, .T. ) ;
#2951 = CARTESIAN_POINT ( 'NONE',  ( 45.66101684903208735, 70.49999999999997158, 38.99233525665131594 ) ) ;
#2952 = CARTESIAN_POINT ( 'NONE',  ( 42.69374432848923817, 88.00000000000000000, 43.28728482075275963 ) ) ;
#2953 = VERTEX_POINT ( 'NONE', #2662 ) ;
#2954 = DIRECTION ( 'NONE',  ( -0.000000000000000000, 1.000000000000000000, -0.000000000000000000 ) ) ;
#2955 = FACE_OUTER_BOUND ( 'NONE', #1710, .T. ) ;
#2956 = CARTESIAN_POINT ( 'NONE',  ( -41.68804781332341491, 86.42148053064893531, 3.354719666647440146 ) ) ;
#2957 = ADVANCED_FACE ( 'NONE', ( #2302 ), #514, .T. ) ;
#2958 = ORIENTED_EDGE ( 'NONE', *, *, #643, .F. ) ;
#2959 = ORIENTED_EDGE ( 'NONE', *, *, #1970, .T. ) ;
#2960 = CARTESIAN_POINT ( 'NONE',  ( 51.93743611958036865, 85.81452138879332381, 13.21997330070202281 ) ) ;
#2961 = CARTESIAN_POINT ( 'NONE',  ( -34.39901175028474256, 83.83608529974223700, 1.311312867937897364 ) ) ;
#2962 = DIRECTION ( 'NONE',  ( -0.000000000000000000, -1.000000000000000000, -0.000000000000000000 ) ) ;
#2963 = EDGE_CURVE ( 'NONE', #4446, #1659, #2668, .T. ) ;
#2964 = VERTEX_POINT ( 'NONE', #770 ) ;
#2965 = DIRECTION ( 'NONE',  ( 0.000000000000000000, 0.000000000000000000, 1.000000000000000000 ) ) ;
#2966 = FACE_BOUND ( 'NONE', #2868, .T. ) ;
#2967 = FACE_OUTER_BOUND ( 'NONE', #4097, .T. ) ;
#2968 = CARTESIAN_POINT ( 'NONE',  ( 59.98764732461331306, 84.98474481558510263, 11.60585026783748575 ) ) ;
#2969 =( BOUNDED_CURVE ( )  B_SPLINE_CURVE ( 3, ( #219, #2991, #3540, #3890 ),
 .UNSPECIFIED., .F., .T. ) 
 B_SPLINE_CURVE_WITH_KNOTS ( ( 4, 4 ),
 ( 0.08726646259971604369, 1.570796326794896114 ),
 .UNSPECIFIED. ) 
 CURVE ( )  GEOMETRIC_REPRESENTATION_ITEM ( )  RATIONAL_B_SPLINE_CURVE ( ( 1.000000000000000000, 0.8248515578734159082, 0.8248515578734159082, 1.000000000000000000 ) ) 
 REPRESENTATION_ITEM ( '' )  );
#2970 = DIRECTION ( 'NONE',  ( -4.854585274113689605E-17, 0.9949358851208914833, 0.1005116137503924562 ) ) ;
#2971 = VERTEX_POINT ( 'NONE', #213 ) ;
#2972 = CARTESIAN_POINT ( 'NONE',  ( -34.79344304865882975, 80.42956553826084587, 59.90502728190848103 ) ) ;
#2973 = DIRECTION ( 'NONE',  ( 1.000000000000000000, 0.000000000000000000, 0.000000000000000000 ) ) ;
#2974 = VERTEX_POINT ( 'NONE', #4529 ) ;
#2975 = CARTESIAN_POINT ( 'NONE',  ( 65.32459713708870197, 73.00000000000000000, 11.13651107734901835 ) ) ;
#2976 = CARTESIAN_POINT ( 'NONE',  ( 39.78937348113897343, 86.01788673202713653, 43.75000000000178346 ) ) ;
#2977 = B_SPLINE_CURVE_WITH_KNOTS ( 'NONE', 3,
 ( #4600, #4255, #2447, #3849, #3892, #2831, #655, #2087, #815, #1505, #3301, #3987, #1880, #5, #2158, #771, #3661, #1477, #3686, #4324, #50, #3635, #2946, #4056 ),
 .UNSPECIFIED., .F., .F.,
 ( 4, 2, 2, 2, 2, 2, 2, 2, 2, 2, 2, 4 ),
 ( 0.01725559964424166343, 0.01792242608916096158, 0.01858925253408025974, 0.01992290542391889074, 0.02058973186883822012, 0.02125655831375754951, 0.02259021120359621521, 0.02392386409343487744, 0.02525751698327353967, 0.02659116987311220190, 0.02725799631803153128, 0.02792482276295086413 ),
 .UNSPECIFIED. ) ;
#2978 = CARTESIAN_POINT ( 'NONE',  ( 42.27629563847666105, 85.13892588035554354, 34.71610802319612077 ) ) ;
#2979 = DIRECTION ( 'NONE',  ( 8.659560562354904508E-17, 0.7071067811865497932, -0.7071067811865452413 ) ) ;
#2980 = ORIENTED_EDGE ( 'NONE', *, *, #3888, .F. ) ;
#2981 = ORIENTED_EDGE ( 'NONE', *, *, #1791, .T. ) ;
#2982 = CARTESIAN_POINT ( 'NONE',  ( -44.19374432848751155, 68.99999999999995737, 40.68920860939844886 ) ) ;
#2983 = CARTESIAN_POINT ( 'NONE',  ( 40.00000000000146372, 88.00000000000000000, 42.25000000000175504 ) ) ;
#2984 = ADVANCED_FACE ( 'NONE', ( #1642 ), #2731, .F. ) ;
#2985 = CARTESIAN_POINT ( 'NONE',  ( -39.99999999999853628, 68.99999999999995737, 44.25000000000176215 ) ) ;
#2986 = VERTEX_POINT ( 'NONE', #3059 ) ;
#2987 = DIRECTION ( 'NONE',  ( -0.000000000000000000, 1.000000000000000000, -0.000000000000000000 ) ) ;
#2988 = LINE ( 'NONE', #2686, #506 ) ;
#2989 = EDGE_CURVE ( 'NONE', #2992, #2646, #4105, .T. ) ;
#2990 = CARTESIAN_POINT ( 'NONE',  ( -57.92646772435546865, 84.95516576617190196, 14.79778541377526224 ) ) ;
#2991 = CARTESIAN_POINT ( 'NONE',  ( 31.91336047772886531, 84.31107662730741481, 59.65960329701498921 ) ) ;
#2992 = VERTEX_POINT ( 'NONE', #2393 ) ;
#2993 = CARTESIAN_POINT ( 'NONE',  ( 0.000000000000000000, 78.00000000000000000, 50.17355258111435035 ) ) ;
#2994 =( BOUNDED_CURVE ( )  B_SPLINE_CURVE ( 3, ( #2079, #3578, #1795, #1704 ),
 .UNSPECIFIED., .F., .T. ) 
 B_SPLINE_CURVE_WITH_KNOTS ( ( 4, 4 ),
 ( 4.712388980384689674, 6.195918844579869855 ),
 .UNSPECIFIED. ) 
 CURVE ( )  GEOMETRIC_REPRESENTATION_ITEM ( )  RATIONAL_B_SPLINE_CURVE ( ( 1.000000000000000000, 0.8248515578734159082, 0.8248515578734159082, 1.000000000000000000 ) ) 
 REPRESENTATION_ITEM ( '' )  );
#2995 = LINE ( 'NONE', #2952, #4231 ) ;
#2996 = LINE ( 'NONE', #2618, #2350 ) ;
#2997 = VERTEX_POINT ( 'NONE', #2373 ) ;
#2998 = DIRECTION ( 'NONE',  ( 0.07547908730517341458, 0.9961946980917455452, -0.04357787137382902048 ) ) ;
#2999 = ADVANCED_FACE ( 'NONE', ( #3777 ), #1686, .T. ) ;
#3000 = CARTESIAN_POINT ( 'NONE',  ( -27.00000000000000000, 60.00000000000000000, 59.77890722492775666 ) ) ;
#3001 = CARTESIAN_POINT ( 'NONE',  ( 42.08835492448915971, 85.23746768016988540, 34.63866109327744880 ) ) ;
#3002 = DIRECTION ( 'NONE',  ( 0.000000000000000000, 0.9961946980917455452, 0.08715574274765820750 ) ) ;
#3003 = VERTEX_POINT ( 'NONE', #4510 ) ;
#3004 = VERTEX_POINT ( 'NONE', #3818 ) ;
#3005 = DIRECTION ( 'NONE',  ( -0.1186073329426363954, -0.9924325091389670783, -0.03178073907838852019 ) ) ;
#3006 = DIRECTION ( 'NONE',  ( 0.8627299156628200905, 0.08715574274765822138, 0.4980973490458742159 ) ) ;
#3007 = FACE_OUTER_BOUND ( 'NONE', #2104, .T. ) ;
#3008 = EDGE_CURVE ( 'NONE', #2359, #4114, #4596, .T. ) ;
#3009 = CIRCLE ( 'NONE', #1720, 2.250000000000001776 ) ;
#3010 = ORIENTED_EDGE ( 'NONE', *, *, #421, .F. ) ;
#3011 = DIRECTION ( 'NONE',  ( 0.000000000000000000, 0.000000000000000000, 1.000000000000000000 ) ) ;
#3012 = CARTESIAN_POINT ( 'NONE',  ( 39.53740581843477742, 85.67505478968213595, 5.736147912959664197 ) ) ;
#3013 = CARTESIAN_POINT ( 'NONE',  ( 40.00000000000146372, 85.87513685539272501, 43.75000000000176925 ) ) ;
#3014 = EDGE_CURVE ( 'NONE', #1125, #97, #1263, .T. ) ;
#3015 = DIRECTION ( 'NONE',  ( -0.8660254037844380415, -0.000000000000000000, -0.5000000000000012212 ) ) ;
#3016 = ORIENTED_EDGE ( 'NONE', *, *, #3779, .F. ) ;
#3017 = DIRECTION ( 'NONE',  ( 0.000000000000000000, 0.000000000000000000, 1.000000000000000000 ) ) ;
#3018 = VECTOR ( 'NONE', #2798, 1000.000000000000114 ) ;
#3019 = DIRECTION ( 'NONE',  ( 1.000000000000000000, -9.413486573731741611E-19, 1.075966438890954378E-17 ) ) ;
#3020 = ADVANCED_FACE ( 'NONE', ( #4147 ), #913, .F. ) ;
#3021 = VECTOR ( 'NONE', #2246, 1000.000000000000000 ) ;
#3022 = AXIS2_PLACEMENT_3D ( 'NONE', #1170, #493, #790 ) ;
#3023 = ORIENTED_EDGE ( 'NONE', *, *, #3658, .T. ) ;
#3024 = CARTESIAN_POINT ( 'NONE',  ( -7.359533605311115687E-17, 78.00000000000000000, 6.787971645951955679 ) ) ;
#3025 = CARTESIAN_POINT ( 'NONE',  ( -62.59216979770267386, 58.00000000000000000, 11.85393470698241458 ) ) ;
#3026 = CARTESIAN_POINT ( 'NONE',  ( 40.87604463523229725, 85.69341437065790501, 34.31297381196031893 ) ) ;
#3027 = AXIS2_PLACEMENT_3D ( 'NONE', #4303, #336, #1040 ) ;
#3028 = ORIENTED_EDGE ( 'NONE', *, *, #4322, .F. ) ;
#3029 = ORIENTED_EDGE ( 'NONE', *, *, #801, .T. ) ;
#3030 = DIRECTION ( 'NONE',  ( 0.000000000000000000, -1.000000000000000000, -0.000000000000000000 ) ) ;
#3031 = VECTOR ( 'NONE', #2495, 1000.000000000000000 ) ;
#3032 = CARTESIAN_POINT ( 'NONE',  ( -45.25721876940726673, 58.00000000000000000, 0.3534792854001979068 ) ) ;
#3033 = CARTESIAN_POINT ( 'NONE',  ( 40.00000000000145661, 81.56256048359273336, 45.75000000000176215 ) ) ;
#3034 = CARTESIAN_POINT ( 'NONE',  ( -39.99999999999859313, 85.87513685539509822, 43.75000000000220979 ) ) ;
#3035 = ORIENTED_EDGE ( 'NONE', *, *, #717, .F. ) ;
#3036 = CARTESIAN_POINT ( 'NONE',  ( 59.22792120347707368, 57.13501311968687446, 11.80941826846538234 ) ) ;
#3037 = CARTESIAN_POINT ( 'NONE',  ( 38.20830832898842999, 77.49636431180655904, -3.294289142745520316 ) ) ;
#3038 = CARTESIAN_POINT ( 'NONE',  ( -52.18465236596351531, 87.76815173599042907, 12.79178220150778422 ) ) ;
#3039 = CARTESIAN_POINT ( 'NONE',  ( 37.27436970705090857, 60.85628626759692850, 59.22114481363744432 ) ) ;
#3040 = ORIENTED_EDGE ( 'NONE', *, *, #2885, .T. ) ;
#3041 = CARTESIAN_POINT ( 'NONE',  ( 40.00000000000146372, 73.00000000000000000, 43.75000000000176925 ) ) ;
#3042 = DIRECTION ( 'NONE',  ( 0.000000000000000000, 0.000000000000000000, 1.000000000000000000 ) ) ;
#3043 = EDGE_CURVE ( 'NONE', #4617, #1747, #3129, .T. ) ;
#3044 = CARTESIAN_POINT ( 'NONE',  ( -45.33973594541541985, 70.09353013100137275, 39.61993311642149251 ) ) ;
#3045 = DIRECTION ( 'NONE',  ( 0.000000000000000000, 0.000000000000000000, 1.000000000000000000 ) ) ;
#3046 = EDGE_LOOP ( 'NONE', ( #1074, #2113, #2542, #3607 ) ) ;
#3047 = DIRECTION ( 'NONE',  ( 0.07547908730517341458, 0.9961946980917455452, -0.04357787137382902048 ) ) ;
#3048 = CARTESIAN_POINT ( 'NONE',  ( -38.16366641193248910, 85.79115115008141856, 5.453942679000168603 ) ) ;
#3049 = EDGE_CURVE ( 'NONE', #2230, #124, #3497, .T. ) ;
#3050 = CARTESIAN_POINT ( 'NONE',  ( -33.10499572799030688, 57.99999999999999289, 61.96152422706629892 ) ) ;
#3051 = DIRECTION ( 'NONE',  ( -0.8671211166114413116, -0.05006456835739315353, 0.4955749268493262472 ) ) ;
#3052 = VERTEX_POINT ( 'NONE', #3443 ) ;
#3053 = ORIENTED_EDGE ( 'NONE', *, *, #3521, .F. ) ;
#3054 = DIRECTION ( 'NONE',  ( 0.000000000000000000, 1.000000000000000000, 0.000000000000000000 ) ) ;
#3055 = CARTESIAN_POINT ( 'NONE',  ( -44.87765011581192454, 81.37000417284325238, 3.046028008409624732 ) ) ;
#3056 = CARTESIAN_POINT ( 'NONE',  ( -39.99999999999853628, 70.49999999999998579, 40.00000000000175504 ) ) ;
#3057 = DIRECTION ( 'NONE',  ( -0.8627299156628200905, 0.08715574274765822138, 0.4980973490458742159 ) ) ;
#3058 = ORIENTED_EDGE ( 'NONE', *, *, #2778, .T. ) ;
#3059 = CARTESIAN_POINT ( 'NONE',  ( 28.99999999999998934, 57.99999999999999289, 61.96152422706629892 ) ) ;
#3060 = CARTESIAN_POINT ( 'NONE',  ( 36.34048845119247773, 84.44379854394408369, -0.8741149502996942156 ) ) ;
#3061 = EDGE_CURVE ( 'NONE', #2175, #4493, #248, .T. ) ;
#3062 = CARTESIAN_POINT ( 'NONE',  ( -58.50111117740507183, 81.86849628175822602, 8.621314766377556893 ) ) ;
#3063 = CARTESIAN_POINT ( 'NONE',  ( 60.99587928792966807, 78.87155742747657428, 14.98202099365373741 ) ) ;
#3064 = FACE_OUTER_BOUND ( 'NONE', #2335, .T. ) ;
#3065 = DIRECTION ( 'NONE',  ( 1.000000000000000000, -5.757543612304898597E-35, 1.084202172485504434E-17 ) ) ;
#3066 = ORIENTED_EDGE ( 'NONE', *, *, #1546, .F. ) ;
#3067 = DIRECTION ( 'NONE',  ( 0.000000000000000000, 1.000000000000000000, 0.000000000000000000 ) ) ;
#3068 = CARTESIAN_POINT ( 'NONE',  ( 43.60701569958692403, 78.00000000000000000, 25.17652225271284649 ) ) ;
#3069 = VECTOR ( 'NONE', #1760, 1000.000000000000114 ) ;
#3070 = LINE ( 'NONE', #592, #251 ) ;
#3071 = ADVANCED_FACE ( 'NONE', ( #985 ), #2415, .F. ) ;
#3072 = ORIENTED_EDGE ( 'NONE', *, *, #661, .T. ) ;
#3073 = LINE ( 'NONE', #2364, #4380 ) ;
#3074 = CYLINDRICAL_SURFACE ( 'NONE', #2165, 2.000000000000002665 ) ;
#3075 = CARTESIAN_POINT ( 'NONE',  ( 34.57476839518492540, 85.98655777720159676, 41.94510124999464296 ) ) ;
#3076 = LINE ( 'NONE', #2005, #1069 ) ;
#3077 = ORIENTED_EDGE ( 'NONE', *, *, #2435, .F. ) ;
#3078 = EDGE_CURVE ( 'NONE', #4624, #3242, #4618, .T. ) ;
#3079 = ORIENTED_EDGE ( 'NONE', *, *, #2406, .F. ) ;
#3080 = CARTESIAN_POINT ( 'NONE',  ( -43.19980134843375907, 84.31325095369108169, 4.780512483093120935 ) ) ;
#3081 = AXIS2_PLACEMENT_3D ( 'NONE', #337, #3279, #1459 ) ;
#3082 = EDGE_CURVE ( 'NONE', #2757, #1053, #1066, .T. ) ;
#3083 = ORIENTED_EDGE ( 'NONE', *, *, #3429, .T. ) ;
#3084 = CARTESIAN_POINT ( 'NONE',  ( -37.83905190765482729, 87.28104278384081738, 3.064768073151189931 ) ) ;
#3085 = AXIS2_PLACEMENT_3D ( 'NONE', #1967, #4106, #564 ) ;
#3086 = CARTESIAN_POINT ( 'NONE',  ( 36.88383317002257655, 85.76635059252396331, 4.855322747467260669 ) ) ;
#3087 = VECTOR ( 'NONE', #2669, 1000.000000000000000 ) ;
#3088 = ORIENTED_EDGE ( 'NONE', *, *, #4527, .F. ) ;
#3089 = B_SPLINE_CURVE_WITH_KNOTS ( 'NONE', 3,
 ( #3908, #670, #4317, #714 ),
 .UNSPECIFIED., .F., .F.,
 ( 4, 4 ),
 ( 0.000000000000000000, 0.0001247428195855205505 ),
 .UNSPECIFIED. ) ;
#3090 = DIRECTION ( 'NONE',  ( 0.5000000000000014433, 0.000000000000000000, -0.8660254037844378194 ) ) ;
#3091 = CARTESIAN_POINT ( 'NONE',  ( 41.95784515827734396, 70.49999999999998579, 45.40641677418923905 ) ) ;
#3092 = LINE ( 'NONE', #1674, #2861 ) ;
#3093 = ORIENTED_EDGE ( 'NONE', *, *, #698, .T. ) ;
#3094 = CARTESIAN_POINT ( 'NONE',  ( -44.24368011137323720, 57.99999999999999289, -0.2316875316498419324 ) ) ;
#3095 = FACE_OUTER_BOUND ( 'NONE', #2320, .T. ) ;
#3096 = PLANE ( 'NONE',  #3545 ) ;
#3097 = CIRCLE ( 'NONE', #762, 4.999999999999997335 ) ;
#3098 = FACE_OUTER_BOUND ( 'NONE', #1465, .T. ) ;
#3099 = EDGE_LOOP ( 'NONE', ( #4073, #411, #2035, #2522 ) ) ;
#3100 = ORIENTED_EDGE ( 'NONE', *, *, #2086, .F. ) ;
#3101 = FACE_OUTER_BOUND ( 'NONE', #2863, .T. ) ;
#3102 = CARTESIAN_POINT ( 'NONE',  ( -45.21574431898348223, 78.69724594198125089, 2.420436158832705686 ) ) ;
#3103 = EDGE_CURVE ( 'NONE', #3321, #314, #2437, .T. ) ;
#3104 = ORIENTED_EDGE ( 'NONE', *, *, #3379, .T. ) ;
#3105 = DIRECTION ( 'NONE',  ( 0.1186073329426364092, -0.9924325091389670783, -0.03178073907838851325 ) ) ;
#3106 = CARTESIAN_POINT ( 'NONE',  ( 34.37271338305465918, 78.69724594198126510, -1.181585938782007794 ) ) ;
#3107 = DIRECTION ( 'NONE',  ( 0.8627299156628200905, 0.08715574274765822138, 0.4980973490458742159 ) ) ;
#3108 = EDGE_CURVE ( 'NONE', #4493, #3510, #2488, .T. ) ;
#3109 = DIRECTION ( 'NONE',  ( 0.000000000000000000, -0.000000000000000000, 1.000000000000000000 ) ) ;
#3110 = CARTESIAN_POINT ( 'NONE',  ( 40.00000000000146372, 87.70451275622950504, 36.25000000000174794 ) ) ;
#3111 = CARTESIAN_POINT ( 'NONE',  ( -45.31768657487100427, 75.94016161536443121, 2.200763047410243090 ) ) ;
#3112 = VERTEX_POINT ( 'NONE', #646 ) ;
#3113 = CARTESIAN_POINT ( 'NONE',  ( 31.59129759131692339, 82.40498838205530774, 56.86986630183972835 ) ) ;
#3114 = CYLINDRICAL_SURFACE ( 'NONE', #2656, 7.499999999999985789 ) ;
#3115 = CARTESIAN_POINT ( 'NONE',  ( 41.31310805414512544, 75.72853235859103904, 45.60825957956070908 ) ) ;
#3116 = DIRECTION ( 'NONE',  ( 0.000000000000000000, 0.000000000000000000, 1.000000000000000000 ) ) ;
#3117 = ORIENTED_EDGE ( 'NONE', *, *, #981, .F. ) ;
#3118 = CARTESIAN_POINT ( 'NONE',  ( -26.99999999999999645, 57.82568851450469083, 59.96913483088280827 ) ) ;
#3119 = CARTESIAN_POINT ( 'NONE',  ( 44.01973069705644548, 57.82568851450467662, 44.05284340758681338 ) ) ;
#3120 = CARTESIAN_POINT ( 'NONE',  ( 63.49027536830374885, 57.99999999999999289, 14.31364957831413420 ) ) ;
#3121 =( BOUNDED_SURFACE ( )  B_SPLINE_SURFACE ( 3, 2, ( 
 ( #944, #590, #197 ),
 ( #1246, #1625, #2021 ),
 ( #3480, #499, #1780 ),
 ( #1314, #2779, #2448 ),
 ( #3850, #1693, #2474 ),
 ( #312, #2423, #633 ),
 ( #2063, #1712, #4602 ),
 ( #2806, #4278, #678 ),
 ( #3204, #2919, #2520 ),
 ( #722, #2968, #1832 ),
 ( #3609, #379, #3988 ),
 ( #1804, #1532, #1129 ),
 ( #772, #2947, #1153 ),
 ( #4034, #2234, #3687 ),
 ( #3757, #517, #2636 ),
 ( #3063, #2332, #3800 ) ),
 .UNSPECIFIED., .F., .F., .F. ) 
 B_SPLINE_SURFACE_WITH_KNOTS ( ( 4, 2, 2, 2, 2, 2, 2, 4 ),
 ( 3, 3 ),
 ( 1.570796326794896558, 1.941678792843691603, 2.127120025868089126, 2.312561258892486649, 2.498002491916884171, 2.683443724941281694, 2.868884957965679661, 3.054326190990077183 ),
 ( 0.000000000000000000, 1.000000000000000000 ),
 .UNSPECIFIED. ) 
 GEOMETRIC_REPRESENTATION_ITEM ( )  RATIONAL_B_SPLINE_SURFACE ( (
 ( 1.000000000000000000, 1.000000000000000000, 1.000000000000000000),
 ( 1.000000000000000000, 1.000125873126456622, 1.000000000000000000),
 ( 1.000000000000000000, 0.9882037915477644985, 1.000000000000000000),
 ( 1.000000000000000000, 0.9558010326857080408, 1.000000000000000000),
 ( 1.000000000000000000, 0.9426106932152097384, 1.000000000000000000),
 ( 1.000000000000000000, 0.9127298928279564683, 1.000000000000000000),
 ( 1.000000000000000000, 0.8960386538894719033, 1.000000000000000000),
 ( 1.000000000000000000, 0.8609917222701602979, 1.000000000000000000),
 ( 1.000000000000000000, 0.8426378541623446017, 1.000000000000000000),
 ( 1.000000000000000000, 0.8066562330061649577, 1.000000000000000000),
 ( 1.000000000000000000, 0.7890381133230400801, 1.000000000000000000),
 ( 1.000000000000000000, 0.7573249006524239713, 1.000000000000000000),
 ( 1.000000000000000000, 0.7432533454601187861, 1.000000000000000000),
 ( 1.000000000000000000, 0.7213585926747093646, 1.000000000000000000),
 ( 1.000000000000000000, 0.7135450879966619420, 1.000000000000000000),
 ( 1.000000000000000000, 0.7097873355780218718, 1.000000000000000000) ) ) 
 REPRESENTATION_ITEM ( '' )  SURFACE ( )  );
#3122 = ORIENTED_EDGE ( 'NONE', *, *, #2492, .F. ) ;
#3123 = CARTESIAN_POINT ( 'NONE',  ( 42.55976109420072362, 86.58822269792825921, 37.24960537546577655 ) ) ;
#3124 = CARTESIAN_POINT ( 'NONE',  ( 39.16337978766606653, 88.00000000000000000, 8.128554301179606867 ) ) ;
#3125 = ORIENTED_EDGE ( 'NONE', *, *, #3689, .T. ) ;
#3126 = ORIENTED_EDGE ( 'NONE', *, *, #4601, .T. ) ;
#3127 = CARTESIAN_POINT ( 'NONE',  ( -35.68438072234877012, 57.99999999999999289, 58.45959250484199288 ) ) ;
#3128 = EDGE_CURVE ( 'NONE', #839, #428, #2994, .T. ) ;
#3129 = LINE ( 'NONE', #3797, #1516 ) ;
#3130 = CARTESIAN_POINT ( 'NONE',  ( 37.14314131023930798, 87.00721851145959818, 2.440153429636016114 ) ) ;
#3131 = CARTESIAN_POINT ( 'NONE',  ( -27.00000000000000000, 60.00000000000000000, 61.78654690001445005 ) ) ;
#3132 = PLANE ( 'NONE',  #2185 ) ;
#3133 = ORIENTED_EDGE ( 'NONE', *, *, #78, .F. ) ;
#3134 = ADVANCED_FACE ( 'NONE', ( #2893 ), #4268, .T. ) ;
#3135 = CARTESIAN_POINT ( 'NONE',  ( 33.49097407328447673, 80.91509255844033532, 57.64908484127654020 ) ) ;
#3136 = DIRECTION ( 'NONE',  ( 0.9929340751601265502, 0.1186672759690051149, 0.000000000000000000 ) ) ;
#3137 = VERTEX_POINT ( 'NONE', #1032 ) ;
#3138 = AXIS2_PLACEMENT_3D ( 'NONE', #1240, #2303, #794 ) ;
#3139 = CARTESIAN_POINT ( 'NONE',  ( 43.18849111953585407, 84.32271468921624091, 4.788064263086023509 ) ) ;
#3140 = CARTESIAN_POINT ( 'NONE',  ( 58.93885037276795202, 60.00000000000000000, 8.454619388304740468 ) ) ;
#3141 = EDGE_CURVE ( 'NONE', #1080, #2189, #3089, .T. ) ;
#3142 = ORIENTED_EDGE ( 'NONE', *, *, #1726, .F. ) ;
#3143 = CARTESIAN_POINT ( 'NONE',  ( 40.00000000000146372, 88.00000000000000000, 40.00000000000175504 ) ) ;
#3144 = DIRECTION ( 'NONE',  ( 0.000000000000000000, -0.000000000000000000, 1.000000000000000000 ) ) ;
#3145 = DIRECTION ( 'NONE',  ( 0.000000000000000000, 0.000000000000000000, 1.000000000000000000 ) ) ;
#3146 = VECTOR ( 'NONE', #4455, 1000.000000000000000 ) ;
#3147 =( BOUNDED_CURVE ( )  B_SPLINE_CURVE ( 3, ( #3856, #3766, #1252, #3140 ),
 .UNSPECIFIED., .F., .F. ) 
 B_SPLINE_CURVE_WITH_KNOTS ( ( 4, 4 ),
 ( 4.712388980384692339, 4.762474486514612693 ),
 .UNSPECIFIED. ) 
 CURVE ( )  GEOMETRIC_REPRESENTATION_ITEM ( )  RATIONAL_B_SPLINE_CURVE ( ( 1.000000000000000000, 0.9997909644311899768, 0.9997909644311899768, 1.000000000000000000 ) ) 
 REPRESENTATION_ITEM ( '' )  );
#3148 = CARTESIAN_POINT ( 'NONE',  ( -36.26614665610721033, 68.99999999999995737, -2.029985026128143133 ) ) ;
#3149 = CARTESIAN_POINT ( 'NONE',  ( 61.74398326858154462, 57.99999999999999289, 13.32303686971575019 ) ) ;
#3150 = CARTESIAN_POINT ( 'NONE',  ( 36.72438105680387821, 83.07714733632292337, -1.830443576695104380 ) ) ;
#3151 = CARTESIAN_POINT ( 'NONE',  ( -32.90923216882518432, 82.75399115854122556, 56.64147830586250620 ) ) ;
#3152 = EDGE_CURVE ( 'NONE', #1554, #2066, #2109, .T. ) ;
#3153 = VECTOR ( 'NONE', #498, 1000.000000000000114 ) ;
#3154 = VERTEX_POINT ( 'NONE', #3535 ) ;
#3155 = CARTESIAN_POINT ( 'NONE',  ( -20.00000000000000000, 65.00000000000000000, 80.00000000000000000 ) ) ;
#3156 = AXIS2_PLACEMENT_3D ( 'NONE', #109, #1911, #1140 ) ;
#3157 = EDGE_CURVE ( 'NONE', #779, #3510, #2754, .T. ) ;
#3158 = AXIS2_PLACEMENT_3D ( 'NONE', #3024, #4160, #4480 ) ;
#3159 = EDGE_LOOP ( 'NONE', ( #2856, #3725, #3859 ) ) ;
#3160 = CARTESIAN_POINT ( 'NONE',  ( -30.75122556262693863, 86.00000000000000000, 54.54179040470482676 ) ) ;
#3161 = B_SPLINE_CURVE_WITH_KNOTS ( 'NONE', 3,
 ( #3106, #2057, #4511, #4149, #2732, #2439, #4552, #541, #3798, #1305, #1991, #1966, #3517, #283, #189, #2752, #563, #1264, #4196, #3445, #1284, #1643, #3086, #959 ),
 .UNSPECIFIED., .F., .F.,
 ( 4, 2, 2, 2, 2, 2, 2, 2, 2, 2, 2, 4 ),
 ( 0.000000000000000000, 0.001391769860455302878, 0.002783539720910605756, 0.003479424651138257520, 0.004175309581365908851, 0.005567079441821211512, 0.006958849302276515041, 0.007654734232504165937, 0.008350619162731817702, 0.009046504092959468599, 0.009742389023187121230, 0.01113415888364242823 ),
 .UNSPECIFIED. ) ;
#3162 = DIRECTION ( 'NONE',  ( -0.000000000000000000, 1.000000000000000000, -0.000000000000000000 ) ) ;
#3163 = CYLINDRICAL_SURFACE ( 'NONE', #2327, 2.999999999999999112 ) ;
#3164 = CARTESIAN_POINT ( 'NONE',  ( -58.59175441448883959, 81.09479702540762958, 14.00958964280135888 ) ) ;
#3165 = EDGE_CURVE ( 'NONE', #3763, #806, #3097, .T. ) ;
#3166 = PLANE ( 'NONE',  #2419 ) ;
#3167 = ORIENTED_EDGE ( 'NONE', *, *, #3858, .F. ) ;
#3168 = CARTESIAN_POINT ( 'NONE',  ( 27.00000000000000355, 65.00000000000000000, 59.34146390729813447 ) ) ;
#3169 = CARTESIAN_POINT ( 'NONE',  ( -41.15583892094012697, 57.99999999999999289, -4.332676087855369396 ) ) ;
#3170 = CYLINDRICAL_SURFACE ( 'NONE', #4378, 4.250000000000003553 ) ;
#3171 = ORIENTED_EDGE ( 'NONE', *, *, #85, .T. ) ;
#3172 = ORIENTED_EDGE ( 'NONE', *, *, #1266, .T. ) ;
#3173 = CARTESIAN_POINT ( 'NONE',  ( 40.00000000000146372, 73.00000000000000000, 36.25000000000174794 ) ) ;
#3174 = VECTOR ( 'NONE', #2970, 1000.000000000000114 ) ;
#3175 = DIRECTION ( 'NONE',  ( 0.8660254037844392627, 0.000000000000000000, -0.4999999999999990563 ) ) ;
#3176 =( BOUNDED_CURVE ( )  B_SPLINE_CURVE ( 3, ( #291, #1392, #4651, #1716 ),
 .UNSPECIFIED., .F., .F. ) 
 B_SPLINE_CURVE_WITH_KNOTS ( ( 4, 4 ),
 ( 0.08726646259971539143, 1.570796326794896336 ),
 .UNSPECIFIED. ) 
 CURVE ( )  GEOMETRIC_REPRESENTATION_ITEM ( )  RATIONAL_B_SPLINE_CURVE ( ( 1.000000000000000000, 0.8248515578734157971, 0.8248515578734157971, 1.000000000000000000 ) ) 
 REPRESENTATION_ITEM ( '' )  );
#3177 = DIRECTION ( 'NONE',  ( 0.5000000000000014433, 0.000000000000000000, -0.8660254037844378194 ) ) ;
#3178 = CARTESIAN_POINT ( 'NONE',  ( -39.99999999999853628, 73.00000000000000000, 1.752070710736575165E-12 ) ) ;
#3179 = AXIS2_PLACEMENT_3D ( 'NONE', #2403, #3761, #3116 ) ;
#3180 = ORIENTED_EDGE ( 'NONE', *, *, #634, .T. ) ;
#3181 = DIRECTION ( 'NONE',  ( -0.000000000000000000, -1.000000000000000000, -0.000000000000000000 ) ) ;
#3182 = DIRECTION ( 'NONE',  ( 1.080076455889611940E-17, 0.08715574274765820750, -0.9961946980917455452 ) ) ;
#3183 = ORIENTED_EDGE ( 'NONE', *, *, #557, .T. ) ;
#3184 = FACE_OUTER_BOUND ( 'NONE', #3548, .T. ) ;
#3185 = ORIENTED_EDGE ( 'NONE', *, *, #4477, .F. ) ;
#3186 = EDGE_CURVE ( 'NONE', #3913, #4327, #409, .T. ) ;
#3187 = CARTESIAN_POINT ( 'NONE',  ( -33.09619097536031518, 57.99999999999999289, 59.95388455197959843 ) ) ;
#3188 = CARTESIAN_POINT ( 'NONE',  ( -29.79925332817908412, 87.99999999998020428, 51.25483694340984897 ) ) ;
#3189 = CARTESIAN_POINT ( 'NONE',  ( -58.67958792489826436, 82.88602577323094067, 11.95634372764397035 ) ) ;
#3190 = ORIENTED_EDGE ( 'NONE', *, *, #1975, .F. ) ;
#3191 = EDGE_CURVE ( 'NONE', #2126, #2000, #3319, .T. ) ;
#3192 = CARTESIAN_POINT ( 'NONE',  ( 26.99999999999999289, 69.10050506338832577, 58.98271619952100053 ) ) ;
#3193 = CARTESIAN_POINT ( 'NONE',  ( 36.32690656370567694, 87.97532712413546108, 39.20268463879379794 ) ) ;
#3194 = DIRECTION ( 'NONE',  ( -0.000000000000000000, -1.000000000000000000, -0.000000000000000000 ) ) ;
#3195 = VERTEX_POINT ( 'NONE', #962 ) ;
#3196 = DIRECTION ( 'NONE',  ( 0.8682098663536699235, 0.000000000000000000, 0.4961971664229278267 ) ) ;
#3197 = CARTESIAN_POINT ( 'NONE',  ( 40.00000000000146372, 57.99999999999999289, 42.25000000000175504 ) ) ;
#3198 = CARTESIAN_POINT ( 'NONE',  ( -33.13043413076686505, 83.56413261338119014, 54.86111910218556176 ) ) ;
#3199 = FACE_OUTER_BOUND ( 'NONE', #1084, .T. ) ;
#3200 = CARTESIAN_POINT ( 'NONE',  ( -49.87809338607208787, 86.00000000000000000, 14.31469708150908815 ) ) ;
#3201 = ORIENTED_EDGE ( 'NONE', *, *, #2145, .T. ) ;
#3202 = EDGE_CURVE ( 'NONE', #1734, #417, #1820, .T. ) ;
#3203 = DIRECTION ( 'NONE',  ( -0.000000000000000000, 1.000000000000000000, -0.000000000000000000 ) ) ;
#3204 = CARTESIAN_POINT ( 'NONE',  ( 58.39173687202431751, 84.49518932143989502, 14.82571230772452964 ) ) ;
#3205 = VERTEX_POINT ( 'NONE', #1620 ) ;
#3206 = ORIENTED_EDGE ( 'NONE', *, *, #4215, .F. ) ;
#3207 = CARTESIAN_POINT ( 'NONE',  ( 44.24368011137626411, 57.99999999999999289, -0.2316875316480961622 ) ) ;
#3208 = CARTESIAN_POINT ( 'NONE',  ( 41.64644795668348820, 85.20174635510527139, 5.524533388057203176 ) ) ;
#3209 = FACE_OUTER_BOUND ( 'NONE', #2833, .T. ) ;
#3210 = FACE_OUTER_BOUND ( 'NONE', #1671, .T. ) ;
#3211 = ADVANCED_FACE ( 'NONE', ( #3064 ), #2569, .T. ) ;
#3212 = ORIENTED_EDGE ( 'NONE', *, *, #4207, .F. ) ;
#3213 = CARTESIAN_POINT ( 'NONE',  ( 32.03518761691204730, 79.48734778514845800, 60.08162488662694045 ) ) ;
#3214 = CARTESIAN_POINT ( 'NONE',  ( 40.27222419205455850, 87.64589410348365561, 36.25000000000174794 ) ) ;
#3215 = CARTESIAN_POINT ( 'NONE',  ( -39.99999999999853628, 88.00000000000000000, 40.00000000000175504 ) ) ;
#3216 = EDGE_CURVE ( 'NONE', #4343, #1130, #2797, .T. ) ;
#3217 = ORIENTED_EDGE ( 'NONE', *, *, #3970, .T. ) ;
#3218 = CARTESIAN_POINT ( 'NONE',  ( -39.99999999999853628, 73.00000000000000000, 45.75000000000176215 ) ) ;
#3219 = CARTESIAN_POINT ( 'NONE',  ( -39.99999999999853628, 85.87423082768955851, 34.25000000000174794 ) ) ;
#3220 = CARTESIAN_POINT ( 'NONE',  ( -43.55273716651480242, 85.37831341358641168, 38.77862675702899509 ) ) ;
#3221 = CARTESIAN_POINT ( 'NONE',  ( -43.60701569958692403, 78.00000000000000000, 25.17652225271284649 ) ) ;
#3222 = ORIENTED_EDGE ( 'NONE', *, *, #1260, .F. ) ;
#3223 = AXIS2_PLACEMENT_3D ( 'NONE', #949, #1930, #4161 ) ;
#3224 = CARTESIAN_POINT ( 'NONE',  ( 40.00000000000146372, 68.99999999999995737, 44.25000000000176215 ) ) ;
#3225 = EDGE_CURVE ( 'NONE', #124, #2521, #939, .T. ) ;
#3226 = ORIENTED_EDGE ( 'NONE', *, *, #3278, .F. ) ;
#3227 = ORIENTED_EDGE ( 'NONE', *, *, #2375, .T. ) ;
#3228 = CARTESIAN_POINT ( 'NONE',  ( 44.23755921869435070, 65.11788146625043794, 0.4838497811943881510 ) ) ;
#3229 = VECTOR ( 'NONE', #407, 1000.000000000000000 ) ;
#3230 = LINE ( 'NONE', #3946, #3768 ) ;
#3231 = CARTESIAN_POINT ( 'NONE',  ( -55.88548177583402321, 83.56413261293748462, 11.12123597189704860 ) ) ;
#3232 = VECTOR ( 'NONE', #2431, 1000.000000000000000 ) ;
#3233 = CIRCLE ( 'NONE', #1350, 2.250000000000001776 ) ;
#3234 = CARTESIAN_POINT ( 'NONE',  ( -39.99999999999853628, 70.49999999999998579, 45.75000000000176215 ) ) ;
#3235 = FACE_OUTER_BOUND ( 'NONE', #3950, .T. ) ;
#3236 = EDGE_LOOP ( 'NONE', ( #394, #1398, #2703, #1508, #2482, #1362 ) ) ;
#3237 = CARTESIAN_POINT ( 'NONE',  ( 36.36438947439985014, 78.87155742747660270, 57.64501281680244915 ) ) ;
#3238 = CARTESIAN_POINT ( 'NONE',  ( 40.00000000000146372, 73.00000000000000000, 40.00000000000175504 ) ) ;
#3239 = FACE_OUTER_BOUND ( 'NONE', #4532, .T. ) ;
#3240 = LINE ( 'NONE', #2103, #671 ) ;
#3241 = ORIENTED_EDGE ( 'NONE', *, *, #1490, .F. ) ;
#3242 = VERTEX_POINT ( 'NONE', #3110 ) ;
#3243 = CARTESIAN_POINT ( 'NONE',  ( 62.00883257553473271, 57.99999999999999289, 12.86430441372342415 ) ) ;
#3244 = DIRECTION ( 'NONE',  ( 0.000000000000000000, 0.000000000000000000, 1.000000000000000000 ) ) ;
#3245 = VECTOR ( 'NONE', #1863, 1000.000000000000114 ) ;
#3246 = ADVANCED_FACE ( 'NONE', ( #4555 ), #1308, .T. ) ;
#3247 = CARTESIAN_POINT ( 'NONE',  ( -42.37811855146430418, 86.72582739347276970, 37.09005702484391520 ) ) ;
#3248 = CARTESIAN_POINT ( 'NONE',  ( -45.27863540843513590, 57.99999999999999289, -1.952378425986073918 ) ) ;
#3249 = VECTOR ( 'NONE', #2490, 1000.000000000000114 ) ;
#3250 = EDGE_LOOP ( 'NONE', ( #3104, #1585, #2016, #384 ) ) ;
#3251 = EDGE_CURVE ( 'NONE', #2295, #4327, #2041, .T. ) ;
#3252 = CARTESIAN_POINT ( 'NONE',  ( 34.37790874819611986, 83.04886130184593185, 56.33948554644977236 ) ) ;
#3253 = CARTESIAN_POINT ( 'NONE',  ( 40.00000000000146372, 68.99999999999995737, 35.75000000000175504 ) ) ;
#3254 = CIRCLE ( 'NONE', #2572, 2.999999999999999556 ) ;
#3255 = ORIENTED_EDGE ( 'NONE', *, *, #1937, .T. ) ;
#3256 = AXIS2_PLACEMENT_3D ( 'NONE', #2118, #3057, #1261 ) ;
#3257 = FACE_OUTER_BOUND ( 'NONE', #44, .T. ) ;
#3258 = CARTESIAN_POINT ( 'NONE',  ( -35.45028900563220020, 82.97727752223973141, 56.69505174372505962 ) ) ;
#3259 = CARTESIAN_POINT ( 'NONE',  ( -60.73393425564919568, 78.95477084192620509, 11.40588328734515322 ) ) ;
#3260 = DIRECTION ( 'NONE',  ( 0.1186073329426358125, -0.9924325091389670783, -0.03178073907838822182 ) ) ;
#3261 = CARTESIAN_POINT ( 'NONE',  ( -34.57254749211077183, 70.49999999999998579, -1.898752030839256255 ) ) ;
#3262 = ORIENTED_EDGE ( 'NONE', *, *, #1614, .T. ) ;
#3263 = CARTESIAN_POINT ( 'NONE',  ( -34.57257003081002722, 85.98694726890347795, 41.93934771246684079 ) ) ;
#3264 = CARTESIAN_POINT ( 'NONE',  ( -33.11225889621742624, 57.42042921210836681, 56.99313091300086853 ) ) ;
#3265 = CARTESIAN_POINT ( 'NONE',  ( 40.00000000000146372, 73.00000000000000000, 1.752070710736575165E-12 ) ) ;
#3266 = CYLINDRICAL_SURFACE ( 'NONE', #4084, 10.00000000000000178 ) ;
#3267 = VERTEX_POINT ( 'NONE', #3248 ) ;
#3268 = VERTEX_POINT ( 'NONE', #674 ) ;
#3269 = CARTESIAN_POINT ( 'NONE',  ( 54.38156733999369408, 85.09760451973153295, 14.15700866571181571 ) ) ;
#3270 = CARTESIAN_POINT ( 'NONE',  ( -35.98076211353303933, 57.99999999999999289, 61.96152422706629892 ) ) ;
#3271 = APPLICATION_PROTOCOL_DEFINITION ( 'draft international standard', 'automotive_design', 1998, #1837 ) ;
#3272 = CARTESIAN_POINT ( 'NONE',  ( -43.74339511166114391, 84.76450683078073212, 39.67477538699758099 ) ) ;
#3273 = B_SPLINE_CURVE_WITH_KNOTS ( 'NONE', 3,
 ( #2073, #2815, #1353, #299, #4335, #3532, #17, #4612, #1049, #4263, #1095, #1027, #666, #322, #3193, #2484, #3929, #3575, #2147, #1447, #4358, #853, #4044, #4093, #108, #1890, #2577, #484, #1539, #3287, #2976, #1866 ),
 .UNSPECIFIED., .F., .F.,
 ( 4, 2, 2, 2, 2, 2, 2, 2, 2, 2, 2, 2, 2, 2, 2, 4 ),
 ( 0.02531329222484581670, 0.02607517421061611787, 0.02683705619638641557, 0.02759893818215671674, 0.02836082016792701443, 0.02912270215369731560, 0.02988458413946761677, 0.03064646612523791447, 0.03140834811100821911, 0.03217023009677851680, 0.03293211208254881450, 0.03369399406831911220, 0.03445587605408941684, 0.03597964002563002611, 0.03674152201140033075, 0.03750340399717063539 ),
 .UNSPECIFIED. ) ;
#3274 = EDGE_CURVE ( 'NONE', #2183, #2031, #1969, .T. ) ;
#3275 =( BOUNDED_CURVE ( )  B_SPLINE_CURVE ( 3, ( #3261, #38, #4353, #410 ),
 .UNSPECIFIED., .F., .F. ) 
 B_SPLINE_CURVE_WITH_KNOTS ( ( 4, 4 ),
 ( 4.375854729728184900, 4.505421337734507148 ),
 .UNSPECIFIED. ) 
 CURVE ( )  GEOMETRIC_REPRESENTATION_ITEM ( )  RATIONAL_B_SPLINE_CURVE ( ( 1.000000000000000000, 0.9986015303771518248, 0.9986015303771518248, 1.000000000000000000 ) ) 
 REPRESENTATION_ITEM ( '' )  );
#3276 = ORIENTED_EDGE ( 'NONE', *, *, #1737, .F. ) ;
#3277 = CARTESIAN_POINT ( 'NONE',  ( 44.28244071034338702, 57.99999999999999289, -0.2093090894004744074 ) ) ;
#3278 = EDGE_CURVE ( 'NONE', #314, #978, #1738, .T. ) ;
#3279 = DIRECTION ( 'NONE',  ( 0.1186073329426364092, -0.9924325091389670783, -0.03178073907838851325 ) ) ;
#3280 = CARTESIAN_POINT ( 'NONE',  ( -36.24530633185839434, 80.09810628471204552, 57.52125798488044239 ) ) ;
#3281 = LINE ( 'NONE', #1485, #2258 ) ;
#3282 = EDGE_CURVE ( 'NONE', #600, #2207, #4090, .T. ) ;
#3283 = DIRECTION ( 'NONE',  ( -0.8660254037844380415, 0.000000000000000000, -0.5000000000000012212 ) ) ;
#3284 = CARTESIAN_POINT ( 'NONE',  ( -58.04705336078048106, 60.10012913671478429, 10.02007572445211459 ) ) ;
#3285 = ORIENTED_EDGE ( 'NONE', *, *, #4613, .F. ) ;
#3286 = CARTESIAN_POINT ( 'NONE',  ( 36.36438947439984304, 78.87155742747657428, 57.64501281680244205 ) ) ;
#3287 = CARTESIAN_POINT ( 'NONE',  ( 39.57770014178807827, 86.15804029986098556, 43.73242241941428432 ) ) ;
#3288 = CYLINDRICAL_SURFACE ( 'NONE', #2553, 1.999999999999998224 ) ;
#3289 = EDGE_CURVE ( 'NONE', #1899, #302, #19, .T. ) ;
#3290 = EDGE_LOOP ( 'NONE', ( #3524, #3771, #719, #1584, #1216, #1149, #3072, #435, #3353, #2377, #4329, #3374 ) ) ;
#3291 = ORIENTED_EDGE ( 'NONE', *, *, #3014, .T. ) ;
#3292 = CARTESIAN_POINT ( 'NONE',  ( 52.20889839879272643, 85.81452138879325275, 14.23308431906117910 ) ) ;
#3293 = DIRECTION ( 'NONE',  ( 0.5000000000000014433, 0.000000000000000000, -0.8660254037844378194 ) ) ;
#3294 = CARTESIAN_POINT ( 'NONE',  ( -39.99999999999853628, 73.00000000000000000, 40.00000000000175504 ) ) ;
#3295 = CARTESIAN_POINT ( 'NONE',  ( -39.99999999999853628, 87.70451275623014453, 36.25000000000174794 ) ) ;
#3296 = LINE ( 'NONE', #2985, #4609 ) ;
#3297 = VECTOR ( 'NONE', #810, 1000.000000000000000 ) ;
#3298 = VERTEX_POINT ( 'NONE', #2537 ) ;
#3299 = CARTESIAN_POINT ( 'NONE',  ( -38.75384867965255609, 87.89757536875060850, 36.45401383945054619 ) ) ;
#3300 = FACE_OUTER_BOUND ( 'NONE', #1380, .T. ) ;
#3301 = CARTESIAN_POINT ( 'NONE',  ( -43.27054486125017263, 84.43804684724798904, 35.26743472687879688 ) ) ;
#3302 = EDGE_CURVE ( 'NONE', #2896, #3502, #2337, .T. ) ;
#3303 =( BOUNDED_CURVE ( )  B_SPLINE_CURVE ( 3, ( #342, #3309, #4089, #1463 ),
 .UNSPECIFIED., .F., .T. ) 
 B_SPLINE_CURVE_WITH_KNOTS ( ( 4, 4 ),
 ( 2.265653605564931894, 2.441838205626177594 ),
 .UNSPECIFIED. ) 
 CURVE ( )  GEOMETRIC_REPRESENTATION_ITEM ( )  RATIONAL_B_SPLINE_CURVE ( ( 1.000000000000000000, 0.9974149212794385377, 0.9974149212794385377, 1.000000000000000000 ) ) 
 REPRESENTATION_ITEM ( '' )  );
#3304 = ORIENTED_EDGE ( 'NONE', *, *, #116, .T. ) ;
#3305 = VERTEX_POINT ( 'NONE', #2491 ) ;
#3306 = CARTESIAN_POINT ( 'NONE',  ( 59.93359537651703306, 60.03339382796072243, 6.714086621890595019 ) ) ;
#3307 = ADVANCED_FACE ( 'NONE', ( #3582 ), #1776, .F. ) ;
#3308 = FACE_OUTER_BOUND ( 'NONE', #15, .T. ) ;
#3309 = CARTESIAN_POINT ( 'NONE',  ( -41.31310805414567966, 75.72853235859011534, 45.60825957955990617 ) ) ;
#3310 = CARTESIAN_POINT ( 'NONE',  ( 29.17497351054302612, 86.00000000000000000, 50.17355258111435035 ) ) ;
#3311 = VECTOR ( 'NONE', #1086, 1000.000000000000000 ) ;
#3312 = ORIENTED_EDGE ( 'NONE', *, *, #456, .T. ) ;
#3313 = CARTESIAN_POINT ( 'NONE',  ( -36.60022927169003282, 85.12023727317395583, 44.64990511068061352 ) ) ;
#3314 = VECTOR ( 'NONE', #2197, 999.9999999999998863 ) ;
#3315 = DIRECTION ( 'NONE',  ( -0.8660254037844380415, -0.000000000000000000, 0.5000000000000012212 ) ) ;
#3316 = EDGE_CURVE ( 'NONE', #1125, #4493, #3296, .T. ) ;
#3317 = CARTESIAN_POINT ( 'NONE',  ( -43.16610105038900258, 84.84394991684617082, 2.016196449899351872 ) ) ;
#3318 = CIRCLE ( 'NONE', #2937, 4.250000000000001776 ) ;
#3319 = B_SPLINE_CURVE_WITH_KNOTS ( 'NONE', 3,
 ( #1728, #1452, #2845, #1426, #4292, #1055, #1081, #2153, #4339, #2513, #1010, #3979, #4591, #1358, #2796, #543, #2357, #3868, #4531, #1329, #3422, #630, #1968, #2734 ),
 .UNSPECIFIED., .F., .F.,
 ( 4, 2, 2, 2, 2, 2, 2, 2, 2, 2, 2, 4 ),
 ( 0.01057406317758520162, 0.01126497451810784360, 0.01195588585863048732, 0.01264679719915312930, 0.01333770853967577129, 0.01402861988019841327, 0.01471953122072105699, 0.01610135390176634790, 0.01748317658281164227, 0.01886499926385693665, 0.02024682194490223103, 0.02162864462594752540 ),
 .UNSPECIFIED. ) ;
#3320 = EDGE_LOOP ( 'NONE', ( #1800, #20, #3960, #738 ) ) ;
#3321 = VERTEX_POINT ( 'NONE', #3730 ) ;
#3322 = CARTESIAN_POINT ( 'NONE',  ( -39.99999999999853628, 73.00000000000000000, 40.00000000000175504 ) ) ;
#3323 = CARTESIAN_POINT ( 'NONE',  ( -35.83546633521236657, 85.48984172212247756, 3.971054644456371019 ) ) ;
#3324 = CARTESIAN_POINT ( 'NONE',  ( 61.66681070950037480, 58.00252549018552628, 7.509594128728224405 ) ) ;
#3325 = EDGE_CURVE ( 'NONE', #1053, #2757, #2416, .T. ) ;
#3326 = CARTESIAN_POINT ( 'NONE',  ( 33.09619097536032228, 57.99999999999999289, 59.95388455197960553 ) ) ;
#3327 = DIRECTION ( 'NONE',  ( 0.000000000000000000, -0.08715574274765817975, -0.9961946980917456562 ) ) ;
#3328 = ORIENTED_EDGE ( 'NONE', *, *, #4113, .F. ) ;
#3329 = CARTESIAN_POINT ( 'NONE',  ( -36.94266427362457250, 87.98503117711071297, 37.81351557957458454 ) ) ;
#3330 = CARTESIAN_POINT ( 'NONE',  ( 39.07228629498775518, 85.72669518939960653, 5.679501169794792581 ) ) ;
#3331 = CARTESIAN_POINT ( 'NONE',  ( 27.00000000000000355, 65.00000000000000000, 59.34146390729813447 ) ) ;
#3332 = AXIS2_PLACEMENT_3D ( 'NONE', #2824, #1360, #1707 ) ;
#3333 = AXIS2_PLACEMENT_3D ( 'NONE', #241, #627, #1664 ) ;
#3334 = CARTESIAN_POINT ( 'NONE',  ( -36.53189041358596256, 83.67662294661511169, -1.458430286283367572 ) ) ;
#3335 = ORIENTED_EDGE ( 'NONE', *, *, #2411, .T. ) ;
#3336 = VECTOR ( 'NONE', #4450, 999.9999999999998863 ) ;
#3337 = CARTESIAN_POINT ( 'NONE',  ( 45.51344929398880623, 75.72853235859058429, 38.33305514302470840 ) ) ;
#3338 = CARTESIAN_POINT ( 'NONE',  ( 40.00000000000146372, 70.49999999999998579, 45.75000000000176215 ) ) ;
#3339 = AXIS2_PLACEMENT_3D ( 'NONE', #1961, #1615, #469 ) ;
#3340 = FACE_OUTER_BOUND ( 'NONE', #3290, .T. ) ;
#3341 = EDGE_CURVE ( 'NONE', #2144, #3268, #1365, .T. ) ;
#3342 = EDGE_LOOP ( 'NONE', ( #281, #89 ) ) ;
#3343 = CARTESIAN_POINT ( 'NONE',  ( -34.80930457932853272, 85.93457185772943774, 42.48154638379308068 ) ) ;
#3344 = DIRECTION ( 'NONE',  ( 0.000000000000000000, -0.08715574274765769403, -0.9961946980917456562 ) ) ;
#3345 = CARTESIAN_POINT ( 'NONE',  ( -58.93667560390439064, 60.10012913671478429, 8.463479151408540346 ) ) ;
#3346 = DIRECTION ( 'NONE',  ( 0.000000000000000000, 0.000000000000000000, 1.000000000000000000 ) ) ;
#3347 = VERTEX_POINT ( 'NONE', #134 ) ;
#3348 = EDGE_CURVE ( 'NONE', #1298, #3267, #3680, .T. ) ;
#3349 = EDGE_LOOP ( 'NONE', ( #3201, #1945, #4169, #850, #3803 ) ) ;
#3350 = CARTESIAN_POINT ( 'NONE',  ( -44.63657209949347759, 69.48186963536572591, 40.94487534219337022 ) ) ;
#3351 = CARTESIAN_POINT ( 'NONE',  ( -34.37271338305173884, 78.69724594198126510, -1.181585938782008682 ) ) ;
#3352 = CARTESIAN_POINT ( 'NONE',  ( -39.99999999999853628, 73.00000000000000000, 1.752070710736575165E-12 ) ) ;
#3353 = ORIENTED_EDGE ( 'NONE', *, *, #3435, .F. ) ;
#3354 = FACE_OUTER_BOUND ( 'NONE', #3236, .T. ) ;
#3355 = CARTESIAN_POINT ( 'NONE',  ( 0.000000000000000000, 57.99999999999999289, 0.000000000000000000 ) ) ;
#3356 = PLANE ( 'NONE',  #4520 ) ;
#3357 = ADVANCED_FACE ( 'NONE', ( #1874 ), #4464, .F. ) ;
#3358 = ORIENTED_EDGE ( 'NONE', *, *, #1709, .T. ) ;
#3359 = CARTESIAN_POINT ( 'NONE',  ( 26.99999999999998934, 57.99999999999987210, 61.96152422706631313 ) ) ;
#3360 = CARTESIAN_POINT ( 'NONE',  ( 40.00000000000146372, 73.00000000000000000, 40.00000000000175504 ) ) ;
#3361 = CARTESIAN_POINT ( 'NONE',  ( 6.271077686485158509, 86.00000000000000000, -10.86182517120374946 ) ) ;
#3362 = ORIENTED_EDGE ( 'NONE', *, *, #3837, .T. ) ;
#3363 =( BOUNDED_CURVE ( )  B_SPLINE_CURVE ( 3, ( #887, #2589, #1569, #3037 ),
 .UNSPECIFIED., .F., .F. ) 
 B_SPLINE_CURVE_WITH_KNOTS ( ( 4, 4 ),
 ( 2.579972549707549412, 2.643461715961841652 ),
 .UNSPECIFIED. ) 
 CURVE ( )  GEOMETRIC_REPRESENTATION_ITEM ( )  RATIONAL_B_SPLINE_CURVE ( ( 1.000000000000000000, 0.9996641220213217105, 0.9996641220213217105, 1.000000000000000000 ) ) 
 REPRESENTATION_ITEM ( '' )  );
#3364 = CARTESIAN_POINT ( 'NONE',  ( -37.03272946747352989, 84.82254961288884942, 44.92820405651706039 ) ) ;
#3365 = CARTESIAN_POINT ( 'NONE',  ( -46.92605355282454838, 64.34509957340581821, -0.3602388100053637299 ) ) ;
#3366 = CARTESIAN_POINT ( 'NONE',  ( 44.54130003949830297, 82.72950034675200470, 36.47020094401789692 ) ) ;
#3367 = EDGE_CURVE ( 'NONE', #2150, #3003, #1918, .T. ) ;
#3368 = ORIENTED_EDGE ( 'NONE', *, *, #3202, .F. ) ;
#3369 = VERTEX_POINT ( 'NONE', #3631 ) ;
#3370 = FACE_OUTER_BOUND ( 'NONE', #3638, .T. ) ;
#3371 = CARTESIAN_POINT ( 'NONE',  ( -34.34702163107402129, 79.62588841509636950, -1.058984152812212809 ) ) ;
#3372 = DIRECTION ( 'NONE',  ( -1.084202172485504280E-17, 0.000000000000000000, 1.000000000000000000 ) ) ;
#3373 = ADVANCED_FACE ( 'NONE', ( #95 ), #400, .F. ) ;
#3374 = ORIENTED_EDGE ( 'NONE', *, *, #3289, .T. ) ;
#3375 = DIRECTION ( 'NONE',  ( 0.000000000000000000, 0.000000000000000000, 1.000000000000000000 ) ) ;
#3376 = VECTOR ( 'NONE', #3162, 1000.000000000000000 ) ;
#3377 = CARTESIAN_POINT ( 'NONE',  ( 59.17271645484493803, 78.87155742747657428, 8.177884670110262988 ) ) ;
#3378 = CARTESIAN_POINT ( 'NONE',  ( 60.75646755812278599, 57.99999999999999289, 9.304940298967350643 ) ) ;
#3379 = EDGE_CURVE ( 'NONE', #2773, #1610, #2638, .T. ) ;
#3380 = ORIENTED_EDGE ( 'NONE', *, *, #2742, .F. ) ;
#3381 = B_SPLINE_CURVE_WITH_KNOTS ( 'NONE', 3,
 ( #4242, #2119, #3572, #3947 ),
 .UNSPECIFIED., .F., .F.,
 ( 4, 4 ),
 ( -0.0003749659482418540683, 0.0003276594614553558077 ),
 .UNSPECIFIED. ) ;
#3382 = AXIS2_PLACEMENT_3D ( 'NONE', #3264, #1841, #3344 ) ;
#3383 = FACE_OUTER_BOUND ( 'NONE', #3709, .T. ) ;
#3384 = FACE_BOUND ( 'NONE', #3652, .T. ) ;
#3385 = ORIENTED_EDGE ( 'NONE', *, *, #1697, .T. ) ;
#3386 = DIRECTION ( 'NONE',  ( -0.000000000000000000, -1.000000000000000000, -0.000000000000000000 ) ) ;
#3387 = CARTESIAN_POINT ( 'NONE',  ( 0.000000000000000000, 86.00000000000000000, 6.787971645951950350 ) ) ;
#3388 = CARTESIAN_POINT ( 'NONE',  ( 40.22156685633838435, 85.83979894794845222, 34.25000000000174794 ) ) ;
#3389 = VECTOR ( 'NONE', #574, 999.9999999999998863 ) ;
#3390 = AXIS2_PLACEMENT_3D ( 'NONE', #3155, #4277, #2111 ) ;
#3391 = ORIENTED_EDGE ( 'NONE', *, *, #968, .F. ) ;
#3392 = ORIENTED_EDGE ( 'NONE', *, *, #11, .T. ) ;
#3393 = CARTESIAN_POINT ( 'NONE',  ( 29.17497351054302612, 88.00000000000001421, 50.17355258111435035 ) ) ;
#3394 = CARTESIAN_POINT ( 'NONE',  ( -45.92985885473280661, 58.77571641658791890, 0.8201935797602875056 ) ) ;
#3395 = CIRCLE ( 'NONE', #4069, 5.000000000000000000 ) ;
#3396 = AXIS2_PLACEMENT_3D ( 'NONE', #3143, #297, #2790 ) ;
#3397 = ORIENTED_EDGE ( 'NONE', *, *, #1412, .T. ) ;
#3398 = EDGE_CURVE ( 'NONE', #611, #664, #544, .T. ) ;
#3399 = CARTESIAN_POINT ( 'NONE',  ( -37.44970553032186444, 87.97572489561859754, 37.23900071840632364 ) ) ;
#3400 = CARTESIAN_POINT ( 'NONE',  ( -55.18563660515041391, 86.81844032515125775, 14.63327224891178346 ) ) ;
#3401 = CARTESIAN_POINT ( 'NONE',  ( 64.97694227598978500, 57.99999999999999289, 11.73866696027064194 ) ) ;
#3402 = EDGE_LOOP ( 'NONE', ( #3863, #2766, #2852, #1964 ) ) ;
#3403 = EDGE_CURVE ( 'NONE', #2646, #359, #4280, .T. ) ;
#3404 = CARTESIAN_POINT ( 'NONE',  ( 33.74088813176501844, 79.33499818389603320, 58.08194868809625433 ) ) ;
#3405 = CARTESIAN_POINT ( 'NONE',  ( 40.00000000000146372, 68.99999999999995737, 1.752070710736575165E-12 ) ) ;
#3406 = CIRCLE ( 'NONE', #2045, 4.250000000000003553 ) ;
#3407 = LINE ( 'NONE', #3825, #2481 ) ;
#3408 = CARTESIAN_POINT ( 'NONE',  ( -42.69374432848752576, 68.99999999999995737, 43.28728482075176487 ) ) ;
#3409 = VECTOR ( 'NONE', #4595, 1000.000000000000114 ) ;
#3410 = VERTEX_POINT ( 'NONE', #2948 ) ;
#3411 = LINE ( 'NONE', #1653, #4066 ) ;
#3412 = FACE_OUTER_BOUND ( 'NONE', #1192, .T. ) ;
#3413 = AXIS2_PLACEMENT_3D ( 'NONE', #232, #3812, #530 ) ;
#3414 = ORIENTED_EDGE ( 'NONE', *, *, #2585, .T. ) ;
#3415 = ORIENTED_EDGE ( 'NONE', *, *, #1402, .T. ) ;
#3416 = LINE ( 'NONE', #4485, #4589 ) ;
#3417 = CARTESIAN_POINT ( 'NONE',  ( -42.56268935974555490, 84.76239863323304746, 5.150988941203977767 ) ) ;
#3418 = ORIENTED_EDGE ( 'NONE', *, *, #1266, .F. ) ;
#3419 = CARTESIAN_POINT ( 'NONE',  ( -29.17497351054302257, 86.00000000000000000, 50.17355258111435035 ) ) ;
#3420 = CARTESIAN_POINT ( 'NONE',  ( 36.65893640274662602, 83.27821748517048661, -1.708892826364432960 ) ) ;
#3421 = CARTESIAN_POINT ( 'NONE',  ( -60.58540098536750662, 84.48799748172758939, 11.44568265716625000 ) ) ;
#3422 = CARTESIAN_POINT ( 'NONE',  ( 43.73408079514408797, 80.68349518760471994, -0.3685727411733478176 ) ) ;
#3423 = EDGE_CURVE ( 'NONE', #1859, #4139, #4035, .T. ) ;
#3424 = ORIENTED_EDGE ( 'NONE', *, *, #3061, .F. ) ;
#3425 = CARTESIAN_POINT ( 'NONE',  ( 33.35909568633179134, 83.19615145673594725, 55.13210302932660056 ) ) ;
#3426 = CARTESIAN_POINT ( 'NONE',  ( -29.00000000000000000, 57.99999999999999289, 61.96152422706629892 ) ) ;
#3427 = FACE_OUTER_BOUND ( 'NONE', #3099, .T. ) ;
#3428 = LINE ( 'NONE', #249, #4301 ) ;
#3429 = EDGE_CURVE ( 'NONE', #2295, #2516, #867, .T. ) ;
#3430 = CARTESIAN_POINT ( 'NONE',  ( 34.37271338305465918, 78.69724594198126510, -1.181585938782007794 ) ) ;
#3431 = VERTEX_POINT ( 'NONE', #169 ) ;
#3432 = DIRECTION ( 'NONE',  ( 0.000000000000000000, 0.7071067811865502373, 0.7071067811865447972 ) ) ;
#3433 = CARTESIAN_POINT ( 'NONE',  ( 40.00000000000146372, 57.99999999999999289, 40.00000000000175504 ) ) ;
#3434 = CARTESIAN_POINT ( 'NONE',  ( -39.99999999999853628, 73.00000000000000000, -2.249999999998250289 ) ) ;
#3435 = EDGE_CURVE ( 'NONE', #4023, #750, #1221, .T. ) ;
#3436 = CARTESIAN_POINT ( 'NONE',  ( -63.54157078179117946, 57.57079183342516870, 14.29990501369475098 ) ) ;
#3437 = EDGE_LOOP ( 'NONE', ( #645, #4233, #1425, #4390, #3742, #4248 ) ) ;
#3438 = EDGE_LOOP ( 'NONE', ( #1496, #2450, #1144, #3093, #2424, #1851, #257, #4102, #2077, #899, #725, #4413 ) ) ;
#3439 = CARTESIAN_POINT ( 'NONE',  ( 60.63248427294944065, 79.62105592807951382, 11.43306672828253134 ) ) ;
#3440 = CARTESIAN_POINT ( 'NONE',  ( 40.22777579715314999, 85.72076423831053660, 43.75000000000176925 ) ) ;
#3441 = EDGE_CURVE ( 'NONE', #957, #4397, #1733, .T. ) ;
#3442 = ORIENTED_EDGE ( 'NONE', *, *, #1810, .T. ) ;
#3443 = CARTESIAN_POINT ( 'NONE',  ( -61.75343958070698847, 57.99999999999999289, 7.560510856280036052 ) ) ;
#3444 = CARTESIAN_POINT ( 'NONE',  ( -63.49027536830376306, 57.99999999999999289, 14.31364957831412354 ) ) ;
#3445 = CARTESIAN_POINT ( 'NONE',  ( 35.83253426551374332, 85.48874834361002684, 3.968060196546705054 ) ) ;
#3446 = DIRECTION ( 'NONE',  ( 0.000000000000000000, -0.000000000000000000, 1.000000000000000000 ) ) ;
#3447 = CARTESIAN_POINT ( 'NONE',  ( 37.29997065857457272, 85.81481713637835185, 5.076646684126414399 ) ) ;
#3448 = ORIENTED_EDGE ( 'NONE', *, *, #845, .F. ) ;
#3449 = CARTESIAN_POINT ( 'NONE',  ( 32.05073989608575857, 78.69724594198127932, 58.14311016584830583 ) ) ;
#3450 = LINE ( 'NONE', #2689, #3018 ) ;
#3451 = DIRECTION ( 'NONE',  ( -1.000000000000000000, 0.000000000000000000, 0.000000000000000000 ) ) ;
#3452 = CARTESIAN_POINT ( 'NONE',  ( -38.32253298907428984, 86.92580987401923664, 43.36196142456531533 ) ) ;
#3453 = DIRECTION ( 'NONE',  ( -0.4961971664229286039, 0.000000000000000000, 0.8682098663536693683 ) ) ;
#3454 = VECTOR ( 'NONE', #2799, 1000.000000000000114 ) ;
#3455 = ORIENTED_EDGE ( 'NONE', *, *, #2658, .T. ) ;
#3456 = EDGE_CURVE ( 'NONE', #428, #954, #1993, .T. ) ;
#3457 = CARTESIAN_POINT ( 'NONE',  ( -39.99999999999853628, 68.99999999999995737, 40.00000000000175504 ) ) ;
#3458 = CARTESIAN_POINT ( 'NONE',  ( -39.99999999999853628, 85.60647960101600518, 5.750000000001758593 ) ) ;
#3459 = DIRECTION ( 'NONE',  ( -0.4961971664229286039, -0.000000000000000000, 0.8682098663536694794 ) ) ;
#3460 = AXIS2_PLACEMENT_3D ( 'NONE', #2124, #2889, #3556 ) ;
#3461 =( BOUNDED_CURVE ( )  B_SPLINE_CURVE ( 3, ( #4560, #929, #3228, #2067 ),
 .UNSPECIFIED., .F., .T. ) 
 B_SPLINE_CURVE_WITH_KNOTS ( ( 4, 4 ),
 ( 0.9926558000651451996, 1.245039012629693298 ),
 .UNSPECIFIED. ) 
 CURVE ( )  GEOMETRIC_REPRESENTATION_ITEM ( )  RATIONAL_B_SPLINE_CURVE ( ( 1.000000000000000000, 0.9946989330970851251, 0.9946989330970851251, 1.000000000000000000 ) ) 
 REPRESENTATION_ITEM ( '' )  );
#3462 = ORIENTED_EDGE ( 'NONE', *, *, #368, .F. ) ;
#3463 = ORIENTED_EDGE ( 'NONE', *, *, #2899, .T. ) ;
#3464 = EDGE_CURVE ( 'NONE', #2561, #2218, #319, .T. ) ;
#3465 = CARTESIAN_POINT ( 'NONE',  ( 60.73393425564919568, 78.95477084192616246, 11.40588328734515144 ) ) ;
#3466 = CARTESIAN_POINT ( 'NONE',  ( -44.71435746384965881, 81.94548833965745871, 3.293565275905153467 ) ) ;
#3467 = ORIENTED_EDGE ( 'NONE', *, *, #3341, .F. ) ;
#3468 = CARTESIAN_POINT ( 'NONE',  ( -39.99999999999853628, 73.00000000000000000, 3.750000000001758593 ) ) ;
#3469 = CARTESIAN_POINT ( 'NONE',  ( -34.37790874819610565, 83.04886130184593185, 56.33948554644977946 ) ) ;
#3470 = CARTESIAN_POINT ( 'NONE',  ( 40.00000000000146372, 88.00000000000000000, 37.75000000000175504 ) ) ;
#3471 = CIRCLE ( 'NONE', #75, 4.250000000000003553 ) ;
#3472 = LINE ( 'NONE', #628, #3454 ) ;
#3473 = VECTOR ( 'NONE', #321, 999.9999999999998863 ) ;
#3474 = CARTESIAN_POINT ( 'NONE',  ( 43.43673427580807811, 73.00000000000000000, -1.500452437597002975 ) ) ;
#3475 = DIRECTION ( 'NONE',  ( 0.5000000000000014433, -0.000000000000000000, 0.8660254037844378194 ) ) ;
#3476 = AXIS2_PLACEMENT_3D ( 'NONE', #3724, #485, #127 ) ;
#3477 = FACE_OUTER_BOUND ( 'NONE', #1782, .T. ) ;
#3478 = ORIENTED_EDGE ( 'NONE', *, *, #2498, .T. ) ;
#3479 = LINE ( 'NONE', #3739, #3153 ) ;
#3480 = CARTESIAN_POINT ( 'NONE',  ( 52.63708949798296288, 87.76815173599189279, 14.48030056544332744 ) ) ;
#3481 = CARTESIAN_POINT ( 'NONE',  ( -39.78925995601688470, 86.01796367246772945, 43.75000000000175504 ) ) ;
#3482 = VERTEX_POINT ( 'NONE', #1243 ) ;
#3483 = AXIS2_PLACEMENT_3D ( 'NONE', #3352, #135, #4489 ) ;
#3484 = CARTESIAN_POINT ( 'NONE',  ( -46.92605355282454838, 59.89987086328520860, -0.8093100695966376490 ) ) ;
#3485 = LINE ( 'NONE', #3119, #1340 ) ;
#3486 = CARTESIAN_POINT ( 'NONE',  ( -37.41864530630440555, 57.99999999999999289, 59.47103748183693739 ) ) ;
#3487 = EDGE_CURVE ( 'NONE', #359, #3482, #545, .T. ) ;
#3488 = AXIS2_PLACEMENT_3D ( 'NONE', #1595, #2710, #4153 ) ;
#3489 = DIRECTION ( 'NONE',  ( 0.5000000000000014433, 0.000000000000000000, -0.8660254037844378194 ) ) ;
#3490 = ORIENTED_EDGE ( 'NONE', *, *, #1962, .T. ) ;
#3491 = CARTESIAN_POINT ( 'NONE',  ( -61.69586387143451134, 58.00084223737904665, 7.526197931995215029 ) ) ;
#3492 = CARTESIAN_POINT ( 'NONE',  ( 43.02545131398775169, 86.15422609248183505, 37.77243884141282848 ) ) ;
#3493 = AXIS2_PLACEMENT_3D ( 'NONE', #2801, #963, #4623 ) ;
#3494 = EDGE_CURVE ( 'NONE', #2225, #2175, #1902, .T. ) ;
#3495 = VECTOR ( 'NONE', #4296, 1000.000000000000000 ) ;
#3496 = ORIENTED_EDGE ( 'NONE', *, *, #3622, .T. ) ;
#3497 = LINE ( 'NONE', #1989, #2190 ) ;
#3498 = CARTESIAN_POINT ( 'NONE',  ( 36.47755613782411643, 86.36521253114133856, 1.303829134515434252 ) ) ;
#3499 = CARTESIAN_POINT ( 'NONE',  ( -31.68509970857916258, 81.98182201779127354, 57.12981835456635338 ) ) ;
#3500 = PLANE ( 'NONE',  #4088 ) ;
#3501 = EDGE_CURVE ( 'NONE', #2997, #839, #2969, .T. ) ;
#3502 = VERTEX_POINT ( 'NONE', #3447 ) ;
#3503 = CARTESIAN_POINT ( 'NONE',  ( 26.99999999999998934, 57.82568851450455583, 59.96913483088282248 ) ) ;
#3504 = ADVANCED_FACE ( 'NONE', ( #1097 ), #2827, .F. ) ;
#3505 = VERTEX_POINT ( 'NONE', #4362 ) ;
#3506 = DIRECTION ( 'NONE',  ( 9.874984739562155884E-16, -0.9961946980917455452, 0.08715574274765820750 ) ) ;
#3507 = CARTESIAN_POINT ( 'NONE',  ( 40.41997560709320680, 85.53242915045628081, 5.738476474979859354 ) ) ;
#3508 = CARTESIAN_POINT ( 'NONE',  ( 34.88940984494465880, 85.91675135352957682, 42.66428697885007182 ) ) ;
#3509 = DIRECTION ( 'NONE',  ( -0.000000000000000000, 1.000000000000000000, -0.000000000000000000 ) ) ;
#3510 = VERTEX_POINT ( 'NONE', #585 ) ;
#3511 = FACE_OUTER_BOUND ( 'NONE', #4363, .T. ) ;
#3512 = CARTESIAN_POINT ( 'NONE',  ( 43.16637419811175391, 83.95027572491473222, 42.01388399331433732 ) ) ;
#3513 = EDGE_CURVE ( 'NONE', #2532, #4343, #610, .T. ) ;
#3514 = ORIENTED_EDGE ( 'NONE', *, *, #3274, .T. ) ;
#3515 = EDGE_LOOP ( 'NONE', ( #796, #3241 ) ) ;
#3516 = CARTESIAN_POINT ( 'NONE',  ( -39.99999999999853628, 88.00000000000000000, 44.25000000000176215 ) ) ;
#3517 = CARTESIAN_POINT ( 'NONE',  ( 34.53134451736335819, 84.28583624506177330, 1.819498151445154477 ) ) ;
#3518 = EDGE_CURVE ( 'NONE', #1659, #2126, #1565, .T. ) ;
#3519 = CARTESIAN_POINT ( 'NONE',  ( -29.53190657173017541, 86.00000000000000000, 51.16271449613033440 ) ) ;
#3520 = ORIENTED_EDGE ( 'NONE', *, *, #1072, .F. ) ;
#3521 = EDGE_CURVE ( 'NONE', #4327, #4436, #4232, .T. ) ;
#3522 = CARTESIAN_POINT ( 'NONE',  ( 45.66101684903208735, 70.49999999999997158, 38.99233525665131594 ) ) ;
#3523 = DIRECTION ( 'NONE',  ( -0.000000000000000000, -1.000000000000000000, -0.000000000000000000 ) ) ;
#3524 = ORIENTED_EDGE ( 'NONE', *, *, #1511, .T. ) ;
#3525 = CARTESIAN_POINT ( 'NONE',  ( 26.99999999999999289, 60.00000000000000711, 61.78654690001445715 ) ) ;
#3526 = CARTESIAN_POINT ( 'NONE',  ( 43.03951650006648322, 84.44188696294341412, 4.884398820190074986 ) ) ;
#3527 = PLANE ( 'NONE',  #3256 ) ;
#3528 = CARTESIAN_POINT ( 'NONE',  ( -56.85073636791942420, 82.40498838164201345, 10.60811732520584805 ) ) ;
#3529 = AXIS2_PLACEMENT_3D ( 'NONE', #1406, #3909, #351 ) ;
#3530 = VERTEX_POINT ( 'NONE', #3623 ) ;
#3531 = CARTESIAN_POINT ( 'NONE',  ( 34.91924311340135034, 79.01534950162994164, 60.12291938563850380 ) ) ;
#3532 = CARTESIAN_POINT ( 'NONE',  ( 38.29006540165719485, 87.93673728696906267, 36.65284496140740345 ) ) ;
#3533 = CARTESIAN_POINT ( 'NONE',  ( -59.17271645484493092, 78.87155742747660270, 8.177884670110266541 ) ) ;
#3534 = ORIENTED_EDGE ( 'NONE', *, *, #1952, .T. ) ;
#3535 = CARTESIAN_POINT ( 'NONE',  ( -45.50652356811148280, 57.99999999999999289, 41.44714205678189245 ) ) ;
#3536 = CYLINDRICAL_SURFACE ( 'NONE', #2765, 1.999999999999996003 ) ;
#3537 = CARTESIAN_POINT ( 'NONE',  ( -32.05073989608575147, 78.69724594198127932, 58.14311016584831293 ) ) ;
#3538 = VECTOR ( 'NONE', #429, 1000.000000000000114 ) ;
#3539 = ADVANCED_FACE ( 'NONE', ( #2756, #3477 ), #3266, .T. ) ;
#3540 = CARTESIAN_POINT ( 'NONE',  ( 30.75122556262693863, 88.00000000000000000, 55.63384986060244586 ) ) ;
#3541 = VECTOR ( 'NONE', #474, 1000.000000000000114 ) ;
#3542 = ORIENTED_EDGE ( 'NONE', *, *, #4498, .F. ) ;
#3543 = VECTOR ( 'NONE', #3619, 1000.000000000000000 ) ;
#3544 = CARTESIAN_POINT ( 'NONE',  ( 43.66948339956078229, 78.87155742747657428, -0.7729111076675795333 ) ) ;
#3545 = AXIS2_PLACEMENT_3D ( 'NONE', #4543, #2744, #3900 ) ;
#3546 = B_SPLINE_CURVE_WITH_KNOTS ( 'NONE', 3,
 ( #4350, #4087, #847, #522 ),
 .UNSPECIFIED., .F., .F.,
 ( 4, 4 ),
 ( 1.951563910473907981E-18, 0.002190302889836854248 ),
 .UNSPECIFIED. ) ;
#3547 = EDGE_CURVE ( 'NONE', #3814, #3846, #4568, .T. ) ;
#3548 = EDGE_LOOP ( 'NONE', ( #441, #4559, #1658, #2593, #1894, #3675, #582, #1438, #3534, #2250, #3362, #9, #3442, #890, #2470, #2344 ) ) ;
#3549 = PLANE ( 'NONE',  #397 ) ;
#3550 = ORIENTED_EDGE ( 'NONE', *, *, #1376, .T. ) ;
#3551 = CYLINDRICAL_SURFACE ( 'NONE', #4051, 3.750000000000006217 ) ;
#3552 = FACE_OUTER_BOUND ( 'NONE', #1816, .T. ) ;
#3553 = CARTESIAN_POINT ( 'NONE',  ( -58.07622931538447375, 81.98182201809632375, 14.02764067118734026 ) ) ;
#3554 = ORIENTED_EDGE ( 'NONE', *, *, #1388, .F. ) ;
#3555 = CARTESIAN_POINT ( 'NONE',  ( -64.97694227598978500, 57.99999999999999289, 11.73866696027064194 ) ) ;
#3556 = DIRECTION ( 'NONE',  ( 0.8682098663536694794, 0.000000000000000000, -0.4961971664229286594 ) ) ;
#3557 = CARTESIAN_POINT ( 'NONE',  ( 40.00000000000146372, 88.00000000000000000, -2.249999999998250289 ) ) ;
#3558 = EDGE_LOOP ( 'NONE', ( #4658, #2980, #740, #546 ) ) ;
#3559 = LINE ( 'NONE', #3468, #4466 ) ;
#3560 = DIRECTION ( 'NONE',  ( 0.000000000000000000, 0.000000000000000000, -1.000000000000000000 ) ) ;
#3561 = CARTESIAN_POINT ( 'NONE',  ( -35.70044864320588118, 57.68189644035134478, 58.48742296013849540 ) ) ;
#3562 = CARTESIAN_POINT ( 'NONE',  ( 52.43326722931860928, 63.79530382523006438, 5.082032972690221584 ) ) ;
#3563 = EDGE_LOOP ( 'NONE', ( #912, #1843, #1351, #193 ) ) ;
#3564 = CARTESIAN_POINT ( 'NONE',  ( -31.91336047772884754, 84.31107662730741481, 59.65960329701499631 ) ) ;
#3565 = EDGE_CURVE ( 'NONE', #1125, #4048, #1215, .T. ) ;
#3566 = ORIENTED_EDGE ( 'NONE', *, *, #3398, .F. ) ;
#3567 = FACE_OUTER_BOUND ( 'NONE', #103, .T. ) ;
#3568 = ORIENTED_EDGE ( 'NONE', *, *, #4124, .F. ) ;
#3569 = CARTESIAN_POINT ( 'NONE',  ( 44.60965046858019889, 69.49395108922132636, 1.140761351301910365 ) ) ;
#3570 = CARTESIAN_POINT ( 'NONE',  ( 44.26632800762671138, 83.02023125602909204, 3.865960745524337661 ) ) ;
#3571 = EDGE_CURVE ( 'NONE', #2066, #2620, #4096, .T. ) ;
#3572 = CARTESIAN_POINT ( 'NONE',  ( 44.48940357450253913, 69.32069836417973363, 40.85990755467362590 ) ) ;
#3573 = ORIENTED_EDGE ( 'NONE', *, *, #2014, .T. ) ;
#3574 = CARTESIAN_POINT ( 'NONE',  ( 34.38636717727232650, 82.39335428637662062, 59.19995119013029239 ) ) ;
#3575 = CARTESIAN_POINT ( 'NONE',  ( 36.27080506027056828, 87.91701252898826624, 40.46992674293222336 ) ) ;
#3576 = CARTESIAN_POINT ( 'NONE',  ( 40.00000000000146372, 88.00000000000000000, 1.752070710736575165E-12 ) ) ;
#3577 = ORIENTED_EDGE ( 'NONE', *, *, #2843, .F. ) ;
#3578 = CARTESIAN_POINT ( 'NONE',  ( 33.11560364075281626, 88.00000000000000000, 54.26877554073041665 ) ) ;
#3579 = FACE_OUTER_BOUND ( 'NONE', #364, .T. ) ;
#3580 = ADVANCED_FACE ( 'NONE', ( #3650 ), #4318, .T. ) ;
#3581 = CARTESIAN_POINT ( 'NONE',  ( -43.27535945034639298, 85.84676866717147448, 38.15957017170632781 ) ) ;
#3582 = FACE_OUTER_BOUND ( 'NONE', #2259, .T. ) ;
#3583 = VERTEX_POINT ( 'NONE', #2249 ) ;
#3584 = DIRECTION ( 'NONE',  ( 0.000000000000000000, 0.9961946980917455452, 0.08715574274765820750 ) ) ;
#3585 = ADVANCED_BREP_SHAPE_REPRESENTATION ( 'Part1^ob15_v3.4.0', ( #3731, #994 ), #3931 ) ;
#3586 = DIRECTION ( 'NONE',  ( 0.000000000000000000, 0.000000000000000000, 1.000000000000000000 ) ) ;
#3587 = VERTEX_POINT ( 'NONE', #2554 ) ;
#3588 = CARTESIAN_POINT ( 'NONE',  ( 60.68567384642452822, 58.00129670978679286, 9.261232975077241747 ) ) ;
#3589 = CARTESIAN_POINT ( 'NONE',  ( 43.60889144363468972, 83.93978059255567814, 4.489603832765684643 ) ) ;
#3590 = CARTESIAN_POINT ( 'NONE',  ( -50.90807393652048063, 86.00000000000000000, 13.76717083248064810 ) ) ;
#3591 = ADVANCED_FACE ( 'NONE', ( #2200 ), #1893, .T. ) ;
#3592 = LINE ( 'NONE', #3284, #3245 ) ;
#3593 = ORIENTED_EDGE ( 'NONE', *, *, #3274, .F. ) ;
#3594 = DIRECTION ( 'NONE',  ( 0.000000000000000000, 1.000000000000000000, 0.000000000000000000 ) ) ;
#3595 = CARTESIAN_POINT ( 'NONE',  ( 64.19259157927770332, 57.72834949953190176, 11.80941826846538234 ) ) ;
#3596 = PLANE ( 'NONE',  #1345 ) ;
#3597 = ORIENTED_EDGE ( 'NONE', *, *, #3403, .T. ) ;
#3598 = ADVANCED_FACE ( 'NONE', ( #2580 ), #154, .F. ) ;
#3599 = ORIENTED_EDGE ( 'NONE', *, *, #426, .F. ) ;
#3600 = CARTESIAN_POINT ( 'NONE',  ( 43.02113301892651975, 60.00000000000000000, 1.997635762965958461 ) ) ;
#3601 = VECTOR ( 'NONE', #3560, 1000.000000000000000 ) ;
#3602 = CARTESIAN_POINT ( 'NONE',  ( 53.42946192741035105, 63.96961531072536644, 3.356573141364584956 ) ) ;
#3603 =( NAMED_UNIT ( * ) PLANE_ANGLE_UNIT ( ) SI_UNIT ( $, .RADIAN. ) );
#3604 = DIRECTION ( 'NONE',  ( -0.4980973490458739938, 0.08715574274765822138, -0.8627299156628202015 ) ) ;
#3605 = CIRCLE ( 'NONE', #3688, 3.000000000000000444 ) ;
#3606 =( BOUNDED_CURVE ( )  B_SPLINE_CURVE ( 3, ( #1801, #355, #3252, #4439 ),
 .UNSPECIFIED., .F., .T. ) 
 B_SPLINE_CURVE_WITH_KNOTS ( ( 4, 4 ),
 ( 4.712388980384689674, 6.195918844579870743 ),
 .UNSPECIFIED. ) 
 CURVE ( )  GEOMETRIC_REPRESENTATION_ITEM ( )  RATIONAL_B_SPLINE_CURVE ( ( 1.000000000000000000, 0.8248515578734157971, 0.8248515578734157971, 1.000000000000000000 ) ) 
 REPRESENTATION_ITEM ( '' )  );
#3607 = ORIENTED_EDGE ( 'NONE', *, *, #594, .T. ) ;
#3608 = LINE ( 'NONE', #2518, #3541 ) ;
#3609 = CARTESIAN_POINT ( 'NONE',  ( 59.58230503417524915, 82.97727752261708645, 14.89717389284997395 ) ) ;
#3610 = CLOSED_SHELL ( 'NONE', ( #2024, #1552, #2924, #345, #2807, #2296, #37, #3862, #3580, #2030, #1203, #2609, #2352, #4120, #505, #4157, #2166, #4265, #3824, #2932, #2957, #679, #1637, #4260, #4667, #4487, #203, #22, #3373, #2205, #816, #313, #3807, #3920, #3642, #4519, #2323, #4272, #1855, #2368, #354, #3020, #175, #4634, #1981, #3664, #1254, #3978, #160, #2727, #3504, #1888, #4504, #2637, #3996, #2755, #3964, #2524, #4220, #3539, #4070, #1434, #1713, #2875, #325, #2266, #3591, #3948, #2999, #143, #4245, #3714, #1105, #32, #374, #3246, #1573, #4002, #539, #940, #1173, #3629, #3598, #1771, #1134, #837, #3899, #1303, #1803, #565, #3307, #1034, #1684, #4628, #3357, #4299, #2591, #168, #196, #1675, #1830, #282, #2003, #3914, #3752, #2869, #3211, #1003, #571, #439, #997, #260, #4094, #3695, #2984, #4137, #2556, #3869, #3071, #1087, #2098, #3134, #2428, #2672, #1285 ) ) ;
#3611 = ORIENTED_EDGE ( 'NONE', *, *, #3141, .T. ) ;
#3612 = CARTESIAN_POINT ( 'NONE',  ( 45.47903274639572402, 70.49999999999998579, 1.744333730667828597 ) ) ;
#3613 = VECTOR ( 'NONE', #1860, 1000.000000000000000 ) ;
#3614 = CARTESIAN_POINT ( 'NONE',  ( 44.16709580129069224, 68.99999999999997158, 0.8353517719384209173 ) ) ;
#3615 = CARTESIAN_POINT ( 'NONE',  ( -57.57689891600177390, 81.09479702540559742, 10.22209736010436743 ) ) ;
#3616 = AXIS2_PLACEMENT_3D ( 'NONE', #3068, #1649, #4111 ) ;
#3617 = CARTESIAN_POINT ( 'NONE',  ( 31.37714307674788827, 83.19615145673638779, 56.27638390199103924 ) ) ;
#3618 = ORIENTED_EDGE ( 'NONE', *, *, #309, .T. ) ;
#3619 = DIRECTION ( 'NONE',  ( -0.000000000000000000, -0.000000000000000000, 1.000000000000000000 ) ) ;
#3620 = CARTESIAN_POINT ( 'NONE',  ( 6.271077686485156732, 78.00000000000000000, -10.86182517120374591 ) ) ;
#3621 = CARTESIAN_POINT ( 'NONE',  ( 45.15784752707822491, 80.83680231487019796, 37.45703181895039791 ) ) ;
#3622 = EDGE_CURVE ( 'NONE', #3410, #807, #831, .T. ) ;
#3623 = CARTESIAN_POINT ( 'NONE',  ( 45.92985885473279950, 59.89987086328520860, 0.9337592669889638319 ) ) ;
#3624 = ORIENTED_EDGE ( 'NONE', *, *, #461, .F. ) ;
#3625 = ORIENTED_EDGE ( 'NONE', *, *, #2706, .F. ) ;
#3626 = DIRECTION ( 'NONE',  ( 3.265361837132810431E-15, 0.000000000000000000, 1.000000000000000000 ) ) ;
#3627 = CARTESIAN_POINT ( 'NONE',  ( -40.26520913492608145, 73.00000000000000000, -3.331533331426896449 ) ) ;
#3628 = VECTOR ( 'NONE', #3959, 999.9999999999998863 ) ;
#3629 = ADVANCED_FACE ( 'NONE', ( #4434 ), #1183, .F. ) ;
#3630 = CARTESIAN_POINT ( 'NONE',  ( -41.29832843219469396, 87.31458905464323550, 36.47280267422235767 ) ) ;
#3631 = CARTESIAN_POINT ( 'NONE',  ( 44.00652356811148280, 57.99999999999999289, 44.04521826813520846 ) ) ;
#3632 = AXIS2_PLACEMENT_3D ( 'NONE', #2915, #2257, #3327 ) ;
#3633 = ORIENTED_EDGE ( 'NONE', *, *, #3830, .T. ) ;
#3634 = DIRECTION ( 'NONE',  ( -1.000000000000000000, 0.000000000000000000, -1.084202172485504434E-17 ) ) ;
#3635 = CARTESIAN_POINT ( 'NONE',  ( -45.37522742062014203, 79.13754867184925956, 37.95751417153105223 ) ) ;
#3636 = AXIS2_PLACEMENT_3D ( 'NONE', #1886, #3260, #3644 ) ;
#3637 =( BOUNDED_CURVE ( )  B_SPLINE_CURVE ( 3, ( #2191, #3337, #1176, #2951 ),
 .UNSPECIFIED., .F., .T. ) 
 B_SPLINE_CURVE_WITH_KNOTS ( ( 4, 4 ),
 ( 2.265653605564356798, 2.441838205625493252 ),
 .UNSPECIFIED. ) 
 CURVE ( )  GEOMETRIC_REPRESENTATION_ITEM ( )  RATIONAL_B_SPLINE_CURVE ( ( 1.000000000000000000, 0.9974149212794417574, 0.9974149212794417574, 1.000000000000000000 ) ) 
 REPRESENTATION_ITEM ( '' )  );
#3638 = EDGE_LOOP ( 'NONE', ( #2462, #1323, #2639, #326 ) ) ;
#3639 = CIRCLE ( 'NONE', #3483, 2.250000000000002220 ) ;
#3640 = ORIENTED_EDGE ( 'NONE', *, *, #1937, .F. ) ;
#3641 = CARTESIAN_POINT ( 'NONE',  ( -33.30899465829104145, 85.04640925181405464, 57.33388724857689311 ) ) ;
#3642 = ADVANCED_FACE ( 'NONE', ( #952 ), #1982, .F. ) ;
#3643 = CARTESIAN_POINT ( 'NONE',  ( -29.00000000000000000, 60.00000000000000000, 80.00000000000000000 ) ) ;
#3644 = DIRECTION ( 'NONE',  ( 0.9929340751601267723, 0.1186672759690033524, 0.000000000000000000 ) ) ;
#3645 = DIRECTION ( 'NONE',  ( -0.000000000000000000, -1.000000000000000000, -0.000000000000000000 ) ) ;
#3646 = ORIENTED_EDGE ( 'NONE', *, *, #3043, .T. ) ;
#3647 = CARTESIAN_POINT ( 'NONE',  ( 43.60701569958692403, 78.00000000000000000, 25.17652225271284649 ) ) ;
#3648 = DIRECTION ( 'NONE',  ( 0.8660254037844380415, -0.000000000000000000, 0.5000000000000012212 ) ) ;
#3649 = CARTESIAN_POINT ( 'NONE',  ( -40.22713480985640899, 87.01777605294616080, 3.750000000001759481 ) ) ;
#3650 = FACE_OUTER_BOUND ( 'NONE', #2808, .T. ) ;
#3651 = ORIENTED_EDGE ( 'NONE', *, *, #2519, .F. ) ;
#3652 = EDGE_LOOP ( 'NONE', ( #1636, #2054 ) ) ;
#3653 = EDGE_CURVE ( 'NONE', #3763, #106, #1633, .T. ) ;
#3654 = CARTESIAN_POINT ( 'NONE',  ( 58.67958792490157549, 82.88602577322423315, 11.95634372764371989 ) ) ;
#3655 = LINE ( 'NONE', #4438, #3297 ) ;
#3656 = LINE ( 'NONE', #4419, #3628 ) ;
#3657 = ORIENTED_EDGE ( 'NONE', *, *, #624, .F. ) ;
#3658 = EDGE_CURVE ( 'NONE', #2295, #4646, #3076, .T. ) ;
#3659 = FACE_OUTER_BOUND ( 'NONE', #756, .T. ) ;
#3660 = LINE ( 'NONE', #2092, #723 ) ;
#3661 = CARTESIAN_POINT ( 'NONE',  ( -44.97031778649967748, 81.62772634969473984, 37.10164208358297344 ) ) ;
#3662 = CARTESIAN_POINT ( 'NONE',  ( -36.40963847467240555, 86.22916066712674876, 1.101175708146864496 ) ) ;
#3663 = EDGE_LOOP ( 'NONE', ( #1079, #4503, #1742, #921, #3976, #2854 ) ) ;
#3664 = ADVANCED_FACE ( 'NONE', ( #2676 ), #4521, .T. ) ;
#3665 = CARTESIAN_POINT ( 'NONE',  ( 40.00000000000146372, 73.00000000000000000, 45.75000000000176215 ) ) ;
#3666 = DIRECTION ( 'NONE',  ( -0.000000000000000000, -1.000000000000000000, -0.000000000000000000 ) ) ;
#3667 =( BOUNDED_CURVE ( )  B_SPLINE_CURVE ( 3, ( #1901, #3684, #1530, #3377 ),
 .UNSPECIFIED., .F., .T. ) 
 B_SPLINE_CURVE_WITH_KNOTS ( ( 4, 4 ),
 ( 1.570796326794896780, 3.054326190990077183 ),
 .UNSPECIFIED. ) 
 CURVE ( )  GEOMETRIC_REPRESENTATION_ITEM ( )  RATIONAL_B_SPLINE_CURVE ( ( 1.000000000000000000, 0.8248515578734159082, 0.8248515578734159082, 1.000000000000000000 ) ) 
 REPRESENTATION_ITEM ( '' )  );
#3668 = DIRECTION ( 'NONE',  ( -0.000000000000000000, 1.000000000000000000, -0.000000000000000000 ) ) ;
#3669 = DIRECTION ( 'NONE',  ( 0.000000000000000000, -0.9961946980917455452, 0.08715574274765820750 ) ) ;
#3670 = ORIENTED_EDGE ( 'NONE', *, *, #883, .F. ) ;
#3671 = CARTESIAN_POINT ( 'NONE',  ( -38.31655708491302192, 83.74350381841503577, 45.50503795065539947 ) ) ;
#3672 = CARTESIAN_POINT ( 'NONE',  ( -57.81375413585914913, 88.00000000000000000, 18.89635295159621009 ) ) ;
#3673 = CARTESIAN_POINT ( 'NONE',  ( -43.38934067343748779, 84.31583144920689676, 1.611842776292923052 ) ) ;
#3674 = ORIENTED_EDGE ( 'NONE', *, *, #877, .T. ) ;
#3675 = ORIENTED_EDGE ( 'NONE', *, *, #2137, .T. ) ;
#3676 = CARTESIAN_POINT ( 'NONE',  ( -38.64972726969746475, 58.23074127588080984, 0.03928643356381628093 ) ) ;
#3677 = CARTESIAN_POINT ( 'NONE',  ( 40.00000000000146372, 57.99999999999999289, 44.25000000000176215 ) ) ;
#3678 = CARTESIAN_POINT ( 'NONE',  ( -20.00000000000000000, 72.00000000000000000, 58.72904326261667052 ) ) ;
#3679 = VECTOR ( 'NONE', #4570, 1000.000000000000000 ) ;
#3680 = LINE ( 'NONE', #47, #3784 ) ;
#3681 = CONICAL_SURFACE ( 'NONE', #4656, 4.250000000000001776, 0.7853981633974445042 ) ;
#3682 = ORIENTED_EDGE ( 'NONE', *, *, #2317, .T. ) ;
#3683 = CARTESIAN_POINT ( 'NONE',  ( -39.99999999999853628, 87.70451275623014453, 36.25000000000174794 ) ) ;
#3684 = CARTESIAN_POINT ( 'NONE',  ( 54.97262010394202747, 88.00000000000000000, 10.95101524512937097 ) ) ;
#3685 = CARTESIAN_POINT ( 'NONE',  ( -58.82173478629329821, 83.04886130184593185, 14.00153691709060944 ) ) ;
#3686 = CARTESIAN_POINT ( 'NONE',  ( -45.23708115188050982, 80.43067553384840096, 37.62208430890623134 ) ) ;
#3687 = CARTESIAN_POINT ( 'NONE',  ( 59.01876334808498115, 80.09810628453536197, 8.279532830487907447 ) ) ;
#3688 = AXIS2_PLACEMENT_3D ( 'NONE', #1378, #3952, #1749 ) ;
#3689 = EDGE_CURVE ( 'NONE', #4617, #3782, #1741, .T. ) ;
#3690 = EDGE_LOOP ( 'NONE', ( #2512, #2749, #1004, #416 ) ) ;
#3691 = AXIS2_PLACEMENT_3D ( 'NONE', #2674, #3810, #4500 ) ;
#3692 = LINE ( 'NONE', #1825, #2088 ) ;
#3693 = CARTESIAN_POINT ( 'NONE',  ( -31.68509970857916258, 82.97727752223998721, 58.86888479792892070 ) ) ;
#3694 = DIRECTION ( 'NONE',  ( -0.4961971664229285484, -3.465096207253513087E-18, 0.8682098663536693683 ) ) ;
#3695 = ADVANCED_FACE ( 'NONE', ( #3098 ), #1955, .F. ) ;
#3696 = CARTESIAN_POINT ( 'NONE',  ( 43.53896797406190444, 74.73364212849639898, -1.266289696994784997 ) ) ;
#3697 = AXIS2_PLACEMENT_3D ( 'NONE', #2918, #2210, #1531 ) ;
#3698 = ORIENTED_EDGE ( 'NONE', *, *, #1541, .T. ) ;
#3699 =( BOUNDED_SURFACE ( )  B_SPLINE_SURFACE ( 3, 2, ( 
 ( #4565, #1935, #3393 ),
 ( #157, #2457, #4585 ),
 ( #3928, #3902, #2864 ),
 ( #2483, #622, #1005 ),
 ( #365, #2888, #4659 ),
 ( #688, #3951, #3880 ),
 ( #4262, #2123, #2412 ),
 ( #665, #4334, #709 ),
 ( #3860, #1352, #4288 ),
 ( #2051, #3574, #346 ),
 ( #1768, #1446, #641 ),
 ( #2146, #1787, #4311 ),
 ( #3213, #1075, #1399 ),
 ( #2814, #3531, #3237 ) ),
 .UNSPECIFIED., .F., .F., .F. ) 
 B_SPLINE_SURFACE_WITH_KNOTS ( ( 4, 2, 2, 2, 2, 2, 4 ),
 ( 3, 3 ),
 ( 4.712388980384689674, 5.083271446433484719, 5.454153912482279765, 5.639595145506676843, 5.825036378531074810, 6.010477611555472777, 6.195918844579869855 ),
 ( 0.000000000000000000, 1.000000000000000000 ),
 .UNSPECIFIED. ) 
 GEOMETRIC_REPRESENTATION_ITEM ( )  RATIONAL_B_SPLINE_SURFACE ( (
 ( 1.000000000000000000, 1.000000000000000000, 1.000000000000000000),
 ( 1.000000000000000000, 1.000078289484274574, 1.000000000000000000),
 ( 1.000000000000000000, 0.9940587233891388097, 1.000000000000000000),
 ( 1.000000000000000000, 0.9728268015982871608, 1.000000000000000000),
 ( 1.000000000000000000, 0.9575757147882614229, 1.000000000000000000),
 ( 1.000000000000000000, 0.9330416481226583292, 1.000000000000000000),
 ( 1.000000000000000000, 0.9246204350350688550, 1.000000000000000000),
 ( 1.000000000000000000, 0.9084331629223133531, 1.000000000000000000),
 ( 1.000000000000000000, 0.9006730216601719352, 1.000000000000000000),
 ( 1.000000000000000000, 0.8869564940660705776, 1.000000000000000000),
 ( 1.000000000000000000, 0.8810072432591929958, 1.000000000000000000),
 ( 1.000000000000000000, 0.8718601403906741654, 1.000000000000000000),
 ( 1.000000000000000000, 0.8686606881001474045, 1.000000000000000000),
 ( 1.000000000000000000, 0.8671211166114429769, 1.000000000000000000) ) ) 
 REPRESENTATION_ITEM ( '' )  SURFACE ( )  );
#3700 = LINE ( 'NONE', #2933, #1571 ) ;
#3701 = VECTOR ( 'NONE', #881, 1000.000000000000227 ) ;
#3702 = DIRECTION ( 'NONE',  ( 0.1186073329426364231, -0.9924325091389669673, -0.03178073907838849937 ) ) ;
#3703 = CARTESIAN_POINT ( 'NONE',  ( -43.74789065857945047, 80.68932065064190340, -0.3962657173870799410 ) ) ;
#3704 = ORIENTED_EDGE ( 'NONE', *, *, #287, .F. ) ;
#3705 = ORIENTED_EDGE ( 'NONE', *, *, #4026, .F. ) ;
#3706 = DIRECTION ( 'NONE',  ( 0.4961971664229286039, 0.000000000000000000, -0.8682098663536693683 ) ) ;
#3707 = CARTESIAN_POINT ( 'NONE',  ( -34.25238689175121465, 81.81637370616003579, -0.2584920832624172382 ) ) ;
#3708 = CARTESIAN_POINT ( 'NONE',  ( -41.12036367261129755, 85.09387299557297979, 43.58610599730317148 ) ) ;
#3709 = EDGE_LOOP ( 'NONE', ( #1099, #1413, #3955, #4356, #2476, #4584 ) ) ;
#3710 = CYLINDRICAL_SURFACE ( 'NONE', #1665, 7.499999999999985789 ) ;
#3711 = CARTESIAN_POINT ( 'NONE',  ( 39.76920524948126001, 85.64407617967631836, 5.750000000001757705 ) ) ;
#3712 = CARTESIAN_POINT ( 'NONE',  ( 40.00000000000146372, 87.07049063186374838, 3.750000000001758593 ) ) ;
#3713 = EDGE_LOOP ( 'NONE', ( #2050, #2026, #3424, #4076, #3542 ) ) ;
#3714 = ADVANCED_FACE ( 'NONE', ( #2386 ), #3832, .T. ) ;
#3715 = AXIS2_PLACEMENT_3D ( 'NONE', #3769, #4164, #878 ) ;
#3716 = CARTESIAN_POINT ( 'NONE',  ( -36.00499991222729079, 81.28869479435242340, 57.27152422796472564 ) ) ;
#3717 = CARTESIAN_POINT ( 'NONE',  ( 40.00000000000146372, 73.00000000000000000, 40.00000000000175504 ) ) ;
#3718 = VECTOR ( 'NONE', #4029, 1000.000000000000000 ) ;
#3719 = CARTESIAN_POINT ( 'NONE',  ( -45.21574431898348223, 78.69724594198125089, 2.420436158832705686 ) ) ;
#3720 = ORIENTED_EDGE ( 'NONE', *, *, #2466, .F. ) ;
#3721 = EDGE_CURVE ( 'NONE', #2367, #2126, #977, .T. ) ;
#3722 = DIRECTION ( 'NONE',  ( 0.000000000000000000, 1.000000000000000000, 0.000000000000000000 ) ) ;
#3723 = CARTESIAN_POINT ( 'NONE',  ( 58.93667560390439064, 58.17487282937876358, 8.268983585184237484 ) ) ;
#3724 = CARTESIAN_POINT ( 'NONE',  ( -39.99999999999853628, 86.00000000000000000, 40.00000000000175504 ) ) ;
#3725 = ORIENTED_EDGE ( 'NONE', *, *, #2059, .F. ) ;
#3726 = ORIENTED_EDGE ( 'NONE', *, *, #1154, .F. ) ;
#3727 = DIRECTION ( 'NONE',  ( 0.5000000000000014433, 0.000000000000000000, 0.8660254037844378194 ) ) ;
#3728 = LINE ( 'NONE', #2204, #1705 ) ;
#3729 = CARTESIAN_POINT ( 'NONE',  ( -37.18425451000694437, 88.00000000000000000, 5.508505229836907269 ) ) ;
#3730 = CARTESIAN_POINT ( 'NONE',  ( -58.92845775770188510, 63.79530382523006438, 8.832032972690223360 ) ) ;
#3731 = MANIFOLD_SOLID_BREP ( 'Fillet3', #3610 ) ;
#3732 = ORIENTED_EDGE ( 'NONE', *, *, #675, .T. ) ;
#3733 = CARTESIAN_POINT ( 'NONE',  ( -58.93667560390439064, 58.17487282937876358, 8.268983585184237484 ) ) ;
#3734 = CARTESIAN_POINT ( 'NONE',  ( 42.34072039638879659, 70.09353013100076168, 44.81438042002476863 ) ) ;
#3735 = CARTESIAN_POINT ( 'NONE',  ( -45.51344929398690198, 75.72853235859020060, 38.33305514302808348 ) ) ;
#3736 = CARTESIAN_POINT ( 'NONE',  ( -43.13657209949345628, 69.48186963536571170, 43.54295155354667912 ) ) ;
#3737 = CARTESIAN_POINT ( 'NONE',  ( -43.13657209949345628, 69.48186963536571170, 43.54295155354667912 ) ) ;
#3738 = ORIENTED_EDGE ( 'NONE', *, *, #767, .T. ) ;
#3739 = CARTESIAN_POINT ( 'NONE',  ( 46.92605355282454838, 64.34509957340581821, -0.3602388100053637299 ) ) ;
#3740 = DIRECTION ( 'NONE',  ( 0.000000000000000000, 0.000000000000000000, 1.000000000000000000 ) ) ;
#3741 = DIRECTION ( 'NONE',  ( 0.05025580687519617951, 0.9949358851208917054, -0.08704561088320920959 ) ) ;
#3742 = ORIENTED_EDGE ( 'NONE', *, *, #973, .T. ) ;
#3743 = DIRECTION ( 'NONE',  ( 0.000000000000000000, 0.000000000000000000, 1.000000000000000000 ) ) ;
#3744 = CARTESIAN_POINT ( 'NONE',  ( 61.71840794870644231, 57.57079183342516870, 7.495768690151283664 ) ) ;
#3745 = CARTESIAN_POINT ( 'NONE',  ( -40.45584429648662450, 86.95350444386954791, 3.728776811369637567 ) ) ;
#3746 = EDGE_CURVE ( 'NONE', #1823, #3305, #2817, .T. ) ;
#3747 = ORIENTED_EDGE ( 'NONE', *, *, #2905, .F. ) ;
#3748 = ORIENTED_EDGE ( 'NONE', *, *, #1142, .T. ) ;
#3749 = CARTESIAN_POINT ( 'NONE',  ( -44.19374432848751866, 88.00000000000000000, 40.68920860939844886 ) ) ;
#3750 = PLANE ( 'NONE',  #2694 ) ;
#3751 = CARTESIAN_POINT ( 'NONE',  ( 40.47018922058886403, 80.65802018843200472, 45.73319760733132711 ) ) ;
#3752 = ADVANCED_FACE ( 'NONE', ( #1396 ), #3166, .T. ) ;
#3753 = EDGE_LOOP ( 'NONE', ( #2789, #76, #4597, #4472 ) ) ;
#3754 = CARTESIAN_POINT ( 'NONE',  ( 42.93189880551238957, 69.59660098057132416, 43.87738071356127278 ) ) ;
#3755 = FACE_OUTER_BOUND ( 'NONE', #2939, .T. ) ;
#3756 = CARTESIAN_POINT ( 'NONE',  ( -54.95614579915150699, 87.37081258813766738, 12.95403703830070086 ) ) ;
#3757 = CARTESIAN_POINT ( 'NONE',  ( 60.93575386773287761, 79.48734690256519286, 14.97841207988333956 ) ) ;
#3758 = CIRCLE ( 'NONE', #4209, 7.499999999999985789 ) ;
#3759 = VERTEX_POINT ( 'NONE', #686 ) ;
#3760 = DIRECTION ( 'NONE',  ( 0.000000000000000000, 1.000000000000000000, 0.000000000000000000 ) ) ;
#3761 = DIRECTION ( 'NONE',  ( 0.000000000000000000, 1.000000000000000000, 0.000000000000000000 ) ) ;
#3762 =( BOUNDED_CURVE ( )  B_SPLINE_CURVE ( 3, ( #1023, #1441, #2138, #618 ),
 .UNSPECIFIED., .F., .T. ) 
 B_SPLINE_CURVE_WITH_KNOTS ( ( 4, 4 ),
 ( 4.712388980384686121, 6.283185307179584456 ),
 .UNSPECIFIED. ) 
 CURVE ( )  GEOMETRIC_REPRESENTATION_ITEM ( )  RATIONAL_B_SPLINE_CURVE ( ( 1.000000000000000000, 0.8047378541243641603, 0.8047378541243641603, 1.000000000000000000 ) ) 
 REPRESENTATION_ITEM ( '' )  );
#3763 = VERTEX_POINT ( 'NONE', #2121 ) ;
#3764 = CARTESIAN_POINT ( 'NONE',  ( 64.16012615613168180, 57.99999999999999289, 10.03619921563200990 ) ) ;
#3765 = CARTESIAN_POINT ( 'NONE',  ( -37.29997065857419614, 85.81481713637866449, 5.076646684127771536 ) ) ;
#3766 = CARTESIAN_POINT ( 'NONE',  ( 58.93667560390439064, 60.06677718517471476, 8.460109830308406131 ) ) ;
#3767 = CONICAL_SURFACE ( 'NONE', #1195, 4.250000000000001776, 0.7853981633974445042 ) ;
#3768 = VECTOR ( 'NONE', #2785, 1000.000000000000000 ) ;
#3769 = CARTESIAN_POINT ( 'NONE',  ( -65.98076211353313170, 57.99999999999999289, 10.00000000000003020 ) ) ;
#3770 = ORIENTED_EDGE ( 'NONE', *, *, #1456, .F. ) ;
#3771 = ORIENTED_EDGE ( 'NONE', *, *, #2459, .T. ) ;
#3772 = CARTESIAN_POINT ( 'NONE',  ( 58.80090928059215116, 80.63095583562362378, 14.00226611882149186 ) ) ;
#3773 = CARTESIAN_POINT ( 'NONE',  ( 42.17472564488910081, 84.37847187076235400, 43.06465376748727891 ) ) ;
#3774 = EDGE_CURVE ( 'NONE', #779, #2175, #3303, .T. ) ;
#3775 = AXIS2_PLACEMENT_3D ( 'NONE', #684, #1762, #4655 ) ;
#3776 = ORIENTED_EDGE ( 'NONE', *, *, #3883, .T. ) ;
#3777 = FACE_OUTER_BOUND ( 'NONE', #1309, .T. ) ;
#3778 = DIRECTION ( 'NONE',  ( -0.000000000000000000, 1.000000000000000000, 0.000000000000000000 ) ) ;
#3779 = EDGE_CURVE ( 'NONE', #4022, #2000, #3790, .T. ) ;
#3780 = CARTESIAN_POINT ( 'NONE',  ( -59.21966366655514946, 83.50623547705181693, 14.87540703582659773 ) ) ;
#3781 = CARTESIAN_POINT ( 'NONE',  ( 40.00000000000146372, 57.99999999999999289, 1.752070710736575165E-12 ) ) ;
#3782 = VERTEX_POINT ( 'NONE', #848 ) ;
#3783 = CARTESIAN_POINT ( 'NONE',  ( -36.89455617232295026, 87.64356041726277624, 42.11642939072044811 ) ) ;
#3784 = VECTOR ( 'NONE', #445, 999.9999999999998863 ) ;
#3785 = EDGE_LOOP ( 'NONE', ( #2671, #1482, #1566, #4550 ) ) ;
#3786 = CARTESIAN_POINT ( 'NONE',  ( 40.00000000000146372, 68.99999999999995737, 4.250000000001754152 ) ) ;
#3787 = EDGE_CURVE ( 'NONE', #2359, #1234, #3254, .T. ) ;
#3788 = CARTESIAN_POINT ( 'NONE',  ( 36.31938304550872942, 85.29017991078904970, 44.43298876697306810 ) ) ;
#3789 = VECTOR ( 'NONE', #1558, 1000.000000000000000 ) ;
#3790 =( BOUNDED_CURVE ( )  B_SPLINE_CURVE ( 3, ( #2928, #3696, #825, #754 ),
 .UNSPECIFIED., .F., .T. ) 
 B_SPLINE_CURVE_WITH_KNOTS ( ( 4, 4 ),
 ( 3.777141714965771335, 3.981192656250727602 ),
 .UNSPECIFIED. ) 
 CURVE ( )  GEOMETRIC_REPRESENTATION_ITEM ( )  RATIONAL_B_SPLINE_CURVE ( ( 1.000000000000000000, 0.9965332764963675816, 0.9965332764963675816, 1.000000000000000000 ) ) 
 REPRESENTATION_ITEM ( '' )  );
#3791 = VERTEX_POINT ( 'NONE', #2194 ) ;
#3792 = ORIENTED_EDGE ( 'NONE', *, *, #1834, .F. ) ;
#3793 = CARTESIAN_POINT ( 'NONE',  ( -58.93667560390439064, 60.10012913671478429, 8.463479151408540346 ) ) ;
#3794 = CARTESIAN_POINT ( 'NONE',  ( -45.19980449956830171, 79.12834711681873046, 2.454784522972379257 ) ) ;
#3795 = EDGE_CURVE ( 'NONE', #3195, #2724, #4163, .T. ) ;
#3796 = ORIENTED_EDGE ( 'NONE', *, *, #3494, .T. ) ;
#3797 = CARTESIAN_POINT ( 'NONE',  ( -39.99999999999853628, 73.00000000000000000, 5.750000000001758593 ) ) ;
#3798 = CARTESIAN_POINT ( 'NONE',  ( 34.24944146994598526, 82.40607235174363154, 0.1066286769992576128 ) ) ;
#3799 = CARTESIAN_POINT ( 'NONE',  ( -54.56594620045216715, 87.09604217124632441, 14.59607651328321332 ) ) ;
#3800 = CARTESIAN_POINT ( 'NONE',  ( 59.17271645484493092, 78.87155742747657428, 8.177884670110266541 ) ) ;
#3801 = CARTESIAN_POINT ( 'NONE',  ( 40.39416431758651527, 57.99999999999999289, -4.772429125136484984 ) ) ;
#3802 = EDGE_CURVE ( 'NONE', #370, #732, #2996, .T. ) ;
#3803 = ORIENTED_EDGE ( 'NONE', *, *, #2391, .T. ) ;
#3804 = CARTESIAN_POINT ( 'NONE',  ( 61.74398326858154462, 57.99999999999999289, 13.32303686971575019 ) ) ;
#3805 = DIRECTION ( 'NONE',  ( -0.000000000000000000, -1.000000000000000000, -0.000000000000000000 ) ) ;
#3806 = CARTESIAN_POINT ( 'NONE',  ( -36.76187076374888818, 87.70073783065231510, 41.90779511799099311 ) ) ;
#3807 = ADVANCED_FACE ( 'NONE', ( #3340 ), #2268, .F. ) ;
#3808 = ORIENTED_EDGE ( 'NONE', *, *, #877, .F. ) ;
#3809 = CARTESIAN_POINT ( 'NONE',  ( -44.23755921869161511, 65.11788146625016793, 0.4838497811927764403 ) ) ;
#3810 = DIRECTION ( 'NONE',  ( -0.000000000000000000, -1.000000000000000000, -0.000000000000000000 ) ) ;
#3811 = DIRECTION ( 'NONE',  ( 0.000000000000000000, 0.000000000000000000, -1.000000000000000000 ) ) ;
#3812 = DIRECTION ( 'NONE',  ( 0.000000000000000000, 1.000000000000000000, 0.000000000000000000 ) ) ;
#3813 = ORIENTED_EDGE ( 'NONE', *, *, #3429, .F. ) ;
#3814 = VERTEX_POINT ( 'NONE', #3719 ) ;
#3815 = DIRECTION ( 'NONE',  ( -0.8660254037844380415, 0.000000000000000000, -0.5000000000000012212 ) ) ;
#3816 = CARTESIAN_POINT ( 'NONE',  ( 41.12078141830680522, 85.09358175040331673, 43.58593467675203925 ) ) ;
#3817 = ORIENTED_EDGE ( 'NONE', *, *, #3464, .T. ) ;
#3818 = CARTESIAN_POINT ( 'NONE',  ( 45.21574431898579149, 78.69724594198125089, 2.420436158834037954 ) ) ;
#3819 = CARTESIAN_POINT ( 'NONE',  ( 37.41864530630440555, 57.99999999999999289, 59.47103748183693739 ) ) ;
#3820 = CARTESIAN_POINT ( 'NONE',  ( -64.24209515326251108, 57.99999999999999289, 8.996180162456679952 ) ) ;
#3821 = CARTESIAN_POINT ( 'NONE',  ( -43.60701569958692403, 78.00000000000000000, 25.17652225271284649 ) ) ;
#3822 = ORIENTED_EDGE ( 'NONE', *, *, #4418, .F. ) ;
#3823 = CARTESIAN_POINT ( 'NONE',  ( 58.82173478629329821, 83.04886130184593185, 14.00153691709060944 ) ) ;
#3824 = ADVANCED_FACE ( 'NONE', ( #433 ), #4406, .T. ) ;
#3825 = CARTESIAN_POINT ( 'NONE',  ( -39.99999999999853628, 88.00000000000000000, 37.75000000000175504 ) ) ;
#3826 = VECTOR ( 'NONE', #715, 999.9999999999998863 ) ;
#3827 = EDGE_LOOP ( 'NONE', ( #2239, #4616, #3183, #3058 ) ) ;
#3828 = CARTESIAN_POINT ( 'NONE',  ( -29.00000000000000000, 57.99999999999999289, 59.95388455197960553 ) ) ;
#3829 = DIRECTION ( 'NONE',  ( 0.5000000000000014433, -0.000000000000000000, 0.8660254037844378194 ) ) ;
#3830 = EDGE_CURVE ( 'NONE', #1016, #2896, #2216, .T. ) ;
#3831 = CARTESIAN_POINT ( 'NONE',  ( 38.05249487303630218, 83.99596054686325886, 45.41917480705740928 ) ) ;
#3832 = CYLINDRICAL_SURFACE ( 'NONE', #4614, 5.750000000000005329 ) ;
#3833 = EDGE_LOOP ( 'NONE', ( #2044, #2839, #508, #2414, #2555 ) ) ;
#3834 = EDGE_LOOP ( 'NONE', ( #3657, #1156, #2713, #2959 ) ) ;
#3835 = CARTESIAN_POINT ( 'NONE',  ( -61.81611095046553572, 57.39648034792985243, 13.30371031560300388 ) ) ;
#3836 = CARTESIAN_POINT ( 'NONE',  ( 40.45600045195298122, 85.56212217956952770, 43.72909457416741930 ) ) ;
#3837 = EDGE_CURVE ( 'NONE', #4222, #856, #549, .T. ) ;
#3838 = EDGE_LOOP ( 'NONE', ( #3088, #2891, #1628, #1681 ) ) ;
#3839 = ORIENTED_EDGE ( 'NONE', *, *, #110, .F. ) ;
#3840 = CARTESIAN_POINT ( 'NONE',  ( 64.16012615613168180, 57.99999999999999289, 11.81811735237929106 ) ) ;
#3841 = AXIS2_PLACEMENT_3D ( 'NONE', #2993, #727, #1201 ) ;
#3842 = LINE ( 'NONE', #606, #3601 ) ;
#3843 = CARTESIAN_POINT ( 'NONE',  ( -32.33338421619218650, 83.87358308604432011, 55.64408039446741583 ) ) ;
#3844 = DIRECTION ( 'NONE',  ( -0.8660254037844379305, 0.000000000000000000, -0.5000000000000012212 ) ) ;
#3845 = CIRCLE ( 'NONE', #3476, 5.750000000000005329 ) ;
#3846 = VERTEX_POINT ( 'NONE', #1248 ) ;
#3847 = CARTESIAN_POINT ( 'NONE',  ( 34.63892964307421352, 78.69724594198127932, 56.64881811871070028 ) ) ;
#3848 = DIRECTION ( 'NONE',  ( 0.000000000000000000, 0.000000000000000000, 1.000000000000000000 ) ) ;
#3849 = CARTESIAN_POINT ( 'NONE',  ( -40.86757178464136331, 85.69567275098701487, 34.31169958793925900 ) ) ;
#3850 = CARTESIAN_POINT ( 'NONE',  ( 55.18563660514985969, 86.81844032515131460, 14.63327224891255440 ) ) ;
#3851 = EDGE_CURVE ( 'NONE', #3205, #4397, #385, .T. ) ;
#3852 = VERTEX_POINT ( 'NONE', #1627 ) ;
#3853 = AXIS2_PLACEMENT_3D ( 'NONE', #612, #1312, #3848 ) ;
#3854 = CARTESIAN_POINT ( 'NONE',  ( -36.02094092850762053, 84.31107662730741481, 57.28809061803983127 ) ) ;
#3855 = CARTESIAN_POINT ( 'NONE',  ( 38.73170238950787336, 74.49198784084029512, -3.545548325786516575 ) ) ;
#3856 = CARTESIAN_POINT ( 'NONE',  ( 58.93667560390439064, 60.10012913671477719, 8.463479151408538570 ) ) ;
#3857 = CARTESIAN_POINT ( 'NONE',  ( 40.00000000000146372, 73.00000000000000000, 3.750000000001758593 ) ) ;
#3858 = EDGE_CURVE ( 'NONE', #3530, #4159, #3070, .T. ) ;
#3859 = ORIENTED_EDGE ( 'NONE', *, *, #3165, .F. ) ;
#3860 = CARTESIAN_POINT ( 'NONE',  ( 31.68509970857806479, 82.97727752223998721, 58.86888479792891360 ) ) ;
#3861 = CARTESIAN_POINT ( 'NONE',  ( -39.99999999999853628, 85.60647960101600518, 5.750000000001758593 ) ) ;
#3862 = ADVANCED_FACE ( 'NONE', ( #1292 ), #690, .T. ) ;
#3863 = ORIENTED_EDGE ( 'NONE', *, *, #1883, .F. ) ;
#3864 = CARTESIAN_POINT ( 'NONE',  ( 51.43707253122686041, 63.62099233973474099, 6.807492804015866206 ) ) ;
#3865 = CARTESIAN_POINT ( 'NONE',  ( 60.64962087507607436, 58.00388826793587782, 9.240679589879150058 ) ) ;
#3866 = CARTESIAN_POINT ( 'NONE',  ( -31.37714307674675140, 83.19615145673638779, 56.27638390199105345 ) ) ;
#3867 = DIRECTION ( 'NONE',  ( 0.000000000000000000, 1.000000000000000000, 0.000000000000000000 ) ) ;
#3868 = CARTESIAN_POINT ( 'NONE',  ( 43.73797051310972961, 82.38693761568060836, 0.3798334259328974838 ) ) ;
#3869 = ADVANCED_FACE ( 'NONE', ( #177 ), #927, .T. ) ;
#3870 = ORIENTED_EDGE ( 'NONE', *, *, #1429, .F. ) ;
#3871 = CYLINDRICAL_SURFACE ( 'NONE', #1077, 4.250000000000003553 ) ;
#3872 = CARTESIAN_POINT ( 'NONE',  ( -40.00000000000000000, 57.99999999999999289, -5.000000000000000000 ) ) ;
#3873 = DIRECTION ( 'NONE',  ( -9.912705577010318647E-16, 1.000000000000000000, 0.000000000000000000 ) ) ;
#3874 = ORIENTED_EDGE ( 'NONE', *, *, #2443, .T. ) ;
#3875 = CARTESIAN_POINT ( 'NONE',  ( 40.00000000000146372, 70.49999999999998579, 1.752070710736575165E-12 ) ) ;
#3876 = CARTESIAN_POINT ( 'NONE',  ( -30.43101581206494899, 87.82621366127185070, 52.34908166380512284 ) ) ;
#3877 = CARTESIAN_POINT ( 'NONE',  ( -54.38156733999441883, 85.09760451973140505, 14.15700866571115668 ) ) ;
#3878 = CARTESIAN_POINT ( 'NONE',  ( 26.99999999999999289, 69.10050506338832577, 60.99035587460769392 ) ) ;
#3879 = VERTEX_POINT ( 'NONE', #2739 ) ;
#3880 = CARTESIAN_POINT ( 'NONE',  ( 34.37952695820443694, 84.95516576672766007, 55.58228318235045862 ) ) ;
#3881 = CARTESIAN_POINT ( 'NONE',  ( -38.78667689000150176, 85.99237620079208000, 34.37113832995395057 ) ) ;
#3882 = CARTESIAN_POINT ( 'NONE',  ( -56.35729289194695468, 86.16560330538028722, 14.70359868475945753 ) ) ;
#3883 = EDGE_CURVE ( 'NONE', #3846, #4617, #1286, .T. ) ;
#3884 = ORIENTED_EDGE ( 'NONE', *, *, #2053, .F. ) ;
#3885 = DIRECTION ( 'NONE',  ( -0.4980973490458739938, 0.08715574274765822138, -0.8627299156628202015 ) ) ;
#3886 = FACE_OUTER_BOUND ( 'NONE', #4166, .T. ) ;
#3887 = CARTESIAN_POINT ( 'NONE',  ( -32.03518762318783786, 79.18987802932635134, 58.10001044291649919 ) ) ;
#3888 = EDGE_CURVE ( 'NONE', #4291, #1859, #2381, .T. ) ;
#3889 = FACE_OUTER_BOUND ( 'NONE', #4567, .T. ) ;
#3890 = CARTESIAN_POINT ( 'NONE',  ( 29.17497351054301902, 88.00000000000000000, 50.17355258111435035 ) ) ;
#3891 = ORIENTED_EDGE ( 'NONE', *, *, #78, .T. ) ;
#3892 = CARTESIAN_POINT ( 'NONE',  ( -41.08218031954491778, 85.63471201629458562, 34.34872328829469268 ) ) ;
#3893 = B_SPLINE_CURVE_WITH_KNOTS ( 'NONE', 3,
 ( #2508, #642, #3881, #1818, #1789, #1006 ),
 .UNSPECIFIED., .F., .F.,
 ( 4, 2, 4 ),
 ( 0.01542815317847427703, 0.01634187641135797023, 0.01725559964424166343 ),
 .UNSPECIFIED. ) ;
#3894 = ORIENTED_EDGE ( 'NONE', *, *, #1225, .T. ) ;
#3895 = CARTESIAN_POINT ( 'NONE',  ( -53.42946192741035105, 63.96961531072536644, 3.356573141364584956 ) ) ;
#3896 = CARTESIAN_POINT ( 'NONE',  ( -39.99999999999853628, 73.00000000000000000, 3.750000000001758593 ) ) ;
#3897 = AXIS2_PLACEMENT_3D ( 'NONE', #4443, #1151, #473 ) ;
#3898 = CARTESIAN_POINT ( 'NONE',  ( -31.64729000729249364, 87.12281816833447579, 54.45573036587614268 ) ) ;
#3899 = ADVANCED_FACE ( 'NONE', ( #147 ), #2311, .F. ) ;
#3900 = DIRECTION ( 'NONE',  ( 0.4961971664229286039, 0.000000000000000000, -0.8682098663536694794 ) ) ;
#3901 = ORIENTED_EDGE ( 'NONE', *, *, #1280, .T. ) ;
#3902 = CARTESIAN_POINT ( 'NONE',  ( 30.43101581205295858, 87.82621366127183649, 52.34908166381480754 ) ) ;
#3903 = CARTESIAN_POINT ( 'NONE',  ( 40.00000000000146372, 87.70451275622950504, 36.25000000000174794 ) ) ;
#3904 = CARTESIAN_POINT ( 'NONE',  ( -58.70809032493667701, 81.28869479452912117, 8.484655948469525200 ) ) ;
#3905 = ORIENTED_EDGE ( 'NONE', *, *, #1092, .F. ) ;
#3906 = EDGE_CURVE ( 'NONE', #1934, #933, #1019, .T. ) ;
#3907 =( BOUNDED_CURVE ( )  B_SPLINE_CURVE ( 3, ( #3965, #3306, #4448, #1509 ),
 .UNSPECIFIED., .F., .T. ) 
 B_SPLINE_CURVE_WITH_KNOTS ( ( 4, 4 ),
 ( 1.520710820664973761, 1.570796326794894116 ),
 .UNSPECIFIED. ) 
 CURVE ( )  GEOMETRIC_REPRESENTATION_ITEM ( )  RATIONAL_B_SPLINE_CURVE ( ( 1.000000000000000000, 0.9997909644311899768, 0.9997909644311899768, 1.000000000000000000 ) ) 
 REPRESENTATION_ITEM ( '' )  );
#3908 = CARTESIAN_POINT ( 'NONE',  ( -60.75646755812279309, 57.99999999999999289, 9.304940298967355972 ) ) ;
#3909 = DIRECTION ( 'NONE',  ( -0.8660254037844379305, -0.000000000000000000, 0.5000000000000012212 ) ) ;
#3910 = CARTESIAN_POINT ( 'NONE',  ( -30.53091199232651576, 85.81452138821907738, 51.78045818380090992 ) ) ;
#3911 = CARTESIAN_POINT ( 'NONE',  ( 40.00000000000146372, 88.00000000000000000, 40.00000000000175504 ) ) ;
#3912 = VECTOR ( 'NONE', #1903, 1000.000000000000114 ) ;
#3913 = VERTEX_POINT ( 'NONE', #2090 ) ;
#3914 = ADVANCED_FACE ( 'NONE', ( #3567 ), #3549, .T. ) ;
#3915 = CARTESIAN_POINT ( 'NONE',  ( -20.00000000000000000, 72.00000000000000000, 80.00000000000000000 ) ) ;
#3916 = VECTOR ( 'NONE', #3722, 1000.000000000000000 ) ;
#3917 = FACE_OUTER_BOUND ( 'NONE', #2151, .T. ) ;
#3918 = CIRCLE ( 'NONE', #1875, 2.250000000000002220 ) ;
#3919 = EDGE_LOOP ( 'NONE', ( #440, #3358, #2319, #3891, #3490, #4523, #4401, #4154, #4407, #1548, #2867, #130 ) ) ;
#3920 = ADVANCED_FACE ( 'NONE', ( #1740, #3184 ), #2064, .F. ) ;
#3921 = ORIENTED_EDGE ( 'NONE', *, *, #1567, .F. ) ;
#3922 = DIRECTION ( 'NONE',  ( 0.4980973490458739938, 0.08715574274765822138, -0.8627299156628202015 ) ) ;
#3923 = CARTESIAN_POINT ( 'NONE',  ( -34.37952695820519722, 84.95516576672716269, 55.58228318235023124 ) ) ;
#3924 = CARTESIAN_POINT ( 'NONE',  ( -51.04384583267945885, 86.00000000000000000, 14.27387844718429832 ) ) ;
#3925 = DIRECTION ( 'NONE',  ( -1.982541115402063729E-15, -1.000000000000000000, 0.000000000000000000 ) ) ;
#3926 = EDGE_CURVE ( 'NONE', #3990, #2740, #4247, .T. ) ;
#3927 = ORIENTED_EDGE ( 'NONE', *, *, #797, .T. ) ;
#3928 = CARTESIAN_POINT ( 'NONE',  ( 29.88862534306033325, 87.76815173527479885, 52.64571504678274749 ) ) ;
#3929 = CARTESIAN_POINT ( 'NONE',  ( 36.24152632785803974, 87.94955710595571929, 39.95997878012529014 ) ) ;
#3930 = CARTESIAN_POINT ( 'NONE',  ( -39.99999999999853628, 68.99999999999995737, 1.752070710736575165E-12 ) ) ;
#3931 =( GEOMETRIC_REPRESENTATION_CONTEXT ( 3 ) GLOBAL_UNCERTAINTY_ASSIGNED_CONTEXT ( ( #897 ) ) GLOBAL_UNIT_ASSIGNED_CONTEXT ( ( #716, #3603, #26 ) ) REPRESENTATION_CONTEXT ( 'NONE', 'WORKASPACE' ) );
#3932 = AXIS2_PLACEMENT_3D ( 'NONE', #1404, #1382, #741 ) ;
#3933 = DIRECTION ( 'NONE',  ( -0.000000000000000000, 1.000000000000000000, -0.000000000000000000 ) ) ;
#3934 = CARTESIAN_POINT ( 'NONE',  ( -39.99999999999853628, 73.00000000000000000, 40.00000000000175504 ) ) ;
#3935 = CARTESIAN_POINT ( 'NONE',  ( -31.59129759131804605, 82.40498838205530774, 56.86986630183973546 ) ) ;
#3936 = CARTESIAN_POINT ( 'NONE',  ( 29.17497351054301902, 86.00000000000000000, 50.17355258111435035 ) ) ;
#3937 =( BOUNDED_CURVE ( )  B_SPLINE_CURVE ( 3, ( #1702, #2330, #1265, #916 ),
 .UNSPECIFIED., .F., .F. ) 
 B_SPLINE_CURVE_WITH_KNOTS ( ( 4, 4 ),
 ( 1.620881832924819577, 3.141418614626610761 ),
 .UNSPECIFIED. ) 
 CURVE ( )  GEOMETRIC_REPRESENTATION_ITEM ( )  RATIONAL_B_SPLINE_CURVE ( ( 1.000000000000000000, 0.8164340562826535308, 0.8164340562826535308, 1.000000000000000000 ) ) 
 REPRESENTATION_ITEM ( '' )  );
#3938 = ORIENTED_EDGE ( 'NONE', *, *, #2290, .F. ) ;
#3939 = CARTESIAN_POINT ( 'NONE',  ( -49.80611753071212178, 60.00000000000000000, 28.46506973372666138 ) ) ;
#3940 = EDGE_CURVE ( 'NONE', #4436, #3759, #173, .T. ) ;
#3941 = EDGE_LOOP ( 'NONE', ( #2475, #773, #2587, #3732 ) ) ;
#3942 = CARTESIAN_POINT ( 'NONE',  ( -39.99999999999853628, 68.99999999999995737, 1.752070710736575165E-12 ) ) ;
#3943 = ORIENTED_EDGE ( 'NONE', *, *, #4382, .T. ) ;
#3944 = CARTESIAN_POINT ( 'NONE',  ( 40.80420116986038437, 73.00000000000000000, -3.020346134966512164 ) ) ;
#3945 = CARTESIAN_POINT ( 'NONE',  ( -36.36438947439982883, 78.87155742747657428, 57.64501281680246336 ) ) ;
#3946 = CARTESIAN_POINT ( 'NONE',  ( -40.00000000000000000, 57.99999999999999289, -5.000000000000000000 ) ) ;
#3947 = CARTESIAN_POINT ( 'NONE',  ( 44.63657209949365523, 69.48186963536306848, 40.94487534219348390 ) ) ;
#3948 = ADVANCED_FACE ( 'NONE', ( #3427 ), #3121, .T. ) ;
#3949 = CARTESIAN_POINT ( 'NONE',  ( 40.00000000000146372, 73.00000000000000000, 40.00000000000175504 ) ) ;
#3950 = EDGE_LOOP ( 'NONE', ( #1542, #531, #2557, #4663, #2597, #4370, #3029, #1098, #220, #1751, #2291, #2695 ) ) ;
#3951 = CARTESIAN_POINT ( 'NONE',  ( 33.05034169067531735, 85.47213665160191454, 56.88588716714107107 ) ) ;
#3952 = DIRECTION ( 'NONE',  ( 0.1186073329426364092, -0.9924325091389670783, -0.03178073907838851325 ) ) ;
#3953 = DIRECTION ( 'NONE',  ( 9.874984739562155884E-16, -0.9961946980917455452, 0.08715574274765820750 ) ) ;
#3954 = ORIENTED_EDGE ( 'NONE', *, *, #2585, .F. ) ;
#3955 = ORIENTED_EDGE ( 'NONE', *, *, #1662, .T. ) ;
#3956 = DIRECTION ( 'NONE',  ( -0.000000000000000000, 1.000000000000000000, -0.000000000000000000 ) ) ;
#3957 = CARTESIAN_POINT ( 'NONE',  ( 28.99999999999998934, 57.99999999999999289, 59.95388455197960553 ) ) ;
#3958 = CARTESIAN_POINT ( 'NONE',  ( -24.10050506338833287, 72.00000000000000000, 58.72904326261665631 ) ) ;
#3959 = DIRECTION ( 'NONE',  ( -0.4961971664229286039, 0.000000000000000000, -0.8682098663536694794 ) ) ;
#3960 = ORIENTED_EDGE ( 'NONE', *, *, #1511, .F. ) ;
#3961 = DIRECTION ( 'NONE',  ( 0.000000000000000000, 1.000000000000000000, 0.000000000000000000 ) ) ;
#3962 = VERTEX_POINT ( 'NONE', #843 ) ;
#3963 = CARTESIAN_POINT ( 'NONE',  ( 40.00000000000146372, 68.99999999999995737, 1.752070710736575165E-12 ) ) ;
#3964 = ADVANCED_FACE ( 'NONE', ( #4152 ), #2285, .T. ) ;
#3965 = CARTESIAN_POINT ( 'NONE',  ( 59.93504507085970090, 60.00000000000000000, 6.711550051719139098 ) ) ;
#3966 = CARTESIAN_POINT ( 'NONE',  ( -58.23291957122326323, 83.28988832631847572, 12.07602815229414794 ) ) ;
#3967 = CARTESIAN_POINT ( 'NONE',  ( 30.55385866770228631, 85.09760452030545252, 53.99483122111745814 ) ) ;
#3968 = CIRCLE ( 'NONE', #2235, 5.750000000000007105 ) ;
#3969 = ORIENTED_EDGE ( 'NONE', *, *, #2849, .F. ) ;
#3970 = EDGE_CURVE ( 'NONE', #3347, #1298, #2108, .T. ) ;
#3971 = CARTESIAN_POINT ( 'NONE',  ( -35.41760820522155484, 85.73262150111779079, 43.47866011709974998 ) ) ;
#3972 = CARTESIAN_POINT ( 'NONE',  ( 38.62247327693730625, 59.82910816494224804, -4.839973771204845399 ) ) ;
#3973 = DIRECTION ( 'NONE',  ( 0.000000000000000000, 1.000000000000000000, 0.000000000000000000 ) ) ;
#3974 = CARTESIAN_POINT ( 'NONE',  ( 40.00000000000146372, 68.99999999999995737, 1.752070710736575165E-12 ) ) ;
#3975 = AXIS2_PLACEMENT_3D ( 'NONE', #3934, #4619, #3244 ) ;
#3976 = ORIENTED_EDGE ( 'NONE', *, *, #2989, .F. ) ;
#3977 = ORIENTED_EDGE ( 'NONE', *, *, #363, .F. ) ;
#3978 = ADVANCED_FACE ( 'NONE', ( #1307, #2040 ), #3500, .T. ) ;
#3979 = CARTESIAN_POINT ( 'NONE',  ( 42.87290371283831547, 85.33449369270175566, 2.416700624588902446 ) ) ;
#3980 = AXIS2_PLACEMENT_3D ( 'NONE', #1162, #2599, #828 ) ;
#3981 = CARTESIAN_POINT ( 'NONE',  ( -39.99999999999853628, 68.99999999999995737, 40.00000000000175504 ) ) ;
#3982 = CYLINDRICAL_SURFACE ( 'NONE', #392, 3.750000000000010214 ) ;
#3983 = VECTOR ( 'NONE', #1274, 999.9999999999998863 ) ;
#3984 = ORIENTED_EDGE ( 'NONE', *, *, #381, .F. ) ;
#3985 = CARTESIAN_POINT ( 'NONE',  ( -36.84142251706620641, 88.00000000000000000, 6.787971645951955679 ) ) ;
#3986 = AXIS2_PLACEMENT_3D ( 'NONE', #1295, #2743, #2028 ) ;
#3987 = CARTESIAN_POINT ( 'NONE',  ( -43.69660927676241613, 84.02647859115454310, 35.58161444979698018 ) ) ;
#3988 = CARTESIAN_POINT ( 'NONE',  ( 57.99094879135935088, 82.97727752261702960, 8.958151541720674516 ) ) ;
#3989 = AXIS2_PLACEMENT_3D ( 'NONE', #3930, #367, #2531 ) ;
#3990 = VERTEX_POINT ( 'NONE', #2441 ) ;
#3991 = ORIENTED_EDGE ( 'NONE', *, *, #2742, .T. ) ;
#3992 = AXIS2_PLACEMENT_3D ( 'NONE', #138, #1878, #2965 ) ;
#3993 = CARTESIAN_POINT ( 'NONE',  ( -35.84490098427221483, 81.86849628214022800, 57.10514454149400621 ) ) ;
#3994 =( BOUNDED_SURFACE ( )  B_SPLINE_SURFACE ( 3, 2, ( 
 ( #1521, #2941, #490 ),
 ( #2627, #2583, #1561 ),
 ( #3292, #4461, #2960 ),
 ( #3269, #1211, #4415 ),
 ( #2655, #45, #1472 ),
 ( #2252, #859, #2913 ),
 ( #2298, #787, #4365 ),
 ( #67, #4005, #765 ),
 ( #2203, #3654, #1166 ),
 ( #418, #1145, #4049 ),
 ( #3772, #4141, #237 ),
 ( #1256, #1321, #559 ),
 ( #2321, #3439, #533 ),
 ( #2389, #3465, #2008 ) ),
 .UNSPECIFIED., .F., .F., .F. ) 
 B_SPLINE_SURFACE_WITH_KNOTS ( ( 4, 2, 2, 2, 2, 2, 4 ),
 ( 3, 3 ),
 ( 1.570796326794896558, 1.941678792843691603, 2.312561258892486649, 2.498002491916884171, 2.683443724941281694, 2.868884957965679661, 3.054326190990077183 ),
 ( 0.000000000000000000, 1.000000000000000000 ),
 .UNSPECIFIED. ) 
 GEOMETRIC_REPRESENTATION_ITEM ( )  RATIONAL_B_SPLINE_SURFACE ( (
 ( 1.000000000000000000, 1.000000000000000000, 1.000000000000000000),
 ( 1.000000000000000000, 1.000125873126421761, 1.000000000000000000),
 ( 1.000000000000000000, 0.9882037915478113499, 1.000000000000000000),
 ( 1.000000000000000000, 0.9450001130649755554, 1.000000000000000000),
 ( 1.000000000000000000, 0.9135621196990854065, 1.000000000000000000),
 ( 1.000000000000000000, 0.8609917222701819473, 1.000000000000000000),
 ( 1.000000000000000000, 0.8426378541623249507, 1.000000000000000000),
 ( 1.000000000000000000, 0.8066562330061852748, 1.000000000000000000),
 ( 1.000000000000000000, 0.7890381133229268373, 1.000000000000000000),
 ( 1.000000000000000000, 0.7573249006525357707, 1.000000000000000000),
 ( 1.000000000000000000, 0.7432533454602074929, 1.000000000000000000),
 ( 1.000000000000000000, 0.7213585926746204358, 1.000000000000000000),
 ( 1.000000000000000000, 0.7135450879967281113, 1.000000000000000000),
 ( 1.000000000000000000, 0.7097873355780220939, 1.000000000000000000) ) ) 
 REPRESENTATION_ITEM ( '' )  SURFACE ( )  );
#3995 = CYLINDRICAL_SURFACE ( 'NONE', #2711, 3.750000000000006217 ) ;
#3996 = ADVANCED_FACE ( 'NONE', ( #1385, #3199 ), #3132, .T. ) ;
#3997 = FACE_OUTER_BOUND ( 'NONE', #161, .T. ) ;
#3998 = ORIENTED_EDGE ( 'NONE', *, *, #624, .T. ) ;
#3999 = DIRECTION ( 'NONE',  ( 0.5000000000000014433, 0.000000000000000000, -0.8660254037844377084 ) ) ;
#4000 = CYLINDRICAL_SURFACE ( 'NONE', #2278, 5.000000000000000000 ) ;
#4001 = CARTESIAN_POINT ( 'NONE',  ( 45.11528117562234996, 81.03790072550070533, 37.37190304724639134 ) ) ;
#4002 = ADVANCED_FACE ( 'NONE', ( #3889 ), #4572, .T. ) ;
#4003 = ORIENTED_EDGE ( 'NONE', *, *, #1657, .F. ) ;
#4004 = ORIENTED_EDGE ( 'NONE', *, *, #4389, .T. ) ;
#4005 = CARTESIAN_POINT ( 'NONE',  ( 58.23291957122454221, 83.28988832631850414, 12.07602815229479276 ) ) ;
#4006 = DIRECTION ( 'NONE',  ( 0.000000000000000000, 0.000000000000000000, 1.000000000000000000 ) ) ;
#4007 = VECTOR ( 'NONE', #2324, 1000.000000000000227 ) ;
#4008 = CARTESIAN_POINT ( 'NONE',  ( -43.02651024509418676, 86.15302766656628819, 37.77392784973490336 ) ) ;
#4009 = EDGE_CURVE ( 'NONE', #1101, #2207, #650, .T. ) ;
#4010 = ORIENTED_EDGE ( 'NONE', *, *, #403, .F. ) ;
#4011 = CARTESIAN_POINT ( 'NONE',  ( 45.92985885473279950, 59.89987086328520860, 0.9337592669889638319 ) ) ;
#4012 = CARTESIAN_POINT ( 'NONE',  ( -37.08594993392334516, 82.04036833144073171, -2.371010421137708324 ) ) ;
#4013 = ORIENTED_EDGE ( 'NONE', *, *, #309, .F. ) ;
#4014 = CARTESIAN_POINT ( 'NONE',  ( -39.99999999999853628, 88.00000000000000000, 40.00000000000175504 ) ) ;
#4015 = ORIENTED_EDGE ( 'NONE', *, *, #2564, .F. ) ;
#4016 = CARTESIAN_POINT ( 'NONE',  ( 38.66535217571077254, 57.99999999999999289, -4.999999999999999112 ) ) ;
#4017 = DIRECTION ( 'NONE',  ( -0.000000000000000000, -1.000000000000000000, -0.000000000000000000 ) ) ;
#4018 = ORIENTED_EDGE ( 'NONE', *, *, #3779, .T. ) ;
#4019 = CARTESIAN_POINT ( 'NONE',  ( -39.58478707315738632, 82.23452121261423997, 45.73999221924154313 ) ) ;
#4020 = CARTESIAN_POINT ( 'NONE',  ( 64.07155508292413515, 78.69724594198125089, 13.30684357918251415 ) ) ;
#4021 = CARTESIAN_POINT ( 'NONE',  ( 42.80889585163831157, 84.82072372321019316, 34.96743116094693704 ) ) ;
#4022 = VERTEX_POINT ( 'NONE', #3474 ) ;
#4023 = VERTEX_POINT ( 'NONE', #331 ) ;
#4024 = CARTESIAN_POINT ( 'NONE',  ( -44.00652356811148280, 57.99999999999999289, 44.04521826813520846 ) ) ;
#4025 = CARTESIAN_POINT ( 'NONE',  ( 45.40556610490799017, 73.20411230227404076, 1.975095841955553100 ) ) ;
#4026 = EDGE_CURVE ( 'NONE', #129, #839, #2850, .T. ) ;
#4027 = DIRECTION ( 'NONE',  ( 0.4961971664229286039, 0.000000000000000000, -0.8682098663536693683 ) ) ;
#4028 = ORIENTED_EDGE ( 'NONE', *, *, #824, .T. ) ;
#4029 = DIRECTION ( 'NONE',  ( 0.000000000000000000, 0.000000000000000000, -1.000000000000000000 ) ) ;
#4030 = CYLINDRICAL_SURFACE ( 'NONE', #380, 5.000000000000000000 ) ;
#4031 = CARTESIAN_POINT ( 'NONE',  ( -39.99999999999853628, 73.00000000000000000, 40.00000000000175504 ) ) ;
#4032 = EDGE_CURVE ( 'NONE', #2769, #2953, #4402, .T. ) ;
#4033 = CARTESIAN_POINT ( 'NONE',  ( -64.21465488947576716, 57.99999999999998579, 9.047844357886381417 ) ) ;
#4034 = CARTESIAN_POINT ( 'NONE',  ( 60.81172790629494074, 80.09810628453536197, 14.97096765789915551 ) ) ;
#4035 = LINE ( 'NONE', #2237, #3174 ) ;
#4036 = ORIENTED_EDGE ( 'NONE', *, *, #896, .T. ) ;
#4037 = PRODUCT_DEFINITION ( 'UNKNOWN', '', #93, #1366 ) ;
#4038 = EDGE_LOOP ( 'NONE', ( #208, #2949, #4546, #389, #111, #1972 ) ) ;
#4039 = CARTESIAN_POINT ( 'NONE',  ( 49.87809338607208787, 86.00000000000000000, 14.31469708150908993 ) ) ;
#4040 = DIRECTION ( 'NONE',  ( 0.4980973490458739938, 0.08715574274765822138, -0.8627299156628203125 ) ) ;
#4041 = VERTEX_POINT ( 'NONE', #3936 ) ;
#4042 = CARTESIAN_POINT ( 'NONE',  ( -35.53545311591080491, 85.68351503028667082, 43.62853046356408271 ) ) ;
#4043 = EDGE_CURVE ( 'NONE', #806, #2964, #1474, .T. ) ;
#4044 = CARTESIAN_POINT ( 'NONE',  ( 36.88960039614958220, 87.64573023975455612, 42.10905710264454882 ) ) ;
#4045 = FACE_OUTER_BOUND ( 'NONE', #3785, .T. ) ;
#4046 = DIRECTION ( 'NONE',  ( 0.000000000000000000, 0.000000000000000000, 1.000000000000000000 ) ) ;
#4047 = ORIENTED_EDGE ( 'NONE', *, *, #3787, .T. ) ;
#4048 = VERTEX_POINT ( 'NONE', #1526 ) ;
#4049 = CARTESIAN_POINT ( 'NONE',  ( 57.57689891600077203, 81.09479702541169388, 10.22209736010725578 ) ) ;
#4050 = CARTESIAN_POINT ( 'NONE',  ( -34.26691664223853451, 82.99024797969434530, 0.5174910593726558261 ) ) ;
#4051 = AXIS2_PLACEMENT_3D ( 'NONE', #4561, #2048, #1317 ) ;
#4052 = EDGE_CURVE ( 'NONE', #1342, #3267, #3656, .T. ) ;
#4053 = VERTEX_POINT ( 'NONE', #4368 ) ;
#4054 = FACE_OUTER_BOUND ( 'NONE', #463, .T. ) ;
#4055 = CARTESIAN_POINT ( 'NONE',  ( 40.00000000000146372, 68.99999999999995737, 40.00000000000175504 ) ) ;
#4056 = CARTESIAN_POINT ( 'NONE',  ( -45.39676408457963674, 78.69724594198125089, 38.01570228660901307 ) ) ;
#4057 = VECTOR ( 'NONE', #3648, 999.9999999999998863 ) ;
#4058 = EDGE_CURVE ( 'NONE', #2574, #2031, #1169, .T. ) ;
#4059 = EDGE_LOOP ( 'NONE', ( #3190, #1088, #4098, #3550 ) ) ;
#4060 = FACE_OUTER_BOUND ( 'NONE', #183, .T. ) ;
#4061 = DIRECTION ( 'NONE',  ( 0.000000000000000000, 0.08715574274765769403, -0.9961946980917455452 ) ) ;
#4062 = DIRECTION ( 'NONE',  ( 0.000000000000000000, -1.000000000000000000, 0.000000000000000000 ) ) ;
#4063 = CIRCLE ( 'NONE', #3085, 7.499999999999985789 ) ;
#4064 = ORIENTED_EDGE ( 'NONE', *, *, #4058, .F. ) ;
#4065 = LINE ( 'NONE', #2975, #1424 ) ;
#4066 = VECTOR ( 'NONE', #595, 1000.000000000000000 ) ;
#4067 = CYLINDRICAL_SURFACE ( 'NONE', #3382, 5.000000000000000000 ) ;
#4068 = CARTESIAN_POINT ( 'NONE',  ( 40.00000000000145661, 85.87423082768911797, 34.25000000000174083 ) ) ;
#4069 = AXIS2_PLACEMENT_3D ( 'NONE', #276, #230, #1608 ) ;
#4070 = ADVANCED_FACE ( 'NONE', ( #444 ), #373, .T. ) ;
#4071 = CARTESIAN_POINT ( 'NONE',  ( -39.99999999999853628, 68.99999999999995737, 35.75000000000175504 ) ) ;
#4072 = ORIENTED_EDGE ( 'NONE', *, *, #4345, .F. ) ;
#4073 = ORIENTED_EDGE ( 'NONE', *, *, #851, .F. ) ;
#4074 = DIRECTION ( 'NONE',  ( 0.000000000000000000, 0.08715574274765769403, -0.9961946980917455452 ) ) ;
#4075 = DIRECTION ( 'NONE',  ( 0.000000000000000000, 0.000000000000000000, -1.000000000000000000 ) ) ;
#4076 = ORIENTED_EDGE ( 'NONE', *, *, #3494, .F. ) ;
#4077 = VECTOR ( 'NONE', #4320, 999.9999999999998863 ) ;
#4078 = CARTESIAN_POINT ( 'NONE',  ( -36.56320326883287919, 87.98492472472236159, 38.47813240206097873 ) ) ;
#4079 = CARTESIAN_POINT ( 'NONE',  ( -39.06289096346574041, 73.00000000000000000, -3.631022810980914617 ) ) ;
#4080 = DIRECTION ( 'NONE',  ( 0.000000000000000000, 1.000000000000000000, 0.000000000000000000 ) ) ;
#4081 = AXIS2_PLACEMENT_3D ( 'NONE', #3600, #2127, #3196 ) ;
#4082 = CARTESIAN_POINT ( 'NONE',  ( 35.12829544655926384, 69.99015638671151862, -1.943357567173090938 ) ) ;
#4083 = ORIENTED_EDGE ( 'NONE', *, *, #3082, .T. ) ;
#4084 = AXIS2_PLACEMENT_3D ( 'NONE', #3821, #651, #245 ) ;
#4085 = DIRECTION ( 'NONE',  ( -1.000000000000000000, -0.000000000000000000, -0.000000000000000000 ) ) ;
#4086 = EDGE_CURVE ( 'NONE', #3852, #3583, #2575, .T. ) ;
#4087 = CARTESIAN_POINT ( 'NONE',  ( -44.60965046857763383, 69.49395108922131215, 1.140761351300430659 ) ) ;
#4088 = AXIS2_PLACEMENT_3D ( 'NONE', #4230, #3867, #3109 ) ;
#4089 = CARTESIAN_POINT ( 'NONE',  ( -41.63992468234294364, 72.98903522886128314, 45.52154645999006988 ) ) ;
#4090 =( BOUNDED_CURVE ( )  B_SPLINE_CURVE ( 3, ( #4342, #2442, #332, #3200 ),
 .UNSPECIFIED., .F., .F. ) 
 B_SPLINE_CURVE_WITH_KNOTS ( ( 4, 4 ),
 ( 0.08726646259971522490, 1.570796326794896780 ),
 .UNSPECIFIED. ) 
 CURVE ( )  GEOMETRIC_REPRESENTATION_ITEM ( )  RATIONAL_B_SPLINE_CURVE ( ( 1.000000000000000000, 0.8248515578734156861, 0.8248515578734156861, 1.000000000000000000 ) ) 
 REPRESENTATION_ITEM ( '' )  );
#4091 = ORIENTED_EDGE ( 'NONE', *, *, #4086, .F. ) ;
#4092 = DIRECTION ( 'NONE',  ( 0.000000000000000000, 1.000000000000000000, 0.000000000000000000 ) ) ;
#4093 = CARTESIAN_POINT ( 'NONE',  ( 37.19094631735492840, 87.50920214376800743, 42.49638237573266508 ) ) ;
#4094 = ADVANCED_FACE ( 'NONE', ( #1237 ), #2682, .F. ) ;
#4095 = CARTESIAN_POINT ( 'NONE',  ( -43.66948339955744274, 78.87155742747657428, -0.7729111076695062144 ) ) ;
#4096 = LINE ( 'NONE', #1517, #3789 ) ;
#4097 = EDGE_LOOP ( 'NONE', ( #749, #1450, #631, #3874, #453, #4281 ) ) ;
#4098 = ORIENTED_EDGE ( 'NONE', *, *, #1765, .T. ) ;
#4099 = DIRECTION ( 'NONE',  ( 0.000000000000000000, 0.000000000000000000, 1.000000000000000000 ) ) ;
#4100 = CARTESIAN_POINT ( 'NONE',  ( -45.92985885473279950, 59.89987086328520860, 0.9337592669889638319 ) ) ;
#4101 = DIRECTION ( 'NONE',  ( 0.000000000000000000, -1.000000000000000000, -0.000000000000000000 ) ) ;
#4102 = ORIENTED_EDGE ( 'NONE', *, *, #2546, .T. ) ;
#4103 = CARTESIAN_POINT ( 'NONE',  ( 36.84142251706617799, 86.00000000000000000, 6.787971645951950350 ) ) ;
#4104 = CARTESIAN_POINT ( 'NONE',  ( 37.29997065857457272, 85.81481713637835185, 5.076646684126414399 ) ) ;
#4105 = B_SPLINE_CURVE_WITH_KNOTS ( 'NONE', 3,
 ( #1239, #540, #937, #886, #2353, #2326, #2707, #4194, #263, #3084 ),
 .UNSPECIFIED., .F., .F.,
 ( 4, 2, 2, 2, 4 ),
 ( 0.01111354316550280941, 0.01168662384150575412, 0.01225970451750869883, 0.01283278519351164181, 0.01340586586951458652 ),
 .UNSPECIFIED. ) ;
#4106 = DIRECTION ( 'NONE',  ( 0.4980973490458739938, -0.08715574274765820750, 0.8627299156628202015 ) ) ;
#4107 = ORIENTED_EDGE ( 'NONE', *, *, #1349, .F. ) ;
#4108 = CARTESIAN_POINT ( 'NONE',  ( 32.38053963461589291, 84.56639085668119549, 53.97242858747522121 ) ) ;
#4109 = DIRECTION ( 'NONE',  ( 0.4961971664229286039, 0.000000000000000000, 0.8682098663536693683 ) ) ;
#4110 = CARTESIAN_POINT ( 'NONE',  ( 55.02617263094552413, 86.00000000000000000, 14.13443791517847004 ) ) ;
#4111 = DIRECTION ( 'NONE',  ( -0.8660254037844378194, 0.000000000000000000, -0.5000000000000014433 ) ) ;
#4112 = B_SPLINE_CURVE_WITH_KNOTS ( 'NONE', 3,
 ( #1232, #2409, #3075, #3508, #876, #181, #950, #3788, #2385, #4162, #4563, #3831, #4186, #2316, #2700, #1296 ),
 .UNSPECIFIED., .F., .F.,
 ( 4, 2, 2, 2, 2, 2, 2, 4 ),
 ( 0.06249612476719907522, 0.06367036576759491084, 0.06484460676799075340, 0.06601884776838659596, 0.06719308876878243852, 0.06836732976917828108, 0.06954157076957410977, 0.07189005277036575325 ),
 .UNSPECIFIED. ) ;
#4113 = EDGE_CURVE ( 'NONE', #4493, #807, #2034, .T. ) ;
#4114 = VERTEX_POINT ( 'NONE', #811 ) ;
#4115 = CARTESIAN_POINT ( 'NONE',  ( 63.28329115880212896, 57.99999999999999289, 8.485013274446975728 ) ) ;
#4116 = CARTESIAN_POINT ( 'NONE',  ( 62.79472762631789351, 78.87155742747657428, 10.26905379496800919 ) ) ;
#4117 = CARTESIAN_POINT ( 'NONE',  ( -38.00290696936136214, 78.87155742747658849, -3.173975334965499329 ) ) ;
#4118 =( BOUNDED_CURVE ( )  B_SPLINE_CURVE ( 3, ( #1347, #4518, #2764, #4117 ),
 .UNSPECIFIED., .F., .T. ) 
 B_SPLINE_CURVE_WITH_KNOTS ( ( 4, 4 ),
 ( 3.639723591216705856, 3.703212757472037708 ),
 .UNSPECIFIED. ) 
 CURVE ( )  GEOMETRIC_REPRESENTATION_ITEM ( )  RATIONAL_B_SPLINE_CURVE ( ( 1.000000000000000000, 0.9996641220213107193, 0.9996641220213107193, 1.000000000000000000 ) ) 
 REPRESENTATION_ITEM ( '' )  );
#4119 = ORIENTED_EDGE ( 'NONE', *, *, #717, .T. ) ;
#4120 = ADVANCED_FACE ( 'NONE', ( #4145 ), #911, .T. ) ;
#4121 = ORIENTED_EDGE ( 'NONE', *, *, #4345, .T. ) ;
#4122 = FACE_OUTER_BOUND ( 'NONE', #1238, .T. ) ;
#4123 = CARTESIAN_POINT ( 'NONE',  ( -40.84057948393655835, 85.43796633861943235, 5.692112094271934986 ) ) ;
#4124 = EDGE_CURVE ( 'NONE', #2307, #4446, #2683, .T. ) ;
#4125 = ORIENTED_EDGE ( 'NONE', *, *, #4621, .F. ) ;
#4126 = DIRECTION ( 'NONE',  ( -0.000000000000000000, 1.000000000000000000, -0.000000000000000000 ) ) ;
#4127 = CARTESIAN_POINT ( 'NONE',  ( -59.98764732461069826, 84.98474481558260152, 11.60585026783941842 ) ) ;
#4128 = CARTESIAN_POINT ( 'NONE',  ( 41.15583892094012697, 57.99999999999999289, -4.332676087855367619 ) ) ;
#4129 = ORIENTED_EDGE ( 'NONE', *, *, #4032, .F. ) ;
#4130 = CARTESIAN_POINT ( 'NONE',  ( 33.36924220881998338, 81.40885447907288608, 57.43823906711800475 ) ) ;
#4131 = DIRECTION ( 'NONE',  ( -1.000000000000000000, -0.000000000000000000, -1.084202172485504434E-17 ) ) ;
#4132 = CARTESIAN_POINT ( 'NONE',  ( -37.72835024319423525, 87.24616012088996797, 42.99310976676701301 ) ) ;
#4133 = VERTEX_POINT ( 'NONE', #3896 ) ;
#4134 = LINE ( 'NONE', #502, #2334 ) ;
#4135 = FACE_OUTER_BOUND ( 'NONE', #2399, .T. ) ;
#4136 = DIRECTION ( 'NONE',  ( 1.000000000000000000, 0.000000000000000000, -0.000000000000000000 ) ) ;
#4137 = ADVANCED_FACE ( 'NONE', ( #1460 ), #3114, .F. ) ;
#4138 = CARTESIAN_POINT ( 'NONE',  ( 64.25530228220748086, 57.82568851450468372, 9.003805301908281322 ) ) ;
#4139 = VERTEX_POINT ( 'NONE', #2019 ) ;
#4140 = ORIENTED_EDGE ( 'NONE', *, *, #581, .T. ) ;
#4141 = CARTESIAN_POINT ( 'NONE',  ( 59.85239406631594505, 81.43042658603182815, 11.64209126917272918 ) ) ;
#4142 = CARTESIAN_POINT ( 'NONE',  ( -29.00000000000000000, 57.99999999999999289, 61.96152422706629892 ) ) ;
#4143 = EDGE_CURVE ( 'NONE', #4624, #2818, #753, .T. ) ;
#4144 =( BOUNDED_CURVE ( )  B_SPLINE_CURVE ( 3, ( #3957, #4269, #1774, #46 ),
 .UNSPECIFIED., .F., .T. ) 
 B_SPLINE_CURVE_WITH_KNOTS ( ( 4, 4 ),
 ( 0.000000000000000000, 1.570796326794900111 ),
 .UNSPECIFIED. ) 
 CURVE ( )  GEOMETRIC_REPRESENTATION_ITEM ( )  RATIONAL_B_SPLINE_CURVE ( ( 1.000000000000000000, 0.8047378541243641603, 0.8047378541243641603, 1.000000000000000000 ) ) 
 REPRESENTATION_ITEM ( '' )  );
#4145 = FACE_OUTER_BOUND ( 'NONE', #3753, .T. ) ;
#4146 = VERTEX_POINT ( 'NONE', #1735 ) ;
#4147 = FACE_OUTER_BOUND ( 'NONE', #3690, .T. ) ;
#4148 = CARTESIAN_POINT ( 'NONE',  ( -38.20195790800225666, 86.00000000000000000, 34.53835696558347479 ) ) ;
#4149 = CARTESIAN_POINT ( 'NONE',  ( 34.30725347800287750, 80.52115617618598264, -0.8185140496925564779 ) ) ;
#4150 = FACE_OUTER_BOUND ( 'NONE', #3438, .T. ) ;
#4151 = EDGE_CURVE ( 'NONE', #2006, #3763, #861, .T. ) ;
#4152 = FACE_OUTER_BOUND ( 'NONE', #2582, .T. ) ;
#4153 = DIRECTION ( 'NONE',  ( 0.000000000000000000, 0.000000000000000000, 1.000000000000000000 ) ) ;
#4154 = ORIENTED_EDGE ( 'NONE', *, *, #1231, .T. ) ;
#4155 = DIRECTION ( 'NONE',  ( -0.000000000000000000, -1.000000000000000000, -0.000000000000000000 ) ) ;
#4156 = DIRECTION ( 'NONE',  ( 0.5000000000000014433, -0.000000000000000000, 0.8660254037844378194 ) ) ;
#4157 = ADVANCED_FACE ( 'NONE', ( #2776 ), #3871, .T. ) ;
#4158 = CARTESIAN_POINT ( 'NONE',  ( -45.50257528376200611, 70.28946184227208960, 39.30360350181147311 ) ) ;
#4159 = VERTEX_POINT ( 'NONE', #1363 ) ;
#4160 = DIRECTION ( 'NONE',  ( -1.000000000000000000, 0.000000000000000000, -1.084202172485504434E-17 ) ) ;
#4161 = DIRECTION ( 'NONE',  ( 0.000000000000000000, 0.000000000000000000, 1.000000000000000000 ) ) ;
#4162 = CARTESIAN_POINT ( 'NONE',  ( 37.18434217102638684, 84.71778337053092400, 45.02512026502684961 ) ) ;
#4163 = CIRCLE ( 'NONE', #3636, 4.999999999999997335 ) ;
#4164 = DIRECTION ( 'NONE',  ( -0.4980973490458739938, 0.08715574274765822138, -0.8627299156628203125 ) ) ;
#4165 = ORIENTED_EDGE ( 'NONE', *, *, #2152, .F. ) ;
#4166 = EDGE_LOOP ( 'NONE', ( #676, #3397, #532, #2176 ) ) ;
#4167 = FACE_OUTER_BOUND ( 'NONE', #2527, .T. ) ;
#4168 = CARTESIAN_POINT ( 'NONE',  ( -43.47956582446960283, 84.05667324137903051, 4.580900560329738802 ) ) ;
#4169 = ORIENTED_EDGE ( 'NONE', *, *, #3940, .T. ) ;
#4170 = EDGE_CURVE ( 'NONE', #3321, #604, #176, .T. ) ;
#4171 = DIRECTION ( 'NONE',  ( -0.4961971664229286039, 0.000000000000000000, -0.8682098663536694794 ) ) ;
#4172 = LINE ( 'NONE', #3470, #2170 ) ;
#4173 = CARTESIAN_POINT ( 'NONE',  ( 37.46464299210917659, 87.16030743653250568, 2.772716209056852232 ) ) ;
#4174 =( BOUNDED_CURVE ( )  B_SPLINE_CURVE ( 3, ( #742, #2179, #3627, #2914 ),
 .UNSPECIFIED., .F., .F. ) 
 B_SPLINE_CURVE_WITH_KNOTS ( ( 4, 4 ),
 ( 6.172789114518799636, 6.543965206476256569 ),
 .UNSPECIFIED. ) 
 CURVE ( )  GEOMETRIC_REPRESENTATION_ITEM ( )  RATIONAL_B_SPLINE_CURVE ( ( 1.000000000000000000, 0.9885519411122649647, 0.9885519411122649647, 1.000000000000000000 ) ) 
 REPRESENTATION_ITEM ( '' )  );
#4175 = DIRECTION ( 'NONE',  ( 0.000000000000000000, 0.000000000000000000, -1.000000000000000000 ) ) ;
#4176 = ORIENTED_EDGE ( 'NONE', *, *, #761, .T. ) ;
#4177 = EDGE_CURVE ( 'NONE', #66, #2646, #4273, .T. ) ;
#4178 = CARTESIAN_POINT ( 'NONE',  ( 32.03518762318783786, 79.18987802932647924, 58.10001044291649208 ) ) ;
#4179 = CARTESIAN_POINT ( 'NONE',  ( -35.68943217405001889, 69.48635083749256580, -1.987434841351201520 ) ) ;
#4180 = B_SPLINE_CURVE_WITH_KNOTS ( 'NONE', 3,
 ( #107, #2271, #4019, #390, #2219, #3671, #2245, #1817, #40, #436, #3364, #3313, #2528, #4408, #1161, #4042, #3971, #4431, #459, #1889, #3343, #3263, #2908, #1538 ),
 .UNSPECIFIED., .F., .F.,
 ( 4, 2, 2, 2, 2, 2, 2, 2, 2, 2, 2, 4 ),
 ( 0.06705537294700578133, 0.06823621626831688491, 0.06941705958962798850, 0.07059790291093909209, 0.07118832457159463001, 0.07177874623225018180, 0.07295958955356129927, 0.07355001121421685106, 0.07414043287487240286, 0.07473085453552796853, 0.07532127619618353420, 0.07650211951749463779 ),
 .UNSPECIFIED. ) ;
#4181 = CARTESIAN_POINT ( 'NONE',  ( -37.19775971928039837, 87.50603682471144396, 42.50409747052221832 ) ) ;
#4182 = DIRECTION ( 'NONE',  ( 0.000000000000000000, 1.000000000000000000, 0.000000000000000000 ) ) ;
#4183 = ORIENTED_EDGE ( 'NONE', *, *, #4549, .T. ) ;
#4184 = FACE_OUTER_BOUND ( 'NONE', #4528, .T. ) ;
#4185 = CARTESIAN_POINT ( 'NONE',  ( -61.74398326858154462, 57.99999999999999289, 13.32303686971574841 ) ) ;
#4186 = CARTESIAN_POINT ( 'NONE',  ( 38.33475424723224734, 83.72523244238919915, 45.51038549004443468 ) ) ;
#4187 = DIRECTION ( 'NONE',  ( 0.4961971664229286039, 0.000000000000000000, 0.8682098663536693683 ) ) ;
#4188 = ORIENTED_EDGE ( 'NONE', *, *, #4382, .F. ) ;
#4189 = EDGE_LOOP ( 'NONE', ( #4502, #680, #4036, #1605 ) ) ;
#4190 = CARTESIAN_POINT ( 'NONE',  ( -39.99999999999853628, 57.99999999999999289, 42.25000000000175504 ) ) ;
#4191 = CARTESIAN_POINT ( 'NONE',  ( -41.04938143765907910, 85.38356184299775009, 5.657215294210470979 ) ) ;
#4192 = EDGE_LOOP ( 'NONE', ( #1302, #1829, #2410, #1184 ) ) ;
#4193 = ORIENTED_EDGE ( 'NONE', *, *, #3128, .T. ) ;
#4194 = CARTESIAN_POINT ( 'NONE',  ( -38.16570137918695593, 87.28905121417118096, 3.276454536082635816 ) ) ;
#4195 = DIRECTION ( 'NONE',  ( 0.000000000000000000, 0.000000000000000000, 1.000000000000000000 ) ) ;
#4196 = CARTESIAN_POINT ( 'NONE',  ( 35.53479549461330578, 85.35248303181833762, 3.629768738722559007 ) ) ;
#4197 = CARTESIAN_POINT ( 'NONE',  ( -29.17497351054301546, 86.00000000000000000, 50.17355258111435035 ) ) ;
#4198 = DIRECTION ( 'NONE',  ( -0.8660254037844380415, -0.000000000000000000, 0.5000000000000012212 ) ) ;
#4199 = CARTESIAN_POINT ( 'NONE',  ( -39.99999999999853628, 88.00000000000000000, 1.752070710736575165E-12 ) ) ;
#4200 = EDGE_CURVE ( 'NONE', #2632, #3137, #2238, .T. ) ;
#4201 = CARTESIAN_POINT ( 'NONE',  ( -39.99999999999853628, 68.99999999999995737, 40.00000000000175504 ) ) ;
#4202 = VECTOR ( 'NONE', #2834, 1000.000000000000114 ) ;
#4203 = ORIENTED_EDGE ( 'NONE', *, *, #3795, .T. ) ;
#4204 = DIRECTION ( 'NONE',  ( -0.8660254037844379305, 0.000000000000000000, 0.5000000000000012212 ) ) ;
#4205 = LINE ( 'NONE', #2401, #1717 ) ;
#4206 = AXIS2_PLACEMENT_3D ( 'NONE', #1696, #4257, #2068 ) ;
#4207 = EDGE_CURVE ( 'NONE', #4041, #4146, #3606, .T. ) ;
#4208 = DIRECTION ( 'NONE',  ( 0.4961971664229286039, 3.469446951953613804E-18, 0.8682098663536694794 ) ) ;
#4209 = AXIS2_PLACEMENT_3D ( 'NONE', #3602, #1033, #1057 ) ;
#4210 = ORIENTED_EDGE ( 'NONE', *, *, #973, .F. ) ;
#4211 = DIRECTION ( 'NONE',  ( 0.000000000000000000, 1.000000000000000000, 0.000000000000000000 ) ) ;
#4212 = CARTESIAN_POINT ( 'NONE',  ( -27.00000000000000355, 65.00000000000000000, 61.34910358238483497 ) ) ;
#4213 = CARTESIAN_POINT ( 'NONE',  ( -59.93504507085970801, 60.00000000000000000, 6.711550051719142651 ) ) ;
#4214 = CARTESIAN_POINT ( 'NONE',  ( -36.98200734164525727, 57.99999999999999289, -2.992360324913305281 ) ) ;
#4215 = EDGE_CURVE ( 'NONE', #2213, #2085, #4, .T. ) ;
#4216 = EDGE_LOOP ( 'NONE', ( #656, #261, #4047, #2276 ) ) ;
#4217 = CARTESIAN_POINT ( 'NONE',  ( 40.00000000000146372, 68.99999999999995737, 4.250000000001754152 ) ) ;
#4218 = VECTOR ( 'NONE', #1631, 1000.000000000000000 ) ;
#4219 = CARTESIAN_POINT ( 'NONE',  ( -43.85464524296808264, 83.62991599445871316, 4.269661294260852280 ) ) ;
#4220 = ADVANCED_FACE ( 'NONE', ( #3007 ), #2657, .T. ) ;
#4221 = AXIS2_PLACEMENT_3D ( 'NONE', #4225, #986, #4195 ) ;
#4222 = VERTEX_POINT ( 'NONE', #1564 ) ;
#4223 = EDGE_LOOP ( 'NONE', ( #669, #4574, #3640, #3167 ) ) ;
#4224 = CARTESIAN_POINT ( 'NONE',  ( -44.93366415664105062, 63.99647660241518565, 3.090680852645917298 ) ) ;
#4225 = CARTESIAN_POINT ( 'NONE',  ( 40.00000000000146372, 57.99999999999999289, 40.00000000000175504 ) ) ;
#4226 = CIRCLE ( 'NONE', #2173, 3.750000000000006217 ) ;
#4227 = PLANE ( 'NONE',  #2461 ) ;
#4228 = CARTESIAN_POINT ( 'NONE',  ( 40.00000000000146372, 73.00000000000000000, 36.25000000000174794 ) ) ;
#4229 = AXIS2_PLACEMENT_3D ( 'NONE', #1300, #3030, #4505 ) ;
#4230 = CARTESIAN_POINT ( 'NONE',  ( -39.99999999999853628, 73.00000000000000000, 40.00000000000175504 ) ) ;
#4231 = VECTOR ( 'NONE', #822, 1000.000000000000000 ) ;
#4232 = LINE ( 'NONE', #1332, #2497 ) ;
#4233 = ORIENTED_EDGE ( 'NONE', *, *, #4538, .T. ) ;
#4234 = CARTESIAN_POINT ( 'NONE',  ( 54.45974925615922047, 88.00000000000000000, 6.379036331722018893 ) ) ;
#4235 = CARTESIAN_POINT ( 'NONE',  ( -55.97192386219587235, 88.00000000000000000, 14.68046764312728136 ) ) ;
#4236 = LINE ( 'NONE', #2046, #523 ) ;
#4237 = ORIENTED_EDGE ( 'NONE', *, *, #2706, .T. ) ;
#4238 = VECTOR ( 'NONE', #1731, 1000.000000000000227 ) ;
#4239 = EDGE_CURVE ( 'NONE', #4053, #1164, #3406, .T. ) ;
#4240 = DIRECTION ( 'NONE',  ( 0.000000000000000000, 0.000000000000000000, 1.000000000000000000 ) ) ;
#4241 = CARTESIAN_POINT ( 'NONE',  ( -34.37271338305173884, 78.69724594198126510, -1.181585938782008682 ) ) ;
#4242 = CARTESIAN_POINT ( 'NONE',  ( 44.19374432849019030, 68.99999999999995737, 40.68920860939999073 ) ) ;
#4243 = AXIS2_PLACEMENT_3D ( 'NONE', #1527, #2962, #4420 ) ;
#4244 = ORIENTED_EDGE ( 'NONE', *, *, #227, .F. ) ;
#4245 = ADVANCED_FACE ( 'NONE', ( #3239 ), #4000, .T. ) ;
#4246 = CARTESIAN_POINT ( 'NONE',  ( 63.49027536830374885, 57.99999999999999289, 14.31364957831413420 ) ) ;
#4247 = CIRCLE ( 'NONE', #2193, 4.250000000000001776 ) ;
#4248 = ORIENTED_EDGE ( 'NONE', *, *, #3302, .F. ) ;
#4249 =( BOUNDED_CURVE ( )  B_SPLINE_CURVE ( 3, ( #1850, #2211, #3685, #330 ),
 .UNSPECIFIED., .F., .T. ) 
 B_SPLINE_CURVE_WITH_KNOTS ( ( 4, 4 ),
 ( 4.712388980384688786, 6.195918844579870743 ),
 .UNSPECIFIED. ) 
 CURVE ( )  GEOMETRIC_REPRESENTATION_ITEM ( )  RATIONAL_B_SPLINE_CURVE ( ( 1.000000000000000000, 0.8248515578734156861, 0.8248515578734156861, 1.000000000000000000 ) ) 
 REPRESENTATION_ITEM ( '' )  );
#4250 = CARTESIAN_POINT ( 'NONE',  ( -40.79335998313239031, 79.69375514749015110, 45.69530155135709037 ) ) ;
#4251 = CARTESIAN_POINT ( 'NONE',  ( 37.83905190765528204, 87.28104278384012105, 3.064768073149449545 ) ) ;
#4252 = CARTESIAN_POINT ( 'NONE',  ( -32.00310663906917341, 79.67848502776986663, 58.01110501179673662 ) ) ;
#4253 = CARTESIAN_POINT ( 'NONE',  ( 40.00000000000146372, 87.07049063186374838, 3.750000000001758593 ) ) ;
#4254 = ORIENTED_EDGE ( 'NONE', *, *, #2498, .F. ) ;
#4255 = CARTESIAN_POINT ( 'NONE',  ( -40.21953539506445452, 85.84011464060867524, 34.25000000000174794 ) ) ;
#4256 = VERTEX_POINT ( 'NONE', #778 ) ;
#4257 = DIRECTION ( 'NONE',  ( 0.000000000000000000, -1.000000000000000000, -0.000000000000000000 ) ) ;
#4258 = CARTESIAN_POINT ( 'NONE',  ( 43.85416017831147428, 83.64840959458202008, 4.276991521445149047 ) ) ;
#4259 = CARTESIAN_POINT ( 'NONE',  ( -57.07043513237002941, 83.19615145715121685, 14.06285839265344606 ) ) ;
#4260 = ADVANCED_FACE ( 'NONE', ( #1486 ), #434, .F. ) ;
#4261 = ORIENTED_EDGE ( 'NONE', *, *, #3653, .T. ) ;
#4262 = CARTESIAN_POINT ( 'NONE',  ( 31.37714307674788827, 84.49518932092018986, 57.80209173221042107 ) ) ;
#4263 = CARTESIAN_POINT ( 'NONE',  ( 37.10327397075771216, 87.98323504336424605, 37.60499940195428792 ) ) ;
#4264 = CARTESIAN_POINT ( 'NONE',  ( 45.26463441530018628, 80.21402780299197843, 37.68680398746613491 ) ) ;
#4265 = ADVANCED_FACE ( 'NONE', ( #707 ), #1815, .T. ) ;
#4266 = VERTEX_POINT ( 'NONE', #1418 ) ;
#4267 = ORIENTED_EDGE ( 'NONE', *, *, #3653, .F. ) ;
#4268 = CYLINDRICAL_SURFACE ( 'NONE', #4081, 2.000000000000002665 ) ;
#4269 = CARTESIAN_POINT ( 'NONE',  ( 27.82842712474618452, 57.99999999999999289, 59.95388455197960553 ) ) ;
#4270 = CARTESIAN_POINT ( 'NONE',  ( -39.99999999999853628, 70.49999999999998579, 5.750000000001758593 ) ) ;
#4271 = CARTESIAN_POINT ( 'NONE',  ( 61.66681070950037480, 58.00252549018552628, 7.509594128728224405 ) ) ;
#4272 = ADVANCED_FACE ( 'NONE', ( #3235 ), #14, .F. ) ;
#4273 =( BOUNDED_CURVE ( )  B_SPLINE_CURVE ( 3, ( #3985, #3729, #2132, #2629 ),
 .UNSPECIFIED., .F., .F. ) 
 B_SPLINE_CURVE_WITH_KNOTS ( ( 4, 4 ),
 ( 1.570796326794897002, 1.952304201675099771 ),
 .UNSPECIFIED. ) 
 CURVE ( )  GEOMETRIC_REPRESENTATION_ITEM ( )  RATIONAL_B_SPLINE_CURVE ( ( 1.000000000000000000, 0.9879077121618089485, 0.9879077121618089485, 1.000000000000000000 ) ) 
 REPRESENTATION_ITEM ( '' )  );
#4274 = ORIENTED_EDGE ( 'NONE', *, *, #234, .T. ) ;
#4275 = LINE ( 'NONE', #3915, #3718 ) ;
#4276 = DIRECTION ( 'NONE',  ( 0.4980973490458739938, -0.08715574274765820750, 0.8627299156628202015 ) ) ;
#4277 = DIRECTION ( 'NONE',  ( 0.000000000000000000, 0.000000000000000000, -1.000000000000000000 ) ) ;
#4278 = CARTESIAN_POINT ( 'NONE',  ( 58.12691478500860143, 86.16812536152205837, 12.10443204915581639 ) ) ;
#4279 = EDGE_CURVE ( 'NONE', #2430, #4465, #3592, .T. ) ;
#4280 = B_SPLINE_CURVE_WITH_KNOTS ( 'NONE', 3,
 ( #357, #7, #52, #1805, #2187, #30, #1437, #1480, #3662, #2878, #2565, #4326, #1506, #427, #2921, #3334, #724, #382, #4012, #1856, #4375, #1457, #2900, #102 ),
 .UNSPECIFIED., .F., .F.,
 ( 4, 2, 2, 2, 2, 2, 2, 2, 2, 2, 2, 4 ),
 ( 0.008776684158270509420, 0.009503034877274770670, 0.01022938559627903365, 0.01095573631528329664, 0.01168208703428755789, 0.01313478847229608386, 0.01386113919130034684, 0.01458748991030460983, 0.01604019134831310284, 0.01749289278632160105, 0.01894559422433009233, 0.02039829566233858707 ),
 .UNSPECIFIED. ) ;
#4281 = ORIENTED_EDGE ( 'NONE', *, *, #3108, .F. ) ;
#4282 = VERTEX_POINT ( 'NONE', #2886 ) ;
#4283 = CARTESIAN_POINT ( 'NONE',  ( 40.80420116986038437, 73.00000000000000000, -3.020346134966512164 ) ) ;
#4284 = DIRECTION ( 'NONE',  ( -0.8660254037844391517, 0.000000000000000000, -0.4999999999999990008 ) ) ;
#4285 = CARTESIAN_POINT ( 'NONE',  ( 45.21574431898579149, 78.69724594198125089, 2.420436158834037954 ) ) ;
#4286 = CARTESIAN_POINT ( 'NONE',  ( -59.49298911092137132, 81.95689858011810713, 11.73839353672602748 ) ) ;
#4287 = VERTEX_POINT ( 'NONE', #4354 ) ;
#4288 = CARTESIAN_POINT ( 'NONE',  ( 35.45028900563094965, 82.97727752224027142, 56.69505174372670098 ) ) ;
#4289 = DIRECTION ( 'NONE',  ( 0.000000000000000000, 0.000000000000000000, 1.000000000000000000 ) ) ;
#4290 = DIRECTION ( 'NONE',  ( 0.000000000000000000, 0.000000000000000000, -1.000000000000000000 ) ) ;
#4291 = VERTEX_POINT ( 'NONE', #2862 ) ;
#4292 = CARTESIAN_POINT ( 'NONE',  ( 41.10098373022400864, 86.72020624904308761, 3.591065591315089733 ) ) ;
#4293 = DIRECTION ( 'NONE',  ( 0.000000000000000000, 0.000000000000000000, 1.000000000000000000 ) ) ;
#4294 = EDGE_CURVE ( 'NONE', #2207, #90, #4473, .T. ) ;
#4295 = CARTESIAN_POINT ( 'NONE',  ( -31.84294450003422128, 81.09479702571267978, 57.56725067218537362 ) ) ;
#4296 = DIRECTION ( 'NONE',  ( 1.000000000000000000, 0.000000000000000000, -0.000000000000000000 ) ) ;
#4297 = AXIS2_PLACEMENT_3D ( 'NONE', #2504, #2117, #275 ) ;
#4298 = ORIENTED_EDGE ( 'NONE', *, *, #1231, .F. ) ;
#4299 = ADVANCED_FACE ( 'NONE', ( #3997 ), #83, .F. ) ;
#4300 = CARTESIAN_POINT ( 'NONE',  ( 45.27863540843512880, 57.99999999999999289, -1.952378425986077470 ) ) ;
#4301 = VECTOR ( 'NONE', #3019, 1000.000000000000000 ) ;
#4302 = EDGE_LOOP ( 'NONE', ( #1276, #745, #3792, #970 ) ) ;
#4303 = CARTESIAN_POINT ( 'NONE',  ( 0.000000000000000000, 57.99999999999999289, 0.000000000000000000 ) ) ;
#4304 = LINE ( 'NONE', #3665, #1788 ) ;
#4305 = CARTESIAN_POINT ( 'NONE',  ( -29.17497351054302257, 86.00000000000000000, 50.17355258111435035 ) ) ;
#4306 = LINE ( 'NONE', #1371, #128 ) ;
#4307 = FACE_OUTER_BOUND ( 'NONE', #1047, .T. ) ;
#4308 = CARTESIAN_POINT ( 'NONE',  ( 40.00000000000146372, 73.00000000000000000, 1.752070710736575165E-12 ) ) ;
#4309 = FILL_AREA_STYLE_COLOUR ( '', #2728 ) ;
#4310 = ORIENTED_EDGE ( 'NONE', *, *, #3774, .F. ) ;
#4311 = CARTESIAN_POINT ( 'NONE',  ( 36.24530633185916884, 80.09810628471193183, 57.52125798487916342 ) ) ;
#4312 = CARTESIAN_POINT ( 'NONE',  ( -59.68333957209504348, 58.07334645935220152, 8.689813708730804720 ) ) ;
#4313 = CARTESIAN_POINT ( 'NONE',  ( -59.01876334808498115, 80.09810628453536197, 8.279532830487907447 ) ) ;
#4314 = AXIS2_PLACEMENT_3D ( 'NONE', #1593, #4371, #2562 ) ;
#4315 = ORIENTED_EDGE ( 'NONE', *, *, #634, .F. ) ;
#4316 = ORIENTED_EDGE ( 'NONE', *, *, #3367, .T. ) ;
#4317 = CARTESIAN_POINT ( 'NONE',  ( -60.68567384642452822, 58.00129670978679286, 9.261232975077245300 ) ) ;
#4318 = CONICAL_SURFACE ( 'NONE', #1963, 4.250000000000003553, 0.7853981633974450594 ) ;
#4319 = CARTESIAN_POINT ( 'NONE',  ( -60.75646755812279309, 57.99999999999999289, 9.304940298967355972 ) ) ;
#4320 = DIRECTION ( 'NONE',  ( 0.8660254037844380415, -0.000000000000000000, -0.5000000000000012212 ) ) ;
#4321 = AXIS2_PLACEMENT_3D ( 'NONE', #1644, #3844, #1059 ) ;
#4322 = EDGE_CURVE ( 'NONE', #2818, #2264, #269, .T. ) ;
#4323 = ORIENTED_EDGE ( 'NONE', *, *, #4621, .T. ) ;
#4324 = CARTESIAN_POINT ( 'NONE',  ( -45.31803033536189673, 79.79248822500092331, 37.81235198021106925 ) ) ;
#4325 = EDGE_CURVE ( 'NONE', #2066, #1164, #2774, .T. ) ;
#4326 = CARTESIAN_POINT ( 'NONE',  ( -36.26553347974405028, 84.97366626516981114, -0.3833554653243402832 ) ) ;
#4327 = VERTEX_POINT ( 'NONE', #3804 ) ;
#4328 = CARTESIAN_POINT ( 'NONE',  ( 40.00000000000146372, 70.49999999999998579, 5.750000000001758593 ) ) ;
#4329 = ORIENTED_EDGE ( 'NONE', *, *, #2120, .T. ) ;
#4330 = CARTESIAN_POINT ( 'NONE',  ( 42.72266475961962584, 84.66408628694112792, 5.067850530113908292 ) ) ;
#4331 = CARTESIAN_POINT ( 'NONE',  ( -56.23276339549398273, 83.19615145714968207, 10.93662491056397990 ) ) ;
#4332 = CARTESIAN_POINT ( 'NONE',  ( 29.69230344883634132, 85.99999999998516387, 51.06959431851423403 ) ) ;
#4333 = ORIENTED_EDGE ( 'NONE', *, *, #1798, .F. ) ;
#4334 = CARTESIAN_POINT ( 'NONE',  ( 33.78721922114760901, 84.08937527682901703, 58.16219648887324212 ) ) ;
#4335 = CARTESIAN_POINT ( 'NONE',  ( 38.75817807954775418, 87.89715625632523199, 36.45243724497075988 ) ) ;
#4336 = CARTESIAN_POINT ( 'NONE',  ( -62.99785071774488898, 81.06852975729574950, 10.79926869959565572 ) ) ;
#4337 = ORIENTED_EDGE ( 'NONE', *, *, #2510, .F. ) ;
#4338 = ORIENTED_EDGE ( 'NONE', *, *, #481, .T. ) ;
#4339 = CARTESIAN_POINT ( 'NONE',  ( 42.20310605683842908, 86.05788592787818914, 3.040516593545254942 ) ) ;
#4340 = DIRECTION ( 'NONE',  ( -0.8682098663536693683, 0.000000000000000000, 0.4961971664229288259 ) ) ;
#4341 = CARTESIAN_POINT ( 'NONE',  ( -41.97690064437655622, 86.98328593077540916, 36.80389615222805588 ) ) ;
#4342 = CARTESIAN_POINT ( 'NONE',  ( -58.17652175675319626, 78.69724594198125089, 9.903344501435901392 ) ) ;
#4343 = VERTEX_POINT ( 'NONE', #1995 ) ;
#4344 = CARTESIAN_POINT ( 'NONE',  ( 45.25721876940726673, 58.00000000000000000, 0.3534792854001958529 ) ) ;
#4345 = EDGE_CURVE ( 'NONE', #839, #2307, #1646, .T. ) ;
#4346 = VERTEX_POINT ( 'NONE', #4598 ) ;
#4347 = LINE ( 'NONE', #1325, #2775 ) ;
#4348 = LINE ( 'NONE', #2265, #1650 ) ;
#4349 = EDGE_CURVE ( 'NONE', #3305, #2773, #4647, .T. ) ;
#4350 = CARTESIAN_POINT ( 'NONE',  ( -44.16709580128806323, 68.99999999999995737, 0.8353517719369024652 ) ) ;
#4351 = CARTESIAN_POINT ( 'NONE',  ( 40.00000000000146372, 73.00000000000000000, 1.752070710736575165E-12 ) ) ;
#4352 = DIRECTION ( 'NONE',  ( -0.000000000000000000, -0.000000000000000000, 1.000000000000000000 ) ) ;
#4353 = CARTESIAN_POINT ( 'NONE',  ( -34.42378047164605448, 75.91738521349419955, -1.424792238705545389 ) ) ;
#4354 = CARTESIAN_POINT ( 'NONE',  ( 38.20830832898842999, 77.49636431180655904, -3.294289142745520316 ) ) ;
#4355 = AXIS2_PLACEMENT_3D ( 'NONE', #4055, #2328, #119 ) ;
#4356 = ORIENTED_EDGE ( 'NONE', *, *, #824, .F. ) ;
#4357 = DIRECTION ( 'NONE',  ( 0.4999999999999990563, 0.000000000000000000, 0.8660254037844392627 ) ) ;
#4358 = CARTESIAN_POINT ( 'NONE',  ( 36.53208580802633776, 87.79845502545015279, 41.44898119878395448 ) ) ;
#4359 = EDGE_CURVE ( 'NONE', #2773, #2626, #4275, .T. ) ;
#4360 = CARTESIAN_POINT ( 'NONE',  ( -63.43507061967161320, 79.30076559405142689, 10.68211597995900952 ) ) ;
#4361 = AXIS2_PLACEMENT_3D ( 'NONE', #2823, #694, #3175 ) ;
#4362 = CARTESIAN_POINT ( 'NONE',  ( -45.66101684902984204, 70.49999999999998579, 38.99233525665518840 ) ) ;
#4363 = EDGE_LOOP ( 'NONE', ( #1676, #2244, #252, #4083 ) ) ;
#4364 = ORIENTED_EDGE ( 'NONE', *, *, #3191, .F. ) ;
#4365 = CARTESIAN_POINT ( 'NONE',  ( 56.23276339549301639, 83.19615145715010840, 10.93662491056379515 ) ) ;
#4366 = CARTESIAN_POINT ( 'NONE',  ( 0.000000000000000000, 0.000000000000000000, 0.000000000000000000 ) ) ;
#4367 = B_SPLINE_CURVE_WITH_KNOTS ( 'NONE', 3,
 ( #2982, #2277, #2226, #3350 ),
 .UNSPECIFIED., .F., .F.,
 ( 4, 4 ),
 ( -0.0003749659482460781200, 0.0003276594614550314144 ),
 .UNSPECIFIED. ) ;
#4368 = CARTESIAN_POINT ( 'NONE',  ( 42.69374432848923817, 57.99999999999999289, 43.28728482075275963 ) ) ;
#4369 = CARTESIAN_POINT ( 'NONE',  ( 40.00000000000146372, 73.00000000000000000, 1.752070710736575165E-12 ) ) ;
#4370 = ORIENTED_EDGE ( 'NONE', *, *, #4639, .T. ) ;
#4371 = DIRECTION ( 'NONE',  ( 0.1186073329426364092, -0.9924325091389670783, -0.03178073907838851325 ) ) ;
#4372 = AXIS2_PLACEMENT_3D ( 'NONE', #1235, #1278, #934 ) ;
#4373 = DIRECTION ( 'NONE',  ( 4.854585274113689605E-17, 0.9949358851208914833, 0.1005116137503924562 ) ) ;
#4374 = AXIS2_PLACEMENT_3D ( 'NONE', #144, #521, #4514 ) ;
#4375 = CARTESIAN_POINT ( 'NONE',  ( -37.54473926221823632, 80.74337205120448857, -2.839748872996279427 ) ) ;
#4376 = AXIS2_PLACEMENT_3D ( 'NONE', #1205, #3386, #1630 ) ;
#4377 = DIRECTION ( 'NONE',  ( 0.000000000000000000, 0.000000000000000000, 1.000000000000000000 ) ) ;
#4378 = AXIS2_PLACEMENT_3D ( 'NONE', #3215, #4615, #1449 ) ;
#4379 = CARTESIAN_POINT ( 'NONE',  ( -34.38636717726895142, 82.39335428637669168, 59.19995119013027107 ) ) ;
#4380 = VECTOR ( 'NONE', #2673, 1000.000000000000000 ) ;
#4381 = DIRECTION ( 'NONE',  ( 0.000000000000000000, 0.08715574274766048346, 0.9961946980917454342 ) ) ;
#4382 = EDGE_CURVE ( 'NONE', #604, #2430, #2260, .T. ) ;
#4383 = CARTESIAN_POINT ( 'NONE',  ( 30.21548048437607292, 85.84840151265511565, 51.97576352542640876 ) ) ;
#4384 = ORIENTED_EDGE ( 'NONE', *, *, #981, .T. ) ;
#4385 = CARTESIAN_POINT ( 'NONE',  ( -44.01973069705644548, 57.82568851450467662, 44.05284340758681338 ) ) ;
#4386 = LINE ( 'NONE', #3365, #1108 ) ;
#4387 = CARTESIAN_POINT ( 'NONE',  ( -43.69208059514939180, 79.80437536485995054, -0.6656283512461471652 ) ) ;
#4388 = ORIENTED_EDGE ( 'NONE', *, *, #3571, .F. ) ;
#4389 = EDGE_CURVE ( 'NONE', #750, #1807, #3461, .T. ) ;
#4390 = ORIENTED_EDGE ( 'NONE', *, *, #2812, .T. ) ;
#4391 = DIRECTION ( 'NONE',  ( -0.8627299156628200905, 0.08715574274765822138, 0.4980973490458742159 ) ) ;
#4392 = DIRECTION ( 'NONE',  ( -1.000000000000000000, -0.000000000000000000, -1.084202172485504434E-17 ) ) ;
#4393 = DIRECTION ( 'NONE',  ( 1.000000000000000000, 0.000000000000000000, 0.000000000000000000 ) ) ;
#4394 = CARTESIAN_POINT ( 'NONE',  ( -43.67208189017906506, 84.19083126420616736, 40.77095114382614582 ) ) ;
#4395 = DIRECTION ( 'NONE',  ( 0.000000000000000000, 0.000000000000000000, -1.000000000000000000 ) ) ;
#4396 = VECTOR ( 'NONE', #941, 1000.000000000000114 ) ;
#4397 = VERTEX_POINT ( 'NONE', #1343 ) ;
#4398 = CARTESIAN_POINT ( 'NONE',  ( 32.96072012873680990, 60.42050755385864136, 56.73065806840806857 ) ) ;
#4399 = CARTESIAN_POINT ( 'NONE',  ( 37.39179664486417209, 81.18086346613341675, -2.704010610875275056 ) ) ;
#4400 = EDGE_LOOP ( 'NONE', ( #2802, #2653, #1920, #687, #1520 ) ) ;
#4401 = ORIENTED_EDGE ( 'NONE', *, *, #1054, .T. ) ;
#4402 =( BOUNDED_CURVE ( )  B_SPLINE_CURVE ( 3, ( #2015, #243, #2396, #3326 ),
 .UNSPECIFIED., .F., .T. ) 
 B_SPLINE_CURVE_WITH_KNOTS ( ( 4, 4 ),
 ( 5.761782133819646212, 6.804588480539530693 ),
 .UNSPECIFIED. ) 
 CURVE ( )  GEOMETRIC_REPRESENTATION_ITEM ( )  RATIONAL_B_SPLINE_CURVE ( ( 1.000000000000000000, 0.9114140777409618366, 0.9114140777409618366, 1.000000000000000000 ) ) 
 REPRESENTATION_ITEM ( '' )  );
#4403 = DIRECTION ( 'NONE',  ( 0.000000000000000000, -0.000000000000000000, 1.000000000000000000 ) ) ;
#4404 = CARTESIAN_POINT ( 'NONE',  ( 61.64690008541618482, 79.02911509358330022, 12.49153424842434923 ) ) ;
#4405 = B_SPLINE_CURVE_WITH_KNOTS ( 'NONE', 3,
 ( #271, #677, #2853, #1736, #1017, #3522 ),
 .UNSPECIFIED., .F., .F.,
 ( 4, 2, 4 ),
 ( 0.005453694061781534999, 0.006660250110302490603, 0.007866806158823446207 ),
 .UNSPECIFIED. ) ;
#4406 = CYLINDRICAL_SURFACE ( 'NONE', #838, 5.750000000000005329 ) ;
#4407 = ORIENTED_EDGE ( 'NONE', *, *, #2331, .F. ) ;
#4408 = CARTESIAN_POINT ( 'NONE',  ( -35.91575047992222380, 85.50515477630929695, 44.05162036493543098 ) ) ;
#4409 = CARTESIAN_POINT ( 'NONE',  ( -27.82842712474618807, 57.99999999999998579, 59.95388455197959843 ) ) ;
#4410 = CARTESIAN_POINT ( 'NONE',  ( -41.49713207957439920, 86.52957476888015265, 3.444696044603249518 ) ) ;
#4411 = EDGE_CURVE ( 'NONE', #4114, #1234, #4429, .T. ) ;
#4412 = CARTESIAN_POINT ( 'NONE',  ( -24.10050506338833287, 72.00000000000000000, 60.73668293770336390 ) ) ;
#4413 = ORIENTED_EDGE ( 'NONE', *, *, #739, .T. ) ;
#4414 = ORIENTED_EDGE ( 'NONE', *, *, #1454, .F. ) ;
#4415 = CARTESIAN_POINT ( 'NONE',  ( 53.85706044334825293, 85.09760451973146189, 12.19952227851098492 ) ) ;
#4416 = CARTESIAN_POINT ( 'NONE',  ( -34.29867476961085515, 83.34596574263181878, 0.8184337856757653018 ) ) ;
#4417 = DIRECTION ( 'NONE',  ( -0.000000000000000000, 1.000000000000000000, -0.000000000000000000 ) ) ;
#4418 = EDGE_CURVE ( 'NONE', #4425, #489, #240, .T. ) ;
#4419 = CARTESIAN_POINT ( 'NONE',  ( -33.28941785142043130, 57.99999999999999289, 19.02548617549911469 ) ) ;
#4420 = DIRECTION ( 'NONE',  ( 0.000000000000000000, 0.000000000000000000, -1.000000000000000000 ) ) ;
#4421 = ORIENTED_EDGE ( 'NONE', *, *, #1061, .F. ) ;
#4422 = CARTESIAN_POINT ( 'NONE',  ( 60.99587928792963964, 78.87155742747657428, 14.98202099365373918 ) ) ;
#4423 = DIRECTION ( 'NONE',  ( 0.000000000000000000, 0.000000000000000000, 1.000000000000000000 ) ) ;
#4424 = DIRECTION ( 'NONE',  ( -0.8682098663536699235, 0.000000000000000000, -0.4961971664229280488 ) ) ;
#4425 = VERTEX_POINT ( 'NONE', #4283 ) ;
#4426 = CARTESIAN_POINT ( 'NONE',  ( -31.90698407121671210, 81.28869479435243761, 59.63751477691653946 ) ) ;
#4427 = CARTESIAN_POINT ( 'NONE',  ( 60.64962087507607436, 58.00388826793587782, 9.240679589879150058 ) ) ;
#4428 = CARTESIAN_POINT ( 'NONE',  ( -32.05073989608575147, 78.43577871373828714, 55.15452607157307341 ) ) ;
#4429 =( BOUNDED_CURVE ( )  B_SPLINE_CURVE ( 3, ( #4305, #3160, #4604, #2502 ),
 .UNSPECIFIED., .F., .T. ) 
 B_SPLINE_CURVE_WITH_KNOTS ( ( 4, 4 ),
 ( 4.712388980384689674, 6.195918844579870743 ),
 .UNSPECIFIED. ) 
 CURVE ( )  GEOMETRIC_REPRESENTATION_ITEM ( )  RATIONAL_B_SPLINE_CURVE ( ( 1.000000000000000000, 0.8248515578734157971, 0.8248515578734157971, 1.000000000000000000 ) ) 
 REPRESENTATION_ITEM ( '' )  );
#4430 = ORIENTED_EDGE ( 'NONE', *, *, #2220, .F. ) ;
#4431 = CARTESIAN_POINT ( 'NONE',  ( -35.19568345353776095, 85.81719810047935937, 43.16511189257852266 ) ) ;
#4432 = DIRECTION ( 'NONE',  ( -0.8660254037844380415, -0.000000000000000000, 0.5000000000000012212 ) ) ;
#4433 = CARTESIAN_POINT ( 'NONE',  ( 44.26268614446410510, 83.24049640382698101, 36.13793548797124799 ) ) ;
#4434 = FACE_OUTER_BOUND ( 'NONE', #4490, .T. ) ;
#4435 = ORIENTED_EDGE ( 'NONE', *, *, #1834, .T. ) ;
#4436 = VERTEX_POINT ( 'NONE', #194 ) ;
#4437 = FACE_OUTER_BOUND ( 'NONE', #1512, .T. ) ;
#4438 = CARTESIAN_POINT ( 'NONE',  ( -39.99999999999853628, 68.99999999999995737, 4.250000000001754152 ) ) ;
#4439 = CARTESIAN_POINT ( 'NONE',  ( 34.63892964307421352, 78.69724594198125089, 56.64881811871069317 ) ) ;
#4440 = CARTESIAN_POINT ( 'NONE',  ( -65.98076211353313170, 57.99999999999999289, 10.00000000000003020 ) ) ;
#4441 = ORIENTED_EDGE ( 'NONE', *, *, #1369, .F. ) ;
#4442 = EDGE_CURVE ( 'NONE', #3137, #4146, #3450, .T. ) ;
#4443 = CARTESIAN_POINT ( 'NONE',  ( 40.00000000000146372, 68.99999999999995737, 40.00000000000175504 ) ) ;
#4444 = CARTESIAN_POINT ( 'NONE',  ( -51.25800566963322780, 88.00000000000001421, 14.39752368669783422 ) ) ;
#4445 = VECTOR ( 'NONE', #1206, 1000.000000000000000 ) ;
#4446 = VERTEX_POINT ( 'NONE', #1011 ) ;
#4447 = EDGE_CURVE ( 'NONE', #3052, #1080, #2438, .T. ) ;
#4448 = CARTESIAN_POINT ( 'NONE',  ( 59.93287030199613952, 60.06677718517471476, 6.717040493722806538 ) ) ;
#4449 = CARTESIAN_POINT ( 'NONE',  ( 62.14589374127830013, 57.99999999999999289, 11.82571753415484572 ) ) ;
#4450 = DIRECTION ( 'NONE',  ( -0.8660254037844380415, 0.000000000000000000, -0.5000000000000012212 ) ) ;
#4451 = AXIS2_PLACEMENT_3D ( 'NONE', #497, #2792, #1923 ) ;
#4452 = ORIENTED_EDGE ( 'NONE', *, *, #1310, .T. ) ;
#4453 = CYLINDRICAL_SURFACE ( 'NONE', #4376, 4.250000000000003553 ) ;
#4454 = AXIS2_PLACEMENT_3D ( 'NONE', #900, #1579, #2383 ) ;
#4455 = DIRECTION ( 'NONE',  ( 1.249000902703301108E-16, -0.9949358851208915944, -0.1005116137503923868 ) ) ;
#4456 = CARTESIAN_POINT ( 'NONE',  ( 44.36050629195171524, 83.07400896733210516, 36.24915045593568408 ) ) ;
#4457 = CIRCLE ( 'NONE', #2782, 5.750000000000007105 ) ;
#4458 =( BOUNDED_CURVE ( )  B_SPLINE_CURVE ( 3, ( #1245, #3115, #4558, #3091 ),
 .UNSPECIFIED., .F., .F. ) 
 B_SPLINE_CURVE_WITH_KNOTS ( ( 4, 4 ),
 ( 2.265653605564343032, 2.441838205625492364 ),
 .UNSPECIFIED. ) 
 CURVE ( )  GEOMETRIC_REPRESENTATION_ITEM ( )  RATIONAL_B_SPLINE_CURVE ( ( 1.000000000000000000, 0.9974149212794413133, 0.9974149212794413133, 1.000000000000000000 ) ) 
 REPRESENTATION_ITEM ( '' )  );
#4459 = ORIENTED_EDGE ( 'NONE', *, *, #3658, .F. ) ;
#4460 = ORIENTED_EDGE ( 'NONE', *, *, #3456, .F. ) ;
#4461 = CARTESIAN_POINT ( 'NONE',  ( 52.09675328323409360, 85.88164940471590114, 13.72020895378571481 ) ) ;
#4462 = CARTESIAN_POINT ( 'NONE',  ( -34.36410047029904291, 79.16609385515005215, -1.140567061461949638 ) ) ;
#4463 = CARTESIAN_POINT ( 'NONE',  ( 40.00000000000146372, 57.99999999999999289, 40.00000000000175504 ) ) ;
#4464 = CYLINDRICAL_SURFACE ( 'NONE', #3632, 2.999999999999999112 ) ;
#4465 = VERTEX_POINT ( 'NONE', #2822 ) ;
#4466 = VECTOR ( 'NONE', #4551, 1000.000000000000000 ) ;
#4467 = CARTESIAN_POINT ( 'NONE',  ( -38.28742888435557745, 87.93690637581661917, 36.65425477092554729 ) ) ;
#4468 = CARTESIAN_POINT ( 'NONE',  ( 40.00000000000146372, 85.60647960101552201, 5.750000000001758593 ) ) ;
#4469 = CARTESIAN_POINT ( 'NONE',  ( -49.87809338607210208, 88.00000000000001421, 14.31469708150910058 ) ) ;
#4470 = EDGE_CURVE ( 'NONE', #681, #2521, #1188, .T. ) ;
#4471 = AXIS2_PLACEMENT_3D ( 'NONE', #3221, #2871, #115 ) ;
#4472 = ORIENTED_EDGE ( 'NONE', *, *, #227, .T. ) ;
#4473 = LINE ( 'NONE', #1110, #256 ) ;
#4474 = VECTOR ( 'NONE', #4208, 1000.000000000000114 ) ;
#4475 = DIRECTION ( 'NONE',  ( 0.000000000000000000, 0.000000000000000000, -1.000000000000000000 ) ) ;
#4476 = CARTESIAN_POINT ( 'NONE',  ( 35.54890987572526484, 60.68197478210161222, 58.22495011554569544 ) ) ;
#4477 = EDGE_CURVE ( 'NONE', #4133, #2992, #3559, .T. ) ;
#4478 = CARTESIAN_POINT ( 'NONE',  ( -39.99999999999853628, 57.99999999999999289, 40.00000000000175504 ) ) ;
#4479 = VERTEX_POINT ( 'NONE', #3840 ) ;
#4480 = DIRECTION ( 'NONE',  ( -1.084202172485504434E-17, 0.000000000000000000, 1.000000000000000000 ) ) ;
#4481 = CARTESIAN_POINT ( 'NONE',  ( -38.38654827750173126, 85.77931490466076525, 5.523920414451820804 ) ) ;
#4482 = CARTESIAN_POINT ( 'NONE',  ( -43.24756097656836573, 84.67203633225756221, 1.881227003733755732 ) ) ;
#4483 = ORIENTED_EDGE ( 'NONE', *, *, #3082, .F. ) ;
#4484 = VERTEX_POINT ( 'NONE', #4328 ) ;
#4485 = CARTESIAN_POINT ( 'NONE',  ( -38.66607966535357122, 57.96896708442520918, -5.002715028308950984 ) ) ;
#4486 = CYLINDRICAL_SURFACE ( 'NONE', #289, 5.750000000000007105 ) ;
#4487 = ADVANCED_FACE ( 'NONE', ( #53 ), #2567, .F. ) ;
#4488 = CARTESIAN_POINT ( 'NONE',  ( -36.84142251706620641, 86.00000000000000000, 6.787971645951955679 ) ) ;
#4489 = DIRECTION ( 'NONE',  ( 0.000000000000000000, 0.000000000000000000, 1.000000000000000000 ) ) ;
#4490 = EDGE_LOOP ( 'NONE', ( #1268, #1375, #2828, #2844, #2501, #764, #2487, #1210 ) ) ;
#4491 = CYLINDRICAL_SURFACE ( 'NONE', #3138, 5.750000000000007105 ) ;
#4492 = CARTESIAN_POINT ( 'NONE',  ( -56.99561731056463287, 84.49518932143722338, 9.615323170908476769 ) ) ;
#4493 = VERTEX_POINT ( 'NONE', #3234 ) ;
#4494 = EDGE_CURVE ( 'NONE', #3782, #1699, #3275, .T. ) ;
#4495 = CARTESIAN_POINT ( 'NONE',  ( 20.00000000000000000, 65.00000000000000000, 80.00000000000000000 ) ) ;
#4496 = CARTESIAN_POINT ( 'NONE',  ( -38.94129420669860764, 86.56155449773778798, 43.60416814690238141 ) ) ;
#4497 = ORIENTED_EDGE ( 'NONE', *, *, #620, .T. ) ;
#4498 = EDGE_CURVE ( 'NONE', #4048, #2225, #946, .T. ) ;
#4499 = DIRECTION ( 'NONE',  ( 0.000000000000000000, 0.000000000000000000, 1.000000000000000000 ) ) ;
#4500 = DIRECTION ( 'NONE',  ( 0.000000000000000000, 0.000000000000000000, -1.000000000000000000 ) ) ;
#4501 = CARTESIAN_POINT ( 'NONE',  ( 0.000000000000000000, 78.00000000000000000, 50.17355258111435035 ) ) ;
#4502 = ORIENTED_EDGE ( 'NONE', *, *, #488, .T. ) ;
#4503 = ORIENTED_EDGE ( 'NONE', *, *, #2059, .T. ) ;
#4504 = ADVANCED_FACE ( 'NONE', ( #1814, #1812 ), #2906, .T. ) ;
#4505 = DIRECTION ( 'NONE',  ( 0.000000000000000000, 0.000000000000000000, -1.000000000000000000 ) ) ;
#4506 = CARTESIAN_POINT ( 'NONE',  ( -40.42258174341458243, 85.53191674145926982, 5.738304508537861892 ) ) ;
#4507 = DIRECTION ( 'NONE',  ( 0.000000000000000000, 1.000000000000000000, 0.000000000000000000 ) ) ;
#4508 = ORIENTED_EDGE ( 'NONE', *, *, #2220, .T. ) ;
#4509 = EDGE_CURVE ( 'NONE', #4465, #4266, #1673, .T. ) ;
#4510 = CARTESIAN_POINT ( 'NONE',  ( 40.00000000000146372, 70.49999999999998579, 34.25000000000174794 ) ) ;
#4511 = CARTESIAN_POINT ( 'NONE',  ( 34.34701024400185077, 79.62579024071101230, -1.058789418077862310 ) ) ;
#4512 = CARTESIAN_POINT ( 'NONE',  ( -54.31527306177492420, 86.81844032515148513, 11.38503128398388853 ) ) ;
#4513 = ORIENTED_EDGE ( 'NONE', *, *, #2317, .F. ) ;
#4514 = DIRECTION ( 'NONE',  ( 0.000000000000000000, 0.000000000000000000, 1.000000000000000000 ) ) ;
#4515 = CARTESIAN_POINT ( 'NONE',  ( 40.00000000000146372, 57.99999999999999289, 37.75000000000175504 ) ) ;
#4516 = ORIENTED_EDGE ( 'NONE', *, *, #2658, .F. ) ;
#4517 = CARTESIAN_POINT ( 'NONE',  ( 36.69861775943257953, 61.26690412837026400, -2.706543248854865524 ) ) ;
#4518 = CARTESIAN_POINT ( 'NONE',  ( -38.13857939351603932, 77.92983807145547814, -3.256365102840280912 ) ) ;
#4519 = ADVANCED_FACE ( 'NONE', ( #3209 ), #3527, .F. ) ;
#4520 = AXIS2_PLACEMENT_3D ( 'NONE', #2284, #542, #3446 ) ;
#4521 = PLANE ( 'NONE',  #3715 ) ;
#4522 = EDGE_LOOP ( 'NONE', ( #2196, #383, #526, #2351 ) ) ;
#4523 = ORIENTED_EDGE ( 'NONE', *, *, #4215, .T. ) ;
#4524 = CYLINDRICAL_SURFACE ( 'NONE', #4372, 2.250000000000001776 ) ;
#4525 = CARTESIAN_POINT ( 'NONE',  ( 43.55160878357719412, 85.38058447894314895, 38.77554374739052179 ) ) ;
#4526 = AXIS2_PLACEMENT_3D ( 'NONE', #3717, #479, #2596 ) ;
#4527 = EDGE_CURVE ( 'NONE', #1009, #2532, #3639, .T. ) ;
#4528 = EDGE_LOOP ( 'NONE', ( #27, #1387, #1822, #117 ) ) ;
#4529 = CARTESIAN_POINT ( 'NONE',  ( -27.00000000000000000, 60.00000000000000000, 59.77890722492775666 ) ) ;
#4530 = CARTESIAN_POINT ( 'NONE',  ( 36.27468215367562010, 84.80603832032316802, -0.5549648507106896833 ) ) ;
#4531 = CARTESIAN_POINT ( 'NONE',  ( 43.75088135537804135, 81.97521957430315354, 0.1686543200327513536 ) ) ;
#4532 = EDGE_LOOP ( 'NONE', ( #3984, #3368, #2566, #2602, #3822 ) ) ;
#4533 = CARTESIAN_POINT ( 'NONE',  ( 33.67740933161840644, 79.87673602814783180, 57.97200018103690411 ) ) ;
#4534 = CYLINDRICAL_SURFACE ( 'NONE', #743, 6.999999999999997335 ) ;
#4535 = PRODUCT_RELATED_PRODUCT_CATEGORY ( 'part', '', ( #974 ) ) ;
#4536 = AXIS2_PLACEMENT_3D ( 'NONE', #4569, #1324, #2751 ) ;
#4537 = FACE_OUTER_BOUND ( 'NONE', #3713, .T. ) ;
#4538 = EDGE_CURVE ( 'NONE', #1101, #868, #2149, .T. ) ;
#4539 = AXIS2_PLACEMENT_3D ( 'NONE', #1949, #657, #272 ) ;
#4540 = ORIENTED_EDGE ( 'NONE', *, *, #3282, .F. ) ;
#4541 = FACE_OUTER_BOUND ( 'NONE', #3437, .T. ) ;
#4542 = CYLINDRICAL_SURFACE ( 'NONE', #3986, 3.750000000000006217 ) ;
#4543 = CARTESIAN_POINT ( 'NONE',  ( 44.93366415664105062, 63.99647660241518565, 3.090680852645917298 ) ) ;
#4544 = AXIS2_PLACEMENT_3D ( 'NONE', #2217, #4657, #388 ) ;
#4545 = ORIENTED_EDGE ( 'NONE', *, *, #4325, .T. ) ;
#4546 = ORIENTED_EDGE ( 'NONE', *, *, #1310, .F. ) ;
#4547 = PLANE ( 'NONE',  #4229 ) ;
#4548 = CARTESIAN_POINT ( 'NONE',  ( -42.03368609842749493, 85.04691089637800872, 5.392297855355240976 ) ) ;
#4549 = EDGE_CURVE ( 'NONE', #106, #4256, #2943, .T. ) ;
#4550 = ORIENTED_EDGE ( 'NONE', *, *, #2666, .F. ) ;
#4551 = DIRECTION ( 'NONE',  ( -0.000000000000000000, 1.000000000000000000, -0.000000000000000000 ) ) ;
#4552 = CARTESIAN_POINT ( 'NONE',  ( 34.25435499296715847, 81.80610667290150673, -0.2524859131333361817 ) ) ;
#4553 = EDGE_CURVE ( 'NONE', #2506, #3990, #2305, .T. ) ;
#4554 = CARTESIAN_POINT ( 'NONE',  ( 44.19374432849019030, 57.99999999999999289, 40.68920860939999073 ) ) ;
#4555 = FACE_OUTER_BOUND ( 'NONE', #4400, .T. ) ;
#4556 = ORIENTED_EDGE ( 'NONE', *, *, #3851, .T. ) ;
#4557 = CARTESIAN_POINT ( 'NONE',  ( 31.68509970857806479, 81.98182201779304989, 57.12981835456547230 ) ) ;
#4558 = CARTESIAN_POINT ( 'NONE',  ( 41.63992468234226152, 72.98903522886197948, 45.52154645999112148 ) ) ;
#4559 = ORIENTED_EDGE ( 'NONE', *, *, #426, .T. ) ;
#4560 = CARTESIAN_POINT ( 'NONE',  ( 44.24368011137626411, 57.99999999999999289, -0.2316875316480961622 ) ) ;
#4561 = CARTESIAN_POINT ( 'NONE',  ( -39.99999999999853628, 73.00000000000000000, 1.752070710736575165E-12 ) ) ;
#4562 = DIRECTION ( 'NONE',  ( -0.07547908730517341458, 0.9961946980917455452, -0.04357787137382902048 ) ) ;
#4563 = CARTESIAN_POINT ( 'NONE',  ( 37.47644263320591307, 84.49281741053702888, 45.17608829382692193 ) ) ;
#4564 = ORIENTED_EDGE ( 'NONE', *, *, #2642, .F. ) ;
#4565 = CARTESIAN_POINT ( 'NONE',  ( 29.17497351054302612, 88.00000000000001421, 50.17355258111433614 ) ) ;
#4566 = CARTESIAN_POINT ( 'NONE',  ( 43.36929260097164018, 83.95724348241142820, 41.65205629281935984 ) ) ;
#4567 = EDGE_LOOP ( 'NONE', ( #3142, #593, #3010, #2664 ) ) ;
#4568 =( BOUNDED_CURVE ( )  B_SPLINE_CURVE ( 3, ( #1670, #3111, #64, #486 ),
 .UNSPECIFIED., .F., .F. ) 
 B_SPLINE_CURVE_WITH_KNOTS ( ( 4, 4 ),
 ( 1.659907774615201337, 1.786175745046908014 ),
 .UNSPECIFIED. ) 
 CURVE ( )  GEOMETRIC_REPRESENTATION_ITEM ( )  RATIONAL_B_SPLINE_CURVE ( ( 1.000000000000000000, 0.9986718078949442523, 0.9986718078949442523, 1.000000000000000000 ) ) 
 REPRESENTATION_ITEM ( '' )  );
#4569 = CARTESIAN_POINT ( 'NONE',  ( -39.99999999999853628, 70.49999999999998579, 40.00000000000175504 ) ) ;
#4570 = DIRECTION ( 'NONE',  ( 0.000000000000000000, 0.000000000000000000, -1.000000000000000000 ) ) ;
#4571 = CARTESIAN_POINT ( 'NONE',  ( -33.07771143769180355, 82.32868703639724117, 56.93329295955838631 ) ) ;
#4572 = CYLINDRICAL_SURFACE ( 'NONE', #768, 4.250000000000003553 ) ;
#4573 = EDGE_CURVE ( 'NONE', #4346, #290, #1635, .T. ) ;
#4574 = ORIENTED_EDGE ( 'NONE', *, *, #2546, .F. ) ;
#4575 = CARTESIAN_POINT ( 'NONE',  ( 33.07771143768528077, 82.32868703639491059, 56.93329295955846447 ) ) ;
#4576 = CARTESIAN_POINT ( 'NONE',  ( 59.93504507085970090, 60.00000000000000000, 6.711550051719139098 ) ) ;
#4577 = EDGE_CURVE ( 'NONE', #4287, #1734, #2529, .T. ) ;
#4578 = VECTOR ( 'NONE', #3315, 999.9999999999998863 ) ;
#4579 = EDGE_LOOP ( 'NONE', ( #1316, #3496, #3328, #2722 ) ) ;
#4580 = CARTESIAN_POINT ( 'NONE',  ( -39.99999999999853628, 73.00000000000000000, 34.25000000000174794 ) ) ;
#4581 = CARTESIAN_POINT ( 'NONE',  ( 59.22792120347707368, 57.13501311968687446, 11.80941826846538234 ) ) ;
#4582 = CARTESIAN_POINT ( 'NONE',  ( -62.67391853435064064, 78.69724594198125089, 8.090792969391028322 ) ) ;
#4583 = PRESENTATION_STYLE_ASSIGNMENT (( #2142 ) ) ;
#4584 = ORIENTED_EDGE ( 'NONE', *, *, #3518, .T. ) ;
#4585 = CARTESIAN_POINT ( 'NONE',  ( 30.06730616351567065, 88.00000000000001421, 51.10089187644557995 ) ) ;
#4586 = CYLINDRICAL_SURFACE ( 'NONE', #3460, 2.000000000000003553 ) ;
#4587 = CARTESIAN_POINT ( 'NONE',  ( -39.99999999999853628, 57.99999999999999289, 37.75000000000175504 ) ) ;
#4588 = VECTOR ( 'NONE', #4131, 1000.000000000000000 ) ;
#4589 = VECTOR ( 'NONE', #2747, 1000.000000000000227 ) ;
#4590 = ORIENTED_EDGE ( 'NONE', *, *, #3423, .F. ) ;
#4591 = CARTESIAN_POINT ( 'NONE',  ( 42.97977929219530324, 85.17350826740435821, 2.282554630111450322 ) ) ;
#4592 = AXIS2_PLACEMENT_3D ( 'NONE', #4308, #2544, #123 ) ;
#4593 = FACE_OUTER_BOUND ( 'NONE', #2783, .T. ) ;
#4594 = CARTESIAN_POINT ( 'NONE',  ( -33.67740933161840644, 79.87673602814777496, 57.97200018103693964 ) ) ;
#4595 = DIRECTION ( 'NONE',  ( 0.5000000000000014433, 0.000000000000000000, -0.8660254037844378194 ) ) ;
#4596 =( BOUNDED_CURVE ( )  B_SPLINE_CURVE ( 3, ( #2770, #3469, #2056, #3419 ),
 .UNSPECIFIED., .F., .F. ) 
 B_SPLINE_CURVE_WITH_KNOTS ( ( 4, 4 ),
 ( 0.08726646259971534980, 1.570796326794896336 ),
 .UNSPECIFIED. ) 
 CURVE ( )  GEOMETRIC_REPRESENTATION_ITEM ( )  RATIONAL_B_SPLINE_CURVE ( ( 1.000000000000000000, 0.8248515578734157971, 0.8248515578734157971, 1.000000000000000000 ) ) 
 REPRESENTATION_ITEM ( '' )  );
#4597 = ORIENTED_EDGE ( 'NONE', *, *, #3837, .F. ) ;
#4598 = CARTESIAN_POINT ( 'NONE',  ( -39.99999999999853628, 73.00000000000000000, 42.25000000000175504 ) ) ;
#4599 = DIRECTION ( 'NONE',  ( 0.000000000000000000, 0.000000000000000000, -1.000000000000000000 ) ) ;
#4600 = CARTESIAN_POINT ( 'NONE',  ( -39.99999999999853628, 85.87423082768955851, 34.25000000000174794 ) ) ;
#4601 = EDGE_CURVE ( 'NONE', #2207, #3962, #4249, .T. ) ;
#4602 = CARTESIAN_POINT ( 'NONE',  ( 55.75622581567434821, 85.79038097002910490, 10.43363640987892182 ) ) ;
#4603 = ORIENTED_EDGE ( 'NONE', *, *, #3518, .F. ) ;
#4604 = CARTESIAN_POINT ( 'NONE',  ( -31.91336047772885820, 83.04886130184593185, 57.76239315383487138 ) ) ;
#4605 = LINE ( 'NONE', #636, #4652 ) ;
#4606 = CARTESIAN_POINT ( 'NONE',  ( 45.07349122520234630, 80.38133142159549038, 2.708009515395264799 ) ) ;
#4607 = EDGE_CURVE ( 'NONE', #2521, #2359, #1667, .T. ) ;
#4608 = CARTESIAN_POINT ( 'NONE',  ( -57.12141556969499590, 81.98182201809835590, 10.46422726051163821 ) ) ;
#4609 = VECTOR ( 'NONE', #2280, 1000.000000000000000 ) ;
#4610 = ORIENTED_EDGE ( 'NONE', *, *, #2459, .F. ) ;
#4611 = CARTESIAN_POINT ( 'NONE',  ( 24.10050506338833287, 72.00000000000000000, 58.72904326261665631 ) ) ;
#4612 = CARTESIAN_POINT ( 'NONE',  ( 37.64896513239042264, 87.96969013989721020, 37.06737069007759544 ) ) ;
#4613 = EDGE_CURVE ( 'NONE', #1204, #2677, #614, .T. ) ;
#4614 = AXIS2_PLACEMENT_3D ( 'NONE', #599, #1680, #1319 ) ;
#4615 = DIRECTION ( 'NONE',  ( -0.000000000000000000, -1.000000000000000000, -0.000000000000000000 ) ) ;
#4616 = ORIENTED_EDGE ( 'NONE', *, *, #2360, .T. ) ;
#4617 = VERTEX_POINT ( 'NONE', #4270 ) ;
#4618 = LINE ( 'NONE', #3173, #1283 ) ;
#4619 = DIRECTION ( 'NONE',  ( -0.000000000000000000, 1.000000000000000000, -0.000000000000000000 ) ) ;
#4620 = CARTESIAN_POINT ( 'NONE',  ( -31.79485530914497815, 85.09760452030567990, 53.27834147611594062 ) ) ;
#4621 = EDGE_CURVE ( 'NONE', #1282, #2907, #2395, .T. ) ;
#4622 = B_SPLINE_CURVE_WITH_KNOTS ( 'NONE', 3,
 ( #4095, #4387, #3703, #1491, #1931, #153, #504, #414, #3673, #4482, #3317, #88, #1515, #1207, #1842, #854, #462, #2956, #4410, #1163, #2294, #3745, #3649, #2936 ),
 .UNSPECIFIED., .F., .F.,
 ( 4, 2, 2, 2, 2, 2, 2, 2, 2, 2, 2, 4 ),
 ( 1.084202172485504434E-19, 0.002778385791375731408, 0.004167578687063577814, 0.005556771582751425520, 0.006251368030595348506, 0.006945964478439271492, 0.007640560926283195345, 0.008335157374127117463, 0.009029753821971039582, 0.009724350269814963435, 0.01041894671765888555, 0.01111354316550280941 ),
 .UNSPECIFIED. ) ;
#4623 = DIRECTION ( 'NONE',  ( 0.000000000000000000, 0.000000000000000000, 1.000000000000000000 ) ) ;
#4624 = VERTEX_POINT ( 'NONE', #4228 ) ;
#4625 = CARTESIAN_POINT ( 'NONE',  ( -30.75122556262693863, 88.00000000000000000, 55.63384986060244586 ) ) ;
#4626 =( BOUNDED_CURVE ( )  B_SPLINE_CURVE ( 3, ( #1587, #4025, #419, #860 ),
 .UNSPECIFIED., .F., .F. ) 
 B_SPLINE_CURVE_WITH_KNOTS ( ( 4, 4 ),
 ( 4.497009562132939564, 4.623277532564641135 ),
 .UNSPECIFIED. ) 
 CURVE ( )  GEOMETRIC_REPRESENTATION_ITEM ( )  RATIONAL_B_SPLINE_CURVE ( ( 1.000000000000000000, 0.9986718078949442523, 0.9986718078949442523, 1.000000000000000000 ) ) 
 REPRESENTATION_ITEM ( '' )  );
#4627 = VERTEX_POINT ( 'NONE', #3131 ) ;
#4628 = ADVANCED_FACE ( 'NONE', ( #1306 ), #55, .F. ) ;
#4629 = ORIENTED_EDGE ( 'NONE', *, *, #4411, .T. ) ;
#4630 = DIRECTION ( 'NONE',  ( -0.8660254037844379305, 0.000000000000000000, 0.5000000000000012212 ) ) ;
#4631 = CARTESIAN_POINT ( 'NONE',  ( -30.55385866770227565, 86.87200565038178013, 54.95015088111836121 ) ) ;
#4632 = CARTESIAN_POINT ( 'NONE',  ( -55.38833569794878997, 84.56639085756631857, 14.12175683366773704 ) ) ;
#4633 = CARTESIAN_POINT ( 'NONE',  ( 20.00000000000000000, 72.00000000000000000, 60.73668293770336390 ) ) ;
#4634 = ADVANCED_FACE ( 'NONE', ( #306 ), #1730, .T. ) ;
#4635 = ORIENTED_EDGE ( 'NONE', *, *, #3128, .F. ) ;
#4636 = LINE ( 'NONE', #3555, #3473 ) ;
#4637 = FACE_OUTER_BOUND ( 'NONE', #2887, .T. ) ;
#4638 = FACE_OUTER_BOUND ( 'NONE', #3919, .T. ) ;
#4639 = EDGE_CURVE ( 'NONE', #2626, #1103, #535, .T. ) ;
#4640 = EDGE_LOOP ( 'NONE', ( #1543, #273, #2313, #2382 ) ) ;
#4641 = DIRECTION ( 'NONE',  ( -0.000000000000000000, -1.000000000000000000, -0.000000000000000000 ) ) ;
#4642 = CARTESIAN_POINT ( 'NONE',  ( -33.09619097536031518, 57.99999999999999289, 59.95388455197959843 ) ) ;
#4643 = DIRECTION ( 'NONE',  ( 0.4980973490458739938, 0.08715574274765822138, -0.8627299156628202015 ) ) ;
#4644 = CARTESIAN_POINT ( 'NONE',  ( -31.25679488960773256, 83.56413261338131804, 55.94286522243261572 ) ) ;
#4645 = DIRECTION ( 'NONE',  ( 0.4980973490458739938, 0.08715574274765820750, -0.8627299156628202015 ) ) ;
#4646 = VERTEX_POINT ( 'NONE', #4554 ) ;
#4647 = LINE ( 'NONE', #2829, #3031 ) ;
#4648 = CYLINDRICAL_SURFACE ( 'NONE', #3390, 6.999999999999995559 ) ;
#4649 = ORIENTED_EDGE ( 'NONE', *, *, #915, .F. ) ;
#4650 = ORIENTED_EDGE ( 'NONE', *, *, #3225, .F. ) ;
#4651 = CARTESIAN_POINT ( 'NONE',  ( 30.75122556262694218, 86.00000000000000000, 54.54179040470482676 ) ) ;
#4652 = VECTOR ( 'NONE', #2761, 1000.000000000000000 ) ;
#4653 = FACE_OUTER_BOUND ( 'NONE', #4216, .T. ) ;
#4654 =( BOUNDED_CURVE ( )  B_SPLINE_CURVE ( 3, ( #3000, #2622, #4409, #41 ),
 .UNSPECIFIED., .F., .F. ) 
 B_SPLINE_CURVE_WITH_KNOTS ( ( 4, 4 ),
 ( 4.712388980384689674, 6.283185307179586232 ),
 .UNSPECIFIED. ) 
 CURVE ( )  GEOMETRIC_REPRESENTATION_ITEM ( )  RATIONAL_B_SPLINE_CURVE ( ( 1.000000000000000000, 0.8047378541243649375, 0.8047378541243649375, 1.000000000000000000 ) ) 
 REPRESENTATION_ITEM ( '' )  );
#4655 = DIRECTION ( 'NONE',  ( 0.000000000000000000, 0.000000000000000000, 1.000000000000000000 ) ) ;
#4656 = AXIS2_PLACEMENT_3D ( 'NONE', #372, #1383, #4293 ) ;
#4657 = DIRECTION ( 'NONE',  ( -0.000000000000000000, 1.000000000000000000, -0.000000000000000000 ) ) ;
#4658 = ORIENTED_EDGE ( 'NONE', *, *, #1225, .F. ) ;
#4659 = CARTESIAN_POINT ( 'NONE',  ( 33.39282367379929184, 86.20798857084839995, 54.55687104999447712 ) ) ;
#4660 = LINE ( 'NONE', #3595, #2243 ) ;
#4661 = FACE_OUTER_BOUND ( 'NONE', #3834, .T. ) ;
#4662 = EDGE_CURVE ( 'NONE', #577, #2183, #823, .T. ) ;
#4663 = ORIENTED_EDGE ( 'NONE', *, *, #368, .T. ) ;
#4664 = CARTESIAN_POINT ( 'NONE',  ( -40.25237774237899657, 81.12310724591722533, 45.75000000000176925 ) ) ;
#4665 = LINE ( 'NONE', #3270, #2159 ) ;
#4666 = PRODUCT_CONTEXT ( 'NONE', #1837, 'mechanical' ) ;
#4667 = ADVANCED_FACE ( 'NONE', ( #94 ), #3982, .F. ) ;
#4668 = CIRCLE ( 'NONE', #3081, 3.000000000000000444 ) ;
ENDSEC;
END-ISO-10303-21;
