ISO-10303-21;
HEADER;
FILE_DESCRIPTION (( 'STEP AP214' ),
    '1' );
FILE_NAME ('Part2^button_assembly.STEP',
    '2026-03-16T15:19:16',
    ( '' ),
    ( '' ),
    'SwSTEP 2.0',
    'SolidWorks 2025',
    '' );
FILE_SCHEMA (( 'AUTOMOTIVE_DESIGN' ));
ENDSEC;

DATA;
#1 = ADVANCED_FACE ( 'NONE', ( #869 ), #1537, .F. ) ;
#2 = ORIENTED_EDGE ( 'NONE', *, *, #1287, .F. ) ;
#3 = EDGE_CURVE ( 'NONE', #667, #280, #1373, .T. ) ;
#4 = DIRECTION ( 'NONE',  ( 0.000000000000000000, 0.000000000000000000, 1.000000000000000000 ) ) ;
#5 = CARTESIAN_POINT ( 'NONE',  ( 7.500000000000000888, 5.500000000000000000, -4.000000000000000000 ) ) ;
#6 = CARTESIAN_POINT ( 'NONE',  ( -7.500000000000000000, 8.000000000000000000, 6.000000000000000000 ) ) ;
#7 = ORIENTED_EDGE ( 'NONE', *, *, #1282, .T. ) ;
#8 = ORIENTED_EDGE ( 'NONE', *, *, #1729, .T. ) ;
#9 = VECTOR ( 'NONE', #1348, 1000.000000000000000 ) ;
#10 = FACE_OUTER_BOUND ( 'NONE', #968, .T. ) ;
#11 = AXIS2_PLACEMENT_3D ( 'NONE', #1878, #1052, #1219 ) ;
#12 = EDGE_CURVE ( 'NONE', #1275, #1415, #1835, .T. ) ;
#13 = CARTESIAN_POINT ( 'NONE',  ( 6.000000000000001776, 7.999999999999996447, 0.000000000000000000 ) ) ;
#14 = CARTESIAN_POINT ( 'NONE',  ( 8.500000000000000000, 9.499999999999994671, -8.500000000000000000 ) ) ;
#15 = VERTEX_POINT ( 'NONE', #1514 ) ;
#16 = ADVANCED_FACE ( 'NONE', ( #1552 ), #1024, .F. ) ;
#17 = VECTOR ( 'NONE', #1302, 1000.000000000000000 ) ;
#18 = VERTEX_POINT ( 'NONE', #1712 ) ;
#19 = EDGE_CURVE ( 'NONE', #893, #181, #681, .T. ) ;
#20 = DIRECTION ( 'NONE',  ( -1.000000000000000000, 0.000000000000000000, 0.000000000000000000 ) ) ;
#21 = CARTESIAN_POINT ( 'NONE',  ( -0.5000000000000000000, -1.734723475976807094E-15, -8.500000000000000000 ) ) ;
#22 = LINE ( 'NONE', #1125, #1587 ) ;
#23 = EDGE_LOOP ( 'NONE', ( #1022, #1690, #844, #229 ) ) ;
#24 = CARTESIAN_POINT ( 'NONE',  ( -5.799999999999998046, 7.999999999999998224, -6.500000000000000000 ) ) ;
#25 = ORIENTED_EDGE ( 'NONE', *, *, #56, .F. ) ;
#26 = DIRECTION ( 'NONE',  ( -1.000000000000000000, 0.000000000000000000, 0.000000000000000000 ) ) ;
#27 = FACE_OUTER_BOUND ( 'NONE', #1455, .T. ) ;
#28 = AXIS2_PLACEMENT_3D ( 'NONE', #2047, #1880, #1256 ) ;
#29 = EDGE_CURVE ( 'NONE', #2019, #1792, #903, .T. ) ;
#30 = DIRECTION ( 'NONE',  ( -2.891205793294678326E-16, -1.000000000000000000, -0.000000000000000000 ) ) ;
#31 = EDGE_LOOP ( 'NONE', ( #1399, #858, #1837, #1977 ) ) ;
#32 = ORIENTED_EDGE ( 'NONE', *, *, #2090, .F. ) ;
#33 = CARTESIAN_POINT ( 'NONE',  ( 5.000000000000000888, 4.500000000000000000, -4.000000000000000000 ) ) ;
#34 = DIRECTION ( 'NONE',  ( -0.000000000000000000, 0.000000000000000000, 1.000000000000000000 ) ) ;
#35 = CARTESIAN_POINT ( 'NONE',  ( -8.750000000000000000, -2.000000000000000000, -8.500000000000000000 ) ) ;
#36 = EDGE_CURVE ( 'NONE', #145, #2013, #1189, .T. ) ;
#37 = VECTOR ( 'NONE', #1756, 1000.000000000000000 ) ;
#38 = CARTESIAN_POINT ( 'NONE',  ( 0.000000000000000000, 0.000000000000000000, -6.500000000000000000 ) ) ;
#39 = ORIENTED_EDGE ( 'NONE', *, *, #1150, .T. ) ;
#40 = CARTESIAN_POINT ( 'NONE',  ( -5.000000000000000888, 4.500000000000000000, -4.000000000000000000 ) ) ;
#41 = DIRECTION ( 'NONE',  ( 1.000000000000000000, 1.301042606982606307E-16, 0.000000000000000000 ) ) ;
#42 = VERTEX_POINT ( 'NONE', #89 ) ;
#43 = CIRCLE ( 'NONE', #297, 1.000000000000000000 ) ;
#44 = CARTESIAN_POINT ( 'NONE',  ( -7.250000000000000000, -2.000000000000000000, -8.500000000000000000 ) ) ;
#45 = CARTESIAN_POINT ( 'NONE',  ( 9.500000000000005329, 8.499999999999992895, -8.500000000000000000 ) ) ;
#46 = LINE ( 'NONE', #2075, #1777 ) ;
#47 = AXIS2_PLACEMENT_3D ( 'NONE', #276, #948, #427 ) ;
#48 = ORIENTED_EDGE ( 'NONE', *, *, #1181, .T. ) ;
#49 = CARTESIAN_POINT ( 'NONE',  ( -8.499999999999989342, -4.000000000000000000, -6.500000000000000000 ) ) ;
#50 = ADVANCED_FACE ( 'NONE', ( #1035 ), #2017, .T. ) ;
#51 = CARTESIAN_POINT ( 'NONE',  ( 7.250000000000000000, -2.000000000000000000, -6.500000000000000000 ) ) ;
#52 = DIRECTION ( 'NONE',  ( -1.000000000000000000, 2.990902544787598592E-16, -0.000000000000000000 ) ) ;
#53 = CARTESIAN_POINT ( 'NONE',  ( -8.499999999999998224, 9.499999999999998224, -6.500000000000000000 ) ) ;
#54 = ORIENTED_EDGE ( 'NONE', *, *, #2071, .T. ) ;
#55 = CYLINDRICAL_SURFACE ( 'NONE', #862, 1.100000000000000311 ) ;
#56 = EDGE_CURVE ( 'NONE', #1541, #2076, #1123, .T. ) ;
#57 = CARTESIAN_POINT ( 'NONE',  ( -5.999999999999998224, 7.999999999999998224, -6.500000000000000000 ) ) ;
#58 = DIRECTION ( 'NONE',  ( -0.7071067811865487940, 0.7071067811865463515, 0.000000000000000000 ) ) ;
#59 = LINE ( 'NONE', #1672, #1823 ) ;
#60 = ORIENTED_EDGE ( 'NONE', *, *, #1212, .T. ) ;
#61 = CARTESIAN_POINT ( 'NONE',  ( 0.000000000000000000, 0.000000000000000000, 8.000000000000000000 ) ) ;
#62 = ORIENTED_EDGE ( 'NONE', *, *, #804, .T. ) ;
#63 = DIRECTION ( 'NONE',  ( -0.000000000000000000, -0.000000000000000000, 1.000000000000000000 ) ) ;
#64 = VERTEX_POINT ( 'NONE', #312 ) ;
#65 = LINE ( 'NONE', #1322, #1259 ) ;
#66 = DIRECTION ( 'NONE',  ( -0.7071067811865467956, -0.7071067811865483499, -0.000000000000000000 ) ) ;
#67 = EDGE_LOOP ( 'NONE', ( #820, #1820, #699, #933 ) ) ;
#68 = CARTESIAN_POINT ( 'NONE',  ( -5.750000000000000000, -2.000000000000000000, -6.500000000000000000 ) ) ;
#69 = FACE_OUTER_BOUND ( 'NONE', #250, .T. ) ;
#70 = ORIENTED_EDGE ( 'NONE', *, *, #1568, .F. ) ;
#71 = EDGE_CURVE ( 'NONE', #1197, #1000, #2038, .T. ) ;
#72 = EDGE_LOOP ( 'NONE', ( #1069, #1708, #1376, #456 ) ) ;
#73 = VECTOR ( 'NONE', #1419, 1000.000000000000000 ) ;
#74 = CARTESIAN_POINT ( 'NONE',  ( -8.499999999999994671, 9.499999999999998224, -6.500000000000000000 ) ) ;
#75 = CIRCLE ( 'NONE', #1542, 1.100000000000000311 ) ;
#76 = VERTEX_POINT ( 'NONE', #601 ) ;
#77 = DIRECTION ( 'NONE',  ( -0.000000000000000000, -0.000000000000000000, -1.000000000000000000 ) ) ;
#78 = ORIENTED_EDGE ( 'NONE', *, *, #1084, .F. ) ;
#79 = EDGE_CURVE ( 'NONE', #659, #102, #1939, .T. ) ;
#80 = FACE_OUTER_BOUND ( 'NONE', #518, .T. ) ;
#81 = FACE_OUTER_BOUND ( 'NONE', #1854, .T. ) ;
#82 = EDGE_CURVE ( 'NONE', #827, #906, #1735, .T. ) ;
#83 = ORIENTED_EDGE ( 'NONE', *, *, #392, .T. ) ;
#84 = DIRECTION ( 'NONE',  ( -1.000000000000000000, 2.312964634635741971E-16, -0.000000000000000000 ) ) ;
#85 = VECTOR ( 'NONE', #2084, 1000.000000000000000 ) ;
#86 = AXIS2_PLACEMENT_3D ( 'NONE', #1941, #1133, #1006 ) ;
#87 = VERTEX_POINT ( 'NONE', #1597 ) ;
#88 = CARTESIAN_POINT ( 'NONE',  ( -7.500000000000001776, 3.499999999999999112, 6.000000000000000000 ) ) ;
#89 = CARTESIAN_POINT ( 'NONE',  ( 1.500000000000000000, -1.000000000000001776, -6.500000000000000888 ) ) ;
#90 = LINE ( 'NONE', #430, #1817 ) ;
#91 = DIRECTION ( 'NONE',  ( 4.336808689942016750E-16, 1.000000000000000000, 0.000000000000000000 ) ) ;
#92 = ORIENTED_EDGE ( 'NONE', *, *, #1677, .F. ) ;
#93 = DIRECTION ( 'NONE',  ( 1.000000000000000000, 0.000000000000000000, 0.000000000000000000 ) ) ;
#94 = ORIENTED_EDGE ( 'NONE', *, *, #1335, .T. ) ;
#95 = DIRECTION ( 'NONE',  ( -0.000000000000000000, -0.000000000000000000, 1.000000000000000000 ) ) ;
#96 = ORIENTED_EDGE ( 'NONE', *, *, #420, .T. ) ;
#97 = DIRECTION ( 'NONE',  ( -1.000000000000000000, 2.891205793294678326E-16, 0.000000000000000000 ) ) ;
#98 = VERTEX_POINT ( 'NONE', #1103 ) ;
#99 = CARTESIAN_POINT ( 'NONE',  ( 8.499999999999991118, -3.999999999999997335, -6.500000000000000000 ) ) ;
#100 = DIRECTION ( 'NONE',  ( 8.673617379884050263E-16, 1.000000000000000000, 0.000000000000000000 ) ) ;
#101 = EDGE_CURVE ( 'NONE', #1783, #234, #1443, .T. ) ;
#102 = VERTEX_POINT ( 'NONE', #1897 ) ;
#103 = VECTOR ( 'NONE', #608, 1000.000000000000000 ) ;
#104 = LINE ( 'NONE', #587, #567 ) ;
#105 = ORIENTED_EDGE ( 'NONE', *, *, #1599, .T. ) ;
#106 = PLANE ( 'NONE',  #492 ) ;
#107 = EDGE_LOOP ( 'NONE', ( #1107, #231, #879, #611 ) ) ;
#108 = EDGE_CURVE ( 'NONE', #1323, #1541, #487, .T. ) ;
#109 = FACE_OUTER_BOUND ( 'NONE', #1321, .T. ) ;
#110 = EDGE_CURVE ( 'NONE', #1571, #234, #1609, .T. ) ;
#111 = CARTESIAN_POINT ( 'NONE',  ( -5.799999999999998046, 7.999999999999998224, -1.536229149573720365 ) ) ;
#112 = CIRCLE ( 'NONE', #2054, 1.000000000000000000 ) ;
#113 = PLANE ( 'NONE',  #1271 ) ;
#114 = CARTESIAN_POINT ( 'NONE',  ( 0.5000000000000000000, -1.000000000000001776, -8.500000000000000000 ) ) ;
#115 = AXIS2_PLACEMENT_3D ( 'NONE', #488, #1143, #1292 ) ;
#116 = EDGE_LOOP ( 'NONE', ( #240, #1831 ) ) ;
#117 = LINE ( 'NONE', #2056, #1674 ) ;
#118 = VECTOR ( 'NONE', #1846, 1000.000000000000000 ) ;
#119 = LINE ( 'NONE', #2073, #123 ) ;
#120 = ORIENTED_EDGE ( 'NONE', *, *, #2069, .T. ) ;
#121 = LINE ( 'NONE', #777, #205 ) ;
#122 = EDGE_LOOP ( 'NONE', ( #1350, #1180, #1027, #7 ) ) ;
#123 = VECTOR ( 'NONE', #1425, 1000.000000000000000 ) ;
#124 = DIRECTION ( 'NONE',  ( 6.424901762877067440E-16, 1.000000000000000000, 0.000000000000000000 ) ) ;
#125 = AXIS2_PLACEMENT_3D ( 'NONE', #1800, #1789, #1808 ) ;
#126 = CARTESIAN_POINT ( 'NONE',  ( -7.500000000000000000, 8.000000000000000000, -6.500000000000000000 ) ) ;
#127 = ORIENTED_EDGE ( 'NONE', *, *, #1105, .F. ) ;
#128 = DIRECTION ( 'NONE',  ( -0.7071067811865462405, -0.7071067811865489050, 0.000000000000000000 ) ) ;
#129 = ORIENTED_EDGE ( 'NONE', *, *, #1974, .F. ) ;
#130 = CARTESIAN_POINT ( 'NONE',  ( 7.500000000000005329, 7.999999999999996447, -6.500000000000000000 ) ) ;
#131 = VERTEX_POINT ( 'NONE', #286 ) ;
#132 = CARTESIAN_POINT ( 'NONE',  ( -5.999999999999998224, 8.000000000000000000, -6.500000000000000000 ) ) ;
#133 = ADVANCED_FACE ( 'NONE', ( #1421 ), #991, .F. ) ;
#134 = EDGE_LOOP ( 'NONE', ( #2080, #1426, #2070, #1750, #684, #2037, #1727, #989 ) ) ;
#135 = CARTESIAN_POINT ( 'NONE',  ( 1.460819769243626736E-15, 7.999999999999998224, 6.000000000000000000 ) ) ;
#136 = PLANE ( 'NONE',  #1452 ) ;
#137 = VECTOR ( 'NONE', #1284, 1000.000000000000000 ) ;
#138 = LINE ( 'NONE', #1778, #1318 ) ;
#139 = FILL_AREA_STYLE ('',( #2093 ) ) ;
#140 = CARTESIAN_POINT ( 'NONE',  ( -9.499999999999998224, -2.999999999999998668, -8.500000000000000000 ) ) ;
#141 = EDGE_LOOP ( 'NONE', ( #466, #1962, #952, #1153 ) ) ;
#142 = DIRECTION ( 'NONE',  ( -0.000000000000000000, -0.000000000000000000, 1.000000000000000000 ) ) ;
#143 = PRODUCT_DEFINITION_FORMATION_WITH_SPECIFIED_SOURCE ( 'ANY', '', #1227, .NOT_KNOWN. ) ;
#144 = ORIENTED_EDGE ( 'NONE', *, *, #1804, .T. ) ;
#145 = VERTEX_POINT ( 'NONE', #634 ) ;
#146 = CARTESIAN_POINT ( 'NONE',  ( 4.999999999999997335, -2.168404344971007290E-15, -6.500000000000000000 ) ) ;
#147 = EDGE_CURVE ( 'NONE', #1220, #1126, #138, .T. ) ;
#148 = DIRECTION ( 'NONE',  ( -0.000000000000000000, -0.000000000000000000, -1.000000000000000000 ) ) ;
#149 =( LENGTH_UNIT ( ) NAMED_UNIT ( * ) SI_UNIT ( .MILLI., .METRE. ) );
#150 = CYLINDRICAL_SURFACE ( 'NONE', #191, 6.000000000000000000 ) ;
#151 = ORIENTED_EDGE ( 'NONE', *, *, #553, .F. ) ;
#152 =( GEOMETRIC_REPRESENTATION_CONTEXT ( 3 ) GLOBAL_UNCERTAINTY_ASSIGNED_CONTEXT ( ( #2050 ) ) GLOBAL_UNIT_ASSIGNED_CONTEXT ( ( #333, #950, #477 ) ) REPRESENTATION_CONTEXT ( 'NONE', 'WORKASPACE' ) );
#153 = CARTESIAN_POINT ( 'NONE',  ( 6.000000000000001776, 7.999999999999996447, -6.500000000000000000 ) ) ;
#154 = ORIENTED_EDGE ( 'NONE', *, *, #398, .F. ) ;
#155 = VECTOR ( 'NONE', #878, 999.9999999999998863 ) ;
#156 = EDGE_CURVE ( 'NONE', #306, #1434, #412, .T. ) ;
#157 = VERTEX_POINT ( 'NONE', #1272 ) ;
#158 = DIRECTION ( 'NONE',  ( -1.000000000000000000, 1.826024711554533667E-16, 0.000000000000000000 ) ) ;
#159 = EDGE_CURVE ( 'NONE', #1549, #1790, #925, .T. ) ;
#160 = SURFACE_SIDE_STYLE ('',( #939 ) ) ;
#161 = VECTOR ( 'NONE', #1692, 999.9999999999998863 ) ;
#162 = LINE ( 'NONE', #14, #538 ) ;
#163 = ORIENTED_EDGE ( 'NONE', *, *, #1150, .F. ) ;
#164 = PLANE ( 'NONE',  #1004 ) ;
#165 = EDGE_LOOP ( 'NONE', ( #2046, #799 ) ) ;
#166 = CIRCLE ( 'NONE', #1246, 1.100000000000000311 ) ;
#167 = LINE ( 'NONE', #1768, #1232 ) ;
#168 = DIRECTION ( 'NONE',  ( 0.000000000000000000, 1.000000000000000000, -0.000000000000000000 ) ) ;
#169 = EDGE_LOOP ( 'NONE', ( #105, #1059, #702, #1097 ) ) ;
#170 = EDGE_CURVE ( 'NONE', #1859, #1914, #1927, .T. ) ;
#171 = ORIENTED_EDGE ( 'NONE', *, *, #1910, .T. ) ;
#172 = CARTESIAN_POINT ( 'NONE',  ( -5.799999999999998046, 7.999999999999998224, -6.500000000000000000 ) ) ;
#173 = VECTOR ( 'NONE', #424, 1000.000000000000000 ) ;
#174 = AXIS2_PLACEMENT_3D ( 'NONE', #1011, #238, #520 ) ;
#175 = FACE_OUTER_BOUND ( 'NONE', #1044, .T. ) ;
#176 = EDGE_CURVE ( 'NONE', #1489, #558, #1167, .T. ) ;
#177 = FACE_OUTER_BOUND ( 'NONE', #2041, .T. ) ;
#178 = EDGE_CURVE ( 'NONE', #1170, #131, #440, .T. ) ;
#179 = ORIENTED_EDGE ( 'NONE', *, *, #110, .F. ) ;
#180 = AXIS2_PLACEMENT_3D ( 'NONE', #1001, #184, #203 ) ;
#181 = VERTEX_POINT ( 'NONE', #1583 ) ;
#182 = DIRECTION ( 'NONE',  ( 1.000000000000000000, 0.000000000000000000, 0.000000000000000000 ) ) ;
#183 = AXIS2_PLACEMENT_3D ( 'NONE', #1504, #1038, #1171 ) ;
#184 = DIRECTION ( 'NONE',  ( 0.000000000000000000, 0.000000000000000000, -1.000000000000000000 ) ) ;
#185 = VECTOR ( 'NONE', #397, 1000.000000000000000 ) ;
#186 = DIRECTION ( 'NONE',  ( -0.000000000000000000, -0.000000000000000000, 1.000000000000000000 ) ) ;
#187 = CARTESIAN_POINT ( 'NONE',  ( 1.500000000000000000, -1.734723475976807094E-15, -8.500000000000000000 ) ) ;
#188 = CARTESIAN_POINT ( 'NONE',  ( 6.500000000000004441, -2.000000000000010214, 8.999999999999998224 ) ) ;
#189 = EDGE_LOOP ( 'NONE', ( #309, #493, #818, #1523 ) ) ;
#190 = VECTOR ( 'NONE', #776, 1000.000000000000000 ) ;
#191 = AXIS2_PLACEMENT_3D ( 'NONE', #2053, #603, #1238 ) ;
#192 = VERTEX_POINT ( 'NONE', #1408 ) ;
#193 = CARTESIAN_POINT ( 'NONE',  ( -5.000000000000000888, 3.499999999999999556, -4.000000000000000000 ) ) ;
#194 = EDGE_CURVE ( 'NONE', #419, #1588, #1551, .T. ) ;
#195 = CARTESIAN_POINT ( 'NONE',  ( 1.500000000000000000, -1.734723475976807094E-15, -6.500000000000000888 ) ) ;
#196 = DIRECTION ( 'NONE',  ( 1.000000000000000000, -5.561455489089372176E-16, 0.000000000000000000 ) ) ;
#197 = CARTESIAN_POINT ( 'NONE',  ( 9.500000000000007105, 8.499999999999996447, -6.500000000000000000 ) ) ;
#198 = DIRECTION ( 'NONE',  ( 1.000000000000000000, 0.000000000000000000, -0.000000000000000000 ) ) ;
#199 = ORIENTED_EDGE ( 'NONE', *, *, #500, .T. ) ;
#200 = CARTESIAN_POINT ( 'NONE',  ( -4.999999999999995559, 0.000000000000000000, -6.500000000000000000 ) ) ;
#201 = VECTOR ( 'NONE', #1359, 1000.000000000000000 ) ;
#202 = VERTEX_POINT ( 'NONE', #1250 ) ;
#203 = DIRECTION ( 'NONE',  ( -1.000000000000000000, 0.000000000000000000, 0.000000000000000000 ) ) ;
#204 = CARTESIAN_POINT ( 'NONE',  ( -7.250000000000000000, -2.000000000000000000, -6.500000000000000000 ) ) ;
#205 = VECTOR ( 'NONE', #1592, 1000.000000000000000 ) ;
#206 = CYLINDRICAL_SURFACE ( 'NONE', #970, 1.500000000000000444 ) ;
#207 = ORIENTED_EDGE ( 'NONE', *, *, #1346, .F. ) ;
#208 = CARTESIAN_POINT ( 'NONE',  ( 4.108555600997704386E-16, -3.000000000000001776, 8.000000000000000000 ) ) ;
#209 = CARTESIAN_POINT ( 'NONE',  ( 5.800000000000002487, 9.499999999999994671, -2.660826939130015223 ) ) ;
#210 = ORIENTED_EDGE ( 'NONE', *, *, #1130, .T. ) ;
#211 = CARTESIAN_POINT ( 'NONE',  ( 6.150000000000000355, -2.000000000000000000, 1.500000000000000444 ) ) ;
#212 = LINE ( 'NONE', #358, #2064 ) ;
#213 = EDGE_CURVE ( 'NONE', #971, #1255, #1905, .T. ) ;
#214 = AXIS2_PLACEMENT_3D ( 'NONE', #1260, #1915, #644 ) ;
#215 = ORIENTED_EDGE ( 'NONE', *, *, #1203, .T. ) ;
#216 = AXIS2_PLACEMENT_3D ( 'NONE', #1371, #1023, #1536 ) ;
#217 = EDGE_CURVE ( 'NONE', #1696, #361, #2025, .T. ) ;
#218 = CARTESIAN_POINT ( 'NONE',  ( -4.999999999999995559, 0.000000000000000000, -6.500000000000000000 ) ) ;
#219 = ORIENTED_EDGE ( 'NONE', *, *, #1913, .F. ) ;
#220 = EDGE_CURVE ( 'NONE', #720, #929, #566, .T. ) ;
#221 = AXIS2_PLACEMENT_3D ( 'NONE', #193, #1017, #1475 ) ;
#222 = DIRECTION ( 'NONE',  ( -0.000000000000000000, 1.000000000000000000, -0.000000000000000000 ) ) ;
#223 = CARTESIAN_POINT ( 'NONE',  ( -9.499999999999998224, -1.220731334946642015E-15, -8.500000000000000000 ) ) ;
#224 = EDGE_LOOP ( 'NONE', ( #853, #590, #729, #1861 ) ) ;
#225 = VECTOR ( 'NONE', #938, 1000.000000000000227 ) ;
#226 = DIRECTION ( 'NONE',  ( -0.000000000000000000, -1.000000000000000000, -0.000000000000000000 ) ) ;
#227 = CARTESIAN_POINT ( 'NONE',  ( 0.5000000000000000000, -1.734723475976807094E-15, -6.500000000000000888 ) ) ;
#228 = CARTESIAN_POINT ( 'NONE',  ( -1.500000000000000000, -4.000000000000003553, -6.500000000000000888 ) ) ;
#229 = ORIENTED_EDGE ( 'NONE', *, *, #1661, .F. ) ;
#230 = CARTESIAN_POINT ( 'NONE',  ( -4.999999999999995559, -2.000000000000000000, -6.500000000000000000 ) ) ;
#231 = ORIENTED_EDGE ( 'NONE', *, *, #420, .F. ) ;
#232 = DIRECTION ( 'NONE',  ( 0.000000000000000000, 0.000000000000000000, 1.000000000000000000 ) ) ;
#233 = LINE ( 'NONE', #1337, #1202 ) ;
#234 = VERTEX_POINT ( 'NONE', #545 ) ;
#235 = CARTESIAN_POINT ( 'NONE',  ( 4.108555600997704386E-16, -3.000000000000001776, 8.000000000000000000 ) ) ;
#236 = EDGE_CURVE ( 'NONE', #419, #181, #708, .T. ) ;
#237 = DIRECTION ( 'NONE',  ( 0.000000000000000000, 1.000000000000000000, 0.000000000000000000 ) ) ;
#238 = DIRECTION ( 'NONE',  ( -0.3713906763541037215, -0.9284766908852593037, 0.000000000000000000 ) ) ;
#239 = CARTESIAN_POINT ( 'NONE',  ( 4.999999999999997335, -2.168404344971007290E-15, 6.000000000000000000 ) ) ;
#240 = ORIENTED_EDGE ( 'NONE', *, *, #2039, .T. ) ;
#241 = CARTESIAN_POINT ( 'NONE',  ( -8.499999999999998224, 9.499999999999998224, -8.500000000000000000 ) ) ;
#242 = EDGE_CURVE ( 'NONE', #665, #929, #59, .T. ) ;
#243 = ORIENTED_EDGE ( 'NONE', *, *, #315, .F. ) ;
#244 = CARTESIAN_POINT ( 'NONE',  ( 0.000000000000000000, 0.000000000000000000, -4.000000000000001776 ) ) ;
#245 = EDGE_CURVE ( 'NONE', #941, #1225, #212, .T. ) ;
#246 = ORIENTED_EDGE ( 'NONE', *, *, #366, .T. ) ;
#247 = DIRECTION ( 'NONE',  ( 0.000000000000000000, 1.000000000000000000, 0.000000000000000000 ) ) ;
#248 = DIRECTION ( 'NONE',  ( 2.891205793294678326E-16, 1.000000000000000000, 0.000000000000000000 ) ) ;
#249 = VECTOR ( 'NONE', #1310, 1000.000000000000000 ) ;
#250 = EDGE_LOOP ( 'NONE', ( #2005, #1716, #1336, #354 ) ) ;
#251 = LINE ( 'NONE', #132, #1055 ) ;
#252 = VERTEX_POINT ( 'NONE', #718 ) ;
#253 = VECTOR ( 'NONE', #575, 1000.000000000000000 ) ;
#254 = LINE ( 'NONE', #405, #771 ) ;
#255 = DIRECTION ( 'NONE',  ( -1.000000000000000000, 0.000000000000000000, 0.000000000000000000 ) ) ;
#256 = ORIENTED_EDGE ( 'NONE', *, *, #2061, .F. ) ;
#257 = LINE ( 'NONE', #1217, #161 ) ;
#258 = EDGE_LOOP ( 'NONE', ( #78, #292, #1732, #682 ) ) ;
#259 = CARTESIAN_POINT ( 'NONE',  ( -9.499999999999998224, -2.999999999999995559, -6.500000000000000000 ) ) ;
#260 = ORIENTED_EDGE ( 'NONE', *, *, #1239, .T. ) ;
#261 = CARTESIAN_POINT ( 'NONE',  ( 5.000000000000000888, 3.499999999999999556, -4.000000000000000000 ) ) ;
#262 = AXIS2_PLACEMENT_3D ( 'NONE', #1343, #1856, #401 ) ;
#263 = AXIS2_PLACEMENT_3D ( 'NONE', #1331, #1147, #20 ) ;
#264 = AXIS2_PLACEMENT_3D ( 'NONE', #1630, #168, #823 ) ;
#265 = ORIENTED_EDGE ( 'NONE', *, *, #433, .T. ) ;
#266 = DIRECTION ( 'NONE',  ( 1.000000000000000000, -6.424901762877067440E-16, 0.000000000000000000 ) ) ;
#267 = VERTEX_POINT ( 'NONE', #1655 ) ;
#268 = CARTESIAN_POINT ( 'NONE',  ( -4.999999999999995559, 0.000000000000000000, -6.500000000000000000 ) ) ;
#269 = EDGE_LOOP ( 'NONE', ( #1448, #1950, #947, #914, #2086, #568, #1872, #1621, #1173, #179, #984, #1383, #83, #1493 ) ) ;
#270 = PLANE ( 'NONE',  #766 ) ;
#271 = CARTESIAN_POINT ( 'NONE',  ( 1.500000000000000000, -4.000000000000003553, -6.500000000000000888 ) ) ;
#272 = ORIENTED_EDGE ( 'NONE', *, *, #1799, .F. ) ;
#273 = LINE ( 'NONE', #1901, #173 ) ;
#274 = ADVANCED_FACE ( 'NONE', ( #27 ), #1198, .F. ) ;
#275 = ORIENTED_EDGE ( 'NONE', *, *, #82, .T. ) ;
#276 = CARTESIAN_POINT ( 'NONE',  ( -7.250000000000000000, -2.000000000000000000, -8.500000000000000000 ) ) ;
#277 = CARTESIAN_POINT ( 'NONE',  ( -7.250000000000000000, -2.000000000000000000, -8.500000000000000000 ) ) ;
#278 = ORIENTED_EDGE ( 'NONE', *, *, #531, .F. ) ;
#279 = LINE ( 'NONE', #188, #474 ) ;
#280 = VERTEX_POINT ( 'NONE', #1043 ) ;
#281 = CARTESIAN_POINT ( 'NONE',  ( 5.800000000000001599, 7.999999999999994671, -6.500000000000000000 ) ) ;
#282 = CARTESIAN_POINT ( 'NONE',  ( -7.500000000000000000, 8.000000000000000000, -6.500000000000000000 ) ) ;
#283 = VERTEX_POINT ( 'NONE', #1697 ) ;
#284 = DIRECTION ( 'NONE',  ( -1.000000000000000000, 0.000000000000000000, 0.000000000000000000 ) ) ;
#285 = PLANE ( 'NONE',  #1995 ) ;
#286 = CARTESIAN_POINT ( 'NONE',  ( -5.799999999999998046, 7.999999999999998224, -2.660826939130012114 ) ) ;
#287 = AXIS2_PLACEMENT_3D ( 'NONE', #1190, #998, #1648 ) ;
#288 = DIRECTION ( 'NONE',  ( -1.369518533665900558E-16, 1.000000000000000000, 0.000000000000000000 ) ) ;
#289 = PLANE ( 'NONE',  #645 ) ;
#290 = AXIS2_PLACEMENT_3D ( 'NONE', #1377, #2034, #93 ) ;
#291 = EDGE_CURVE ( 'NONE', #901, #1894, #1002, .T. ) ;
#292 = ORIENTED_EDGE ( 'NONE', *, *, #1019, .F. ) ;
#293 = CARTESIAN_POINT ( 'NONE',  ( -5.000000000000000888, 3.499999999999999556, -4.000000000000000000 ) ) ;
#294 = VERTEX_POINT ( 'NONE', #848 ) ;
#295 = CARTESIAN_POINT ( 'NONE',  ( 7.500000000000001776, -3.558768217243352750E-15, -6.500000000000000000 ) ) ;
#296 = ORIENTED_EDGE ( 'NONE', *, *, #1305, .T. ) ;
#297 = AXIS2_PLACEMENT_3D ( 'NONE', #114, #1573, #1410 ) ;
#298 = PLANE ( 'NONE',  #1715 ) ;
#299 = FACE_OUTER_BOUND ( 'NONE', #749, .T. ) ;
#300 = VECTOR ( 'NONE', #100, 1000.000000000000000 ) ;
#301 = DIRECTION ( 'NONE',  ( 0.000000000000000000, 0.000000000000000000, 1.000000000000000000 ) ) ;
#302 = LINE ( 'NONE', #1273, #1762 ) ;
#303 = VERTEX_POINT ( 'NONE', #1486 ) ;
#304 = CARTESIAN_POINT ( 'NONE',  ( -7.500000000000000888, 5.500000000000000000, -4.000000000000000000 ) ) ;
#305 = LINE ( 'NONE', #819, #190 ) ;
#306 = VERTEX_POINT ( 'NONE', #35 ) ;
#307 =( NAMED_UNIT ( * ) PLANE_ANGLE_UNIT ( ) SI_UNIT ( $, .RADIAN. ) );
#308 = EDGE_CURVE ( 'NONE', #1914, #1639, #1994, .T. ) ;
#309 = ORIENTED_EDGE ( 'NONE', *, *, #494, .F. ) ;
#310 = LINE ( 'NONE', #1451, #806 ) ;
#311 = AXIS2_PLACEMENT_3D ( 'NONE', #1204, #1396, #737 ) ;
#312 = CARTESIAN_POINT ( 'NONE',  ( -7.500000000000001776, -3.000000000000003109, 8.000000000000000000 ) ) ;
#313 = CARTESIAN_POINT ( 'NONE',  ( -4.999999999999995559, 0.000000000000000000, 5.999999999999997335 ) ) ;
#314 = DIRECTION ( 'NONE',  ( 0.9284766908852593037, 0.3713906763541037215, -0.000000000000000000 ) ) ;
#315 = EDGE_CURVE ( 'NONE', #1822, #1220, #1254, .T. ) ;
#316 = ORIENTED_EDGE ( 'NONE', *, *, #1525, .F. ) ;
#317 = EDGE_CURVE ( 'NONE', #526, #1562, #491, .T. ) ;
#318 = CARTESIAN_POINT ( 'NONE',  ( 7.500000000000001776, -3.558768217243352750E-15, -6.500000000000000000 ) ) ;
#319 = VECTOR ( 'NONE', #1231, 1000.000000000000000 ) ;
#320 = EDGE_LOOP ( 'NONE', ( #2082, #692, #1269, #1713 ) ) ;
#321 = EDGE_CURVE ( 'NONE', #1040, #76, #930, .T. ) ;
#322 = VERTEX_POINT ( 'NONE', #1622 ) ;
#323 = LINE ( 'NONE', #657, #363 ) ;
#324 = VERTEX_POINT ( 'NONE', #628 ) ;
#325 = AXIS2_PLACEMENT_3D ( 'NONE', #395, #1964, #1366 ) ;
#326 = LINE ( 'NONE', #1613, #1412 ) ;
#327 = ORIENTED_EDGE ( 'NONE', *, *, #553, .T. ) ;
#328 = VECTOR ( 'NONE', #416, 1000.000000000000000 ) ;
#329 = LINE ( 'NONE', #2077, #355 ) ;
#330 = UNCERTAINTY_MEASURE_WITH_UNIT (LENGTH_MEASURE( 1.000000000000000082E-05 ), #1111, 'distance_accuracy_value', 'NONE');
#331 = ORIENTED_EDGE ( 'NONE', *, *, #500, .F. ) ;
#332 = EDGE_CURVE ( 'NONE', #554, #1822, #326, .T. ) ;
#333 =( LENGTH_UNIT ( ) NAMED_UNIT ( * ) SI_UNIT ( .MILLI., .METRE. ) );
#334 = VECTOR ( 'NONE', #772, 1000.000000000000000 ) ;
#335 = CARTESIAN_POINT ( 'NONE',  ( -7.500000000000000000, -3.061616997868387579E-16, -6.500000000000000000 ) ) ;
#336 = EDGE_LOOP ( 'NONE', ( #1446, #856, #154, #1952, #549, #1876, #432, #458, #1673, #916 ) ) ;
#337 = CARTESIAN_POINT ( 'NONE',  ( -7.500000000000000000, -3.061616997868387579E-16, -6.500000000000000000 ) ) ;
#338 = ORIENTED_EDGE ( 'NONE', *, *, #1661, .T. ) ;
#339 = VECTOR ( 'NONE', #591, 1000.000000000000000 ) ;
#340 = LINE ( 'NONE', #1316, #1470 ) ;
#341 = ADVANCED_FACE ( 'NONE', ( #972 ), #164, .F. ) ;
#342 = LINE ( 'NONE', #2083, #498 ) ;
#343 = EDGE_CURVE ( 'NONE', #2013, #890, #305, .T. ) ;
#344 = ORIENTED_EDGE ( 'NONE', *, *, #1652, .T. ) ;
#345 = LINE ( 'NONE', #1472, #740 ) ;
#346 = ORIENTED_EDGE ( 'NONE', *, *, #836, .T. ) ;
#347 = ORIENTED_EDGE ( 'NONE', *, *, #811, .F. ) ;
#348 = DIRECTION ( 'NONE',  ( 1.826024711554533667E-16, 1.000000000000000000, 0.000000000000000000 ) ) ;
#349 = CARTESIAN_POINT ( 'NONE',  ( 1.500000000000000000, -4.000000000000003553, -6.500000000000000888 ) ) ;
#350 = LINE ( 'NONE', #187, #1403 ) ;
#351 = DIRECTION ( 'NONE',  ( 0.000000000000000000, -1.000000000000000000, 0.000000000000000000 ) ) ;
#352 = ORIENTED_EDGE ( 'NONE', *, *, #332, .F. ) ;
#353 = EDGE_CURVE ( 'NONE', #1660, #294, #1764, .T. ) ;
#354 = ORIENTED_EDGE ( 'NONE', *, *, #101, .T. ) ;
#355 = VECTOR ( 'NONE', #976, 1000.000000000000000 ) ;
#356 = CARTESIAN_POINT ( 'NONE',  ( 5.478074134663600261E-16, -3.999999999999998224, -6.500000000000000000 ) ) ;
#357 = VECTOR ( 'NONE', #1725, 1000.000000000000000 ) ;
#358 = CARTESIAN_POINT ( 'NONE',  ( -9.500000000000000000, 8.499999999999989342, -6.500000000000000000 ) ) ;
#359 = CARTESIAN_POINT ( 'NONE',  ( 5.000000000000000888, 3.499999999999999556, -4.000000000000000000 ) ) ;
#360 = LINE ( 'NONE', #1454, #1168 ) ;
#361 = VERTEX_POINT ( 'NONE', #1935 ) ;
#362 = AXIS2_PLACEMENT_3D ( 'NONE', #881, #1702, #892 ) ;
#363 = VECTOR ( 'NONE', #1620, 1000.000000000000000 ) ;
#364 = ORIENTED_EDGE ( 'NONE', *, *, #1530, .F. ) ;
#365 = CARTESIAN_POINT ( 'NONE',  ( -9.500000000000000000, 8.499999999999989342, -6.500000000000000000 ) ) ;
#366 = EDGE_CURVE ( 'NONE', #2027, #1894, #2107, .T. ) ;
#367 = FACE_BOUND ( 'NONE', #2031, .T. ) ;
#368 = VERTEX_POINT ( 'NONE', #1749 ) ;
#369 = LINE ( 'NONE', #842, #1099 ) ;
#370 = CARTESIAN_POINT ( 'NONE',  ( 8.499999999999996447, -3.999999999999997335, -6.500000000000000000 ) ) ;
#371 = EDGE_LOOP ( 'NONE', ( #1801, #1121, #1314, #2108, #48, #171, #775, #296, #1747, #1388, #1703, #1667, #1247, #954, #1032, #1911, #1763, #676 ) ) ;
#372 = ADVANCED_FACE ( 'NONE', ( #1603 ), #1921, .T. ) ;
#373 = LINE ( 'NONE', #356, #479 ) ;
#374 = CARTESIAN_POINT ( 'NONE',  ( -9.499999999999998224, -2.999999999999995559, -6.500000000000000000 ) ) ;
#375 = EDGE_CURVE ( 'NONE', #1257, #1881, #481, .T. ) ;
#376 = LINE ( 'NONE', #195, #379 ) ;
#377 = EDGE_CURVE ( 'NONE', #1696, #2019, #1739, .T. ) ;
#378 = ORIENTED_EDGE ( 'NONE', *, *, #865, .T. ) ;
#379 = VECTOR ( 'NONE', #847, 1000.000000000000000 ) ;
#380 = DIRECTION ( 'NONE',  ( 1.000000000000000000, 1.224646799147352714E-16, 0.000000000000000000 ) ) ;
#381 = EDGE_LOOP ( 'NONE', ( #1567, #1774, #1507, #1339, #1632 ) ) ;
#382 = LINE ( 'NONE', #208, #9 ) ;
#383 = DIRECTION ( 'NONE',  ( 1.000000000000000000, 1.284980352575413192E-16, 0.000000000000000000 ) ) ;
#384 = ORIENTED_EDGE ( 'NONE', *, *, #19, .T. ) ;
#385 = DIRECTION ( 'NONE',  ( -1.000000000000000000, 0.000000000000000000, 0.000000000000000000 ) ) ;
#386 = CARTESIAN_POINT ( 'NONE',  ( 7.250000000000000000, -2.000000000000000000, 1.500000000000000444 ) ) ;
#387 = VECTOR ( 'NONE', #1253, 1000.000000000000000 ) ;
#388 = DIRECTION ( 'NONE',  ( -0.000000000000000000, -0.000000000000000000, 1.000000000000000000 ) ) ;
#389 = AXIS2_PLACEMENT_3D ( 'NONE', #271, #607, #1728 ) ;
#390 = ORIENTED_EDGE ( 'NONE', *, *, #537, .F. ) ;
#391 = PLANE ( 'NONE',  #2057 ) ;
#392 = EDGE_CURVE ( 'NONE', #1152, #1549, #870, .T. ) ;
#393 = CARTESIAN_POINT ( 'NONE',  ( -8.499999999999992895, -3.999999999999999112, -8.500000000000000000 ) ) ;
#394 = ORIENTED_EDGE ( 'NONE', *, *, #778, .T. ) ;
#395 = CARTESIAN_POINT ( 'NONE',  ( 0.000000000000000000, 0.000000000000000000, 6.000000000000000000 ) ) ;
#396 = VECTOR ( 'NONE', #510, 1000.000000000000000 ) ;
#397 = DIRECTION ( 'NONE',  ( 2.891205793294678326E-16, 1.000000000000000000, 0.000000000000000000 ) ) ;
#398 = EDGE_CURVE ( 'NONE', #1934, #526, #119, .T. ) ;
#399 = ORIENTED_EDGE ( 'NONE', *, *, #1148, .F. ) ;
#400 = LINE ( 'NONE', #864, #1945 ) ;
#401 = DIRECTION ( 'NONE',  ( 0.000000000000000000, 0.000000000000000000, 1.000000000000000000 ) ) ;
#402 = EDGE_CURVE ( 'NONE', #1526, #368, #1590, .T. ) ;
#403 = ORIENTED_EDGE ( 'NONE', *, *, #1106, .F. ) ;
#404 = ADVANCED_FACE ( 'NONE', ( #1342 ), #1981, .T. ) ;
#405 = CARTESIAN_POINT ( 'NONE',  ( 4.999999999999997335, -2.168404344971007290E-15, -6.500000000000000000 ) ) ;
#406 = CARTESIAN_POINT ( 'NONE',  ( 7.500000000000000000, -4.818676322157800728E-15, 8.000000000000000000 ) ) ;
#407 = FACE_OUTER_BOUND ( 'NONE', #448, .T. ) ;
#408 = CARTESIAN_POINT ( 'NONE',  ( 6.000000000000001776, 7.499999999999994671, -6.500000000000000000 ) ) ;
#409 = EDGE_LOOP ( 'NONE', ( #1483, #1243, #1866, #1379 ) ) ;
#410 = CARTESIAN_POINT ( 'NONE',  ( 5.800000000000001599, 7.999999999999994671, -2.660826939130015223 ) ) ;
#411 = DIRECTION ( 'NONE',  ( 1.000000000000000000, 0.000000000000000000, 0.000000000000000000 ) ) ;
#412 = CIRCLE ( 'NONE', #812, 1.500000000000000444 ) ;
#413 = ORIENTED_EDGE ( 'NONE', *, *, #690, .F. ) ;
#414 = FACE_OUTER_BOUND ( 'NONE', #189, .T. ) ;
#415 = ORIENTED_EDGE ( 'NONE', *, *, #1932, .T. ) ;
#416 = DIRECTION ( 'NONE',  ( 1.000000000000000000, 1.301042606982606307E-16, 0.000000000000000000 ) ) ;
#417 = DIRECTION ( 'NONE',  ( 1.000000000000000000, 1.301042606982606307E-16, 0.000000000000000000 ) ) ;
#418 = FACE_OUTER_BOUND ( 'NONE', #1614, .T. ) ;
#419 = VERTEX_POINT ( 'NONE', #542 ) ;
#420 = EDGE_CURVE ( 'NONE', #470, #322, #706, .T. ) ;
#421 = ADVANCED_FACE ( 'NONE', ( #1184 ), #1683, .T. ) ;
#422 = CARTESIAN_POINT ( 'NONE',  ( -6.150000000000001243, -2.000000000000000000, 1.500000000000000444 ) ) ;
#423 = ORIENTED_EDGE ( 'NONE', *, *, #1036, .T. ) ;
#424 = DIRECTION ( 'NONE',  ( 1.284980352575413192E-16, -1.000000000000000000, 0.000000000000000000 ) ) ;
#425 = ORIENTED_EDGE ( 'NONE', *, *, #2036, .F. ) ;
#426 = VECTOR ( 'NONE', #247, 1000.000000000000000 ) ;
#427 = DIRECTION ( 'NONE',  ( 1.000000000000000000, 0.000000000000000000, 0.000000000000000000 ) ) ;
#428 = VECTOR ( 'NONE', #380, 1000.000000000000000 ) ;
#429 = VERTEX_POINT ( 'NONE', #374 ) ;
#430 = CARTESIAN_POINT ( 'NONE',  ( 5.750000000000000000, -2.000000000000000000, -8.500000000000000000 ) ) ;
#431 = CARTESIAN_POINT ( 'NONE',  ( 5.000000000000000888, 3.499999999999999556, -4.000000000000000000 ) ) ;
#432 = ORIENTED_EDGE ( 'NONE', *, *, #176, .T. ) ;
#433 = EDGE_CURVE ( 'NONE', #2003, #941, #875, .T. ) ;
#434 = CARTESIAN_POINT ( 'NONE',  ( 9.500000000000007105, 8.499999999999996447, -6.500000000000000000 ) ) ;
#435 = VERTEX_POINT ( 'NONE', #1175 ) ;
#436 = DIRECTION ( 'NONE',  ( -1.000000000000000000, 1.826024711554533174E-16, 0.000000000000000000 ) ) ;
#437 = VECTOR ( 'NONE', #186, 1000.000000000000000 ) ;
#438 = ORIENTED_EDGE ( 'NONE', *, *, #1875, .T. ) ;
#439 = LINE ( 'NONE', #745, #1958 ) ;
#440 = LINE ( 'NONE', #111, #334 ) ;
#441 = AXIS2_PLACEMENT_3D ( 'NONE', #1430, #1102, #2089 ) ;
#442 = FACE_OUTER_BOUND ( 'NONE', #648, .T. ) ;
#443 = CARTESIAN_POINT ( 'NONE',  ( 8.499999999999996447, -3.999999999999997335, -6.500000000000000000 ) ) ;
#444 = ORIENTED_EDGE ( 'NONE', *, *, #754, .T. ) ;
#445 = DIRECTION ( 'NONE',  ( -1.000000000000000000, 1.734723475976806848E-16, 0.000000000000000000 ) ) ;
#446 = ADVANCED_FACE ( 'NONE', ( #1520 ), #1841, .F. ) ;
#447 = DIRECTION ( 'NONE',  ( -2.891205793294678326E-16, -1.000000000000000000, 0.000000000000000000 ) ) ;
#448 = EDGE_LOOP ( 'NONE', ( #199, #1405, #1899, #215 ) ) ;
#449 = DIRECTION ( 'NONE',  ( -6.424901762877067440E-16, -1.000000000000000000, 0.000000000000000000 ) ) ;
#450 = LINE ( 'NONE', #1077, #704 ) ;
#451 = ADVANCED_FACE ( 'NONE', ( #529 ), #1456, .F. ) ;
#452 = DIRECTION ( 'NONE',  ( -0.000000000000000000, -1.000000000000000000, -0.000000000000000000 ) ) ;
#453 = CARTESIAN_POINT ( 'NONE',  ( -0.5000000000000000000, -1.000000000000001776, -6.500000000000000888 ) ) ;
#454 = AXIS2_PLACEMENT_3D ( 'NONE', #386, #1165, #855 ) ;
#455 = ORIENTED_EDGE ( 'NONE', *, *, #2069, .F. ) ;
#456 = ORIENTED_EDGE ( 'NONE', *, *, #353, .F. ) ;
#457 = FACE_OUTER_BOUND ( 'NONE', #269, .T. ) ;
#458 = ORIENTED_EDGE ( 'NONE', *, *, #1438, .T. ) ;
#459 = LINE ( 'NONE', #5, #73 ) ;
#460 = CARTESIAN_POINT ( 'NONE',  ( 9.500000000000007105, 9.499999999999994671, -6.500000000000000000 ) ) ;
#461 = DIRECTION ( 'NONE',  ( -6.424901762877067440E-16, -1.000000000000000000, 0.000000000000000000 ) ) ;
#462 = AXIS2_PLACEMENT_3D ( 'NONE', #235, #678, #1156 ) ;
#463 = CARTESIAN_POINT ( 'NONE',  ( -9.000000000000012434, 8.999999999999982236, -8.500000000000000000 ) ) ;
#464 = FACE_OUTER_BOUND ( 'NONE', #2023, .T. ) ;
#465 = EDGE_CURVE ( 'NONE', #1390, #512, #257, .T. ) ;
#466 = ORIENTED_EDGE ( 'NONE', *, *, #194, .T. ) ;
#467 = DIRECTION ( 'NONE',  ( 2.891205793294678326E-16, 1.000000000000000000, 0.000000000000000000 ) ) ;
#468 = DIRECTION ( 'NONE',  ( -1.000000000000000000, 0.000000000000000000, -0.000000000000000000 ) ) ;
#469 = ORIENTED_EDGE ( 'NONE', *, *, #1685, .F. ) ;
#470 = VERTEX_POINT ( 'NONE', #1539 ) ;
#471 = VECTOR ( 'NONE', #942, 1000.000000000000000 ) ;
#472 = CARTESIAN_POINT ( 'NONE',  ( -7.500000000000000000, 8.000000000000000000, -6.500000000000000000 ) ) ;
#473 = ADVANCED_FACE ( 'NONE', ( #418 ), #1048, .F. ) ;
#474 = VECTOR ( 'NONE', #489, 1000.000000000000114 ) ;
#475 = EDGE_CURVE ( 'NONE', #2062, #2013, #904, .T. ) ;
#476 = CARTESIAN_POINT ( 'NONE',  ( 5.600000000000001421, 9.499999999999994671, -2.660826939130015223 ) ) ;
#477 =( NAMED_UNIT ( * ) SI_UNIT ( $, .STERADIAN. ) SOLID_ANGLE_UNIT ( ) );
#478 = CARTESIAN_POINT ( 'NONE',  ( 4.999999999999997335, -2.168404344971007290E-15, -6.500000000000000000 ) ) ;
#479 = VECTOR ( 'NONE', #695, 1000.000000000000000 ) ;
#480 = ORIENTED_EDGE ( 'NONE', *, *, #804, .F. ) ;
#481 = LINE ( 'NONE', #1117, #1623 ) ;
#482 = ORIENTED_EDGE ( 'NONE', *, *, #956, .T. ) ;
#483 = CARTESIAN_POINT ( 'NONE',  ( 0.000000000000000000, 0.000000000000000000, 0.000000000000000000 ) ) ;
#484 = ORIENTED_EDGE ( 'NONE', *, *, #108, .F. ) ;
#485 = LINE ( 'NONE', #1926, #1920 ) ;
#486 = VECTOR ( 'NONE', #301, 1000.000000000000000 ) ;
#487 = LINE ( 'NONE', #1093, #516 ) ;
#488 = CARTESIAN_POINT ( 'NONE',  ( 7.500000000000000888, 5.500000000000000000, -4.000000000000000000 ) ) ;
#489 = DIRECTION ( 'NONE',  ( 0.5773502691896253980, -0.5773502691896235106, -0.5773502691896283956 ) ) ;
#490 = VERTEX_POINT ( 'NONE', #1349 ) ;
#491 = LINE ( 'NONE', #617, #1034 ) ;
#492 = AXIS2_PLACEMENT_3D ( 'NONE', #1402, #1054, #447 ) ;
#493 = ORIENTED_EDGE ( 'NONE', *, *, #1971, .F. ) ;
#494 = EDGE_CURVE ( 'NONE', #1255, #789, #585, .T. ) ;
#495 = DIRECTION ( 'NONE',  ( 1.284980352575413192E-16, -1.000000000000000000, 0.000000000000000000 ) ) ;
#496 = APPLICATION_CONTEXT ( 'automotive_design' ) ;
#497 = CARTESIAN_POINT ( 'NONE',  ( 7.500000000000001776, -3.558768217243352750E-15, 6.000000000000000000 ) ) ;
#498 = VECTOR ( 'NONE', #1908, 1000.000000000000000 ) ;
#499 = ORIENTED_EDGE ( 'NONE', *, *, #1966, .F. ) ;
#500 = EDGE_CURVE ( 'NONE', #832, #361, #509, .T. ) ;
#501 = VECTOR ( 'NONE', #883, 1000.000000000000000 ) ;
#502 = ORIENTED_EDGE ( 'NONE', *, *, #1338, .T. ) ;
#503 = DIRECTION ( 'NONE',  ( 0.000000000000000000, -0.000000000000000000, -1.000000000000000000 ) ) ;
#504 = EDGE_CURVE ( 'NONE', #1000, #767, #1850, .T. ) ;
#505 = VECTOR ( 'NONE', #736, 1000.000000000000000 ) ;
#506 = DIRECTION ( 'NONE',  ( 0.000000000000000000, 0.000000000000000000, 1.000000000000000000 ) ) ;
#507 = DIRECTION ( 'NONE',  ( 1.224646799147353454E-16, -1.000000000000000000, 0.000000000000000000 ) ) ;
#508 = CARTESIAN_POINT ( 'NONE',  ( -8.499999999999994671, 9.499999999999998224, -6.500000000000000000 ) ) ;
#509 = CIRCLE ( 'NONE', #671, 6.000000000000000000 ) ;
#510 = DIRECTION ( 'NONE',  ( 0.000000000000000000, 0.000000000000000000, -1.000000000000000000 ) ) ;
#511 = ORIENTED_EDGE ( 'NONE', *, *, #1019, .T. ) ;
#512 = VERTEX_POINT ( 'NONE', #2008 ) ;
#513 = CARTESIAN_POINT ( 'NONE',  ( 0.000000000000000000, 0.000000000000000000, -6.500000000000000000 ) ) ;
#514 = DIRECTION ( 'NONE',  ( 0.000000000000000000, 0.000000000000000000, -1.000000000000000000 ) ) ;
#515 = ADVANCED_FACE ( 'NONE', ( #1874 ), #1865, .F. ) ;
#516 = VECTOR ( 'NONE', #2102, 1000.000000000000000 ) ;
#517 = ORIENTED_EDGE ( 'NONE', *, *, #811, .T. ) ;
#518 = EDGE_LOOP ( 'NONE', ( #1668, #243, #352, #94 ) ) ;
#519 = CARTESIAN_POINT ( 'NONE',  ( 1.734723475976806306E-15, 9.499999999999996447, 0.000000000000000000 ) ) ;
#520 = DIRECTION ( 'NONE',  ( 0.9284766908852593037, -0.3713906763541037215, 0.000000000000000000 ) ) ;
#521 = LINE ( 'NONE', #21, #1158 ) ;
#522 = CARTESIAN_POINT ( 'NONE',  ( 8.349999999999999645, -2.000000000000000000, -6.500000000000000000 ) ) ;
#523 = EDGE_LOOP ( 'NONE', ( #1900, #1095, #581, #347, #246, #394, #655, #1947 ) ) ;
#524 = DIRECTION ( 'NONE',  ( -0.000000000000000000, -0.000000000000000000, 1.000000000000000000 ) ) ;
#525 = EDGE_CURVE ( 'NONE', #890, #709, #1714, .T. ) ;
#526 = VERTEX_POINT ( 'NONE', #53 ) ;
#527 = VECTOR ( 'NONE', #1291, 1000.000000000000000 ) ;
#528 = LINE ( 'NONE', #2002, #999 ) ;
#529 = FACE_OUTER_BOUND ( 'NONE', #722, .T. ) ;
#530 = DIRECTION ( 'NONE',  ( -0.000000000000000000, -0.000000000000000000, 1.000000000000000000 ) ) ;
#531 = EDGE_CURVE ( 'NONE', #157, #98, #233, .T. ) ;
#532 = DIRECTION ( 'NONE',  ( -0.000000000000000000, -0.000000000000000000, 1.000000000000000000 ) ) ;
#533 = EDGE_CURVE ( 'NONE', #15, #1891, #1361, .T. ) ;
#534 = ORIENTED_EDGE ( 'NONE', *, *, #907, .T. ) ;
#535 = VECTOR ( 'NONE', #1435, 1000.000000000000000 ) ;
#536 = FACE_OUTER_BOUND ( 'NONE', #592, .T. ) ;
#537 = EDGE_CURVE ( 'NONE', #574, #667, #748, .T. ) ;
#538 = VECTOR ( 'NONE', #817, 1000.000000000000000 ) ;
#539 = ORIENTED_EDGE ( 'NONE', *, *, #375, .F. ) ;
#540 = CIRCLE ( 'NONE', #675, 1.100000000000000311 ) ;
#541 = CARTESIAN_POINT ( 'NONE',  ( 6.150000000000000355, -2.000000000000000000, -6.500000000000000000 ) ) ;
#542 = CARTESIAN_POINT ( 'NONE',  ( 8.750000000000000000, -2.000000000000000000, -8.500000000000000000 ) ) ;
#543 = DIRECTION ( 'NONE',  ( -6.424901762877067440E-16, -1.000000000000000000, 0.000000000000000000 ) ) ;
#544 = VECTOR ( 'NONE', #1296, 1000.000000000000000 ) ;
#545 = CARTESIAN_POINT ( 'NONE',  ( 1.500000000000000000, -4.000000000000003553, -8.500000000000000000 ) ) ;
#546 = DIRECTION ( 'NONE',  ( -0.000000000000000000, 0.000000000000000000, 1.000000000000000000 ) ) ;
#547 = VERTEX_POINT ( 'NONE', #1172 ) ;
#548 = FACE_OUTER_BOUND ( 'NONE', #1870, .T. ) ;
#549 = ORIENTED_EDGE ( 'NONE', *, *, #1105, .T. ) ;
#550 = DIRECTION ( 'NONE',  ( -0.000000000000000000, -0.000000000000000000, 1.000000000000000000 ) ) ;
#551 = DIRECTION ( 'NONE',  ( 0.7071067811865463515, 0.7071067811865487940, 0.000000000000000000 ) ) ;
#552 = FACE_OUTER_BOUND ( 'NONE', #169, .T. ) ;
#553 = EDGE_CURVE ( 'NONE', #659, #667, #1830, .T. ) ;
#554 = VERTEX_POINT ( 'NONE', #1015 ) ;
#555 = FACE_OUTER_BOUND ( 'NONE', #1811, .T. ) ;
#556 = DIRECTION ( 'NONE',  ( 2.891205793294678326E-16, 1.000000000000000000, 0.000000000000000000 ) ) ;
#557 = DIRECTION ( 'NONE',  ( 0.000000000000000000, -1.000000000000000000, 0.000000000000000000 ) ) ;
#558 = VERTEX_POINT ( 'NONE', #209 ) ;
#559 = EDGE_CURVE ( 'NONE', #1363, #1128, #573, .T. ) ;
#560 = DIRECTION ( 'NONE',  ( 0.7071067811865463515, 0.7071067811865487940, -0.000000000000000000 ) ) ;
#561 = CARTESIAN_POINT ( 'NONE',  ( 7.250000000000000000, -2.000000000000000000, -6.500000000000000000 ) ) ;
#562 = ADVANCED_FACE ( 'NONE', ( #548 ), #1179, .F. ) ;
#563 = ORIENTED_EDGE ( 'NONE', *, *, #321, .F. ) ;
#564 = CARTESIAN_POINT ( 'NONE',  ( -5.599999999999996980, 7.999999999999998224, -2.660826939130012114 ) ) ;
#565 = AXIS2_PLACEMENT_3D ( 'NONE', #781, #793, #495 ) ;
#566 = LINE ( 'NONE', #1166, #1929 ) ;
#567 = VECTOR ( 'NONE', #226, 1000.000000000000000 ) ;
#568 = ORIENTED_EDGE ( 'NONE', *, *, #758, .T. ) ;
#569 = LINE ( 'NONE', #1996, #505 ) ;
#570 = VERTEX_POINT ( 'NONE', #713 ) ;
#571 = DIRECTION ( 'NONE',  ( 0.000000000000000000, 0.000000000000000000, -1.000000000000000000 ) ) ;
#572 = CARTESIAN_POINT ( 'NONE',  ( 2.312964634635741478E-15, 7.999999999999996447, 0.000000000000000000 ) ) ;
#573 = CIRCLE ( 'NONE', #1037, 1.099999999999999423 ) ;
#574 = VERTEX_POINT ( 'NONE', #2094 ) ;
#575 = DIRECTION ( 'NONE',  ( 0.000000000000000000, 0.000000000000000000, 1.000000000000000000 ) ) ;
#576 = VECTOR ( 'NONE', #1726, 1000.000000000000000 ) ;
#577 = FACE_OUTER_BOUND ( 'NONE', #107, .T. ) ;
#578 = ORIENTED_EDGE ( 'NONE', *, *, #928, .F. ) ;
#579 = LINE ( 'NONE', #1210, #826 ) ;
#580 = VECTOR ( 'NONE', #1904, 1000.000000000000000 ) ;
#581 = ORIENTED_EDGE ( 'NONE', *, *, #402, .F. ) ;
#582 = CARTESIAN_POINT ( 'NONE',  ( -5.750000000000000888, -2.000000000000000000, -8.500000000000000000 ) ) ;
#583 = CARTESIAN_POINT ( 'NONE',  ( -4.999999999999995559, -2.000000000000000000, -6.500000000000000000 ) ) ;
#584 = EDGE_CURVE ( 'NONE', #1571, #470, #43, .T. ) ;
#585 = LINE ( 'NONE', #1529, #1140 ) ;
#586 = ORIENTED_EDGE ( 'NONE', *, *, #1799, .T. ) ;
#587 = CARTESIAN_POINT ( 'NONE',  ( 1.500000000000000000, -4.000000000000003553, -6.500000000000000888 ) ) ;
#588 = VERTEX_POINT ( 'NONE', #2068 ) ;
#589 = FACE_OUTER_BOUND ( 'NONE', #409, .T. ) ;
#590 = ORIENTED_EDGE ( 'NONE', *, *, #1547, .F. ) ;
#591 = DIRECTION ( 'NONE',  ( -0.000000000000000000, -0.000000000000000000, 1.000000000000000000 ) ) ;
#592 = EDGE_LOOP ( 'NONE', ( #944, #92, #598, #1936 ) ) ;
#593 = CARTESIAN_POINT ( 'NONE',  ( -9.499999999999998224, -4.000000000000000000, 6.999999999999994671 ) ) ;
#594 = ORIENTED_EDGE ( 'NONE', *, *, #1819, .T. ) ;
#595 = CARTESIAN_POINT ( 'NONE',  ( -5.599999999999996980, 7.999999999999998224, -2.660826939130012114 ) ) ;
#596 = EDGE_LOOP ( 'NONE', ( #605, #586, #1230, #144 ) ) ;
#597 = DIRECTION ( 'NONE',  ( -1.000000000000000000, 2.891205793294678326E-16, 0.000000000000000000 ) ) ;
#598 = ORIENTED_EDGE ( 'NONE', *, *, #1810, .F. ) ;
#599 = CARTESIAN_POINT ( 'NONE',  ( 5.600000000000001421, 7.999999999999994671, -2.660826939130015223 ) ) ;
#600 = VECTOR ( 'NONE', #30, 1000.000000000000000 ) ;
#601 = CARTESIAN_POINT ( 'NONE',  ( 9.499999999999998224, -2.999999999999995559, 5.999999999999990230 ) ) ;
#602 = DIRECTION ( 'NONE',  ( -1.000000000000000000, -1.369518533665900558E-16, 0.000000000000000000 ) ) ;
#603 = DIRECTION ( 'NONE',  ( 1.826024711554533667E-16, 1.000000000000000000, -0.000000000000000000 ) ) ;
#604 = ADVANCED_FACE ( 'NONE', ( #1115 ), #1884, .F. ) ;
#605 = ORIENTED_EDGE ( 'NONE', *, *, #12, .T. ) ;
#606 = EDGE_CURVE ( 'NONE', #1822, #15, #797, .T. ) ;
#607 = DIRECTION ( 'NONE',  ( 1.000000000000000000, 0.000000000000000000, 0.000000000000000000 ) ) ;
#608 = DIRECTION ( 'NONE',  ( 1.284980352575412946E-16, -1.000000000000000000, 0.000000000000000000 ) ) ;
#609 = EDGE_CURVE ( 'NONE', #98, #901, #614, .T. ) ;
#610 = VECTOR ( 'NONE', #196, 1000.000000000000000 ) ;
#611 = ORIENTED_EDGE ( 'NONE', *, *, #2091, .F. ) ;
#612 = CARTESIAN_POINT ( 'NONE',  ( 7.250000000000000000, -2.000000000000000000, 1.500000000000000444 ) ) ;
#613 = DIRECTION ( 'NONE',  ( -1.000000000000000000, 0.000000000000000000, 0.000000000000000000 ) ) ;
#614 = LINE ( 'NONE', #774, #300 ) ;
#615 = VERTEX_POINT ( 'NONE', #478 ) ;
#616 = CARTESIAN_POINT ( 'NONE',  ( -10.99999999999999467, 6.999999999999993783, 4.499999999999992006 ) ) ;
#617 = CARTESIAN_POINT ( 'NONE',  ( -8.499999999999998224, 9.499999999999998224, -6.500000000000000000 ) ) ;
#618 = ORIENTED_EDGE ( 'NONE', *, *, #178, .F. ) ;
#619 = CARTESIAN_POINT ( 'NONE',  ( -9.499999999999998224, -2.999999999999995559, -6.500000000000000000 ) ) ;
#620 = ORIENTED_EDGE ( 'NONE', *, *, #1784, .F. ) ;
#621 = FACE_OUTER_BOUND ( 'NONE', #1344, .T. ) ;
#622 = EDGE_CURVE ( 'NONE', #1067, #1330, #1598, .T. ) ;
#623 = DIRECTION ( 'NONE',  ( 1.826024711554533667E-16, 1.000000000000000000, -0.000000000000000000 ) ) ;
#624 = CARTESIAN_POINT ( 'NONE',  ( -4.999999999999995559, 0.000000000000000000, -6.500000000000000000 ) ) ;
#625 = DIRECTION ( 'NONE',  ( 0.000000000000000000, 0.000000000000000000, 1.000000000000000000 ) ) ;
#626 = ORIENTED_EDGE ( 'NONE', *, *, #1910, .F. ) ;
#627 = CARTESIAN_POINT ( 'NONE',  ( 5.800000000000002487, 9.499999999999994671, -6.500000000000000000 ) ) ;
#628 = CARTESIAN_POINT ( 'NONE',  ( -5.799999999999998046, 9.499999999999998224, -2.660826939130012114 ) ) ;
#629 = EDGE_CURVE ( 'NONE', #1218, #368, #1251, .T. ) ;
#630 = ORIENTED_EDGE ( 'NONE', *, *, #1932, .F. ) ;
#631 = EDGE_CURVE ( 'NONE', #283, #1637, #940, .T. ) ;
#632 = ORIENTED_EDGE ( 'NONE', *, *, #825, .F. ) ;
#633 = DIRECTION ( 'NONE',  ( 0.000000000000000000, -1.000000000000000000, 0.000000000000000000 ) ) ;
#634 = CARTESIAN_POINT ( 'NONE',  ( -8.499999999999992895, -3.999999999999999112, -6.500000000000000000 ) ) ;
#635 = VECTOR ( 'NONE', #983, 1000.000000000000000 ) ;
#636 = PRESENTATION_STYLE_ASSIGNMENT (( #1584 ) ) ;
#637 = DIRECTION ( 'NONE',  ( 1.826024711554533667E-16, 1.000000000000000000, -0.000000000000000000 ) ) ;
#638 = VECTOR ( 'NONE', #741, 1000.000000000000114 ) ;
#639 = ORIENTED_EDGE ( 'NONE', *, *, #822, .F. ) ;
#640 = DIRECTION ( 'NONE',  ( 1.000000000000000000, -1.826024711554533667E-16, 0.000000000000000000 ) ) ;
#641 = ORIENTED_EDGE ( 'NONE', *, *, #836, .F. ) ;
#642 = ORIENTED_EDGE ( 'NONE', *, *, #36, .T. ) ;
#643 = AXIS2_PLACEMENT_3D ( 'NONE', #1020, #1670, #1663 ) ;
#644 = DIRECTION ( 'NONE',  ( -1.826024711554533913E-16, -1.000000000000000000, 0.000000000000000000 ) ) ;
#645 = AXIS2_PLACEMENT_3D ( 'NONE', #1586, #128, #1226 ) ;
#646 = DIRECTION ( 'NONE',  ( 2.312964634635742464E-16, 1.000000000000000000, -0.000000000000000000 ) ) ;
#647 = DIRECTION ( 'NONE',  ( 4.336808689942017736E-16, 1.000000000000000000, 0.000000000000000000 ) ) ;
#648 = EDGE_LOOP ( 'NONE', ( #1961, #1737, #963, #1294 ) ) ;
#649 = DIRECTION ( 'NONE',  ( -1.000000000000000000, 0.000000000000000000, 0.000000000000000000 ) ) ;
#650 = EDGE_LOOP ( 'NONE', ( #1701, #1710, #344, #877 ) ) ;
#651 = CARTESIAN_POINT ( 'NONE',  ( 4.999999999999997335, -2.168404344971007290E-15, -6.500000000000000000 ) ) ;
#652 = ORIENTED_EDGE ( 'NONE', *, *, #1685, .T. ) ;
#653 = CARTESIAN_POINT ( 'NONE',  ( -1.500000000000000000, -1.000000000000001776, -8.500000000000000000 ) ) ;
#654 = EDGE_CURVE ( 'NONE', #280, #739, #1445, .T. ) ;
#655 = ORIENTED_EDGE ( 'NONE', *, *, #1956, .F. ) ;
#656 = PLANE ( 'NONE',  #1028 ) ;
#657 = CARTESIAN_POINT ( 'NONE',  ( -9.499999999999998224, -2.999999999999998668, -6.500000000000000000 ) ) ;
#658 = ADVANCED_FACE ( 'NONE', ( #1745 ), #289, .F. ) ;
#659 = VERTEX_POINT ( 'NONE', #784 ) ;
#660 = EDGE_LOOP ( 'NONE', ( #1987, #403, #1558, #1767 ) ) ;
#661 = DIRECTION ( 'NONE',  ( -5.561455489089372176E-16, -1.000000000000000000, 0.000000000000000000 ) ) ;
#662 = LINE ( 'NONE', #1068, #544 ) ;
#663 = FACE_OUTER_BOUND ( 'NONE', #320, .T. ) ;
#664 = FACE_OUTER_BOUND ( 'NONE', #726, .T. ) ;
#665 = VERTEX_POINT ( 'NONE', #1422 ) ;
#666 = AXIS2_PLACEMENT_3D ( 'NONE', #2022, #1519, #411 ) ;
#667 = VERTEX_POINT ( 'NONE', #443 ) ;
#668 = DIRECTION ( 'NONE',  ( -1.826024711554533913E-16, -1.000000000000000000, 0.000000000000000000 ) ) ;
#669 = EDGE_CURVE ( 'NONE', #906, #1482, #1770, .T. ) ;
#670 = CARTESIAN_POINT ( 'NONE',  ( -5.799999999999998046, 9.499999999999998224, -1.536229149573720365 ) ) ;
#671 = AXIS2_PLACEMENT_3D ( 'NONE', #572, #1060, #1025 ) ;
#672 = VECTOR ( 'NONE', #962, 1000.000000000000000 ) ;
#673 = DIRECTION ( 'NONE',  ( -1.000000000000000000, 2.891205793294678326E-16, 0.000000000000000000 ) ) ;
#674 = ORIENTED_EDGE ( 'NONE', *, *, #1282, .F. ) ;
#675 = AXIS2_PLACEMENT_3D ( 'NONE', #612, #2049, #2078 ) ;
#676 = ORIENTED_EDGE ( 'NONE', *, *, #317, .T. ) ;
#677 = FACE_OUTER_BOUND ( 'NONE', #660, .T. ) ;
#678 = DIRECTION ( 'NONE',  ( -9.683958421158194165E-17, 0.7071067811865504593, -0.7071067811865445751 ) ) ;
#679 = ADVANCED_FACE ( 'NONE', ( #1070 ), #951, .F. ) ;
#680 = LINE ( 'NONE', #6, #1005 ) ;
#681 = CIRCLE ( 'NONE', #1488, 1.500000000000000444 ) ;
#682 = ORIENTED_EDGE ( 'NONE', *, *, #825, .T. ) ;
#683 = CARTESIAN_POINT ( 'NONE',  ( -9.499999999999998224, -2.999999999999995559, -6.500000000000000000 ) ) ;
#684 = ORIENTED_EDGE ( 'NONE', *, *, #220, .T. ) ;
#685 = DIRECTION ( 'NONE',  ( 0.000000000000000000, 0.000000000000000000, -1.000000000000000000 ) ) ;
#686 = VECTOR ( 'NONE', #1869, 1000.000000000000000 ) ;
#687 = ADVANCED_FACE ( 'NONE', ( #464 ), #917, .F. ) ;
#688 = CARTESIAN_POINT ( 'NONE',  ( 9.500000000000000000, -6.103656674733214413E-15, -8.500000000000000000 ) ) ;
#689 = EDGE_CURVE ( 'NONE', #1660, #665, #1611, .T. ) ;
#690 = EDGE_CURVE ( 'NONE', #1257, #202, #302, .T. ) ;
#691 = PLANE ( 'NONE',  #1888 ) ;
#692 = ORIENTED_EDGE ( 'NONE', *, *, #669, .F. ) ;
#693 = EDGE_LOOP ( 'NONE', ( #2033, #1075, #2109, #958 ) ) ;
#694 = COLOUR_RGB ( '',0.7921568627450980005, 0.8196078431372548767, 0.9333333333333333481 ) ;
#695 = DIRECTION ( 'NONE',  ( -1.000000000000000000, -1.369518533665900558E-16, 0.000000000000000000 ) ) ;
#696 = CIRCLE ( 'NONE', #216, 6.000000000000000000 ) ;
#697 = CARTESIAN_POINT ( 'NONE',  ( 7.500000000000001776, -3.558768217243352750E-15, 5.999999999999997335 ) ) ;
#698 = DIRECTION ( 'NONE',  ( 4.336808689942018722E-16, 1.000000000000000000, 0.000000000000000000 ) ) ;
#699 = ORIENTED_EDGE ( 'NONE', *, *, #236, .T. ) ;
#700 = VECTOR ( 'NONE', #2043, 1000.000000000000000 ) ;
#701 = DIRECTION ( 'NONE',  ( -0.000000000000000000, 0.000000000000000000, -1.000000000000000000 ) ) ;
#702 = ORIENTED_EDGE ( 'NONE', *, *, #213, .F. ) ;
#703 = ADVANCED_FACE ( 'NONE', ( #760 ), #150, .F. ) ;
#704 = VECTOR ( 'NONE', #506, 1000.000000000000000 ) ;
#705 = PLANE ( 'NONE',  #1258 ) ;
#706 = LINE ( 'NONE', #227, #1309 ) ;
#707 = CARTESIAN_POINT ( 'NONE',  ( -7.500000000000000000, -3.061616997868387579E-16, -6.500000000000000000 ) ) ;
#708 = LINE ( 'NONE', #1843, #1791 ) ;
#709 = VERTEX_POINT ( 'NONE', #1898 ) ;
#710 = DIRECTION ( 'NONE',  ( 6.424901762877067440E-16, 1.000000000000000000, 0.000000000000000000 ) ) ;
#711 = EDGE_CURVE ( 'NONE', #1275, #280, #279, .T. ) ;
#712 = DIRECTION ( 'NONE',  ( 0.000000000000000000, 0.000000000000000000, -1.000000000000000000 ) ) ;
#713 = CARTESIAN_POINT ( 'NONE',  ( -8.750000000000000000, -2.000000000000000000, -6.500000000000000000 ) ) ;
#714 = EDGE_CURVE ( 'NONE', #789, #234, #360, .T. ) ;
#715 = EDGE_LOOP ( 'NONE', ( #1393, #1693, #744, #399 ) ) ;
#716 = DIRECTION ( 'NONE',  ( 0.000000000000000000, 0.000000000000000000, -1.000000000000000000 ) ) ;
#717 = CARTESIAN_POINT ( 'NONE',  ( 7.499999999999998224, -3.000000000000000888, 8.000000000000000000 ) ) ;
#718 = CARTESIAN_POINT ( 'NONE',  ( 9.500000000000005329, 8.499999999999992895, -6.500000000000000000 ) ) ;
#719 = AXIS2_PLACEMENT_3D ( 'NONE', #688, #1842, #543 ) ;
#720 = VERTEX_POINT ( 'NONE', #979 ) ;
#721 = DIRECTION ( 'NONE',  ( 1.000000000000000000, 0.000000000000000000, 0.000000000000000000 ) ) ;
#722 = EDGE_LOOP ( 'NONE', ( #1413, #742, #502, #1575, #1199, #480, #1329, #810 ) ) ;
#723 = CARTESIAN_POINT ( 'NONE',  ( 8.500000000000000000, 9.499999999999994671, -6.500000000000000000 ) ) ;
#724 = DIRECTION ( 'NONE',  ( 0.7071067811865462405, 0.7071067811865487940, -0.000000000000000000 ) ) ;
#725 = DIRECTION ( 'NONE',  ( -0.7071067811865472397, -0.7071067811865479058, -0.000000000000000000 ) ) ;
#726 = EDGE_LOOP ( 'NONE', ( #1315, #96, #626, #338 ) ) ;
#727 = LINE ( 'NONE', #1634, #253 ) ;
#728 = DIRECTION ( 'NONE',  ( -1.000000000000000000, 0.000000000000000000, 0.000000000000000000 ) ) ;
#729 = ORIENTED_EDGE ( 'NONE', *, *, #845, .F. ) ;
#730 = DIRECTION ( 'NONE',  ( 0.9284766908852593037, 0.3713906763541037215, -0.000000000000000000 ) ) ;
#731 = STYLED_ITEM ( 'NONE', ( #1285 ), #1479 ) ;
#732 = AXIS2_PLACEMENT_3D ( 'NONE', #513, #1803, #990 ) ;
#733 = EDGE_CURVE ( 'NONE', #2076, #1067, #680, .T. ) ;
#734 = PRODUCT_RELATED_PRODUCT_CATEGORY ( 'part', '', ( #1227 ) ) ;
#735 = ORIENTED_EDGE ( 'NONE', *, *, #194, .F. ) ;
#736 = DIRECTION ( 'NONE',  ( 1.826024711554533913E-16, 1.000000000000000000, 0.000000000000000000 ) ) ;
#737 = DIRECTION ( 'NONE',  ( 1.284980352575413192E-16, -1.000000000000000000, 0.000000000000000000 ) ) ;
#738 = LINE ( 'NONE', #1527, #357 ) ;
#739 = VERTEX_POINT ( 'NONE', #1313 ) ;
#740 = VECTOR ( 'NONE', #1157, 1000.000000000000000 ) ;
#741 = DIRECTION ( 'NONE',  ( -0.5773502691896257311, -0.5773502691896235106, 0.5773502691896280625 ) ) ;
#742 = ORIENTED_EDGE ( 'NONE', *, *, #533, .F. ) ;
#743 = FACE_OUTER_BOUND ( 'NONE', #2095, .T. ) ;
#744 = ORIENTED_EDGE ( 'NONE', *, *, #785, .T. ) ;
#745 = CARTESIAN_POINT ( 'NONE',  ( 7.500000000000005329, 7.999999999999996447, 6.000000000000000000 ) ) ;
#746 = EDGE_CURVE ( 'NONE', #1639, #720, #1481, .T. ) ;
#747 = CARTESIAN_POINT ( 'NONE',  ( 8.499999999999996447, -3.999999999999997335, -6.500000000000000000 ) ) ;
#748 = LINE ( 'NONE', #1387, #700 ) ;
#749 = EDGE_LOOP ( 'NONE', ( #1370, #1193, #1517, #1112 ) ) ;
#750 = DIRECTION ( 'NONE',  ( 0.000000000000000000, -1.000000000000000000, 0.000000000000000000 ) ) ;
#751 = CARTESIAN_POINT ( 'NONE',  ( -5.000000000000000888, 4.500000000000000000, 6.000000000000000000 ) ) ;
#752 = LINE ( 'NONE', #2035, #1089 ) ;
#753 = ORIENTED_EDGE ( 'NONE', *, *, #1127, .T. ) ;
#754 = EDGE_CURVE ( 'NONE', #1040, #1639, #1320, .T. ) ;
#755 = DIRECTION ( 'NONE',  ( -1.000000000000000000, 0.000000000000000000, 0.000000000000000000 ) ) ;
#756 = AXIS2_PLACEMENT_3D ( 'NONE', #683, #724, #232 ) ;
#757 = ORIENTED_EDGE ( 'NONE', *, *, #291, .F. ) ;
#758 = EDGE_CURVE ( 'NONE', #1159, #971, #22, .T. ) ;
#759 = DIRECTION ( 'NONE',  ( -1.000000000000000000, 0.000000000000000000, -0.000000000000000000 ) ) ;
#760 = FACE_OUTER_BOUND ( 'NONE', #2106, .T. ) ;
#761 = ADVANCED_FACE ( 'NONE', ( #664 ), #1646, .F. ) ;
#762 = ORIENTED_EDGE ( 'NONE', *, *, #622, .F. ) ;
#763 = CARTESIAN_POINT ( 'NONE',  ( 0.000000000000000000, 0.000000000000000000, -4.000000000000000000 ) ) ;
#764 = ORIENTED_EDGE ( 'NONE', *, *, #475, .F. ) ;
#765 = LINE ( 'NONE', #282, #1183 ) ;
#766 = AXIS2_PLACEMENT_3D ( 'NONE', #1063, #467, #1589 ) ;
#767 = VERTEX_POINT ( 'NONE', #522 ) ;
#768 = ADVANCED_FACE ( 'NONE', ( #177 ), #1286, .F. ) ;
#769 = AXIS2_PLACEMENT_3D ( 'NONE', #1409, #2067, #891 ) ;
#770 = DIRECTION ( 'NONE',  ( 2.891205793294678326E-16, 1.000000000000000000, 0.000000000000000000 ) ) ;
#771 = VECTOR ( 'NONE', #1334, 1000.000000000000000 ) ;
#772 = DIRECTION ( 'NONE',  ( -1.747384728515250075E-16, -0.000000000000000000, 1.000000000000000000 ) ) ;
#773 = PLANE ( 'NONE',  #833 ) ;
#774 = CARTESIAN_POINT ( 'NONE',  ( 4.999999999999995559, -1.999999999999998668, 6.000000000000000000 ) ) ;
#775 = ORIENTED_EDGE ( 'NONE', *, *, #1746, .T. ) ;
#776 = DIRECTION ( 'NONE',  ( -0.7071067811865489050, 0.7071067811865462405, -0.000000000000000000 ) ) ;
#777 = CARTESIAN_POINT ( 'NONE',  ( -8.750000000000000000, -2.000000000000000000, -8.500000000000000000 ) ) ;
#778 = EDGE_CURVE ( 'NONE', #1894, #547, #1960, .T. ) ;
#779 = VECTOR ( 'NONE', #725, 1000.000000000000000 ) ;
#780 = ORIENTED_EDGE ( 'NONE', *, *, #366, .F. ) ;
#781 = CARTESIAN_POINT ( 'NONE',  ( -9.500000000000000000, 9.499999999999998224, -6.500000000000000000 ) ) ;
#782 = CARTESIAN_POINT ( 'NONE',  ( -7.250000000000000000, -2.000000000000000000, 1.500000000000000444 ) ) ;
#783 = CARTESIAN_POINT ( 'NONE',  ( 9.500000000000000000, -6.103656674733214413E-15, -8.500000000000000000 ) ) ;
#784 = CARTESIAN_POINT ( 'NONE',  ( 9.499999999999998224, -2.999999999999995559, -6.500000000000000000 ) ) ;
#785 = EDGE_CURVE ( 'NONE', #1887, #267, #1654, .T. ) ;
#786 = ORIENTED_EDGE ( 'NONE', *, *, #1346, .T. ) ;
#787 = EDGE_CURVE ( 'NONE', #76, #659, #345, .T. ) ;
#788 = CARTESIAN_POINT ( 'NONE',  ( 9.500000000000007105, 9.499999999999994671, 5.999999999999990230 ) ) ;
#789 = VERTEX_POINT ( 'NONE', #830 ) ;
#790 = DIRECTION ( 'NONE',  ( 0.000000000000000000, 0.000000000000000000, 1.000000000000000000 ) ) ;
#791 = AXIS2_PLACEMENT_3D ( 'NONE', #126, #646, #2092 ) ;
#792 = ORIENTED_EDGE ( 'NONE', *, *, #101, .F. ) ;
#793 = DIRECTION ( 'NONE',  ( -1.000000000000000000, -1.284980352575413192E-16, 0.000000000000000000 ) ) ;
#794 = DIRECTION ( 'NONE',  ( 1.826024711554533667E-16, 1.000000000000000000, -0.000000000000000000 ) ) ;
#795 = DIRECTION ( 'NONE',  ( -1.000000000000000000, 0.000000000000000000, 0.000000000000000000 ) ) ;
#796 = APPLICATION_CONTEXT ( 'automotive_design' ) ;
#797 = LINE ( 'NONE', #807, #1826 ) ;
#798 = VECTOR ( 'NONE', #503, 1000.000000000000000 ) ;
#799 = ORIENTED_EDGE ( 'NONE', *, *, #156, .F. ) ;
#800 = DIRECTION ( 'NONE',  ( 0.000000000000000000, -1.000000000000000000, 0.000000000000000000 ) ) ;
#801 = EDGE_LOOP ( 'NONE', ( #2074, #1776, #70, #1381, #757, #980, #278, #364, #1922, #1187, #1512, #2066, #762, #834, #1081, #2059, #1967 ) ) ;
#802 = ORIENTED_EDGE ( 'NONE', *, *, #1688, .T. ) ;
#803 = DIRECTION ( 'NONE',  ( 1.000000000000000000, -5.561455489089372176E-16, 0.000000000000000000 ) ) ;
#804 = EDGE_CURVE ( 'NONE', #1541, #827, #1144, .T. ) ;
#805 = CARTESIAN_POINT ( 'NONE',  ( 1.500000000000000000, -4.000000000000003553, -8.500000000000000000 ) ) ;
#806 = VECTOR ( 'NONE', #2110, 1000.000000000000000 ) ;
#807 = CARTESIAN_POINT ( 'NONE',  ( -5.000000000000000888, 3.499999999999999556, -4.000000000000000000 ) ) ;
#808 = ORIENTED_EDGE ( 'NONE', *, *, #36, .F. ) ;
#809 = ORIENTED_EDGE ( 'NONE', *, *, #758, .F. ) ;
#810 = ORIENTED_EDGE ( 'NONE', *, *, #733, .T. ) ;
#811 = EDGE_CURVE ( 'NONE', #2027, #1526, #850, .T. ) ;
#812 = AXIS2_PLACEMENT_3D ( 'NONE', #277, #1758, #795 ) ;
#813 = CARTESIAN_POINT ( 'NONE',  ( 9.500000000000005329, 8.499999999999992895, -6.500000000000000000 ) ) ;
#814 = EDGE_CURVE ( 'NONE', #490, #145, #323, .T. ) ;
#815 = AXIS2_PLACEMENT_3D ( 'NONE', #1949, #1818, #198 ) ;
#816 =( NAMED_UNIT ( * ) PLANE_ANGLE_UNIT ( ) SI_UNIT ( $, .RADIAN. ) );
#817 = DIRECTION ( 'NONE',  ( 0.000000000000000000, 0.000000000000000000, -1.000000000000000000 ) ) ;
#818 = ORIENTED_EDGE ( 'NONE', *, *, #465, .F. ) ;
#819 = CARTESIAN_POINT ( 'NONE',  ( -6.249999999999980460, -6.250000000000004441, -8.500000000000000000 ) ) ;
#820 = ORIENTED_EDGE ( 'NONE', *, *, #1417, .F. ) ;
#821 = CARTESIAN_POINT ( 'NONE',  ( 7.250000000000000000, -2.000000000000000000, -8.500000000000000000 ) ) ;
#822 = EDGE_CURVE ( 'NONE', #1437, #1159, #162, .T. ) ;
#823 = DIRECTION ( 'NONE',  ( 0.000000000000000000, 0.000000000000000000, 1.000000000000000000 ) ) ;
#824 = ORIENTED_EDGE ( 'NONE', *, *, #1974, .T. ) ;
#825 = EDGE_CURVE ( 'NONE', #267, #1887, #1724, .T. ) ;
#826 = VECTOR ( 'NONE', #1709, 1000.000000000000114 ) ;
#827 = VERTEX_POINT ( 'NONE', #335 ) ;
#828 = DIRECTION ( 'NONE',  ( 2.891205793294678326E-16, 1.000000000000000000, 0.000000000000000000 ) ) ;
#829 = FACE_OUTER_BOUND ( 'NONE', #693, .T. ) ;
#830 = CARTESIAN_POINT ( 'NONE',  ( 8.499999999999991118, -3.999999999999997335, -8.500000000000000000 ) ) ;
#831 = VECTOR ( 'NONE', #1050, 1000.000000000000000 ) ;
#832 = VERTEX_POINT ( 'NONE', #985 ) ;
#833 = AXIS2_PLACEMENT_3D ( 'NONE', #244, #571, #759 ) ;
#834 = ORIENTED_EDGE ( 'NONE', *, *, #733, .F. ) ;
#835 = CYLINDRICAL_SURFACE ( 'NONE', #1358, 1.499999999999999556 ) ;
#836 = EDGE_CURVE ( 'NONE', #1278, #1534, #1311, .T. ) ;
#837 = CARTESIAN_POINT ( 'NONE',  ( -4.666666666666678509, 5.666666666666690055, 10.83333333333333748 ) ) ;
#838 = CARTESIAN_POINT ( 'NONE',  ( 7.500000000000001776, 3.499999999999999112, -4.000000000000000000 ) ) ;
#839 = VECTOR ( 'NONE', #625, 1000.000000000000000 ) ;
#840 = DIRECTION ( 'NONE',  ( -1.000000000000000000, -1.369518533665900558E-16, 0.000000000000000000 ) ) ;
#841 = ORIENTED_EDGE ( 'NONE', *, *, #995, .T. ) ;
#842 = CARTESIAN_POINT ( 'NONE',  ( 5.000000000000000888, 4.500000000000000000, 6.000000000000000000 ) ) ;
#843 = ADVANCED_FACE ( 'NONE', ( #994 ), #391, .F. ) ;
#844 = ORIENTED_EDGE ( 'NONE', *, *, #392, .F. ) ;
#845 = EDGE_CURVE ( 'NONE', #885, #2098, #1871, .T. ) ;
#846 = FACE_OUTER_BOUND ( 'NONE', #1577, .T. ) ;
#847 = DIRECTION ( 'NONE',  ( 1.000000000000000000, -0.000000000000000000, -0.000000000000000000 ) ) ;
#848 = CARTESIAN_POINT ( 'NONE',  ( 6.000000000000001776, 7.999999999999998224, -6.500000000000000000 ) ) ;
#849 = CARTESIAN_POINT ( 'NONE',  ( 2.746645503629943251E-15, 9.499999999999996447, -6.500000000000000000 ) ) ;
#850 = LINE ( 'NONE', #2105, #1279 ) ;
#851 = AXIS2_PLACEMENT_3D ( 'NONE', #1236, #1431, #1769 ) ;
#852 = ORIENTED_EDGE ( 'NONE', *, *, #308, .F. ) ;
#853 = ORIENTED_EDGE ( 'NONE', *, *, #531, .T. ) ;
#854 = LINE ( 'NONE', #1324, #249 ) ;
#855 = DIRECTION ( 'NONE',  ( -1.000000000000000000, 0.000000000000000000, 0.000000000000000000 ) ) ;
#856 = ORIENTED_EDGE ( 'NONE', *, *, #1497, .T. ) ;
#857 = LINE ( 'NONE', #1666, #428 ) ;
#858 = ORIENTED_EDGE ( 'NONE', *, *, #1129, .F. ) ;
#859 = FACE_OUTER_BOUND ( 'NONE', #1545, .T. ) ;
#860 = CARTESIAN_POINT ( 'NONE',  ( 8.349999999999999645, -2.000000000000000000, 1.500000000000000444 ) ) ;
#861 = EDGE_LOOP ( 'NONE', ( #1828, #1100 ) ) ;
#862 = AXIS2_PLACEMENT_3D ( 'NONE', #1973, #992, #1041 ) ;
#863 = FACE_OUTER_BOUND ( 'NONE', #866, .T. ) ;
#864 = CARTESIAN_POINT ( 'NONE',  ( 7.500000000000000888, 5.500000000000000000, 6.000000000000000000 ) ) ;
#865 = EDGE_CURVE ( 'NONE', #739, #64, #1689, .T. ) ;
#866 = EDGE_LOOP ( 'NONE', ( #455, #1535, #1207, #1809 ) ) ;
#867 = EDGE_CURVE ( 'NONE', #2100, #1482, #857, .T. ) ;
#868 = FACE_OUTER_BOUND ( 'NONE', #141, .T. ) ;
#869 = FACE_OUTER_BOUND ( 'NONE', #1564, .T. ) ;
#870 = CIRCLE ( 'NONE', #1585, 1.000000000000000000 ) ;
#871 = CARTESIAN_POINT ( 'NONE',  ( -7.500000000000002665, 8.500000000000003553, 8.000000000000000000 ) ) ;
#872 = DIRECTION ( 'NONE',  ( 1.000000000000000000, -1.826024711554533913E-16, 0.000000000000000000 ) ) ;
#873 = ORIENTED_EDGE ( 'NONE', *, *, #1212, .F. ) ;
#874 = CYLINDRICAL_SURFACE ( 'NONE', #666, 1.500000000000000444 ) ;
#875 = LINE ( 'NONE', #1993, #1277 ) ;
#876 = DIRECTION ( 'NONE',  ( -1.000000000000000000, 0.000000000000000000, 0.000000000000000000 ) ) ;
#877 = ORIENTED_EDGE ( 'NONE', *, *, #631, .T. ) ;
#878 = DIRECTION ( 'NONE',  ( 0.5773502691896255090, 0.5773502691896236216, 0.5773502691896282846 ) ) ;
#879 = ORIENTED_EDGE ( 'NONE', *, *, #584, .F. ) ;
#880 = DIRECTION ( 'NONE',  ( -1.000000000000000000, 0.000000000000000000, -0.000000000000000000 ) ) ;
#881 = CARTESIAN_POINT ( 'NONE',  ( 5.000000000000000888, 4.500000000000000000, -4.000000000000000000 ) ) ;
#882 = ORIENTED_EDGE ( 'NONE', *, *, #1602, .F. ) ;
#883 = DIRECTION ( 'NONE',  ( 2.891205793294678326E-16, 1.000000000000000000, 0.000000000000000000 ) ) ;
#884 = DIRECTION ( 'NONE',  ( 0.000000000000000000, 0.000000000000000000, 1.000000000000000000 ) ) ;
#885 = VERTEX_POINT ( 'NONE', #1675 ) ;
#886 = DIRECTION ( 'NONE',  ( -1.000000000000000000, 0.000000000000000000, 0.000000000000000000 ) ) ;
#887 =( GEOMETRIC_REPRESENTATION_CONTEXT ( 3 ) GLOBAL_UNCERTAINTY_ASSIGNED_CONTEXT ( ( #330 ) ) GLOBAL_UNIT_ASSIGNED_CONTEXT ( ( #1111, #307, #1290 ) ) REPRESENTATION_CONTEXT ( 'NONE', 'WORKASPACE' ) );
#888 = ORIENTED_EDGE ( 'NONE', *, *, #2061, .T. ) ;
#889 = LINE ( 'NONE', #1711, #600 ) ;
#890 = VERTEX_POINT ( 'NONE', #1524 ) ;
#891 = DIRECTION ( 'NONE',  ( -1.000000000000000000, 2.891205793294678326E-16, 0.000000000000000000 ) ) ;
#892 = DIRECTION ( 'NONE',  ( 0.000000000000000000, 0.000000000000000000, -1.000000000000000000 ) ) ;
#893 = VERTEX_POINT ( 'NONE', #1860 ) ;
#894 = DIRECTION ( 'NONE',  ( 0.000000000000000000, 0.000000000000000000, -1.000000000000000000 ) ) ;
#895 = DIRECTION ( 'NONE',  ( -0.000000000000000000, -0.000000000000000000, 1.000000000000000000 ) ) ;
#896 = ORIENTED_EDGE ( 'NONE', *, *, #29, .T. ) ;
#897 = DIRECTION ( 'NONE',  ( -1.000000000000000000, 0.000000000000000000, 0.000000000000000000 ) ) ;
#898 = VECTOR ( 'NONE', #803, 1000.000000000000000 ) ;
#899 = AXIS2_PLACEMENT_3D ( 'NONE', #1397, #2052, #1215 ) ;
#900 = EDGE_CURVE ( 'NONE', #558, #1696, #889, .T. ) ;
#901 = VERTEX_POINT ( 'NONE', #1327 ) ;
#902 = DIRECTION ( 'NONE',  ( -2.891205793294678326E-16, -1.000000000000000000, -0.000000000000000000 ) ) ;
#903 = LINE ( 'NONE', #1347, #1772 ) ;
#904 = LINE ( 'NONE', #1375, #905 ) ;
#905 = VECTOR ( 'NONE', #2032, 1000.000000000000000 ) ;
#906 = VERTEX_POINT ( 'NONE', #218 ) ;
#907 = EDGE_CURVE ( 'NONE', #2098, #615, #254, .T. ) ;
#908 = AXIS2_PLACEMENT_3D ( 'NONE', #1265, #1918, #1080 ) ;
#909 = LINE ( 'NONE', #1544, #185 ) ;
#910 = ADVANCED_FACE ( 'NONE', ( #1213 ), #1500, .T. ) ;
#911 = DIRECTION ( 'NONE',  ( 0.000000000000000000, 0.000000000000000000, -1.000000000000000000 ) ) ;
#912 = CIRCLE ( 'NONE', #2029, 1.099999999999999423 ) ;
#913 = EDGE_CURVE ( 'NONE', #1534, #1660, #696, .T. ) ;
#914 = ORIENTED_EDGE ( 'NONE', *, *, #1476, .T. ) ;
#915 = DIRECTION ( 'NONE',  ( 0.000000000000000000, 0.000000000000000000, -1.000000000000000000 ) ) ;
#916 = ORIENTED_EDGE ( 'NONE', *, *, #822, .T. ) ;
#917 = PLANE ( 'NONE',  #1553 ) ;
#918 = VERTEX_POINT ( 'NONE', #241 ) ;
#919 = CARTESIAN_POINT ( 'NONE',  ( -1.500000000000000000, -4.000000000000003553, -6.500000000000000888 ) ) ;
#920 = ORIENTED_EDGE ( 'NONE', *, *, #217, .T. ) ;
#921 = CARTESIAN_POINT ( 'NONE',  ( 5.800000000000001599, 7.999999999999994671, -6.500000000000000000 ) ) ;
#922 = EDGE_LOOP ( 'NONE', ( #809, #639, #316, #1418 ) ) ;
#923 = CYLINDRICAL_SURFACE ( 'NONE', #47, 1.499999999999999556 ) ;
#924 = UNCERTAINTY_MEASURE_WITH_UNIT (LENGTH_MEASURE( 1.000000000000000082E-05 ), #149, 'distance_accuracy_value', 'NONE');
#925 = LINE ( 'NONE', #1263, #437 ) ;
#926 = CARTESIAN_POINT ( 'NONE',  ( 7.500000000000005329, 8.500000000000000000, 8.000000000000000000 ) ) ;
#927 = DIRECTION ( 'NONE',  ( -1.000000000000000000, -1.734723475976806848E-16, 0.000000000000000000 ) ) ;
#928 = EDGE_CURVE ( 'NONE', #87, #1914, #1045, .T. ) ;
#929 = VERTEX_POINT ( 'NONE', #2028 ) ;
#930 = LINE ( 'NONE', #788, #535 ) ;
#931 = DIRECTION ( 'NONE',  ( 1.369518533665900558E-16, -1.000000000000000000, 0.000000000000000000 ) ) ;
#932 = VECTOR ( 'NONE', #1829, 1000.000000000000000 ) ;
#933 = ORIENTED_EDGE ( 'NONE', *, *, #19, .F. ) ;
#934 = FACE_OUTER_BOUND ( 'NONE', #1998, .T. ) ;
#935 = EDGE_CURVE ( 'NONE', #1434, #1649, #1357, .T. ) ;
#936 = FACE_OUTER_BOUND ( 'NONE', #134, .T. ) ;
#937 = ADVANCED_FACE ( 'NONE', ( #555 ), #691, .F. ) ;
#938 = DIRECTION ( 'NONE',  ( -0.5773502691896253980, 0.5773502691896236216, -0.5773502691896280625 ) ) ;
#939 = SURFACE_STYLE_FILL_AREA ( #139 ) ;
#940 = LINE ( 'NONE', #431, #672 ) ;
#941 = VERTEX_POINT ( 'NONE', #1700 ) ;
#942 = DIRECTION ( 'NONE',  ( 0.000000000000000000, 0.000000000000000000, 1.000000000000000000 ) ) ;
#943 = VECTOR ( 'NONE', #142, 1000.000000000000000 ) ;
#944 = ORIENTED_EDGE ( 'NONE', *, *, #1530, .T. ) ;
#945 = DIRECTION ( 'NONE',  ( 1.000000000000000000, 1.369518533665900558E-16, 0.000000000000000000 ) ) ;
#946 = VECTOR ( 'NONE', #1976, 1000.000000000000000 ) ;
#947 = ORIENTED_EDGE ( 'NONE', *, *, #525, .T. ) ;
#948 = DIRECTION ( 'NONE',  ( -0.000000000000000000, -0.000000000000000000, 1.000000000000000000 ) ) ;
#949 = DIRECTION ( 'NONE',  ( 0.000000000000000000, 0.000000000000000000, -1.000000000000000000 ) ) ;
#950 =( NAMED_UNIT ( * ) PLANE_ANGLE_UNIT ( ) SI_UNIT ( $, .RADIAN. ) );
#951 = CYLINDRICAL_SURFACE ( 'NONE', #908, 1.099999999999999423 ) ;
#952 = ORIENTED_EDGE ( 'NONE', *, *, #1731, .F. ) ;
#953 = CARTESIAN_POINT ( 'NONE',  ( 7.250000000000000000, -2.000000000000000000, 1.500000000000000444 ) ) ;
#954 = ORIENTED_EDGE ( 'NONE', *, *, #29, .F. ) ;
#955 = SHAPE_DEFINITION_REPRESENTATION ( #1378, #1352 ) ;
#956 = EDGE_CURVE ( 'NONE', #294, #929, #569, .T. ) ;
#957 = CLOSED_SHELL ( 'NONE', ( #974, #1061, #1340, #977, #1775, #1889, #1384, #1142, #562, #1319, #2000, #1436, #2042, #50, #1838, #988, #1274, #1283, #761, #274, #687, #421, #2020, #404, #1355, #604 ) ) ;
#958 = ORIENTED_EDGE ( 'NONE', *, *, #1804, .F. ) ;
#959 = CARTESIAN_POINT ( 'NONE',  ( 1.500000000000000000, -1.000000000000001776, -8.500000000000000000 ) ) ;
#960 = DIRECTION ( 'NONE',  ( 1.000000000000000000, 1.224646799147353207E-16, -0.000000000000000000 ) ) ;
#961 = SURFACE_STYLE_USAGE ( .BOTH. , #160 ) ;
#962 = DIRECTION ( 'NONE',  ( -1.000000000000000000, 1.734723475976806848E-16, -0.000000000000000000 ) ) ;
#963 = ORIENTED_EDGE ( 'NONE', *, *, #606, .T. ) ;
#964 = DIRECTION ( 'NONE',  ( -0.000000000000000000, -0.000000000000000000, 1.000000000000000000 ) ) ;
#965 = ORIENTED_EDGE ( 'NONE', *, *, #315, .T. ) ;
#966 = ORIENTED_EDGE ( 'NONE', *, *, #525, .F. ) ;
#967 = LINE ( 'NONE', #1595, #527 ) ;
#968 = EDGE_LOOP ( 'NONE', ( #390, #1369, #256, #652, #499, #39, #1531, #62, #275, #1146, #1698, #534, #1178, #517, #1771, #482, #1616, #802, #1848, #327 ) ) ;
#969 = CARTESIAN_POINT ( 'NONE',  ( 10.99999999999998757, 7.000000000000023093, 4.500000000000002665 ) ) ;
#970 = AXIS2_PLACEMENT_3D ( 'NONE', #1986, #532, #1169 ) ;
#971 = VERTEX_POINT ( 'NONE', #1057 ) ;
#972 = FACE_OUTER_BOUND ( 'NONE', #2044, .T. ) ;
#973 = ORIENTED_EDGE ( 'NONE', *, *, #2039, .F. ) ;
#974 = ADVANCED_FACE ( 'NONE', ( #868 ), #206, .F. ) ;
#975 = VECTOR ( 'NONE', #77, 1000.000000000000000 ) ;
#976 = DIRECTION ( 'NONE',  ( -1.284980352575412946E-16, 1.000000000000000000, 0.000000000000000000 ) ) ;
#977 = ADVANCED_FACE ( 'NONE', ( #367, #1345, #1012 ), #1033, .F. ) ;
#978 = EDGE_CURVE ( 'NONE', #739, #574, #1513, .T. ) ;
#979 = CARTESIAN_POINT ( 'NONE',  ( 8.500000000000005329, 9.499999999999994671, -6.500000000000000000 ) ) ;
#980 = ORIENTED_EDGE ( 'NONE', *, *, #609, .F. ) ;
#981 = EDGE_LOOP ( 'NONE', ( #674, #1450 ) ) ;
#982 = LINE ( 'NONE', #1174, #1893 ) ;
#983 = DIRECTION ( 'NONE',  ( 0.000000000000000000, -0.000000000000000000, 1.000000000000000000 ) ) ;
#984 = ORIENTED_EDGE ( 'NONE', *, *, #584, .T. ) ;
#985 = CARTESIAN_POINT ( 'NONE',  ( -5.419354838709676159, 7.999999999999998224, -2.574993812061302734 ) ) ;
#986 = ORIENTED_EDGE ( 'NONE', *, *, #375, .T. ) ;
#987 = AXIS2_PLACEMENT_3D ( 'NONE', #483, #4, #182 ) ;
#988 = ADVANCED_FACE ( 'NONE', ( #299 ), #1582, .T. ) ;
#989 = ORIENTED_EDGE ( 'NONE', *, *, #1127, .F. ) ;
#990 = DIRECTION ( 'NONE',  ( 1.000000000000000000, 0.000000000000000000, 0.000000000000000000 ) ) ;
#991 = PLANE ( 'NONE',  #791 ) ;
#992 = DIRECTION ( 'NONE',  ( -0.000000000000000000, -0.000000000000000000, -1.000000000000000000 ) ) ;
#993 = EDGE_CURVE ( 'NONE', #588, #1489, #1303, .T. ) ;
#994 = FACE_OUTER_BOUND ( 'NONE', #523, .T. ) ;
#995 = EDGE_CURVE ( 'NONE', #1534, #2076, #439, .T. ) ;
#996 = AXIS2_PLACEMENT_3D ( 'NONE', #1487, #716, #2010 ) ;
#997 = ORIENTED_EDGE ( 'NONE', *, *, #606, .F. ) ;
#998 = DIRECTION ( 'NONE',  ( -1.000000000000000000, 0.000000000000000000, 0.000000000000000000 ) ) ;
#999 = VECTOR ( 'NONE', #1182, 1000.000000000000000 ) ;
#1000 = VERTEX_POINT ( 'NONE', #1394 ) ;
#1001 = CARTESIAN_POINT ( 'NONE',  ( -7.250000000000000000, -2.000000000000000000, -8.500000000000000000 ) ) ;
#1002 = LINE ( 'NONE', #239, #610 ) ;
#1003 = PLANE ( 'NONE',  #325 ) ;
#1004 = AXIS2_PLACEMENT_3D ( 'NONE', #1414, #2097, #445 ) ;
#1005 = VECTOR ( 'NONE', #351, 1000.000000000000000 ) ;
#1006 = DIRECTION ( 'NONE',  ( 1.000000000000000000, 0.000000000000000000, 0.000000000000000000 ) ) ;
#1007 = EDGE_LOOP ( 'NONE', ( #888, #824, #265, #1681 ) ) ;
#1008 = ORIENTED_EDGE ( 'NONE', *, *, #1106, .T. ) ;
#1009 = DIRECTION ( 'NONE',  ( -1.000000000000000000, 2.891205793294678326E-16, 0.000000000000000000 ) ) ;
#1010 = DIRECTION ( 'NONE',  ( -1.284980352575413192E-16, 1.000000000000000000, -0.000000000000000000 ) ) ;
#1011 = CARTESIAN_POINT ( 'NONE',  ( -7.500000000000000888, 5.500000000000000000, -4.000000000000000000 ) ) ;
#1012 = FACE_OUTER_BOUND ( 'NONE', #371, .T. ) ;
#1013 = ORIENTED_EDGE ( 'NONE', *, *, #1627, .T. ) ;
#1014 = LINE ( 'NONE', #24, #1606 ) ;
#1015 = CARTESIAN_POINT ( 'NONE',  ( -5.000000000000000888, 4.500000000000000000, -4.000000000000000000 ) ) ;
#1016 = ORIENTED_EDGE ( 'NONE', *, *, #291, .T. ) ;
#1017 = DIRECTION ( 'NONE',  ( -1.734723475976806848E-16, 1.000000000000000000, 0.000000000000000000 ) ) ;
#1018 = CIRCLE ( 'NONE', #1704, 1.500000000000000444 ) ;
#1019 = EDGE_CURVE ( 'NONE', #1128, #1363, #912, .T. ) ;
#1020 = CARTESIAN_POINT ( 'NONE',  ( -7.500000000000000000, 8.000000000000000000, -6.500000000000000000 ) ) ;
#1021 = LINE ( 'NONE', #1155, #1392 ) ;
#1022 = ORIENTED_EDGE ( 'NONE', *, *, #1181, .F. ) ;
#1023 = DIRECTION ( 'NONE',  ( 2.312964634635742464E-16, 1.000000000000000000, -0.000000000000000000 ) ) ;
#1024 = PLANE ( 'NONE',  #1216 ) ;
#1025 = DIRECTION ( 'NONE',  ( -1.000000000000000000, 2.891205793294678326E-16, 0.000000000000000000 ) ) ;
#1026 = VECTOR ( 'NONE', #560, 1000.000000000000000 ) ;
#1027 = ORIENTED_EDGE ( 'NONE', *, *, #1064, .T. ) ;
#1028 = AXIS2_PLACEMENT_3D ( 'NONE', #508, #1959, #1629 ) ;
#1029 = FACE_OUTER_BOUND ( 'NONE', #1163, .T. ) ;
#1030 = DIRECTION ( 'NONE',  ( 0.000000000000000000, 0.000000000000000000, -1.000000000000000000 ) ) ;
#1031 = DIRECTION ( 'NONE',  ( -2.891205793294678326E-16, -1.000000000000000000, -0.000000000000000000 ) ) ;
#1032 = ORIENTED_EDGE ( 'NONE', *, *, #1840, .T. ) ;
#1033 = PLANE ( 'NONE',  #1233 ) ;
#1034 = VECTOR ( 'NONE', #1276, 1000.000000000000000 ) ;
#1035 = FACE_OUTER_BOUND ( 'NONE', #1280, .T. ) ;
#1036 = EDGE_CURVE ( 'NONE', #1278, #1295, #1420, .T. ) ;
#1037 = AXIS2_PLACEMENT_3D ( 'NONE', #1505, #701, #1999 ) ;
#1038 = DIRECTION ( 'NONE',  ( 2.891205793294678326E-16, 1.000000000000000000, 0.000000000000000000 ) ) ;
#1039 = DIRECTION ( 'NONE',  ( 1.826024711554533913E-16, 1.000000000000000000, 0.000000000000000000 ) ) ;
#1040 = VERTEX_POINT ( 'NONE', #1569 ) ;
#1041 = DIRECTION ( 'NONE',  ( -1.000000000000000000, 0.000000000000000000, 0.000000000000000000 ) ) ;
#1042 = CARTESIAN_POINT ( 'NONE',  ( 4.666666666666680285, 5.666666666666685614, 10.83333333333333748 ) ) ;
#1043 = CARTESIAN_POINT ( 'NONE',  ( 8.499999999999998224, -3.999999999999998224, 6.999999999999993783 ) ) ;
#1044 = EDGE_LOOP ( 'NONE', ( #1228, #1612, #1474, #1135 ) ) ;
#1045 = LINE ( 'NONE', #74, #118 ) ;
#1046 = DIRECTION ( 'NONE',  ( 6.424901762877067440E-16, 1.000000000000000000, 0.000000000000000000 ) ) ;
#1047 = AXIS2_PLACEMENT_3D ( 'NONE', #2079, #949, #1078 ) ;
#1048 = PLANE ( 'NONE',  #362 ) ;
#1049 = ORIENTED_EDGE ( 'NONE', *, *, #1568, .T. ) ;
#1050 = DIRECTION ( 'NONE',  ( -1.000000000000000000, 2.891205793294678326E-16, 0.000000000000000000 ) ) ;
#1051 = EDGE_CURVE ( 'NONE', #1000, #1197, #540, .T. ) ;
#1052 = DIRECTION ( 'NONE',  ( -1.369518533665900558E-16, 1.000000000000000000, 0.000000000000000000 ) ) ;
#1053 = ORIENTED_EDGE ( 'NONE', *, *, #377, .F. ) ;
#1054 = DIRECTION ( 'NONE',  ( -1.000000000000000000, 2.891205793294678326E-16, -1.747384728515249828E-16 ) ) ;
#1055 = VECTOR ( 'NONE', #790, 1000.000000000000000 ) ;
#1056 = ORIENTED_EDGE ( 'NONE', *, *, #12, .F. ) ;
#1057 = CARTESIAN_POINT ( 'NONE',  ( 9.500000000000005329, 8.499999999999992895, -8.500000000000000000 ) ) ;
#1058 = ADVANCED_FACE ( 'NONE', ( #1743 ), #285, .T. ) ;
#1059 = ORIENTED_EDGE ( 'NONE', *, *, #1971, .T. ) ;
#1060 = DIRECTION ( 'NONE',  ( -2.891205793294678326E-16, -1.000000000000000000, -0.000000000000000000 ) ) ;
#1061 = ADVANCED_FACE ( 'NONE', ( #109 ), #923, .F. ) ;
#1062 = ORIENTED_EDGE ( 'NONE', *, *, #913, .F. ) ;
#1063 = CARTESIAN_POINT ( 'NONE',  ( 2.746645503629943251E-15, 9.499999999999996447, -8.500000000000000000 ) ) ;
#1064 = EDGE_CURVE ( 'NONE', #1197, #1137, #1954, .T. ) ;
#1065 = CARTESIAN_POINT ( 'NONE',  ( 9.166666666666657193, -3.333333333333334814, 6.333333333333331261 ) ) ;
#1066 = PLANE ( 'NONE',  #1975 ) ;
#1067 = VERTEX_POINT ( 'NONE', #1794 ) ;
#1068 = CARTESIAN_POINT ( 'NONE',  ( 4.999999999999997335, -2.168404344971007290E-15, -6.500000000000000000 ) ) ;
#1069 = ORIENTED_EDGE ( 'NONE', *, *, #689, .T. ) ;
#1070 = FACE_OUTER_BOUND ( 'NONE', #258, .T. ) ;
#1071 = AXIS2_PLACEMENT_3D ( 'NONE', #337, #2018, #1191 ) ;
#1072 = EDGE_LOOP ( 'NONE', ( #632, #1502 ) ) ;
#1073 = DIRECTION ( 'NONE',  ( 0.000000000000000000, 0.000000000000000000, 1.000000000000000000 ) ) ;
#1074 = PLANE ( 'NONE',  #1092 ) ;
#1075 = ORIENTED_EDGE ( 'NONE', *, *, #654, .F. ) ;
#1076 = EDGE_CURVE ( 'NONE', #789, #1390, #450, .T. ) ;
#1077 = CARTESIAN_POINT ( 'NONE',  ( 8.499999999999991118, -3.999999999999997335, -8.500000000000000000 ) ) ;
#1078 = DIRECTION ( 'NONE',  ( -1.000000000000000000, 0.000000000000000000, 0.000000000000000000 ) ) ;
#1079 = PLANE ( 'NONE',  #899 ) ;
#1080 = DIRECTION ( 'NONE',  ( -1.000000000000000000, 0.000000000000000000, 0.000000000000000000 ) ) ;
#1081 = ORIENTED_EDGE ( 'NONE', *, *, #995, .F. ) ;
#1082 = LINE ( 'NONE', #304, #1299 ) ;
#1083 = DIRECTION ( 'NONE',  ( 0.000000000000000000, 0.000000000000000000, -1.000000000000000000 ) ) ;
#1084 = EDGE_CURVE ( 'NONE', #1363, #1887, #1261, .T. ) ;
#1085 = ORIENTED_EDGE ( 'NONE', *, *, #2071, .F. ) ;
#1086 = LINE ( 'NONE', #619, #319 ) ;
#1087 = ADVANCED_FACE ( 'NONE', ( #936 ), #136, .T. ) ;
#1088 = ORIENTED_EDGE ( 'NONE', *, *, #746, .F. ) ;
#1089 = VECTOR ( 'NONE', #597, 1000.000000000000000 ) ;
#1090 = LINE ( 'NONE', #1281, #1815 ) ;
#1091 = DIRECTION ( 'NONE',  ( -0.000000000000000000, -0.000000000000000000, -1.000000000000000000 ) ) ;
#1092 = AXIS2_PLACEMENT_3D ( 'NONE', #1912, #931, #945 ) ;
#1093 = CARTESIAN_POINT ( 'NONE',  ( -7.500000000000000000, 8.000000000000000000, -6.500000000000000000 ) ) ;
#1094 = DIRECTION ( 'NONE',  ( 0.9284766908852593037, -0.3713906763541037215, 0.000000000000000000 ) ) ;
#1095 = ORIENTED_EDGE ( 'NONE', *, *, #629, .T. ) ;
#1096 = DIRECTION ( 'NONE',  ( 0.000000000000000000, 0.000000000000000000, -1.000000000000000000 ) ) ;
#1097 = ORIENTED_EDGE ( 'NONE', *, *, #1755, .T. ) ;
#1098 = CARTESIAN_POINT ( 'NONE',  ( -8.499999999999992895, -3.999999999999999112, -8.500000000000000000 ) ) ;
#1099 = VECTOR ( 'NONE', #222, 1000.000000000000000 ) ;
#1100 = ORIENTED_EDGE ( 'NONE', *, *, #1051, .T. ) ;
#1101 = VECTOR ( 'NONE', #1389, 1000.000000000000000 ) ;
#1102 = DIRECTION ( 'NONE',  ( 2.891205793294678326E-16, 1.000000000000000000, 0.000000000000000000 ) ) ;
#1103 = CARTESIAN_POINT ( 'NONE',  ( 4.999999999999995559, -1.999999999999998668, 5.999999999999997335 ) ) ;
#1104 = DIRECTION ( 'NONE',  ( 0.000000000000000000, -0.000000000000000000, 1.000000000000000000 ) ) ;
#1105 = EDGE_CURVE ( 'NONE', #324, #588, #1628, .T. ) ;
#1106 = EDGE_CURVE ( 'NONE', #615, #901, #662, .T. ) ;
#1107 = ORIENTED_EDGE ( 'NONE', *, *, #1746, .F. ) ;
#1108 = CARTESIAN_POINT ( 'NONE',  ( -0.5000000000000000000, -1.000000000000001776, -8.500000000000000000 ) ) ;
#1109 = AXIS2_PLACEMENT_3D ( 'NONE', #476, #1478, #1114 ) ;
#1110 = ORIENTED_EDGE ( 'NONE', *, *, #343, .F. ) ;
#1111 =( LENGTH_UNIT ( ) NAMED_UNIT ( * ) SI_UNIT ( .MILLI., .METRE. ) );
#1112 = ORIENTED_EDGE ( 'NONE', *, *, #1308, .F. ) ;
#1113 = VECTOR ( 'NONE', #685, 1000.000000000000000 ) ;
#1114 = DIRECTION ( 'NONE',  ( -1.000000000000000000, 0.000000000000000000, 0.000000000000000000 ) ) ;
#1115 = FACE_OUTER_BOUND ( 'NONE', #23, .T. ) ;
#1116 = ORIENTED_EDGE ( 'NONE', *, *, #622, .T. ) ;
#1117 = CARTESIAN_POINT ( 'NONE',  ( 5.000000000000000888, 4.500000000000000000, -4.000000000000000000 ) ) ;
#1118 = EDGE_LOOP ( 'NONE', ( #210, #642, #764, #630 ) ) ;
#1119 = EDGE_CURVE ( 'NONE', #767, #1137, #166, .T. ) ;
#1120 = VECTOR ( 'NONE', #960, 1000.000000000000000 ) ;
#1121 = ORIENTED_EDGE ( 'NONE', *, *, #814, .T. ) ;
#1122 = LINE ( 'NONE', #1607, #1439 ) ;
#1123 = LINE ( 'NONE', #1744, #486 ) ;
#1124 = FILL_AREA_STYLE ('',( #1940 ) ) ;
#1125 = CARTESIAN_POINT ( 'NONE',  ( 8.999999999999985789, 9.000000000000015987, -8.500000000000000000 ) ) ;
#1126 = VERTEX_POINT ( 'NONE', #88 ) ;
#1127 = EDGE_CURVE ( 'NONE', #435, #1295, #1382, .T. ) ;
#1128 = VERTEX_POINT ( 'NONE', #1224 ) ;
#1129 = EDGE_CURVE ( 'NONE', #1562, #709, #1882, .T. ) ;
#1130 = EDGE_CURVE ( 'NONE', #303, #145, #373, .T. ) ;
#1131 = CARTESIAN_POINT ( 'NONE',  ( 5.000000000000000888, 4.500000000000000000, -4.000000000000000000 ) ) ;
#1132 = CIRCLE ( 'NONE', #1984, 1.500000000000000444 ) ;
#1133 = DIRECTION ( 'NONE',  ( -0.000000000000000000, 0.000000000000000000, -1.000000000000000000 ) ) ;
#1134 = AXIS2_PLACEMENT_3D ( 'NONE', #61, #546, #721 ) ;
#1135 = ORIENTED_EDGE ( 'NONE', *, *, #1064, .F. ) ;
#1136 = EDGE_CURVE ( 'NONE', #1434, #306, #1641, .T. ) ;
#1137 = VERTEX_POINT ( 'NONE', #541 ) ;
#1138 = AXIS2_PLACEMENT_3D ( 'NONE', #1669, #1494, #26 ) ;
#1139 = CARTESIAN_POINT ( 'NONE',  ( 7.250000000000000000, -2.000000000000000000, -6.500000000000000000 ) ) ;
#1140 = VECTOR ( 'NONE', #66, 999.9999999999998863 ) ;
#1141 = LINE ( 'NONE', #849, #831 ) ;
#1142 = ADVANCED_FACE ( 'NONE', ( #863 ), #835, .F. ) ;
#1143 = DIRECTION ( 'NONE',  ( 0.3713906763541037215, -0.9284766908852593037, 0.000000000000000000 ) ) ;
#1144 = LINE ( 'NONE', #1780, #1933 ) ;
#1145 = ORIENTED_EDGE ( 'NONE', *, *, #1136, .T. ) ;
#1146 = ORIENTED_EDGE ( 'NONE', *, *, #1810, .T. ) ;
#1147 = DIRECTION ( 'NONE',  ( 0.000000000000000000, 0.000000000000000000, -1.000000000000000000 ) ) ;
#1148 = EDGE_CURVE ( 'NONE', #1128, #267, #854, .T. ) ;
#1149 = PLANE ( 'NONE',  #462 ) ;
#1150 = EDGE_CURVE ( 'NONE', #435, #1323, #982, .T. ) ;
#1151 = DIRECTION ( 'NONE',  ( 0.7071067811865487940, -0.7071067811865463515, 0.000000000000000000 ) ) ;
#1152 = VERTEX_POINT ( 'NONE', #1640 ) ;
#1153 = ORIENTED_EDGE ( 'NONE', *, *, #236, .F. ) ;
#1154 = FACE_OUTER_BOUND ( 'NONE', #650, .T. ) ;
#1155 = CARTESIAN_POINT ( 'NONE',  ( 7.500000000000001776, 3.499999999999999112, -4.000000000000000000 ) ) ;
#1156 = DIRECTION ( 'NONE',  ( 1.000000000000000000, 1.369518533665900558E-16, 0.000000000000000000 ) ) ;
#1157 = DIRECTION ( 'NONE',  ( 0.000000000000000000, 0.000000000000000000, -1.000000000000000000 ) ) ;
#1158 = VECTOR ( 'NONE', #514, 1000.000000000000000 ) ;
#1159 = VERTEX_POINT ( 'NONE', #1651 ) ;
#1160 = FACE_OUTER_BOUND ( 'NONE', #122, .T. ) ;
#1161 = VECTOR ( 'NONE', #1863, 1000.000000000000000 ) ;
#1162 = ADVANCED_FACE ( 'NONE', ( #846 ), #1832, .F. ) ;
#1163 = EDGE_LOOP ( 'NONE', ( #1560, #1440, #2103, #792 ) ) ;
#1164 = CARTESIAN_POINT ( 'NONE',  ( 7.500000000000004441, 5.500000000000000000, 6.000000000000000000 ) ) ;
#1165 = DIRECTION ( 'NONE',  ( -0.000000000000000000, -0.000000000000000000, -1.000000000000000000 ) ) ;
#1166 = CARTESIAN_POINT ( 'NONE',  ( 9.500000000000007105, 9.499999999999994671, -6.500000000000000000 ) ) ;
#1167 = CIRCLE ( 'NONE', #1109, 0.1999999999999996503 ) ;
#1168 = VECTOR ( 'NONE', #840, 1000.000000000000000 ) ;
#1169 = DIRECTION ( 'NONE',  ( 1.000000000000000000, 0.000000000000000000, 0.000000000000000000 ) ) ;
#1170 = VERTEX_POINT ( 'NONE', #172 ) ;
#1171 = DIRECTION ( 'NONE',  ( -1.000000000000000000, 2.891205793294678326E-16, 0.000000000000000000 ) ) ;
#1172 = CARTESIAN_POINT ( 'NONE',  ( 7.500000000000003553, 3.499999999999999556, 6.000000000000000000 ) ) ;
#1173 = ORIENTED_EDGE ( 'NONE', *, *, #714, .T. ) ;
#1174 = CARTESIAN_POINT ( 'NONE',  ( -6.000000000000000000, 1.095614826932720447E-15, -6.500000000000000000 ) ) ;
#1175 = CARTESIAN_POINT ( 'NONE',  ( -5.999999999999998224, 9.499999999999998224, -6.500000000000000000 ) ) ;
#1176 = CARTESIAN_POINT ( 'NONE',  ( -7.500000000000000000, 5.500000000000000000, -4.000000000000001776 ) ) ;
#1177 = CARTESIAN_POINT ( 'NONE',  ( 7.500000000000000000, -4.818676322157800728E-15, 8.000000000000000000 ) ) ;
#1178 = ORIENTED_EDGE ( 'NONE', *, *, #1602, .T. ) ;
#1179 = PLANE ( 'NONE',  #1760 ) ;
#1180 = ORIENTED_EDGE ( 'NONE', *, *, #71, .F. ) ;
#1181 = EDGE_CURVE ( 'NONE', #1790, #18, #1407, .T. ) ;
#1182 = DIRECTION ( 'NONE',  ( -2.891205793294678326E-16, -1.000000000000000000, -0.000000000000000000 ) ) ;
#1183 = VECTOR ( 'NONE', #84, 1000.000000000000000 ) ;
#1184 = FACE_OUTER_BOUND ( 'NONE', #31, .T. ) ;
#1185 = PLANE ( 'NONE',  #719 ) ;
#1186 = ADVANCED_FACE ( 'NONE', ( #1484 ), #1980, .F. ) ;
#1187 = ORIENTED_EDGE ( 'NONE', *, *, #1457, .F. ) ;
#1188 = DIRECTION ( 'NONE',  ( -1.000000000000000000, 0.000000000000000000, -0.000000000000000000 ) ) ;
#1189 = LINE ( 'NONE', #393, #201 ) ;
#1190 = CARTESIAN_POINT ( 'NONE',  ( -4.999999999999995559, 0.000000000000000000, -6.500000000000000000 ) ) ;
#1191 = DIRECTION ( 'NONE',  ( 0.000000000000000000, 0.000000000000000000, 1.000000000000000000 ) ) ;
#1192 = VECTOR ( 'NONE', #557, 1000.000000000000000 ) ;
#1193 = ORIENTED_EDGE ( 'NONE', *, *, #900, .F. ) ;
#1194 = VECTOR ( 'NONE', #237, 1000.000000000000000 ) ;
#1195 = CARTESIAN_POINT ( 'NONE',  ( -5.799999999999998046, 7.999999999999998224, -6.500000000000000000 ) ) ;
#1196 = FACE_OUTER_BOUND ( 'NONE', #67, .T. ) ;
#1197 = VERTEX_POINT ( 'NONE', #211 ) ;
#1198 = PLANE ( 'NONE',  #262 ) ;
#1199 = ORIENTED_EDGE ( 'NONE', *, *, #1903, .F. ) ;
#1200 = ADVANCED_FACE ( 'NONE', ( #677 ), #705, .F. ) ;
#1201 = DIRECTION ( 'NONE',  ( 0.000000000000000000, 0.000000000000000000, -1.000000000000000000 ) ) ;
#1202 = VECTOR ( 'NONE', #41, 1000.000000000000000 ) ;
#1203 = EDGE_CURVE ( 'NONE', #588, #832, #528, .T. ) ;
#1204 = CARTESIAN_POINT ( 'NONE',  ( -7.500000000000001776, -9.637352644315600666E-16, 8.000000000000000000 ) ) ;
#1205 = AXIS2_PLACEMENT_3D ( 'NONE', #453, #1930, #2081 ) ;
#1206 = CARTESIAN_POINT ( 'NONE',  ( 5.800000000000002487, 9.499999999999994671, -6.500000000000000000 ) ) ;
#1207 = ORIENTED_EDGE ( 'NONE', *, *, #935, .T. ) ;
#1208 = LINE ( 'NONE', #197, #1328 ) ;
#1209 = CYLINDRICAL_SURFACE ( 'NONE', #290, 1.000000000000000000 ) ;
#1210 = CARTESIAN_POINT ( 'NONE',  ( -9.166666666666657193, -3.333333333333336590, 6.333333333333337478 ) ) ;
#1211 = ORIENTED_EDGE ( 'NONE', *, *, #1368, .F. ) ;
#1212 = EDGE_CURVE ( 'NONE', #131, #324, #340, .T. ) ;
#1213 = FACE_OUTER_BOUND ( 'NONE', #596, .T. ) ;
#1214 = DIRECTION ( 'NONE',  ( 1.301042606982606307E-16, -1.000000000000000000, 0.000000000000000000 ) ) ;
#1215 = DIRECTION ( 'NONE',  ( 0.000000000000000000, 0.000000000000000000, 1.000000000000000000 ) ) ;
#1216 = AXIS2_PLACEMENT_3D ( 'NONE', #583, #1214, #417 ) ;
#1217 = CARTESIAN_POINT ( 'NONE',  ( 8.499999999999991118, -3.999999999999997335, -6.500000000000000000 ) ) ;
#1218 = VERTEX_POINT ( 'NONE', #1164 ) ;
#1219 = DIRECTION ( 'NONE',  ( -1.000000000000000000, -1.369518533665900558E-16, 0.000000000000000000 ) ) ;
#1220 = VERTEX_POINT ( 'NONE', #1970 ) ;
#1221 = PLANE ( 'NONE',  #28 ) ;
#1222 = AXIS2_PLACEMENT_3D ( 'NONE', #651, #661, #1923 ) ;
#1223 = ORIENTED_EDGE ( 'NONE', *, *, #1338, .F. ) ;
#1224 = CARTESIAN_POINT ( 'NONE',  ( -8.349999999999999645, -2.000000000000000000, 1.500000000000000444 ) ) ;
#1225 = VERTEX_POINT ( 'NONE', #365 ) ;
#1226 = DIRECTION ( 'NONE',  ( 0.000000000000000000, 0.000000000000000000, 1.000000000000000000 ) ) ;
#1227 = PRODUCT ( 'Part2^button_assembly', 'Part2^button_assembly', '', ( #1766 ) ) ;
#1228 = ORIENTED_EDGE ( 'NONE', *, *, #1051, .F. ) ;
#1229 = LINE ( 'NONE', #1707, #1579 ) ;
#1230 = ORIENTED_EDGE ( 'NONE', *, *, #2012, .T. ) ;
#1231 = DIRECTION ( 'NONE',  ( 0.000000000000000000, 0.000000000000000000, 1.000000000000000000 ) ) ;
#1232 = VECTOR ( 'NONE', #1581, 1000.000000000000000 ) ;
#1233 = AXIS2_PLACEMENT_3D ( 'NONE', #38, #1201, #1188 ) ;
#1234 = ORIENTED_EDGE ( 'NONE', *, *, #1335, .F. ) ;
#1235 = DIRECTION ( 'NONE',  ( 1.000000000000000000, 0.000000000000000000, 0.000000000000000000 ) ) ;
#1236 = CARTESIAN_POINT ( 'NONE',  ( 5.800000000000001599, 7.999999999999994671, -6.500000000000000000 ) ) ;
#1237 = FACE_OUTER_BOUND ( 'NONE', #1288, .T. ) ;
#1238 = DIRECTION ( 'NONE',  ( -1.000000000000000000, 1.445602896647339163E-16, 0.000000000000000000 ) ) ;
#1239 = EDGE_CURVE ( 'NONE', #1295, #665, #1365, .T. ) ;
#1240 = AXIS2_PLACEMENT_3D ( 'NONE', #1510, #1354, #1326 ) ;
#1241 = ORIENTED_EDGE ( 'NONE', *, *, #978, .F. ) ;
#1242 = ADVANCED_FACE ( 'NONE', ( #1633, #1467, #10 ), #1963, .F. ) ;
#1243 = ORIENTED_EDGE ( 'NONE', *, *, #978, .T. ) ;
#1244 = CARTESIAN_POINT ( 'NONE',  ( -9.499999999999998224, -2.999999999999995559, 5.999999999999993783 ) ) ;
#1245 = VECTOR ( 'NONE', #1091, 1000.000000000000000 ) ;
#1246 = AXIS2_PLACEMENT_3D ( 'NONE', #1139, #915, #1550 ) ;
#1247 = ORIENTED_EDGE ( 'NONE', *, *, #1706, .T. ) ;
#1248 = LINE ( 'NONE', #1131, #1845 ) ;
#1249 = CARTESIAN_POINT ( 'NONE',  ( -5.999999999999998224, 7.499999999999998224, 0.000000000000000000 ) ) ;
#1250 = CARTESIAN_POINT ( 'NONE',  ( 7.500000000000004441, 5.500000000000000000, -4.000000000000000000 ) ) ;
#1251 = LINE ( 'NONE', #1398, #2026 ) ;
#1252 = ORIENTED_EDGE ( 'NONE', *, *, #79, .T. ) ;
#1253 = DIRECTION ( 'NONE',  ( -0.5773502691896241767, -0.5773502691896261751, -0.5773502691896269523 ) ) ;
#1254 = LINE ( 'NONE', #293, #943 ) ;
#1255 = VERTEX_POINT ( 'NONE', #1662 ) ;
#1256 = DIRECTION ( 'NONE',  ( -1.000000000000000000, 0.000000000000000000, -0.000000000000000000 ) ) ;
#1257 = VERTEX_POINT ( 'NONE', #33 ) ;
#1258 = AXIS2_PLACEMENT_3D ( 'NONE', #1508, #1824, #1341 ) ;
#1259 = VECTOR ( 'NONE', #524, 1000.000000000000000 ) ;
#1260 = CARTESIAN_POINT ( 'NONE',  ( -5.999999999999998224, 7.499999999999998224, 0.000000000000000000 ) ) ;
#1261 = LINE ( 'NONE', #1596, #1245 ) ;
#1262 = ADVANCED_FACE ( 'NONE', ( #1154 ), #1812, .F. ) ;
#1263 = CARTESIAN_POINT ( 'NONE',  ( -1.500000000000000000, -1.000000000000001776, -6.500000000000000888 ) ) ;
#1264 = DIRECTION ( 'NONE',  ( 0.7071067811865463515, 0.7071067811865487940, 0.000000000000000000 ) ) ;
#1265 = CARTESIAN_POINT ( 'NONE',  ( -7.250000000000000000, -2.000000000000000000, 1.500000000000000444 ) ) ;
#1266 = ORIENTED_EDGE ( 'NONE', *, *, #1364, .F. ) ;
#1267 = ORIENTED_EDGE ( 'NONE', *, *, #1499, .F. ) ;
#1268 = CARTESIAN_POINT ( 'NONE',  ( -7.500000000000000000, -3.061616997868387579E-16, 5.999999999999997335 ) ) ;
#1269 = ORIENTED_EDGE ( 'NONE', *, *, #82, .F. ) ;
#1270 = DIRECTION ( 'NONE',  ( -0.000000000000000000, 1.000000000000000000, -0.000000000000000000 ) ) ;
#1271 = AXIS2_PLACEMENT_3D ( 'NONE', #1561, #288, #602 ) ;
#1272 = CARTESIAN_POINT ( 'NONE',  ( -4.999999999999995559, -2.000000000000000000, 6.000000000000000000 ) ) ;
#1273 = CARTESIAN_POINT ( 'NONE',  ( 7.500000000000000888, 5.500000000000000000, -4.000000000000000000 ) ) ;
#1274 = ADVANCED_FACE ( 'NONE', ( #81 ), #2058, .T. ) ;
#1275 = VERTEX_POINT ( 'NONE', #717 ) ;
#1276 = DIRECTION ( 'NONE',  ( -0.7071067811865463515, -0.7071067811865487940, 0.000000000000000000 ) ) ;
#1277 = VECTOR ( 'NONE', #1010, 1000.000000000000000 ) ;
#1278 = VERTEX_POINT ( 'NONE', #1401 ) ;
#1279 = VECTOR ( 'NONE', #647, 1000.000000000000000 ) ;
#1280 = EDGE_LOOP ( 'NONE', ( #1942, #1781, #1925, #896 ) ) ;
#1281 = CARTESIAN_POINT ( 'NONE',  ( 5.000000000000000888, 3.499999999999999556, 6.000000000000000000 ) ) ;
#1282 = EDGE_CURVE ( 'NONE', #1137, #767, #75, .T. ) ;
#1283 = ADVANCED_FACE ( 'NONE', ( #1029 ), #1695, .F. ) ;
#1284 = DIRECTION ( 'NONE',  ( 6.424901762877067440E-16, 1.000000000000000000, -0.000000000000000000 ) ) ;
#1285 = PRESENTATION_STYLE_ASSIGNMENT (( #961 ) ) ;
#1286 = PLANE ( 'NONE',  #815 ) ;
#1287 = EDGE_CURVE ( 'NONE', #303, #1790, #1839, .T. ) ;
#1288 = EDGE_LOOP ( 'NONE', ( #151, #1720, #1759, #1427 ) ) ;
#1289 = ORIENTED_EDGE ( 'NONE', *, *, #170, .F. ) ;
#1290 =( NAMED_UNIT ( * ) SI_UNIT ( $, .STERADIAN. ) SOLID_ANGLE_UNIT ( ) );
#1291 = DIRECTION ( 'NONE',  ( 0.000000000000000000, 0.000000000000000000, 1.000000000000000000 ) ) ;
#1292 = DIRECTION ( 'NONE',  ( 0.9284766908852593037, 0.3713906763541037215, 0.000000000000000000 ) ) ;
#1293 = CARTESIAN_POINT ( 'NONE',  ( 1.460819769243626736E-15, 7.999999999999998224, 0.000000000000000000 ) ) ;
#1294 = ORIENTED_EDGE ( 'NONE', *, *, #533, .T. ) ;
#1295 = VERTEX_POINT ( 'NONE', #1563 ) ;
#1296 = DIRECTION ( 'NONE',  ( 0.000000000000000000, 0.000000000000000000, 1.000000000000000000 ) ) ;
#1297 = EDGE_CURVE ( 'NONE', #280, #76, #1868, .T. ) ;
#1298 = PLANE ( 'NONE',  #1676 ) ;
#1299 = VECTOR ( 'NONE', #1738, 1000.000000000000114 ) ;
#1300 = VECTOR ( 'NONE', #1682, 1000.000000000000000 ) ;
#1301 = CARTESIAN_POINT ( 'NONE',  ( -7.500000000000000000, 8.000000000000000000, 6.000000000000000000 ) ) ;
#1302 = DIRECTION ( 'NONE',  ( 4.336808689942017736E-16, 1.000000000000000000, 0.000000000000000000 ) ) ;
#1303 = CIRCLE ( 'NONE', #1506, 6.000000000000000000 ) ;
#1304 = ORIENTED_EDGE ( 'NONE', *, *, #2036, .T. ) ;
#1305 = EDGE_CURVE ( 'NONE', #42, #1783, #104, .T. ) ;
#1306 = ORIENTED_EDGE ( 'NONE', *, *, #170, .T. ) ;
#1307 = CARTESIAN_POINT ( 'NONE',  ( 4.999999999999995559, -1.999999999999999112, -6.500000000000000000 ) ) ;
#1308 = EDGE_CURVE ( 'NONE', #361, #1489, #909, .T. ) ;
#1309 = VECTOR ( 'NONE', #34, 1000.000000000000000 ) ;
#1310 = DIRECTION ( 'NONE',  ( -0.000000000000000000, -0.000000000000000000, -1.000000000000000000 ) ) ;
#1311 = CIRCLE ( 'NONE', #1858, 6.000000000000000000 ) ;
#1312 = LINE ( 'NONE', #838, #1886 ) ;
#1313 = CARTESIAN_POINT ( 'NONE',  ( -8.499999999999998224, -4.000000000000000000, 6.999999999999994671 ) ) ;
#1314 = ORIENTED_EDGE ( 'NONE', *, *, #1130, .F. ) ;
#1315 = ORIENTED_EDGE ( 'NONE', *, *, #1638, .T. ) ;
#1316 = CARTESIAN_POINT ( 'NONE',  ( -5.799999999999998046, 7.999999999999998224, -2.660826939130012114 ) ) ;
#1317 = CARTESIAN_POINT ( 'NONE',  ( -9.499999999999998224, -2.999999999999999112, -8.500000000000000000 ) ) ;
#1318 = VECTOR ( 'NONE', #1642, 1000.000000000000000 ) ;
#1319 = ADVANCED_FACE ( 'NONE', ( #1196 ), #874, .F. ) ;
#1320 = LINE ( 'NONE', #969, #946 ) ;
#1321 = EDGE_LOOP ( 'NONE', ( #1145, #120, #973, #1919 ) ) ;
#1322 = CARTESIAN_POINT ( 'NONE',  ( -7.500000000000000888, 5.500000000000000000, -4.000000000000000000 ) ) ;
#1323 = VERTEX_POINT ( 'NONE', #57 ) ;
#1324 = CARTESIAN_POINT ( 'NONE',  ( -8.349999999999999645, -2.000000000000000000, 1.500000000000000444 ) ) ;
#1325 = LINE ( 'NONE', #707, #2007 ) ;
#1326 = DIRECTION ( 'NONE',  ( -1.000000000000000000, 0.000000000000000000, 0.000000000000000000 ) ) ;
#1327 = CARTESIAN_POINT ( 'NONE',  ( 4.999999999999997335, -2.168404344971007290E-15, 5.999999999999997335 ) ) ;
#1328 = VECTOR ( 'NONE', #1705, 999.9999999999998863 ) ;
#1329 = ORIENTED_EDGE ( 'NONE', *, *, #56, .T. ) ;
#1330 = VERTEX_POINT ( 'NONE', #751 ) ;
#1331 = CARTESIAN_POINT ( 'NONE',  ( -0.5000000000000000000, -1.000000000000001776, -6.500000000000000000 ) ) ;
#1332 = DIRECTION ( 'NONE',  ( 0.000000000000000000, 0.000000000000000000, -1.000000000000000000 ) ) ;
#1333 = AXIS2_PLACEMENT_3D ( 'NONE', #1833, #58, #1332 ) ;
#1334 = DIRECTION ( 'NONE',  ( 8.673617379884050263E-16, 1.000000000000000000, -0.000000000000000000 ) ) ;
#1335 = EDGE_CURVE ( 'NONE', #554, #1330, #1229, .T. ) ;
#1336 = ORIENTED_EDGE ( 'NONE', *, *, #1395, .T. ) ;
#1337 = CARTESIAN_POINT ( 'NONE',  ( -4.999999999999995559, -2.000000000000000000, 6.000000000000000000 ) ) ;
#1338 = EDGE_CURVE ( 'NONE', #15, #1126, #1353, .T. ) ;
#1339 = ORIENTED_EDGE ( 'NONE', *, *, #2030, .F. ) ;
#1340 = ADVANCED_FACE ( 'NONE', ( #69 ), #1367, .F. ) ;
#1341 = DIRECTION ( 'NONE',  ( 8.673617379884051249E-16, 1.000000000000000000, 0.000000000000000000 ) ) ;
#1342 = FACE_OUTER_BOUND ( 'NONE', #922, .T. ) ;
#1343 = CARTESIAN_POINT ( 'NONE',  ( -1.500000000000000000, -4.000000000000003553, -6.500000000000000888 ) ) ;
#1344 = EDGE_LOOP ( 'NONE', ( #207, #852, #1289, #272 ) ) ;
#1345 = FACE_BOUND ( 'NONE', #116, .T. ) ;
#1346 = EDGE_CURVE ( 'NONE', #1639, #1415, #2011, .T. ) ;
#1347 = CARTESIAN_POINT ( 'NONE',  ( 5.800000000000001599, 7.999999999999994671, -6.500000000000000000 ) ) ;
#1348 = DIRECTION ( 'NONE',  ( 1.000000000000000000, 1.369518533665900558E-16, 0.000000000000000000 ) ) ;
#1349 = CARTESIAN_POINT ( 'NONE',  ( -9.499999999999998224, -2.999999999999999112, -6.500000000000000000 ) ) ;
#1350 = ORIENTED_EDGE ( 'NONE', *, *, #504, .F. ) ;
#1351 = LINE ( 'NONE', #1195, #501 ) ;
#1352 = ADVANCED_BREP_SHAPE_REPRESENTATION ( 'Part2^button_assembly', ( #1471, #1479, #987 ), #887 ) ;
#1353 = LINE ( 'NONE', #1853, #1924 ) ;
#1354 = DIRECTION ( 'NONE',  ( -2.891205793294678326E-16, -1.000000000000000000, -0.000000000000000000 ) ) ;
#1355 = ADVANCED_FACE ( 'NONE', ( #577 ), #1209, .F. ) ;
#1356 = ORIENTED_EDGE ( 'NONE', *, *, #1782, .F. ) ;
#1357 = LINE ( 'NONE', #582, #1404 ) ;
#1358 = AXIS2_PLACEMENT_3D ( 'NONE', #44, #550, #1992 ) ;
#1359 = DIRECTION ( 'NONE',  ( 0.000000000000000000, 0.000000000000000000, -1.000000000000000000 ) ) ;
#1360 = CARTESIAN_POINT ( 'NONE',  ( 1.552121004821354048E-15, 8.500000000000001776, 8.000000000000000000 ) ) ;
#1361 = LINE ( 'NONE', #1516, #1857 ) ;
#1362 = PRESENTATION_LAYER_ASSIGNMENT (  '', '', ( #731 ) ) ;
#1363 = VERTEX_POINT ( 'NONE', #422 ) ;
#1364 = EDGE_CURVE ( 'NONE', #574, #429, #1718, .T. ) ;
#1365 = CIRCLE ( 'NONE', #2016, 6.000000000000000000 ) ;
#1366 = DIRECTION ( 'NONE',  ( 1.000000000000000000, 0.000000000000000000, 0.000000000000000000 ) ) ;
#1367 = PLANE ( 'NONE',  #11 ) ;
#1368 = EDGE_CURVE ( 'NONE', #102, #1040, #1890, .T. ) ;
#1369 = ORIENTED_EDGE ( 'NONE', *, *, #1364, .T. ) ;
#1370 = ORIENTED_EDGE ( 'NONE', *, *, #217, .F. ) ;
#1371 = CARTESIAN_POINT ( 'NONE',  ( 1.460819769243626736E-15, 7.999999999999998224, 0.000000000000000000 ) ) ;
#1372 = VECTOR ( 'NONE', #1096, 1000.000000000000000 ) ;
#1373 = LINE ( 'NONE', #747, #1601 ) ;
#1374 = VECTOR ( 'NONE', #637, 1000.000000000000000 ) ;
#1375 = CARTESIAN_POINT ( 'NONE',  ( 5.478074134663600261E-16, -3.999999999999998224, -8.500000000000000000 ) ) ;
#1376 = ORIENTED_EDGE ( 'NONE', *, *, #956, .F. ) ;
#1377 = CARTESIAN_POINT ( 'NONE',  ( 0.5000000000000000000, -1.000000000000001776, -6.500000000000000888 ) ) ;
#1378 = PRODUCT_DEFINITION_SHAPE ( 'NONE', 'NONE',  #1965 ) ;
#1379 = ORIENTED_EDGE ( 'NONE', *, *, #3, .T. ) ;
#1380 = CARTESIAN_POINT ( 'NONE',  ( -7.500000000000000000, 8.000000000000000000, 5.999999999999997335 ) ) ;
#1381 = ORIENTED_EDGE ( 'NONE', *, *, #778, .F. ) ;
#1382 = LINE ( 'NONE', #2040, #339 ) ;
#1383 = ORIENTED_EDGE ( 'NONE', *, *, #1638, .F. ) ;
#1384 = ADVANCED_FACE ( 'NONE', ( #1385 ), #113, .F. ) ;
#1385 = FACE_OUTER_BOUND ( 'NONE', #1118, .T. ) ;
#1386 = VECTOR ( 'NONE', #1046, 1000.000000000000000 ) ;
#1387 = CARTESIAN_POINT ( 'NONE',  ( -9.499999999999998224, -4.000000000000000000, -6.500000000000000000 ) ) ;
#1388 = ORIENTED_EDGE ( 'NONE', *, *, #465, .T. ) ;
#1389 = DIRECTION ( 'NONE',  ( -0.7071067811865487940, 0.7071067811865463515, -0.000000000000000000 ) ) ;
#1390 = VERTEX_POINT ( 'NONE', #99 ) ;
#1391 = CARTESIAN_POINT ( 'NONE',  ( 8.499999999999991118, -3.999999999999997335, -8.500000000000000000 ) ) ;
#1392 = VECTOR ( 'NONE', #530, 1000.000000000000000 ) ;
#1393 = ORIENTED_EDGE ( 'NONE', *, *, #559, .F. ) ;
#1394 = CARTESIAN_POINT ( 'NONE',  ( 8.349999999999999645, -2.000000000000000000, 1.500000000000000444 ) ) ;
#1395 = EDGE_CURVE ( 'NONE', #1390, #1783, #738, .T. ) ;
#1396 = DIRECTION ( 'NONE',  ( 0.7071067811865491270, 9.086183209975574278E-17, -0.7071067811865459074 ) ) ;
#1397 = CARTESIAN_POINT ( 'NONE',  ( 8.499999999999996447, -3.999999999999997335, -6.500000000000000000 ) ) ;
#1398 = CARTESIAN_POINT ( 'NONE',  ( 7.500000000000001776, -3.558768217243352750E-15, 6.000000000000000000 ) ) ;
#1399 = ORIENTED_EDGE ( 'NONE', *, *, #1476, .F. ) ;
#1400 = FACE_OUTER_BOUND ( 'NONE', #336, .T. ) ;
#1401 = CARTESIAN_POINT ( 'NONE',  ( -5.999999999999998224, 8.000000000000000000, 0.000000000000000000 ) ) ;
#1402 = CARTESIAN_POINT ( 'NONE',  ( -5.799999999999998046, 7.999999999999998224, -1.536229149573720365 ) ) ;
#1403 = VECTOR ( 'NONE', #2021, 1000.000000000000000 ) ;
#1404 = VECTOR ( 'NONE', #2015, 1000.000000000000000 ) ;
#1405 = ORIENTED_EDGE ( 'NONE', *, *, #1308, .T. ) ;
#1406 = CARTESIAN_POINT ( 'NONE',  ( 2.746645503629943251E-15, 9.499999999999996447, 0.000000000000000000 ) ) ;
#1407 = CIRCLE ( 'NONE', #263, 1.000000000000000000 ) ;
#1408 = CARTESIAN_POINT ( 'NONE',  ( 5.000000000000000888, 3.499999999999999556, 6.000000000000000000 ) ) ;
#1409 = CARTESIAN_POINT ( 'NONE',  ( 2.312964634635741478E-15, 7.999999999999996447, 0.000000000000000000 ) ) ;
#1410 = DIRECTION ( 'NONE',  ( -1.000000000000000000, 0.000000000000000000, 0.000000000000000000 ) ) ;
#1411 = ADVANCED_FACE ( 'NONE', ( #442 ), #773, .T. ) ;
#1412 = VECTOR ( 'NONE', #800, 1000.000000000000000 ) ;
#1413 = ORIENTED_EDGE ( 'NONE', *, *, #1875, .F. ) ;
#1414 = CARTESIAN_POINT ( 'NONE',  ( 5.000000000000000888, 3.499999999999999556, -4.000000000000000000 ) ) ;
#1415 = VERTEX_POINT ( 'NONE', #926 ) ;
#1416 = LINE ( 'NONE', #1730, #686 ) ;
#1417 = EDGE_CURVE ( 'NONE', #1588, #893, #90, .T. ) ;
#1418 = ORIENTED_EDGE ( 'NONE', *, *, #1755, .F. ) ;
#1419 = DIRECTION ( 'NONE',  ( -0.000000000000000000, -0.000000000000000000, 1.000000000000000000 ) ) ;
#1420 = LINE ( 'NONE', #1249, #1796 ) ;
#1421 = FACE_OUTER_BOUND ( 'NONE', #381, .T. ) ;
#1422 = CARTESIAN_POINT ( 'NONE',  ( 6.000000000000001776, 9.499999999999994671, 0.000000000000000000 ) ) ;
#1423 = ORIENTED_EDGE ( 'NONE', *, *, #1627, .F. ) ;
#1424 = CARTESIAN_POINT ( 'NONE',  ( -1.500000000000000000, -1.000000000000001776, -6.500000000000000888 ) ) ;
#1425 = DIRECTION ( 'NONE',  ( -1.000000000000000000, 2.891205793294678326E-16, 0.000000000000000000 ) ) ;
#1426 = ORIENTED_EDGE ( 'NONE', *, *, #928, .T. ) ;
#1427 = ORIENTED_EDGE ( 'NONE', *, *, #3, .F. ) ;
#1428 = LINE ( 'NONE', #813, #1748 ) ;
#1429 = ADVANCED_FACE ( 'NONE', ( #1237 ), #1079, .F. ) ;
#1430 = CARTESIAN_POINT ( 'NONE',  ( -5.599999999999996980, 9.499999999999998224, -2.660826939130012114 ) ) ;
#1431 = DIRECTION ( 'NONE',  ( 1.000000000000000000, -2.891205793294678326E-16, 0.000000000000000000 ) ) ;
#1432 = LINE ( 'NONE', #463, #1953 ) ;
#1433 = CARTESIAN_POINT ( 'NONE',  ( -7.500000000000000888, 5.500000000000000000, 6.000000000000000000 ) ) ;
#1434 = VERTEX_POINT ( 'NONE', #1873 ) ;
#1435 = DIRECTION ( 'NONE',  ( -6.424901762877067440E-16, -1.000000000000000000, 0.000000000000000000 ) ) ;
#1436 = ADVANCED_FACE ( 'NONE', ( #407 ), #1572, .F. ) ;
#1437 = VERTEX_POINT ( 'NONE', #723 ) ;
#1438 = EDGE_CURVE ( 'NONE', #558, #1792, #1538, .T. ) ;
#1439 = VECTOR ( 'NONE', #449, 1000.000000000000000 ) ;
#1440 = ORIENTED_EDGE ( 'NONE', *, *, #2091, .T. ) ;
#1441 = DIRECTION ( 'NONE',  ( -0.7071067811865487940, 0.7071067811865463515, 0.000000000000000000 ) ) ;
#1442 = VECTOR ( 'NONE', #1073, 1000.000000000000000 ) ;
#1443 = LINE ( 'NONE', #349, #1665 ) ;
#1444 = SURFACE_STYLE_FILL_AREA ( #1124 ) ;
#1445 = LINE ( 'NONE', #593, #576 ) ;
#1446 = ORIENTED_EDGE ( 'NONE', *, *, #1989, .T. ) ;
#1447 = AXIS2_PLACEMENT_3D ( 'NONE', #2065, #1917, #613 ) ;
#1448 = ORIENTED_EDGE ( 'NONE', *, *, #475, .T. ) ;
#1449 = CARTESIAN_POINT ( 'NONE',  ( 1.500000000000000000, -1.000000000000001776, -8.500000000000000000 ) ) ;
#1450 = ORIENTED_EDGE ( 'NONE', *, *, #1119, .F. ) ;
#1451 = CARTESIAN_POINT ( 'NONE',  ( 7.500000000000005329, 7.999999999999996447, 6.000000000000000000 ) ) ;
#1452 = AXIS2_PLACEMENT_3D ( 'NONE', #460, #623, #1916 ) ;
#1453 = FACE_OUTER_BOUND ( 'NONE', #1007, .T. ) ;
#1454 = CARTESIAN_POINT ( 'NONE',  ( 5.478074134663600261E-16, -3.999999999999998224, -8.500000000000000000 ) ) ;
#1455 = EDGE_LOOP ( 'NONE', ( #8, #1979, #2, #415 ) ) ;
#1456 = PLANE ( 'NONE',  #1071 ) ;
#1457 = EDGE_CURVE ( 'NONE', #1126, #2100, #1610, .T. ) ;
#1458 = DIRECTION ( 'NONE',  ( 0.000000000000000000, 0.000000000000000000, -1.000000000000000000 ) ) ;
#1459 = ADVANCED_FACE ( 'NONE', ( #1779 ), #656, .F. ) ;
#1460 = PLANE ( 'NONE',  #115 ) ;
#1461 = CARTESIAN_POINT ( 'NONE',  ( 8.500000000000005329, 9.499999999999994671, -6.500000000000000000 ) ) ;
#1462 = AXIS2_PLACEMENT_3D ( 'NONE', #564, #1031, #876 ) ;
#1463 = ADVANCED_FACE ( 'NONE', ( #1798 ), #1460, .F. ) ;
#1464 = ORIENTED_EDGE ( 'NONE', *, *, #1574, .T. ) ;
#1465 = ORIENTED_EDGE ( 'NONE', *, *, #754, .F. ) ;
#1466 = APPLICATION_PROTOCOL_DEFINITION ( 'draft international standard', 'automotive_design', 1998, #496 ) ;
#1467 = FACE_BOUND ( 'NONE', #1072, .T. ) ;
#1468 = LINE ( 'NONE', #1867, #426 ) ;
#1469 = STYLED_ITEM ( 'NONE', ( #636 ), #1471 ) ;
#1470 = VECTOR ( 'NONE', #828, 1000.000000000000000 ) ;
#1471 = MANIFOLD_SOLID_BREP ( 'Fillet2', #957 ) ;
#1472 = CARTESIAN_POINT ( 'NONE',  ( 9.499999999999998224, -2.999999999999995559, -6.500000000000000000 ) ) ;
#1473 = EDGE_LOOP ( 'NONE', ( #1969, #1088, #1465, #1211 ) ) ;
#1474 = ORIENTED_EDGE ( 'NONE', *, *, #1119, .T. ) ;
#1475 = DIRECTION ( 'NONE',  ( -1.000000000000000000, -1.734723475976806848E-16, 0.000000000000000000 ) ) ;
#1476 = EDGE_CURVE ( 'NONE', #709, #918, #1432, .T. ) ;
#1477 = VECTOR ( 'NONE', #1094, 1000.000000000000114 ) ;
#1478 = DIRECTION ( 'NONE',  ( 2.891205793294678326E-16, 1.000000000000000000, 0.000000000000000000 ) ) ;
#1479 = MANIFOLD_SOLID_BREP ( 'Chamfer3', #1968 ) ;
#1480 = DIRECTION ( 'NONE',  ( 4.336808689942016750E-16, -1.000000000000000000, -0.000000000000000000 ) ) ;
#1481 = LINE ( 'NONE', #1461, #396 ) ;
#1482 = VERTEX_POINT ( 'NONE', #313 ) ;
#1483 = ORIENTED_EDGE ( 'NONE', *, *, #654, .T. ) ;
#1484 = FACE_OUTER_BOUND ( 'NONE', #715, .T. ) ;
#1485 = CARTESIAN_POINT ( 'NONE',  ( -6.150000000000001243, -2.000000000000000000, -6.500000000000000000 ) ) ;
#1486 = CARTESIAN_POINT ( 'NONE',  ( -1.500000000000000000, -4.000000000000003553, -6.500000000000000888 ) ) ;
#1487 = CARTESIAN_POINT ( 'NONE',  ( 7.250000000000000000, -2.000000000000000000, -6.500000000000000000 ) ) ;
#1488 = AXIS2_PLACEMENT_3D ( 'NONE', #51, #712, #255 ) ;
#1489 = VERTEX_POINT ( 'NONE', #1619 ) ;
#1490 = ADVANCED_FACE ( 'NONE', ( #1453 ), #1788, .T. ) ;
#1491 = DIRECTION ( 'NONE',  ( 1.000000000000000000, -4.336808689942018722E-16, 0.000000000000000000 ) ) ;
#1492 = ORIENTED_EDGE ( 'NONE', *, *, #178, .T. ) ;
#1493 = ORIENTED_EDGE ( 'NONE', *, *, #1729, .F. ) ;
#1494 = DIRECTION ( 'NONE',  ( -0.000000000000000000, -0.000000000000000000, -1.000000000000000000 ) ) ;
#1495 = CARTESIAN_POINT ( 'NONE',  ( 5.000000000000000888, 4.500000000000000000, 6.000000000000000000 ) ) ;
#1496 = DIRECTION ( 'NONE',  ( 0.000000000000000000, 0.000000000000000000, -1.000000000000000000 ) ) ;
#1497 = EDGE_CURVE ( 'NONE', #918, #526, #967, .T. ) ;
#1498 = ORIENTED_EDGE ( 'NONE', *, *, #433, .F. ) ;
#1499 = EDGE_CURVE ( 'NONE', #202, #1218, #459, .T. ) ;
#1500 = PLANE ( 'NONE',  #1134 ) ;
#1501 = CIRCLE ( 'NONE', #996, 1.500000000000000444 ) ;
#1502 = ORIENTED_EDGE ( 'NONE', *, *, #785, .F. ) ;
#1503 = ADVANCED_FACE ( 'NONE', ( #621 ), #298, .F. ) ;
#1504 = CARTESIAN_POINT ( 'NONE',  ( 2.312964634635741478E-15, 7.999999999999996447, 0.000000000000000000 ) ) ;
#1505 = CARTESIAN_POINT ( 'NONE',  ( -7.250000000000000000, -2.000000000000000000, 1.500000000000000444 ) ) ;
#1506 = AXIS2_PLACEMENT_3D ( 'NONE', #1406, #902, #97 ) ;
#1507 = ORIENTED_EDGE ( 'NONE', *, *, #353, .T. ) ;
#1508 = CARTESIAN_POINT ( 'NONE',  ( 4.999999999999997335, -2.168404344971007290E-15, -6.500000000000000000 ) ) ;
#1509 = LINE ( 'NONE', #228, #1635 ) ;
#1510 = CARTESIAN_POINT ( 'NONE',  ( 5.600000000000001421, 7.999999999999994671, -2.660826939130015223 ) ) ;
#1511 = VECTOR ( 'NONE', #461, 1000.000000000000000 ) ;
#1512 = ORIENTED_EDGE ( 'NONE', *, *, #147, .F. ) ;
#1513 = LINE ( 'NONE', #49, #37 ) ;
#1514 = CARTESIAN_POINT ( 'NONE',  ( -7.500000000000000000, 3.499999999999999112, -4.000000000000001776 ) ) ;
#1515 = FACE_OUTER_BOUND ( 'NONE', #1851, .T. ) ;
#1516 = CARTESIAN_POINT ( 'NONE',  ( -7.500000000000001776, 3.499999999999999112, -4.000000000000000000 ) ) ;
#1517 = ORIENTED_EDGE ( 'NONE', *, *, #176, .F. ) ;
#1518 = EDGE_CURVE ( 'NONE', #1637, #1257, #1248, .T. ) ;
#1519 = DIRECTION ( 'NONE',  ( -0.000000000000000000, -0.000000000000000000, 1.000000000000000000 ) ) ;
#1520 = FACE_OUTER_BOUND ( 'NONE', #1907, .T. ) ;
#1521 = DIRECTION ( 'NONE',  ( -0.000000000000000000, -0.000000000000000000, -1.000000000000000000 ) ) ;
#1522 = DIRECTION ( 'NONE',  ( -0.000000000000000000, -0.000000000000000000, -1.000000000000000000 ) ) ;
#1523 = ORIENTED_EDGE ( 'NONE', *, *, #1076, .F. ) ;
#1524 = CARTESIAN_POINT ( 'NONE',  ( -9.499999999999998224, -2.999999999999999112, -8.500000000000000000 ) ) ;
#1525 = EDGE_CURVE ( 'NONE', #252, #1437, #1428, .T. ) ;
#1526 = VERTEX_POINT ( 'NONE', #2088 ) ;
#1527 = CARTESIAN_POINT ( 'NONE',  ( 5.478074134663600261E-16, -3.999999999999998224, -6.500000000000000000 ) ) ;
#1528 = PLANE ( 'NONE',  #287 ) ;
#1529 = CARTESIAN_POINT ( 'NONE',  ( 6.250000000000003553, -6.249999999999991118, -8.500000000000000000 ) ) ;
#1530 = EDGE_CURVE ( 'NONE', #1482, #157, #485, .T. ) ;
#1531 = ORIENTED_EDGE ( 'NONE', *, *, #108, .T. ) ;
#1532 = CARTESIAN_POINT ( 'NONE',  ( 0.5000000000000000000, -1.000000000000001776, -6.500000000000000000 ) ) ;
#1533 = DIRECTION ( 'NONE',  ( 0.000000000000000000, 0.000000000000000000, -1.000000000000000000 ) ) ;
#1534 = VERTEX_POINT ( 'NONE', #135 ) ;
#1535 = ORIENTED_EDGE ( 'NONE', *, *, #156, .T. ) ;
#1536 = DIRECTION ( 'NONE',  ( -1.000000000000000000, 2.891205793294678326E-16, 0.000000000000000000 ) ) ;
#1537 = PLANE ( 'NONE',  #311 ) ;
#1538 = LINE ( 'NONE', #1206, #1161 ) ;
#1539 = CARTESIAN_POINT ( 'NONE',  ( 0.5000000000000000000, -1.734723475976807094E-15, -8.500000000000000000 ) ) ;
#1540 = PRESENTATION_LAYER_ASSIGNMENT (  '', '', ( #1469 ) ) ;
#1541 = VERTEX_POINT ( 'NONE', #472 ) ;
#1542 = AXIS2_PLACEMENT_3D ( 'NONE', #561, #1533, #385 ) ;
#1543 = DIRECTION ( 'NONE',  ( -1.000000000000000000, 0.000000000000000000, 0.000000000000000000 ) ) ;
#1544 = CARTESIAN_POINT ( 'NONE',  ( 5.419354838709679711, 7.999999999999994671, -2.574993812061304954 ) ) ;
#1545 = EDGE_LOOP ( 'NONE', ( #1053, #920, #331, #1631, #618, #1605 ) ) ;
#1546 = LINE ( 'NONE', #1449, #798 ) ;
#1547 = EDGE_CURVE ( 'NONE', #2098, #98, #167, .T. ) ;
#1548 = EDGE_CURVE ( 'NONE', #368, #1534, #310, .T. ) ;
#1549 = VERTEX_POINT ( 'NONE', #653 ) ;
#1550 = DIRECTION ( 'NONE',  ( -1.000000000000000000, 0.000000000000000000, 0.000000000000000000 ) ) ;
#1551 = CIRCLE ( 'NONE', #1447, 1.500000000000000444 ) ;
#1552 = FACE_OUTER_BOUND ( 'NONE', #224, .T. ) ;
#1553 = AXIS2_PLACEMENT_3D ( 'NONE', #140, #1736, #1104 ) ;
#1554 = DIRECTION ( 'NONE',  ( -1.284980352575412946E-16, 1.000000000000000000, 0.000000000000000000 ) ) ;
#1555 = ORIENTED_EDGE ( 'NONE', *, *, #1036, .F. ) ;
#1556 = DIRECTION ( 'NONE',  ( -0.000000000000000000, -0.000000000000000000, 1.000000000000000000 ) ) ;
#1557 = CARTESIAN_POINT ( 'NONE',  ( -7.250000000000000000, -2.000000000000000000, -6.500000000000000000 ) ) ;
#1558 = ORIENTED_EDGE ( 'NONE', *, *, #907, .F. ) ;
#1559 = DIRECTION ( 'NONE',  ( -0.000000000000000000, 0.000000000000000000, -1.000000000000000000 ) ) ;
#1560 = ORIENTED_EDGE ( 'NONE', *, *, #1305, .F. ) ;
#1561 = CARTESIAN_POINT ( 'NONE',  ( 5.478074134663600261E-16, -3.999999999999998224, -8.500000000000000000 ) ) ;
#1562 = VERTEX_POINT ( 'NONE', #1786 ) ;
#1563 = CARTESIAN_POINT ( 'NONE',  ( -5.999999999999998224, 9.499999999999998224, 0.000000000000000000 ) ) ;
#1564 = EDGE_LOOP ( 'NONE', ( #1498, #2112, #378, #1647, #1306, #2048 ) ) ;
#1565 = LINE ( 'NONE', #261, #1807 ) ;
#1566 = CIRCLE ( 'NONE', #1909, 1.500000000000000444 ) ;
#1567 = ORIENTED_EDGE ( 'NONE', *, *, #1548, .T. ) ;
#1568 = EDGE_CURVE ( 'NONE', #547, #192, #1090, .T. ) ;
#1569 = CARTESIAN_POINT ( 'NONE',  ( 9.500000000000007105, 8.499999999999996447, 5.999999999999990230 ) ) ;
#1570 = CARTESIAN_POINT ( 'NONE',  ( 9.500000000000007105, 9.499999999999994671, -6.500000000000000000 ) ) ;
#1571 = VERTEX_POINT ( 'NONE', #959 ) ;
#1572 = CYLINDRICAL_SURFACE ( 'NONE', #769, 6.000000000000000000 ) ;
#1573 = DIRECTION ( 'NONE',  ( -0.000000000000000000, -0.000000000000000000, 1.000000000000000000 ) ) ;
#1574 = EDGE_CURVE ( 'NONE', #490, #1562, #329, .T. ) ;
#1575 = ORIENTED_EDGE ( 'NONE', *, *, #1457, .T. ) ;
#1576 = DIRECTION ( 'NONE',  ( -0.000000000000000000, -0.000000000000000000, -1.000000000000000000 ) ) ;
#1577 = EDGE_LOOP ( 'NONE', ( #1580, #1223, #997, #965 ) ) ;
#1578 = CARTESIAN_POINT ( 'NONE',  ( -1.500000000000000000, -3.999999999999998224, -8.500000000000000000 ) ) ;
#1579 = VECTOR ( 'NONE', #895, 1000.000000000000000 ) ;
#1580 = ORIENTED_EDGE ( 'NONE', *, *, #147, .T. ) ;
#1581 = DIRECTION ( 'NONE',  ( 0.000000000000000000, 0.000000000000000000, 1.000000000000000000 ) ) ;
#1582 = CYLINDRICAL_SURFACE ( 'NONE', #1787, 0.1999999999999996503 ) ;
#1583 = CARTESIAN_POINT ( 'NONE',  ( 8.750000000000000000, -2.000000000000000000, -6.500000000000000000 ) ) ;
#1584 = SURFACE_STYLE_USAGE ( .BOTH. , #1948 ) ;
#1585 = AXIS2_PLACEMENT_3D ( 'NONE', #1108, #964, #649 ) ;
#1586 = CARTESIAN_POINT ( 'NONE',  ( 9.500000000000007105, 8.499999999999996447, -6.500000000000000000 ) ) ;
#1587 = VECTOR ( 'NONE', #1151, 1000.000000000000000 ) ;
#1588 = VERTEX_POINT ( 'NONE', #1626 ) ;
#1589 = DIRECTION ( 'NONE',  ( -1.000000000000000000, 2.891205793294678326E-16, 0.000000000000000000 ) ) ;
#1590 = LINE ( 'NONE', #130, #85 ) ;
#1591 = ORIENTED_EDGE ( 'NONE', *, *, #787, .T. ) ;
#1592 = DIRECTION ( 'NONE',  ( -0.000000000000000000, -0.000000000000000000, 1.000000000000000000 ) ) ;
#1593 = EDGE_CURVE ( 'NONE', #1588, #419, #1132, .T. ) ;
#1594 = EDGE_LOOP ( 'NONE', ( #1600, #1267, #413, #986 ) ) ;
#1595 = CARTESIAN_POINT ( 'NONE',  ( -8.499999999999998224, 9.499999999999998224, -6.500000000000000000 ) ) ;
#1596 = CARTESIAN_POINT ( 'NONE',  ( -6.150000000000001243, -2.000000000000000000, 1.500000000000000444 ) ) ;
#1597 = CARTESIAN_POINT ( 'NONE',  ( -8.499999999999994671, 9.499999999999998224, -6.500000000000000000 ) ) ;
#1598 = LINE ( 'NONE', #1433, #1477 ) ;
#1599 = EDGE_CURVE ( 'NONE', #252, #512, #1122, .T. ) ;
#1600 = ORIENTED_EDGE ( 'NONE', *, *, #1885, .T. ) ;
#1601 = VECTOR ( 'NONE', #2051, 1000.000000000000000 ) ;
#1602 = EDGE_CURVE ( 'NONE', #615, #2027, #1742, .T. ) ;
#1603 = FACE_OUTER_BOUND ( 'NONE', #861, .T. ) ;
#1604 = ORIENTED_EDGE ( 'NONE', *, *, #711, .T. ) ;
#1605 = ORIENTED_EDGE ( 'NONE', *, *, #1840, .F. ) ;
#1606 = VECTOR ( 'NONE', #52, 1000.000000000000000 ) ;
#1607 = CARTESIAN_POINT ( 'NONE',  ( 9.500000000000000000, -6.103656674733214413E-15, -6.500000000000000000 ) ) ;
#1608 = PRODUCT_DEFINITION_CONTEXT ( 'detailed design', #496, 'design' ) ;
#1609 = LINE ( 'NONE', #805, #1699 ) ;
#1610 = LINE ( 'NONE', #1301, #1955 ) ;
#1611 = LINE ( 'NONE', #1761, #1374 ) ;
#1612 = ORIENTED_EDGE ( 'NONE', *, *, #504, .T. ) ;
#1613 = CARTESIAN_POINT ( 'NONE',  ( -5.000000000000000888, 4.500000000000000000, -4.000000000000000000 ) ) ;
#1614 = EDGE_LOOP ( 'NONE', ( #594, #539, #1678, #1304 ) ) ;
#1615 = MECHANICAL_DESIGN_GEOMETRIC_PRESENTATION_REPRESENTATION (  '', ( #1469 ), #1644 ) ;
#1616 = ORIENTED_EDGE ( 'NONE', *, *, #220, .F. ) ;
#1617 = DIRECTION ( 'NONE',  ( -1.291194456154425231E-16, -0.7071067811865502373, -0.7071067811865447972 ) ) ;
#1618 = ADVANCED_FACE ( 'NONE', ( #934 ), #2101, .F. ) ;
#1619 = CARTESIAN_POINT ( 'NONE',  ( 5.419354838709679711, 9.499999999999994671, -2.574993812061304954 ) ) ;
#1620 = DIRECTION ( 'NONE',  ( 0.7071067811865489050, -0.7071067811865462405, -0.000000000000000000 ) ) ;
#1621 = ORIENTED_EDGE ( 'NONE', *, *, #494, .T. ) ;
#1622 = CARTESIAN_POINT ( 'NONE',  ( 0.5000000000000000000, -1.734723475976807094E-15, -6.500000000000000888 ) ) ;
#1623 = VECTOR ( 'NONE', #1773, 1000.000000000000000 ) ;
#1624 = ORIENTED_EDGE ( 'NONE', *, *, #631, .F. ) ;
#1625 = EDGE_CURVE ( 'NONE', #1934, #324, #1938, .T. ) ;
#1626 = CARTESIAN_POINT ( 'NONE',  ( 5.750000000000000000, -2.000000000000000000, -8.500000000000000000 ) ) ;
#1627 = EDGE_CURVE ( 'NONE', #890, #490, #1643, .T. ) ;
#1628 = CIRCLE ( 'NONE', #441, 0.1999999999999996503 ) ;
#1629 = DIRECTION ( 'NONE',  ( 0.000000000000000000, 0.000000000000000000, 1.000000000000000000 ) ) ;
#1630 = CARTESIAN_POINT ( 'NONE',  ( 1.500000000000000000, -1.734723475976807094E-15, -6.500000000000000888 ) ) ;
#1631 = ORIENTED_EDGE ( 'NONE', *, *, #1913, .T. ) ;
#1632 = ORIENTED_EDGE ( 'NONE', *, *, #402, .T. ) ;
#1633 = FACE_BOUND ( 'NONE', #981, .T. ) ;
#1634 = CARTESIAN_POINT ( 'NONE',  ( -4.999999999999995559, -2.000000000000000000, -6.500000000000000000 ) ) ;
#1635 = VECTOR ( 'NONE', #1521, 1000.000000000000000 ) ;
#1636 = DIRECTION ( 'NONE',  ( 2.312964634635742464E-16, 1.000000000000000000, -0.000000000000000000 ) ) ;
#1637 = VERTEX_POINT ( 'NONE', #359 ) ;
#1638 = EDGE_CURVE ( 'NONE', #1152, #470, #350, .T. ) ;
#1639 = VERTEX_POINT ( 'NONE', #1694 ) ;
#1640 = CARTESIAN_POINT ( 'NONE',  ( -0.5000000000000000000, -1.734723475976807094E-15, -8.500000000000000000 ) ) ;
#1641 = CIRCLE ( 'NONE', #180, 1.500000000000000444 ) ;
#1642 = DIRECTION ( 'NONE',  ( -1.000000000000000000, -1.734723475976806848E-16, 0.000000000000000000 ) ) ;
#1643 = LINE ( 'NONE', #1317, #635 ) ;
#1644 =( GEOMETRIC_REPRESENTATION_CONTEXT ( 3 ) GLOBAL_UNCERTAINTY_ASSIGNED_CONTEXT ( ( #924 ) ) GLOBAL_UNIT_ASSIGNED_CONTEXT ( ( #149, #816, #1928 ) ) REPRESENTATION_CONTEXT ( 'NONE', 'WORKASPACE' ) );
#1645 = AXIS2_PLACEMENT_3D ( 'NONE', #763, #884, #2045 ) ;
#1646 = PLANE ( 'NONE',  #264 ) ;
#1647 = ORIENTED_EDGE ( 'NONE', *, *, #2012, .F. ) ;
#1648 = DIRECTION ( 'NONE',  ( 0.000000000000000000, 0.000000000000000000, 1.000000000000000000 ) ) ;
#1649 = VERTEX_POINT ( 'NONE', #68 ) ;
#1650 = VECTOR ( 'NONE', #1576, 1000.000000000000000 ) ;
#1651 = CARTESIAN_POINT ( 'NONE',  ( 8.500000000000000000, 9.499999999999994671, -8.500000000000000000 ) ) ;
#1652 = EDGE_CURVE ( 'NONE', #202, #283, #1312, .T. ) ;
#1653 = ADVANCED_FACE ( 'NONE', ( #1805 ), #1003, .F. ) ;
#1654 = CIRCLE ( 'NONE', #86, 1.099999999999999423 ) ;
#1655 = CARTESIAN_POINT ( 'NONE',  ( -8.349999999999999645, -2.000000000000000000, -6.500000000000000000 ) ) ;
#1656 = CARTESIAN_POINT ( 'NONE',  ( -8.499999999999994671, 9.499999999999998224, -6.500000000000000000 ) ) ;
#1657 = DIRECTION ( 'NONE',  ( -0.000000000000000000, -1.000000000000000000, -0.000000000000000000 ) ) ;
#1658 = ORIENTED_EDGE ( 'NONE', *, *, #1956, .T. ) ;
#1659 = ADVANCED_FACE ( 'NONE', ( #175 ), #55, .F. ) ;
#1660 = VERTEX_POINT ( 'NONE', #13 ) ;
#1661 = EDGE_CURVE ( 'NONE', #18, #1152, #521, .T. ) ;
#1662 = CARTESIAN_POINT ( 'NONE',  ( 9.499999999999998224, -2.999999999999989786, -8.500000000000000000 ) ) ;
#1663 = DIRECTION ( 'NONE',  ( -1.000000000000000000, 2.312964634635742464E-16, 0.000000000000000000 ) ) ;
#1664 = ADVANCED_FACE ( 'NONE', ( #829 ), #1149, .F. ) ;
#1665 = VECTOR ( 'NONE', #148, 1000.000000000000000 ) ;
#1666 = CARTESIAN_POINT ( 'NONE',  ( -7.500000000000000000, -3.061616997868386592E-16, 6.000000000000000000 ) ) ;
#1667 = ORIENTED_EDGE ( 'NONE', *, *, #1525, .T. ) ;
#1668 = ORIENTED_EDGE ( 'NONE', *, *, #1757, .T. ) ;
#1669 = CARTESIAN_POINT ( 'NONE',  ( -7.250000000000000000, -2.000000000000000000, 1.500000000000000444 ) ) ;
#1670 = DIRECTION ( 'NONE',  ( 2.312964634635742464E-16, 1.000000000000000000, -0.000000000000000000 ) ) ;
#1671 = CARTESIAN_POINT ( 'NONE',  ( -8.500000000000003553, 9.499999999999998224, 6.999999999999997335 ) ) ;
#1672 = CARTESIAN_POINT ( 'NONE',  ( 6.000000000000001776, 9.499999999999994671, -6.500000000000000000 ) ) ;
#1673 = ORIENTED_EDGE ( 'NONE', *, *, #1706, .F. ) ;
#1674 = VECTOR ( 'NONE', #750, 1000.000000000000000 ) ;
#1675 = CARTESIAN_POINT ( 'NONE',  ( -4.999999999999995559, -2.000000000000000000, -6.500000000000000000 ) ) ;
#1676 = AXIS2_PLACEMENT_3D ( 'NONE', #1957, #507, #1797 ) ;
#1677 = EDGE_CURVE ( 'NONE', #885, #157, #727, .T. ) ;
#1678 = ORIENTED_EDGE ( 'NONE', *, *, #1518, .F. ) ;
#1679 = CARTESIAN_POINT ( 'NONE',  ( -5.000000000000000888, 3.499999999999999556, -4.000000000000000000 ) ) ;
#1680 = DIRECTION ( 'NONE',  ( -1.284980352575413192E-16, 1.000000000000000000, 0.000000000000000000 ) ) ;
#1681 = ORIENTED_EDGE ( 'NONE', *, *, #245, .T. ) ;
#1682 = DIRECTION ( 'NONE',  ( 0.5773502691896248429, 0.5773502691896253980, -0.5773502691896270633 ) ) ;
#1683 = PLANE ( 'NONE',  #1333 ) ;
#1684 = FACE_OUTER_BOUND ( 'NONE', #1937, .T. ) ;
#1685 = EDGE_CURVE ( 'NONE', #1225, #87, #1814, .T. ) ;
#1686 = VECTOR ( 'NONE', #1554, 1000.000000000000000 ) ;
#1687 = ORIENTED_EDGE ( 'NONE', *, *, #1203, .F. ) ;
#1688 = EDGE_CURVE ( 'NONE', #720, #102, #1208, .T. ) ;
#1689 = LINE ( 'NONE', #1834, #155 ) ;
#1690 = ORIENTED_EDGE ( 'NONE', *, *, #159, .F. ) ;
#1691 = PLANE ( 'NONE',  #756 ) ;
#1692 = DIRECTION ( 'NONE',  ( 0.7071067811865467956, 0.7071067811865483499, -0.000000000000000000 ) ) ;
#1693 = ORIENTED_EDGE ( 'NONE', *, *, #1084, .T. ) ;
#1694 = CARTESIAN_POINT ( 'NONE',  ( 8.500000000000000000, 9.499999999999994671, 7.000000000000000000 ) ) ;
#1695 = PLANE ( 'NONE',  #389 ) ;
#1696 = VERTEX_POINT ( 'NONE', #410 ) ;
#1697 = CARTESIAN_POINT ( 'NONE',  ( 7.500000000000003553, 3.499999999999999112, -4.000000000000000000 ) ) ;
#1698 = ORIENTED_EDGE ( 'NONE', *, *, #845, .T. ) ;
#1699 = VECTOR ( 'NONE', #452, 1000.000000000000000 ) ;
#1700 = CARTESIAN_POINT ( 'NONE',  ( -9.500000000000000000, 8.499999999999989342, 5.999999999999993783 ) ) ;
#1701 = ORIENTED_EDGE ( 'NONE', *, *, #1518, .T. ) ;
#1702 = DIRECTION ( 'NONE',  ( 1.000000000000000000, 0.000000000000000000, 0.000000000000000000 ) ) ;
#1703 = ORIENTED_EDGE ( 'NONE', *, *, #1599, .F. ) ;
#1704 = AXIS2_PLACEMENT_3D ( 'NONE', #204, #1855, #886 ) ;
#1705 = DIRECTION ( 'NONE',  ( 0.7071067811865489050, -0.7071067811865462405, 0.000000000000000000 ) ) ;
#1706 = EDGE_CURVE ( 'NONE', #1437, #1792, #1141, .T. ) ;
#1707 = CARTESIAN_POINT ( 'NONE',  ( -5.000000000000000888, 4.500000000000000000, -4.000000000000000000 ) ) ;
#1708 = ORIENTED_EDGE ( 'NONE', *, *, #242, .T. ) ;
#1709 = DIRECTION ( 'NONE',  ( 0.5773502691896255090, -0.5773502691896236216, 0.5773502691896281735 ) ) ;
#1710 = ORIENTED_EDGE ( 'NONE', *, *, #690, .T. ) ;
#1711 = CARTESIAN_POINT ( 'NONE',  ( 5.800000000000001599, 7.999999999999994671, -2.660826939130015223 ) ) ;
#1712 = CARTESIAN_POINT ( 'NONE',  ( -0.5000000000000000000, -1.734723475976807094E-15, -6.500000000000000888 ) ) ;
#1713 = ORIENTED_EDGE ( 'NONE', *, *, #1903, .T. ) ;
#1714 = LINE ( 'NONE', #223, #1686 ) ;
#1715 = AXIS2_PLACEMENT_3D ( 'NONE', #1946, #1617, #158 ) ;
#1716 = ORIENTED_EDGE ( 'NONE', *, *, #1076, .T. ) ;
#1717 = CARTESIAN_POINT ( 'NONE',  ( 1.500000000000000000, -4.000000000000003553, -6.500000000000000888 ) ) ;
#1718 = LINE ( 'NONE', #259, #1101 ) ;
#1719 = DIRECTION ( 'NONE',  ( -0.7071067811865483499, 0.7071067811865467956, 0.000000000000000000 ) ) ;
#1720 = ORIENTED_EDGE ( 'NONE', *, *, #787, .F. ) ;
#1721 = CARTESIAN_POINT ( 'NONE',  ( -9.500000000000000000, 8.499999999999992895, -8.500000000000000000 ) ) ;
#1722 = AXIS2_PLACEMENT_3D ( 'NONE', #953, #1083, #468 ) ;
#1723 = EDGE_LOOP ( 'NONE', ( #469, #1879, #620, #578 ) ) ;
#1724 = CIRCLE ( 'NONE', #125, 1.099999999999999423 ) ;
#1725 = DIRECTION ( 'NONE',  ( -1.000000000000000000, -1.369518533665900558E-16, 0.000000000000000000 ) ) ;
#1726 = DIRECTION ( 'NONE',  ( -1.000000000000000000, -1.369518533665900558E-16, 0.000000000000000000 ) ) ;
#1727 = ORIENTED_EDGE ( 'NONE', *, *, #1239, .F. ) ;
#1728 = DIRECTION ( 'NONE',  ( 0.000000000000000000, 0.000000000000000000, -1.000000000000000000 ) ) ;
#1729 = EDGE_CURVE ( 'NONE', #2062, #1549, #1468, .T. ) ;
#1730 = CARTESIAN_POINT ( 'NONE',  ( 9.499999999999998224, -2.999999999999989786, -8.500000000000000000 ) ) ;
#1731 = EDGE_CURVE ( 'NONE', #181, #893, #1501, .T. ) ;
#1732 = ORIENTED_EDGE ( 'NONE', *, *, #1148, .T. ) ;
#1733 = CARTESIAN_POINT ( 'NONE',  ( 9.500000000000007105, 9.499999999999994671, -6.500000000000000000 ) ) ;
#1734 = EDGE_CURVE ( 'NONE', #1170, #1934, #1351, .T. ) ;
#1735 = LINE ( 'NONE', #624, #1120 ) ;
#1736 = DIRECTION ( 'NONE',  ( 0.7071067811865462405, 0.7071067811865489050, 0.000000000000000000 ) ) ;
#1737 = ORIENTED_EDGE ( 'NONE', *, *, #332, .T. ) ;
#1738 = DIRECTION ( 'NONE',  ( 0.9284766908852593037, -0.3713906763541037215, 0.000000000000000000 ) ) ;
#1739 = LINE ( 'NONE', #281, #1650 ) ;
#1740 = FACE_BOUND ( 'NONE', #1806, .T. ) ;
#1741 = ORIENTED_EDGE ( 'NONE', *, *, #1731, .T. ) ;
#1742 = LINE ( 'NONE', #146, #898 ) ;
#1743 = FACE_OUTER_BOUND ( 'NONE', #1844, .T. ) ;
#1744 = CARTESIAN_POINT ( 'NONE',  ( -7.500000000000000000, 8.000000000000000000, -6.500000000000000000 ) ) ;
#1745 = FACE_OUTER_BOUND ( 'NONE', #1473, .T. ) ;
#1746 = EDGE_CURVE ( 'NONE', #322, #42, #112, .T. ) ;
#1747 = ORIENTED_EDGE ( 'NONE', *, *, #1395, .F. ) ;
#1748 = VECTOR ( 'NONE', #1441, 1000.000000000000000 ) ;
#1749 = CARTESIAN_POINT ( 'NONE',  ( 7.500000000000005329, 7.999999999999996447, 5.999999999999997335 ) ) ;
#1750 = ORIENTED_EDGE ( 'NONE', *, *, #746, .T. ) ;
#1751 = CARTESIAN_POINT ( 'NONE',  ( -9.500000000000000000, 9.499999999999998224, -6.500000000000000000 ) ) ;
#1752 = AXIS2_PLACEMENT_3D ( 'NONE', #595, #248, #728 ) ;
#1753 = ADVANCED_FACE ( 'NONE', ( #663 ), #1298, .F. ) ;
#1754 = ORIENTED_EDGE ( 'NONE', *, *, #559, .T. ) ;
#1755 = EDGE_CURVE ( 'NONE', #971, #252, #342, .T. ) ;
#1756 = DIRECTION ( 'NONE',  ( 0.000000000000000000, 0.000000000000000000, -1.000000000000000000 ) ) ;
#1757 = EDGE_CURVE ( 'NONE', #1330, #1220, #117, .T. ) ;
#1758 = DIRECTION ( 'NONE',  ( 0.000000000000000000, 0.000000000000000000, -1.000000000000000000 ) ) ;
#1759 = ORIENTED_EDGE ( 'NONE', *, *, #1297, .F. ) ;
#1760 = AXIS2_PLACEMENT_3D ( 'NONE', #1836, #383, #1680 ) ;
#1761 = CARTESIAN_POINT ( 'NONE',  ( 6.000000000000001776, 7.499999999999994671, 0.000000000000000000 ) ) ;
#1762 = VECTOR ( 'NONE', #314, 1000.000000000000114 ) ;
#1763 = ORIENTED_EDGE ( 'NONE', *, *, #398, .T. ) ;
#1764 = LINE ( 'NONE', #153, #1372 ) ;
#1765 = ORIENTED_EDGE ( 'NONE', *, *, #1625, .F. ) ;
#1766 = PRODUCT_CONTEXT ( 'NONE', #796, 'mechanical' ) ;
#1767 = ORIENTED_EDGE ( 'NONE', *, *, #1547, .T. ) ;
#1768 = CARTESIAN_POINT ( 'NONE',  ( 4.999999999999995559, -1.999999999999998668, -6.500000000000000000 ) ) ;
#1769 = DIRECTION ( 'NONE',  ( 2.891205793294678326E-16, 1.000000000000000000, 0.000000000000000000 ) ) ;
#1770 = LINE ( 'NONE', #268, #839 ) ;
#1771 = ORIENTED_EDGE ( 'NONE', *, *, #2030, .T. ) ;
#1772 = VECTOR ( 'NONE', #556, 1000.000000000000000 ) ;
#1773 = DIRECTION ( 'NONE',  ( -0.000000000000000000, -0.000000000000000000, 1.000000000000000000 ) ) ;
#1774 = ORIENTED_EDGE ( 'NONE', *, *, #913, .T. ) ;
#1775 = ADVANCED_FACE ( 'NONE', ( #1400 ), #270, .T. ) ;
#1776 = ORIENTED_EDGE ( 'NONE', *, *, #1819, .F. ) ;
#1777 = VECTOR ( 'NONE', #436, 1000.000000000000000 ) ;
#1778 = CARTESIAN_POINT ( 'NONE',  ( -5.000000000000000888, 3.499999999999999556, 6.000000000000000000 ) ) ;
#1779 = FACE_OUTER_BOUND ( 'NONE', #1723, .T. ) ;
#1780 = CARTESIAN_POINT ( 'NONE',  ( -7.500000000000000000, -3.061616997868387579E-16, -6.500000000000000000 ) ) ;
#1781 = ORIENTED_EDGE ( 'NONE', *, *, #900, .T. ) ;
#1782 = EDGE_CURVE ( 'NONE', #1891, #554, #1082, .T. ) ;
#1783 = VERTEX_POINT ( 'NONE', #1717 ) ;
#1784 = EDGE_CURVE ( 'NONE', #1914, #941, #2072, .T. ) ;
#1785 = MECHANICAL_DESIGN_GEOMETRIC_PRESENTATION_REPRESENTATION (  '', ( #731 ), #152 ) ;
#1786 = CARTESIAN_POINT ( 'NONE',  ( -9.500000000000000000, 8.499999999999992895, -6.500000000000000000 ) ) ;
#1787 = AXIS2_PLACEMENT_3D ( 'NONE', #599, #770, #755 ) ;
#1788 = PLANE ( 'NONE',  #565 ) ;
#1789 = DIRECTION ( 'NONE',  ( -0.000000000000000000, 0.000000000000000000, -1.000000000000000000 ) ) ;
#1790 = VERTEX_POINT ( 'NONE', #1424 ) ;
#1791 = VECTOR ( 'NONE', #388, 1000.000000000000000 ) ;
#1792 = VERTEX_POINT ( 'NONE', #627 ) ;
#1793 = FACE_OUTER_BOUND ( 'NONE', #2001, .T. ) ;
#1794 = CARTESIAN_POINT ( 'NONE',  ( -7.500000000000000000, 5.500000000000000000, 6.000000000000000000 ) ) ;
#1795 = ADVANCED_FACE ( 'NONE', ( #80 ), #1988, .F. ) ;
#1796 = VECTOR ( 'NONE', #794, 1000.000000000000000 ) ;
#1797 = DIRECTION ( 'NONE',  ( 1.000000000000000000, 1.224646799147353454E-16, 0.000000000000000000 ) ) ;
#1798 = FACE_OUTER_BOUND ( 'NONE', #1594, .T. ) ;
#1799 = EDGE_CURVE ( 'NONE', #1415, #1859, #1978, .T. ) ;
#1800 = CARTESIAN_POINT ( 'NONE',  ( -7.250000000000000000, -2.000000000000000000, -6.500000000000000000 ) ) ;
#1801 = ORIENTED_EDGE ( 'NONE', *, *, #1574, .F. ) ;
#1802 = ORIENTED_EDGE ( 'NONE', *, *, #1593, .F. ) ;
#1803 = DIRECTION ( 'NONE',  ( -0.000000000000000000, 0.000000000000000000, 1.000000000000000000 ) ) ;
#1804 = EDGE_CURVE ( 'NONE', #64, #1275, #382, .T. ) ;
#1805 = FACE_OUTER_BOUND ( 'NONE', #801, .T. ) ;
#1806 = EDGE_LOOP ( 'NONE', ( #735, #1802 ) ) ;
#1807 = VECTOR ( 'NONE', #95, 1000.000000000000000 ) ;
#1808 = DIRECTION ( 'NONE',  ( 1.000000000000000000, 0.000000000000000000, 0.000000000000000000 ) ) ;
#1809 = ORIENTED_EDGE ( 'NONE', *, *, #1951, .F. ) ;
#1810 = EDGE_CURVE ( 'NONE', #906, #885, #1864, .T. ) ;
#1811 = EDGE_LOOP ( 'NONE', ( #1604, #1990, #563, #444, #786, #1056 ) ) ;
#1812 = PLANE ( 'NONE',  #1645 ) ;
#1813 = PLANE ( 'NONE',  #174 ) ;
#1814 = LINE ( 'NONE', #1656, #1026 ) ;
#1815 = VECTOR ( 'NONE', #1902, 1000.000000000000000 ) ;
#1816 = ADVANCED_FACE ( 'NONE', ( #536 ), #1528, .F. ) ;
#1817 = VECTOR ( 'NONE', #63, 1000.000000000000000 ) ;
#1818 = DIRECTION ( 'NONE',  ( 0.000000000000000000, -0.000000000000000000, 1.000000000000000000 ) ) ;
#1819 = EDGE_CURVE ( 'NONE', #192, #1881, #369, .T. ) ;
#1820 = ORIENTED_EDGE ( 'NONE', *, *, #1593, .T. ) ;
#1821 = CYLINDRICAL_SURFACE ( 'NONE', #454, 1.100000000000000311 ) ;
#1822 = VERTEX_POINT ( 'NONE', #1679 ) ;
#1823 = VECTOR ( 'NONE', #1522, 1000.000000000000000 ) ;
#1824 = DIRECTION ( 'NONE',  ( 1.000000000000000000, -8.673617379884051249E-16, 0.000000000000000000 ) ) ;
#1825 = CARTESIAN_POINT ( 'NONE',  ( -5.799999999999998046, 9.499999999999998224, -6.500000000000000000 ) ) ;
#1826 = VECTOR ( 'NONE', #927, 1000.000000000000000 ) ;
#1827 = DIRECTION ( 'NONE',  ( -0.7071067811865490160, 4.543091604987787386E-16, -0.7071067811865460184 ) ) ;
#1828 = ORIENTED_EDGE ( 'NONE', *, *, #71, .T. ) ;
#1829 = DIRECTION ( 'NONE',  ( -1.000000000000000000, 1.826024711554533667E-16, 0.000000000000000000 ) ) ;
#1830 = LINE ( 'NONE', #370, #779 ) ;
#1831 = ORIENTED_EDGE ( 'NONE', *, *, #1951, .T. ) ;
#1832 = PLANE ( 'NONE',  #221 ) ;
#1833 = CARTESIAN_POINT ( 'NONE',  ( -8.499999999999998224, 9.499999999999998224, -8.500000000000000000 ) ) ;
#1834 = CARTESIAN_POINT ( 'NONE',  ( -6.500000000000005329, -2.000000000000010214, 9.000000000000001776 ) ) ;
#1835 = LINE ( 'NONE', #406, #1386 ) ;
#1836 = CARTESIAN_POINT ( 'NONE',  ( -9.499999999999998224, -1.220731334946642015E-15, -8.500000000000000000 ) ) ;
#1837 = ORIENTED_EDGE ( 'NONE', *, *, #317, .F. ) ;
#1838 = ADVANCED_FACE ( 'NONE', ( #859 ), #1849, .F. ) ;
#1839 = LINE ( 'NONE', #919, #1194 ) ;
#1840 = EDGE_CURVE ( 'NONE', #2019, #1170, #1014, .T. ) ;
#1841 = PLANE ( 'NONE',  #643 ) ;
#1842 = DIRECTION ( 'NONE',  ( -1.000000000000000000, 6.424901762877067440E-16, 0.000000000000000000 ) ) ;
#1843 = CARTESIAN_POINT ( 'NONE',  ( 8.750000000000000000, -2.000000000000000000, -8.500000000000000000 ) ) ;
#1844 = EDGE_LOOP ( 'NONE', ( #2009, #1591, #1252, #1883 ) ) ;
#1845 = VECTOR ( 'NONE', #1270, 1000.000000000000000 ) ;
#1846 = DIRECTION ( 'NONE',  ( 0.000000000000000000, 0.000000000000000000, 1.000000000000000000 ) ) ;
#1847 = COLOUR_RGB ( '',0.7921568627450980005, 0.8196078431372548767, 0.9333333333333333481 ) ;
#1848 = ORIENTED_EDGE ( 'NONE', *, *, #79, .F. ) ;
#1849 = PLANE ( 'NONE',  #183 ) ;
#1850 = LINE ( 'NONE', #860, #975 ) ;
#1851 = EDGE_LOOP ( 'NONE', ( #1266, #1241, #32, #129 ) ) ;
#1852 = DIRECTION ( 'NONE',  ( -1.747384728515250075E-16, -0.000000000000000000, 1.000000000000000000 ) ) ;
#1853 = CARTESIAN_POINT ( 'NONE',  ( -7.500000000000001776, 3.499999999999999112, -4.000000000000000000 ) ) ;
#1854 = EDGE_LOOP ( 'NONE', ( #219, #1687, #127, #873 ) ) ;
#1855 = DIRECTION ( 'NONE',  ( 0.000000000000000000, 0.000000000000000000, -1.000000000000000000 ) ) ;
#1856 = DIRECTION ( 'NONE',  ( -1.000000000000000000, 0.000000000000000000, 0.000000000000000000 ) ) ;
#1857 = VECTOR ( 'NONE', #91, 1000.000000000000000 ) ;
#1858 = AXIS2_PLACEMENT_3D ( 'NONE', #1293, #1636, #673 ) ;
#1859 = VERTEX_POINT ( 'NONE', #871 ) ;
#1860 = CARTESIAN_POINT ( 'NONE',  ( 5.750000000000000000, -2.000000000000000000, -6.500000000000000000 ) ) ;
#1861 = ORIENTED_EDGE ( 'NONE', *, *, #1677, .T. ) ;
#1862 = ADVANCED_FACE ( 'NONE', ( #1515 ), #1691, .F. ) ;
#1863 = DIRECTION ( 'NONE',  ( -0.000000000000000000, -0.000000000000000000, -1.000000000000000000 ) ) ;
#1864 = LINE ( 'NONE', #200, #1192 ) ;
#1865 = PLANE ( 'NONE',  #2104 ) ;
#1866 = ORIENTED_EDGE ( 'NONE', *, *, #537, .T. ) ;
#1867 = CARTESIAN_POINT ( 'NONE',  ( -1.500000000000000000, -4.000000000000003553, -8.500000000000000000 ) ) ;
#1868 = LINE ( 'NONE', #1065, #1300 ) ;
#1869 = DIRECTION ( 'NONE',  ( 0.000000000000000000, 0.000000000000000000, -1.000000000000000000 ) ) ;
#1870 = EDGE_LOOP ( 'NONE', ( #966, #1013, #1464, #2087 ) ) ;
#1871 = LINE ( 'NONE', #230, #328 ) ;
#1872 = ORIENTED_EDGE ( 'NONE', *, *, #213, .T. ) ;
#1873 = CARTESIAN_POINT ( 'NONE',  ( -5.750000000000000000, -2.000000000000000000, -8.500000000000000000 ) ) ;
#1874 = FACE_OUTER_BOUND ( 'NONE', #72, .T. ) ;
#1875 = EDGE_CURVE ( 'NONE', #1891, #1067, #65, .T. ) ;
#1876 = ORIENTED_EDGE ( 'NONE', *, *, #993, .T. ) ;
#1877 = ADVANCED_FACE ( 'NONE', ( #1160 ), #1821, .F. ) ;
#1878 = CARTESIAN_POINT ( 'NONE',  ( 5.478074134663600261E-16, -3.999999999999998224, -8.500000000000000000 ) ) ;
#1879 = ORIENTED_EDGE ( 'NONE', *, *, #245, .F. ) ;
#1880 = DIRECTION ( 'NONE',  ( 0.000000000000000000, 0.000000000000000000, -1.000000000000000000 ) ) ;
#1881 = VERTEX_POINT ( 'NONE', #1495 ) ;
#1882 = LINE ( 'NONE', #1721, #1113 ) ;
#1883 = ORIENTED_EDGE ( 'NONE', *, *, #1368, .T. ) ;
#1884 = CYLINDRICAL_SURFACE ( 'NONE', #1205, 1.000000000000000000 ) ;
#1885 = EDGE_CURVE ( 'NONE', #1881, #1218, #400, .T. ) ;
#1886 = VECTOR ( 'NONE', #1480, 1000.000000000000000 ) ;
#1887 = VERTEX_POINT ( 'NONE', #1485 ) ;
#1888 = AXIS2_PLACEMENT_3D ( 'NONE', #1177, #1827, #710 ) ;
#1889 = ADVANCED_FACE ( 'NONE', ( #552 ), #1185, .F. ) ;
#1890 = LINE ( 'NONE', #434, #1442 ) ;
#1891 = VERTEX_POINT ( 'NONE', #1176 ) ;
#1892 = FACE_BOUND ( 'NONE', #165, .T. ) ;
#1893 = VECTOR ( 'NONE', #668, 1000.000000000000000 ) ;
#1894 = VERTEX_POINT ( 'NONE', #697 ) ;
#1895 = CARTESIAN_POINT ( 'NONE',  ( 6.150000000000000355, -2.000000000000000000, 1.500000000000000444 ) ) ;
#1896 = VECTOR ( 'NONE', #640, 1000.000000000000000 ) ;
#1897 = CARTESIAN_POINT ( 'NONE',  ( 9.500000000000007105, 8.499999999999996447, -6.500000000000000000 ) ) ;
#1898 = CARTESIAN_POINT ( 'NONE',  ( -9.500000000000000000, 8.499999999999992895, -8.500000000000000000 ) ) ;
#1899 = ORIENTED_EDGE ( 'NONE', *, *, #993, .F. ) ;
#1900 = ORIENTED_EDGE ( 'NONE', *, *, #1499, .T. ) ;
#1901 = CARTESIAN_POINT ( 'NONE',  ( -7.500000000000001776, -9.637352644315600666E-16, 8.000000000000000000 ) ) ;
#1902 = DIRECTION ( 'NONE',  ( -1.000000000000000000, 1.734723475976806848E-16, -0.000000000000000000 ) ) ;
#1903 = EDGE_CURVE ( 'NONE', #827, #2100, #1325, .T. ) ;
#1904 = DIRECTION ( 'NONE',  ( -0.000000000000000000, -0.000000000000000000, -1.000000000000000000 ) ) ;
#1905 = LINE ( 'NONE', #783, #1511 ) ;
#1906 = DIRECTION ( 'NONE',  ( 4.336808689942017736E-16, 1.000000000000000000, 0.000000000000000000 ) ) ;
#1907 = EDGE_LOOP ( 'NONE', ( #484, #54, #346, #841, #25 ) ) ;
#1908 = DIRECTION ( 'NONE',  ( 0.000000000000000000, -0.000000000000000000, 1.000000000000000000 ) ) ;
#1909 = AXIS2_PLACEMENT_3D ( 'NONE', #1557, #911, #897 ) ;
#1910 = EDGE_CURVE ( 'NONE', #18, #322, #376, .T. ) ;
#1911 = ORIENTED_EDGE ( 'NONE', *, *, #1734, .T. ) ;
#1912 = CARTESIAN_POINT ( 'NONE',  ( -9.499999999999998224, -4.000000000000000000, -6.500000000000000000 ) ) ;
#1913 = EDGE_CURVE ( 'NONE', #832, #131, #2085, .T. ) ;
#1914 = VERTEX_POINT ( 'NONE', #1671 ) ;
#1915 = DIRECTION ( 'NONE',  ( -1.000000000000000000, 1.826024711554533913E-16, 0.000000000000000000 ) ) ;
#1916 = DIRECTION ( 'NONE',  ( -1.000000000000000000, 1.826024711554533667E-16, 0.000000000000000000 ) ) ;
#1917 = DIRECTION ( 'NONE',  ( 0.000000000000000000, 0.000000000000000000, -1.000000000000000000 ) ) ;
#1918 = DIRECTION ( 'NONE',  ( -0.000000000000000000, -0.000000000000000000, -1.000000000000000000 ) ) ;
#1919 = ORIENTED_EDGE ( 'NONE', *, *, #935, .F. ) ;
#1920 = VECTOR ( 'NONE', #633, 1000.000000000000000 ) ;
#1921 = PLANE ( 'NONE',  #1722 ) ;
#1922 = ORIENTED_EDGE ( 'NONE', *, *, #867, .F. ) ;
#1923 = DIRECTION ( 'NONE',  ( 1.000000000000000000, -5.561455489089372176E-16, 0.000000000000000000 ) ) ;
#1924 = VECTOR ( 'NONE', #1556, 1000.000000000000000 ) ;
#1925 = ORIENTED_EDGE ( 'NONE', *, *, #377, .T. ) ;
#1926 = CARTESIAN_POINT ( 'NONE',  ( -4.999999999999995559, 0.000000000000000000, 6.000000000000000000 ) ) ;
#1927 = LINE ( 'NONE', #837, #225 ) ;
#1928 =( NAMED_UNIT ( * ) SI_UNIT ( $, .STERADIAN. ) SOLID_ANGLE_UNIT ( ) );
#1929 = VECTOR ( 'NONE', #1972, 1000.000000000000000 ) ;
#1930 = DIRECTION ( 'NONE',  ( 0.000000000000000000, 0.000000000000000000, 1.000000000000000000 ) ) ;
#1931 = ADVANCED_FACE ( 'NONE', ( #1684 ), #1813, .F. ) ;
#1932 = EDGE_CURVE ( 'NONE', #303, #2062, #1509, .T. ) ;
#1933 = VECTOR ( 'NONE', #1657, 1000.000000000000000 ) ;
#1934 = VERTEX_POINT ( 'NONE', #1825 ) ;
#1935 = CARTESIAN_POINT ( 'NONE',  ( 5.419354838709679711, 7.999999999999994671, -2.574993812061304954 ) ) ;
#1936 = ORIENTED_EDGE ( 'NONE', *, *, #669, .T. ) ;
#1937 = EDGE_LOOP ( 'NONE', ( #1116, #1234, #1356, #438 ) ) ;
#1938 = LINE ( 'NONE', #670, #2096 ) ;
#1939 = LINE ( 'NONE', #1570, #137 ) ;
#1940 = FILL_AREA_STYLE_COLOUR ( '', #1847 ) ;
#1941 = CARTESIAN_POINT ( 'NONE',  ( -7.250000000000000000, -2.000000000000000000, -6.500000000000000000 ) ) ;
#1942 = ORIENTED_EDGE ( 'NONE', *, *, #1438, .F. ) ;
#1943 = ORIENTED_EDGE ( 'NONE', *, *, #1734, .F. ) ;
#1944 = APPLICATION_PROTOCOL_DEFINITION ( 'draft international standard', 'automotive_design', 1998, #796 ) ;
#1945 = VECTOR ( 'NONE', #730, 1000.000000000000114 ) ;
#1946 = CARTESIAN_POINT ( 'NONE',  ( 1.552121004821354048E-15, 8.500000000000001776, 8.000000000000000000 ) ) ;
#1947 = ORIENTED_EDGE ( 'NONE', *, *, #1652, .F. ) ;
#1948 = SURFACE_SIDE_STYLE ('',( #1444 ) ) ;
#1949 = CARTESIAN_POINT ( 'NONE',  ( -7.250000000000000000, -2.000000000000000000, 1.500000000000000444 ) ) ;
#1950 = ORIENTED_EDGE ( 'NONE', *, *, #343, .T. ) ;
#1951 = EDGE_CURVE ( 'NONE', #570, #1649, #1018, .T. ) ;
#1952 = ORIENTED_EDGE ( 'NONE', *, *, #1625, .T. ) ;
#1953 = VECTOR ( 'NONE', #1264, 1000.000000000000000 ) ;
#1954 = LINE ( 'NONE', #1895, #580 ) ;
#1955 = VECTOR ( 'NONE', #2113, 1000.000000000000000 ) ;
#1956 = EDGE_CURVE ( 'NONE', #283, #547, #1021, .T. ) ;
#1957 = CARTESIAN_POINT ( 'NONE',  ( -4.999999999999995559, 0.000000000000000000, -6.500000000000000000 ) ) ;
#1958 = VECTOR ( 'NONE', #2063, 1000.000000000000000 ) ;
#1959 = DIRECTION ( 'NONE',  ( 0.7071067811865487940, -0.7071067811865462405, 0.000000000000000000 ) ) ;
#1960 = LINE ( 'NONE', #497, #17 ) ;
#1961 = ORIENTED_EDGE ( 'NONE', *, *, #1782, .T. ) ;
#1962 = ORIENTED_EDGE ( 'NONE', *, *, #1417, .T. ) ;
#1963 = PLANE ( 'NONE',  #732 ) ;
#1964 = DIRECTION ( 'NONE',  ( -0.000000000000000000, 0.000000000000000000, 1.000000000000000000 ) ) ;
#1965 = PRODUCT_DEFINITION ( 'UNKNOWN', '', #143, #1608 ) ;
#1966 = EDGE_CURVE ( 'NONE', #435, #87, #46, .T. ) ;
#1967 = ORIENTED_EDGE ( 'NONE', *, *, #629, .F. ) ;
#1968 = CLOSED_SHELL ( 'NONE', ( #1659, #1186, #451, #843, #1653, #446, #1816, #1753, #133, #2111, #1200, #16, #1490, #1087, #1058, #1997, #1242, #910, #1618, #515, #703, #679, #768, #1877, #372, #1931, #1795, #1162, #1411, #473, #1463, #341, #1262, #937, #1, #1503, #1664, #1862, #1429, #1459, #658 ) ) ;
#1969 = ORIENTED_EDGE ( 'NONE', *, *, #1688, .F. ) ;
#1970 = CARTESIAN_POINT ( 'NONE',  ( -5.000000000000000888, 3.499999999999999556, 6.000000000000000000 ) ) ;
#1971 = EDGE_CURVE ( 'NONE', #512, #1255, #1416, .T. ) ;
#1972 = DIRECTION ( 'NONE',  ( -1.000000000000000000, 1.826024711554533174E-16, 0.000000000000000000 ) ) ;
#1973 = CARTESIAN_POINT ( 'NONE',  ( 7.250000000000000000, -2.000000000000000000, 1.500000000000000444 ) ) ;
#1974 = EDGE_CURVE ( 'NONE', #429, #2003, #1086, .T. ) ;
#1975 = AXIS2_PLACEMENT_3D ( 'NONE', #1391, #1719, #2024 ) ;
#1976 = DIRECTION ( 'NONE',  ( -0.5773502691896255090, 0.5773502691896233996, 0.5773502691896283956 ) ) ;
#1977 = ORIENTED_EDGE ( 'NONE', *, *, #1497, .F. ) ;
#1978 = LINE ( 'NONE', #1360, #932 ) ;
#1979 = ORIENTED_EDGE ( 'NONE', *, *, #159, .T. ) ;
#1980 = CYLINDRICAL_SURFACE ( 'NONE', #1138, 1.099999999999999423 ) ;
#1981 = PLANE ( 'NONE',  #1991 ) ;
#1982 = DIRECTION ( 'NONE',  ( 0.000000000000000000, 0.000000000000000000, 1.000000000000000000 ) ) ;
#1983 = CARTESIAN_POINT ( 'NONE',  ( 9.500000000000007105, 9.499999999999994671, 6.999999999999998224 ) ) ;
#1984 = AXIS2_PLACEMENT_3D ( 'NONE', #821, #1458, #284 ) ;
#1985 = ORIENTED_EDGE ( 'NONE', *, *, #814, .F. ) ;
#1986 = CARTESIAN_POINT ( 'NONE',  ( 7.250000000000000000, -2.000000000000000000, -8.500000000000000000 ) ) ;
#1987 = ORIENTED_EDGE ( 'NONE', *, *, #609, .T. ) ;
#1988 = PLANE ( 'NONE',  #2014 ) ;
#1989 = EDGE_CURVE ( 'NONE', #1159, #918, #752, .T. ) ;
#1990 = ORIENTED_EDGE ( 'NONE', *, *, #1297, .T. ) ;
#1991 = AXIS2_PLACEMENT_3D ( 'NONE', #45, #551, #1030 ) ;
#1992 = DIRECTION ( 'NONE',  ( 1.000000000000000000, 0.000000000000000000, 0.000000000000000000 ) ) ;
#1993 = CARTESIAN_POINT ( 'NONE',  ( -9.500000000000000000, 9.499999999999998224, 5.999999999999993783 ) ) ;
#1994 = LINE ( 'NONE', #1983, #1896 ) ;
#1995 = AXIS2_PLACEMENT_3D ( 'NONE', #1733, #266, #124 ) ;
#1996 = CARTESIAN_POINT ( 'NONE',  ( 6.000000000000000000, -1.095614826932720447E-15, -6.500000000000000000 ) ) ;
#1997 = ADVANCED_FACE ( 'NONE', ( #589 ), #1074, .T. ) ;
#1998 = EDGE_LOOP ( 'NONE', ( #163, #753, #1555, #1085 ) ) ;
#1999 = DIRECTION ( 'NONE',  ( 1.000000000000000000, 0.000000000000000000, 0.000000000000000000 ) ) ;
#2000 = ADVANCED_FACE ( 'NONE', ( #457, #1892, #1740 ), #1221, .T. ) ;
#2001 = EDGE_LOOP ( 'NONE', ( #1016, #780, #882, #1008 ) ) ;
#2002 = CARTESIAN_POINT ( 'NONE',  ( -5.419354838709677935, 7.999999999999998224, -2.574993812061302734 ) ) ;
#2003 = VERTEX_POINT ( 'NONE', #1244 ) ;
#2004 = CARTESIAN_POINT ( 'NONE',  ( 7.500000000000001776, -3.558768217243352750E-15, -6.500000000000000000 ) ) ;
#2005 = ORIENTED_EDGE ( 'NONE', *, *, #714, .F. ) ;
#2006 = DIRECTION ( 'NONE',  ( -0.000000000000000000, 0.000000000000000000, 1.000000000000000000 ) ) ;
#2007 = VECTOR ( 'NONE', #1982, 1000.000000000000000 ) ;
#2008 = CARTESIAN_POINT ( 'NONE',  ( 9.499999999999998224, -2.999999999999989786, -6.500000000000000000 ) ) ;
#2009 = ORIENTED_EDGE ( 'NONE', *, *, #321, .T. ) ;
#2010 = DIRECTION ( 'NONE',  ( -1.000000000000000000, 0.000000000000000000, 0.000000000000000000 ) ) ;
#2011 = LINE ( 'NONE', #1042, #638 ) ;
#2012 = EDGE_CURVE ( 'NONE', #1859, #64, #273, .T. ) ;
#2013 = VERTEX_POINT ( 'NONE', #1098 ) ;
#2014 = AXIS2_PLACEMENT_3D ( 'NONE', #40, #880, #2006 ) ;
#2015 = DIRECTION ( 'NONE',  ( -0.000000000000000000, -0.000000000000000000, 1.000000000000000000 ) ) ;
#2016 = AXIS2_PLACEMENT_3D ( 'NONE', #519, #348, #1009 ) ;
#2017 = PLANE ( 'NONE',  #851 ) ;
#2018 = DIRECTION ( 'NONE',  ( -1.000000000000000000, 0.000000000000000000, 0.000000000000000000 ) ) ;
#2019 = VERTEX_POINT ( 'NONE', #921 ) ;
#2020 = ADVANCED_FACE ( 'NONE', ( #414 ), #1066, .F. ) ;
#2021 = DIRECTION ( 'NONE',  ( 1.000000000000000000, -0.000000000000000000, -0.000000000000000000 ) ) ;
#2022 = CARTESIAN_POINT ( 'NONE',  ( 7.250000000000000000, -2.000000000000000000, -8.500000000000000000 ) ) ;
#2023 = EDGE_LOOP ( 'NONE', ( #1110, #808, #1985, #1423 ) ) ;
#2024 = DIRECTION ( 'NONE',  ( 0.000000000000000000, 0.000000000000000000, 1.000000000000000000 ) ) ;
#2025 = CIRCLE ( 'NONE', #1240, 0.1999999999999996503 ) ;
#2026 = VECTOR ( 'NONE', #1906, 1000.000000000000000 ) ;
#2027 = VERTEX_POINT ( 'NONE', #295 ) ;
#2028 = CARTESIAN_POINT ( 'NONE',  ( 6.000000000000001776, 9.499999999999994671, -6.500000000000000000 ) ) ;
#2029 = AXIS2_PLACEMENT_3D ( 'NONE', #782, #1559, #1235 ) ;
#2030 = EDGE_CURVE ( 'NONE', #1526, #294, #765, .T. ) ;
#2031 = EDGE_LOOP ( 'NONE', ( #1741, #384 ) ) ;
#2032 = DIRECTION ( 'NONE',  ( -1.000000000000000000, -1.369518533665900558E-16, 0.000000000000000000 ) ) ;
#2033 = ORIENTED_EDGE ( 'NONE', *, *, #865, .F. ) ;
#2034 = DIRECTION ( 'NONE',  ( -0.000000000000000000, 0.000000000000000000, 1.000000000000000000 ) ) ;
#2035 = CARTESIAN_POINT ( 'NONE',  ( 2.746645503629943251E-15, 9.499999999999996447, -8.500000000000000000 ) ) ;
#2036 = EDGE_CURVE ( 'NONE', #1637, #192, #1565, .T. ) ;
#2037 = ORIENTED_EDGE ( 'NONE', *, *, #242, .F. ) ;
#2038 = CIRCLE ( 'NONE', #1047, 1.100000000000000311 ) ;
#2039 = EDGE_CURVE ( 'NONE', #1649, #570, #1566, .T. ) ;
#2040 = CARTESIAN_POINT ( 'NONE',  ( -5.999999999999998224, 9.499999999999998224, 0.000000000000000000 ) ) ;
#2041 = EDGE_LOOP ( 'NONE', ( #511, #1754 ) ) ;
#2042 = ADVANCED_FACE ( 'NONE', ( #743 ), #106, .T. ) ;
#2043 = DIRECTION ( 'NONE',  ( 1.000000000000000000, 1.369518533665900558E-16, 0.000000000000000000 ) ) ;
#2044 = EDGE_LOOP ( 'NONE', ( #1049, #425, #1624, #1658 ) ) ;
#2045 = DIRECTION ( 'NONE',  ( 1.000000000000000000, 0.000000000000000000, -0.000000000000000000 ) ) ;
#2046 = ORIENTED_EDGE ( 'NONE', *, *, #1136, .F. ) ;
#2047 = CARTESIAN_POINT ( 'NONE',  ( 0.000000000000000000, 0.000000000000000000, -8.500000000000000000 ) ) ;
#2048 = ORIENTED_EDGE ( 'NONE', *, *, #1784, .T. ) ;
#2049 = DIRECTION ( 'NONE',  ( 0.000000000000000000, 0.000000000000000000, -1.000000000000000000 ) ) ;
#2050 = UNCERTAINTY_MEASURE_WITH_UNIT (LENGTH_MEASURE( 1.000000000000000082E-05 ), #333, 'distance_accuracy_value', 'NONE');
#2051 = DIRECTION ( 'NONE',  ( 0.000000000000000000, 0.000000000000000000, 1.000000000000000000 ) ) ;
#2052 = DIRECTION ( 'NONE',  ( -0.7071067811865479058, 0.7071067811865471286, 0.000000000000000000 ) ) ;
#2053 = CARTESIAN_POINT ( 'NONE',  ( 1.369518533665899621E-15, 7.499999999999996447, 0.000000000000000000 ) ) ;
#2054 = AXIS2_PLACEMENT_3D ( 'NONE', #1532, #894, #1543 ) ;
#2055 = ORIENTED_EDGE ( 'NONE', *, *, #689, .F. ) ;
#2056 = CARTESIAN_POINT ( 'NONE',  ( -5.000000000000000888, 4.500000000000000000, 6.000000000000000000 ) ) ;
#2057 = AXIS2_PLACEMENT_3D ( 'NONE', #2004, #1491, #698 ) ;
#2058 = CYLINDRICAL_SURFACE ( 'NONE', #1752, 0.1999999999999996503 ) ;
#2059 = ORIENTED_EDGE ( 'NONE', *, *, #1548, .F. ) ;
#2060 = LINE ( 'NONE', #1751, #103 ) ;
#2061 = EDGE_CURVE ( 'NONE', #1225, #429, #2060, .T. ) ;
#2062 = VERTEX_POINT ( 'NONE', #1578 ) ;
#2063 = DIRECTION ( 'NONE',  ( -1.000000000000000000, 2.312964634635741971E-16, 0.000000000000000000 ) ) ;
#2064 = VECTOR ( 'NONE', #1496, 1000.000000000000000 ) ;
#2065 = CARTESIAN_POINT ( 'NONE',  ( 7.250000000000000000, -2.000000000000000000, -8.500000000000000000 ) ) ;
#2066 = ORIENTED_EDGE ( 'NONE', *, *, #1757, .F. ) ;
#2067 = DIRECTION ( 'NONE',  ( 2.891205793294678326E-16, 1.000000000000000000, 0.000000000000000000 ) ) ;
#2068 = CARTESIAN_POINT ( 'NONE',  ( -5.419354838709676159, 9.499999999999998224, -2.574993812061302734 ) ) ;
#2069 = EDGE_CURVE ( 'NONE', #306, #570, #121, .T. ) ;
#2070 = ORIENTED_EDGE ( 'NONE', *, *, #308, .T. ) ;
#2071 = EDGE_CURVE ( 'NONE', #1323, #1278, #251, .T. ) ;
#2072 = LINE ( 'NONE', #616, #387 ) ;
#2073 = CARTESIAN_POINT ( 'NONE',  ( 2.746645503629943251E-15, 9.499999999999996447, -6.500000000000000000 ) ) ;
#2074 = ORIENTED_EDGE ( 'NONE', *, *, #1885, .F. ) ;
#2075 = CARTESIAN_POINT ( 'NONE',  ( 9.500000000000007105, 9.499999999999994671, -6.500000000000000000 ) ) ;
#2076 = VERTEX_POINT ( 'NONE', #1380 ) ;
#2077 = CARTESIAN_POINT ( 'NONE',  ( -9.499999999999998224, -1.220731334946642015E-15, -6.500000000000000000 ) ) ;
#2078 = DIRECTION ( 'NONE',  ( -1.000000000000000000, 0.000000000000000000, 0.000000000000000000 ) ) ;
#2079 = CARTESIAN_POINT ( 'NONE',  ( 7.250000000000000000, -2.000000000000000000, 1.500000000000000444 ) ) ;
#2080 = ORIENTED_EDGE ( 'NONE', *, *, #1966, .T. ) ;
#2081 = DIRECTION ( 'NONE',  ( 1.000000000000000000, 0.000000000000000000, 0.000000000000000000 ) ) ;
#2082 = ORIENTED_EDGE ( 'NONE', *, *, #867, .T. ) ;
#2083 = CARTESIAN_POINT ( 'NONE',  ( 9.500000000000005329, 8.499999999999992895, -6.500000000000000000 ) ) ;
#2084 = DIRECTION ( 'NONE',  ( 0.000000000000000000, 0.000000000000000000, 1.000000000000000000 ) ) ;
#2085 = CIRCLE ( 'NONE', #1462, 0.1999999999999996503 ) ;
#2086 = ORIENTED_EDGE ( 'NONE', *, *, #1989, .F. ) ;
#2087 = ORIENTED_EDGE ( 'NONE', *, *, #1129, .T. ) ;
#2088 = CARTESIAN_POINT ( 'NONE',  ( 7.500000000000005329, 7.999999999999996447, -6.500000000000000000 ) ) ;
#2089 = DIRECTION ( 'NONE',  ( -1.000000000000000000, 0.000000000000000000, 0.000000000000000000 ) ) ;
#2090 = EDGE_CURVE ( 'NONE', #2003, #739, #579, .T. ) ;
#2091 = EDGE_CURVE ( 'NONE', #42, #1571, #1546, .T. ) ;
#2092 = DIRECTION ( 'NONE',  ( -1.000000000000000000, 2.312964634635742464E-16, 0.000000000000000000 ) ) ;
#2093 = FILL_AREA_STYLE_COLOUR ( '', #694 ) ;
#2094 = CARTESIAN_POINT ( 'NONE',  ( -8.499999999999989342, -4.000000000000000000, -6.500000000000000000 ) ) ;
#2095 = EDGE_LOOP ( 'NONE', ( #1492, #60, #1765, #1943 ) ) ;
#2096 = VECTOR ( 'NONE', #1852, 1000.000000000000000 ) ;
#2097 = DIRECTION ( 'NONE',  ( 1.734723475976806848E-16, 1.000000000000000000, 0.000000000000000000 ) ) ;
#2098 = VERTEX_POINT ( 'NONE', #1307 ) ;
#2099 = PLANE ( 'NONE',  #1222 ) ;
#2100 = VERTEX_POINT ( 'NONE', #1268 ) ;
#2101 = PLANE ( 'NONE',  #214 ) ;
#2102 = DIRECTION ( 'NONE',  ( -1.000000000000000000, 2.312964634635741971E-16, -0.000000000000000000 ) ) ;
#2103 = ORIENTED_EDGE ( 'NONE', *, *, #110, .T. ) ;
#2104 = AXIS2_PLACEMENT_3D ( 'NONE', #408, #872, #1039 ) ;
#2105 = CARTESIAN_POINT ( 'NONE',  ( 7.500000000000001776, -3.558768217243352750E-15, -6.500000000000000000 ) ) ;
#2106 = EDGE_LOOP ( 'NONE', ( #423, #260, #2055, #1062, #641 ) ) ;
#2107 = LINE ( 'NONE', #318, #471 ) ;
#2108 = ORIENTED_EDGE ( 'NONE', *, *, #1287, .T. ) ;
#2109 = ORIENTED_EDGE ( 'NONE', *, *, #711, .F. ) ;
#2110 = DIRECTION ( 'NONE',  ( -1.000000000000000000, 2.312964634635741971E-16, 0.000000000000000000 ) ) ;
#2111 = ADVANCED_FACE ( 'NONE', ( #1793 ), #2099, .F. ) ;
#2112 = ORIENTED_EDGE ( 'NONE', *, *, #2090, .T. ) ;
#2113 = DIRECTION ( 'NONE',  ( 0.000000000000000000, -1.000000000000000000, 0.000000000000000000 ) ) ;
ENDSEC;
END-ISO-10303-21;
