ISO-10303-21;
HEADER;
FILE_DESCRIPTION (( 'STEP AP214' ),
    '1' );
FILE_NAME ('Part88^low_level_power_assembly.STEP',
    '2026-03-06T19:06:00',
    ( '' ),
    ( '' ),
    'SwSTEP 2.0',
    'SolidWorks 2025',
    '' );
FILE_SCHEMA (( 'AUTOMOTIVE_DESIGN' ));
ENDSEC;

DATA;
#1 = ORIENTED_EDGE ( 'NONE', *, *, #1319, .F. ) ;
#2 = CARTESIAN_POINT ( 'NONE',  ( -16.50000000000000000, -3.000000000000000000, -3.850000000000000977 ) ) ;
#3 = CYLINDRICAL_SURFACE ( 'NONE', #160, 1.000000000000000888 ) ;
#4 = CARTESIAN_POINT ( 'NONE',  ( 5.119999999999997442, 3.500000000000000000, -39.04000000000000625 ) ) ;
#5 = DIRECTION ( 'NONE',  ( -0.000000000000000000, 0.000000000000000000, -1.000000000000000000 ) ) ;
#6 = ORIENTED_EDGE ( 'NONE', *, *, #829, .F. ) ;
#7 = ORIENTED_EDGE ( 'NONE', *, *, #1180, .T. ) ;
#8 = CARTESIAN_POINT ( 'NONE',  ( -20.76000000000000156, 2.000000000000000000, 21.65500000000000114 ) ) ;
#9 = CARTESIAN_POINT ( 'NONE',  ( 5.119999999999999218, 5.000000000000000000, 24.64999999999999858 ) ) ;
#10 = CARTESIAN_POINT ( 'NONE',  ( 5.119999999999997442, 3.500000000000000000, -39.04000000000000625 ) ) ;
#11 = EDGE_LOOP ( 'NONE', ( #598, #770 ) ) ;
#12 = ORIENTED_EDGE ( 'NONE', *, *, #329, .T. ) ;
#13 = AXIS2_PLACEMENT_3D ( 'NONE', #381, #375, #1278 ) ;
#14 = ADVANCED_FACE ( 'NONE', ( #974 ), #415, .F. ) ;
#15 = VECTOR ( 'NONE', #172, 1000.000000000000000 ) ;
#16 = CARTESIAN_POINT ( 'NONE',  ( -18.39999999999999858, 2.000000000000000000, 18.66000000000000725 ) ) ;
#17 = CIRCLE ( 'NONE', #844, 1.500000000000001332 ) ;
#18 = DIRECTION ( 'NONE',  ( -1.000000000000000000, 0.000000000000000000, 0.000000000000000000 ) ) ;
#19 = CYLINDRICAL_SURFACE ( 'NONE', #1169, 1.500000000000001332 ) ;
#20 = ORIENTED_EDGE ( 'NONE', *, *, #1450, .F. ) ;
#21 = EDGE_LOOP ( 'NONE', ( #371, #970, #1038, #734 ) ) ;
#22 = FACE_OUTER_BOUND ( 'NONE', #1366, .T. ) ;
#23 = EDGE_CURVE ( 'NONE', #849, #231, #1432, .T. ) ;
#24 = CARTESIAN_POINT ( 'NONE',  ( -1.500000000000001332, -3.000000000000000000, 6.650000000000003020 ) ) ;
#25 = DIRECTION ( 'NONE',  ( -1.000000000000000000, 0.000000000000000000, 0.000000000000000000 ) ) ;
#26 = EDGE_LOOP ( 'NONE', ( #142, #1098, #440, #1358 ) ) ;
#27 = FACE_OUTER_BOUND ( 'NONE', #251, .T. ) ;
#28 = VERTEX_POINT ( 'NONE', #768 ) ;
#29 = CARTESIAN_POINT ( 'NONE',  ( 2.760000000000005560, 5.000000000000000000, 21.65500000000000114 ) ) ;
#30 = FACE_BOUND ( 'NONE', #1461, .T. ) ;
#31 = CARTESIAN_POINT ( 'NONE',  ( -18.39999999999999858, 3.500000000000000000, 24.64999999999999858 ) ) ;
#32 = EDGE_LOOP ( 'NONE', ( #458, #363, #111, #576 ) ) ;
#33 = CARTESIAN_POINT ( 'NONE',  ( -3.700000000000001066, -3.000000000000000000, -20.60000000000000142 ) ) ;
#34 = ORIENTED_EDGE ( 'NONE', *, *, #1219, .F. ) ;
#35 = AXIS2_PLACEMENT_3D ( 'NONE', #1451, #439, #776 ) ;
#36 = LINE ( 'NONE', #1160, #1340 ) ;
#37 = AXIS2_PLACEMENT_3D ( 'NONE', #210, #657, #1211 ) ;
#38 = FACE_OUTER_BOUND ( 'NONE', #851, .T. ) ;
#39 = VECTOR ( 'NONE', #78, 1000.000000000000000 ) ;
#40 = FACE_OUTER_BOUND ( 'NONE', #756, .T. ) ;
#41 = VERTEX_POINT ( 'NONE', #760 ) ;
#42 = ADVANCED_FACE ( 'NONE', ( #1193 ), #433, .F. ) ;
#43 = LINE ( 'NONE', #1403, #1083 ) ;
#44 = ADVANCED_FACE ( 'NONE', ( #211 ), #1213, .T. ) ;
#45 = FACE_OUTER_BOUND ( 'NONE', #448, .T. ) ;
#46 = CARTESIAN_POINT ( 'NONE',  ( -20.76000000000000156, 2.000000000000000000, 22.65500000000000114 ) ) ;
#47 = DIRECTION ( 'NONE',  ( 0.000000000000000000, 1.000000000000000000, -0.000000000000000000 ) ) ;
#48 = EDGE_LOOP ( 'NONE', ( #1281, #474, #976, #1119, #649, #1268 ) ) ;
#49 = CARTESIAN_POINT ( 'NONE',  ( -16.50000000000000000, -3.000000000000000000, -9.849999999999997868 ) ) ;
#50 = ORIENTED_EDGE ( 'NONE', *, *, #807, .F. ) ;
#51 = EDGE_CURVE ( 'NONE', #273, #285, #1456, .T. ) ;
#52 = FACE_BOUND ( 'NONE', #875, .T. ) ;
#53 = CARTESIAN_POINT ( 'NONE',  ( -1.500000000000002442, 5.000000000000000000, -31.35000000000000142 ) ) ;
#54 = CARTESIAN_POINT ( 'NONE',  ( -23.12000000000000455, 5.000000000000000000, -39.03999999999999915 ) ) ;
#55 = ORIENTED_EDGE ( 'NONE', *, *, #1095, .F. ) ;
#56 = CARTESIAN_POINT ( 'NONE',  ( -1.500000000000002442, 5.000000000000000000, -29.84999999999999787 ) ) ;
#57 = EDGE_LOOP ( 'NONE', ( #855, #620, #1298, #895 ) ) ;
#58 = DIRECTION ( 'NONE',  ( -0.000000000000000000, 1.000000000000000000, -0.000000000000000000 ) ) ;
#59 = VECTOR ( 'NONE', #129, 1000.000000000000000 ) ;
#60 = ADVANCED_FACE ( 'NONE', ( #1443 ), #1330, .F. ) ;
#61 = DIRECTION ( 'NONE',  ( -2.723698345072707180E-17, 0.000000000000000000, -1.000000000000000000 ) ) ;
#62 = AXIS2_PLACEMENT_3D ( 'NONE', #408, #775, #1303 ) ;
#63 = CARTESIAN_POINT ( 'NONE',  ( 2.760000000000005560, 2.000000000000000000, 21.65500000000000114 ) ) ;
#64 = VECTOR ( 'NONE', #860, 1000.000000000000000 ) ;
#65 = ORIENTED_EDGE ( 'NONE', *, *, #1153, .F. ) ;
#66 = VECTOR ( 'NONE', #454, 1000.000000000000000 ) ;
#67 = CARTESIAN_POINT ( 'NONE',  ( 0.000000000000000000, 3.500000000000000000, 0.000000000000000000 ) ) ;
#68 = ORIENTED_EDGE ( 'NONE', *, *, #1371, .F. ) ;
#69 = PRODUCT_DEFINITION_SHAPE ( 'NONE', 'NONE',  #1288 ) ;
#70 = PLANE ( 'NONE',  #1224 ) ;
#71 = DIRECTION ( 'NONE',  ( -1.000000000000000000, 0.000000000000000000, 0.000000000000000000 ) ) ;
#72 = DIRECTION ( 'NONE',  ( -0.000000000000000000, 1.000000000000000000, -0.000000000000000000 ) ) ;
#73 = EDGE_CURVE ( 'NONE', #662, #789, #1124, .T. ) ;
#74 = ORIENTED_EDGE ( 'NONE', *, *, #1329, .F. ) ;
#75 = EDGE_CURVE ( 'NONE', #1240, #335, #368, .T. ) ;
#76 = LINE ( 'NONE', #1305, #607 ) ;
#77 = EDGE_LOOP ( 'NONE', ( #548, #1336, #927, #1176 ) ) ;
#78 = DIRECTION ( 'NONE',  ( -1.000000000000000000, 0.000000000000000000, 0.000000000000000000 ) ) ;
#79 = FACE_OUTER_BOUND ( 'NONE', #32, .T. ) ;
#80 = FACE_OUTER_BOUND ( 'NONE', #873, .T. ) ;
#81 = UNCERTAINTY_MEASURE_WITH_UNIT (LENGTH_MEASURE( 1.000000000000000082E-05 ), #608, 'distance_accuracy_value', 'NONE');
#82 = DIRECTION ( 'NONE',  ( -1.000000000000000000, 0.000000000000000000, 0.000000000000000000 ) ) ;
#83 = ADVANCED_FACE ( 'NONE', ( #444 ), #1343, .F. ) ;
#84 = CARTESIAN_POINT ( 'NONE',  ( -20.76000000000000156, 2.000000000000000000, 22.65500000000000114 ) ) ;
#85 = ORIENTED_EDGE ( 'NONE', *, *, #1260, .T. ) ;
#86 = DIRECTION ( 'NONE',  ( 7.350523203291552293E-16, 0.000000000000000000, 1.000000000000000000 ) ) ;
#87 = DIRECTION ( 'NONE',  ( 0.000000000000000000, 1.000000000000000000, 0.000000000000000000 ) ) ;
#88 = LINE ( 'NONE', #1322, #582 ) ;
#89 = VERTEX_POINT ( 'NONE', #1027 ) ;
#90 = AXIS2_PLACEMENT_3D ( 'NONE', #8, #1251, #579 ) ;
#91 = DIRECTION ( 'NONE',  ( 0.000000000000000000, 1.000000000000000000, 0.000000000000000000 ) ) ;
#92 = AXIS2_PLACEMENT_3D ( 'NONE', #1444, #1082, #883 ) ;
#93 = VERTEX_POINT ( 'NONE', #907 ) ;
#94 = EDGE_CURVE ( 'NONE', #1261, #798, #1237, .T. ) ;
#95 = ADVANCED_FACE ( 'NONE', ( #108 ), #19, .F. ) ;
#96 = LINE ( 'NONE', #1088, #1010 ) ;
#97 = EDGE_LOOP ( 'NONE', ( #1152, #717, #602, #863 ) ) ;
#98 = DIRECTION ( 'NONE',  ( 1.000000000000000000, 0.000000000000000000, -2.723698345072707180E-17 ) ) ;
#99 = ORIENTED_EDGE ( 'NONE', *, *, #1307, .F. ) ;
#100 = ORIENTED_EDGE ( 'NONE', *, *, #504, .F. ) ;
#101 = CARTESIAN_POINT ( 'NONE',  ( 0.000000000000000000, 5.000000000000000000, -3.850000000000000977 ) ) ;
#102 = DIRECTION ( 'NONE',  ( -1.000000000000000000, 0.000000000000000000, 0.000000000000000000 ) ) ;
#103 = DIRECTION ( 'NONE',  ( 0.000000000000000000, 1.000000000000000000, -0.000000000000000000 ) ) ;
#104 = EDGE_LOOP ( 'NONE', ( #541, #149, #409, #1043 ) ) ;
#105 = CARTESIAN_POINT ( 'NONE',  ( 2.760000000000005560, 3.500000000000000000, 21.65500000000000114 ) ) ;
#106 = CARTESIAN_POINT ( 'NONE',  ( -16.50000000000000000, 5.000000000000000000, -3.850000000000000089 ) ) ;
#107 = EDGE_CURVE ( 'NONE', #357, #722, #1254, .T. ) ;
#108 = FACE_OUTER_BOUND ( 'NONE', #26, .T. ) ;
#109 = ADVANCED_FACE ( 'NONE', ( #345 ), #801, .T. ) ;
#110 = CIRCLE ( 'NONE', #1312, 2.499999999999998668 ) ;
#111 = ORIENTED_EDGE ( 'NONE', *, *, #1399, .F. ) ;
#112 = AXIS2_PLACEMENT_3D ( 'NONE', #674, #127, #351 ) ;
#113 = AXIS2_PLACEMENT_3D ( 'NONE', #166, #625, #928 ) ;
#114 = ORIENTED_EDGE ( 'NONE', *, *, #553, .T. ) ;
#115 = CIRCLE ( 'NONE', #515, 1.000000000000000888 ) ;
#116 =( NAMED_UNIT ( * ) SI_UNIT ( $, .STERADIAN. ) SOLID_ANGLE_UNIT ( ) );
#117 = DIRECTION ( 'NONE',  ( 0.000000000000000000, 1.000000000000000000, 0.000000000000000000 ) ) ;
#118 = FACE_OUTER_BOUND ( 'NONE', #501, .T. ) ;
#119 = ORIENTED_EDGE ( 'NONE', *, *, #704, .F. ) ;
#120 = ORIENTED_EDGE ( 'NONE', *, *, #1155, .T. ) ;
#121 = CARTESIAN_POINT ( 'NONE',  ( -16.50000000000000000, 3.500000000000000444, -29.84999999999999787 ) ) ;
#122 = LINE ( 'NONE', #1264, #1245 ) ;
#123 = DIRECTION ( 'NONE',  ( -0.000000000000000000, 1.000000000000000000, -0.000000000000000000 ) ) ;
#124 = ORIENTED_EDGE ( 'NONE', *, *, #577, .T. ) ;
#125 = EDGE_CURVE ( 'NONE', #391, #226, #687, .T. ) ;
#126 = EDGE_LOOP ( 'NONE', ( #120, #732, #1, #532 ) ) ;
#127 = DIRECTION ( 'NONE',  ( 0.000000000000000000, -1.000000000000000000, 0.000000000000000000 ) ) ;
#128 = DIRECTION ( 'NONE',  ( -2.723698345072707180E-17, 0.000000000000000000, -1.000000000000000000 ) ) ;
#129 = DIRECTION ( 'NONE',  ( -0.000000000000000000, 1.000000000000000000, -0.000000000000000000 ) ) ;
#130 = VERTEX_POINT ( 'NONE', #1130 ) ;
#131 = AXIS2_PLACEMENT_3D ( 'NONE', #1104, #667, #1205 ) ;
#132 = VECTOR ( 'NONE', #177, 1000.000000000000000 ) ;
#133 = ORIENTED_EDGE ( 'NONE', *, *, #967, .T. ) ;
#134 = EDGE_CURVE ( 'NONE', #130, #572, #1135, .T. ) ;
#135 = AXIS2_PLACEMENT_3D ( 'NONE', #959, #1412, #850 ) ;
#136 = ADVANCED_FACE ( 'NONE', ( #1365 ), #794, .T. ) ;
#137 = AXIS2_PLACEMENT_3D ( 'NONE', #181, #412, #1199 ) ;
#138 = DIRECTION ( 'NONE',  ( 0.000000000000000000, 0.000000000000000000, -1.000000000000000000 ) ) ;
#139 = VECTOR ( 'NONE', #128, 1000.000000000000000 ) ;
#140 = CARTESIAN_POINT ( 'NONE',  ( -16.50000000000000000, 3.500000000000000444, -9.849999999999997868 ) ) ;
#141 = CYLINDRICAL_SURFACE ( 'NONE', #535, 1.500000000000002220 ) ;
#142 = ORIENTED_EDGE ( 'NONE', *, *, #1335, .T. ) ;
#143 = EDGE_LOOP ( 'NONE', ( #289, #1066, #453, #940 ) ) ;
#144 = DIRECTION ( 'NONE',  ( -0.000000000000000000, 0.000000000000000000, -1.000000000000000000 ) ) ;
#145 = PLANE ( 'NONE',  #332 ) ;
#146 = LINE ( 'NONE', #1163, #1286 ) ;
#147 = ORIENTED_EDGE ( 'NONE', *, *, #550, .F. ) ;
#148 = DIRECTION ( 'NONE',  ( 0.000000000000000000, -1.000000000000000000, 0.000000000000000000 ) ) ;
#149 = ORIENTED_EDGE ( 'NONE', *, *, #420, .T. ) ;
#150 = DIRECTION ( 'NONE',  ( -0.000000000000000000, 1.000000000000000000, -0.000000000000000000 ) ) ;
#151 = FACE_BOUND ( 'NONE', #1250, .T. ) ;
#152 = DIRECTION ( 'NONE',  ( 0.000000000000000000, 1.000000000000000000, 0.000000000000000000 ) ) ;
#153 = EDGE_CURVE ( 'NONE', #1425, #1466, #781, .T. ) ;
#154 = ORIENTED_EDGE ( 'NONE', *, *, #1138, .T. ) ;
#155 = ADVANCED_FACE ( 'NONE', ( #118 ), #141, .F. ) ;
#156 = CARTESIAN_POINT ( 'NONE',  ( -16.50000000000000000, 3.500000000000000444, 5.150000000000002132 ) ) ;
#157 = EDGE_LOOP ( 'NONE', ( #147, #530, #1048, #591 ) ) ;
#158 = VECTOR ( 'NONE', #1247, 1000.000000000000000 ) ;
#159 = DIRECTION ( 'NONE',  ( 0.000000000000000000, 1.000000000000000000, -0.000000000000000000 ) ) ;
#160 = AXIS2_PLACEMENT_3D ( 'NONE', #787, #455, #1362 ) ;
#161 = CARTESIAN_POINT ( 'NONE',  ( -16.50000000000000000, -3.000000000000000000, -29.84999999999999787 ) ) ;
#162 = AXIS2_PLACEMENT_3D ( 'NONE', #764, #317, #1429 ) ;
#163 = LINE ( 'NONE', #484, #654 ) ;
#164 = EDGE_CURVE ( 'NONE', #1073, #234, #463, .T. ) ;
#165 = ORIENTED_EDGE ( 'NONE', *, *, #1371, .T. ) ;
#166 = CARTESIAN_POINT ( 'NONE',  ( -3.700000000000001066, 5.000000000000000000, -20.60000000000000142 ) ) ;
#167 = ORIENTED_EDGE ( 'NONE', *, *, #429, .T. ) ;
#168 = CYLINDRICAL_SURFACE ( 'NONE', #658, 1.875000000000001776 ) ;
#169 = CARTESIAN_POINT ( 'NONE',  ( 2.760000000000005560, 2.000000000000000000, 22.65500000000000114 ) ) ;
#170 = DIRECTION ( 'NONE',  ( -0.000000000000000000, 1.000000000000000000, -0.000000000000000000 ) ) ;
#171 = ORIENTED_EDGE ( 'NONE', *, *, #786, .T. ) ;
#172 = DIRECTION ( 'NONE',  ( -0.000000000000000000, 1.000000000000000000, -0.000000000000000000 ) ) ;
#173 = ORIENTED_EDGE ( 'NONE', *, *, #1230, .T. ) ;
#174 = EDGE_CURVE ( 'NONE', #533, #1421, #1357, .T. ) ;
#175 = CARTESIAN_POINT ( 'NONE',  ( 0.4000000000000045186, 2.000000000000000000, 18.66000000000000725 ) ) ;
#176 = PLANE ( 'NONE',  #1036 ) ;
#177 = DIRECTION ( 'NONE',  ( -0.000000000000000000, 1.000000000000000000, -0.000000000000000000 ) ) ;
#178 = ORIENTED_EDGE ( 'NONE', *, *, #903, .T. ) ;
#179 = LINE ( 'NONE', #260, #726 ) ;
#180 = ADVANCED_FACE ( 'NONE', ( #1348 ), #340, .T. ) ;
#181 = CARTESIAN_POINT ( 'NONE',  ( 0.4000000000000045186, 2.000000000000000000, 24.64999999999999858 ) ) ;
#182 = VECTOR ( 'NONE', #1274, 1000.000000000000000 ) ;
#183 = ADVANCED_FACE ( 'NONE', ( #473 ), #1034, .F. ) ;
#184 = LINE ( 'NONE', #295, #307 ) ;
#185 = VECTOR ( 'NONE', #758, 1000.000000000000000 ) ;
#186 = LINE ( 'NONE', #634, #185 ) ;
#187 = CIRCLE ( 'NONE', #398, 1.500000000000001332 ) ;
#188 = ORIENTED_EDGE ( 'NONE', *, *, #859, .T. ) ;
#189 = CIRCLE ( 'NONE', #938, 1.500000000000001332 ) ;
#190 = DIRECTION ( 'NONE',  ( 0.000000000000000000, 0.000000000000000000, 1.000000000000000000 ) ) ;
#191 = ORIENTED_EDGE ( 'NONE', *, *, #1309, .T. ) ;
#192 = PRODUCT ( 'Part88^low_level_power_assembly', 'Part88^low_level_power_assembly', '', ( #773 ) ) ;
#193 = CARTESIAN_POINT ( 'NONE',  ( -16.50000000000000000, 3.500000000000000444, -3.850000000000000977 ) ) ;
#194 = CYLINDRICAL_SURFACE ( 'NONE', #1226, 1.500000000000001332 ) ;
#195 = CARTESIAN_POINT ( 'NONE',  ( 5.119999999999999218, 5.000000000000000000, 24.64999999999999858 ) ) ;
#196 = ORIENTED_EDGE ( 'NONE', *, *, #995, .F. ) ;
#197 = LINE ( 'NONE', #298, #348 ) ;
#198 = ORIENTED_EDGE ( 'NONE', *, *, #937, .T. ) ;
#199 = ORIENTED_EDGE ( 'NONE', *, *, #1253, .T. ) ;
#200 = PLANE ( 'NONE',  #137 ) ;
#201 = DIRECTION ( 'NONE',  ( 0.000000000000000000, 0.000000000000000000, 1.000000000000000000 ) ) ;
#202 = DIRECTION ( 'NONE',  ( 1.000000000000000000, 0.000000000000000000, 0.000000000000000000 ) ) ;
#203 = ADVANCED_FACE ( 'NONE', ( #1232 ), #360, .F. ) ;
#204 = VERTEX_POINT ( 'NONE', #230 ) ;
#205 = CARTESIAN_POINT ( 'NONE',  ( -1.500000000000001332, -3.000000000000000000, -11.35000000000000142 ) ) ;
#206 = EDGE_CURVE ( 'NONE', #1238, #1229, #1021, .T. ) ;
#207 = EDGE_LOOP ( 'NONE', ( #254, #402, #542, #114 ) ) ;
#208 = EDGE_LOOP ( 'NONE', ( #669, #711, #378, #564 ) ) ;
#209 = CARTESIAN_POINT ( 'NONE',  ( -3.700000000000001066, 5.000000000000000000, -18.10000000000000142 ) ) ;
#210 = CARTESIAN_POINT ( 'NONE',  ( -1.500000000000001332, 5.000000000000000000, 12.65000000000000213 ) ) ;
#211 = FACE_OUTER_BOUND ( 'NONE', #1436, .T. ) ;
#212 = AXIS2_PLACEMENT_3D ( 'NONE', #63, #1280, #272 ) ;
#213 = DIRECTION ( 'NONE',  ( 0.000000000000000000, 1.000000000000000000, -0.000000000000000000 ) ) ;
#214 = AXIS2_PLACEMENT_3D ( 'NONE', #819, #825, #738 ) ;
#215 = ORIENTED_EDGE ( 'NONE', *, *, #400, .F. ) ;
#216 = CIRCLE ( 'NONE', #350, 1.500000000000001332 ) ;
#217 = CARTESIAN_POINT ( 'NONE',  ( 0.000000000000000000, 5.000000000000000000, -11.35000000000000142 ) ) ;
#218 = DIRECTION ( 'NONE',  ( -0.000000000000000000, 1.000000000000000000, -0.000000000000000000 ) ) ;
#219 = APPLICATION_CONTEXT ( 'automotive_design' ) ;
#220 = ORIENTED_EDGE ( 'NONE', *, *, #1017, .T. ) ;
#221 = ORIENTED_EDGE ( 'NONE', *, *, #550, .T. ) ;
#222 = EDGE_CURVE ( 'NONE', #93, #1029, #146, .T. ) ;
#223 =( NAMED_UNIT ( * ) PLANE_ANGLE_UNIT ( ) SI_UNIT ( $, .RADIAN. ) );
#224 = DIRECTION ( 'NONE',  ( 0.000000000000000000, 1.000000000000000000, 0.000000000000000000 ) ) ;
#225 = CARTESIAN_POINT ( 'NONE',  ( -1.500000000000002442, -3.000000000000000000, -29.84999999999999787 ) ) ;
#226 = VERTEX_POINT ( 'NONE', #933 ) ;
#227 = VERTEX_POINT ( 'NONE', #1046 ) ;
#228 = EDGE_CURVE ( 'NONE', #1458, #1396, #1157, .T. ) ;
#229 = FACE_OUTER_BOUND ( 'NONE', #1378, .T. ) ;
#230 = CARTESIAN_POINT ( 'NONE',  ( 0.3999999999999975797, 3.500000000000000000, 24.64999999999999858 ) ) ;
#231 = VERTEX_POINT ( 'NONE', #31 ) ;
#232 = STYLED_ITEM ( 'NONE', ( #263 ), #695 ) ;
#233 = CIRCLE ( 'NONE', #1460, 1.000000000000000888 ) ;
#234 = VERTEX_POINT ( 'NONE', #258 ) ;
#235 =( GEOMETRIC_REPRESENTATION_CONTEXT ( 3 ) GLOBAL_UNCERTAINTY_ASSIGNED_CONTEXT ( ( #1203 ) ) GLOBAL_UNIT_ASSIGNED_CONTEXT ( ( #1321, #223, #116 ) ) REPRESENTATION_CONTEXT ( 'NONE', 'WORKASPACE' ) );
#236 = CARTESIAN_POINT ( 'NONE',  ( -1.500000000000001332, 3.500000000000000444, 12.65000000000000213 ) ) ;
#237 = CARTESIAN_POINT ( 'NONE',  ( -3.700000000000000622, 5.000000000000000000, -23.09999999999999787 ) ) ;
#238 = DIRECTION ( 'NONE',  ( -1.000000000000000000, 0.000000000000000000, 2.457115405066299142E-16 ) ) ;
#239 = EDGE_CURVE ( 'NONE', #1172, #489, #1070, .T. ) ;
#240 = EDGE_LOOP ( 'NONE', ( #585, #1114, #1350, #636 ) ) ;
#241 = ORIENTED_EDGE ( 'NONE', *, *, #1005, .F. ) ;
#242 = DIRECTION ( 'NONE',  ( -1.000000000000000000, 0.000000000000000000, 0.000000000000000000 ) ) ;
#243 = DIRECTION ( 'NONE',  ( 0.000000000000000000, -0.000000000000000000, 1.000000000000000000 ) ) ;
#244 = DIRECTION ( 'NONE',  ( 0.000000000000000000, 0.000000000000000000, 1.000000000000000000 ) ) ;
#245 = ORIENTED_EDGE ( 'NONE', *, *, #388, .T. ) ;
#246 = EDGE_CURVE ( 'NONE', #1381, #393, #280, .T. ) ;
#247 = ORIENTED_EDGE ( 'NONE', *, *, #23, .F. ) ;
#248 = DIRECTION ( 'NONE',  ( 0.000000000000000000, 0.000000000000000000, 1.000000000000000000 ) ) ;
#249 = CARTESIAN_POINT ( 'NONE',  ( 0.000000000000000000, 3.500000000000000000, 0.000000000000000000 ) ) ;
#250 = CARTESIAN_POINT ( 'NONE',  ( -16.50000000000000000, -3.000000000000000000, 12.65000000000000213 ) ) ;
#251 = EDGE_LOOP ( 'NONE', ( #495, #772, #1259, #709 ) ) ;
#252 = VECTOR ( 'NONE', #561, 1000.000000000000000 ) ;
#253 = CIRCLE ( 'NONE', #466, 1.500000000000001332 ) ;
#254 = ORIENTED_EDGE ( 'NONE', *, *, #1076, .F. ) ;
#255 = CIRCLE ( 'NONE', #214, 1.500000000000002220 ) ;
#256 = CARTESIAN_POINT ( 'NONE',  ( -23.12000000000000099, 2.000000000000000000, 24.64999999999999858 ) ) ;
#257 = CARTESIAN_POINT ( 'NONE',  ( -20.76000000000000156, 3.500000000000000000, 21.65500000000000114 ) ) ;
#258 = CARTESIAN_POINT ( 'NONE',  ( -1.500000000000002442, 5.000000000000000000, -28.34999999999999787 ) ) ;
#259 = VERTEX_POINT ( 'NONE', #1170 ) ;
#260 = CARTESIAN_POINT ( 'NONE',  ( 2.760000000000006004, 3.500000000000000000, 19.77999999999999758 ) ) ;
#261 = ORIENTED_EDGE ( 'NONE', *, *, #1307, .T. ) ;
#262 = EDGE_CURVE ( 'NONE', #790, #1172, #390, .T. ) ;
#263 = PRESENTATION_STYLE_ASSIGNMENT (( #1051 ) ) ;
#264 = CARTESIAN_POINT ( 'NONE',  ( -20.76000000000000156, 3.500000000000000000, 19.77999999999999403 ) ) ;
#265 = LINE ( 'NONE', #601, #603 ) ;
#266 = ORIENTED_EDGE ( 'NONE', *, *, #400, .T. ) ;
#267 = CARTESIAN_POINT ( 'NONE',  ( -20.76000000000000156, 2.000000000000000000, 21.65500000000000114 ) ) ;
#268 = ORIENTED_EDGE ( 'NONE', *, *, #1352, .F. ) ;
#269 = CARTESIAN_POINT ( 'NONE',  ( 0.000000000000000000, -3.000000000000000000, 6.650000000000003020 ) ) ;
#270 = EDGE_CURVE ( 'NONE', #897, #1223, #366, .T. ) ;
#271 = CARTESIAN_POINT ( 'NONE',  ( -16.50000000000000000, -3.000000000000000000, 11.14999999999999858 ) ) ;
#272 = DIRECTION ( 'NONE',  ( 0.000000000000000000, 0.000000000000000000, 1.000000000000000000 ) ) ;
#273 = VERTEX_POINT ( 'NONE', #714 ) ;
#274 = DIRECTION ( 'NONE',  ( 0.000000000000000000, 0.000000000000000000, 1.000000000000000000 ) ) ;
#275 = ORIENTED_EDGE ( 'NONE', *, *, #595, .T. ) ;
#276 = VECTOR ( 'NONE', #82, 1000.000000000000000 ) ;
#277 =( GEOMETRIC_REPRESENTATION_CONTEXT ( 3 ) GLOBAL_UNCERTAINTY_ASSIGNED_CONTEXT ( ( #81 ) ) GLOBAL_UNIT_ASSIGNED_CONTEXT ( ( #608, #1398, #1167 ) ) REPRESENTATION_CONTEXT ( 'NONE', 'WORKASPACE' ) );
#278 = CARTESIAN_POINT ( 'NONE',  ( -20.76000000000000156, 2.000000000000000000, 21.65500000000000114 ) ) ;
#279 = AXIS2_PLACEMENT_3D ( 'NONE', #525, #1315, #1331 ) ;
#280 = LINE ( 'NONE', #1393, #1382 ) ;
#281 = AXIS2_PLACEMENT_3D ( 'NONE', #685, #1134, #1093 ) ;
#282 = EDGE_CURVE ( 'NONE', #1223, #89, #163, .T. ) ;
#283 = VERTEX_POINT ( 'NONE', #1386 ) ;
#284 = FACE_OUTER_BOUND ( 'NONE', #1349, .T. ) ;
#285 = VERTEX_POINT ( 'NONE', #610 ) ;
#286 = FACE_OUTER_BOUND ( 'NONE', #715, .T. ) ;
#287 = DIRECTION ( 'NONE',  ( 0.000000000000000000, 0.000000000000000000, 1.000000000000000000 ) ) ;
#288 = LINE ( 'NONE', #1401, #841 ) ;
#289 = ORIENTED_EDGE ( 'NONE', *, *, #1253, .F. ) ;
#290 = EDGE_CURVE ( 'NONE', #923, #902, #943, .T. ) ;
#291 = CARTESIAN_POINT ( 'NONE',  ( 2.760000000000005560, 5.000000000000000000, 21.65500000000000114 ) ) ;
#292 = ORIENTED_EDGE ( 'NONE', *, *, #443, .T. ) ;
#293 = EDGE_CURVE ( 'NONE', #980, #1172, #383, .T. ) ;
#294 = LINE ( 'NONE', #175, #843 ) ;
#295 = CARTESIAN_POINT ( 'NONE',  ( -1.089479338029082921E-15, 5.000000000000000000, -28.34999999999999787 ) ) ;
#296 = CARTESIAN_POINT ( 'NONE',  ( -1.500000000000001332, 5.000000000000000000, -3.850000000000000977 ) ) ;
#297 = EDGE_LOOP ( 'NONE', ( #1228, #68 ) ) ;
#298 = CARTESIAN_POINT ( 'NONE',  ( 0.000000000000000000, 5.000000000000000000, 3.649999999999998579 ) ) ;
#299 = ORIENTED_EDGE ( 'NONE', *, *, #650, .F. ) ;
#300 = DIRECTION ( 'NONE',  ( -1.000000000000000000, 0.000000000000000000, 0.000000000000000000 ) ) ;
#301 = CLOSED_SHELL ( 'NONE', ( #1291, #352, #1055, #183, #336, #203, #83, #1271, #109, #1015, #136, #1049, #180, #1204, #1183, #759, #878, #784, #569, #1248, #663, #705, #635, #987, #686, #42, #809, #881, #1023, #60, #44, #1121, #767, #155, #731, #1161, #1351, #14, #856, #95, #1067, #740, #631, #470 ) ) ;
#302 = CYLINDRICAL_SURFACE ( 'NONE', #1198, 1.875000000000005107 ) ;
#303 = AXIS2_PLACEMENT_3D ( 'NONE', #804, #567, #1020 ) ;
#304 = DIRECTION ( 'NONE',  ( -1.000000000000000000, 0.000000000000000000, 0.000000000000000000 ) ) ;
#305 = VECTOR ( 'NONE', #981, 1000.000000000000000 ) ;
#306 = ORIENTED_EDGE ( 'NONE', *, *, #919, .F. ) ;
#307 = VECTOR ( 'NONE', #1077, 1000.000000000000000 ) ;
#308 = CARTESIAN_POINT ( 'NONE',  ( 2.760000000000005560, 3.500000000000000000, 21.65500000000000114 ) ) ;
#309 = ORIENTED_EDGE ( 'NONE', *, *, #1379, .T. ) ;
#310 = DIRECTION ( 'NONE',  ( -1.000000000000000000, 0.000000000000000000, 0.000000000000000000 ) ) ;
#311 = EDGE_CURVE ( 'NONE', #1425, #1390, #110, .T. ) ;
#312 = CARTESIAN_POINT ( 'NONE',  ( -16.50000000000000000, 5.000000000000000000, 14.15000000000000213 ) ) ;
#313 = CARTESIAN_POINT ( 'NONE',  ( 2.760000000000005560, 3.500000000000000000, 23.53000000000000114 ) ) ;
#314 = ORIENTED_EDGE ( 'NONE', *, *, #523, .F. ) ;
#315 = CARTESIAN_POINT ( 'NONE',  ( -16.50000000000000000, 5.000000000000000000, -2.349999999999997868 ) ) ;
#316 = ORIENTED_EDGE ( 'NONE', *, *, #903, .F. ) ;
#317 = DIRECTION ( 'NONE',  ( 0.000000000000000000, -1.000000000000000000, 0.000000000000000000 ) ) ;
#318 = CARTESIAN_POINT ( 'NONE',  ( -1.500000000000001332, 5.000000000000000000, -2.349999999999997868 ) ) ;
#319 = CARTESIAN_POINT ( 'NONE',  ( -1.500000000000001332, -3.000000000000000000, -0.8499999999999965361 ) ) ;
#320 = EDGE_CURVE ( 'NONE', #951, #572, #866, .T. ) ;
#321 = DIRECTION ( 'NONE',  ( 0.000000000000000000, 0.000000000000000000, 1.000000000000000000 ) ) ;
#322 = LINE ( 'NONE', #4, #796 ) ;
#323 = ORIENTED_EDGE ( 'NONE', *, *, #164, .F. ) ;
#324 = ORIENTED_EDGE ( 'NONE', *, *, #107, .T. ) ;
#325 = DIRECTION ( 'NONE',  ( -0.000000000000000000, 1.000000000000000000, -0.000000000000000000 ) ) ;
#326 = VECTOR ( 'NONE', #242, 1000.000000000000000 ) ;
#327 = CARTESIAN_POINT ( 'NONE',  ( 0.000000000000000000, -3.000000000000000000, -0.8499999999999965361 ) ) ;
#328 = AXIS2_PLACEMENT_3D ( 'NONE', #49, #509, #274 ) ;
#329 = EDGE_CURVE ( 'NONE', #722, #1381, #265, .T. ) ;
#330 = VECTOR ( 'NONE', #750, 1000.000000000000000 ) ;
#331 = ORIENTED_EDGE ( 'NONE', *, *, #1360, .T. ) ;
#332 = AXIS2_PLACEMENT_3D ( 'NONE', #249, #1369, #243 ) ;
#333 = CARTESIAN_POINT ( 'NONE',  ( -16.50000000000000000, 3.500000000000000444, 12.65000000000000213 ) ) ;
#334 = CARTESIAN_POINT ( 'NONE',  ( -1.089479338029082921E-15, -3.000000000000000000, -31.35000000000000142 ) ) ;
#335 = VERTEX_POINT ( 'NONE', #1053 ) ;
#336 = ADVANCED_FACE ( 'NONE', ( #40 ), #950, .F. ) ;
#337 = ORIENTED_EDGE ( 'NONE', *, *, #1047, .T. ) ;
#338 = EDGE_CURVE ( 'NONE', #393, #849, #288, .T. ) ;
#339 = DIRECTION ( 'NONE',  ( 0.000000000000000000, 1.000000000000000000, 0.000000000000000000 ) ) ;
#340 = PLANE ( 'NONE',  #1079 ) ;
#341 = ORIENTED_EDGE ( 'NONE', *, *, #107, .F. ) ;
#342 = ORIENTED_EDGE ( 'NONE', *, *, #51, .F. ) ;
#343 = PLANE ( 'NONE',  #1407 ) ;
#344 = CARTESIAN_POINT ( 'NONE',  ( 0.000000000000000000, 3.500000000000000000, 14.15000000000000213 ) ) ;
#345 = FACE_OUTER_BOUND ( 'NONE', #1215, .T. ) ;
#346 = ORIENTED_EDGE ( 'NONE', *, *, #380, .F. ) ;
#347 = VECTOR ( 'NONE', #743, 1000.000000000000000 ) ;
#348 = VECTOR ( 'NONE', #518, 1000.000000000000000 ) ;
#349 = VERTEX_POINT ( 'NONE', #966 ) ;
#350 = AXIS2_PLACEMENT_3D ( 'NONE', #713, #382, #1162 ) ;
#351 = DIRECTION ( 'NONE',  ( 0.000000000000000000, 0.000000000000000000, 1.000000000000000000 ) ) ;
#352 = ADVANCED_FACE ( 'NONE', ( #730 ), #736, .F. ) ;
#353 = CARTESIAN_POINT ( 'NONE',  ( 2.760000000000006004, 5.000000000000000000, 19.77999999999999758 ) ) ;
#354 = CARTESIAN_POINT ( 'NONE',  ( -16.50000000000000000, -3.000000000000000000, 6.650000000000003020 ) ) ;
#355 = EDGE_CURVE ( 'NONE', #1333, #662, #1408, .T. ) ;
#356 = EDGE_LOOP ( 'NONE', ( #154, #1037 ) ) ;
#357 = VERTEX_POINT ( 'NONE', #708 ) ;
#358 = CARTESIAN_POINT ( 'NONE',  ( -1.500000000000001332, 3.500000000000000444, -11.35000000000000142 ) ) ;
#359 = LINE ( 'NONE', #476, #963 ) ;
#360 = CYLINDRICAL_SURFACE ( 'NONE', #1457, 1.500000000000001332 ) ;
#361 = ORIENTED_EDGE ( 'NONE', *, *, #94, .F. ) ;
#362 = APPLICATION_CONTEXT ( 'automotive_design' ) ;
#363 = ORIENTED_EDGE ( 'NONE', *, *, #73, .T. ) ;
#364 = DIRECTION ( 'NONE',  ( -1.000000000000000000, 0.000000000000000000, 0.000000000000000000 ) ) ;
#365 = FACE_BOUND ( 'NONE', #97, .T. ) ;
#366 = LINE ( 'NONE', #1297, #182 ) ;
#367 = EDGE_LOOP ( 'NONE', ( #744, #996, #341, #618, #475, #99, #1344, #331 ) ) ;
#368 = CIRCLE ( 'NONE', #627, 1.500000000000002220 ) ;
#369 = EDGE_CURVE ( 'NONE', #904, #93, #96, .T. ) ;
#370 = CARTESIAN_POINT ( 'NONE',  ( -1.500000000000001332, -3.000000000000000000, 14.15000000000000213 ) ) ;
#371 = ORIENTED_EDGE ( 'NONE', *, *, #693, .T. ) ;
#372 = EDGE_CURVE ( 'NONE', #489, #459, #522, .T. ) ;
#373 = AXIS2_PLACEMENT_3D ( 'NONE', #67, #213, #1419 ) ;
#374 = AXIS2_PLACEMENT_3D ( 'NONE', #1454, #87, #779 ) ;
#375 = DIRECTION ( 'NONE',  ( -1.000000000000000000, 0.000000000000000000, -0.000000000000000000 ) ) ;
#376 = CARTESIAN_POINT ( 'NONE',  ( -20.76000000000000156, 5.000000000000000000, 19.77999999999999403 ) ) ;
#377 = CARTESIAN_POINT ( 'NONE',  ( -16.50000000000000000, -3.000000000000000000, -11.35000000000000142 ) ) ;
#378 = ORIENTED_EDGE ( 'NONE', *, *, #664, .F. ) ;
#379 = DIRECTION ( 'NONE',  ( -0.000000000000000000, 1.000000000000000000, -0.000000000000000000 ) ) ;
#380 = EDGE_CURVE ( 'NONE', #204, #93, #973, .T. ) ;
#381 = CARTESIAN_POINT ( 'NONE',  ( -18.39999999999999858, 2.000000000000000000, 24.64999999999999858 ) ) ;
#382 = DIRECTION ( 'NONE',  ( 0.000000000000000000, 1.000000000000000000, -0.000000000000000000 ) ) ;
#383 = LINE ( 'NONE', #831, #747 ) ;
#384 = ORIENTED_EDGE ( 'NONE', *, *, #896, .T. ) ;
#385 = FACE_OUTER_BOUND ( 'NONE', #207, .T. ) ;
#386 = ORIENTED_EDGE ( 'NONE', *, *, #329, .F. ) ;
#387 = CARTESIAN_POINT ( 'NONE',  ( -20.76000000000000156, 2.000000000000000000, 20.65500000000000114 ) ) ;
#388 = EDGE_CURVE ( 'NONE', #839, #1238, #628, .T. ) ;
#389 = DIRECTION ( 'NONE',  ( -0.000000000000000000, 1.000000000000000000, -0.000000000000000000 ) ) ;
#390 = LINE ( 'NONE', #1266, #813 ) ;
#391 = VERTEX_POINT ( 'NONE', #313 ) ;
#392 = LINE ( 'NONE', #840, #1057 ) ;
#393 = VERTEX_POINT ( 'NONE', #862 ) ;
#394 = AXIS2_PLACEMENT_3D ( 'NONE', #589, #1258, #1464 ) ;
#395 = CARTESIAN_POINT ( 'NONE',  ( 0.000000000000000000, 2.000000000000000000, 0.000000000000000000 ) ) ;
#396 = AXIS2_PLACEMENT_3D ( 'NONE', #1094, #1449, #529 ) ;
#397 = LINE ( 'NONE', #46, #990 ) ;
#398 = AXIS2_PLACEMENT_3D ( 'NONE', #56, #710, #1065 ) ;
#399 = DIRECTION ( 'NONE',  ( 5.447396690145414360E-17, 0.000000000000000000, 1.000000000000000000 ) ) ;
#400 = EDGE_CURVE ( 'NONE', #28, #1404, #1102, .T. ) ;
#401 = VECTOR ( 'NONE', #673, 1000.000000000000000 ) ;
#402 = ORIENTED_EDGE ( 'NONE', *, *, #311, .F. ) ;
#403 = EDGE_CURVE ( 'NONE', #839, #982, #545, .T. ) ;
#404 = LINE ( 'NONE', #1175, #15 ) ;
#405 = ORIENTED_EDGE ( 'NONE', *, *, #125, .F. ) ;
#406 = CARTESIAN_POINT ( 'NONE',  ( -1.500000000000001332, -3.000000000000000000, -8.349999999999996092 ) ) ;
#407 = DIRECTION ( 'NONE',  ( -0.000000000000000000, 1.000000000000000000, -0.000000000000000000 ) ) ;
#408 = CARTESIAN_POINT ( 'NONE',  ( -20.76000000000000156, 5.000000000000000000, 21.65500000000000114 ) ) ;
#409 = ORIENTED_EDGE ( 'NONE', *, *, #693, .F. ) ;
#410 = LINE ( 'NONE', #205, #562 ) ;
#411 = ORIENTED_EDGE ( 'NONE', *, *, #403, .T. ) ;
#412 = DIRECTION ( 'NONE',  ( 1.000000000000000000, 0.000000000000000000, 0.000000000000000000 ) ) ;
#413 = CARTESIAN_POINT ( 'NONE',  ( 0.000000000000000000, 5.000000000000000000, 14.15000000000000213 ) ) ;
#414 = DIRECTION ( 'NONE',  ( 0.000000000000000000, 0.000000000000000000, 1.000000000000000000 ) ) ;
#415 = CYLINDRICAL_SURFACE ( 'NONE', #1222, 1.500000000000001332 ) ;
#416 = LINE ( 'NONE', #661, #305 ) ;
#417 = ORIENTED_EDGE ( 'NONE', *, *, #1426, .T. ) ;
#418 = EDGE_CURVE ( 'NONE', #1404, #1396, #998, .T. ) ;
#419 = FACE_OUTER_BOUND ( 'NONE', #126, .T. ) ;
#420 = EDGE_CURVE ( 'NONE', #606, #1216, #700, .T. ) ;
#421 = VECTOR ( 'NONE', #1078, 1000.000000000000000 ) ;
#422 = CARTESIAN_POINT ( 'NONE',  ( -20.76000000000000156, 5.000000000000000000, 21.65500000000000114 ) ) ;
#423 = LINE ( 'NONE', #1431, #1459 ) ;
#424 = AXIS2_PLACEMENT_3D ( 'NONE', #975, #434, #745 ) ;
#425 = ORIENTED_EDGE ( 'NONE', *, *, #615, .F. ) ;
#426 = AXIS2_PLACEMENT_3D ( 'NONE', #422, #1302, #949 ) ;
#427 = CARTESIAN_POINT ( 'NONE',  ( 2.760000000000005560, 3.500000000000000000, 22.65500000000000114 ) ) ;
#428 = ORIENTED_EDGE ( 'NONE', *, *, #829, .T. ) ;
#429 = EDGE_CURVE ( 'NONE', #285, #951, #991, .T. ) ;
#430 = LINE ( 'NONE', #406, #490 ) ;
#431 = DIRECTION ( 'NONE',  ( -1.000000000000000000, 0.000000000000000000, 0.000000000000000000 ) ) ;
#432 = LINE ( 'NONE', #1110, #815 ) ;
#433 = CYLINDRICAL_SURFACE ( 'NONE', #131, 1.500000000000001332 ) ;
#434 = DIRECTION ( 'NONE',  ( -0.000000000000000000, 0.000000000000000000, -1.000000000000000000 ) ) ;
#435 = ORIENTED_EDGE ( 'NONE', *, *, #836, .F. ) ;
#436 = EDGE_LOOP ( 'NONE', ( #898, #65, #994, #908 ) ) ;
#437 = CARTESIAN_POINT ( 'NONE',  ( 0.4000000000000045186, 3.500000000000000000, 24.64999999999999858 ) ) ;
#438 = EDGE_CURVE ( 'NONE', #1216, #533, #1334, .T. ) ;
#439 = DIRECTION ( 'NONE',  ( 0.000000000000000000, 1.000000000000000000, -0.000000000000000000 ) ) ;
#440 = ORIENTED_EDGE ( 'NONE', *, *, #721, .F. ) ;
#441 = CARTESIAN_POINT ( 'NONE',  ( 0.000000000000000000, 3.500000000000000000, 0.000000000000000000 ) ) ;
#442 = AXIS2_PLACEMENT_3D ( 'NONE', #766, #1424, #414 ) ;
#443 = EDGE_CURVE ( 'NONE', #1373, #1071, #186, .T. ) ;
#444 = FACE_OUTER_BOUND ( 'NONE', #957, .T. ) ;
#445 = AXIS2_PLACEMENT_3D ( 'NONE', #29, #159, #498 ) ;
#446 = AXIS2_PLACEMENT_3D ( 'NONE', #521, #742, #287 ) ;
#447 = ORIENTED_EDGE ( 'NONE', *, *, #749, .F. ) ;
#448 = EDGE_LOOP ( 'NONE', ( #1002, #481, #1064, #1294 ) ) ;
#449 = LINE ( 'NONE', #2, #66 ) ;
#450 = DIRECTION ( 'NONE',  ( -7.350523203291552293E-16, 0.000000000000000000, 1.000000000000000000 ) ) ;
#451 = DIRECTION ( 'NONE',  ( 0.000000000000000000, 0.000000000000000000, 1.000000000000000000 ) ) ;
#452 = EDGE_LOOP ( 'NONE', ( #447, #737 ) ) ;
#453 = ORIENTED_EDGE ( 'NONE', *, *, #1338, .T. ) ;
#454 = DIRECTION ( 'NONE',  ( -0.000000000000000000, 1.000000000000000000, -0.000000000000000000 ) ) ;
#455 = DIRECTION ( 'NONE',  ( -0.000000000000000000, 1.000000000000000000, -0.000000000000000000 ) ) ;
#456 = DIRECTION ( 'NONE',  ( 0.000000000000000000, 1.000000000000000000, 0.000000000000000000 ) ) ;
#457 = CARTESIAN_POINT ( 'NONE',  ( -20.76000000000000156, 3.500000000000000000, 19.77999999999999403 ) ) ;
#458 = ORIENTED_EDGE ( 'NONE', *, *, #355, .T. ) ;
#459 = VERTEX_POINT ( 'NONE', #195 ) ;
#460 = EDGE_CURVE ( 'NONE', #982, #1229, #1263, .T. ) ;
#461 = CARTESIAN_POINT ( 'NONE',  ( -18.39999999999999858, 2.000000000000000000, 24.64999999999999858 ) ) ;
#462 = DIRECTION ( 'NONE',  ( 0.000000000000000000, 0.000000000000000000, 1.000000000000000000 ) ) ;
#463 = LINE ( 'NONE', #568, #1405 ) ;
#464 = VECTOR ( 'NONE', #1016, 1000.000000000000000 ) ;
#465 = ORIENTED_EDGE ( 'NONE', *, *, #1377, .F. ) ;
#466 = AXIS2_PLACEMENT_3D ( 'NONE', #333, #339, #248 ) ;
#467 = CIRCLE ( 'NONE', #445, 1.875000000000001776 ) ;
#468 = ORIENTED_EDGE ( 'NONE', *, *, #438, .F. ) ;
#469 = VECTOR ( 'NONE', #389, 1000.000000000000000 ) ;
#470 = ADVANCED_FACE ( 'NONE', ( #80 ), #641, .F. ) ;
#471 = DIRECTION ( 'NONE',  ( 1.000000000000000000, -0.000000000000000000, 7.350523203291552293E-16 ) ) ;
#472 = DIRECTION ( 'NONE',  ( 0.000000000000000000, 1.000000000000000000, 0.000000000000000000 ) ) ;
#473 = FACE_OUTER_BOUND ( 'NONE', #57, .T. ) ;
#474 = ORIENTED_EDGE ( 'NONE', *, *, #1360, .F. ) ;
#475 = ORIENTED_EDGE ( 'NONE', *, *, #995, .T. ) ;
#476 = CARTESIAN_POINT ( 'NONE',  ( -1.089479338029082921E-15, 3.500000000000000000, -31.35000000000000142 ) ) ;
#477 = CARTESIAN_POINT ( 'NONE',  ( -1.500000000000001332, -3.000000000000000000, 5.150000000000002132 ) ) ;
#478 = EDGE_CURVE ( 'NONE', #1208, #1300, #423, .T. ) ;
#479 = EDGE_LOOP ( 'NONE', ( #55, #1084, #889, #1453 ) ) ;
#480 = CARTESIAN_POINT ( 'NONE',  ( 5.120000000000006324, 2.000000000000000000, 18.66000000000000369 ) ) ;
#481 = ORIENTED_EDGE ( 'NONE', *, *, #676, .T. ) ;
#482 = PLANE ( 'NONE',  #1385 ) ;
#483 = DIRECTION ( 'NONE',  ( 0.000000000000000000, 0.000000000000000000, -1.000000000000000000 ) ) ;
#484 = CARTESIAN_POINT ( 'NONE',  ( 0.4000000000000045186, 2.000000000000000000, 24.64999999999999858 ) ) ;
#485 = EDGE_CURVE ( 'NONE', #1240, #572, #872, .T. ) ;
#486 = ORIENTED_EDGE ( 'NONE', *, *, #1439, .T. ) ;
#487 = LINE ( 'NONE', #1276, #869 ) ;
#488 = VECTOR ( 'NONE', #1217, 1000.000000000000000 ) ;
#489 = VERTEX_POINT ( 'NONE', #1416 ) ;
#490 = VECTOR ( 'NONE', #971, 1000.000000000000000 ) ;
#491 = VECTOR ( 'NONE', #551, 1000.000000000000000 ) ;
#492 = DIRECTION ( 'NONE',  ( -0.000000000000000000, 1.000000000000000000, -0.000000000000000000 ) ) ;
#493 = FACE_BOUND ( 'NONE', #297, .T. ) ;
#494 = CARTESIAN_POINT ( 'NONE',  ( -16.50000000000000000, -3.000000000000000000, -0.8499999999999965361 ) ) ;
#495 = ORIENTED_EDGE ( 'NONE', *, *, #290, .T. ) ;
#496 = CYLINDRICAL_SURFACE ( 'NONE', #774, 2.499999999999998668 ) ;
#497 = EDGE_CURVE ( 'NONE', #722, #489, #88, .T. ) ;
#498 = DIRECTION ( 'NONE',  ( 0.000000000000000000, 0.000000000000000000, 1.000000000000000000 ) ) ;
#499 = DIRECTION ( 'NONE',  ( -0.000000000000000000, 1.000000000000000000, -0.000000000000000000 ) ) ;
#500 = DIRECTION ( 'NONE',  ( 0.000000000000000000, 0.000000000000000000, -1.000000000000000000 ) ) ;
#501 = EDGE_LOOP ( 'NONE', ( #508, #1179, #6, #306 ) ) ;
#502 = DIRECTION ( 'NONE',  ( 0.000000000000000000, 0.000000000000000000, -1.000000000000000000 ) ) ;
#503 = VERTEX_POINT ( 'NONE', #1227 ) ;
#504 = EDGE_CURVE ( 'NONE', #746, #810, #880, .T. ) ;
#505 = PLANE ( 'NONE',  #680 ) ;
#506 = DIRECTION ( 'NONE',  ( -1.000000000000000000, 0.000000000000000000, 0.000000000000000000 ) ) ;
#507 = DIRECTION ( 'NONE',  ( -1.000000000000000000, -0.000000000000000000, -0.000000000000000000 ) ) ;
#508 = ORIENTED_EDGE ( 'NONE', *, *, #1219, .T. ) ;
#509 = DIRECTION ( 'NONE',  ( -0.000000000000000000, 1.000000000000000000, -0.000000000000000000 ) ) ;
#510 = EDGE_LOOP ( 'NONE', ( #245, #199 ) ) ;
#511 = AXIS2_PLACEMENT_3D ( 'NONE', #845, #712, #706 ) ;
#512 = FACE_OUTER_BOUND ( 'NONE', #1144, .T. ) ;
#513 = AXIS2_PLACEMENT_3D ( 'NONE', #156, #1299, #1059 ) ;
#514 = CARTESIAN_POINT ( 'NONE',  ( -1.500000000000001332, 3.500000000000000444, -8.349999999999996092 ) ) ;
#515 = AXIS2_PLACEMENT_3D ( 'NONE', #257, #580, #483 ) ;
#516 = DIRECTION ( 'NONE',  ( 0.000000000000000000, 0.000000000000000000, 1.000000000000000000 ) ) ;
#517 = ORIENTED_EDGE ( 'NONE', *, *, #1155, .F. ) ;
#518 = DIRECTION ( 'NONE',  ( -1.000000000000000000, 0.000000000000000000, 0.000000000000000000 ) ) ;
#519 = ORIENTED_EDGE ( 'NONE', *, *, #827, .T. ) ;
#520 = LINE ( 'NONE', #1075, #1411 ) ;
#521 = CARTESIAN_POINT ( 'NONE',  ( -20.76000000000000156, 3.500000000000000000, 21.65500000000000114 ) ) ;
#522 = LINE ( 'NONE', #1117, #605 ) ;
#523 = EDGE_CURVE ( 'NONE', #1300, #662, #432, .T. ) ;
#524 = ORIENTED_EDGE ( 'NONE', *, *, #1338, .F. ) ;
#525 = CARTESIAN_POINT ( 'NONE',  ( -16.50000000000000000, -3.000000000000000000, -2.349999999999997868 ) ) ;
#526 = VERTEX_POINT ( 'NONE', #552 ) ;
#527 = CARTESIAN_POINT ( 'NONE',  ( -16.50000000000000000, 3.500000000000000444, -28.34999999999999787 ) ) ;
#528 = CARTESIAN_POINT ( 'NONE',  ( -16.50000000000000000, 3.500000000000000444, -31.35000000000000142 ) ) ;
#529 = DIRECTION ( 'NONE',  ( 0.000000000000000000, 0.000000000000000000, 1.000000000000000000 ) ) ;
#530 = ORIENTED_EDGE ( 'NONE', *, *, #1076, .T. ) ;
#531 = CARTESIAN_POINT ( 'NONE',  ( 5.119999999999999218, 3.500000000000000000, 24.64999999999999858 ) ) ;
#532 = ORIENTED_EDGE ( 'NONE', *, *, #954, .F. ) ;
#533 = VERTEX_POINT ( 'NONE', #854 ) ;
#534 = DIRECTION ( 'NONE',  ( -1.000000000000000000, 0.000000000000000000, 0.000000000000000000 ) ) ;
#535 = AXIS2_PLACEMENT_3D ( 'NONE', #477, #123, #575 ) ;
#536 = CARTESIAN_POINT ( 'NONE',  ( 2.760000000000005560, 2.000000000000000000, 20.65500000000000114 ) ) ;
#537 = AXIS2_PLACEMENT_3D ( 'NONE', #964, #86, #1092 ) ;
#538 = VERTEX_POINT ( 'NONE', #296 ) ;
#539 = AXIS2_PLACEMENT_3D ( 'NONE', #925, #1257, #1032 ) ;
#540 = FACE_OUTER_BOUND ( 'NONE', #356, .T. ) ;
#541 = ORIENTED_EDGE ( 'NONE', *, *, #954, .T. ) ;
#542 = ORIENTED_EDGE ( 'NONE', *, *, #153, .T. ) ;
#543 = EDGE_CURVE ( 'NONE', #41, #1445, #253, .T. ) ;
#544 = CARTESIAN_POINT ( 'NONE',  ( -20.76000000000000156, 3.500000000000000000, 21.65500000000000114 ) ) ;
#545 = LINE ( 'NONE', #979, #488 ) ;
#546 = CARTESIAN_POINT ( 'NONE',  ( -1.500000000000001332, -3.000000000000000000, -2.349999999999997868 ) ) ;
#547 = DIRECTION ( 'NONE',  ( 0.000000000000000000, 1.000000000000000000, -0.000000000000000000 ) ) ;
#548 = ORIENTED_EDGE ( 'NONE', *, *, #1074, .T. ) ;
#549 = EDGE_LOOP ( 'NONE', ( #266, #1151, #74, #565 ) ) ;
#550 = EDGE_CURVE ( 'NONE', #1390, #1425, #1289, .T. ) ;
#551 = DIRECTION ( 'NONE',  ( -1.000000000000000000, 0.000000000000000000, 0.000000000000000000 ) ) ;
#552 = CARTESIAN_POINT ( 'NONE',  ( 5.119999999999997442, 3.500000000000000000, -39.04000000000000625 ) ) ;
#553 = EDGE_CURVE ( 'NONE', #1466, #1131, #1383, .T. ) ;
#554 = DIRECTION ( 'NONE',  ( 0.000000000000000000, 0.000000000000000000, 1.000000000000000000 ) ) ;
#555 = ORIENTED_EDGE ( 'NONE', *, *, #222, .T. ) ;
#556 = EDGE_LOOP ( 'NONE', ( #1367, #133, #1452, #1125 ) ) ;
#557 = LINE ( 'NONE', #785, #401 ) ;
#558 = DIRECTION ( 'NONE',  ( 0.000000000000000000, 1.000000000000000000, -0.000000000000000000 ) ) ;
#559 = AXIS2_PLACEMENT_3D ( 'NONE', #921, #1376, #1370 ) ;
#560 = VECTOR ( 'NONE', #752, 1000.000000000000000 ) ;
#561 = DIRECTION ( 'NONE',  ( -0.000000000000000000, 1.000000000000000000, -0.000000000000000000 ) ) ;
#562 = VECTOR ( 'NONE', #1090, 1000.000000000000000 ) ;
#563 = AXIS2_PLACEMENT_3D ( 'NONE', #308, #874, #993 ) ;
#564 = ORIENTED_EDGE ( 'NONE', *, *, #246, .T. ) ;
#565 = ORIENTED_EDGE ( 'NONE', *, *, #1136, .F. ) ;
#566 = LINE ( 'NONE', #217, #1363 ) ;
#567 = DIRECTION ( 'NONE',  ( 0.000000000000000000, 1.000000000000000000, -0.000000000000000000 ) ) ;
#568 = CARTESIAN_POINT ( 'NONE',  ( -1.500000000000002442, -3.000000000000000000, -28.34999999999999787 ) ) ;
#569 = ADVANCED_FACE ( 'NONE', ( #229 ), #3, .F. ) ;
#570 = ORIENTED_EDGE ( 'NONE', *, *, #1329, .T. ) ;
#571 = EDGE_CURVE ( 'NONE', #349, #357, #1236, .T. ) ;
#572 = VERTEX_POINT ( 'NONE', #1243 ) ;
#573 = DIRECTION ( 'NONE',  ( 0.000000000000000000, 0.000000000000000000, 1.000000000000000000 ) ) ;
#574 = FACE_OUTER_BOUND ( 'NONE', #1317, .T. ) ;
#575 = DIRECTION ( 'NONE',  ( 0.000000000000000000, 0.000000000000000000, 1.000000000000000000 ) ) ;
#576 = ORIENTED_EDGE ( 'NONE', *, *, #577, .F. ) ;
#577 = EDGE_CURVE ( 'NONE', #1333, #783, #748, .T. ) ;
#578 = EDGE_LOOP ( 'NONE', ( #247, #1197, #241, #644, #465, #935, #346, #196 ) ) ;
#579 = DIRECTION ( 'NONE',  ( 0.000000000000000000, 0.000000000000000000, 1.000000000000000000 ) ) ;
#580 = DIRECTION ( 'NONE',  ( 0.000000000000000000, -1.000000000000000000, 0.000000000000000000 ) ) ;
#581 = DIRECTION ( 'NONE',  ( 1.000000000000000000, 0.000000000000000000, -0.000000000000000000 ) ) ;
#582 = VECTOR ( 'NONE', #885, 1000.000000000000000 ) ;
#583 = ORIENTED_EDGE ( 'NONE', *, *, #1105, .F. ) ;
#584 = CIRCLE ( 'NONE', #985, 1.500000000000001332 ) ;
#585 = ORIENTED_EDGE ( 'NONE', *, *, #1136, .T. ) ;
#586 = AXIS2_PLACEMENT_3D ( 'NONE', #105, #1019, #1003 ) ;
#587 = CARTESIAN_POINT ( 'NONE',  ( 0.000000000000000000, -3.000000000000000000, 3.649999999999998579 ) ) ;
#588 = LINE ( 'NONE', #24, #660 ) ;
#589 = CARTESIAN_POINT ( 'NONE',  ( -1.089479338029082921E-15, -3.000000000000000000, -28.34999999999999787 ) ) ;
#590 = VERTEX_POINT ( 'NONE', #106 ) ;
#591 = ORIENTED_EDGE ( 'NONE', *, *, #153, .F. ) ;
#592 = DIRECTION ( 'NONE',  ( 0.000000000000000000, 0.000000000000000000, 1.000000000000000000 ) ) ;
#593 = CARTESIAN_POINT ( 'NONE',  ( 5.120000000000006324, 2.000000000000000000, 24.64999999999999858 ) ) ;
#594 = DIRECTION ( 'NONE',  ( -1.000000000000000000, 0.000000000000000000, 2.457115405066299142E-16 ) ) ;
#595 = EDGE_CURVE ( 'NONE', #1207, #884, #584, .T. ) ;
#596 = ORIENTED_EDGE ( 'NONE', *, *, #523, .T. ) ;
#597 = CARTESIAN_POINT ( 'NONE',  ( -1.500000000000001332, 3.500000000000000444, 11.14999999999999858 ) ) ;
#598 = ORIENTED_EDGE ( 'NONE', *, *, #1105, .T. ) ;
#599 = SURFACE_SIDE_STYLE ('',( #1061 ) ) ;
#600 = CARTESIAN_POINT ( 'NONE',  ( -1.500000000000001332, 5.000000000000000000, 6.650000000000003020 ) ) ;
#601 = CARTESIAN_POINT ( 'NONE',  ( -23.12000000000000099, 2.000000000000000000, 24.64999999999999858 ) ) ;
#602 = ORIENTED_EDGE ( 'NONE', *, *, #679, .T. ) ;
#603 = VECTOR ( 'NONE', #500, 1000.000000000000000 ) ;
#604 = CARTESIAN_POINT ( 'NONE',  ( -16.50000000000000000, 5.000000000000000000, -11.35000000000000142 ) ) ;
#605 = VECTOR ( 'NONE', #202, 1000.000000000000000 ) ;
#606 = VERTEX_POINT ( 'NONE', #799 ) ;
#607 = VECTOR ( 'NONE', #906, 1000.000000000000000 ) ;
#608 =( LENGTH_UNIT ( ) NAMED_UNIT ( * ) SI_UNIT ( .MILLI., .METRE. ) );
#609 = CARTESIAN_POINT ( 'NONE',  ( -20.76000000000000156, 3.500000000000000000, 21.65500000000000114 ) ) ;
#610 = CARTESIAN_POINT ( 'NONE',  ( -16.50000000000000000, 3.500000000000000444, 3.649999999999998579 ) ) ;
#611 = ORIENTED_EDGE ( 'NONE', *, *, #1417, .F. ) ;
#612 = EDGE_CURVE ( 'NONE', #1290, #668, #1359, .T. ) ;
#613 = LINE ( 'NONE', #370, #1316 ) ;
#614 = ORIENTED_EDGE ( 'NONE', *, *, #1095, .T. ) ;
#615 = EDGE_CURVE ( 'NONE', #810, #1071, #867, .T. ) ;
#616 = CARTESIAN_POINT ( 'NONE',  ( 5.119999999999999218, 3.500000000000000000, 24.64999999999999858 ) ) ;
#617 = DIRECTION ( 'NONE',  ( 0.000000000000000000, 0.000000000000000000, 1.000000000000000000 ) ) ;
#618 = ORIENTED_EDGE ( 'NONE', *, *, #807, .T. ) ;
#619 = CARTESIAN_POINT ( 'NONE',  ( -23.12000000000000099, 3.500000000000000000, 24.64999999999999858 ) ) ;
#620 = ORIENTED_EDGE ( 'NONE', *, *, #704, .T. ) ;
#621 = DIRECTION ( 'NONE',  ( -0.000000000000000000, 0.000000000000000000, -1.000000000000000000 ) ) ;
#622 = CARTESIAN_POINT ( 'NONE',  ( 0.4000000000000045186, 2.000000000000000000, 24.64999999999999858 ) ) ;
#623 = CARTESIAN_POINT ( 'NONE',  ( -16.50000000000000000, 5.000000000000000000, 5.150000000000002132 ) ) ;
#624 = VERTEX_POINT ( 'NONE', #905 ) ;
#625 = DIRECTION ( 'NONE',  ( 0.000000000000000000, 1.000000000000000000, -0.000000000000000000 ) ) ;
#626 = EDGE_LOOP ( 'NONE', ( #309, #191, #778, #1113 ) ) ;
#627 = AXIS2_PLACEMENT_3D ( 'NONE', #1118, #103, #554 ) ;
#628 = CIRCLE ( 'NONE', #442, 1.875000000000005107 ) ;
#629 = DIRECTION ( 'NONE',  ( -1.000000000000000000, 0.000000000000000000, 0.000000000000000000 ) ) ;
#630 = CIRCLE ( 'NONE', #113, 2.499999999999998668 ) ;
#631 = ADVANCED_FACE ( 'NONE', ( #1128, #1353 ), #343, .T. ) ;
#632 = LINE ( 'NONE', #1087, #818 ) ;
#633 = CIRCLE ( 'NONE', #1150, 1.000000000000000888 ) ;
#634 = CARTESIAN_POINT ( 'NONE',  ( 2.760000000000005560, 2.000000000000000000, 22.65500000000000114 ) ) ;
#635 = ADVANCED_FACE ( 'NONE', ( #1025 ), #911, .F. ) ;
#636 = ORIENTED_EDGE ( 'NONE', *, *, #1180, .F. ) ;
#637 = CARTESIAN_POINT ( 'NONE',  ( -1.500000000000002442, 3.500000000000000444, -28.34999999999999787 ) ) ;
#638 = ORIENTED_EDGE ( 'NONE', *, *, #967, .F. ) ;
#639 = CARTESIAN_POINT ( 'NONE',  ( 0.000000000000000000, -3.000000000000000000, -8.349999999999996092 ) ) ;
#640 = LINE ( 'NONE', #622, #330 ) ;
#641 = CYLINDRICAL_SURFACE ( 'NONE', #396, 1.875000000000005107 ) ;
#642 = DIRECTION ( 'NONE',  ( -0.000000000000000000, 0.000000000000000000, -1.000000000000000000 ) ) ;
#643 = DIRECTION ( 'NONE',  ( 0.000000000000000000, 1.000000000000000000, -0.000000000000000000 ) ) ;
#644 = ORIENTED_EDGE ( 'NONE', *, *, #1115, .F. ) ;
#645 = EDGE_LOOP ( 'NONE', ( #119, #165, #85, #808 ) ) ;
#646 = CARTESIAN_POINT ( 'NONE',  ( -18.39999999999999858, 3.500000000000000000, 18.66000000000000725 ) ) ;
#647 = DIRECTION ( 'NONE',  ( 0.000000000000000000, 1.000000000000000000, -0.000000000000000000 ) ) ;
#648 = CARTESIAN_POINT ( 'NONE',  ( 0.000000000000000000, 5.000000000000000000, 6.650000000000003020 ) ) ;
#649 = ORIENTED_EDGE ( 'NONE', *, *, #1377, .T. ) ;
#650 = EDGE_CURVE ( 'NONE', #1073, #783, #1140, .T. ) ;
#651 = CARTESIAN_POINT ( 'NONE',  ( -1.500000000000001332, 3.500000000000000444, -2.349999999999997868 ) ) ;
#652 = ORIENTED_EDGE ( 'NONE', *, *, #664, .T. ) ;
#653 = ORIENTED_EDGE ( 'NONE', *, *, #848, .F. ) ;
#654 = VECTOR ( 'NONE', #507, 1000.000000000000000 ) ;
#655 = DIRECTION ( 'NONE',  ( 0.000000000000000000, 0.000000000000000000, 1.000000000000000000 ) ) ;
#656 = VECTOR ( 'NONE', #471, 1000.000000000000000 ) ;
#657 = DIRECTION ( 'NONE',  ( 0.000000000000000000, 1.000000000000000000, -0.000000000000000000 ) ) ;
#658 = AXIS2_PLACEMENT_3D ( 'NONE', #811, #1068, #592 ) ;
#659 = CARTESIAN_POINT ( 'NONE',  ( 0.000000000000000000, 3.500000000000000000, 3.649999999999998579 ) ) ;
#660 = VECTOR ( 'NONE', #1141, 1000.000000000000000 ) ;
#661 = CARTESIAN_POINT ( 'NONE',  ( 5.119999999999997442, 3.500000000000000000, -39.04000000000000625 ) ) ;
#662 = VERTEX_POINT ( 'NONE', #1455 ) ;
#663 = ADVANCED_FACE ( 'NONE', ( #918 ), #1031, .F. ) ;
#664 = EDGE_CURVE ( 'NONE', #1381, #349, #892, .T. ) ;
#665 = CARTESIAN_POINT ( 'NONE',  ( -1.500000000000001332, 5.000000000000000000, -0.8499999999999965361 ) ) ;
#666 = CARTESIAN_POINT ( 'NONE',  ( 0.000000000000000000, 5.000000000000000000, -0.8499999999999965361 ) ) ;
#667 = DIRECTION ( 'NONE',  ( -0.000000000000000000, 1.000000000000000000, -0.000000000000000000 ) ) ;
#668 = VERTEX_POINT ( 'NONE', #358 ) ;
#669 = ORIENTED_EDGE ( 'NONE', *, *, #338, .T. ) ;
#670 = DIRECTION ( 'NONE',  ( 0.000000000000000000, 1.000000000000000000, 0.000000000000000000 ) ) ;
#671 = DIRECTION ( 'NONE',  ( -0.000000000000000000, 1.000000000000000000, -0.000000000000000000 ) ) ;
#672 = ORIENTED_EDGE ( 'NONE', *, *, #1465, .F. ) ;
#673 = DIRECTION ( 'NONE',  ( -0.000000000000000000, 1.000000000000000000, -0.000000000000000000 ) ) ;
#674 = CARTESIAN_POINT ( 'NONE',  ( 2.760000000000005560, 3.500000000000000000, 21.65500000000000114 ) ) ;
#675 = VECTOR ( 'NONE', #399, 1000.000000000000000 ) ;
#676 = EDGE_CURVE ( 'NONE', #89, #904, #780, .T. ) ;
#677 = VECTOR ( 'NONE', #1013, 1000.000000000000000 ) ;
#678 = CARTESIAN_POINT ( 'NONE',  ( 2.760000000000005560, 3.500000000000000000, 23.53000000000000114 ) ) ;
#679 = EDGE_CURVE ( 'NONE', #283, #944, #1004, .T. ) ;
#680 = AXIS2_PLACEMENT_3D ( 'NONE', #269, #144, #364 ) ;
#681 = CIRCLE ( 'NONE', #374, 1.500000000000002220 ) ;
#682 = ORIENTED_EDGE ( 'NONE', *, *, #571, .F. ) ;
#683 = ORIENTED_EDGE ( 'NONE', *, *, #553, .F. ) ;
#684 = CARTESIAN_POINT ( 'NONE',  ( -3.700000000000001066, 3.500000000000000444, -20.60000000000000142 ) ) ;
#685 = CARTESIAN_POINT ( 'NONE',  ( 0.000000000000000000, 2.000000000000000000, 0.000000000000000000 ) ) ;
#686 = ADVANCED_FACE ( 'NONE', ( #900 ), #828, .F. ) ;
#687 = LINE ( 'NONE', #678, #158 ) ;
#688 = ORIENTED_EDGE ( 'NONE', *, *, #1420, .F. ) ;
#689 = DIRECTION ( 'NONE',  ( 1.000000000000000000, 0.000000000000000000, 7.350523203291552293E-16 ) ) ;
#690 = FACE_BOUND ( 'NONE', #479, .T. ) ;
#691 = CARTESIAN_POINT ( 'NONE',  ( 0.000000000000000000, 3.500000000000000000, -3.850000000000000977 ) ) ;
#692 = ORIENTED_EDGE ( 'NONE', *, *, #1319, .T. ) ;
#693 = EDGE_CURVE ( 'NONE', #884, #1216, #36, .T. ) ;
#694 = ORIENTED_EDGE ( 'NONE', *, *, #311, .T. ) ;
#695 = MANIFOLD_SOLID_BREP ( 'LPattern1', #301 ) ;
#696 = DIRECTION ( 'NONE',  ( 0.000000000000000000, 0.000000000000000000, 1.000000000000000000 ) ) ;
#697 = FACE_BOUND ( 'NONE', #1233, .T. ) ;
#698 = AXIS2_PLACEMENT_3D ( 'NONE', #546, #1006, #999 ) ;
#699 = DIRECTION ( 'NONE',  ( -2.457115405066299142E-16, 0.000000000000000000, -1.000000000000000000 ) ) ;
#700 = CIRCLE ( 'NONE', #37, 1.500000000000001332 ) ;
#701 = ORIENTED_EDGE ( 'NONE', *, *, #1450, .T. ) ;
#702 = VECTOR ( 'NONE', #506, 1000.000000000000000 ) ;
#703 = ORIENTED_EDGE ( 'NONE', *, *, #23, .T. ) ;
#704 = EDGE_CURVE ( 'NONE', #762, #259, #1284, .T. ) ;
#705 = ADVANCED_FACE ( 'NONE', ( #1374 ), #1391, .F. ) ;
#706 = DIRECTION ( 'NONE',  ( -1.000000000000000000, 0.000000000000000000, 0.000000000000000000 ) ) ;
#707 = FACE_BOUND ( 'NONE', #816, .T. ) ;
#708 = CARTESIAN_POINT ( 'NONE',  ( -18.39999999999999858, 2.000000000000000000, 24.64999999999999858 ) ) ;
#709 = ORIENTED_EDGE ( 'NONE', *, *, #1212, .F. ) ;
#710 = DIRECTION ( 'NONE',  ( 0.000000000000000000, 1.000000000000000000, -0.000000000000000000 ) ) ;
#711 = ORIENTED_EDGE ( 'NONE', *, *, #910, .F. ) ;
#712 = DIRECTION ( 'NONE',  ( -0.000000000000000000, 0.000000000000000000, -1.000000000000000000 ) ) ;
#713 = CARTESIAN_POINT ( 'NONE',  ( -16.50000000000000000, 5.000000000000000000, -9.849999999999997868 ) ) ;
#714 = CARTESIAN_POINT ( 'NONE',  ( -1.500000000000001332, 3.500000000000000444, 3.649999999999998579 ) ) ;
#715 = EDGE_LOOP ( 'NONE', ( #428, #614, #1018, #342 ) ) ;
#716 = DIRECTION ( 'NONE',  ( -0.000000000000000000, 1.000000000000000000, -0.000000000000000000 ) ) ;
#717 = ORIENTED_EDGE ( 'NONE', *, *, #1447, .F. ) ;
#718 = FACE_OUTER_BOUND ( 'NONE', #1249, .T. ) ;
#719 = CARTESIAN_POINT ( 'NONE',  ( 0.000000000000000000, -3.000000000000000000, 11.14999999999999858 ) ) ;
#720 = DIRECTION ( 'NONE',  ( -0.000000000000000000, 1.000000000000000000, -0.000000000000000000 ) ) ;
#721 = EDGE_CURVE ( 'NONE', #1445, #1421, #1154, .T. ) ;
#722 = VERTEX_POINT ( 'NONE', #256 ) ;
#723 = CARTESIAN_POINT ( 'NONE',  ( 0.4000000000000045186, 2.000000000000000000, 18.66000000000000725 ) ) ;
#724 = VECTOR ( 'NONE', #492, 1000.000000000000000 ) ;
#725 = ORIENTED_EDGE ( 'NONE', *, *, #418, .F. ) ;
#726 = VECTOR ( 'NONE', #1181, 1000.000000000000000 ) ;
#727 = CIRCLE ( 'NONE', #751, 1.000000000000000888 ) ;
#728 = DIRECTION ( 'NONE',  ( -0.000000000000000000, 1.000000000000000000, -0.000000000000000000 ) ) ;
#729 = DIRECTION ( 'NONE',  ( 0.000000000000000000, -1.000000000000000000, 0.000000000000000000 ) ) ;
#730 = FACE_OUTER_BOUND ( 'NONE', #1323, .T. ) ;
#731 = ADVANCED_FACE ( 'NONE', ( #22 ), #505, .T. ) ;
#732 = ORIENTED_EDGE ( 'NONE', *, *, #721, .T. ) ;
#733 = CARTESIAN_POINT ( 'NONE',  ( -1.500000000000002442, 3.500000000000000444, -29.84999999999999787 ) ) ;
#734 = ORIENTED_EDGE ( 'NONE', *, *, #896, .F. ) ;
#735 = DIRECTION ( 'NONE',  ( 0.000000000000000000, 0.000000000000000000, 1.000000000000000000 ) ) ;
#736 = CYLINDRICAL_SURFACE ( 'NONE', #1146, 1.875000000000001776 ) ;
#737 = ORIENTED_EDGE ( 'NONE', *, *, #1017, .F. ) ;
#738 = DIRECTION ( 'NONE',  ( 0.000000000000000000, 0.000000000000000000, 1.000000000000000000 ) ) ;
#739 = ORIENTED_EDGE ( 'NONE', *, *, #848, .T. ) ;
#740 = ADVANCED_FACE ( 'NONE', ( #718 ), #168, .F. ) ;
#741 = CARTESIAN_POINT ( 'NONE',  ( -20.76000000000000156, 3.500000000000000000, 23.53000000000000469 ) ) ;
#742 = DIRECTION ( 'NONE',  ( 0.000000000000000000, 1.000000000000000000, -0.000000000000000000 ) ) ;
#743 = DIRECTION ( 'NONE',  ( -1.000000000000000000, 0.000000000000000000, 0.000000000000000000 ) ) ;
#744 = ORIENTED_EDGE ( 'NONE', *, *, #372, .F. ) ;
#745 = DIRECTION ( 'NONE',  ( -1.000000000000000000, 0.000000000000000000, 0.000000000000000000 ) ) ;
#746 = VERTEX_POINT ( 'NONE', #1044 ) ;
#747 = VECTOR ( 'NONE', #152, 1000.000000000000000 ) ;
#748 = CIRCLE ( 'NONE', #1194, 1.500000000000001332 ) ;
#749 = EDGE_CURVE ( 'NONE', #226, #1166, #467, .T. ) ;
#750 = DIRECTION ( 'NONE',  ( -0.000000000000000000, 1.000000000000000000, -0.000000000000000000 ) ) ;
#751 = AXIS2_PLACEMENT_3D ( 'NONE', #544, #1327, #1346 ) ;
#752 = DIRECTION ( 'NONE',  ( 0.000000000000000000, 0.000000000000000000, -1.000000000000000000 ) ) ;
#753 = DIRECTION ( 'NONE',  ( -0.000000000000000000, -0.000000000000000000, 1.000000000000000000 ) ) ;
#754 = CARTESIAN_POINT ( 'NONE',  ( 2.760000000000006004, 3.500000000000000000, 19.77999999999999758 ) ) ;
#755 = ORIENTED_EDGE ( 'NONE', *, *, #910, .T. ) ;
#756 = EDGE_LOOP ( 'NONE', ( #739, #1325, #583, #1187 ) ) ;
#757 = CARTESIAN_POINT ( 'NONE',  ( 2.760000000000005560, 2.000000000000000000, 21.65500000000000114 ) ) ;
#758 = DIRECTION ( 'NONE',  ( -0.000000000000000000, 1.000000000000000000, -0.000000000000000000 ) ) ;
#759 = ADVANCED_FACE ( 'NONE', ( #45, #52 ), #482, .F. ) ;
#760 = CARTESIAN_POINT ( 'NONE',  ( -16.50000000000000000, 3.500000000000000444, 11.14999999999999858 ) ) ;
#761 = FACE_OUTER_BOUND ( 'NONE', #48, .T. ) ;
#762 = VERTEX_POINT ( 'NONE', #1295 ) ;
#763 = ORIENTED_EDGE ( 'NONE', *, *, #293, .F. ) ;
#764 = CARTESIAN_POINT ( 'NONE',  ( 2.760000000000005560, 2.000000000000000000, 21.65500000000000114 ) ) ;
#765 = DIRECTION ( 'NONE',  ( 0.000000000000000000, 0.000000000000000000, 1.000000000000000000 ) ) ;
#766 = CARTESIAN_POINT ( 'NONE',  ( -20.76000000000000156, 3.500000000000000000, 21.65500000000000114 ) ) ;
#767 = ADVANCED_FACE ( 'NONE', ( #286 ), #1039, .F. ) ;
#768 = CARTESIAN_POINT ( 'NONE',  ( -1.500000000000001332, 3.500000000000000444, -0.8499999999999965361 ) ) ;
#769 = FACE_OUTER_BOUND ( 'NONE', #909, .T. ) ;
#770 = ORIENTED_EDGE ( 'NONE', *, *, #615, .T. ) ;
#771 = AXIS2_PLACEMENT_3D ( 'NONE', #334, #5, #1041 ) ;
#772 = ORIENTED_EDGE ( 'NONE', *, *, #1244, .T. ) ;
#773 = PRODUCT_CONTEXT ( 'NONE', #219, 'mechanical' ) ;
#774 = AXIS2_PLACEMENT_3D ( 'NONE', #33, #716, #1165 ) ;
#775 = DIRECTION ( 'NONE',  ( 0.000000000000000000, 1.000000000000000000, -0.000000000000000000 ) ) ;
#776 = DIRECTION ( 'NONE',  ( 0.000000000000000000, 0.000000000000000000, 1.000000000000000000 ) ) ;
#777 = AXIS2_PLACEMENT_3D ( 'NONE', #1026, #472, #1156 ) ;
#778 = ORIENTED_EDGE ( 'NONE', *, *, #679, .F. ) ;
#779 = DIRECTION ( 'NONE',  ( 0.000000000000000000, 0.000000000000000000, 1.000000000000000000 ) ) ;
#780 = LINE ( 'NONE', #1256, #1314 ) ;
#781 = LINE ( 'NONE', #1149, #252 ) ;
#782 = ORIENTED_EDGE ( 'NONE', *, *, #497, .T. ) ;
#783 = VERTEX_POINT ( 'NONE', #527 ) ;
#784 = ADVANCED_FACE ( 'NONE', ( #512 ), #977, .F. ) ;
#785 = CARTESIAN_POINT ( 'NONE',  ( -16.50000000000000000, -3.000000000000000000, -28.34999999999999787 ) ) ;
#786 = EDGE_CURVE ( 'NONE', #1290, #283, #430, .T. ) ;
#787 = CARTESIAN_POINT ( 'NONE',  ( 2.760000000000005560, 2.000000000000000000, 21.65500000000000114 ) ) ;
#788 = CARTESIAN_POINT ( 'NONE',  ( -23.12000000000000099, 3.500000000000000000, 24.64999999999999858 ) ) ;
#789 = VERTEX_POINT ( 'NONE', #852 ) ;
#790 = VERTEX_POINT ( 'NONE', #877 ) ;
#791 = CARTESIAN_POINT ( 'NONE',  ( -1.500000000000001332, 3.500000000000000444, -9.849999999999997868 ) ) ;
#792 = DIRECTION ( 'NONE',  ( 0.000000000000000000, 0.000000000000000000, 1.000000000000000000 ) ) ;
#793 = AXIS2_PLACEMENT_3D ( 'NONE', #1231, #450, #689 ) ;
#794 = PLANE ( 'NONE',  #888 ) ;
#795 = CIRCLE ( 'NONE', #162, 1.000000000000000888 ) ;
#796 = VECTOR ( 'NONE', #456, 1000.000000000000000 ) ;
#797 = ORIENTED_EDGE ( 'NONE', *, *, #919, .T. ) ;
#798 = VERTEX_POINT ( 'NONE', #193 ) ;
#799 = CARTESIAN_POINT ( 'NONE',  ( -1.500000000000001332, 5.000000000000000000, 14.15000000000000213 ) ) ;
#800 = CARTESIAN_POINT ( 'NONE',  ( -1.500000000000001332, 5.000000000000000000, 11.14999999999999858 ) ) ;
#801 = PLANE ( 'NONE',  #394 ) ;
#802 = ORIENTED_EDGE ( 'NONE', *, *, #262, .T. ) ;
#803 = ORIENTED_EDGE ( 'NONE', *, *, #174, .F. ) ;
#804 = CARTESIAN_POINT ( 'NONE',  ( -3.700000000000001066, 5.000000000000000000, -20.60000000000000142 ) ) ;
#805 = CARTESIAN_POINT ( 'NONE',  ( -1.500000000000001332, 3.500000000000000444, 14.15000000000000213 ) ) ;
#806 = DIRECTION ( 'NONE',  ( -0.000000000000000000, 1.000000000000000000, -0.000000000000000000 ) ) ;
#807 = EDGE_CURVE ( 'NONE', #357, #231, #520, .T. ) ;
#808 = ORIENTED_EDGE ( 'NONE', *, *, #1200, .F. ) ;
#809 = ADVANCED_FACE ( 'NONE', ( #1301 ), #868, .T. ) ;
#810 = VERTEX_POINT ( 'NONE', #986 ) ;
#811 = CARTESIAN_POINT ( 'NONE',  ( 2.760000000000005560, 3.500000000000000000, 21.65500000000000114 ) ) ;
#812 = FACE_BOUND ( 'NONE', #1306, .T. ) ;
#813 = VECTOR ( 'NONE', #594, 1000.000000000000000 ) ;
#814 = DIRECTION ( 'NONE',  ( 0.000000000000000000, 0.000000000000000000, 1.000000000000000000 ) ) ;
#815 = VECTOR ( 'NONE', #102, 1000.000000000000000 ) ;
#816 = EDGE_LOOP ( 'NONE', ( #694, #221 ) ) ;
#817 = AXIS2_PLACEMENT_3D ( 'NONE', #639, #1308, #534 ) ;
#819 = CARTESIAN_POINT ( 'NONE',  ( -1.500000000000001332, 3.500000000000000444, 5.150000000000002132 ) ) ;
#818 = VECTOR ( 'NONE', #71, 1000.000000000000000 ) ;
#820 = EDGE_LOOP ( 'NONE', ( #275, #384, #1388, #517 ) ) ;
#821 = CARTESIAN_POINT ( 'NONE',  ( -16.50000000000000000, -3.000000000000000000, 14.15000000000000213 ) ) ;
#822 = PLANE ( 'NONE',  #777 ) ;
#823 = CARTESIAN_POINT ( 'NONE',  ( -3.700000000000001066, 3.500000000000000444, -20.60000000000000142 ) ) ;
#824 = EDGE_LOOP ( 'NONE', ( #468, #1009, #692, #803 ) ) ;
#825 = DIRECTION ( 'NONE',  ( 0.000000000000000000, 1.000000000000000000, 0.000000000000000000 ) ) ;
#826 = EDGE_LOOP ( 'NONE', ( #1001, #1024, #124, #299 ) ) ;
#827 = EDGE_CURVE ( 'NONE', #624, #130, #1100, .T. ) ;
#828 = PLANE ( 'NONE',  #511 ) ;
#829 = EDGE_CURVE ( 'NONE', #273, #335, #1440, .T. ) ;
#830 = PLANE ( 'NONE',  #281 ) ;
#831 = CARTESIAN_POINT ( 'NONE',  ( -23.12000000000000455, 3.500000000000000000, -39.03999999999999915 ) ) ;
#832 = ORIENTED_EDGE ( 'NONE', *, *, #947, .F. ) ;
#833 = LINE ( 'NONE', #619, #988 ) ;
#834 = ORIENTED_EDGE ( 'NONE', *, *, #1399, .T. ) ;
#835 = FILL_AREA_STYLE_COLOUR ( '', #914 ) ;
#836 = EDGE_CURVE ( 'NONE', #904, #897, #294, .T. ) ;
#837 = DIRECTION ( 'NONE',  ( -0.000000000000000000, 0.000000000000000000, -1.000000000000000000 ) ) ;
#838 = DIRECTION ( 'NONE',  ( 1.000000000000000000, 0.000000000000000000, -7.350523203291552293E-16 ) ) ;
#839 = VERTEX_POINT ( 'NONE', #741 ) ;
#840 = CARTESIAN_POINT ( 'NONE',  ( -23.12000000000000455, 3.500000000000000000, -39.03999999999999915 ) ) ;
#841 = VECTOR ( 'NONE', #1287, 1000.000000000000000 ) ;
#842 = ORIENTED_EDGE ( 'NONE', *, *, #380, .T. ) ;
#843 = VECTOR ( 'NONE', #1326, 1000.000000000000000 ) ;
#844 = AXIS2_PLACEMENT_3D ( 'NONE', #140, #1040, #462 ) ;
#845 = CARTESIAN_POINT ( 'NONE',  ( 0.000000000000000000, -3.000000000000000000, -11.35000000000000142 ) ) ;
#846 = FACE_OUTER_BOUND ( 'NONE', #143, .T. ) ;
#847 = DIRECTION ( 'NONE',  ( -0.000000000000000000, 1.000000000000000000, -0.000000000000000000 ) ) ;
#848 = EDGE_CURVE ( 'NONE', #1373, #746, #795, .T. ) ;
#849 = VERTEX_POINT ( 'NONE', #646 ) ;
#850 = DIRECTION ( 'NONE',  ( 5.447396690145414360E-17, 0.000000000000000000, 1.000000000000000000 ) ) ;
#851 = EDGE_LOOP ( 'NONE', ( #324, #12, #652, #1158 ) ) ;
#852 = CARTESIAN_POINT ( 'NONE',  ( -16.50000000000000000, 5.000000000000000000, -28.34999999999999787 ) ) ;
#853 = LINE ( 'NONE', #1430, #1437 ) ;
#854 = CARTESIAN_POINT ( 'NONE',  ( -16.50000000000000000, 5.000000000000000000, 11.14999999999999858 ) ) ;
#855 = ORIENTED_EDGE ( 'NONE', *, *, #984, .T. ) ;
#856 = ADVANCED_FACE ( 'NONE', ( #419 ), #70, .T. ) ;
#857 = DIRECTION ( 'NONE',  ( -0.000000000000000000, 1.000000000000000000, -0.000000000000000000 ) ) ;
#858 = ORIENTED_EDGE ( 'NONE', *, *, #1138, .F. ) ;
#859 = EDGE_CURVE ( 'NONE', #668, #923, #1422, .T. ) ;
#860 = DIRECTION ( 'NONE',  ( -0.000000000000000000, 1.000000000000000000, -0.000000000000000000 ) ) ;
#861 = CARTESIAN_POINT ( 'NONE',  ( -16.50000000000000000, 5.000000000000000000, -0.8499999999999965361 ) ) ;
#862 = CARTESIAN_POINT ( 'NONE',  ( -23.12000000000000099, 3.500000000000000000, 18.66000000000000369 ) ) ;
#863 = ORIENTED_EDGE ( 'NONE', *, *, #1244, .F. ) ;
#864 = CYLINDRICAL_SURFACE ( 'NONE', #1242, 2.499999999999998668 ) ;
#865 = ORIENTED_EDGE ( 'NONE', *, *, #73, .F. ) ;
#866 = CIRCLE ( 'NONE', #1239, 1.500000000000002220 ) ;
#867 = CIRCLE ( 'NONE', #112, 1.000000000000000888 ) ;
#868 = PLANE ( 'NONE',  #817 ) ;
#869 = VECTOR ( 'NONE', #939, 1000.000000000000000 ) ;
#870 = LINE ( 'NONE', #1406, #871 ) ;
#871 = VECTOR ( 'NONE', #1191, 1000.000000000000000 ) ;
#872 = LINE ( 'NONE', #648, #347 ) ;
#873 = EDGE_LOOP ( 'NONE', ( #1028, #1345, #411, #1275 ) ) ;
#874 = DIRECTION ( 'NONE',  ( 0.000000000000000000, 1.000000000000000000, -0.000000000000000000 ) ) ;
#875 = EDGE_LOOP ( 'NONE', ( #653, #1091 ) ) ;
#876 = ORIENTED_EDGE ( 'NONE', *, *, #228, .T. ) ;
#877 = CARTESIAN_POINT ( 'NONE',  ( 5.119999999999997442, 5.000000000000000000, -39.04000000000000625 ) ) ;
#878 = ADVANCED_FACE ( 'NONE', ( #1209 ), #200, .F. ) ;
#879 = DIRECTION ( 'NONE',  ( 0.000000000000000000, -1.000000000000000000, 0.000000000000000000 ) ) ;
#880 = LINE ( 'NONE', #536, #934 ) ;
#881 = ADVANCED_FACE ( 'NONE', ( #27 ), #1188, .F. ) ;
#882 = ORIENTED_EDGE ( 'NONE', *, *, #228, .F. ) ;
#883 = DIRECTION ( 'NONE',  ( 0.000000000000000000, 0.000000000000000000, 1.000000000000000000 ) ) ;
#884 = VERTEX_POINT ( 'NONE', #597 ) ;
#885 = DIRECTION ( 'NONE',  ( 0.000000000000000000, 1.000000000000000000, 0.000000000000000000 ) ) ;
#886 = CARTESIAN_POINT ( 'NONE',  ( -1.500000000000001332, -3.000000000000000000, 12.65000000000000213 ) ) ;
#887 = ORIENTED_EDGE ( 'NONE', *, *, #1467, .F. ) ;
#888 = AXIS2_PLACEMENT_3D ( 'NONE', #10, #699, #238 ) ;
#889 = ORIENTED_EDGE ( 'NONE', *, *, #485, .T. ) ;
#890 = VECTOR ( 'NONE', #1202, 1000.000000000000000 ) ;
#891 = VECTOR ( 'NONE', #300, 1000.000000000000000 ) ;
#892 = LINE ( 'NONE', #16, #656 ) ;
#893 = PRODUCT_DEFINITION_CONTEXT ( 'detailed design', #362, 'design' ) ;
#894 = AXIS2_PLACEMENT_3D ( 'NONE', #757, #879, #655 ) ;
#895 = ORIENTED_EDGE ( 'NONE', *, *, #1260, .F. ) ;
#896 = EDGE_CURVE ( 'NONE', #884, #41, #487, .T. ) ;
#897 = VERTEX_POINT ( 'NONE', #480 ) ;
#898 = ORIENTED_EDGE ( 'NONE', *, *, #262, .F. ) ;
#899 = CARTESIAN_POINT ( 'NONE',  ( -3.700000000000001066, 3.500000000000000444, -18.10000000000000142 ) ) ;
#900 = FACE_OUTER_BOUND ( 'NONE', #77, .T. ) ;
#901 = DIRECTION ( 'NONE',  ( -0.000000000000000000, 1.000000000000000000, -0.000000000000000000 ) ) ;
#902 = VERTEX_POINT ( 'NONE', #604 ) ;
#903 = EDGE_CURVE ( 'NONE', #285, #130, #1265, .T. ) ;
#904 = VERTEX_POINT ( 'NONE', #723 ) ;
#905 = CARTESIAN_POINT ( 'NONE',  ( -1.500000000000001332, 3.500000000000000444, 6.650000000000003020 ) ) ;
#906 = DIRECTION ( 'NONE',  ( -0.000000000000000000, 1.000000000000000000, -0.000000000000000000 ) ) ;
#907 = CARTESIAN_POINT ( 'NONE',  ( 0.4000000000000045186, 3.500000000000000000, 18.66000000000000725 ) ) ;
#908 = ORIENTED_EDGE ( 'NONE', *, *, #293, .T. ) ;
#909 = EDGE_LOOP ( 'NONE', ( #570, #701, #611, #361 ) ) ;
#910 = EDGE_CURVE ( 'NONE', #349, #849, #404, .T. ) ;
#911 = CYLINDRICAL_SURFACE ( 'NONE', #90, 1.000000000000000888 ) ;
#912 = AXIS2_PLACEMENT_3D ( 'NONE', #926, #915, #244 ) ;
#913 = CARTESIAN_POINT ( 'NONE',  ( -23.12000000000000455, 5.000000000000000000, -39.03999999999999915 ) ) ;
#914 = COLOUR_RGB ( '',0.7921568627450980005, 0.8196078431372548767, 0.9333333333333333481 ) ;
#915 = DIRECTION ( 'NONE',  ( 0.000000000000000000, 1.000000000000000000, -0.000000000000000000 ) ) ;
#916 = PRODUCT_DEFINITION_FORMATION_WITH_SPECIFIED_SOURCE ( 'ANY', '', #192, .NOT_KNOWN. ) ;
#917 = ORIENTED_EDGE ( 'NONE', *, *, #369, .F. ) ;
#918 = FACE_OUTER_BOUND ( 'NONE', #208, .T. ) ;
#919 = EDGE_CURVE ( 'NONE', #624, #273, #255, .T. ) ;
#920 = FACE_BOUND ( 'NONE', #820, .T. ) ;
#921 = CARTESIAN_POINT ( 'NONE',  ( -20.76000000000000156, 2.000000000000000000, 21.65500000000000114 ) ) ;
#922 = EDGE_CURVE ( 'NONE', #1073, #1208, #1361, .T. ) ;
#923 = VERTEX_POINT ( 'NONE', #1050 ) ;
#924 = ORIENTED_EDGE ( 'NONE', *, *, #1005, .T. ) ;
#925 = CARTESIAN_POINT ( 'NONE',  ( -16.50000000000000000, -3.000000000000000000, 5.150000000000002132 ) ) ;
#926 = CARTESIAN_POINT ( 'NONE',  ( -16.50000000000000000, 5.000000000000000000, 12.65000000000000213 ) ) ;
#927 = ORIENTED_EDGE ( 'NONE', *, *, #290, .F. ) ;
#928 = DIRECTION ( 'NONE',  ( 0.000000000000000000, 0.000000000000000000, 1.000000000000000000 ) ) ;
#929 = ORIENTED_EDGE ( 'NONE', *, *, #1212, .T. ) ;
#930 = DIRECTION ( 'NONE',  ( 0.000000000000000000, -0.000000000000000000, 1.000000000000000000 ) ) ;
#931 = FACE_BOUND ( 'NONE', #240, .T. ) ;
#932 = VECTOR ( 'NONE', #753, 1000.000000000000000 ) ;
#933 = CARTESIAN_POINT ( 'NONE',  ( 2.760000000000005560, 5.000000000000000000, 23.53000000000000114 ) ) ;
#934 = VECTOR ( 'NONE', #218, 1000.000000000000000 ) ;
#935 = ORIENTED_EDGE ( 'NONE', *, *, #222, .F. ) ;
#936 = CIRCLE ( 'NONE', #1127, 1.875000000000001776 ) ;
#937 = EDGE_CURVE ( 'NONE', #1089, #1166, #179, .T. ) ;
#939 = DIRECTION ( 'NONE',  ( -1.000000000000000000, 0.000000000000000000, 0.000000000000000000 ) ) ;
#938 = AXIS2_PLACEMENT_3D ( 'NONE', #1116, #1225, #997 ) ;
#940 = ORIENTED_EDGE ( 'NONE', *, *, #403, .F. ) ;
#941 = EDGE_CURVE ( 'NONE', #1131, #1466, #630, .T. ) ;
#942 = FACE_BOUND ( 'NONE', #1132, .T. ) ;
#943 = LINE ( 'NONE', #377, #983 ) ;
#944 = VERTEX_POINT ( 'NONE', #1269 ) ;
#945 = DIRECTION ( 'NONE',  ( -0.000000000000000000, 1.000000000000000000, -0.000000000000000000 ) ) ;
#946 = ORIENTED_EDGE ( 'NONE', *, *, #134, .F. ) ;
#947 = EDGE_CURVE ( 'NONE', #897, #1029, #43, .T. ) ;
#948 = FILL_AREA_STYLE ('',( #835 ) ) ;
#949 = DIRECTION ( 'NONE',  ( 0.000000000000000000, 0.000000000000000000, 1.000000000000000000 ) ) ;
#950 = CYLINDRICAL_SURFACE ( 'NONE', #212, 1.000000000000000888 ) ;
#951 = VERTEX_POINT ( 'NONE', #1380 ) ;
#952 = DIRECTION ( 'NONE',  ( 1.000000000000000000, 0.000000000000000000, 0.000000000000000000 ) ) ;
#953 = ORIENTED_EDGE ( 'NONE', *, *, #355, .F. ) ;
#954 = EDGE_CURVE ( 'NONE', #1207, #606, #613, .T. ) ;
#955 = FACE_OUTER_BOUND ( 'NONE', #21, .T. ) ;
#956 = DIRECTION ( 'NONE',  ( -0.000000000000000000, 1.000000000000000000, -0.000000000000000000 ) ) ;
#957 = EDGE_LOOP ( 'NONE', ( #1418, #596, #953, #1332 ) ) ;
#958 = AXIS2_PLACEMENT_3D ( 'NONE', #684, #224, #1120 ) ;
#959 = CARTESIAN_POINT ( 'NONE',  ( -23.12000000000000455, 3.500000000000000000, -39.03999999999999915 ) ) ;
#960 = CIRCLE ( 'NONE', #563, 1.875000000000001776 ) ;
#961 = EDGE_LOOP ( 'NONE', ( #968, #337, #882, #887 ) ) ;
#962 = AXIS2_PLACEMENT_3D ( 'NONE', #318, #647, #765 ) ;
#963 = VECTOR ( 'NONE', #1045, 1000.000000000000000 ) ;
#964 = CARTESIAN_POINT ( 'NONE',  ( 0.4000000000000045186, 2.000000000000000000, 18.66000000000000725 ) ) ;
#965 = CARTESIAN_POINT ( 'NONE',  ( -20.76000000000000156, 3.500000000000000000, 22.65500000000000114 ) ) ;
#966 = CARTESIAN_POINT ( 'NONE',  ( -18.39999999999999858, 2.000000000000000000, 18.66000000000000725 ) ) ;
#967 = EDGE_CURVE ( 'NONE', #234, #1300, #187, .T. ) ;
#968 = ORIENTED_EDGE ( 'NONE', *, *, #1417, .T. ) ;
#969 = DIRECTION ( 'NONE',  ( 0.000000000000000000, 0.000000000000000000, 1.000000000000000000 ) ) ;
#970 = ORIENTED_EDGE ( 'NONE', *, *, #438, .T. ) ;
#971 = DIRECTION ( 'NONE',  ( -0.000000000000000000, 1.000000000000000000, -0.000000000000000000 ) ) ;
#972 = CARTESIAN_POINT ( 'NONE',  ( -23.12000000000000099, 2.000000000000000000, 18.66000000000000369 ) ) ;
#973 = LINE ( 'NONE', #437, #560 ) ;
#974 = FACE_OUTER_BOUND ( 'NONE', #104, .T. ) ;
#975 = CARTESIAN_POINT ( 'NONE',  ( 0.000000000000000000, -3.000000000000000000, -3.850000000000000977 ) ) ;
#976 = ORIENTED_EDGE ( 'NONE', *, *, #270, .F. ) ;
#977 = PLANE ( 'NONE',  #537 ) ;
#978 = CARTESIAN_POINT ( 'NONE',  ( -1.500000000000001332, 3.500000000000000444, -3.850000000000000977 ) ) ;
#979 = CARTESIAN_POINT ( 'NONE',  ( -20.76000000000000156, 3.500000000000000000, 23.53000000000000469 ) ) ;
#980 = VERTEX_POINT ( 'NONE', #1159 ) ;
#981 = DIRECTION ( 'NONE',  ( -1.000000000000000000, 0.000000000000000000, 2.457115405066299142E-16 ) ) ;
#982 = VERTEX_POINT ( 'NONE', #1395 ) ;
#983 = VECTOR ( 'NONE', #847, 1000.000000000000000 ) ;
#984 = EDGE_CURVE ( 'NONE', #1111, #762, #233, .T. ) ;
#985 = AXIS2_PLACEMENT_3D ( 'NONE', #236, #117, #1347 ) ;
#986 = CARTESIAN_POINT ( 'NONE',  ( 2.760000000000005560, 3.500000000000000000, 20.65500000000000114 ) ) ;
#987 = ADVANCED_FACE ( 'NONE', ( #385 ), #496, .F. ) ;
#988 = VECTOR ( 'NONE', #952, 1000.000000000000000 ) ;
#989 = CARTESIAN_POINT ( 'NONE',  ( -16.50000000000000000, 3.500000000000000444, -0.8499999999999957589 ) ) ;
#990 = VECTOR ( 'NONE', #1168, 1000.000000000000000 ) ;
#991 = LINE ( 'NONE', #1442, #1033 ) ;
#992 = CARTESIAN_POINT ( 'NONE',  ( -18.39999999999999858, 3.500000000000000000, 24.64999999999999858 ) ) ;
#993 = DIRECTION ( 'NONE',  ( 0.000000000000000000, 0.000000000000000000, 1.000000000000000000 ) ) ;
#994 = ORIENTED_EDGE ( 'NONE', *, *, #1115, .T. ) ;
#995 = EDGE_CURVE ( 'NONE', #231, #204, #833, .T. ) ;
#996 = ORIENTED_EDGE ( 'NONE', *, *, #497, .F. ) ;
#997 = DIRECTION ( 'NONE',  ( 0.000000000000000000, 0.000000000000000000, 1.000000000000000000 ) ) ;
#998 = LINE ( 'NONE', #666, #1409 ) ;
#999 = DIRECTION ( 'NONE',  ( 0.000000000000000000, 0.000000000000000000, 1.000000000000000000 ) ) ;
#1000 = CYLINDRICAL_SURFACE ( 'NONE', #279, 1.500000000000002220 ) ;
#1001 = ORIENTED_EDGE ( 'NONE', *, *, #922, .T. ) ;
#1002 = ORIENTED_EDGE ( 'NONE', *, *, #282, .T. ) ;
#1003 = DIRECTION ( 'NONE',  ( 0.000000000000000000, 0.000000000000000000, 1.000000000000000000 ) ) ;
#1004 = LINE ( 'NONE', #1342, #677 ) ;
#1005 = EDGE_CURVE ( 'NONE', #980, #393, #392, .T. ) ;
#1006 = DIRECTION ( 'NONE',  ( -0.000000000000000000, 1.000000000000000000, -0.000000000000000000 ) ) ;
#1007 = ORIENTED_EDGE ( 'NONE', *, *, #239, .T. ) ;
#1008 = VECTOR ( 'NONE', #25, 1000.000000000000000 ) ;
#1009 = ORIENTED_EDGE ( 'NONE', *, *, #420, .F. ) ;
#1010 = VECTOR ( 'NONE', #72, 1000.000000000000000 ) ;
#1011 = SHAPE_DEFINITION_REPRESENTATION ( #69, #1103 ) ;
#1012 = CIRCLE ( 'NONE', #1196, 1.500000000000002220 ) ;
#1013 = DIRECTION ( 'NONE',  ( -1.000000000000000000, 0.000000000000000000, 0.000000000000000000 ) ) ;
#1014 = CIRCLE ( 'NONE', #962, 1.500000000000002220 ) ;
#1015 = ADVANCED_FACE ( 'NONE', ( #284 ), #1072, .T. ) ;
#1016 = DIRECTION ( 'NONE',  ( -1.000000000000000000, 0.000000000000000000, 0.000000000000000000 ) ) ;
#1017 = EDGE_CURVE ( 'NONE', #1166, #226, #936, .T. ) ;
#1018 = ORIENTED_EDGE ( 'NONE', *, *, #429, .F. ) ;
#1019 = DIRECTION ( 'NONE',  ( 0.000000000000000000, 1.000000000000000000, -0.000000000000000000 ) ) ;
#1020 = DIRECTION ( 'NONE',  ( 0.000000000000000000, 0.000000000000000000, 1.000000000000000000 ) ) ;
#1021 = LINE ( 'NONE', #457, #1262 ) ;
#1022 = ORIENTED_EDGE ( 'NONE', *, *, #749, .T. ) ;
#1023 = ADVANCED_FACE ( 'NONE', ( #769 ), #1324, .F. ) ;
#1024 = ORIENTED_EDGE ( 'NONE', *, *, #1171, .T. ) ;
#1025 = FACE_OUTER_BOUND ( 'NONE', #645, .T. ) ;
#1026 = CARTESIAN_POINT ( 'NONE',  ( 0.000000000000000000, 5.000000000000000000, 0.000000000000000000 ) ) ;
#1027 = CARTESIAN_POINT ( 'NONE',  ( 0.4000000000000045186, 2.000000000000000000, 24.64999999999999858 ) ) ;
#1028 = ORIENTED_EDGE ( 'NONE', *, *, #206, .F. ) ;
#1029 = VERTEX_POINT ( 'NONE', #1206 ) ;
#1030 = PRODUCT_RELATED_PRODUCT_CATEGORY ( 'part', '', ( #192 ) ) ;
#1031 = PLANE ( 'NONE',  #793 ) ;
#1032 = DIRECTION ( 'NONE',  ( 0.000000000000000000, 0.000000000000000000, 1.000000000000000000 ) ) ;
#1033 = VECTOR ( 'NONE', #325, 1000.000000000000000 ) ;
#1034 = CYLINDRICAL_SURFACE ( 'NONE', #559, 1.000000000000000888 ) ;
#1035 = AXIS2_PLACEMENT_3D ( 'NONE', #733, #1282, #1389 ) ;
#1036 = AXIS2_PLACEMENT_3D ( 'NONE', #719, #837, #1285 ) ;
#1037 = ORIENTED_EDGE ( 'NONE', *, *, #1465, .T. ) ;
#1038 = ORIENTED_EDGE ( 'NONE', *, *, #1335, .F. ) ;
#1039 = PLANE ( 'NONE',  #1292 ) ;
#1040 = DIRECTION ( 'NONE',  ( 0.000000000000000000, 1.000000000000000000, 0.000000000000000000 ) ) ;
#1041 = DIRECTION ( 'NONE',  ( -1.000000000000000000, 0.000000000000000000, 0.000000000000000000 ) ) ;
#1042 = ORIENTED_EDGE ( 'NONE', *, *, #51, .T. ) ;
#1043 = ORIENTED_EDGE ( 'NONE', *, *, #595, .F. ) ;
#1044 = CARTESIAN_POINT ( 'NONE',  ( 2.760000000000005560, 2.000000000000000000, 20.65500000000000114 ) ) ;
#1045 = DIRECTION ( 'NONE',  ( -1.000000000000000000, 0.000000000000000000, 0.000000000000000000 ) ) ;
#1046 = CARTESIAN_POINT ( 'NONE',  ( -16.50000000000000000, 3.500000000000000444, -8.349999999999996092 ) ) ;
#1047 = EDGE_CURVE ( 'NONE', #590, #1396, #1012, .T. ) ;
#1048 = ORIENTED_EDGE ( 'NONE', *, *, #941, .T. ) ;
#1049 = ADVANCED_FACE ( 'NONE', ( #761 ), #1214, .T. ) ;
#1050 = CARTESIAN_POINT ( 'NONE',  ( -16.50000000000000000, 3.500000000000000444, -11.35000000000000142 ) ) ;
#1051 = SURFACE_STYLE_USAGE ( .BOTH. , #599 ) ;
#1052 = FACE_BOUND ( 'NONE', #452, .T. ) ;
#1053 = CARTESIAN_POINT ( 'NONE',  ( -1.500000000000001332, 5.000000000000000000, 3.649999999999998579 ) ) ;
#1054 = PRESENTATION_LAYER_ASSIGNMENT (  '', '', ( #232 ) ) ;
#1055 = ADVANCED_FACE ( 'NONE', ( #1106 ), #864, .F. ) ;
#1056 = EDGE_LOOP ( 'NONE', ( #842, #917, #1394, #261 ) ) ;
#1057 = VECTOR ( 'NONE', #1293, 1000.000000000000000 ) ;
#1059 = DIRECTION ( 'NONE',  ( 0.000000000000000000, 0.000000000000000000, 1.000000000000000000 ) ) ;
#1058 = AXIS2_PLACEMENT_3D ( 'NONE', #1210, #201, #1441 ) ;
#1060 = ORIENTED_EDGE ( 'NONE', *, *, #650, .T. ) ;
#1061 = SURFACE_STYLE_FILL_AREA ( #948 ) ;
#1062 = LINE ( 'NONE', #1400, #1267 ) ;
#1063 = DIRECTION ( 'NONE',  ( 0.000000000000000000, 1.000000000000000000, 0.000000000000000000 ) ) ;
#1064 = ORIENTED_EDGE ( 'NONE', *, *, #836, .T. ) ;
#1065 = DIRECTION ( 'NONE',  ( 0.000000000000000000, 0.000000000000000000, 1.000000000000000000 ) ) ;
#1066 = ORIENTED_EDGE ( 'NONE', *, *, #206, .T. ) ;
#1067 = ADVANCED_FACE ( 'NONE', ( #540, #1220 ), #1434, .T. ) ;
#1068 = DIRECTION ( 'NONE',  ( -0.000000000000000000, 1.000000000000000000, -0.000000000000000000 ) ) ;
#1069 = DIRECTION ( 'NONE',  ( 0.000000000000000000, 0.000000000000000000, 1.000000000000000000 ) ) ;
#1070 = LINE ( 'NONE', #54, #675 ) ;
#1071 = VERTEX_POINT ( 'NONE', #427 ) ;
#1072 = PLANE ( 'NONE',  #135 ) ;
#1073 = VERTEX_POINT ( 'NONE', #637 ) ;
#1074 = EDGE_CURVE ( 'NONE', #668, #503, #410, .T. ) ;
#1075 = CARTESIAN_POINT ( 'NONE',  ( -18.39999999999999858, 2.000000000000000000, 24.64999999999999858 ) ) ;
#1076 = EDGE_CURVE ( 'NONE', #1390, #1131, #76, .T. ) ;
#1077 = DIRECTION ( 'NONE',  ( -1.000000000000000000, 0.000000000000000000, 0.000000000000000000 ) ) ;
#1078 = DIRECTION ( 'NONE',  ( -0.000000000000000000, 1.000000000000000000, -0.000000000000000000 ) ) ;
#1079 = AXIS2_PLACEMENT_3D ( 'NONE', #788, #1142, #581 ) ;
#1080 = EDGE_LOOP ( 'NONE', ( #171, #1438, #1099, #1283 ) ) ;
#1081 = VECTOR ( 'NONE', #1311, 1000.000000000000000 ) ;
#1082 = DIRECTION ( 'NONE',  ( 0.000000000000000000, -1.000000000000000000, 0.000000000000000000 ) ) ;
#1083 = VECTOR ( 'NONE', #945, 1000.000000000000000 ) ;
#1084 = ORIENTED_EDGE ( 'NONE', *, *, #75, .F. ) ;
#1085 = VECTOR ( 'NONE', #1246, 1000.000000000000000 ) ;
#1086 = CARTESIAN_POINT ( 'NONE',  ( 0.000000000000000000, 3.500000000000000000, 6.650000000000003020 ) ) ;
#1087 = CARTESIAN_POINT ( 'NONE',  ( 0.000000000000000000, 3.500000000000000000, -8.349999999999996092 ) ) ;
#1088 = CARTESIAN_POINT ( 'NONE',  ( 0.4000000000000045186, 2.000000000000000000, 18.66000000000000725 ) ) ;
#1089 = VERTEX_POINT ( 'NONE', #754 ) ;
#1090 = DIRECTION ( 'NONE',  ( -0.000000000000000000, 1.000000000000000000, -0.000000000000000000 ) ) ;
#1091 = ORIENTED_EDGE ( 'NONE', *, *, #1426, .F. ) ;
#1092 = DIRECTION ( 'NONE',  ( 1.000000000000000000, 0.000000000000000000, -7.350523203291552293E-16 ) ) ;
#1093 = DIRECTION ( 'NONE',  ( 0.000000000000000000, 0.000000000000000000, -1.000000000000000000 ) ) ;
#1094 = CARTESIAN_POINT ( 'NONE',  ( -20.76000000000000156, 3.500000000000000000, 21.65500000000000114 ) ) ;
#1095 = EDGE_CURVE ( 'NONE', #335, #951, #197, .T. ) ;
#1096 = DIRECTION ( 'NONE',  ( -1.000000000000000000, 0.000000000000000000, 0.000000000000000000 ) ) ;
#1097 = DIRECTION ( 'NONE',  ( 0.000000000000000000, 0.000000000000000000, 1.000000000000000000 ) ) ;
#1098 = ORIENTED_EDGE ( 'NONE', *, *, #174, .T. ) ;
#1099 = ORIENTED_EDGE ( 'NONE', *, *, #1074, .F. ) ;
#1100 = LINE ( 'NONE', #1086, #39 ) ;
#1101 = LINE ( 'NONE', #101, #491 ) ;
#1102 = LINE ( 'NONE', #319, #1081 ) ;
#1103 = ADVANCED_BREP_SHAPE_REPRESENTATION ( 'Part88^low_level_power_assembly', ( #695, #1058 ), #235 ) ;
#1104 = CARTESIAN_POINT ( 'NONE',  ( -1.500000000000001332, -3.000000000000000000, -9.849999999999997868 ) ) ;
#1105 = EDGE_CURVE ( 'NONE', #1071, #810, #1173, .T. ) ;
#1106 = FACE_OUTER_BOUND ( 'NONE', #157, .T. ) ;
#1107 = ORIENTED_EDGE ( 'NONE', *, *, #239, .F. ) ;
#1108 = AXIS2_PLACEMENT_3D ( 'NONE', #651, #91, #792 ) ;
#1109 = APPLICATION_PROTOCOL_DEFINITION ( 'draft international standard', 'automotive_design', 1998, #219 ) ;
#1110 = CARTESIAN_POINT ( 'NONE',  ( -1.089479338029082921E-15, 5.000000000000000000, -31.35000000000000142 ) ) ;
#1111 = VERTEX_POINT ( 'NONE', #84 ) ;
#1112 = FACE_OUTER_BOUND ( 'NONE', #961, .T. ) ;
#1113 = ORIENTED_EDGE ( 'NONE', *, *, #786, .F. ) ;
#1114 = ORIENTED_EDGE ( 'NONE', *, *, #94, .T. ) ;
#1115 = EDGE_CURVE ( 'NONE', #526, #980, #416, .T. ) ;
#1116 = CARTESIAN_POINT ( 'NONE',  ( -1.500000000000001332, 5.000000000000000000, -9.849999999999997868 ) ) ;
#1117 = CARTESIAN_POINT ( 'NONE',  ( -23.12000000000000099, 5.000000000000000000, 24.64999999999999858 ) ) ;
#1118 = CARTESIAN_POINT ( 'NONE',  ( -1.500000000000001332, 5.000000000000000000, 5.150000000000002132 ) ) ;
#1119 = ORIENTED_EDGE ( 'NONE', *, *, #947, .T. ) ;
#1120 = DIRECTION ( 'NONE',  ( 0.000000000000000000, 0.000000000000000000, 1.000000000000000000 ) ) ;
#1121 = ADVANCED_FACE ( 'NONE', ( #1112 ), #1000, .F. ) ;
#1122 = DIRECTION ( 'NONE',  ( 0.000000000000000000, 0.000000000000000000, 1.000000000000000000 ) ) ;
#1123 = EDGE_LOOP ( 'NONE', ( #20, #688, #1413, #1372 ) ) ;
#1124 = CIRCLE ( 'NONE', #35, 1.500000000000001332 ) ;
#1125 = ORIENTED_EDGE ( 'NONE', *, *, #922, .F. ) ;
#1126 = AXIS2_PLACEMENT_3D ( 'NONE', #791, #1463, #696 ) ;
#1127 = AXIS2_PLACEMENT_3D ( 'NONE', #291, #643, #1097 ) ;
#1128 = FACE_OUTER_BOUND ( 'NONE', #510, .T. ) ;
#1129 = CIRCLE ( 'NONE', #894, 1.000000000000000888 ) ;
#1130 = CARTESIAN_POINT ( 'NONE',  ( -16.50000000000000000, 3.500000000000000444, 6.650000000000003908 ) ) ;
#1131 = VERTEX_POINT ( 'NONE', #237 ) ;
#1132 = EDGE_LOOP ( 'NONE', ( #1182, #188, #929, #1255 ) ) ;
#1133 = DIRECTION ( 'NONE',  ( 0.000000000000000000, 0.000000000000000000, 1.000000000000000000 ) ) ;
#1134 = DIRECTION ( 'NONE',  ( 0.000000000000000000, -1.000000000000000000, -0.000000000000000000 ) ) ;
#1135 = LINE ( 'NONE', #354, #59 ) ;
#1136 = EDGE_CURVE ( 'NONE', #28, #1261, #1148, .T. ) ;
#1137 = ORIENTED_EDGE ( 'NONE', *, *, #372, .T. ) ;
#1138 = EDGE_CURVE ( 'NONE', #391, #1089, #960, .T. ) ;
#1139 = ORIENTED_EDGE ( 'NONE', *, *, #125, .T. ) ;
#1140 = LINE ( 'NONE', #1145, #326 ) ;
#1141 = DIRECTION ( 'NONE',  ( -0.000000000000000000, 1.000000000000000000, -0.000000000000000000 ) ) ;
#1142 = DIRECTION ( 'NONE',  ( 0.000000000000000000, 0.000000000000000000, 1.000000000000000000 ) ) ;
#1143 = ORIENTED_EDGE ( 'NONE', *, *, #369, .T. ) ;
#1144 = EDGE_LOOP ( 'NONE', ( #555, #832, #435, #1143 ) ) ;
#1145 = CARTESIAN_POINT ( 'NONE',  ( -1.089479338029082921E-15, 3.500000000000000000, -28.34999999999999787 ) ) ;
#1146 = AXIS2_PLACEMENT_3D ( 'NONE', #1178, #170, #617 ) ;
#1147 = CARTESIAN_POINT ( 'NONE',  ( -1.500000000000002442, 3.500000000000000444, -31.35000000000000142 ) ) ;
#1148 = CIRCLE ( 'NONE', #1108, 1.500000000000002220 ) ;
#1149 = CARTESIAN_POINT ( 'NONE',  ( -3.700000000000001066, -3.000000000000000000, -18.10000000000000142 ) ) ;
#1150 = AXIS2_PLACEMENT_3D ( 'NONE', #278, #729, #1177 ) ;
#1151 = ORIENTED_EDGE ( 'NONE', *, *, #1420, .T. ) ;
#1152 = ORIENTED_EDGE ( 'NONE', *, *, #1397, .F. ) ;
#1153 = EDGE_CURVE ( 'NONE', #526, #790, #322, .T. ) ;
#1154 = LINE ( 'NONE', #821, #1435 ) ;
#1155 = EDGE_CURVE ( 'NONE', #1207, #1445, #1354, .T. ) ;
#1156 = DIRECTION ( 'NONE',  ( 0.000000000000000000, -0.000000000000000000, 1.000000000000000000 ) ) ;
#1157 = LINE ( 'NONE', #494, #421 ) ;
#1158 = ORIENTED_EDGE ( 'NONE', *, *, #571, .T. ) ;
#1159 = CARTESIAN_POINT ( 'NONE',  ( -23.12000000000000455, 3.500000000000000000, -39.03999999999999915 ) ) ;
#1160 = CARTESIAN_POINT ( 'NONE',  ( -1.500000000000001332, -3.000000000000000000, 11.14999999999999858 ) ) ;
#1161 = ADVANCED_FACE ( 'NONE', ( #1279 ), #1392, .F. ) ;
#1162 = DIRECTION ( 'NONE',  ( 0.000000000000000000, 0.000000000000000000, 1.000000000000000000 ) ) ;
#1163 = CARTESIAN_POINT ( 'NONE',  ( 0.4000000000000045186, 3.500000000000000000, 18.66000000000000725 ) ) ;
#1164 = EDGE_LOOP ( 'NONE', ( #167, #1218, #946, #316 ) ) ;
#1165 = DIRECTION ( 'NONE',  ( 0.000000000000000000, 0.000000000000000000, 1.000000000000000000 ) ) ;
#1166 = VERTEX_POINT ( 'NONE', #353 ) ;
#1167 =( NAMED_UNIT ( * ) SI_UNIT ( $, .STERADIAN. ) SOLID_ANGLE_UNIT ( ) );
#1168 = DIRECTION ( 'NONE',  ( -0.000000000000000000, 1.000000000000000000, -0.000000000000000000 ) ) ;
#1169 = AXIS2_PLACEMENT_3D ( 'NONE', #250, #806, #451 ) ;
#1170 = CARTESIAN_POINT ( 'NONE',  ( -20.76000000000000156, 3.500000000000000000, 20.65500000000000114 ) ) ;
#1171 = EDGE_CURVE ( 'NONE', #1208, #1333, #359, .T. ) ;
#1172 = VERTEX_POINT ( 'NONE', #913 ) ;
#1173 = CIRCLE ( 'NONE', #92, 1.000000000000000888 ) ;
#1175 = CARTESIAN_POINT ( 'NONE',  ( -18.39999999999999858, 2.000000000000000000, 18.66000000000000725 ) ) ;
#1174 = CIRCLE ( 'NONE', #426, 1.875000000000005107 ) ;
#1176 = ORIENTED_EDGE ( 'NONE', *, *, #859, .F. ) ;
#1177 = DIRECTION ( 'NONE',  ( 0.000000000000000000, 0.000000000000000000, -1.000000000000000000 ) ) ;
#1178 = CARTESIAN_POINT ( 'NONE',  ( 2.760000000000005560, 3.500000000000000000, 21.65500000000000114 ) ) ;
#1179 = ORIENTED_EDGE ( 'NONE', *, *, #75, .T. ) ;
#1180 = EDGE_CURVE ( 'NONE', #28, #1458, #122, .T. ) ;
#1181 = DIRECTION ( 'NONE',  ( -0.000000000000000000, 1.000000000000000000, -0.000000000000000000 ) ) ;
#1182 = ORIENTED_EDGE ( 'NONE', *, *, #612, .T. ) ;
#1183 = ADVANCED_FACE ( 'NONE', ( #30, #697, #1052, #1375, #690, #1252, #365, #812, #574 ), #822, .T. ) ;
#1184 = DIRECTION ( 'NONE',  ( -0.000000000000000000, 1.000000000000000000, 0.000000000000000000 ) ) ;
#1185 = LINE ( 'NONE', #271, #469 ) ;
#1186 = CARTESIAN_POINT ( 'NONE',  ( -16.50000000000000000, -3.000000000000000000, -31.35000000000000142 ) ) ;
#1187 = ORIENTED_EDGE ( 'NONE', *, *, #443, .F. ) ;
#1188 = CYLINDRICAL_SURFACE ( 'NONE', #328, 1.500000000000001332 ) ;
#1189 = ORIENTED_EDGE ( 'NONE', *, *, #134, .T. ) ;
#1190 = CARTESIAN_POINT ( 'NONE',  ( 0.000000000000000000, 3.500000000000000000, -11.35000000000000142 ) ) ;
#1191 = DIRECTION ( 'NONE',  ( 0.000000000000000000, 1.000000000000000000, 0.000000000000000000 ) ) ;
#1192 = CARTESIAN_POINT ( 'NONE',  ( 0.000000000000000000, 5.000000000000000000, 11.14999999999999858 ) ) ;
#1193 = FACE_OUTER_BOUND ( 'NONE', #1080, .T. ) ;
#1194 = AXIS2_PLACEMENT_3D ( 'NONE', #121, #670, #573 ) ;
#1195 = DIRECTION ( 'NONE',  ( -2.723698345072707180E-17, 0.000000000000000000, -1.000000000000000000 ) ) ;
#1196 = AXIS2_PLACEMENT_3D ( 'NONE', #315, #547, #190 ) ;
#1197 = ORIENTED_EDGE ( 'NONE', *, *, #338, .F. ) ;
#1198 = AXIS2_PLACEMENT_3D ( 'NONE', #609, #1415, #1069 ) ;
#1199 = DIRECTION ( 'NONE',  ( 0.000000000000000000, 0.000000000000000000, -1.000000000000000000 ) ) ;
#1200 = EDGE_CURVE ( 'NONE', #259, #1304, #115, .T. ) ;
#1201 = LINE ( 'NONE', #413, #702 ) ;
#1202 = DIRECTION ( 'NONE',  ( -1.000000000000000000, 0.000000000000000000, 0.000000000000000000 ) ) ;
#1203 = UNCERTAINTY_MEASURE_WITH_UNIT (LENGTH_MEASURE( 1.000000000000000082E-05 ), #1321, 'distance_accuracy_value', 'NONE');
#1204 = ADVANCED_FACE ( 'NONE', ( #1364, #920, #151, #931, #942, #707, #1384 ), #145, .F. ) ;
#1205 = DIRECTION ( 'NONE',  ( 0.000000000000000000, 0.000000000000000000, 1.000000000000000000 ) ) ;
#1206 = CARTESIAN_POINT ( 'NONE',  ( 5.119999999999999218, 3.500000000000000000, 18.66000000000000369 ) ) ;
#1207 = VERTEX_POINT ( 'NONE', #805 ) ;
#1208 = VERTEX_POINT ( 'NONE', #1147 ) ;
#1209 = FACE_OUTER_BOUND ( 'NONE', #1056, .T. ) ;
#1210 = CARTESIAN_POINT ( 'NONE',  ( 0.000000000000000000, 0.000000000000000000, 0.000000000000000000 ) ) ;
#1211 = DIRECTION ( 'NONE',  ( 0.000000000000000000, 0.000000000000000000, 1.000000000000000000 ) ) ;
#1212 = EDGE_CURVE ( 'NONE', #923, #227, #17, .T. ) ;
#1213 = PLANE ( 'NONE',  #1337 ) ;
#1214 = PLANE ( 'NONE',  #1341 ) ;
#1215 = EDGE_LOOP ( 'NONE', ( #1060, #834, #268, #323 ) ) ;
#1216 = VERTEX_POINT ( 'NONE', #800 ) ;
#1217 = DIRECTION ( 'NONE',  ( -0.000000000000000000, 1.000000000000000000, -0.000000000000000000 ) ) ;
#1218 = ORIENTED_EDGE ( 'NONE', *, *, #320, .T. ) ;
#1219 = EDGE_CURVE ( 'NONE', #624, #1240, #588, .T. ) ;
#1220 = FACE_BOUND ( 'NONE', #11, .T. ) ;
#1221 = ORIENTED_EDGE ( 'NONE', *, *, #941, .F. ) ;
#1222 = AXIS2_PLACEMENT_3D ( 'NONE', #886, #1313, #321 ) ;
#1223 = VERTEX_POINT ( 'NONE', #593 ) ;
#1224 = AXIS2_PLACEMENT_3D ( 'NONE', #1320, #621, #310 ) ;
#1225 = DIRECTION ( 'NONE',  ( 0.000000000000000000, 1.000000000000000000, -0.000000000000000000 ) ) ;
#1226 = AXIS2_PLACEMENT_3D ( 'NONE', #161, #499, #735 ) ;
#1227 = CARTESIAN_POINT ( 'NONE',  ( -1.500000000000001332, 5.000000000000000000, -11.35000000000000142 ) ) ;
#1228 = ORIENTED_EDGE ( 'NONE', *, *, #984, .F. ) ;
#1229 = VERTEX_POINT ( 'NONE', #376 ) ;
#1230 = EDGE_CURVE ( 'NONE', #459, #790, #1273, .T. ) ;
#1231 = CARTESIAN_POINT ( 'NONE',  ( -18.39999999999999858, 2.000000000000000000, 18.66000000000000725 ) ) ;
#1232 = FACE_OUTER_BOUND ( 'NONE', #556, .T. ) ;
#1233 = EDGE_LOOP ( 'NONE', ( #1410, #524 ) ) ;
#1234 = ORIENTED_EDGE ( 'NONE', *, *, #485, .F. ) ;
#1235 = CARTESIAN_POINT ( 'NONE',  ( -16.50000000000000000, 3.500000000000000444, 14.15000000000000213 ) ) ;
#1236 = LINE ( 'NONE', #461, #1433 ) ;
#1237 = LINE ( 'NONE', #691, #464 ) ;
#1238 = VERTEX_POINT ( 'NONE', #264 ) ;
#1239 = AXIS2_PLACEMENT_3D ( 'NONE', #623, #47, #814 ) ;
#1240 = VERTEX_POINT ( 'NONE', #600 ) ;
#1241 = MECHANICAL_DESIGN_GEOMETRIC_PRESENTATION_REPRESENTATION (  '', ( #232 ), #277 ) ;
#1242 = AXIS2_PLACEMENT_3D ( 'NONE', #1427, #857, #969 ) ;
#1243 = CARTESIAN_POINT ( 'NONE',  ( -16.50000000000000000, 5.000000000000000000, 6.650000000000003020 ) ) ;
#1244 = EDGE_CURVE ( 'NONE', #902, #944, #216, .T. ) ;
#1245 = VECTOR ( 'NONE', #18, 1000.000000000000000 ) ;
#1246 = DIRECTION ( 'NONE',  ( -1.000000000000000000, 0.000000000000000000, 0.000000000000000000 ) ) ;
#1247 = DIRECTION ( 'NONE',  ( -0.000000000000000000, 1.000000000000000000, -0.000000000000000000 ) ) ;
#1248 = ADVANCED_FACE ( 'NONE', ( #38, #493 ), #830, .T. ) ;
#1249 = EDGE_LOOP ( 'NONE', ( #1446, #858, #1139, #1022 ) ) ;
#1250 = EDGE_LOOP ( 'NONE', ( #797, #1042, #178, #1339 ) ) ;
#1251 = DIRECTION ( 'NONE',  ( -0.000000000000000000, 1.000000000000000000, -0.000000000000000000 ) ) ;
#1252 = FACE_BOUND ( 'NONE', #1123, .T. ) ;
#1253 = EDGE_CURVE ( 'NONE', #1238, #839, #1387, .T. ) ;
#1254 = LINE ( 'NONE', #1355, #1008 ) ;
#1255 = ORIENTED_EDGE ( 'NONE', *, *, #1379, .F. ) ;
#1256 = CARTESIAN_POINT ( 'NONE',  ( 0.4000000000000045186, 2.000000000000000000, 24.64999999999999858 ) ) ;
#1257 = DIRECTION ( 'NONE',  ( -0.000000000000000000, 1.000000000000000000, -0.000000000000000000 ) ) ;
#1258 = DIRECTION ( 'NONE',  ( -0.000000000000000000, 0.000000000000000000, -1.000000000000000000 ) ) ;
#1259 = ORIENTED_EDGE ( 'NONE', *, *, #1309, .F. ) ;
#1260 = EDGE_CURVE ( 'NONE', #1111, #1304, #397, .T. ) ;
#1261 = VERTEX_POINT ( 'NONE', #978 ) ;
#1262 = VECTOR ( 'NONE', #956, 1000.000000000000000 ) ;
#1263 = CIRCLE ( 'NONE', #62, 1.875000000000005107 ) ;
#1264 = CARTESIAN_POINT ( 'NONE',  ( 0.000000000000000000, 3.500000000000000000, -0.8499999999999965361 ) ) ;
#1265 = CIRCLE ( 'NONE', #513, 1.500000000000002220 ) ;
#1266 = CARTESIAN_POINT ( 'NONE',  ( 5.119999999999997442, 5.000000000000000000, -39.04000000000000625 ) ) ;
#1267 = VECTOR ( 'NONE', #407, 1000.000000000000000 ) ;
#1268 = ORIENTED_EDGE ( 'NONE', *, *, #1153, .T. ) ;
#1269 = CARTESIAN_POINT ( 'NONE',  ( -16.50000000000000000, 5.000000000000000000, -8.349999999999996092 ) ) ;
#1270 = ORIENTED_EDGE ( 'NONE', *, *, #1352, .T. ) ;
#1271 = ADVANCED_FACE ( 'NONE', ( #79 ), #194, .F. ) ;
#1272 = DIRECTION ( 'NONE',  ( -0.000000000000000000, 0.000000000000000000, -1.000000000000000000 ) ) ;
#1273 = LINE ( 'NONE', #9, #139 ) ;
#1274 = DIRECTION ( 'NONE',  ( -0.000000000000000000, -0.000000000000000000, 1.000000000000000000 ) ) ;
#1275 = ORIENTED_EDGE ( 'NONE', *, *, #460, .T. ) ;
#1276 = CARTESIAN_POINT ( 'NONE',  ( 0.000000000000000000, 3.500000000000000000, 11.14999999999999858 ) ) ;
#1277 = ORIENTED_EDGE ( 'NONE', *, *, #246, .F. ) ;
#1278 = DIRECTION ( 'NONE',  ( -0.000000000000000000, 0.000000000000000000, 1.000000000000000000 ) ) ;
#1279 = FACE_OUTER_BOUND ( 'NONE', #1164, .T. ) ;
#1280 = DIRECTION ( 'NONE',  ( -0.000000000000000000, 1.000000000000000000, -0.000000000000000000 ) ) ;
#1281 = ORIENTED_EDGE ( 'NONE', *, *, #1230, .F. ) ;
#1282 = DIRECTION ( 'NONE',  ( 0.000000000000000000, 1.000000000000000000, 0.000000000000000000 ) ) ;
#1283 = ORIENTED_EDGE ( 'NONE', *, *, #612, .F. ) ;
#1284 = LINE ( 'NONE', #387, #724 ) ;
#1285 = DIRECTION ( 'NONE',  ( -1.000000000000000000, 0.000000000000000000, 0.000000000000000000 ) ) ;
#1286 = VECTOR ( 'NONE', #838, 1000.000000000000000 ) ;
#1287 = DIRECTION ( 'NONE',  ( 1.000000000000000000, -0.000000000000000000, 7.350523203291552293E-16 ) ) ;
#1288 = PRODUCT_DEFINITION ( 'UNKNOWN', '', #916, #893 ) ;
#1289 = CIRCLE ( 'NONE', #958, 2.499999999999998668 ) ;
#1290 = VERTEX_POINT ( 'NONE', #514 ) ;
#1291 = ADVANCED_FACE ( 'NONE', ( #846 ), #302, .F. ) ;
#1292 = AXIS2_PLACEMENT_3D ( 'NONE', #587, #1272, #629 ) ;
#1293 = DIRECTION ( 'NONE',  ( 5.447396690145414360E-17, 0.000000000000000000, 1.000000000000000000 ) ) ;
#1294 = ORIENTED_EDGE ( 'NONE', *, *, #270, .T. ) ;
#1295 = CARTESIAN_POINT ( 'NONE',  ( -20.76000000000000156, 2.000000000000000000, 20.65500000000000114 ) ) ;
#1296 = DIRECTION ( 'NONE',  ( -0.000000000000000000, 1.000000000000000000, -0.000000000000000000 ) ) ;
#1297 = CARTESIAN_POINT ( 'NONE',  ( 5.120000000000006324, 2.000000000000000000, 24.64999999999999858 ) ) ;
#1298 = ORIENTED_EDGE ( 'NONE', *, *, #1439, .F. ) ;
#1299 = DIRECTION ( 'NONE',  ( 0.000000000000000000, 1.000000000000000000, 0.000000000000000000 ) ) ;
#1300 = VERTEX_POINT ( 'NONE', #53 ) ;
#1301 = FACE_OUTER_BOUND ( 'NONE', #626, .T. ) ;
#1302 = DIRECTION ( 'NONE',  ( 0.000000000000000000, 1.000000000000000000, -0.000000000000000000 ) ) ;
#1303 = DIRECTION ( 'NONE',  ( 0.000000000000000000, 0.000000000000000000, 1.000000000000000000 ) ) ;
#1304 = VERTEX_POINT ( 'NONE', #965 ) ;
#1305 = CARTESIAN_POINT ( 'NONE',  ( -3.700000000000000622, -3.000000000000000000, -23.09999999999999787 ) ) ;
#1306 = EDGE_LOOP ( 'NONE', ( #683, #1221 ) ) ;
#1307 = EDGE_CURVE ( 'NONE', #89, #204, #640, .T. ) ;
#1308 = DIRECTION ( 'NONE',  ( -0.000000000000000000, 0.000000000000000000, -1.000000000000000000 ) ) ;
#1309 = EDGE_CURVE ( 'NONE', #227, #944, #1062, .T. ) ;
#1310 = LINE ( 'NONE', #616, #1462 ) ;
#1311 = DIRECTION ( 'NONE',  ( -0.000000000000000000, 1.000000000000000000, -0.000000000000000000 ) ) ;
#1312 = AXIS2_PLACEMENT_3D ( 'NONE', #823, #1063, #516 ) ;
#1313 = DIRECTION ( 'NONE',  ( -0.000000000000000000, 1.000000000000000000, -0.000000000000000000 ) ) ;
#1314 = VECTOR ( 'NONE', #138, 1000.000000000000000 ) ;
#1315 = DIRECTION ( 'NONE',  ( -0.000000000000000000, 1.000000000000000000, -0.000000000000000000 ) ) ;
#1316 = VECTOR ( 'NONE', #379, 1000.000000000000000 ) ;
#1317 = EDGE_LOOP ( 'NONE', ( #1007, #1137, #173, #802 ) ) ;
#1318 = CIRCLE ( 'NONE', #586, 1.875000000000001776 ) ;
#1319 = EDGE_CURVE ( 'NONE', #606, #1421, #1201, .T. ) ;
#1320 = CARTESIAN_POINT ( 'NONE',  ( 0.000000000000000000, -3.000000000000000000, 14.15000000000000213 ) ) ;
#1321 =( LENGTH_UNIT ( ) NAMED_UNIT ( * ) SI_UNIT ( .MILLI., .METRE. ) );
#1322 = CARTESIAN_POINT ( 'NONE',  ( -23.12000000000000099, 3.500000000000000000, 24.64999999999999858 ) ) ;
#1323 = EDGE_LOOP ( 'NONE', ( #672, #198, #220, #405 ) ) ;
#1324 = PLANE ( 'NONE',  #424 ) ;
#1325 = ORIENTED_EDGE ( 'NONE', *, *, #504, .T. ) ;
#1326 = DIRECTION ( 'NONE',  ( 1.000000000000000000, 0.000000000000000000, -7.350523203291552293E-16 ) ) ;
#1327 = DIRECTION ( 'NONE',  ( 0.000000000000000000, -1.000000000000000000, 0.000000000000000000 ) ) ;
#1328 = DIRECTION ( 'NONE',  ( -0.000000000000000000, 1.000000000000000000, -0.000000000000000000 ) ) ;
#1329 = EDGE_CURVE ( 'NONE', #1261, #538, #853, .T. ) ;
#1330 = CYLINDRICAL_SURFACE ( 'NONE', #698, 1.500000000000002220 ) ;
#1331 = DIRECTION ( 'NONE',  ( 0.000000000000000000, 0.000000000000000000, 1.000000000000000000 ) ) ;
#1332 = ORIENTED_EDGE ( 'NONE', *, *, #1171, .F. ) ;
#1333 = VERTEX_POINT ( 'NONE', #528 ) ;
#1334 = LINE ( 'NONE', #1192, #890 ) ;
#1335 = EDGE_CURVE ( 'NONE', #41, #533, #1185, .T. ) ;
#1336 = ORIENTED_EDGE ( 'NONE', *, *, #1397, .T. ) ;
#1337 = AXIS2_PLACEMENT_3D ( 'NONE', #327, #642, #1096 ) ;
#1338 = EDGE_CURVE ( 'NONE', #1229, #982, #1174, .T. ) ;
#1339 = ORIENTED_EDGE ( 'NONE', *, *, #827, .F. ) ;
#1340 = VECTOR ( 'NONE', #150, 1000.000000000000000 ) ;
#1341 = AXIS2_PLACEMENT_3D ( 'NONE', #531, #98, #1195 ) ;
#1342 = CARTESIAN_POINT ( 'NONE',  ( 0.000000000000000000, 5.000000000000000000, -8.349999999999996092 ) ) ;
#1343 = PLANE ( 'NONE',  #771 ) ;
#1344 = ORIENTED_EDGE ( 'NONE', *, *, #282, .F. ) ;
#1345 = ORIENTED_EDGE ( 'NONE', *, *, #388, .F. ) ;
#1346 = DIRECTION ( 'NONE',  ( 0.000000000000000000, 0.000000000000000000, -1.000000000000000000 ) ) ;
#1347 = DIRECTION ( 'NONE',  ( 0.000000000000000000, 0.000000000000000000, 1.000000000000000000 ) ) ;
#1348 = FACE_OUTER_BOUND ( 'NONE', #367, .T. ) ;
#1349 = EDGE_LOOP ( 'NONE', ( #1107, #763, #924, #1277, #386, #782 ) ) ;
#1350 = ORIENTED_EDGE ( 'NONE', *, *, #1467, .T. ) ;
#1351 = ADVANCED_FACE ( 'NONE', ( #955 ), #176, .F. ) ;
#1352 = EDGE_CURVE ( 'NONE', #234, #789, #184, .T. ) ;
#1353 = FACE_BOUND ( 'NONE', #1428, .T. ) ;
#1354 = LINE ( 'NONE', #344, #1085 ) ;
#1355 = CARTESIAN_POINT ( 'NONE',  ( -18.39999999999999858, 2.000000000000000000, 24.64999999999999858 ) ) ;
#1356 = ORIENTED_EDGE ( 'NONE', *, *, #1200, .T. ) ;
#1357 = CIRCLE ( 'NONE', #912, 1.500000000000001332 ) ;
#1358 = ORIENTED_EDGE ( 'NONE', *, *, #543, .F. ) ;
#1359 = CIRCLE ( 'NONE', #1126, 1.500000000000001332 ) ;
#1360 = EDGE_CURVE ( 'NONE', #1223, #459, #870, .T. ) ;
#1361 = CIRCLE ( 'NONE', #1035, 1.500000000000001332 ) ;
#1362 = DIRECTION ( 'NONE',  ( 0.000000000000000000, 0.000000000000000000, 1.000000000000000000 ) ) ;
#1363 = VECTOR ( 'NONE', #431, 1000.000000000000000 ) ;
#1364 = FACE_BOUND ( 'NONE', #826, .T. ) ;
#1365 = FACE_OUTER_BOUND ( 'NONE', #436, .T. ) ;
#1366 = EDGE_LOOP ( 'NONE', ( #519, #1189, #1234, #34 ) ) ;
#1367 = ORIENTED_EDGE ( 'NONE', *, *, #164, .T. ) ;
#1368 = DIRECTION ( 'NONE',  ( -0.000000000000000000, -0.000000000000000000, 1.000000000000000000 ) ) ;
#1369 = DIRECTION ( 'NONE',  ( 0.000000000000000000, 1.000000000000000000, 0.000000000000000000 ) ) ;
#1370 = DIRECTION ( 'NONE',  ( 0.000000000000000000, 0.000000000000000000, 1.000000000000000000 ) ) ;
#1371 = EDGE_CURVE ( 'NONE', #762, #1111, #633, .T. ) ;
#1372 = ORIENTED_EDGE ( 'NONE', *, *, #1047, .F. ) ;
#1373 = VERTEX_POINT ( 'NONE', #169 ) ;
#1374 = FACE_OUTER_BOUND ( 'NONE', #1402, .T. ) ;
#1375 = FACE_BOUND ( 'NONE', #824, .T. ) ;
#1376 = DIRECTION ( 'NONE',  ( -0.000000000000000000, 1.000000000000000000, -0.000000000000000000 ) ) ;
#1377 = EDGE_CURVE ( 'NONE', #1029, #526, #1310, .T. ) ;
#1378 = EDGE_LOOP ( 'NONE', ( #100, #417, #292, #425 ) ) ;
#1379 = EDGE_CURVE ( 'NONE', #1290, #227, #632, .T. ) ;
#1380 = CARTESIAN_POINT ( 'NONE',  ( -16.50000000000000000, 5.000000000000000000, 3.649999999999999467 ) ) ;
#1381 = VERTEX_POINT ( 'NONE', #972 ) ;
#1382 = VECTOR ( 'NONE', #720, 1000.000000000000000 ) ;
#1383 = CIRCLE ( 'NONE', #303, 2.499999999999998668 ) ;
#1384 = FACE_OUTER_BOUND ( 'NONE', #578, .T. ) ;
#1385 = AXIS2_PLACEMENT_3D ( 'NONE', #395, #1184, #930 ) ;
#1386 = CARTESIAN_POINT ( 'NONE',  ( -1.500000000000001332, 5.000000000000000000, -8.349999999999996092 ) ) ;
#1387 = CIRCLE ( 'NONE', #446, 1.875000000000005107 ) ;
#1388 = ORIENTED_EDGE ( 'NONE', *, *, #543, .T. ) ;
#1389 = DIRECTION ( 'NONE',  ( 0.000000000000000000, 0.000000000000000000, 1.000000000000000000 ) ) ;
#1390 = VERTEX_POINT ( 'NONE', #1423 ) ;
#1391 = PLANE ( 'NONE',  #13 ) ;
#1392 = CYLINDRICAL_SURFACE ( 'NONE', #539, 1.500000000000002220 ) ;
#1393 = CARTESIAN_POINT ( 'NONE',  ( -23.12000000000000099, 2.000000000000000000, 18.66000000000000369 ) ) ;
#1394 = ORIENTED_EDGE ( 'NONE', *, *, #676, .F. ) ;
#1395 = CARTESIAN_POINT ( 'NONE',  ( -20.76000000000000156, 5.000000000000000000, 23.53000000000000469 ) ) ;
#1396 = VERTEX_POINT ( 'NONE', #861 ) ;
#1397 = EDGE_CURVE ( 'NONE', #503, #902, #566, .T. ) ;
#1398 =( NAMED_UNIT ( * ) PLANE_ANGLE_UNIT ( ) SI_UNIT ( $, .RADIAN. ) );
#1399 = EDGE_CURVE ( 'NONE', #783, #789, #557, .T. ) ;
#1400 = CARTESIAN_POINT ( 'NONE',  ( -16.50000000000000000, -3.000000000000000000, -8.349999999999996092 ) ) ;
#1401 = CARTESIAN_POINT ( 'NONE',  ( -18.39999999999999858, 3.500000000000000000, 18.66000000000000725 ) ) ;
#1402 = EDGE_LOOP ( 'NONE', ( #703, #50, #682, #755 ) ) ;
#1403 = CARTESIAN_POINT ( 'NONE',  ( 5.120000000000006324, 2.000000000000000000, 18.66000000000000369 ) ) ;
#1404 = VERTEX_POINT ( 'NONE', #665 ) ;
#1405 = VECTOR ( 'NONE', #901, 1000.000000000000000 ) ;
#1406 = CARTESIAN_POINT ( 'NONE',  ( 5.119999999999999218, 3.500000000000000000, 24.64999999999999858 ) ) ;
#1407 = AXIS2_PLACEMENT_3D ( 'NONE', #441, #558, #1133 ) ;
#1408 = LINE ( 'NONE', #1186, #132 ) ;
#1409 = VECTOR ( 'NONE', #304, 1000.000000000000000 ) ;
#1410 = ORIENTED_EDGE ( 'NONE', *, *, #460, .F. ) ;
#1411 = VECTOR ( 'NONE', #58, 1000.000000000000000 ) ;
#1412 = DIRECTION ( 'NONE',  ( -1.000000000000000000, 0.000000000000000000, 5.447396690145414360E-17 ) ) ;
#1413 = ORIENTED_EDGE ( 'NONE', *, *, #418, .T. ) ;
#1414 = CARTESIAN_POINT ( 'NONE',  ( -1.500000000000001332, -3.000000000000000000, 3.649999999999998579 ) ) ;
#1415 = DIRECTION ( 'NONE',  ( -0.000000000000000000, 1.000000000000000000, -0.000000000000000000 ) ) ;
#1416 = CARTESIAN_POINT ( 'NONE',  ( -23.12000000000000099, 5.000000000000000000, 24.64999999999999858 ) ) ;
#1417 = EDGE_CURVE ( 'NONE', #798, #590, #449, .T. ) ;
#1418 = ORIENTED_EDGE ( 'NONE', *, *, #478, .T. ) ;
#1419 = DIRECTION ( 'NONE',  ( 0.000000000000000000, 0.000000000000000000, 1.000000000000000000 ) ) ;
#1420 = EDGE_CURVE ( 'NONE', #1404, #538, #1014, .T. ) ;
#1421 = VERTEX_POINT ( 'NONE', #312 ) ;
#1422 = LINE ( 'NONE', #1190, #891 ) ;
#1423 = CARTESIAN_POINT ( 'NONE',  ( -3.700000000000000622, 3.500000000000000444, -23.09999999999999787 ) ) ;
#1424 = DIRECTION ( 'NONE',  ( 0.000000000000000000, 1.000000000000000000, -0.000000000000000000 ) ) ;
#1425 = VERTEX_POINT ( 'NONE', #899 ) ;
#1426 = EDGE_CURVE ( 'NONE', #746, #1373, #1129, .T. ) ;
#1427 = CARTESIAN_POINT ( 'NONE',  ( -3.700000000000001066, -3.000000000000000000, -20.60000000000000142 ) ) ;
#1428 = EDGE_LOOP ( 'NONE', ( #486, #1356 ) ) ;
#1429 = DIRECTION ( 'NONE',  ( 0.000000000000000000, 0.000000000000000000, 1.000000000000000000 ) ) ;
#1430 = CARTESIAN_POINT ( 'NONE',  ( -1.500000000000001332, -3.000000000000000000, -3.850000000000000977 ) ) ;
#1431 = CARTESIAN_POINT ( 'NONE',  ( -1.500000000000002442, -3.000000000000000000, -31.35000000000000142 ) ) ;
#1432 = LINE ( 'NONE', #992, #932 ) ;
#1433 = VECTOR ( 'NONE', #1368, 1000.000000000000000 ) ;
#1434 = PLANE ( 'NONE',  #373 ) ;
#1435 = VECTOR ( 'NONE', #728, 1000.000000000000000 ) ;
#1436 = EDGE_LOOP ( 'NONE', ( #7, #876, #725, #215 ) ) ;
#1437 = VECTOR ( 'NONE', #1296, 1000.000000000000000 ) ;
#1438 = ORIENTED_EDGE ( 'NONE', *, *, #1447, .T. ) ;
#1439 = EDGE_CURVE ( 'NONE', #1304, #259, #727, .T. ) ;
#1440 = LINE ( 'NONE', #1414, #64 ) ;
#1441 = DIRECTION ( 'NONE',  ( 1.000000000000000000, 0.000000000000000000, 0.000000000000000000 ) ) ;
#1442 = CARTESIAN_POINT ( 'NONE',  ( -16.50000000000000000, -3.000000000000000000, 3.649999999999998579 ) ) ;
#1443 = FACE_OUTER_BOUND ( 'NONE', #549, .T. ) ;
#1444 = CARTESIAN_POINT ( 'NONE',  ( 2.760000000000005560, 3.500000000000000000, 21.65500000000000114 ) ) ;
#1445 = VERTEX_POINT ( 'NONE', #1235 ) ;
#1446 = ORIENTED_EDGE ( 'NONE', *, *, #937, .F. ) ;
#1447 = EDGE_CURVE ( 'NONE', #283, #503, #189, .T. ) ;
#1448 = APPLICATION_PROTOCOL_DEFINITION ( 'draft international standard', 'automotive_design', 1998, #362 ) ;
#1449 = DIRECTION ( 'NONE',  ( -0.000000000000000000, 1.000000000000000000, -0.000000000000000000 ) ) ;
#1450 = EDGE_CURVE ( 'NONE', #538, #590, #1101, .T. ) ;
#1451 = CARTESIAN_POINT ( 'NONE',  ( -16.50000000000000000, 5.000000000000000000, -29.84999999999999787 ) ) ;
#1452 = ORIENTED_EDGE ( 'NONE', *, *, #478, .F. ) ;
#1453 = ORIENTED_EDGE ( 'NONE', *, *, #320, .F. ) ;
#1454 = CARTESIAN_POINT ( 'NONE',  ( -16.50000000000000000, 3.500000000000000444, -2.349999999999997868 ) ) ;
#1455 = CARTESIAN_POINT ( 'NONE',  ( -16.50000000000000000, 5.000000000000000000, -31.35000000000000142 ) ) ;
#1456 = LINE ( 'NONE', #659, #276 ) ;
#1457 = AXIS2_PLACEMENT_3D ( 'NONE', #225, #671, #1122 ) ;
#1458 = VERTEX_POINT ( 'NONE', #989 ) ;
#1459 = VECTOR ( 'NONE', #1328, 1000.000000000000000 ) ;
#1460 = AXIS2_PLACEMENT_3D ( 'NONE', #267, #148, #502 ) ;
#1461 = EDGE_LOOP ( 'NONE', ( #314, #638, #1270, #865 ) ) ;
#1462 = VECTOR ( 'NONE', #61, 1000.000000000000000 ) ;
#1463 = DIRECTION ( 'NONE',  ( 0.000000000000000000, 1.000000000000000000, 0.000000000000000000 ) ) ;
#1464 = DIRECTION ( 'NONE',  ( -1.000000000000000000, 0.000000000000000000, 0.000000000000000000 ) ) ;
#1465 = EDGE_CURVE ( 'NONE', #1089, #391, #1318, .T. ) ;
#1466 = VERTEX_POINT ( 'NONE', #209 ) ;
#1467 = EDGE_CURVE ( 'NONE', #798, #1458, #681, .T. ) ;
ENDSEC;
END-ISO-10303-21;
