ISO-10303-21;
HEADER;
FILE_DESCRIPTION (( 'STEP AP214' ),
    '1' );
FILE_NAME ('Relay_Box.STEP',
    '2026-03-16T14:40:38',
    ( '' ),
    ( '' ),
    'SwSTEP 2.0',
    'SolidWorks 2025',
    '' );
FILE_SCHEMA (( 'AUTOMOTIVE_DESIGN' ));
ENDSEC;

DATA;
#1 = DIRECTION ( 'NONE',  ( 1.000000000000000000, 0.000000000000000000, 0.000000000000000000 ) ) ;
#2 = ORIENTED_EDGE ( 'NONE', *, *, #303, .T. ) ;
#3 = CARTESIAN_POINT ( 'NONE',  ( 7.499999999999998224, 23.00000000000000000, 14.99999999999999645 ) ) ;
#4 = CARTESIAN_POINT ( 'NONE',  ( -8.000000000000000000, 23.00000000000000000, -28.00000000000000000 ) ) ;
#5 = LINE ( 'NONE', #3429, #1074 ) ;
#6 = ORIENTED_EDGE ( 'NONE', *, *, #3877, .F. ) ;
#7 = ORIENTED_EDGE ( 'NONE', *, *, #2885, .F. ) ;
#8 = ORIENTED_EDGE ( 'NONE', *, *, #3161, .T. ) ;
#9 = ORIENTED_EDGE ( 'NONE', *, *, #2702, .F. ) ;
#10 = CYLINDRICAL_SURFACE ( 'NONE', #2564, 1.999999999999997780 ) ;
#11 = ORIENTED_EDGE ( 'NONE', *, *, #1632, .T. ) ;
#12 = CARTESIAN_POINT ( 'NONE',  ( -30.70000000000000284, 16.19999999999997442, 23.70263340389896811 ) ) ;
#13 = DIRECTION ( 'NONE',  ( -0.000000000000000000, 1.000000000000000000, -0.000000000000000000 ) ) ;
#14 = LINE ( 'NONE', #982, #2536 ) ;
#15 = CARTESIAN_POINT ( 'NONE',  ( -7.499999999999998224, 25.00000000000000000, 8.999999999999991118 ) ) ;
#16 = CARTESIAN_POINT ( 'NONE',  ( -22.75000000000000711, 3.500000000000000000, -22.49999999999999645 ) ) ;
#17 = CARTESIAN_POINT ( 'NONE',  ( 22.74999999999999289, 4.000000000000000000, -20.00000000000000711 ) ) ;
#18 = EDGE_CURVE ( 'NONE', #2381, #4007, #1491, .T. ) ;
#19 = VERTEX_POINT ( 'NONE', #531 ) ;
#20 = PLANE ( 'NONE',  #3494 ) ;
#21 = DIRECTION ( 'NONE',  ( 0.000000000000000000, 0.000000000000000000, -1.000000000000000000 ) ) ;
#22 = VECTOR ( 'NONE', #589, 1000.000000000000000 ) ;
#23 = DIRECTION ( 'NONE',  ( -1.734723475976807094E-16, -0.000000000000000000, -1.000000000000000000 ) ) ;
#24 = ORIENTED_EDGE ( 'NONE', *, *, #2012, .F. ) ;
#25 = FACE_OUTER_BOUND ( 'NONE', #2932, .T. ) ;
#26 = CARTESIAN_POINT ( 'NONE',  ( 22.74999999999999289, 3.500000000000000000, -17.50000000000000711 ) ) ;
#27 = DIRECTION ( 'NONE',  ( 0.000000000000000000, 0.000000000000000000, -1.000000000000000000 ) ) ;
#28 = VECTOR ( 'NONE', #1424, 999.9999999999998863 ) ;
#29 = AXIS2_PLACEMENT_3D ( 'NONE', #3976, #1216, #2479 ) ;
#30 = AXIS2_PLACEMENT_3D ( 'NONE', #3321, #246, #1197 ) ;
#31 = ORIENTED_EDGE ( 'NONE', *, *, #242, .F. ) ;
#32 = ORIENTED_EDGE ( 'NONE', *, *, #1047, .F. ) ;
#33 = DIRECTION ( 'NONE',  ( 0.000000000000000000, 0.000000000000000000, 1.000000000000000000 ) ) ;
#34 = PLANE ( 'NONE',  #2648 ) ;
#35 = DIRECTION ( 'NONE',  ( 1.000000000000000000, 0.000000000000000000, -2.312964634635742957E-16 ) ) ;
#36 = CIRCLE ( 'NONE', #2430, 1.499999999999994449 ) ;
#37 = EDGE_CURVE ( 'NONE', #704, #1455, #941, .T. ) ;
#38 = CARTESIAN_POINT ( 'NONE',  ( 0.000000000000000000, 0.000000000000000000, -30.00000000000000000 ) ) ;
#39 = DIRECTION ( 'NONE',  ( -2.312964634635742957E-16, 0.000000000000000000, -1.000000000000000000 ) ) ;
#40 = EDGE_CURVE ( 'NONE', #530, #2806, #158, .T. ) ;
#41 = AXIS2_PLACEMENT_3D ( 'NONE', #3342, #3008, #3365 ) ;
#42 = EDGE_LOOP ( 'NONE', ( #1510, #986, #348, #3851 ) ) ;
#43 = EDGE_LOOP ( 'NONE', ( #58, #2202, #900, #422, #342, #2723, #11, #3689 ) ) ;
#44 = CIRCLE ( 'NONE', #2321, 1.374999999999999556 ) ;
#45 = CARTESIAN_POINT ( 'NONE',  ( -17.49999999999995381, 23.00000000000000355, -28.00000000000000000 ) ) ;
#46 = DIRECTION ( 'NONE',  ( 1.000000000000000000, 0.000000000000000000, 0.000000000000000000 ) ) ;
#47 = AXIS2_PLACEMENT_3D ( 'NONE', #3378, #1701, #1144 ) ;
#48 = EDGE_CURVE ( 'NONE', #1904, #1069, #554, .T. ) ;
#49 = VERTEX_POINT ( 'NONE', #2177 ) ;
#50 = LINE ( 'NONE', #1901, #746 ) ;
#51 = CARTESIAN_POINT ( 'NONE',  ( -32.50000000000000000, 25.00000000000000000, 0.000000000000000000 ) ) ;
#52 = CIRCLE ( 'NONE', #562, 2.000000000000001776 ) ;
#53 = EDGE_CURVE ( 'NONE', #2783, #2557, #2416, .T. ) ;
#54 = ORIENTED_EDGE ( 'NONE', *, *, #936, .F. ) ;
#55 = EDGE_LOOP ( 'NONE', ( #908, #4013 ) ) ;
#56 = ORIENTED_EDGE ( 'NONE', *, *, #396, .T. ) ;
#57 = VERTEX_POINT ( 'NONE', #3388 ) ;
#58 = ORIENTED_EDGE ( 'NONE', *, *, #3593, .F. ) ;
#59 = DIRECTION ( 'NONE',  ( -0.000000000000000000, -1.000000000000000000, 0.000000000000000000 ) ) ;
#60 = CARTESIAN_POINT ( 'NONE',  ( 22.74999999999999289, 4.000000000000000000, -21.10000000000000853 ) ) ;
#61 = CARTESIAN_POINT ( 'NONE',  ( 17.49999999999999645, 25.00000000000000000, 28.00000000000000000 ) ) ;
#62 = FILL_AREA_STYLE ('',( #3695 ) ) ;
#63 = CARTESIAN_POINT ( 'NONE',  ( 12.00000000000000000, 21.50000000000000000, -28.00000000000000000 ) ) ;
#64 = CARTESIAN_POINT ( 'NONE',  ( -12.00000000000000178, 17.50000000000000000, -26.49999999999991829 ) ) ;
#65 = VECTOR ( 'NONE', #3354, 1000.000000000000000 ) ;
#66 = EDGE_LOOP ( 'NONE', ( #689, #1570 ) ) ;
#67 = EDGE_CURVE ( 'NONE', #2165, #2270, #596, .T. ) ;
#68 = CARTESIAN_POINT ( 'NONE',  ( 7.500000000000001776, -28.00000000000000355, 8.999999999999991118 ) ) ;
#69 = CARTESIAN_POINT ( 'NONE',  ( -7.499999999999998224, 23.00000000000000000, 1.499999999999990896 ) ) ;
#70 = ORIENTED_EDGE ( 'NONE', *, *, #1388, .F. ) ;
#71 = LINE ( 'NONE', #2802, #352 ) ;
#72 = DIRECTION ( 'NONE',  ( 0.000000000000000000, 0.000000000000000000, -1.000000000000000000 ) ) ;
#73 = ORIENTED_EDGE ( 'NONE', *, *, #1260, .F. ) ;
#74 = EDGE_LOOP ( 'NONE', ( #266, #1343 ) ) ;
#75 = ORIENTED_EDGE ( 'NONE', *, *, #2574, .F. ) ;
#76 = EDGE_CURVE ( 'NONE', #1117, #253, #851, .T. ) ;
#77 = CARTESIAN_POINT ( 'NONE',  ( -9.000000000000001776, 21.50000000000000000, -25.00000000000000000 ) ) ;
#78 = DIRECTION ( 'NONE',  ( 1.000000000000000000, 0.000000000000000000, 1.224646799147353207E-16 ) ) ;
#79 = DIRECTION ( 'NONE',  ( -0.8320502943378418337, 0.5547001962252319229, 0.000000000000000000 ) ) ;
#80 = ORIENTED_EDGE ( 'NONE', *, *, #3593, .T. ) ;
#81 = LINE ( 'NONE', #3517, #1893 ) ;
#82 = ORIENTED_EDGE ( 'NONE', *, *, #3538, .F. ) ;
#83 = CARTESIAN_POINT ( 'NONE',  ( -7.499999999999998224, 25.00000000000000000, 1.499999999999990896 ) ) ;
#84 = CYLINDRICAL_SURFACE ( 'NONE', #3543, 1.100000000000000311 ) ;
#85 = EDGE_LOOP ( 'NONE', ( #3395, #413 ) ) ;
#86 = DIRECTION ( 'NONE',  ( -0.000000000000000000, 0.000000000000000000, -1.000000000000000000 ) ) ;
#87 = CARTESIAN_POINT ( 'NONE',  ( 22.74999999999999289, 3.500000000000000000, 24.49999999999999289 ) ) ;
#88 = EDGE_CURVE ( 'NONE', #2138, #388, #3650, .T. ) ;
#89 = ORIENTED_EDGE ( 'NONE', *, *, #3598, .T. ) ;
#90 = VERTEX_POINT ( 'NONE', #2111 ) ;
#91 = ORIENTED_EDGE ( 'NONE', *, *, #3660, .T. ) ;
#92 = VECTOR ( 'NONE', #59, 1000.000000000000000 ) ;
#93 = DIRECTION ( 'NONE',  ( 1.000000000000000000, 0.000000000000000000, 0.000000000000000000 ) ) ;
#94 = CARTESIAN_POINT ( 'NONE',  ( -7.499999999999998224, 25.00000000000000000, 13.50000000000000178 ) ) ;
#95 = FACE_OUTER_BOUND ( 'NONE', #1490, .T. ) ;
#96 =( LENGTH_UNIT ( ) NAMED_UNIT ( * ) SI_UNIT ( .MILLI., .METRE. ) );
#97 = AXIS2_PLACEMENT_3D ( 'NONE', #2674, #2655, #838 ) ;
#98 = EDGE_CURVE ( 'NONE', #3911, #1745, #3216, .T. ) ;
#99 = CIRCLE ( 'NONE', #3157, 2.499999999999998668 ) ;
#100 = VECTOR ( 'NONE', #2051, 1000.000000000000000 ) ;
#101 = FACE_BOUND ( 'NONE', #3895, .T. ) ;
#102 = VERTEX_POINT ( 'NONE', #3332 ) ;
#103 = DIRECTION ( 'NONE',  ( 0.000000000000000000, -0.000000000000000000, 1.000000000000000000 ) ) ;
#104 = CIRCLE ( 'NONE', #1684, 2.000000000000000000 ) ;
#105 = DIRECTION ( 'NONE',  ( 0.000000000000000000, 0.000000000000000000, 1.000000000000000000 ) ) ;
#106 = CARTESIAN_POINT ( 'NONE',  ( 9.000000000000001776, 21.50000000000000000, -28.00000000000000000 ) ) ;
#107 = CIRCLE ( 'NONE', #3616, 2.000000000000000000 ) ;
#108 = ORIENTED_EDGE ( 'NONE', *, *, #3348, .T. ) ;
#109 = ORIENTED_EDGE ( 'NONE', *, *, #1347, .F. ) ;
#110 = CARTESIAN_POINT ( 'NONE',  ( 11.37500000000000355, 21.50000000000000000, -28.49999999999999645 ) ) ;
#111 = EDGE_CURVE ( 'NONE', #2040, #2571, #928, .T. ) ;
#112 = ADVANCED_FACE ( 'NONE', ( #1803 ), #3996, .F. ) ;
#113 = CARTESIAN_POINT ( 'NONE',  ( 17.80790021169692139, 24.79473319220205241, 28.00000000000000000 ) ) ;
#114 = LINE ( 'NONE', #3834, #2838 ) ;
#115 = CARTESIAN_POINT ( 'NONE',  ( 8.000000000000000000, 23.00000000000000000, 28.00000000000000000 ) ) ;
#116 = VECTOR ( 'NONE', #1122, 1000.000000000000000 ) ;
#117 = EDGE_LOOP ( 'NONE', ( #3922, #3113, #1224, #3791 ) ) ;
#118 = CARTESIAN_POINT ( 'NONE',  ( -7.499999999999998224, 25.00000000000000000, 6.000000000000001776 ) ) ;
#119 = ADVANCED_FACE ( 'NONE', ( #3034 ), #1860, .F. ) ;
#120 = EDGE_CURVE ( 'NONE', #1593, #3121, #99, .T. ) ;
#121 = DIRECTION ( 'NONE',  ( 0.000000000000000000, -1.000000000000000000, 0.000000000000000000 ) ) ;
#122 = ORIENTED_EDGE ( 'NONE', *, *, #673, .T. ) ;
#123 = EDGE_CURVE ( 'NONE', #324, #3561, #1324, .T. ) ;
#124 = FACE_OUTER_BOUND ( 'NONE', #1562, .T. ) ;
#125 = CARTESIAN_POINT ( 'NONE',  ( -10.00000000000000000, 21.50000000000000000, 25.00000000000000000 ) ) ;
#126 = VECTOR ( 'NONE', #3475, 1000.000000000000000 ) ;
#127 = VERTEX_POINT ( 'NONE', #2737 ) ;
#128 = CARTESIAN_POINT ( 'NONE',  ( 7.500000000000000000, 23.00000000000000355, 1.499999999999988010 ) ) ;
#129 = FACE_OUTER_BOUND ( 'NONE', #2235, .T. ) ;
#130 = DIRECTION ( 'NONE',  ( -1.000000000000000000, 0.000000000000000000, 0.000000000000000000 ) ) ;
#131 = VERTEX_POINT ( 'NONE', #3971 ) ;
#132 = PLANE ( 'NONE',  #1538 ) ;
#133 = ORIENTED_EDGE ( 'NONE', *, *, #242, .T. ) ;
#134 = ORIENTED_EDGE ( 'NONE', *, *, #3055, .T. ) ;
#135 = CARTESIAN_POINT ( 'NONE',  ( -8.624999999999987566, 21.50000000000000000, 33.00000000000000000 ) ) ;
#136 = CARTESIAN_POINT ( 'NONE',  ( 29.03589941132428720, 13.70384911698643471, 4.000000000000000000 ) ) ;
#137 = DIRECTION ( 'NONE',  ( 1.000000000000000000, 0.000000000000000000, -1.156482317317871478E-16 ) ) ;
#138 = FACE_OUTER_BOUND ( 'NONE', #2786, .T. ) ;
#139 = DIRECTION ( 'NONE',  ( -0.8320502943378420557, 0.5547001962252318119, 3.608442946953166532E-16 ) ) ;
#140 = DIRECTION ( 'NONE',  ( -0.000000000000000000, -1.000000000000000000, -0.000000000000000000 ) ) ;
#141 = EDGE_CURVE ( 'NONE', #1783, #710, #846, .T. ) ;
#142 = ORIENTED_EDGE ( 'NONE', *, *, #1700, .F. ) ;
#143 = DIRECTION ( 'NONE',  ( 0.9486832980505141011, 0.000000000000000000, -0.3162277660168374971 ) ) ;
#144 = DIRECTION ( 'NONE',  ( 0.000000000000000000, 0.000000000000000000, 1.000000000000000000 ) ) ;
#145 = DIRECTION ( 'NONE',  ( -0.8017837257372738557, 0.5345224838248479049, 0.2672612419124238969 ) ) ;
#146 = CARTESIAN_POINT ( 'NONE',  ( 17.49999999999999645, 25.00000000000000000, -30.00000000000000000 ) ) ;
#147 = FACE_OUTER_BOUND ( 'NONE', #1613, .T. ) ;
#148 = ORIENTED_EDGE ( 'NONE', *, *, #3453, .T. ) ;
#149 = CARTESIAN_POINT ( 'NONE',  ( -11.00000000000000000, 21.50000000000000000, 25.00000000000000000 ) ) ;
#150 = CARTESIAN_POINT ( 'NONE',  ( 8.000000000000000000, 23.00000000000000355, -28.00000000000000000 ) ) ;
#151 = DIRECTION ( 'NONE',  ( 0.000000000000000000, 1.000000000000000000, -0.000000000000000000 ) ) ;
#152 = AXIS2_PLACEMENT_3D ( 'NONE', #3929, #3531, #137 ) ;
#153 = LINE ( 'NONE', #1407, #613 ) ;
#154 = DIRECTION ( 'NONE',  ( -1.734723475976807094E-16, -0.000000000000000000, -1.000000000000000000 ) ) ;
#155 = EDGE_CURVE ( 'NONE', #3579, #898, #1853, .T. ) ;
#156 = CIRCLE ( 'NONE', #2758, 1.999999999999994671 ) ;
#157 = CARTESIAN_POINT ( 'NONE',  ( -32.50000000000000000, 0.000000000000000000, 25.00000000000000000 ) ) ;
#158 = CIRCLE ( 'NONE', #3407, 2.499999999999998668 ) ;
#159 = AXIS2_PLACEMENT_3D ( 'NONE', #1457, #2732, #2990 ) ;
#160 = VECTOR ( 'NONE', #2813, 1000.000000000000000 ) ;
#161 = EDGE_LOOP ( 'NONE', ( #8, #1022, #1254, #504, #1658, #108, #1189, #1777, #2454, #432, #3783, #1923, #3775, #314, #2142, #729 ) ) ;
#162 = EDGE_CURVE ( 'NONE', #336, #2816, #2245, .T. ) ;
#163 = PLANE ( 'NONE',  #3937 ) ;
#164 =( NAMED_UNIT ( * ) SI_UNIT ( $, .STERADIAN. ) SOLID_ANGLE_UNIT ( ) );
#165 = ORIENTED_EDGE ( 'NONE', *, *, #1292, .T. ) ;
#166 = FACE_OUTER_BOUND ( 'NONE', #1017, .T. ) ;
#167 = DIRECTION ( 'NONE',  ( 0.000000000000000000, 0.000000000000000000, 1.000000000000000000 ) ) ;
#168 = ORIENTED_EDGE ( 'NONE', *, *, #645, .T. ) ;
#169 = AXIS2_PLACEMENT_3D ( 'NONE', #3986, #1204, #1482 ) ;
#170 = CARTESIAN_POINT ( 'NONE',  ( -22.75000000000000711, 1.500000000000000000, -18.89999999999999503 ) ) ;
#171 = VERTEX_POINT ( 'NONE', #1185 ) ;
#172 = CIRCLE ( 'NONE', #3676, 1.374999999999999556 ) ;
#173 = FACE_OUTER_BOUND ( 'NONE', #3804, .T. ) ;
#174 = CARTESIAN_POINT ( 'NONE',  ( -17.49999999999991829, 25.00000000000000000, 0.000000000000000000 ) ) ;
#175 = VERTEX_POINT ( 'NONE', #3685 ) ;
#176 = CIRCLE ( 'NONE', #962, 1.100000000000000311 ) ;
#177 = VERTEX_POINT ( 'NONE', #2472 ) ;
#178 = CARTESIAN_POINT ( 'NONE',  ( -8.624999999999987566, 21.50000000000000000, 33.00000000000000000 ) ) ;
#179 = VECTOR ( 'NONE', #675, 999.9999999999998863 ) ;
#180 = LINE ( 'NONE', #1493, #3753 ) ;
#181 = ORIENTED_EDGE ( 'NONE', *, *, #980, .F. ) ;
#182 = CARTESIAN_POINT ( 'NONE',  ( 8.000000000000000000, 17.49999999999999645, -26.49999999999999289 ) ) ;
#183 = DIRECTION ( 'NONE',  ( -1.000000000000000000, 0.000000000000000000, 2.312964634635742957E-16 ) ) ;
#184 = EDGE_CURVE ( 'NONE', #370, #3352, #881, .T. ) ;
#185 = ORIENTED_EDGE ( 'NONE', *, *, #162, .F. ) ;
#186 = DIRECTION ( 'NONE',  ( -0.9486832980505141011, 0.000000000000000000, -0.3162277660168372195 ) ) ;
#187 = LINE ( 'NONE', #2690, #2503 ) ;
#188 = VECTOR ( 'NONE', #1452, 1000.000000000000000 ) ;
#189 = CARTESIAN_POINT ( 'NONE',  ( 22.74999999999999289, 4.000000000000000000, 18.89999999999999147 ) ) ;
#190 = VERTEX_POINT ( 'NONE', #1838 ) ;
#191 = AXIS2_PLACEMENT_3D ( 'NONE', #3708, #1524, #2755 ) ;
#192 = LINE ( 'NONE', #3855, #3020 ) ;
#193 = LINE ( 'NONE', #2661, #3574 ) ;
#194 = VERTEX_POINT ( 'NONE', #3068 ) ;
#195 = ORIENTED_EDGE ( 'NONE', *, *, #3994, .F. ) ;
#196 = ADVANCED_FACE ( 'NONE', ( #615, #268 ), #3928, .F. ) ;
#197 = CARTESIAN_POINT ( 'NONE',  ( 22.74999999999999289, 3.500000000000000000, -15.50000000000000888 ) ) ;
#198 = CARTESIAN_POINT ( 'NONE',  ( 17.49999999999999645, 0.000000000000000000, 30.00000000000000000 ) ) ;
#199 = CARTESIAN_POINT ( 'NONE',  ( 12.00000000000000000, 23.00000000000000000, -28.00000000000000000 ) ) ;
#200 = CARTESIAN_POINT ( 'NONE',  ( -32.50000000000000711, 25.00000000000000000, -24.99999999999999645 ) ) ;
#201 = EDGE_LOOP ( 'NONE', ( #3054, #1761, #944, #2492 ) ) ;
#202 = CARTESIAN_POINT ( 'NONE',  ( 30.69999999999999929, 15.48293368715326501, -5.999999999999990230 ) ) ;
#203 = CARTESIAN_POINT ( 'NONE',  ( 22.74999999999999289, 1.500000000000000000, 18.89999999999999147 ) ) ;
#204 = UNCERTAINTY_MEASURE_WITH_UNIT (LENGTH_MEASURE( 1.000000000000000082E-05 ), #923, 'distance_accuracy_value', 'NONE');
#205 = DIRECTION ( 'NONE',  ( -0.5547001962252299245, -0.8320502943378431659, 0.000000000000000000 ) ) ;
#206 = ORIENTED_EDGE ( 'NONE', *, *, #1500, .F. ) ;
#207 = DIRECTION ( 'NONE',  ( -0.000000000000000000, 1.000000000000000000, -0.000000000000000000 ) ) ;
#208 = DIRECTION ( 'NONE',  ( 0.000000000000000000, 1.000000000000000000, -0.000000000000000000 ) ) ;
#209 = EDGE_CURVE ( 'NONE', #3735, #1715, #3400, .T. ) ;
#210 = LINE ( 'NONE', #2640, #3191 ) ;
#211 = ORIENTED_EDGE ( 'NONE', *, *, #421, .T. ) ;
#212 = CARTESIAN_POINT ( 'NONE',  ( -7.500000000000000888, 23.00000000000000000, 7.500000000000000000 ) ) ;
#213 = EDGE_CURVE ( 'NONE', #638, #1235, #1842, .T. ) ;
#214 = DIRECTION ( 'NONE',  ( 0.000000000000000000, 0.000000000000000000, 1.000000000000000000 ) ) ;
#215 = AXIS2_PLACEMENT_3D ( 'NONE', #2985, #3505, #183 ) ;
#216 = EDGE_LOOP ( 'NONE', ( #3550, #768, #3982, #3449 ) ) ;
#217 = AXIS2_PLACEMENT_3D ( 'NONE', #3472, #3853, #1642 ) ;
#218 = VECTOR ( 'NONE', #860, 1000.000000000000000 ) ;
#219 = EDGE_CURVE ( 'NONE', #102, #253, #50, .T. ) ;
#220 = AXIS2_PLACEMENT_3D ( 'NONE', #3466, #3221, #72 ) ;
#221 =( BOUNDED_CURVE ( )  B_SPLINE_CURVE ( 3, ( #341, #3677, #3392, #1894 ),
 .UNSPECIFIED., .F., .F. ) 
 B_SPLINE_CURVE_WITH_KNOTS ( ( 4, 4 ),
 ( 1.570796326794896558, 4.712388980384689674 ),
 .UNSPECIFIED. ) 
 CURVE ( )  GEOMETRIC_REPRESENTATION_ITEM ( )  RATIONAL_B_SPLINE_CURVE ( ( 1.000000000000000000, 0.3333333333333333703, 0.3333333333333333703, 1.000000000000000000 ) ) 
 REPRESENTATION_ITEM ( '' )  );
#222 = AXIS2_PLACEMENT_3D ( 'NONE', #778, #2631, #2946 ) ;
#223 = VERTEX_POINT ( 'NONE', #26 ) ;
#224 = CARTESIAN_POINT ( 'NONE',  ( 11.00000000000000000, 19.50000000000000000, 24.49999999999994316 ) ) ;
#225 = DIRECTION ( 'NONE',  ( 0.000000000000000000, 0.000000000000000000, 1.000000000000000000 ) ) ;
#226 = AXIS2_PLACEMENT_3D ( 'NONE', #760, #1088, #1372 ) ;
#227 = LINE ( 'NONE', #565, #3749 ) ;
#228 = DIRECTION ( 'NONE',  ( 0.000000000000000000, 0.000000000000000000, 1.000000000000000000 ) ) ;
#229 = ORIENTED_EDGE ( 'NONE', *, *, #664, .T. ) ;
#230 = ADVANCED_FACE ( 'NONE', ( #3145, #3189, #1565 ), #3727, .T. ) ;
#231 = DIRECTION ( 'NONE',  ( 1.000000000000000000, 0.000000000000000000, -0.000000000000000000 ) ) ;
#232 =( BOUNDED_CURVE ( )  B_SPLINE_CURVE ( 3, ( #2469, #1609, #345, #3444 ),
 .UNSPECIFIED., .F., .F. ) 
 B_SPLINE_CURVE_WITH_KNOTS ( ( 4, 4 ),
 ( 4.712388980384689674, 7.853981633974482790 ),
 .UNSPECIFIED. ) 
 CURVE ( )  GEOMETRIC_REPRESENTATION_ITEM ( )  RATIONAL_B_SPLINE_CURVE ( ( 1.000000000000000000, 0.3333333333333333703, 0.3333333333333333703, 1.000000000000000000 ) ) 
 REPRESENTATION_ITEM ( '' )  );
#233 = TOROIDAL_SURFACE ( 'NONE', #2579, 4.499999999999999112, 2.000000000000000000 ) ;
#234 = DIRECTION ( 'NONE',  ( 0.000000000000000000, 0.000000000000000000, 1.000000000000000000 ) ) ;
#235 = ORIENTED_EDGE ( 'NONE', *, *, #3454, .T. ) ;
#236 = VERTEX_POINT ( 'NONE', #2231 ) ;
#237 = EDGE_CURVE ( 'NONE', #2389, #638, #662, .T. ) ;
#238 = CARTESIAN_POINT ( 'NONE',  ( 30.69999999999996732, 12.59444872453597242, 3.999999999999999112 ) ) ;
#239 = DIRECTION ( 'NONE',  ( -0.000000000000000000, 1.000000000000000000, -0.000000000000000000 ) ) ;
#240 = CARTESIAN_POINT ( 'NONE',  ( 17.49999999999999645, 25.00000000000000000, 30.00000000000000000 ) ) ;
#241 = CIRCLE ( 'NONE', #2522, 1.100000000000000311 ) ;
#242 = EDGE_CURVE ( 'NONE', #3043, #3121, #71, .T. ) ;
#243 = VECTOR ( 'NONE', #1774, 1000.000000000000000 ) ;
#244 = EDGE_CURVE ( 'NONE', #2357, #1883, #1028, .T. ) ;
#245 = CARTESIAN_POINT ( 'NONE',  ( 0.000000000000000000, 25.00000000000000000, 0.000000000000000000 ) ) ;
#246 = DIRECTION ( 'NONE',  ( 0.5547001962252318119, 0.8320502943378419447, 0.000000000000000000 ) ) ;
#247 = ADVANCED_FACE ( 'NONE', ( #2572 ), #3509, .T. ) ;
#248 = ORIENTED_EDGE ( 'NONE', *, *, #2163, .T. ) ;
#249 = LINE ( 'NONE', #38, #160 ) ;
#250 = CARTESIAN_POINT ( 'NONE',  ( 11.00000000000000000, 21.50000000000000000, -25.00000000000000000 ) ) ;
#251 = ORIENTED_EDGE ( 'NONE', *, *, #3393, .F. ) ;
#252 = DIRECTION ( 'NONE',  ( 0.000000000000000000, 0.000000000000000000, 1.000000000000000000 ) ) ;
#253 = VERTEX_POINT ( 'NONE', #4 ) ;
#254 = DIRECTION ( 'NONE',  ( -0.000000000000000000, -1.000000000000000000, -0.000000000000000000 ) ) ;
#255 = ORIENTED_EDGE ( 'NONE', *, *, #3981, .T. ) ;
#256 = ORIENTED_EDGE ( 'NONE', *, *, #2129, .T. ) ;
#257 = VECTOR ( 'NONE', #1104, 1000.000000000000000 ) ;
#258 = DIRECTION ( 'NONE',  ( 0.000000000000000000, 1.000000000000000000, -0.000000000000000000 ) ) ;
#259 = CARTESIAN_POINT ( 'NONE',  ( 22.74999999999999289, 1.500000000000000000, -20.00000000000000711 ) ) ;
#260 = CARTESIAN_POINT ( 'NONE',  ( 17.49999999999991829, 25.00000000000000000, -28.41886116991583577 ) ) ;
#261 = DIRECTION ( 'NONE',  ( 0.000000000000000000, 0.000000000000000000, 1.000000000000000000 ) ) ;
#262 = CARTESIAN_POINT ( 'NONE',  ( 7.500000000000000000, 23.00000000000000355, -13.50000000000001066 ) ) ;
#263 = ORIENTED_EDGE ( 'NONE', *, *, #2541, .F. ) ;
#264 = FACE_BOUND ( 'NONE', #577, .T. ) ;
#265 = CARTESIAN_POINT ( 'NONE',  ( -22.75000000000000711, 3.500000000000000000, -19.99999999999999645 ) ) ;
#266 = ORIENTED_EDGE ( 'NONE', *, *, #1578, .F. ) ;
#267 = DIRECTION ( 'NONE',  ( 0.000000000000000000, -0.7071067811865439090, 0.7071067811865512365 ) ) ;
#268 = FACE_BOUND ( 'NONE', #484, .T. ) ;
#269 = DIRECTION ( 'NONE',  ( 0.000000000000000000, -1.000000000000000000, 0.000000000000000000 ) ) ;
#270 = FACE_OUTER_BOUND ( 'NONE', #3432, .T. ) ;
#271 = VERTEX_POINT ( 'NONE', #705 ) ;
#272 = ORIENTED_EDGE ( 'NONE', *, *, #1675, .F. ) ;
#273 = DIRECTION ( 'NONE',  ( 0.000000000000000000, 0.000000000000000000, 1.000000000000000000 ) ) ;
#274 = CARTESIAN_POINT ( 'NONE',  ( -31.00000000000000000, 15.99999999999996980, 0.000000000000000000 ) ) ;
#275 = CARTESIAN_POINT ( 'NONE',  ( 7.500000000000001776, 23.00000000000000000, 13.49999999999999822 ) ) ;
#276 = DIRECTION ( 'NONE',  ( 0.000000000000000000, 0.000000000000000000, 1.000000000000000000 ) ) ;
#277 = PLANE ( 'NONE',  #3942 ) ;
#278 = VECTOR ( 'NONE', #3974, 1000.000000000000000 ) ;
#279 = ORIENTED_EDGE ( 'NONE', *, *, #285, .F. ) ;
#280 = EDGE_CURVE ( 'NONE', #3236, #1403, #371, .T. ) ;
#281 = LINE ( 'NONE', #4024, #828 ) ;
#282 = VECTOR ( 'NONE', #3949, 1000.000000000000000 ) ;
#283 = DIRECTION ( 'NONE',  ( -0.9486832980505141011, 0.000000000000000000, 0.3162277660168374416 ) ) ;
#284 = EDGE_LOOP ( 'NONE', ( #1277, #3218, #335, #780, #1940 ) ) ;
#285 = EDGE_CURVE ( 'NONE', #3867, #3831, #349, .T. ) ;
#286 = VECTOR ( 'NONE', #145, 1000.000000000000114 ) ;
#287 = DIRECTION ( 'NONE',  ( 0.000000000000000000, 0.000000000000000000, 1.000000000000000000 ) ) ;
#288 = VERTEX_POINT ( 'NONE', #2194 ) ;
#289 = ORIENTED_EDGE ( 'NONE', *, *, #111, .T. ) ;
#290 = EDGE_LOOP ( 'NONE', ( #3901, #1097, #1233, #2354 ) ) ;
#291 = ORIENTED_EDGE ( 'NONE', *, *, #1711, .F. ) ;
#292 = ADVANCED_FACE ( 'NONE', ( #1634, #307, #3772 ), #680, .F. ) ;
#293 = DIRECTION ( 'NONE',  ( 0.000000000000000000, 0.000000000000000000, 1.000000000000000000 ) ) ;
#294 = CARTESIAN_POINT ( 'NONE',  ( 31.00000000000000000, 1.500000000000000000, 23.91886116991582156 ) ) ;
#295 = CARTESIAN_POINT ( 'NONE',  ( 22.74999999999999289, 4.000000000000000000, 22.49999999999999289 ) ) ;
#296 = VECTOR ( 'NONE', #510, 1000.000000000000000 ) ;
#297 = AXIS2_PLACEMENT_3D ( 'NONE', #212, #3884, #1804 ) ;
#298 = DIRECTION ( 'NONE',  ( 0.000000000000000000, 0.000000000000000000, -1.000000000000000000 ) ) ;
#299 = AXIS2_PLACEMENT_3D ( 'NONE', #1926, #78, #2408 ) ;
#300 = PLANE ( 'NONE',  #1758 ) ;
#301 = FACE_BOUND ( 'NONE', #55, .T. ) ;
#302 = AXIS2_PLACEMENT_3D ( 'NONE', #2344, #3619, #1159 ) ;
#303 = EDGE_CURVE ( 'NONE', #2389, #3131, #2552, .T. ) ;
#304 = ORIENTED_EDGE ( 'NONE', *, *, #1997, .F. ) ;
#305 = VERTEX_POINT ( 'NONE', #3168 ) ;
#306 = PLANE ( 'NONE',  #869 ) ;
#307 = FACE_BOUND ( 'NONE', #1120, .T. ) ;
#308 = LINE ( 'NONE', #2803, #2182 ) ;
#310 = EDGE_CURVE ( 'NONE', #3564, #370, #1315, .T. ) ;
#309 = ORIENTED_EDGE ( 'NONE', *, *, #2280, .T. ) ;
#311 = ORIENTED_EDGE ( 'NONE', *, *, #3233, .T. ) ;
#312 = ORIENTED_EDGE ( 'NONE', *, *, #391, .T. ) ;
#313 = EDGE_LOOP ( 'NONE', ( #4016, #3316, #1061, #1278 ) ) ;
#314 = ORIENTED_EDGE ( 'NONE', *, *, #3187, .T. ) ;
#315 = CARTESIAN_POINT ( 'NONE',  ( 9.000000000000001776, 21.50000000000000000, 22.49999999999996447 ) ) ;
#316 = CARTESIAN_POINT ( 'NONE',  ( -17.49999999999995381, 25.00000000000000000, -28.00000000000000000 ) ) ;
#317 = FACE_OUTER_BOUND ( 'NONE', #3162, .T. ) ;
#318 = VECTOR ( 'NONE', #1703, 1000.000000000000000 ) ;
#319 = EDGE_CURVE ( 'NONE', #1291, #1172, #389, .T. ) ;
#320 = DIRECTION ( 'NONE',  ( 1.000000000000000000, 0.000000000000000000, 1.224646799147353207E-16 ) ) ;
#321 = ORIENTED_EDGE ( 'NONE', *, *, #1886, .T. ) ;
#322 = LINE ( 'NONE', #68, #2777 ) ;
#323 = PLANE ( 'NONE',  #1463 ) ;
#324 = VERTEX_POINT ( 'NONE', #1591 ) ;
#325 = LINE ( 'NONE', #635, #3038 ) ;
#326 = ORIENTED_EDGE ( 'NONE', *, *, #3781, .T. ) ;
#327 = CARTESIAN_POINT ( 'NONE',  ( -17.80790021169690007, 24.79473319220204175, 27.99999999999999645 ) ) ;
#328 = DIRECTION ( 'NONE',  ( 0.000000000000000000, 0.000000000000000000, -1.000000000000000000 ) ) ;
#329 = DIRECTION ( 'NONE',  ( -1.000000000000000000, 0.000000000000000000, 0.000000000000000000 ) ) ;
#330 = EDGE_CURVE ( 'NONE', #1549, #1027, #3487, .T. ) ;
#331 = FACE_OUTER_BOUND ( 'NONE', #3033, .T. ) ;
#332 = ORIENTED_EDGE ( 'NONE', *, *, #1548, .F. ) ;
#333 = ORIENTED_EDGE ( 'NONE', *, *, #1511, .F. ) ;
#334 = ORIENTED_EDGE ( 'NONE', *, *, #3556, .T. ) ;
#335 = ORIENTED_EDGE ( 'NONE', *, *, #2923, .F. ) ;
#336 = VERTEX_POINT ( 'NONE', #3450 ) ;
#337 = EDGE_CURVE ( 'NONE', #3579, #2040, #1275, .T. ) ;
#338 = FACE_OUTER_BOUND ( 'NONE', #2959, .T. ) ;
#339 = PLANE ( 'NONE',  #2664 ) ;
#340 = PLANE ( 'NONE',  #2908 ) ;
#341 = CARTESIAN_POINT ( 'NONE',  ( 9.000000000000001776, 21.50000000000000000, 22.49999999999996447 ) ) ;
#342 = ORIENTED_EDGE ( 'NONE', *, *, #319, .F. ) ;
#343 = VERTEX_POINT ( 'NONE', #2215 ) ;
#344 = EDGE_CURVE ( 'NONE', #3630, #666, #1124, .T. ) ;
#345 = CARTESIAN_POINT ( 'NONE',  ( 9.000000000000000000, 19.50000000000000000, -24.49999999999996803 ) ) ;
#346 = DIRECTION ( 'NONE',  ( 0.000000000000000000, 0.000000000000000000, 1.000000000000000000 ) ) ;
#347 = VECTOR ( 'NONE', #267, 999.9999999999998863 ) ;
#348 = ORIENTED_EDGE ( 'NONE', *, *, #401, .T. ) ;
#349 = LINE ( 'NONE', #947, #3659 ) ;
#350 = DIRECTION ( 'NONE',  ( -1.000000000000000000, 0.000000000000000000, 0.000000000000000000 ) ) ;
#351 = AXIS2_PLACEMENT_3D ( 'NONE', #3109, #616, #3451 ) ;
#352 = VECTOR ( 'NONE', #2822, 1000.000000000000000 ) ;
#353 = VECTOR ( 'NONE', #3602, 1000.000000000000000 ) ;
#354 = ORIENTED_EDGE ( 'NONE', *, *, #2695, .T. ) ;
#355 = EDGE_LOOP ( 'NONE', ( #3948, #6, #1837, #3745, #3793 ) ) ;
#356 = CARTESIAN_POINT ( 'NONE',  ( -29.87199287226406597, 14.75200475182392879, -23.97863577981095062 ) ) ;
#357 = CARTESIAN_POINT ( 'NONE',  ( -22.75000000000000711, 4.000000000000000000, -21.09999999999999787 ) ) ;
#358 = DIRECTION ( 'NONE',  ( 0.000000000000000000, 0.000000000000000000, -1.000000000000000000 ) ) ;
#359 = AXIS2_PLACEMENT_3D ( 'NONE', #3, #946, #1817 ) ;
#360 =( BOUNDED_CURVE ( )  B_SPLINE_CURVE ( 3, ( #3516, #3532, #2859, #714 ),
 .UNSPECIFIED., .F., .F. ) 
 B_SPLINE_CURVE_WITH_KNOTS ( ( 4, 4 ),
 ( 3.141592653589792672, 4.531120349240688405 ),
 .UNSPECIFIED. ) 
 CURVE ( )  GEOMETRIC_REPRESENTATION_ITEM ( )  RATIONAL_B_SPLINE_CURVE ( ( 1.000000000000000000, 0.8454699391922720908, 0.8454699391922720908, 1.000000000000000000 ) ) 
 REPRESENTATION_ITEM ( '' )  );
#361 = DIRECTION ( 'NONE',  ( 0.000000000000000000, -0.000000000000000000, 1.000000000000000000 ) ) ;
#362 = AXIS2_PLACEMENT_3D ( 'NONE', #843, #1850, #525 ) ;
#363 = EDGE_CURVE ( 'NONE', #3735, #324, #740, .T. ) ;
#364 = ORIENTED_EDGE ( 'NONE', *, *, #3467, .F. ) ;
#365 = AXIS2_PLACEMENT_3D ( 'NONE', #866, #2742, #2788 ) ;
#366 = CARTESIAN_POINT ( 'NONE',  ( -17.25658350974741140, 25.00000000000000000, -28.49999999999999645 ) ) ;
#367 = CARTESIAN_POINT ( 'NONE',  ( 17.49999999999999645, 25.00000000000000000, -28.00000000000000000 ) ) ;
#368 = AXIS2_PLACEMENT_3D ( 'NONE', #3657, #3642, #3983 ) ;
#369 = EDGE_CURVE ( 'NONE', #3904, #3807, #1355, .T. ) ;
#370 = VERTEX_POINT ( 'NONE', #1669 ) ;
#371 = LINE ( 'NONE', #1296, #1738 ) ;
#372 = DIRECTION ( 'NONE',  ( -0.8017837257372733006, -0.5345224838248485710, -0.2672612419124241745 ) ) ;
#373 = AXIS2_PLACEMENT_3D ( 'NONE', #3980, #2419, #3300 ) ;
#374 = ORIENTED_EDGE ( 'NONE', *, *, #3766, .T. ) ;
#375 = VERTEX_POINT ( 'NONE', #2306 ) ;
#376 = ORIENTED_EDGE ( 'NONE', *, *, #40, .F. ) ;
#377 = VERTEX_POINT ( 'NONE', #1998 ) ;
#378 = DIRECTION ( 'NONE',  ( 1.000000000000000000, 0.000000000000000000, -1.156482317317871478E-16 ) ) ;
#379 = FACE_OUTER_BOUND ( 'NONE', #1317, .T. ) ;
#380 = DIRECTION ( 'NONE',  ( 0.8017837257372726345, -0.5345224838248497923, -0.2672612419124237304 ) ) ;
#381 = AXIS2_PLACEMENT_3D ( 'NONE', #3059, #581, #1554 ) ;
#382 = PLANE ( 'NONE',  #3817 ) ;
#383 = ORIENTED_EDGE ( 'NONE', *, *, #2079, .T. ) ;
#384 = EDGE_CURVE ( 'NONE', #171, #1096, #3908, .T. ) ;
#385 = ADVANCED_FACE ( 'NONE', ( #3891 ), #3220, .F. ) ;
#386 = CARTESIAN_POINT ( 'NONE',  ( -7.499999999999999112, 23.00000000000000000, -7.500000000000000000 ) ) ;
#387 = CARTESIAN_POINT ( 'NONE',  ( -11.00000000000000000, 21.50000000000000000, -22.49999999999996447 ) ) ;
#388 = VERTEX_POINT ( 'NONE', #2966 ) ;
#389 = LINE ( 'NONE', #2888, #1743 ) ;
#390 = CARTESIAN_POINT ( 'NONE',  ( 7.500000000000001776, 23.00000000000000000, -1.500000000000001332 ) ) ;
#391 = EDGE_CURVE ( 'NONE', #2887, #3106, #3801, .T. ) ;
#392 = ORIENTED_EDGE ( 'NONE', *, *, #949, .F. ) ;
#393 = ORIENTED_EDGE ( 'NONE', *, *, #877, .T. ) ;
#394 = ORIENTED_EDGE ( 'NONE', *, *, #839, .F. ) ;
#395 = DIRECTION ( 'NONE',  ( 0.000000000000000000, 0.000000000000000000, -1.000000000000000000 ) ) ;
#396 = EDGE_CURVE ( 'NONE', #1745, #3911, #1270, .T. ) ;
#397 = FACE_OUTER_BOUND ( 'NONE', #1266, .T. ) ;
#398 = DIRECTION ( 'NONE',  ( 0.5547001962252317009, 0.8320502943378419447, -0.000000000000000000 ) ) ;
#399 = ORIENTED_EDGE ( 'NONE', *, *, #98, .F. ) ;
#400 = CARTESIAN_POINT ( 'NONE',  ( 22.74999999999999289, 3.500000000000000000, -20.00000000000000711 ) ) ;
#401 = EDGE_CURVE ( 'NONE', #1588, #3328, #1405, .T. ) ;
#402 = VERTEX_POINT ( 'NONE', #3202 ) ;
#403 = FACE_OUTER_BOUND ( 'NONE', #284, .T. ) ;
#404 = ADVANCED_FACE ( 'NONE', ( #429 ), #2592, .T. ) ;
#405 = EDGE_CURVE ( 'NONE', #2519, #3993, #407, .T. ) ;
#406 = VERTEX_POINT ( 'NONE', #128 ) ;
#407 = LINE ( 'NONE', #2928, #3863 ) ;
#408 = PLANE ( 'NONE',  #2367 ) ;
#409 = EDGE_LOOP ( 'NONE', ( #2486, #181, #1525, #2829, #1070, #289, #2513, #394, #886, #1040 ) ) ;
#410 = ORIENTED_EDGE ( 'NONE', *, *, #3592, .T. ) ;
#411 = LINE ( 'NONE', #3266, #3610 ) ;
#412 = EDGE_CURVE ( 'NONE', #1112, #1496, #2361, .T. ) ;
#413 = ORIENTED_EDGE ( 'NONE', *, *, #3178, .F. ) ;
#414 = ORIENTED_EDGE ( 'NONE', *, *, #2452, .T. ) ;
#415 = VECTOR ( 'NONE', #3030, 1000.000000000000000 ) ;
#416 = CARTESIAN_POINT ( 'NONE',  ( 10.00000000000000000, 21.50000000000000000, 25.00000000000000000 ) ) ;
#417 = DIRECTION ( 'NONE',  ( -0.000000000000000000, 1.000000000000000000, -0.000000000000000000 ) ) ;
#418 = SURFACE_STYLE_USAGE ( .BOTH. , #3835 ) ;
#419 = VECTOR ( 'NONE', #1356, 1000.000000000000227 ) ;
#420 = VECTOR ( 'NONE', #569, 1000.000000000000000 ) ;
#421 = EDGE_CURVE ( 'NONE', #1455, #3807, #3826, .T. ) ;
#422 = ORIENTED_EDGE ( 'NONE', *, *, #2413, .T. ) ;
#423 = DIRECTION ( 'NONE',  ( 0.000000000000000000, 0.000000000000000000, 1.000000000000000000 ) ) ;
#424 = AXIS2_PLACEMENT_3D ( 'NONE', #1286, #2714, #1812 ) ;
#425 = DIRECTION ( 'NONE',  ( 0.000000000000000000, 0.000000000000000000, 1.000000000000000000 ) ) ;
#426 = VERTEX_POINT ( 'NONE', #1713 ) ;
#427 = VECTOR ( 'NONE', #2799, 1000.000000000000000 ) ;
#428 = CARTESIAN_POINT ( 'NONE',  ( -8.000000000000000000, 17.49999999999999645, 26.49999999999999289 ) ) ;
#429 = FACE_OUTER_BOUND ( 'NONE', #1053, .T. ) ;
#430 = DIRECTION ( 'NONE',  ( 1.000000000000000000, 0.000000000000000000, 0.000000000000000000 ) ) ;
#431 = VECTOR ( 'NONE', #1087, 999.9999999999998863 ) ;
#432 = ORIENTED_EDGE ( 'NONE', *, *, #37, .F. ) ;
#433 = CARTESIAN_POINT ( 'NONE',  ( 10.00000000000001421, 21.50000000000000000, 33.00000000000000000 ) ) ;
#434 = ORIENTED_EDGE ( 'NONE', *, *, #1975, .T. ) ;
#435 = AXIS2_PLACEMENT_3D ( 'NONE', #3905, #2378, #2670 ) ;
#436 = DIRECTION ( 'NONE',  ( 0.9486832980505141011, -0.000000000000000000, -0.3162277660168372195 ) ) ;
#437 = LINE ( 'NONE', #1660, #1550 ) ;
#438 = DIRECTION ( 'NONE',  ( 1.000000000000000000, 0.000000000000000000, 0.000000000000000000 ) ) ;
#439 = CARTESIAN_POINT ( 'NONE',  ( 29.03589941132428720, 13.70384911698643471, 4.000000000000000000 ) ) ;
#440 = PLANE ( 'NONE',  #3156 ) ;
#441 = EDGE_CURVE ( 'NONE', #2571, #3867, #1048, .T. ) ;
#442 = LINE ( 'NONE', #1350, #1222 ) ;
#443 = ORIENTED_EDGE ( 'NONE', *, *, #2894, .T. ) ;
#444 = DIRECTION ( 'NONE',  ( -0.9486832980505138790, 0.000000000000000000, 0.3162277660168378857 ) ) ;
#445 = FACE_OUTER_BOUND ( 'NONE', #1506, .T. ) ;
#446 = AXIS2_PLACEMENT_3D ( 'NONE', #1890, #649, #3117 ) ;
#447 = CARTESIAN_POINT ( 'NONE',  ( -7.499999999999998224, -28.00000000000000355, -6.000000000000008882 ) ) ;
#448 = LINE ( 'NONE', #1029, #419 ) ;
#449 = VECTOR ( 'NONE', #3289, 1000.000000000000000 ) ;
#450 = LINE ( 'NONE', #2038, #3040 ) ;
#451 = CARTESIAN_POINT ( 'NONE',  ( -22.75000000000000711, 1.500000000000000000, -15.49999999999999822 ) ) ;
#452 = ORIENTED_EDGE ( 'NONE', *, *, #1271, .T. ) ;
#453 = ORIENTED_EDGE ( 'NONE', *, *, #505, .T. ) ;
#454 = EDGE_CURVE ( 'NONE', #1212, #3564, #1394, .T. ) ;
#455 = DIRECTION ( 'NONE',  ( -0.8320502943378418337, 0.5547001962252319229, 0.000000000000000000 ) ) ;
#456 = CARTESIAN_POINT ( 'NONE',  ( 10.74999999999997158, 0.000000000000000000, 32.25000000000000000 ) ) ;
#457 = DIRECTION ( 'NONE',  ( 0.000000000000000000, 0.000000000000000000, 1.000000000000000000 ) ) ;
#458 = DIRECTION ( 'NONE',  ( 0.8320502943378431659, -0.5547001962252299245, 0.000000000000000000 ) ) ;
#459 = DIRECTION ( 'NONE',  ( 0.000000000000000000, 0.000000000000000000, 1.000000000000000000 ) ) ;
#460 = DIRECTION ( 'NONE',  ( 0.000000000000000000, 1.000000000000000000, 0.000000000000000000 ) ) ;
#461 = ORIENTED_EDGE ( 'NONE', *, *, #1764, .T. ) ;
#462 = LINE ( 'NONE', #3504, #431 ) ;
#463 = ADVANCED_FACE ( 'NONE', ( #166 ), #3846, .F. ) ;
#464 = EDGE_LOOP ( 'NONE', ( #1494, #70, #2373, #2995, #3647, #896, #2719, #3204 ) ) ;
#465 = CARTESIAN_POINT ( 'NONE',  ( -8.000000000000000000, 23.00000000000000000, -25.00000000000000000 ) ) ;
#466 = LINE ( 'NONE', #3337, #2967 ) ;
#467 = CARTESIAN_POINT ( 'NONE',  ( 7.500000000000001776, 25.00000000000000000, -13.50000000000000888 ) ) ;
#468 = ORIENTED_EDGE ( 'NONE', *, *, #1308, .F. ) ;
#469 = FACE_OUTER_BOUND ( 'NONE', #2529, .T. ) ;
#470 = CYLINDRICAL_SURFACE ( 'NONE', #3654, 1.374999999999999556 ) ;
#471 = CARTESIAN_POINT ( 'NONE',  ( -22.75000000000000711, 4.000000000000000000, -17.49999999999999645 ) ) ;
#472 = VERTEX_POINT ( 'NONE', #3263 ) ;
#473 = ORIENTED_EDGE ( 'NONE', *, *, #584, .F. ) ;
#474 = AXIS2_PLACEMENT_3D ( 'NONE', #1098, #1079, #438 ) ;
#475 = EDGE_LOOP ( 'NONE', ( #994, #2624, #1012, #3995 ) ) ;
#476 = DIRECTION ( 'NONE',  ( 0.000000000000000000, -1.000000000000000000, 0.000000000000000000 ) ) ;
#477 = AXIS2_PLACEMENT_3D ( 'NONE', #3529, #747, #2935 ) ;
#478 = CARTESIAN_POINT ( 'NONE',  ( 32.50000000000000000, 25.00000000000000000, 25.00000000000001066 ) ) ;
#479 = EDGE_CURVE ( 'NONE', #2147, #3328, #2673, .T. ) ;
#480 = AXIS2_PLACEMENT_3D ( 'NONE', #3169, #3523, #3847 ) ;
#481 = VECTOR ( 'NONE', #542, 1000.000000000000000 ) ;
#482 = ORIENTED_EDGE ( 'NONE', *, *, #1847, .F. ) ;
#483 = CARTESIAN_POINT ( 'NONE',  ( 7.500000000000001776, -28.00000000000000355, -15.00000000000000355 ) ) ;
#484 = EDGE_LOOP ( 'NONE', ( #2740, #1978 ) ) ;
#485 = DIRECTION ( 'NONE',  ( 0.000000000000000000, 1.000000000000000000, 0.000000000000000000 ) ) ;
#486 = DIRECTION ( 'NONE',  ( 1.000000000000000000, 0.000000000000000000, 0.000000000000000000 ) ) ;
#487 = EDGE_CURVE ( 'NONE', #1715, #2357, #1417, .T. ) ;
#488 = VECTOR ( 'NONE', #1601, 1000.000000000000000 ) ;
#489 = DIRECTION ( 'NONE',  ( 0.000000000000000000, 0.000000000000000000, -1.000000000000000000 ) ) ;
#490 = ORIENTED_EDGE ( 'NONE', *, *, #916, .F. ) ;
#491 = CARTESIAN_POINT ( 'NONE',  ( 30.69999999999997797, 16.19999999999995310, 4.000000000000000000 ) ) ;
#492 = CIRCLE ( 'NONE', #1686, 0.9999999999999991118 ) ;
#493 = CARTESIAN_POINT ( 'NONE',  ( 11.00000000000000000, 23.49999999999999645, -20.49999999999993250 ) ) ;
#494 = CARTESIAN_POINT ( 'NONE',  ( -17.49999999999991829, 25.00000000000000000, 0.000000000000000000 ) ) ;
#495 = EDGE_LOOP ( 'NONE', ( #1695, #1856, #1378, #661 ) ) ;
#496 = ORIENTED_EDGE ( 'NONE', *, *, #1847, .T. ) ;
#497 = VECTOR ( 'NONE', #583, 1000.000000000000000 ) ;
#498 = DIRECTION ( 'NONE',  ( 0.000000000000000000, 0.000000000000000000, -1.000000000000000000 ) ) ;
#499 = DIRECTION ( 'NONE',  ( -0.9486832980505141011, 0.000000000000000000, 0.3162277660168371640 ) ) ;
#500 = CIRCLE ( 'NONE', #1955, 1.100000000000000311 ) ;
#501 = DIRECTION ( 'NONE',  ( 0.8017837257372728565, -0.5345224838248496813, 0.2672612419124233973 ) ) ;
#502 = ORIENTED_EDGE ( 'NONE', *, *, #1659, .F. ) ;
#503 = CARTESIAN_POINT ( 'NONE',  ( -7.499999999999998224, 23.00000000000000000, -1.499999999999997780 ) ) ;
#504 = ORIENTED_EDGE ( 'NONE', *, *, #1870, .T. ) ;
#505 = EDGE_CURVE ( 'NONE', #3493, #377, #2765, .T. ) ;
#506 = DIRECTION ( 'NONE',  ( -1.000000000000000000, 0.000000000000000000, 0.000000000000000000 ) ) ;
#507 = CYLINDRICAL_SURFACE ( 'NONE', #159, 1.499999999999994449 ) ;
#508 = FACE_OUTER_BOUND ( 'NONE', #2366, .T. ) ;
#509 = AXIS2_PLACEMENT_3D ( 'NONE', #2789, #1193, #2481 ) ;
#510 = DIRECTION ( 'NONE',  ( 0.000000000000000000, 0.000000000000000000, 1.000000000000000000 ) ) ;
#511 = EDGE_LOOP ( 'NONE', ( #3079, #399 ) ) ;
#512 = EDGE_CURVE ( 'NONE', #954, #1883, #249, .T. ) ;
#513 = DIRECTION ( 'NONE',  ( -0.9486832980505141011, 0.000000000000000000, 0.3162277660168374971 ) ) ;
#514 = LINE ( 'NONE', #1486, #1775 ) ;
#515 = ORIENTED_EDGE ( 'NONE', *, *, #1440, .F. ) ;
#516 = ADVANCED_FACE ( 'NONE', ( #1582 ), #2527, .T. ) ;
#517 = DIRECTION ( 'NONE',  ( -0.000000000000000000, -0.000000000000000000, 1.000000000000000000 ) ) ;
#518 = LINE ( 'NONE', #3334, #2794 ) ;
#519 = ORIENTED_EDGE ( 'NONE', *, *, #303, .F. ) ;
#520 = ADVANCED_FACE ( 'NONE', ( #1180 ), #3944, .T. ) ;
#521 = DIRECTION ( 'NONE',  ( -0.000000000000000000, -1.000000000000000000, -0.000000000000000000 ) ) ;
#522 = CARTESIAN_POINT ( 'NONE',  ( 17.25658350974743271, 25.00000000000000000, 28.49999999999999645 ) ) ;
#523 = CARTESIAN_POINT ( 'NONE',  ( -32.50000000000000711, 0.000000000000000000, -24.99999999999999645 ) ) ;
#524 = EDGE_CURVE ( 'NONE', #3409, #964, #1010, .T. ) ;
#525 = DIRECTION ( 'NONE',  ( 0.000000000000000000, 0.000000000000000000, 1.000000000000000000 ) ) ;
#526 = EDGE_LOOP ( 'NONE', ( #3366, #354, #622, #1619 ) ) ;
#527 = FACE_OUTER_BOUND ( 'NONE', #2669, .T. ) ;
#528 = CARTESIAN_POINT ( 'NONE',  ( -37.51832739355339186, 11.65444840429772100, -21.74608537206469094 ) ) ;
#529 = EDGE_CURVE ( 'NONE', #288, #3027, #2504, .T. ) ;
#530 = VERTEX_POINT ( 'NONE', #16 ) ;
#531 = CARTESIAN_POINT ( 'NONE',  ( 7.500000000000001776, 25.00000000000000000, -9.000000000000001776 ) ) ;
#532 = FACE_OUTER_BOUND ( 'NONE', #3194, .T. ) ;
#533 = DIRECTION ( 'NONE',  ( 0.000000000000000000, 0.000000000000000000, 1.000000000000000000 ) ) ;
#534 = VECTOR ( 'NONE', #2993, 1000.000000000000000 ) ;
#535 = EDGE_CURVE ( 'NONE', #3278, #3234, #2505, .T. ) ;
#536 = ORIENTED_EDGE ( 'NONE', *, *, #4022, .T. ) ;
#537 = AXIS2_PLACEMENT_3D ( 'NONE', #2064, #769, #3010 ) ;
#538 = DIRECTION ( 'NONE',  ( 0.000000000000000000, 0.000000000000000000, 1.000000000000000000 ) ) ;
#539 = AXIS2_PLACEMENT_3D ( 'NONE', #51, #329, #1592 ) ;
#540 = AXIS2_PLACEMENT_3D ( 'NONE', #1064, #3282, #3544 ) ;
#541 = ORIENTED_EDGE ( 'NONE', *, *, #4012, .T. ) ;
#542 = DIRECTION ( 'NONE',  ( -1.000000000000000000, 0.000000000000000000, 0.000000000000000000 ) ) ;
#543 = DIRECTION ( 'NONE',  ( 0.000000000000000000, 1.000000000000000000, 0.000000000000000000 ) ) ;
#544 = VECTOR ( 'NONE', #1129, 1000.000000000000227 ) ;
#545 = DIRECTION ( 'NONE',  ( -0.3162277660168377746, 0.000000000000000000, 0.9486832980505138790 ) ) ;
#546 = CARTESIAN_POINT ( 'NONE',  ( -22.75000000000000711, 3.500000000000000000, 20.00000000000000000 ) ) ;
#547 = ORIENTED_EDGE ( 'NONE', *, *, #2580, .F. ) ;
#548 = CARTESIAN_POINT ( 'NONE',  ( 7.500000000000001776, -28.00000000000000355, -13.50000000000000888 ) ) ;
#549 = VECTOR ( 'NONE', #2425, 999.9999999999998863 ) ;
#550 = CARTESIAN_POINT ( 'NONE',  ( -22.75000000000000711, 3.500000000000000000, 20.00000000000000000 ) ) ;
#551 = VERTEX_POINT ( 'NONE', #1911 ) ;
#552 = ORIENTED_EDGE ( 'NONE', *, *, #991, .F. ) ;
#553 = VECTOR ( 'NONE', #417, 1000.000000000000000 ) ;
#554 = LINE ( 'NONE', #3955, #3921 ) ;
#555 = EDGE_CURVE ( 'NONE', #3492, #2635, #837, .T. ) ;
#556 = EDGE_CURVE ( 'NONE', #1641, #1540, #3742, .T. ) ;
#557 = LINE ( 'NONE', #2417, #1214 ) ;
#558 = DIRECTION ( 'NONE',  ( 0.000000000000000000, 0.000000000000000000, -1.000000000000000000 ) ) ;
#559 = DIRECTION ( 'NONE',  ( 0.000000000000000000, 0.000000000000000000, 1.000000000000000000 ) ) ;
#560 = AXIS2_PLACEMENT_3D ( 'NONE', #2883, #2591, #3822 ) ;
#561 = EDGE_LOOP ( 'NONE', ( #2774, #3018, #1834, #781 ) ) ;
#562 = AXIS2_PLACEMENT_3D ( 'NONE', #3097, #320, #2183 ) ;
#563 = DIRECTION ( 'NONE',  ( 0.000000000000000000, -0.7071067811865512365, -0.7071067811865439090 ) ) ;
#564 = ORIENTED_EDGE ( 'NONE', *, *, #2399, .T. ) ;
#565 = CARTESIAN_POINT ( 'NONE',  ( 8.625000000000014211, 21.50000000000000000, 33.00000000000000000 ) ) ;
#566 = ORIENTED_EDGE ( 'NONE', *, *, #3710, .T. ) ;
#567 = CARTESIAN_POINT ( 'NONE',  ( 17.49999999999999645, 23.00000000000000355, -28.00000000000000000 ) ) ;
#568 = EDGE_LOOP ( 'NONE', ( #468, #2297 ) ) ;
#569 = DIRECTION ( 'NONE',  ( -0.000000000000000000, -1.000000000000000000, -0.000000000000000000 ) ) ;
#570 = CARTESIAN_POINT ( 'NONE',  ( 7.500000000000008882, -28.00000000000000355, -7.500000000000002665 ) ) ;
#571 = DIRECTION ( 'NONE',  ( -0.000000000000000000, 1.000000000000000000, -0.000000000000000000 ) ) ;
#572 = VERTEX_POINT ( 'NONE', #3963 ) ;
#573 = ORIENTED_EDGE ( 'NONE', *, *, #3393, .T. ) ;
#574 =( GEOMETRIC_REPRESENTATION_CONTEXT ( 3 ) GLOBAL_UNCERTAINTY_ASSIGNED_CONTEXT ( ( #820 ) ) GLOBAL_UNIT_ASSIGNED_CONTEXT ( ( #96, #2619, #1661 ) ) REPRESENTATION_CONTEXT ( 'NONE', 'WORKASPACE' ) );
#575 = EDGE_CURVE ( 'NONE', #3564, #3480, #2100, .T. ) ;
#576 = ORIENTED_EDGE ( 'NONE', *, *, #3273, .T. ) ;
#577 = EDGE_LOOP ( 'NONE', ( #1595, #3111, #2785, #3167 ) ) ;
#578 = FACE_BOUND ( 'NONE', #66, .T. ) ;
#579 = CARTESIAN_POINT ( 'NONE',  ( -7.499999999999998224, -28.00000000000000355, 1.499999999999990896 ) ) ;
#580 = CYLINDRICAL_SURFACE ( 'NONE', #365, 1.100000000000000311 ) ;
#581 = DIRECTION ( 'NONE',  ( -0.000000000000000000, -1.000000000000000000, -0.000000000000000000 ) ) ;
#582 = CARTESIAN_POINT ( 'NONE',  ( -7.499999999999996447, 25.00000000000000000, -6.000000000000009770 ) ) ;
#583 = DIRECTION ( 'NONE',  ( 1.000000000000000000, 0.000000000000000000, 0.000000000000000000 ) ) ;
#584 = EDGE_CURVE ( 'NONE', #572, #1749, #1162, .T. ) ;
#585 = ORIENTED_EDGE ( 'NONE', *, *, #2461, .F. ) ;
#586 = DIRECTION ( 'NONE',  ( 0.000000000000000000, 1.000000000000000000, -0.000000000000000000 ) ) ;
#587 = EDGE_LOOP ( 'NONE', ( #3699, #3302, #73, #2349 ) ) ;
#588 = DIRECTION ( 'NONE',  ( -0.000000000000000000, 1.000000000000000000, -0.000000000000000000 ) ) ;
#589 = DIRECTION ( 'NONE',  ( -0.000000000000000000, 1.000000000000000000, -0.000000000000000000 ) ) ;
#590 = CARTESIAN_POINT ( 'NONE',  ( -30.70000000000000284, 14.19999999999997620, 23.70263340389896811 ) ) ;
#591 = ORIENTED_EDGE ( 'NONE', *, *, #3502, .T. ) ;
#592 = ORIENTED_EDGE ( 'NONE', *, *, #3700, .F. ) ;
#593 = VERTEX_POINT ( 'NONE', #2689 ) ;
#594 = ORIENTED_EDGE ( 'NONE', *, *, #1653, .F. ) ;
#595 = CARTESIAN_POINT ( 'NONE',  ( -11.00000000000000000, 21.50000000000000000, -25.00000000000000000 ) ) ;
#596 = LINE ( 'NONE', #579, #3537 ) ;
#597 = DIRECTION ( 'NONE',  ( -0.000000000000000000, -1.000000000000000000, -0.000000000000000000 ) ) ;
#598 = DIRECTION ( 'NONE',  ( 0.000000000000000000, 0.000000000000000000, 1.000000000000000000 ) ) ;
#599 = DIRECTION ( 'NONE',  ( 1.000000000000000000, 0.000000000000000000, 0.000000000000000000 ) ) ;
#600 = ORIENTED_EDGE ( 'NONE', *, *, #1825, .T. ) ;
#601 = EDGE_CURVE ( 'NONE', #3774, #2519, #1599, .T. ) ;
#602 = CYLINDRICAL_SURFACE ( 'NONE', #1290, 1.100000000000000311 ) ;
#603 = AXIS2_PLACEMENT_3D ( 'NONE', #2193, #3665, #3399 ) ;
#604 = ORIENTED_EDGE ( 'NONE', *, *, #1101, .T. ) ;
#605 = EDGE_CURVE ( 'NONE', #3172, #1783, #3323, .T. ) ;
#606 = DIRECTION ( 'NONE',  ( -1.734723475976807094E-16, -0.000000000000000000, -1.000000000000000000 ) ) ;
#607 = CARTESIAN_POINT ( 'NONE',  ( 30.69999999999999929, 14.19999999999997620, 23.70263340389898588 ) ) ;
#608 = AXIS2_PLACEMENT_3D ( 'NONE', #433, #3874, #1111 ) ;
#609 = AXIS2_PLACEMENT_3D ( 'NONE', #3092, #865, #1551 ) ;
#610 = CARTESIAN_POINT ( 'NONE',  ( 22.74999999999999289, 3.500000000000000000, -22.50000000000000711 ) ) ;
#611 = ORIENTED_EDGE ( 'NONE', *, *, #2167, .F. ) ;
#612 =( BOUNDED_CURVE ( )  B_SPLINE_CURVE ( 3, ( #2877, #1969, #2316, #3195 ),
 .UNSPECIFIED., .F., .F. ) 
 B_SPLINE_CURVE_WITH_KNOTS ( ( 4, 4 ),
 ( 1.570796326794909215, 2.158798930342469280 ),
 .UNSPECIFIED. ) 
 CURVE ( )  GEOMETRIC_REPRESENTATION_ITEM ( )  RATIONAL_B_SPLINE_CURVE ( ( 1.000000000000000000, 0.9713946843260359287, 0.9713946843260359287, 1.000000000000000000 ) ) 
 REPRESENTATION_ITEM ( '' )  );
#613 = VECTOR ( 'NONE', #2643, 1000.000000000000000 ) ;
#614 = DIRECTION ( 'NONE',  ( 1.000000000000000000, 0.000000000000000000, 0.000000000000000000 ) ) ;
#615 = FACE_OUTER_BOUND ( 'NONE', #921, .T. ) ;
#616 = DIRECTION ( 'NONE',  ( 0.000000000000000000, 1.000000000000000000, 0.000000000000000000 ) ) ;
#617 = ADVANCED_FACE ( 'NONE', ( #1066 ), #3265, .T. ) ;
#618 = PRODUCT_DEFINITION ( 'UNKNOWN', '', #3697, #3872 ) ;
#619 = DIRECTION ( 'NONE',  ( 0.000000000000000000, 0.000000000000000000, 1.000000000000000000 ) ) ;
#620 = ORIENTED_EDGE ( 'NONE', *, *, #1747, .F. ) ;
#621 = ORIENTED_EDGE ( 'NONE', *, *, #67, .F. ) ;
#622 = ORIENTED_EDGE ( 'NONE', *, *, #2225, .T. ) ;
#623 = ORIENTED_EDGE ( 'NONE', *, *, #1349, .T. ) ;
#624 = ORIENTED_EDGE ( 'NONE', *, *, #2817, .F. ) ;
#625 = TOROIDAL_SURFACE ( 'NONE', #3099, 4.499999999999999112, 2.000000000000000000 ) ;
#626 = LINE ( 'NONE', #1258, #699 ) ;
#627 = DIRECTION ( 'NONE',  ( 1.000000000000000000, 0.000000000000000000, 0.000000000000000000 ) ) ;
#628 = CIRCLE ( 'NONE', #297, 1.499999999999994449 ) ;
#629 = FACE_OUTER_BOUND ( 'NONE', #2273, .T. ) ;
#630 = AXIS2_PLACEMENT_3D ( 'NONE', #386, #1062, #759 ) ;
#631 = ORIENTED_EDGE ( 'NONE', *, *, #2478, .F. ) ;
#632 = CARTESIAN_POINT ( 'NONE',  ( 30.69999999999996732, 12.59444872453597242, 3.999999999999999112 ) ) ;
#633 = LINE ( 'NONE', #1872, #1734 ) ;
#634 = VECTOR ( 'NONE', #2162, 999.9999999999998863 ) ;
#635 = CARTESIAN_POINT ( 'NONE',  ( -7.499999999999998224, 25.00000000000000000, 16.49999999999998934 ) ) ;
#636 = EDGE_CURVE ( 'NONE', #2636, #1455, #3238, .T. ) ;
#637 = EDGE_CURVE ( 'NONE', #2047, #2540, #2397, .T. ) ;
#638 = VERTEX_POINT ( 'NONE', #2338 ) ;
#639 = CARTESIAN_POINT ( 'NONE',  ( -8.000000000000000000, 21.50000000000000000, 28.00000000000000000 ) ) ;
#640 = DIRECTION ( 'NONE',  ( 0.9486832980505141011, 0.000000000000000000, 0.3162277660168372195 ) ) ;
#641 = CARTESIAN_POINT ( 'NONE',  ( 10.00000000000000000, 21.50000000000000000, -25.00000000000000000 ) ) ;
#642 = CYLINDRICAL_SURFACE ( 'NONE', #191, 0.9999999999999991118 ) ;
#643 = ORIENTED_EDGE ( 'NONE', *, *, #2730, .T. ) ;
#644 = ORIENTED_EDGE ( 'NONE', *, *, #782, .F. ) ;
#645 = EDGE_CURVE ( 'NONE', #194, #3417, #3274, .T. ) ;
#646 = VERTEX_POINT ( 'NONE', #2978 ) ;
#647 = ORIENTED_EDGE ( 'NONE', *, *, #384, .F. ) ;
#648 = LINE ( 'NONE', #3353, #2197 ) ;
#649 = DIRECTION ( 'NONE',  ( 0.000000000000000000, 1.000000000000000000, 0.000000000000000000 ) ) ;
#650 = VECTOR ( 'NONE', #2107, 1000.000000000000000 ) ;
#651 = VECTOR ( 'NONE', #2994, 1000.000000000000000 ) ;
#652 = CARTESIAN_POINT ( 'NONE',  ( -22.75000000000000711, 3.500000000000000000, 20.00000000000000000 ) ) ;
#653 =( BOUNDED_CURVE ( )  B_SPLINE_CURVE ( 3, ( #2961, #2608, #428, #2567 ),
 .UNSPECIFIED., .F., .F. ) 
 B_SPLINE_CURVE_WITH_KNOTS ( ( 4, 4 ),
 ( 4.712388980384689674, 7.853981633974482790 ),
 .UNSPECIFIED. ) 
 CURVE ( )  GEOMETRIC_REPRESENTATION_ITEM ( )  RATIONAL_B_SPLINE_CURVE ( ( 1.000000000000000000, 0.3333333333333333703, 0.3333333333333333703, 1.000000000000000000 ) ) 
 REPRESENTATION_ITEM ( '' )  );
#654 = DIRECTION ( 'NONE',  ( 0.000000000000000000, 0.000000000000000000, 1.000000000000000000 ) ) ;
#655 = ORIENTED_EDGE ( 'NONE', *, *, #1568, .T. ) ;
#656 = ORIENTED_EDGE ( 'NONE', *, *, #791, .F. ) ;
#657 = CARTESIAN_POINT ( 'NONE',  ( 22.74999999999999289, 4.000000000000000000, -18.90000000000000568 ) ) ;
#658 = DIRECTION ( 'NONE',  ( -0.000000000000000000, 1.000000000000000000, -0.000000000000000000 ) ) ;
#659 = ORIENTED_EDGE ( 'NONE', *, *, #2461, .T. ) ;
#660 = FACE_OUTER_BOUND ( 'NONE', #2421, .T. ) ;
#661 = ORIENTED_EDGE ( 'NONE', *, *, #2988, .F. ) ;
#662 = LINE ( 'NONE', #1335, #3861 ) ;
#663 = DIRECTION ( 'NONE',  ( -0.000000000000000000, 1.000000000000000000, -0.000000000000000000 ) ) ;
#664 = EDGE_CURVE ( 'NONE', #2109, #2902, #1678, .T. ) ;
#665 = ORIENTED_EDGE ( 'NONE', *, *, #1846, .T. ) ;
#666 = VERTEX_POINT ( 'NONE', #2955 ) ;
#667 = ORIENTED_EDGE ( 'NONE', *, *, #999, .F. ) ;
#668 = EDGE_LOOP ( 'NONE', ( #3379, #1848, #4015, #600 ) ) ;
#669 = CARTESIAN_POINT ( 'NONE',  ( -9.000000000000001776, 21.50000000000000000, 28.00000000000000000 ) ) ;
#670 = CARTESIAN_POINT ( 'NONE',  ( 32.50000000000000000, 14.99999999999997158, -25.00000000000001066 ) ) ;
#671 = EDGE_CURVE ( 'NONE', #1528, #3736, #153, .T. ) ;
#672 = CARTESIAN_POINT ( 'NONE',  ( 32.50000000000000000, 25.00000000000000000, -25.00000000000001066 ) ) ;
#673 = EDGE_CURVE ( 'NONE', #1547, #3993, #1138, .T. ) ;
#674 = EDGE_CURVE ( 'NONE', #954, #2261, #803, .T. ) ;
#675 = DIRECTION ( 'NONE',  ( 0.5547001962252318119, 0.8320502943378420557, -0.000000000000000000 ) ) ;
#676 = ORIENTED_EDGE ( 'NONE', *, *, #512, .T. ) ;
#677 = DIRECTION ( 'NONE',  ( 0.3162277660168371640, 0.000000000000000000, -0.9486832980505141011 ) ) ;
#678 = DIRECTION ( 'NONE',  ( 0.000000000000000000, 0.000000000000000000, 1.000000000000000000 ) ) ;
#679 = VERTEX_POINT ( 'NONE', #262 ) ;
#680 = PLANE ( 'NONE',  #3985 ) ;
#681 = CARTESIAN_POINT ( 'NONE',  ( 32.50000000000000000, 25.00000000000000000, 0.000000000000000000 ) ) ;
#682 = VECTOR ( 'NONE', #2276, 1000.000000000000000 ) ;
#683 = VECTOR ( 'NONE', #2171, 1000.000000000000000 ) ;
#684 = EDGE_LOOP ( 'NONE', ( #2041, #334, #3286, #3588 ) ) ;
#685 = VECTOR ( 'NONE', #3603, 1000.000000000000000 ) ;
#686 = AXIS2_PLACEMENT_3D ( 'NONE', #816, #3045, #856 ) ;
#687 = ORIENTED_EDGE ( 'NONE', *, *, #637, .T. ) ;
#688 = EDGE_LOOP ( 'NONE', ( #2156, #1126, #1415, #291 ) ) ;
#689 = ORIENTED_EDGE ( 'NONE', *, *, #1806, .F. ) ;
#690 = DIRECTION ( 'NONE',  ( -0.3162277660168374971, 0.000000000000000000, 0.9486832980505141011 ) ) ;
#691 = CARTESIAN_POINT ( 'NONE',  ( -32.50000000000000000, 14.99999999999997158, 0.000000000000000000 ) ) ;
#692 = LINE ( 'NONE', #3211, #3373 ) ;
#693 = EDGE_CURVE ( 'NONE', #3147, #3491, #3029, .T. ) ;
#694 = EDGE_CURVE ( 'NONE', #175, #2800, #3078, .T. ) ;
#695 = FACE_OUTER_BOUND ( 'NONE', #1051, .T. ) ;
#696 = AXIS2_PLACEMENT_3D ( 'NONE', #3125, #3703, #1 ) ;
#697 = EDGE_CURVE ( 'NONE', #271, #1596, #1927, .T. ) ;
#698 = EDGE_LOOP ( 'NONE', ( #332, #3464, #1768, #3830 ) ) ;
#699 = VECTOR ( 'NONE', #3956, 1000.000000000000000 ) ;
#700 = CARTESIAN_POINT ( 'NONE',  ( 10.00000000000000355, 21.50000000000000000, -28.49999999999999645 ) ) ;
#701 = PLANE ( 'NONE',  #215 ) ;
#702 = VECTOR ( 'NONE', #1163, 1000.000000000000000 ) ;
#703 = CARTESIAN_POINT ( 'NONE',  ( 7.500000000000001776, -28.00000000000000355, -9.000000000000001776 ) ) ;
#704 = VERTEX_POINT ( 'NONE', #2239 ) ;
#705 = CARTESIAN_POINT ( 'NONE',  ( 17.49999999999999645, 25.00000000000000000, 28.00000000000000000 ) ) ;
#706 = DIRECTION ( 'NONE',  ( -0.000000000000000000, 1.000000000000000000, -0.000000000000000000 ) ) ;
#707 = CIRCLE ( 'NONE', #3239, 2.000000000000000000 ) ;
#708 = EDGE_LOOP ( 'NONE', ( #1673, #3988, #2694, #3756 ) ) ;
#709 = ORIENTED_EDGE ( 'NONE', *, *, #535, .T. ) ;
#710 = VERTEX_POINT ( 'NONE', #3497 ) ;
#711 = ORIENTED_EDGE ( 'NONE', *, *, #237, .T. ) ;
#712 = EDGE_LOOP ( 'NONE', ( #1744, #1652 ) ) ;
#713 = DIRECTION ( 'NONE',  ( -1.000000000000000000, -0.000000000000000000, 2.312964634635742957E-16 ) ) ;
#714 = CARTESIAN_POINT ( 'NONE',  ( 31.00000000000000000, 15.99999999999993783, 5.967231557290590516 ) ) ;
#715 = ADVANCED_FACE ( 'NONE', ( #95 ), #3474, .F. ) ;
#716 = AXIS2_PLACEMENT_3D ( 'NONE', #1928, #2010, #358 ) ;
#717 = CARTESIAN_POINT ( 'NONE',  ( -17.49999999999995381, 0.000000000000000000, 30.00000000000000355 ) ) ;
#718 = EDGE_CURVE ( 'NONE', #1105, #2538, #2582, .T. ) ;
#719 = EDGE_CURVE ( 'NONE', #3131, #1235, #114, .T. ) ;
#720 = AXIS2_PLACEMENT_3D ( 'NONE', #2066, #1720, #457 ) ;
#721 = ORIENTED_EDGE ( 'NONE', *, *, #1416, .F. ) ;
#722 = DIRECTION ( 'NONE',  ( -0.000000000000000000, -1.000000000000000000, 0.000000000000000000 ) ) ;
#723 = CYLINDRICAL_SURFACE ( 'NONE', #226, 1.100000000000000311 ) ;
#724 = ADVANCED_FACE ( 'NONE', ( #173 ), #783, .T. ) ;
#725 = ORIENTED_EDGE ( 'NONE', *, *, #2626, .T. ) ;
#726 = DIRECTION ( 'NONE',  ( 0.000000000000000000, 0.000000000000000000, -1.000000000000000000 ) ) ;
#727 = DIRECTION ( 'NONE',  ( 0.000000000000000000, 0.000000000000000000, 1.000000000000000000 ) ) ;
#728 = EDGE_CURVE ( 'NONE', #1096, #49, #2128, .T. ) ;
#729 = ORIENTED_EDGE ( 'NONE', *, *, #697, .T. ) ;
#730 = CARTESIAN_POINT ( 'NONE',  ( 22.74999999999999289, 4.000000000000000000, -20.00000000000000711 ) ) ;
#731 = ORIENTED_EDGE ( 'NONE', *, *, #2326, .F. ) ;
#732 = ORIENTED_EDGE ( 'NONE', *, *, #3223, .T. ) ;
#733 = LINE ( 'NONE', #2257, #92 ) ;
#734 = CARTESIAN_POINT ( 'NONE',  ( 0.000000000000000000, 1.500000000000000000, 0.000000000000000000 ) ) ;
#735 = CARTESIAN_POINT ( 'NONE',  ( -17.80790021169691784, 24.79473319220202754, -28.00000000000000000 ) ) ;
#736 = ORIENTED_EDGE ( 'NONE', *, *, #120, .T. ) ;
#737 = DIRECTION ( 'NONE',  ( -0.8017837257372738557, 0.5345224838248479049, 0.2672612419124238969 ) ) ;
#738 = ORIENTED_EDGE ( 'NONE', *, *, #3181, .F. ) ;
#739 = FACE_OUTER_BOUND ( 'NONE', #1033, .T. ) ;
#740 = LINE ( 'NONE', #2286, #1938 ) ;
#741 = CARTESIAN_POINT ( 'NONE',  ( 22.74999999999999289, 1.500000000000000000, -20.00000000000000711 ) ) ;
#742 = ORIENTED_EDGE ( 'NONE', *, *, #2730, .F. ) ;
#743 = VERTEX_POINT ( 'NONE', #1425 ) ;
#744 = ORIENTED_EDGE ( 'NONE', *, *, #2485, .F. ) ;
#745 = AXIS2_PLACEMENT_3D ( 'NONE', #3551, #2106, #3268 ) ;
#746 = VECTOR ( 'NONE', #1249, 1000.000000000000000 ) ;
#747 = DIRECTION ( 'NONE',  ( -1.000000000000000000, 0.000000000000000000, 0.000000000000000000 ) ) ;
#748 = DIRECTION ( 'NONE',  ( -1.734723475976807094E-16, 0.000000000000000000, -1.000000000000000000 ) ) ;
#749 = LINE ( 'NONE', #2317, #3722 ) ;
#750 = CARTESIAN_POINT ( 'NONE',  ( 17.49999999999999645, 23.00000000000000355, 28.00000000000000000 ) ) ;
#751 = CIRCLE ( 'NONE', #3028, 4.500000000000000888 ) ;
#752 = VECTOR ( 'NONE', #1133, 1000.000000000000000 ) ;
#753 = ORIENTED_EDGE ( 'NONE', *, *, #48, .T. ) ;
#754 = DIRECTION ( 'NONE',  ( 0.8320502943378438321, 0.5547001962252289253, 0.000000000000000000 ) ) ;
#755 = PRESENTATION_LAYER_ASSIGNMENT (  '', '', ( #1929 ) ) ;
#756 = CARTESIAN_POINT ( 'NONE',  ( 23.58975596498187954, 20.94016269001203767, 26.38894251492185816 ) ) ;
#757 = ORIENTED_EDGE ( 'NONE', *, *, #1870, .F. ) ;
#758 = CIRCLE ( 'NONE', #696, 1.374999999999999556 ) ;
#759 = DIRECTION ( 'NONE',  ( 0.000000000000000000, 0.000000000000000000, -1.000000000000000000 ) ) ;
#760 = CARTESIAN_POINT ( 'NONE',  ( 22.74999999999999289, 4.000000000000000000, -20.00000000000000711 ) ) ;
#761 = AXIS2_PLACEMENT_3D ( 'NONE', #2560, #3797, #2600 ) ;
#762 = DIRECTION ( 'NONE',  ( 0.000000000000000000, 1.000000000000000000, 0.000000000000000000 ) ) ;
#763 = CARTESIAN_POINT ( 'NONE',  ( -17.49999999999991829, 25.00000000000000000, 28.41886116991583222 ) ) ;
#764 = AXIS2_PLACEMENT_3D ( 'NONE', #3024, #3854, #1381 ) ;
#765 = ADVANCED_FACE ( 'NONE', ( #3880 ), #470, .F. ) ;
#766 = DIRECTION ( 'NONE',  ( -1.000000000000000000, 0.000000000000000000, 1.156482317317871478E-16 ) ) ;
#767 = ORIENTED_EDGE ( 'NONE', *, *, #3918, .T. ) ;
#768 = ORIENTED_EDGE ( 'NONE', *, *, #213, .F. ) ;
#769 = DIRECTION ( 'NONE',  ( 1.000000000000000000, -0.000000000000000000, 0.000000000000000000 ) ) ;
#770 = LINE ( 'NONE', #2393, #22 ) ;
#771 = PLANE ( 'NONE',  #2537 ) ;
#772 = ADVANCED_FACE ( 'NONE', ( #1740, #3897 ), #3571, .T. ) ;
#773 = CARTESIAN_POINT ( 'NONE',  ( -8.000000000000000000, 17.50000000000000000, -26.49999999999991829 ) ) ;
#774 = VERTEX_POINT ( 'NONE', #1114 ) ;
#775 = FACE_BOUND ( 'NONE', #2395, .T. ) ;
#776 = AXIS2_PLACEMENT_3D ( 'NONE', #2180, #1239, #1509 ) ;
#777 = EDGE_LOOP ( 'NONE', ( #1171, #2293, #3144, #496 ) ) ;
#778 = CARTESIAN_POINT ( 'NONE',  ( 10.00000000000000000, 21.50000000000000000, -28.00000000000000000 ) ) ;
#779 = CARTESIAN_POINT ( 'NONE',  ( 22.74999999999999289, 1.500000000000000000, 15.49999999999999467 ) ) ;
#780 = ORIENTED_EDGE ( 'NONE', *, *, #791, .T. ) ;
#781 = ORIENTED_EDGE ( 'NONE', *, *, #1131, .T. ) ;
#782 = EDGE_CURVE ( 'NONE', #3480, #2641, #2089, .T. ) ;
#783 = CYLINDRICAL_SURFACE ( 'NONE', #3212, 2.499999999999998668 ) ;
#784 = FACE_OUTER_BOUND ( 'NONE', #409, .T. ) ;
#785 = ORIENTED_EDGE ( 'NONE', *, *, #2305, .F. ) ;
#786 = ORIENTED_EDGE ( 'NONE', *, *, #1322, .T. ) ;
#787 = DIRECTION ( 'NONE',  ( -1.000000000000000000, 0.000000000000000000, 0.000000000000000000 ) ) ;
#788 = CARTESIAN_POINT ( 'NONE',  ( -30.69999999999999929, 16.19999999999997442, -28.00000000000000000 ) ) ;
#789 = DIRECTION ( 'NONE',  ( 1.000000000000000000, 0.000000000000000000, 0.000000000000000000 ) ) ;
#790 = ORIENTED_EDGE ( 'NONE', *, *, #3259, .T. ) ;
#791 = EDGE_CURVE ( 'NONE', #3561, #2415, #192, .T. ) ;
#792 = CARTESIAN_POINT ( 'NONE',  ( -12.00000000000000000, 21.50000000000000000, 28.00000000000000000 ) ) ;
#793 = ORIENTED_EDGE ( 'NONE', *, *, #2225, .F. ) ;
#794 = DIRECTION ( 'NONE',  ( -0.000000000000000000, 1.000000000000000000, -0.000000000000000000 ) ) ;
#795 = LINE ( 'NONE', #2082, #940 ) ;
#796 = VERTEX_POINT ( 'NONE', #150 ) ;
#797 = CARTESIAN_POINT ( 'NONE',  ( 9.000000000000000000, 23.49999999999999645, -20.49999999999993250 ) ) ;
#798 = CARTESIAN_POINT ( 'NONE',  ( 30.79999999999999716, 16.13333333333330799, -28.00000000000000000 ) ) ;
#799 = ORIENTED_EDGE ( 'NONE', *, *, #2443, .T. ) ;
#800 = ORIENTED_EDGE ( 'NONE', *, *, #3207, .F. ) ;
#801 = AXIS2_PLACEMENT_3D ( 'NONE', #1503, #614, #3051 ) ;
#802 = ORIENTED_EDGE ( 'NONE', *, *, #2530, .F. ) ;
#803 = LINE ( 'NONE', #2071, #945 ) ;
#804 = CARTESIAN_POINT ( 'NONE',  ( -12.00000000000000000, 21.50000000000000000, 28.00000000000000000 ) ) ;
#805 = VECTOR ( 'NONE', #3237, 1000.000000000000000 ) ;
#806 = LINE ( 'NONE', #2093, #2340 ) ;
#807 = CLOSED_SHELL ( 'NONE', ( #813, #1327, #2657, #2196, #3035, #2826, #3841, #2078, #617, #3347, #3754, #1243, #2534, #2864, #247, #2279, #3014, #2782, #1127, #1624, #1423, #2155, #2729, #1864, #385, #1132, #4021, #3717, #3007, #1202, #2085, #1043, #2342, #3626, #1137, #2835, #1221, #1240, #196, #932, #3080, #1411, #1875, #1759, #2940, #3638, #3714, #3307, #1488, #463, #2863, #2754, #1602, #1298, #4018, #2003, #1556, #2679, #2466, #1039, #3136, #847 ) ) ;
#808 = EDGE_CURVE ( 'NONE', #2119, #2147, #749, .T. ) ;
#809 = CIRCLE ( 'NONE', #2126, 2.000000000000001776 ) ;
#810 = VECTOR ( 'NONE', #1603, 1000.000000000000000 ) ;
#811 = EDGE_LOOP ( 'NONE', ( #2597, #80, #2011, #195, #3072 ) ) ;
#812 = DIRECTION ( 'NONE',  ( -0.000000000000000000, 1.000000000000000000, -0.000000000000000000 ) ) ;
#813 = ADVANCED_FACE ( 'NONE', ( #2296 ), #1765, .F. ) ;
#814 = ORIENTED_EDGE ( 'NONE', *, *, #1347, .T. ) ;
#815 = VECTOR ( 'NONE', #489, 1000.000000000000000 ) ;
#816 = CARTESIAN_POINT ( 'NONE',  ( -22.75000000000000711, 4.000000000000000000, -19.99999999999999645 ) ) ;
#817 = DIRECTION ( 'NONE',  ( 0.000000000000000000, -1.000000000000000000, 0.000000000000000000 ) ) ;
#818 = DIRECTION ( 'NONE',  ( 1.000000000000000000, 0.000000000000000000, -2.312964634635742957E-16 ) ) ;
#819 = FACE_OUTER_BOUND ( 'NONE', #3331, .T. ) ;
#820 = UNCERTAINTY_MEASURE_WITH_UNIT (LENGTH_MEASURE( 1.000000000000000082E-05 ), #96, 'distance_accuracy_value', 'NONE');
#821 = VECTOR ( 'NONE', #283, 999.9999999999998863 ) ;
#822 = CARTESIAN_POINT ( 'NONE',  ( -12.00000000000000000, 23.00000000000000000, 25.00000000000000000 ) ) ;
#823 = ORIENTED_EDGE ( 'NONE', *, *, #2160, .F. ) ;
#824 = CARTESIAN_POINT ( 'NONE',  ( 7.499999999999999112, -28.00000000000000355, 7.499999999999996447 ) ) ;
#825 = VECTOR ( 'NONE', #476, 1000.000000000000000 ) ;
#826 = DIRECTION ( 'NONE',  ( 0.000000000000000000, 0.000000000000000000, -1.000000000000000000 ) ) ;
#827 = LINE ( 'NONE', #1766, #650 ) ;
#828 = VECTOR ( 'NONE', #2487, 1000.000000000000000 ) ;
#829 = CARTESIAN_POINT ( 'NONE',  ( 22.74999999999999289, 3.500000000000000000, -20.00000000000000711 ) ) ;
#830 = EDGE_CURVE ( 'NONE', #2641, #2261, #1702, .T. ) ;
#831 = AXIS2_PLACEMENT_3D ( 'NONE', #2320, #3180, #2278 ) ;
#832 = DIRECTION ( 'NONE',  ( 0.000000000000000000, 0.000000000000000000, 1.000000000000000000 ) ) ;
#833 = EDGE_CURVE ( 'NONE', #3771, #2551, #3939, .T. ) ;
#834 = EDGE_CURVE ( 'NONE', #2013, #1645, #3288, .T. ) ;
#835 = CARTESIAN_POINT ( 'NONE',  ( -22.75000000000000711, 1.500000000000000000, 20.00000000000000000 ) ) ;
#836 = ORIENTED_EDGE ( 'NONE', *, *, #2283, .F. ) ;
#837 = LINE ( 'NONE', #1262, #2570 ) ;
#838 = DIRECTION ( 'NONE',  ( 1.000000000000000000, 0.000000000000000000, 0.000000000000000000 ) ) ;
#839 = EDGE_CURVE ( 'NONE', #2672, #271, #1445, .T. ) ;
#840 = PLANE ( 'NONE',  #3235 ) ;
#841 = VECTOR ( 'NONE', #867, 1000.000000000000000 ) ;
#842 = ADVANCED_FACE ( 'NONE', ( #2370 ), #3795, .F. ) ;
#843 = CARTESIAN_POINT ( 'NONE',  ( -22.75000000000000711, 1.500000000000000000, 20.00000000000000000 ) ) ;
#844 = ORIENTED_EDGE ( 'NONE', *, *, #971, .F. ) ;
#845 = CARTESIAN_POINT ( 'NONE',  ( 8.000000000000000000, 21.50000000000000000, -28.00000000000000000 ) ) ;
#846 = LINE ( 'NONE', #1462, #1932 ) ;
#847 = ADVANCED_FACE ( 'NONE', ( #2937 ), #3609, .F. ) ;
#848 = DIRECTION ( 'NONE',  ( -1.000000000000000000, 0.000000000000000000, 0.000000000000000000 ) ) ;
#849 = FACE_OUTER_BOUND ( 'NONE', #2104, .T. ) ;
#850 = ORIENTED_EDGE ( 'NONE', *, *, #209, .T. ) ;
#851 = LINE ( 'NONE', #2436, #1008 ) ;
#852 = CARTESIAN_POINT ( 'NONE',  ( 11.37500000000001421, 21.50000000000000000, 30.00000000000000000 ) ) ;
#853 = DIRECTION ( 'NONE',  ( -1.000000000000000000, 0.000000000000000000, 1.156482317317871478E-16 ) ) ;
#854 = FACE_OUTER_BOUND ( 'NONE', #3585, .T. ) ;
#855 = ORIENTED_EDGE ( 'NONE', *, *, #2840, .T. ) ;
#856 = DIRECTION ( 'NONE',  ( 0.000000000000000000, 0.000000000000000000, -1.000000000000000000 ) ) ;
#857 = DIRECTION ( 'NONE',  ( 0.5547001962252282592, 0.8320502943378443872, -0.000000000000000000 ) ) ;
#858 = CARTESIAN_POINT ( 'NONE',  ( 12.00000000000000000, 23.00000000000000000, 25.00000000000000000 ) ) ;
#859 = ORIENTED_EDGE ( 'NONE', *, *, #2890, .F. ) ;
#860 = DIRECTION ( 'NONE',  ( -1.000000000000000000, 0.000000000000000000, 0.000000000000000000 ) ) ;
#861 = CARTESIAN_POINT ( 'NONE',  ( -7.499999999999999112, -28.00000000000000355, -7.500000000000000000 ) ) ;
#862 = ORIENTED_EDGE ( 'NONE', *, *, #1886, .F. ) ;
#863 = EDGE_CURVE ( 'NONE', #3962, #530, #1382, .T. ) ;
#864 = EDGE_LOOP ( 'NONE', ( #1393, #1320, #309, #1924 ) ) ;
#865 = DIRECTION ( 'NONE',  ( -1.734723475976807094E-16, -0.000000000000000000, -1.000000000000000000 ) ) ;
#866 = CARTESIAN_POINT ( 'NONE',  ( 22.74999999999999289, 4.000000000000000000, 19.99999999999999289 ) ) ;
#867 = DIRECTION ( 'NONE',  ( 0.000000000000000000, 0.000000000000000000, -1.000000000000000000 ) ) ;
#868 = VECTOR ( 'NONE', #3053, 1000.000000000000000 ) ;
#869 = AXIS2_PLACEMENT_3D ( 'NONE', #1722, #2898, #423 ) ;
#870 = AXIS2_PLACEMENT_3D ( 'NONE', #1256, #910, #2741 ) ;
#871 = DIRECTION ( 'NONE',  ( 0.000000000000000000, 1.000000000000000000, -0.000000000000000000 ) ) ;
#872 = AXIS2_PLACEMENT_3D ( 'NONE', #641, #27, #350 ) ;
#873 = VECTOR ( 'NONE', #328, 1000.000000000000000 ) ;
#874 = ORIENTED_EDGE ( 'NONE', *, *, #2847, .F. ) ;
#875 = CARTESIAN_POINT ( 'NONE',  ( 17.49999999999999645, 25.00000000000000000, 30.00000000000000000 ) ) ;
#876 = LINE ( 'NONE', #2716, #892 ) ;
#877 = EDGE_CURVE ( 'NONE', #1913, #774, #770, .T. ) ;
#878 = DIRECTION ( 'NONE',  ( -0.000000000000000000, 1.000000000000000000, -0.000000000000000000 ) ) ;
#879 = ORIENTED_EDGE ( 'NONE', *, *, #384, .T. ) ;
#880 = LINE ( 'NONE', #3367, #3535 ) ;
#881 = LINE ( 'NONE', #902, #420 ) ;
#882 = EDGE_CURVE ( 'NONE', #2805, #2062, #3346, .T. ) ;
#883 = CIRCLE ( 'NONE', #1209, 1.100000000000000311 ) ;
#884 = EDGE_CURVE ( 'NONE', #679, #1956, #1820, .T. ) ;
#885 = ORIENTED_EDGE ( 'NONE', *, *, #971, .T. ) ;
#886 = ORIENTED_EDGE ( 'NONE', *, *, #3789, .T. ) ;
#887 = CIRCLE ( 'NONE', #3229, 4.499999999999999112 ) ;
#888 = DIRECTION ( 'NONE',  ( 0.000000000000000000, -1.000000000000000000, 0.000000000000000000 ) ) ;
#889 = LINE ( 'NONE', #3371, #1481 ) ;
#890 = FACE_BOUND ( 'NONE', #511, .T. ) ;
#891 = DIRECTION ( 'NONE',  ( 0.000000000000000000, 1.000000000000000000, 0.000000000000000000 ) ) ;
#892 = VECTOR ( 'NONE', #2442, 1000.000000000000000 ) ;
#893 = AXIS2_PLACEMENT_3D ( 'NONE', #1845, #654, #1912 ) ;
#894 = EDGE_CURVE ( 'NONE', #3630, #2739, #2778, .T. ) ;
#895 = FACE_OUTER_BOUND ( 'NONE', #201, .T. ) ;
#896 = ORIENTED_EDGE ( 'NONE', *, *, #2413, .F. ) ;
#897 = FACE_OUTER_BOUND ( 'NONE', #1629, .T. ) ;
#898 = VERTEX_POINT ( 'NONE', #3110 ) ;
#899 = CARTESIAN_POINT ( 'NONE',  ( -7.499999999999998224, 25.00000000000000000, 6.000000000000001776 ) ) ;
#900 = ORIENTED_EDGE ( 'NONE', *, *, #3877, .T. ) ;
#901 = DIRECTION ( 'NONE',  ( -1.734723475976807094E-16, -0.000000000000000000, -1.000000000000000000 ) ) ;
#902 = CARTESIAN_POINT ( 'NONE',  ( -17.49999999999995381, 25.00000000000000000, 30.00000000000000355 ) ) ;
#903 = LINE ( 'NONE', #3128, #3800 ) ;
#904 = VECTOR ( 'NONE', #558, 1000.000000000000000 ) ;
#905 = ORIENTED_EDGE ( 'NONE', *, *, #2280, .F. ) ;
#906 = AXIS2_PLACEMENT_3D ( 'NONE', #2198, #1903, #3349 ) ;
#907 = VERTEX_POINT ( 'NONE', #4011 ) ;
#908 = ORIENTED_EDGE ( 'NONE', *, *, #1024, .F. ) ;
#909 = ORIENTED_EDGE ( 'NONE', *, *, #830, .T. ) ;
#910 = DIRECTION ( 'NONE',  ( -0.000000000000000000, -0.000000000000000000, -1.000000000000000000 ) ) ;
#911 = CARTESIAN_POINT ( 'NONE',  ( -12.00000000000000000, 20.24999999999997868, -23.74999999999996803 ) ) ;
#912 = DIRECTION ( 'NONE',  ( -1.000000000000000000, 0.000000000000000000, 0.000000000000000000 ) ) ;
#913 = PLANE ( 'NONE',  #1282 ) ;
#914 = EDGE_CURVE ( 'NONE', #2119, #236, #3164, .T. ) ;
#915 = LINE ( 'NONE', #3119, #3301 ) ;
#916 = EDGE_CURVE ( 'NONE', #2636, #1904, #2189, .T. ) ;
#917 = VERTEX_POINT ( 'NONE', #2797 ) ;
#918 = CARTESIAN_POINT ( 'NONE',  ( 10.18079002116965981, 43.00000000000000000, -30.54237006350907180 ) ) ;
#919 = ORIENTED_EDGE ( 'NONE', *, *, #935, .F. ) ;
#920 = CYLINDRICAL_SURFACE ( 'NONE', #2706, 0.9999999999999991118 ) ;
#921 = EDGE_LOOP ( 'NONE', ( #2681, #1573, #2603, #3224 ) ) ;
#922 = DIRECTION ( 'NONE',  ( -1.000000000000000000, 0.000000000000000000, 0.000000000000000000 ) ) ;
#923 =( LENGTH_UNIT ( ) NAMED_UNIT ( * ) SI_UNIT ( .MILLI., .METRE. ) );
#924 = ORIENTED_EDGE ( 'NONE', *, *, #3500, .T. ) ;
#925 = ORIENTED_EDGE ( 'NONE', *, *, #123, .T. ) ;
#926 = ORIENTED_EDGE ( 'NONE', *, *, #37, .T. ) ;
#927 = ORIENTED_EDGE ( 'NONE', *, *, #505, .F. ) ;
#928 = LINE ( 'NONE', #3073, #1338 ) ;
#929 = CARTESIAN_POINT ( 'NONE',  ( -22.75000000000000711, 3.500000000000000000, -19.99999999999999645 ) ) ;
#930 = CARTESIAN_POINT ( 'NONE',  ( 10.00000000000000355, 21.50000000000000000, -28.49999999999999645 ) ) ;
#931 = DIRECTION ( 'NONE',  ( 0.000000000000000000, 0.000000000000000000, -1.000000000000000000 ) ) ;
#932 = ADVANCED_FACE ( 'NONE', ( #3184, #301 ), #323, .F. ) ;
#933 = AXIS2_PLACEMENT_3D ( 'NONE', #3991, #2412, #2490 ) ;
#934 = CARTESIAN_POINT ( 'NONE',  ( -22.75000000000000711, 4.000000000000000000, 22.50000000000000000 ) ) ;
#935 = EDGE_CURVE ( 'NONE', #1715, #954, #3721, .T. ) ;
#936 = EDGE_CURVE ( 'NONE', #3771, #1745, #968, .T. ) ;
#937 = ORIENTED_EDGE ( 'NONE', *, *, #674, .T. ) ;
#938 = CYLINDRICAL_SURFACE ( 'NONE', #3042, 1.499999999999994449 ) ;
#939 = CARTESIAN_POINT ( 'NONE',  ( -30.69999999999999929, 14.19999999999997442, -28.00000000000000000 ) ) ;
#940 = VECTOR ( 'NONE', #3892, 1000.000000000000000 ) ;
#941 = CIRCLE ( 'NONE', #870, 2.000000000000000000 ) ;
#942 = VERTEX_POINT ( 'NONE', #3422 ) ;
#943 = DIRECTION ( 'NONE',  ( -1.000000000000000000, 0.000000000000000000, 0.000000000000000000 ) ) ;
#944 = ORIENTED_EDGE ( 'NONE', *, *, #2042, .T. ) ;
#945 = VECTOR ( 'NONE', #1537, 1000.000000000000114 ) ;
#946 = DIRECTION ( 'NONE',  ( 0.000000000000000000, -1.000000000000000000, 0.000000000000000000 ) ) ;
#947 = CARTESIAN_POINT ( 'NONE',  ( -17.49999999999995381, 25.00000000000000000, -28.00000000000000000 ) ) ;
#948 = CARTESIAN_POINT ( 'NONE',  ( 22.74999999999999289, 3.500000000000000000, 22.49999999999999289 ) ) ;
#949 = EDGE_CURVE ( 'NONE', #4007, #3890, #1587, .T. ) ;
#950 = ORIENTED_EDGE ( 'NONE', *, *, #1441, .F. ) ;
#951 = ORIENTED_EDGE ( 'NONE', *, *, #936, .T. ) ;
#952 = ORIENTED_EDGE ( 'NONE', *, *, #53, .T. ) ;
#953 = ORIENTED_EDGE ( 'NONE', *, *, #2695, .F. ) ;
#954 = VERTEX_POINT ( 'NONE', #1958 ) ;
#955 = AXIS2_PLACEMENT_3D ( 'NONE', #3060, #3134, #3711 ) ;
#956 = DIRECTION ( 'NONE',  ( 0.000000000000000000, 0.000000000000000000, 1.000000000000000000 ) ) ;
#957 = CARTESIAN_POINT ( 'NONE',  ( 7.500000000000001776, 25.00000000000000000, 8.999999999999991118 ) ) ;
#958 = LINE ( 'NONE', #15, #488 ) ;
#959 = CIRCLE ( 'NONE', #3423, 1.374999999999999556 ) ;
#960 = EDGE_CURVE ( 'NONE', #1232, #907, #3279, .T. ) ;
#961 = CARTESIAN_POINT ( 'NONE',  ( 8.625000000000014211, 21.50000000000000000, 33.00000000000000000 ) ) ;
#962 = AXIS2_PLACEMENT_3D ( 'NONE', #3701, #2818, #3141 ) ;
#963 = CARTESIAN_POINT ( 'NONE',  ( -22.75000000000000711, 4.000000000000000000, 20.00000000000000000 ) ) ;
#964 = VERTEX_POINT ( 'NONE', #3446 ) ;
#965 = DIRECTION ( 'NONE',  ( 1.000000000000000000, 0.000000000000000000, -2.312964634635742957E-16 ) ) ;
#966 = ADVANCED_FACE ( 'NONE', ( #1245 ), #2830, .F. ) ;
#967 = FACE_OUTER_BOUND ( 'NONE', #1608, .T. ) ;
#968 = LINE ( 'NONE', #4025, #2004 ) ;
#969 = EDGE_LOOP ( 'NONE', ( #2757, #591, #2360, #1698 ) ) ;
#970 = ORIENTED_EDGE ( 'NONE', *, *, #141, .F. ) ;
#971 = EDGE_CURVE ( 'NONE', #3098, #3319, #3152, .T. ) ;
#972 = DIRECTION ( 'NONE',  ( -1.000000000000000000, 0.000000000000000000, 0.000000000000000000 ) ) ;
#973 = CARTESIAN_POINT ( 'NONE',  ( -11.00000000000000000, 23.49999999999999645, 20.49999999999993250 ) ) ;
#974 = EDGE_CURVE ( 'NONE', #2571, #271, #1915, .T. ) ;
#975 = ORIENTED_EDGE ( 'NONE', *, *, #1157, .F. ) ;
#976 = ORIENTED_EDGE ( 'NONE', *, *, #2707, .T. ) ;
#977 = ORIENTED_EDGE ( 'NONE', *, *, #935, .T. ) ;
#978 = EDGE_LOOP ( 'NONE', ( #3067, #2230, #453, #2445 ) ) ;
#979 = ORIENTED_EDGE ( 'NONE', *, *, #2079, .F. ) ;
#980 = EDGE_CURVE ( 'NONE', #402, #127, #2488, .T. ) ;
#981 = DIRECTION ( 'NONE',  ( -1.000000000000000000, 0.000000000000000000, 0.000000000000000000 ) ) ;
#982 = CARTESIAN_POINT ( 'NONE',  ( 0.000000000000000000, 1.500000000000001332, -28.49999999999999645 ) ) ;
#983 = COLOUR_RGB ( '',0.7921568627450980005, 0.8196078431372548767, 0.9333333333333333481 ) ;
#984 = AXIS2_PLACEMENT_3D ( 'NONE', #861, #571, #3087 ) ;
#985 = CARTESIAN_POINT ( 'NONE',  ( -7.499999999999998224, 23.00000000000000000, -8.999999999999998224 ) ) ;
#986 = ORIENTED_EDGE ( 'NONE', *, *, #2574, .T. ) ;
#987 = FACE_OUTER_BOUND ( 'NONE', #2168, .T. ) ;
#988 = DIRECTION ( 'NONE',  ( 0.000000000000000000, 0.7071067811865437980, -0.7071067811865512365 ) ) ;
#989 = ORIENTED_EDGE ( 'NONE', *, *, #3430, .F. ) ;
#990 = DIRECTION ( 'NONE',  ( 0.000000000000000000, 0.000000000000000000, -1.000000000000000000 ) ) ;
#991 = EDGE_CURVE ( 'NONE', #2477, #2905, #633, .T. ) ;
#992 = EDGE_LOOP ( 'NONE', ( #2456, #879, #1370, #953 ) ) ;
#993 = EDGE_LOOP ( 'NONE', ( #2254, #585, #925, #1340 ) ) ;
#994 = ORIENTED_EDGE ( 'NONE', *, *, #834, .T. ) ;
#995 = PLANE ( 'NONE',  #1996 ) ;
#996 = FACE_OUTER_BOUND ( 'NONE', #313, .T. ) ;
#997 = DIRECTION ( 'NONE',  ( -1.000000000000000000, 0.000000000000000000, 0.000000000000000000 ) ) ;
#998 = LINE ( 'NONE', #2561, #1107 ) ;
#999 = EDGE_CURVE ( 'NONE', #1718, #3027, #2866, .T. ) ;
#1000 = CARTESIAN_POINT ( 'NONE',  ( 0.000000000000000000, 1.500000000000000000, 0.000000000000000000 ) ) ;
#1001 = EDGE_LOOP ( 'NONE', ( #3173, #2676, #667, #2057, #1945, #3952 ) ) ;
#1002 = FACE_OUTER_BOUND ( 'NONE', #2214, .T. ) ;
#1003 = VECTOR ( 'NONE', #1026, 1000.000000000000000 ) ;
#1004 = ORIENTED_EDGE ( 'NONE', *, *, #3507, .T. ) ;
#1005 = DIRECTION ( 'NONE',  ( 1.000000000000000000, 0.000000000000000000, -0.000000000000000000 ) ) ;
#1006 = LINE ( 'NONE', #1963, #2836 ) ;
#1007 = VECTOR ( 'NONE', #2473, 1000.000000000000114 ) ;
#1008 = VECTOR ( 'NONE', #2787, 1000.000000000000000 ) ;
#1009 = AXIS2_PLACEMENT_3D ( 'NONE', #1498, #543, #3624 ) ;
#1010 = CIRCLE ( 'NONE', #3284, 1.374999999999999556 ) ;
#1011 = ORIENTED_EDGE ( 'NONE', *, *, #3849, .T. ) ;
#1012 = ORIENTED_EDGE ( 'NONE', *, *, #1211, .T. ) ;
#1013 = ORIENTED_EDGE ( 'NONE', *, *, #3770, .F. ) ;
#1014 = DIRECTION ( 'NONE',  ( 1.000000000000000000, 0.000000000000000000, 0.000000000000000000 ) ) ;
#1015 = DIRECTION ( 'NONE',  ( 1.000000000000000000, 0.000000000000000000, -1.156482317317871478E-16 ) ) ;
#1016 = CARTESIAN_POINT ( 'NONE',  ( 9.000000000000001776, 21.50000000000000000, -22.49999999999995026 ) ) ;
#1017 = EDGE_LOOP ( 'NONE', ( #434, #393, #3852, #2190 ) ) ;
#1018 = ORIENTED_EDGE ( 'NONE', *, *, #3348, .F. ) ;
#1019 = ADVANCED_FACE ( 'NONE', ( #2248 ), #84, .F. ) ;
#1020 = PLANE ( 'NONE',  #2019 ) ;
#1021 = AXIS2_PLACEMENT_3D ( 'NONE', #3925, #3643, #1146 ) ;
#1022 = ORIENTED_EDGE ( 'NONE', *, *, #718, .T. ) ;
#1023 = VECTOR ( 'NONE', #154, 1000.000000000000000 ) ;
#1024 = EDGE_CURVE ( 'NONE', #1639, #743, #1067, .T. ) ;
#1025 = CARTESIAN_POINT ( 'NONE',  ( -17.25658350974741140, 25.00000000000000000, 28.49999999999999645 ) ) ;
#1026 = DIRECTION ( 'NONE',  ( 0.000000000000000000, 0.000000000000000000, -1.000000000000000000 ) ) ;
#1027 = VERTEX_POINT ( 'NONE', #607 ) ;
#1028 = LINE ( 'NONE', #1962, #2964 ) ;
#1029 = CARTESIAN_POINT ( 'NONE',  ( 29.52199287226402902, 14.98533808515729504, 24.09530244647764974 ) ) ;
#1030 = LINE ( 'NONE', #1376, #1885 ) ;
#1031 = AXIS2_PLACEMENT_3D ( 'NONE', #3160, #361, #2146 ) ;
#1032 = FACE_OUTER_BOUND ( 'NONE', #1400, .T. ) ;
#1033 = EDGE_LOOP ( 'NONE', ( #211, #206, #1984, #2251 ) ) ;
#1034 = CARTESIAN_POINT ( 'NONE',  ( 31.00000000000000000, 15.99999999999993783, -5.967231557290592292 ) ) ;
#1035 = CARTESIAN_POINT ( 'NONE',  ( -7.499999999999998224, -28.00000000000000355, -6.000000000000008882 ) ) ;
#1036 = DIRECTION ( 'NONE',  ( 0.000000000000000000, 0.000000000000000000, -1.000000000000000000 ) ) ;
#1037 = CARTESIAN_POINT ( 'NONE',  ( 11.00000000000000000, 21.50000000000000000, 22.49999999999996447 ) ) ;
#1038 = MANIFOLD_SOLID_BREP ( 'Cut-Extrude3[2]', #3217 ) ;
#1039 = ADVANCED_FACE ( 'NONE', ( #445 ), #701, .F. ) ;
#1040 = ORIENTED_EDGE ( 'NONE', *, *, #2890, .T. ) ;
#1041 = AXIS2_PLACEMENT_3D ( 'NONE', #1644, #2259, #2879 ) ;
#1042 = CARTESIAN_POINT ( 'NONE',  ( -7.499999999999998224, 25.00000000000000000, -16.49999999999999645 ) ) ;
#1043 = ADVANCED_FACE ( 'NONE', ( #2325 ), #3261, .T. ) ;
#1044 = ORIENTED_EDGE ( 'NONE', *, *, #3836, .F. ) ;
#1045 = DIRECTION ( 'NONE',  ( 1.000000000000000000, 0.000000000000000000, 0.000000000000000000 ) ) ;
#1046 = SURFACE_STYLE_USAGE ( .BOTH. , #3823 ) ;
#1047 = EDGE_CURVE ( 'NONE', #3417, #1824, #36, .T. ) ;
#1048 = LINE ( 'NONE', #2610, #2250 ) ;
#1049 = CARTESIAN_POINT ( 'NONE',  ( 32.36410058867565454, 15.09059960754949081, 3.999999999999999112 ) ) ;
#1050 = FACE_OUTER_BOUND ( 'NONE', #3064, .T. ) ;
#1051 = EDGE_LOOP ( 'NONE', ( #676, #3628, #1974, #977 ) ) ;
#1052 = CARTESIAN_POINT ( 'NONE',  ( -22.75000000000000711, 3.500000000000000000, 20.00000000000000000 ) ) ;
#1053 = EDGE_LOOP ( 'NONE', ( #919, #1908, #1680, #1319 ) ) ;
#1054 = ORIENTED_EDGE ( 'NONE', *, *, #1747, .T. ) ;
#1055 = FACE_OUTER_BOUND ( 'NONE', #1571, .T. ) ;
#1056 = DIRECTION ( 'NONE',  ( -0.8320502943378418337, 0.5547001962252319229, 0.000000000000000000 ) ) ;
#1057 = DIRECTION ( 'NONE',  ( -0.000000000000000000, -1.000000000000000000, -0.000000000000000000 ) ) ;
#1058 = CARTESIAN_POINT ( 'NONE',  ( -7.499999999999998224, -28.00000000000000355, -1.499999999999997780 ) ) ;
#1059 = ADVANCED_FACE ( 'NONE', ( #2671 ), #723, .F. ) ;
#1060 = FACE_OUTER_BOUND ( 'NONE', #2209, .T. ) ;
#1061 = ORIENTED_EDGE ( 'NONE', *, *, #3913, .T. ) ;
#1062 = DIRECTION ( 'NONE',  ( 0.000000000000000000, -1.000000000000000000, 0.000000000000000000 ) ) ;
#1063 = FILL_AREA_STYLE ('',( #3101 ) ) ;
#1064 = CARTESIAN_POINT ( 'NONE',  ( -7.499999999999998224, -28.00000000000000355, 8.999999999999991118 ) ) ;
#1065 = DIRECTION ( 'NONE',  ( 0.000000000000000000, 1.000000000000000000, 0.000000000000000000 ) ) ;
#1066 = FACE_OUTER_BOUND ( 'NONE', #1299, .T. ) ;
#1067 =( BOUNDED_CURVE ( )  B_SPLINE_CURVE ( 3, ( #387, #1651, #1332, #3806 ),
 .UNSPECIFIED., .F., .F. ) 
 B_SPLINE_CURVE_WITH_KNOTS ( ( 4, 4 ),
 ( 4.712388980384689674, 7.853981633974482790 ),
 .UNSPECIFIED. ) 
 CURVE ( )  GEOMETRIC_REPRESENTATION_ITEM ( )  RATIONAL_B_SPLINE_CURVE ( ( 1.000000000000000000, 0.3333333333333333703, 0.3333333333333333703, 1.000000000000000000 ) ) 
 REPRESENTATION_ITEM ( '' )  );
#1068 = MECHANICAL_DESIGN_GEOMETRIC_PRESENTATION_REPRESENTATION (  '', ( #1929 ), #1082 ) ;
#1069 = VERTEX_POINT ( 'NONE', #3906 ) ;
#1070 = ORIENTED_EDGE ( 'NONE', *, *, #337, .T. ) ;
#1071 = DIRECTION ( 'NONE',  ( -1.000000000000000000, 0.000000000000000000, 2.312964634635742957E-16 ) ) ;
#1072 = VERTEX_POINT ( 'NONE', #2018 ) ;
#1073 = ORIENTED_EDGE ( 'NONE', *, *, #2164, .F. ) ;
#1074 = VECTOR ( 'NONE', #2195, 1000.000000000000000 ) ;
#1075 = VECTOR ( 'NONE', #888, 1000.000000000000000 ) ;
#1076 = LINE ( 'NONE', #77, #682 ) ;
#1077 = EDGE_CURVE ( 'NONE', #3644, #1593, #3243, .T. ) ;
#1078 = DIRECTION ( 'NONE',  ( 0.000000000000000000, 1.000000000000000000, 0.000000000000000000 ) ) ;
#1079 = DIRECTION ( 'NONE',  ( 0.000000000000000000, 0.000000000000000000, 1.000000000000000000 ) ) ;
#1080 = CYLINDRICAL_SURFACE ( 'NONE', #3315, 1.999999999999994671 ) ;
#1081 = VECTOR ( 'NONE', #706, 1000.000000000000000 ) ;
#1082 =( GEOMETRIC_REPRESENTATION_CONTEXT ( 3 ) GLOBAL_UNCERTAINTY_ASSIGNED_CONTEXT ( ( #3339 ) ) GLOBAL_UNIT_ASSIGNED_CONTEXT ( ( #1995, #2609, #164 ) ) REPRESENTATION_CONTEXT ( 'NONE', 'WORKASPACE' ) );
#1083 = DIRECTION ( 'NONE',  ( 0.5547001962252317009, 0.8320502943378419447, -0.000000000000000000 ) ) ;
#1084 = CARTESIAN_POINT ( 'NONE',  ( -8.000000000000000000, 21.50000000000000000, -22.49999999999996447 ) ) ;
#1085 = ORIENTED_EDGE ( 'NONE', *, *, #2934, .T. ) ;
#1086 = CIRCLE ( 'NONE', #1021, 2.499999999999998668 ) ;
#1087 = DIRECTION ( 'NONE',  ( 0.000000000000000000, 0.7071067811865439090, -0.7071067811865512365 ) ) ;
#1088 = DIRECTION ( 'NONE',  ( -0.000000000000000000, -1.000000000000000000, -0.000000000000000000 ) ) ;
#1089 = ADVANCED_FACE ( 'NONE', ( #3563 ), #2170, .F. ) ;
#1090 = VECTOR ( 'NONE', #1682, 1000.000000000000000 ) ;
#1091 = EDGE_LOOP ( 'NONE', ( #1453, #1633, #2046, #2508 ) ) ;
#1092 = CARTESIAN_POINT ( 'NONE',  ( -7.499999999999999112, 25.00000000000000000, -7.500000000000000000 ) ) ;
#1093 = PLANE ( 'NONE',  #3094 ) ;
#1094 = VECTOR ( 'NONE', #3941, 1000.000000000000000 ) ;
#1095 = DIRECTION ( 'NONE',  ( 0.000000000000000000, -0.000000000000000000, -1.000000000000000000 ) ) ;
#1096 = VERTEX_POINT ( 'NONE', #2139 ) ;
#1097 = ORIENTED_EDGE ( 'NONE', *, *, #120, .F. ) ;
#1098 = CARTESIAN_POINT ( 'NONE',  ( -10.00000000000000000, 21.50000000000000000, 25.00000000000000000 ) ) ;
#1099 = PLANE ( 'NONE',  #2401 ) ;
#1100 = EDGE_LOOP ( 'NONE', ( #2996, #2971, #1448, #2414 ) ) ;
#1101 = EDGE_CURVE ( 'NONE', #2540, #90, #3345, .T. ) ;
#1102 = CARTESIAN_POINT ( 'NONE',  ( 10.00000000000000000, 21.50000000000000000, 28.00000000000000000 ) ) ;
#1103 = CARTESIAN_POINT ( 'NONE',  ( 31.00000000000000000, 1.500000000000001332, 0.000000000000000000 ) ) ;
#1104 = DIRECTION ( 'NONE',  ( -0.000000000000000000, 1.000000000000000000, -0.000000000000000000 ) ) ;
#1105 = VERTEX_POINT ( 'NONE', #327 ) ;
#1106 = VECTOR ( 'NONE', #2205, 1000.000000000000000 ) ;
#1107 = VECTOR ( 'NONE', #3856, 1000.000000000000000 ) ;
#1108 = EDGE_LOOP ( 'NONE', ( #1431, #3786, #2457, #3013 ) ) ;
#1109 = DIRECTION ( 'NONE',  ( 0.000000000000000000, 1.000000000000000000, 0.000000000000000000 ) ) ;
#1110 = CARTESIAN_POINT ( 'NONE',  ( -10.00000000000000000, 21.50000000000000000, -25.00000000000000000 ) ) ;
#1111 = DIRECTION ( 'NONE',  ( -1.000000000000000000, 0.000000000000000000, 0.000000000000000000 ) ) ;
#1112 = VERTEX_POINT ( 'NONE', #2775 ) ;
#1113 = CARTESIAN_POINT ( 'NONE',  ( 8.000000000000000000, 23.00000000000000000, 25.00000000000000000 ) ) ;
#1114 = CARTESIAN_POINT ( 'NONE',  ( -7.499999999999996447, 25.00000000000000000, 8.999999999999994671 ) ) ;
#1115 = EDGE_CURVE ( 'NONE', #2558, #3492, #2130, .T. ) ;
#1116 = CARTESIAN_POINT ( 'NONE',  ( 11.00000000000000000, 21.50000000000000000, -28.00000000000000000 ) ) ;
#1117 = VERTEX_POINT ( 'NONE', #1248 ) ;
#1118 = CARTESIAN_POINT ( 'NONE',  ( -9.000000000000001776, 21.50000000000000000, 22.49999999999995026 ) ) ;
#1119 = CARTESIAN_POINT ( 'NONE',  ( 31.00000000000000000, 15.99999999999993783, -5.967231557290592292 ) ) ;
#1120 = EDGE_LOOP ( 'NONE', ( #536, #1664 ) ) ;
#1121 = EDGE_CURVE ( 'NONE', #2200, #223, #2687, .T. ) ;
#1122 = DIRECTION ( 'NONE',  ( 0.000000000000000000, 1.000000000000000000, 0.000000000000000000 ) ) ;
#1123 = ORIENTED_EDGE ( 'NONE', *, *, #1237, .T. ) ;
#1124 = LINE ( 'NONE', #2989, #3604 ) ;
#1125 = CARTESIAN_POINT ( 'NONE',  ( 8.000000000000000000, 23.00000000000000000, -25.00000000000000000 ) ) ;
#1126 = ORIENTED_EDGE ( 'NONE', *, *, #1177, .F. ) ;
#1127 = ADVANCED_FACE ( 'NONE', ( #25 ), #2428, .T. ) ;
#1128 = CARTESIAN_POINT ( 'NONE',  ( -17.49999999999995381, 23.00000000000000355, -28.00000000000000000 ) ) ;
#1129 = DIRECTION ( 'NONE',  ( -0.8320502943378429439, 0.5547001962252301466, 0.000000000000000000 ) ) ;
#1130 = AXIS2_PLACEMENT_3D ( 'NONE', #3176, #1345, #3495 ) ;
#1131 = EDGE_CURVE ( 'NONE', #375, #1117, #1564, .T. ) ;
#1132 = ADVANCED_FACE ( 'NONE', ( #3645 ), #2120, .F. ) ;
#1133 = DIRECTION ( 'NONE',  ( -1.000000000000000000, -0.000000000000000000, 2.312964634635742957E-16 ) ) ;
#1134 = DIRECTION ( 'NONE',  ( -0.3162277660168371640, 0.000000000000000000, -0.9486832980505141011 ) ) ;
#1135 = VECTOR ( 'NONE', #1095, 1000.000000000000000 ) ;
#1136 = CARTESIAN_POINT ( 'NONE',  ( -9.999999999999996447, 21.50000000000000000, -28.49999999999999645 ) ) ;
#1137 = ADVANCED_FACE ( 'NONE', ( #3684 ), #3382, .F. ) ;
#1138 = CIRCLE ( 'NONE', #3412, 0.9999999999999991118 ) ;
#1139 = CARTESIAN_POINT ( 'NONE',  ( 8.000000000000000000, 21.50000000000000000, -22.49999999999995026 ) ) ;
#1140 = ADVANCED_FACE ( 'NONE', ( #2736 ), #3427, .F. ) ;
#1141 = ORIENTED_EDGE ( 'NONE', *, *, #3436, .T. ) ;
#1142 = AXIS2_PLACEMENT_3D ( 'NONE', #2812, #3741, #2526 ) ;
#1143 = DIRECTION ( 'NONE',  ( 0.000000000000000000, 0.000000000000000000, -1.000000000000000000 ) ) ;
#1144 = DIRECTION ( 'NONE',  ( 0.000000000000000000, -0.000000000000000000, -1.000000000000000000 ) ) ;
#1145 = AXIS2_PLACEMENT_3D ( 'NONE', #1622, #2896, #1056 ) ;
#1146 = DIRECTION ( 'NONE',  ( 0.000000000000000000, 0.000000000000000000, 1.000000000000000000 ) ) ;
#1147 = VERTEX_POINT ( 'NONE', #639 ) ;
#1148 = PLANE ( 'NONE',  #537 ) ;
#1149 = CIRCLE ( 'NONE', #2981, 2.000000000000000000 ) ;
#1150 = CARTESIAN_POINT ( 'NONE',  ( -17.49999999999995381, 25.00000000000000000, -28.00000000000000000 ) ) ;
#1151 = EDGE_LOOP ( 'NONE', ( #122, #1011 ) ) ;
#1152 = EDGE_LOOP ( 'NONE', ( #1922, #2221, #248, #3377 ) ) ;
#1153 = AXIS2_PLACEMENT_3D ( 'NONE', #1363, #1304, #3530 ) ;
#1154 = DIRECTION ( 'NONE',  ( 0.000000000000000000, -0.000000000000000000, 1.000000000000000000 ) ) ;
#1155 = VECTOR ( 'NONE', #3063, 1000.000000000000114 ) ;
#1156 = CARTESIAN_POINT ( 'NONE',  ( -31.00000000000000000, 1.500000000000001332, 0.000000000000000000 ) ) ;
#1157 = EDGE_CURVE ( 'NONE', #305, #2200, #880, .T. ) ;
#1158 = ORIENTED_EDGE ( 'NONE', *, *, #914, .T. ) ;
#1159 = DIRECTION ( 'NONE',  ( 0.000000000000000000, 0.000000000000000000, 1.000000000000000000 ) ) ;
#1160 = ORIENTED_EDGE ( 'NONE', *, *, #3660, .F. ) ;
#1161 = CARTESIAN_POINT ( 'NONE',  ( 12.00000000000000000, 21.50000000000000000, 22.49999999999996447 ) ) ;
#1162 =( BOUNDED_CURVE ( )  B_SPLINE_CURVE ( 3, ( #3303, #3004, #202, #1456 ),
 .UNSPECIFIED., .F., .F. ) 
 B_SPLINE_CURVE_WITH_KNOTS ( ( 4, 4 ),
 ( 4.124386376837117396, 4.712388980384677239 ),
 .UNSPECIFIED. ) 
 CURVE ( )  GEOMETRIC_REPRESENTATION_ITEM ( )  RATIONAL_B_SPLINE_CURVE ( ( 1.000000000000000000, 0.9713946843260359287, 0.9713946843260359287, 1.000000000000000000 ) ) 
 REPRESENTATION_ITEM ( '' )  );
#1163 = DIRECTION ( 'NONE',  ( -1.000000000000000000, 0.000000000000000000, 1.156482317317871478E-16 ) ) ;
#1164 = AXIS2_PLACEMENT_3D ( 'NONE', #3252, #3898, #848 ) ;
#1165 = APPLICATION_CONTEXT ( 'automotive_design' ) ;
#1166 = FACE_OUTER_BOUND ( 'NONE', #1179, .T. ) ;
#1167 = ORIENTED_EDGE ( 'NONE', *, *, #1543, .F. ) ;
#1168 = VECTOR ( 'NONE', #3629, 1000.000000000000227 ) ;
#1169 = FACE_OUTER_BOUND ( 'NONE', #2708, .T. ) ;
#1170 = DIRECTION ( 'NONE',  ( 0.9486832980505141011, -0.000000000000000000, -0.3162277660168372195 ) ) ;
#1171 = ORIENTED_EDGE ( 'NONE', *, *, #2283, .T. ) ;
#1172 = VERTEX_POINT ( 'NONE', #1876 ) ;
#1173 = ORIENTED_EDGE ( 'NONE', *, *, #2817, .T. ) ;
#1174 = ORIENTED_EDGE ( 'NONE', *, *, #3017, .T. ) ;
#1175 = DIRECTION ( 'NONE',  ( -0.8017837257372737447, -0.5345224838248479049, -0.2672612419124241190 ) ) ;
#1176 = CARTESIAN_POINT ( 'NONE',  ( 22.74999999999999289, 4.000000000000000000, -20.00000000000000711 ) ) ;
#1177 = EDGE_CURVE ( 'NONE', #2381, #1105, #2448, .T. ) ;
#1178 = CARTESIAN_POINT ( 'NONE',  ( -8.000000000000000000, 20.99999999999998579, -22.99999999999996803 ) ) ;
#1179 = EDGE_LOOP ( 'NONE', ( #3737, #1858, #1054, #1044, #3926, #2049, #1399, #1704, #1251, #515 ) ) ;
#1180 = FACE_OUTER_BOUND ( 'NONE', #698, .T. ) ;
#1181 = CARTESIAN_POINT ( 'NONE',  ( -31.00000000000000000, 15.99999999999996980, 23.91886116991581090 ) ) ;
#1182 = ORIENTED_EDGE ( 'NONE', *, *, #601, .F. ) ;
#1183 = CARTESIAN_POINT ( 'NONE',  ( 10.00000000000000000, 21.50000000000000000, 25.00000000000000000 ) ) ;
#1184 = ORIENTED_EDGE ( 'NONE', *, *, #3129, .F. ) ;
#1185 = CARTESIAN_POINT ( 'NONE',  ( -7.499999999999998224, 23.00000000000000000, 13.50000000000000178 ) ) ;
#1186 = CARTESIAN_POINT ( 'NONE',  ( 11.00000000000000000, 21.50000000000000000, 28.00000000000000000 ) ) ;
#1187 = CARTESIAN_POINT ( 'NONE',  ( 17.49999999999999645, 23.00000000000000355, -28.00000000000000000 ) ) ;
#1188 =( NAMED_UNIT ( * ) PLANE_ANGLE_UNIT ( ) SI_UNIT ( $, .RADIAN. ) );
#1189 = ORIENTED_EDGE ( 'NONE', *, *, #2791, .T. ) ;
#1190 = FACE_BOUND ( 'NONE', #1151, .T. ) ;
#1191 = ORIENTED_EDGE ( 'NONE', *, *, #3718, .T. ) ;
#1192 = DIRECTION ( 'NONE',  ( 0.000000000000000000, 0.000000000000000000, -1.000000000000000000 ) ) ;
#1193 = DIRECTION ( 'NONE',  ( -0.000000000000000000, 1.000000000000000000, -0.000000000000000000 ) ) ;
#1194 = AXIS2_PLACEMENT_3D ( 'NONE', #1852, #901, #2151 ) ;
#1195 = CIRCLE ( 'NONE', #745, 4.499999999999999112 ) ;
#1196 = CARTESIAN_POINT ( 'NONE',  ( 8.000000000000000000, 21.50000000000000000, -22.49999999999995026 ) ) ;
#1197 = DIRECTION ( 'NONE',  ( -0.8320502943378418337, 0.5547001962252319229, 0.000000000000000000 ) ) ;
#1198 = AXIS2_PLACEMENT_3D ( 'NONE', #1110, #2347, #2059 ) ;
#1199 = VECTOR ( 'NONE', #794, 1000.000000000000000 ) ;
#1200 = ORIENTED_EDGE ( 'NONE', *, *, #1666, .T. ) ;
#1201 = FACE_BOUND ( 'NONE', #2154, .T. ) ;
#1202 = ADVANCED_FACE ( 'NONE', ( #3107 ), #306, .F. ) ;
#1203 = ORIENTED_EDGE ( 'NONE', *, *, #3233, .F. ) ;
#1204 = DIRECTION ( 'NONE',  ( 0.000000000000000000, 1.000000000000000000, -0.000000000000000000 ) ) ;
#1205 = ORIENTED_EDGE ( 'NONE', *, *, #1757, .T. ) ;
#1206 = CARTESIAN_POINT ( 'NONE',  ( -8.000000000000000000, 21.50000000000000000, -25.00000000000000000 ) ) ;
#1207 = DIRECTION ( 'NONE',  ( -0.000000000000000000, 1.000000000000000000, -0.000000000000000000 ) ) ;
#1208 = PLANE ( 'NONE',  #3597 ) ;
#1209 = AXIS2_PLACEMENT_3D ( 'NONE', #2311, #2595, #3547 ) ;
#1210 = VERTEX_POINT ( 'NONE', #2921 ) ;
#1211 = EDGE_CURVE ( 'NONE', #3690, #2108, #3534, .T. ) ;
#1212 = VERTEX_POINT ( 'NONE', #1366 ) ;
#1213 = ORIENTED_EDGE ( 'NONE', *, *, #584, .T. ) ;
#1214 = VECTOR ( 'NONE', #1175, 1000.000000000000227 ) ;
#1215 = DIRECTION ( 'NONE',  ( 1.000000000000000000, 0.000000000000000000, -0.000000000000000000 ) ) ;
#1216 = DIRECTION ( 'NONE',  ( 0.000000000000000000, 0.000000000000000000, -1.000000000000000000 ) ) ;
#1217 = DIRECTION ( 'NONE',  ( 0.000000000000000000, -1.000000000000000000, 0.000000000000000000 ) ) ;
#1218 = CARTESIAN_POINT ( 'NONE',  ( -22.75000000000000711, 1.500000000000000000, 24.50000000000000000 ) ) ;
#1219 = DIRECTION ( 'NONE',  ( 0.000000000000000000, -0.000000000000000000, 1.000000000000000000 ) ) ;
#1220 = VECTOR ( 'NONE', #3306, 1000.000000000000000 ) ;
#1221 = ADVANCED_FACE ( 'NONE', ( #2604 ), #440, .F. ) ;
#1222 = VECTOR ( 'NONE', #140, 1000.000000000000000 ) ;
#1223 = CARTESIAN_POINT ( 'NONE',  ( -17.25658350974741140, 1.500000000000000000, -28.49999999999999645 ) ) ;
#1224 = ORIENTED_EDGE ( 'NONE', *, *, #980, .T. ) ;
#1225 = CARTESIAN_POINT ( 'NONE',  ( -11.00000000000000000, 21.50000000000000000, 22.49999999999995026 ) ) ;
#1226 = ORIENTED_EDGE ( 'NONE', *, *, #1260, .T. ) ;
#1227 = DIRECTION ( 'NONE',  ( 0.9486832980505141011, 0.000000000000000000, 0.3162277660168374971 ) ) ;
#1228 = DIRECTION ( 'NONE',  ( 0.000000000000000000, 0.000000000000000000, 1.000000000000000000 ) ) ;
#1229 = DIRECTION ( 'NONE',  ( 0.000000000000000000, 0.000000000000000000, -1.000000000000000000 ) ) ;
#1230 = AXIS2_PLACEMENT_3D ( 'NONE', #1531, #3411, #627 ) ;
#1231 = ORIENTED_EDGE ( 'NONE', *, *, #3718, .F. ) ;
#1232 = VERTEX_POINT ( 'NONE', #1386 ) ;
#1233 = ORIENTED_EDGE ( 'NONE', *, *, #1787, .T. ) ;
#1234 = ORIENTED_EDGE ( 'NONE', *, *, #1787, .F. ) ;
#1235 = VERTEX_POINT ( 'NONE', #63 ) ;
#1236 = DIRECTION ( 'NONE',  ( 0.000000000000000000, 1.000000000000000000, -0.000000000000000000 ) ) ;
#1237 = EDGE_CURVE ( 'NONE', #2854, #1072, #2123, .T. ) ;
#1238 = LINE ( 'NONE', #2480, #4000 ) ;
#1239 = DIRECTION ( 'NONE',  ( -0.000000000000000000, -1.000000000000000000, 0.000000000000000000 ) ) ;
#1240 = ADVANCED_FACE ( 'NONE', ( #3954 ), #10, .F. ) ;
#1241 = FACE_BOUND ( 'NONE', #74, .T. ) ;
#1242 = ORIENTED_EDGE ( 'NONE', *, *, #155, .T. ) ;
#1243 = ADVANCED_FACE ( 'NONE', ( #1281, #1190, #578 ), #2458, .T. ) ;
#1244 = DIRECTION ( 'NONE',  ( 0.000000000000000000, 0.000000000000000000, 1.000000000000000000 ) ) ;
#1245 = FACE_OUTER_BOUND ( 'NONE', #1917, .T. ) ;
#1246 = CARTESIAN_POINT ( 'NONE',  ( -30.80000000000000071, 14.13333333333330621, -28.00000000000000000 ) ) ;
#1247 = ORIENTED_EDGE ( 'NONE', *, *, #728, .F. ) ;
#1248 = CARTESIAN_POINT ( 'NONE',  ( -8.000000000000000000, 21.50000000000000000, -28.00000000000000000 ) ) ;
#1249 = DIRECTION ( 'NONE',  ( 0.000000000000000000, 0.000000000000000000, -1.000000000000000000 ) ) ;
#1250 = FACE_OUTER_BOUND ( 'NONE', #2849, .T. ) ;
#1251 = ORIENTED_EDGE ( 'NONE', *, *, #3420, .F. ) ;
#1252 = ORIENTED_EDGE ( 'NONE', *, *, #3207, .T. ) ;
#1253 = EDGE_CURVE ( 'NONE', #1639, #3098, #3691, .T. ) ;
#1254 = ORIENTED_EDGE ( 'NONE', *, *, #3933, .T. ) ;
#1255 = ORIENTED_EDGE ( 'NONE', *, *, #3840, .F. ) ;
#1256 = CARTESIAN_POINT ( 'NONE',  ( 10.00000000000000000, 21.50000000000000000, 28.00000000000000000 ) ) ;
#1257 = DIRECTION ( 'NONE',  ( 0.000000000000000000, 1.000000000000000000, -0.000000000000000000 ) ) ;
#1258 = CARTESIAN_POINT ( 'NONE',  ( 8.000000000000000000, 23.00000000000000000, -28.00000000000000000 ) ) ;
#1259 = CARTESIAN_POINT ( 'NONE',  ( -22.75000000000000711, 4.000000000000000000, 20.00000000000000000 ) ) ;
#1260 = EDGE_CURVE ( 'NONE', #1540, #2905, #1265, .T. ) ;
#1261 = EDGE_CURVE ( 'NONE', #907, #3493, #2895, .T. ) ;
#1262 = CARTESIAN_POINT ( 'NONE',  ( -17.49999999999994316, 23.00000000000000355, 16.49999999999998934 ) ) ;
#1263 = AXIS2_PLACEMENT_3D ( 'NONE', #2884, #2510, #346 ) ;
#1264 = DIRECTION ( 'NONE',  ( 0.8017837257372738557, -0.5345224838248479049, 0.2672612419124238969 ) ) ;
#1265 = CIRCLE ( 'NONE', #2899, 1.374999999999999556 ) ;
#1266 = EDGE_LOOP ( 'NONE', ( #4014, #2685, #951, #56 ) ) ;
#1267 = DIRECTION ( 'NONE',  ( 0.3162277660168371085, 0.000000000000000000, -0.9486832980505142121 ) ) ;
#1268 = CARTESIAN_POINT ( 'NONE',  ( 7.500000000000001776, -28.00000000000000355, -6.000000000000007105 ) ) ;
#1269 = AXIS2_PLACEMENT_3D ( 'NONE', #1714, #1316, #430 ) ;
#1270 = CIRCLE ( 'NONE', #222, 0.9999999999999991118 ) ;
#1271 = EDGE_CURVE ( 'NONE', #3492, #343, #3779, .T. ) ;
#1272 = LINE ( 'NONE', #1246, #1879 ) ;
#1273 = EDGE_LOOP ( 'NONE', ( #414, #799, #2798, #1873 ) ) ;
#1274 = AXIS2_PLACEMENT_3D ( 'NONE', #2819, #1631, #1311 ) ;
#1275 = LINE ( 'NONE', #2514, #1473 ) ;
#1276 = DIRECTION ( 'NONE',  ( 0.000000000000000000, -1.000000000000000000, 0.000000000000000000 ) ) ;
#1277 = ORIENTED_EDGE ( 'NONE', *, *, #2358, .T. ) ;
#1278 = ORIENTED_EDGE ( 'NONE', *, *, #2095, .F. ) ;
#1279 = VERTEX_POINT ( 'NONE', #110 ) ;
#1280 = ORIENTED_EDGE ( 'NONE', *, *, #524, .F. ) ;
#1281 = FACE_OUTER_BOUND ( 'NONE', #161, .T. ) ;
#1282 = AXIS2_PLACEMENT_3D ( 'NONE', #2159, #1891, #2790 ) ;
#1283 = DIRECTION ( 'NONE',  ( 0.000000000000000000, 0.000000000000000000, -1.000000000000000000 ) ) ;
#1284 = CYLINDRICAL_SURFACE ( 'NONE', #1230, 2.000000000000000000 ) ;
#1285 = AXIS2_PLACEMENT_3D ( 'NONE', #2339, #239, #2999 ) ;
#1286 = CARTESIAN_POINT ( 'NONE',  ( -9.999999999999996447, 21.50000000000000000, -30.00000000000000000 ) ) ;
#1287 = VECTOR ( 'NONE', #3562, 1000.000000000000000 ) ;
#1288 = CYLINDRICAL_SURFACE ( 'NONE', #2784, 1.100000000000000311 ) ;
#1289 = ORIENTED_EDGE ( 'NONE', *, *, #2208, .T. ) ;
#1290 = AXIS2_PLACEMENT_3D ( 'NONE', #17, #1627, #2793 ) ;
#1291 = VERTEX_POINT ( 'NONE', #3796 ) ;
#1292 = EDGE_CURVE ( 'NONE', #1528, #704, #733, .T. ) ;
#1293 = FACE_OUTER_BOUND ( 'NONE', #1790, .T. ) ;
#1294 = DIRECTION ( 'NONE',  ( 4.336808689942017736E-16, -0.000000000000000000, 1.000000000000000000 ) ) ;
#1295 = ORIENTED_EDGE ( 'NONE', *, *, #3118, .T. ) ;
#1296 = CARTESIAN_POINT ( 'NONE',  ( 8.000000000000000000, 21.50000000000000000, -25.00000000000000000 ) ) ;
#1297 = DIRECTION ( 'NONE',  ( -0.000000000000000000, -1.000000000000000000, 0.000000000000000000 ) ) ;
#1298 = ADVANCED_FACE ( 'NONE', ( #1055 ), #995, .F. ) ;
#1299 = EDGE_LOOP ( 'NONE', ( #3351, #2756, #1289, #2869, #1437, #1309 ) ) ;
#1300 = ORIENTED_EDGE ( 'NONE', *, *, #3425, .F. ) ;
#1301 = ORIENTED_EDGE ( 'NONE', *, *, #2443, .F. ) ;
#1302 = ORIENTED_EDGE ( 'NONE', *, *, #3715, .F. ) ;
#1303 = DIRECTION ( 'NONE',  ( -0.000000000000000000, 1.000000000000000000, -0.000000000000000000 ) ) ;
#1304 = DIRECTION ( 'NONE',  ( 0.000000000000000000, 1.000000000000000000, 0.000000000000000000 ) ) ;
#1305 = SURFACE_STYLE_FILL_AREA ( #62 ) ;
#1306 = CIRCLE ( 'NONE', #2727, 1.100000000000000311 ) ;
#1307 = CARTESIAN_POINT ( 'NONE',  ( -12.00000000000000000, 21.50000000000000000, -22.49999999999996447 ) ) ;
#1308 = EDGE_CURVE ( 'NONE', #3792, #1985, #2364, .T. ) ;
#1309 = ORIENTED_EDGE ( 'NONE', *, *, #1711, .T. ) ;
#1310 = LINE ( 'NONE', #2548, #2084 ) ;
#1311 = DIRECTION ( 'NONE',  ( 1.000000000000000000, 0.000000000000000000, 0.000000000000000000 ) ) ;
#1312 = DIRECTION ( 'NONE',  ( 0.000000000000000000, 0.000000000000000000, 1.000000000000000000 ) ) ;
#1313 = EDGE_CURVE ( 'NONE', #377, #3493, #3402, .T. ) ;
#1314 = VERTEX_POINT ( 'NONE', #2857 ) ;
#1315 = LINE ( 'NONE', #3428, #3478 ) ;
#1316 = DIRECTION ( 'NONE',  ( 0.000000000000000000, -0.000000000000000000, 1.000000000000000000 ) ) ;
#1317 = EDGE_LOOP ( 'NONE', ( #3568, #814, #844, #3979 ) ) ;
#1318 = EDGE_LOOP ( 'NONE', ( #1255, #410, #924, #909 ) ) ;
#1319 = ORIENTED_EDGE ( 'NONE', *, *, #674, .F. ) ;
#1320 = ORIENTED_EDGE ( 'NONE', *, *, #3710, .F. ) ;
#1321 = ORIENTED_EDGE ( 'NONE', *, *, #3420, .T. ) ;
#1322 = EDGE_CURVE ( 'NONE', #3050, #2109, #612, .T. ) ;
#1323 = DIRECTION ( 'NONE',  ( 0.000000000000000000, 0.000000000000000000, 1.000000000000000000 ) ) ;
#1324 = LINE ( 'NONE', #1504, #218 ) ;
#1325 = CYLINDRICAL_SURFACE ( 'NONE', #761, 0.9999999999999991118 ) ;
#1326 = CYLINDRICAL_SURFACE ( 'NONE', #716, 1.100000000000000311 ) ;
#1327 = ADVANCED_FACE ( 'NONE', ( #2578 ), #1681, .F. ) ;
#1328 = CARTESIAN_POINT ( 'NONE',  ( 27.37179882264860709, 14.81324950943689522, 4.000000000000000000 ) ) ;
#1329 = DIRECTION ( 'NONE',  ( -0.000000000000000000, -1.000000000000000000, -0.000000000000000000 ) ) ;
#1330 = ORIENTED_EDGE ( 'NONE', *, *, #3889, .T. ) ;
#1331 = DIRECTION ( 'NONE',  ( -1.734723475976807094E-16, -0.000000000000000000, -1.000000000000000000 ) ) ;
#1332 = CARTESIAN_POINT ( 'NONE',  ( -9.000000000000000000, 19.50000000000000000, -24.49999999999994316 ) ) ;
#1333 = VECTOR ( 'NONE', #395, 1000.000000000000000 ) ;
#1334 = ORIENTED_EDGE ( 'NONE', *, *, #2586, .T. ) ;
#1335 = CARTESIAN_POINT ( 'NONE',  ( 12.00000000000000000, 23.00000000000000355, -20.99999999999993250 ) ) ;
#1336 = DIRECTION ( 'NONE',  ( 0.000000000000000000, 0.000000000000000000, 1.000000000000000000 ) ) ;
#1337 = AXIS2_PLACEMENT_3D ( 'NONE', #730, #1359, #2634 ) ;
#1338 = VECTOR ( 'NONE', #2761, 1000.000000000000227 ) ;
#1339 = EDGE_CURVE ( 'NONE', #3890, #1210, #2007, .T. ) ;
#1340 = ORIENTED_EDGE ( 'NONE', *, *, #2923, .T. ) ;
#1341 = AXIS2_PLACEMENT_3D ( 'NONE', #2823, #1276, #3752 ) ;
#1342 = VECTOR ( 'NONE', #818, 1000.000000000000000 ) ;
#1343 = ORIENTED_EDGE ( 'NONE', *, *, #2958, .F. ) ;
#1344 = ORIENTED_EDGE ( 'NONE', *, *, #88, .T. ) ;
#1345 = DIRECTION ( 'NONE',  ( -0.000000000000000000, -1.000000000000000000, 0.000000000000000000 ) ) ;
#1346 = PLANE ( 'NONE',  #3170 ) ;
#1347 = EDGE_CURVE ( 'NONE', #743, #3319, #1076, .T. ) ;
#1348 = ORIENTED_EDGE ( 'NONE', *, *, #884, .T. ) ;
#1349 = EDGE_CURVE ( 'NONE', #3491, #2494, #2284, .T. ) ;
#1350 = CARTESIAN_POINT ( 'NONE',  ( 22.74999999999999289, 4.000000000000000000, -17.50000000000000711 ) ) ;
#1351 = EDGE_LOOP ( 'NONE', ( #3258, #2926, #2176, #9 ) ) ;
#1352 = VECTOR ( 'NONE', #3738, 999.9999999999998863 ) ;
#1353 = CARTESIAN_POINT ( 'NONE',  ( -10.18079002116969001, 43.00000000000000000, -30.54237006350907535 ) ) ;
#1354 = AXIS2_PLACEMENT_3D ( 'NONE', #2944, #2282, #2268 ) ;
#1355 = LINE ( 'NONE', #2654, #353 ) ;
#1356 = DIRECTION ( 'NONE',  ( -0.8017837257372728565, 0.5345224838248495702, 0.2672612419124237859 ) ) ;
#1357 = CYLINDRICAL_SURFACE ( 'NONE', #1811, 2.499999999999998668 ) ;
#1358 = CIRCLE ( 'NONE', #1031, 1.374999999999999556 ) ;
#1359 = DIRECTION ( 'NONE',  ( -0.000000000000000000, -1.000000000000000000, -0.000000000000000000 ) ) ;
#1360 = VERTEX_POINT ( 'NONE', #1986 ) ;
#1361 = VERTEX_POINT ( 'NONE', #3208 ) ;
#1362 = CARTESIAN_POINT ( 'NONE',  ( 10.27565835097471592, 25.00000000000000000, 30.82697505292422946 ) ) ;
#1363 = CARTESIAN_POINT ( 'NONE',  ( 7.500000000000008882, 25.00000000000000000, -7.500000000000002665 ) ) ;
#1364 = DIRECTION ( 'NONE',  ( 0.5547001962252282592, -0.8320502943378443872, 0.000000000000000000 ) ) ;
#1365 = EDGE_CURVE ( 'NONE', #288, #3732, #2913, .T. ) ;
#1366 = CARTESIAN_POINT ( 'NONE',  ( 32.50000000000000000, 14.99999999999997158, 25.00000000000001066 ) ) ;
#1367 = VECTOR ( 'NONE', #1771, 999.9999999999998863 ) ;
#1368 = DIRECTION ( 'NONE',  ( 0.000000000000000000, 1.000000000000000000, 0.000000000000000000 ) ) ;
#1369 = CIRCLE ( 'NONE', #720, 1.100000000000000311 ) ;
#1370 = ORIENTED_EDGE ( 'NONE', *, *, #728, .T. ) ;
#1371 = PLANE ( 'NONE',  #3940 ) ;
#1372 = DIRECTION ( 'NONE',  ( 0.000000000000000000, 0.000000000000000000, -1.000000000000000000 ) ) ;
#1373 = ADVANCED_FACE ( 'NONE', ( #2599 ), #3832, .T. ) ;
#1374 = CARTESIAN_POINT ( 'NONE',  ( 8.000000000000000000, 23.00000000000000000, 28.00000000000000000 ) ) ;
#1375 = CARTESIAN_POINT ( 'NONE',  ( 22.74999999999999289, 4.000000000000000000, -20.00000000000000711 ) ) ;
#1376 = CARTESIAN_POINT ( 'NONE',  ( -31.00000000000000000, 25.00000000000000000, -23.91886116991581090 ) ) ;
#1377 = CARTESIAN_POINT ( 'NONE',  ( -11.00000000000000000, 21.50000000000000000, 28.00000000000000000 ) ) ;
#1378 = ORIENTED_EDGE ( 'NONE', *, *, #2420, .F. ) ;
#1379 = ORIENTED_EDGE ( 'NONE', *, *, #673, .F. ) ;
#1380 = LINE ( 'NONE', #1925, #3729 ) ;
#1381 = DIRECTION ( 'NONE',  ( 0.000000000000000000, 0.000000000000000000, 1.000000000000000000 ) ) ;
#1382 = LINE ( 'NONE', #2618, #3471 ) ;
#1383 = CARTESIAN_POINT ( 'NONE',  ( -22.75000000000000711, 1.500000000000000000, 18.89999999999999858 ) ) ;
#1384 = VERTEX_POINT ( 'NONE', #669 ) ;
#1385 = ORIENTED_EDGE ( 'NONE', *, *, #2781, .F. ) ;
#1386 = CARTESIAN_POINT ( 'NONE',  ( -11.37499999999999645, 21.50000000000000000, -28.49999999999999645 ) ) ;
#1387 = DIRECTION ( 'NONE',  ( 0.000000000000000000, -1.000000000000000000, 0.000000000000000000 ) ) ;
#1388 = EDGE_CURVE ( 'NONE', #2494, #2138, #1380, .T. ) ;
#1389 = ORIENTED_EDGE ( 'NONE', *, *, #1449, .F. ) ;
#1390 = DIRECTION ( 'NONE',  ( 1.000000000000000000, 0.000000000000000000, -0.000000000000000000 ) ) ;
#1391 = DIRECTION ( 'NONE',  ( -0.000000000000000000, -1.000000000000000000, -0.000000000000000000 ) ) ;
#1392 = EDGE_CURVE ( 'NONE', #472, #3491, #1444, .T. ) ;
#1393 = ORIENTED_EDGE ( 'NONE', *, *, #3259, .F. ) ;
#1394 = LINE ( 'NONE', #3565, #286 ) ;
#1395 = DIRECTION ( 'NONE',  ( -1.000000000000000000, 0.000000000000000000, 2.312964634635742957E-16 ) ) ;
#1396 = VECTOR ( 'NONE', #1294, 1000.000000000000000 ) ;
#1397 = EDGE_CURVE ( 'NONE', #898, #572, #1797, .T. ) ;
#1398 = DIRECTION ( 'NONE',  ( -1.000000000000000000, 0.000000000000000000, 0.000000000000000000 ) ) ;
#1399 = ORIENTED_EDGE ( 'NONE', *, *, #3467, .T. ) ;
#1400 = EDGE_LOOP ( 'NONE', ( #3443, #3959, #3724, #75 ) ) ;
#1401 = CARTESIAN_POINT ( 'NONE',  ( -22.75000000000000711, 1.500000000000000000, 21.10000000000000142 ) ) ;
#1402 = LINE ( 'NONE', #1741, #2220 ) ;
#1403 = VERTEX_POINT ( 'NONE', #845 ) ;
#1404 = AXIS2_PLACEMENT_3D ( 'NONE', #87, #2272, #167 ) ;
#1405 = CIRCLE ( 'NONE', #3740, 1.499999999999994449 ) ;
#1406 = VERTEX_POINT ( 'NONE', #1784 ) ;
#1407 = CARTESIAN_POINT ( 'NONE',  ( -17.49999999999995381, 23.00000000000000355, 28.00000000000000000 ) ) ;
#1408 = CARTESIAN_POINT ( 'NONE',  ( -9.999999999999985789, 21.50000000000000000, 30.00000000000000000 ) ) ;
#1409 = CARTESIAN_POINT ( 'NONE',  ( -17.49999999999995381, 23.00000000000000355, -13.50000000000000711 ) ) ;
#1410 = ORIENTED_EDGE ( 'NONE', *, *, #1920, .F. ) ;
#1411 = ADVANCED_FACE ( 'NONE', ( #1169, #1484 ), #2720, .F. ) ;
#1412 = AXIS2_PLACEMENT_3D ( 'NONE', #1052, #3947, #2734 ) ;
#1413 = DIRECTION ( 'NONE',  ( -1.000000000000000000, 0.000000000000000000, 0.000000000000000000 ) ) ;
#1414 = AXIS2_PLACEMENT_3D ( 'NONE', #2052, #3902, #459 ) ;
#1415 = ORIENTED_EDGE ( 'NONE', *, *, #18, .T. ) ;
#1416 = EDGE_CURVE ( 'NONE', #2594, #1965, #1195, .T. ) ;
#1417 = LINE ( 'NONE', #2346, #481 ) ;
#1418 = CARTESIAN_POINT ( 'NONE',  ( -11.37499999999998579, 21.50000000000000000, 33.00000000000000000 ) ) ;
#1419 = CIRCLE ( 'NONE', #764, 4.500000000000000888 ) ;
#1420 = CYLINDRICAL_SURFACE ( 'NONE', #3873, 2.499999999999998668 ) ;
#1421 = ORIENTED_EDGE ( 'NONE', *, *, #2289, .T. ) ;
#1422 = VECTOR ( 'NONE', #1832, 1000.000000000000000 ) ;
#1423 = ADVANCED_FACE ( 'NONE', ( #469 ), #1148, .T. ) ;
#1424 = DIRECTION ( 'NONE',  ( 0.5547001962252318119, 0.8320502943378420557, -0.000000000000000000 ) ) ;
#1425 = CARTESIAN_POINT ( 'NONE',  ( -9.000000000000001776, 21.50000000000000000, -22.49999999999996447 ) ) ;
#1426 = DIRECTION ( 'NONE',  ( -0.8320502943378429439, 0.5547001962252300356, 0.000000000000000000 ) ) ;
#1427 = ORIENTED_EDGE ( 'NONE', *, *, #1322, .F. ) ;
#1428 = DIRECTION ( 'NONE',  ( -0.000000000000000000, -0.000000000000000000, -1.000000000000000000 ) ) ;
#1429 = CYLINDRICAL_SURFACE ( 'NONE', #2771, 1.999999999999997780 ) ;
#1430 = DIRECTION ( 'NONE',  ( -0.8320502943378418337, 0.5547001962252319229, 0.000000000000000000 ) ) ;
#1431 = ORIENTED_EDGE ( 'NONE', *, *, #3104, .F. ) ;
#1432 = CIRCLE ( 'NONE', #446, 1.499999999999994449 ) ;
#1433 = FACE_OUTER_BOUND ( 'NONE', #355, .T. ) ;
#1434 = DIRECTION ( 'NONE',  ( 0.000000000000000000, 1.000000000000000000, 0.000000000000000000 ) ) ;
#1435 = VECTOR ( 'NONE', #2028, 1000.000000000000227 ) ;
#1436 = EDGE_CURVE ( 'NONE', #1406, #2520, #3927, .T. ) ;
#1437 = ORIENTED_EDGE ( 'NONE', *, *, #3933, .F. ) ;
#1438 = DIRECTION ( 'NONE',  ( -0.000000000000000000, -1.000000000000000000, -0.000000000000000000 ) ) ;
#1439 = DIRECTION ( 'NONE',  ( 1.000000000000000000, 0.000000000000000000, -2.312964634635742957E-16 ) ) ;
#1440 = EDGE_CURVE ( 'NONE', #2902, #1360, #2025, .T. ) ;
#1441 = EDGE_CURVE ( 'NONE', #3612, #388, #156, .T. ) ;
#1442 = DIRECTION ( 'NONE',  ( 0.000000000000000000, 0.000000000000000000, 1.000000000000000000 ) ) ;
#1443 = ORIENTED_EDGE ( 'NONE', *, *, #330, .T. ) ;
#1444 = LINE ( 'NONE', #3912, #282 ) ;
#1445 = LINE ( 'NONE', #3914, #544 ) ;
#1446 = DIRECTION ( 'NONE',  ( 0.000000000000000000, 0.000000000000000000, 1.000000000000000000 ) ) ;
#1447 = ORIENTED_EDGE ( 'NONE', *, *, #2055, .F. ) ;
#1448 = ORIENTED_EDGE ( 'NONE', *, *, #3002, .T. ) ;
#1449 = EDGE_CURVE ( 'NONE', #3131, #2805, #1461, .T. ) ;
#1450 = DIRECTION ( 'NONE',  ( -0.5547001962252299245, -0.8320502943378431659, 0.000000000000000000 ) ) ;
#1451 = DIRECTION ( 'NONE',  ( -1.000000000000000000, 0.000000000000000000, 0.000000000000000000 ) ) ;
#1452 = DIRECTION ( 'NONE',  ( 0.000000000000000000, 0.000000000000000000, -1.000000000000000000 ) ) ;
#1453 = ORIENTED_EDGE ( 'NONE', *, *, #1649, .F. ) ;
#1454 = CARTESIAN_POINT ( 'NONE',  ( -22.75000000000000711, 4.000000000000000000, -19.99999999999999645 ) ) ;
#1455 = VERTEX_POINT ( 'NONE', #3249 ) ;
#1456 = CARTESIAN_POINT ( 'NONE',  ( 30.69999999999999929, 16.19999999999993889, -5.999999999999996447 ) ) ;
#1457 = CARTESIAN_POINT ( 'NONE',  ( -7.500000000000001776, -28.00000000000000355, 15.00000000000000000 ) ) ;
#1458 = CARTESIAN_POINT ( 'NONE',  ( -12.00000000000000000, 23.00000000000000000, -28.00000000000000000 ) ) ;
#1459 = FACE_OUTER_BOUND ( 'NONE', #1467, .T. ) ;
#1460 = ORIENTED_EDGE ( 'NONE', *, *, #1392, .T. ) ;
#1461 = LINE ( 'NONE', #1128, #3476 ) ;
#1462 = CARTESIAN_POINT ( 'NONE',  ( 7.500000000000001776, -28.00000000000000355, -1.500000000000001332 ) ) ;
#1463 = AXIS2_PLACEMENT_3D ( 'NONE', #3142, #988, #2568 ) ;
#1464 = DIRECTION ( 'NONE',  ( 0.000000000000000000, 0.000000000000000000, 1.000000000000000000 ) ) ;
#1465 = LINE ( 'NONE', #3931, #1168 ) ;
#1466 = ORIENTED_EDGE ( 'NONE', *, *, #213, .T. ) ;
#1467 = EDGE_LOOP ( 'NONE', ( #2662, #732, #2752, #2313 ) ) ;
#1468 = VECTOR ( 'NONE', #2271, 1000.000000000000000 ) ;
#1469 = LINE ( 'NONE', #178, #1023 ) ;
#1470 = VECTOR ( 'NONE', #3583, 1000.000000000000000 ) ;
#1471 = CARTESIAN_POINT ( 'NONE',  ( 31.00000000000000000, 15.99999999999993783, 5.967231557290590516 ) ) ;
#1472 = VECTOR ( 'NONE', #2379, 1000.000000000000000 ) ;
#1473 = VECTOR ( 'NONE', #3751, 1000.000000000000114 ) ;
#1474 = ORIENTED_EDGE ( 'NONE', *, *, #2814, .T. ) ;
#1475 = EDGE_CURVE ( 'NONE', #2844, #1966, #2369, .T. ) ;
#1476 = DIRECTION ( 'NONE',  ( 0.000000000000000000, 0.000000000000000000, 1.000000000000000000 ) ) ;
#1477 = ORIENTED_EDGE ( 'NONE', *, *, #2122, .T. ) ;
#1478 = CARTESIAN_POINT ( 'NONE',  ( 9.000000000000001776, 21.50000000000000000, 22.49999999999996447 ) ) ;
#1479 = CARTESIAN_POINT ( 'NONE',  ( 22.74999999999999289, 1.500000000000000000, 24.49999999999999289 ) ) ;
#1480 = DIRECTION ( 'NONE',  ( 0.000000000000000000, 0.000000000000000000, 1.000000000000000000 ) ) ;
#1481 = VECTOR ( 'NONE', #1861, 1000.000000000000000 ) ;
#1482 = DIRECTION ( 'NONE',  ( 0.000000000000000000, 0.000000000000000000, 1.000000000000000000 ) ) ;
#1483 = ORIENTED_EDGE ( 'NONE', *, *, #556, .T. ) ;
#1484 = FACE_BOUND ( 'NONE', #3869, .T. ) ;
#1485 = CIRCLE ( 'NONE', #2711, 1.374999999999999556 ) ;
#1486 = CARTESIAN_POINT ( 'NONE',  ( -30.80000000000000071, 14.13333333333330621, 28.00000000000000000 ) ) ;
#1487 = ORIENTED_EDGE ( 'NONE', *, *, #2586, .F. ) ;
#1488 = ADVANCED_FACE ( 'NONE', ( #527 ), #3608, .F. ) ;
#1489 = CIRCLE ( 'NONE', #1823, 2.499999999999998668 ) ;
#1490 = EDGE_LOOP ( 'NONE', ( #2411, #3590, #952, #1330, #2821, #2589, #3725, #547 ) ) ;
#1491 = LINE ( 'NONE', #1887, #1075 ) ;
#1492 = FACE_OUTER_BOUND ( 'NONE', #2222, .T. ) ;
#1493 = CARTESIAN_POINT ( 'NONE',  ( -8.000000000000000000, 21.50000000000000000, 25.00000000000000000 ) ) ;
#1494 = ORIENTED_EDGE ( 'NONE', *, *, #3819, .F. ) ;
#1495 = CARTESIAN_POINT ( 'NONE',  ( -17.80790021169691428, 0.000000000000000000, -28.00000000000000000 ) ) ;
#1496 = VERTEX_POINT ( 'NONE', #1401 ) ;
#1497 = DIRECTION ( 'NONE',  ( 0.000000000000000000, 1.000000000000000000, -0.000000000000000000 ) ) ;
#1498 = CARTESIAN_POINT ( 'NONE',  ( 7.499999999999998224, 25.00000000000000000, 14.99999999999999645 ) ) ;
#1499 = CARTESIAN_POINT ( 'NONE',  ( -10.18079002116968290, 43.00000000000000000, 30.54237006350906825 ) ) ;
#1500 = EDGE_CURVE ( 'NONE', #2744, #3807, #2637, .T. ) ;
#1501 = CARTESIAN_POINT ( 'NONE',  ( -7.499999999999998224, 23.00000000000000000, -6.000000000000008882 ) ) ;
#1502 = ORIENTED_EDGE ( 'NONE', *, *, #3368, .F. ) ;
#1503 = CARTESIAN_POINT ( 'NONE',  ( -12.00000000000000000, 21.50000000000000000, -25.00000000000000000 ) ) ;
#1504 = CARTESIAN_POINT ( 'NONE',  ( 0.000000000000000000, 25.00000000000000000, -28.49999999999999645 ) ) ;
#1505 = APPLICATION_PROTOCOL_DEFINITION ( 'draft international standard', 'automotive_design', 1998, #2096 ) ;
#1506 = EDGE_LOOP ( 'NONE', ( #2029, #2767, #168, #2759 ) ) ;
#1507 = ORIENTED_EDGE ( 'NONE', *, *, #111, .F. ) ;
#1508 = FACE_BOUND ( 'NONE', #495, .T. ) ;
#1509 = DIRECTION ( 'NONE',  ( 0.000000000000000000, 0.000000000000000000, 1.000000000000000000 ) ) ;
#1510 = ORIENTED_EDGE ( 'NONE', *, *, #2969, .T. ) ;
#1511 = EDGE_CURVE ( 'NONE', #1360, #402, #2043, .T. ) ;
#1512 = DIRECTION ( 'NONE',  ( 0.000000000000000000, 1.000000000000000000, 0.000000000000000000 ) ) ;
#1513 = CARTESIAN_POINT ( 'NONE',  ( -11.00000000000000000, 21.50000000000000000, 22.49999999999995026 ) ) ;
#1514 = ORIENTED_EDGE ( 'NONE', *, *, #2095, .T. ) ;
#1515 = EDGE_LOOP ( 'NONE', ( #3525, #3468, #2653 ) ) ;
#1516 = DIRECTION ( 'NONE',  ( -1.734723475976807094E-16, -0.000000000000000000, -1.000000000000000000 ) ) ;
#1517 = EDGE_LOOP ( 'NONE', ( #473, #2615, #3702, #3704 ) ) ;
#1518 = DIRECTION ( 'NONE',  ( 0.000000000000000000, 0.000000000000000000, 1.000000000000000000 ) ) ;
#1519 = VERTEX_POINT ( 'NONE', #2659 ) ;
#1520 = DIRECTION ( 'NONE',  ( 0.000000000000000000, 0.000000000000000000, 1.000000000000000000 ) ) ;
#1521 = CARTESIAN_POINT ( 'NONE',  ( -17.49999999999995381, 23.00000000000000355, 20.99999999999993250 ) ) ;
#1522 = FACE_OUTER_BOUND ( 'NONE', #1961, .T. ) ;
#1523 = EDGE_CURVE ( 'NONE', #3907, #3962, #3214, .T. ) ;
#1524 = DIRECTION ( 'NONE',  ( 0.000000000000000000, 0.000000000000000000, -1.000000000000000000 ) ) ;
#1525 = ORIENTED_EDGE ( 'NONE', *, *, #2638, .F. ) ;
#1526 = ORIENTED_EDGE ( 'NONE', *, *, #830, .F. ) ;
#1527 = VERTEX_POINT ( 'NONE', #1818 ) ;
#1528 = VERTEX_POINT ( 'NONE', #3052 ) ;
#1529 = DIRECTION ( 'NONE',  ( 0.5547001962252318119, 0.8320502943378420557, -0.000000000000000000 ) ) ;
#1530 = PLANE ( 'NONE',  #3810 ) ;
#1531 = CARTESIAN_POINT ( 'NONE',  ( 10.00000000000000000, 21.50000000000000000, 25.00000000000000000 ) ) ;
#1532 = VECTOR ( 'NONE', #3586, 1000.000000000000000 ) ;
#1533 = EDGE_LOOP ( 'NONE', ( #2218, #620, #3192, #2475 ) ) ;
#1534 = VECTOR ( 'NONE', #2391, 1000.000000000000000 ) ;
#1535 = AXIS2_PLACEMENT_3D ( 'NONE', #2724, #2459, #3692 ) ;
#1536 = LINE ( 'NONE', #934, #1694 ) ;
#1537 = DIRECTION ( 'NONE',  ( 0.9486832980505141011, 0.000000000000000000, 0.3162277660168371640 ) ) ;
#1538 = AXIS2_PLACEMENT_3D ( 'NONE', #2656, #1398, #3246 ) ;
#1539 = VECTOR ( 'NONE', #3656, 1000.000000000000000 ) ;
#1540 = VERTEX_POINT ( 'NONE', #3972 ) ;
#1541 = FACE_OUTER_BOUND ( 'NONE', #2227, .T. ) ;
#1542 = CARTESIAN_POINT ( 'NONE',  ( 10.00000000000000000, 21.50000000000000000, -25.00000000000000000 ) ) ;
#1543 = EDGE_CURVE ( 'NONE', #2345, #2844, #2602, .T. ) ;
#1544 = ORIENTED_EDGE ( 'NONE', *, *, #3295, .F. ) ;
#1545 = CIRCLE ( 'NONE', #2977, 2.499999999999998668 ) ;
#1546 = CARTESIAN_POINT ( 'NONE',  ( -22.75000000000000711, 3.500000000000000000, -19.99999999999999645 ) ) ;
#1547 = VERTEX_POINT ( 'NONE', #1186 ) ;
#1548 = EDGE_CURVE ( 'NONE', #3907, #2806, #5, .T. ) ;
#1549 = VERTEX_POINT ( 'NONE', #1566 ) ;
#1550 = VECTOR ( 'NONE', #2258, 1000.000000000000000 ) ;
#1551 = DIRECTION ( 'NONE',  ( -1.000000000000000000, 0.000000000000000000, 0.000000000000000000 ) ) ;
#1552 = CARTESIAN_POINT ( 'NONE',  ( -8.000000000000000000, 21.50000000000000000, 22.49999999999995026 ) ) ;
#1553 = FACE_OUTER_BOUND ( 'NONE', #3731, .T. ) ;
#1554 = DIRECTION ( 'NONE',  ( 0.000000000000000000, 0.000000000000000000, -1.000000000000000000 ) ) ;
#1555 = AXIS2_PLACEMENT_3D ( 'NONE', #1630, #606, #2228 ) ;
#1556 = ADVANCED_FACE ( 'NONE', ( #3686 ), #2216, .F. ) ;
#1557 = CIRCLE ( 'NONE', #893, 0.9999999999999991118 ) ;
#1558 = FACE_OUTER_BOUND ( 'NONE', #1351, .T. ) ;
#1559 = ORIENTED_EDGE ( 'NONE', *, *, #3305, .T. ) ;
#1560 = CYLINDRICAL_SURFACE ( 'NONE', #1555, 1.374999999999999556 ) ;
#1561 = DIRECTION ( 'NONE',  ( -1.734723475976807094E-16, -0.000000000000000000, -1.000000000000000000 ) ) ;
#1562 = EDGE_LOOP ( 'NONE', ( #2290, #2033, #1295, #2807 ) ) ;
#1563 = ORIENTED_EDGE ( 'NONE', *, *, #1121, .T. ) ;
#1564 = LINE ( 'NONE', #1206, #2063 ) ;
#1565 = FACE_OUTER_BOUND ( 'NONE', #993, .T. ) ;
#1566 = CARTESIAN_POINT ( 'NONE',  ( 30.70000000000000284, 16.19999999999997087, 23.70263340389898588 ) ) ;
#1567 = CIRCLE ( 'NONE', #3824, 2.499999999999998668 ) ;
#1568 = EDGE_CURVE ( 'NONE', #426, #2119, #1606, .T. ) ;
#1569 = CYLINDRICAL_SURFACE ( 'NONE', #984, 1.499999999999994449 ) ;
#1570 = ORIENTED_EDGE ( 'NONE', *, *, #3305, .F. ) ;
#1571 = EDGE_LOOP ( 'NONE', ( #3549, #3767, #4003, #304 ) ) ;
#1572 =( GEOMETRIC_REPRESENTATION_CONTEXT ( 3 ) GLOBAL_UNCERTAINTY_ASSIGNED_CONTEXT ( ( #204 ) ) GLOBAL_UNIT_ASSIGNED_CONTEXT ( ( #923, #1188, #3730 ) ) REPRESENTATION_CONTEXT ( 'NONE', 'WORKASPACE' ) );
#1573 = ORIENTED_EDGE ( 'NONE', *, *, #1101, .F. ) ;
#1574 = ORIENTED_EDGE ( 'NONE', *, *, #2638, .T. ) ;
#1575 = VERTEX_POINT ( 'NONE', #2172 ) ;
#1576 = CARTESIAN_POINT ( 'NONE',  ( -9.999999999999985789, 21.50000000000000000, 28.49999999999999645 ) ) ;
#1577 = CARTESIAN_POINT ( 'NONE',  ( -17.80790021169688941, 22.79473319220204530, 28.00000000000000000 ) ) ;
#1578 = EDGE_CURVE ( 'NONE', #2005, #1112, #3085, .T. ) ;
#1579 = CARTESIAN_POINT ( 'NONE',  ( -31.00000000000000000, 1.500000000000000000, -23.91886116991581090 ) ) ;
#1580 = DIRECTION ( 'NONE',  ( -0.000000000000000000, -1.000000000000000000, -0.000000000000000000 ) ) ;
#1581 = EDGE_CURVE ( 'NONE', #3735, #472, #1902, .T. ) ;
#1582 = FACE_OUTER_BOUND ( 'NONE', #3424, .T. ) ;
#1583 = ADVANCED_FACE ( 'NONE', ( #1250 ), #1208, .F. ) ;
#1584 = DIRECTION ( 'NONE',  ( -0.000000000000000000, -1.000000000000000000, -0.000000000000000000 ) ) ;
#1585 = ORIENTED_EDGE ( 'NONE', *, *, #3577, .F. ) ;
#1586 = DIRECTION ( 'NONE',  ( 0.000000000000000000, 0.000000000000000000, -1.000000000000000000 ) ) ;
#1587 = LINE ( 'NONE', #939, #1003 ) ;
#1588 = VERTEX_POINT ( 'NONE', #3773 ) ;
#1589 = DIRECTION ( 'NONE',  ( 0.000000000000000000, 1.000000000000000000, -0.000000000000000000 ) ) ;
#1590 = ORIENTED_EDGE ( 'NONE', *, *, #1121, .F. ) ;
#1591 = CARTESIAN_POINT ( 'NONE',  ( 17.25658350974743271, 25.00000000000000000, -28.49999999999999645 ) ) ;
#1592 = DIRECTION ( 'NONE',  ( 0.000000000000000000, 0.000000000000000000, 1.000000000000000000 ) ) ;
#1593 = VERTEX_POINT ( 'NONE', #948 ) ;
#1594 = ORIENTED_EDGE ( 'NONE', *, *, #2426, .F. ) ;
#1595 = ORIENTED_EDGE ( 'NONE', *, *, #2969, .F. ) ;
#1596 = VERTEX_POINT ( 'NONE', #1839 ) ;
#1597 = FACE_OUTER_BOUND ( 'NONE', #2521, .T. ) ;
#1598 = CARTESIAN_POINT ( 'NONE',  ( -31.00000000000000000, 15.99999999999996980, -23.91886116991581090 ) ) ;
#1599 =( BOUNDED_CURVE ( )  B_SPLINE_CURVE ( 3, ( #1792, #224, #3022, #1478 ),
 .UNSPECIFIED., .F., .F. ) 
 B_SPLINE_CURVE_WITH_KNOTS ( ( 4, 4 ),
 ( 4.712388980384689674, 7.853981633974482790 ),
 .UNSPECIFIED. ) 
 CURVE ( )  GEOMETRIC_REPRESENTATION_ITEM ( )  RATIONAL_B_SPLINE_CURVE ( ( 1.000000000000000000, 0.3333333333333333703, 0.3333333333333333703, 1.000000000000000000 ) ) 
 REPRESENTATION_ITEM ( '' )  );
#1600 = CYLINDRICAL_SURFACE ( 'NONE', #381, 1.100000000000000311 ) ;
#1601 = DIRECTION ( 'NONE',  ( 1.000000000000000000, 0.000000000000000000, -1.156482317317871478E-16 ) ) ;
#1602 = ADVANCED_FACE ( 'NONE', ( #1522 ), #3728, .F. ) ;
#1603 = DIRECTION ( 'NONE',  ( -1.734723475976807094E-16, -0.000000000000000000, -1.000000000000000000 ) ) ;
#1604 = CARTESIAN_POINT ( 'NONE',  ( 22.74999999999999289, 4.000000000000000000, 19.99999999999999289 ) ) ;
#1605 = ORIENTED_EDGE ( 'NONE', *, *, #2585, .T. ) ;
#1606 = CIRCLE ( 'NONE', #2244, 1.499999999999995337 ) ;
#1607 = AXIS2_PLACEMENT_3D ( 'NONE', #2491, #3108, #2870 ) ;
#1608 = EDGE_LOOP ( 'NONE', ( #659, #3821, #2976, #2853, #3398 ) ) ;
#1609 = CARTESIAN_POINT ( 'NONE',  ( 11.00000000000000000, 19.50000000000000000, -24.49999999999996803 ) ) ;
#1610 = DIRECTION ( 'NONE',  ( -0.000000000000000000, -0.000000000000000000, 1.000000000000000000 ) ) ;
#1611 = AXIS2_PLACEMENT_3D ( 'NONE', #1375, #1065, #3510 ) ;
#1612 = VECTOR ( 'NONE', #2020, 1000.000000000000000 ) ;
#1613 = EDGE_LOOP ( 'NONE', ( #1502, #3247, #3503, #1563 ) ) ;
#1614 = VECTOR ( 'NONE', #2229, 999.9999999999998863 ) ;
#1615 = DIRECTION ( 'NONE',  ( -0.8320502943378437211, -0.5547001962252290364, 0.000000000000000000 ) ) ;
#1616 = FACE_OUTER_BOUND ( 'NONE', #1874, .T. ) ;
#1617 = ORIENTED_EDGE ( 'NONE', *, *, #3913, .F. ) ;
#1618 = ORIENTED_EDGE ( 'NONE', *, *, #3254, .T. ) ;
#1619 = ORIENTED_EDGE ( 'NONE', *, *, #1271, .F. ) ;
#1620 = CARTESIAN_POINT ( 'NONE',  ( 10.00000000000001421, 21.50000000000000000, 28.49999999999999645 ) ) ;
#1621 = CIRCLE ( 'NONE', #3879, 2.499999999999998668 ) ;
#1622 = CARTESIAN_POINT ( 'NONE',  ( 30.69999999999997797, 16.19999999999995310, -4.000000000000000000 ) ) ;
#1623 = LINE ( 'NONE', #750, #318 ) ;
#1624 = ADVANCED_FACE ( 'NONE', ( #2515 ), #3992, .T. ) ;
#1625 = AXIS2_PLACEMENT_3D ( 'NONE', #1746, #2319, #2398 ) ;
#1626 = TOROIDAL_SURFACE ( 'NONE', #302, 4.499999999999999112, 2.000000000000000000 ) ;
#1627 = DIRECTION ( 'NONE',  ( -0.000000000000000000, -1.000000000000000000, -0.000000000000000000 ) ) ;
#1628 = VECTOR ( 'NONE', #1990, 1000.000000000000227 ) ;
#1629 = EDGE_LOOP ( 'NONE', ( #687, #3322, #757, #3461, #2949, #2750, #767, #2577, #3174, #82, #1252, #2, #2175, #3336, #2424, #979, #2912, #3709, #3675, #3508 ) ) ;
#1630 = CARTESIAN_POINT ( 'NONE',  ( -9.999999999999985789, 21.50000000000000000, 33.00000000000000000 ) ) ;
#1631 = DIRECTION ( 'NONE',  ( 0.000000000000000000, -0.000000000000000000, 1.000000000000000000 ) ) ;
#1632 = EDGE_CURVE ( 'NONE', #3298, #3631, #903, .T. ) ;
#1633 = ORIENTED_EDGE ( 'NONE', *, *, #555, .F. ) ;
#1634 = FACE_BOUND ( 'NONE', #1964, .T. ) ;
#1635 = DIRECTION ( 'NONE',  ( -2.312964634635742957E-16, 0.000000000000000000, -1.000000000000000000 ) ) ;
#1636 = ADVANCED_FACE ( 'NONE', ( #1616 ), #2152, .T. ) ;
#1637 = ORIENTED_EDGE ( 'NONE', *, *, #3778, .T. ) ;
#1638 = ORIENTED_EDGE ( 'NONE', *, *, #697, .F. ) ;
#1639 = VERTEX_POINT ( 'NONE', #2851 ) ;
#1640 = ORIENTED_EDGE ( 'NONE', *, *, #280, .F. ) ;
#1641 = VERTEX_POINT ( 'NONE', #1877 ) ;
#1642 = DIRECTION ( 'NONE',  ( -1.000000000000000000, 0.000000000000000000, 0.000000000000000000 ) ) ;
#1643 = CARTESIAN_POINT ( 'NONE',  ( -7.499999999999998224, -28.00000000000000355, 16.49999999999998934 ) ) ;
#1644 = CARTESIAN_POINT ( 'NONE',  ( 0.000000000000000000, 25.00000000000000000, 30.00000000000000000 ) ) ;
#1645 = VERTEX_POINT ( 'NONE', #3069 ) ;
#1646 = TOROIDAL_SURFACE ( 'NONE', #3445, 4.499999999999999112, 2.000000000000000000 ) ;
#1647 = DIRECTION ( 'NONE',  ( -0.5547001962252289253, 0.8320502943378438321, 0.000000000000000000 ) ) ;
#1648 = ORIENTED_EDGE ( 'NONE', *, *, #2164, .T. ) ;
#1649 = EDGE_CURVE ( 'NONE', #2635, #171, #2901, .T. ) ;
#1650 = CARTESIAN_POINT ( 'NONE',  ( 30.69999999999999929, 43.00000000000000000, 0.000000000000000000 ) ) ;
#1651 = CARTESIAN_POINT ( 'NONE',  ( -11.00000000000000000, 19.50000000000000000, -24.49999999999994316 ) ) ;
#1652 = ORIENTED_EDGE ( 'NONE', *, *, #3327, .F. ) ;
#1653 = EDGE_CURVE ( 'NONE', #2780, #2465, #1805, .T. ) ;
#1654 = CARTESIAN_POINT ( 'NONE',  ( 12.00000000000000000, 23.00000000000000000, -25.00000000000000000 ) ) ;
#1655 = LINE ( 'NONE', #3809, #2249 ) ;
#1656 = ORIENTED_EDGE ( 'NONE', *, *, #2478, .T. ) ;
#1657 = ORIENTED_EDGE ( 'NONE', *, *, #2186, .F. ) ;
#1658 = ORIENTED_EDGE ( 'NONE', *, *, #2485, .T. ) ;
#1659 = EDGE_CURVE ( 'NONE', #90, #3114, #308, .T. ) ;
#1660 = CARTESIAN_POINT ( 'NONE',  ( 12.00000000000000000, 21.50000000000000000, 25.00000000000000000 ) ) ;
#1661 =( NAMED_UNIT ( * ) SI_UNIT ( $, .STERADIAN. ) SOLID_ANGLE_UNIT ( ) );
#1662 = ORIENTED_EDGE ( 'NONE', *, *, #2555, .T. ) ;
#1663 = DIRECTION ( 'NONE',  ( 0.000000000000000000, 1.000000000000000000, -0.000000000000000000 ) ) ;
#1664 = ORIENTED_EDGE ( 'NONE', *, *, #2350, .T. ) ;
#1665 = PLANE ( 'NONE',  #1690 ) ;
#1666 = EDGE_CURVE ( 'NONE', #2816, #336, #2068, .T. ) ;
#1667 = AXIS2_PLACEMENT_3D ( 'NONE', #1841, #273, #1215 ) ;
#1668 = EDGE_LOOP ( 'NONE', ( #1247, #3056, #3291, #793 ) ) ;
#1669 = CARTESIAN_POINT ( 'NONE',  ( -17.49999999999995381, 25.00000000000000000, 30.00000000000000355 ) ) ;
#1670 = DIRECTION ( 'NONE',  ( 0.000000000000000000, 1.000000000000000000, -0.000000000000000000 ) ) ;
#1671 = AXIS2_PLACEMENT_3D ( 'NONE', #741, #2573, #1336 ) ;
#1672 = VECTOR ( 'NONE', #1827, 1000.000000000000000 ) ;
#1674 = ADVANCED_FACE ( 'NONE', ( #3545 ), #2871, .T. ) ;
#1673 = ORIENTED_EDGE ( 'NONE', *, *, #1237, .F. ) ;
#1675 = EDGE_CURVE ( 'NONE', #2905, #1540, #3158, .T. ) ;
#1676 = ORIENTED_EDGE ( 'NONE', *, *, #693, .F. ) ;
#1677 = PLANE ( 'NONE',  #2133 ) ;
#1678 = CIRCLE ( 'NONE', #2701, 1.999999999999995781 ) ;
#1679 = ORIENTED_EDGE ( 'NONE', *, *, #1253, .T. ) ;
#1680 = ORIENTED_EDGE ( 'NONE', *, *, #3840, .T. ) ;
#1681 = CYLINDRICAL_SURFACE ( 'NONE', #2501, 0.9999999999999991118 ) ;
#1682 = DIRECTION ( 'NONE',  ( -0.000000000000000000, -1.000000000000000000, -0.000000000000000000 ) ) ;
#1683 = ORIENTED_EDGE ( 'NONE', *, *, #719, .T. ) ;
#1684 = AXIS2_PLACEMENT_3D ( 'NONE', #3762, #3355, #559 ) ;
#1685 = CYLINDRICAL_SURFACE ( 'NONE', #2088, 2.499999999999998668 ) ;
#1686 = AXIS2_PLACEMENT_3D ( 'NONE', #2355, #517, #1724 ) ;
#1687 = ORIENTED_EDGE ( 'NONE', *, *, #3254, .F. ) ;
#1688 = AXIS2_PLACEMENT_3D ( 'NONE', #1353, #2034, #444 ) ;
#1689 = CARTESIAN_POINT ( 'NONE',  ( -10.27565835097471947, 25.00000000000000000, -30.82697505292422235 ) ) ;
#1690 = AXIS2_PLACEMENT_3D ( 'NONE', #1728, #3521, #2649 ) ;
#1691 = CARTESIAN_POINT ( 'NONE',  ( 22.74999999999999289, 4.000000000000000000, -20.00000000000000711 ) ) ;
#1692 = CARTESIAN_POINT ( 'NONE',  ( 22.74999999999999289, 4.000000000000000000, 19.99999999999999289 ) ) ;
#1693 = EDGE_CURVE ( 'NONE', #472, #1172, #1655, .T. ) ;
#1694 = VECTOR ( 'NONE', #1584, 1000.000000000000000 ) ;
#1695 = ORIENTED_EDGE ( 'NONE', *, *, #2451, .F. ) ;
#1696 = CYLINDRICAL_SURFACE ( 'NONE', #608, 1.374999999999999556 ) ;
#1697 = ORIENTED_EDGE ( 'NONE', *, *, #3620, .F. ) ;
#1698 = ORIENTED_EDGE ( 'NONE', *, *, #53, .F. ) ;
#1699 = CARTESIAN_POINT ( 'NONE',  ( 30.99999999999999645, 14.20969862026759323, -5.785219290041461626 ) ) ;
#1700 = EDGE_CURVE ( 'NONE', #3043, #3644, #3406, .T. ) ;
#1701 = DIRECTION ( 'NONE',  ( 0.000000000000000000, -1.000000000000000000, 0.000000000000000000 ) ) ;
#1702 = LINE ( 'NONE', #2351, #534 ) ;
#1703 = DIRECTION ( 'NONE',  ( 0.8320502943378431659, -0.5547001962252299245, 0.000000000000000000 ) ) ;
#1704 = ORIENTED_EDGE ( 'NONE', *, *, #1397, .T. ) ;
#1705 = CARTESIAN_POINT ( 'NONE',  ( -17.49999999999995381, 23.00000000000000355, 20.99999999999993250 ) ) ;
#1706 = ADVANCED_FACE ( 'NONE', ( #129 ), #408, .T. ) ;
#1707 = VECTOR ( 'NONE', #2356, 1000.000000000000000 ) ;
#1708 = DIRECTION ( 'NONE',  ( 0.000000000000000000, 0.000000000000000000, 1.000000000000000000 ) ) ;
#1709 = VECTOR ( 'NONE', #234, 1000.000000000000000 ) ;
#1710 = EDGE_LOOP ( 'NONE', ( #3381, #3132 ) ) ;
#1711 = EDGE_CURVE ( 'NONE', #2538, #4007, #1006, .T. ) ;
#1712 = PLANE ( 'NONE',  #3555 ) ;
#1713 = CARTESIAN_POINT ( 'NONE',  ( 7.500000000000001776, 23.00000000000000000, -9.000000000000001776 ) ) ;
#1714 = CARTESIAN_POINT ( 'NONE',  ( 10.00000000000001421, 21.50000000000000000, 28.49999999999999645 ) ) ;
#1715 = VERTEX_POINT ( 'NONE', #146 ) ;
#1716 = CARTESIAN_POINT ( 'NONE',  ( -22.75000000000000711, 4.000000000000000000, 18.89999999999999858 ) ) ;
#1717 = EDGE_LOOP ( 'NONE', ( #2630, #2281, #3226, #1857 ) ) ;
#1718 = VERTEX_POINT ( 'NONE', #763 ) ;
#1719 = CARTESIAN_POINT ( 'NONE',  ( 11.00000000000000000, 21.50000000000000000, -22.49999999999995026 ) ) ;
#1720 = DIRECTION ( 'NONE',  ( 0.000000000000000000, 1.000000000000000000, 0.000000000000000000 ) ) ;
#1721 = ORIENTED_EDGE ( 'NONE', *, *, #3368, .T. ) ;
#1722 = CARTESIAN_POINT ( 'NONE',  ( 12.00000000000000000, 21.50000000000000000, 25.00000000000000000 ) ) ;
#1723 = ADVANCED_BREP_SHAPE_REPRESENTATION ( 'Relay_Box', ( #1038, #3763, #3899 ), #1572 ) ;
#1724 = DIRECTION ( 'NONE',  ( 1.000000000000000000, 0.000000000000000000, 0.000000000000000000 ) ) ;
#1725 = LINE ( 'NONE', #756, #1762 ) ;
#1726 = EDGE_CURVE ( 'NONE', #177, #305, #3733, .T. ) ;
#1727 = ORIENTED_EDGE ( 'NONE', *, *, #1475, .F. ) ;
#1728 = CARTESIAN_POINT ( 'NONE',  ( 8.000000000000000000, 23.00000000000000000, 25.00000000000000000 ) ) ;
#1729 = DIRECTION ( 'NONE',  ( 0.000000000000000000, 0.000000000000000000, 1.000000000000000000 ) ) ;
#1730 = EDGE_CURVE ( 'NONE', #1641, #2477, #1742, .T. ) ;
#1731 = ORIENTED_EDGE ( 'NONE', *, *, #3425, .T. ) ;
#1732 = DIRECTION ( 'NONE',  ( 0.3162277660168371640, 0.000000000000000000, -0.9486832980505141011 ) ) ;
#1733 = CYLINDRICAL_SURFACE ( 'NONE', #1198, 2.000000000000000000 ) ;
#1734 = VECTOR ( 'NONE', #1561, 1000.000000000000000 ) ;
#1735 = FACE_OUTER_BOUND ( 'NONE', #587, .T. ) ;
#1736 = ORIENTED_EDGE ( 'NONE', *, *, #363, .F. ) ;
#1737 = AXIS2_PLACEMENT_3D ( 'NONE', #2697, #2333, #231 ) ;
#1738 = VECTOR ( 'NONE', #726, 1000.000000000000000 ) ;
#1739 = CARTESIAN_POINT ( 'NONE',  ( 27.37179882264860353, 14.81324950943689522, -4.000000000000000000 ) ) ;
#1740 = FACE_OUTER_BOUND ( 'NONE', #2098, .T. ) ;
#1741 = CARTESIAN_POINT ( 'NONE',  ( -31.00000000000000000, 25.00000000000000000, 23.91886116991581090 ) ) ;
#1742 = CIRCLE ( 'NONE', #480, 1.374999999999999556 ) ;
#1743 = VECTOR ( 'NONE', #640, 999.9999999999998863 ) ;
#1744 = ORIENTED_EDGE ( 'NONE', *, *, #2452, .F. ) ;
#1745 = VERTEX_POINT ( 'NONE', #106 ) ;
#1746 = CARTESIAN_POINT ( 'NONE',  ( 7.500000000000000000, 25.00000000000000000, -3.469446951953614189E-15 ) ) ;
#1747 = EDGE_CURVE ( 'NONE', #1027, #2433, #448, .T. ) ;
#1748 = LINE ( 'NONE', #1156, #904 ) ;
#1749 = VERTEX_POINT ( 'NONE', #2593 ) ;
#1750 = EDGE_CURVE ( 'NONE', #388, #3147, #2307, .T. ) ;
#1751 = TOROIDAL_SURFACE ( 'NONE', #2848, 4.499999999999999112, 2.000000000000000000 ) ;
#1752 = LINE ( 'NONE', #1495, #3681 ) ;
#1753 = SURFACE_STYLE_FILL_AREA ( #1063 ) ;
#1754 = ORIENTED_EDGE ( 'NONE', *, *, #512, .F. ) ;
#1755 = DIRECTION ( 'NONE',  ( -1.000000000000000000, 0.000000000000000000, 0.000000000000000000 ) ) ;
#1756 = FACE_OUTER_BOUND ( 'NONE', #992, .T. ) ;
#1757 = EDGE_CURVE ( 'NONE', #2558, #1527, #2287, .T. ) ;
#1758 = AXIS2_PLACEMENT_3D ( 'NONE', #632, #4004, #1871 ) ;
#1759 = ADVANCED_FACE ( 'NONE', ( #2253 ), #3245, .F. ) ;
#1760 = CARTESIAN_POINT ( 'NONE',  ( 22.74999999999999289, 4.000000000000000000, 19.99999999999999289 ) ) ;
#1761 = ORIENTED_EDGE ( 'NONE', *, *, #3723, .T. ) ;
#1762 = VECTOR ( 'NONE', #737, 1000.000000000000114 ) ;
#1763 = DIRECTION ( 'NONE',  ( 1.000000000000000000, 0.000000000000000000, 0.000000000000000000 ) ) ;
#1764 = EDGE_CURVE ( 'NONE', #1232, #377, #2632, .T. ) ;
#1765 = CYLINDRICAL_SURFACE ( 'NONE', #474, 0.9999999999999991118 ) ;
#1766 = CARTESIAN_POINT ( 'NONE',  ( 11.37500000000001421, 21.50000000000000000, 33.00000000000000000 ) ) ;
#1767 = ORIENTED_EDGE ( 'NONE', *, *, #2939, .F. ) ;
#1768 = ORIENTED_EDGE ( 'NONE', *, *, #863, .T. ) ;
#1769 = FACE_OUTER_BOUND ( 'NONE', #969, .T. ) ;
#1770 = LINE ( 'NONE', #1103, #2380 ) ;
#1771 = DIRECTION ( 'NONE',  ( -0.9486832980505141011, 0.000000000000000000, -0.3162277660168374971 ) ) ;
#1772 = EDGE_LOOP ( 'NONE', ( #2489, #927 ) ) ;
#1773 = PRESENTATION_LAYER_ASSIGNMENT (  '', '', ( #3506 ) ) ;
#1774 = DIRECTION ( 'NONE',  ( 1.000000000000000000, 0.000000000000000000, 0.000000000000000000 ) ) ;
#1775 = VECTOR ( 'NONE', #3573, 1000.000000000000114 ) ;
#1776 = ADVANCED_FACE ( 'NONE', ( #1980 ), #1093, .F. ) ;
#1777 = ORIENTED_EDGE ( 'NONE', *, *, #369, .T. ) ;
#1778 = DIRECTION ( 'NONE',  ( -1.734723475976807094E-16, 0.000000000000000000, -1.000000000000000000 ) ) ;
#1779 = CARTESIAN_POINT ( 'NONE',  ( -17.49999999999995026, 23.00000000000000355, -16.49999999999999289 ) ) ;
#1780 = CARTESIAN_POINT ( 'NONE',  ( 8.000000000000000000, 23.00000000000000355, 20.99999999999997513 ) ) ;
#1781 = DIRECTION ( 'NONE',  ( -0.000000000000000000, 1.000000000000000000, -0.000000000000000000 ) ) ;
#1782 = EDGE_CURVE ( 'NONE', #2062, #2040, #3488, .T. ) ;
#1783 = VERTEX_POINT ( 'NONE', #390 ) ;
#1784 = CARTESIAN_POINT ( 'NONE',  ( 31.00000000000000000, 15.99999999999996980, 23.91886116991582156 ) ) ;
#1785 = DIRECTION ( 'NONE',  ( 0.9486832980505141011, 0.000000000000000000, -0.3162277660168371640 ) ) ;
#1786 = LINE ( 'NONE', #494, #1709 ) ;
#1787 = EDGE_CURVE ( 'NONE', #1593, #1810, #2696, .T. ) ;
#1788 = FACE_OUTER_BOUND ( 'NONE', #1906, .T. ) ;
#1789 = LINE ( 'NONE', #3296, #1367 ) ;
#1790 = EDGE_LOOP ( 'NONE', ( #3021, #326, #1944, #621 ) ) ;
#1791 = CARTESIAN_POINT ( 'NONE',  ( 17.80790021169692139, 0.000000000000000000, 28.00000000000000000 ) ) ;
#1792 = CARTESIAN_POINT ( 'NONE',  ( 11.00000000000000000, 21.50000000000000000, 22.49999999999996447 ) ) ;
#1793 = CARTESIAN_POINT ( 'NONE',  ( 7.500000000000001776, 23.00000000000000000, -15.00000000000000355 ) ) ;
#1794 = CARTESIAN_POINT ( 'NONE',  ( 22.74999999999999289, 4.000000000000000000, 19.99999999999999289 ) ) ;
#1795 = CARTESIAN_POINT ( 'NONE',  ( 31.00000000000000000, 13.04444872453601789, 3.999999999999999112 ) ) ;
#1796 = EDGE_LOOP ( 'NONE', ( #1301, #3150, #1895, #3777 ) ) ;
#1797 = LINE ( 'NONE', #2950, #2963 ) ;
#1798 = EDGE_CURVE ( 'NONE', #2292, #57, #3566, .T. ) ;
#1799 = EDGE_CURVE ( 'NONE', #1072, #917, #2101, .T. ) ;
#1800 = CARTESIAN_POINT ( 'NONE',  ( 10.27565835097471592, 1.500000000000001332, 30.82697505292422946 ) ) ;
#1801 = ORIENTED_EDGE ( 'NONE', *, *, #884, .F. ) ;
#1802 = VECTOR ( 'NONE', #1303, 1000.000000000000000 ) ;
#1803 = FACE_OUTER_BOUND ( 'NONE', #684, .T. ) ;
#1804 = DIRECTION ( 'NONE',  ( 0.000000000000000000, 0.000000000000000000, -1.000000000000000000 ) ) ;
#1805 = CIRCLE ( 'NONE', #2308, 1.100000000000000311 ) ;
#1806 = EDGE_CURVE ( 'NONE', #1384, #1966, #3344, .T. ) ;
#1807 = DIRECTION ( 'NONE',  ( 0.000000000000000000, 0.000000000000000000, -1.000000000000000000 ) ) ;
#1808 = AXIS2_PLACEMENT_3D ( 'NONE', #2134, #3440, #1143 ) ;
#1809 = LINE ( 'NONE', #1791, #116 ) ;
#1810 = VERTEX_POINT ( 'NONE', #1479 ) ;
#1811 = AXIS2_PLACEMENT_3D ( 'NONE', #2497, #597, #2831 ) ;
#1812 = DIRECTION ( 'NONE',  ( -1.000000000000000000, 0.000000000000000000, 0.000000000000000000 ) ) ;
#1813 = LINE ( 'NONE', #2617, #1220 ) ;
#1814 = AXIS2_PLACEMENT_3D ( 'NONE', #1035, #2277, #1015 ) ;
#1815 = CARTESIAN_POINT ( 'NONE',  ( 7.500000000000000000, 23.00000000000000355, -6.000000000000011546 ) ) ;
#1816 = ORIENTED_EDGE ( 'NONE', *, *, #2074, .T. ) ;
#1817 = DIRECTION ( 'NONE',  ( 0.000000000000000000, 0.000000000000000000, -1.000000000000000000 ) ) ;
#1818 = CARTESIAN_POINT ( 'NONE',  ( 7.500000000000001776, 25.00000000000000000, 13.49999999999999822 ) ) ;
#1819 = CIRCLE ( 'NONE', #2450, 1.100000000000000311 ) ;
#1820 = LINE ( 'NONE', #548, #868 ) ;
#1821 = EDGE_LOOP ( 'NONE', ( #566, #3362 ) ) ;
#1822 = ORIENTED_EDGE ( 'NONE', *, *, #2703, .T. ) ;
#1823 = AXIS2_PLACEMENT_3D ( 'NONE', #400, #1663, #2623 ) ;
#1824 = VERTEX_POINT ( 'NONE', #3909 ) ;
#1825 = EDGE_CURVE ( 'NONE', #288, #2965, #2362, .T. ) ;
#1826 = DIRECTION ( 'NONE',  ( -0.8320502943378422778, 0.5547001962252311458, 0.000000000000000000 ) ) ;
#1827 = DIRECTION ( 'NONE',  ( -0.000000000000000000, -0.000000000000000000, -1.000000000000000000 ) ) ;
#1828 = CARTESIAN_POINT ( 'NONE',  ( 22.74999999999999289, 3.500000000000000000, 15.49999999999999467 ) ) ;
#1829 = CARTESIAN_POINT ( 'NONE',  ( 17.49999999999992184, 25.00000000000000000, 28.41886116991583933 ) ) ;
#1830 = CARTESIAN_POINT ( 'NONE',  ( -11.37499999999998579, 21.50000000000000000, 30.00000000000000000 ) ) ;
#1831 = EDGE_CURVE ( 'NONE', #917, #679, #2763, .T. ) ;
#1832 = DIRECTION ( 'NONE',  ( 0.000000000000000000, 0.000000000000000000, -1.000000000000000000 ) ) ;
#1833 = EDGE_CURVE ( 'NONE', #2047, #3904, #795, .T. ) ;
#1834 = ORIENTED_EDGE ( 'NONE', *, *, #3151, .T. ) ;
#1835 = CARTESIAN_POINT ( 'NONE',  ( 22.74999999999999289, 1.500000000000000000, -21.10000000000000853 ) ) ;
#1836 = VERTEX_POINT ( 'NONE', #2115 ) ;
#1837 = ORIENTED_EDGE ( 'NONE', *, *, #1825, .F. ) ;
#1838 = CARTESIAN_POINT ( 'NONE',  ( -22.75000000000000711, 4.000000000000000000, -18.89999999999999503 ) ) ;
#1839 = CARTESIAN_POINT ( 'NONE',  ( -17.49999999999995381, 25.00000000000000000, 28.00000000000000000 ) ) ;
#1840 = ORIENTED_EDGE ( 'NONE', *, *, #2511, .T. ) ;
#1841 = CARTESIAN_POINT ( 'NONE',  ( 0.000000000000000000, 0.000000000000000000, 28.00000000000000000 ) ) ;
#1842 = LINE ( 'NONE', #2850, #2502 ) ;
#1843 = LINE ( 'NONE', #2810, #2646 ) ;
#1844 = CARTESIAN_POINT ( 'NONE',  ( 0.000000000000000000, 0.000000000000000000, -28.00000000000000000 ) ) ;
#1845 = CARTESIAN_POINT ( 'NONE',  ( -10.00000000000000000, 21.50000000000000000, 28.00000000000000000 ) ) ;
#1846 = EDGE_CURVE ( 'NONE', #343, #1527, #3477, .T. ) ;
#1847 = EDGE_CURVE ( 'NONE', #1869, #1519, #466, .T. ) ;
#1848 = ORIENTED_EDGE ( 'NONE', *, *, #3359, .F. ) ;
#1849 = EDGE_LOOP ( 'NONE', ( #2982, #279, #2353, #1507, #2169, #3267, #1389, #1683, #1004, #2547, #7, #3009, #836, #1013, #2828, #3385 ) ) ;
#1850 = DIRECTION ( 'NONE',  ( -0.000000000000000000, -1.000000000000000000, 0.000000000000000000 ) ) ;
#1851 = EDGE_LOOP ( 'NONE', ( #2035, #1905 ) ) ;
#1852 = CARTESIAN_POINT ( 'NONE',  ( 10.00000000000001421, 21.50000000000000000, 33.00000000000000000 ) ) ;
#1853 = LINE ( 'NONE', #3666, #683 ) ;
#1854 = DIRECTION ( 'NONE',  ( 0.000000000000000000, 0.000000000000000000, 1.000000000000000000 ) ) ;
#1855 = DIRECTION ( 'NONE',  ( 0.000000000000000000, 1.000000000000000000, -0.000000000000000000 ) ) ;
#1856 = ORIENTED_EDGE ( 'NONE', *, *, #3778, .F. ) ;
#1857 = ORIENTED_EDGE ( 'NONE', *, *, #184, .T. ) ;
#1858 = ORIENTED_EDGE ( 'NONE', *, *, #2939, .T. ) ;
#1859 = ORIENTED_EDGE ( 'NONE', *, *, #3418, .F. ) ;
#1860 = CYLINDRICAL_SURFACE ( 'NONE', #609, 1.374999999999999556 ) ;
#1861 = DIRECTION ( 'NONE',  ( 0.000000000000000000, -1.000000000000000000, 0.000000000000000000 ) ) ;
#1862 = PLANE ( 'NONE',  #2217 ) ;
#1863 = LINE ( 'NONE', #3096, #3485 ) ;
#1864 = ADVANCED_FACE ( 'NONE', ( #3945 ), #1733, .T. ) ;
#1865 = VECTOR ( 'NONE', #3005, 1000.000000000000000 ) ;
#1866 = VECTOR ( 'NONE', #1529, 999.9999999999998863 ) ;
#1867 = DIRECTION ( 'NONE',  ( -0.000000000000000000, -1.000000000000000000, -0.000000000000000000 ) ) ;
#1868 = AXIS2_PLACEMENT_3D ( 'NONE', #2405, #3044, #754 ) ;
#1869 = VERTEX_POINT ( 'NONE', #2715 ) ;
#1870 = EDGE_CURVE ( 'NONE', #666, #3864, #3283, .T. ) ;
#1871 = DIRECTION ( 'NONE',  ( 0.5547001962252318119, 0.8320502943378420557, 0.000000000000000000 ) ) ;
#1872 = CARTESIAN_POINT ( 'NONE',  ( 11.37500000000001421, 21.50000000000000000, 33.00000000000000000 ) ) ;
#1873 = ORIENTED_EDGE ( 'NONE', *, *, #1798, .F. ) ;
#1874 = EDGE_LOOP ( 'NONE', ( #1617, #3140, #3512, #3637 ) ) ;
#1875 = ADVANCED_FACE ( 'NONE', ( #1756 ), #507, .F. ) ;
#1876 = CARTESIAN_POINT ( 'NONE',  ( 31.00000000000000000, 1.500000000000000000, -23.91886116991582156 ) ) ;
#1877 = CARTESIAN_POINT ( 'NONE',  ( 8.625000000000014211, 21.50000000000000000, 30.00000000000000000 ) ) ;
#1878 = EDGE_CURVE ( 'NONE', #171, #2558, #187, .T. ) ;
#1879 = VECTOR ( 'NONE', #2191, 1000.000000000000114 ) ;
#1880 = APPLICATION_PROTOCOL_DEFINITION ( 'draft international standard', 'automotive_design', 1998, #1165 ) ;
#1881 = ORIENTED_EDGE ( 'NONE', *, *, #1920, .T. ) ;
#1882 = ORIENTED_EDGE ( 'NONE', *, *, #98, .T. ) ;
#1883 = VERTEX_POINT ( 'NONE', #3923 ) ;
#1884 = EDGE_LOOP ( 'NONE', ( #3953, #1721, #3669, #975 ) ) ;
#1885 = VECTOR ( 'NONE', #2612, 1000.000000000000000 ) ;
#1886 = EDGE_CURVE ( 'NONE', #3755, #551, #751, .T. ) ;
#1887 = CARTESIAN_POINT ( 'NONE',  ( -30.70000000000000284, 43.00000000000000000, 23.70263340389896811 ) ) ;
#1888 = DIRECTION ( 'NONE',  ( 0.000000000000000000, 1.000000000000000000, 0.000000000000000000 ) ) ;
#1889 = CARTESIAN_POINT ( 'NONE',  ( 22.74999999999999289, 4.000000000000000000, 19.99999999999999289 ) ) ;
#1890 = CARTESIAN_POINT ( 'NONE',  ( 7.500000000000001776, 25.00000000000000000, -15.00000000000000355 ) ) ;
#1891 = DIRECTION ( 'NONE',  ( 0.3162277660168374971, 0.000000000000000000, 0.9486832980505141011 ) ) ;
#1892 = AXIS2_PLACEMENT_3D ( 'NONE', #2531, #3163, #1244 ) ;
#1893 = VECTOR ( 'NONE', #3479, 999.9999999999998863 ) ;
#1894 = CARTESIAN_POINT ( 'NONE',  ( 11.00000000000000000, 21.50000000000000000, 22.49999999999996447 ) ) ;
#1895 = ORIENTED_EDGE ( 'NONE', *, *, #1798, .T. ) ;
#1896 = CARTESIAN_POINT ( 'NONE',  ( 7.499999999999998224, -28.00000000000000355, 14.99999999999999645 ) ) ;
#1897 = CARTESIAN_POINT ( 'NONE',  ( -22.75000000000000711, 4.000000000000000000, -19.99999999999999645 ) ) ;
#1898 = DIRECTION ( 'NONE',  ( 1.000000000000000000, 0.000000000000000000, -2.312964634635742957E-16 ) ) ;
#1899 = ORIENTED_EDGE ( 'NONE', *, *, #3598, .F. ) ;
#1900 = DIRECTION ( 'NONE',  ( -0.3162277660168374971, 0.000000000000000000, 0.9486832980505141011 ) ) ;
#1901 = CARTESIAN_POINT ( 'NONE',  ( -8.000000000000000000, 23.00000000000000000, -25.00000000000000000 ) ) ;
#1902 = LINE ( 'NONE', #4010, #1007 ) ;
#1903 = DIRECTION ( 'NONE',  ( 0.000000000000000000, -0.000000000000000000, 1.000000000000000000 ) ) ;
#1904 = VERTEX_POINT ( 'NONE', #1161 ) ;
#1905 = ORIENTED_EDGE ( 'NONE', *, *, #2099, .T. ) ;
#1906 = EDGE_LOOP ( 'NONE', ( #2842, #185 ) ) ;
#1907 = ORIENTED_EDGE ( 'NONE', *, *, #3918, .F. ) ;
#1908 = ORIENTED_EDGE ( 'NONE', *, *, #3295, .T. ) ;
#1909 = DIRECTION ( 'NONE',  ( 0.000000000000000000, 1.000000000000000000, -0.000000000000000000 ) ) ;
#1910 = LINE ( 'NONE', #316, #1106 ) ;
#1911 = CARTESIAN_POINT ( 'NONE',  ( -22.75000000000000711, 1.500000000000000000, 15.50000000000000178 ) ) ;
#1912 = DIRECTION ( 'NONE',  ( 1.000000000000000000, 0.000000000000000000, 0.000000000000000000 ) ) ;
#1913 = VERTEX_POINT ( 'NONE', #2406 ) ;
#1914 = PLANE ( 'NONE',  #2323 ) ;
#1915 = LINE ( 'NONE', #367, #2841 ) ;
#1916 = ORIENTED_EDGE ( 'NONE', *, *, #3524, .T. ) ;
#1917 = EDGE_LOOP ( 'NONE', ( #2427, #3124, #1656, #3071 ) ) ;
#1918 = CARTESIAN_POINT ( 'NONE',  ( 30.69999999999999929, 43.00000000000000000, 23.70263340389898232 ) ) ;
#1919 = CARTESIAN_POINT ( 'NONE',  ( 0.000000000000000000, 0.000000000000000000, 0.000000000000000000 ) ) ;
#1920 = EDGE_CURVE ( 'NONE', #3278, #3755, #3088, .T. ) ;
#1921 = ORIENTED_EDGE ( 'NONE', *, *, #3700, .T. ) ;
#1922 = ORIENTED_EDGE ( 'NONE', *, *, #808, .T. ) ;
#1923 = ORIENTED_EDGE ( 'NONE', *, *, #671, .T. ) ;
#1924 = ORIENTED_EDGE ( 'NONE', *, *, #2055, .T. ) ;
#1925 = CARTESIAN_POINT ( 'NONE',  ( 31.00000000000000000, 13.04444872453601789, 0.000000000000000000 ) ) ;
#1926 = CARTESIAN_POINT ( 'NONE',  ( -22.75000000000000711, 3.500000000000000000, 15.50000000000000178 ) ) ;
#1927 = LINE ( 'NONE', #61, #3734 ) ;
#1928 = CARTESIAN_POINT ( 'NONE',  ( -22.75000000000000711, 4.000000000000000000, -19.99999999999999645 ) ) ;
#1929 = STYLED_ITEM ( 'NONE', ( #2650 ), #1038 ) ;
#1930 = CARTESIAN_POINT ( 'NONE',  ( -9.000000000000001776, 21.50000000000000000, -28.00000000000000000 ) ) ;
#1931 = AXIS2_PLACEMENT_3D ( 'NONE', #2544, #2563, #2666 ) ;
#1932 = VECTOR ( 'NONE', #1207, 1000.000000000000000 ) ;
#1933 = VERTEX_POINT ( 'NONE', #779 ) ;
#1934 = EDGE_CURVE ( 'NONE', #2200, #646, #809, .T. ) ;
#1935 = CARTESIAN_POINT ( 'NONE',  ( 7.500000000000001776, 25.00000000000000000, 1.499999999999991784 ) ) ;
#1936 = CARTESIAN_POINT ( 'NONE',  ( 17.49999999999999645, 25.00000000000000000, -30.00000000000000000 ) ) ;
#1937 = AXIS2_PLACEMENT_3D ( 'NONE', #1793, #817, #3023 ) ;
#1938 = VECTOR ( 'NONE', #186, 999.9999999999998863 ) ;
#1939 = DIRECTION ( 'NONE',  ( -0.000000000000000000, 1.000000000000000000, -0.000000000000000000 ) ) ;
#1940 = ORIENTED_EDGE ( 'NONE', *, *, #3889, .F. ) ;
#1941 = CARTESIAN_POINT ( 'NONE',  ( 0.000000000000000000, 25.00000000000000000, 28.49999999999999645 ) ) ;
#1942 = DIRECTION ( 'NONE',  ( 0.000000000000000000, 0.000000000000000000, 1.000000000000000000 ) ) ;
#1943 = EDGE_LOOP ( 'NONE', ( #2332, #1205, #725, #647 ) ) ;
#1944 = ORIENTED_EDGE ( 'NONE', *, *, #2451, .T. ) ;
#1945 = ORIENTED_EDGE ( 'NONE', *, *, #310, .F. ) ;
#1946 = DIRECTION ( 'NONE',  ( 0.8017837257372731896, 0.5345224838248485710, -0.2672612419124243410 ) ) ;
#1947 = AXIS2_PLACEMENT_3D ( 'NONE', #1183, #252, #2118 ) ;
#1948 = DIRECTION ( 'NONE',  ( 0.000000000000000000, 0.000000000000000000, 1.000000000000000000 ) ) ;
#1949 = CARTESIAN_POINT ( 'NONE',  ( -22.75000000000000711, 1.500000000000000000, -21.09999999999999787 ) ) ;
#1950 = ADVANCED_FACE ( 'NONE', ( #1769 ), #132, .F. ) ;
#1951 = AXIS2_PLACEMENT_3D ( 'NONE', #2683, #3614, #2979 ) ;
#1952 = CIRCLE ( 'NONE', #2203, 1.100000000000000311 ) ;
#1953 = DIRECTION ( 'NONE',  ( -0.8320502943378438321, -0.5547001962252289253, 0.000000000000000000 ) ) ;
#1954 = ADVANCED_FACE ( 'NONE', ( #147 ), #3225, .T. ) ;
#1955 = AXIS2_PLACEMENT_3D ( 'NONE', #1454, #1512, #538 ) ;
#1956 = VERTEX_POINT ( 'NONE', #467 ) ;
#1957 = LINE ( 'NONE', #1976, #1287 ) ;
#1958 = CARTESIAN_POINT ( 'NONE',  ( 17.49999999999999645, 0.000000000000000000, -30.00000000000000000 ) ) ;
#1959 = ADVANCED_FACE ( 'NONE', ( #1735 ), #1696, .F. ) ;
#1960 = CARTESIAN_POINT ( 'NONE',  ( -10.74999999999997691, 0.000000000000000000, -32.24999999999999289 ) ) ;
#1961 = EDGE_LOOP ( 'NONE', ( #573, #3386, #3518, #970 ) ) ;
#1962 = CARTESIAN_POINT ( 'NONE',  ( -17.50000000000000000, 25.00000000000000000, -29.99999999999999289 ) ) ;
#1963 = CARTESIAN_POINT ( 'NONE',  ( -41.87199287226405886, 6.752004751823937667, 19.97863577981094352 ) ) ;
#1964 = EDGE_LOOP ( 'NONE', ( #1226, #2015 ) ) ;
#1965 = VERTEX_POINT ( 'NONE', #451 ) ;
#1966 = VERTEX_POINT ( 'NONE', #1377 ) ;
#1967 = VERTEX_POINT ( 'NONE', #2291 ) ;
#1968 = VECTOR ( 'NONE', #2721, 1000.000000000000000 ) ;
#1969 = CARTESIAN_POINT ( 'NONE',  ( 30.69999999999999929, 15.48293368715326501, 5.999999999999989342 ) ) ;
#1970 = CARTESIAN_POINT ( 'NONE',  ( -10.74999999999997691, 25.00000000000000000, 32.24999999999999289 ) ) ;
#1971 = FACE_OUTER_BOUND ( 'NONE', #1717, .T. ) ;
#1972 = VECTOR ( 'NONE', #1170, 999.9999999999998863 ) ;
#1973 = FACE_OUTER_BOUND ( 'NONE', #864, .T. ) ;
#1974 = ORIENTED_EDGE ( 'NONE', *, *, #487, .F. ) ;
#1975 = EDGE_CURVE ( 'NONE', #1836, #1913, #2331, .T. ) ;
#1976 = CARTESIAN_POINT ( 'NONE',  ( 0.000000000000000000, 1.500000000000001332, 28.49999999999999645 ) ) ;
#1977 = ORIENTED_EDGE ( 'NONE', *, *, #960, .F. ) ;
#1978 = ORIENTED_EDGE ( 'NONE', *, *, #2387, .T. ) ;
#1979 = DIRECTION ( 'NONE',  ( -1.000000000000000000, 0.000000000000000000, 0.000000000000000000 ) ) ;
#1980 = FACE_OUTER_BOUND ( 'NONE', #1318, .T. ) ;
#1981 = ORIENTED_EDGE ( 'NONE', *, *, #3845, .T. ) ;
#1982 = VERTEX_POINT ( 'NONE', #2022 ) ;
#1983 = CARTESIAN_POINT ( 'NONE',  ( 17.80790021169689297, 24.79473319220206662, -28.00000000000000355 ) ) ;
#1984 = ORIENTED_EDGE ( 'NONE', *, *, #2262, .T. ) ;
#1985 = VERTEX_POINT ( 'NONE', #170 ) ;
#1986 = CARTESIAN_POINT ( 'NONE',  ( 28.11282248824738517, 15.92478500783506234, -4.000000000000000000 ) ) ;
#1987 = EDGE_CURVE ( 'NONE', #3564, #3732, #2931, .T. ) ;
#1988 = DIRECTION ( 'NONE',  ( 0.000000000000000000, 1.000000000000000000, -0.000000000000000000 ) ) ;
#1989 = LINE ( 'NONE', #2583, #2094 ) ;
#1990 = DIRECTION ( 'NONE',  ( -0.8017837257372731896, -0.5345224838248485710, 0.2672612419124243410 ) ) ;
#1991 = EDGE_CURVE ( 'NONE', #1749, #3579, #2039, .T. ) ;
#1992 = ORIENTED_EDGE ( 'NONE', *, *, #3151, .F. ) ;
#1993 = VECTOR ( 'NONE', #2532, 1000.000000000000000 ) ;
#1994 = CARTESIAN_POINT ( 'NONE',  ( 22.74999999999999289, 4.000000000000000000, 17.49999999999999645 ) ) ;
#1995 =( LENGTH_UNIT ( ) NAMED_UNIT ( * ) SI_UNIT ( .MILLI., .METRE. ) );
#1996 = AXIS2_PLACEMENT_3D ( 'NONE', #2542, #2616, #378 ) ;
#1997 = EDGE_CURVE ( 'NONE', #406, #2920, #411, .T. ) ;
#1998 = CARTESIAN_POINT ( 'NONE',  ( -11.37499999999999645, 21.50000000000000000, -30.00000000000000000 ) ) ;
#1999 = DIRECTION ( 'NONE',  ( 0.000000000000000000, 0.000000000000000000, 1.000000000000000000 ) ) ;
#2000 = DIRECTION ( 'NONE',  ( 0.000000000000000000, 0.000000000000000000, 1.000000000000000000 ) ) ;
#2001 = VECTOR ( 'NONE', #486, 1000.000000000000000 ) ;
#2002 = AXIS2_PLACEMENT_3D ( 'NONE', #691, #1364, #1036 ) ;
#2003 = ADVANCED_FACE ( 'NONE', ( #1032 ), #1677, .F. ) ;
#2004 = VECTOR ( 'NONE', #21, 1000.000000000000000 ) ;
#2005 = VERTEX_POINT ( 'NONE', #1716 ) ;
#2006 = ORIENTED_EDGE ( 'NONE', *, *, #693, .T. ) ;
#2007 = LINE ( 'NONE', #356, #2181 ) ;
#2008 = CYLINDRICAL_SURFACE ( 'NONE', #2140, 0.9999999999999991118 ) ;
#2009 = DIRECTION ( 'NONE',  ( -1.734723475976807094E-16, -0.000000000000000000, -1.000000000000000000 ) ) ;
#2010 = DIRECTION ( 'NONE',  ( -0.000000000000000000, -1.000000000000000000, -0.000000000000000000 ) ) ;
#2011 = ORIENTED_EDGE ( 'NONE', *, *, #3973, .F. ) ;
#2012 = EDGE_CURVE ( 'NONE', #2465, #2780, #883, .T. ) ;
#2013 = VERTEX_POINT ( 'NONE', #3829 ) ;
#2014 = AXIS2_PLACEMENT_3D ( 'NONE', #2915, #2543, #3833 ) ;
#2015 = ORIENTED_EDGE ( 'NONE', *, *, #1675, .T. ) ;
#2016 = VECTOR ( 'NONE', #1586, 1000.000000000000000 ) ;
#2017 = DIRECTION ( 'NONE',  ( 1.000000000000000000, 0.000000000000000000, -1.156482317317871478E-16 ) ) ;
#2018 = CARTESIAN_POINT ( 'NONE',  ( -7.499999999999998224, 23.00000000000000000, -16.49999999999999645 ) ) ;
#2019 = AXIS2_PLACEMENT_3D ( 'NONE', #3820, #2880, #3198 ) ;
#2020 = DIRECTION ( 'NONE',  ( -0.000000000000000000, 1.000000000000000000, -0.000000000000000000 ) ) ;
#2021 = CARTESIAN_POINT ( 'NONE',  ( 7.500000000000001776, -28.00000000000000355, 13.49999999999999822 ) ) ;
#2022 = CARTESIAN_POINT ( 'NONE',  ( -8.624999999999987566, 21.50000000000000000, 30.00000000000000000 ) ) ;
#2023 = ORIENTED_EDGE ( 'NONE', *, *, #1987, .F. ) ;
#2024 = VERTEX_POINT ( 'NONE', #2948 ) ;
#2025 = LINE ( 'NONE', #2677, #415 ) ;
#2026 = CARTESIAN_POINT ( 'NONE',  ( -7.500000000000001776, 25.00000000000000000, 15.00000000000000000 ) ) ;
#2027 = ADVANCED_FACE ( 'NONE', ( #3584 ), #1420, .T. ) ;
#2028 = DIRECTION ( 'NONE',  ( 0.8017837257372737447, 0.5345224838248479049, -0.2672612419124241190 ) ) ;
#2029 = ORIENTED_EDGE ( 'NONE', *, *, #1799, .T. ) ;
#2030 = PLANE ( 'NONE',  #1951 ) ;
#2031 = CIRCLE ( 'NONE', #4020, 2.499999999999998668 ) ;
#2032 = FACE_BOUND ( 'NONE', #1772, .T. ) ;
#2033 = ORIENTED_EDGE ( 'NONE', *, *, #3414, .F. ) ;
#2034 = DIRECTION ( 'NONE',  ( -0.3162277660168378857, 0.000000000000000000, -0.9486832980505138790 ) ) ;
#2035 = ORIENTED_EDGE ( 'NONE', *, *, #2781, .T. ) ;
#2036 = DIRECTION ( 'NONE',  ( -0.9486832980505141011, 0.000000000000000000, -0.3162277660168371640 ) ) ;
#2037 = CARTESIAN_POINT ( 'NONE',  ( 22.74999999999999289, 3.500000000000000000, -24.50000000000000711 ) ) ;
#2038 = CARTESIAN_POINT ( 'NONE',  ( -17.49999999999995026, 23.00000000000000355, -8.999999999999994671 ) ) ;
#2039 = LINE ( 'NONE', #2970, #815 ) ;
#2040 = VERTEX_POINT ( 'NONE', #1983 ) ;
#2041 = ORIENTED_EDGE ( 'NONE', *, *, #694, .F. ) ;
#2042 = EDGE_CURVE ( 'NONE', #3227, #2780, #2348, .T. ) ;
#2043 = LINE ( 'NONE', #1739, #28 ) ;
#2044 = DIRECTION ( 'NONE',  ( 0.000000000000000000, 1.000000000000000000, 0.000000000000000000 ) ) ;
#2045 = CARTESIAN_POINT ( 'NONE',  ( -9.000000000000000000, 23.49999999999999645, -20.49999999999998579 ) ) ;
#2046 = ORIENTED_EDGE ( 'NONE', *, *, #1115, .F. ) ;
#2047 = VERTEX_POINT ( 'NONE', #3285 ) ;
#2048 =( BOUNDED_CURVE ( )  B_SPLINE_CURVE ( 3, ( #2680, #2045, #2371, #2352 ),
 .UNSPECIFIED., .F., .F. ) 
 B_SPLINE_CURVE_WITH_KNOTS ( ( 4, 4 ),
 ( 1.570796326794896558, 4.712388980384689674 ),
 .UNSPECIFIED. ) 
 CURVE ( )  GEOMETRIC_REPRESENTATION_ITEM ( )  RATIONAL_B_SPLINE_CURVE ( ( 1.000000000000000000, 0.3333333333333333703, 0.3333333333333333703, 1.000000000000000000 ) ) 
 REPRESENTATION_ITEM ( '' )  );
#2049 = ORIENTED_EDGE ( 'NONE', *, *, #882, .T. ) ;
#2050 = ADVANCED_FACE ( 'NONE', ( #2575 ), #233, .F. ) ;
#2051 = DIRECTION ( 'NONE',  ( 0.000000000000000000, 0.000000000000000000, 1.000000000000000000 ) ) ;
#2052 = CARTESIAN_POINT ( 'NONE',  ( -7.500000000000000000, 25.00000000000000000, 0.000000000000000000 ) ) ;
#2053 = CARTESIAN_POINT ( 'NONE',  ( 7.500000000000000000, 23.00000000000000355, 16.49999999999998224 ) ) ;
#2054 = ORIENTED_EDGE ( 'NONE', *, *, #2167, .T. ) ;
#2055 = EDGE_CURVE ( 'NONE', #3234, #3278, #2914, .T. ) ;
#2056 = CARTESIAN_POINT ( 'NONE',  ( -22.75000000000000711, 4.000000000000000000, -18.89999999999999503 ) ) ;
#2057 = ORIENTED_EDGE ( 'NONE', *, *, #3987, .T. ) ;
#2058 = CARTESIAN_POINT ( 'NONE',  ( -7.499999999999998224, -28.00000000000000355, 13.50000000000000178 ) ) ;
#2059 = DIRECTION ( 'NONE',  ( -1.000000000000000000, 0.000000000000000000, 0.000000000000000000 ) ) ;
#2060 = AXIS2_PLACEMENT_3D ( 'NONE', #3312, #208, #1464 ) ;
#2061 = DIRECTION ( 'NONE',  ( -0.000000000000000000, -1.000000000000000000, -0.000000000000000000 ) ) ;
#2062 = VERTEX_POINT ( 'NONE', #2718 ) ;
#2063 = VECTOR ( 'NONE', #3726, 1000.000000000000000 ) ;
#2064 = CARTESIAN_POINT ( 'NONE',  ( 12.00000000000000000, 21.50000000000000000, -25.00000000000000000 ) ) ;
#2065 = DIRECTION ( 'NONE',  ( -1.000000000000000000, 0.000000000000000000, 1.156482317317871478E-16 ) ) ;
#2066 = CARTESIAN_POINT ( 'NONE',  ( -22.75000000000000711, 4.000000000000000000, -19.99999999999999645 ) ) ;
#2067 = EDGE_LOOP ( 'NONE', ( #926, #2435, #2150, #2298 ) ) ;
#2068 = CIRCLE ( 'NONE', #1671, 1.100000000000000311 ) ;
#2069 = VECTOR ( 'NONE', #1109, 1000.000000000000000 ) ;
#2070 = ORIENTED_EDGE ( 'NONE', *, *, #2703, .F. ) ;
#2071 = CARTESIAN_POINT ( 'NONE',  ( 10.74999999999997158, 0.000000000000000000, -32.25000000000000000 ) ) ;
#2072 = FACE_OUTER_BOUND ( 'NONE', #3883, .T. ) ;
#2073 = DIRECTION ( 'NONE',  ( -1.000000000000000000, 0.000000000000000000, 0.000000000000000000 ) ) ;
#2074 = EDGE_CURVE ( 'NONE', #2013, #2108, #3661, .T. ) ;
#2075 = ORIENTED_EDGE ( 'NONE', *, *, #1077, .T. ) ;
#2076 = AXIS2_PLACEMENT_3D ( 'NONE', #567, #205, #2149 ) ;
#2077 = CARTESIAN_POINT ( 'NONE',  ( -12.00000000000000000, 23.00000000000000000, -25.00000000000000000 ) ) ;
#2078 = ADVANCED_FACE ( 'NONE', ( #1166 ), #3380, .T. ) ;
#2079 = EDGE_CURVE ( 'NONE', #1069, #1528, #3968, .T. ) ;
#2080 = VECTOR ( 'NONE', #598, 1000.000000000000000 ) ;
#2081 = ORIENTED_EDGE ( 'NONE', *, *, #2652, .T. ) ;
#2082 = CARTESIAN_POINT ( 'NONE',  ( -8.000000000000000000, 23.00000000000000000, 25.00000000000000000 ) ) ;
#2083 = DIRECTION ( 'NONE',  ( 0.000000000000000000, 0.000000000000000000, 1.000000000000000000 ) ) ;
#2084 = VECTOR ( 'NONE', #3784, 1000.000000000000000 ) ;
#2085 = ADVANCED_FACE ( 'NONE', ( #1459 ), #3066, .F. ) ;
#2086 = DIRECTION ( 'NONE',  ( 0.000000000000000000, 1.000000000000000000, -0.000000000000000000 ) ) ;
#2087 = ORIENTED_EDGE ( 'NONE', *, *, #645, .F. ) ;
#2088 = AXIS2_PLACEMENT_3D ( 'NONE', #3782, #1329, #3215 ) ;
#2089 = LINE ( 'NONE', #456, #3533 ) ;
#2090 = LINE ( 'NONE', #1800, #1972 ) ;
#2091 = ORIENTED_EDGE ( 'NONE', *, *, #3414, .T. ) ;
#2092 = CARTESIAN_POINT ( 'NONE',  ( 10.74999999999997158, 25.00000000000000000, 32.25000000000000000 ) ) ;
#2093 = CARTESIAN_POINT ( 'NONE',  ( 31.00000000000000000, 15.99999999999997335, 0.000000000000000000 ) ) ;
#2094 = VECTOR ( 'NONE', #3232, 1000.000000000000000 ) ;
#2095 = EDGE_CURVE ( 'NONE', #3352, #3527, #3910, .T. ) ;
#2096 = APPLICATION_CONTEXT ( 'automotive_design' ) ;
#2097 = PLANE ( 'NONE',  #435 ) ;
#2098 = EDGE_LOOP ( 'NONE', ( #2081, #3591 ) ) ;
#2099 = EDGE_CURVE ( 'NONE', #1933, #1810, #3166, .T. ) ;
#2100 = LINE ( 'NONE', #875, #2184 ) ;
#2101 = LINE ( 'NONE', #1779, #1865 ) ;
#2102 = FACE_BOUND ( 'NONE', #3103, .T. ) ;
#2103 = FACE_BOUND ( 'NONE', #2314, .T. ) ;
#2104 = EDGE_LOOP ( 'NONE', ( #742, #2893, #1881, #1184 ) ) ;
#2105 = ADVANCED_FACE ( 'NONE', ( #2137 ), #1751, .F. ) ;
#2106 = DIRECTION ( 'NONE',  ( -0.000000000000000000, -1.000000000000000000, 0.000000000000000000 ) ) ;
#2107 = DIRECTION ( 'NONE',  ( -1.734723475976807094E-16, -0.000000000000000000, -1.000000000000000000 ) ) ;
#2108 = VERTEX_POINT ( 'NONE', #899 ) ;
#2109 = VERTEX_POINT ( 'NONE', #3326 ) ;
#2110 = ADVANCED_FACE ( 'NONE', ( #2410, #2751, #2103, #3026, #2446 ), #3627, .T. ) ;
#2111 = CARTESIAN_POINT ( 'NONE',  ( -12.00000000000000000, 21.50000000000000000, 22.49999999999995026 ) ) ;
#2112 = DIRECTION ( 'NONE',  ( 0.000000000000000000, 0.000000000000000000, 1.000000000000000000 ) ) ;
#2113 = CARTESIAN_POINT ( 'NONE',  ( -32.50000000000000000, 14.99999999999997158, 0.000000000000000000 ) ) ;
#2114 = FACE_OUTER_BOUND ( 'NONE', #2576, .T. ) ;
#2115 = CARTESIAN_POINT ( 'NONE',  ( 7.500000000000000000, 23.00000000000000355, 8.999999999999987566 ) ) ;
#2116 = DIRECTION ( 'NONE',  ( 0.9486832980505138790, 0.000000000000000000, 0.3162277660168377746 ) ) ;
#2117 = EDGE_CURVE ( 'NONE', #2267, #3876, #1086, .T. ) ;
#2118 = DIRECTION ( 'NONE',  ( 1.000000000000000000, 0.000000000000000000, 0.000000000000000000 ) ) ;
#2119 = VERTEX_POINT ( 'NONE', #1815 ) ;
#2120 = PLANE ( 'NONE',  #801 ) ;
#2121 = DIRECTION ( 'NONE',  ( 0.000000000000000000, 0.000000000000000000, -1.000000000000000000 ) ) ;
#2122 = EDGE_CURVE ( 'NONE', #2854, #1824, #2388, .T. ) ;
#2123 = CIRCLE ( 'NONE', #1931, 1.499999999999994449 ) ;
#2124 = DIRECTION ( 'NONE',  ( -0.000000000000000000, 1.000000000000000000, -0.000000000000000000 ) ) ;
#2125 = DIRECTION ( 'NONE',  ( 0.000000000000000000, 0.000000000000000000, 1.000000000000000000 ) ) ;
#2126 = AXIS2_PLACEMENT_3D ( 'NONE', #2037, #3264, #498 ) ;
#2127 = LINE ( 'NONE', #3318, #3186 ) ;
#2128 = CIRCLE ( 'NONE', #2241, 1.499999999999994449 ) ;
#2129 = EDGE_CURVE ( 'NONE', #3838, #1496, #3293, .T. ) ;
#2130 = CIRCLE ( 'NONE', #359, 1.499999999999994449 ) ;
#2131 = LINE ( 'NONE', #2077, #1422 ) ;
#2132 = ORIENTED_EDGE ( 'NONE', *, *, #2745, .F. ) ;
#2133 = AXIS2_PLACEMENT_3D ( 'NONE', #3811, #3850, #1071 ) ;
#2134 = CARTESIAN_POINT ( 'NONE',  ( -22.75000000000000711, 4.000000000000000000, -19.99999999999999645 ) ) ;
#2135 = CARTESIAN_POINT ( 'NONE',  ( 17.49999999999999645, 23.00000000000000355, -28.00000000000000000 ) ) ;
#2136 = AXIS2_PLACEMENT_3D ( 'NONE', #829, #3916, #3294 ) ;
#2137 = FACE_OUTER_BOUND ( 'NONE', #2620, .T. ) ;
#2138 = VERTEX_POINT ( 'NONE', #1795 ) ;
#2139 = CARTESIAN_POINT ( 'NONE',  ( -7.499999999999998224, 25.00000000000000000, 13.50000000000000178 ) ) ;
#2140 = AXIS2_PLACEMENT_3D ( 'NONE', #3177, #1283, #981 ) ;
#2141 = CIRCLE ( 'NONE', #3048, 1.499999999999995337 ) ;
#2142 = ORIENTED_EDGE ( 'NONE', *, *, #839, .T. ) ;
#2143 = CARTESIAN_POINT ( 'NONE',  ( -22.75000000000000711, 3.500000000000000000, -19.99999999999999645 ) ) ;
#2144 = DIRECTION ( 'NONE',  ( 0.000000000000000000, 1.000000000000000000, 0.000000000000000000 ) ) ;
#2145 = PLANE ( 'NONE',  #3569 ) ;
#2146 = DIRECTION ( 'NONE',  ( 1.000000000000000000, 0.000000000000000000, 0.000000000000000000 ) ) ;
#2147 = VERTEX_POINT ( 'NONE', #1501 ) ;
#2148 = PLANE ( 'NONE',  #47 ) ;
#2149 = DIRECTION ( 'NONE',  ( 0.8320502943378431659, -0.5547001962252299245, 0.000000000000000000 ) ) ;
#2150 = ORIENTED_EDGE ( 'NONE', *, *, #916, .T. ) ;
#2151 = DIRECTION ( 'NONE',  ( -1.000000000000000000, 0.000000000000000000, 0.000000000000000000 ) ) ;
#2152 = PLANE ( 'NONE',  #539 ) ;
#2153 = ORIENTED_EDGE ( 'NONE', *, *, #2590, .T. ) ;
#2154 = EDGE_LOOP ( 'NONE', ( #3687, #2918, #1203, #3091 ) ) ;
#2155 = ADVANCED_FACE ( 'NONE', ( #3682 ), #3082, .T. ) ;
#2156 = ORIENTED_EDGE ( 'NONE', *, *, #718, .F. ) ;
#2157 = CARTESIAN_POINT ( 'NONE',  ( 11.00000000000000000, 21.50000000000000000, -22.49999999999995026 ) ) ;
#2158 = FACE_OUTER_BOUND ( 'NONE', #3469, .T. ) ;
#2159 = CARTESIAN_POINT ( 'NONE',  ( 10.18079002116967580, 43.00000000000000000, 30.54237006350907890 ) ) ;
#2160 = EDGE_CURVE ( 'NONE', #2540, #3864, #3606, .T. ) ;
#2161 = EDGE_CURVE ( 'NONE', #426, #19, #3484, .T. ) ;
#2162 = DIRECTION ( 'NONE',  ( 0.5547001962252318119, 0.8320502943378420557, -0.000000000000000000 ) ) ;
#2163 = EDGE_CURVE ( 'NONE', #3328, #236, #2867, .T. ) ;
#2164 = EDGE_CURVE ( 'NONE', #2477, #1641, #758, .T. ) ;
#2165 = VERTEX_POINT ( 'NONE', #69 ) ;
#2166 = CARTESIAN_POINT ( 'NONE',  ( 30.69999999999999929, 16.19999999999997442, -28.00000000000000000 ) ) ;
#2167 = EDGE_CURVE ( 'NONE', #3121, #1593, #1545, .T. ) ;
#2168 = EDGE_LOOP ( 'NONE', ( #3452, #89, #461, #3842 ) ) ;
#2169 = ORIENTED_EDGE ( 'NONE', *, *, #1782, .F. ) ;
#2170 = CYLINDRICAL_SURFACE ( 'NONE', #1194, 1.374999999999999556 ) ;
#2171 = DIRECTION ( 'NONE',  ( 0.000000000000000000, -1.000000000000000000, 0.000000000000000000 ) ) ;
#2172 = CARTESIAN_POINT ( 'NONE',  ( 8.000000000000000000, 23.00000000000000000, -20.99999999999993250 ) ) ;
#2173 = CARTESIAN_POINT ( 'NONE',  ( -32.50000000000000000, 0.000000000000000000, -0.000000000000000000 ) ) ;
#2174 = ORIENTED_EDGE ( 'NONE', *, *, #3868, .T. ) ;
#2175 = ORIENTED_EDGE ( 'NONE', *, *, #1449, .T. ) ;
#2176 = ORIENTED_EDGE ( 'NONE', *, *, #162, .T. ) ;
#2177 = CARTESIAN_POINT ( 'NONE',  ( -7.499999999999996447, 25.00000000000000000, 16.49999999999998934 ) ) ;
#2178 = DIRECTION ( 'NONE',  ( 0.000000000000000000, 0.000000000000000000, 1.000000000000000000 ) ) ;
#2179 = LINE ( 'NONE', #911, #1352 ) ;
#2180 = CARTESIAN_POINT ( 'NONE',  ( 22.74999999999999289, 1.500000000000000000, -20.00000000000000711 ) ) ;
#2181 = VECTOR ( 'NONE', #1946, 1000.000000000000227 ) ;
#2182 = VECTOR ( 'NONE', #727, 1000.000000000000000 ) ;
#2183 = DIRECTION ( 'NONE',  ( 0.000000000000000000, 0.000000000000000000, -1.000000000000000000 ) ) ;
#2184 = VECTOR ( 'NONE', #521, 1000.000000000000000 ) ;
#2185 = ORIENTED_EDGE ( 'NONE', *, *, #524, .T. ) ;
#2186 = EDGE_CURVE ( 'NONE', #1883, #2800, #2550, .T. ) ;
#2187 = DIRECTION ( 'NONE',  ( -0.000000000000000000, 1.000000000000000000, -0.000000000000000000 ) ) ;
#2188 = CARTESIAN_POINT ( 'NONE',  ( -10.27565835097472480, 25.00000000000000000, 30.82697505292422591 ) ) ;
#2189 =( BOUNDED_CURVE ( )  B_SPLINE_CURVE ( 3, ( #2269, #2549, #3785, #3748 ),
 .UNSPECIFIED., .F., .F. ) 
 B_SPLINE_CURVE_WITH_KNOTS ( ( 4, 4 ),
 ( 4.712388980384689674, 7.853981633974482790 ),
 .UNSPECIFIED. ) 
 CURVE ( )  GEOMETRIC_REPRESENTATION_ITEM ( )  RATIONAL_B_SPLINE_CURVE ( ( 1.000000000000000000, 0.3333333333333333703, 0.3333333333333333703, 1.000000000000000000 ) ) 
 REPRESENTATION_ITEM ( '' )  );
#2190 = ORIENTED_EDGE ( 'NONE', *, *, #2894, .F. ) ;
#2191 = DIRECTION ( 'NONE',  ( 0.8320502943378437211, 0.5547001962252290364, 0.000000000000000000 ) ) ;
#2192 = ORIENTED_EDGE ( 'NONE', *, *, #3039, .T. ) ;
#2193 = CARTESIAN_POINT ( 'NONE',  ( -10.00000000000000000, 21.50000000000000000, 25.00000000000000000 ) ) ;
#2194 = CARTESIAN_POINT ( 'NONE',  ( 17.25658350974743271, 25.00000000000000000, 28.49999999999999645 ) ) ;
#2195 = DIRECTION ( 'NONE',  ( -0.000000000000000000, -1.000000000000000000, -0.000000000000000000 ) ) ;
#2196 = ADVANCED_FACE ( 'NONE', ( #660 ), #920, .F. ) ;
#2197 = VECTOR ( 'NONE', #13, 1000.000000000000000 ) ;
#2198 = CARTESIAN_POINT ( 'NONE',  ( -9.999999999999985789, 21.50000000000000000, 28.49999999999999645 ) ) ;
#2199 = ORIENTED_EDGE ( 'NONE', *, *, #1115, .T. ) ;
#2200 = VERTEX_POINT ( 'NONE', #610 ) ;
#2201 = ORIENTED_EDGE ( 'NONE', *, *, #3592, .F. ) ;
#2202 = ORIENTED_EDGE ( 'NONE', *, *, #3061, .F. ) ;
#2203 = AXIS2_PLACEMENT_3D ( 'NONE', #2385, #3325, #1480 ) ;
#2204 = PLANE ( 'NONE',  #2709 ) ;
#2205 = DIRECTION ( 'NONE',  ( 0.000000000000000000, 0.000000000000000000, 1.000000000000000000 ) ) ;
#2206 = AXIS2_PLACEMENT_3D ( 'NONE', #3257, #1387, #2587 ) ;
#2207 = CYLINDRICAL_SURFACE ( 'NONE', #3885, 1.100000000000000311 ) ;
#2208 = EDGE_CURVE ( 'NONE', #1210, #3630, #1272, .T. ) ;
#2209 = EDGE_LOOP ( 'NONE', ( #3130, #2533 ) ) ;
#2210 = DIRECTION ( 'NONE',  ( -0.000000000000000000, -1.000000000000000000, -0.000000000000000000 ) ) ;
#2211 = CARTESIAN_POINT ( 'NONE',  ( 29.03589941132429786, 17.30940039245041362, 4.000000000000000000 ) ) ;
#2212 = ORIENTED_EDGE ( 'NONE', *, *, #719, .F. ) ;
#2213 = CARTESIAN_POINT ( 'NONE',  ( 10.00000000000001421, 21.50000000000000000, 33.00000000000000000 ) ) ;
#2214 = EDGE_LOOP ( 'NONE', ( #1242, #364, #3435, #2322 ) ) ;
#2215 = CARTESIAN_POINT ( 'NONE',  ( 7.500000000000001776, 25.00000000000000000, 16.49999999999998934 ) ) ;
#2216 = CYLINDRICAL_SURFACE ( 'NONE', #3859, 1.499999999999995337 ) ;
#2217 = AXIS2_PLACEMENT_3D ( 'NONE', #3390, #599, #3761 ) ;
#2218 = ORIENTED_EDGE ( 'NONE', *, *, #3187, .F. ) ;
#2219 = EDGE_LOOP ( 'NONE', ( #1992, #1907, #802, #989 ) ) ;
#2220 = VECTOR ( 'NONE', #2700, 1000.000000000000000 ) ;
#2221 = ORIENTED_EDGE ( 'NONE', *, *, #479, .T. ) ;
#2222 = EDGE_LOOP ( 'NONE', ( #623, #576, #2006 ) ) ;
#2223 = LINE ( 'NONE', #2858, #2856 ) ;
#2224 = DIRECTION ( 'NONE',  ( 0.000000000000000000, 0.000000000000000000, 1.000000000000000000 ) ) ;
#2225 = EDGE_CURVE ( 'NONE', #49, #343, #325, .T. ) ;
#2226 = CARTESIAN_POINT ( 'NONE',  ( 27.37179882264860709, 14.81324950943689522, 4.000000000000000000 ) ) ;
#2227 = EDGE_LOOP ( 'NONE', ( #2199, #452, #665, #3182 ) ) ;
#2228 = DIRECTION ( 'NONE',  ( -1.000000000000000000, 0.000000000000000000, 0.000000000000000000 ) ) ;
#2229 = DIRECTION ( 'NONE',  ( 0.9486832980505141011, 0.000000000000000000, 0.3162277660168374971 ) ) ;
#2230 = ORIENTED_EDGE ( 'NONE', *, *, #1261, .T. ) ;
#2231 = CARTESIAN_POINT ( 'NONE',  ( 7.500000000000001776, 25.00000000000000000, -6.000000000000007105 ) ) ;
#2232 = CARTESIAN_POINT ( 'NONE',  ( -11.00000000000000000, 21.50000000000000000, 22.49999999999995026 ) ) ;
#2233 = ADVANCED_FACE ( 'NONE', ( #2820 ), #3143, .F. ) ;
#2234 = EDGE_LOOP ( 'NONE', ( #1018, #502, #1174, #235 ) ) ;
#2235 = EDGE_LOOP ( 'NONE', ( #594, #24 ) ) ;
#2236 = ORIENTED_EDGE ( 'NONE', *, *, #2847, .T. ) ;
#2237 = CARTESIAN_POINT ( 'NONE',  ( 7.500000000000001776, -28.00000000000000355, 16.49999999999998934 ) ) ;
#2238 = CARTESIAN_POINT ( 'NONE',  ( -7.499999999999998224, 23.00000000000000000, 16.49999999999998934 ) ) ;
#2239 = CARTESIAN_POINT ( 'NONE',  ( 12.00000000000000000, 21.50000000000000000, 28.00000000000000000 ) ) ;
#2240 = LINE ( 'NONE', #1058, #126 ) ;
#2241 = AXIS2_PLACEMENT_3D ( 'NONE', #2026, #2044, #2699 ) ;
#2242 = ADVANCED_FACE ( 'NONE', ( #849 ), #625, .F. ) ;
#2243 = DIRECTION ( 'NONE',  ( 0.000000000000000000, -0.000000000000000000, 1.000000000000000000 ) ) ;
#2244 = AXIS2_PLACEMENT_3D ( 'NONE', #2776, #269, #1229 ) ;
#2245 = CIRCLE ( 'NONE', #2368, 1.100000000000000311 ) ;
#2246 = ORIENTED_EDGE ( 'NONE', *, *, #3426, .T. ) ;
#2247 = LINE ( 'NONE', #45, #497 ) ;
#2248 = FACE_OUTER_BOUND ( 'NONE', #1108, .T. ) ;
#2249 = VECTOR ( 'NONE', #2611, 1000.000000000000000 ) ;
#2250 = VECTOR ( 'NONE', #1755, 1000.000000000000000 ) ;
#2251 = ORIENTED_EDGE ( 'NONE', *, *, #636, .T. ) ;
#2252 = DIRECTION ( 'NONE',  ( 0.000000000000000000, -0.7071067811865439090, -0.7071067811865512365 ) ) ;
#2253 = FACE_OUTER_BOUND ( 'NONE', #1943, .T. ) ;
#2254 = ORIENTED_EDGE ( 'NONE', *, *, #3673, .F. ) ;
#2255 = ORIENTED_EDGE ( 'NONE', *, *, #605, .F. ) ;
#2256 = ORIENTED_EDGE ( 'NONE', *, *, #2507, .F. ) ;
#2257 = CARTESIAN_POINT ( 'NONE',  ( 12.00000000000000000, 21.50000000000000000, 28.00000000000000000 ) ) ;
#2258 = DIRECTION ( 'NONE',  ( 0.000000000000000000, 0.000000000000000000, 1.000000000000000000 ) ) ;
#2259 = DIRECTION ( 'NONE',  ( 0.000000000000000000, -0.000000000000000000, 1.000000000000000000 ) ) ;
#2260 = TOROIDAL_SURFACE ( 'NONE', #2136, 4.499999999999999112, 2.000000000000000000 ) ;
#2261 = VERTEX_POINT ( 'NONE', #3648 ) ;
#2262 = EDGE_CURVE ( 'NONE', #2744, #2636, #3589, .T. ) ;
#2263 = VECTOR ( 'NONE', #2210, 1000.000000000000000 ) ;
#2264 = DIRECTION ( 'NONE',  ( 0.000000000000000000, 1.000000000000000000, -0.000000000000000000 ) ) ;
#2265 = AXIS2_PLACEMENT_3D ( 'NONE', #483, #812, #1476 ) ;
#2266 = ADVANCED_FACE ( 'NONE', ( #317, #3672 ), #340, .T. ) ;
#2267 = VERTEX_POINT ( 'NONE', #2482 ) ;
#2268 = DIRECTION ( 'NONE',  ( 0.000000000000000000, 0.000000000000000000, 1.000000000000000000 ) ) ;
#2269 = CARTESIAN_POINT ( 'NONE',  ( 8.000000000000000000, 21.50000000000000000, 22.49999999999996447 ) ) ;
#2270 = VERTEX_POINT ( 'NONE', #3413 ) ;
#2271 = DIRECTION ( 'NONE',  ( 0.000000000000000000, -0.000000000000000000, -1.000000000000000000 ) ) ;
#2272 = DIRECTION ( 'NONE',  ( -1.000000000000000000, 0.000000000000000000, 0.000000000000000000 ) ) ;
#2273 = EDGE_LOOP ( 'NONE', ( #3404, #2688, #855, #3292 ) ) ;
#2274 = EDGE_LOOP ( 'NONE', ( #2891, #2562, #1379, #3149 ) ) ;
#2275 = CIRCLE ( 'NONE', #3062, 1.499999999999994449 ) ;
#2276 = DIRECTION ( 'NONE',  ( 0.000000000000000000, 0.000000000000000000, -1.000000000000000000 ) ) ;
#2277 = DIRECTION ( 'NONE',  ( 1.156482317317871478E-16, 0.000000000000000000, 1.000000000000000000 ) ) ;
#2278 = DIRECTION ( 'NONE',  ( 0.8320502943378431659, -0.5547001962252299245, 0.000000000000000000 ) ) ;
#2279 = ADVANCED_FACE ( 'NONE', ( #2463 ), #913, .T. ) ;
#2280 = EDGE_CURVE ( 'NONE', #3876, #3234, #1863, .T. ) ;
#2281 = ORIENTED_EDGE ( 'NONE', *, *, #575, .F. ) ;
#2282 = DIRECTION ( 'NONE',  ( 0.000000000000000000, 1.000000000000000000, 0.000000000000000000 ) ) ;
#2283 = EDGE_CURVE ( 'NONE', #1519, #1117, #3999, .T. ) ;
#2284 =( BOUNDED_CURVE ( )  B_SPLINE_CURVE ( 3, ( #1034, #1699, #3513, #2294 ),
 .UNSPECIFIED., .F., .F. ) 
 B_SPLINE_CURVE_WITH_KNOTS ( ( 4, 4 ),
 ( 1.752064957938897827, 3.141592653589792672 ),
 .UNSPECIFIED. ) 
 CURVE ( )  GEOMETRIC_REPRESENTATION_ITEM ( )  RATIONAL_B_SPLINE_CURVE ( ( 1.000000000000000000, 0.8454699391922722018, 0.8454699391922722018, 1.000000000000000000 ) ) 
 REPRESENTATION_ITEM ( '' )  );
#2285 = EDGE_CURVE ( 'NONE', #774, #3640, #958, .T. ) ;
#2286 = CARTESIAN_POINT ( 'NONE',  ( 10.27565835097471769, 25.00000000000000000, -30.82697505292423656 ) ) ;
#2287 = LINE ( 'NONE', #2021, #1081 ) ;
#2288 = PLANE ( 'NONE',  #2584 ) ;
#2289 = EDGE_CURVE ( 'NONE', #2806, #1965, #104, .T. ) ;
#2290 = ORIENTED_EDGE ( 'NONE', *, *, #2590, .F. ) ;
#2291 = CARTESIAN_POINT ( 'NONE',  ( 22.74999999999999289, 4.000000000000000000, 21.09999999999999432 ) ) ;
#2292 = VERTEX_POINT ( 'NONE', #1830 ) ;
#2293 = ORIENTED_EDGE ( 'NONE', *, *, #1131, .F. ) ;
#2294 = CARTESIAN_POINT ( 'NONE',  ( 31.00000000000000000, 13.04444872453601789, -4.000000000000000888 ) ) ;
#2295 = LINE ( 'NONE', #94, #3552 ) ;
#2296 = FACE_OUTER_BOUND ( 'NONE', #2518, .T. ) ;
#2297 = ORIENTED_EDGE ( 'NONE', *, *, #3055, .F. ) ;
#2298 = ORIENTED_EDGE ( 'NONE', *, *, #2627, .T. ) ;
#2299 = CARTESIAN_POINT ( 'NONE',  ( -7.500000000000000888, 25.00000000000000000, 7.500000000000000000 ) ) ;
#2300 = ORIENTED_EDGE ( 'NONE', *, *, #2409, .F. ) ;
#2301 = DIRECTION ( 'NONE',  ( 0.000000000000000000, 0.000000000000000000, 1.000000000000000000 ) ) ;
#2302 = CARTESIAN_POINT ( 'NONE',  ( -7.499999999999998224, 25.00000000000000000, -15.00000000000000000 ) ) ;
#2303 = VECTOR ( 'NONE', #3878, 1000.000000000000000 ) ;
#2304 = AXIS2_PLACEMENT_3D ( 'NONE', #1521, #3706, #922 ) ;
#2305 = EDGE_CURVE ( 'NONE', #1965, #2594, #3930, .T. ) ;
#2306 = CARTESIAN_POINT ( 'NONE',  ( -8.000000000000000000, 21.50000000000000000, -22.49999999999996447 ) ) ;
#2307 = LINE ( 'NONE', #1049, #3989 ) ;
#2308 = AXIS2_PLACEMENT_3D ( 'NONE', #3383, #1297, #1854 ) ;
#2309 = VECTOR ( 'NONE', #3210, 1000.000000000000000 ) ;
#2310 = VERTEX_POINT ( 'NONE', #1552 ) ;
#2311 = CARTESIAN_POINT ( 'NONE',  ( 22.74999999999999289, 1.500000000000000000, 19.99999999999999289 ) ) ;
#2312 = VECTOR ( 'NONE', #1391, 1000.000000000000000 ) ;
#2313 = ORIENTED_EDGE ( 'NONE', *, *, #3849, .F. ) ;
#2314 = EDGE_LOOP ( 'NONE', ( #1921, #1662 ) ) ;
#2315 = ADVANCED_FACE ( 'NONE', ( #1597 ), #1357, .T. ) ;
#2316 = CARTESIAN_POINT ( 'NONE',  ( 30.69999999999999929, 14.79663523666380698, 5.884736377243887873 ) ) ;
#2317 = CARTESIAN_POINT ( 'NONE',  ( -17.49999999999995026, 23.00000000000000355, -6.000000000000008882 ) ) ;
#2318 = LINE ( 'NONE', #672, #1968 ) ;
#2319 = DIRECTION ( 'NONE',  ( 0.000000000000000000, 1.000000000000000000, 0.000000000000000000 ) ) ;
#2320 = CARTESIAN_POINT ( 'NONE',  ( 29.77692307692307239, 14.81538461538460183, -4.000000000000000000 ) ) ;
#2321 = AXIS2_PLACEMENT_3D ( 'NONE', #2878, #748, #3514 ) ;
#2322 = ORIENTED_EDGE ( 'NONE', *, *, #337, .F. ) ;
#2323 = AXIS2_PLACEMENT_3D ( 'NONE', #3462, #677, #3122 ) ;
#2324 = PLANE ( 'NONE',  #560 ) ;
#2325 = FACE_OUTER_BOUND ( 'NONE', #2234, .T. ) ;
#2326 = EDGE_CURVE ( 'NONE', #2806, #530, #3546, .T. ) ;
#2327 = CIRCLE ( 'NONE', #3364, 4.500000000000000888 ) ;
#2328 = ORIENTED_EDGE ( 'NONE', *, *, #3104, .T. ) ;
#2329 = CARTESIAN_POINT ( 'NONE',  ( -22.75000000000000711, 4.000000000000000000, 21.10000000000000142 ) ) ;
#2330 = DIRECTION ( 'NONE',  ( 0.000000000000000000, 0.000000000000000000, 1.000000000000000000 ) ) ;
#2331 = LINE ( 'NONE', #2991, #3600 ) ;
#2332 = ORIENTED_EDGE ( 'NONE', *, *, #1878, .T. ) ;
#2333 = DIRECTION ( 'NONE',  ( 0.000000000000000000, 0.7071067811865437980, 0.7071067811865512365 ) ) ;
#2334 = CARTESIAN_POINT ( 'NONE',  ( -22.75000000000000711, 4.000000000000000000, 20.00000000000000000 ) ) ;
#2335 = CARTESIAN_POINT ( 'NONE',  ( -30.69999999999999929, 14.19999999999997620, -23.70263340389897166 ) ) ;
#2336 = ORIENTED_EDGE ( 'NONE', *, *, #2843, .F. ) ;
#2337 = EDGE_CURVE ( 'NONE', #3644, #3043, #1621, .T. ) ;
#2338 = CARTESIAN_POINT ( 'NONE',  ( 12.00000000000000000, 21.50000000000000000, -22.49999999999995026 ) ) ;
#2339 = CARTESIAN_POINT ( 'NONE',  ( -7.499999999999998224, -28.00000000000000355, -15.00000000000000000 ) ) ;
#2340 = VECTOR ( 'NONE', #214, 1000.000000000000000 ) ;
#2341 = CARTESIAN_POINT ( 'NONE',  ( 30.69999999999999929, 16.19999999999997442, -23.70263340389898232 ) ) ;
#2342 = ADVANCED_FACE ( 'NONE', ( #1050 ), #2288, .T. ) ;
#2343 = ORIENTED_EDGE ( 'NONE', *, *, #1726, .T. ) ;
#2344 = CARTESIAN_POINT ( 'NONE',  ( 22.74999999999999289, 3.500000000000000000, 19.99999999999999289 ) ) ;
#2345 = VERTEX_POINT ( 'NONE', #2523 ) ;
#2346 = CARTESIAN_POINT ( 'NONE',  ( 0.000000000000000000, 25.00000000000000000, -30.00000000000000000 ) ) ;
#2347 = DIRECTION ( 'NONE',  ( 0.000000000000000000, 0.000000000000000000, -1.000000000000000000 ) ) ;
#2348 = LINE ( 'NONE', #189, #2768 ) ;
#2349 = ORIENTED_EDGE ( 'NONE', *, *, #556, .F. ) ;
#2350 = EDGE_CURVE ( 'NONE', #942, #57, #3934, .T. ) ;
#2351 = CARTESIAN_POINT ( 'NONE',  ( 32.50000000000000000, 0.000000000000000000, 0.000000000000000000 ) ) ;
#2352 = CARTESIAN_POINT ( 'NONE',  ( -11.00000000000000000, 21.50000000000000000, -22.49999999999996447 ) ) ;
#2353 = ORIENTED_EDGE ( 'NONE', *, *, #441, .F. ) ;
#2354 = ORIENTED_EDGE ( 'NONE', *, *, #2099, .F. ) ;
#2355 = CARTESIAN_POINT ( 'NONE',  ( -10.00000000000000000, 21.50000000000000000, -28.00000000000000000 ) ) ;
#2356 = DIRECTION ( 'NONE',  ( -1.000000000000000000, 0.000000000000000000, 0.000000000000000000 ) ) ;
#2357 = VERTEX_POINT ( 'NONE', #3759 ) ;
#2358 = EDGE_CURVE ( 'NONE', #2557, #3631, #1030, .T. ) ;
#2359 = CARTESIAN_POINT ( 'NONE',  ( -17.49999999999995381, 23.00000000000000355, -20.99999999999993250 ) ) ;
#2360 = ORIENTED_EDGE ( 'NONE', *, *, #2358, .F. ) ;
#2361 = LINE ( 'NONE', #2329, #3540 ) ;
#2362 = LINE ( 'NONE', #522, #1470 ) ;
#2363 = DIRECTION ( 'NONE',  ( 0.5547001962252317009, 0.8320502943378419447, -0.000000000000000000 ) ) ;
#2364 = CIRCLE ( 'NONE', #1130, 1.100000000000000311 ) ;
#2365 = DIRECTION ( 'NONE',  ( -0.000000000000000000, 0.000000000000000000, 1.000000000000000000 ) ) ;
#2366 = EDGE_LOOP ( 'NONE', ( #229, #3622, #1141, #786 ) ) ;
#2367 = AXIS2_PLACEMENT_3D ( 'NONE', #3788, #1670, #1999 ) ;
#2368 = AXIS2_PLACEMENT_3D ( 'NONE', #2698, #4009, #1228 ) ;
#2369 = LINE ( 'NONE', #149, #1534 ) ;
#2370 = FACE_OUTER_BOUND ( 'NONE', #290, .T. ) ;
#2371 = CARTESIAN_POINT ( 'NONE',  ( -11.00000000000000000, 23.49999999999999645, -20.49999999999998579 ) ) ;
#2372 = VECTOR ( 'NONE', #2374, 1000.000000000000000 ) ;
#2373 = ORIENTED_EDGE ( 'NONE', *, *, #1349, .F. ) ;
#2374 = DIRECTION ( 'NONE',  ( -1.000000000000000000, 0.000000000000000000, 0.000000000000000000 ) ) ;
#2375 = DIRECTION ( 'NONE',  ( 0.000000000000000000, 0.000000000000000000, 1.000000000000000000 ) ) ;
#2376 = DIRECTION ( 'NONE',  ( 0.8017837257372737447, 0.5345224838248479049, -0.2672612419124241190 ) ) ;
#2377 = AXIS2_PLACEMENT_3D ( 'NONE', #1125, #3308, #2365 ) ;
#2378 = DIRECTION ( 'NONE',  ( -0.3162277660168371640, 0.000000000000000000, -0.9486832980505141011 ) ) ;
#2379 = DIRECTION ( 'NONE',  ( -0.000000000000000000, -1.000000000000000000, -0.000000000000000000 ) ) ;
#2380 = VECTOR ( 'NONE', #3255, 1000.000000000000000 ) ;
#2381 = VERTEX_POINT ( 'NONE', #12 ) ;
#2382 = DIRECTION ( 'NONE',  ( 0.000000000000000000, 0.000000000000000000, 1.000000000000000000 ) ) ;
#2383 = CARTESIAN_POINT ( 'NONE',  ( -22.75000000000000711, 1.500000000000000000, 20.00000000000000000 ) ) ;
#2384 = EDGE_CURVE ( 'NONE', #3309, #426, #450, .T. ) ;
#2385 = CARTESIAN_POINT ( 'NONE',  ( -22.75000000000000711, 1.500000000000000000, 20.00000000000000000 ) ) ;
#2386 = CIRCLE ( 'NONE', #1354, 1.100000000000000311 ) ;
#2387 = EDGE_CURVE ( 'NONE', #2844, #2345, #3843, .T. ) ;
#2388 = LINE ( 'NONE', #3049, #3744 ) ;
#2389 = VERTEX_POINT ( 'NONE', #3576 ) ;
#2390 = VECTOR ( 'NONE', #563, 999.9999999999998863 ) ;
#2391 = DIRECTION ( 'NONE',  ( 0.000000000000000000, 0.000000000000000000, 1.000000000000000000 ) ) ;
#2392 = CARTESIAN_POINT ( 'NONE',  ( 17.49999999999991829, 25.00000000000000000, -25.00000000000001066 ) ) ;
#2393 = CARTESIAN_POINT ( 'NONE',  ( -7.499999999999998224, -28.00000000000000355, 8.999999999999991118 ) ) ;
#2394 = CARTESIAN_POINT ( 'NONE',  ( -8.000000000000000000, 23.00000000000000355, 28.00000000000000000 ) ) ;
#2395 = EDGE_LOOP ( 'NONE', ( #2713, #2236 ) ) ;
#2396 = EDGE_LOOP ( 'NONE', ( #3875, #1073 ) ) ;
#2397 = LINE ( 'NONE', #1705, #2372 ) ;
#2398 = DIRECTION ( 'NONE',  ( 0.000000000000000000, 0.000000000000000000, 1.000000000000000000 ) ) ;
#2399 = EDGE_CURVE ( 'NONE', #1913, #2013, #628, .T. ) ;
#2400 = CARTESIAN_POINT ( 'NONE',  ( -17.25658350974741140, 25.00000000000000000, -28.49999999999999645 ) ) ;
#2401 = AXIS2_PLACEMENT_3D ( 'NONE', #798, #3270, #1426 ) ;
#2402 = ADVANCED_FACE ( 'NONE', ( #532 ), #2260, .F. ) ;
#2403 = DIRECTION ( 'NONE',  ( -0.000000000000000000, -1.000000000000000000, 0.000000000000000000 ) ) ;
#2404 = EDGE_LOOP ( 'NONE', ( #3511, #2091, #3567, #3757, #3083, #1160 ) ) ;
#2405 = CARTESIAN_POINT ( 'NONE',  ( -30.80000000000000071, 14.13333333333330621, -28.00000000000000000 ) ) ;
#2406 = CARTESIAN_POINT ( 'NONE',  ( -7.499999999999998224, 23.00000000000000000, 8.999999999999991118 ) ) ;
#2407 = ADVANCED_FACE ( 'NONE', ( #2072 ), #2704, .F. ) ;
#2408 = DIRECTION ( 'NONE',  ( 0.000000000000000000, 0.000000000000000000, -1.000000000000000000 ) ) ;
#2409 = EDGE_CURVE ( 'NONE', #593, #2381, #3275, .T. ) ;
#2410 = FACE_BOUND ( 'NONE', #2909, .T. ) ;
#2411 = ORIENTED_EDGE ( 'NONE', *, *, #3987, .F. ) ;
#2412 = DIRECTION ( 'NONE',  ( -1.000000000000000000, 0.000000000000000000, -0.000000000000000000 ) ) ;
#2413 = EDGE_CURVE ( 'NONE', #2520, #1172, #1770, .T. ) ;
#2414 = ORIENTED_EDGE ( 'NONE', *, *, #1833, .T. ) ;
#2415 = VERTEX_POINT ( 'NONE', #3317 ) ;
#2416 = LINE ( 'NONE', #274, #1672 ) ;
#2417 = CARTESIAN_POINT ( 'NONE',  ( -12.67857142857138264, 28.21428571428568333, 31.60714285714286120 ) ) ;
#2418 = DIRECTION ( 'NONE',  ( 0.000000000000000000, 1.000000000000000000, 0.000000000000000000 ) ) ;
#2419 = DIRECTION ( 'NONE',  ( -1.734723475976807094E-16, -0.000000000000000000, -1.000000000000000000 ) ) ;
#2420 = EDGE_CURVE ( 'NONE', #2920, #710, #3102, .T. ) ;
#2421 = EDGE_LOOP ( 'NONE', ( #874, #1474, #1882, #54 ) ) ;
#2422 = CARTESIAN_POINT ( 'NONE',  ( 0.000000000000000000, 25.00000000000000000, 28.49999999999999645 ) ) ;
#2423 = CARTESIAN_POINT ( 'NONE',  ( 17.49999999999991829, 25.00000000000000000, 0.000000000000000000 ) ) ;
#2424 = ORIENTED_EDGE ( 'NONE', *, *, #671, .F. ) ;
#2425 = DIRECTION ( 'NONE',  ( -0.9486832980505141011, 0.000000000000000000, -0.3162277660168374416 ) ) ;
#2426 = EDGE_CURVE ( 'NONE', #3319, #3098, #492, .T. ) ;
#2427 = ORIENTED_EDGE ( 'NONE', *, *, #1934, .F. ) ;
#2428 = PLANE ( 'NONE',  #933 ) ;
#2429 = CARTESIAN_POINT ( 'NONE',  ( -9.000000000000001776, 21.50000000000000000, 22.49999999999995026 ) ) ;
#2430 = AXIS2_PLACEMENT_3D ( 'NONE', #2302, #1434, #144 ) ;
#2431 = SHAPE_DEFINITION_REPRESENTATION ( #2953, #1723 ) ;
#2432 = ORIENTED_EDGE ( 'NONE', *, *, #2886, .F. ) ;
#2433 = VERTEX_POINT ( 'NONE', #2956 ) ;
#2434 = AXIS2_PLACEMENT_3D ( 'NONE', #824, #207, #2972 ) ;
#2435 = ORIENTED_EDGE ( 'NONE', *, *, #636, .F. ) ;
#2436 = CARTESIAN_POINT ( 'NONE',  ( -8.000000000000000000, 23.00000000000000000, -28.00000000000000000 ) ) ;
#2437 = LINE ( 'NONE', #3670, #2080 ) ;
#2438 = FACE_OUTER_BOUND ( 'NONE', #1100, .T. ) ;
#2439 = CARTESIAN_POINT ( 'NONE',  ( -22.75000000000000711, 3.500000000000000000, 22.50000000000000000 ) ) ;
#2440 = ORIENTED_EDGE ( 'NONE', *, *, #2627, .F. ) ;
#2441 = VECTOR ( 'NONE', #1939, 1000.000000000000000 ) ;
#2442 = DIRECTION ( 'NONE',  ( -0.000000000000000000, 1.000000000000000000, -0.000000000000000000 ) ) ;
#2443 = EDGE_CURVE ( 'NONE', #1982, #942, #1469, .T. ) ;
#2444 = AXIS2_PLACEMENT_3D ( 'NONE', #2092, #1134, #499 ) ;
#2445 = ORIENTED_EDGE ( 'NONE', *, *, #1764, .F. ) ;
#2446 = FACE_OUTER_BOUND ( 'NONE', #43, .T. ) ;
#2447 = ORIENTED_EDGE ( 'NONE', *, *, #1475, .T. ) ;
#2448 = LINE ( 'NONE', #3084, #3658 ) ;
#2449 = DIRECTION ( 'NONE',  ( -0.9486832980505141011, 0.000000000000000000, 0.3162277660168374971 ) ) ;
#2450 = AXIS2_PLACEMENT_3D ( 'NONE', #1794, #1078, #3924 ) ;
#2451 = EDGE_CURVE ( 'NONE', #1361, #2270, #3489, .T. ) ;
#2452 = EDGE_CURVE ( 'NONE', #2292, #1982, #172, .T. ) ;
#2453 = PRODUCT_CONTEXT ( 'NONE', #1165, 'mechanical' ) ;
#2454 = ORIENTED_EDGE ( 'NONE', *, *, #421, .F. ) ;
#2455 = ORIENTED_EDGE ( 'NONE', *, *, #1077, .F. ) ;
#2456 = ORIENTED_EDGE ( 'NONE', *, *, #1649, .T. ) ;
#2457 = ORIENTED_EDGE ( 'NONE', *, *, #2665, .T. ) ;
#2458 = PLANE ( 'NONE',  #1667 ) ;
#2459 = DIRECTION ( 'NONE',  ( 0.3162277660168374971, -0.000000000000000000, 0.9486832980505141011 ) ) ;
#2460 = FACE_BOUND ( 'NONE', #3391, .T. ) ;
#2461 = EDGE_CURVE ( 'NONE', #324, #1291, #2725, .T. ) ;
#2462 = LINE ( 'NONE', #2601, #3374 ) ;
#2463 = FACE_OUTER_BOUND ( 'NONE', #1533, .T. ) ;
#2464 = ADVANCED_FACE ( 'NONE', ( #1788 ), #2030, .T. ) ;
#2465 = VERTEX_POINT ( 'NONE', #3015 ) ;
#2466 = ADVANCED_FACE ( 'NONE', ( #2644 ), #3634, .F. ) ;
#2467 = FACE_OUTER_BOUND ( 'NONE', #1821, .T. ) ;
#2468 = VECTOR ( 'NONE', #2073, 1000.000000000000000 ) ;
#2469 = CARTESIAN_POINT ( 'NONE',  ( 11.00000000000000000, 21.50000000000000000, -22.49999999999995026 ) ) ;
#2470 = EDGE_LOOP ( 'NONE', ( #3596, #1344, #3271, #3490 ) ) ;
#2471 = DIRECTION ( 'NONE',  ( 0.8017837257372733006, 0.5345224838248485710, 0.2672612419124241745 ) ) ;
#2472 = CARTESIAN_POINT ( 'NONE',  ( 22.74999999999999289, 4.000000000000000000, -17.50000000000000711 ) ) ;
#2473 = DIRECTION ( 'NONE',  ( 0.8017837257372738557, -0.5345224838248479049, 0.2672612419124238969 ) ) ;
#2474 = DIRECTION ( 'NONE',  ( 1.000000000000000000, 0.000000000000000000, 0.000000000000000000 ) ) ;
#2475 = ORIENTED_EDGE ( 'NONE', *, *, #3789, .F. ) ;
#2476 = EDGE_LOOP ( 'NONE', ( #624, #3090 ) ) ;
#2477 = VERTEX_POINT ( 'NONE', #852 ) ;
#2478 = EDGE_CURVE ( 'NONE', #223, #1314, #1149, .T. ) ;
#2479 = DIRECTION ( 'NONE',  ( -1.000000000000000000, 0.000000000000000000, 0.000000000000000000 ) ) ;
#2480 = CARTESIAN_POINT ( 'NONE',  ( 11.00000000000000000, 21.50000000000000000, 25.00000000000000000 ) ) ;
#2481 = DIRECTION ( 'NONE',  ( 0.000000000000000000, 0.000000000000000000, 1.000000000000000000 ) ) ;
#2482 = CARTESIAN_POINT ( 'NONE',  ( -22.75000000000000711, 4.000000000000000000, 22.50000000000000000 ) ) ;
#2483 = ADVANCED_FACE ( 'NONE', ( #1492 ), #1429, .F. ) ;
#2484 = PLANE ( 'NONE',  #2860 ) ;
#2485 = EDGE_CURVE ( 'NONE', #3864, #3114, #3594, .T. ) ;
#2486 = ORIENTED_EDGE ( 'NONE', *, *, #3436, .F. ) ;
#2487 = DIRECTION ( 'NONE',  ( 0.000000000000000000, 0.000000000000000000, 1.000000000000000000 ) ) ;
#2488 = LINE ( 'NONE', #2211, #1396 ) ;
#2489 = ORIENTED_EDGE ( 'NONE', *, *, #1313, .F. ) ;
#2490 = DIRECTION ( 'NONE',  ( -0.000000000000000000, 0.000000000000000000, 1.000000000000000000 ) ) ;
#2491 = CARTESIAN_POINT ( 'NONE',  ( 0.000000000000000000, 25.00000000000000000, -28.49999999999999645 ) ) ;
#2492 = ORIENTED_EDGE ( 'NONE', *, *, #1653, .T. ) ;
#2493 = ORIENTED_EDGE ( 'NONE', *, *, #3538, .T. ) ;
#2494 = VERTEX_POINT ( 'NONE', #3694 ) ;
#2495 = ORIENTED_EDGE ( 'NONE', *, *, #1934, .T. ) ;
#2496 = VECTOR ( 'NONE', #658, 1000.000000000000000 ) ;
#2497 = CARTESIAN_POINT ( 'NONE',  ( 22.74999999999999289, 4.000000000000000000, 19.99999999999999289 ) ) ;
#2498 = FACE_BOUND ( 'NONE', #2855, .T. ) ;
#2499 = DIRECTION ( 'NONE',  ( 0.000000000000000000, -1.000000000000000000, 0.000000000000000000 ) ) ;
#2500 = ADVANCED_FACE ( 'NONE', ( #1553 ), #580, .F. ) ;
#2501 = AXIS2_PLACEMENT_3D ( 'NONE', #416, #1323, #1014 ) ;
#2502 = VECTOR ( 'NONE', #990, 1000.000000000000000 ) ;
#2503 = VECTOR ( 'NONE', #1439, 1000.000000000000000 ) ;
#2504 = LINE ( 'NONE', #2422, #1539 ) ;
#2505 = CIRCLE ( 'NONE', #2904, 2.499999999999998668 ) ;
#2506 = DIRECTION ( 'NONE',  ( -1.000000000000000000, 0.000000000000000000, 2.312964634635742957E-16 ) ) ;
#2507 = EDGE_CURVE ( 'NONE', #1403, #796, #626, .T. ) ;
#2508 = ORIENTED_EDGE ( 'NONE', *, *, #1878, .F. ) ;
#2509 = LINE ( 'NONE', #657, #2263 ) ;
#2510 = DIRECTION ( 'NONE',  ( 0.000000000000000000, 1.000000000000000000, -0.000000000000000000 ) ) ;
#2511 = EDGE_CURVE ( 'NONE', #3148, #1279, #959, .T. ) ;
#2512 = DIRECTION ( 'NONE',  ( -1.000000000000000000, 0.000000000000000000, 0.000000000000000000 ) ) ;
#2513 = ORIENTED_EDGE ( 'NONE', *, *, #974, .T. ) ;
#2514 = CARTESIAN_POINT ( 'NONE',  ( 29.87199287226406952, 16.75200475182392879, -23.97863577981095773 ) ) ;
#2515 = FACE_OUTER_BOUND ( 'NONE', #216, .T. ) ;
#2516 = VECTOR ( 'NONE', #3209, 1000.000000000000000 ) ;
#2517 = ORIENTED_EDGE ( 'NONE', *, *, #2262, .F. ) ;
#2518 = EDGE_LOOP ( 'NONE', ( #3447, #2447, #1559, #1487 ) ) ;
#2519 = VERTEX_POINT ( 'NONE', #315 ) ;
#2520 = VERTEX_POINT ( 'NONE', #294 ) ;
#2521 = EDGE_LOOP ( 'NONE', ( #2455, #142, #133, #2054 ) ) ;
#2522 = AXIS2_PLACEMENT_3D ( 'NONE', #3844, #722, #2301 ) ;
#2523 = CARTESIAN_POINT ( 'NONE',  ( -9.000000000000001776, 21.50000000000000000, 22.49999999999995026 ) ) ;
#2524 = FACE_OUTER_BOUND ( 'NONE', #568, .T. ) ;
#2525 = DIRECTION ( 'NONE',  ( 0.000000000000000000, 1.000000000000000000, 0.000000000000000000 ) ) ;
#2526 = DIRECTION ( 'NONE',  ( 1.000000000000000000, 0.000000000000000000, 0.000000000000000000 ) ) ;
#2527 = CYLINDRICAL_SURFACE ( 'NONE', #686, 2.499999999999998668 ) ;
#2528 = CARTESIAN_POINT ( 'NONE',  ( -22.75000000000000711, 3.500000000000000000, 17.50000000000000000 ) ) ;
#2529 = EDGE_LOOP ( 'NONE', ( #2212, #519, #711, #1466 ) ) ;
#2530 = EDGE_CURVE ( 'NONE', #1869, #131, #2179, .T. ) ;
#2531 = CARTESIAN_POINT ( 'NONE',  ( -7.500000000000000000, -28.00000000000000355, 0.000000000000000000 ) ) ;
#2532 = DIRECTION ( 'NONE',  ( -0.000000000000000000, -1.000000000000000000, -0.000000000000000000 ) ) ;
#2533 = ORIENTED_EDGE ( 'NONE', *, *, #2840, .F. ) ;
#2534 = ADVANCED_FACE ( 'NONE', ( #2460, #3651, #1508, #2498, #3116, #3977 ), #1530, .T. ) ;
#2535 = DIRECTION ( 'NONE',  ( 1.000000000000000000, 0.000000000000000000, -0.000000000000000000 ) ) ;
#2536 = VECTOR ( 'NONE', #912, 1000.000000000000000 ) ;
#2537 = AXIS2_PLACEMENT_3D ( 'NONE', #3915, #151, #1446 ) ;
#2538 = VERTEX_POINT ( 'NONE', #1577 ) ;
#2539 = ORIENTED_EDGE ( 'NONE', *, *, #2117, .F. ) ;
#2540 = VERTEX_POINT ( 'NONE', #3135 ) ;
#2541 = EDGE_CURVE ( 'NONE', #19, #1588, #1843, .T. ) ;
#2542 = CARTESIAN_POINT ( 'NONE',  ( -7.499999999999998224, -28.00000000000000355, 1.499999999999990896 ) ) ;
#2543 = DIRECTION ( 'NONE',  ( 0.000000000000000000, 1.000000000000000000, 0.000000000000000000 ) ) ;
#2544 = CARTESIAN_POINT ( 'NONE',  ( -7.499999999999998224, 23.00000000000000000, -15.00000000000000000 ) ) ;
#2545 = CARTESIAN_POINT ( 'NONE',  ( -11.00000000000000000, 19.50000000000000000, 24.49999999999996803 ) ) ;
#2546 = DIRECTION ( 'NONE',  ( 0.5547001962252318119, 0.8320502943378419447, 0.000000000000000000 ) ) ;
#2547 = ORIENTED_EDGE ( 'NONE', *, *, #2507, .T. ) ;
#2548 = CARTESIAN_POINT ( 'NONE',  ( -7.499999999999998224, -28.00000000000000355, -16.49999999999999645 ) ) ;
#2549 = CARTESIAN_POINT ( 'NONE',  ( 8.000000000000000000, 17.50000000000000000, 26.49999999999991829 ) ) ;
#2550 = LINE ( 'NONE', #1960, #821 ) ;
#2551 = VERTEX_POINT ( 'NONE', #2157 ) ;
#2552 = LINE ( 'NONE', #1654, #873 ) ;
#2553 = DIRECTION ( 'NONE',  ( 0.000000000000000000, 1.000000000000000000, 0.000000000000000000 ) ) ;
#2554 = ADVANCED_FACE ( 'NONE', ( #338, #3997 ), #2204, .T. ) ;
#2555 = EDGE_CURVE ( 'NONE', #646, #1314, #887, .T. ) ;
#2556 = EDGE_LOOP ( 'NONE', ( #1736, #850, #3070, #255, #656, #2647 ) ) ;
#2557 = VERTEX_POINT ( 'NONE', #1598 ) ;
#2558 = VERTEX_POINT ( 'NONE', #275 ) ;
#2559 = DIRECTION ( 'NONE',  ( -1.734723475976807094E-16, -0.000000000000000000, -1.000000000000000000 ) ) ;
#2560 = CARTESIAN_POINT ( 'NONE',  ( -10.00000000000000000, 21.50000000000000000, -25.00000000000000000 ) ) ;
#2561 = CARTESIAN_POINT ( 'NONE',  ( 22.74999999999999289, 4.000000000000000000, 21.09999999999999432 ) ) ;
#2562 = ORIENTED_EDGE ( 'NONE', *, *, #405, .T. ) ;
#2563 = DIRECTION ( 'NONE',  ( 0.000000000000000000, -1.000000000000000000, 0.000000000000000000 ) ) ;
#2564 = AXIS2_PLACEMENT_3D ( 'NONE', #3369, #3437, #1826 ) ;
#2565 = FACE_OUTER_BOUND ( 'NONE', #2404, .T. ) ;
#2566 = EDGE_LOOP ( 'NONE', ( #1123, #1085, #3799, #3818 ) ) ;
#2567 = CARTESIAN_POINT ( 'NONE',  ( -8.000000000000000000, 21.50000000000000000, 22.49999999999995026 ) ) ;
#2568 = DIRECTION ( 'NONE',  ( -1.000000000000000000, 0.000000000000000000, 0.000000000000000000 ) ) ;
#2569 = VECTOR ( 'NONE', #3871, 1000.000000000000000 ) ;
#2570 = VECTOR ( 'NONE', #2837, 1000.000000000000000 ) ;
#2571 = VERTEX_POINT ( 'NONE', #3389 ) ;
#2572 = FACE_OUTER_BOUND ( 'NONE', #1517, .T. ) ;
#2573 = DIRECTION ( 'NONE',  ( -0.000000000000000000, -1.000000000000000000, 0.000000000000000000 ) ) ;
#2574 = EDGE_CURVE ( 'NONE', #3309, #1588, #648, .T. ) ;
#2575 = FACE_OUTER_BOUND ( 'NONE', #3932, .T. ) ;
#2576 = EDGE_LOOP ( 'NONE', ( #2874, #1348, #1191, #3617 ) ) ;
#2577 = ORIENTED_EDGE ( 'NONE', *, *, #219, .T. ) ;
#2578 = FACE_OUTER_BOUND ( 'NONE', #2274, .T. ) ;
#2579 = AXIS2_PLACEMENT_3D ( 'NONE', #546, #2086, #1518 ) ;
#2580 = EDGE_CURVE ( 'NONE', #370, #2663, #557, .T. ) ;
#2581 = CARTESIAN_POINT ( 'NONE',  ( -32.50000000000000000, 14.99999999999997158, 25.00000000000000000 ) ) ;
#2582 = LINE ( 'NONE', #3515, #2309 ) ;
#2583 = CARTESIAN_POINT ( 'NONE',  ( -7.499999999999998224, 25.00000000000000000, -1.499999999999997780 ) ) ;
#2584 = AXIS2_PLACEMENT_3D ( 'NONE', #3848, #130, #2000 ) ;
#2585 = EDGE_CURVE ( 'NONE', #3121, #1933, #107, .T. ) ;
#2586 = EDGE_CURVE ( 'NONE', #2345, #1384, #2437, .T. ) ;
#2587 = DIRECTION ( 'NONE',  ( 0.000000000000000000, 0.000000000000000000, -1.000000000000000000 ) ) ;
#2588 = AXIS2_PLACEMENT_3D ( 'NONE', #1000, #2264, #425 ) ;
#2589 = ORIENTED_EDGE ( 'NONE', *, *, #3556, .F. ) ;
#2590 = EDGE_CURVE ( 'NONE', #593, #3890, #889, .T. ) ;
#2591 = DIRECTION ( 'NONE',  ( 0.000000000000000000, 0.7071067811865512365, -0.7071067811865437980 ) ) ;
#2592 = PLANE ( 'NONE',  #2968 ) ;
#2593 = CARTESIAN_POINT ( 'NONE',  ( 30.69999999999999929, 16.19999999999993889, -5.999999999999996447 ) ) ;
#2594 = VERTEX_POINT ( 'NONE', #3093 ) ;
#2595 = DIRECTION ( 'NONE',  ( -0.000000000000000000, -1.000000000000000000, 0.000000000000000000 ) ) ;
#2596 = ORIENTED_EDGE ( 'NONE', *, *, #2326, .T. ) ;
#2597 = ORIENTED_EDGE ( 'NONE', *, *, #3359, .T. ) ;
#2598 = CIRCLE ( 'NONE', #776, 4.499999999999999112 ) ;
#2599 = FACE_OUTER_BOUND ( 'NONE', #464, .T. ) ;
#2600 = DIRECTION ( 'NONE',  ( -1.000000000000000000, 0.000000000000000000, 0.000000000000000000 ) ) ;
#2601 = CARTESIAN_POINT ( 'NONE',  ( -12.00000000000000000, 21.50000000000000000, -28.00000000000000000 ) ) ;
#2602 =( BOUNDED_CURVE ( )  B_SPLINE_CURVE ( 3, ( #2429, #3667, #973, #2232 ),
 .UNSPECIFIED., .F., .F. ) 
 B_SPLINE_CURVE_WITH_KNOTS ( ( 4, 4 ),
 ( 1.570796326794896558, 4.712388980384689674 ),
 .UNSPECIFIED. ) 
 CURVE ( )  GEOMETRIC_REPRESENTATION_ITEM ( )  RATIONAL_B_SPLINE_CURVE ( ( 1.000000000000000000, 0.3333333333333333703, 0.3333333333333333703, 1.000000000000000000 ) ) 
 REPRESENTATION_ITEM ( '' )  );
#2603 = ORIENTED_EDGE ( 'NONE', *, *, #637, .F. ) ;
#2604 = FACE_OUTER_BOUND ( 'NONE', #117, .T. ) ;
#2605 = CARTESIAN_POINT ( 'NONE',  ( -17.52199287226402191, 24.98533808515729149, -28.09530244647763197 ) ) ;
#2606 = EDGE_CURVE ( 'NONE', #3774, #1547, #1238, .T. ) ;
#2607 = EDGE_LOOP ( 'NONE', ( #1977, #1899 ) ) ;
#2608 = CARTESIAN_POINT ( 'NONE',  ( -12.00000000000000178, 17.49999999999999645, 26.49999999999999289 ) ) ;
#2609 =( NAMED_UNIT ( * ) PLANE_ANGLE_UNIT ( ) SI_UNIT ( $, .RADIAN. ) );
#2610 = CARTESIAN_POINT ( 'NONE',  ( 17.49999999999999645, 25.00000000000000000, -28.00000000000000000 ) ) ;
#2611 = DIRECTION ( 'NONE',  ( 0.000000000000000000, -1.000000000000000000, 0.000000000000000000 ) ) ;
#2612 = DIRECTION ( 'NONE',  ( 0.000000000000000000, -1.000000000000000000, 0.000000000000000000 ) ) ;
#2613 = DIRECTION ( 'NONE',  ( -0.000000000000000000, 1.000000000000000000, -0.000000000000000000 ) ) ;
#2614 = ORIENTED_EDGE ( 'NONE', *, *, #1211, .F. ) ;
#2615 = ORIENTED_EDGE ( 'NONE', *, *, #1397, .F. ) ;
#2616 = DIRECTION ( 'NONE',  ( 1.156482317317871478E-16, 0.000000000000000000, 1.000000000000000000 ) ) ;
#2617 = CARTESIAN_POINT ( 'NONE',  ( -8.000000000000000000, 23.00000000000000000, 28.00000000000000000 ) ) ;
#2618 = CARTESIAN_POINT ( 'NONE',  ( -22.75000000000000711, 4.000000000000000000, -22.49999999999999645 ) ) ;
#2619 =( NAMED_UNIT ( * ) PLANE_ANGLE_UNIT ( ) SI_UNIT ( $, .RADIAN. ) );
#2620 = EDGE_LOOP ( 'NONE', ( #376, #1618, #785, #3281 ) ) ;
#2621 = DIRECTION ( 'NONE',  ( -0.5547001962252318119, -0.8320502943378420557, 0.000000000000000000 ) ) ;
#2622 = ADVANCED_FACE ( 'NONE', ( #2524 ), #1346, .T. ) ;
#2623 = DIRECTION ( 'NONE',  ( 0.000000000000000000, 0.000000000000000000, 1.000000000000000000 ) ) ;
#2624 = ORIENTED_EDGE ( 'NONE', *, *, #3620, .T. ) ;
#2625 = AXIS2_PLACEMENT_3D ( 'NONE', #4008, #3705, #1520 ) ;
#2626 = EDGE_CURVE ( 'NONE', #1527, #1096, #2295, .T. ) ;
#2627 = EDGE_CURVE ( 'NONE', #1904, #704, #437, .T. ) ;
#2628 = FACE_OUTER_BOUND ( 'NONE', #3812, .T. ) ;
#2629 = AXIS2_PLACEMENT_3D ( 'NONE', #3465, #2535, #86 ) ;
#2630 = ORIENTED_EDGE ( 'NONE', *, *, #3548, .F. ) ;
#2631 = DIRECTION ( 'NONE',  ( 0.000000000000000000, 0.000000000000000000, -1.000000000000000000 ) ) ;
#2632 = LINE ( 'NONE', #2889, #2569 ) ;
#2633 = VECTOR ( 'NONE', #3190, 1000.000000000000000 ) ;
#2634 = DIRECTION ( 'NONE',  ( 0.000000000000000000, 0.000000000000000000, -1.000000000000000000 ) ) ;
#2635 = VERTEX_POINT ( 'NONE', #2238 ) ;
#2636 = VERTEX_POINT ( 'NONE', #3760 ) ;
#2637 = LINE ( 'NONE', #1113, #2303 ) ;
#2638 = EDGE_CURVE ( 'NONE', #1749, #402, #2919, .T. ) ;
#2639 = CARTESIAN_POINT ( 'NONE',  ( -17.49999999999994671, 23.00000000000000355, 6.000000000000001776 ) ) ;
#2640 = CARTESIAN_POINT ( 'NONE',  ( -17.49999999999995381, 23.00000000000000355, -20.99999999999997513 ) ) ;
#2641 = VERTEX_POINT ( 'NONE', #3473 ) ;
#2642 = VECTOR ( 'NONE', #878, 1000.000000000000000 ) ;
#2643 = DIRECTION ( 'NONE',  ( 1.000000000000000000, 0.000000000000000000, 0.000000000000000000 ) ) ;
#2644 = FACE_OUTER_BOUND ( 'NONE', #2566, .T. ) ;
#2645 = DIRECTION ( 'NONE',  ( 0.000000000000000000, 1.000000000000000000, 0.000000000000000000 ) ) ;
#2646 = VECTOR ( 'NONE', #3410, 1000.000000000000000 ) ;
#2647 = ORIENTED_EDGE ( 'NONE', *, *, #123, .F. ) ;
#2648 = AXIS2_PLACEMENT_3D ( 'NONE', #1970, #690, #3196 ) ;
#2649 = DIRECTION ( 'NONE',  ( 0.000000000000000000, 0.000000000000000000, -1.000000000000000000 ) ) ;
#2650 = PRESENTATION_STYLE_ASSIGNMENT (( #1046 ) ) ;
#2651 = CIRCLE ( 'NONE', #2206, 1.499999999999995337 ) ;
#2652 = EDGE_CURVE ( 'NONE', #3962, #3907, #3746, .T. ) ;
#2653 = ORIENTED_EDGE ( 'NONE', *, *, #88, .F. ) ;
#2654 = CARTESIAN_POINT ( 'NONE',  ( -17.49999999999995381, 23.00000000000000355, 28.00000000000000000 ) ) ;
#2655 = DIRECTION ( 'NONE',  ( 0.000000000000000000, 0.000000000000000000, 1.000000000000000000 ) ) ;
#2656 = CARTESIAN_POINT ( 'NONE',  ( -31.00000000000000000, 25.00000000000000000, 0.000000000000000000 ) ) ;
#2657 = ADVANCED_FACE ( 'NONE', ( #379 ), #1325, .F. ) ;
#2658 = ORIENTED_EDGE ( 'NONE', *, *, #575, .T. ) ;
#2659 = CARTESIAN_POINT ( 'NONE',  ( -12.00000000000000000, 21.50000000000000000, -28.00000000000000000 ) ) ;
#2660 = CARTESIAN_POINT ( 'NONE',  ( 9.000000000000001776, 21.50000000000000000, -22.49999999999995026 ) ) ;
#2661 = CARTESIAN_POINT ( 'NONE',  ( -32.50000000000000000, 25.00000000000000000, 25.00000000000000000 ) ) ;
#2662 = ORIENTED_EDGE ( 'NONE', *, *, #405, .F. ) ;
#2663 = VERTEX_POINT ( 'NONE', #2581 ) ;
#2664 = AXIS2_PLACEMENT_3D ( 'NONE', #2811, #3998, #35 ) ;
#2665 = EDGE_CURVE ( 'NONE', #3314, #3792, #3458, .T. ) ;
#2666 = DIRECTION ( 'NONE',  ( 0.000000000000000000, 0.000000000000000000, -1.000000000000000000 ) ) ;
#2667 = CARTESIAN_POINT ( 'NONE',  ( 29.03589941132428720, 13.70384911698643471, -4.000000000000000000 ) ) ;
#2668 = LINE ( 'NONE', #478, #65 ) ;
#2669 = EDGE_LOOP ( 'NONE', ( #311, #443, #148, #1697 ) ) ;
#2670 = DIRECTION ( 'NONE',  ( -0.9486832980505141011, 0.000000000000000000, 0.3162277660168371640 ) ) ;
#2671 = FACE_OUTER_BOUND ( 'NONE', #3115, .T. ) ;
#2672 = VERTEX_POINT ( 'NONE', #113 ) ;
#2673 = LINE ( 'NONE', #447, #1199 ) ;
#2674 = CARTESIAN_POINT ( 'NONE',  ( -10.00000000000000000, 21.50000000000000000, 28.00000000000000000 ) ) ;
#2675 = CARTESIAN_POINT ( 'NONE',  ( -7.499999999999998224, -28.00000000000000355, 6.000000000000001776 ) ) ;
#2676 = ORIENTED_EDGE ( 'NONE', *, *, #529, .T. ) ;
#2677 = CARTESIAN_POINT ( 'NONE',  ( 28.11282248824737806, 15.92478500783506590, -28.00000000000000355 ) ) ;
#2678 = CARTESIAN_POINT ( 'NONE',  ( -22.75000000000000711, 4.000000000000000000, -19.99999999999999645 ) ) ;
#2679 = ADVANCED_FACE ( 'NONE', ( #3154 ), #3815, .F. ) ;
#2680 = CARTESIAN_POINT ( 'NONE',  ( -9.000000000000001776, 21.50000000000000000, -22.49999999999996447 ) ) ;
#2681 = ORIENTED_EDGE ( 'NONE', *, *, #3017, .F. ) ;
#2682 = VERTEX_POINT ( 'NONE', #670 ) ;
#2683 = CARTESIAN_POINT ( 'NONE',  ( 0.000000000000000000, 1.500000000000000000, 0.000000000000000000 ) ) ;
#2684 = LINE ( 'NONE', #3615, #841 ) ;
#2685 = ORIENTED_EDGE ( 'NONE', *, *, #833, .F. ) ;
#2686 = EDGE_CURVE ( 'NONE', #964, #3409, #44, .T. ) ;
#2687 = CIRCLE ( 'NONE', #2625, 2.499999999999998668 ) ;
#2688 = ORIENTED_EDGE ( 'NONE', *, *, #412, .T. ) ;
#2689 = CARTESIAN_POINT ( 'NONE',  ( -30.69999999999999929, 16.19999999999997442, -23.70263340389897166 ) ) ;
#2690 = CARTESIAN_POINT ( 'NONE',  ( -17.49999999999994316, 23.00000000000000355, 13.50000000000000178 ) ) ;
#2691 = DIRECTION ( 'NONE',  ( 0.000000000000000000, 0.000000000000000000, -1.000000000000000000 ) ) ;
#2692 = AXIS2_PLACEMENT_3D ( 'NONE', #3970, #1900, #1227 ) ;
#2693 = CARTESIAN_POINT ( 'NONE',  ( -10.74999999999997691, 0.000000000000000000, 32.24999999999999289 ) ) ;
#2694 = ORIENTED_EDGE ( 'NONE', *, *, #1831, .F. ) ;
#2695 = EDGE_CURVE ( 'NONE', #2635, #49, #2832, .T. ) ;
#2696 = CIRCLE ( 'NONE', #1404, 2.000000000000001776 ) ;
#2697 = CARTESIAN_POINT ( 'NONE',  ( 10.00000000000000000, 18.99999999999993250, 25.00000000000000000 ) ) ;
#2698 = CARTESIAN_POINT ( 'NONE',  ( 22.74999999999999289, 1.500000000000000000, -20.00000000000000711 ) ) ;
#2699 = DIRECTION ( 'NONE',  ( 0.000000000000000000, 0.000000000000000000, 1.000000000000000000 ) ) ;
#2700 = DIRECTION ( 'NONE',  ( 0.000000000000000000, -1.000000000000000000, 0.000000000000000000 ) ) ;
#2701 = AXIS2_PLACEMENT_3D ( 'NONE', #3253, #1450, #458 ) ;
#2702 = EDGE_CURVE ( 'NONE', #3106, #2816, #3780, .T. ) ;
#2703 = EDGE_CURVE ( 'NONE', #1824, #1956, #2223, .T. ) ;
#2704 = PLANE ( 'NONE',  #2444 ) ;
#2705 = CARTESIAN_POINT ( 'NONE',  ( 10.00000000000000000, 21.50000000000000000, -28.00000000000000000 ) ) ;
#2706 = AXIS2_PLACEMENT_3D ( 'NONE', #1542, #2773, #943 ) ;
#2707 = EDGE_CURVE ( 'NONE', #236, #19, #4002, .T. ) ;
#2708 = EDGE_LOOP ( 'NONE', ( #2517, #1585, #3470, #490 ) ) ;
#2709 = AXIS2_PLACEMENT_3D ( 'NONE', #1889, #2144, #3438 ) ;
#2710 = CARTESIAN_POINT ( 'NONE',  ( -11.00000000000000000, 21.50000000000000000, -28.00000000000000000 ) ) ;
#2711 = AXIS2_PLACEMENT_3D ( 'NONE', #700, #103, #1045 ) ;
#2712 = ADVANCED_FACE ( 'NONE', ( #996 ), #34, .T. ) ;
#2713 = ORIENTED_EDGE ( 'NONE', *, *, #833, .T. ) ;
#2714 = DIRECTION ( 'NONE',  ( -1.734723475976807094E-16, 0.000000000000000000, -1.000000000000000000 ) ) ;
#2715 = CARTESIAN_POINT ( 'NONE',  ( -12.00000000000000000, 21.50000000000000000, -22.49999999999996447 ) ) ;
#2716 = CARTESIAN_POINT ( 'NONE',  ( 7.500000000000001776, -28.00000000000000355, -16.50000000000000000 ) ) ;
#2717 = AXIS2_PLACEMENT_3D ( 'NONE', #3276, #2418, #832 ) ;
#2718 = CARTESIAN_POINT ( 'NONE',  ( 17.80790021169689297, 22.79473319220206662, -28.00000000000000355 ) ) ;
#2719 = ORIENTED_EDGE ( 'NONE', *, *, #1436, .F. ) ;
#2720 = PLANE ( 'NONE',  #1737 ) ;
#2721 = DIRECTION ( 'NONE',  ( -0.000000000000000000, -1.000000000000000000, -0.000000000000000000 ) ) ;
#2722 = ORIENTED_EDGE ( 'NONE', *, *, #605, .T. ) ;
#2723 = ORIENTED_EDGE ( 'NONE', *, *, #3673, .T. ) ;
#2724 = CARTESIAN_POINT ( 'NONE',  ( -10.74999999999997691, 25.00000000000000000, -32.24999999999999289 ) ) ;
#2725 = LINE ( 'NONE', #3036, #825 ) ;
#2726 = DIRECTION ( 'NONE',  ( -1.000000000000000000, 0.000000000000000000, 0.000000000000000000 ) ) ;
#2727 = AXIS2_PLACEMENT_3D ( 'NONE', #2833, #2525, #2224 ) ;
#2728 = CYLINDRICAL_SURFACE ( 'NONE', #373, 1.374999999999999556 ) ;
#2729 = ADVANCED_FACE ( 'NONE', ( #397 ), #2008, .F. ) ;
#2730 = EDGE_CURVE ( 'NONE', #3234, #551, #3882, .T. ) ;
#2731 = ORIENTED_EDGE ( 'NONE', *, *, #2042, .F. ) ;
#2732 = DIRECTION ( 'NONE',  ( -0.000000000000000000, 1.000000000000000000, -0.000000000000000000 ) ) ;
#2733 = PLANE ( 'NONE',  #3175 ) ;
#2734 = DIRECTION ( 'NONE',  ( 0.000000000000000000, 0.000000000000000000, 1.000000000000000000 ) ) ;
#2735 = ORIENTED_EDGE ( 'NONE', *, *, #2012, .T. ) ;
#2736 = FACE_OUTER_BOUND ( 'NONE', #811, .T. ) ;
#2737 = CARTESIAN_POINT ( 'NONE',  ( 29.03589941132429786, 17.30940039245041362, 4.000000000000000000 ) ) ;
#2738 = CARTESIAN_POINT ( 'NONE',  ( -17.49999999999995381, 23.00000000000000355, -28.00000000000000000 ) ) ;
#2739 = VERTEX_POINT ( 'NONE', #1458 ) ;
#2740 = ORIENTED_EDGE ( 'NONE', *, *, #1543, .T. ) ;
#2741 = DIRECTION ( 'NONE',  ( -1.000000000000000000, 0.000000000000000000, 0.000000000000000000 ) ) ;
#2742 = DIRECTION ( 'NONE',  ( -0.000000000000000000, -1.000000000000000000, -0.000000000000000000 ) ) ;
#2743 = FACE_OUTER_BOUND ( 'NONE', #1849, .T. ) ;
#2744 = VERTEX_POINT ( 'NONE', #1780 ) ;
#2745 = EDGE_CURVE ( 'NONE', #406, #2165, #3946, .T. ) ;
#2746 = CARTESIAN_POINT ( 'NONE',  ( 12.00000000000000178, 17.49999999999999645, -26.49999999999999289 ) ) ;
#2747 = ORIENTED_EDGE ( 'NONE', *, *, #3039, .F. ) ;
#2748 = EDGE_CURVE ( 'NONE', #917, #194, #876, .T. ) ;
#2749 = PLANE ( 'NONE',  #368 ) ;
#2750 = ORIENTED_EDGE ( 'NONE', *, *, #3123, .F. ) ;
#2751 = FACE_BOUND ( 'NONE', #1851, .T. ) ;
#2752 = ORIENTED_EDGE ( 'NONE', *, *, #2606, .T. ) ;
#2753 = DIRECTION ( 'NONE',  ( 0.000000000000000000, 0.000000000000000000, 1.000000000000000000 ) ) ;
#2754 = ADVANCED_FACE ( 'NONE', ( #3966 ), #2749, .F. ) ;
#2755 = DIRECTION ( 'NONE',  ( -1.000000000000000000, 0.000000000000000000, 0.000000000000000000 ) ) ;
#2756 = ORIENTED_EDGE ( 'NONE', *, *, #1339, .T. ) ;
#2757 = ORIENTED_EDGE ( 'NONE', *, *, #3973, .T. ) ;
#2758 = AXIS2_PLACEMENT_3D ( 'NONE', #491, #3570, #455 ) ;
#2759 = ORIENTED_EDGE ( 'NONE', *, *, #2934, .F. ) ;
#2760 = VERTEX_POINT ( 'NONE', #3363 ) ;
#2761 = DIRECTION ( 'NONE',  ( -0.8320502943378429439, 0.5547001962252301466, 0.000000000000000000 ) ) ;
#2762 = CARTESIAN_POINT ( 'NONE',  ( 17.49999999999999645, 25.00000000000000000, -28.00000000000000000 ) ) ;
#2763 = CIRCLE ( 'NONE', #1937, 1.499999999999994449 ) ;
#2764 = DIRECTION ( 'NONE',  ( 1.000000000000000000, 0.000000000000000000, -0.000000000000000000 ) ) ;
#2765 = CIRCLE ( 'NONE', #424, 1.374999999999999556 ) ;
#2766 = LINE ( 'NONE', #2815, #634 ) ;
#2767 = ORIENTED_EDGE ( 'NONE', *, *, #2748, .T. ) ;
#2768 = VECTOR ( 'NONE', #2061, 1000.000000000000000 ) ;
#2769 = CYLINDRICAL_SURFACE ( 'NONE', #1892, 1.499999999999994449 ) ;
#2770 = ADVANCED_FACE ( 'NONE', ( #819 ), #840, .T. ) ;
#2771 = AXIS2_PLACEMENT_3D ( 'NONE', #2667, #1083, #3558 ) ;
#2772 = ORIENTED_EDGE ( 'NONE', *, *, #3418, .T. ) ;
#2773 = DIRECTION ( 'NONE',  ( 0.000000000000000000, 0.000000000000000000, -1.000000000000000000 ) ) ;
#2774 = ORIENTED_EDGE ( 'NONE', *, *, #76, .T. ) ;
#2775 = CARTESIAN_POINT ( 'NONE',  ( -22.75000000000000711, 4.000000000000000000, 21.10000000000000142 ) ) ;
#2776 = CARTESIAN_POINT ( 'NONE',  ( 7.500000000000008882, 23.00000000000000000, -7.500000000000002665 ) ) ;
#2777 = VECTOR ( 'NONE', #3396, 1000.000000000000000 ) ;
#2778 = LINE ( 'NONE', #2738, #278 ) ;
#2779 = LINE ( 'NONE', #2173, #3957 ) ;
#2781 = EDGE_CURVE ( 'NONE', #1810, #1933, #1419, .T. ) ;
#2780 = VERTEX_POINT ( 'NONE', #203 ) ;
#2782 = ADVANCED_FACE ( 'NONE', ( #3625 ), #2733, .T. ) ;
#2783 = VERTEX_POINT ( 'NONE', #1181 ) ;
#2784 = AXIS2_PLACEMENT_3D ( 'NONE', #1604, #2839, #3764 ) ;
#2785 = ORIENTED_EDGE ( 'NONE', *, *, #1568, .F. ) ;
#2786 = EDGE_LOOP ( 'NONE', ( #3858, #2328, #134, #2943 ) ) ;
#2787 = DIRECTION ( 'NONE',  ( 0.000000000000000000, 1.000000000000000000, 0.000000000000000000 ) ) ;
#2788 = DIRECTION ( 'NONE',  ( 0.000000000000000000, 0.000000000000000000, -1.000000000000000000 ) ) ;
#2789 = CARTESIAN_POINT ( 'NONE',  ( -7.500000000000000888, -28.00000000000000355, 7.500000000000000000 ) ) ;
#2790 = DIRECTION ( 'NONE',  ( 0.9486832980505141011, 0.000000000000000000, -0.3162277660168374971 ) ) ;
#2791 = EDGE_CURVE ( 'NONE', #1147, #3904, #1813, .T. ) ;
#2792 = PRODUCT_RELATED_PRODUCT_CATEGORY ( 'part', '', ( #3560 ) ) ;
#2793 = DIRECTION ( 'NONE',  ( 0.000000000000000000, 0.000000000000000000, -1.000000000000000000 ) ) ;
#2794 = VECTOR ( 'NONE', #2376, 1000.000000000000227 ) ;
#2795 = ORIENTED_EDGE ( 'NONE', *, *, #2511, .F. ) ;
#2796 = CARTESIAN_POINT ( 'NONE',  ( 28.11282248824738872, 15.92478500783506234, 4.000000000000000000 ) ) ;
#2797 = CARTESIAN_POINT ( 'NONE',  ( 7.500000000000001776, 23.00000000000000000, -16.50000000000000000 ) ) ;
#2798 = ORIENTED_EDGE ( 'NONE', *, *, #4022, .F. ) ;
#2799 = DIRECTION ( 'NONE',  ( 1.000000000000000000, 0.000000000000000000, -1.156482317317871478E-16 ) ) ;
#2800 = VERTEX_POINT ( 'NONE', #523 ) ;
#2801 = CARTESIAN_POINT ( 'NONE',  ( -12.00000000000000000, 23.00000000000000355, 20.99999999999993250 ) ) ;
#2802 = CARTESIAN_POINT ( 'NONE',  ( 22.74999999999999289, 4.000000000000000000, 17.49999999999999645 ) ) ;
#2803 = CARTESIAN_POINT ( 'NONE',  ( -12.00000000000000000, 21.50000000000000000, 25.00000000000000000 ) ) ;
#2804 = ORIENTED_EDGE ( 'NONE', *, *, #3965, .T. ) ;
#2805 = VERTEX_POINT ( 'NONE', #2135 ) ;
#2806 = VERTEX_POINT ( 'NONE', #3338 ) ;
#2807 = ORIENTED_EDGE ( 'NONE', *, *, #1339, .F. ) ;
#2808 = EDGE_CURVE ( 'NONE', #3148, #964, #227, .T. ) ;
#2809 = DIRECTION ( 'NONE',  ( 1.000000000000000000, 0.000000000000000000, 0.000000000000000000 ) ) ;
#2810 = CARTESIAN_POINT ( 'NONE',  ( -7.499999999999998224, 25.00000000000000000, -8.999999999999998224 ) ) ;
#2811 = CARTESIAN_POINT ( 'NONE',  ( -7.499999999999998224, -28.00000000000000355, 16.49999999999998934 ) ) ;
#2812 = CARTESIAN_POINT ( 'NONE',  ( -10.00000000000000000, 21.50000000000000000, -28.00000000000000000 ) ) ;
#2813 = DIRECTION ( 'NONE',  ( -1.000000000000000000, 0.000000000000000000, 0.000000000000000000 ) ) ;
#2814 = EDGE_CURVE ( 'NONE', #2551, #3911, #3047, .T. ) ;
#2815 = CARTESIAN_POINT ( 'NONE',  ( 30.69999999999996732, 12.59444872453597419, -4.000000000000000888 ) ) ;
#2816 = VERTEX_POINT ( 'NONE', #1835 ) ;
#2817 = EDGE_CURVE ( 'NONE', #3227, #1967, #1819, .T. ) ;
#2818 = DIRECTION ( 'NONE',  ( 0.000000000000000000, 1.000000000000000000, 0.000000000000000000 ) ) ;
#2819 = CARTESIAN_POINT ( 'NONE',  ( -9.999999999999996447, 21.50000000000000000, -28.49999999999999645 ) ) ;
#2820 = FACE_OUTER_BOUND ( 'NONE', #3456, .T. ) ;
#2821 = ORIENTED_EDGE ( 'NONE', *, *, #3981, .F. ) ;
#2822 = DIRECTION ( 'NONE',  ( -0.000000000000000000, -1.000000000000000000, -0.000000000000000000 ) ) ;
#2823 = CARTESIAN_POINT ( 'NONE',  ( -7.500000000000001776, 23.00000000000000000, 15.00000000000000000 ) ) ;
#2824 = ORIENTED_EDGE ( 'NONE', *, *, #454, .T. ) ;
#2825 = ORIENTED_EDGE ( 'NONE', *, *, #2161, .F. ) ;
#2826 = ADVANCED_FACE ( 'NONE', ( #3065, #264, #2102, #1201, #3680, #897 ), #2148, .T. ) ;
#2827 = ORIENTED_EDGE ( 'NONE', *, *, #401, .F. ) ;
#2828 = ORIENTED_EDGE ( 'NONE', *, *, #894, .F. ) ;
#2829 = ORIENTED_EDGE ( 'NONE', *, *, #1991, .T. ) ;
#2830 = TOROIDAL_SURFACE ( 'NONE', #1263, 4.499999999999999112, 2.000000000000000000 ) ;
#2831 = DIRECTION ( 'NONE',  ( 0.000000000000000000, 0.000000000000000000, -1.000000000000000000 ) ) ;
#2832 = LINE ( 'NONE', #1643, #553 ) ;
#2833 = CARTESIAN_POINT ( 'NONE',  ( 22.74999999999999289, 4.000000000000000000, 19.99999999999999289 ) ) ;
#2834 = AXIS2_PLACEMENT_3D ( 'NONE', #3896, #3519, #3768 ) ;
#2835 = ADVANCED_FACE ( 'NONE', ( #508 ), #2936, .F. ) ;
#2836 = VECTOR ( 'NONE', #372, 1000.000000000000114 ) ;
#2837 = DIRECTION ( 'NONE',  ( -1.000000000000000000, 0.000000000000000000, 2.312964634635742957E-16 ) ) ;
#2838 = VECTOR ( 'NONE', #1057, 1000.000000000000000 ) ;
#2839 = DIRECTION ( 'NONE',  ( -0.000000000000000000, -1.000000000000000000, -0.000000000000000000 ) ) ;
#2840 = EDGE_CURVE ( 'NONE', #1496, #3838, #1952, .T. ) ;
#2841 = VECTOR ( 'NONE', #678, 1000.000000000000000 ) ;
#2842 = ORIENTED_EDGE ( 'NONE', *, *, #1666, .F. ) ;
#2843 = EDGE_CURVE ( 'NONE', #3106, #2887, #176, .T. ) ;
#2844 = VERTEX_POINT ( 'NONE', #1225 ) ;
#2845 = CARTESIAN_POINT ( 'NONE',  ( -7.499999999999998224, 23.00000000000000000, -13.50000000000000888 ) ) ;
#2846 = CARTESIAN_POINT ( 'NONE',  ( -10.00000000000000000, 21.50000000000000000, -28.00000000000000000 ) ) ;
#2847 = EDGE_CURVE ( 'NONE', #2551, #3771, #232, .T. ) ;
#2848 = AXIS2_PLACEMENT_3D ( 'NONE', #265, #586, #1442 ) ;
#2849 = EDGE_LOOP ( 'NONE', ( #1514, #541, #1657, #1754, #937, #1526, #644, #3434 ) ) ;
#2850 = CARTESIAN_POINT ( 'NONE',  ( 12.00000000000000000, 21.50000000000000000, -25.00000000000000000 ) ) ;
#2851 = CARTESIAN_POINT ( 'NONE',  ( -11.00000000000000000, 21.50000000000000000, -22.49999999999996447 ) ) ;
#2852 = ORIENTED_EDGE ( 'NONE', *, *, #237, .F. ) ;
#2853 = ORIENTED_EDGE ( 'NONE', *, *, #1581, .F. ) ;
#2854 = VERTEX_POINT ( 'NONE', #2845 ) ;
#2855 = EDGE_LOOP ( 'NONE', ( #1859, #2614, #2882, #3649 ) ) ;
#2856 = VECTOR ( 'NONE', #3496, 1000.000000000000000 ) ;
#2857 = CARTESIAN_POINT ( 'NONE',  ( 22.74999999999999289, 1.500000000000000000, -15.50000000000000888 ) ) ;
#2858 = CARTESIAN_POINT ( 'NONE',  ( -7.499999999999998224, 25.00000000000000000, -13.50000000000000888 ) ) ;
#2859 = CARTESIAN_POINT ( 'NONE',  ( 30.99999999999999645, 14.20969862026759145, 5.785219290041460738 ) ) ;
#2860 = AXIS2_PLACEMENT_3D ( 'NONE', #3716, #1368, #2243 ) ;
#2861 = FACE_OUTER_BOUND ( 'NONE', #475, .T. ) ;
#2862 = EDGE_LOOP ( 'NONE', ( #738, #2852, #800, #1300 ) ) ;
#2863 = ADVANCED_FACE ( 'NONE', ( #1293 ), #2769, .F. ) ;
#2864 = ADVANCED_FACE ( 'NONE', ( #1002 ), #20, .T. ) ;
#2865 = DIRECTION ( 'NONE',  ( 0.000000000000000000, -1.000000000000000000, 0.000000000000000000 ) ) ;
#2866 = LINE ( 'NONE', #2188, #1614 ) ;
#2867 = LINE ( 'NONE', #3448, #427 ) ;
#2868 = EDGE_LOOP ( 'NONE', ( #2827, #263, #3758, #2992 ) ) ;
#2869 = ORIENTED_EDGE ( 'NONE', *, *, #344, .T. ) ;
#2870 = DIRECTION ( 'NONE',  ( 1.000000000000000000, 0.000000000000000000, -0.000000000000000000 ) ) ;
#2871 = CYLINDRICAL_SURFACE ( 'NONE', #220, 2.499999999999998668 ) ;
#2872 = CIRCLE ( 'NONE', #2997, 2.000000000000000000 ) ;
#2873 = ORIENTED_EDGE ( 'NONE', *, *, #2808, .T. ) ;
#2874 = ORIENTED_EDGE ( 'NONE', *, *, #1831, .T. ) ;
#2875 = ORIENTED_EDGE ( 'NONE', *, *, #2530, .T. ) ;
#2876 =( BOUNDED_CURVE ( )  B_SPLINE_CURVE ( 3, ( #1084, #773, #64, #1307 ),
 .UNSPECIFIED., .F., .F. ) 
 B_SPLINE_CURVE_WITH_KNOTS ( ( 4, 4 ),
 ( 4.712388980384689674, 7.853981633974482790 ),
 .UNSPECIFIED. ) 
 CURVE ( )  GEOMETRIC_REPRESENTATION_ITEM ( )  RATIONAL_B_SPLINE_CURVE ( ( 1.000000000000000000, 0.3333333333333333703, 0.3333333333333333703, 1.000000000000000000 ) ) 
 REPRESENTATION_ITEM ( '' )  );
#2877 = CARTESIAN_POINT ( 'NONE',  ( 30.69999999999999929, 16.19999999999993889, 5.999999999999995559 ) ) ;
#2878 = CARTESIAN_POINT ( 'NONE',  ( 10.00000000000000355, 21.50000000000000000, -30.00000000000000355 ) ) ;
#2879 = DIRECTION ( 'NONE',  ( 1.000000000000000000, 0.000000000000000000, -0.000000000000000000 ) ) ;
#2880 = DIRECTION ( 'NONE',  ( 0.000000000000000000, -0.000000000000000000, 1.000000000000000000 ) ) ;
#2881 = ADVANCED_FACE ( 'NONE', ( #3100 ), #300, .F. ) ;
#2882 = ORIENTED_EDGE ( 'NONE', *, *, #3453, .F. ) ;
#2883 = CARTESIAN_POINT ( 'NONE',  ( -17.49999999999995381, 23.00000000000000355, -20.99999999999993250 ) ) ;
#2884 = CARTESIAN_POINT ( 'NONE',  ( 22.74999999999999289, 3.500000000000000000, -20.00000000000000711 ) ) ;
#2885 = EDGE_CURVE ( 'NONE', #253, #796, #2247, .T. ) ;
#2886 = EDGE_CURVE ( 'NONE', #2887, #336, #2509, .T. ) ;
#2887 = VERTEX_POINT ( 'NONE', #3769 ) ;
#2888 = CARTESIAN_POINT ( 'NONE',  ( 10.27565835097471592, 1.500000000000001332, -30.82697505292422946 ) ) ;
#2889 = CARTESIAN_POINT ( 'NONE',  ( -11.37499999999998579, 21.50000000000000000, 33.00000000000000000 ) ) ;
#2890 = EDGE_CURVE ( 'NONE', #1549, #3050, #3720, .T. ) ;
#2891 = ORIENTED_EDGE ( 'NONE', *, *, #601, .T. ) ;
#2892 = ORIENTED_EDGE ( 'NONE', *, *, #209, .F. ) ;
#2893 = ORIENTED_EDGE ( 'NONE', *, *, #535, .F. ) ;
#2894 = EDGE_CURVE ( 'NONE', #1836, #3640, #322, .T. ) ;
#2895 = LINE ( 'NONE', #135, #3341 ) ;
#2896 = DIRECTION ( 'NONE',  ( 0.5547001962252318119, 0.8320502943378419447, 0.000000000000000000 ) ) ;
#2897 = ADVANCED_FACE ( 'NONE', ( #987 ), #1560, .F. ) ;
#2898 = DIRECTION ( 'NONE',  ( -1.000000000000000000, 0.000000000000000000, 0.000000000000000000 ) ) ;
#2899 = AXIS2_PLACEMENT_3D ( 'NONE', #1620, #3228, #93 ) ;
#2900 = DIRECTION ( 'NONE',  ( 1.000000000000000000, 0.000000000000000000, 0.000000000000000000 ) ) ;
#2901 = CIRCLE ( 'NONE', #1341, 1.499999999999994449 ) ;
#2902 = VERTEX_POINT ( 'NONE', #2796 ) ;
#2903 = CYLINDRICAL_SURFACE ( 'NONE', #3361, 1.374999999999999556 ) ;
#2904 = AXIS2_PLACEMENT_3D ( 'NONE', #652, #1497, #2382 ) ;
#2905 = VERTEX_POINT ( 'NONE', #3747 ) ;
#2906 = DIRECTION ( 'NONE',  ( 0.000000000000000000, 0.000000000000000000, 1.000000000000000000 ) ) ;
#2907 = DIRECTION ( 'NONE',  ( 0.000000000000000000, 0.000000000000000000, -1.000000000000000000 ) ) ;
#2908 = AXIS2_PLACEMENT_3D ( 'NONE', #3696, #891, #1219 ) ;
#2909 = EDGE_LOOP ( 'NONE', ( #321, #3581 ) ) ;
#2910 = DIRECTION ( 'NONE',  ( 0.000000000000000000, 0.000000000000000000, -1.000000000000000000 ) ) ;
#2911 = EDGE_LOOP ( 'NONE', ( #2795, #2747 ) ) ;
#2912 = ORIENTED_EDGE ( 'NONE', *, *, #3577, .T. ) ;
#2913 = LINE ( 'NONE', #1362, #3984 ) ;
#2914 = CIRCLE ( 'NONE', #1412, 2.499999999999998668 ) ;
#2915 = CARTESIAN_POINT ( 'NONE',  ( -22.75000000000000711, 4.000000000000000000, -19.99999999999999645 ) ) ;
#2916 = ADVANCED_FACE ( 'NONE', ( #967 ), #1914, .F. ) ;
#2917 = PLANE ( 'NONE',  #1041 ) ;
#2918 = ORIENTED_EDGE ( 'NONE', *, *, #1975, .F. ) ;
#2919 = CIRCLE ( 'NONE', #1145, 1.999999999999994671 ) ;
#2920 = VERTEX_POINT ( 'NONE', #1935 ) ;
#2921 = CARTESIAN_POINT ( 'NONE',  ( -17.80790021169691784, 22.79473319220203109, -28.00000000000000000 ) ) ;
#2922 = VECTOR ( 'NONE', #2017, 1000.000000000000000 ) ;
#2923 = EDGE_CURVE ( 'NONE', #3561, #3298, #3081, .T. ) ;
#2924 = PLANE ( 'NONE',  #2588 ) ;
#2925 = AXIS2_PLACEMENT_3D ( 'NONE', #2942, #2546, #1430 ) ;
#2926 = ORIENTED_EDGE ( 'NONE', *, *, #2886, .T. ) ;
#2927 = LINE ( 'NONE', #83, #2922 ) ;
#2928 = CARTESIAN_POINT ( 'NONE',  ( 9.000000000000001776, 21.50000000000000000, 25.00000000000000000 ) ) ;
#2929 = DIRECTION ( 'NONE',  ( 0.000000000000000000, 0.000000000000000000, 1.000000000000000000 ) ) ;
#2930 = CARTESIAN_POINT ( 'NONE',  ( -17.49999999999994671, 23.00000000000000355, -1.499999999999994449 ) ) ;
#2931 = LINE ( 'NONE', #3526, #1135 ) ;
#2932 = EDGE_LOOP ( 'NONE', ( #3272, #2300, #2153, #392 ) ) ;
#2933 = CIRCLE ( 'NONE', #1164, 0.9999999999999991118 ) ;
#2934 = EDGE_CURVE ( 'NONE', #1072, #3417, #1310, .T. ) ;
#2935 = DIRECTION ( 'NONE',  ( 0.000000000000000000, 0.000000000000000000, 1.000000000000000000 ) ) ;
#2936 = CYLINDRICAL_SURFACE ( 'NONE', #2983, 1.999999999999994671 ) ;
#2937 = FACE_OUTER_BOUND ( 'NONE', #3683, .T. ) ;
#2938 = FACE_BOUND ( 'NONE', #2396, .T. ) ;
#2939 = EDGE_CURVE ( 'NONE', #2109, #1027, #281, .T. ) ;
#2940 = ADVANCED_FACE ( 'NONE', ( #1541 ), #938, .F. ) ;
#2941 = CARTESIAN_POINT ( 'NONE',  ( -7.499999999999998224, 25.00000000000000000, -16.49999999999999645 ) ) ;
#2942 = CARTESIAN_POINT ( 'NONE',  ( 30.69999999999997797, 16.19999999999995310, 4.000000000000000000 ) ) ;
#2943 = ORIENTED_EDGE ( 'NONE', *, *, #2665, .F. ) ;
#2944 = CARTESIAN_POINT ( 'NONE',  ( -22.75000000000000711, 4.000000000000000000, 20.00000000000000000 ) ) ;
#2945 = CARTESIAN_POINT ( 'NONE',  ( 22.74999999999999289, 4.000000000000000000, 22.49999999999999289 ) ) ;
#2946 = DIRECTION ( 'NONE',  ( -1.000000000000000000, 0.000000000000000000, 0.000000000000000000 ) ) ;
#2947 = CARTESIAN_POINT ( 'NONE',  ( -7.499999999999998224, -28.00000000000000355, 13.50000000000000178 ) ) ;
#2948 = CARTESIAN_POINT ( 'NONE',  ( -31.00000000000000000, 1.500000000000000000, 23.91886116991581090 ) ) ;
#2949 = ORIENTED_EDGE ( 'NONE', *, *, #894, .T. ) ;
#2950 = CARTESIAN_POINT ( 'NONE',  ( 30.69999999999999929, 14.19999999999998153, -28.00000000000000000 ) ) ;
#2951 = DIRECTION ( 'NONE',  ( -1.000000000000000000, 0.000000000000000000, 0.000000000000000000 ) ) ;
#2952 = DIRECTION ( 'NONE',  ( -0.000000000000000000, -1.000000000000000000, -0.000000000000000000 ) ) ;
#2953 = PRODUCT_DEFINITION_SHAPE ( 'NONE', 'NONE',  #618 ) ;
#2954 = ORIENTED_EDGE ( 'NONE', *, *, #3845, .F. ) ;
#2955 = CARTESIAN_POINT ( 'NONE',  ( -17.49999999999995381, 23.00000000000000355, 28.00000000000000000 ) ) ;
#2956 = CARTESIAN_POINT ( 'NONE',  ( 17.80790021169692494, 22.79473319220204885, 28.00000000000000000 ) ) ;
#2957 = LINE ( 'NONE', #3886, #257 ) ;
#2958 = EDGE_CURVE ( 'NONE', #1112, #2005, #2386, .T. ) ;
#2959 = EDGE_LOOP ( 'NONE', ( #3457, #3206 ) ) ;
#2960 = AXIS2_PLACEMENT_3D ( 'NONE', #2846, #1610, #46 ) ;
#2961 = CARTESIAN_POINT ( 'NONE',  ( -12.00000000000000000, 21.50000000000000000, 22.49999999999995026 ) ) ;
#2962 = DIRECTION ( 'NONE',  ( 1.000000000000000000, 0.000000000000000000, 0.000000000000000000 ) ) ;
#2963 = VECTOR ( 'NONE', #3310, 1000.000000000000000 ) ;
#2964 = VECTOR ( 'NONE', #3127, 1000.000000000000000 ) ;
#2965 = VERTEX_POINT ( 'NONE', #3888 ) ;
#2966 = CARTESIAN_POINT ( 'NONE',  ( 32.36410058867565454, 15.09059960754949081, 3.999999999999999112 ) ) ;
#2967 = VECTOR ( 'NONE', #3046, 1000.000000000000000 ) ;
#2968 = AXIS2_PLACEMENT_3D ( 'NONE', #3582, #1732, #2036 ) ;
#2969 = EDGE_CURVE ( 'NONE', #2147, #3309, #3618, .T. ) ;
#2970 = CARTESIAN_POINT ( 'NONE',  ( 30.69999999999999929, 16.19999999999997442, -28.00000000000000000 ) ) ;
#2971 = ORIENTED_EDGE ( 'NONE', *, *, #3454, .F. ) ;
#2972 = DIRECTION ( 'NONE',  ( 0.000000000000000000, 0.000000000000000000, 1.000000000000000000 ) ) ;
#2973 = DIRECTION ( 'NONE',  ( 0.000000000000000000, -0.000000000000000000, 1.000000000000000000 ) ) ;
#2974 = LINE ( 'NONE', #174, #449 ) ;
#2975 = ORIENTED_EDGE ( 'NONE', *, *, #391, .F. ) ;
#2976 = ORIENTED_EDGE ( 'NONE', *, *, #1693, .F. ) ;
#2977 = AXIS2_PLACEMENT_3D ( 'NONE', #3165, #1589, #1312 ) ;
#2978 = CARTESIAN_POINT ( 'NONE',  ( 22.74999999999999289, 1.500000000000000000, -24.50000000000000711 ) ) ;
#2979 = DIRECTION ( 'NONE',  ( 0.000000000000000000, 0.000000000000000000, 1.000000000000000000 ) ) ;
#2980 = CARTESIAN_POINT ( 'NONE',  ( -8.624999999999996447, 21.50000000000000000, -30.00000000000000000 ) ) ;
#2981 = AXIS2_PLACEMENT_3D ( 'NONE', #197, #1451, #2112 ) ;
#2982 = ORIENTED_EDGE ( 'NONE', *, *, #3118, .F. ) ;
#2983 = AXIS2_PLACEMENT_3D ( 'NONE', #136, #2363, #3605 ) ;
#2984 = DIRECTION ( 'NONE',  ( 0.000000000000000000, -1.000000000000000000, 0.000000000000000000 ) ) ;
#2985 = CARTESIAN_POINT ( 'NONE',  ( -7.499999999999998224, -28.00000000000000355, -16.49999999999999645 ) ) ;
#2986 = CIRCLE ( 'NONE', #3499, 1.499999999999994449 ) ;
#2987 = EDGE_LOOP ( 'NONE', ( #1321, #1213, #1574, #333 ) ) ;
#2988 = EDGE_CURVE ( 'NONE', #2270, #2920, #2927, .T. ) ;
#2989 = CARTESIAN_POINT ( 'NONE',  ( -17.49999999999995381, 23.00000000000000355, -28.00000000000000000 ) ) ;
#2990 = DIRECTION ( 'NONE',  ( 0.000000000000000000, 0.000000000000000000, 1.000000000000000000 ) ) ;
#2991 = CARTESIAN_POINT ( 'NONE',  ( -17.49999999999995026, 23.00000000000000355, 8.999999999999991118 ) ) ;
#2992 = ORIENTED_EDGE ( 'NONE', *, *, #2163, .F. ) ;
#2993 = DIRECTION ( 'NONE',  ( 0.000000000000000000, 0.000000000000000000, -1.000000000000000000 ) ) ;
#2994 = DIRECTION ( 'NONE',  ( -0.000000000000000000, -1.000000000000000000, -0.000000000000000000 ) ) ;
#2995 = ORIENTED_EDGE ( 'NONE', *, *, #1392, .F. ) ;
#2996 = ORIENTED_EDGE ( 'NONE', *, *, #2791, .F. ) ;
#2997 = AXIS2_PLACEMENT_3D ( 'NONE', #2705, #1807, #2726 ) ;
#2998 = ADVANCED_FACE ( 'NONE', ( #3200 ), #2903, .F. ) ;
#2999 = DIRECTION ( 'NONE',  ( 0.000000000000000000, 0.000000000000000000, 1.000000000000000000 ) ) ;
#3000 = LINE ( 'NONE', #3936, #3765 ) ;
#3001 = DIRECTION ( 'NONE',  ( 0.000000000000000000, 0.000000000000000000, 1.000000000000000000 ) ) ;
#3002 = EDGE_CURVE ( 'NONE', #2310, #2047, #462, .T. ) ;
#3003 = ORIENTED_EDGE ( 'NONE', *, *, #3500, .F. ) ;
#3004 = CARTESIAN_POINT ( 'NONE',  ( 30.69999999999999929, 14.79663523666380698, -5.884736377243889649 ) ) ;
#3005 = DIRECTION ( 'NONE',  ( 1.000000000000000000, 0.000000000000000000, -2.312964634635742957E-16 ) ) ;
#3006 = CARTESIAN_POINT ( 'NONE',  ( -17.49999999999995026, 23.00000000000000355, 1.499999999999990896 ) ) ;
#3007 = ADVANCED_FACE ( 'NONE', ( #739 ), #1665, .F. ) ;
#3008 = DIRECTION ( 'NONE',  ( -0.000000000000000000, -1.000000000000000000, 0.000000000000000000 ) ) ;
#3009 = ORIENTED_EDGE ( 'NONE', *, *, #76, .F. ) ;
#3010 = DIRECTION ( 'NONE',  ( 0.000000000000000000, 0.000000000000000000, -1.000000000000000000 ) ) ;
#3011 = CARTESIAN_POINT ( 'NONE',  ( -22.75000000000000711, 4.000000000000000000, 17.50000000000000000 ) ) ;
#3012 = ADVANCED_FACE ( 'NONE', ( #403 ), #1371, .T. ) ;
#3013 = ORIENTED_EDGE ( 'NONE', *, *, #1308, .T. ) ;
#3014 = ADVANCED_FACE ( 'NONE', ( #124 ), #3242, .T. ) ;
#3015 = CARTESIAN_POINT ( 'NONE',  ( 22.74999999999999289, 1.500000000000000000, 21.09999999999999432 ) ) ;
#3016 = DIRECTION ( 'NONE',  ( 0.000000000000000000, -0.000000000000000000, 1.000000000000000000 ) ) ;
#3017 = EDGE_CURVE ( 'NONE', #90, #2310, #653, .T. ) ;
#3018 = ORIENTED_EDGE ( 'NONE', *, *, #219, .F. ) ;
#3019 = LINE ( 'NONE', #2359, #243 ) ;
#3020 = VECTOR ( 'NONE', #513, 999.9999999999998863 ) ;
#3021 = ORIENTED_EDGE ( 'NONE', *, *, #3715, .T. ) ;
#3022 = CARTESIAN_POINT ( 'NONE',  ( 9.000000000000000000, 19.50000000000000000, 24.49999999999994316 ) ) ;
#3023 = DIRECTION ( 'NONE',  ( 0.000000000000000000, 0.000000000000000000, -1.000000000000000000 ) ) ;
#3024 = CARTESIAN_POINT ( 'NONE',  ( 22.74999999999999289, 1.500000000000000000, 19.99999999999999289 ) ) ;
#3025 = VECTOR ( 'NONE', #3287, 1000.000000000000000 ) ;
#3026 = FACE_BOUND ( 'NONE', #1710, .T. ) ;
#3027 = VERTEX_POINT ( 'NONE', #1025 ) ;
#3028 = AXIS2_PLACEMENT_3D ( 'NONE', #2383, #3324, #225 ) ;
#3029 = CIRCLE ( 'NONE', #30, 1.999999999999994671 ) ;
#3030 = DIRECTION ( 'NONE',  ( -3.002406016113696015E-16, 2.001604010742467790E-16, -1.000000000000000000 ) ) ;
#3031 = CARTESIAN_POINT ( 'NONE',  ( -22.75000000000000711, 4.000000000000000000, -22.49999999999999645 ) ) ;
#3032 = AXIS2_PLACEMENT_3D ( 'NONE', #2678, #3269, #2973 ) ;
#3033 = EDGE_LOOP ( 'NONE', ( #109, #2804, #1679, #1594 ) ) ;
#3034 = FACE_OUTER_BOUND ( 'NONE', #1273, .T. ) ;
#3035 = ADVANCED_FACE ( 'NONE', ( #2628 ), #163, .T. ) ;
#3036 = CARTESIAN_POINT ( 'NONE',  ( 17.25658350974743271, 25.00000000000000000, -28.49999999999999645 ) ) ;
#3037 = LINE ( 'NONE', #2113, #188 ) ;
#3038 = VECTOR ( 'NONE', #1898, 1000.000000000000000 ) ;
#3039 = EDGE_CURVE ( 'NONE', #1279, #3148, #1485, .T. ) ;
#3040 = VECTOR ( 'NONE', #965, 1000.000000000000000 ) ;
#3041 = CARTESIAN_POINT ( 'NONE',  ( 22.74999999999999289, 4.000000000000000000, -21.10000000000000853 ) ) ;
#3042 = AXIS2_PLACEMENT_3D ( 'NONE', #1896, #2187, #3183 ) ;
#3043 = VERTEX_POINT ( 'NONE', #1994 ) ;
#3044 = DIRECTION ( 'NONE',  ( 0.5547001962252289253, -0.8320502943378438321, 0.000000000000000000 ) ) ;
#3045 = DIRECTION ( 'NONE',  ( -0.000000000000000000, -1.000000000000000000, -0.000000000000000000 ) ) ;
#3046 = DIRECTION ( 'NONE',  ( 0.000000000000000000, 0.000000000000000000, -1.000000000000000000 ) ) ;
#3047 = LINE ( 'NONE', #250, #3678 ) ;
#3048 = AXIS2_PLACEMENT_3D ( 'NONE', #3077, #3743, #3415 ) ;
#3049 = CARTESIAN_POINT ( 'NONE',  ( -7.499999999999998224, -28.00000000000000355, -13.50000000000000888 ) ) ;
#3050 = VERTEX_POINT ( 'NONE', #3219 ) ;
#3051 = DIRECTION ( 'NONE',  ( 0.000000000000000000, 0.000000000000000000, -1.000000000000000000 ) ) ;
#3052 = CARTESIAN_POINT ( 'NONE',  ( 12.00000000000000000, 23.00000000000000355, 28.00000000000000000 ) ) ;
#3053 = DIRECTION ( 'NONE',  ( -0.000000000000000000, 1.000000000000000000, -0.000000000000000000 ) ) ;
#3054 = ORIENTED_EDGE ( 'NONE', *, *, #3766, .F. ) ;
#3055 = EDGE_CURVE ( 'NONE', #1985, #3792, #241, .T. ) ;
#3056 = ORIENTED_EDGE ( 'NONE', *, *, #2626, .F. ) ;
#3057 = CARTESIAN_POINT ( 'NONE',  ( 22.74999999999999289, 3.500000000000000000, 19.99999999999999289 ) ) ;
#3058 = DIRECTION ( 'NONE',  ( 1.000000000000000000, 0.000000000000000000, 1.224646799147353207E-16 ) ) ;
#3059 = CARTESIAN_POINT ( 'NONE',  ( -22.75000000000000711, 4.000000000000000000, 20.00000000000000000 ) ) ;
#3060 = CARTESIAN_POINT ( 'NONE',  ( -22.75000000000000711, 1.500000000000000000, -19.99999999999999645 ) ) ;
#3061 = EDGE_CURVE ( 'NONE', #2965, #2760, #1957, .T. ) ;
#3062 = AXIS2_PLACEMENT_3D ( 'NONE', #3713, #2499, #931 ) ;
#3063 = DIRECTION ( 'NONE',  ( -0.8320502943378437211, -0.5547001962252290364, 0.000000000000000000 ) ) ;
#3064 = EDGE_LOOP ( 'NONE', ( #744, #823, #604, #3188 ) ) ;
#3065 = FACE_BOUND ( 'NONE', #708, .T. ) ;
#3066 = CYLINDRICAL_SURFACE ( 'NONE', #1947, 0.9999999999999991118 ) ;
#3067 = ORIENTED_EDGE ( 'NONE', *, *, #960, .T. ) ;
#3068 = CARTESIAN_POINT ( 'NONE',  ( 7.500000000000001776, 25.00000000000000000, -16.50000000000000000 ) ) ;
#3069 = CARTESIAN_POINT ( 'NONE',  ( 7.500000000000001776, 23.00000000000000000, 5.999999999999998224 ) ) ;
#3070 = ORIENTED_EDGE ( 'NONE', *, *, #487, .T. ) ;
#3071 = ORIENTED_EDGE ( 'NONE', *, *, #2555, .F. ) ;
#3072 = ORIENTED_EDGE ( 'NONE', *, *, #999, .T. ) ;
#3073 = CARTESIAN_POINT ( 'NONE',  ( 30.79999999999999716, 16.13333333333330799, -28.00000000000000000 ) ) ;
#3074 = DIRECTION ( 'NONE',  ( -0.000000000000000000, -1.000000000000000000, 0.000000000000000000 ) ) ;
#3075 = CARTESIAN_POINT ( 'NONE',  ( 17.49999999999999645, 23.00000000000000355, 28.00000000000000000 ) ) ;
#3076 = DIRECTION ( 'NONE',  ( 0.000000000000000000, -0.7071067811865512365, 0.7071067811865439090 ) ) ;
#3077 = CARTESIAN_POINT ( 'NONE',  ( 7.499999999999999112, 23.00000000000000000, 7.499999999999996447 ) ) ;
#3078 = LINE ( 'NONE', #200, #1472 ) ;
#3079 = ORIENTED_EDGE ( 'NONE', *, *, #396, .F. ) ;
#3080 = ADVANCED_FACE ( 'NONE', ( #3865, #775 ), #2324, .F. ) ;
#3081 = LINE ( 'NONE', #366, #3814 ) ;
#3082 = PLANE ( 'NONE',  #2377 ) ;
#3083 = ORIENTED_EDGE ( 'NONE', *, *, #3161, .F. ) ;
#3084 = CARTESIAN_POINT ( 'NONE',  ( -29.52199287226401481, 16.98533808515729859, 24.09530244647762842 ) ) ;
#3085 = CIRCLE ( 'NONE', #351, 1.100000000000000311 ) ;
#3086 = ADVANCED_FACE ( 'NONE', ( #3542 ), #1712, .T. ) ;
#3087 = DIRECTION ( 'NONE',  ( 0.000000000000000000, 0.000000000000000000, 1.000000000000000000 ) ) ;
#3088 = CIRCLE ( 'NONE', #3539, 2.000000000000001776 ) ;
#3089 = ORIENTED_EDGE ( 'NONE', *, *, #3223, .F. ) ;
#3090 = ORIENTED_EDGE ( 'NONE', *, *, #3723, .F. ) ;
#3091 = ORIENTED_EDGE ( 'NONE', *, *, #834, .F. ) ;
#3092 = CARTESIAN_POINT ( 'NONE',  ( -9.999999999999985789, 21.50000000000000000, 33.00000000000000000 ) ) ;
#3093 = CARTESIAN_POINT ( 'NONE',  ( -22.75000000000000711, 1.500000000000000000, -24.49999999999999289 ) ) ;
#3094 = AXIS2_PLACEMENT_3D ( 'NONE', #681, #3827, #1942 ) ;
#3095 = FACE_OUTER_BOUND ( 'NONE', #526, .T. ) ;
#3096 = CARTESIAN_POINT ( 'NONE',  ( -22.75000000000000711, 4.000000000000000000, 17.50000000000000000 ) ) ;
#3097 = CARTESIAN_POINT ( 'NONE',  ( -22.75000000000000711, 3.500000000000000000, -24.49999999999999289 ) ) ;
#3098 = VERTEX_POINT ( 'NONE', #2710 ) ;
#3099 = AXIS2_PLACEMENT_3D ( 'NONE', #550, #3575, #3900 ) ;
#3100 = FACE_OUTER_BOUND ( 'NONE', #2470, .T. ) ;
#3101 = FILL_AREA_STYLE_COLOUR ( '', #3866 ) ;
#3102 = CIRCLE ( 'NONE', #1625, 1.499999999999995337 ) ;
#3103 = EDGE_LOOP ( 'NONE', ( #1302, #2132, #251, #2255 ) ) ;
#3104 = EDGE_CURVE ( 'NONE', #190, #1985, #3360, .T. ) ;
#3105 = ADVANCED_FACE ( 'NONE', ( #3599 ), #1626, .F. ) ;
#3106 = VERTEX_POINT ( 'NONE', #3041 ) ;
#3107 = FACE_OUTER_BOUND ( 'NONE', #3607, .T. ) ;
#3108 = DIRECTION ( 'NONE',  ( 0.000000000000000000, -0.000000000000000000, 1.000000000000000000 ) ) ;
#3109 = CARTESIAN_POINT ( 'NONE',  ( -22.75000000000000711, 4.000000000000000000, 20.00000000000000000 ) ) ;
#3110 = CARTESIAN_POINT ( 'NONE',  ( 30.69999999999999929, 14.19999999999998330, -23.70263340389898232 ) ) ;
#3111 = ORIENTED_EDGE ( 'NONE', *, *, #808, .F. ) ;
#3112 = VECTOR ( 'NONE', #1264, 1000.000000000000114 ) ;
#3113 = ORIENTED_EDGE ( 'NONE', *, *, #1511, .T. ) ;
#3114 = VERTEX_POINT ( 'NONE', #792 ) ;
#3115 = EDGE_LOOP ( 'NONE', ( #2432, #312, #3171, #1200 ) ) ;
#3116 = FACE_BOUND ( 'NONE', #1668, .T. ) ;
#3117 = DIRECTION ( 'NONE',  ( 0.000000000000000000, 0.000000000000000000, 1.000000000000000000 ) ) ;
#3118 = EDGE_CURVE ( 'NONE', #3831, #1210, #1752, .T. ) ;
#3119 = CARTESIAN_POINT ( 'NONE',  ( 17.49999999999999645, 23.00000000000000355, -28.00000000000000000 ) ) ;
#3120 = VECTOR ( 'NONE', #853, 1000.000000000000000 ) ;
#3121 = VERTEX_POINT ( 'NONE', #3280 ) ;
#3122 = DIRECTION ( 'NONE',  ( -0.9486832980505141011, 0.000000000000000000, -0.3162277660168371640 ) ) ;
#3123 = EDGE_CURVE ( 'NONE', #131, #2739, #2131, .T. ) ;
#3124 = ORIENTED_EDGE ( 'NONE', *, *, #3394, .F. ) ;
#3125 = CARTESIAN_POINT ( 'NONE',  ( 10.00000000000001421, 21.50000000000000000, 30.00000000000000000 ) ) ;
#3126 = ORIENTED_EDGE ( 'NONE', *, *, #782, .T. ) ;
#3127 = DIRECTION ( 'NONE',  ( -0.000000000000000000, -1.000000000000000000, -0.000000000000000000 ) ) ;
#3128 = CARTESIAN_POINT ( 'NONE',  ( -10.27565835097471947, 1.500000000000001332, -30.82697505292422235 ) ) ;
#3129 = EDGE_CURVE ( 'NONE', #551, #3755, #2327, .T. ) ;
#3130 = ORIENTED_EDGE ( 'NONE', *, *, #2129, .F. ) ;
#3131 = VERTEX_POINT ( 'NONE', #199 ) ;
#3132 = ORIENTED_EDGE ( 'NONE', *, *, #1416, .T. ) ;
#3133 = ORIENTED_EDGE ( 'NONE', *, *, #863, .F. ) ;
#3134 = DIRECTION ( 'NONE',  ( -0.000000000000000000, -1.000000000000000000, 0.000000000000000000 ) ) ;
#3135 = CARTESIAN_POINT ( 'NONE',  ( -12.00000000000000000, 23.00000000000000355, 20.99999999999993250 ) ) ;
#3136 = ADVANCED_FACE ( 'NONE', ( #2114 ), #3639, .F. ) ;
#3137 = CARTESIAN_POINT ( 'NONE',  ( 7.500000000000001776, 25.00000000000000000, 5.999999999999998224 ) ) ;
#3138 = ADVANCED_FACE ( 'NONE', ( #854 ), #2728, .F. ) ;
#3139 = CARTESIAN_POINT ( 'NONE',  ( -7.499999999999998224, -28.00000000000000355, 6.000000000000001776 ) ) ;
#3140 = ORIENTED_EDGE ( 'NONE', *, *, #3520, .T. ) ;
#3141 = DIRECTION ( 'NONE',  ( 0.000000000000000000, 0.000000000000000000, 1.000000000000000000 ) ) ;
#3142 = CARTESIAN_POINT ( 'NONE',  ( -10.00000000000000000, 18.99999999999993250, -25.00000000000000000 ) ) ;
#3143 = CYLINDRICAL_SURFACE ( 'NONE', #3416, 1.374999999999999556 ) ;
#3144 = ORIENTED_EDGE ( 'NONE', *, *, #3430, .T. ) ;
#3145 = FACE_BOUND ( 'NONE', #2911, .T. ) ;
#3146 = DIRECTION ( 'NONE',  ( 0.000000000000000000, 1.000000000000000000, -0.000000000000000000 ) ) ;
#3147 = VERTEX_POINT ( 'NONE', #3335 ) ;
#3148 = VERTEX_POINT ( 'NONE', #3961 ) ;
#3149 = ORIENTED_EDGE ( 'NONE', *, *, #2606, .F. ) ;
#3150 = ORIENTED_EDGE ( 'NONE', *, *, #3327, .T. ) ;
#3151 = EDGE_CURVE ( 'NONE', #102, #375, #3320, .T. ) ;
#3152 = CIRCLE ( 'NONE', #2960, 0.9999999999999991118 ) ;
#3153 = DIRECTION ( 'NONE',  ( 0.000000000000000000, 0.000000000000000000, 1.000000000000000000 ) ) ;
#3154 = FACE_OUTER_BOUND ( 'NONE', #1152, .T. ) ;
#3155 = PRESENTATION_STYLE_ASSIGNMENT (( #418 ) ) ;
#3156 = AXIS2_PLACEMENT_3D ( 'NONE', #1328, #139, #2621 ) ;
#3157 = AXIS2_PLACEMENT_3D ( 'NONE', #3057, #258, #293 ) ;
#3158 = CIRCLE ( 'NONE', #1269, 1.374999999999999556 ) ;
#3159 = AXIS2_PLACEMENT_3D ( 'NONE', #465, #1979, #3244 ) ;
#3160 = CARTESIAN_POINT ( 'NONE',  ( -9.999999999999985789, 21.50000000000000000, 30.00000000000000000 ) ) ;
#3161 = EDGE_CURVE ( 'NONE', #1596, #1105, #3653, .T. ) ;
#3162 = EDGE_LOOP ( 'NONE', ( #3887, #2343 ) ) ;
#3163 = DIRECTION ( 'NONE',  ( -0.000000000000000000, 1.000000000000000000, -0.000000000000000000 ) ) ;
#3164 = LINE ( 'NONE', #1268, #2496 ) ;
#3165 = CARTESIAN_POINT ( 'NONE',  ( 22.74999999999999289, 3.500000000000000000, 19.99999999999999289 ) ) ;
#3166 = CIRCLE ( 'NONE', #41, 4.500000000000000888 ) ;
#3167 = ORIENTED_EDGE ( 'NONE', *, *, #2384, .F. ) ;
#3168 = CARTESIAN_POINT ( 'NONE',  ( 22.74999999999999289, 4.000000000000000000, -22.50000000000000711 ) ) ;
#3169 = CARTESIAN_POINT ( 'NONE',  ( 10.00000000000001421, 21.50000000000000000, 30.00000000000000000 ) ) ;
#3170 = AXIS2_PLACEMENT_3D ( 'NONE', #734, #1988, #1948 ) ;
#3171 = ORIENTED_EDGE ( 'NONE', *, *, #2702, .T. ) ;
#3172 = VERTEX_POINT ( 'NONE', #503 ) ;
#3173 = ORIENTED_EDGE ( 'NONE', *, *, #1365, .F. ) ;
#3174 = ORIENTED_EDGE ( 'NONE', *, *, #2885, .T. ) ;
#3175 = AXIS2_PLACEMENT_3D ( 'NONE', #1499, #545, #2116 ) ;
#3176 = CARTESIAN_POINT ( 'NONE',  ( -22.75000000000000711, 1.500000000000000000, -19.99999999999999645 ) ) ;
#3177 = CARTESIAN_POINT ( 'NONE',  ( 10.00000000000000000, 21.50000000000000000, -25.00000000000000000 ) ) ;
#3178 = EDGE_CURVE ( 'NONE', #190, #3314, #500, .T. ) ;
#3179 = CIRCLE ( 'NONE', #831, 1.999999999999995781 ) ;
#3180 = DIRECTION ( 'NONE',  ( -0.5547001962252299245, -0.8320502943378431659, 0.000000000000000000 ) ) ;
#3181 = EDGE_CURVE ( 'NONE', #638, #3236, #3837, .T. ) ;
#3182 = ORIENTED_EDGE ( 'NONE', *, *, #1757, .F. ) ;
#3183 = DIRECTION ( 'NONE',  ( 0.000000000000000000, 0.000000000000000000, 1.000000000000000000 ) ) ;
#3184 = FACE_OUTER_BOUND ( 'NONE', #2219, .T. ) ;
#3185 = ADVANCED_FACE ( 'NONE', ( #1433 ), #2097, .T. ) ;
#3186 = VECTOR ( 'NONE', #3652, 1000.000000000000000 ) ;
#3187 = EDGE_CURVE ( 'NONE', #2433, #2672, #1809, .T. ) ;
#3188 = ORIENTED_EDGE ( 'NONE', *, *, #1659, .T. ) ;
#3189 = FACE_BOUND ( 'NONE', #2607, .T. ) ;
#3190 = DIRECTION ( 'NONE',  ( -0.000000000000000000, 1.000000000000000000, 0.000000000000000000 ) ) ;
#3191 = VECTOR ( 'NONE', #3881, 1000.000000000000000 ) ;
#3192 = ORIENTED_EDGE ( 'NONE', *, *, #330, .F. ) ;
#3193 = EDGE_LOOP ( 'NONE', ( #564, #1816, #2772, #3343 ) ) ;
#3194 = EDGE_LOOP ( 'NONE', ( #1590, #2495, #592, #631 ) ) ;
#3195 = CARTESIAN_POINT ( 'NONE',  ( 30.69999999999999929, 14.19999999999998153, 5.664100588675679226 ) ) ;
#3196 = DIRECTION ( 'NONE',  ( 0.9486832980505141011, 0.000000000000000000, 0.3162277660168374971 ) ) ;
#3197 = FACE_OUTER_BOUND ( 'NONE', #1515, .T. ) ;
#3198 = DIRECTION ( 'NONE',  ( 1.000000000000000000, 0.000000000000000000, -0.000000000000000000 ) ) ;
#3199 = ORIENTED_EDGE ( 'NONE', *, *, #441, .T. ) ;
#3200 = FACE_OUTER_BOUND ( 'NONE', #1796, .T. ) ;
#3201 = ORIENTED_EDGE ( 'NONE', *, *, #412, .F. ) ;
#3202 = CARTESIAN_POINT ( 'NONE',  ( 29.03589941132429431, 17.30940039245041362, -4.000000000000000000 ) ) ;
#3203 = CARTESIAN_POINT ( 'NONE',  ( 17.80790021169689652, 0.000000000000000000, -28.00000000000000000 ) ) ;
#3204 = ORIENTED_EDGE ( 'NONE', *, *, #3524, .F. ) ;
#3205 = EDGE_LOOP ( 'NONE', ( #1840, #1981, #2185, #3541 ) ) ;
#3206 = ORIENTED_EDGE ( 'NONE', *, *, #2337, .T. ) ;
#3207 = EDGE_CURVE ( 'NONE', #1575, #2389, #3019, .T. ) ;
#3208 = CARTESIAN_POINT ( 'NONE',  ( -7.499999999999998224, 25.00000000000000000, -1.499999999999997780 ) ) ;
#3209 = DIRECTION ( 'NONE',  ( -0.000000000000000000, -1.000000000000000000, -0.000000000000000000 ) ) ;
#3210 = DIRECTION ( 'NONE',  ( 0.000000000000000000, -1.000000000000000000, 0.000000000000000000 ) ) ;
#3211 = CARTESIAN_POINT ( 'NONE',  ( 41.87199287226403754, 8.752004751823930562, 19.97863577981098615 ) ) ;
#3212 = AXIS2_PLACEMENT_3D ( 'NONE', #2334, #3231, #826 ) ;
#3213 = ORIENTED_EDGE ( 'NONE', *, *, #2426, .T. ) ;
#3214 = CIRCLE ( 'NONE', #2834, 2.499999999999998668 ) ;
#3215 = DIRECTION ( 'NONE',  ( 0.000000000000000000, 0.000000000000000000, -1.000000000000000000 ) ) ;
#3216 = CIRCLE ( 'NONE', #29, 0.9999999999999991118 ) ;
#3217 = CLOSED_SHELL ( 'NONE', ( #1959, #119, #1089, #765, #2105, #2402, #3105, #2050, #3277, #724, #2500, #2027, #3299, #1674, #3798, #516, #3086, #715, #2770, #2712, #3802, #2407, #1776, #404, #3356, #112, #1636, #3960, #1583, #1140, #292, #3185, #1373, #2916, #230, #3012, #1950, #2110, #772, #520, #1019, #2622, #2266, #1954, #1059, #2464, #2554, #2315, #3256, #1706, #3340, #3376, #3693, #3397, #2242, #842, #966, #4005, #2897, #2233, #2998, #3138, #3825, #2483, #2881 ) ) ;
#3218 = ORIENTED_EDGE ( 'NONE', *, *, #1632, .F. ) ;
#3219 = CARTESIAN_POINT ( 'NONE',  ( 30.69999999999999929, 16.19999999999993889, 5.999999999999995559 ) ) ;
#3220 = PLANE ( 'NONE',  #3159 ) ;
#3221 = DIRECTION ( 'NONE',  ( -0.000000000000000000, -1.000000000000000000, -0.000000000000000000 ) ) ;
#3222 = DIRECTION ( 'NONE',  ( 0.000000000000000000, -0.000000000000000000, 1.000000000000000000 ) ) ;
#3223 = EDGE_CURVE ( 'NONE', #2519, #3774, #221, .T. ) ;
#3224 = ORIENTED_EDGE ( 'NONE', *, *, #3002, .F. ) ;
#3225 = CYLINDRICAL_SURFACE ( 'NONE', #1337, 2.499999999999998668 ) ;
#3226 = ORIENTED_EDGE ( 'NONE', *, *, #310, .T. ) ;
#3227 = VERTEX_POINT ( 'NONE', #4001 ) ;
#3228 = DIRECTION ( 'NONE',  ( 0.000000000000000000, -0.000000000000000000, 1.000000000000000000 ) ) ;
#3229 = AXIS2_PLACEMENT_3D ( 'NONE', #259, #3074, #2125 ) ;
#3230 = DIRECTION ( 'NONE',  ( 0.000000000000000000, 0.000000000000000000, 1.000000000000000000 ) ) ;
#3231 = DIRECTION ( 'NONE',  ( -0.000000000000000000, -1.000000000000000000, -0.000000000000000000 ) ) ;
#3232 = DIRECTION ( 'NONE',  ( -1.000000000000000000, -0.000000000000000000, 2.312964634635742957E-16 ) ) ;
#3233 = EDGE_CURVE ( 'NONE', #1645, #1836, #2141, .T. ) ;
#3234 = VERTEX_POINT ( 'NONE', #2528 ) ;
#3235 = AXIS2_PLACEMENT_3D ( 'NONE', #2423, #857, #2083 ) ;
#3236 = VERTEX_POINT ( 'NONE', #1196 ) ;
#3237 = DIRECTION ( 'NONE',  ( -1.000000000000000000, -0.000000000000000000, 2.312964634635742957E-16 ) ) ;
#3238 = LINE ( 'NONE', #3557, #100 ) ;
#3239 = AXIS2_PLACEMENT_3D ( 'NONE', #3860, #3536, #2900 ) ;
#3240 = CARTESIAN_POINT ( 'NONE',  ( 11.37500000000000355, 21.50000000000000000, -30.00000000000000355 ) ) ;
#3241 = EDGE_LOOP ( 'NONE', ( #655, #1158, #976, #2825 ) ) ;
#3242 = PLANE ( 'NONE',  #1688 ) ;
#3243 = LINE ( 'NONE', #2945, #2312 ) ;
#3244 = DIRECTION ( 'NONE',  ( 0.000000000000000000, 0.000000000000000000, 1.000000000000000000 ) ) ;
#3245 = PLANE ( 'NONE',  #3862 ) ;
#3246 = DIRECTION ( 'NONE',  ( 0.000000000000000000, 0.000000000000000000, 1.000000000000000000 ) ) ;
#3247 = ORIENTED_EDGE ( 'NONE', *, *, #3481, .F. ) ;
#3248 = EDGE_LOOP ( 'NONE', ( #91, #1638, #3776, #3199 ) ) ;
#3249 = CARTESIAN_POINT ( 'NONE',  ( 8.000000000000000000, 21.50000000000000000, 28.00000000000000000 ) ) ;
#3250 = EDGE_CURVE ( 'NONE', #2805, #3736, #915, .T. ) ;
#3251 = CARTESIAN_POINT ( 'NONE',  ( -9.999999999999985789, 21.50000000000000000, 33.00000000000000000 ) ) ;
#3252 = CARTESIAN_POINT ( 'NONE',  ( 10.00000000000000000, 21.50000000000000000, 28.00000000000000000 ) ) ;
#3253 = CARTESIAN_POINT ( 'NONE',  ( 29.77692307692307239, 14.81538461538460183, 4.000000000000000000 ) ) ;
#3254 = EDGE_CURVE ( 'NONE', #530, #2594, #52, .T. ) ;
#3255 = DIRECTION ( 'NONE',  ( 0.000000000000000000, 0.000000000000000000, -1.000000000000000000 ) ) ;
#3256 = ADVANCED_FACE ( 'NONE', ( #895 ), #1288, .F. ) ;
#3257 = CARTESIAN_POINT ( 'NONE',  ( 7.500000000000000000, 23.00000000000000000, -3.469446951953614189E-15 ) ) ;
#3258 = ORIENTED_EDGE ( 'NONE', *, *, #2843, .T. ) ;
#3259 = EDGE_CURVE ( 'NONE', #2267, #3278, #1536, .T. ) ;
#3260 = DIRECTION ( 'NONE',  ( 0.3162277660168374971, -0.000000000000000000, 0.9486832980505141011 ) ) ;
#3261 = CYLINDRICAL_SURFACE ( 'NONE', #3857, 2.000000000000000000 ) ;
#3262 = EDGE_LOOP ( 'NONE', ( #611, #1605, #1385, #1234 ) ) ;
#3263 = CARTESIAN_POINT ( 'NONE',  ( 31.00000000000000000, 15.99999999999996980, -23.91886116991582156 ) ) ;
#3264 = DIRECTION ( 'NONE',  ( 1.000000000000000000, 0.000000000000000000, 1.224646799147353207E-16 ) ) ;
#3265 = PLANE ( 'NONE',  #1868 ) ;
#3266 = CARTESIAN_POINT ( 'NONE',  ( 7.500000000000001776, -28.00000000000000355, 1.499999999999991784 ) ) ;
#3267 = ORIENTED_EDGE ( 'NONE', *, *, #882, .F. ) ;
#3268 = DIRECTION ( 'NONE',  ( 0.000000000000000000, 0.000000000000000000, 1.000000000000000000 ) ) ;
#3269 = DIRECTION ( 'NONE',  ( 0.000000000000000000, 1.000000000000000000, 0.000000000000000000 ) ) ;
#3270 = DIRECTION ( 'NONE',  ( 0.5547001962252301466, 0.8320502943378430549, -0.000000000000000000 ) ) ;
#3271 = ORIENTED_EDGE ( 'NONE', *, *, #1750, .T. ) ;
#3272 = ORIENTED_EDGE ( 'NONE', *, *, #18, .F. ) ;
#3273 = EDGE_CURVE ( 'NONE', #2494, #3147, #2766, .T. ) ;
#3274 = LINE ( 'NONE', #2941, #752 ) ;
#3275 = LINE ( 'NONE', #788, #3358 ) ;
#3276 = CARTESIAN_POINT ( 'NONE',  ( 7.499999999999999112, 25.00000000000000000, 7.499999999999996447 ) ) ;
#3277 = ADVANCED_FACE ( 'NONE', ( #629 ), #2207, .F. ) ;
#3278 = VERTEX_POINT ( 'NONE', #2439 ) ;
#3279 = CIRCLE ( 'NONE', #1274, 1.374999999999999556 ) ;
#3280 = CARTESIAN_POINT ( 'NONE',  ( 22.74999999999999289, 3.500000000000000000, 17.49999999999999645 ) ) ;
#3281 = ORIENTED_EDGE ( 'NONE', *, *, #2289, .F. ) ;
#3282 = DIRECTION ( 'NONE',  ( 1.156482317317871478E-16, 0.000000000000000000, 1.000000000000000000 ) ) ;
#3283 = LINE ( 'NONE', #3304, #2001 ) ;
#3284 = AXIS2_PLACEMENT_3D ( 'NONE', #3623, #1778, #506 ) ;
#3285 = CARTESIAN_POINT ( 'NONE',  ( -8.000000000000000000, 23.00000000000000000, 20.99999999999993250 ) ) ;
#3286 = ORIENTED_EDGE ( 'NONE', *, *, #244, .T. ) ;
#3287 = DIRECTION ( 'NONE',  ( 0.000000000000000000, -1.000000000000000000, 0.000000000000000000 ) ) ;
#3288 = LINE ( 'NONE', #2639, #1532 ) ;
#3289 = DIRECTION ( 'NONE',  ( 0.000000000000000000, 0.000000000000000000, 1.000000000000000000 ) ) ;
#3290 = CARTESIAN_POINT ( 'NONE',  ( 8.000000000000000000, 20.99999999999998579, 22.99999999999996803 ) ) ;
#3291 = ORIENTED_EDGE ( 'NONE', *, *, #1846, .F. ) ;
#3292 = ORIENTED_EDGE ( 'NONE', *, *, #3868, .F. ) ;
#3293 = CIRCLE ( 'NONE', #362, 1.100000000000000311 ) ;
#3294 = DIRECTION ( 'NONE',  ( 0.000000000000000000, 0.000000000000000000, 1.000000000000000000 ) ) ;
#3295 = EDGE_CURVE ( 'NONE', #1715, #2682, #3698, .T. ) ;
#3296 = CARTESIAN_POINT ( 'NONE',  ( -10.27565835097471947, 1.500000000000001332, 30.82697505292422235 ) ) ;
#3297 = VECTOR ( 'NONE', #1217, 1000.000000000000000 ) ;
#3298 = VERTEX_POINT ( 'NONE', #1223 ) ;
#3299 = ADVANCED_FACE ( 'NONE', ( #1558 ), #602, .F. ) ;
#3300 = DIRECTION ( 'NONE',  ( -1.000000000000000000, 0.000000000000000000, 0.000000000000000000 ) ) ;
#3301 = VECTOR ( 'NONE', #3375, 1000.000000000000000 ) ;
#3302 = ORIENTED_EDGE ( 'NONE', *, *, #991, .T. ) ;
#3303 = CARTESIAN_POINT ( 'NONE',  ( 30.69999999999999929, 14.19999999999998153, -5.664100588675679226 ) ) ;
#3304 = CARTESIAN_POINT ( 'NONE',  ( -17.49999999999995381, 23.00000000000000355, 28.00000000000000000 ) ) ;
#3305 = EDGE_CURVE ( 'NONE', #1966, #1384, #1557, .T. ) ;
#3306 = DIRECTION ( 'NONE',  ( 0.000000000000000000, 1.000000000000000000, 0.000000000000000000 ) ) ;
#3307 = ADVANCED_FACE ( 'NONE', ( #2861 ), #277, .F. ) ;
#3308 = DIRECTION ( 'NONE',  ( -1.000000000000000000, 0.000000000000000000, -0.000000000000000000 ) ) ;
#3309 = VERTEX_POINT ( 'NONE', #985 ) ;
#3310 = DIRECTION ( 'NONE',  ( 0.000000000000000000, 0.000000000000000000, 1.000000000000000000 ) ) ;
#3311 = EDGE_CURVE ( 'NONE', #2902, #127, #3460, .T. ) ;
#3312 = CARTESIAN_POINT ( 'NONE',  ( 22.74999999999999289, 3.500000000000000000, 19.99999999999999289 ) ) ;
#3313 = LINE ( 'NONE', #3951, #651 ) ;
#3314 = VERTEX_POINT ( 'NONE', #4023 ) ;
#3315 = AXIS2_PLACEMENT_3D ( 'NONE', #439, #398, #79 ) ;
#3316 = ORIENTED_EDGE ( 'NONE', *, *, #2580, .T. ) ;
#3317 = CARTESIAN_POINT ( 'NONE',  ( -17.49999999999992184, 25.00000000000000000, -28.41886116991583577 ) ) ;
#3318 = CARTESIAN_POINT ( 'NONE',  ( 32.50000000000000000, 14.99999999999997158, 25.00000000000001066 ) ) ;
#3319 = VERTEX_POINT ( 'NONE', #1930 ) ;
#3320 = LINE ( 'NONE', #1178, #2390 ) ;
#3321 = CARTESIAN_POINT ( 'NONE',  ( 30.69999999999997797, 16.19999999999995310, -4.000000000000000000 ) ) ;
#3322 = ORIENTED_EDGE ( 'NONE', *, *, #2160, .T. ) ;
#3323 = LINE ( 'NONE', #2930, #1342 ) ;
#3324 = DIRECTION ( 'NONE',  ( -0.000000000000000000, -1.000000000000000000, 0.000000000000000000 ) ) ;
#3325 = DIRECTION ( 'NONE',  ( -0.000000000000000000, -1.000000000000000000, 0.000000000000000000 ) ) ;
#3326 = CARTESIAN_POINT ( 'NONE',  ( 30.69999999999999929, 14.19999999999998153, 5.664100588675679226 ) ) ;
#3327 = EDGE_CURVE ( 'NONE', #1982, #2292, #1358, .T. ) ;
#3328 = VERTEX_POINT ( 'NONE', #582 ) ;
#3329 = CARTESIAN_POINT ( 'NONE',  ( 31.00000000000000000, 25.00000000000000000, 23.91886116991582156 ) ) ;
#3330 = CARTESIAN_POINT ( 'NONE',  ( -12.00000000000000000, 23.00000000000000000, 28.00000000000000000 ) ) ;
#3331 = EDGE_LOOP ( 'NONE', ( #950, #1916, #2246, #2023, #3679, #2201, #1544, #2892, #3601, #1460, #1676, #3655 ) ) ;
#3332 = CARTESIAN_POINT ( 'NONE',  ( -8.000000000000000000, 23.00000000000000355, -20.99999999999997513 ) ) ;
#3333 = CARTESIAN_POINT ( 'NONE',  ( -9.000000000000000000, 19.50000000000000000, 24.49999999999996803 ) ) ;
#3334 = CARTESIAN_POINT ( 'NONE',  ( -37.85714285714286120, 11.42857142857140929, -23.21428571428571885 ) ) ;
#3335 = CARTESIAN_POINT ( 'NONE',  ( 32.36410058867565454, 15.09059960754949259, -4.000000000000000888 ) ) ;
#3336 = ORIENTED_EDGE ( 'NONE', *, *, #3250, .T. ) ;
#3337 = CARTESIAN_POINT ( 'NONE',  ( -12.00000000000000000, 21.50000000000000000, -25.00000000000000000 ) ) ;
#3338 = CARTESIAN_POINT ( 'NONE',  ( -22.75000000000000711, 3.500000000000000000, -17.49999999999999645 ) ) ;
#3339 = UNCERTAINTY_MEASURE_WITH_UNIT (LENGTH_MEASURE( 1.000000000000000082E-05 ), #1995, 'distance_accuracy_value', 'NONE');
#3340 = ADVANCED_FACE ( 'NONE', ( #2467, #1241 ), #2484, .T. ) ;
#3341 = VECTOR ( 'NONE', #2559, 1000.000000000000000 ) ;
#3342 = CARTESIAN_POINT ( 'NONE',  ( 22.74999999999999289, 1.500000000000000000, 19.99999999999999289 ) ) ;
#3343 = ORIENTED_EDGE ( 'NONE', *, *, #877, .F. ) ;
#3344 = CIRCLE ( 'NONE', #97, 0.9999999999999991118 ) ;
#3345 = LINE ( 'NONE', #2801, #347 ) ;
#3346 = LINE ( 'NONE', #1187, #3350 ) ;
#3347 = ADVANCED_FACE ( 'NONE', ( #2565 ), #382, .T. ) ;
#3348 = EDGE_CURVE ( 'NONE', #3114, #1147, #707, .T. ) ;
#3349 = DIRECTION ( 'NONE',  ( 1.000000000000000000, 0.000000000000000000, 0.000000000000000000 ) ) ;
#3350 = VECTOR ( 'NONE', #3950, 1000.000000000000000 ) ;
#3351 = ORIENTED_EDGE ( 'NONE', *, *, #949, .T. ) ;
#3352 = VERTEX_POINT ( 'NONE', #717 ) ;
#3353 = CARTESIAN_POINT ( 'NONE',  ( -7.499999999999998224, -28.00000000000000355, -8.999999999999998224 ) ) ;
#3354 = DIRECTION ( 'NONE',  ( -0.000000000000000000, -1.000000000000000000, -0.000000000000000000 ) ) ;
#3355 = DIRECTION ( 'NONE',  ( -1.000000000000000000, 0.000000000000000000, 0.000000000000000000 ) ) ;
#3356 = ADVANCED_FACE ( 'NONE', ( #101, #2032, #695 ), #1020, .F. ) ;
#3357 = AXIS2_PLACEMENT_3D ( 'NONE', #929, #1257, #2178 ) ;
#3358 = VECTOR ( 'NONE', #2375, 1000.000000000000000 ) ;
#3359 = EDGE_CURVE ( 'NONE', #3027, #2760, #3803, .T. ) ;
#3360 = LINE ( 'NONE', #2056, #1094 ) ;
#3361 = AXIS2_PLACEMENT_3D ( 'NONE', #3805, #1331, #1413 ) ;
#3362 = ORIENTED_EDGE ( 'NONE', *, *, #2117, .T. ) ;
#3363 = CARTESIAN_POINT ( 'NONE',  ( -17.25658350974741140, 1.500000000000000000, 28.49999999999999645 ) ) ;
#3364 = AXIS2_PLACEMENT_3D ( 'NONE', #835, #2403, #261 ) ;
#3365 = DIRECTION ( 'NONE',  ( 0.000000000000000000, 0.000000000000000000, 1.000000000000000000 ) ) ;
#3366 = ORIENTED_EDGE ( 'NONE', *, *, #555, .T. ) ;
#3367 = CARTESIAN_POINT ( 'NONE',  ( 22.74999999999999289, 4.000000000000000000, -22.50000000000000711 ) ) ;
#3368 = EDGE_CURVE ( 'NONE', #177, #223, #442, .T. ) ;
#3369 = CARTESIAN_POINT ( 'NONE',  ( 29.03589941132428720, 13.70384911698643471, -4.000000000000000000 ) ) ;
#3370 = DIRECTION ( 'NONE',  ( 0.000000000000000000, 0.000000000000000000, 1.000000000000000000 ) ) ;
#3371 = CARTESIAN_POINT ( 'NONE',  ( -30.69999999999999929, 43.00000000000000000, -23.70263340389897166 ) ) ;
#3372 = CARTESIAN_POINT ( 'NONE',  ( -17.49999999999995381, 23.00000000000000355, -28.00000000000000000 ) ) ;
#3373 = VECTOR ( 'NONE', #380, 1000.000000000000341 ) ;
#3374 = VECTOR ( 'NONE', #3498, 1000.000000000000000 ) ;
#3375 = DIRECTION ( 'NONE',  ( 0.000000000000000000, 0.000000000000000000, 1.000000000000000000 ) ) ;
#3376 = ADVANCED_FACE ( 'NONE', ( #1973 ), #1685, .T. ) ;
#3377 = ORIENTED_EDGE ( 'NONE', *, *, #914, .F. ) ;
#3378 = CARTESIAN_POINT ( 'NONE',  ( -17.49999999999995381, 23.00000000000000355, -28.00000000000000000 ) ) ;
#3379 = ORIENTED_EDGE ( 'NONE', *, *, #3061, .T. ) ;
#3380 = PLANE ( 'NONE',  #2076 ) ;
#3381 = ORIENTED_EDGE ( 'NONE', *, *, #2305, .T. ) ;
#3382 = CYLINDRICAL_SURFACE ( 'NONE', #603, 0.9999999999999991118 ) ;
#3383 = CARTESIAN_POINT ( 'NONE',  ( 22.74999999999999289, 1.500000000000000000, 19.99999999999999289 ) ) ;
#3384 = ORIENTED_EDGE ( 'NONE', *, *, #1806, .T. ) ;
#3385 = ORIENTED_EDGE ( 'NONE', *, *, #2208, .F. ) ;
#3386 = ORIENTED_EDGE ( 'NONE', *, *, #1997, .T. ) ;
#3387 = EDGE_LOOP ( 'NONE', ( #2336, #2975 ) ) ;
#3388 = CARTESIAN_POINT ( 'NONE',  ( -11.37499999999998579, 21.50000000000000000, 28.49999999999999645 ) ) ;
#3389 = CARTESIAN_POINT ( 'NONE',  ( 17.49999999999999645, 25.00000000000000000, -28.00000000000000000 ) ) ;
#3390 = CARTESIAN_POINT ( 'NONE',  ( -8.000000000000000000, 23.00000000000000000, 25.00000000000000000 ) ) ;
#3391 = EDGE_LOOP ( 'NONE', ( #32, #2087, #1231, #2070 ) ) ;
#3392 = CARTESIAN_POINT ( 'NONE',  ( 11.00000000000000000, 23.49999999999999645, 20.49999999999998579 ) ) ;
#3393 = EDGE_CURVE ( 'NONE', #1783, #406, #2651, .T. ) ;
#3394 = EDGE_CURVE ( 'NONE', #223, #2200, #1489, .T. ) ;
#3395 = ORIENTED_EDGE ( 'NONE', *, *, #3938, .F. ) ;
#3396 = DIRECTION ( 'NONE',  ( -0.000000000000000000, 1.000000000000000000, -0.000000000000000000 ) ) ;
#3397 = ADVANCED_FACE ( 'NONE', ( #1060 ), #2924, .T. ) ;
#3398 = ORIENTED_EDGE ( 'NONE', *, *, #363, .T. ) ;
#3399 = DIRECTION ( 'NONE',  ( 1.000000000000000000, 0.000000000000000000, 0.000000000000000000 ) ) ;
#3400 = LINE ( 'NONE', #2392, #1468 ) ;
#3401 = CARTESIAN_POINT ( 'NONE',  ( 7.500000000000000000, -28.00000000000000355, -3.469446951953614189E-15 ) ) ;
#3402 = CIRCLE ( 'NONE', #217, 1.374999999999999556 ) ;
#3403 = CARTESIAN_POINT ( 'NONE',  ( 0.000000000000000000, 0.000000000000000000, 0.000000000000000000 ) ) ;
#3404 = ORIENTED_EDGE ( 'NONE', *, *, #1578, .T. ) ;
#3405 = ORIENTED_EDGE ( 'NONE', *, *, #2686, .F. ) ;
#3406 = CIRCLE ( 'NONE', #3920, 2.499999999999998668 ) ;
#3407 = AXIS2_PLACEMENT_3D ( 'NONE', #2143, #1236, #3370 ) ;
#3408 = EDGE_LOOP ( 'NONE', ( #3486, #482, #2875, #3668 ) ) ;
#3409 = VERTEX_POINT ( 'NONE', #3240 ) ;
#3410 = DIRECTION ( 'NONE',  ( -1.000000000000000000, -0.000000000000000000, 2.312964634635742957E-16 ) ) ;
#3411 = DIRECTION ( 'NONE',  ( 0.000000000000000000, 0.000000000000000000, 1.000000000000000000 ) ) ;
#3412 = AXIS2_PLACEMENT_3D ( 'NONE', #1102, #1428, #787 ) ;
#3413 = CARTESIAN_POINT ( 'NONE',  ( -7.499999999999996447, 25.00000000000000000, 1.499999999999990230 ) ) ;
#3414 = EDGE_CURVE ( 'NONE', #3831, #593, #3559, .T. ) ;
#3415 = DIRECTION ( 'NONE',  ( 0.000000000000000000, 0.000000000000000000, -1.000000000000000000 ) ) ;
#3416 = AXIS2_PLACEMENT_3D ( 'NONE', #2213, #23, #2512 ) ;
#3417 = VERTEX_POINT ( 'NONE', #1042 ) ;
#3418 = EDGE_CURVE ( 'NONE', #2108, #774, #2986, .T. ) ;
#3419 = AXIS2_PLACEMENT_3D ( 'NONE', #1576, #3222, #2809 ) ;
#3420 = EDGE_CURVE ( 'NONE', #1360, #572, #3179, .T. ) ;
#3421 = DIRECTION ( 'NONE',  ( -0.9486832980505142121, 0.000000000000000000, -0.3162277660168371085 ) ) ;
#3422 = CARTESIAN_POINT ( 'NONE',  ( -8.624999999999987566, 21.50000000000000000, 28.49999999999999645 ) ) ;
#3423 = AXIS2_PLACEMENT_3D ( 'NONE', #930, #3712, #4017 ) ;
#3424 = EDGE_LOOP ( 'NONE', ( #3662, #3967, #2596, #3133 ) ) ;
#3425 = EDGE_CURVE ( 'NONE', #3236, #1575, #81, .T. ) ;
#3426 = EDGE_CURVE ( 'NONE', #1406, #3732, #1725, .T. ) ;
#3427 = PLANE ( 'NONE',  #2692 ) ;
#3428 = CARTESIAN_POINT ( 'NONE',  ( 0.000000000000000000, 25.00000000000000000, 30.00000000000000000 ) ) ;
#3429 = CARTESIAN_POINT ( 'NONE',  ( -22.75000000000000711, 4.000000000000000000, -17.49999999999999645 ) ) ;
#3430 = EDGE_CURVE ( 'NONE', #375, #1869, #2876, .T. ) ;
#3431 = DIRECTION ( 'NONE',  ( 0.000000000000000000, 0.000000000000000000, 1.000000000000000000 ) ) ;
#3432 = EDGE_LOOP ( 'NONE', ( #1687, #731, #1421, #721 ) ) ;
#3433 = CIRCLE ( 'NONE', #2717, 1.499999999999994449 ) ;
#3434 = ORIENTED_EDGE ( 'NONE', *, *, #3548, .T. ) ;
#3435 = ORIENTED_EDGE ( 'NONE', *, *, #1782, .T. ) ;
#3436 = EDGE_CURVE ( 'NONE', #127, #3050, #4006, .T. ) ;
#3437 = DIRECTION ( 'NONE',  ( 0.5547001962252317009, 0.8320502943378419447, -0.000000000000000000 ) ) ;
#3438 = DIRECTION ( 'NONE',  ( 0.000000000000000000, -0.000000000000000000, 1.000000000000000000 ) ) ;
#3439 = DIRECTION ( 'NONE',  ( 0.000000000000000000, 1.000000000000000000, 0.000000000000000000 ) ) ;
#3440 = DIRECTION ( 'NONE',  ( -0.000000000000000000, -1.000000000000000000, -0.000000000000000000 ) ) ;
#3441 = CARTESIAN_POINT ( 'NONE',  ( 12.67857142857137909, 28.21428571428568333, -31.60714285714286831 ) ) ;
#3442 = MECHANICAL_DESIGN_GEOMETRIC_PRESENTATION_REPRESENTATION (  '', ( #3506 ), #574 ) ;
#3443 = ORIENTED_EDGE ( 'NONE', *, *, #2384, .T. ) ;
#3444 = CARTESIAN_POINT ( 'NONE',  ( 9.000000000000001776, 21.50000000000000000, -22.49999999999995026 ) ) ;
#3445 = AXIS2_PLACEMENT_3D ( 'NONE', #1546, #1855, #3431 ) ;
#3446 = CARTESIAN_POINT ( 'NONE',  ( 8.625000000000003553, 21.50000000000000000, -30.00000000000000355 ) ) ;
#3447 = ORIENTED_EDGE ( 'NONE', *, *, #2387, .F. ) ;
#3448 = CARTESIAN_POINT ( 'NONE',  ( -7.499999999999998224, 25.00000000000000000, -6.000000000000008882 ) ) ;
#3449 = ORIENTED_EDGE ( 'NONE', *, *, #280, .T. ) ;
#3450 = CARTESIAN_POINT ( 'NONE',  ( 22.74999999999999289, 1.500000000000000000, -18.90000000000000568 ) ) ;
#3451 = DIRECTION ( 'NONE',  ( 0.000000000000000000, 0.000000000000000000, 1.000000000000000000 ) ) ;
#3453 = EDGE_CURVE ( 'NONE', #3640, #3690, #3433, .T. ) ;
#3452 = ORIENTED_EDGE ( 'NONE', *, *, #1261, .F. ) ;
#3454 = EDGE_CURVE ( 'NONE', #2310, #1147, #180, .T. ) ;
#3455 = ORIENTED_EDGE ( 'NONE', *, *, #3572, .T. ) ;
#3456 = EDGE_LOOP ( 'NONE', ( #2954, #2192, #2873, #3794 ) ) ;
#3457 = ORIENTED_EDGE ( 'NONE', *, *, #1700, .T. ) ;
#3458 = LINE ( 'NONE', #357, #2516 ) ;
#3459 = DIRECTION ( 'NONE',  ( 0.000000000000000000, 0.000000000000000000, 1.000000000000000000 ) ) ;
#3460 = LINE ( 'NONE', #2226, #179 ) ;
#3461 = ORIENTED_EDGE ( 'NONE', *, *, #344, .F. ) ;
#3462 = CARTESIAN_POINT ( 'NONE',  ( 10.27565835097471592, 25.00000000000000000, -30.82697505292422946 ) ) ;
#3463 = DIRECTION ( 'NONE',  ( 0.000000000000000000, 0.000000000000000000, -1.000000000000000000 ) ) ;
#3464 = ORIENTED_EDGE ( 'NONE', *, *, #2652, .F. ) ;
#3465 = CARTESIAN_POINT ( 'NONE',  ( 30.69999999999999929, 43.00000000000000000, 0.000000000000000000 ) ) ;
#3466 = CARTESIAN_POINT ( 'NONE',  ( 22.74999999999999289, 4.000000000000000000, -20.00000000000000711 ) ) ;
#3467 = EDGE_CURVE ( 'NONE', #2062, #898, #3000, .T. ) ;
#3468 = ORIENTED_EDGE ( 'NONE', *, *, #1441, .T. ) ;
#3469 = EDGE_LOOP ( 'NONE', ( #3201, #3719, #2174, #256 ) ) ;
#3470 = ORIENTED_EDGE ( 'NONE', *, *, #48, .F. ) ;
#3471 = VECTOR ( 'NONE', #3553, 1000.000000000000000 ) ;
#3472 = CARTESIAN_POINT ( 'NONE',  ( -9.999999999999996447, 21.50000000000000000, -30.00000000000000000 ) ) ;
#3473 = CARTESIAN_POINT ( 'NONE',  ( 32.50000000000000000, 0.000000000000000000, 25.00000000000001066 ) ) ;
#3474 = PLANE ( 'NONE',  #2002 ) ;
#3475 = DIRECTION ( 'NONE',  ( -0.000000000000000000, 1.000000000000000000, -0.000000000000000000 ) ) ;
#3476 = VECTOR ( 'NONE', #1763, 1000.000000000000000 ) ;
#3477 = CIRCLE ( 'NONE', #1009, 1.499999999999994449 ) ;
#3478 = VECTOR ( 'NONE', #972, 1000.000000000000000 ) ;
#3479 = DIRECTION ( 'NONE',  ( 0.000000000000000000, 0.7071067811865439090, 0.7071067811865512365 ) ) ;
#3480 = VERTEX_POINT ( 'NONE', #198 ) ;
#3481 = EDGE_CURVE ( 'NONE', #305, #177, #2031, .T. ) ;
#3482 = DIRECTION ( 'NONE',  ( -0.000000000000000000, 0.000000000000000000, -1.000000000000000000 ) ) ;
#3483 = DIRECTION ( 'NONE',  ( -0.000000000000000000, -1.000000000000000000, -0.000000000000000000 ) ) ;
#3484 = LINE ( 'NONE', #703, #2441 ) ;
#3485 = VECTOR ( 'NONE', #1580, 1000.000000000000000 ) ;
#3486 = ORIENTED_EDGE ( 'NONE', *, *, #3770, .T. ) ;
#3487 = LINE ( 'NONE', #1918, #3664 ) ;
#3488 = LINE ( 'NONE', #3203, #2633 ) ;
#3489 = CIRCLE ( 'NONE', #1414, 1.499999999999994449 ) ;
#3490 = ORIENTED_EDGE ( 'NONE', *, *, #3273, .F. ) ;
#3491 = VERTEX_POINT ( 'NONE', #1119 ) ;
#3492 = VERTEX_POINT ( 'NONE', #2053 ) ;
#3493 = VERTEX_POINT ( 'NONE', #2980 ) ;
#3494 = AXIS2_PLACEMENT_3D ( 'NONE', #918, #1267, #3421 ) ;
#3495 = DIRECTION ( 'NONE',  ( 0.000000000000000000, 0.000000000000000000, 1.000000000000000000 ) ) ;
#3496 = DIRECTION ( 'NONE',  ( 1.000000000000000000, 0.000000000000000000, -1.156482317317871478E-16 ) ) ;
#3497 = CARTESIAN_POINT ( 'NONE',  ( 7.500000000000001776, 25.00000000000000000, -1.500000000000001332 ) ) ;
#3498 = DIRECTION ( 'NONE',  ( 0.000000000000000000, -1.000000000000000000, -0.000000000000000000 ) ) ;
#3499 = AXIS2_PLACEMENT_3D ( 'NONE', #2299, #460, #1708 ) ;
#3500 = EDGE_CURVE ( 'NONE', #1212, #2641, #2668, .T. ) ;
#3501 = CARTESIAN_POINT ( 'NONE',  ( -17.49999999999995381, 25.00000000000000000, -28.00000000000000000 ) ) ;
#3502 = EDGE_CURVE ( 'NONE', #2024, #3631, #1748, .T. ) ;
#3503 = ORIENTED_EDGE ( 'NONE', *, *, #1157, .T. ) ;
#3504 = CARTESIAN_POINT ( 'NONE',  ( -8.000000000000000000, 23.00000000000000355, 20.99999999999993250 ) ) ;
#3505 = DIRECTION ( 'NONE',  ( -2.312964634635742957E-16, 0.000000000000000000, -1.000000000000000000 ) ) ;
#3506 = STYLED_ITEM ( 'NONE', ( #3155 ), #3763 ) ;
#3507 = EDGE_CURVE ( 'NONE', #1235, #1403, #2872, .T. ) ;
#3508 = ORIENTED_EDGE ( 'NONE', *, *, #1833, .F. ) ;
#3509 = PLANE ( 'NONE',  #2629 ) ;
#3510 = DIRECTION ( 'NONE',  ( 0.000000000000000000, 0.000000000000000000, 1.000000000000000000 ) ) ;
#3511 = ORIENTED_EDGE ( 'NONE', *, *, #285, .T. ) ;
#3512 = ORIENTED_EDGE ( 'NONE', *, *, #694, .T. ) ;
#3513 = CARTESIAN_POINT ( 'NONE',  ( 30.99999999999999645, 13.04444872453602322, -5.009622403584838679 ) ) ;
#3514 = DIRECTION ( 'NONE',  ( -1.000000000000000000, 0.000000000000000000, 0.000000000000000000 ) ) ;
#3515 = CARTESIAN_POINT ( 'NONE',  ( -17.80790021169688941, 0.000000000000000000, 28.00000000000000000 ) ) ;
#3516 = CARTESIAN_POINT ( 'NONE',  ( 31.00000000000000000, 13.04444872453601789, 3.999999999999999112 ) ) ;
#3517 = CARTESIAN_POINT ( 'NONE',  ( 8.000000000000000000, 23.00000000000000355, -20.99999999999993250 ) ) ;
#3518 = ORIENTED_EDGE ( 'NONE', *, *, #2420, .T. ) ;
#3519 = DIRECTION ( 'NONE',  ( 0.000000000000000000, 1.000000000000000000, 0.000000000000000000 ) ) ;
#3520 = EDGE_CURVE ( 'NONE', #2663, #175, #3037, .T. ) ;
#3521 = DIRECTION ( 'NONE',  ( 1.000000000000000000, 0.000000000000000000, 0.000000000000000000 ) ) ;
#3522 = DIRECTION ( 'NONE',  ( 0.000000000000000000, 0.000000000000000000, 1.000000000000000000 ) ) ;
#3523 = DIRECTION ( 'NONE',  ( 0.000000000000000000, -0.000000000000000000, 1.000000000000000000 ) ) ;
#3524 = EDGE_CURVE ( 'NONE', #3612, #1406, #806, .T. ) ;
#3525 = ORIENTED_EDGE ( 'NONE', *, *, #3819, .T. ) ;
#3526 = CARTESIAN_POINT ( 'NONE',  ( 17.49999999999991829, 25.00000000000000000, -25.00000000000001066 ) ) ;
#3527 = VERTEX_POINT ( 'NONE', #157 ) ;
#3528 = ORIENTED_EDGE ( 'NONE', *, *, #2337, .F. ) ;
#3529 = CARTESIAN_POINT ( 'NONE',  ( 31.00000000000000000, 25.00000000000000000, 0.000000000000000000 ) ) ;
#3530 = DIRECTION ( 'NONE',  ( 0.000000000000000000, 0.000000000000000000, 1.000000000000000000 ) ) ;
#3531 = DIRECTION ( 'NONE',  ( 1.156482317317871478E-16, 0.000000000000000000, 1.000000000000000000 ) ) ;
#3532 = CARTESIAN_POINT ( 'NONE',  ( 30.99999999999999645, 13.04444872453601967, 5.009622403584837791 ) ) ;
#3533 = VECTOR ( 'NONE', #1785, 1000.000000000000114 ) ;
#3534 = LINE ( 'NONE', #118, #805 ) ;
#3535 = VECTOR ( 'NONE', #254, 1000.000000000000000 ) ;
#3536 = DIRECTION ( 'NONE',  ( 0.000000000000000000, 0.000000000000000000, 1.000000000000000000 ) ) ;
#3537 = VECTOR ( 'NONE', #2124, 1000.000000000000000 ) ;
#3538 = EDGE_CURVE ( 'NONE', #1575, #796, #2684, .T. ) ;
#3539 = AXIS2_PLACEMENT_3D ( 'NONE', #3641, #3964, #2330 ) ;
#3540 = VECTOR ( 'NONE', #1438, 1000.000000000000000 ) ;
#3541 = ORIENTED_EDGE ( 'NONE', *, *, #2808, .F. ) ;
#3542 = FACE_OUTER_BOUND ( 'NONE', #2556, .T. ) ;
#3543 = AXIS2_PLACEMENT_3D ( 'NONE', #1897, #3483, #3463 ) ;
#3544 = DIRECTION ( 'NONE',  ( 1.000000000000000000, 0.000000000000000000, -1.156482317317871478E-16 ) ) ;
#3545 = FACE_OUTER_BOUND ( 'NONE', #1884, .T. ) ;
#3546 = CIRCLE ( 'NONE', #3357, 2.499999999999998668 ) ;
#3547 = DIRECTION ( 'NONE',  ( 0.000000000000000000, 0.000000000000000000, 1.000000000000000000 ) ) ;
#3548 = EDGE_CURVE ( 'NONE', #3480, #3352, #3958, .T. ) ;
#3549 = ORIENTED_EDGE ( 'NONE', *, *, #2745, .T. ) ;
#3550 = ORIENTED_EDGE ( 'NONE', *, *, #3507, .F. ) ;
#3551 = CARTESIAN_POINT ( 'NONE',  ( -22.75000000000000711, 1.500000000000000000, -19.99999999999999645 ) ) ;
#3552 = VECTOR ( 'NONE', #713, 1000.000000000000000 ) ;
#3553 = DIRECTION ( 'NONE',  ( -0.000000000000000000, -1.000000000000000000, -0.000000000000000000 ) ) ;
#3554 = FACE_OUTER_BOUND ( 'NONE', #1001, .T. ) ;
#3555 = AXIS2_PLACEMENT_3D ( 'NONE', #245, #871, #3001 ) ;
#3556 = EDGE_CURVE ( 'NONE', #175, #2357, #518, .T. ) ;
#3557 = CARTESIAN_POINT ( 'NONE',  ( 8.000000000000000000, 21.50000000000000000, 25.00000000000000000 ) ) ;
#3558 = DIRECTION ( 'NONE',  ( -0.8320502943378422778, 0.5547001962252311458, 0.000000000000000000 ) ) ;
#3559 = LINE ( 'NONE', #2605, #1628 ) ;
#3560 = PRODUCT ( 'Relay_Box', 'Relay_Box', '', ( #2453 ) ) ;
#3561 = VERTEX_POINT ( 'NONE', #2400 ) ;
#3562 = DIRECTION ( 'NONE',  ( -1.000000000000000000, 0.000000000000000000, 0.000000000000000000 ) ) ;
#3563 = FACE_OUTER_BOUND ( 'NONE', #3205, .T. ) ;
#3564 = VERTEX_POINT ( 'NONE', #240 ) ;
#3565 = CARTESIAN_POINT ( 'NONE',  ( 23.92857142857134889, 20.71428571428572596, 27.85714285714288962 ) ) ;
#3566 = LINE ( 'NONE', #1418, #685 ) ;
#3567 = ORIENTED_EDGE ( 'NONE', *, *, #2409, .T. ) ;
#3568 = ORIENTED_EDGE ( 'NONE', *, *, #1024, .T. ) ;
#3569 = AXIS2_PLACEMENT_3D ( 'NONE', #1844, #276, #2764 ) ;
#3570 = DIRECTION ( 'NONE',  ( 0.5547001962252318119, 0.8320502943378419447, 0.000000000000000000 ) ) ;
#3571 = PLANE ( 'NONE',  #3032 ) ;
#3572 = EDGE_CURVE ( 'NONE', #679, #2854, #3636, .T. ) ;
#3573 = DIRECTION ( 'NONE',  ( 0.8320502943378437211, 0.5547001962252290364, 0.000000000000000000 ) ) ;
#3574 = VECTOR ( 'NONE', #2952, 1000.000000000000000 ) ;
#3575 = DIRECTION ( 'NONE',  ( 0.000000000000000000, 1.000000000000000000, -0.000000000000000000 ) ) ;
#3576 = CARTESIAN_POINT ( 'NONE',  ( 12.00000000000000000, 23.00000000000000355, -20.99999999999993250 ) ) ;
#3577 = EDGE_CURVE ( 'NONE', #1069, #2744, #3595, .T. ) ;
#3578 = DIRECTION ( 'NONE',  ( 0.000000000000000000, 0.000000000000000000, 1.000000000000000000 ) ) ;
#3579 = VERTEX_POINT ( 'NONE', #2341 ) ;
#3580 = CARTESIAN_POINT ( 'NONE',  ( 12.00000000000000000, 21.50000000000000000, -22.49999999999995026 ) ) ;
#3581 = ORIENTED_EDGE ( 'NONE', *, *, #3129, .T. ) ;
#3582 = CARTESIAN_POINT ( 'NONE',  ( 10.74999999999997158, 25.00000000000000000, -32.25000000000000000 ) ) ;
#3583 = DIRECTION ( 'NONE',  ( 0.000000000000000000, -1.000000000000000000, 0.000000000000000000 ) ) ;
#3584 = FACE_OUTER_BOUND ( 'NONE', #3969, .T. ) ;
#3585 = EDGE_LOOP ( 'NONE', ( #552, #1648, #1483, #272 ) ) ;
#3586 = DIRECTION ( 'NONE',  ( 1.000000000000000000, 0.000000000000000000, -2.312964634635742957E-16 ) ) ;
#3587 = LINE ( 'NONE', #528, #1435 ) ;
#3588 = ORIENTED_EDGE ( 'NONE', *, *, #2186, .T. ) ;
#3589 = LINE ( 'NONE', #3290, #3613 ) ;
#3590 = ORIENTED_EDGE ( 'NONE', *, *, #3994, .T. ) ;
#3591 = ORIENTED_EDGE ( 'NONE', *, *, #1523, .T. ) ;
#3592 = EDGE_CURVE ( 'NONE', #2682, #1212, #2127, .T. ) ;
#3593 = EDGE_CURVE ( 'NONE', #2760, #2024, #1789, .T. ) ;
#3594 = LINE ( 'NONE', #804, #3297 ) ;
#3595 = LINE ( 'NONE', #3917, #2468 ) ;
#3596 = ORIENTED_EDGE ( 'NONE', *, *, #1388, .T. ) ;
#3597 = AXIS2_PLACEMENT_3D ( 'NONE', #1919, #3146, #2753 ) ;
#3598 = EDGE_CURVE ( 'NONE', #907, #1232, #3893, .T. ) ;
#3599 = FACE_OUTER_BOUND ( 'NONE', #3262, .T. ) ;
#3600 = VECTOR ( 'NONE', #766, 1000.000000000000000 ) ;
#3601 = ORIENTED_EDGE ( 'NONE', *, *, #1581, .T. ) ;
#3602 = DIRECTION ( 'NONE',  ( 1.000000000000000000, 0.000000000000000000, 0.000000000000000000 ) ) ;
#3603 = DIRECTION ( 'NONE',  ( -1.734723475976807094E-16, -0.000000000000000000, -1.000000000000000000 ) ) ;
#3604 = VECTOR ( 'NONE', #3522, 1000.000000000000000 ) ;
#3605 = DIRECTION ( 'NONE',  ( -0.8320502943378418337, 0.5547001962252319229, 0.000000000000000000 ) ) ;
#3606 = LINE ( 'NONE', #822, #296 ) ;
#3607 = EDGE_LOOP ( 'NONE', ( #165, #2440, #753, #383 ) ) ;
#3608 = CYLINDRICAL_SURFACE ( 'NONE', #2434, 1.499999999999994449 ) ;
#3609 = PLANE ( 'NONE',  #152 ) ;
#3610 = VECTOR ( 'NONE', #2613, 1000.000000000000000 ) ;
#3611 = CARTESIAN_POINT ( 'NONE',  ( 9.000000000000001776, 21.50000000000000000, 28.00000000000000000 ) ) ;
#3612 = VERTEX_POINT ( 'NONE', #1471 ) ;
#3613 = VECTOR ( 'NONE', #3076, 999.9999999999998863 ) ;
#3614 = DIRECTION ( 'NONE',  ( 0.000000000000000000, 1.000000000000000000, -0.000000000000000000 ) ) ;
#3615 = CARTESIAN_POINT ( 'NONE',  ( 8.000000000000000000, 23.00000000000000000, -25.00000000000000000 ) ) ;
#3616 = AXIS2_PLACEMENT_3D ( 'NONE', #1828, #3058, #1192 ) ;
#3617 = ORIENTED_EDGE ( 'NONE', *, *, #2748, .F. ) ;
#3618 = CIRCLE ( 'NONE', #630, 1.499999999999994449 ) ;
#3619 = DIRECTION ( 'NONE',  ( 0.000000000000000000, 1.000000000000000000, -0.000000000000000000 ) ) ;
#3620 = EDGE_CURVE ( 'NONE', #1645, #3690, #2957, .T. ) ;
#3621 = VECTOR ( 'NONE', #121, 1000.000000000000000 ) ;
#3622 = ORIENTED_EDGE ( 'NONE', *, *, #3311, .T. ) ;
#3623 = CARTESIAN_POINT ( 'NONE',  ( 10.00000000000000355, 21.50000000000000000, -30.00000000000000355 ) ) ;
#3624 = DIRECTION ( 'NONE',  ( 0.000000000000000000, 0.000000000000000000, 1.000000000000000000 ) ) ;
#3625 = FACE_OUTER_BOUND ( 'NONE', #688, .T. ) ;
#3626 = ADVANCED_FACE ( 'NONE', ( #2438 ), #1862, .T. ) ;
#3627 = PLANE ( 'NONE',  #169 ) ;
#3628 = ORIENTED_EDGE ( 'NONE', *, *, #244, .F. ) ;
#3629 = DIRECTION ( 'NONE',  ( -0.8017837257372737447, -0.5345224838248479049, -0.2672612419124241190 ) ) ;
#3630 = VERTEX_POINT ( 'NONE', #3372 ) ;
#3631 = VERTEX_POINT ( 'NONE', #1579 ) ;
#3632 = AXIS2_PLACEMENT_3D ( 'NONE', #1136, #3016, #789 ) ;
#3633 = DIRECTION ( 'NONE',  ( 0.000000000000000000, 0.7071067811865512365, -0.7071067811865439090 ) ) ;
#3634 = CYLINDRICAL_SURFACE ( 'NONE', #1285, 1.499999999999994449 ) ;
#3635 = CIRCLE ( 'NONE', #906, 1.374999999999999556 ) ;
#3636 = LINE ( 'NONE', #1409, #3120 ) ;
#3637 = ORIENTED_EDGE ( 'NONE', *, *, #4012, .F. ) ;
#3638 = ADVANCED_FACE ( 'NONE', ( #3095 ), #339, .F. ) ;
#3639 = CYLINDRICAL_SURFACE ( 'NONE', #2265, 1.499999999999994449 ) ;
#3640 = VERTEX_POINT ( 'NONE', #957 ) ;
#3641 = CARTESIAN_POINT ( 'NONE',  ( -22.75000000000000711, 3.500000000000000000, 24.50000000000000000 ) ) ;
#3642 = DIRECTION ( 'NONE',  ( -2.312964634635742957E-16, 0.000000000000000000, -1.000000000000000000 ) ) ;
#3643 = DIRECTION ( 'NONE',  ( 0.000000000000000000, 1.000000000000000000, 0.000000000000000000 ) ) ;
#3644 = VERTEX_POINT ( 'NONE', #295 ) ;
#3645 = FACE_OUTER_BOUND ( 'NONE', #3408, .T. ) ;
#3646 = FACE_OUTER_BOUND ( 'NONE', #42, .T. ) ;
#3647 = ORIENTED_EDGE ( 'NONE', *, *, #1693, .T. ) ;
#3648 = CARTESIAN_POINT ( 'NONE',  ( 32.50000000000000000, 0.000000000000000000, -25.00000000000001066 ) ) ;
#3649 = ORIENTED_EDGE ( 'NONE', *, *, #2285, .F. ) ;
#3650 = LINE ( 'NONE', #238, #1866 ) ;
#3651 = FACE_BOUND ( 'NONE', #2868, .T. ) ;
#3652 = DIRECTION ( 'NONE',  ( 0.000000000000000000, 0.000000000000000000, 1.000000000000000000 ) ) ;
#3653 = LINE ( 'NONE', #3919, #1155 ) ;
#3654 = AXIS2_PLACEMENT_3D ( 'NONE', #3251, #2009, #2951 ) ;
#3655 = ORIENTED_EDGE ( 'NONE', *, *, #1750, .F. ) ;
#3656 = DIRECTION ( 'NONE',  ( -1.000000000000000000, 0.000000000000000000, 0.000000000000000000 ) ) ;
#3657 = CARTESIAN_POINT ( 'NONE',  ( -7.499999999999998224, -28.00000000000000355, -1.499999999999997780 ) ) ;
#3658 = VECTOR ( 'NONE', #2471, 1000.000000000000114 ) ;
#3659 = VECTOR ( 'NONE', #1615, 1000.000000000000114 ) ;
#3660 = EDGE_CURVE ( 'NONE', #3867, #1596, #1910, .T. ) ;
#3661 = LINE ( 'NONE', #2675, #2642 ) ;
#3662 = ORIENTED_EDGE ( 'NONE', *, *, #1523, .F. ) ;
#3663 = AXIS2_PLACEMENT_3D ( 'NONE', #3401, #588, #3707 ) ;
#3664 = VECTOR ( 'NONE', #3787, 1000.000000000000000 ) ;
#3665 = DIRECTION ( 'NONE',  ( 0.000000000000000000, 0.000000000000000000, 1.000000000000000000 ) ) ;
#3666 = CARTESIAN_POINT ( 'NONE',  ( 30.69999999999999929, 43.00000000000000000, -23.70263340389898232 ) ) ;
#3667 = CARTESIAN_POINT ( 'NONE',  ( -9.000000000000000000, 23.49999999999999645, 20.49999999999993250 ) ) ;
#3668 = ORIENTED_EDGE ( 'NONE', *, *, #3123, .T. ) ;
#3669 = ORIENTED_EDGE ( 'NONE', *, *, #3394, .T. ) ;
#3670 = CARTESIAN_POINT ( 'NONE',  ( -9.000000000000001776, 21.50000000000000000, 25.00000000000000000 ) ) ;
#3671 = FACE_OUTER_BOUND ( 'NONE', #3193, .T. ) ;
#3672 = FACE_BOUND ( 'NONE', #3387, .T. ) ;
#3673 = EDGE_CURVE ( 'NONE', #1291, #3298, #14, .T. ) ;
#3674 = VECTOR ( 'NONE', #228, 1000.000000000000000 ) ;
#3675 = ORIENTED_EDGE ( 'NONE', *, *, #369, .F. ) ;
#3676 = AXIS2_PLACEMENT_3D ( 'NONE', #1408, #1154, #3935 ) ;
#3677 = CARTESIAN_POINT ( 'NONE',  ( 9.000000000000000000, 23.49999999999999645, 20.49999999999998579 ) ) ;
#3678 = VECTOR ( 'NONE', #2691, 1000.000000000000000 ) ;
#3679 = ORIENTED_EDGE ( 'NONE', *, *, #454, .F. ) ;
#3680 = FACE_BOUND ( 'NONE', #1091, .T. ) ;
#3681 = VECTOR ( 'NONE', #2984, 1000.000000000000000 ) ;
#3682 = FACE_OUTER_BOUND ( 'NONE', #3688, .T. ) ;
#3683 = EDGE_LOOP ( 'NONE', ( #3455, #1477, #1822, #1801 ) ) ;
#3684 = FACE_OUTER_BOUND ( 'NONE', #3943, .T. ) ;
#3685 = CARTESIAN_POINT ( 'NONE',  ( -32.50000000000000711, 14.99999999999997158, -24.99999999999999645 ) ) ;
#3686 = FACE_OUTER_BOUND ( 'NONE', #3241, .T. ) ;
#3687 = ORIENTED_EDGE ( 'NONE', *, *, #2399, .F. ) ;
#3688 = EDGE_LOOP ( 'NONE', ( #2256, #1640, #1731, #2493 ) ) ;
#3689 = ORIENTED_EDGE ( 'NONE', *, *, #3502, .F. ) ;
#3690 = VERTEX_POINT ( 'NONE', #3137 ) ;
#3691 = LINE ( 'NONE', #595, #1333 ) ;
#3692 = DIRECTION ( 'NONE',  ( 0.9486832980505141011, 0.000000000000000000, -0.3162277660168374971 ) ) ;
#3693 = ADVANCED_FACE ( 'NONE', ( #2158 ), #1600, .F. ) ;
#3694 = CARTESIAN_POINT ( 'NONE',  ( 31.00000000000000000, 13.04444872453601789, -4.000000000000000888 ) ) ;
#3695 = FILL_AREA_STYLE_COLOUR ( '', #983 ) ;
#3696 = CARTESIAN_POINT ( 'NONE',  ( 22.74999999999999289, 4.000000000000000000, -20.00000000000000711 ) ) ;
#3697 = PRODUCT_DEFINITION_FORMATION_WITH_SPECIFIED_SOURCE ( 'ANY', '', #3560, .NOT_KNOWN. ) ;
#3698 = LINE ( 'NONE', #3441, #3112 ) ;
#3699 = ORIENTED_EDGE ( 'NONE', *, *, #1730, .T. ) ;
#3700 = EDGE_CURVE ( 'NONE', #1314, #646, #2598, .T. ) ;
#3701 = CARTESIAN_POINT ( 'NONE',  ( 22.74999999999999289, 4.000000000000000000, -20.00000000000000711 ) ) ;
#3702 = ORIENTED_EDGE ( 'NONE', *, *, #155, .F. ) ;
#3703 = DIRECTION ( 'NONE',  ( 0.000000000000000000, -0.000000000000000000, 1.000000000000000000 ) ) ;
#3704 = ORIENTED_EDGE ( 'NONE', *, *, #1991, .F. ) ;
#3705 = DIRECTION ( 'NONE',  ( 0.000000000000000000, 1.000000000000000000, -0.000000000000000000 ) ) ;
#3706 = DIRECTION ( 'NONE',  ( 0.000000000000000000, 0.7071067811865512365, 0.7071067811865437980 ) ) ;
#3707 = DIRECTION ( 'NONE',  ( 0.000000000000000000, 0.000000000000000000, 1.000000000000000000 ) ) ;
#3708 = CARTESIAN_POINT ( 'NONE',  ( -10.00000000000000000, 21.50000000000000000, -25.00000000000000000 ) ) ;
#3709 = ORIENTED_EDGE ( 'NONE', *, *, #1500, .T. ) ;
#3710 = EDGE_CURVE ( 'NONE', #3876, #2267, #1567, .T. ) ;
#3711 = DIRECTION ( 'NONE',  ( 0.000000000000000000, 0.000000000000000000, 1.000000000000000000 ) ) ;
#3712 = DIRECTION ( 'NONE',  ( 0.000000000000000000, -0.000000000000000000, 1.000000000000000000 ) ) ;
#3713 = CARTESIAN_POINT ( 'NONE',  ( -7.500000000000000000, 23.00000000000000000, 0.000000000000000000 ) ) ;
#3714 = ADVANCED_FACE ( 'NONE', ( #3671 ), #4019, .F. ) ;
#3715 = EDGE_CURVE ( 'NONE', #2165, #3172, #2275, .T. ) ;
#3716 = CARTESIAN_POINT ( 'NONE',  ( -22.75000000000000711, 4.000000000000000000, 20.00000000000000000 ) ) ;
#3717 = ADVANCED_FACE ( 'NONE', ( #3739 ), #1284, .T. ) ;
#3718 = EDGE_CURVE ( 'NONE', #1956, #194, #1432, .T. ) ;
#3719 = ORIENTED_EDGE ( 'NONE', *, *, #2958, .T. ) ;
#3720 = LINE ( 'NONE', #2166, #2016 ) ;
#3721 = LINE ( 'NONE', #1936, #1993 ) ;
#3722 = VECTOR ( 'NONE', #2065, 1000.000000000000000 ) ;
#3723 = EDGE_CURVE ( 'NONE', #1967, #3227, #1306, .T. ) ;
#3724 = ORIENTED_EDGE ( 'NONE', *, *, #2541, .T. ) ;
#3725 = ORIENTED_EDGE ( 'NONE', *, *, #3520, .F. ) ;
#3726 = DIRECTION ( 'NONE',  ( 0.000000000000000000, 0.000000000000000000, -1.000000000000000000 ) ) ;
#3727 = PLANE ( 'NONE',  #1607 ) ;
#3728 = CYLINDRICAL_SURFACE ( 'NONE', #3663, 1.499999999999995337 ) ;
#3729 = VECTOR ( 'NONE', #3153, 1000.000000000000000 ) ;
#3730 =( NAMED_UNIT ( * ) SI_UNIT ( $, .STERADIAN. ) SOLID_ANGLE_UNIT ( ) );
#3731 = EDGE_LOOP ( 'NONE', ( #1173, #374, #2735, #2731 ) ) ;
#3732 = VERTEX_POINT ( 'NONE', #1829 ) ;
#3733 = CIRCLE ( 'NONE', #1611, 2.499999999999998668 ) ;
#3734 = VECTOR ( 'NONE', #997, 1000.000000000000000 ) ;
#3735 = VERTEX_POINT ( 'NONE', #260 ) ;
#3736 = VERTEX_POINT ( 'NONE', #3075 ) ;
#3737 = ORIENTED_EDGE ( 'NONE', *, *, #664, .F. ) ;
#3738 = DIRECTION ( 'NONE',  ( -0.000000000000000000, 0.7071067811865512365, 0.7071067811865439090 ) ) ;
#3739 = FACE_OUTER_BOUND ( 'NONE', #2067, .T. ) ;
#3740 = AXIS2_PLACEMENT_3D ( 'NONE', #1092, #485, #2906 ) ;
#3741 = DIRECTION ( 'NONE',  ( -0.000000000000000000, -0.000000000000000000, 1.000000000000000000 ) ) ;
#3742 = LINE ( 'NONE', #961, #810 ) ;
#3743 = DIRECTION ( 'NONE',  ( 0.000000000000000000, -1.000000000000000000, 0.000000000000000000 ) ) ;
#3744 = VECTOR ( 'NONE', #1781, 1000.000000000000000 ) ;
#3745 = ORIENTED_EDGE ( 'NONE', *, *, #1365, .T. ) ;
#3746 = CIRCLE ( 'NONE', #2014, 2.499999999999998668 ) ;
#3747 = CARTESIAN_POINT ( 'NONE',  ( 11.37500000000001421, 21.50000000000000000, 28.49999999999999645 ) ) ;
#3748 = CARTESIAN_POINT ( 'NONE',  ( 12.00000000000000000, 21.50000000000000000, 22.49999999999996447 ) ) ;
#3749 = VECTOR ( 'NONE', #1516, 1000.000000000000000 ) ;
#3750 = ORIENTED_EDGE ( 'NONE', *, *, #3781, .F. ) ;
#3751 = DIRECTION ( 'NONE',  ( -0.8017837257372727455, 0.5345224838248499033, -0.2672612419124233973 ) ) ;
#3752 = DIRECTION ( 'NONE',  ( 0.000000000000000000, 0.000000000000000000, -1.000000000000000000 ) ) ;
#3753 = VECTOR ( 'NONE', #3578, 1000.000000000000000 ) ;
#3754 = ADVANCED_FACE ( 'NONE', ( #2743, #890, #3978 ), #2145, .F. ) ;
#3755 = VERTEX_POINT ( 'NONE', #1218 ) ;
#3756 = ORIENTED_EDGE ( 'NONE', *, *, #1799, .F. ) ;
#3757 = ORIENTED_EDGE ( 'NONE', *, *, #1177, .T. ) ;
#3758 = ORIENTED_EDGE ( 'NONE', *, *, #2707, .F. ) ;
#3759 = CARTESIAN_POINT ( 'NONE',  ( -17.50000000000000000, 25.00000000000000000, -29.99999999999999289 ) ) ;
#3760 = CARTESIAN_POINT ( 'NONE',  ( 8.000000000000000000, 21.50000000000000000, 22.49999999999996447 ) ) ;
#3761 = DIRECTION ( 'NONE',  ( 0.000000000000000000, 0.000000000000000000, -1.000000000000000000 ) ) ;
#3762 = CARTESIAN_POINT ( 'NONE',  ( -22.75000000000000711, 3.500000000000000000, -15.49999999999999822 ) ) ;
#3763 = MANIFOLD_SOLID_BREP ( 'Cut-Extrude4', #807 ) ;
#3764 = DIRECTION ( 'NONE',  ( 0.000000000000000000, 0.000000000000000000, -1.000000000000000000 ) ) ;
#3765 = VECTOR ( 'NONE', #501, 1000.000000000000114 ) ;
#3766 = EDGE_CURVE ( 'NONE', #1967, #2465, #998, .T. ) ;
#3767 = ORIENTED_EDGE ( 'NONE', *, *, #67, .T. ) ;
#3768 = DIRECTION ( 'NONE',  ( 0.000000000000000000, 0.000000000000000000, 1.000000000000000000 ) ) ;
#3769 = CARTESIAN_POINT ( 'NONE',  ( 22.74999999999999289, 4.000000000000000000, -18.90000000000000568 ) ) ;
#3770 = EDGE_CURVE ( 'NONE', #2739, #1519, #2462, .T. ) ;
#3771 = VERTEX_POINT ( 'NONE', #1016 ) ;
#3772 = FACE_OUTER_BOUND ( 'NONE', #668, .T. ) ;
#3773 = CARTESIAN_POINT ( 'NONE',  ( -7.499999999999998224, 25.00000000000000000, -8.999999999999998224 ) ) ;
#3774 = VERTEX_POINT ( 'NONE', #1037 ) ;
#3775 = ORIENTED_EDGE ( 'NONE', *, *, #3836, .T. ) ;
#3776 = ORIENTED_EDGE ( 'NONE', *, *, #974, .F. ) ;
#3777 = ORIENTED_EDGE ( 'NONE', *, *, #2350, .F. ) ;
#3778 = EDGE_CURVE ( 'NONE', #710, #1361, #1989, .T. ) ;
#3779 = LINE ( 'NONE', #2237, #1802 ) ;
#3780 = LINE ( 'NONE', #60, #1090 ) ;
#3781 = EDGE_CURVE ( 'NONE', #3172, #1361, #2240, .T. ) ;
#3782 = CARTESIAN_POINT ( 'NONE',  ( -22.75000000000000711, 4.000000000000000000, 20.00000000000000000 ) ) ;
#3783 = ORIENTED_EDGE ( 'NONE', *, *, #1292, .F. ) ;
#3784 = DIRECTION ( 'NONE',  ( -0.000000000000000000, 1.000000000000000000, -0.000000000000000000 ) ) ;
#3785 = CARTESIAN_POINT ( 'NONE',  ( 12.00000000000000178, 17.50000000000000000, 26.49999999999991829 ) ) ;
#3786 = ORIENTED_EDGE ( 'NONE', *, *, #3178, .T. ) ;
#3787 = DIRECTION ( 'NONE',  ( 0.000000000000000000, -1.000000000000000000, 0.000000000000000000 ) ) ;
#3788 = CARTESIAN_POINT ( 'NONE',  ( 0.000000000000000000, 1.500000000000000000, 0.000000000000000000 ) ) ;
#3789 = EDGE_CURVE ( 'NONE', #2672, #1549, #692, .T. ) ;
#3790 = EDGE_LOOP ( 'NONE', ( #885, #3213 ) ) ;
#3791 = ORIENTED_EDGE ( 'NONE', *, *, #3311, .F. ) ;
#3792 = VERTEX_POINT ( 'NONE', #1949 ) ;
#3793 = ORIENTED_EDGE ( 'NONE', *, *, #3426, .F. ) ;
#3794 = ORIENTED_EDGE ( 'NONE', *, *, #2686, .T. ) ;
#3795 = TOROIDAL_SURFACE ( 'NONE', #2060, 4.499999999999999112, 2.000000000000000000 ) ;
#3796 = CARTESIAN_POINT ( 'NONE',  ( 17.25658350974743271, 1.500000000000000000, -28.49999999999999645 ) ) ;
#3797 = DIRECTION ( 'NONE',  ( 0.000000000000000000, 0.000000000000000000, -1.000000000000000000 ) ) ;
#3798 = ADVANCED_FACE ( 'NONE', ( #138 ), #1326, .F. ) ;
#3799 = ORIENTED_EDGE ( 'NONE', *, *, #1047, .T. ) ;
#3800 = VECTOR ( 'NONE', #2449, 999.9999999999998863 ) ;
#3801 = CIRCLE ( 'NONE', #3990, 1.100000000000000311 ) ;
#3802 = ADVANCED_FACE ( 'NONE', ( #2938, #3816, #1971 ), #2917, .T. ) ;
#3803 = LINE ( 'NONE', #3839, #3621 ) ;
#3804 = EDGE_LOOP ( 'NONE', ( #2539, #790, #709, #905 ) ) ;
#3805 = CARTESIAN_POINT ( 'NONE',  ( -9.999999999999985789, 21.50000000000000000, 33.00000000000000000 ) ) ;
#3806 = CARTESIAN_POINT ( 'NONE',  ( -9.000000000000001776, 21.50000000000000000, -22.49999999999996447 ) ) ;
#3807 = VERTEX_POINT ( 'NONE', #115 ) ;
#3808 = DIRECTION ( 'NONE',  ( 0.000000000000000000, -0.000000000000000000, 1.000000000000000000 ) ) ;
#3809 = CARTESIAN_POINT ( 'NONE',  ( 31.00000000000000000, 25.00000000000000000, -23.91886116991582156 ) ) ;
#3810 = AXIS2_PLACEMENT_3D ( 'NONE', #2762, #1909, #956 ) ;
#3811 = CARTESIAN_POINT ( 'NONE',  ( -7.499999999999998224, -28.00000000000000355, -8.999999999999998224 ) ) ;
#3812 = EDGE_LOOP ( 'NONE', ( #1427, #859, #1443, #1767 ) ) ;
#3813 = EDGE_LOOP ( 'NONE', ( #2722, #3975, #1637, #3750 ) ) ;
#3814 = VECTOR ( 'NONE', #2865, 1000.000000000000000 ) ;
#3815 = PLANE ( 'NONE',  #1814 ) ;
#3816 = FACE_BOUND ( 'NONE', #712, .T. ) ;
#3817 = AXIS2_PLACEMENT_3D ( 'NONE', #3501, #1647, #1953 ) ;
#3818 = ORIENTED_EDGE ( 'NONE', *, *, #2122, .F. ) ;
#3819 = EDGE_CURVE ( 'NONE', #2138, #3612, #360, .T. ) ;
#3820 = CARTESIAN_POINT ( 'NONE',  ( 0.000000000000000000, 25.00000000000000000, -30.00000000000000000 ) ) ;
#3821 = ORIENTED_EDGE ( 'NONE', *, *, #319, .T. ) ;
#3822 = DIRECTION ( 'NONE',  ( 1.000000000000000000, 0.000000000000000000, 0.000000000000000000 ) ) ;
#3823 = SURFACE_SIDE_STYLE ('',( #1753 ) ) ;
#3824 = AXIS2_PLACEMENT_3D ( 'NONE', #1259, #3439, #3459 ) ;
#3825 = ADVANCED_FACE ( 'NONE', ( #3197 ), #1080, .F. ) ;
#3826 = LINE ( 'NONE', #1374, #2069 ) ;
#3827 = DIRECTION ( 'NONE',  ( -1.000000000000000000, 0.000000000000000000, 0.000000000000000000 ) ) ;
#3828 = CARTESIAN_POINT ( 'NONE',  ( 22.74999999999999289, 4.000000000000000000, 19.99999999999999289 ) ) ;
#3829 = CARTESIAN_POINT ( 'NONE',  ( -7.499999999999998224, 23.00000000000000000, 6.000000000000001776 ) ) ;
#3830 = ORIENTED_EDGE ( 'NONE', *, *, #40, .T. ) ;
#3831 = VERTEX_POINT ( 'NONE', #735 ) ;
#3832 = PLANE ( 'NONE',  #477 ) ;
#3833 = DIRECTION ( 'NONE',  ( 0.000000000000000000, 0.000000000000000000, 1.000000000000000000 ) ) ;
#3834 = CARTESIAN_POINT ( 'NONE',  ( 12.00000000000000000, 21.50000000000000000, -28.00000000000000000 ) ) ;
#3835 = SURFACE_SIDE_STYLE ('',( #1305 ) ) ;
#3836 = EDGE_CURVE ( 'NONE', #3736, #2433, #1623, .T. ) ;
#3837 =( BOUNDED_CURVE ( )  B_SPLINE_CURVE ( 3, ( #3580, #2746, #182, #1139 ),
 .UNSPECIFIED., .F., .F. ) 
 B_SPLINE_CURVE_WITH_KNOTS ( ( 4, 4 ),
 ( 4.712388980384689674, 7.853981633974482790 ),
 .UNSPECIFIED. ) 
 CURVE ( )  GEOMETRIC_REPRESENTATION_ITEM ( )  RATIONAL_B_SPLINE_CURVE ( ( 1.000000000000000000, 0.3333333333333333703, 0.3333333333333333703, 1.000000000000000000 ) ) 
 REPRESENTATION_ITEM ( '' )  );
#3838 = VERTEX_POINT ( 'NONE', #1383 ) ;
#3839 = CARTESIAN_POINT ( 'NONE',  ( -17.25658350974741140, 25.00000000000000000, 28.49999999999999645 ) ) ;
#3840 = EDGE_CURVE ( 'NONE', #2682, #2261, #2318, .T. ) ;
#3841 = ADVANCED_FACE ( 'NONE', ( #784 ), #1099, .T. ) ;
#3842 = ORIENTED_EDGE ( 'NONE', *, *, #1313, .T. ) ;
#3843 =( BOUNDED_CURVE ( )  B_SPLINE_CURVE ( 3, ( #1513, #2545, #3333, #1118 ),
 .UNSPECIFIED., .F., .F. ) 
 B_SPLINE_CURVE_WITH_KNOTS ( ( 4, 4 ),
 ( 4.712388980384689674, 7.853981633974482790 ),
 .UNSPECIFIED. ) 
 CURVE ( )  GEOMETRIC_REPRESENTATION_ITEM ( )  RATIONAL_B_SPLINE_CURVE ( ( 1.000000000000000000, 0.3333333333333333703, 0.3333333333333333703, 1.000000000000000000 ) ) 
 REPRESENTATION_ITEM ( '' )  );
#3844 = CARTESIAN_POINT ( 'NONE',  ( -22.75000000000000711, 1.500000000000000000, -19.99999999999999645 ) ) ;
#3845 = EDGE_CURVE ( 'NONE', #1279, #3409, #827, .T. ) ;
#3846 = PLANE ( 'NONE',  #540 ) ;
#3847 = DIRECTION ( 'NONE',  ( 1.000000000000000000, 0.000000000000000000, 0.000000000000000000 ) ) ;
#3848 = CARTESIAN_POINT ( 'NONE',  ( -12.00000000000000000, 21.50000000000000000, 25.00000000000000000 ) ) ;
#3849 = EDGE_CURVE ( 'NONE', #3993, #1547, #2933, .T. ) ;
#3850 = DIRECTION ( 'NONE',  ( -2.312964634635742957E-16, 0.000000000000000000, -1.000000000000000000 ) ) ;
#3851 = ORIENTED_EDGE ( 'NONE', *, *, #479, .F. ) ;
#3852 = ORIENTED_EDGE ( 'NONE', *, *, #2285, .T. ) ;
#3853 = DIRECTION ( 'NONE',  ( -1.734723475976807094E-16, 0.000000000000000000, -1.000000000000000000 ) ) ;
#3854 = DIRECTION ( 'NONE',  ( -0.000000000000000000, -1.000000000000000000, 0.000000000000000000 ) ) ;
#3855 = CARTESIAN_POINT ( 'NONE',  ( -10.27565835097471947, 25.00000000000000000, -30.82697505292422235 ) ) ;
#3856 = DIRECTION ( 'NONE',  ( -0.000000000000000000, -1.000000000000000000, -0.000000000000000000 ) ) ;
#3857 = AXIS2_PLACEMENT_3D ( 'NONE', #125, #1729, #2962 ) ;
#3858 = ORIENTED_EDGE ( 'NONE', *, *, #3938, .T. ) ;
#3859 = AXIS2_PLACEMENT_3D ( 'NONE', #570, #663, #287 ) ;
#3860 = CARTESIAN_POINT ( 'NONE',  ( -10.00000000000000000, 21.50000000000000000, 28.00000000000000000 ) ) ;
#3861 = VECTOR ( 'NONE', #2252, 999.9999999999998863 ) ;
#3862 = AXIS2_PLACEMENT_3D ( 'NONE', #2947, #1635, #1395 ) ;
#3863 = VECTOR ( 'NONE', #3870, 1000.000000000000000 ) ;
#3864 = VERTEX_POINT ( 'NONE', #3330 ) ;
#3865 = FACE_OUTER_BOUND ( 'NONE', #2862, .T. ) ;
#3866 = COLOUR_RGB ( '',0.7921568627450980005, 0.8196078431372548767, 0.9333333333333333481 ) ;
#3867 = VERTEX_POINT ( 'NONE', #1150 ) ;
#3868 = EDGE_CURVE ( 'NONE', #2005, #3838, #3313, .T. ) ;
#3869 = EDGE_LOOP ( 'NONE', ( #1182, #3089 ) ) ;
#3870 = DIRECTION ( 'NONE',  ( 0.000000000000000000, 0.000000000000000000, 1.000000000000000000 ) ) ;
#3871 = DIRECTION ( 'NONE',  ( -1.734723475976807094E-16, -0.000000000000000000, -1.000000000000000000 ) ) ;
#3872 = PRODUCT_DEFINITION_CONTEXT ( 'detailed design', #2096, 'design' ) ;
#3873 = AXIS2_PLACEMENT_3D ( 'NONE', #1760, #3894, #2910 ) ;
#3874 = DIRECTION ( 'NONE',  ( -1.734723475976807094E-16, -0.000000000000000000, -1.000000000000000000 ) ) ;
#3875 = ORIENTED_EDGE ( 'NONE', *, *, #1730, .F. ) ;
#3876 = VERTEX_POINT ( 'NONE', #3011 ) ;
#3877 = EDGE_CURVE ( 'NONE', #2965, #2520, #2090, .T. ) ;
#3878 = DIRECTION ( 'NONE',  ( 0.000000000000000000, 0.000000000000000000, 1.000000000000000000 ) ) ;
#3879 = AXIS2_PLACEMENT_3D ( 'NONE', #3828, #1888, #33 ) ;
#3880 = FACE_OUTER_BOUND ( 'NONE', #978, .T. ) ;
#3881 = DIRECTION ( 'NONE',  ( 1.000000000000000000, 0.000000000000000000, 0.000000000000000000 ) ) ;
#3882 = CIRCLE ( 'NONE', #299, 2.000000000000000000 ) ;
#3883 = EDGE_LOOP ( 'NONE', ( #3003, #2824, #2658, #3126 ) ) ;
#3884 = DIRECTION ( 'NONE',  ( 0.000000000000000000, -1.000000000000000000, 0.000000000000000000 ) ) ;
#3885 = AXIS2_PLACEMENT_3D ( 'NONE', #963, #1867, #298 ) ;
#3886 = CARTESIAN_POINT ( 'NONE',  ( 7.500000000000001776, -28.00000000000000355, 5.999999999999998224 ) ) ;
#3887 = ORIENTED_EDGE ( 'NONE', *, *, #3481, .T. ) ;
#3888 = CARTESIAN_POINT ( 'NONE',  ( 17.25658350974743271, 1.500000000000000000, 28.49999999999999645 ) ) ;
#3889 = EDGE_CURVE ( 'NONE', #2557, #2415, #3587, .T. ) ;
#3890 = VERTEX_POINT ( 'NONE', #2335 ) ;
#3891 = FACE_OUTER_BOUND ( 'NONE', #561, .T. ) ;
#3892 = DIRECTION ( 'NONE',  ( 0.000000000000000000, 0.000000000000000000, 1.000000000000000000 ) ) ;
#3893 = CIRCLE ( 'NONE', #3632, 1.374999999999999556 ) ;
#3894 = DIRECTION ( 'NONE',  ( -0.000000000000000000, -1.000000000000000000, -0.000000000000000000 ) ) ;
#3895 = EDGE_LOOP ( 'NONE', ( #3405, #1280 ) ) ;
#3896 = CARTESIAN_POINT ( 'NONE',  ( -22.75000000000000711, 4.000000000000000000, -19.99999999999999645 ) ) ;
#3897 = FACE_BOUND ( 'NONE', #85, .T. ) ;
#3898 = DIRECTION ( 'NONE',  ( -0.000000000000000000, -0.000000000000000000, -1.000000000000000000 ) ) ;
#3899 = AXIS2_PLACEMENT_3D ( 'NONE', #3403, #619, #2474 ) ;
#3900 = DIRECTION ( 'NONE',  ( 0.000000000000000000, 0.000000000000000000, 1.000000000000000000 ) ) ;
#3901 = ORIENTED_EDGE ( 'NONE', *, *, #2585, .F. ) ;
#3902 = DIRECTION ( 'NONE',  ( 0.000000000000000000, 1.000000000000000000, 0.000000000000000000 ) ) ;
#3903 = CARTESIAN_POINT ( 'NONE',  ( 0.000000000000000000, 0.000000000000000000, 30.00000000000000000 ) ) ;
#3904 = VERTEX_POINT ( 'NONE', #2394 ) ;
#3905 = CARTESIAN_POINT ( 'NONE',  ( 10.27565835097471592, 25.00000000000000000, 30.82697505292422946 ) ) ;
#3906 = CARTESIAN_POINT ( 'NONE',  ( 12.00000000000000000, 23.00000000000000355, 20.99999999999997513 ) ) ;
#3907 = VERTEX_POINT ( 'NONE', #471 ) ;
#3908 = LINE ( 'NONE', #2058, #1612 ) ;
#3909 = CARTESIAN_POINT ( 'NONE',  ( -7.499999999999996447, 25.00000000000000000, -13.50000000000000888 ) ) ;
#3910 = LINE ( 'NONE', #2693, #549 ) ;
#3911 = VERTEX_POINT ( 'NONE', #1116 ) ;
#3912 = CARTESIAN_POINT ( 'NONE',  ( 31.00000000000000000, 15.99999999999997335, 0.000000000000000000 ) ) ;
#3913 = EDGE_CURVE ( 'NONE', #2663, #3527, #193, .T. ) ;
#3914 = CARTESIAN_POINT ( 'NONE',  ( 30.79999999999999716, 16.13333333333330799, 28.00000000000000000 ) ) ;
#3915 = CARTESIAN_POINT ( 'NONE',  ( 0.000000000000000000, 25.00000000000000000, 0.000000000000000000 ) ) ;
#3916 = DIRECTION ( 'NONE',  ( 0.000000000000000000, 1.000000000000000000, -0.000000000000000000 ) ) ;
#3917 = CARTESIAN_POINT ( 'NONE',  ( -17.49999999999995381, 23.00000000000000355, 20.99999999999997513 ) ) ;
#3918 = EDGE_CURVE ( 'NONE', #131, #102, #210, .T. ) ;
#3919 = CARTESIAN_POINT ( 'NONE',  ( -17.49999999999995381, 25.00000000000000000, 28.00000000000000000 ) ) ;
#3920 = AXIS2_PLACEMENT_3D ( 'NONE', #1692, #2553, #2929 ) ;
#3921 = VECTOR ( 'NONE', #3633, 999.9999999999998863 ) ;
#3922 = ORIENTED_EDGE ( 'NONE', *, *, #1440, .T. ) ;
#3923 = CARTESIAN_POINT ( 'NONE',  ( -17.50000000000000000, 0.000000000000000000, -29.99999999999999289 ) ) ;
#3924 = DIRECTION ( 'NONE',  ( 0.000000000000000000, 0.000000000000000000, 1.000000000000000000 ) ) ;
#3925 = CARTESIAN_POINT ( 'NONE',  ( -22.75000000000000711, 4.000000000000000000, 20.00000000000000000 ) ) ;
#3926 = ORIENTED_EDGE ( 'NONE', *, *, #3250, .F. ) ;
#3927 = LINE ( 'NONE', #3329, #3025 ) ;
#3928 = PLANE ( 'NONE',  #2304 ) ;
#3929 = CARTESIAN_POINT ( 'NONE',  ( -7.499999999999998224, -28.00000000000000355, -13.50000000000000888 ) ) ;
#3930 = CIRCLE ( 'NONE', #955, 4.499999999999999112 ) ;
#3931 = CARTESIAN_POINT ( 'NONE',  ( -12.33975596498191329, 28.44016269001199859, 30.13894251492182619 ) ) ;
#3932 = EDGE_LOOP ( 'NONE', ( #1447, #643, #862, #1410 ) ) ;
#3933 = EDGE_CURVE ( 'NONE', #2538, #666, #514, .T. ) ;
#3934 = CIRCLE ( 'NONE', #3419, 1.374999999999999556 ) ;
#3935 = DIRECTION ( 'NONE',  ( 1.000000000000000000, 0.000000000000000000, 0.000000000000000000 ) ) ;
#3936 = CARTESIAN_POINT ( 'NONE',  ( 17.52199287226406099, 22.98533808515729149, -28.09530244647761421 ) ) ;
#3937 = AXIS2_PLACEMENT_3D ( 'NONE', #1650, #1390, #3482 ) ;
#3938 = EDGE_CURVE ( 'NONE', #3314, #190, #1369, .T. ) ;
#3939 =( BOUNDED_CURVE ( )  B_SPLINE_CURVE ( 3, ( #2660, #797, #493, #1719 ),
 .UNSPECIFIED., .F., .F. ) 
 B_SPLINE_CURVE_WITH_KNOTS ( ( 4, 4 ),
 ( 1.570796326794896558, 4.712388980384689674 ),
 .UNSPECIFIED. ) 
 CURVE ( )  GEOMETRIC_REPRESENTATION_ITEM ( )  RATIONAL_B_SPLINE_CURVE ( ( 1.000000000000000000, 0.3333333333333333703, 0.3333333333333333703, 1.000000000000000000 ) ) 
 REPRESENTATION_ITEM ( '' )  );
#3940 = AXIS2_PLACEMENT_3D ( 'NONE', #1689, #3260, #143 ) ;
#3941 = DIRECTION ( 'NONE',  ( -0.000000000000000000, -1.000000000000000000, -0.000000000000000000 ) ) ;
#3942 = AXIS2_PLACEMENT_3D ( 'NONE', #3139, #39, #2506 ) ;
#3943 = EDGE_LOOP ( 'NONE', ( #1727, #1167, #1334, #3384 ) ) ;
#3944 = CYLINDRICAL_SURFACE ( 'NONE', #1808, 2.499999999999998668 ) ;
#3945 = FACE_OUTER_BOUND ( 'NONE', #777, .T. ) ;
#3946 = LINE ( 'NONE', #3006, #702 ) ;
#3947 = DIRECTION ( 'NONE',  ( 0.000000000000000000, 1.000000000000000000, -0.000000000000000000 ) ) ;
#3948 = ORIENTED_EDGE ( 'NONE', *, *, #1436, .T. ) ;
#3949 = DIRECTION ( 'NONE',  ( 0.000000000000000000, 0.000000000000000000, 1.000000000000000000 ) ) ;
#3950 = DIRECTION ( 'NONE',  ( 0.8320502943378431659, -0.5547001962252299245, 0.000000000000000000 ) ) ;
#3951 = CARTESIAN_POINT ( 'NONE',  ( -22.75000000000000711, 4.000000000000000000, 18.89999999999999858 ) ) ;
#3952 = ORIENTED_EDGE ( 'NONE', *, *, #1987, .T. ) ;
#3953 = ORIENTED_EDGE ( 'NONE', *, *, #1726, .F. ) ;
#3954 = FACE_OUTER_BOUND ( 'NONE', #2987, .T. ) ;
#3955 = CARTESIAN_POINT ( 'NONE',  ( 12.00000000000000000, 20.24999999999997868, 23.74999999999996803 ) ) ;
#3956 = DIRECTION ( 'NONE',  ( -0.000000000000000000, 1.000000000000000000, -0.000000000000000000 ) ) ;
#3957 = VECTOR ( 'NONE', #2121, 1000.000000000000000 ) ;
#3958 = LINE ( 'NONE', #3903, #1707 ) ;
#3959 = ORIENTED_EDGE ( 'NONE', *, *, #2161, .T. ) ;
#3960 = ADVANCED_FACE ( 'NONE', ( #3554 ), #771, .T. ) ;
#3961 = CARTESIAN_POINT ( 'NONE',  ( 8.625000000000003553, 21.50000000000000000, -28.49999999999999645 ) ) ;
#3962 = VERTEX_POINT ( 'NONE', #3031 ) ;
#3963 = CARTESIAN_POINT ( 'NONE',  ( 30.69999999999999929, 14.19999999999998153, -5.664100588675679226 ) ) ;
#3964 = DIRECTION ( 'NONE',  ( -1.000000000000000000, 0.000000000000000000, 0.000000000000000000 ) ) ;
#3965 = EDGE_CURVE ( 'NONE', #743, #1639, #2048, .T. ) ;
#3966 = FACE_OUTER_BOUND ( 'NONE', #3813, .T. ) ;
#3967 = ORIENTED_EDGE ( 'NONE', *, *, #1548, .T. ) ;
#3968 = LINE ( 'NONE', #858, #3674 ) ;
#3969 = EDGE_LOOP ( 'NONE', ( #3528, #2075, #736, #31 ) ) ;
#3970 = CARTESIAN_POINT ( 'NONE',  ( -10.27565835097471947, 25.00000000000000000, 30.82697505292422235 ) ) ;
#3971 = CARTESIAN_POINT ( 'NONE',  ( -12.00000000000000000, 23.00000000000000355, -20.99999999999997513 ) ) ;
#3972 = CARTESIAN_POINT ( 'NONE',  ( 8.625000000000014211, 21.50000000000000000, 28.49999999999999645 ) ) ;
#3973 = EDGE_CURVE ( 'NONE', #2783, #2024, #1402, .T. ) ;
#3974 = DIRECTION ( 'NONE',  ( 1.000000000000000000, 0.000000000000000000, 0.000000000000000000 ) ) ;
#3975 = ORIENTED_EDGE ( 'NONE', *, *, #141, .T. ) ;
#3976 = CARTESIAN_POINT ( 'NONE',  ( 10.00000000000000000, 21.50000000000000000, -28.00000000000000000 ) ) ;
#3977 = FACE_OUTER_BOUND ( 'NONE', #3248, .T. ) ;
#3978 = FACE_BOUND ( 'NONE', #3790, .T. ) ;
#3979 = ORIENTED_EDGE ( 'NONE', *, *, #1253, .F. ) ;
#3980 = CARTESIAN_POINT ( 'NONE',  ( 10.00000000000001421, 21.50000000000000000, 33.00000000000000000 ) ) ;
#3981 = EDGE_CURVE ( 'NONE', #2357, #2415, #2974, .T. ) ;
#3982 = ORIENTED_EDGE ( 'NONE', *, *, #3181, .T. ) ;
#3983 = DIRECTION ( 'NONE',  ( -1.000000000000000000, 0.000000000000000000, 2.312964634635742957E-16 ) ) ;
#3984 = VECTOR ( 'NONE', #436, 999.9999999999998863 ) ;
#3985 = AXIS2_PLACEMENT_3D ( 'NONE', #1941, #3808, #1005 ) ;
#3986 = CARTESIAN_POINT ( 'NONE',  ( 0.000000000000000000, 1.500000000000000000, 0.000000000000000000 ) ) ;
#3987 = EDGE_CURVE ( 'NONE', #1718, #370, #1786, .T. ) ;
#3988 = ORIENTED_EDGE ( 'NONE', *, *, #3572, .F. ) ;
#3989 = VECTOR ( 'NONE', #2907, 1000.000000000000000 ) ;
#3990 = AXIS2_PLACEMENT_3D ( 'NONE', #1691, #762, #105 ) ;
#3991 = CARTESIAN_POINT ( 'NONE',  ( -30.69999999999999929, 43.00000000000000000, 0.000000000000000000 ) ) ;
#3992 = CYLINDRICAL_SURFACE ( 'NONE', #872, 2.000000000000000000 ) ;
#3993 = VERTEX_POINT ( 'NONE', #3611 ) ;
#3994 = EDGE_CURVE ( 'NONE', #1718, #2783, #1465, .T. ) ;
#3995 = ORIENTED_EDGE ( 'NONE', *, *, #2074, .F. ) ;
#3996 = PLANE ( 'NONE',  #1535 ) ;
#3997 = FACE_BOUND ( 'NONE', #2476, .T. ) ;
#3998 = DIRECTION ( 'NONE',  ( 2.312964634635742957E-16, 0.000000000000000000, 1.000000000000000000 ) ) ;
#3999 = CIRCLE ( 'NONE', #1142, 2.000000000000000000 ) ;
#4000 = VECTOR ( 'NONE', #3230, 1000.000000000000000 ) ;
#4001 = CARTESIAN_POINT ( 'NONE',  ( 22.74999999999999289, 4.000000000000000000, 18.89999999999999147 ) ) ;
#4002 = CIRCLE ( 'NONE', #1153, 1.499999999999995337 ) ;
#4003 = ORIENTED_EDGE ( 'NONE', *, *, #2988, .T. ) ;
#4004 = DIRECTION ( 'NONE',  ( 0.8320502943378420557, -0.5547001962252318119, 0.000000000000000000 ) ) ;
#4005 = ADVANCED_FACE ( 'NONE', ( #270 ), #1646, .F. ) ;
#4006 = CIRCLE ( 'NONE', #2925, 1.999999999999994671 ) ;
#4007 = VERTEX_POINT ( 'NONE', #590 ) ;
#4008 = CARTESIAN_POINT ( 'NONE',  ( 22.74999999999999289, 3.500000000000000000, -20.00000000000000711 ) ) ;
#4009 = DIRECTION ( 'NONE',  ( -0.000000000000000000, -1.000000000000000000, 0.000000000000000000 ) ) ;
#4010 = CARTESIAN_POINT ( 'NONE',  ( 12.33975596498191152, 28.44016269001199859, -30.13894251492183329 ) ) ;
#4011 = CARTESIAN_POINT ( 'NONE',  ( -8.624999999999996447, 21.50000000000000000, -28.49999999999999645 ) ) ;
#4012 = EDGE_CURVE ( 'NONE', #3527, #2800, #2779, .T. ) ;
#4013 = ORIENTED_EDGE ( 'NONE', *, *, #3965, .F. ) ;
#4014 = ORIENTED_EDGE ( 'NONE', *, *, #2814, .F. ) ;
#4015 = ORIENTED_EDGE ( 'NONE', *, *, #529, .F. ) ;
#4016 = ORIENTED_EDGE ( 'NONE', *, *, #184, .F. ) ;
#4017 = DIRECTION ( 'NONE',  ( 1.000000000000000000, 0.000000000000000000, 0.000000000000000000 ) ) ;
#4018 = ADVANCED_FACE ( 'NONE', ( #3646 ), #1569, .F. ) ;
#4019 = CYLINDRICAL_SURFACE ( 'NONE', #509, 1.499999999999994449 ) ;
#4020 = AXIS2_PLACEMENT_3D ( 'NONE', #1176, #2645, #533 ) ;
#4021 = ADVANCED_FACE ( 'NONE', ( #331 ), #642, .F. ) ;
#4022 = EDGE_CURVE ( 'NONE', #57, #942, #3635, .T. ) ;
#4023 = CARTESIAN_POINT ( 'NONE',  ( -22.75000000000000711, 4.000000000000000000, -21.09999999999999787 ) ) ;
#4024 = CARTESIAN_POINT ( 'NONE',  ( 30.69999999999999929, 14.19999999999998153, -28.00000000000000000 ) ) ;
#4025 = CARTESIAN_POINT ( 'NONE',  ( 9.000000000000001776, 21.50000000000000000, -25.00000000000000000 ) ) ;
ENDSEC;
END-ISO-10303-21;
