ISO-10303-21;
HEADER;
FILE_DESCRIPTION (( 'STEP AP214' ),
    '1' );
FILE_NAME ('SSD1306 OLED Display Case(2).STEP',
    '2026-03-18T20:55:41',
    ( '' ),
    ( '' ),
    'SwSTEP 2.0',
    'SolidWorks 2025',
    '' );
FILE_SCHEMA (( 'AUTOMOTIVE_DESIGN' ));
ENDSEC;

DATA;
#1 = FACE_OUTER_BOUND ( 'NONE', #868, .T. ) ;
#2 = EDGE_CURVE ( 'NONE', #2755, #834, #1474, .T. ) ;
#3 = EDGE_CURVE ( 'NONE', #1195, #771, #3521, .T. ) ;
#4 = ORIENTED_EDGE ( 'NONE', *, *, #921, .T. ) ;
#5 = CARTESIAN_POINT ( 'NONE',  ( 24.59999999999999076, 25.79999999999997584, 2.000000000000000000 ) ) ;
#6 = EDGE_CURVE ( 'NONE', #229, #1818, #354, .T. ) ;
#7 = VECTOR ( 'NONE', #2528, 1000.000000000000000 ) ;
#8 = FACE_OUTER_BOUND ( 'NONE', #3715, .T. ) ;
#9 = FACE_OUTER_BOUND ( 'NONE', #2803, .T. ) ;
#10 = LINE ( 'NONE', #295, #2565 ) ;
#11 = ORIENTED_EDGE ( 'NONE', *, *, #1340, .F. ) ;
#12 = CARTESIAN_POINT ( 'NONE',  ( 24.59999999999999076, 2.000000000000000000, 2.000000000000000000 ) ) ;
#13 = FACE_BOUND ( 'NONE', #3386, .T. ) ;
#14 = CARTESIAN_POINT ( 'NONE',  ( 0.2999999999999999889, 1.399999999999999911, 0.000000000000000000 ) ) ;
#15 = CYLINDRICAL_SURFACE ( 'NONE', #2372, 0.7999999999999986011 ) ;
#16 = ORIENTED_EDGE ( 'NONE', *, *, #2199, .F. ) ;
#17 = ORIENTED_EDGE ( 'NONE', *, *, #1112, .F. ) ;
#18 = CARTESIAN_POINT ( 'NONE',  ( 29.60000000000000142, 30.00000000000000000, 0.000000000000000000 ) ) ;
#19 = CARTESIAN_POINT ( 'NONE',  ( -1.100000000000000089, 24.80000000000000071, 0.9585786303516451445 ) ) ;
#20 = DIRECTION ( 'NONE',  ( 0.000000000000000000, 0.000000000000000000, -1.000000000000000000 ) ) ;
#21 = VERTEX_POINT ( 'NONE', #1811 ) ;
#22 = AXIS2_PLACEMENT_3D ( 'NONE', #1263, #1570, #2114 ) ;
#23 = EDGE_CURVE ( 'NONE', #2228, #2345, #2627, .T. ) ;
#24 = CARTESIAN_POINT ( 'NONE',  ( 25.70000000000002771, 26.09999999999999432, 2.000000000000000000 ) ) ;
#25 = EDGE_CURVE ( 'NONE', #2850, #2382, #894, .T. ) ;
#26 = EDGE_CURVE ( 'NONE', #819, #3749, #1815, .T. ) ;
#27 =( NAMED_UNIT ( * ) SI_UNIT ( $, .STERADIAN. ) SOLID_ANGLE_UNIT ( ) );
#28 = FACE_OUTER_BOUND ( 'NONE', #1838, .T. ) ;
#29 = FACE_OUTER_BOUND ( 'NONE', #1752, .T. ) ;
#30 = VERTEX_POINT ( 'NONE', #1242 ) ;
#31 = CARTESIAN_POINT ( 'NONE',  ( 1.200000000000000622, 1.200000000000000622, 1.499999999999999778 ) ) ;
#32 = VECTOR ( 'NONE', #2165, 1000.000000000000000 ) ;
#33 = CARTESIAN_POINT ( 'NONE',  ( 1.700000000000000178, 25.80000000000001137, 2.000000000000000000 ) ) ;
#34 = CARTESIAN_POINT ( 'NONE',  ( 28.80000000000000071, 27.50000000000000000, 4.799999999999999822 ) ) ;
#35 = CARTESIAN_POINT ( 'NONE',  ( -1.100000000000000089, 13.89999999999999858, 1.099999986588949819 ) ) ;
#36 = ORIENTED_EDGE ( 'NONE', *, *, #3544, .F. ) ;
#37 = VERTEX_POINT ( 'NONE', #2036 ) ;
#38 = CARTESIAN_POINT ( 'NONE',  ( 26.19999999999999929, 2.000000000000000000, 1.500000000000000000 ) ) ;
#39 = DIRECTION ( 'NONE',  ( 0.000000000000000000, 0.000000000000000000, -1.000000000000000000 ) ) ;
#40 = ORIENTED_EDGE ( 'NONE', *, *, #1618, .F. ) ;
#41 = FACE_OUTER_BOUND ( 'NONE', #714, .T. ) ;
#42 = AXIS2_PLACEMENT_3D ( 'NONE', #3200, #1492, #582 ) ;
#43 = CARTESIAN_POINT ( 'NONE',  ( 0.000000000000000000, 0.000000000000000000, 0.000000000000000000 ) ) ;
#44 = DIRECTION ( 'NONE',  ( 0.000000000000000000, 0.000000000000000000, -1.000000000000000000 ) ) ;
#45 = FACE_OUTER_BOUND ( 'NONE', #3253, .T. ) ;
#46 = ADVANCED_FACE ( 'NONE', ( #1167 ), #3205, .T. ) ;
#47 = EDGE_CURVE ( 'NONE', #638, #1451, #1990, .T. ) ;
#48 = ORIENTED_EDGE ( 'NONE', *, *, #846, .F. ) ;
#49 = DIRECTION ( 'NONE',  ( 0.000000000000000000, 1.000000000000000000, 0.000000000000000000 ) ) ;
#50 = CARTESIAN_POINT ( 'NONE',  ( -1.100000000000000089, 28.89999999999999858, 3.600000000000000089 ) ) ;
#51 = DIRECTION ( 'NONE',  ( 0.000000000000000000, 0.000000000000000000, 1.000000000000000000 ) ) ;
#52 = CARTESIAN_POINT ( 'NONE',  ( 0.2999999999999999889, -1.100000000000000089, -0.4000000000000000222 ) ) ;
#53 = EDGE_CURVE ( 'NONE', #562, #3313, #162, .T. ) ;
#54 = APPLICATION_CONTEXT ( 'automotive_design' ) ;
#55 = VECTOR ( 'NONE', #3350, 1000.000000000000000 ) ;
#56 = ORIENTED_EDGE ( 'NONE', *, *, #1600, .T. ) ;
#57 = EDGE_LOOP ( 'NONE', ( #456, #847, #1445, #3368 ) ) ;
#58 = CARTESIAN_POINT ( 'NONE',  ( 0.9000000000000000222, 23.90000000000000213, 4.799999999999999822 ) ) ;
#59 = CARTESIAN_POINT ( 'NONE',  ( -1.467766952966370164, 29.26776695296636888, 3.600000000000000089 ) ) ;
#60 = AXIS2_PLACEMENT_3D ( 'NONE', #2435, #2151, #2683 ) ;
#61 = AXIS2_PLACEMENT_3D ( 'NONE', #3523, #2862, #2325 ) ;
#62 = ORIENTED_EDGE ( 'NONE', *, *, #2335, .T. ) ;
#63 = AXIS2_PLACEMENT_3D ( 'NONE', #914, #1779, #555 ) ;
#64 = LINE ( 'NONE', #1822, #3576 ) ;
#65 = AXIS2_PLACEMENT_3D ( 'NONE', #3596, #133, #1849 ) ;
#66 =( GEOMETRIC_REPRESENTATION_CONTEXT ( 3 ) GLOBAL_UNCERTAINTY_ASSIGNED_CONTEXT ( ( #231 ) ) GLOBAL_UNIT_ASSIGNED_CONTEXT ( ( #1121, #581, #546 ) ) REPRESENTATION_CONTEXT ( 'NONE', 'WORKASPACE' ) );
#67 = ITEM_DEFINED_TRANSFORMATION ( 'NONE', 'NONE', #2442,  #131 ) ;
#68 = FACE_OUTER_BOUND ( 'NONE', #1934, .T. ) ;
#69 = CARTESIAN_POINT ( 'NONE',  ( 0.2999999999999999889, 27.50000000000000000, 0.000000000000000000 ) ) ;
#70 = AXIS2_PLACEMENT_3D ( 'NONE', #455, #1103, #3439 ) ;
#71 = ORIENTED_EDGE ( 'NONE', *, *, #3371, .F. ) ;
#72 = CARTESIAN_POINT ( 'NONE',  ( 24.60000000000000142, 2.000000000000000000, 1.500000000000000000 ) ) ;
#73 = CARTESIAN_POINT ( 'NONE',  ( 27.09999999999999787, 27.50000000000000000, 4.000000000000000000 ) ) ;
#74 = DIRECTION ( 'NONE',  ( 0.000000000000000000, 0.000000000000000000, 1.000000000000000000 ) ) ;
#75 = ADVANCED_FACE ( 'NONE', ( #2899 ), #1653, .F. ) ;
#76 = FACE_OUTER_BOUND ( 'NONE', #3506, .T. ) ;
#77 = AXIS2_PLACEMENT_3D ( 'NONE', #261, #1431, #2299 ) ;
#78 = EDGE_LOOP ( 'NONE', ( #1974, #2476, #3403, #2769, #1202, #401, #2268, #1185 ) ) ;
#79 = CIRCLE ( 'NONE', #1545, 2.500000000000000888 ) ;
#80 = ORIENTED_EDGE ( 'NONE', *, *, #3282, .T. ) ;
#81 = DIRECTION ( 'NONE',  ( 0.7071067811865472397, -0.7071067811865477948, 0.000000000000000000 ) ) ;
#82 = EDGE_CURVE ( 'NONE', #1985, #2328, #3668, .T. ) ;
#83 = DIRECTION ( 'NONE',  ( 0.7071067811865466846, -0.7071067811865483499, 0.000000000000000000 ) ) ;
#84 = VERTEX_POINT ( 'NONE', #375 ) ;
#85 = DIRECTION ( 'NONE',  ( 0.000000000000000000, -0.7071067811865470176, -0.7071067811865480168 ) ) ;
#86 = CARTESIAN_POINT ( 'NONE',  ( 0.000000000000000000, 0.000000000000000000, 0.000000000000000000 ) ) ;
#87 = FACE_OUTER_BOUND ( 'NONE', #3292, .T. ) ;
#88 = PLANE ( 'NONE',  #623 ) ;
#89 = ORIENTED_EDGE ( 'NONE', *, *, #1407, .F. ) ;
#90 = MECHANICAL_DESIGN_GEOMETRIC_PRESENTATION_REPRESENTATION (  '', ( #1018 ), #700 ) ;
#91 = LINE ( 'NONE', #452, #832 ) ;
#92 = CARTESIAN_POINT ( 'NONE',  ( 27.09999999999999787, 27.50000000000000000, 4.000000000000000000 ) ) ;
#93 = LINE ( 'NONE', #2168, #125 ) ;
#94 = CARTESIAN_POINT ( 'NONE',  ( 0.2999999999999999889, -0.2999999999999999889, -1.199999999999999956 ) ) ;
#95 = DIRECTION ( 'NONE',  ( 0.000000000000000000, 0.000000000000000000, -1.000000000000000000 ) ) ;
#96 = ORIENTED_EDGE ( 'NONE', *, *, #2174, .F. ) ;
#97 = EDGE_LOOP ( 'NONE', ( #1439, #2019, #2088, #48 ) ) ;
#98 = PLANE ( 'NONE',  #3296 ) ;
#99 = CARTESIAN_POINT ( 'NONE',  ( 1.199999999999999956, 2.000000000000000000, 1.500000000000000000 ) ) ;
#100 = EDGE_CURVE ( 'NONE', #819, #2710, #2724, .T. ) ;
#101 = EDGE_CURVE ( 'NONE', #2593, #1979, #91, .T. ) ;
#102 = ORIENTED_EDGE ( 'NONE', *, *, #3136, .F. ) ;
#103 = ORIENTED_EDGE ( 'NONE', *, *, #2452, .T. ) ;
#104 = DIRECTION ( 'NONE',  ( 0.000000000000000000, 0.000000000000000000, 1.000000000000000000 ) ) ;
#105 = VECTOR ( 'NONE', #2994, 1000.000000000000000 ) ;
#106 = DIRECTION ( 'NONE',  ( 0.7071067811865475727, 0.7071067811865475727, 0.000000000000000000 ) ) ;
#107 = DIRECTION ( 'NONE',  ( 0.000000000000000000, 0.000000000000000000, 1.000000000000000000 ) ) ;
#108 = VECTOR ( 'NONE', #944, 1000.000000000000000 ) ;
#109 = ORIENTED_EDGE ( 'NONE', *, *, #1507, .T. ) ;
#110 = CARTESIAN_POINT ( 'NONE',  ( 29.60000000000000142, 27.50000000000000000, 0.000000000000000000 ) ) ;
#111 = DIRECTION ( 'NONE',  ( 0.000000000000000000, 0.000000000000000000, 1.000000000000000000 ) ) ;
#112 = CARTESIAN_POINT ( 'NONE',  ( 2.799999999999999822, 25.80000000000000071, 1.500000000000000000 ) ) ;
#113 = DIRECTION ( 'NONE',  ( 0.000000000000000000, -1.000000000000000000, 0.000000000000000000 ) ) ;
#114 = FACE_OUTER_BOUND ( 'NONE', #3623, .T. ) ;
#115 = EDGE_LOOP ( 'NONE', ( #1113, #726, #1888, #274 ) ) ;
#116 = ORIENTED_EDGE ( 'NONE', *, *, #992, .F. ) ;
#117 = CARTESIAN_POINT ( 'NONE',  ( 0.2999999999999999889, 27.50000000000000000, 0.000000000000000000 ) ) ;
#118 = CARTESIAN_POINT ( 'NONE',  ( 2.000000000000000444, 2.799999999999997158, 2.000000000000000444 ) ) ;
#119 = ORIENTED_EDGE ( 'NONE', *, *, #1127, .T. ) ;
#120 = AXIS2_PLACEMENT_3D ( 'NONE', #2458, #2746, #1303 ) ;
#121 = CARTESIAN_POINT ( 'NONE',  ( 26.19999999999998863, 2.800000000000000711, 1.499999999999999778 ) ) ;
#122 = VECTOR ( 'NONE', #3411, 1000.000000000000000 ) ;
#123 = EDGE_CURVE ( 'NONE', #692, #3072, #392, .T. ) ;
#124 = DIRECTION ( 'NONE',  ( 0.000000000000000000, 1.000000000000000000, 5.916886274649559212E-17 ) ) ;
#125 = VECTOR ( 'NONE', #1796, 1000.000000000000000 ) ;
#126 = VECTOR ( 'NONE', #2020, 1000.000000000000000 ) ;
#127 = CARTESIAN_POINT ( 'NONE',  ( 8.499999999999998224, 13.19999999999999929, 8.800000000000000711 ) ) ;
#128 = EDGE_CURVE ( 'NONE', #404, #2181, #2185, .T. ) ;
#129 = CARTESIAN_POINT ( 'NONE',  ( 0.2999999999999999889, 27.50000000000000000, -0.8000000000000000444 ) ) ;
#130 = CONICAL_SURFACE ( 'NONE', #2136, 2.100000000000000533, 0.7853981633974469467 ) ;
#131 = AXIS2_PLACEMENT_3D ( 'NONE', #3555, #409, #1561 ) ;
#132 = CARTESIAN_POINT ( 'NONE',  ( 29.09571065353170027, 24.80000000000000071, 1.554289283883370176 ) ) ;
#133 = DIRECTION ( 'NONE',  ( -0.7071067811865470176, -4.183870408314320019E-17, -0.7071067811865480168 ) ) ;
#134 = FACE_OUTER_BOUND ( 'NONE', #1417, .T. ) ;
#135 = CARTESIAN_POINT ( 'NONE',  ( 2.000000000000000000, 2.000000000000000000, 1.500000000000000000 ) ) ;
#136 = ORIENTED_EDGE ( 'NONE', *, *, #2495, .T. ) ;
#137 = ORIENTED_EDGE ( 'NONE', *, *, #329, .T. ) ;
#138 = DIRECTION ( 'NONE',  ( 0.000000000000000000, 0.000000000000000000, -1.000000000000000000 ) ) ;
#139 = CARTESIAN_POINT ( 'NONE',  ( 2.299999999999999378, 2.299999999999999378, 2.000000000000000000 ) ) ;
#140 = ORIENTED_EDGE ( 'NONE', *, *, #3700, .T. ) ;
#141 = VERTEX_POINT ( 'NONE', #1623 ) ;
#142 = CARTESIAN_POINT ( 'NONE',  ( 24.59999999999999076, 2.000000000000000000, 2.000000000000000000 ) ) ;
#143 = ADVANCED_FACE ( 'NONE', ( #3050 ), #2149, .T. ) ;
#144 = DIRECTION ( 'NONE',  ( 0.7071067811865475727, 0.7071067811865475727, 0.000000000000000000 ) ) ;
#145 = CARTESIAN_POINT ( 'NONE',  ( 3.400000000000000355, 2.000000000000000000, 0.000000000000000000 ) ) ;
#146 = EDGE_CURVE ( 'NONE', #1637, #2063, #1566, .T. ) ;
#147 = ADVANCED_FACE ( 'NONE', ( #2699, #148 ), #3031, .T. ) ;
#148 = FACE_OUTER_BOUND ( 'NONE', #2366, .T. ) ;
#149 = CARTESIAN_POINT ( 'NONE',  ( -2.200000000000000178, -1.100000000000000089, 0.000000000000000000 ) ) ;
#150 = CARTESIAN_POINT ( 'NONE',  ( 25.40000000000000568, 2.800000000000002931, 2.000000000000000000 ) ) ;
#151 = CARTESIAN_POINT ( 'NONE',  ( 1.199999999999999956, 2.000000000000000000, 1.500000000000000000 ) ) ;
#152 = VECTOR ( 'NONE', #1119, 1000.000000000000000 ) ;
#153 = ORIENTED_EDGE ( 'NONE', *, *, #3331, .F. ) ;
#154 = ORIENTED_EDGE ( 'NONE', *, *, #1506, .F. ) ;
#155 = PLANE ( 'NONE',  #2126 ) ;
#156 = CARTESIAN_POINT ( 'NONE',  ( 2.000000000000000000, 2.799999999999999822, 1.500000000000000000 ) ) ;
#157 = ORIENTED_EDGE ( 'NONE', *, *, #475, .T. ) ;
#158 = ORIENTED_EDGE ( 'NONE', *, *, #1077, .F. ) ;
#159 = CARTESIAN_POINT ( 'NONE',  ( 26.20000000000000284, 2.000000000000000000, 1.500000000000000000 ) ) ;
#160 = DIRECTION ( 'NONE',  ( 1.000000000000000000, 0.000000000000000000, 0.000000000000000000 ) ) ;
#161 = CARTESIAN_POINT ( 'NONE',  ( -1.699999975413079900, 2.899999999999999911, 1.699999962002040066 ) ) ;
#162 = CIRCLE ( 'NONE', #3405, 0.7999999999999999334 ) ;
#163 = CARTESIAN_POINT ( 'NONE',  ( 2.299999999999999378, 2.299999999999999378, 2.000000000000000000 ) ) ;
#164 = CARTESIAN_POINT ( 'NONE',  ( 1.199999999999999512, 25.80000000000001492, 2.000000000000000000 ) ) ;
#165 = DIRECTION ( 'NONE',  ( 0.000000000000000000, -1.000000000000000000, 0.000000000000000000 ) ) ;
#166 = CARTESIAN_POINT ( 'NONE',  ( 21.64999999999999858, -0.6999999999999999556, -0.8000000000000000444 ) ) ;
#167 = ADVANCED_FACE ( 'NONE', ( #2742 ), #740, .T. ) ;
#168 = EDGE_CURVE ( 'NONE', #1971, #2003, #2208, .T. ) ;
#169 = VECTOR ( 'NONE', #2450, 1000.000000000000000 ) ;
#170 = VERTEX_POINT ( 'NONE', #2720 ) ;
#171 = CARTESIAN_POINT ( 'NONE',  ( -1.100000000000000089, -0.6712315177207970329, 3.600000000000000089 ) ) ;
#172 = DIRECTION ( 'NONE',  ( -0.7071067811865476838, 0.7071067811865474617, 0.000000000000000000 ) ) ;
#173 = EDGE_CURVE ( 'NONE', #3374, #3771, #2781, .T. ) ;
#174 = PRODUCT_DEFINITION ( 'UNKNOWN', '', #2139, #769 ) ;
#175 = VECTOR ( 'NONE', #1380, 1000.000000000000000 ) ;
#176 = VERTEX_POINT ( 'NONE', #110 ) ;
#177 = ORIENTED_EDGE ( 'NONE', *, *, #3305, .F. ) ;
#178 = DIRECTION ( 'NONE',  ( -0.7071067811865475727, -0.7071067811865475727, 0.000000000000000000 ) ) ;
#179 = CARTESIAN_POINT ( 'NONE',  ( 26.50000000000000000, 23.90000000000000213, 4.799999999999999822 ) ) ;
#180 = ORIENTED_EDGE ( 'NONE', *, *, #3064, .F. ) ;
#181 = VECTOR ( 'NONE', #3033, 1000.000000000000000 ) ;
#182 = CONICAL_SURFACE ( 'NONE', #2678, 2.100000000000000533, 0.7853981633974469467 ) ;
#183 = CARTESIAN_POINT ( 'NONE',  ( 28.50000000000000000, -1.100000000000000089, 3.600000000000000089 ) ) ;
#184 = CARTESIAN_POINT ( 'NONE',  ( 1.199999999999999512, 25.80000000000001492, 2.000000000000000000 ) ) ;
#185 = CARTESIAN_POINT ( 'NONE',  ( 28.50000000000000000, -0.6712315177207960337, 0.000000000000000000 ) ) ;
#186 = AXIS2_PLACEMENT_3D ( 'NONE', #1982, #2247, #749 ) ;
#187 = CARTESIAN_POINT ( 'NONE',  ( 2.000000000000000000, 25.80000000000000071, 0.8000000000000000444 ) ) ;
#188 = ORIENTED_EDGE ( 'NONE', *, *, #3259, .F. ) ;
#189 = EDGE_CURVE ( 'NONE', #2791, #1423, #654, .T. ) ;
#190 = EDGE_LOOP ( 'NONE', ( #2940, #3231, #3291, #881 ) ) ;
#191 = PLANE ( 'NONE',  #2798 ) ;
#192 = PLANE ( 'NONE',  #1776 ) ;
#193 = VERTEX_POINT ( 'NONE', #686 ) ;
#194 = AXIS2_PLACEMENT_3D ( 'NONE', #2133, #3270, #2684 ) ;
#195 = ADVANCED_FACE ( 'NONE', ( #1848 ), #525, .T. ) ;
#196 = ORIENTED_EDGE ( 'NONE', *, *, #1983, .F. ) ;
#197 = CARTESIAN_POINT ( 'NONE',  ( 28.86776695296637030, 29.26776695296636888, 0.000000000000000000 ) ) ;
#198 = EDGE_LOOP ( 'NONE', ( #1269, #319, #3441, #579 ) ) ;
#199 = DIRECTION ( 'NONE',  ( 0.000000000000000000, 1.000000000000000000, 0.000000000000000000 ) ) ;
#200 = PRODUCT_DEFINITION_SHAPE ( 'NONE', 'NONE',  #3519 ) ;
#201 = DIRECTION ( 'NONE',  ( 0.000000000000000000, 1.000000000000000000, 0.000000000000000000 ) ) ;
#202 = CARTESIAN_POINT ( 'NONE',  ( 3.400000000000000355, 2.000000000000000000, 0.8000000000000000444 ) ) ;
#203 = DIRECTION ( 'NONE',  ( 0.7071067811865475727, 0.7071067811865475727, 0.000000000000000000 ) ) ;
#204 = DIRECTION ( 'NONE',  ( 4.320222960214789129E-17, -0.7071067811865470176, -0.7071067811865480168 ) ) ;
#205 =( BOUNDED_SURFACE ( )  B_SPLINE_SURFACE ( 2, 2, ( 
 ( #2488, #741, #470, #3101, #3669, #489, #1064, #3650, #1048 ),
 ( #164, #2525, #3415, #3690, #2167, #2797, #1960, #2209, #184 ),
 ( #759, #1606, #1923, #2545, #2224, #3069, #3127, #453, #3707 ) ),
 .UNSPECIFIED., .F., .T., .T. ) 
 B_SPLINE_SURFACE_WITH_KNOTS ( ( 3, 3 ),
 ( 3, 2, 2, 2, 3 ),
 ( 0.000000000000000000, 1.570796326794899889 ),
 ( -3.141592653589790007, -1.570796326794899889, 0.000000000000000000, 1.570796326794899889, 3.141592653589790007 ),
 .UNSPECIFIED. ) 
 GEOMETRIC_REPRESENTATION_ITEM ( )  RATIONAL_B_SPLINE_SURFACE ( (
 ( 1.000000000000000000, 0.7071067811865480168, 1.000000000000000000, 0.7071067811865480168, 1.000000000000000000, 0.7071067811865480168, 1.000000000000000000, 0.7071067811865480168, 1.000000000000000000),
 ( 0.7071067811865460184, 0.5000000000000000000, 0.7071067811865460184, 0.5000000000000000000, 0.7071067811865460184, 0.5000000000000000000, 0.7071067811865460184, 0.5000000000000000000, 0.7071067811865460184),
 ( 1.000000000000000000, 0.7071067811865480168, 1.000000000000000000, 0.7071067811865480168, 1.000000000000000000, 0.7071067811865480168, 1.000000000000000000, 0.7071067811865480168, 1.000000000000000000) ) ) 
 REPRESENTATION_ITEM ( '' )  SURFACE ( )  );
#206 = EDGE_LOOP ( 'NONE', ( #158, #1001, #353, #2214, #2097, #967 ) ) ;
#207 = ORIENTED_EDGE ( 'NONE', *, *, #3083, .F. ) ;
#208 = PLANE ( 'NONE',  #1162 ) ;
#209 = CARTESIAN_POINT ( 'NONE',  ( 28.30208152801713339, 28.70208152801713553, 4.799999999999999822 ) ) ;
#210 = EDGE_LOOP ( 'NONE', ( #671, #3213, #628, #1075 ) ) ;
#211 = ORIENTED_EDGE ( 'NONE', *, *, #26, .T. ) ;
#212 = CARTESIAN_POINT ( 'NONE',  ( 28.50000000000000000, -1.100000000000000089, 2.299999937415110107 ) ) ;
#213 = DIRECTION ( 'NONE',  ( -0.7071067811865475727, -0.7071067811865475727, 0.000000000000000000 ) ) ;
#214 = EDGE_CURVE ( 'NONE', #2080, #1854, #2566, .T. ) ;
#215 = ADVANCED_FACE ( 'NONE', ( #2240 ), #2837, .F. ) ;
#216 = ORIENTED_EDGE ( 'NONE', *, *, #2540, .T. ) ;
#217 = COLOUR_RGB ( '',0.7921568627450980005, 0.8196078431372548767, 0.9333333333333333481 ) ;
#218 = CARTESIAN_POINT ( 'NONE',  ( 28.86776695296636674, -0.3677669529663710191, 0.000000000000000000 ) ) ;
#219 = EDGE_CURVE ( 'NONE', #30, #562, #1716, .T. ) ;
#220 = CARTESIAN_POINT ( 'NONE',  ( 2.799999999999999822, 25.00000000000000000, 2.000000000000000000 ) ) ;
#221 = CARTESIAN_POINT ( 'NONE',  ( -1.841421331650400006, 24.80000000000000071, 1.699999962002040066 ) ) ;
#222 = CARTESIAN_POINT ( 'NONE',  ( 28.86776695296637030, 29.26776695296636888, 0.000000000000000000 ) ) ;
#223 = ORIENTED_EDGE ( 'NONE', *, *, #2427, .T. ) ;
#224 = ORIENTED_EDGE ( 'NONE', *, *, #2502, .F. ) ;
#225 = DIRECTION ( 'NONE',  ( 0.000000000000000000, 0.000000000000000000, -1.000000000000000000 ) ) ;
#226 = VECTOR ( 'NONE', #3087, 1000.000000000000000 ) ;
#227 = CARTESIAN_POINT ( 'NONE',  ( -1.100000000000000089, 28.89999999999999858, 0.000000000000000000 ) ) ;
#228 = VECTOR ( 'NONE', #1199, 1000.000000000000114 ) ;
#229 = VERTEX_POINT ( 'NONE', #3436 ) ;
#230 = ORIENTED_EDGE ( 'NONE', *, *, #1755, .F. ) ;
#231 = UNCERTAINTY_MEASURE_WITH_UNIT (LENGTH_MEASURE( 1.000000000000000082E-05 ), #1121, 'distance_accuracy_value', 'NONE');
#232 = FACE_BOUND ( 'NONE', #1125, .T. ) ;
#233 = CARTESIAN_POINT ( 'NONE',  ( 2.000000000000000000, 2.000000000000000000, 0.8000000000000000444 ) ) ;
#234 = VERTEX_POINT ( 'NONE', #1640 ) ;
#235 = EDGE_CURVE ( 'NONE', #1258, #3409, #2958, .T. ) ;
#236 = CARTESIAN_POINT ( 'NONE',  ( 24.60000000000000142, 25.00000000000000000, 2.000000000000000000 ) ) ;
#237 = EDGE_CURVE ( 'NONE', #1000, #1689, #716, .T. ) ;
#238 = CARTESIAN_POINT ( 'NONE',  ( 1.199999999999999956, 25.00000000000000000, 2.000000000000000000 ) ) ;
#239 = CONICAL_SURFACE ( 'NONE', #1590, 2.099999999999999645, 0.7853981633974490562 ) ;
#240 = PLANE ( 'NONE',  #2116 ) ;
#241 = DIRECTION ( 'NONE',  ( 1.000000000000000000, 0.000000000000000000, 0.000000000000000000 ) ) ;
#242 = AXIS2_PLACEMENT_3D ( 'NONE', #3659, #1681, #2843 ) ;
#243 = VERTEX_POINT ( 'NONE', #258 ) ;
#244 = VERTEX_POINT ( 'NONE', #3160 ) ;
#245 = AXIS2_PLACEMENT_3D ( 'NONE', #1149, #861, #3191 ) ;
#246 = CARTESIAN_POINT ( 'NONE',  ( 2.000000000000000000, 25.80000000000000071, 2.000000000000000000 ) ) ;
#247 = LINE ( 'NONE', #3503, #2619 ) ;
#248 = DIRECTION ( 'NONE',  ( -1.000000000000000000, 1.309225264888160013E-17, 0.000000000000000000 ) ) ;
#249 = AXIS2_PLACEMENT_3D ( 'NONE', #3398, #1369, #3725 ) ;
#250 = AXIS2_PLACEMENT_3D ( 'NONE', #363, #2141, #1307 ) ;
#251 = ORIENTED_EDGE ( 'NONE', *, *, #1828, .T. ) ;
#252 = ORIENTED_EDGE ( 'NONE', *, *, #168, .F. ) ;
#253 = CARTESIAN_POINT ( 'NONE',  ( 0.2999999999999999889, -1.100000000000000089, 4.000000000000000000 ) ) ;
#254 = LINE ( 'NONE', #290, #2584 ) ;
#255 = EDGE_LOOP ( 'NONE', ( #1270, #3164, #2586, #805 ) ) ;
#256 = CARTESIAN_POINT ( 'NONE',  ( 13.70000000000000107, 14.44999999999999929, 0.000000000000000000 ) ) ;
#257 = EDGE_CURVE ( 'NONE', #725, #3002, #2524, .T. ) ;
#258 = CARTESIAN_POINT ( 'NONE',  ( 3.400000000000000355, 25.80000000000000071, 0.8000000000000000444 ) ) ;
#259 = CARTESIAN_POINT ( 'NONE',  ( 24.60000000000000142, 25.80000000000000071, 1.500000000000000000 ) ) ;
#260 = PLANE ( 'NONE',  #42 ) ;
#261 = CARTESIAN_POINT ( 'NONE',  ( 25.39999999999999858, 25.80000000000000071, 1.500000000000000000 ) ) ;
#262 = ADVANCED_FACE ( 'NONE', ( #469 ), #2030, .F. ) ;
#263 = ADVANCED_FACE ( 'NONE', ( #2257 ), #1975, .T. ) ;
#264 = ORIENTED_EDGE ( 'NONE', *, *, #3748, .T. ) ;
#265 = VERTEX_POINT ( 'NONE', #488 ) ;
#266 = CARTESIAN_POINT ( 'NONE',  ( 25.10000000000000142, 2.000000000000000000, 2.000000000000000000 ) ) ;
#267 = DIRECTION ( 'NONE',  ( 0.7071067811865466846, -0.7071067811865483499, 0.000000000000000000 ) ) ;
#268 = DIRECTION ( 'NONE',  ( 0.000000000000000000, 0.000000000000000000, 1.000000000000000000 ) ) ;
#269 = EDGE_LOOP ( 'NONE', ( #2381, #2882, #1816, #2993, #1356, #382, #2315, #1363, #312, #439, #2679, #585 ) ) ;
#270 = VERTEX_POINT ( 'NONE', #742 ) ;
#271 = DIRECTION ( 'NONE',  ( 0.000000000000000000, 1.000000000000000000, 0.000000000000000000 ) ) ;
#272 = LINE ( 'NONE', #1174, #2016 ) ;
#273 = CARTESIAN_POINT ( 'NONE',  ( 28.86776695296636674, -0.3677669529663701309, 3.600000000000000089 ) ) ;
#274 = ORIENTED_EDGE ( 'NONE', *, *, #2148, .F. ) ;
#275 = FACE_OUTER_BOUND ( 'NONE', #210, .T. ) ;
#276 = CARTESIAN_POINT ( 'NONE',  ( 26.19999999999998863, 25.00000000000000355, 1.499999999999999778 ) ) ;
#277 = LINE ( 'NONE', #908, #315 ) ;
#278 = ORIENTED_EDGE ( 'NONE', *, *, #2589, .T. ) ;
#279 = CARTESIAN_POINT ( 'NONE',  ( 2.799999999999999822, 2.000000000000000000, 1.500000000000000000 ) ) ;
#280 = CARTESIAN_POINT ( 'NONE',  ( 29.60000000000000142, -1.100000000000000089, 3.600000000000000089 ) ) ;
#281 = ADVANCED_FACE ( 'NONE', ( #3128 ), #2470, .T. ) ;
#282 = EDGE_CURVE ( 'NONE', #1480, #3374, #2820, .T. ) ;
#283 = CARTESIAN_POINT ( 'NONE',  ( 28.79999997541310108, 24.69999999999999929, 1.699999962002030074 ) ) ;
#284 = VERTEX_POINT ( 'NONE', #1370 ) ;
#285 = VECTOR ( 'NONE', #664, 999.9999999999998863 ) ;
#286 = EDGE_LOOP ( 'NONE', ( #1304, #2115, #444, #1094 ) ) ;
#287 = LINE ( 'NONE', #3174, #2429 ) ;
#288 = EDGE_CURVE ( 'NONE', #2755, #2137, #2537, .T. ) ;
#289 = DIRECTION ( 'NONE',  ( 0.7071067811865475727, 0.7071067811865475727, 0.000000000000000000 ) ) ;
#290 = CARTESIAN_POINT ( 'NONE',  ( -1.467766952966370164, -0.3677669529663675219, 3.600000000000000089 ) ) ;
#291 = VECTOR ( 'NONE', #2242, 1000.000000000000000 ) ;
#292 = EDGE_LOOP ( 'NONE', ( #523, #2579, #3120, #2160 ) ) ;
#293 = CARTESIAN_POINT ( 'NONE',  ( 26.20000000000002061, 25.79999999999997584, 2.000000000000000000 ) ) ;
#294 = CARTESIAN_POINT ( 'NONE',  ( 2.000000000000000000, 2.000000000000000000, 0.000000000000000000 ) ) ;
#295 = CARTESIAN_POINT ( 'NONE',  ( 8.500000000000000000, 25.19999999999999929, -1.199999999999999956 ) ) ;
#296 = EDGE_LOOP ( 'NONE', ( #418, #3116, #2772, #2643 ) ) ;
#297 = AXIS2_PLACEMENT_3D ( 'NONE', #1517, #618, #2633 ) ;
#298 = VECTOR ( 'NONE', #2331, 1000.000000000000000 ) ;
#299 = DIRECTION ( 'NONE',  ( 0.000000000000000000, 0.000000000000000000, 1.000000000000000000 ) ) ;
#300 = LINE ( 'NONE', #2606, #556 ) ;
#301 = DIRECTION ( 'NONE',  ( 1.000000000000000000, 0.000000000000000000, 0.000000000000000000 ) ) ;
#302 = CIRCLE ( 'NONE', #915, 2.500000000000001332 ) ;
#303 = EDGE_CURVE ( 'NONE', #1985, #3285, #1049, .T. ) ;
#304 = ORIENTED_EDGE ( 'NONE', *, *, #3156, .F. ) ;
#305 = EDGE_LOOP ( 'NONE', ( #2217, #1207, #494, #2726 ) ) ;
#306 = VECTOR ( 'NONE', #2508, 999.9999999999998863 ) ;
#307 = CARTESIAN_POINT ( 'NONE',  ( 24.60000000000000142, 2.000000000000000000, 0.8000000000000000444 ) ) ;
#308 = CARTESIAN_POINT ( 'NONE',  ( 0.2999999999999999889, 29.19999999999999929, 4.799999999999999822 ) ) ;
#309 = CIRCLE ( 'NONE', #186, 2.500000000000001332 ) ;
#310 = CARTESIAN_POINT ( 'NONE',  ( 1.699999999999999956, 23.09999999999999787, 4.000000000000000000 ) ) ;
#311 = EDGE_CURVE ( 'NONE', #676, #2693, #2355, .T. ) ;
#312 = ORIENTED_EDGE ( 'NONE', *, *, #1432, .F. ) ;
#313 = CARTESIAN_POINT ( 'NONE',  ( 25.70000000000002771, 25.50000000000003197, 2.000000000000000000 ) ) ;
#314 = VECTOR ( 'NONE', #1792, 1000.000000000000000 ) ;
#315 = VECTOR ( 'NONE', #1449, 1000.000000000000000 ) ;
#316 = CARTESIAN_POINT ( 'NONE',  ( 24.59999999999999076, 25.79999999999997584, 2.000000000000000000 ) ) ;
#317 = DIRECTION ( 'NONE',  ( 0.000000000000000000, 0.000000000000000000, 1.000000000000000000 ) ) ;
#318 = DIRECTION ( 'NONE',  ( 0.000000000000000000, 0.000000000000000000, 1.000000000000000000 ) ) ;
#319 = ORIENTED_EDGE ( 'NONE', *, *, #1484, .T. ) ;
#320 = CARTESIAN_POINT ( 'NONE',  ( 2.800000000000000711, 1.200000000000000622, 1.499999999999999778 ) ) ;
#321 = CARTESIAN_POINT ( 'NONE',  ( 28.49999997541310037, 2.899999999999999911, 2.299999962002020393 ) ) ;
#322 = CARTESIAN_POINT ( 'NONE',  ( 29.19999999999999929, 22.22500000000000142, 4.400000000000000355 ) ) ;
#323 = DIRECTION ( 'NONE',  ( -1.000000000000000000, 0.000000000000000000, 0.000000000000000000 ) ) ;
#324 = ORIENTED_EDGE ( 'NONE', *, *, #965, .T. ) ;
#325 = ORIENTED_EDGE ( 'NONE', *, *, #1104, .F. ) ;
#326 = CARTESIAN_POINT ( 'NONE',  ( 25.69999999999999929, 10.09999999999999964, 3.600000000000000089 ) ) ;
#327 = DIRECTION ( 'NONE',  ( 0.000000000000000000, 0.000000000000000000, 1.000000000000000000 ) ) ;
#328 = ORIENTED_EDGE ( 'NONE', *, *, #640, .F. ) ;
#329 = EDGE_CURVE ( 'NONE', #2707, #345, #3399, .T. ) ;
#330 = ADVANCED_FACE ( 'NONE', ( #1065 ), #2490, .F. ) ;
#331 = CARTESIAN_POINT ( 'NONE',  ( 28.50000000000000000, -0.6712315177207960337, 3.600000000000000089 ) ) ;
#332 = DIRECTION ( 'NONE',  ( 0.000000000000000000, 0.000000000000000000, -1.000000000000000000 ) ) ;
#333 = EDGE_CURVE ( 'NONE', #2236, #1107, #1390, .T. ) ;
#334 = LINE ( 'NONE', #946, #925 ) ;
#335 = EDGE_LOOP ( 'NONE', ( #3485, #768, #177, #196 ) ) ;
#336 = CARTESIAN_POINT ( 'NONE',  ( 0.2999999999999999889, 1.399999999999999911, -1.199999999999999956 ) ) ;
#337 = VECTOR ( 'NONE', #1882, 1000.000000000000000 ) ;
#338 = CARTESIAN_POINT ( 'NONE',  ( 5.750000000000000000, 29.19999999999999929, 4.799999999999999822 ) ) ;
#339 = PLANE ( 'NONE',  #2251 ) ;
#340 = FACE_OUTER_BOUND ( 'NONE', #2155, .T. ) ;
#341 = ORIENTED_EDGE ( 'NONE', *, *, #2009, .F. ) ;
#342 = EDGE_LOOP ( 'NONE', ( #1366, #1177, #3038, #2888 ) ) ;
#343 = CARTESIAN_POINT ( 'NONE',  ( 26.20000000000001350, 2.000000000000000000, 2.000000000000000000 ) ) ;
#344 = DIRECTION ( 'NONE',  ( 0.4999999999999991118, 0.4999999999999991118, -0.7071067811865487940 ) ) ;
#345 = VERTEX_POINT ( 'NONE', #1924 ) ;
#346 = DIRECTION ( 'NONE',  ( 1.000000000000000000, 5.916886274649569072E-17, 0.000000000000000000 ) ) ;
#347 = EDGE_CURVE ( 'NONE', #2482, #2120, #3344, .T. ) ;
#348 = AXIS2_PLACEMENT_3D ( 'NONE', #537, #3468, #3449 ) ;
#349 = ITEM_DEFINED_TRANSFORMATION ( 'NONE', 'NONE', #3738,  #131 ) ;
#350 = CARTESIAN_POINT ( 'NONE',  ( -1.841421331650389792, 2.799999999999999822, 1.699999962002040066 ) ) ;
#351 = CARTESIAN_POINT ( 'NONE',  ( 26.50000000000000000, 9.299999999999998934, 4.799999999999999822 ) ) ;
#352 = EDGE_CURVE ( 'NONE', #3622, #1089, #471, .T. ) ;
#353 = ORIENTED_EDGE ( 'NONE', *, *, #3131, .T. ) ;
#354 = LINE ( 'NONE', #1794, #957 ) ;
#355 = DIRECTION ( 'NONE',  ( 0.000000000000000000, 0.000000000000000000, -1.000000000000000000 ) ) ;
#356 = FILL_AREA_STYLE ('',( #2662 ) ) ;
#357 = PLANE ( 'NONE',  #3362 ) ;
#358 = VECTOR ( 'NONE', #2461, 1000.000000000000000 ) ;
#359 = AXIS2_PLACEMENT_3D ( 'NONE', #2485, #754, #213 ) ;
#360 = ORIENTED_EDGE ( 'NONE', *, *, #2758, .F. ) ;
#361 = ORIENTED_EDGE ( 'NONE', *, *, #2029, .F. ) ;
#362 = DIRECTION ( 'NONE',  ( 0.000000000000000000, 0.000000000000000000, -1.000000000000000000 ) ) ;
#363 = CARTESIAN_POINT ( 'NONE',  ( -2.200000000000000178, 30.00000000000000000, 0.000000000000000000 ) ) ;
#364 = AXIS2_PLACEMENT_3D ( 'NONE', #1999, #3227, #2646 ) ;
#365 = VECTOR ( 'NONE', #911, 1000.000000000000000 ) ;
#366 = ORIENTED_EDGE ( 'NONE', *, *, #774, .F. ) ;
#367 = CIRCLE ( 'NONE', #2500, 0.7999999999999999334 ) ;
#368 = LINE ( 'NONE', #1806, #750 ) ;
#369 = AXIS2_PLACEMENT_3D ( 'NONE', #2771, #1251, #1574 ) ;
#370 =( LENGTH_UNIT ( ) NAMED_UNIT ( * ) SI_UNIT ( .MILLI., .METRE. ) );
#371 = DIRECTION ( 'NONE',  ( 0.000000000000000000, 0.000000000000000000, 1.000000000000000000 ) ) ;
#372 = PLANE ( 'NONE',  #3434 ) ;
#373 = CIRCLE ( 'NONE', #1237, 1.400000000000000133 ) ;
#374 = ORIENTED_EDGE ( 'NONE', *, *, #2609, .F. ) ;
#375 = CARTESIAN_POINT ( 'NONE',  ( 24.00000000000000000, 25.80000000000000071, 0.000000000000000000 ) ) ;
#376 = LINE ( 'NONE', #2743, #1714 ) ;
#377 = LINE ( 'NONE', #1244, #3108 ) ;
#378 = CARTESIAN_POINT ( 'NONE',  ( 2.000000000000000000, 2.000000000000000000, 2.000000000000000000 ) ) ;
#379 = EDGE_CURVE ( 'NONE', #1000, #2956, #2526, .T. ) ;
#380 = EDGE_CURVE ( 'NONE', #3096, #2269, #1677, .T. ) ;
#381 = CARTESIAN_POINT ( 'NONE',  ( 0.2999999999999999889, 1.399999999999999911, 4.799999999999999822 ) ) ;
#382 = ORIENTED_EDGE ( 'NONE', *, *, #189, .F. ) ;
#383 = ORIENTED_EDGE ( 'NONE', *, *, #2686, .T. ) ;
#384 = CARTESIAN_POINT ( 'NONE',  ( 28.50000000000000000, 28.89999999999999858, 3.600000000000000089 ) ) ;
#385 = CARTESIAN_POINT ( 'NONE',  ( 18.89999999999999858, 28.00000000000000000, 0.000000000000000000 ) ) ;
#386 = VERTEX_POINT ( 'NONE', #185 ) ;
#387 = CARTESIAN_POINT ( 'NONE',  ( -2.200000000000000178, 27.50000000000000000, 4.000000000000000000 ) ) ;
#388 = SHAPE_DEFINITION_REPRESENTATION ( #2793, #3481 ) ;
#389 = FACE_OUTER_BOUND ( 'NONE', #3586, .T. ) ;
#390 = DIRECTION ( 'NONE',  ( 0.000000000000000000, 1.000000000000000000, 0.000000000000000000 ) ) ;
#391 = VERTEX_POINT ( 'NONE', #3070 ) ;
#392 = LINE ( 'NONE', #3649, #1751 ) ;
#393 = DIRECTION ( 'NONE',  ( 1.000000000000000000, 0.000000000000000000, 0.000000000000000000 ) ) ;
#394 = CARTESIAN_POINT ( 'NONE',  ( -1.399999999999999911, 1.399999999999999911, 4.799999999999999822 ) ) ;
#395 = DIRECTION ( 'NONE',  ( 1.000000000000000000, 0.000000000000000000, 0.000000000000000000 ) ) ;
#396 = CARTESIAN_POINT ( 'NONE',  ( 28.58492424049174829, -0.08492424049175076317, 4.400000000000000355 ) ) ;
#397 = VECTOR ( 'NONE', #199, 1000.000000000000000 ) ;
#398 = EDGE_LOOP ( 'NONE', ( #3520, #3197, #1024, #102 ) ) ;
#399 = ADVANCED_FACE ( 'NONE', ( #1885 ), #3533, .T. ) ;
#400 = EDGE_CURVE ( 'NONE', #1288, #1283, #1607, .T. ) ;
#401 = ORIENTED_EDGE ( 'NONE', *, *, #3277, .T. ) ;
#402 = CYLINDRICAL_SURFACE ( 'NONE', #850, 1.399999999999998579 ) ;
#403 = CARTESIAN_POINT ( 'NONE',  ( 2.799999999999999822, 2.799999999999999822, 2.000000000000000000 ) ) ;
#404 = VERTEX_POINT ( 'NONE', #2765 ) ;
#405 = EDGE_CURVE ( 'NONE', #3352, #3285, #1029, .T. ) ;
#406 = EDGE_LOOP ( 'NONE', ( #1950, #1249, #1726, #3685 ) ) ;
#407 = DIRECTION ( 'NONE',  ( 0.7071067811865470176, 0.000000000000000000, 0.7071067811865480168 ) ) ;
#408 = AXIS2_PLACEMENT_3D ( 'NONE', #701, #1047, #1865 ) ;
#409 = DIRECTION ( 'NONE',  ( 0.000000000000000000, 0.000000000000000000, 1.000000000000000000 ) ) ;
#410 = CYLINDRICAL_SURFACE ( 'NONE', #597, 1.400000000000000133 ) ;
#411 = DIRECTION ( 'NONE',  ( 1.000000000000000000, 0.000000000000000000, 0.000000000000000000 ) ) ;
#412 = VECTOR ( 'NONE', #2188, 1000.000000000000000 ) ;
#413 = DIRECTION ( 'NONE',  ( 1.000000000000000000, 0.000000000000000000, 0.000000000000000000 ) ) ;
#414 = CARTESIAN_POINT ( 'NONE',  ( -2.200000000000000178, 1.399999999999999911, -0.4000000000000000222 ) ) ;
#415 = CARTESIAN_POINT ( 'NONE',  ( 28.50000000000000000, 28.89999999999999858, 0.000000000000000000 ) ) ;
#416 = CARTESIAN_POINT ( 'NONE',  ( 29.60000000000000142, 22.22500000000000142, 4.000000000000000000 ) ) ;
#417 = CARTESIAN_POINT ( 'NONE',  ( -1.100000000000000089, -0.6712315177207980321, 0.000000000000000000 ) ) ;
#418 = ORIENTED_EDGE ( 'NONE', *, *, #2827, .T. ) ;
#419 = ORIENTED_EDGE ( 'NONE', *, *, #2333, .T. ) ;
#420 = DIRECTION ( 'NONE',  ( 0.5773502691896260641, -0.5773502691896260641, -0.5773502691896250649 ) ) ;
#421 = CARTESIAN_POINT ( 'NONE',  ( 1.700000000000000400, 2.299999999999999378, 2.000000000000000000 ) ) ;
#422 = ADVANCED_FACE ( 'NONE', ( #1906 ), #3361, .T. ) ;
#423 = ORIENTED_EDGE ( 'NONE', *, *, #237, .F. ) ;
#424 = CARTESIAN_POINT ( 'NONE',  ( 25.39999999999999858, 1.199999999999999956, 1.500000000000000000 ) ) ;
#425 = DIRECTION ( 'NONE',  ( 0.000000000000000000, -1.000000000000000000, 0.000000000000000000 ) ) ;
#426 = EDGE_CURVE ( 'NONE', #2382, #2227, #656, .T. ) ;
#427 = ADVANCED_FACE ( 'NONE', ( #2934 ), #830, .T. ) ;
#428 = AXIS2_PLACEMENT_3D ( 'NONE', #3369, #1036, #2265 ) ;
#429 = VECTOR ( 'NONE', #776, 1000.000000000000114 ) ;
#430 = DIRECTION ( 'NONE',  ( 0.000000000000000000, 0.000000000000000000, 1.000000000000000000 ) ) ;
#431 = PLANE ( 'NONE',  #463 ) ;
#432 = AXIS2_PLACEMENT_3D ( 'NONE', #43, #926, #1238 ) ;
#433 = DIRECTION ( 'NONE',  ( 0.000000000000000000, 0.000000000000000000, -1.000000000000000000 ) ) ;
#434 = CARTESIAN_POINT ( 'NONE',  ( 27.09999999999999787, 1.399999999999999911, 4.400000000000000355 ) ) ;
#435 = CARTESIAN_POINT ( 'NONE',  ( 25.39999999999999858, 2.000000000000000000, 0.8000000000000000444 ) ) ;
#436 = CARTESIAN_POINT ( 'NONE',  ( 26.20000000000000284, 1.199999999999999956, 2.000000000000000000 ) ) ;
#437 = CARTESIAN_POINT ( 'NONE',  ( 25.69999999999999929, 25.79999999999999005, 2.000000000000000000 ) ) ;
#438 = CIRCLE ( 'NONE', #2754, 1.700000000000000400 ) ;
#439 = ORIENTED_EDGE ( 'NONE', *, *, #1178, .F. ) ;
#440 = ORIENTED_EDGE ( 'NONE', *, *, #2427, .F. ) ;
#441 = CONICAL_SURFACE ( 'NONE', #3187, 2.100000000000000533, 0.7853981633974469467 ) ;
#442 = DIRECTION ( 'NONE',  ( -0.7071067811865476838, 0.7071067811865474617, 0.000000000000000000 ) ) ;
#443 = LINE ( 'NONE', #3370, #2439 ) ;
#444 = ORIENTED_EDGE ( 'NONE', *, *, #3136, .T. ) ;
#445 = ORIENTED_EDGE ( 'NONE', *, *, #541, .F. ) ;
#446 = CARTESIAN_POINT ( 'NONE',  ( 24.59999999999999076, 2.000000000000000000, 2.000000000000000000 ) ) ;
#447 = LINE ( 'NONE', #3682, #122 ) ;
#448 = ADVANCED_FACE ( 'NONE', ( #2877 ), #240, .T. ) ;
#449 = ADVANCED_FACE ( 'NONE', ( #2602, #9 ), #2032, .T. ) ;
#450 = FACE_OUTER_BOUND ( 'NONE', #858, .T. ) ;
#451 = ADVANCED_FACE ( 'NONE', ( #602 ), #1411, .T. ) ;
#452 = CARTESIAN_POINT ( 'NONE',  ( 26.19999999999999929, 25.80000000000000071, 0.000000000000000000 ) ) ;
#453 = CARTESIAN_POINT ( 'NONE',  ( 1.700000000000000400, 26.09999999999999432, 2.000000000000000000 ) ) ;
#454 = DIRECTION ( 'NONE',  ( 0.000000000000000000, 0.000000000000000000, -1.000000000000000000 ) ) ;
#455 = CARTESIAN_POINT ( 'NONE',  ( 27.09999999999999787, 1.399999999999999911, 0.000000000000000000 ) ) ;
#456 = ORIENTED_EDGE ( 'NONE', *, *, #940, .F. ) ;
#457 = ORIENTED_EDGE ( 'NONE', *, *, #1127, .F. ) ;
#458 = CARTESIAN_POINT ( 'NONE',  ( 18.89999999999999858, 13.19999999999999929, 8.800000000000000711 ) ) ;
#459 = DIRECTION ( 'NONE',  ( -1.784924476889319851E-17, 1.000000000000000000, 0.000000000000000000 ) ) ;
#460 = CIRCLE ( 'NONE', #945, 2.500000000000000888 ) ;
#461 = ORIENTED_EDGE ( 'NONE', *, *, #333, .F. ) ;
#462 = ORIENTED_EDGE ( 'NONE', *, *, #3610, .F. ) ;
#463 = AXIS2_PLACEMENT_3D ( 'NONE', #1903, #3082, #1958 ) ;
#464 = CARTESIAN_POINT ( 'NONE',  ( 18.89999999999999858, 13.19999999999999929, -1.199999999999999956 ) ) ;
#465 = EDGE_LOOP ( 'NONE', ( #103, #2898, #1774, #3337 ) ) ;
#466 = FACE_OUTER_BOUND ( 'NONE', #465, .T. ) ;
#467 = EDGE_CURVE ( 'NONE', #1979, #2611, #3776, .T. ) ;
#468 = AXIS2_PLACEMENT_3D ( 'NONE', #2223, #3125, #3745 ) ;
#469 = FACE_OUTER_BOUND ( 'NONE', #695, .T. ) ;
#470 = CARTESIAN_POINT ( 'NONE',  ( 2.000000000000000000, 25.00000000000000000, 1.500000000000000000 ) ) ;
#471 = LINE ( 'NONE', #2546, #1935 ) ;
#472 = LINE ( 'NONE', #3709, #2206 ) ;
#473 = CIRCLE ( 'NONE', #1084, 2.500000000000000888 ) ;
#474 =( BOUNDED_CURVE ( )  B_SPLINE_CURVE ( 2, ( #1700, #1147, #3168 ),
 .UNSPECIFIED., .F., .T. ) 
 B_SPLINE_CURVE_WITH_KNOTS ( ( 3, 3 ),
 ( 0.000000000000000000, 1.570796326794889897 ),
 .UNSPECIFIED. ) 
 CURVE ( )  GEOMETRIC_REPRESENTATION_ITEM ( )  RATIONAL_B_SPLINE_CURVE ( ( 1.000000000000000000, 0.7071067811865510144, 1.000000000000000000 ) ) 
 REPRESENTATION_ITEM ( '' )  );
#475 = EDGE_CURVE ( 'NONE', #3767, #1949, #854, .T. ) ;
#476 = ORIENTED_EDGE ( 'NONE', *, *, #2736, .F. ) ;
#477 = ORIENTED_EDGE ( 'NONE', *, *, #773, .T. ) ;
#478 = CARTESIAN_POINT ( 'NONE',  ( -2.200000000000000178, 27.50000000000000000, 0.000000000000000000 ) ) ;
#479 = CARTESIAN_POINT ( 'NONE',  ( 25.39999999999999858, 2.000000000000000000, 0.000000000000000000 ) ) ;
#480 = EDGE_LOOP ( 'NONE', ( #975, #3063 ) ) ;
#481 = ORIENTED_EDGE ( 'NONE', *, *, #347, .T. ) ;
#482 = DIRECTION ( 'NONE',  ( -0.7071067811865481278, -0.7071067811865470176, 0.000000000000000000 ) ) ;
#483 = CIRCLE ( 'NONE', #2613, 0.7999999999999986011 ) ;
#484 = AXIS2_PLACEMENT_3D ( 'NONE', #117, #138, #442 ) ;
#485 = VERTEX_POINT ( 'NONE', #3438 ) ;
#486 = CARTESIAN_POINT ( 'NONE',  ( 26.79999999999999716, 25.80000000000000071, 0.000000000000000000 ) ) ;
#487 = CIRCLE ( 'NONE', #617, 2.500000000000000888 ) ;
#488 = CARTESIAN_POINT ( 'NONE',  ( -1.100000000000000089, -0.6712315177207970329, 3.600000000000000089 ) ) ;
#489 = CARTESIAN_POINT ( 'NONE',  ( 2.800000000000000711, 26.60000000000003340, 1.499999999999999778 ) ) ;
#490 = DIRECTION ( 'NONE',  ( 0.000000000000000000, 0.000000000000000000, -1.000000000000000000 ) ) ;
#491 = CIRCLE ( 'NONE', #984, 2.500000000000001332 ) ;
#492 = CARTESIAN_POINT ( 'NONE',  ( 25.10000000000000142, 2.000000000000000000, 2.000000000000000000 ) ) ;
#493 = ORIENTED_EDGE ( 'NONE', *, *, #3618, .T. ) ;
#494 = ORIENTED_EDGE ( 'NONE', *, *, #3331, .T. ) ;
#495 = EDGE_CURVE ( 'NONE', #1637, #2942, #3284, .T. ) ;
#496 = DIRECTION ( 'NONE',  ( 0.000000000000000000, 0.000000000000000000, 1.000000000000000000 ) ) ;
#497 = ADVANCED_FACE ( 'NONE', ( #3746, #874 ), #260, .T. ) ;
#498 = LINE ( 'NONE', #3093, #3426 ) ;
#499 = ORIENTED_EDGE ( 'NONE', *, *, #1134, .F. ) ;
#500 = VECTOR ( 'NONE', #2821, 1000.000000000000000 ) ;
#501 = ORIENTED_EDGE ( 'NONE', *, *, #2731, .T. ) ;
#502 = UNCERTAINTY_MEASURE_WITH_UNIT (LENGTH_MEASURE( 1.000000000000000082E-05 ), #3648, 'distance_accuracy_value', 'NONE');
#503 = ADVANCED_FACE ( 'NONE', ( #3145 ), #1122, .T. ) ;
#504 = DIRECTION ( 'NONE',  ( 0.000000000000000000, 0.000000000000000000, 1.000000000000000000 ) ) ;
#505 = LINE ( 'NONE', #1655, #3237 ) ;
#506 = CIRCLE ( 'NONE', #3254, 1.400000000000000133 ) ;
#507 = VERTEX_POINT ( 'NONE', #1993 ) ;
#508 = LINE ( 'NONE', #486, #3026 ) ;
#509 = CARTESIAN_POINT ( 'NONE',  ( 2.000000000000000000, 25.00000000000000000, 2.000000000000000000 ) ) ;
#510 = CARTESIAN_POINT ( 'NONE',  ( -1.184924240491750824, 28.98492424049175042, -0.8000000000000000444 ) ) ;
#511 = DIRECTION ( 'NONE',  ( 1.000000000000000000, 5.916886274649569072E-17, 0.000000000000000000 ) ) ;
#512 = CARTESIAN_POINT ( 'NONE',  ( 0.2999999999999999889, 27.50000000000000000, 0.000000000000000000 ) ) ;
#513 = ORIENTED_EDGE ( 'NONE', *, *, #1524, .T. ) ;
#514 = ORIENTED_EDGE ( 'NONE', *, *, #2453, .T. ) ;
#515 = FACE_OUTER_BOUND ( 'NONE', #57, .T. ) ;
#516 = DIRECTION ( 'NONE',  ( -0.7071067811865477948, 0.7071067811865472397, 0.000000000000000000 ) ) ;
#517 = ADVANCED_FACE ( 'NONE', ( #28 ), #812, .T. ) ;
#518 = VERTEX_POINT ( 'NONE', #3162 ) ;
#519 = VERTEX_POINT ( 'NONE', #2259 ) ;
#520 = DIRECTION ( 'NONE',  ( -1.000000000000000000, 0.000000000000000000, 0.000000000000000000 ) ) ;
#521 = DIRECTION ( 'NONE',  ( 0.7071067811865475727, 0.7071067811865475727, 0.000000000000000000 ) ) ;
#522 = ADVANCED_FACE ( 'NONE', ( #548 ), #1718, .F. ) ;
#523 = ORIENTED_EDGE ( 'NONE', *, *, #3, .F. ) ;
#524 = DIRECTION ( 'NONE',  ( 1.000000000000000000, 0.000000000000000000, 0.000000000000000000 ) ) ;
#525 = PLANE ( 'NONE',  #468 ) ;
#526 = CARTESIAN_POINT ( 'NONE',  ( 25.69999999999999929, 25.80000000000000071, 2.000000000000000000 ) ) ;
#527 = CARTESIAN_POINT ( 'NONE',  ( 25.39999999999999858, 2.000000000000000000, 2.000000000000000000 ) ) ;
#528 = FACE_OUTER_BOUND ( 'NONE', #1843, .T. ) ;
#529 = ORIENTED_EDGE ( 'NONE', *, *, #2087, .F. ) ;
#530 = ORIENTED_EDGE ( 'NONE', *, *, #3066, .T. ) ;
#531 = CARTESIAN_POINT ( 'NONE',  ( 28.80000000000000071, 1.399999999999999911, 4.799999999999999822 ) ) ;
#532 = CARTESIAN_POINT ( 'NONE',  ( 27.59999999999999787, 28.00000000000000000, 0.000000000000000000 ) ) ;
#533 = DIRECTION ( 'NONE',  ( 0.000000000000000000, 0.000000000000000000, 1.000000000000000000 ) ) ;
#534 = AXIS2_PLACEMENT_3D ( 'NONE', #435, #490, #2210 ) ;
#535 = ORIENTED_EDGE ( 'NONE', *, *, #352, .T. ) ;
#536 = ORIENTED_EDGE ( 'NONE', *, *, #987, .T. ) ;
#537 = CARTESIAN_POINT ( 'NONE',  ( 28.50000000000000000, -1.100000000000000089, 3.600000000000000089 ) ) ;
#538 = EDGE_CURVE ( 'NONE', #1458, #3622, #1583, .T. ) ;
#539 = CARTESIAN_POINT ( 'NONE',  ( 28.50000000000000000, 2.899999999999999911, 0.8499999810010130386 ) ) ;
#540 = ORIENTED_EDGE ( 'NONE', *, *, #3443, .F. ) ;
#541 = EDGE_CURVE ( 'NONE', #1818, #1949, #2426, .T. ) ;
#542 = ADVANCED_FACE ( 'NONE', ( #3264 ), #964, .T. ) ;
#543 = CARTESIAN_POINT ( 'NONE',  ( 26.19999999999998863, 26.60000000000003340, 1.499999999999999778 ) ) ;
#544 = AXIS2_PLACEMENT_3D ( 'NONE', #727, #1890, #3059 ) ;
#545 = DIRECTION ( 'NONE',  ( 0.000000000000000000, -1.000000000000000000, 0.000000000000000000 ) ) ;
#546 =( NAMED_UNIT ( * ) SI_UNIT ( $, .STERADIAN. ) SOLID_ANGLE_UNIT ( ) );
#547 = AXIS2_PLACEMENT_3D ( 'NONE', #1867, #3597, #2997 ) ;
#548 = FACE_OUTER_BOUND ( 'NONE', #2842, .T. ) ;
#549 = EDGE_CURVE ( 'NONE', #84, #2522, #906, .T. ) ;
#550 = DIRECTION ( 'NONE',  ( 1.000000000000000000, 0.000000000000000000, 0.000000000000000000 ) ) ;
#551 = AXIS2_PLACEMENT_3D ( 'NONE', #3051, #1081, #2241 ) ;
#552 = EDGE_LOOP ( 'NONE', ( #2018, #816, #790, #2823 ) ) ;
#553 = EDGE_LOOP ( 'NONE', ( #3147, #2841, #1114, #2475 ) ) ;
#554 = CYLINDRICAL_SURFACE ( 'NONE', #738, 0.7999999999999986011 ) ;
#555 = DIRECTION ( 'NONE',  ( 0.7071067811865472397, -0.7071067811865477948, 0.000000000000000000 ) ) ;
#556 = VECTOR ( 'NONE', #1476, 1000.000000000000000 ) ;
#557 = ORIENTED_EDGE ( 'NONE', *, *, #1853, .T. ) ;
#558 = ORIENTED_EDGE ( 'NONE', *, *, #235, .T. ) ;
#559 = DIRECTION ( 'NONE',  ( 0.000000000000000000, 0.000000000000000000, -1.000000000000000000 ) ) ;
#560 = DIRECTION ( 'NONE',  ( 0.000000000000000000, 0.000000000000000000, 1.000000000000000000 ) ) ;
#561 = DIRECTION ( 'NONE',  ( 0.000000000000000000, 0.000000000000000000, 1.000000000000000000 ) ) ;
#562 = VERTEX_POINT ( 'NONE', #3302 ) ;
#563 = FACE_OUTER_BOUND ( 'NONE', #3272, .T. ) ;
#564 = EDGE_CURVE ( 'NONE', #141, #1379, #2124, .T. ) ;
#565 = ADVANCED_FACE ( 'NONE', ( #68 ), #2696, .T. ) ;
#566 = CARTESIAN_POINT ( 'NONE',  ( 2.000000000000000000, 2.000000000000000000, 0.000000000000000000 ) ) ;
#567 = DIRECTION ( 'NONE',  ( 0.7071067811865441310, 0.000000000000000000, -0.7071067811865510144 ) ) ;
#568 = ADVANCED_FACE ( 'NONE', ( #2967 ), #410, .T. ) ;
#569 = ORIENTED_EDGE ( 'NONE', *, *, #2637, .F. ) ;
#570 = VERTEX_POINT ( 'NONE', #350 ) ;
#571 = CARTESIAN_POINT ( 'NONE',  ( 1.199999999999999956, 25.80000000000000071, 1.500000000000000000 ) ) ;
#572 = DIRECTION ( 'NONE',  ( 0.000000000000000000, 0.000000000000000000, -1.000000000000000000 ) ) ;
#573 = CARTESIAN_POINT ( 'NONE',  ( 27.09999999999999787, -1.100000000000000089, 3.600000000000000089 ) ) ;
#574 = ORIENTED_EDGE ( 'NONE', *, *, #3378, .T. ) ;
#575 = VERTEX_POINT ( 'NONE', #1845 ) ;
#576 = LINE ( 'NONE', #900, #2925 ) ;
#577 = FACE_OUTER_BOUND ( 'NONE', #3010, .T. ) ;
#578 = DIRECTION ( 'NONE',  ( 0.7071067811865480168, 0.000000000000000000, -0.7071067811865470176 ) ) ;
#579 = ORIENTED_EDGE ( 'NONE', *, *, #25, .T. ) ;
#580 = CARTESIAN_POINT ( 'NONE',  ( 24.60000000000000142, 26.59999999999999787, 2.000000000000000000 ) ) ;
#581 =( NAMED_UNIT ( * ) PLANE_ANGLE_UNIT ( ) SI_UNIT ( $, .RADIAN. ) );
#582 = DIRECTION ( 'NONE',  ( 1.000000000000000000, 0.000000000000000000, 0.000000000000000000 ) ) ;
#583 = DIRECTION ( 'NONE',  ( 0.000000000000000000, 0.000000000000000000, 1.000000000000000000 ) ) ;
#584 = EDGE_CURVE ( 'NONE', #1172, #1516, #3573, .T. ) ;
#585 = ORIENTED_EDGE ( 'NONE', *, *, #1252, .F. ) ;
#586 = CARTESIAN_POINT ( 'NONE',  ( 1.199999999999999956, 2.000000000000000000, 1.500000000000000000 ) ) ;
#587 = CARTESIAN_POINT ( 'NONE',  ( 2.299999999999999822, 2.000000000000000000, 2.000000000000000000 ) ) ;
#588 = FACE_OUTER_BOUND ( 'NONE', #2713, .T. ) ;
#589 = DIRECTION ( 'NONE',  ( 0.000000000000000000, 0.000000000000000000, 1.000000000000000000 ) ) ;
#590 = EDGE_CURVE ( 'NONE', #1144, #2506, #3281, .T. ) ;
#591 = ORIENTED_EDGE ( 'NONE', *, *, #2902, .F. ) ;
#592 = AXIS2_PLACEMENT_3D ( 'NONE', #2507, #3143, #3100 ) ;
#593 = ORIENTED_EDGE ( 'NONE', *, *, #2758, .T. ) ;
#594 = FACE_OUTER_BOUND ( 'NONE', #1486, .T. ) ;
#595 = FACE_OUTER_BOUND ( 'NONE', #621, .T. ) ;
#596 = DIRECTION ( 'NONE',  ( 0.000000000000000000, 0.000000000000000000, -1.000000000000000000 ) ) ;
#597 = AXIS2_PLACEMENT_3D ( 'NONE', #2390, #3008, #1807 ) ;
#598 = ORIENTED_EDGE ( 'NONE', *, *, #3518, .T. ) ;
#599 = VECTOR ( 'NONE', #1424, 1000.000000000000000 ) ;
#600 = FACE_OUTER_BOUND ( 'NONE', #286, .T. ) ;
#601 = CARTESIAN_POINT ( 'NONE',  ( 24.59999999999999076, 25.79999999999997584, 2.000000000000000000 ) ) ;
#602 = FACE_OUTER_BOUND ( 'NONE', #206, .T. ) ;
#603 = LINE ( 'NONE', #2896, #1176 ) ;
#604 = AXIS2_PLACEMENT_3D ( 'NONE', #1154, #3528, #1501 ) ;
#605 = ORIENTED_EDGE ( 'NONE', *, *, #1384, .T. ) ;
#606 = VECTOR ( 'NONE', #1031, 1000.000000000000000 ) ;
#607 = AXIS2_PLACEMENT_3D ( 'NONE', #1672, #1328, #482 ) ;
#608 = EDGE_LOOP ( 'NONE', ( #1264, #3077, #1362, #2829 ) ) ;
#609 = DIRECTION ( 'NONE',  ( 0.000000000000000000, 0.000000000000000000, 1.000000000000000000 ) ) ;
#610 = PLANE ( 'NONE',  #364 ) ;
#611 = DIRECTION ( 'NONE',  ( 0.000000000000000000, 0.000000000000000000, 1.000000000000000000 ) ) ;
#612 = AXIS2_PLACEMENT_3D ( 'NONE', #3636, #2722, #1587 ) ;
#613 = ORIENTED_EDGE ( 'NONE', *, *, #1968, .T. ) ;
#614 = ADVANCED_FACE ( 'NONE', ( #389 ), #3614, .T. ) ;
#615 = ADVANCED_FACE ( 'NONE', ( #3244 ), #2351, .F. ) ;
#616 = ORIENTED_EDGE ( 'NONE', *, *, #3000, .F. ) ;
#617 = AXIS2_PLACEMENT_3D ( 'NONE', #73, #2455, #3287 ) ;
#618 = DIRECTION ( 'NONE',  ( 0.000000000000000000, -1.000000000000000000, 0.000000000000000000 ) ) ;
#619 = DIRECTION ( 'NONE',  ( 1.000000000000000000, 0.000000000000000000, 0.000000000000000000 ) ) ;
#620 = CIRCLE ( 'NONE', #2932, 1.699999999999999734 ) ;
#621 = EDGE_LOOP ( 'NONE', ( #1747, #2632, #1373, #1739, #499, #1944 ) ) ;
#622 = CARTESIAN_POINT ( 'NONE',  ( -1.100000000000000089, 24.80000000000000071, 2.441421293652429991 ) ) ;
#623 = AXIS2_PLACEMENT_3D ( 'NONE', #2718, #107, #2968 ) ;
#624 = DIRECTION ( 'NONE',  ( 0.000000000000000000, 0.000000000000000000, 1.000000000000000000 ) ) ;
#625 = DIRECTION ( 'NONE',  ( 0.000000000000000000, 0.7071067811865470176, -0.7071067811865480168 ) ) ;
#626 = CARTESIAN_POINT ( 'NONE',  ( 28.50000000000000000, 28.89999999999999858, 3.600000000000000089 ) ) ;
#627 = AXIS2_PLACEMENT_3D ( 'NONE', #3240, #2389, #1581 ) ;
#628 = ORIENTED_EDGE ( 'NONE', *, *, #1691, .T. ) ;
#629 = ORIENTED_EDGE ( 'NONE', *, *, #2287, .F. ) ;
#630 = LINE ( 'NONE', #338, #2808 ) ;
#631 = CARTESIAN_POINT ( 'NONE',  ( 28.50000000000000000, 24.80000000000000071, 2.649999981001009974 ) ) ;
#632 = FACE_OUTER_BOUND ( 'NONE', #1930, .T. ) ;
#633 = ORIENTED_EDGE ( 'NONE', *, *, #1295, .F. ) ;
#634 = ORIENTED_EDGE ( 'NONE', *, *, #1347, .F. ) ;
#635 = DIRECTION ( 'NONE',  ( 0.000000000000000000, 0.000000000000000000, 1.000000000000000000 ) ) ;
#636 = DIRECTION ( 'NONE',  ( 0.7071067811865470176, 0.000000000000000000, 0.7071067811865480168 ) ) ;
#637 = EDGE_CURVE ( 'NONE', #2850, #857, #473, .T. ) ;
#638 = VERTEX_POINT ( 'NONE', #698 ) ;
#639 = LINE ( 'NONE', #387, #2162 ) ;
#640 = EDGE_CURVE ( 'NONE', #2460, #2516, #3535, .T. ) ;
#641 = CIRCLE ( 'NONE', #2775, 1.699999999999999734 ) ;
#642 = DIRECTION ( 'NONE',  ( -1.000000000000000000, 0.000000000000000000, 0.000000000000000000 ) ) ;
#643 = VECTOR ( 'NONE', #3450, 1000.000000000000000 ) ;
#644 = DIRECTION ( 'NONE',  ( 0.000000000000000000, 1.000000000000000000, 0.000000000000000000 ) ) ;
#645 = ORIENTED_EDGE ( 'NONE', *, *, #1823, .T. ) ;
#646 = VERTEX_POINT ( 'NONE', #2988 ) ;
#647 = LINE ( 'NONE', #3560, #2870 ) ;
#648 = LINE ( 'NONE', #415, #1469 ) ;
#649 = CARTESIAN_POINT ( 'NONE',  ( 2.000000000000000000, 2.000000000000000000, 0.000000000000000000 ) ) ;
#650 = ORIENTED_EDGE ( 'NONE', *, *, #219, .T. ) ;
#651 = ORIENTED_EDGE ( 'NONE', *, *, #2706, .F. ) ;
#652 = DIRECTION ( 'NONE',  ( -0.7071067811865480168, -0.7071067811865471286, 0.000000000000000000 ) ) ;
#653 = CARTESIAN_POINT ( 'NONE',  ( 1.300000000000000044, 12.27499999999999858, 4.400000000000000355 ) ) ;
#654 = CIRCLE ( 'NONE', #3774, 1.700000000000000400 ) ;
#655 = ORIENTED_EDGE ( 'NONE', *, *, #2401, .F. ) ;
#656 = CIRCLE ( 'NONE', #2058, 2.500000000000000888 ) ;
#657 = CARTESIAN_POINT ( 'NONE',  ( 2.000000000000000000, 2.000000000000000000, 1.500000000000000000 ) ) ;
#658 = ADVANCED_FACE ( 'NONE', ( #87 ), #1508, .T. ) ;
#659 = EDGE_CURVE ( 'NONE', #1854, #3730, #2949, .T. ) ;
#660 = DIRECTION ( 'NONE',  ( 1.000000000000000000, 0.000000000000000000, 0.000000000000000000 ) ) ;
#661 = DIRECTION ( 'NONE',  ( 0.000000000000000000, -1.000000000000000000, 0.000000000000000000 ) ) ;
#662 = PLANE ( 'NONE',  #3251 ) ;
#663 = EDGE_LOOP ( 'NONE', ( #328, #1403, #2263, #153 ) ) ;
#664 = DIRECTION ( 'NONE',  ( -0.7071067811865510144, 0.000000000000000000, -0.7071067811865441310 ) ) ;
#665 = ADVANCED_FACE ( 'NONE', ( #3758, #3153 ), #2518, .T. ) ;
#666 = DIRECTION ( 'NONE',  ( 1.000000000000000000, 4.921201350288809999E-18, 0.000000000000000000 ) ) ;
#667 = LINE ( 'NONE', #631, #3358 ) ;
#668 = CARTESIAN_POINT ( 'NONE',  ( 19.69999999999999929, 9.700000000000001066, 4.400000000000000355 ) ) ;
#669 = CARTESIAN_POINT ( 'NONE',  ( -2.200000000000000178, -1.100000000000000089, 3.600000000000000089 ) ) ;
#670 = CIRCLE ( 'NONE', #1342, 1.699999999999999734 ) ;
#671 = ORIENTED_EDGE ( 'NONE', *, *, #3464, .F. ) ;
#672 = VERTEX_POINT ( 'NONE', #2760 ) ;
#673 = DIRECTION ( 'NONE',  ( -0.7071067811865477948, 0.7071067811865474617, 0.000000000000000000 ) ) ;
#674 = CARTESIAN_POINT ( 'NONE',  ( -2.200000000000000178, 1.399999999999999911, 0.000000000000000000 ) ) ;
#675 = VECTOR ( 'NONE', #2282, 1000.000000000000000 ) ;
#676 = VERTEX_POINT ( 'NONE', #787 ) ;
#677 = CIRCLE ( 'NONE', #2990, 1.700000000000000400 ) ;
#678 = CARTESIAN_POINT ( 'NONE',  ( 25.39999999999999858, 2.000000000000000000, 0.000000000000000000 ) ) ;
#679 = SHAPE_DEFINITION_REPRESENTATION ( #838, #2689 ) ;
#680 = CARTESIAN_POINT ( 'NONE',  ( 27.59999999999999787, -0.2000000000000000111, 3.600000000000000089 ) ) ;
#681 = CARTESIAN_POINT ( 'NONE',  ( 28.80000000000000071, 27.50000000000000000, -1.199999999999999956 ) ) ;
#682 = EDGE_CURVE ( 'NONE', #3539, #1872, #2557, .T. ) ;
#683 = EDGE_CURVE ( 'NONE', #2585, #1172, #2484, .T. ) ;
#684 = CIRCLE ( 'NONE', #1111, 1.400000000000000133 ) ;
#685 = VERTEX_POINT ( 'NONE', #1952 ) ;
#686 = CARTESIAN_POINT ( 'NONE',  ( -1.467766952966369054, 29.26776695296636888, -0.4000000000000000222 ) ) ;
#687 = DIRECTION ( 'NONE',  ( -0.7071067811865470176, 0.000000000000000000, 0.7071067811865480168 ) ) ;
#688 = FACE_OUTER_BOUND ( 'NONE', #3230, .T. ) ;
#689 = CARTESIAN_POINT ( 'NONE',  ( 24.60000000000000142, 1.199999999999999956, 2.000000000000000000 ) ) ;
#690 = DIRECTION ( 'NONE',  ( 1.000000000000000000, 0.000000000000000000, 0.000000000000000000 ) ) ;
#691 = EDGE_CURVE ( 'NONE', #3538, #1709, #3139, .T. ) ;
#692 = VERTEX_POINT ( 'NONE', #3118 ) ;
#693 = EDGE_LOOP ( 'NONE', ( #3731, #514, #1336 ) ) ;
#694 = CARTESIAN_POINT ( 'NONE',  ( 2.799999999999999822, 1.199999999999999956, 2.000000000000000000 ) ) ;
#695 = EDGE_LOOP ( 'NONE', ( #2802, #3073, #574, #1309 ) ) ;
#696 = DIRECTION ( 'NONE',  ( 0.7071067811865466846, -0.7071067811865483499, 0.000000000000000000 ) ) ;
#697 = SHAPE_REPRESENTATION_RELATIONSHIP ( 'NONE' , 'NONE' ,  #3481, #3594 ) ;
#698 = CARTESIAN_POINT ( 'NONE',  ( -0.9020815280171320394, 0.1979184719828679939, -1.199999999999999956 ) ) ;
#699 = DIRECTION ( 'NONE',  ( 0.000000000000000000, 0.000000000000000000, -1.000000000000000000 ) ) ;
#700 =( GEOMETRIC_REPRESENTATION_CONTEXT ( 3 ) GLOBAL_UNCERTAINTY_ASSIGNED_CONTEXT ( ( #502 ) ) GLOBAL_UNIT_ASSIGNED_CONTEXT ( ( #3648, #3688, #886 ) ) REPRESENTATION_CONTEXT ( 'NONE', 'WORKASPACE' ) );
#701 = CARTESIAN_POINT ( 'NONE',  ( 1.699999999999999956, 23.09999999999999787, 3.600000000000000089 ) ) ;
#702 = DIRECTION ( 'NONE',  ( 0.000000000000000000, 0.000000000000000000, 1.000000000000000000 ) ) ;
#703 = DIRECTION ( 'NONE',  ( -1.000000000000000000, 0.000000000000000000, 0.000000000000000000 ) ) ;
#704 = EDGE_CURVE ( 'NONE', #1480, #2830, #3340, .T. ) ;
#705 = DIRECTION ( 'NONE',  ( 0.000000000000000000, 0.000000000000000000, 1.000000000000000000 ) ) ;
#706 = LINE ( 'NONE', #1835, #1274 ) ;
#707 = EDGE_LOOP ( 'NONE', ( #3530, #2815, #745, #1553 ) ) ;
#708 = ORIENTED_EDGE ( 'NONE', *, *, #3470, .T. ) ;
#709 = ADVANCED_FACE ( 'NONE', ( #232, #807 ), #2535, .T. ) ;
#710 = FACE_OUTER_BOUND ( 'NONE', #1019, .T. ) ;
#711 = ADVANCED_FACE ( 'NONE', ( #3046 ), #2600, .T. ) ;
#712 = DIRECTION ( 'NONE',  ( 0.000000000000000000, -0.7071067811865480168, -0.7071067811865470176 ) ) ;
#713 = ORIENTED_EDGE ( 'NONE', *, *, #1966, .T. ) ;
#714 = EDGE_LOOP ( 'NONE', ( #1039, #893, #1970, #923 ) ) ;
#715 = DIRECTION ( 'NONE',  ( 0.000000000000000000, 0.000000000000000000, 1.000000000000000000 ) ) ;
#716 = CIRCLE ( 'NONE', #1933, 2.500000000000000000 ) ;
#717 = CARTESIAN_POINT ( 'NONE',  ( 27.59999999999999787, -0.2000000000000000111, 0.000000000000000000 ) ) ;
#718 = CARTESIAN_POINT ( 'NONE',  ( 2.000000000000000000, 25.80000000000000071, 0.000000000000000000 ) ) ;
#719 = VECTOR ( 'NONE', #2656, 1000.000000000000000 ) ;
#720 = CARTESIAN_POINT ( 'NONE',  ( 2.000000000000000000, 2.299999999999999822, 2.000000000000000000 ) ) ;
#721 = LINE ( 'NONE', #2764, #3113 ) ;
#722 = CARTESIAN_POINT ( 'NONE',  ( 28.80000000000000071, 27.50000000000000000, 4.799999999999999822 ) ) ;
#723 = CARTESIAN_POINT ( 'NONE',  ( 6.750000000000000000, 28.00000000000000000, 0.000000000000000000 ) ) ;
#724 = CARTESIAN_POINT ( 'NONE',  ( 3.400000000000000355, 25.80000000000000071, 0.000000000000000000 ) ) ;
#725 = VERTEX_POINT ( 'NONE', #1116 ) ;
#726 = ORIENTED_EDGE ( 'NONE', *, *, #282, .F. ) ;
#727 = CARTESIAN_POINT ( 'NONE',  ( 0.2999999999999999889, 1.399999999999999911, 0.000000000000000000 ) ) ;
#728 = LINE ( 'NONE', #1037, #3308 ) ;
#729 = EDGE_CURVE ( 'NONE', #1288, #1451, #3410, .T. ) ;
#730 = EDGE_CURVE ( 'NONE', #2431, #1379, #2270, .T. ) ;
#731 = EDGE_LOOP ( 'NONE', ( #360, #3757, #2022, #2529 ) ) ;
#732 = AXIS2_PLACEMENT_3D ( 'NONE', #2691, #362, #1593 ) ;
#733 = CYLINDRICAL_SURFACE ( 'NONE', #2801, 2.500000000000001776 ) ;
#734 = CARTESIAN_POINT ( 'NONE',  ( 1.199999999999999512, 2.000000000000000000, 2.000000000000000000 ) ) ;
#735 = AXIS2_PLACEMENT_3D ( 'NONE', #782, #748, #1054 ) ;
#736 = EDGE_CURVE ( 'NONE', #646, #2611, #3592, .T. ) ;
#737 = AXIS2_PLACEMENT_3D ( 'NONE', #385, #1325, #2479 ) ;
#738 = AXIS2_PLACEMENT_3D ( 'NONE', #1418, #609, #1777 ) ;
#739 = DIRECTION ( 'NONE',  ( -0.000000000000000000, 1.000000000000000000, 0.000000000000000000 ) ) ;
#740 = CYLINDRICAL_SURFACE ( 'NONE', #2294, 2.499999999999999112 ) ;
#741 = CARTESIAN_POINT ( 'NONE',  ( 1.200000000000000622, 25.00000000000000355, 1.499999999999999778 ) ) ;
#742 = CARTESIAN_POINT ( 'NONE',  ( -1.467766952966369054, 29.26776695296636888, 0.000000000000000000 ) ) ;
#743 = CARTESIAN_POINT ( 'NONE',  ( 29.60000000000000142, 27.50000000000000000, -0.4000000000000000222 ) ) ;
#744 = FACE_OUTER_BOUND ( 'NONE', #1663, .T. ) ;
#745 = ORIENTED_EDGE ( 'NONE', *, *, #2874, .T. ) ;
#746 = ORIENTED_EDGE ( 'NONE', *, *, #2169, .T. ) ;
#747 = CIRCLE ( 'NONE', #77, 0.7999999999999986011 ) ;
#748 = DIRECTION ( 'NONE',  ( 0.000000000000000000, 0.000000000000000000, -1.000000000000000000 ) ) ;
#749 = DIRECTION ( 'NONE',  ( -0.7071067811865476838, 0.7071067811865474617, 0.000000000000000000 ) ) ;
#750 = VECTOR ( 'NONE', #1254, 1000.000000000000000 ) ;
#751 = ORIENTED_EDGE ( 'NONE', *, *, #495, .T. ) ;
#752 = ORIENTED_EDGE ( 'NONE', *, *, #1234, .T. ) ;
#753 = EDGE_CURVE ( 'NONE', #3349, #2109, #1602, .T. ) ;
#754 = DIRECTION ( 'NONE',  ( 0.000000000000000000, 0.000000000000000000, -1.000000000000000000 ) ) ;
#755 = ORIENTED_EDGE ( 'NONE', *, *, #1077, .T. ) ;
#756 = EDGE_CURVE ( 'NONE', #2345, #2636, #1312, .T. ) ;
#757 = DIRECTION ( 'NONE',  ( -0.7071067811865476838, 0.7071067811865474617, 0.000000000000000000 ) ) ;
#758 = CARTESIAN_POINT ( 'NONE',  ( 2.799999999999999822, 2.000000000000000000, 1.500000000000000000 ) ) ;
#759 = CARTESIAN_POINT ( 'NONE',  ( 1.699999999999999956, 25.80000000000000071, 2.000000000000000000 ) ) ;
#760 = DIRECTION ( 'NONE',  ( -1.000000000000000000, 0.000000000000000000, 0.000000000000000000 ) ) ;
#761 = DIRECTION ( 'NONE',  ( -0.7071067811865476838, 0.7071067811865474617, 0.000000000000000000 ) ) ;
#762 = CIRCLE ( 'NONE', #1559, 1.399999999999998579 ) ;
#763 = ORIENTED_EDGE ( 'NONE', *, *, #3378, .F. ) ;
#764 = VERTEX_POINT ( 'NONE', #253 ) ;
#765 = DIRECTION ( 'NONE',  ( -0.000000000000000000, -0.000000000000000000, -1.000000000000000000 ) ) ;
#766 = CYLINDRICAL_SURFACE ( 'NONE', #3736, 0.7999999999999986011 ) ;
#767 = ORIENTED_EDGE ( 'NONE', *, *, #380, .T. ) ;
#768 = ORIENTED_EDGE ( 'NONE', *, *, #549, .T. ) ;
#769 = PRODUCT_DEFINITION_CONTEXT ( 'detailed design', #3401, 'design' ) ;
#770 = DIRECTION ( 'NONE',  ( 0.000000000000000000, 0.000000000000000000, -1.000000000000000000 ) ) ;
#771 = VERTEX_POINT ( 'NONE', #3718 ) ;
#772 = FACE_OUTER_BOUND ( 'NONE', #2773, .T. ) ;
#773 = EDGE_CURVE ( 'NONE', #3385, #3006, #3429, .T. ) ;
#774 = EDGE_CURVE ( 'NONE', #2063, #1172, #2577, .T. ) ;
#775 = CARTESIAN_POINT ( 'NONE',  ( 1.199999999999999956, 26.59999999999999787, 2.000000000000000000 ) ) ;
#776 = DIRECTION ( 'NONE',  ( -0.5773502691896260641, -0.5773502691896260641, -0.5773502691896250649 ) ) ;
#777 = DIRECTION ( 'NONE',  ( -5.916886274649569072E-17, 1.000000000000000000, 0.000000000000000000 ) ) ;
#778 = CARTESIAN_POINT ( 'NONE',  ( 25.39999999999999858, 2.299999999999999822, 2.000000000000000000 ) ) ;
#779 = VECTOR ( 'NONE', #760, 1000.000000000000000 ) ;
#780 = EDGE_LOOP ( 'NONE', ( #833, #3570, #3546, #713 ) ) ;
#781 = ORIENTED_EDGE ( 'NONE', *, *, #3282, .F. ) ;
#782 = CARTESIAN_POINT ( 'NONE',  ( 25.39999999999999858, 2.000000000000000000, 2.000000000000000000 ) ) ;
#783 = CARTESIAN_POINT ( 'NONE',  ( 28.58492424049174829, 28.98492424049175042, -0.8000000000000000444 ) ) ;
#784 = EDGE_LOOP ( 'NONE', ( #1546, #953, #2922, #841 ) ) ;
#785 = ORIENTED_EDGE ( 'NONE', *, *, #1484, .F. ) ;
#786 = VECTOR ( 'NONE', #1091, 1000.000000000000000 ) ;
#787 = CARTESIAN_POINT ( 'NONE',  ( 26.19999999999999929, 2.000000000000000000, 0.8000000000000000444 ) ) ;
#788 = CARTESIAN_POINT ( 'NONE',  ( 2.799999999999999822, 25.80000000000000071, 1.500000000000000000 ) ) ;
#789 = AXIS2_PLACEMENT_3D ( 'NONE', #2307, #2612, #3487 ) ;
#790 = ORIENTED_EDGE ( 'NONE', *, *, #1361, .F. ) ;
#791 = LINE ( 'NONE', #145, #887 ) ;
#792 = VECTOR ( 'NONE', #703, 1000.000000000000000 ) ;
#793 = CARTESIAN_POINT ( 'NONE',  ( 1.200000000000000622, 26.60000000000003340, 1.499999999999999778 ) ) ;
#794 = DIRECTION ( 'NONE',  ( 0.000000000000000000, 0.000000000000000000, -1.000000000000000000 ) ) ;
#795 = DIRECTION ( 'NONE',  ( 0.000000000000000000, 0.000000000000000000, 1.000000000000000000 ) ) ;
#796 = AXIS2_PLACEMENT_3D ( 'NONE', #3021, #956, #83 ) ;
#797 = DIRECTION ( 'NONE',  ( 0.000000000000000000, 0.000000000000000000, -1.000000000000000000 ) ) ;
#798 = ADVANCED_FACE ( 'NONE', ( #2252 ), #1296, .T. ) ;
#799 = ORIENTED_EDGE ( 'NONE', *, *, #2029, .T. ) ;
#800 = ORIENTED_EDGE ( 'NONE', *, *, #1225, .F. ) ;
#801 = PLANE ( 'NONE',  #1038 ) ;
#802 = PLANE ( 'NONE',  #1168 ) ;
#803 = AXIS2_PLACEMENT_3D ( 'NONE', #2277, #318, #550 ) ;
#804 = EDGE_CURVE ( 'NONE', #2956, #2554, #3699, .T. ) ;
#805 = ORIENTED_EDGE ( 'NONE', *, *, #1524, .F. ) ;
#806 = ORIENTED_EDGE ( 'NONE', *, *, #1105, .F. ) ;
#807 = FACE_OUTER_BOUND ( 'NONE', #97, .T. ) ;
#808 = DIRECTION ( 'NONE',  ( 1.000000000000000000, 0.000000000000000000, 0.000000000000000000 ) ) ;
#809 = EDGE_LOOP ( 'NONE', ( #1394, #445, #1980, #3109 ) ) ;
#810 = CARTESIAN_POINT ( 'NONE',  ( 27.09999999999999787, -1.100000000000000089, 3.600000000000000089 ) ) ;
#811 = CARTESIAN_POINT ( 'NONE',  ( 2.299999999999999378, 25.50000000000003197, 2.000000000000000000 ) ) ;
#812 = PLANE ( 'NONE',  #3407 ) ;
#813 = CARTESIAN_POINT ( 'NONE',  ( 25.70000000000002771, 2.299999999999999378, 2.000000000000000000 ) ) ;
#814 = ORIENTED_EDGE ( 'NONE', *, *, #2897, .T. ) ;
#815 = EDGE_CURVE ( 'NONE', #2611, #646, #1218, .T. ) ;
#816 = ORIENTED_EDGE ( 'NONE', *, *, #1628, .F. ) ;
#817 = CARTESIAN_POINT ( 'NONE',  ( 5.750000000000000000, 29.60000000000000142, 4.400000000000000355 ) ) ;
#818 = DIRECTION ( 'NONE',  ( -1.309225264888160013E-17, -1.000000000000000000, 0.000000000000000000 ) ) ;
#819 = VERTEX_POINT ( 'NONE', #1518 ) ;
#820 = ADVANCED_FACE ( 'NONE', ( #2347, #595 ), #2960, .F. ) ;
#821 = EDGE_CURVE ( 'NONE', #2300, #1258, #1785, .T. ) ;
#822 = ORIENTED_EDGE ( 'NONE', *, *, #47, .T. ) ;
#823 = VECTOR ( 'NONE', #3759, 1000.000000000000000 ) ;
#824 = DIRECTION ( 'NONE',  ( 1.000000000000000000, 0.000000000000000000, 0.000000000000000000 ) ) ;
#825 = CARTESIAN_POINT ( 'NONE',  ( -2.200000000000000178, 1.399999999999999911, 0.000000000000000000 ) ) ;
#826 = ORIENTED_EDGE ( 'NONE', *, *, #960, .F. ) ;
#827 = CARTESIAN_POINT ( 'NONE',  ( 25.39999999999999858, 26.59999999999999787, 1.500000000000000000 ) ) ;
#828 = CARTESIAN_POINT ( 'NONE',  ( 1.700000000000000400, 26.09999999999999432, 2.000000000000000000 ) ) ;
#829 = CARTESIAN_POINT ( 'NONE',  ( 24.60000000000002629, 26.60000000000003340, 1.499999999999999778 ) ) ;
#830 = CYLINDRICAL_SURFACE ( 'NONE', #3348, 2.500000000000001332 ) ;
#831 = DIRECTION ( 'NONE',  ( -0.7071067811865480168, 0.000000000000000000, 0.7071067811865470176 ) ) ;
#832 = VECTOR ( 'NONE', #1547, 1000.000000000000000 ) ;
#833 = ORIENTED_EDGE ( 'NONE', *, *, #2402, .T. ) ;
#834 = VERTEX_POINT ( 'NONE', #2944 ) ;
#835 = DIRECTION ( 'NONE',  ( 0.000000000000000000, 0.000000000000000000, -1.000000000000000000 ) ) ;
#836 = VECTOR ( 'NONE', #2468, 1000.000000000000000 ) ;
#837 = DIRECTION ( 'NONE',  ( 0.000000000000000000, 1.000000000000000000, 0.000000000000000000 ) ) ;
#838 = PRODUCT_DEFINITION_SHAPE ( 'NONE', 'NONE',  #1490 ) ;
#839 = AXIS2_PLACEMENT_3D ( 'NONE', #3631, #2290, #144 ) ;
#840 = ORIENTED_EDGE ( 'NONE', *, *, #2921, .F. ) ;
#841 = ORIENTED_EDGE ( 'NONE', *, *, #3514, .F. ) ;
#842 = CARTESIAN_POINT ( 'NONE',  ( 0.2999999999999999889, 29.19999999999999929, -1.199999999999999956 ) ) ;
#843 = DIRECTION ( 'NONE',  ( 0.000000000000000000, 0.000000000000000000, 1.000000000000000000 ) ) ;
#844 = CARTESIAN_POINT ( 'NONE',  ( -0.2000000000000000111, -0.2000000000000000111, 0.000000000000000000 ) ) ;
#845 = EDGE_CURVE ( 'NONE', #3539, #2593, #483, .T. ) ;
#846 = EDGE_CURVE ( 'NONE', #2572, #1458, #3568, .T. ) ;
#847 = ORIENTED_EDGE ( 'NONE', *, *, #538, .T. ) ;
#848 = CARTESIAN_POINT ( 'NONE',  ( 25.39999999999999858, 2.000000000000000000, 0.000000000000000000 ) ) ;
#849 = ADVANCED_FACE ( 'NONE', ( #1745 ), #2308, .T. ) ;
#850 = AXIS2_PLACEMENT_3D ( 'NONE', #3316, #2443, #3625 ) ;
#851 = CONICAL_SURFACE ( 'NONE', #2670, 2.100000000000000089, 0.7853981633974461696 ) ;
#852 = CARTESIAN_POINT ( 'NONE',  ( 25.70000000000002771, 26.09999999999999432, 2.000000000000000000 ) ) ;
#853 = CIRCLE ( 'NONE', #3049, 0.2999999999999999334 ) ;
#854 = LINE ( 'NONE', #3222, #1879 ) ;
#855 = CARTESIAN_POINT ( 'NONE',  ( 25.69999999999999929, 23.09999999999999787, 3.600000000000000089 ) ) ;
#856 = AXIS2_PLACEMENT_3D ( 'NONE', #3522, #835, #1998 ) ;
#857 = VERTEX_POINT ( 'NONE', #2386 ) ;
#858 = EDGE_LOOP ( 'NONE', ( #3505, #223, #2728, #1440, #3432, #2887 ) ) ;
#859 = AXIS2_PLACEMENT_3D ( 'NONE', #378, #705, #395 ) ;
#860 = CARTESIAN_POINT ( 'NONE',  ( 25.39999999999999858, 2.299999999999999822, 2.000000000000000000 ) ) ;
#861 = DIRECTION ( 'NONE',  ( 0.000000000000000000, 0.000000000000000000, 1.000000000000000000 ) ) ;
#862 =( REPRESENTATION_RELATIONSHIP ('NONE','NONE', #2689, #3481 ) REPRESENTATION_RELATIONSHIP_WITH_TRANSFORMATION ( #349 )SHAPE_REPRESENTATION_RELATIONSHIP( ) );
#863 = ORIENTED_EDGE ( 'NONE', *, *, #756, .T. ) ;
#864 = ORIENTED_EDGE ( 'NONE', *, *, #2239, .T. ) ;
#865 = DIRECTION ( 'NONE',  ( -1.000000000000000000, 0.000000000000000000, 0.000000000000000000 ) ) ;
#866 = DIRECTION ( 'NONE',  ( 0.000000000000000000, 1.000000000000000000, 0.000000000000000000 ) ) ;
#867 = LINE ( 'NONE', #273, #1316 ) ;
#868 = EDGE_LOOP ( 'NONE', ( #457, #2254, #826, #1152 ) ) ;
#869 = ADVANCED_FACE ( 'NONE', ( #577 ), #2065, .T. ) ;
#870 = CARTESIAN_POINT ( 'NONE',  ( 24.60000000000000142, 25.80000000000000071, 1.500000000000000000 ) ) ;
#871 = VECTOR ( 'NONE', #1505, 1000.000000000000000 ) ;
#872 = ADVANCED_FACE ( 'NONE', ( #2025 ), #1414, .T. ) ;
#873 = FACE_OUTER_BOUND ( 'NONE', #398, .T. ) ;
#874 = FACE_OUTER_BOUND ( 'NONE', #1041, .T. ) ;
#875 = DIRECTION ( 'NONE',  ( 0.000000000000000000, -1.000000000000000000, 0.000000000000000000 ) ) ;
#876 = ORIENTED_EDGE ( 'NONE', *, *, #1576, .T. ) ;
#877 = DIRECTION ( 'NONE',  ( 1.000000000000000000, 0.000000000000000000, 0.000000000000000000 ) ) ;
#878 = CARTESIAN_POINT ( 'NONE',  ( -1.100000000000000089, 24.80000000000000071, 2.649999981001020188 ) ) ;
#879 = CARTESIAN_POINT ( 'NONE',  ( 25.39999999999999858, 2.000000000000000000, 2.000000000000000000 ) ) ;
#880 = EDGE_LOOP ( 'NONE', ( #40, #2332, #864 ) ) ;
#881 = ORIENTED_EDGE ( 'NONE', *, *, #1407, .T. ) ;
#882 = LINE ( 'NONE', #1133, #3048 ) ;
#883 = CARTESIAN_POINT ( 'NONE',  ( 21.64999999999999858, -1.100000000000000089, 4.000000000000000000 ) ) ;
#884 = DIRECTION ( 'NONE',  ( 1.000000000000000000, 0.000000000000000000, 0.000000000000000000 ) ) ;
#885 = ORIENTED_EDGE ( 'NONE', *, *, #2785, .T. ) ;
#886 =( NAMED_UNIT ( * ) SI_UNIT ( $, .STERADIAN. ) SOLID_ANGLE_UNIT ( ) );
#887 = VECTOR ( 'NONE', #3123, 1000.000000000000000 ) ;
#888 = CARTESIAN_POINT ( 'NONE',  ( 24.60000000000000142, 25.80000000000000071, 1.500000000000000000 ) ) ;
#889 = CARTESIAN_POINT ( 'NONE',  ( 0.2999999999999999889, 27.50000000000000000, 3.600000000000000089 ) ) ;
#890 = CARTESIAN_POINT ( 'NONE',  ( 29.17071065353169956, -1.100000000000000089, 1.629289283883370132 ) ) ;
#891 = EDGE_CURVE ( 'NONE', #270, #2942, #1211, .T. ) ;
#892 = EDGE_CURVE ( 'NONE', #764, #2446, #2651, .T. ) ;
#893 = ORIENTED_EDGE ( 'NONE', *, *, #2853, .T. ) ;
#894 = LINE ( 'NONE', #2644, #1208 ) ;
#895 = CARTESIAN_POINT ( 'NONE',  ( 8.499999999999998224, 13.19999999999999929, 0.000000000000000000 ) ) ;
#896 = FACE_OUTER_BOUND ( 'NONE', #190, .T. ) ;
#897 = DIRECTION ( 'NONE',  ( 0.000000000000000000, 1.000000000000000000, -5.916886274649559212E-17 ) ) ;
#898 = ORIENTED_EDGE ( 'NONE', *, *, #288, .F. ) ;
#899 = ORIENTED_EDGE ( 'NONE', *, *, #1273, .T. ) ;
#900 = CARTESIAN_POINT ( 'NONE',  ( 29.24142133165040036, -1.100000000000000089, 1.699999962002020082 ) ) ;
#901 = DIRECTION ( 'NONE',  ( 0.000000000000000000, 0.000000000000000000, -1.000000000000000000 ) ) ;
#902 = AXIS2_PLACEMENT_3D ( 'NONE', #1771, #1734, #1694 ) ;
#903 = ORIENTED_EDGE ( 'NONE', *, *, #3565, .F. ) ;
#904 = CARTESIAN_POINT ( 'NONE',  ( -1.399999999999999911, 1.399999999999999911, -1.199999999999999956 ) ) ;
#905 = APPLICATION_PROTOCOL_DEFINITION ( 'draft international standard', 'automotive_design', 1998, #3401 ) ;
#906 = LINE ( 'NONE', #2675, #108 ) ;
#907 = AXIS2_PLACEMENT_3D ( 'NONE', #3175, #1009, #1881 ) ;
#908 = CARTESIAN_POINT ( 'NONE',  ( 8.500000000000000000, 25.19999999999999929, 0.000000000000000000 ) ) ;
#909 = EDGE_LOOP ( 'NONE', ( #71, #3739, #781 ) ) ;
#910 = VECTOR ( 'NONE', #2329, 1000.000000000000000 ) ;
#911 = DIRECTION ( 'NONE',  ( 0.000000000000000000, 0.000000000000000000, -1.000000000000000000 ) ) ;
#912 = DIRECTION ( 'NONE',  ( 1.000000000000000000, 0.000000000000000000, 0.000000000000000000 ) ) ;
#913 = EDGE_CURVE ( 'NONE', #284, #917, #1233, .T. ) ;
#914 = CARTESIAN_POINT ( 'NONE',  ( 27.09999999999999787, 1.399999999999999911, -1.199999999999999956 ) ) ;
#915 = AXIS2_PLACEMENT_3D ( 'NONE', #1454, #1188, #2303 ) ;
#916 = AXIS2_PLACEMENT_3D ( 'NONE', #3210, #589, #1759 ) ;
#917 = VERTEX_POINT ( 'NONE', #308 ) ;
#918 = ORIENTED_EDGE ( 'NONE', *, *, #1506, .T. ) ;
#919 = VECTOR ( 'NONE', #1496, 1000.000000000000000 ) ;
#920 = CARTESIAN_POINT ( 'NONE',  ( 1.699999999999999956, 10.09999999999999964, 4.000000000000000000 ) ) ;
#921 = EDGE_CURVE ( 'NONE', #1157, #37, #2596, .T. ) ;
#922 = DIRECTION ( 'NONE',  ( 0.000000000000000000, -1.000000000000000000, 0.000000000000000000 ) ) ;
#923 = ORIENTED_EDGE ( 'NONE', *, *, #2198, .T. ) ;
#924 = DIRECTION ( 'NONE',  ( -0.7071067811865477948, 0.7071067811865474617, 0.000000000000000000 ) ) ;
#925 = VECTOR ( 'NONE', #390, 1000.000000000000000 ) ;
#926 = DIRECTION ( 'NONE',  ( 0.000000000000000000, 0.000000000000000000, 1.000000000000000000 ) ) ;
#927 = DIRECTION ( 'NONE',  ( 0.000000000000000000, 0.000000000000000000, 1.000000000000000000 ) ) ;
#928 = CARTESIAN_POINT ( 'NONE',  ( 0.2999999999999999889, 27.50000000000000000, 0.000000000000000000 ) ) ;
#929 = ORIENTED_EDGE ( 'NONE', *, *, #2762, .T. ) ;
#930 = CARTESIAN_POINT ( 'NONE',  ( 2.000000000000000000, 1.199999999999999956, 1.500000000000000000 ) ) ;
#931 = CYLINDRICAL_SURFACE ( 'NONE', #2074, 2.500000000000000888 ) ;
#932 = FACE_OUTER_BOUND ( 'NONE', #305, .T. ) ;
#933 = CARTESIAN_POINT ( 'NONE',  ( 25.09999999999999432, 1.700000000000000400, 2.000000000000000000 ) ) ;
#934 = ADVANCED_FACE ( 'NONE', ( #1443 ), #3195, .T. ) ;
#935 = VERTEX_POINT ( 'NONE', #19 ) ;
#936 = ORIENTED_EDGE ( 'NONE', *, *, #3494, .T. ) ;
#937 = CARTESIAN_POINT ( 'NONE',  ( 27.09999999999999787, 30.00000000000000000, -0.4000000000000000222 ) ) ;
#938 = DIRECTION ( 'NONE',  ( 0.000000000000000000, -1.000000000000000000, 0.000000000000000000 ) ) ;
#939 = EDGE_CURVE ( 'NONE', #1151, #3081, #1463, .T. ) ;
#940 = EDGE_CURVE ( 'NONE', #1458, #1480, #2085, .T. ) ;
#941 = ORIENTED_EDGE ( 'NONE', *, *, #3678, .F. ) ;
#942 = CARTESIAN_POINT ( 'NONE',  ( 27.09999999999999787, -0.2999999999999999889, 4.799999999999999822 ) ) ;
#943 = CARTESIAN_POINT ( 'NONE',  ( 0.000000000000000000, 0.000000000000000000, 0.000000000000000000 ) ) ;
#944 = DIRECTION ( 'NONE',  ( 0.000000000000000000, 0.000000000000000000, 1.000000000000000000 ) ) ;
#945 = AXIS2_PLACEMENT_3D ( 'NONE', #1973, #3140, #521 ) ;
#946 = CARTESIAN_POINT ( 'NONE',  ( 29.09999997541309824, -1.100000000000000089, 1.699999962002020082 ) ) ;
#947 = ORIENTED_EDGE ( 'NONE', *, *, #1805, .T. ) ;
#948 = CARTESIAN_POINT ( 'NONE',  ( 2.000000000000000000, 25.80000000000000071, 1.500000000000000000 ) ) ;
#949 = DIRECTION ( 'NONE',  ( 1.000000000000000000, 0.000000000000000000, 0.000000000000000000 ) ) ;
#950 = CARTESIAN_POINT ( 'NONE',  ( 28.50000000000000000, 28.89999999999999858, 3.600000000000000089 ) ) ;
#951 = CARTESIAN_POINT ( 'NONE',  ( 6.750000000000000000, 28.00000000000000000, 0.000000000000000000 ) ) ;
#952 = CARTESIAN_POINT ( 'NONE',  ( 29.19999999999999929, 22.22500000000000142, -0.8000000000000000444 ) ) ;
#953 = ORIENTED_EDGE ( 'NONE', *, *, #730, .T. ) ;
#954 = ORIENTED_EDGE ( 'NONE', *, *, #1295, .T. ) ;
#955 = CARTESIAN_POINT ( 'NONE',  ( 5.750000000000000000, 30.00000000000000000, -0.4000000000000000222 ) ) ;
#956 = DIRECTION ( 'NONE',  ( 0.000000000000000000, 0.000000000000000000, 1.000000000000000000 ) ) ;
#957 = VECTOR ( 'NONE', #1529, 1000.000000000000000 ) ;
#958 = EDGE_LOOP ( 'NONE', ( #3314, #2414, #1652, #3781 ) ) ;
#959 = EDGE_CURVE ( 'NONE', #2062, #1118, #272, .T. ) ;
#960 = EDGE_CURVE ( 'NONE', #2850, #21, #3317, .T. ) ;
#961 = AXIS2_PLACEMENT_3D ( 'NONE', #1825, #332, #2738 ) ;
#962 = DIRECTION ( 'NONE',  ( 1.000000000000000000, 0.000000000000000000, 0.000000000000000000 ) ) ;
#963 = AXIS2_PLACEMENT_3D ( 'NONE', #2831, #1135, #824 ) ;
#964 = PLANE ( 'NONE',  #2359 ) ;
#965 = EDGE_CURVE ( 'NONE', #672, #1598, #1719, .T. ) ;
#966 = CARTESIAN_POINT ( 'NONE',  ( 13.70000000000000107, 14.44999999999999929, 0.000000000000000000 ) ) ;
#967 = ORIENTED_EDGE ( 'NONE', *, *, #1644, .T. ) ;
#968 = CARTESIAN_POINT ( 'NONE',  ( 1.699999999999999956, 2.000000000000000000, 2.000000000000000000 ) ) ;
#969 = CARTESIAN_POINT ( 'NONE',  ( 25.39999999999999858, 25.80000000000000071, 0.000000000000000000 ) ) ;
#970 = CARTESIAN_POINT ( 'NONE',  ( 0.2999999999999999889, 30.00000000000000000, 0.000000000000000000 ) ) ;
#971 = CARTESIAN_POINT ( 'NONE',  ( 24.60000000000000142, 2.000000000000000000, 1.500000000000000000 ) ) ;
#972 = PLANE ( 'NONE',  #2048 ) ;
#973 = VECTOR ( 'NONE', #866, 1000.000000000000000 ) ;
#974 = VECTOR ( 'NONE', #635, 1000.000000000000000 ) ;
#975 = ORIENTED_EDGE ( 'NONE', *, *, #1871, .T. ) ;
#976 = EDGE_LOOP ( 'NONE', ( #1494, #645, #1203, #2066 ) ) ;
#977 = DIRECTION ( 'NONE',  ( 0.000000000000000000, 0.000000000000000000, -1.000000000000000000 ) ) ;
#978 = CARTESIAN_POINT ( 'NONE',  ( 1.199999999999999956, 1.199999999999999956, 2.000000000000000000 ) ) ;
#979 = VECTOR ( 'NONE', #496, 1000.000000000000000 ) ;
#980 = ORIENTED_EDGE ( 'NONE', *, *, #1079, .F. ) ;
#981 = AXIS2_PLACEMENT_3D ( 'NONE', #2131, #2953, #949 ) ;
#982 = ORIENTED_EDGE ( 'NONE', *, *, #756, .F. ) ;
#983 = CARTESIAN_POINT ( 'NONE',  ( 25.39999999999999858, 2.799999999999999822, 1.500000000000000000 ) ) ;
#984 = AXIS2_PLACEMENT_3D ( 'NONE', #3482, #1170, #2939 ) ;
#985 = DIRECTION ( 'NONE',  ( 0.7071067811865466846, -0.7071067811865483499, 0.000000000000000000 ) ) ;
#986 = APPLICATION_CONTEXT ( 'automotive_design' ) ;
#987 = EDGE_CURVE ( 'NONE', #3409, #3526, #2504, .T. ) ;
#988 = APPLICATION_PROTOCOL_DEFINITION ( 'draft international standard', 'automotive_design', 1998, #2466 ) ;
#989 = CARTESIAN_POINT ( 'NONE',  ( 27.09999999999999787, 27.50000000000000000, 3.600000000000000089 ) ) ;
#990 = FACE_BOUND ( 'NONE', #3559, .T. ) ;
#991 = VECTOR ( 'NONE', #2913, 1000.000000000000000 ) ;
#992 = EDGE_CURVE ( 'NONE', #234, #1052, #728, .T. ) ;
#993 = ORIENTED_EDGE ( 'NONE', *, *, #2087, .T. ) ;
#994 = CARTESIAN_POINT ( 'NONE',  ( 2.799999999999999822, 2.799999999999999822, 2.000000000000000000 ) ) ;
#995 = PLANE ( 'NONE',  #2987 ) ;
#996 = PLANE ( 'NONE',  #612 ) ;
#997 = CARTESIAN_POINT ( 'NONE',  ( 26.20000000000000284, 2.799999999999999822, 2.000000000000000000 ) ) ;
#998 = CONICAL_SURFACE ( 'NONE', #3124, 2.100000000000000533, 0.7853981633974469467 ) ;
#999 = CARTESIAN_POINT ( 'NONE',  ( 28.86776695296637030, 29.26776695296636888, 0.000000000000000000 ) ) ;
#1000 = VERTEX_POINT ( 'NONE', #674 ) ;
#1001 = ORIENTED_EDGE ( 'NONE', *, *, #2405, .T. ) ;
#1002 = FACE_OUTER_BOUND ( 'NONE', #2560, .T. ) ;
#1003 = CARTESIAN_POINT ( 'NONE',  ( 2.299999999999999378, 1.700000000000000400, 2.000000000000000000 ) ) ;
#1004 = ORIENTED_EDGE ( 'NONE', *, *, #2762, .F. ) ;
#1005 = VERTEX_POINT ( 'NONE', #2981 ) ;
#1006 = UNCERTAINTY_MEASURE_WITH_UNIT (LENGTH_MEASURE( 1.000000000000000082E-05 ), #1859, 'distance_accuracy_value', 'NONE');
#1007 = CARTESIAN_POINT ( 'NONE',  ( 26.20000000000002061, 2.000000000000000000, 2.000000000000000000 ) ) ;
#1008 = CARTESIAN_POINT ( 'NONE',  ( -0.2000000000000000111, 7.125000000000000000, 0.000000000000000000 ) ) ;
#1009 = DIRECTION ( 'NONE',  ( 1.000000000000000000, 0.000000000000000000, 0.000000000000000000 ) ) ;
#1010 = CARTESIAN_POINT ( 'NONE',  ( -1.399999999999999911, 6.675000000000000711, 4.799999999999999822 ) ) ;
#1011 = CARTESIAN_POINT ( 'NONE',  ( 2.299999999999999378, 1.700000000000000400, 2.000000000000000000 ) ) ;
#1012 = CARTESIAN_POINT ( 'NONE',  ( 1.700000000000000178, 2.000000000000000000, 2.000000000000000000 ) ) ;
#1013 = DIRECTION ( 'NONE',  ( 0.000000000000000000, 0.000000000000000000, -1.000000000000000000 ) ) ;
#1014 = DIRECTION ( 'NONE',  ( 0.000000000000000000, 0.000000000000000000, 1.000000000000000000 ) ) ;
#1015 = EDGE_CURVE ( 'NONE', #1979, #1872, #3056, .T. ) ;
#1016 = ADVANCED_FACE ( 'NONE', ( #2692 ), #1841, .T. ) ;
#1017 = CARTESIAN_POINT ( 'NONE',  ( 0.2999999999999999889, 30.00000000000000000, 0.000000000000000000 ) ) ;
#1018 = STYLED_ITEM ( 'NONE', ( #2467 ), #2002 ) ;
#1019 = EDGE_LOOP ( 'NONE', ( #3657, #2231, #3448, #1634 ) ) ;
#1020 = ORIENTED_EDGE ( 'NONE', *, *, #3537, .F. ) ;
#1021 = LINE ( 'NONE', #2099, #3357 ) ;
#1022 = DIRECTION ( 'NONE',  ( 0.000000000000000000, -1.000000000000000000, 0.000000000000000000 ) ) ;
#1023 = EDGE_CURVE ( 'NONE', #2648, #685, #2376, .T. ) ;
#1024 = ORIENTED_EDGE ( 'NONE', *, *, #815, .T. ) ;
#1025 = CARTESIAN_POINT ( 'NONE',  ( 25.69999999999999929, 23.09999999999999787, 3.600000000000000089 ) ) ;
#1026 = CARTESIAN_POINT ( 'NONE',  ( 29.09999997541309824, -1.100000000000000089, 1.699999962002020082 ) ) ;
#1027 = CARTESIAN_POINT ( 'NONE',  ( 1.700000000000000400, 1.700000000000000400, 2.000000000000000000 ) ) ;
#1028 = LINE ( 'NONE', #510, #306 ) ;
#1029 = LINE ( 'NONE', #1940, #291 ) ;
#1030 = DIRECTION ( 'NONE',  ( 0.000000000000000000, 0.000000000000000000, 1.000000000000000000 ) ) ;
#1031 = DIRECTION ( 'NONE',  ( -4.921201350288809999E-18, 1.000000000000000000, 0.000000000000000000 ) ) ;
#1032 = ADVANCED_BREP_SHAPE_REPRESENTATION ( '', ( #3322, #131 ), #3243 ) ;
#1033 = ORIENTED_EDGE ( 'NONE', *, *, #3414, .T. ) ;
#1034 = ADVANCED_FACE ( 'NONE', ( #2119 ), #3005, .T. ) ;
#1035 = ORIENTED_EDGE ( 'NONE', *, *, #1603, .F. ) ;
#1036 = DIRECTION ( 'NONE',  ( 0.000000000000000000, 0.000000000000000000, -1.000000000000000000 ) ) ;
#1037 = CARTESIAN_POINT ( 'NONE',  ( 29.60000000000000142, 1.399999999999999911, 0.000000000000000000 ) ) ;
#1038 = AXIS2_PLACEMENT_3D ( 'NONE', #3712, #1631, #2514 ) ;
#1039 = ORIENTED_EDGE ( 'NONE', *, *, #2540, .F. ) ;
#1040 = ADVANCED_FACE ( 'NONE', ( #3603 ), #1137, .F. ) ;
#1041 = EDGE_LOOP ( 'NONE', ( #540, #3563, #3037, #535, #629, #3466 ) ) ;
#1042 = CARTESIAN_POINT ( 'NONE',  ( 2.000000000000000000, 2.000000000000000000, 0.8000000000000000444 ) ) ;
#1043 = CIRCLE ( 'NONE', #3613, 1.399999999999998579 ) ;
#1044 = AXIS2_PLACEMENT_3D ( 'NONE', #879, #1514, #301 ) ;
#1045 = CARTESIAN_POINT ( 'NONE',  ( 28.58492424049174829, -0.08492424049175076317, -0.8000000000000000444 ) ) ;
#1046 = PRODUCT_DEFINITION_FORMATION_WITH_SPECIFIED_SOURCE ( 'ANY', '', #1457, .NOT_KNOWN. ) ;
#1047 = DIRECTION ( 'NONE',  ( 0.000000000000000000, -1.000000000000000000, 0.000000000000000000 ) ) ;
#1048 = CARTESIAN_POINT ( 'NONE',  ( 1.199999999999999956, 25.80000000000000071, 1.500000000000000000 ) ) ;
#1049 = LINE ( 'NONE', #3383, #226 ) ;
#1050 = CARTESIAN_POINT ( 'NONE',  ( 25.70000000000002771, 1.700000000000000400, 2.000000000000000000 ) ) ;
#1051 = VECTOR ( 'NONE', #1066, 1000.000000000000000 ) ;
#1052 = VERTEX_POINT ( 'NONE', #3644 ) ;
#1053 = EDGE_LOOP ( 'NONE', ( #2200, #3110 ) ) ;
#1054 = DIRECTION ( 'NONE',  ( 1.000000000000000000, 0.000000000000000000, 0.000000000000000000 ) ) ;
#1055 = DIRECTION ( 'NONE',  ( -0.7071067811865481278, -0.7071067811865470176, 0.000000000000000000 ) ) ;
#1056 = ORIENTED_EDGE ( 'NONE', *, *, #3202, .F. ) ;
#1057 = ORIENTED_EDGE ( 'NONE', *, *, #892, .F. ) ;
#1058 = CARTESIAN_POINT ( 'NONE',  ( 2.800000000000001155, 25.80000000000001847, 2.000000000000000000 ) ) ;
#1059 = EDGE_CURVE ( 'NONE', #2554, #3793, #443, .T. ) ;
#1060 = ADVANCED_FACE ( 'NONE', ( #1613, #1110 ), #802, .T. ) ;
#1061 = EDGE_LOOP ( 'NONE', ( #3642, #3151, #1571, #3750, #2041, #3681, #1731, #1654, #16, #3390, #3428, #2698, #2249, #1766 ) ) ;
#1062 = CARTESIAN_POINT ( 'NONE',  ( 25.39999999999999858, 2.000000000000000000, 0.000000000000000000 ) ) ;
#1063 = CARTESIAN_POINT ( 'NONE',  ( 1.199999999999999956, 25.80000000000000071, 1.500000000000000000 ) ) ;
#1064 = CARTESIAN_POINT ( 'NONE',  ( 2.000000000000000000, 26.59999999999999787, 1.500000000000000000 ) ) ;
#1065 = FACE_OUTER_BOUND ( 'NONE', #909, .T. ) ;
#1066 = DIRECTION ( 'NONE',  ( -0.7071067811865480168, 0.000000000000000000, -0.7071067811865470176 ) ) ;
#1067 = EDGE_LOOP ( 'NONE', ( #361, #2866, #1565, #1839, #3255, #2860 ) ) ;
#1068 = ORIENTED_EDGE ( 'NONE', *, *, #2354, .T. ) ;
#1069 = DIRECTION ( 'NONE',  ( 0.000000000000000000, 0.000000000000000000, -1.000000000000000000 ) ) ;
#1070 = CARTESIAN_POINT ( 'NONE',  ( -2.200000000000000178, 1.399999999999999911, 3.600000000000000089 ) ) ;
#1071 = ORIENTED_EDGE ( 'NONE', *, *, #2293, .F. ) ;
#1072 = ORIENTED_EDGE ( 'NONE', *, *, #2422, .F. ) ;
#1073 = CARTESIAN_POINT ( 'NONE',  ( -2.200000000000000178, 27.50000000000000000, 3.600000000000000089 ) ) ;
#1074 = DIRECTION ( 'NONE',  ( 0.7071067811865475727, 0.7071067811865475727, 0.000000000000000000 ) ) ;
#1075 = ORIENTED_EDGE ( 'NONE', *, *, #100, .F. ) ;
#1076 = EDGE_CURVE ( 'NONE', #2323, #3239, #620, .T. ) ;
#1077 = EDGE_CURVE ( 'NONE', #1761, #764, #1894, .T. ) ;
#1078 = CARTESIAN_POINT ( 'NONE',  ( 28.50000000000000000, -1.100000000000000089, 1.099999986588939827 ) ) ;
#1079 = EDGE_CURVE ( 'NONE', #2420, #2272, #2863, .T. ) ;
#1080 = DIRECTION ( 'NONE',  ( 1.000000000000000000, 0.000000000000000000, 0.000000000000000000 ) ) ;
#1081 = DIRECTION ( 'NONE',  ( 0.000000000000000000, 0.000000000000000000, 1.000000000000000000 ) ) ;
#1082 = CARTESIAN_POINT ( 'NONE',  ( 0.2999999999999999889, -1.100000000000000089, 0.000000000000000000 ) ) ;
#1083 = CARTESIAN_POINT ( 'NONE',  ( 25.69999999999999929, 2.000000000000000000, 2.000000000000000000 ) ) ;
#1084 = AXIS2_PLACEMENT_3D ( 'NONE', #2717, #3324, #1543 ) ;
#1085 = ORIENTED_EDGE ( 'NONE', *, *, #2706, .T. ) ;
#1086 = ORIENTED_EDGE ( 'NONE', *, *, #683, .F. ) ;
#1087 = CARTESIAN_POINT ( 'NONE',  ( 0.2999999999999999889, 1.399999999999999911, -1.199999999999999956 ) ) ;
#1088 = CARTESIAN_POINT ( 'NONE',  ( -1.100000000000000089, -0.6712315177207980321, 3.600000000000000089 ) ) ;
#1089 = VERTEX_POINT ( 'NONE', #1088 ) ;
#1090 = ORIENTED_EDGE ( 'NONE', *, *, #2379, .T. ) ;
#1091 = DIRECTION ( 'NONE',  ( 1.000000000000000000, 0.000000000000000000, 0.000000000000000000 ) ) ;
#1092 = CARTESIAN_POINT ( 'NONE',  ( 25.39999999999999858, 2.000000000000000000, 0.8000000000000000444 ) ) ;
#1093 = AXIS2_PLACEMENT_3D ( 'NONE', #2190, #3346, #1909 ) ;
#1094 = ORIENTED_EDGE ( 'NONE', *, *, #736, .T. ) ;
#1095 = PLANE ( 'NONE',  #2044 ) ;
#1096 = STYLED_ITEM ( 'NONE', ( #1878 ), #3322 ) ;
#1097 = EDGE_CURVE ( 'NONE', #2272, #193, #309, .T. ) ;
#1098 = AXIS2_PLACEMENT_3D ( 'NONE', #3268, #666, #1866 ) ;
#1099 = CARTESIAN_POINT ( 'NONE',  ( 2.000000000000000000, 26.10000000000000142, 2.000000000000000000 ) ) ;
#1100 = CYLINDRICAL_SURFACE ( 'NONE', #3425, 0.7999999999999999334 ) ;
#1101 = DIRECTION ( 'NONE',  ( -0.7071067811865510144, -4.320222960214810083E-17, -0.7071067811865441310 ) ) ;
#1102 = CIRCLE ( 'NONE', #3052, 1.399999999999998579 ) ;
#1103 = DIRECTION ( 'NONE',  ( 0.000000000000000000, 0.000000000000000000, 1.000000000000000000 ) ) ;
#1104 = EDGE_CURVE ( 'NONE', #3793, #1000, #3677, .T. ) ;
#1105 = EDGE_CURVE ( 'NONE', #917, #1637, #3406, .T. ) ;
#1106 = ORIENTED_EDGE ( 'NONE', *, *, #691, .F. ) ;
#1107 = VERTEX_POINT ( 'NONE', #3734 ) ;
#1108 = CARTESIAN_POINT ( 'NONE',  ( 24.60000000000000142, 2.000000000000000000, 1.500000000000000000 ) ) ;
#1109 = FACE_OUTER_BOUND ( 'NONE', #1910, .T. ) ;
#1110 = FACE_OUTER_BOUND ( 'NONE', #2288, .T. ) ;
#1111 = AXIS2_PLACEMENT_3D ( 'NONE', #3653, #1030, #2189 ) ;
#1112 = EDGE_CURVE ( 'NONE', #3239, #3793, #498, .T. ) ;
#1113 = ORIENTED_EDGE ( 'NONE', *, *, #173, .F. ) ;
#1114 = ORIENTED_EDGE ( 'NONE', *, *, #2423, .T. ) ;
#1115 = UNCERTAINTY_MEASURE_WITH_UNIT (LENGTH_MEASURE( 1.000000000000000082E-05 ), #370, 'distance_accuracy_value', 'NONE');
#1116 = CARTESIAN_POINT ( 'NONE',  ( 18.89999999999999858, 28.00000000000000000, 0.000000000000000000 ) ) ;
#1117 = DIRECTION ( 'NONE',  ( -0.7071067811865480168, 0.000000000000000000, -0.7071067811865470176 ) ) ;
#1118 = VERTEX_POINT ( 'NONE', #2230 ) ;
#1119 = DIRECTION ( 'NONE',  ( 0.000000000000000000, 0.000000000000000000, 1.000000000000000000 ) ) ;
#1120 = CARTESIAN_POINT ( 'NONE',  ( 18.89999999999999858, 28.00000000000000000, 0.000000000000000000 ) ) ;
#1121 =( LENGTH_UNIT ( ) NAMED_UNIT ( * ) SI_UNIT ( .MILLI., .METRE. ) );
#1122 = CYLINDRICAL_SURFACE ( 'NONE', #3780, 1.400000000000000133 ) ;
#1123 = CARTESIAN_POINT ( 'NONE',  ( -1.099999975413079811, -1.100000000000000089, 1.099999962002039977 ) ) ;
#1124 = VERTEX_POINT ( 'NONE', #1946 ) ;
#1125 = EDGE_LOOP ( 'NONE', ( #2408, #752, #383, #1499 ) ) ;
#1126 = DIRECTION ( 'NONE',  ( 0.000000000000000000, 0.000000000000000000, -1.000000000000000000 ) ) ;
#1127 = EDGE_CURVE ( 'NONE', #1124, #857, #3134, .T. ) ;
#1128 = DIRECTION ( 'NONE',  ( 0.000000000000000000, -1.000000000000000000, 0.000000000000000000 ) ) ;
#1129 = EDGE_CURVE ( 'NONE', #1423, #404, #677, .T. ) ;
#1130 = FACE_OUTER_BOUND ( 'NONE', #2218, .T. ) ;
#1131 = ORIENTED_EDGE ( 'NONE', *, *, #1603, .T. ) ;
#1132 = ORIENTED_EDGE ( 'NONE', *, *, #2480, .T. ) ;
#1133 = CARTESIAN_POINT ( 'NONE',  ( -2.200000000000000178, 27.50000000000000000, 0.000000000000000000 ) ) ;
#1134 = EDGE_CURVE ( 'NONE', #2062, #2080, #1837, .T. ) ;
#1135 = DIRECTION ( 'NONE',  ( 0.000000000000000000, 0.000000000000000000, -1.000000000000000000 ) ) ;
#1136 = CARTESIAN_POINT ( 'NONE',  ( -1.100000000000000089, 2.899999999999999911, 0.8499999810010190338 ) ) ;
#1137 =( BOUNDED_SURFACE ( )  B_SPLINE_SURFACE ( 2, 2, ( 
 ( #2709, #2177, #3661, #2462, #1820, #1267, #156, #3294, #99 ),
 ( #1891, #978, #1594, #694, #1857, #403, #118, #1286, #2444 ),
 ( #3626, #3060, #1874, #1003, #2158, #139, #3040, #421, #2752 ) ),
 .UNSPECIFIED., .F., .T., .T. ) 
 B_SPLINE_SURFACE_WITH_KNOTS ( ( 3, 3 ),
 ( 3, 2, 2, 2, 3 ),
 ( 0.000000000000000000, 1.570796326794899889 ),
 ( -3.141592653589790007, -1.570796326794899889, 0.000000000000000000, 1.570796326794899889, 3.141592653589790007 ),
 .UNSPECIFIED. ) 
 GEOMETRIC_REPRESENTATION_ITEM ( )  RATIONAL_B_SPLINE_SURFACE ( (
 ( 1.000000000000000000, 0.7071067811865480168, 1.000000000000000000, 0.7071067811865480168, 1.000000000000000000, 0.7071067811865480168, 1.000000000000000000, 0.7071067811865480168, 1.000000000000000000),
 ( 0.7071067811865470176, 0.5000000000000000000, 0.7071067811865470176, 0.5000000000000000000, 0.7071067811865470176, 0.5000000000000000000, 0.7071067811865470176, 0.5000000000000000000, 0.7071067811865470176),
 ( 1.000000000000000000, 0.7071067811865480168, 1.000000000000000000, 0.7071067811865480168, 1.000000000000000000, 0.7071067811865480168, 1.000000000000000000, 0.7071067811865480168, 1.000000000000000000) ) ) 
 REPRESENTATION_ITEM ( '' )  SURFACE ( )  );
#1138 = VERTEX_POINT ( 'NONE', #1667 ) ;
#1139 = CARTESIAN_POINT ( 'NONE',  ( 0.6000000000000000888, 25.80000000000000071, 0.000000000000000000 ) ) ;
#1140 = CARTESIAN_POINT ( 'NONE',  ( 2.000000000000000000, 26.59999999999999787, 1.500000000000000000 ) ) ;
#1141 = CARTESIAN_POINT ( 'NONE',  ( 24.60000000000000142, 25.00000000000000000, 2.000000000000000000 ) ) ;
#1142 = DIRECTION ( 'NONE',  ( -0.7071067811865476838, 0.7071067811865474617, 0.000000000000000000 ) ) ;
#1143 = PLANE ( 'NONE',  #1422 ) ;
#1144 = VERTEX_POINT ( 'NONE', #227 ) ;
#1145 = VERTEX_POINT ( 'NONE', #3446 ) ;
#1146 = LINE ( 'NONE', #280, #919 ) ;
#1147 = CARTESIAN_POINT ( 'NONE',  ( 24.59999999999999076, 25.79999999999997584, 2.000000000000000000 ) ) ;
#1148 = VECTOR ( 'NONE', #560, 1000.000000000000000 ) ;
#1149 = CARTESIAN_POINT ( 'NONE',  ( 27.09999999999999787, 1.399999999999999911, -1.199999999999999956 ) ) ;
#1150 = ADVANCED_FACE ( 'NONE', ( #1397 ), #766, .T. ) ;
#1151 = VERTEX_POINT ( 'NONE', #209 ) ;
#1152 = ORIENTED_EDGE ( 'NONE', *, *, #637, .T. ) ;
#1153 = CARTESIAN_POINT ( 'NONE',  ( 3.400000000000000355, 25.80000000000000071, 0.000000000000000000 ) ) ;
#1154 = CARTESIAN_POINT ( 'NONE',  ( 25.39999999999999858, 25.80000000000000071, 2.000000000000000000 ) ) ;
#1155 = CARTESIAN_POINT ( 'NONE',  ( 28.79571065353169956, 2.799999999999999822, 2.145710640120679802 ) ) ;
#1156 = ADVANCED_FACE ( 'NONE', ( #2807 ), #192, .T. ) ;
#1157 = VERTEX_POINT ( 'NONE', #1419 ) ;
#1158 = CARTESIAN_POINT ( 'NONE',  ( 26.20000000000000284, 26.59999999999999787, 2.000000000000000000 ) ) ;
#1159 =( BOUNDED_CURVE ( )  B_SPLINE_CURVE ( 2, ( #571, #1740, #33 ),
 .UNSPECIFIED., .F., .T. ) 
 B_SPLINE_CURVE_WITH_KNOTS ( ( 3, 3 ),
 ( 0.000000000000000000, 1.570796326794899667 ),
 .UNSPECIFIED. ) 
 CURVE ( )  GEOMETRIC_REPRESENTATION_ITEM ( )  RATIONAL_B_SPLINE_CURVE ( ( 1.000000000000000000, 0.7071067811865460184, 1.000000000000000000 ) ) 
 REPRESENTATION_ITEM ( '' )  );
#1160 = AXIS2_PLACEMENT_3D ( 'NONE', #1462, #3233, #1762 ) ;
#1161 = CARTESIAN_POINT ( 'NONE',  ( 24.60000000000002629, 25.00000000000000355, 1.499999999999999778 ) ) ;
#1162 = AXIS2_PLACEMENT_3D ( 'NONE', #2497, #1981, #3676 ) ;
#1163 = DIRECTION ( 'NONE',  ( 0.7071067811865475727, 0.7071067811865475727, 0.000000000000000000 ) ) ;
#1164 = PLANE ( 'NONE',  #803 ) ;
#1165 = CIRCLE ( 'NONE', #551, 2.500000000000001332 ) ;
#1166 = ORIENTED_EDGE ( 'NONE', *, *, #1381, .T. ) ;
#1167 = FACE_OUTER_BOUND ( 'NONE', #335, .T. ) ;
#1168 = AXIS2_PLACEMENT_3D ( 'NONE', #1701, #3713, #1341 ) ;
#1169 = CARTESIAN_POINT ( 'NONE',  ( 25.09999999999999432, 1.700000000000000400, 2.000000000000000000 ) ) ;
#1170 = DIRECTION ( 'NONE',  ( 0.000000000000000000, 0.000000000000000000, 1.000000000000000000 ) ) ;
#1171 = AXIS2_PLACEMENT_3D ( 'NONE', #653, #636, #922 ) ;
#1172 = VERTEX_POINT ( 'NONE', #1376 ) ;
#1173 = ORIENTED_EDGE ( 'NONE', *, *, #2204, .F. ) ;
#1174 = CARTESIAN_POINT ( 'NONE',  ( 29.60000000000000142, -1.100000000000000089, 3.600000000000000089 ) ) ;
#1175 = CARTESIAN_POINT ( 'NONE',  ( 27.09999999999999787, 27.50000000000000000, -0.8000000000000000444 ) ) ;
#1176 = VECTOR ( 'NONE', #1471, 1000.000000000000000 ) ;
#1177 = ORIENTED_EDGE ( 'NONE', *, *, #1076, .T. ) ;
#1178 = EDGE_CURVE ( 'NONE', #2496, #1858, #2532, .T. ) ;
#1179 = ADVANCED_FACE ( 'NONE', ( #1130 ), #1913, .T. ) ;
#1180 = DIRECTION ( 'NONE',  ( 0.000000000000000000, 0.000000000000000000, -1.000000000000000000 ) ) ;
#1181 = DIRECTION ( 'NONE',  ( 1.000000000000000000, 0.000000000000000000, 0.000000000000000000 ) ) ;
#1182 = CARTESIAN_POINT ( 'NONE',  ( 25.69999999999999929, 25.79999999999999005, 2.000000000000000000 ) ) ;
#1183 = APPLICATION_CONTEXT ( 'automotive_design' ) ;
#1184 = DIRECTION ( 'NONE',  ( 0.000000000000000000, -1.000000000000000000, 0.000000000000000000 ) ) ;
#1185 = ORIENTED_EDGE ( 'NONE', *, *, #1415, .T. ) ;
#1186 = DIRECTION ( 'NONE',  ( 0.000000000000000000, 0.000000000000000000, 1.000000000000000000 ) ) ;
#1187 = FACE_OUTER_BOUND ( 'NONE', #269, .T. ) ;
#1188 = DIRECTION ( 'NONE',  ( 0.000000000000000000, 0.000000000000000000, -1.000000000000000000 ) ) ;
#1189 = PLANE ( 'NONE',  #3115 ) ;
#1190 = ORIENTED_EDGE ( 'NONE', *, *, #2686, .F. ) ;
#1191 = ORIENTED_EDGE ( 'NONE', *, *, #1273, .F. ) ;
#1192 = DIRECTION ( 'NONE',  ( -1.000000000000000000, 0.000000000000000000, 0.000000000000000000 ) ) ;
#1193 = CARTESIAN_POINT ( 'NONE',  ( 21.10000000000000142, 28.89999999999999858, 0.000000000000000000 ) ) ;
#1194 = CARTESIAN_POINT ( 'NONE',  ( -2.200000000000000178, 27.50000000000000000, 4.000000000000000000 ) ) ;
#1195 = VERTEX_POINT ( 'NONE', #2498 ) ;
#1196 = CARTESIAN_POINT ( 'NONE',  ( 25.39999999999999858, 26.10000000000000142, 2.000000000000000000 ) ) ;
#1197 = ADVANCED_FACE ( 'NONE', ( #340 ), #130, .T. ) ;
#1198 = DIRECTION ( 'NONE',  ( 0.000000000000000000, 0.000000000000000000, 1.000000000000000000 ) ) ;
#1199 = DIRECTION ( 'NONE',  ( -0.5773502691896260641, 0.5773502691896260641, -0.5773502691896250649 ) ) ;
#1200 = CARTESIAN_POINT ( 'NONE',  ( 0.9000000000000000222, 9.299999999999998934, 4.799999999999999822 ) ) ;
#1201 = PRODUCT_RELATED_PRODUCT_CATEGORY ( 'part', '', ( #3471 ) ) ;
#1202 = ORIENTED_EDGE ( 'NONE', *, *, #2293, .T. ) ;
#1203 = ORIENTED_EDGE ( 'NONE', *, *, #564, .T. ) ;
#1204 = CARTESIAN_POINT ( 'NONE',  ( -1.100000000000000089, 28.89999999999999858, 3.600000000000000089 ) ) ;
#1205 = DIRECTION ( 'NONE',  ( 0.000000000000000000, 0.000000000000000000, 1.000000000000000000 ) ) ;
#1206 = CARTESIAN_POINT ( 'NONE',  ( 2.799999999999999822, 2.000000000000000000, 1.500000000000000000 ) ) ;
#1207 = ORIENTED_EDGE ( 'NONE', *, *, #2920, .T. ) ;
#1208 = VECTOR ( 'NONE', #2680, 1000.000000000000000 ) ;
#1209 = ORIENTED_EDGE ( 'NONE', *, *, #3211, .T. ) ;
#1210 = PLANE ( 'NONE',  #297 ) ;
#1211 = LINE ( 'NONE', #59, #2995 ) ;
#1212 = ORIENTED_EDGE ( 'NONE', *, *, #3234, .T. ) ;
#1213 = CARTESIAN_POINT ( 'NONE',  ( 0.2999999999999999889, 27.50000000000000000, -0.8000000000000000444 ) ) ;
#1214 = PRODUCT_CONTEXT ( 'NONE', #2858, 'mechanical' ) ;
#1215 = CARTESIAN_POINT ( 'NONE',  ( 28.50000000000000000, 28.89999999999999858, 3.600000000000000089 ) ) ;
#1216 = FACE_OUTER_BOUND ( 'NONE', #2285, .T. ) ;
#1217 = ADVANCED_FACE ( 'NONE', ( #2608 ), #15, .T. ) ;
#1218 = CIRCLE ( 'NONE', #604, 0.3000000000000016542 ) ;
#1219 = ORIENTED_EDGE ( 'NONE', *, *, #845, .F. ) ;
#1220 = CIRCLE ( 'NONE', #3788, 1.700000000000000400 ) ;
#1221 = CARTESIAN_POINT ( 'NONE',  ( 1.199999999999999956, 1.199999999999999956, 2.000000000000000000 ) ) ;
#1222 = DIRECTION ( 'NONE',  ( 0.7071067811865475727, 0.7071067811865475727, 0.000000000000000000 ) ) ;
#1223 = DIRECTION ( 'NONE',  ( 0.000000000000000000, 0.000000000000000000, -1.000000000000000000 ) ) ;
#1224 = CARTESIAN_POINT ( 'NONE',  ( -1.100000000000000089, 2.799999999999999822, 0.9585786303516460327 ) ) ;
#1225 = EDGE_CURVE ( 'NONE', #3001, #1985, #2079, .T. ) ;
#1226 = AXIS2_PLACEMENT_3D ( 'NONE', #3769, #572, #912 ) ;
#1227 = VECTOR ( 'NONE', #3112, 1000.000000000000114 ) ;
#1228 = VERTEX_POINT ( 'NONE', #2304 ) ;
#1229 = ORIENTED_EDGE ( 'NONE', *, *, #3518, .F. ) ;
#1230 = CIRCLE ( 'NONE', #981, 0.7999999999999986011 ) ;
#1231 = LINE ( 'NONE', #1573, #2615 ) ;
#1232 = DIRECTION ( 'NONE',  ( 1.000000000000000000, -1.309225264888160013E-17, 0.000000000000000000 ) ) ;
#1233 = CIRCLE ( 'NONE', #3366, 1.700000000000000400 ) ;
#1234 = EDGE_CURVE ( 'NONE', #3001, #518, #2918, .T. ) ;
#1235 = VERTEX_POINT ( 'NONE', #3169 ) ;
#1236 = FACE_OUTER_BOUND ( 'NONE', #1782, .T. ) ;
#1237 = AXIS2_PLACEMENT_3D ( 'NONE', #187, #3418, #3105 ) ;
#1238 = DIRECTION ( 'NONE',  ( 1.000000000000000000, 0.000000000000000000, 0.000000000000000000 ) ) ;
#1239 = DIRECTION ( 'NONE',  ( -0.000000000000000000, 1.000000000000000000, 0.000000000000000000 ) ) ;
#1240 = DIRECTION ( 'NONE',  ( 1.000000000000000000, 0.000000000000000000, 0.000000000000000000 ) ) ;
#1241 = ORIENTED_EDGE ( 'NONE', *, *, #1669, .T. ) ;
#1242 = CARTESIAN_POINT ( 'NONE',  ( 1.199999999999999956, 25.80000000000000071, 0.8000000000000000444 ) ) ;
#1243 = CARTESIAN_POINT ( 'NONE',  ( 24.60000000000000142, 25.80000000000000071, 0.8000000000000000444 ) ) ;
#1244 = CARTESIAN_POINT ( 'NONE',  ( 27.09999999999999787, -1.100000000000000089, 0.000000000000000000 ) ) ;
#1245 = CARTESIAN_POINT ( 'NONE',  ( 26.19999999999998863, 1.200000000000000622, 1.499999999999999778 ) ) ;
#1246 = ORIENTED_EDGE ( 'NONE', *, *, #1876, .T. ) ;
#1247 = ADVANCED_FACE ( 'NONE', ( #632 ), #1189, .T. ) ;
#1248 = EDGE_CURVE ( 'NONE', #1984, #391, #3671, .T. ) ;
#1249 = ORIENTED_EDGE ( 'NONE', *, *, #2618, .F. ) ;
#1250 = CARTESIAN_POINT ( 'NONE',  ( -2.200000000000000178, 27.50000000000000000, -0.4000000000000000222 ) ) ;
#1251 = DIRECTION ( 'NONE',  ( 0.000000000000000000, 0.000000000000000000, -1.000000000000000000 ) ) ;
#1252 = EDGE_CURVE ( 'NONE', #2464, #3260, #2809, .T. ) ;
#1253 = ORIENTED_EDGE ( 'NONE', *, *, #2239, .F. ) ;
#1254 = DIRECTION ( 'NONE',  ( 0.000000000000000000, 1.000000000000000000, 0.000000000000000000 ) ) ;
#1255 = DIRECTION ( 'NONE',  ( 0.000000000000000000, 0.000000000000000000, 1.000000000000000000 ) ) ;
#1256 = CARTESIAN_POINT ( 'NONE',  ( 2.000000000000000000, 2.000000000000000000, 0.000000000000000000 ) ) ;
#1257 = CARTESIAN_POINT ( 'NONE',  ( 27.59999999999999787, 28.00000000000000000, 3.600000000000000089 ) ) ;
#1258 = VERTEX_POINT ( 'NONE', #1206 ) ;
#1259 = DIRECTION ( 'NONE',  ( 0.7071067811865466846, -0.7071067811865483499, 0.000000000000000000 ) ) ;
#1260 = DIRECTION ( 'NONE',  ( 0.7071067811865480168, 0.000000000000000000, -0.7071067811865470176 ) ) ;
#1261 = CARTESIAN_POINT ( 'NONE',  ( -1.099999975413079811, 2.899999999999999911, 2.299999962002039933 ) ) ;
#1262 = CARTESIAN_POINT ( 'NONE',  ( 25.39999999999999858, 1.199999999999999956, 1.500000000000000000 ) ) ;
#1263 = CARTESIAN_POINT ( 'NONE',  ( 27.09999999999999787, 1.399999999999999911, 0.000000000000000000 ) ) ;
#1264 = ORIENTED_EDGE ( 'NONE', *, *, #1252, .T. ) ;
#1265 = EDGE_LOOP ( 'NONE', ( #2264, #2327 ) ) ;
#1266 = DIRECTION ( 'NONE',  ( -0.7071067811865477948, 0.7071067811865472397, 0.000000000000000000 ) ) ;
#1267 = CARTESIAN_POINT ( 'NONE',  ( 2.800000000000000711, 2.800000000000000711, 1.499999999999999778 ) ) ;
#1268 = EDGE_CURVE ( 'NONE', #1323, #570, #1456, .T. ) ;
#1269 = ORIENTED_EDGE ( 'NONE', *, *, #426, .T. ) ;
#1270 = ORIENTED_EDGE ( 'NONE', *, *, #2028, .F. ) ;
#1271 = VECTOR ( 'NONE', #1318, 1000.000000000000000 ) ;
#1272 = DIRECTION ( 'NONE',  ( 0.000000000000000000, 0.000000000000000000, -1.000000000000000000 ) ) ;
#1273 = EDGE_CURVE ( 'NONE', #2063, #270, #491, .T. ) ;
#1274 = VECTOR ( 'NONE', #3312, 1000.000000000000000 ) ;
#1275 = DIRECTION ( 'NONE',  ( 1.000000000000000000, 0.000000000000000000, 0.000000000000000000 ) ) ;
#1276 = CARTESIAN_POINT ( 'NONE',  ( 2.000000000000000000, 25.80000000000000071, 0.8000000000000000444 ) ) ;
#1277 = ORIENTED_EDGE ( 'NONE', *, *, #2028, .T. ) ;
#1278 = CARTESIAN_POINT ( 'NONE',  ( 2.799999999999999822, 1.199999999999999956, 2.000000000000000000 ) ) ;
#1279 = FACE_OUTER_BOUND ( 'NONE', #3460, .T. ) ;
#1280 = DIRECTION ( 'NONE',  ( 0.7071067811865475727, 0.7071067811865475727, 0.000000000000000000 ) ) ;
#1281 = DIRECTION ( 'NONE',  ( 0.000000000000000000, 0.000000000000000000, 1.000000000000000000 ) ) ;
#1282 = CIRCLE ( 'NONE', #789, 0.7999999999999986011 ) ;
#1283 = VERTEX_POINT ( 'NONE', #2326 ) ;
#1284 = ORIENTED_EDGE ( 'NONE', *, *, #400, .T. ) ;
#1285 = DIRECTION ( 'NONE',  ( 0.000000000000000000, -0.7071067811865480168, 0.7071067811865470176 ) ) ;
#1286 = CARTESIAN_POINT ( 'NONE',  ( 1.199999999999999956, 2.799999999999999822, 2.000000000000000000 ) ) ;
#1287 = AXIS2_PLACEMENT_3D ( 'NONE', #3620, #1013, #2395 ) ;
#1288 = VERTEX_POINT ( 'NONE', #52 ) ;
#1289 = AXIS2_PLACEMENT_3D ( 'NONE', #3327, #3635, #2721 ) ;
#1290 = ORIENTED_EDGE ( 'NONE', *, *, #2353, .T. ) ;
#1291 = CARTESIAN_POINT ( 'NONE',  ( 25.40000000000000568, 1.199999999999999734, 2.000000000000000000 ) ) ;
#1292 = VECTOR ( 'NONE', #3753, 1000.000000000000000 ) ;
#1293 = LINE ( 'NONE', #1844, #3686 ) ;
#1294 = EDGE_CURVE ( 'NONE', #2522, #2812, #1102, .T. ) ;
#1295 = EDGE_CURVE ( 'NONE', #3422, #1144, #2360, .T. ) ;
#1296 = PLANE ( 'NONE',  #907 ) ;
#1297 = CARTESIAN_POINT ( 'NONE',  ( 24.60000000000000142, 25.80000000000000071, 1.500000000000000000 ) ) ;
#1298 = VECTOR ( 'NONE', #3009, 1000.000000000000000 ) ;
#1299 = CARTESIAN_POINT ( 'NONE',  ( 2.000000000000000444, 2.799999999999997158, 2.000000000000000444 ) ) ;
#1300 = FACE_OUTER_BOUND ( 'NONE', #809, .T. ) ;
#1301 = FACE_OUTER_BOUND ( 'NONE', #3318, .T. ) ;
#1302 = CARTESIAN_POINT ( 'NONE',  ( 27.09999999999999787, 27.50000000000000000, 4.799999999999999822 ) ) ;
#1303 = DIRECTION ( 'NONE',  ( 1.000000000000000000, 6.938893903907229610E-17, 0.000000000000000000 ) ) ;
#1304 = ORIENTED_EDGE ( 'NONE', *, *, #467, .F. ) ;
#1305 = ORIENTED_EDGE ( 'NONE', *, *, #2588, .F. ) ;
#1306 = DIRECTION ( 'NONE',  ( 0.000000000000000000, 0.000000000000000000, -1.000000000000000000 ) ) ;
#1307 = DIRECTION ( 'NONE',  ( 1.000000000000000000, 0.000000000000000000, 0.000000000000000000 ) ) ;
#1308 = ORIENTED_EDGE ( 'NONE', *, *, #2354, .F. ) ;
#1309 = ORIENTED_EDGE ( 'NONE', *, *, #3419, .F. ) ;
#1310 = CARTESIAN_POINT ( 'NONE',  ( 25.10000000000000142, 2.000000000000000000, 2.000000000000000000 ) ) ;
#1311 = CARTESIAN_POINT ( 'NONE',  ( -2.200000000000000178, 27.50000000000000000, -0.4000000000000000222 ) ) ;
#1312 = LINE ( 'NONE', #1986, #2421 ) ;
#1313 = SURFACE_STYLE_FILL_AREA ( #2542 ) ;
#1314 = EDGE_CURVE ( 'NONE', #1145, #3749, #3732, .T. ) ;
#1315 = CARTESIAN_POINT ( 'NONE',  ( 2.799999999999997158, 2.000000000000000444, 2.000000000000000444 ) ) ;
#1316 = VECTOR ( 'NONE', #561, 1000.000000000000000 ) ;
#1317 = DIRECTION ( 'NONE',  ( -1.000000000000000000, 1.309225264888160013E-17, 0.000000000000000000 ) ) ;
#1318 = DIRECTION ( 'NONE',  ( 0.000000000000000000, 0.000000000000000000, 1.000000000000000000 ) ) ;
#1319 = CARTESIAN_POINT ( 'NONE',  ( 0.2999999999999999889, 30.00000000000000000, -0.4000000000000000222 ) ) ;
#1320 = CARTESIAN_POINT ( 'NONE',  ( 2.000000000000000000, 25.80000000000000071, 0.8000000000000000444 ) ) ;
#1321 = EDGE_CURVE ( 'NONE', #21, #2791, #2955, .T. ) ;
#1322 = ORIENTED_EDGE ( 'NONE', *, *, #2448, .T. ) ;
#1323 = VERTEX_POINT ( 'NONE', #1224 ) ;
#1324 = CARTESIAN_POINT ( 'NONE',  ( 18.89999999999999858, 13.19999999999999929, 0.000000000000000000 ) ) ;
#1325 = DIRECTION ( 'NONE',  ( 0.000000000000000000, -1.000000000000000000, 0.000000000000000000 ) ) ;
#1326 = ORIENTED_EDGE ( 'NONE', *, *, #3278, .T. ) ;
#1327 = ORIENTED_EDGE ( 'NONE', *, *, #1788, .T. ) ;
#1328 = DIRECTION ( 'NONE',  ( 0.000000000000000000, 0.000000000000000000, -1.000000000000000000 ) ) ;
#1329 = AXIS2_PLACEMENT_3D ( 'NONE', #3359, #413, #2487 ) ;
#1330 = VECTOR ( 'NONE', #504, 1000.000000000000000 ) ;
#1331 = AXIS2_PLACEMENT_3D ( 'NONE', #2164, #1972, #3740 ) ;
#1332 = DIRECTION ( 'NONE',  ( 0.000000000000000000, 0.000000000000000000, -1.000000000000000000 ) ) ;
#1333 = CARTESIAN_POINT ( 'NONE',  ( 2.000000000000000000, 25.80000000000000071, 1.500000000000000000 ) ) ;
#1334 = CARTESIAN_POINT ( 'NONE',  ( 28.50000000000000000, 6.675000000000000711, 0.000000000000000000 ) ) ;
#1335 = DIRECTION ( 'NONE',  ( 0.000000000000000000, -1.000000000000000000, 5.916886274649559212E-17 ) ) ;
#1336 = ORIENTED_EDGE ( 'NONE', *, *, #3, .T. ) ;
#1337 = ORIENTED_EDGE ( 'NONE', *, *, #3470, .F. ) ;
#1338 = EDGE_CURVE ( 'NONE', #265, #1118, #1475, .T. ) ;
#1339 = DIRECTION ( 'NONE',  ( 1.000000000000000000, 0.000000000000000000, 0.000000000000000000 ) ) ;
#1340 = EDGE_CURVE ( 'NONE', #1818, #2236, #3229, .T. ) ;
#1341 = DIRECTION ( 'NONE',  ( 1.000000000000000000, 0.000000000000000000, 0.000000000000000000 ) ) ;
#1342 = AXIS2_PLACEMENT_3D ( 'NONE', #381, #20, #2437 ) ;
#1343 = AXIS2_PLACEMENT_3D ( 'NONE', #1175, #3741, #1746 ) ;
#1344 = VERTEX_POINT ( 'NONE', #3770 ) ;
#1345 = AXIS2_PLACEMENT_3D ( 'NONE', #3541, #3190, #2917 ) ;
#1346 = DIRECTION ( 'NONE',  ( 0.000000000000000000, 0.000000000000000000, -1.000000000000000000 ) ) ;
#1347 = EDGE_CURVE ( 'NONE', #2446, #2062, #2000, .T. ) ;
#1348 = LINE ( 'NONE', #2183, #1706 ) ;
#1349 = ORIENTED_EDGE ( 'NONE', *, *, #2199, .T. ) ;
#1350 = CARTESIAN_POINT ( 'NONE',  ( 26.79999999999999716, 25.80000000000000071, 0.000000000000000000 ) ) ;
#1351 = AXIS2_PLACEMENT_3D ( 'NONE', #1539, #2400, #2730 ) ;
#1352 = CARTESIAN_POINT ( 'NONE',  ( 2.799999999999999822, 26.59999999999999787, 2.000000000000000000 ) ) ;
#1353 = LINE ( 'NONE', #2186, #429 ) ;
#1354 = DIRECTION ( 'NONE',  ( 0.000000000000000000, 0.000000000000000000, -1.000000000000000000 ) ) ;
#1355 = DIRECTION ( 'NONE',  ( 0.000000000000000000, 0.000000000000000000, -1.000000000000000000 ) ) ;
#1356 = ORIENTED_EDGE ( 'NONE', *, *, #1129, .F. ) ;
#1357 = EDGE_LOOP ( 'NONE', ( #569, #898, #2117, #3628 ) ) ;
#1358 = FACE_OUTER_BOUND ( 'NONE', #1265, .T. ) ;
#1359 = DIRECTION ( 'NONE',  ( 0.000000000000000000, 0.000000000000000000, -1.000000000000000000 ) ) ;
#1360 = EDGE_CURVE ( 'NONE', #3260, #2496, #3176, .T. ) ;
#1361 = EDGE_CURVE ( 'NONE', #2345, #575, #2901, .T. ) ;
#1362 = ORIENTED_EDGE ( 'NONE', *, *, #2875, .T. ) ;
#1363 = ORIENTED_EDGE ( 'NONE', *, *, #2052, .F. ) ;
#1364 = CARTESIAN_POINT ( 'NONE',  ( 1.699999999999999956, 10.09999999999999964, 3.600000000000000089 ) ) ;
#1365 = ADVANCED_FACE ( 'NONE', ( #2702 ), #357, .T. ) ;
#1366 = ORIENTED_EDGE ( 'NONE', *, *, #1737, .F. ) ;
#1367 = LINE ( 'NONE', #3666, #2527 ) ;
#1368 = DIRECTION ( 'NONE',  ( -0.000000000000000000, 1.000000000000000000, 0.000000000000000000 ) ) ;
#1369 = DIRECTION ( 'NONE',  ( 0.000000000000000000, 0.000000000000000000, -1.000000000000000000 ) ) ;
#1370 = CARTESIAN_POINT ( 'NONE',  ( -0.9020815280171329276, 28.70208152801713197, 4.799999999999999822 ) ) ;
#1371 = AXIS2_PLACEMENT_3D ( 'NONE', #3219, #3495, #524 ) ;
#1372 = LINE ( 'NONE', #2547, #3003 ) ;
#1373 = ORIENTED_EDGE ( 'NONE', *, *, #1669, .F. ) ;
#1374 = ORIENTED_EDGE ( 'NONE', *, *, #257, .F. ) ;
#1375 = FACE_BOUND ( 'NONE', #2110, .T. ) ;
#1376 = CARTESIAN_POINT ( 'NONE',  ( 27.09999999999999787, 30.00000000000000000, 0.000000000000000000 ) ) ;
#1377 = CIRCLE ( 'NONE', #3206, 2.500000000000001332 ) ;
#1378 = EDGE_LOOP ( 'NONE', ( #2301, #2127 ) ) ;
#1379 = VERTEX_POINT ( 'NONE', #2723 ) ;
#1380 = DIRECTION ( 'NONE',  ( -0.000000000000000000, -0.000000000000000000, -1.000000000000000000 ) ) ;
#1381 = EDGE_CURVE ( 'NONE', #1151, #3096, #2197, .T. ) ;
#1382 = LINE ( 'NONE', #2578, #823 ) ;
#1383 = ORIENTED_EDGE ( 'NONE', *, *, #3722, .T. ) ;
#1384 = EDGE_CURVE ( 'NONE', #2512, #1258, #367, .T. ) ;
#1385 = EDGE_CURVE ( 'NONE', #1665, #1591, #2412, .T. ) ;
#1386 = FILL_AREA_STYLE_COLOUR ( '', #217 ) ;
#1387 = AXIS2_PLACEMENT_3D ( 'NONE', #3670, #3708, #2225 ) ;
#1388 = CARTESIAN_POINT ( 'NONE',  ( 2.299999999999999822, 25.80000000000000071, 2.000000000000000000 ) ) ;
#1389 = FACE_OUTER_BOUND ( 'NONE', #1988, .T. ) ;
#1390 = LINE ( 'NONE', #3417, #779 ) ;
#1391 = ADVANCED_FACE ( 'NONE', ( #3034 ), #2436, .T. ) ;
#1392 = DIRECTION ( 'NONE',  ( 0.000000000000000000, 0.000000000000000000, 1.000000000000000000 ) ) ;
#1393 = AXIS2_PLACEMENT_3D ( 'NONE', #1430, #1239, #1275 ) ;
#1394 = ORIENTED_EDGE ( 'NONE', *, *, #1438, .T. ) ;
#1395 = ORIENTED_EDGE ( 'NONE', *, *, #1853, .F. ) ;
#1396 = DIRECTION ( 'NONE',  ( 1.000000000000000000, 0.000000000000000000, 0.000000000000000000 ) ) ;
#1397 = FACE_OUTER_BOUND ( 'NONE', #3204, .T. ) ;
#1398 = ORIENTED_EDGE ( 'NONE', *, *, #2333, .F. ) ;
#1399 = ORIENTED_EDGE ( 'NONE', *, *, #26, .F. ) ;
#1400 = DIRECTION ( 'NONE',  ( -0.7071067811865477948, 0.7071067811865474617, 0.000000000000000000 ) ) ;
#1401 = CARTESIAN_POINT ( 'NONE',  ( 27.09999999999999787, -0.2999999999999999889, -1.199999999999999956 ) ) ;
#1402 = VECTOR ( 'NONE', #2725, 1000.000000000000000 ) ;
#1403 = ORIENTED_EDGE ( 'NONE', *, *, #2930, .T. ) ;
#1404 = CARTESIAN_POINT ( 'NONE',  ( 25.09999999999999432, 26.09999999999999432, 2.000000000000000000 ) ) ;
#1405 = VECTOR ( 'NONE', #1912, 999.9999999999998863 ) ;
#1406 = VECTOR ( 'NONE', #837, 1000.000000000000000 ) ;
#1407 = EDGE_CURVE ( 'NONE', #685, #2269, #1532, .T. ) ;
#1408 = ADVANCED_FACE ( 'NONE', ( #2096 ), #2976, .T. ) ;
#1409 = AXIS2_PLACEMENT_3D ( 'NONE', #246, #2645, #1723 ) ;
#1410 = CARTESIAN_POINT ( 'NONE',  ( 1.200000000000000178, 25.80000000000000071, 0.000000000000000000 ) ) ;
#1411 = CYLINDRICAL_SURFACE ( 'NONE', #2415, 2.500000000000000000 ) ;
#1412 = AXIS2_PLACEMENT_3D ( 'NONE', #3351, #3335, #3584 ) ;
#1413 = FACE_OUTER_BOUND ( 'NONE', #608, .T. ) ;
#1414 = PLANE ( 'NONE',  #1171 ) ;
#1415 = EDGE_CURVE ( 'NONE', #3062, #725, #2766, .T. ) ;
#1416 = EDGE_LOOP ( 'NONE', ( #529, #3157, #62, #116 ) ) ;
#1417 = EDGE_LOOP ( 'NONE', ( #3674, #822, #3058, #3412 ) ) ;
#1418 = CARTESIAN_POINT ( 'NONE',  ( 25.39999999999999858, 25.80000000000000071, 0.000000000000000000 ) ) ;
#1419 = CARTESIAN_POINT ( 'NONE',  ( 28.50000000000000000, 24.80000000000000071, 2.441421293652420221 ) ) ;
#1420 = VECTOR ( 'NONE', #1834, 1000.000000000000000 ) ;
#1421 = ORIENTED_EDGE ( 'NONE', *, *, #2828, .T. ) ;
#1422 = AXIS2_PLACEMENT_3D ( 'NONE', #1123, #3459, #831 ) ;
#1423 = VERTEX_POINT ( 'NONE', #2170 ) ;
#1424 = DIRECTION ( 'NONE',  ( 0.000000000000000000, 1.000000000000000000, 0.000000000000000000 ) ) ;
#1425 = CARTESIAN_POINT ( 'NONE',  ( 18.89999999999999858, 28.00000000000000000, -1.199999999999999956 ) ) ;
#1426 = EDGE_LOOP ( 'NONE', ( #89, #2292, #2768, #591 ) ) ;
#1427 = CARTESIAN_POINT ( 'NONE',  ( 28.50000000000000000, 24.80000000000000071, 0.9585786303516370399 ) ) ;
#1428 = CARTESIAN_POINT ( 'NONE',  ( 1.200000000000000622, 25.00000000000000355, 1.499999999999999778 ) ) ;
#1429 = CARTESIAN_POINT ( 'NONE',  ( 26.20000000000000284, 25.00000000000000000, 2.000000000000000000 ) ) ;
#1430 = CARTESIAN_POINT ( 'NONE',  ( 28.79999997541310108, 2.899999999999999911, 1.699999962002030074 ) ) ;
#1431 = DIRECTION ( 'NONE',  ( 0.000000000000000000, 0.000000000000000000, 1.000000000000000000 ) ) ;
#1432 = EDGE_CURVE ( 'NONE', #1858, #1124, #2630, .T. ) ;
#1433 = ORIENTED_EDGE ( 'NONE', *, *, #1489, .T. ) ;
#1434 = ORIENTED_EDGE ( 'NONE', *, *, #101, .F. ) ;
#1435 = CARTESIAN_POINT ( 'NONE',  ( -1.841421331650389792, -1.100000000000000089, 1.699999962002040066 ) ) ;
#1436 = CARTESIAN_POINT ( 'NONE',  ( 27.09999999999999787, 1.399999999999999911, 3.600000000000000089 ) ) ;
#1437 = DIRECTION ( 'NONE',  ( 0.000000000000000000, 0.000000000000000000, -1.000000000000000000 ) ) ;
#1438 = EDGE_CURVE ( 'NONE', #2306, #1949, #1814, .T. ) ;
#1439 = ORIENTED_EDGE ( 'NONE', *, *, #3396, .F. ) ;
#1440 = ORIENTED_EDGE ( 'NONE', *, *, #1347, .T. ) ;
#1441 = CARTESIAN_POINT ( 'NONE',  ( 28.86776695296636674, -0.3677669529663710191, 4.000000000000000000 ) ) ;
#1442 = VECTOR ( 'NONE', #578, 1000.000000000000000 ) ;
#1443 = FACE_OUTER_BOUND ( 'NONE', #198, .T. ) ;
#1444 = LINE ( 'NONE', #539, #1624 ) ;
#1445 = ORIENTED_EDGE ( 'NONE', *, *, #3262, .F. ) ;
#1446 = CARTESIAN_POINT ( 'NONE',  ( 26.19999999999998863, 25.00000000000000355, 1.499999999999999778 ) ) ;
#1447 = DIRECTION ( 'NONE',  ( 1.000000000000000000, 0.000000000000000000, 0.000000000000000000 ) ) ;
#1448 = DIRECTION ( 'NONE',  ( 1.000000000000000000, 0.000000000000000000, 0.000000000000000000 ) ) ;
#1449 = DIRECTION ( 'NONE',  ( 3.965082230804129727E-16, 1.000000000000000000, 0.000000000000000000 ) ) ;
#1450 = AXIS2_PLACEMENT_3D ( 'NONE', #3381, #1368, #1080 ) ;
#1451 = VERTEX_POINT ( 'NONE', #94 ) ;
#1452 = EDGE_LOOP ( 'NONE', ( #605, #558, #536, #2193 ) ) ;
#1453 = CARTESIAN_POINT ( 'NONE',  ( 27.09999999999999787, 1.399999999999999911, 3.600000000000000089 ) ) ;
#1454 = CARTESIAN_POINT ( 'NONE',  ( 0.2999999999999999889, 27.50000000000000000, -0.4000000000000000222 ) ) ;
#1455 = VECTOR ( 'NONE', #430, 1000.000000000000000 ) ;
#1456 = LINE ( 'NONE', #1724, #2013 ) ;
#1457 = PRODUCT ( 'SSD1306 OLED Display Case(2)', 'SSD1306 OLED Display Case(2)', '', ( #1214 ) ) ;
#1458 = VERTEX_POINT ( 'NONE', #1551 ) ;
#1459 = ADVANCED_FACE ( 'NONE', ( #76 ), #1914, .F. ) ;
#1460 = ADVANCED_FACE ( 'NONE', ( #1662 ), #3129, .T. ) ;
#1461 = EDGE_LOOP ( 'NONE', ( #3794, #119, #2962, #918 ) ) ;
#1462 = CARTESIAN_POINT ( 'NONE',  ( 2.000000000000000000, 2.000000000000000000, 0.000000000000000000 ) ) ;
#1463 = LINE ( 'NONE', #3548, #2320 ) ;
#1464 = LINE ( 'NONE', #1425, #3271 ) ;
#1465 = ORIENTED_EDGE ( 'NONE', *, *, #146, .T. ) ;
#1466 = DIRECTION ( 'NONE',  ( 0.000000000000000000, 0.000000000000000000, 1.000000000000000000 ) ) ;
#1467 = AXIS2_PLACEMENT_3D ( 'NONE', #2384, #977, #673 ) ;
#1468 = CARTESIAN_POINT ( 'NONE',  ( 28.50000000000000000, 28.89999999999999858, 0.000000000000000000 ) ) ;
#1469 = VECTOR ( 'NONE', #3328, 1000.000000000000000 ) ;
#1470 = DIRECTION ( 'NONE',  ( 0.000000000000000000, 0.000000000000000000, -1.000000000000000000 ) ) ;
#1471 = DIRECTION ( 'NONE',  ( 0.000000000000000000, 0.000000000000000000, 1.000000000000000000 ) ) ;
#1472 = VECTOR ( 'NONE', #2587, 1000.000000000000000 ) ;
#1473 = ORIENTED_EDGE ( 'NONE', *, *, #3658, .F. ) ;
#1474 = LINE ( 'NONE', #2375, #2909 ) ;
#1475 = CIRCLE ( 'NONE', #916, 2.500000000000000000 ) ;
#1476 = DIRECTION ( 'NONE',  ( 0.000000000000000000, 0.000000000000000000, 1.000000000000000000 ) ) ;
#1477 = DIRECTION ( 'NONE',  ( -0.7071067811865481278, -0.7071067811865470176, 0.000000000000000000 ) ) ;
#1478 = CARTESIAN_POINT ( 'NONE',  ( 5.750000000000000000, 29.19999999999999929, -1.199999999999999956 ) ) ;
#1479 = ORIENTED_EDGE ( 'NONE', *, *, #1650, .T. ) ;
#1480 = VERTEX_POINT ( 'NONE', #2243 ) ;
#1481 = PLANE ( 'NONE',  #2489 ) ;
#1482 = DIRECTION ( 'NONE',  ( 0.000000000000000000, 0.000000000000000000, 1.000000000000000000 ) ) ;
#1483 = CARTESIAN_POINT ( 'NONE',  ( 24.00000000000000000, 2.000000000000000000, 0.000000000000000000 ) ) ;
#1484 = EDGE_CURVE ( 'NONE', #2227, #857, #2211, .T. ) ;
#1485 = AXIS2_PLACEMENT_3D ( 'NONE', #166, #204, #1962 ) ;
#1486 = EDGE_LOOP ( 'NONE', ( #140, #2035, #2553, #2046 ) ) ;
#1487 = CIRCLE ( 'NONE', #2511, 2.499999999999999112 ) ;
#1488 = PLANE ( 'NONE',  #1620 ) ;
#1489 = EDGE_CURVE ( 'NONE', #2120, #2083, #2383, .T. ) ;
#1490 = PRODUCT_DEFINITION ( 'UNKNOWN', '', #1046, #3717 ) ;
#1491 = CARTESIAN_POINT ( 'NONE',  ( 25.39999999999999858, 26.10000000000000142, 2.000000000000000000 ) ) ;
#1492 = DIRECTION ( 'NONE',  ( 0.000000000000000000, 0.000000000000000000, 1.000000000000000000 ) ) ;
#1493 = DIRECTION ( 'NONE',  ( 0.000000000000000000, 0.000000000000000000, 1.000000000000000000 ) ) ;
#1494 = ORIENTED_EDGE ( 'NONE', *, *, #2570, .T. ) ;
#1495 = ORIENTED_EDGE ( 'NONE', *, *, #1550, .T. ) ;
#1496 = DIRECTION ( 'NONE',  ( 1.000000000000000000, 6.109717902811399630E-17, 0.000000000000000000 ) ) ;
#1497 = CARTESIAN_POINT ( 'NONE',  ( 27.09999999999999787, 1.399999999999999911, 0.000000000000000000 ) ) ;
#1498 = ORIENTED_EDGE ( 'NONE', *, *, #1438, .F. ) ;
#1499 = ORIENTED_EDGE ( 'NONE', *, *, #405, .T. ) ;
#1500 = LINE ( 'NONE', #2959, #3549 ) ;
#1501 = DIRECTION ( 'NONE',  ( 1.000000000000000000, 0.000000000000000000, 0.000000000000000000 ) ) ;
#1502 = EDGE_LOOP ( 'NONE', ( #1253, #3018, #1327, #96 ) ) ;
#1503 = CIRCLE ( 'NONE', #2278, 1.399999999999998579 ) ;
#1504 = EDGE_CURVE ( 'NONE', #1138, #3313, #1941, .T. ) ;
#1505 = DIRECTION ( 'NONE',  ( 0.000000000000000000, 0.000000000000000000, -1.000000000000000000 ) ) ;
#1506 = EDGE_CURVE ( 'NONE', #3072, #1858, #2260, .T. ) ;
#1507 = EDGE_CURVE ( 'NONE', #2585, #3081, #472, .T. ) ;
#1508 = CYLINDRICAL_SURFACE ( 'NONE', #1995, 1.400000000000000133 ) ;
#1509 = FACE_OUTER_BOUND ( 'NONE', #3646, .T. ) ;
#1510 = ORIENTED_EDGE ( 'NONE', *, *, #2176, .F. ) ;
#1511 = CARTESIAN_POINT ( 'NONE',  ( 1.199999999999999512, 2.000000000000000444, 2.000000000000000444 ) ) ;
#1512 = DIRECTION ( 'NONE',  ( 0.000000000000000000, 0.000000000000000000, 1.000000000000000000 ) ) ;
#1513 = DIRECTION ( 'NONE',  ( 1.000000000000000000, 0.000000000000000000, 0.000000000000000000 ) ) ;
#1514 = DIRECTION ( 'NONE',  ( 0.000000000000000000, 0.000000000000000000, -1.000000000000000000 ) ) ;
#1515 = ORIENTED_EDGE ( 'NONE', *, *, #2921, .T. ) ;
#1516 = VERTEX_POINT ( 'NONE', #1643 ) ;
#1517 = CARTESIAN_POINT ( 'NONE',  ( 18.89999999999999858, 13.19999999999999929, 8.800000000000000711 ) ) ;
#1518 = CARTESIAN_POINT ( 'NONE',  ( 24.60000000000000142, 2.000000000000000000, 1.500000000000000000 ) ) ;
#1519 = ORIENTED_EDGE ( 'NONE', *, *, #3652, .F. ) ;
#1520 = CARTESIAN_POINT ( 'NONE',  ( -1.100000000000000089, 13.89999999999999858, 2.441421293652429991 ) ) ;
#1521 = CARTESIAN_POINT ( 'NONE',  ( 27.09999999999999787, 30.00000000000000000, 3.600000000000000089 ) ) ;
#1522 = CARTESIAN_POINT ( 'NONE',  ( -1.467766952966370164, 29.26776695296636888, 0.000000000000000000 ) ) ;
#1523 = AXIS2_PLACEMENT_3D ( 'NONE', #1087, #3733, #2824 ) ;
#1524 = EDGE_CURVE ( 'NONE', #1235, #243, #373, .T. ) ;
#1525 = EDGE_CURVE ( 'NONE', #37, #771, #1372, .T. ) ;
#1526 = AXIS2_PLACEMENT_3D ( 'NONE', #3275, #2365, #619 ) ;
#1527 = ORIENTED_EDGE ( 'NONE', *, *, #495, .F. ) ;
#1528 = CIRCLE ( 'NONE', #1287, 0.7999999999999999334 ) ;
#1529 = DIRECTION ( 'NONE',  ( 1.000000000000000000, 0.000000000000000000, 0.000000000000000000 ) ) ;
#1530 = LINE ( 'NONE', #414, #3241 ) ;
#1531 = SURFACE_STYLE_FILL_AREA ( #356 ) ;
#1532 = LINE ( 'NONE', #416, #2318 ) ;
#1533 = AXIS2_PLACEMENT_3D ( 'NONE', #3086, #1717, #3199 ) ;
#1534 = EDGE_CURVE ( 'NONE', #3372, #685, #1695, .T. ) ;
#1535 = AXIS2_PLACEMENT_3D ( 'NONE', #1302, #2457, #1280 ) ;
#1536 = VERTEX_POINT ( 'NONE', #2510 ) ;
#1537 = VERTEX_POINT ( 'NONE', #3692 ) ;
#1538 = LINE ( 'NONE', #58, #2309 ) ;
#1539 = CARTESIAN_POINT ( 'NONE',  ( 2.000000000000000000, 2.000000000000000000, 2.000000000000000000 ) ) ;
#1540 = ORIENTED_EDGE ( 'NONE', *, *, #3014, .T. ) ;
#1541 = CARTESIAN_POINT ( 'NONE',  ( -2.200000000000000178, 27.50000000000000000, 0.000000000000000000 ) ) ;
#1542 = VECTOR ( 'NONE', #3536, 1000.000000000000000 ) ;
#1543 = DIRECTION ( 'NONE',  ( 0.7071067811865475727, 0.7071067811865475727, 0.000000000000000000 ) ) ;
#1544 = DIRECTION ( 'NONE',  ( 1.000000000000000000, 0.000000000000000000, 0.000000000000000000 ) ) ;
#1545 = AXIS2_PLACEMENT_3D ( 'NONE', #3297, #2104, #1790 ) ;
#1546 = ORIENTED_EDGE ( 'NONE', *, *, #1921, .F. ) ;
#1547 = DIRECTION ( 'NONE',  ( 0.000000000000000000, 0.000000000000000000, 1.000000000000000000 ) ) ;
#1548 = DIRECTION ( 'NONE',  ( 0.000000000000000000, 0.000000000000000000, -1.000000000000000000 ) ) ;
#1549 = CARTESIAN_POINT ( 'NONE',  ( 1.699999999999999956, 10.09999999999999964, 3.600000000000000089 ) ) ;
#1550 = EDGE_CURVE ( 'NONE', #3372, #2441, #438, .T. ) ;
#1551 = CARTESIAN_POINT ( 'NONE',  ( -1.100000000000000089, 28.89999999999999858, 0.000000000000000000 ) ) ;
#1552 = LINE ( 'NONE', #2703, #1402 ) ;
#1553 = ORIENTED_EDGE ( 'NONE', *, *, #892, .T. ) ;
#1554 = ORIENTED_EDGE ( 'NONE', *, *, #1129, .T. ) ;
#1555 = CARTESIAN_POINT ( 'NONE',  ( 28.86776695296636674, -0.3677669529663710191, 0.000000000000000000 ) ) ;
#1556 = ADVANCED_FACE ( 'NONE', ( #528 ), #3728, .T. ) ;
#1557 = ORIENTED_EDGE ( 'NONE', *, *, #1294, .F. ) ;
#1558 = SURFACE_STYLE_USAGE ( .BOTH. , #2483 ) ;
#1559 = AXIS2_PLACEMENT_3D ( 'NONE', #1062, #1180, #2295 ) ;
#1560 = DIRECTION ( 'NONE',  ( 0.000000000000000000, 0.000000000000000000, 1.000000000000000000 ) ) ;
#1561 = DIRECTION ( 'NONE',  ( 1.000000000000000000, 0.000000000000000000, 0.000000000000000000 ) ) ;
#1562 = CARTESIAN_POINT ( 'NONE',  ( 28.57071065353170169, -1.100000000000000089, 2.370710640120679891 ) ) ;
#1563 = CARTESIAN_POINT ( 'NONE',  ( 28.50000000000000000, -1.100000000000000089, 0.000000000000000000 ) ) ;
#1564 = AXIS2_PLACEMENT_3D ( 'NONE', #2207, #2523, #1639 ) ;
#1565 = ORIENTED_EDGE ( 'NONE', *, *, #173, .T. ) ;
#1566 = LINE ( 'NONE', #3634, #3531 ) ;
#1567 = PLANE ( 'NONE',  #1836 ) ;
#1568 = DIRECTION ( 'NONE',  ( -1.000000000000000000, 1.309225264888156007E-17, 0.000000000000000000 ) ) ;
#1569 = DIRECTION ( 'NONE',  ( 0.000000000000000000, 0.000000000000000000, 1.000000000000000000 ) ) ;
#1570 = DIRECTION ( 'NONE',  ( 0.000000000000000000, 0.000000000000000000, -1.000000000000000000 ) ) ;
#1571 = ORIENTED_EDGE ( 'NONE', *, *, #2930, .F. ) ;
#1572 = EDGE_LOOP ( 'NONE', ( #1495, #216, #2098, #1789 ) ) ;
#1573 = CARTESIAN_POINT ( 'NONE',  ( 27.09999999999999787, -0.2999999999999999889, -1.199999999999999956 ) ) ;
#1574 = DIRECTION ( 'NONE',  ( 1.000000000000000000, 0.000000000000000000, 0.000000000000000000 ) ) ;
#1575 = EDGE_CURVE ( 'NONE', #386, #1984, #1725, .T. ) ;
#1576 = EDGE_CURVE ( 'NONE', #1228, #2791, #2857, .T. ) ;
#1577 = AXIS2_PLACEMENT_3D ( 'NONE', #1961, #2509, #795 ) ;
#1578 = EDGE_LOOP ( 'NONE', ( #2749, #1554, #1896, #3193 ) ) ;
#1579 = ORIENTED_EDGE ( 'NONE', *, *, #405, .F. ) ;
#1580 = VECTOR ( 'NONE', #44, 1000.000000000000000 ) ;
#1581 = DIRECTION ( 'NONE',  ( -1.784924476889319851E-17, 1.000000000000000000, 0.000000000000000000 ) ) ;
#1582 =( NAMED_UNIT ( * ) SI_UNIT ( $, .STERADIAN. ) SOLID_ANGLE_UNIT ( ) );
#1583 = LINE ( 'NONE', #3556, #1758 ) ;
#1584 = DIRECTION ( 'NONE',  ( -0.7071067811865476838, 0.7071067811865474617, 0.000000000000000000 ) ) ;
#1585 = CARTESIAN_POINT ( 'NONE',  ( 2.299999999999999822, 2.000000000000000000, 2.000000000000000000 ) ) ;
#1586 = FACE_OUTER_BOUND ( 'NONE', #784, .T. ) ;
#1587 = DIRECTION ( 'NONE',  ( 0.000000000000000000, 0.000000000000000000, -1.000000000000000000 ) ) ;
#1588 = CARTESIAN_POINT ( 'NONE',  ( 24.60000000000000142, 2.000000000000000000, 1.500000000000000000 ) ) ;
#1589 = PLANE ( 'NONE',  #120 ) ;
#1590 = AXIS2_PLACEMENT_3D ( 'NONE', #2004, #3567, #652 ) ;
#1591 = VERTEX_POINT ( 'NONE', #2471 ) ;
#1592 = ORIENTED_EDGE ( 'NONE', *, *, #3156, .T. ) ;
#1593 = DIRECTION ( 'NONE',  ( 0.7071067811865475727, 0.7071067811865475727, 0.000000000000000000 ) ) ;
#1594 = CARTESIAN_POINT ( 'NONE',  ( 2.000000000000000444, 1.199999999999999512, 2.000000000000000444 ) ) ;
#1595 = CIRCLE ( 'NONE', #2986, 1.399999999999998579 ) ;
#1596 = VECTOR ( 'NONE', #2590, 1000.000000000000000 ) ;
#1597 = CIRCLE ( 'NONE', #1409, 0.2999999999999999334 ) ;
#1598 = VERTEX_POINT ( 'NONE', #3146 ) ;
#1599 = CARTESIAN_POINT ( 'NONE',  ( 25.40000000000000568, 2.800000000000002931, 2.000000000000000000 ) ) ;
#1600 = EDGE_CURVE ( 'NONE', #243, #1235, #684, .T. ) ;
#1601 = CARTESIAN_POINT ( 'NONE',  ( 1.699999999999999956, 23.09999999999999787, 3.600000000000000089 ) ) ;
#1602 = LINE ( 'NONE', #212, #599 ) ;
#1603 = EDGE_CURVE ( 'NONE', #935, #1323, #1627, .T. ) ;
#1604 = DIRECTION ( 'NONE',  ( 0.000000000000000000, 0.000000000000000000, -1.000000000000000000 ) ) ;
#1605 = CARTESIAN_POINT ( 'NONE',  ( 1.199999999999999956, 2.799999999999999822, 2.000000000000000000 ) ) ;
#1606 = CARTESIAN_POINT ( 'NONE',  ( 1.700000000000000400, 25.50000000000003197, 2.000000000000000000 ) ) ;
#1607 = LINE ( 'NONE', #1082, #1271 ) ;
#1608 = CARTESIAN_POINT ( 'NONE',  ( 24.59999999999999076, 2.000000000000000000, 2.000000000000000000 ) ) ;
#1609 = LINE ( 'NONE', #1483, #2552 ) ;
#1610 = ORIENTED_EDGE ( 'NONE', *, *, #2480, .F. ) ;
#1611 = ORIENTED_EDGE ( 'NONE', *, *, #2588, .T. ) ;
#1612 = CARTESIAN_POINT ( 'NONE',  ( -1.467766952966369054, 29.26776695296636888, 4.000000000000000000 ) ) ;
#1613 = FACE_BOUND ( 'NONE', #1870, .T. ) ;
#1614 = EDGE_LOOP ( 'NONE', ( #1738, #252, #3336 ) ) ;
#1615 = EDGE_LOOP ( 'NONE', ( #1510, #2339, #3551, #1647 ) ) ;
#1616 =( NAMED_UNIT ( * ) PLANE_ANGLE_UNIT ( ) SI_UNIT ( $, .RADIAN. ) );
#1617 = DIRECTION ( 'NONE',  ( -5.916886274649569072E-17, 1.000000000000000000, 0.000000000000000000 ) ) ;
#1618 = EDGE_CURVE ( 'NONE', #1323, #1005, #2492, .T. ) ;
#1619 = CARTESIAN_POINT ( 'NONE',  ( 25.69999999999999929, 10.09999999999999964, 4.000000000000000000 ) ) ;
#1620 = AXIS2_PLACEMENT_3D ( 'NONE', #256, #2562, #2873 ) ;
#1621 = EDGE_CURVE ( 'NONE', #229, #2733, #1750, .T. ) ;
#1622 = ADVANCED_FACE ( 'NONE', ( #3186 ), #2321, .F. ) ;
#1623 = CARTESIAN_POINT ( 'NONE',  ( 27.59999999999999787, 28.00000000000000000, 3.600000000000000089 ) ) ;
#1624 = VECTOR ( 'NONE', #3490, 1000.000000000000000 ) ;
#1625 = DIRECTION ( 'NONE',  ( 1.000000000000000000, 0.000000000000000000, 0.000000000000000000 ) ) ;
#1626 = CARTESIAN_POINT ( 'NONE',  ( -2.200000000000000178, -1.100000000000000089, 0.000000000000000000 ) ) ;
#1627 = LINE ( 'NONE', #2784, #3182 ) ;
#1628 = EDGE_CURVE ( 'NONE', #575, #3767, #1735, .T. ) ;
#1629 = ORIENTED_EDGE ( 'NONE', *, *, #1268, .F. ) ;
#1630 = ORIENTED_EDGE ( 'NONE', *, *, #3513, .T. ) ;
#1631 = DIRECTION ( 'NONE',  ( -0.000000000000000000, 1.000000000000000000, 0.000000000000000000 ) ) ;
#1632 = CARTESIAN_POINT ( 'NONE',  ( 29.60000000000000142, -1.100000000000000089, 3.600000000000000089 ) ) ;
#1633 = ORIENTED_EDGE ( 'NONE', *, *, #2992, .F. ) ;
#1634 = ORIENTED_EDGE ( 'NONE', *, *, #730, .F. ) ;
#1635 = FACE_OUTER_BOUND ( 'NONE', #406, .T. ) ;
#1636 = AXIS2_PLACEMENT_3D ( 'NONE', #3577, #2357, #877 ) ;
#1637 = VERTEX_POINT ( 'NONE', #2583 ) ;
#1638 = VECTOR ( 'NONE', #3651, 1000.000000000000000 ) ;
#1639 = DIRECTION ( 'NONE',  ( 0.7071067811865466846, -0.7071067811865483499, 0.000000000000000000 ) ) ;
#1640 = CARTESIAN_POINT ( 'NONE',  ( 29.60000000000000142, 1.399999999999999911, -0.4000000000000000222 ) ) ;
#1641 = DIRECTION ( 'NONE',  ( 0.7071067811865475727, 0.7071067811865475727, 0.000000000000000000 ) ) ;
#1642 = DIRECTION ( 'NONE',  ( 0.000000000000000000, -1.000000000000000000, 0.000000000000000000 ) ) ;
#1643 = CARTESIAN_POINT ( 'NONE',  ( 27.09999999999999787, 30.00000000000000000, 4.000000000000000000 ) ) ;
#1644 = EDGE_CURVE ( 'NONE', #1118, #764, #3785, .T. ) ;
#1645 = EDGE_CURVE ( 'NONE', #2494, #1344, #603, .T. ) ;
#1646 = ORIENTED_EDGE ( 'NONE', *, *, #146, .F. ) ;
#1647 = ORIENTED_EDGE ( 'NONE', *, *, #1384, .F. ) ;
#1648 = FACE_OUTER_BOUND ( 'NONE', #663, .T. ) ;
#1649 = DIRECTION ( 'NONE',  ( 0.7071067811865466846, -0.7071067811865483499, 0.000000000000000000 ) ) ;
#1650 = EDGE_CURVE ( 'NONE', #3422, #265, #2625, .T. ) ;
#1651 = AXIS2_PLACEMENT_3D ( 'NONE', #18, #1744, #271 ) ;
#1652 = ORIENTED_EDGE ( 'NONE', *, *, #2945, .T. ) ;
#1653 =( BOUNDED_SURFACE ( )  B_SPLINE_SURFACE ( 2, 2, ( 
 ( #586, #31, #930, #320, #279, #2076, #1753, #2915, #3248 ),
 ( #1511, #1221, #2093, #1278, #1315, #994, #1299, #1605, #2409 ),
 ( #968, #1027, #1904, #1011, #1585, #163, #720, #2433, #2763 ) ),
 .UNSPECIFIED., .F., .T., .T. ) 
 B_SPLINE_SURFACE_WITH_KNOTS ( ( 3, 3 ),
 ( 3, 2, 2, 2, 3 ),
 ( 0.000000000000000000, 1.570796326794899889 ),
 ( -3.141592653589790007, -1.570796326794899889, 0.000000000000000000, 1.570796326794899889, 3.141592653589790007 ),
 .UNSPECIFIED. ) 
 GEOMETRIC_REPRESENTATION_ITEM ( )  RATIONAL_B_SPLINE_SURFACE ( (
 ( 1.000000000000000000, 0.7071067811865480168, 1.000000000000000000, 0.7071067811865480168, 1.000000000000000000, 0.7071067811865480168, 1.000000000000000000, 0.7071067811865480168, 1.000000000000000000),
 ( 0.7071067811865470176, 0.5000000000000000000, 0.7071067811865470176, 0.5000000000000000000, 0.7071067811865470176, 0.5000000000000000000, 0.7071067811865470176, 0.5000000000000000000, 0.7071067811865470176),
 ( 1.000000000000000000, 0.7071067811865480168, 1.000000000000000000, 0.7071067811865480168, 1.000000000000000000, 0.7071067811865480168, 1.000000000000000000, 0.7071067811865480168, 1.000000000000000000) ) ) 
 REPRESENTATION_ITEM ( '' )  SURFACE ( )  );
#1654 = ORIENTED_EDGE ( 'NONE', *, *, #2521, .F. ) ;
#1655 = CARTESIAN_POINT ( 'NONE',  ( 29.60000000000000142, 30.00000000000000000, 0.000000000000000000 ) ) ;
#1656 = VECTOR ( 'NONE', #3540, 1000.000000000000000 ) ;
#1657 = ORIENTED_EDGE ( 'NONE', *, *, #549, .F. ) ;
#1658 = CARTESIAN_POINT ( 'NONE',  ( 29.24142133165040036, 24.80000000000000071, 1.699999962002020082 ) ) ;
#1659 = CARTESIAN_POINT ( 'NONE',  ( 0.2999999999999999889, 1.399999999999999911, 0.000000000000000000 ) ) ;
#1660 = LINE ( 'NONE', #2819, #3301 ) ;
#1661 = CARTESIAN_POINT ( 'NONE',  ( 27.09999999999999787, 27.50000000000000000, 4.400000000000000355 ) ) ;
#1662 = FACE_OUTER_BOUND ( 'NONE', #296, .T. ) ;
#1663 = EDGE_LOOP ( 'NONE', ( #2397, #1684, #3089, #325 ) ) ;
#1664 = EDGE_CURVE ( 'NONE', #3385, #1665, #277, .T. ) ;
#1665 = VERTEX_POINT ( 'NONE', #2603 ) ;
#1666 = CARTESIAN_POINT ( 'NONE',  ( 0.2999999999999999889, 1.399999999999999911, 0.000000000000000000 ) ) ;
#1667 = CARTESIAN_POINT ( 'NONE',  ( 2.799999999999999822, 25.80000000000000071, 0.8000000000000000444 ) ) ;
#1668 = ORIENTED_EDGE ( 'NONE', *, *, #2287, .T. ) ;
#1669 = EDGE_CURVE ( 'NONE', #1854, #3422, #2935, .T. ) ;
#1670 = ORIENTED_EDGE ( 'NONE', *, *, #2009, .T. ) ;
#1671 = DIRECTION ( 'NONE',  ( 0.000000000000000000, 0.000000000000000000, -1.000000000000000000 ) ) ;
#1672 = CARTESIAN_POINT ( 'NONE',  ( 0.2999999999999999889, 1.399999999999999911, 3.600000000000000089 ) ) ;
#1673 = EDGE_LOOP ( 'NONE', ( #840, #374, #501, #3130 ) ) ;
#1674 = LINE ( 'NONE', #1045, #337 ) ;
#1675 = CARTESIAN_POINT ( 'NONE',  ( 1.700000000000000400, 25.50000000000003197, 2.000000000000000000 ) ) ;
#1676 = DIRECTION ( 'NONE',  ( 0.000000000000000000, 0.000000000000000000, 1.000000000000000000 ) ) ;
#1677 = LINE ( 'NONE', #722, #412 ) ;
#1678 = DIRECTION ( 'NONE',  ( 0.000000000000000000, 0.000000000000000000, -1.000000000000000000 ) ) ;
#1679 = ORIENTED_EDGE ( 'NONE', *, *, #2385, .F. ) ;
#1680 = ORIENTED_EDGE ( 'NONE', *, *, #541, .T. ) ;
#1681 = DIRECTION ( 'NONE',  ( 0.000000000000000000, 0.000000000000000000, -1.000000000000000000 ) ) ;
#1682 = DIRECTION ( 'NONE',  ( 0.000000000000000000, 0.000000000000000000, 1.000000000000000000 ) ) ;
#1683 = ORIENTED_EDGE ( 'NONE', *, *, #3610, .T. ) ;
#1684 = ORIENTED_EDGE ( 'NONE', *, *, #804, .F. ) ;
#1685 = CARTESIAN_POINT ( 'NONE',  ( 24.60000000000000142, 25.80000000000000071, 0.000000000000000000 ) ) ;
#1686 = CARTESIAN_POINT ( 'NONE',  ( 28.30208152801713339, 0.1979184719828671335, 4.799999999999999822 ) ) ;
#1687 = ADVANCED_FACE ( 'NONE', ( #1772 ), #1164, .T. ) ;
#1688 = EDGE_CURVE ( 'NONE', #1709, #3006, #10, .T. ) ;
#1689 = VERTEX_POINT ( 'NONE', #2338 ) ;
#1690 = LINE ( 'NONE', #3473, #3451 ) ;
#1691 = EDGE_CURVE ( 'NONE', #676, #2710, #2072, .T. ) ;
#1692 = VECTOR ( 'NONE', #49, 1000.000000000000000 ) ;
#1693 = CARTESIAN_POINT ( 'NONE',  ( 26.20000000000000284, 25.80000000000000071, 1.500000000000000000 ) ) ;
#1694 = DIRECTION ( 'NONE',  ( 1.000000000000000000, 0.000000000000000000, 0.000000000000000000 ) ) ;
#1695 = LINE ( 'NONE', #1907, #500 ) ;
#1696 = AXIS2_PLACEMENT_3D ( 'NONE', #2337, #317, #3185 ) ;
#1697 = ORIENTED_EDGE ( 'NONE', *, *, #987, .F. ) ;
#1698 = ORIENTED_EDGE ( 'NONE', *, *, #2402, .F. ) ;
#1699 = CARTESIAN_POINT ( 'NONE',  ( 25.70000000000002771, 2.299999999999999378, 2.000000000000000000 ) ) ;
#1700 = CARTESIAN_POINT ( 'NONE',  ( 24.60000000000000142, 25.80000000000000071, 1.500000000000000000 ) ) ;
#1701 = CARTESIAN_POINT ( 'NONE',  ( 13.70000000000000107, 14.44999999999999929, 4.799999999999999822 ) ) ;
#1702 = ORIENTED_EDGE ( 'NONE', *, *, #2874, .F. ) ;
#1703 = ORIENTED_EDGE ( 'NONE', *, *, #1876, .F. ) ;
#1704 = CARTESIAN_POINT ( 'NONE',  ( 8.500000000000000000, 28.00000000000000000, -1.199999999999999956 ) ) ;
#1705 = VECTOR ( 'NONE', #3293, 1000.000000000000114 ) ;
#1706 = VECTOR ( 'NONE', #3391, 1000.000000000000000 ) ;
#1707 = LINE ( 'NONE', #3509, #2777 ) ;
#1708 = VECTOR ( 'NONE', #3194, 1000.000000000000000 ) ;
#1709 = VERTEX_POINT ( 'NONE', #3765 ) ;
#1710 = ADVANCED_FACE ( 'NONE', ( #29 ), #2352, .T. ) ;
#1711 = FACE_OUTER_BOUND ( 'NONE', #2530, .T. ) ;
#1712 = CIRCLE ( 'NONE', #1892, 2.500000000000000000 ) ;
#1713 = AXIS2_PLACEMENT_3D ( 'NONE', #3388, #1682, #1649 ) ;
#1714 = VECTOR ( 'NONE', #355, 1000.000000000000000 ) ;
#1715 = ADVANCED_FACE ( 'NONE', ( #1413 ), #441, .T. ) ;
#1716 = LINE ( 'NONE', #1410, #3589 ) ;
#1717 = DIRECTION ( 'NONE',  ( 0.000000000000000000, 0.000000000000000000, -1.000000000000000000 ) ) ;
#1718 = PLANE ( 'NONE',  #1393 ) ;
#1719 = CIRCLE ( 'NONE', #369, 1.400000000000000133 ) ;
#1720 = CARTESIAN_POINT ( 'NONE',  ( -1.184924240491750824, -0.08492424049174858436, 4.400000000000000355 ) ) ;
#1721 = ORIENTED_EDGE ( 'NONE', *, *, #400, .F. ) ;
#1722 = EDGE_LOOP ( 'NONE', ( #2281, #3333, #2865, #1326 ) ) ;
#1723 = DIRECTION ( 'NONE',  ( 1.000000000000000000, 0.000000000000000000, 0.000000000000000000 ) ) ;
#1724 = CARTESIAN_POINT ( 'NONE',  ( -1.395710653531740064, 2.799999999999999822, 1.254289283883379902 ) ) ;
#1725 = CIRCLE ( 'NONE', #70, 2.499999999999999112 ) ;
#1726 = ORIENTED_EDGE ( 'NONE', *, *, #1104, .T. ) ;
#1727 = ORIENTED_EDGE ( 'NONE', *, *, #3396, .T. ) ;
#1728 = CARTESIAN_POINT ( 'NONE',  ( 2.000000000000000000, 2.000000000000000000, 0.8000000000000000444 ) ) ;
#1729 = CARTESIAN_POINT ( 'NONE',  ( 0.2999999999999999889, 27.50000000000000000, 4.400000000000000355 ) ) ;
#1730 = DIRECTION ( 'NONE',  ( 0.7071067811865480168, 4.320222960214789745E-17, -0.7071067811865470176 ) ) ;
#1731 = ORIENTED_EDGE ( 'NONE', *, *, #282, .T. ) ;
#1732 = CARTESIAN_POINT ( 'NONE',  ( 24.60000000000002629, 25.00000000000000355, 1.499999999999999778 ) ) ;
#1733 = CARTESIAN_POINT ( 'NONE',  ( 25.69999999999999929, 10.09999999999999964, 3.600000000000000089 ) ) ;
#1734 = DIRECTION ( 'NONE',  ( 0.000000000000000000, 0.000000000000000000, 1.000000000000000000 ) ) ;
#1735 = LINE ( 'NONE', #855, #3246 ) ;
#1736 = ADVANCED_FACE ( 'NONE', ( #3747 ), #1143, .T. ) ;
#1737 = EDGE_CURVE ( 'NONE', #2323, #1761, #1994, .T. ) ;
#1738 = ORIENTED_EDGE ( 'NONE', *, *, #3234, .F. ) ;
#1739 = ORIENTED_EDGE ( 'NONE', *, *, #214, .F. ) ;
#1740 = CARTESIAN_POINT ( 'NONE',  ( 1.199999999999999512, 25.80000000000001847, 2.000000000000000000 ) ) ;
#1741 = DIRECTION ( 'NONE',  ( 0.7071067811865466846, -0.7071067811865483499, 0.000000000000000000 ) ) ;
#1742 = ORIENTED_EDGE ( 'NONE', *, *, #219, .F. ) ;
#1743 = ORIENTED_EDGE ( 'NONE', *, *, #2473, .F. ) ;
#1744 = DIRECTION ( 'NONE',  ( 1.000000000000000000, 0.000000000000000000, 0.000000000000000000 ) ) ;
#1745 = FACE_OUTER_BOUND ( 'NONE', #693, .T. ) ;
#1746 = DIRECTION ( 'NONE',  ( 0.7071067811865475727, 0.7071067811865475727, 0.000000000000000000 ) ) ;
#1747 = ORIENTED_EDGE ( 'NONE', *, *, #1338, .F. ) ;
#1748 = CARTESIAN_POINT ( 'NONE',  ( 27.09999999999999787, 27.50000000000000000, -1.199999999999999956 ) ) ;
#1749 = DIRECTION ( 'NONE',  ( -0.7071067811865481278, -0.7071067811865470176, 0.000000000000000000 ) ) ;
#1750 = LINE ( 'NONE', #1200, #2816 ) ;
#1751 = VECTOR ( 'NONE', #3011, 1000.000000000000000 ) ;
#1752 = EDGE_LOOP ( 'NONE', ( #1633, #763 ) ) ;
#1753 = CARTESIAN_POINT ( 'NONE',  ( 2.000000000000000000, 2.799999999999999822, 1.500000000000000000 ) ) ;
#1754 = DIRECTION ( 'NONE',  ( 0.7071067811865466846, -0.7071067811865483499, 0.000000000000000000 ) ) ;
#1755 = EDGE_CURVE ( 'NONE', #1872, #1979, #747, .T. ) ;
#1756 = FACE_OUTER_BOUND ( 'NONE', #880, .T. ) ;
#1757 = ADVANCED_FACE ( 'NONE', ( #3476, #2017 ), #662, .T. ) ;
#1758 = VECTOR ( 'NONE', #927, 1000.000000000000000 ) ;
#1759 = DIRECTION ( 'NONE',  ( -0.7071067811865481278, -0.7071067811865470176, 0.000000000000000000 ) ) ;
#1760 = EDGE_LOOP ( 'NONE', ( #2845, #1166, #767, #1630 ) ) ;
#1761 = VERTEX_POINT ( 'NONE', #1826 ) ;
#1762 = DIRECTION ( 'NONE',  ( 1.000000000000000000, 0.000000000000000000, 0.000000000000000000 ) ) ;
#1763 = ADVANCED_FACE ( 'NONE', ( #1216 ), #2086, .T. ) ;
#1764 = DIRECTION ( 'NONE',  ( 0.000000000000000000, 0.000000000000000000, 1.000000000000000000 ) ) ;
#1765 = CARTESIAN_POINT ( 'NONE',  ( 27.09999999999999787, 30.00000000000000000, 0.000000000000000000 ) ) ;
#1766 = ORIENTED_EDGE ( 'NONE', *, *, #2828, .F. ) ;
#1767 = CARTESIAN_POINT ( 'NONE',  ( 25.09999999999999432, 25.50000000000003197, 2.000000000000000000 ) ) ;
#1768 = VECTOR ( 'NONE', #3527, 1000.000000000000000 ) ;
#1769 = FACE_OUTER_BOUND ( 'NONE', #1615, .T. ) ;
#1770 = CIRCLE ( 'NONE', #1830, 2.500000000000001776 ) ;
#1771 = CARTESIAN_POINT ( 'NONE',  ( 25.39999999999999858, 25.80000000000000071, 0.8000000000000000444 ) ) ;
#1772 = FACE_OUTER_BOUND ( 'NONE', #1061, .T. ) ;
#1773 = CIRCLE ( 'NONE', #3486, 2.499999999999999112 ) ;
#1774 = ORIENTED_EDGE ( 'NONE', *, *, #329, .F. ) ;
#1775 = EDGE_LOOP ( 'NONE', ( #655, #1965, #800 ) ) ;
#1776 = AXIS2_PLACEMENT_3D ( 'NONE', #1632, #818, #248 ) ;
#1777 = DIRECTION ( 'NONE',  ( 1.000000000000000000, 0.000000000000000000, 0.000000000000000000 ) ) ;
#1778 = CYLINDRICAL_SURFACE ( 'NONE', #1345, 1.400000000000000133 ) ;
#1779 = DIRECTION ( 'NONE',  ( 0.000000000000000000, 0.000000000000000000, 1.000000000000000000 ) ) ;
#1780 = DIRECTION ( 'NONE',  ( 0.000000000000000000, -1.000000000000000000, 0.000000000000000000 ) ) ;
#1781 = EDGE_CURVE ( 'NONE', #1536, #2707, #334, .T. ) ;
#1782 = EDGE_LOOP ( 'NONE', ( #3212, #3566, #3043, #2571 ) ) ;
#1783 = ORIENTED_EDGE ( 'NONE', *, *, #2852, .T. ) ;
#1784 = CARTESIAN_POINT ( 'NONE',  ( 26.19999999999999929, 2.000000000000000000, 1.500000000000000000 ) ) ;
#1785 = LINE ( 'NONE', #3508, #3786 ) ;
#1786 = CIRCLE ( 'NONE', #2262, 1.400000000000000133 ) ;
#1787 = EDGE_CURVE ( 'NONE', #2083, #193, #3341, .T. ) ;
#1788 = EDGE_CURVE ( 'NONE', #3645, #2138, #2989, .T. ) ;
#1789 = ORIENTED_EDGE ( 'NONE', *, *, #1534, .F. ) ;
#1790 = DIRECTION ( 'NONE',  ( 0.7071067811865475727, 0.7071067811865475727, 0.000000000000000000 ) ) ;
#1791 = CARTESIAN_POINT ( 'NONE',  ( -1.467766952966370164, -0.3677669529663701309, 0.000000000000000000 ) ) ;
#1792 = DIRECTION ( 'NONE',  ( -1.000000000000000000, 0.000000000000000000, 0.000000000000000000 ) ) ;
#1793 = ORIENTED_EDGE ( 'NONE', *, *, #2992, .T. ) ;
#1794 = CARTESIAN_POINT ( 'NONE',  ( 19.69999999999999929, 9.299999999999998934, 4.799999999999999822 ) ) ;
#1795 = PLANE ( 'NONE',  #1098 ) ;
#1796 = DIRECTION ( 'NONE',  ( -0.7071067811865480168, -4.183870408314320019E-17, 0.7071067811865470176 ) ) ;
#1797 = CARTESIAN_POINT ( 'NONE',  ( -1.100000000000000089, 28.89999999999999858, 3.600000000000000089 ) ) ;
#1798 = ORIENTED_EDGE ( 'NONE', *, *, #1321, .T. ) ;
#1799 = EDGE_LOOP ( 'NONE', ( #1540, #3452, #3189, #1610 ) ) ;
#1800 = DIRECTION ( 'NONE',  ( 0.000000000000000000, -0.7071067811865470176, 0.7071067811865480168 ) ) ;
#1801 = DIRECTION ( 'NONE',  ( 0.000000000000000000, 0.000000000000000000, -1.000000000000000000 ) ) ;
#1802 = ORIENTED_EDGE ( 'NONE', *, *, #1621, .F. ) ;
#1803 = VECTOR ( 'NONE', #2927, 999.9999999999998863 ) ;
#1804 = ADVANCED_FACE ( 'NONE', ( #2091, #1863, #990, #3265, #3632 ), #372, .T. ) ;
#1805 = EDGE_CURVE ( 'NONE', #1964, #3656, #1786, .T. ) ;
#1806 = CARTESIAN_POINT ( 'NONE',  ( 28.50000000000000000, -1.100000000000000089, 3.600000000000000089 ) ) ;
#1807 = DIRECTION ( 'NONE',  ( 1.000000000000000000, 0.000000000000000000, 0.000000000000000000 ) ) ;
#1808 = ADVANCED_FACE ( 'NONE', ( #1809, #1509 ), #88, .T. ) ;
#1809 = FACE_BOUND ( 'NONE', #1378, .T. ) ;
#1810 = EDGE_LOOP ( 'NONE', ( #785, #746, #2665, #2374 ) ) ;
#1811 = CARTESIAN_POINT ( 'NONE',  ( 27.09999999999999787, 29.19999999999999929, -1.199999999999999956 ) ) ;
#1812 = CARTESIAN_POINT ( 'NONE',  ( 25.39999999999999858, 25.80000000000000071, 0.000000000000000000 ) ) ;
#1813 = DIRECTION ( 'NONE',  ( -0.7071067811865475727, -0.7071067811865475727, 0.000000000000000000 ) ) ;
#1814 = LINE ( 'NONE', #3562, #1902 ) ;
#1815 =( BOUNDED_CURVE ( )  B_SPLINE_CURVE ( 2, ( #72, #12, #2055 ),
 .UNSPECIFIED., .F., .F. ) 
 B_SPLINE_CURVE_WITH_KNOTS ( ( 3, 3 ),
 ( 0.000000000000000000, 1.570796326794899667 ),
 .UNSPECIFIED. ) 
 CURVE ( )  GEOMETRIC_REPRESENTATION_ITEM ( )  RATIONAL_B_SPLINE_CURVE ( ( 1.000000000000000000, 0.7071067811865510144, 1.000000000000000000 ) ) 
 REPRESENTATION_ITEM ( '' )  );
#1816 = ORIENTED_EDGE ( 'NONE', *, *, #2965, .F. ) ;
#1817 = AXIS2_PLACEMENT_3D ( 'NONE', #2839, #777, #511 ) ;
#1818 = VERTEX_POINT ( 'NONE', #351 ) ;
#1819 = CYLINDRICAL_SURFACE ( 'NONE', #732, 2.500000000000000888 ) ;
#1820 = CARTESIAN_POINT ( 'NONE',  ( 2.799999999999999822, 2.000000000000000000, 1.500000000000000000 ) ) ;
#1821 = ORIENTED_EDGE ( 'NONE', *, *, #3514, .T. ) ;
#1822 = CARTESIAN_POINT ( 'NONE',  ( 29.60000000000000142, 22.22500000000000142, -0.4000000000000000222 ) ) ;
#1823 = EDGE_CURVE ( 'NONE', #244, #141, #2391, .T. ) ;
#1824 = DIRECTION ( 'NONE',  ( 1.000000000000000000, 0.000000000000000000, 0.000000000000000000 ) ) ;
#1825 = CARTESIAN_POINT ( 'NONE',  ( 0.2999999999999999889, 27.50000000000000000, 0.000000000000000000 ) ) ;
#1826 = CARTESIAN_POINT ( 'NONE',  ( -1.467766952966370164, -0.3677669529663675219, 4.000000000000000000 ) ) ;
#1827 = AXIS2_PLACEMENT_3D ( 'NONE', #3039, #1856, #81 ) ;
#1828 = EDGE_CURVE ( 'NONE', #2794, #1288, #3030, .T. ) ;
#1829 = ORIENTED_EDGE ( 'NONE', *, *, #1361, .T. ) ;
#1830 = AXIS2_PLACEMENT_3D ( 'NONE', #1666, #225, #2477 ) ;
#1831 = CARTESIAN_POINT ( 'NONE',  ( 28.50000000000000000, -0.6712315177207960337, 0.000000000000000000 ) ) ;
#1832 = LINE ( 'NONE', #2394, #3055 ) ;
#1833 = CARTESIAN_POINT ( 'NONE',  ( 18.89999999999999858, 13.19999999999999929, -1.199999999999999956 ) ) ;
#1834 = DIRECTION ( 'NONE',  ( -1.000000000000000000, 0.000000000000000000, 0.000000000000000000 ) ) ;
#1835 = CARTESIAN_POINT ( 'NONE',  ( 0.6000000000000000888, 2.000000000000000000, 0.000000000000000000 ) ) ;
#1836 = AXIS2_PLACEMENT_3D ( 'NONE', #2094, #2996, #3619 ) ;
#1837 = CIRCLE ( 'NONE', #1713, 2.499999999999999112 ) ;
#1838 = EDGE_LOOP ( 'NONE', ( #3389, #3694, #2748, #1721 ) ) ;
#1839 = ORIENTED_EDGE ( 'NONE', *, *, #3443, .T. ) ;
#1840 = FACE_OUTER_BOUND ( 'NONE', #1810, .T. ) ;
#1841 = PLANE ( 'NONE',  #250 ) ;
#1842 = VECTOR ( 'NONE', #1232, 1000.000000000000000 ) ;
#1843 = EDGE_LOOP ( 'NONE', ( #2649, #2221, #1783, #251 ) ) ;
#1844 = CARTESIAN_POINT ( 'NONE',  ( 1.200000000000000178, 2.000000000000000000, 0.000000000000000000 ) ) ;
#1845 = CARTESIAN_POINT ( 'NONE',  ( 25.69999999999999929, 23.09999999999999787, 3.600000000000000089 ) ) ;
#1846 = DIRECTION ( 'NONE',  ( 1.000000000000000000, 0.000000000000000000, 0.000000000000000000 ) ) ;
#1847 = EDGE_LOOP ( 'NONE', ( #1085, #324 ) ) ;
#1848 = FACE_OUTER_BOUND ( 'NONE', #1722, .T. ) ;
#1849 = DIRECTION ( 'NONE',  ( -0.7071067811865480168, 0.000000000000000000, 0.7071067811865470176 ) ) ;
#1850 = DIRECTION ( 'NONE',  ( -0.7071067811865470176, -4.183870408314316321E-17, 0.7071067811865480168 ) ) ;
#1851 = CARTESIAN_POINT ( 'NONE',  ( 26.20000000000002061, 2.000000000000000000, 2.000000000000000000 ) ) ;
#1852 = ADVANCED_FACE ( 'NONE', ( #2657, #3283 ), #2125, .T. ) ;
#1853 = EDGE_CURVE ( 'NONE', #270, #2956, #1377, .T. ) ;
#1854 = VERTEX_POINT ( 'NONE', #3615 ) ;
#1855 = ORIENTED_EDGE ( 'NONE', *, *, #2313, .T. ) ;
#1856 = DIRECTION ( 'NONE',  ( 0.000000000000000000, 0.000000000000000000, -1.000000000000000000 ) ) ;
#1857 = CARTESIAN_POINT ( 'NONE',  ( 2.799999999999997158, 2.000000000000000444, 2.000000000000000444 ) ) ;
#1858 = VERTEX_POINT ( 'NONE', #681 ) ;
#1859 =( LENGTH_UNIT ( ) NAMED_UNIT ( * ) SI_UNIT ( .MILLI., .METRE. ) );
#1860 = CARTESIAN_POINT ( 'NONE',  ( 28.49999997541310037, 24.69999999999999929, 2.299999962002020393 ) ) ;
#1861 = APPLICATION_PROTOCOL_DEFINITION ( 'draft international standard', 'automotive_design', 1998, #54 ) ;
#1862 = DIRECTION ( 'NONE',  ( 0.000000000000000000, 0.000000000000000000, 1.000000000000000000 ) ) ;
#1863 = FACE_BOUND ( 'NONE', #3022, .T. ) ;
#1864 = CIRCLE ( 'NONE', #2779, 1.400000000000000133 ) ;
#1865 = DIRECTION ( 'NONE',  ( 0.000000000000000000, 0.000000000000000000, -1.000000000000000000 ) ) ;
#1866 = DIRECTION ( 'NONE',  ( -4.921201350288809999E-18, 1.000000000000000000, 0.000000000000000000 ) ) ;
#1867 = CARTESIAN_POINT ( 'NONE',  ( 2.000000000000000000, 25.80000000000000071, 0.000000000000000000 ) ) ;
#1868 = CARTESIAN_POINT ( 'NONE',  ( 24.59999999999999076, 2.000000000000000000, 2.000000000000000000 ) ) ;
#1869 = PLANE ( 'NONE',  #3726 ) ;
#1870 = EDGE_LOOP ( 'NONE', ( #461, #11, #2245, #3662 ) ) ;
#1871 = EDGE_CURVE ( 'NONE', #2513, #2362, #1864, .T. ) ;
#1872 = VERTEX_POINT ( 'NONE', #1297 ) ;
#1873 = DIRECTION ( 'NONE',  ( -0.000000000000000000, 1.000000000000000000, 0.000000000000000000 ) ) ;
#1874 = CARTESIAN_POINT ( 'NONE',  ( 2.000000000000000000, 1.699999999999999956, 2.000000000000000000 ) ) ;
#1875 = ORIENTED_EDGE ( 'NONE', *, *, #584, .F. ) ;
#1876 = EDGE_CURVE ( 'NONE', #3239, #1537, #2451, .T. ) ;
#1877 = ORIENTED_EDGE ( 'NONE', *, *, #2902, .T. ) ;
#1878 = PRESENTATION_STYLE_ASSIGNMENT (( #1558 ) ) ;
#1879 = VECTOR ( 'NONE', #3497, 1000.000000000000000 ) ;
#1880 = LINE ( 'NONE', #3045, #2984 ) ;
#1881 = DIRECTION ( 'NONE',  ( 0.000000000000000000, 1.000000000000000000, 0.000000000000000000 ) ) ;
#1882 = DIRECTION ( 'NONE',  ( 0.4999999999999989453, -0.4999999999999996669, 0.7071067811865485719 ) ) ;
#1883 = DIRECTION ( 'NONE',  ( 0.000000000000000000, 0.000000000000000000, 1.000000000000000000 ) ) ;
#1884 = FACE_OUTER_BOUND ( 'NONE', #1572, .T. ) ;
#1885 = FACE_OUTER_BOUND ( 'NONE', #1760, .T. ) ;
#1886 = DIRECTION ( 'NONE',  ( 1.000000000000000000, 0.000000000000000000, 0.000000000000000000 ) ) ;
#1887 = LINE ( 'NONE', #2134, #3606 ) ;
#1888 = ORIENTED_EDGE ( 'NONE', *, *, #704, .T. ) ;
#1889 = ORIENTED_EDGE ( 'NONE', *, *, #3180, .F. ) ;
#1890 = DIRECTION ( 'NONE',  ( 0.000000000000000000, 0.000000000000000000, -1.000000000000000000 ) ) ;
#1891 = CARTESIAN_POINT ( 'NONE',  ( 1.199999999999999512, 2.000000000000000444, 2.000000000000000444 ) ) ;
#1892 = AXIS2_PLACEMENT_3D ( 'NONE', #14, #2078, #1477 ) ;
#1893 = ADVANCED_FACE ( 'NONE', ( #45 ), #3557, .T. ) ;
#1894 = CIRCLE ( 'NONE', #1956, 2.500000000000000000 ) ;
#1895 = CIRCLE ( 'NONE', #3735, 0.7999999999999999334 ) ;
#1896 = ORIENTED_EDGE ( 'NONE', *, *, #2827, .F. ) ;
#1897 = CARTESIAN_POINT ( 'NONE',  ( 24.60000000000000142, 2.000000000000000000, 1.500000000000000000 ) ) ;
#1898 = VECTOR ( 'NONE', #3235, 1000.000000000000000 ) ;
#1899 = CARTESIAN_POINT ( 'NONE',  ( 1.700000000000000178, 2.000000000000000000, 2.000000000000000000 ) ) ;
#1900 = ADVANCED_FACE ( 'NONE', ( #450 ), #2817, .T. ) ;
#1901 = ADVANCED_FACE ( 'NONE', ( #1936 ), #2795, .T. ) ;
#1902 = VECTOR ( 'NONE', #113, 1000.000000000000000 ) ;
#1903 = CARTESIAN_POINT ( 'NONE',  ( 1.699999999999999956, 10.09999999999999964, 3.600000000000000089 ) ) ;
#1904 = CARTESIAN_POINT ( 'NONE',  ( 2.000000000000000000, 1.699999999999999956, 2.000000000000000000 ) ) ;
#1905 = DIRECTION ( 'NONE',  ( 0.7071067811865474617, -0.7071067811865477948, 0.000000000000000000 ) ) ;
#1906 = FACE_OUTER_BOUND ( 'NONE', #2908, .T. ) ;
#1907 = CARTESIAN_POINT ( 'NONE',  ( 28.80000000000000071, 1.399999999999999911, 4.799999999999999822 ) ) ;
#1908 = CONICAL_SURFACE ( 'NONE', #2388, 2.100000000000000533, 0.7853981633974469467 ) ;
#1909 = DIRECTION ( 'NONE',  ( -0.7071067811865481278, -0.7071067811865470176, 0.000000000000000000 ) ) ;
#1910 = EDGE_LOOP ( 'NONE', ( #806, #493, #1132, #929 ) ) ;
#1911 = VERTEX_POINT ( 'NONE', #3395 ) ;
#1912 = DIRECTION ( 'NONE',  ( -0.4999999999999995004, 0.4999999999999995004, -0.7071067811865483499 ) ) ;
#1913 = CYLINDRICAL_SURFACE ( 'NONE', #2623, 2.500000000000001332 ) ;
#1914 =( BOUNDED_SURFACE ( )  B_SPLINE_SURFACE ( 2, 2, ( 
 ( #1588, #3311, #1262, #1245, #3637, #2396, #3345, #3053, #971 ),
 ( #1608, #689, #2745, #436, #1851, #997, #150, #3329, #1868 ),
 ( #2380, #933, #3384, #1050, #1083, #813, #778, #3363, #492 ) ),
 .UNSPECIFIED., .F., .T., .T. ) 
 B_SPLINE_SURFACE_WITH_KNOTS ( ( 3, 3 ),
 ( 3, 2, 2, 2, 3 ),
 ( 0.000000000000000000, 1.570796326794899889 ),
 ( -3.141592653589790007, -1.570796326794899889, 0.000000000000000000, 1.570796326794899889, 3.141592653589790007 ),
 .UNSPECIFIED. ) 
 GEOMETRIC_REPRESENTATION_ITEM ( )  RATIONAL_B_SPLINE_SURFACE ( (
 ( 1.000000000000000000, 0.7071067811865480168, 1.000000000000000000, 0.7071067811865480168, 1.000000000000000000, 0.7071067811865480168, 1.000000000000000000, 0.7071067811865480168, 1.000000000000000000),
 ( 0.7071067811865510144, 0.5000000000000000000, 0.7071067811865510144, 0.5000000000000000000, 0.7071067811865510144, 0.5000000000000000000, 0.7071067811865510144, 0.5000000000000000000, 0.7071067811865510144),
 ( 1.000000000000000000, 0.7071067811865480168, 1.000000000000000000, 0.7071067811865480168, 1.000000000000000000, 0.7071067811865480168, 1.000000000000000000, 0.7071067811865480168, 1.000000000000000000) ) ) 
 REPRESENTATION_ITEM ( '' )  SURFACE ( )  );
#1915 = ORIENTED_EDGE ( 'NONE', *, *, #3652, .T. ) ;
#1916 = LINE ( 'NONE', #1008, #2430 ) ;
#1917 = ORIENTED_EDGE ( 'NONE', *, *, #640, .T. ) ;
#1918 = ADVANCED_FACE ( 'NONE', ( #772 ), #431, .T. ) ;
#1919 = ADVANCED_FACE ( 'NONE', ( #466 ), #1095, .T. ) ;
#1920 = DIRECTION ( 'NONE',  ( 1.000000000000000000, 0.000000000000000000, 0.000000000000000000 ) ) ;
#1921 = EDGE_CURVE ( 'NONE', #2431, #3062, #3413, .T. ) ;
#1922 = CARTESIAN_POINT ( 'NONE',  ( 2.800000000000000711, 26.60000000000003340, 1.499999999999999778 ) ) ;
#1923 = CARTESIAN_POINT ( 'NONE',  ( 2.000000000000000000, 25.50000000000000000, 2.000000000000000000 ) ) ;
#1924 = CARTESIAN_POINT ( 'NONE',  ( 28.49999997541310037, 24.69999999999999929, 1.099999962002029985 ) ) ;
#1925 = CARTESIAN_POINT ( 'NONE',  ( -1.800000000000000044, 6.675000000000000711, -0.8000000000000000444 ) ) ;
#1926 = EDGE_LOOP ( 'NONE', ( #2392, #1917, #3478, #1284, #1668, #1727 ) ) ;
#1927 = ORIENTED_EDGE ( 'NONE', *, *, #2712, .T. ) ;
#1928 = DIRECTION ( 'NONE',  ( 0.000000000000000000, 0.000000000000000000, 1.000000000000000000 ) ) ;
#1929 = DIRECTION ( 'NONE',  ( 0.000000000000000000, 0.000000000000000000, 1.000000000000000000 ) ) ;
#1930 = EDGE_LOOP ( 'NONE', ( #3510, #136, #137 ) ) ;
#1931 = VERTEX_POINT ( 'NONE', #1350 ) ;
#1932 = CARTESIAN_POINT ( 'NONE',  ( 29.60000000000000142, 27.50000000000000000, 4.000000000000000000 ) ) ;
#1933 = AXIS2_PLACEMENT_3D ( 'NONE', #1659, #3689, #1991 ) ;
#1934 = EDGE_LOOP ( 'NONE', ( #3545, #109, #2363, #1877 ) ) ;
#1935 = VECTOR ( 'NONE', #1642, 1000.000000000000000 ) ;
#1936 = FACE_OUTER_BOUND ( 'NONE', #1997, .T. ) ;
#1937 = EDGE_CURVE ( 'NONE', #518, #2328, #1367, .T. ) ;
#1938 = CARTESIAN_POINT ( 'NONE',  ( 1.699999999999999956, 25.80000000000000071, 2.000000000000000000 ) ) ;
#1939 = DIRECTION ( 'NONE',  ( 0.000000000000000000, 0.000000000000000000, 1.000000000000000000 ) ) ;
#1940 = CARTESIAN_POINT ( 'NONE',  ( -1.100000000000000089, 13.89999999999999858, 2.299999937415119877 ) ) ;
#1941 = LINE ( 'NONE', #2840, #7 ) ;
#1942 = EDGE_CURVE ( 'NONE', #3260, #170, #1674, .T. ) ;
#1943 = ORIENTED_EDGE ( 'NONE', *, *, #82, .F. ) ;
#1944 = ORIENTED_EDGE ( 'NONE', *, *, #959, .T. ) ;
#1945 = CARTESIAN_POINT ( 'NONE',  ( 29.60000000000000142, 27.50000000000000000, -0.4000000000000000222 ) ) ;
#1946 = CARTESIAN_POINT ( 'NONE',  ( 28.30208152801712984, 28.70208152801713197, -1.199999999999999956 ) ) ;
#1947 = VECTOR ( 'NONE', #2171, 1000.000000000000000 ) ;
#1948 = AXIS2_PLACEMENT_3D ( 'NONE', #3119, #3097, #1617 ) ;
#1949 = VERTEX_POINT ( 'NONE', #1619 ) ;
#1950 = ORIENTED_EDGE ( 'NONE', *, *, #2405, .F. ) ;
#1951 = VECTOR ( 'NONE', #765, 1000.000000000000000 ) ;
#1952 = CARTESIAN_POINT ( 'NONE',  ( 29.60000000000000142, 1.399999999999999911, 4.000000000000000000 ) ) ;
#1953 = CARTESIAN_POINT ( 'NONE',  ( 25.69999999999999929, 23.09999999999999787, 4.000000000000000000 ) ) ;
#1954 = VECTOR ( 'NONE', #3496, 1000.000000000000000 ) ;
#1955 = ORIENTED_EDGE ( 'NONE', *, *, #1576, .F. ) ;
#1956 = AXIS2_PLACEMENT_3D ( 'NONE', #2284, #1929, #1055 ) ;
#1957 =( GEOMETRIC_REPRESENTATION_CONTEXT ( 3 ) GLOBAL_UNCERTAINTY_ASSIGNED_CONTEXT ( ( #3024 ) ) GLOBAL_UNIT_ASSIGNED_CONTEXT ( ( #2716, #3028, #1582 ) ) REPRESENTATION_CONTEXT ( 'NONE', 'WORKASPACE' ) );
#1958 = DIRECTION ( 'NONE',  ( 0.000000000000000000, 1.000000000000000000, 0.000000000000000000 ) ) ;
#1959 = CARTESIAN_POINT ( 'NONE',  ( 1.199999999999999512, 25.80000000000001492, 2.000000000000000000 ) ) ;
#1960 = CARTESIAN_POINT ( 'NONE',  ( 2.000000000000000000, 26.60000000000003340, 2.000000000000000000 ) ) ;
#1961 = CARTESIAN_POINT ( 'NONE',  ( 25.69999999999999929, 23.09999999999999787, 3.600000000000000089 ) ) ;
#1962 = DIRECTION ( 'NONE',  ( 0.000000000000000000, -0.7071067811865480168, 0.7071067811865470176 ) ) ;
#1963 = AXIS2_PLACEMENT_3D ( 'NONE', #649, #1014, #3289 ) ;
#1964 = VERTEX_POINT ( 'NONE', #3705 ) ;
#1965 = ORIENTED_EDGE ( 'NONE', *, *, #303, .F. ) ;
#1966 = EDGE_CURVE ( 'NONE', #345, #2001, #2184, .T. ) ;
#1967 = DIRECTION ( 'NONE',  ( 0.000000000000000000, 0.000000000000000000, 1.000000000000000000 ) ) ;
#1968 = EDGE_CURVE ( 'NONE', #1598, #3656, #791, .T. ) ;
#1969 = CARTESIAN_POINT ( 'NONE',  ( 0.2999999999999999889, 1.399999999999999911, 4.799999999999999822 ) ) ;
#1970 = ORIENTED_EDGE ( 'NONE', *, *, #2154, .T. ) ;
#1971 = VERTEX_POINT ( 'NONE', #1658 ) ;
#1972 = DIRECTION ( 'NONE',  ( -1.000000000000000000, 0.000000000000000000, 0.000000000000000000 ) ) ;
#1973 = CARTESIAN_POINT ( 'NONE',  ( 27.09999999999999787, 27.50000000000000000, 0.000000000000000000 ) ) ;
#1974 = ORIENTED_EDGE ( 'NONE', *, *, #257, .T. ) ;
#1975 = PLANE ( 'NONE',  #592 ) ;
#1976 = DIRECTION ( 'NONE',  ( 0.000000000000000000, 0.000000000000000000, 1.000000000000000000 ) ) ;
#1977 = AXIS2_PLACEMENT_3D ( 'NONE', #678, #3321, #3587 ) ;
#1978 = DIRECTION ( 'NONE',  ( -1.533293416683369947E-16, -0.7071067811865480168, -0.7071067811865470176 ) ) ;
#1979 = VERTEX_POINT ( 'NONE', #2778 ) ;
#1980 = ORIENTED_EDGE ( 'NONE', *, *, #1340, .T. ) ;
#1981 = DIRECTION ( 'NONE',  ( -0.7071067811865470176, 0.000000000000000000, 0.7071067811865480168 ) ) ;
#1982 = CARTESIAN_POINT ( 'NONE',  ( 0.2999999999999999889, 27.50000000000000000, -0.4000000000000000222 ) ) ;
#1983 = EDGE_CURVE ( 'NONE', #1931, #2812, #508, .T. ) ;
#1984 = VERTEX_POINT ( 'NONE', #218 ) ;
#1985 = VERTEX_POINT ( 'NONE', #161 ) ;
#1986 = CARTESIAN_POINT ( 'NONE',  ( 1.699999999999999956, 23.09999999999999787, 3.600000000000000089 ) ) ;
#1987 = CARTESIAN_POINT ( 'NONE',  ( 0.6000000000000000888, 25.80000000000000071, 0.000000000000000000 ) ) ;
#1988 = EDGE_LOOP ( 'NONE', ( #1611, #2344, #755, #1702 ) ) ;
#1989 = CARTESIAN_POINT ( 'NONE',  ( 28.50000000000000000, -0.6712315177207960337, 3.600000000000000089 ) ) ;
#1990 = CIRCLE ( 'NONE', #2178, 1.700000000000001066 ) ;
#1991 = DIRECTION ( 'NONE',  ( -0.7071067811865481278, -0.7071067811865470176, 0.000000000000000000 ) ) ;
#1992 = CARTESIAN_POINT ( 'NONE',  ( 25.10000000000000142, 25.80000000000000071, 2.000000000000000000 ) ) ;
#1993 = CARTESIAN_POINT ( 'NONE',  ( 27.09999999999999787, -0.2999999999999999889, 4.799999999999999822 ) ) ;
#1994 = LINE ( 'NONE', #1720, #3683 ) ;
#1995 = AXIS2_PLACEMENT_3D ( 'NONE', #1256, #371, #2071 ) ;
#1996 = ORIENTED_EDGE ( 'NONE', *, *, #2705, .F. ) ;
#1997 = EDGE_LOOP ( 'NONE', ( #1004, #1875, #366, #1646 ) ) ;
#1998 = DIRECTION ( 'NONE',  ( 0.000000000000000000, -1.000000000000000000, 0.000000000000000000 ) ) ;
#1999 = CARTESIAN_POINT ( 'NONE',  ( -1.399999975413080078, 2.799999999999999822, 1.699999962002040066 ) ) ;
#2000 = LINE ( 'NONE', #573, #3552 ) ;
#2001 = VERTEX_POINT ( 'NONE', #3380 ) ;
#2002 = MANIFOLD_SOLID_BREP ( 'Body1[1]', #3654 ) ;
#2003 = VERTEX_POINT ( 'NONE', #1427 ) ;
#2004 = CARTESIAN_POINT ( 'NONE',  ( 0.2999999999999999889, 1.399999999999999911, 4.400000000000000355 ) ) ;
#2005 = CARTESIAN_POINT ( 'NONE',  ( -2.200000000000000178, 30.00000000000000000, 0.000000000000000000 ) ) ;
#2006 = CONICAL_SURFACE ( 'NONE', #1467, 2.100000000000000533, 0.7853981633974469467 ) ;
#2007 = CARTESIAN_POINT ( 'NONE',  ( 28.49999997541310037, 24.69999999999999929, 2.299999962002020393 ) ) ;
#2008 = ORIENTED_EDGE ( 'NONE', *, *, #659, .F. ) ;
#2009 = EDGE_CURVE ( 'NONE', #2137, #2755, #762, .T. ) ;
#2010 = ADVANCED_FACE ( 'NONE', ( #3453 ), #2316, .T. ) ;
#2011 = DIRECTION ( 'NONE',  ( 1.000000000000000000, 0.000000000000000000, 0.000000000000000000 ) ) ;
#2012 = AXIS2_PLACEMENT_3D ( 'NONE', #3502, #3462, #2938 ) ;
#2013 = VECTOR ( 'NONE', #3504, 1000.000000000000000 ) ;
#2014 = CARTESIAN_POINT ( 'NONE',  ( 25.10000000000000142, 25.80000000000000071, 2.000000000000000000 ) ) ;
#2015 = CARTESIAN_POINT ( 'NONE',  ( 27.09999999999999787, 27.50000000000000000, 0.000000000000000000 ) ) ;
#2016 = VECTOR ( 'NONE', #2330, 1000.000000000000000 ) ;
#2017 = FACE_OUTER_BOUND ( 'NONE', #115, .T. ) ;
#2018 = ORIENTED_EDGE ( 'NONE', *, *, #2759, .F. ) ;
#2019 = ORIENTED_EDGE ( 'NONE', *, *, #352, .F. ) ;
#2020 = DIRECTION ( 'NONE',  ( 0.000000000000000000, 1.000000000000000000, 0.000000000000000000 ) ) ;
#2021 = CARTESIAN_POINT ( 'NONE',  ( -1.324999975413080122, 2.899999999999999911, 1.324999962002040066 ) ) ;
#2022 = ORIENTED_EDGE ( 'NONE', *, *, #2122, .F. ) ;
#2023 = EDGE_LOOP ( 'NONE', ( #2786, #982, #1829, #419 ) ) ;
#2024 = LINE ( 'NONE', #2650, #910 ) ;
#2025 = FACE_OUTER_BOUND ( 'NONE', #958, .T. ) ;
#2026 = LINE ( 'NONE', #2849, #1803 ) ;
#2027 = ORIENTED_EDGE ( 'NONE', *, *, #3137, .T. ) ;
#2028 = EDGE_CURVE ( 'NONE', #2362, #1235, #3761, .T. ) ;
#2029 = EDGE_CURVE ( 'NONE', #2810, #170, #1690, .T. ) ;
#2030 =( BOUNDED_SURFACE ( )  B_SPLINE_SURFACE ( 2, 2, ( 
 ( #3706, #1428, #2544, #2580, #3762, #1922, #1140, #793, #1063 ),
 ( #1959, #238, #509, #220, #2855, #1352, #3397, #775, #2274 ),
 ( #3724, #1675, #2796, #811, #1388, #3455, #1099, #828, #1938 ) ),
 .UNSPECIFIED., .F., .T., .T. ) 
 B_SPLINE_SURFACE_WITH_KNOTS ( ( 3, 3 ),
 ( 3, 2, 2, 2, 3 ),
 ( 0.000000000000000000, 1.570796326794899889 ),
 ( -3.141592653589790007, -1.570796326794899889, 0.000000000000000000, 1.570796326794899889, 3.141592653589790007 ),
 .UNSPECIFIED. ) 
 GEOMETRIC_REPRESENTATION_ITEM ( )  RATIONAL_B_SPLINE_SURFACE ( (
 ( 1.000000000000000000, 0.7071067811865480168, 1.000000000000000000, 0.7071067811865480168, 1.000000000000000000, 0.7071067811865480168, 1.000000000000000000, 0.7071067811865480168, 1.000000000000000000),
 ( 0.7071067811865460184, 0.5000000000000000000, 0.7071067811865460184, 0.5000000000000000000, 0.7071067811865460184, 0.5000000000000000000, 0.7071067811865460184, 0.5000000000000000000, 0.7071067811865460184),
 ( 1.000000000000000000, 0.7071067811865480168, 1.000000000000000000, 0.7071067811865480168, 1.000000000000000000, 0.7071067811865480168, 1.000000000000000000, 0.7071067811865480168, 1.000000000000000000) ) ) 
 REPRESENTATION_ITEM ( '' )  SURFACE ( )  );
#2031 = CYLINDRICAL_SURFACE ( 'NONE', #2750, 0.7999999999999999334 ) ;
#2032 = PLANE ( 'NONE',  #902 ) ;
#2033 = DIRECTION ( 'NONE',  ( -3.965082230804129727E-16, -1.000000000000000000, 0.000000000000000000 ) ) ;
#2034 = ADVANCED_FACE ( 'NONE', ( #275 ), #3158, .T. ) ;
#2035 = ORIENTED_EDGE ( 'NONE', *, *, #3083, .T. ) ;
#2036 = CARTESIAN_POINT ( 'NONE',  ( 28.50000000000000000, 2.799999999999999822, 2.441421293652420221 ) ) ;
#2037 = FACE_OUTER_BOUND ( 'NONE', #2534, .T. ) ;
#2038 = DIRECTION ( 'NONE',  ( 0.000000000000000000, 0.000000000000000000, -1.000000000000000000 ) ) ;
#2039 = DIRECTION ( 'NONE',  ( 1.000000000000000000, 0.000000000000000000, 0.000000000000000000 ) ) ;
#2040 = EDGE_LOOP ( 'NONE', ( #1057, #3525, #2416, #634 ) ) ;
#2041 = ORIENTED_EDGE ( 'NONE', *, *, #846, .T. ) ;
#2042 = CARTESIAN_POINT ( 'NONE',  ( 7.700000000000000178, 23.50000000000000000, 4.400000000000000355 ) ) ;
#2043 = DIRECTION ( 'NONE',  ( 1.000000000000000000, 0.000000000000000000, 0.000000000000000000 ) ) ;
#2044 = AXIS2_PLACEMENT_3D ( 'NONE', #1026, #3435, #3067 ) ;
#2045 = CARTESIAN_POINT ( 'NONE',  ( -2.200000000000000178, 1.399999999999999911, -0.4000000000000000222 ) ) ;
#2046 = ORIENTED_EDGE ( 'NONE', *, *, #773, .F. ) ;
#2047 = CARTESIAN_POINT ( 'NONE',  ( 26.20000000000000284, 25.80000000000000071, 1.500000000000000000 ) ) ;
#2048 = AXIS2_PLACEMENT_3D ( 'NONE', #669, #2635, #1281 ) ;
#2049 = CARTESIAN_POINT ( 'NONE',  ( 25.39999999999999858, 25.00000000000000000, 1.500000000000000000 ) ) ;
#2050 = CARTESIAN_POINT ( 'NONE',  ( 0.2999999999999999889, 1.399999999999999911, 3.600000000000000089 ) ) ;
#2051 = DIRECTION ( 'NONE',  ( 0.7071067811865474617, -0.7071067811865477948, 0.000000000000000000 ) ) ;
#2052 = EDGE_CURVE ( 'NONE', #1124, #21, #641, .T. ) ;
#2053 = VECTOR ( 'NONE', #165, 1000.000000000000000 ) ;
#2054 = ORIENTED_EDGE ( 'NONE', *, *, #1575, .F. ) ;
#2055 = CARTESIAN_POINT ( 'NONE',  ( 25.09999999999999787, 2.000000000000000000, 2.000000000000000000 ) ) ;
#2056 = CARTESIAN_POINT ( 'NONE',  ( 1.700000000000000178, 25.80000000000001137, 2.000000000000000000 ) ) ;
#2057 = PLANE ( 'NONE',  #2196 ) ;
#2058 = AXIS2_PLACEMENT_3D ( 'NONE', #2015, #3764, #1163 ) ;
#2059 = DIRECTION ( 'NONE',  ( 0.000000000000000000, 0.000000000000000000, -1.000000000000000000 ) ) ;
#2060 = ADVANCED_FACE ( 'NONE', ( #563 ), #1488, .T. ) ;
#2061 = ADVANCED_FACE ( 'NONE', ( #600 ), #2180, .F. ) ;
#2062 = VERTEX_POINT ( 'NONE', #810 ) ;
#2063 = VERTEX_POINT ( 'NONE', #3744 ) ;
#2064 = DIRECTION ( 'NONE',  ( 0.000000000000000000, 1.000000000000000000, 0.000000000000000000 ) ) ;
#2065 = CYLINDRICAL_SURFACE ( 'NONE', #2681, 1.399999999999998579 ) ;
#2066 = ORIENTED_EDGE ( 'NONE', *, *, #3142, .T. ) ;
#2067 = CARTESIAN_POINT ( 'NONE',  ( -1.467766952966369054, 29.26776695296636888, 0.000000000000000000 ) ) ;
#2068 = AXIS2_PLACEMENT_3D ( 'NONE', #1728, #559, #3256 ) ;
#2069 =( NAMED_UNIT ( * ) PLANE_ANGLE_UNIT ( ) SI_UNIT ( $, .RADIAN. ) );
#2070 = CIRCLE ( 'NONE', #735, 0.3000000000000016542 ) ;
#2071 = DIRECTION ( 'NONE',  ( 1.000000000000000000, 0.000000000000000000, 0.000000000000000000 ) ) ;
#2072 = LINE ( 'NONE', #3201, #2936 ) ;
#2073 = VECTOR ( 'NONE', #2059, 1000.000000000000000 ) ;
#2074 = AXIS2_PLACEMENT_3D ( 'NONE', #3382, #1676, #1641 ) ;
#2075 = EDGE_LOOP ( 'NONE', ( #188, #1277, #2387, #2660 ) ) ;
#2076 = CARTESIAN_POINT ( 'NONE',  ( 2.800000000000000711, 2.800000000000000711, 1.499999999999999778 ) ) ;
#2077 = CARTESIAN_POINT ( 'NONE',  ( 28.50000000000000000, -0.6712315177207960337, 0.000000000000000000 ) ) ;
#2078 = DIRECTION ( 'NONE',  ( 0.000000000000000000, 0.000000000000000000, 1.000000000000000000 ) ) ;
#2079 = LINE ( 'NONE', #2021, #1596 ) ;
#2080 = VERTEX_POINT ( 'NONE', #1989 ) ;
#2081 = ADVANCED_FACE ( 'NONE', ( #1711 ), #2145, .T. ) ;
#2082 = EDGE_CURVE ( 'NONE', #2554, #1537, #639, .T. ) ;
#2083 = VERTEX_POINT ( 'NONE', #2067 ) ;
#2084 = CARTESIAN_POINT ( 'NONE',  ( 26.79999999999999716, 2.000000000000000000, 0.000000000000000000 ) ) ;
#2085 = LINE ( 'NONE', #1193, #1898 ) ;
#2086 = CONICAL_SURFACE ( 'NONE', #2879, 2.100000000000000533, 0.7853981633974469467 ) ;
#2087 = EDGE_CURVE ( 'NONE', #3072, #234, #64, .T. ) ;
#2088 = ORIENTED_EDGE ( 'NONE', *, *, #538, .F. ) ;
#2089 = DIRECTION ( 'NONE',  ( 0.7071067811865465735, 0.000000000000000000, 0.7071067811865485719 ) ) ;
#2090 = CARTESIAN_POINT ( 'NONE',  ( 5.750000000000000000, 29.60000000000000142, -0.8000000000000000444 ) ) ;
#2091 = FACE_OUTER_BOUND ( 'NONE', #78, .T. ) ;
#2092 = VERTEX_POINT ( 'NONE', #2367 ) ;
#2093 = CARTESIAN_POINT ( 'NONE',  ( 2.000000000000000444, 1.199999999999999512, 2.000000000000000444 ) ) ;
#2094 = CARTESIAN_POINT ( 'NONE',  ( 18.89999999999999858, 25.19999999999999929, 0.000000000000000000 ) ) ;
#2095 = CARTESIAN_POINT ( 'NONE',  ( 20.65000000000000213, -0.2000000000000000111, 0.000000000000000000 ) ) ;
#2096 = FACE_OUTER_BOUND ( 'NONE', #731, .T. ) ;
#2097 = ORIENTED_EDGE ( 'NONE', *, *, #1338, .T. ) ;
#2098 = ORIENTED_EDGE ( 'NONE', *, *, #1023, .T. ) ;
#2099 = CARTESIAN_POINT ( 'NONE',  ( 29.60000000000000142, 27.50000000000000000, 3.600000000000000089 ) ) ;
#2100 = CARTESIAN_POINT ( 'NONE',  ( 28.50000000000000000, -1.100000000000000089, 2.441421293652420221 ) ) ;
#2101 = ADVANCED_FACE ( 'NONE', ( #1236 ), #2985, .T. ) ;
#2102 = EDGE_LOOP ( 'NONE', ( #2575, #598, #211, #530 ) ) ;
#2103 = CIRCLE ( 'NONE', #3454, 0.7999999999999999334 ) ;
#2104 = DIRECTION ( 'NONE',  ( 0.000000000000000000, 0.000000000000000000, -1.000000000000000000 ) ) ;
#2105 = ADVANCED_FACE ( 'NONE', ( #2695 ), #2735, .T. ) ;
#2106 = AXIS2_PLACEMENT_3D ( 'NONE', #928, #1604, #757 ) ;
#2107 = DIRECTION ( 'NONE',  ( 0.000000000000000000, 0.000000000000000000, 1.000000000000000000 ) ) ;
#2108 = DIRECTION ( 'NONE',  ( 0.000000000000000000, 0.000000000000000000, 1.000000000000000000 ) ) ;
#2109 = VERTEX_POINT ( 'NONE', #1860 ) ;
#2110 = EDGE_LOOP ( 'NONE', ( #1322, #593 ) ) ;
#2111 = DIRECTION ( 'NONE',  ( -1.000000000000000000, 0.000000000000000000, 0.000000000000000000 ) ) ;
#2112 = DIRECTION ( 'NONE',  ( 1.000000000000000000, 0.000000000000000000, 0.000000000000000000 ) ) ;
#2113 = DIRECTION ( 'NONE',  ( -0.000000000000000000, 0.7071067811865470176, 0.7071067811865480168 ) ) ;
#2114 = DIRECTION ( 'NONE',  ( 0.7071067811865466846, -0.7071067811865483499, 0.000000000000000000 ) ) ;
#2115 = ORIENTED_EDGE ( 'NONE', *, *, #1015, .T. ) ;
#2116 = AXIS2_PLACEMENT_3D ( 'NONE', #527, #2298, #1448 ) ;
#2117 = ORIENTED_EDGE ( 'NONE', *, *, #2, .T. ) ;
#2118 = LINE ( 'NONE', #1250, #358 ) ;
#2119 = FACE_OUTER_BOUND ( 'NONE', #3743, .T. ) ;
#2120 = VERTEX_POINT ( 'NONE', #1541 ) ;
#2121 = PLANE ( 'NONE',  #627 ) ;
#2122 = EDGE_CURVE ( 'NONE', #1258, #2512, #3512, .T. ) ;
#2123 = ADVANCED_FACE ( 'NONE', ( #2404 ), #2121, .T. ) ;
#2124 = LINE ( 'NONE', #680, #719 ) ;
#2125 = PLANE ( 'NONE',  #3458 ) ;
#2126 = AXIS2_PLACEMENT_3D ( 'NONE', #3091, #1928, #1339 ) ;
#2127 = ORIENTED_EDGE ( 'NONE', *, *, #3565, .T. ) ;
#2128 = AXIS2_PLACEMENT_3D ( 'NONE', #3387, #1967, #3111 ) ;
#2129 = DIRECTION ( 'NONE',  ( 0.000000000000000000, 0.000000000000000000, 1.000000000000000000 ) ) ;
#2130 = ADVANCED_FACE ( 'NONE', ( #3532 ), #1908, .T. ) ;
#2131 = CARTESIAN_POINT ( 'NONE',  ( 25.39999999999999858, 2.000000000000000000, 0.8000000000000000444 ) ) ;
#2132 = LINE ( 'NONE', #2095, #3420 ) ;
#2133 = CARTESIAN_POINT ( 'NONE',  ( 27.09999999999999787, 27.50000000000000000, -1.199999999999999956 ) ) ;
#2134 = CARTESIAN_POINT ( 'NONE',  ( 29.60000000000000142, 1.399999999999999911, 3.600000000000000089 ) ) ;
#2135 = CIRCLE ( 'NONE', #3795, 1.399999999999998579 ) ;
#2136 = AXIS2_PLACEMENT_3D ( 'NONE', #2664, #611, #3250 ) ;
#2137 = VERTEX_POINT ( 'NONE', #2424 ) ;
#2138 = VERTEX_POINT ( 'NONE', #622 ) ;
#2139 = PRODUCT_DEFINITION_FORMATION_WITH_SPECIFIED_SOURCE ( 'ANY', '', #2826, .NOT_KNOWN. ) ;
#2140 = CARTESIAN_POINT ( 'NONE',  ( 0.2999999999999999889, 27.50000000000000000, 4.799999999999999822 ) ) ;
#2141 = DIRECTION ( 'NONE',  ( -0.000000000000000000, 1.000000000000000000, 0.000000000000000000 ) ) ;
#2142 = ORIENTED_EDGE ( 'NONE', *, *, #379, .T. ) ;
#2143 = EDGE_LOOP ( 'NONE', ( #3710, #947 ) ) ;
#2144 = CARTESIAN_POINT ( 'NONE',  ( 0.2999999999999999889, 1.399999999999999911, 0.000000000000000000 ) ) ;
#2145 = PLANE ( 'NONE',  #2582 ) ;
#2146 = DIRECTION ( 'NONE',  ( 0.7071067811865470176, 0.000000000000000000, 0.7071067811865480168 ) ) ;
#2147 = CARTESIAN_POINT ( 'NONE',  ( 2.000000000000000000, 2.000000000000000000, 0.8000000000000000444 ) ) ;
#2148 = EDGE_CURVE ( 'NONE', #3771, #2830, #368, .T. ) ;
#2149 = PLANE ( 'NONE',  #408 ) ;
#2150 = DIRECTION ( 'NONE',  ( 0.000000000000000000, 1.000000000000000000, 0.000000000000000000 ) ) ;
#2151 = DIRECTION ( 'NONE',  ( 0.000000000000000000, 0.000000000000000000, 1.000000000000000000 ) ) ;
#2152 = DIRECTION ( 'NONE',  ( 1.000000000000000000, 0.000000000000000000, 0.000000000000000000 ) ) ;
#2153 = CARTESIAN_POINT ( 'NONE',  ( -1.467766952966369054, -0.3677669529663690762, -0.4000000000000000222 ) ) ;
#2154 = EDGE_CURVE ( 'NONE', #507, #2446, #3608, .T. ) ;
#2155 = EDGE_LOOP ( 'NONE', ( #3472, #2937, #1679, #2626 ) ) ;
#2156 = ORIENTED_EDGE ( 'NONE', *, *, #1504, .F. ) ;
#2157 = DIRECTION ( 'NONE',  ( 1.931949705021050181E-15, -0.7071067811865480168, -0.7071067811865470176 ) ) ;
#2158 = CARTESIAN_POINT ( 'NONE',  ( 2.299999999999999822, 2.000000000000000000, 2.000000000000000000 ) ) ;
#2159 = ORIENTED_EDGE ( 'NONE', *, *, #3748, .F. ) ;
#2160 = ORIENTED_EDGE ( 'NONE', *, *, #3414, .F. ) ;
#2161 = CARTESIAN_POINT ( 'NONE',  ( 26.20000000000000284, 2.799999999999999822, 2.000000000000000000 ) ) ;
#2162 = VECTOR ( 'NONE', #2089, 1000.000000000000000 ) ;
#2163 = CARTESIAN_POINT ( 'NONE',  ( -1.699999975413089892, 24.69999999999999929, 1.699999962002040066 ) ) ;
#2164 = CARTESIAN_POINT ( 'NONE',  ( -1.100000000000000089, 28.89999999999999858, 0.000000000000000000 ) ) ;
#2165 = DIRECTION ( 'NONE',  ( 0.000000000000000000, 1.000000000000000000, 0.000000000000000000 ) ) ;
#2166 = DIRECTION ( 'NONE',  ( 1.784924476889319851E-17, -1.000000000000000000, 0.000000000000000000 ) ) ;
#2167 = CARTESIAN_POINT ( 'NONE',  ( 2.800000000000001155, 25.80000000000001492, 2.000000000000000000 ) ) ;
#2168 = CARTESIAN_POINT ( 'NONE',  ( -1.395710653531740064, 24.80000000000000071, 1.254289283883379902 ) ) ;
#2169 = EDGE_CURVE ( 'NONE', #2227, #692, #79, .T. ) ;
#2170 = CARTESIAN_POINT ( 'NONE',  ( -0.9020815280171324835, 28.70208152801713197, -1.199999999999999956 ) ) ;
#2171 = DIRECTION ( 'NONE',  ( 0.000000000000000000, 0.000000000000000000, -1.000000000000000000 ) ) ;
#2172 = ORIENTED_EDGE ( 'NONE', *, *, #214, .T. ) ;
#2173 = ORIENTED_EDGE ( 'NONE', *, *, #2174, .T. ) ;
#2174 = EDGE_CURVE ( 'NONE', #1005, #2138, #3553, .T. ) ;
#2175 = LINE ( 'NONE', #955, #55 ) ;
#2176 = EDGE_CURVE ( 'NONE', #1911, #2512, #1293, .T. ) ;
#2177 = CARTESIAN_POINT ( 'NONE',  ( 1.200000000000000622, 1.200000000000000622, 1.499999999999999778 ) ) ;
#2178 = AXIS2_PLACEMENT_3D ( 'NONE', #336, #1186, #3501 ) ;
#2179 = ORIENTED_EDGE ( 'NONE', *, *, #100, .T. ) ;
#2180 =( BOUNDED_SURFACE ( )  B_SPLINE_SURFACE ( 2, 2, ( 
 ( #870, #1732, #2910, #1446, #2047, #543, #827, #2854, #2893 ),
 ( #2273, #236, #2599, #3783, #293, #1158, #3198, #580, #5 ),
 ( #2334, #1767, #2931, #313, #2639, #24, #1196, #1404, #2350 ) ),
 .UNSPECIFIED., .F., .T., .T. ) 
 B_SPLINE_SURFACE_WITH_KNOTS ( ( 3, 3 ),
 ( 3, 2, 2, 2, 3 ),
 ( 0.000000000000000000, 1.570796326794889897 ),
 ( -3.141592653589790007, -1.570796326794899889, 0.000000000000000000, 1.570796326794899889, 3.141592653589790007 ),
 .UNSPECIFIED. ) 
 GEOMETRIC_REPRESENTATION_ITEM ( )  RATIONAL_B_SPLINE_SURFACE ( (
 ( 1.000000000000000000, 0.7071067811865480168, 1.000000000000000000, 0.7071067811865480168, 1.000000000000000000, 0.7071067811865480168, 1.000000000000000000, 0.7071067811865480168, 1.000000000000000000),
 ( 0.7071067811865510144, 0.5000000000000000000, 0.7071067811865510144, 0.5000000000000000000, 0.7071067811865510144, 0.5000000000000000000, 0.7071067811865510144, 0.5000000000000000000, 0.7071067811865510144),
 ( 1.000000000000000000, 0.7071067811865480168, 1.000000000000000000, 0.7071067811865480168, 1.000000000000000000, 0.7071067811865480168, 1.000000000000000000, 0.7071067811865480168, 1.000000000000000000) ) ) 
 REPRESENTATION_ITEM ( '' )  SURFACE ( )  );
#2181 = VERTEX_POINT ( 'NONE', #904 ) ;
#2182 = CARTESIAN_POINT ( 'NONE',  ( 24.60000000000000142, 1.199999999999999956, 2.000000000000000000 ) ) ;
#2183 = CARTESIAN_POINT ( 'NONE',  ( -1.695710653531740109, 2.799999999999999822, 1.845710640120689972 ) ) ;
#2184 = LINE ( 'NONE', #1078, #2652 ) ;
#2185 = LINE ( 'NONE', #2454, #3035 ) ;
#2186 = CARTESIAN_POINT ( 'NONE',  ( 26.50000000000000000, 23.90000000000000213, 4.799999999999999822 ) ) ;
#2187 = CIRCLE ( 'NONE', #544, 2.500000000000001776 ) ;
#2188 = DIRECTION ( 'NONE',  ( 0.7071067811865480168, 0.000000000000000000, -0.7071067811865470176 ) ) ;
#2189 = DIRECTION ( 'NONE',  ( 1.000000000000000000, 0.000000000000000000, 0.000000000000000000 ) ) ;
#2190 = CARTESIAN_POINT ( 'NONE',  ( 0.2999999999999999889, 1.399999999999999911, 4.000000000000000000 ) ) ;
#2191 = CIRCLE ( 'NONE', #547, 1.400000000000000133 ) ;
#2192 = ORIENTED_EDGE ( 'NONE', *, *, #1105, .T. ) ;
#2193 = ORIENTED_EDGE ( 'NONE', *, *, #2353, .F. ) ;
#2194 = CARTESIAN_POINT ( 'NONE',  ( -1.184924240491750824, 28.98492424049175042, 4.400000000000000355 ) ) ;
#2195 = DIRECTION ( 'NONE',  ( 0.000000000000000000, 0.000000000000000000, 1.000000000000000000 ) ) ;
#2196 = AXIS2_PLACEMENT_3D ( 'NONE', #322, #3752, #1128 ) ;
#2197 = CIRCLE ( 'NONE', #1535, 1.699999999999999734 ) ;
#2198 = EDGE_CURVE ( 'NONE', #2446, #2648, #2941, .T. ) ;
#2199 = EDGE_CURVE ( 'NONE', #1052, #2810, #1487, .T. ) ;
#2200 = ORIENTED_EDGE ( 'NONE', *, *, #3202, .T. ) ;
#2201 = ORIENTED_EDGE ( 'NONE', *, *, #3278, .F. ) ;
#2202 = CARTESIAN_POINT ( 'NONE',  ( 0.2999999999999999889, 1.399999999999999911, -0.4000000000000000222 ) ) ;
#2203 = DIRECTION ( 'NONE',  ( 0.000000000000000000, 0.000000000000000000, 1.000000000000000000 ) ) ;
#2204 = EDGE_CURVE ( 'NONE', #2080, #386, #2947, .T. ) ;
#2205 = ORIENTED_EDGE ( 'NONE', *, *, #2570, .F. ) ;
#2206 = VECTOR ( 'NONE', #1392, 1000.000000000000000 ) ;
#2207 = CARTESIAN_POINT ( 'NONE',  ( 27.09999999999999787, 1.399999999999999911, 3.600000000000000089 ) ) ;
#2208 = LINE ( 'NONE', #132, #285 ) ;
#2209 = CARTESIAN_POINT ( 'NONE',  ( 1.199999999999999956, 26.59999999999999787, 2.000000000000000000 ) ) ;
#2210 = DIRECTION ( 'NONE',  ( 1.000000000000000000, 0.000000000000000000, 0.000000000000000000 ) ) ;
#2211 = LINE ( 'NONE', #222, #3742 ) ;
#2212 = VECTOR ( 'NONE', #124, 1000.000000000000000 ) ;
#2213 = EDGE_LOOP ( 'NONE', ( #2398, #2459, #278, #1473 ) ) ;
#2214 = ORIENTED_EDGE ( 'NONE', *, *, #3000, .T. ) ;
#2215 = CARTESIAN_POINT ( 'NONE',  ( 28.86776695296637030, 29.26776695296636888, 4.000000000000000000 ) ) ;
#2216 = CARTESIAN_POINT ( 'NONE',  ( 0.2999999999999999889, 27.50000000000000000, -1.199999999999999956 ) ) ;
#2217 = ORIENTED_EDGE ( 'NONE', *, *, #2965, .T. ) ;
#2218 = EDGE_LOOP ( 'NONE', ( #899, #3737, #1527, #1465 ) ) ;
#2219 = ADVANCED_FACE ( 'NONE', ( #41 ), #998, .T. ) ;
#2220 = CARTESIAN_POINT ( 'NONE',  ( 2.299999999999999822, 25.80000000000001137, 2.000000000000000000 ) ) ;
#2221 = ORIENTED_EDGE ( 'NONE', *, *, #3782, .T. ) ;
#2222 = EDGE_CURVE ( 'NONE', #3656, #1964, #506, .T. ) ;
#2223 = CARTESIAN_POINT ( 'NONE',  ( 25.69999999999999929, 10.09999999999999964, 3.600000000000000089 ) ) ;
#2224 = CARTESIAN_POINT ( 'NONE',  ( 2.299999999999999822, 25.80000000000000071, 2.000000000000000000 ) ) ;
#2225 = DIRECTION ( 'NONE',  ( 1.000000000000000000, 0.000000000000000000, 0.000000000000000000 ) ) ;
#2226 = DIRECTION ( 'NONE',  ( 0.7071067811865472397, -0.7071067811865477948, 0.000000000000000000 ) ) ;
#2227 = VERTEX_POINT ( 'NONE', #197 ) ;
#2228 = VERTEX_POINT ( 'NONE', #1364 ) ;
#2229 = CARTESIAN_POINT ( 'NONE',  ( 8.499999999999998224, 13.19999999999999929, -1.199999999999999956 ) ) ;
#2230 = CARTESIAN_POINT ( 'NONE',  ( 0.2999999999999999889, -1.100000000000000089, 3.600000000000000089 ) ) ;
#2231 = ORIENTED_EDGE ( 'NONE', *, *, #1645, .T. ) ;
#2232 = VERTEX_POINT ( 'NONE', #464 ) ;
#2233 = DIRECTION ( 'NONE',  ( 0.000000000000000000, 0.000000000000000000, 1.000000000000000000 ) ) ;
#2234 = DIRECTION ( 'NONE',  ( 0.7071067811865475727, 0.7071067811865475727, 0.000000000000000000 ) ) ;
#2235 = VECTOR ( 'NONE', #545, 1000.000000000000000 ) ;
#2236 = VERTEX_POINT ( 'NONE', #179 ) ;
#2237 = CARTESIAN_POINT ( 'NONE',  ( -2.200000000000000178, 30.00000000000000000, 3.600000000000000089 ) ) ;
#2238 = ADVANCED_FACE ( 'NONE', ( #1635 ), #2505, .T. ) ;
#2239 = EDGE_CURVE ( 'NONE', #570, #1005, #1348, .T. ) ;
#2240 = FACE_OUTER_BOUND ( 'NONE', #1614, .T. ) ;
#2241 = DIRECTION ( 'NONE',  ( -0.7071067811865476838, 0.7071067811865474617, 0.000000000000000000 ) ) ;
#2242 = DIRECTION ( 'NONE',  ( 0.000000000000000000, -1.000000000000000000, -5.916886274649559212E-17 ) ) ;
#2243 = CARTESIAN_POINT ( 'NONE',  ( 28.50000000000000000, 28.89999999999999858, 0.000000000000000000 ) ) ;
#2244 = ORIENTED_EDGE ( 'NONE', *, *, #3131, .F. ) ;
#2245 = ORIENTED_EDGE ( 'NONE', *, *, #6, .F. ) ;
#2246 = LINE ( 'NONE', #171, #979 ) ;
#2247 = DIRECTION ( 'NONE',  ( 0.000000000000000000, 0.000000000000000000, -1.000000000000000000 ) ) ;
#2248 = CIRCLE ( 'NONE', #2068, 0.7999999999999999334 ) ;
#2249 = ORIENTED_EDGE ( 'NONE', *, *, #2731, .F. ) ;
#2250 = ORIENTED_EDGE ( 'NONE', *, *, #1385, .F. ) ;
#2251 = AXIS2_PLACEMENT_3D ( 'NONE', #3269, #1850, #2744 ) ;
#2252 = FACE_OUTER_BOUND ( 'NONE', #1426, .T. ) ;
#2253 = DIRECTION ( 'NONE',  ( 0.000000000000000000, 0.000000000000000000, 1.000000000000000000 ) ) ;
#2254 = ORIENTED_EDGE ( 'NONE', *, *, #2052, .T. ) ;
#2255 = VECTOR ( 'NONE', #897, 1000.000000000000000 ) ;
#2256 = SURFACE_STYLE_USAGE ( .BOTH. , #3721 ) ;
#2257 = FACE_OUTER_BOUND ( 'NONE', #2669, .T. ) ;
#2258 = DIRECTION ( 'NONE',  ( 0.000000000000000000, 0.000000000000000000, 1.000000000000000000 ) ) ;
#2259 = CARTESIAN_POINT ( 'NONE',  ( 27.09999999999999787, -1.100000000000000089, 3.600000000000000089 ) ) ;
#2260 = LINE ( 'NONE', #743, #1051 ) ;
#2261 = ADVANCED_FACE ( 'NONE', ( #2519 ), #851, .T. ) ;
#2262 = AXIS2_PLACEMENT_3D ( 'NONE', #2147, #2108, #1544 ) ;
#2263 = ORIENTED_EDGE ( 'NONE', *, *, #3445, .T. ) ;
#2264 = ORIENTED_EDGE ( 'NONE', *, *, #736, .F. ) ;
#2265 = DIRECTION ( 'NONE',  ( 0.7071067811865475727, 0.7071067811865475727, 0.000000000000000000 ) ) ;
#2266 = DIRECTION ( 'NONE',  ( 1.000000000000000000, 0.000000000000000000, 0.000000000000000000 ) ) ;
#2267 = ADVANCED_FACE ( 'NONE', ( #2776 ), #2616, .T. ) ;
#2268 = ORIENTED_EDGE ( 'NONE', *, *, #1921, .T. ) ;
#2269 = VERTEX_POINT ( 'NONE', #1932 ) ;
#2270 = LINE ( 'NONE', #717, #1455 ) ;
#2271 = CARTESIAN_POINT ( 'NONE',  ( 27.09999999999999787, 29.19999999999999929, 4.799999999999999822 ) ) ;
#2272 = VERTEX_POINT ( 'NONE', #1311 ) ;
#2273 = CARTESIAN_POINT ( 'NONE',  ( 24.59999999999999076, 25.79999999999997584, 2.000000000000000000 ) ) ;
#2274 = CARTESIAN_POINT ( 'NONE',  ( 1.199999999999999512, 25.80000000000001492, 2.000000000000000000 ) ) ;
#2275 = DIRECTION ( 'NONE',  ( 0.000000000000000000, 0.000000000000000000, 1.000000000000000000 ) ) ;
#2276 = AXIS2_PLACEMENT_3D ( 'NONE', #848, #1466, #2011 ) ;
#2277 = CARTESIAN_POINT ( 'NONE',  ( 13.70000000000000107, 14.44999999999999929, 0.000000000000000000 ) ) ;
#2278 = AXIS2_PLACEMENT_3D ( 'NONE', #1092, #2253, #808 ) ;
#2279 = ORIENTED_EDGE ( 'NONE', *, *, #2780, .T. ) ;
#2280 = EDGE_CURVE ( 'NONE', #1107, #229, #447, .T. ) ;
#2281 = ORIENTED_EDGE ( 'NONE', *, *, #2712, .F. ) ;
#2282 = DIRECTION ( 'NONE',  ( 0.000000000000000000, 0.000000000000000000, -1.000000000000000000 ) ) ;
#2283 = LINE ( 'NONE', #1833, #792 ) ;
#2284 = CARTESIAN_POINT ( 'NONE',  ( 0.2999999999999999889, 1.399999999999999911, 4.000000000000000000 ) ) ;
#2285 = EDGE_LOOP ( 'NONE', ( #3148, #3354, #2027, #876 ) ) ;
#2286 = EDGE_CURVE ( 'NONE', #3313, #2092, #3209, .T. ) ;
#2287 = EDGE_CURVE ( 'NONE', #1283, #1089, #2310, .T. ) ;
#2288 = EDGE_LOOP ( 'NONE', ( #2539, #1703, #3273, #1305, #3760, #3217, #2687, #1996, #3605, #2881, #3044, #2549 ) ) ;
#2289 = DIRECTION ( 'NONE',  ( 0.000000000000000000, 0.000000000000000000, 1.000000000000000000 ) ) ;
#2290 = DIRECTION ( 'NONE',  ( 0.000000000000000000, 0.000000000000000000, 1.000000000000000000 ) ) ;
#2291 = DIRECTION ( 'NONE',  ( 0.7071067811865480168, 4.320222960214789745E-17, 0.7071067811865470176 ) ) ;
#2292 = ORIENTED_EDGE ( 'NONE', *, *, #2563, .F. ) ;
#2293 = EDGE_CURVE ( 'NONE', #1591, #2494, #1916, .T. ) ;
#2294 = AXIS2_PLACEMENT_3D ( 'NONE', #3068, #433, #1259 ) ;
#2295 = DIRECTION ( 'NONE',  ( 1.000000000000000000, 0.000000000000000000, 0.000000000000000000 ) ) ;
#2296 = VECTOR ( 'NONE', #2799, 1000.000000000000000 ) ;
#2297 = CARTESIAN_POINT ( 'NONE',  ( 25.39999999999999858, 25.50000000000000000, 2.000000000000000000 ) ) ;
#2298 = DIRECTION ( 'NONE',  ( 0.000000000000000000, 0.000000000000000000, 1.000000000000000000 ) ) ;
#2299 = DIRECTION ( 'NONE',  ( 1.000000000000000000, 0.000000000000000000, 0.000000000000000000 ) ) ;
#2300 = VERTEX_POINT ( 'NONE', #3647 ) ;
#2301 = ORIENTED_EDGE ( 'NONE', *, *, #311, .T. ) ;
#2302 = CARTESIAN_POINT ( 'NONE',  ( 28.50000000000000000, -1.100000000000000089, 0.9585786303516390383 ) ) ;
#2303 = DIRECTION ( 'NONE',  ( -0.7071067811865476838, 0.7071067811865474617, 0.000000000000000000 ) ) ;
#2304 = CARTESIAN_POINT ( 'NONE',  ( 0.2999999999999999889, 30.00000000000000000, -0.4000000000000000222 ) ) ;
#2305 = ORIENTED_EDGE ( 'NONE', *, *, #3114, .F. ) ;
#2306 = VERTEX_POINT ( 'NONE', #1953 ) ;
#2307 = CARTESIAN_POINT ( 'NONE',  ( 25.39999999999999858, 25.80000000000000071, 0.8000000000000000444 ) ) ;
#2308 = PLANE ( 'NONE',  #3099 ) ;
#2309 = VECTOR ( 'NONE', #420, 1000.000000000000114 ) ;
#2310 = CIRCLE ( 'NONE', #359, 2.500000000000001776 ) ;
#2311 = CARTESIAN_POINT ( 'NONE',  ( -1.467766952966369054, -0.3677669529663690762, 0.000000000000000000 ) ) ;
#2312 = ADVANCED_FACE ( 'NONE', ( #3079 ), #3375, .F. ) ;
#2313 = EDGE_CURVE ( 'NONE', #176, #391, #505, .T. ) ;
#2314 = CIRCLE ( 'NONE', #2373, 2.500000000000001776 ) ;
#2315 = ORIENTED_EDGE ( 'NONE', *, *, #1321, .F. ) ;
#2316 = CYLINDRICAL_SURFACE ( 'NONE', #1371, 0.7999999999999999334 ) ;
#2317 = AXIS2_PLACEMENT_3D ( 'NONE', #92, #111, #1222 ) ;
#2318 = VECTOR ( 'NONE', #3580, 1000.000000000000000 ) ;
#2319 = CARTESIAN_POINT ( 'NONE',  ( -2.200000000000000178, 1.399999999999999911, 4.000000000000000000 ) ) ;
#2320 = VECTOR ( 'NONE', #344, 1000.000000000000114 ) ;
#2321 = PLANE ( 'NONE',  #2445 ) ;
#2322 = ORIENTED_EDGE ( 'NONE', *, *, #1628, .T. ) ;
#2323 = VERTEX_POINT ( 'NONE', #3629 ) ;
#2324 = LINE ( 'NONE', #1435, #1472 ) ;
#2325 = DIRECTION ( 'NONE',  ( 0.7071067811865466846, -0.7071067811865483499, 0.000000000000000000 ) ) ;
#2326 = CARTESIAN_POINT ( 'NONE',  ( 0.2999999999999999889, -1.100000000000000089, 3.600000000000000089 ) ) ;
#2327 = ORIENTED_EDGE ( 'NONE', *, *, #815, .F. ) ;
#2328 = VERTEX_POINT ( 'NONE', #2163 ) ;
#2329 = DIRECTION ( 'NONE',  ( -1.000000000000000000, 0.000000000000000000, 0.000000000000000000 ) ) ;
#2330 = DIRECTION ( 'NONE',  ( -1.000000000000000000, 1.309225264888160013E-17, 0.000000000000000000 ) ) ;
#2331 = DIRECTION ( 'NONE',  ( 0.000000000000000000, 1.000000000000000000, 0.000000000000000000 ) ) ;
#2332 = ORIENTED_EDGE ( 'NONE', *, *, #1268, .T. ) ;
#2333 = EDGE_CURVE ( 'NONE', #575, #2306, #3339, .T. ) ;
#2334 = CARTESIAN_POINT ( 'NONE',  ( 25.10000000000000142, 25.80000000000000071, 2.000000000000000000 ) ) ;
#2335 = EDGE_CURVE ( 'NONE', #692, #1052, #1880, .T. ) ;
#2336 = LINE ( 'NONE', #2933, #1954 ) ;
#2337 = CARTESIAN_POINT ( 'NONE',  ( 0.2999999999999999889, 27.50000000000000000, 4.000000000000000000 ) ) ;
#2338 = CARTESIAN_POINT ( 'NONE',  ( -1.467766952966370164, -0.3677669529663675219, 0.000000000000000000 ) ) ;
#2339 = ORIENTED_EDGE ( 'NONE', *, *, #2448, .F. ) ;
#2340 = ORIENTED_EDGE ( 'NONE', *, *, #2422, .T. ) ;
#2341 = PLANE ( 'NONE',  #856 ) ;
#2342 = DIRECTION ( 'NONE',  ( -1.000000000000000000, 0.000000000000000000, 0.000000000000000000 ) ) ;
#2343 = DIRECTION ( 'NONE',  ( 1.000000000000000000, 0.000000000000000000, 0.000000000000000000 ) ) ;
#2344 = ORIENTED_EDGE ( 'NONE', *, *, #1737, .T. ) ;
#2345 = VERTEX_POINT ( 'NONE', #1601 ) ;
#2346 = LINE ( 'NONE', #2923, #1768 ) ;
#2347 = FACE_BOUND ( 'NONE', #552, .T. ) ;
#2348 = DIRECTION ( 'NONE',  ( 0.7071067811865470176, 0.000000000000000000, -0.7071067811865480168 ) ) ;
#2349 = EDGE_LOOP ( 'NONE', ( #56, #513 ) ) ;
#2350 = CARTESIAN_POINT ( 'NONE',  ( 25.10000000000000142, 25.80000000000000071, 2.000000000000000000 ) ) ;
#2351 = PLANE ( 'NONE',  #3220 ) ;
#2352 = PLANE ( 'NONE',  #3431 ) ;
#2353 = EDGE_CURVE ( 'NONE', #2512, #3526, #2836, .T. ) ;
#2354 = EDGE_CURVE ( 'NONE', #2328, #3352, #2617, .T. ) ;
#2355 = CIRCLE ( 'NONE', #534, 0.7999999999999986011 ) ;
#2356 = ORIENTED_EDGE ( 'NONE', *, *, #1983, .T. ) ;
#2357 = DIRECTION ( 'NONE',  ( 0.000000000000000000, 0.000000000000000000, 1.000000000000000000 ) ) ;
#2358 = DIRECTION ( 'NONE',  ( 0.000000000000000000, 0.000000000000000000, -1.000000000000000000 ) ) ;
#2359 = AXIS2_PLACEMENT_3D ( 'NONE', #2090, #625, #642 ) ;
#2360 = LINE ( 'NONE', #1797, #2073 ) ;
#2361 = ADVANCED_FACE ( 'NONE', ( #1 ), #3727, .T. ) ;
#2362 = VERTEX_POINT ( 'NONE', #1987 ) ;
#2363 = ORIENTED_EDGE ( 'NONE', *, *, #3513, .F. ) ;
#2364 = DIRECTION ( 'NONE',  ( 0.000000000000000000, 0.000000000000000000, 1.000000000000000000 ) ) ;
#2365 = DIRECTION ( 'NONE',  ( 0.000000000000000000, 0.000000000000000000, 1.000000000000000000 ) ) ;
#2366 = EDGE_LOOP ( 'NONE', ( #616, #3500, #633, #1479 ) ) ;
#2367 = CARTESIAN_POINT ( 'NONE',  ( 2.299999999999999822, 25.80000000000001137, 2.000000000000000000 ) ) ;
#2368 = VECTOR ( 'NONE', #2157, 1000.000000000000000 ) ;
#2369 = CIRCLE ( 'NONE', #61, 2.499999999999999112 ) ;
#2370 = DIRECTION ( 'NONE',  ( 0.000000000000000000, 0.000000000000000000, -1.000000000000000000 ) ) ;
#2371 = DIRECTION ( 'NONE',  ( 0.000000000000000000, 0.000000000000000000, 1.000000000000000000 ) ) ;
#2372 = AXIS2_PLACEMENT_3D ( 'NONE', #2629, #3791, #2039 ) ;
#2373 = AXIS2_PLACEMENT_3D ( 'NONE', #2202, #1346, #2774 ) ;
#2374 = ORIENTED_EDGE ( 'NONE', *, *, #3723, .F. ) ;
#2375 = CARTESIAN_POINT ( 'NONE',  ( 26.79999999999999716, 2.000000000000000000, 0.000000000000000000 ) ) ;
#2376 = CIRCLE ( 'NONE', #796, 2.499999999999999112 ) ;
#2377 = FACE_OUTER_BOUND ( 'NONE', #3675, .T. ) ;
#2378 = CARTESIAN_POINT ( 'NONE',  ( 28.30208152801712984, 0.1979184719828675498, -1.199999999999999956 ) ) ;
#2379 = EDGE_CURVE ( 'NONE', #386, #3730, #3154, .T. ) ;
#2380 = CARTESIAN_POINT ( 'NONE',  ( 25.10000000000000142, 2.000000000000000000, 2.000000000000000000 ) ) ;
#2381 = ORIENTED_EDGE ( 'NONE', *, *, #3782, .F. ) ;
#2382 = VERTEX_POINT ( 'NONE', #1765 ) ;
#2383 = CIRCLE ( 'NONE', #3624, 2.500000000000001332 ) ;
#2384 = CARTESIAN_POINT ( 'NONE',  ( 0.2999999999999999889, 27.50000000000000000, 4.400000000000000355 ) ) ;
#2385 = EDGE_CURVE ( 'NONE', #234, #2496, #1707, .T. ) ;
#2386 = CARTESIAN_POINT ( 'NONE',  ( 28.86776695296637030, 29.26776695296636888, -0.4000000000000000222 ) ) ;
#2387 = ORIENTED_EDGE ( 'NONE', *, *, #1600, .F. ) ;
#2388 = AXIS2_PLACEMENT_3D ( 'NONE', #1213, #3571, #924 ) ;
#2389 = DIRECTION ( 'NONE',  ( -1.000000000000000000, -1.784924476889319851E-17, 0.000000000000000000 ) ) ;
#2390 = CARTESIAN_POINT ( 'NONE',  ( 2.000000000000000000, 25.80000000000000071, 0.000000000000000000 ) ) ;
#2391 = LINE ( 'NONE', #1257, #2591 ) ;
#2392 = ORIENTED_EDGE ( 'NONE', *, *, #3041, .T. ) ;
#2393 = CARTESIAN_POINT ( 'NONE',  ( 1.699999999999999956, 10.09999999999999964, 3.600000000000000089 ) ) ;
#2394 = CARTESIAN_POINT ( 'NONE',  ( 28.72499997541309824, 2.899999999999999911, 2.074999962002030074 ) ) ;
#2395 = DIRECTION ( 'NONE',  ( 1.000000000000000000, 0.000000000000000000, 0.000000000000000000 ) ) ;
#2396 = CARTESIAN_POINT ( 'NONE',  ( 26.19999999999998863, 2.800000000000000711, 1.499999999999999778 ) ) ;
#2397 = ORIENTED_EDGE ( 'NONE', *, *, #1059, .F. ) ;
#2398 = ORIENTED_EDGE ( 'NONE', *, *, #333, .T. ) ;
#2399 = DIRECTION ( 'NONE',  ( 1.000000000000000000, 0.000000000000000000, 0.000000000000000000 ) ) ;
#2400 = DIRECTION ( 'NONE',  ( 0.000000000000000000, 0.000000000000000000, -1.000000000000000000 ) ) ;
#2401 = EDGE_CURVE ( 'NONE', #3285, #3001, #3196, .T. ) ;
#2402 = EDGE_CURVE ( 'NONE', #2001, #3349, #1444, .T. ) ;
#2403 = VERTEX_POINT ( 'NONE', #2907 ) ;
#2404 = FACE_OUTER_BOUND ( 'NONE', #3247, .T. ) ;
#2405 = EDGE_CURVE ( 'NONE', #1761, #1689, #254, .T. ) ;
#2406 = DIRECTION ( 'NONE',  ( 0.000000000000000000, -1.000000000000000000, 0.000000000000000000 ) ) ;
#2407 = DIRECTION ( 'NONE',  ( 0.000000000000000000, 0.000000000000000000, 1.000000000000000000 ) ) ;
#2408 = ORIENTED_EDGE ( 'NONE', *, *, #2401, .T. ) ;
#2409 = CARTESIAN_POINT ( 'NONE',  ( 1.199999999999999512, 2.000000000000000444, 2.000000000000000444 ) ) ;
#2410 = FACE_OUTER_BOUND ( 'NONE', #2732, .T. ) ;
#2411 = FACE_OUTER_BOUND ( 'NONE', #707, .T. ) ;
#2412 = LINE ( 'NONE', #723, #3489 ) ;
#2413 = DIRECTION ( 'NONE',  ( 0.4999999999999989453, -0.4999999999999996669, -0.7071067811865485719 ) ) ;
#2414 = ORIENTED_EDGE ( 'NONE', *, *, #1621, .T. ) ;
#2415 = AXIS2_PLACEMENT_3D ( 'NONE', #2050, #2641, #1749 ) ;
#2416 = ORIENTED_EDGE ( 'NONE', *, *, #959, .F. ) ;
#2417 = DIRECTION ( 'NONE',  ( 0.000000000000000000, 0.000000000000000000, -1.000000000000000000 ) ) ;
#2418 = CARTESIAN_POINT ( 'NONE',  ( 27.09999999999999787, 30.00000000000000000, -0.4000000000000000222 ) ) ;
#2419 = ORIENTED_EDGE ( 'NONE', *, *, #3722, .F. ) ;
#2420 = VERTEX_POINT ( 'NONE', #2045 ) ;
#2421 = VECTOR ( 'NONE', #843, 1000.000000000000000 ) ;
#2422 = EDGE_CURVE ( 'NONE', #2232, #3538, #1464, .T. ) ;
#2423 = EDGE_CURVE ( 'NONE', #1157, #1971, #1382, .T. ) ;
#2424 = CARTESIAN_POINT ( 'NONE',  ( 24.00000000000000000, 2.000000000000000000, 0.000000000000000000 ) ) ;
#2425 = PRODUCT_CONTEXT ( 'NONE', #2466, 'mechanical' ) ;
#2426 = LINE ( 'NONE', #3590, #228 ) ;
#2427 = EDGE_CURVE ( 'NONE', #1984, #2648, #867, .T. ) ;
#2428 = DIRECTION ( 'NONE',  ( -1.000000000000000000, -6.109717902811399630E-17, 0.000000000000000000 ) ) ;
#2429 = VECTOR ( 'NONE', #2364, 1000.000000000000000 ) ;
#2430 = VECTOR ( 'NONE', #3664, 1000.000000000000000 ) ;
#2431 = VERTEX_POINT ( 'NONE', #3779 ) ;
#2432 = AXIS2_PLACEMENT_3D ( 'NONE', #2456, #74, #1813 ) ;
#2433 = CARTESIAN_POINT ( 'NONE',  ( 1.700000000000000400, 2.299999999999999378, 2.000000000000000000 ) ) ;
#2434 = PLANE ( 'NONE',  #3365 ) ;
#2435 = CARTESIAN_POINT ( 'NONE',  ( 0.2999999999999999889, 1.399999999999999911, -0.8000000000000000444 ) ) ;
#2436 = PLANE ( 'NONE',  #859 ) ;
#2437 = DIRECTION ( 'NONE',  ( -0.7071067811865480168, -0.7071067811865470176, 0.000000000000000000 ) ) ;
#2438 = CIRCLE ( 'NONE', #3554, 1.399999999999998579 ) ;
#2439 = VECTOR ( 'NONE', #1022, 1000.000000000000000 ) ;
#2440 = ORIENTED_EDGE ( 'NONE', *, *, #1415, .F. ) ;
#2441 = VERTEX_POINT ( 'NONE', #1686 ) ;
#2442 = AXIS2_PLACEMENT_3D ( 'NONE', #943, #1255, #2966 ) ;
#2443 = DIRECTION ( 'NONE',  ( 0.000000000000000000, 0.000000000000000000, 1.000000000000000000 ) ) ;
#2444 = CARTESIAN_POINT ( 'NONE',  ( 1.199999999999999512, 2.000000000000000444, 2.000000000000000444 ) ) ;
#2445 = AXIS2_PLACEMENT_3D ( 'NONE', #890, #567, #875 ) ;
#2446 = VERTEX_POINT ( 'NONE', #3216 ) ;
#2447 = DIRECTION ( 'NONE',  ( 0.000000000000000000, -1.000000000000000000, 0.000000000000000000 ) ) ;
#2448 = EDGE_CURVE ( 'NONE', #2300, #1911, #2103, .T. ) ;
#2449 = AXIS2_PLACEMENT_3D ( 'NONE', #657, #3027, #962 ) ;
#2450 = DIRECTION ( 'NONE',  ( 1.839952100020049952E-15, 0.7071067811865480168, -0.7071067811865470176 ) ) ;
#2451 = LINE ( 'NONE', #1010, #32 ) ;
#2452 = EDGE_CURVE ( 'NONE', #1536, #2001, #2026, .T. ) ;
#2453 = EDGE_CURVE ( 'NONE', #37, #1195, #2536, .T. ) ;
#2454 = CARTESIAN_POINT ( 'NONE',  ( -1.399999999999999911, 6.675000000000000711, -1.199999999999999956 ) ) ;
#2455 = DIRECTION ( 'NONE',  ( 0.000000000000000000, 0.000000000000000000, 1.000000000000000000 ) ) ;
#2456 = CARTESIAN_POINT ( 'NONE',  ( 0.2999999999999999889, 1.399999999999999911, -0.8000000000000000444 ) ) ;
#2457 = DIRECTION ( 'NONE',  ( 0.000000000000000000, 0.000000000000000000, -1.000000000000000000 ) ) ;
#2458 = CARTESIAN_POINT ( 'NONE',  ( -1.399999975413080078, 2.899999999999999911, 1.699999962002040066 ) ) ;
#2459 = ORIENTED_EDGE ( 'NONE', *, *, #2806, .T. ) ;
#2460 = VERTEX_POINT ( 'NONE', #2311 ) ;
#2461 = DIRECTION ( 'NONE',  ( 0.7071067811865480168, 0.000000000000000000, -0.7071067811865470176 ) ) ;
#2462 = CARTESIAN_POINT ( 'NONE',  ( 2.800000000000000711, 1.200000000000000622, 1.499999999999999778 ) ) ;
#2463 = ORIENTED_EDGE ( 'NONE', *, *, #992, .T. ) ;
#2464 = VERTEX_POINT ( 'NONE', #1401 ) ;
#2465 = VECTOR ( 'NONE', #2869, 1000.000000000000000 ) ;
#2466 = APPLICATION_CONTEXT ( 'automotive_design' ) ;
#2467 = PRESENTATION_STYLE_ASSIGNMENT (( #2256 ) ) ;
#2468 = DIRECTION ( 'NONE',  ( -5.916886274649569072E-17, 1.000000000000000000, 0.000000000000000000 ) ) ;
#2469 = DIRECTION ( 'NONE',  ( 1.000000000000000000, 0.000000000000000000, 0.000000000000000000 ) ) ;
#2470 = PLANE ( 'NONE',  #1577 ) ;
#2471 = CARTESIAN_POINT ( 'NONE',  ( -0.2000000000000000111, 28.00000000000000000, 0.000000000000000000 ) ) ;
#2472 = EDGE_CURVE ( 'NONE', #2503, #834, #1503, .T. ) ;
#2473 = EDGE_CURVE ( 'NONE', #176, #2585, #460, .T. ) ;
#2474 = DIRECTION ( 'NONE',  ( 0.000000000000000000, -1.000000000000000000, 0.000000000000000000 ) ) ;
#2475 = ORIENTED_EDGE ( 'NONE', *, *, #2737, .F. ) ;
#2476 = ORIENTED_EDGE ( 'NONE', *, *, #3700, .F. ) ;
#2477 = DIRECTION ( 'NONE',  ( -0.7071067811865475727, -0.7071067811865475727, 0.000000000000000000 ) ) ;
#2478 = AXIS2_PLACEMENT_3D ( 'NONE', #3326, #1883, #3617 ) ;
#2479 = DIRECTION ( 'NONE',  ( 0.000000000000000000, 0.000000000000000000, -1.000000000000000000 ) ) ;
#2480 = EDGE_CURVE ( 'NONE', #485, #1516, #2559, .T. ) ;
#2481 = CLOSED_SHELL ( 'NONE', ( #2813, #2261, #3639, #3679, #451, #1179, #565, #1900, #1901, #3228, #147, #195, #1918, #215, #615, #1622, #849, #330, #3588, #2312, #3084, #820, #665, #3106, #798, #3633, #2060, #427, #2543, #2238, #1156, #3042, #2804, #3203, #2219, #3159, #399, #2991, #711, #1060, #143, #281, #3611, #1365, #872, #2685 ) ) ;
#2482 = VERTEX_POINT ( 'NONE', #825 ) ;
#2483 = SURFACE_SIDE_STYLE ('',( #1531 ) ) ;
#2484 = CIRCLE ( 'NONE', #839, 2.500000000000000888 ) ;
#2485 = CARTESIAN_POINT ( 'NONE',  ( 0.2999999999999999889, 1.399999999999999911, 3.600000000000000089 ) ) ;
#2486 = DIRECTION ( 'NONE',  ( -0.7071067811865480168, -4.320222960214789745E-17, 0.7071067811865470176 ) ) ;
#2487 = DIRECTION ( 'NONE',  ( 0.000000000000000000, 1.000000000000000000, 0.000000000000000000 ) ) ;
#2488 = CARTESIAN_POINT ( 'NONE',  ( 1.199999999999999956, 25.80000000000000071, 1.500000000000000000 ) ) ;
#2489 = AXIS2_PLACEMENT_3D ( 'NONE', #2042, #1800, #1192 ) ;
#2490 = PLANE ( 'NONE',  #1817 ) ;
#2491 = VECTOR ( 'NONE', #715, 1000.000000000000000 ) ;
#2492 = LINE ( 'NONE', #3672, #1542 ) ;
#2493 = CONICAL_SURFACE ( 'NONE', #2432, 2.100000000000000977, 0.7853981633974476129 ) ;
#2494 = VERTEX_POINT ( 'NONE', #844 ) ;
#2495 = EDGE_CURVE ( 'NONE', #2109, #2707, #3177, .T. ) ;
#2496 = VERTEX_POINT ( 'NONE', #2891 ) ;
#2497 = CARTESIAN_POINT ( 'NONE',  ( -1.800000000000000044, 6.675000000000000711, 4.400000000000000355 ) ) ;
#2498 = CARTESIAN_POINT ( 'NONE',  ( 29.24142133165040036, 2.799999999999999822, 1.699999962002020082 ) ) ;
#2499 = VECTOR ( 'NONE', #1126, 1000.000000000000000 ) ;
#2500 = AXIS2_PLACEMENT_3D ( 'NONE', #135, #1569, #3598 ) ;
#2501 = ORIENTED_EDGE ( 'NONE', *, *, #53, .F. ) ;
#2502 = EDGE_CURVE ( 'NONE', #672, #1964, #706, .T. ) ;
#2503 = VERTEX_POINT ( 'NONE', #2999 ) ;
#2504 = CIRCLE ( 'NONE', #1351, 0.2999999999999999334 ) ;
#2505 = CYLINDRICAL_SURFACE ( 'NONE', #607, 2.500000000000000000 ) ;
#2506 = VERTEX_POINT ( 'NONE', #2767 ) ;
#2507 = CARTESIAN_POINT ( 'NONE',  ( 8.500000000000000000, 28.00000000000000000, 0.000000000000000000 ) ) ;
#2508 = DIRECTION ( 'NONE',  ( -0.4999999999999995004, 0.4999999999999995004, 0.7071067811865483499 ) ) ;
#2509 = DIRECTION ( 'NONE',  ( -1.000000000000000000, 0.000000000000000000, 0.000000000000000000 ) ) ;
#2510 = CARTESIAN_POINT ( 'NONE',  ( 29.09999997541309824, 2.899999999999999911, 1.699999962002020082 ) ) ;
#2511 = AXIS2_PLACEMENT_3D ( 'NONE', #2715, #1272, #696 ) ;
#2512 = VERTEX_POINT ( 'NONE', #151 ) ;
#2513 = VERTEX_POINT ( 'NONE', #724 ) ;
#2514 = DIRECTION ( 'NONE',  ( 1.000000000000000000, 0.000000000000000000, 0.000000000000000000 ) ) ;
#2515 = DIRECTION ( 'NONE',  ( 1.226634733346699804E-16, 0.7071067811865480168, -0.7071067811865470176 ) ) ;
#2516 = VERTEX_POINT ( 'NONE', #2153 ) ;
#2517 = ORIENTED_EDGE ( 'NONE', *, *, #2637, .T. ) ;
#2518 = PLANE ( 'NONE',  #348 ) ;
#2519 = FACE_OUTER_BOUND ( 'NONE', #1799, .T. ) ;
#2520 = EDGE_CURVE ( 'NONE', #30, #1138, #2977, .T. ) ;
#2521 = EDGE_CURVE ( 'NONE', #2810, #3374, #3433, .T. ) ;
#2522 = VERTEX_POINT ( 'NONE', #3016 ) ;
#2523 = DIRECTION ( 'NONE',  ( 0.000000000000000000, 0.000000000000000000, 1.000000000000000000 ) ) ;
#2524 = LINE ( 'NONE', #1120, #2235 ) ;
#2525 = CARTESIAN_POINT ( 'NONE',  ( 1.199999999999999956, 25.00000000000000000, 2.000000000000000000 ) ) ;
#2526 = LINE ( 'NONE', #149, #2296 ) ;
#2527 = VECTOR ( 'NONE', #2486, 1000.000000000000000 ) ;
#2528 = DIRECTION ( 'NONE',  ( 0.000000000000000000, 0.000000000000000000, 1.000000000000000000 ) ) ;
#2529 = ORIENTED_EDGE ( 'NONE', *, *, #821, .F. ) ;
#2530 = EDGE_LOOP ( 'NONE', ( #1190, #3604, #1068 ) ) ;
#2531 = CARTESIAN_POINT ( 'NONE',  ( 1.699999999999999956, 12.27499999999999858, 4.000000000000000000 ) ) ;
#2532 = LINE ( 'NONE', #2574, #1292 ) ;
#2533 = ORIENTED_EDGE ( 'NONE', *, *, #3064, .T. ) ;
#2534 = EDGE_LOOP ( 'NONE', ( #3461, #476, #2787, #230 ) ) ;
#2535 = PLANE ( 'NONE',  #1331 ) ;
#2536 = LINE ( 'NONE', #1155, #1442 ) ;
#2537 = CIRCLE ( 'NONE', #1387, 1.399999999999998579 ) ;
#2538 = PRODUCT_DEFINITION_SHAPE ( 'NONE', 'NONE',  #3798 ) ;
#2539 = ORIENTED_EDGE ( 'NONE', *, *, #2897, .F. ) ;
#2540 = EDGE_CURVE ( 'NONE', #2441, #2648, #3599, .T. ) ;
#2541 = AXIS2_PLACEMENT_3D ( 'NONE', #1661, #1354, #203 ) ;
#2542 = FILL_AREA_STYLE ('',( #1386 ) ) ;
#2543 = ADVANCED_FACE ( 'NONE', ( #744 ), #972, .T. ) ;
#2544 = CARTESIAN_POINT ( 'NONE',  ( 2.000000000000000000, 25.00000000000000000, 1.500000000000000000 ) ) ;
#2545 = CARTESIAN_POINT ( 'NONE',  ( 2.299999999999999378, 25.50000000000003197, 2.000000000000000000 ) ) ;
#2546 = CARTESIAN_POINT ( 'NONE',  ( -1.100000000000000089, 28.89999999999999858, 3.600000000000000089 ) ) ;
#2547 = CARTESIAN_POINT ( 'NONE',  ( 28.50000000000000000, 2.799999999999999822, 2.649999981001009974 ) ) ;
#2548 = ORIENTED_EDGE ( 'NONE', *, *, #2785, .F. ) ;
#2549 = ORIENTED_EDGE ( 'NONE', *, *, #913, .F. ) ;
#2550 = FACE_OUTER_BOUND ( 'NONE', #2143, .T. ) ;
#2551 = CARTESIAN_POINT ( 'NONE',  ( -2.200000000000000178, 6.675000000000000711, -0.4000000000000000222 ) ) ;
#2552 = VECTOR ( 'NONE', #3529, 1000.000000000000000 ) ;
#2553 = ORIENTED_EDGE ( 'NONE', *, *, #3180, .T. ) ;
#2554 = VERTEX_POINT ( 'NONE', #1194 ) ;
#2555 = PRODUCT_DEFINITION_CONTEXT ( 'detailed design', #1183, 'design' ) ;
#2556 = CIRCLE ( 'NONE', #1226, 0.2999999999999999334 ) ;
#2557 = LINE ( 'NONE', #1685, #1330 ) ;
#2558 = VECTOR ( 'NONE', #323, 1000.000000000000000 ) ;
#2559 = LINE ( 'NONE', #2271, #643 ) ;
#2560 = EDGE_LOOP ( 'NONE', ( #341, #2517, #2419, #2605 ) ) ;
#2561 = PRODUCT_DEFINITION_FORMATION_WITH_SPECIFIED_SOURCE ( 'ANY', '', #3471, .NOT_KNOWN. ) ;
#2562 = DIRECTION ( 'NONE',  ( 0.000000000000000000, 0.000000000000000000, -1.000000000000000000 ) ) ;
#2563 = EDGE_CURVE ( 'NONE', #391, #685, #1887, .T. ) ;
#2564 =( BOUNDED_CURVE ( )  B_SPLINE_CURVE ( 2, ( #38, #343, #2667 ),
 .UNSPECIFIED., .F., .T. ) 
 B_SPLINE_CURVE_WITH_KNOTS ( ( 3, 3 ),
 ( 0.000000000000000000, 1.570796326794899667 ),
 .UNSPECIFIED. ) 
 CURVE ( )  GEOMETRIC_REPRESENTATION_ITEM ( )  RATIONAL_B_SPLINE_CURVE ( ( 1.000000000000000000, 0.7071067811865510144, 1.000000000000000000 ) ) 
 REPRESENTATION_ITEM ( '' )  );
#2565 = VECTOR ( 'NONE', #2033, 1000.000000000000000 ) ;
#2566 = LINE ( 'NONE', #183, #3092 ) ;
#2567 = CARTESIAN_POINT ( 'NONE',  ( 26.20000000000001350, 25.79999999999997584, 2.000000000000000000 ) ) ;
#2568 = CARTESIAN_POINT ( 'NONE',  ( 27.09999999999999787, 1.399999999999999911, -0.8000000000000000444 ) ) ;
#2569 = ADVANCED_FACE ( 'NONE', ( #114 ), #1869, .T. ) ;
#2570 = EDGE_CURVE ( 'NONE', #1344, #244, #3364, .T. ) ;
#2571 = ORIENTED_EDGE ( 'NONE', *, *, #753, .F. ) ;
#2572 = VERTEX_POINT ( 'NONE', #417 ) ;
#2573 = LINE ( 'NONE', #2302, #126 ) ;
#2574 = CARTESIAN_POINT ( 'NONE',  ( 28.80000000000000071, 22.22500000000000142, -1.199999999999999956 ) ) ;
#2575 = ORIENTED_EDGE ( 'NONE', *, *, #2780, .F. ) ;
#2576 = EDGE_LOOP ( 'NONE', ( #180, #3427, #2192, #751 ) ) ;
#2577 = LINE ( 'NONE', #2005, #786 ) ;
#2578 = CARTESIAN_POINT ( 'NONE',  ( 28.79571065353169956, 24.80000000000000071, 2.145710640120679802 ) ) ;
#2579 = ORIENTED_EDGE ( 'NONE', *, *, #2737, .T. ) ;
#2580 = CARTESIAN_POINT ( 'NONE',  ( 2.800000000000000711, 25.00000000000000355, 1.499999999999999778 ) ) ;
#2581 = CARTESIAN_POINT ( 'NONE',  ( 26.20000000000002061, 25.79999999999997584, 2.000000000000000000 ) ) ;
#2582 = AXIS2_PLACEMENT_3D ( 'NONE', #3261, #2671, #346 ) ;
#2583 = CARTESIAN_POINT ( 'NONE',  ( 0.2999999999999999889, 30.00000000000000000, 4.000000000000000000 ) ) ;
#2584 = VECTOR ( 'NONE', #596, 1000.000000000000000 ) ;
#2585 = VERTEX_POINT ( 'NONE', #999 ) ;
#2586 = ORIENTED_EDGE ( 'NONE', *, *, #2655, .T. ) ;
#2587 = DIRECTION ( 'NONE',  ( -5.916886274649569072E-17, 1.000000000000000000, 0.000000000000000000 ) ) ;
#2588 = EDGE_CURVE ( 'NONE', #2403, #2323, #670, .T. ) ;
#2589 = EDGE_CURVE ( 'NONE', #2636, #2306, #1552, .T. ) ;
#2590 = DIRECTION ( 'NONE',  ( -0.7071067811865480168, -4.906538933386799707E-17, 0.7071067811865470176 ) ) ;
#2591 = VECTOR ( 'NONE', #1240, 1000.000000000000000 ) ;
#2592 = ORIENTED_EDGE ( 'NONE', *, *, #23, .T. ) ;
#2593 = VERTEX_POINT ( 'NONE', #3621 ) ;
#2594 = CARTESIAN_POINT ( 'NONE',  ( 19.69999999999999929, 10.09999999999999964, 4.000000000000000000 ) ) ;
#2595 = ADVANCED_FACE ( 'NONE', ( #3054 ), #1589, .F. ) ;
#2596 = LINE ( 'NONE', #2100, #3179 ) ;
#2597 = DIRECTION ( 'NONE',  ( 0.000000000000000000, 1.000000000000000000, 0.000000000000000000 ) ) ;
#2598 = ORIENTED_EDGE ( 'NONE', *, *, #3419, .T. ) ;
#2599 = CARTESIAN_POINT ( 'NONE',  ( 25.40000000000000568, 25.00000000000003908, 2.000000000000000000 ) ) ;
#2600 = CONICAL_SURFACE ( 'NONE', #3094, 2.100000000000000533, 0.7853981633974469467 ) ;
#2601 = CARTESIAN_POINT ( 'NONE',  ( 25.09999999999999432, 26.09999999999999432, 2.000000000000000000 ) ) ;
#2602 = FACE_BOUND ( 'NONE', #3171, .T. ) ;
#2603 = CARTESIAN_POINT ( 'NONE',  ( 8.500000000000000000, 28.00000000000000000, 0.000000000000000000 ) ) ;
#2604 = ORIENTED_EDGE ( 'NONE', *, *, #3211, .F. ) ;
#2605 = ORIENTED_EDGE ( 'NONE', *, *, #2, .F. ) ;
#2606 = CARTESIAN_POINT ( 'NONE',  ( 24.60000000000000142, 2.000000000000000000, 0.000000000000000000 ) ) ;
#2607 = LINE ( 'NONE', #3480, #3550 ) ;
#2608 = FACE_OUTER_BOUND ( 'NONE', #3188, .T. ) ;
#2609 = EDGE_CURVE ( 'NONE', #3267, #1228, #3638, .T. ) ;
#2610 = ORIENTED_EDGE ( 'NONE', *, *, #2082, .F. ) ;
#2611 = VERTEX_POINT ( 'NONE', #437 ) ;
#2612 = DIRECTION ( 'NONE',  ( 0.000000000000000000, 0.000000000000000000, -1.000000000000000000 ) ) ;
#2613 = AXIS2_PLACEMENT_3D ( 'NONE', #3778, #39, #2924 ) ;
#2614 = DIRECTION ( 'NONE',  ( -0.000000000000000000, 1.000000000000000000, 0.000000000000000000 ) ) ;
#2615 = VECTOR ( 'NONE', #1285, 1000.000000000000000 ) ;
#2616 = CONICAL_SURFACE ( 'NONE', #2926, 2.100000000000000089, 0.7853981633974461696 ) ;
#2617 = LINE ( 'NONE', #3719, #3104 ) ;
#2618 = EDGE_CURVE ( 'NONE', #3793, #1761, #2740, .T. ) ;
#2619 = VECTOR ( 'NONE', #2038, 1000.000000000000000 ) ;
#2620 = EDGE_LOOP ( 'NONE', ( #2946, #3306 ) ) ;
#2621 = DIRECTION ( 'NONE',  ( 0.7071067811865475727, 0.7071067811865475727, 0.000000000000000000 ) ) ;
#2622 = CIRCLE ( 'NONE', #2317, 2.500000000000000888 ) ;
#2623 = AXIS2_PLACEMENT_3D ( 'NONE', #3075, #2789, #172 ) ;
#2624 = CARTESIAN_POINT ( 'NONE',  ( 25.09999999999999787, 2.000000000000000000, 2.000000000000000000 ) ) ;
#2625 = LINE ( 'NONE', #3245, #3315 ) ;
#2626 = ORIENTED_EDGE ( 'NONE', *, *, #3155, .T. ) ;
#2627 = LINE ( 'NONE', #2393, #1692 ) ;
#2628 = LINE ( 'NONE', #2861, #675 ) ;
#2629 = CARTESIAN_POINT ( 'NONE',  ( 25.39999999999999858, 25.80000000000000071, 0.000000000000000000 ) ) ;
#2630 = CIRCLE ( 'NONE', #194, 1.699999999999999734 ) ;
#2631 = ORIENTED_EDGE ( 'NONE', *, *, #960, .T. ) ;
#2632 = ORIENTED_EDGE ( 'NONE', *, *, #1650, .F. ) ;
#2633 = DIRECTION ( 'NONE',  ( 0.000000000000000000, -0.000000000000000000, -1.000000000000000000 ) ) ;
#2634 = CARTESIAN_POINT ( 'NONE',  ( 0.2999999999999999889, 27.50000000000000000, 4.799999999999999822 ) ) ;
#2635 = DIRECTION ( 'NONE',  ( -1.000000000000000000, 0.000000000000000000, 0.000000000000000000 ) ) ;
#2636 = VERTEX_POINT ( 'NONE', #310 ) ;
#2637 = EDGE_CURVE ( 'NONE', #2137, #2503, #1609, .T. ) ;
#2638 = ADVANCED_FACE ( 'NONE', ( #3290 ), #3507, .T. ) ;
#2639 = CARTESIAN_POINT ( 'NONE',  ( 25.69999999999999929, 25.80000000000000071, 2.000000000000000000 ) ) ;
#2640 = DIRECTION ( 'NONE',  ( 0.000000000000000000, 0.000000000000000000, 1.000000000000000000 ) ) ;
#2641 = DIRECTION ( 'NONE',  ( 0.000000000000000000, 0.000000000000000000, -1.000000000000000000 ) ) ;
#2642 = DIRECTION ( 'NONE',  ( 0.000000000000000000, 0.000000000000000000, 1.000000000000000000 ) ) ;
#2643 = ORIENTED_EDGE ( 'NONE', *, *, #1079, .T. ) ;
#2644 = CARTESIAN_POINT ( 'NONE',  ( 27.09999999999999787, 30.00000000000000000, 0.000000000000000000 ) ) ;
#2645 = DIRECTION ( 'NONE',  ( 0.000000000000000000, 0.000000000000000000, -1.000000000000000000 ) ) ;
#2646 = DIRECTION ( 'NONE',  ( 1.000000000000000000, 6.938893903907229610E-17, 0.000000000000000000 ) ) ;
#2647 = DIRECTION ( 'NONE',  ( 0.000000000000000000, 0.000000000000000000, 1.000000000000000000 ) ) ;
#2648 = VERTEX_POINT ( 'NONE', #1441 ) ;
#2649 = ORIENTED_EDGE ( 'NONE', *, *, #729, .T. ) ;
#2650 = CARTESIAN_POINT ( 'NONE',  ( 5.750000000000000000, 30.00000000000000000, 4.000000000000000000 ) ) ;
#2651 = LINE ( 'NONE', #883, #1842 ) ;
#2652 = VECTOR ( 'NONE', #2835, 1000.000000000000000 ) ;
#2653 = ORIENTED_EDGE ( 'NONE', *, *, #1178, .T. ) ;
#2654 = CARTESIAN_POINT ( 'NONE',  ( 28.49999997541310037, -1.100000000000000089, 2.299999962002020393 ) ) ;
#2655 = EDGE_CURVE ( 'NONE', #2513, #243, #3777, .T. ) ;
#2656 = DIRECTION ( 'NONE',  ( 0.000000000000000000, -1.000000000000000000, 0.000000000000000000 ) ) ;
#2657 = FACE_BOUND ( 'NONE', #1053, .T. ) ;
#2658 = ADVANCED_FACE ( 'NONE', ( #594 ), #1210, .F. ) ;
#2659 = ORIENTED_EDGE ( 'NONE', *, *, #3371, .T. ) ;
#2660 = ORIENTED_EDGE ( 'NONE', *, *, #2655, .F. ) ;
#2661 = DIRECTION ( 'NONE',  ( 1.000000000000000000, 0.000000000000000000, 0.000000000000000000 ) ) ;
#2662 = FILL_AREA_STYLE_COLOUR ( '', #2741 ) ;
#2663 = VECTOR ( 'NONE', #1101, 999.9999999999998863 ) ;
#2664 = CARTESIAN_POINT ( 'NONE',  ( 27.09999999999999787, 1.399999999999999911, -0.8000000000000000444 ) ) ;
#2665 = ORIENTED_EDGE ( 'NONE', *, *, #123, .T. ) ;
#2666 = EDGE_LOOP ( 'NONE', ( #17, #1246, #2610, #3711 ) ) ;
#2667 = CARTESIAN_POINT ( 'NONE',  ( 25.69999999999999929, 2.000000000000000000, 2.000000000000000000 ) ) ;
#2668 = CARTESIAN_POINT ( 'NONE',  ( 28.79999997541310108, 2.799999999999999822, 1.699999962002030074 ) ) ;
#2669 = EDGE_LOOP ( 'NONE', ( #3138, #477, #3392, #304 ) ) ;
#2670 = AXIS2_PLACEMENT_3D ( 'NONE', #2757, #3701, #1074 ) ;
#2671 = DIRECTION ( 'NONE',  ( -5.916886274649569072E-17, 1.000000000000000000, 0.000000000000000000 ) ) ;
#2672 = MECHANICAL_DESIGN_GEOMETRIC_PRESENTATION_REPRESENTATION (  '', ( #1096 ), #3483 ) ;
#2673 = CONTEXT_DEPENDENT_SHAPE_REPRESENTATION ( #862, #3126 ) ;
#2674 = CONICAL_SURFACE ( 'NONE', #249, 2.099999999999999645, 0.7853981633974490562 ) ;
#2675 = CARTESIAN_POINT ( 'NONE',  ( 24.00000000000000000, 25.80000000000000071, 0.000000000000000000 ) ) ;
#2676 = DIRECTION ( 'NONE',  ( 0.000000000000000000, 0.000000000000000000, -1.000000000000000000 ) ) ;
#2677 = VECTOR ( 'NONE', #459, 1000.000000000000000 ) ;
#2678 = AXIS2_PLACEMENT_3D ( 'NONE', #434, #794, #1905 ) ;
#2679 = ORIENTED_EDGE ( 'NONE', *, *, #1360, .F. ) ;
#2680 = DIRECTION ( 'NONE',  ( 0.000000000000000000, 0.000000000000000000, 1.000000000000000000 ) ) ;
#2681 = AXIS2_PLACEMENT_3D ( 'NONE', #3215, #1482, #3488 ) ;
#2682 = PLANE ( 'NONE',  #65 ) ;
#2683 = DIRECTION ( 'NONE',  ( -0.7071067811865475727, -0.7071067811865475727, 0.000000000000000000 ) ) ;
#2684 = DIRECTION ( 'NONE',  ( 0.7071067811865475727, 0.7071067811865475727, 0.000000000000000000 ) ) ;
#2685 = ADVANCED_FACE ( 'NONE', ( #2905 ), #1481, .T. ) ;
#2686 = EDGE_CURVE ( 'NONE', #518, #3352, #287, .T. ) ;
#2687 = ORIENTED_EDGE ( 'NONE', *, *, #1550, .F. ) ;
#2688 = ORIENTED_EDGE ( 'NONE', *, *, #1805, .F. ) ;
#2689 = SHAPE_REPRESENTATION ( 'SSD1306 OLED Display Case(2)', ( #432, #3738, #2442 ), #1957 ) ;
#2690 = VECTOR ( 'NONE', #1978, 1000.000000000000000 ) ;
#2691 = CARTESIAN_POINT ( 'NONE',  ( 27.09999999999999787, 27.50000000000000000, 0.000000000000000000 ) ) ;
#2692 = FACE_OUTER_BOUND ( 'NONE', #1673, .T. ) ;
#2693 = VERTEX_POINT ( 'NONE', #307 ) ;
#2694 = AXIS2_PLACEMENT_3D ( 'NONE', #3007, #104, #985 ) ;
#2695 = FACE_OUTER_BOUND ( 'NONE', #1357, .T. ) ;
#2696 = CYLINDRICAL_SURFACE ( 'NONE', #2790, 2.500000000000000888 ) ;
#2697 = DIRECTION ( 'NONE',  ( -0.7071067811865477948, 0.7071067811865474617, 0.000000000000000000 ) ) ;
#2698 = ORIENTED_EDGE ( 'NONE', *, *, #426, .F. ) ;
#2699 = FACE_BOUND ( 'NONE', #3017, .T. ) ;
#2700 = CARTESIAN_POINT ( 'NONE',  ( 27.59999999999999787, 28.00000000000000000, 0.000000000000000000 ) ) ;
#2701 = DIRECTION ( 'NONE',  ( -9.257620629031683287E-18, -0.7071067811865470176, 0.7071067811865480168 ) ) ;
#2702 = FACE_OUTER_BOUND ( 'NONE', #3319, .T. ) ;
#2703 = CARTESIAN_POINT ( 'NONE',  ( 7.700000000000000178, 23.09999999999999787, 4.000000000000000000 ) ) ;
#2704 = ORIENTED_EDGE ( 'NONE', *, *, #3137, .F. ) ;
#2705 = EDGE_CURVE ( 'NONE', #3096, #3372, #1500, .T. ) ;
#2706 = EDGE_CURVE ( 'NONE', #1598, #672, #3416, .T. ) ;
#2707 = VERTEX_POINT ( 'NONE', #3547 ) ;
#2708 = CARTESIAN_POINT ( 'NONE',  ( 27.09999999999999787, 1.399999999999999911, -0.4000000000000000222 ) ) ;
#2709 = CARTESIAN_POINT ( 'NONE',  ( 1.199999999999999956, 2.000000000000000000, 1.500000000000000000 ) ) ;
#2710 = VERTEX_POINT ( 'NONE', #1784 ) ;
#2711 =( BOUNDED_SURFACE ( )  B_SPLINE_SURFACE ( 2, 2, ( 
 ( #888, #1161, #2049, #276, #1693, #3144, #3515, #829, #259 ),
 ( #316, #1141, #2911, #1429, #2581, #3763, #3456, #3221, #601 ),
 ( #2014, #2894, #2297, #3474, #526, #852, #1491, #2601, #1992 ) ),
 .UNSPECIFIED., .F., .T., .T. ) 
 B_SPLINE_SURFACE_WITH_KNOTS ( ( 3, 3 ),
 ( 3, 2, 2, 2, 3 ),
 ( 0.000000000000000000, 1.570796326794889897 ),
 ( -3.141592653589790007, -1.570796326794899889, 0.000000000000000000, 1.570796326794899889, 3.141592653589790007 ),
 .UNSPECIFIED. ) 
 GEOMETRIC_REPRESENTATION_ITEM ( )  RATIONAL_B_SPLINE_SURFACE ( (
 ( 1.000000000000000000, 0.7071067811865480168, 1.000000000000000000, 0.7071067811865480168, 1.000000000000000000, 0.7071067811865480168, 1.000000000000000000, 0.7071067811865480168, 1.000000000000000000),
 ( 0.7071067811865510144, 0.5000000000000000000, 0.7071067811865510144, 0.5000000000000000000, 0.7071067811865510144, 0.5000000000000000000, 0.7071067811865510144, 0.5000000000000000000, 0.7071067811865510144),
 ( 1.000000000000000000, 0.7071067811865480168, 1.000000000000000000, 0.7071067811865480168, 1.000000000000000000, 0.7071067811865480168, 1.000000000000000000, 0.7071067811865480168, 1.000000000000000000) ) ) 
 REPRESENTATION_ITEM ( '' )  SURFACE ( )  );
#2712 = EDGE_CURVE ( 'NONE', #1949, #2733, #2943, .T. ) ;
#2713 = EDGE_LOOP ( 'NONE', ( #440, #3575, #3192, #3601 ) ) ;
#2714 = VECTOR ( 'NONE', #2428, 1000.000000000000000 ) ;
#2715 = CARTESIAN_POINT ( 'NONE',  ( 27.09999999999999787, 1.399999999999999911, 0.000000000000000000 ) ) ;
#2716 =( LENGTH_UNIT ( ) NAMED_UNIT ( * ) SI_UNIT ( .MILLI., .METRE. ) );
#2717 = CARTESIAN_POINT ( 'NONE',  ( 27.09999999999999787, 27.50000000000000000, -0.4000000000000000222 ) ) ;
#2718 = CARTESIAN_POINT ( 'NONE',  ( 25.39999999999999858, 2.000000000000000000, 0.8000000000000000444 ) ) ;
#2719 = EDGE_LOOP ( 'NONE', ( #1374, #708, #1072, #207 ) ) ;
#2720 = CARTESIAN_POINT ( 'NONE',  ( 28.86776695296636674, -0.3677669529663710191, -0.4000000000000000222 ) ) ;
#2721 = DIRECTION ( 'NONE',  ( 1.000000000000000000, 0.000000000000000000, 0.000000000000000000 ) ) ;
#2722 = DIRECTION ( 'NONE',  ( 0.000000000000000000, -1.000000000000000000, 0.000000000000000000 ) ) ;
#2723 = CARTESIAN_POINT ( 'NONE',  ( 27.59999999999999787, -0.2000000000000000111, 3.600000000000000089 ) ) ;
#2724 = CIRCLE ( 'NONE', #2478, 0.7999999999999986011 ) ;
#2725 = DIRECTION ( 'NONE',  ( 1.000000000000000000, 0.000000000000000000, 0.000000000000000000 ) ) ;
#2726 = ORIENTED_EDGE ( 'NONE', *, *, #3569, .T. ) ;
#2727 = VECTOR ( 'NONE', #661, 1000.000000000000000 ) ;
#2728 = ORIENTED_EDGE ( 'NONE', *, *, #2198, .F. ) ;
#2729 = CARTESIAN_POINT ( 'NONE',  ( 0.2999999999999999889, -0.2999999999999999889, 4.799999999999999822 ) ) ;
#2730 = DIRECTION ( 'NONE',  ( 1.000000000000000000, 0.000000000000000000, 0.000000000000000000 ) ) ;
#2731 = EDGE_CURVE ( 'NONE', #3267, #2382, #2346, .T. ) ;
#2732 = EDGE_LOOP ( 'NONE', ( #1629, #1035, #80, #3581 ) ) ;
#2733 = VERTEX_POINT ( 'NONE', #920 ) ;
#2734 = CARTESIAN_POINT ( 'NONE',  ( 24.60000000000002629, 1.200000000000000622, 1.499999999999999778 ) ) ;
#2735 = CYLINDRICAL_SURFACE ( 'NONE', #1977, 1.399999999999998579 ) ;
#2736 = EDGE_CURVE ( 'NONE', #2593, #3539, #1282, .T. ) ;
#2737 = EDGE_CURVE ( 'NONE', #1195, #1971, #576, .T. ) ;
#2738 = DIRECTION ( 'NONE',  ( -0.7071067811865476838, 0.7071067811865474617, 0.000000000000000000 ) ) ;
#2739 = DIRECTION ( 'NONE',  ( 1.000000000000000000, 0.000000000000000000, 0.000000000000000000 ) ) ;
#2740 = CIRCLE ( 'NONE', #1093, 2.500000000000000000 ) ;
#2741 = COLOUR_RGB ( '',0.7921568627450980005, 0.8196078431372548767, 0.9333333333333333481 ) ;
#2742 = FACE_OUTER_BOUND ( 'NONE', #1067, .T. ) ;
#2743 = CARTESIAN_POINT ( 'NONE',  ( 28.50000000000000000, 24.69999999999999929, 0.8499999810010130386 ) ) ;
#2744 = DIRECTION ( 'NONE',  ( -5.916886274649569072E-17, 1.000000000000000000, 0.000000000000000000 ) ) ;
#2745 = CARTESIAN_POINT ( 'NONE',  ( 25.40000000000000568, 1.199999999999999734, 2.000000000000000000 ) ) ;
#2746 = DIRECTION ( 'NONE',  ( -6.938893903907229610E-17, 1.000000000000000000, 0.000000000000000000 ) ) ;
#2747 = CIRCLE ( 'NONE', #1289, 0.7999999999999986011 ) ;
#2748 = ORIENTED_EDGE ( 'NONE', *, *, #3393, .F. ) ;
#2749 = ORIENTED_EDGE ( 'NONE', *, *, #3684, .F. ) ;
#2750 = AXIS2_PLACEMENT_3D ( 'NONE', #3161, #2258, #1181 ) ;
#2751 = LINE ( 'NONE', #2729, #2368 ) ;
#2752 = CARTESIAN_POINT ( 'NONE',  ( 1.699999999999999956, 2.000000000000000000, 2.000000000000000000 ) ) ;
#2753 = ORIENTED_EDGE ( 'NONE', *, *, #590, .T. ) ;
#2754 = AXIS2_PLACEMENT_3D ( 'NONE', #3400, #797, #2226 ) ;
#2755 = VERTEX_POINT ( 'NONE', #2084 ) ;
#2756 = CARTESIAN_POINT ( 'NONE',  ( 24.60000000000000142, 2.799999999999999822, 2.000000000000000000 ) ) ;
#2757 = CARTESIAN_POINT ( 'NONE',  ( 27.09999999999999787, 27.50000000000000000, 4.400000000000000355 ) ) ;
#2758 = EDGE_CURVE ( 'NONE', #1911, #2300, #2248, .T. ) ;
#2759 = EDGE_CURVE ( 'NONE', #3767, #2228, #2889, .T. ) ;
#2760 = CARTESIAN_POINT ( 'NONE',  ( 0.6000000000000000888, 2.000000000000000000, 0.000000000000000000 ) ) ;
#2761 = CARTESIAN_POINT ( 'NONE',  ( 27.59999999999999787, 21.22500000000000142, 0.000000000000000000 ) ) ;
#2762 = EDGE_CURVE ( 'NONE', #1516, #1637, #2024, .T. ) ;
#2763 = CARTESIAN_POINT ( 'NONE',  ( 1.699999999999999956, 2.000000000000000000, 2.000000000000000000 ) ) ;
#2764 = CARTESIAN_POINT ( 'NONE',  ( 21.64999999999999858, -0.2999999999999999889, 4.799999999999999822 ) ) ;
#2765 = CARTESIAN_POINT ( 'NONE',  ( -1.399999999999999911, 27.50000000000000000, -1.199999999999999956 ) ) ;
#2766 = LINE ( 'NONE', #951, #1420 ) ;
#2767 = CARTESIAN_POINT ( 'NONE',  ( -1.100000000000000089, -0.6712315177207970329, 0.000000000000000000 ) ) ;
#2768 = ORIENTED_EDGE ( 'NONE', *, *, #2313, .F. ) ;
#2769 = ORIENTED_EDGE ( 'NONE', *, *, #1385, .T. ) ;
#2770 = LINE ( 'NONE', #2194, #1405 ) ;
#2771 = CARTESIAN_POINT ( 'NONE',  ( 2.000000000000000000, 2.000000000000000000, 0.000000000000000000 ) ) ;
#2772 = ORIENTED_EDGE ( 'NONE', *, *, #3569, .F. ) ;
#2773 = EDGE_LOOP ( 'NONE', ( #3582, #2201, #2592, #863 ) ) ;
#2774 = DIRECTION ( 'NONE',  ( -0.7071067811865475727, -0.7071067811865475727, 0.000000000000000000 ) ) ;
#2775 = AXIS2_PLACEMENT_3D ( 'NONE', #1748, #3181, #2621 ) ;
#2776 = FACE_OUTER_BOUND ( 'NONE', #1461, .T. ) ;
#2777 = VECTOR ( 'NONE', #1117, 1000.000000000000000 ) ;
#2778 = CARTESIAN_POINT ( 'NONE',  ( 26.19999999999999929, 25.80000000000000071, 1.500000000000000000 ) ) ;
#2779 = AXIS2_PLACEMENT_3D ( 'NONE', #718, #699, #2739 ) ;
#2780 = EDGE_CURVE ( 'NONE', #2710, #1145, #2564, .T. ) ;
#2781 = LINE ( 'NONE', #1831, #105 ) ;
#2782 = DIRECTION ( 'NONE',  ( 0.000000000000000000, 0.000000000000000000, 1.000000000000000000 ) ) ;
#2783 = DIRECTION ( 'NONE',  ( 0.7071067811865466846, -0.7071067811865483499, 0.000000000000000000 ) ) ;
#2784 = CARTESIAN_POINT ( 'NONE',  ( -1.100000000000000089, 13.89999999999999858, 0.9585786303516451445 ) ) ;
#2785 = EDGE_CURVE ( 'NONE', #2272, #2120, #882, .T. ) ;
#2786 = ORIENTED_EDGE ( 'NONE', *, *, #2589, .F. ) ;
#2787 = ORIENTED_EDGE ( 'NONE', *, *, #101, .T. ) ;
#2788 = CYLINDRICAL_SURFACE ( 'NONE', #242, 2.500000000000001776 ) ;
#2789 = DIRECTION ( 'NONE',  ( 0.000000000000000000, 0.000000000000000000, 1.000000000000000000 ) ) ;
#2790 = AXIS2_PLACEMENT_3D ( 'NONE', #989, #1862, #106 ) ;
#2791 = VERTEX_POINT ( 'NONE', #842 ) ;
#2792 = DIRECTION ( 'NONE',  ( 0.7071067811865474617, -0.7071067811865477948, 0.000000000000000000 ) ) ;
#2793 = PRODUCT_DEFINITION_SHAPE ( 'NONE', 'NONE',  #174 ) ;
#2794 = VERTEX_POINT ( 'NONE', #3214 ) ;
#2795 = PLANE ( 'NONE',  #3703 ) ;
#2796 = CARTESIAN_POINT ( 'NONE',  ( 2.000000000000000000, 25.50000000000000000, 2.000000000000000000 ) ) ;
#2797 = CARTESIAN_POINT ( 'NONE',  ( 2.799999999999999822, 26.59999999999999787, 2.000000000000000000 ) ) ;
#2798 = AXIS2_PLACEMENT_3D ( 'NONE', #817, #3133, #1396 ) ;
#2799 = DIRECTION ( 'NONE',  ( 0.000000000000000000, 1.000000000000000000, 0.000000000000000000 ) ) ;
#2800 = DIRECTION ( 'NONE',  ( -0.7071067811865470176, -1.262132201514290081E-17, -0.7071067811865480168 ) ) ;
#2801 = AXIS2_PLACEMENT_3D ( 'NONE', #2144, #3607, #178 ) ;
#2802 = ORIENTED_EDGE ( 'NONE', *, *, #53, .T. ) ;
#2803 = EDGE_LOOP ( 'NONE', ( #3332, #3095 ) ) ;
#2804 = ADVANCED_FACE ( 'NONE', ( #3467 ), #239, .T. ) ;
#2805 = CARTESIAN_POINT ( 'NONE',  ( 2.000000000000000000, 25.80000000000000071, 2.000000000000000000 ) ) ;
#2806 = EDGE_CURVE ( 'NONE', #1107, #2636, #1538, .T. ) ;
#2807 = FACE_OUTER_BOUND ( 'NONE', #2040, .T. ) ;
#2808 = VECTOR ( 'NONE', #2661, 1000.000000000000000 ) ;
#2809 = CIRCLE ( 'NONE', #63, 1.700000000000000400 ) ;
#2810 = VERTEX_POINT ( 'NONE', #1555 ) ;
#2811 = AXIS2_PLACEMENT_3D ( 'NONE', #3572, #624, #660 ) ;
#2812 = VERTEX_POINT ( 'NONE', #3019 ) ;
#2813 = ADVANCED_FACE ( 'NONE', ( #3004 ), #2006, .T. ) ;
#2814 = DIRECTION ( 'NONE',  ( 0.000000000000000000, 0.000000000000000000, 1.000000000000000000 ) ) ;
#2815 = ORIENTED_EDGE ( 'NONE', *, *, #3704, .T. ) ;
#2816 = VECTOR ( 'NONE', #3223, 1000.000000000000114 ) ;
#2817 = CYLINDRICAL_SURFACE ( 'NONE', #1564, 2.499999999999999112 ) ;
#2818 = CARTESIAN_POINT ( 'NONE',  ( 2.799999999999997158, 2.000000000000000000, 2.000000000000000000 ) ) ;
#2819 = CARTESIAN_POINT ( 'NONE',  ( 13.70000000000000107, 13.19999999999999929, 0.000000000000000000 ) ) ;
#2820 = LINE ( 'NONE', #1334, #2053 ) ;
#2821 = DIRECTION ( 'NONE',  ( 0.7071067811865480168, 0.000000000000000000, -0.7071067811865470176 ) ) ;
#2822 = EDGE_LOOP ( 'NONE', ( #3225, #650, #1519, #2156 ) ) ;
#2823 = ORIENTED_EDGE ( 'NONE', *, *, #23, .F. ) ;
#2824 = DIRECTION ( 'NONE',  ( -0.7071067811865474617, -0.7071067811865474617, 0.000000000000000000 ) ) ;
#2825 = DIRECTION ( 'NONE',  ( 0.000000000000000000, 0.000000000000000000, 1.000000000000000000 ) ) ;
#2826 = PRODUCT ( 'Base', 'Base', '', ( #2425 ) ) ;
#2827 = EDGE_CURVE ( 'NONE', #2272, #404, #2118, .T. ) ;
#2828 = EDGE_CURVE ( 'NONE', #2083, #3267, #3236, .T. ) ;
#2829 = ORIENTED_EDGE ( 'NONE', *, *, #2852, .F. ) ;
#2830 = VERTEX_POINT ( 'NONE', #384 ) ;
#2831 = CARTESIAN_POINT ( 'NONE',  ( 25.39999999999999858, 25.80000000000000071, 2.000000000000000000 ) ) ;
#2832 = CARTESIAN_POINT ( 'NONE',  ( 27.09999999999999787, 27.50000000000000000, -0.8000000000000000444 ) ) ;
#2833 = ADVANCED_FACE ( 'NONE', ( #1840 ), #1819, .T. ) ;
#2834 = ORIENTED_EDGE ( 'NONE', *, *, #1225, .T. ) ;
#2835 = DIRECTION ( 'NONE',  ( 0.000000000000000000, -1.000000000000000000, 0.000000000000000000 ) ) ;
#2836 =( BOUNDED_CURVE ( )  B_SPLINE_CURVE ( 2, ( #3355, #734, #1899 ),
 .UNSPECIFIED., .F., .T. ) 
 B_SPLINE_CURVE_WITH_KNOTS ( ( 3, 3 ),
 ( 0.000000000000000000, 1.570796326794899667 ),
 .UNSPECIFIED. ) 
 CURVE ( )  GEOMETRIC_REPRESENTATION_ITEM ( )  RATIONAL_B_SPLINE_CURVE ( ( 1.000000000000000000, 0.7071067811865470176, 1.000000000000000000 ) ) 
 REPRESENTATION_ITEM ( '' )  );
#2837 = PLANE ( 'NONE',  #1450 ) ;
#2838 = FACE_OUTER_BOUND ( 'NONE', #3775, .T. ) ;
#2839 = CARTESIAN_POINT ( 'NONE',  ( -1.399999975413090070, 24.80000000000000071, 1.699999962002040066 ) ) ;
#2840 = CARTESIAN_POINT ( 'NONE',  ( 2.799999999999999822, 25.80000000000000071, 0.000000000000000000 ) ) ;
#2841 = ORIENTED_EDGE ( 'NONE', *, *, #921, .F. ) ;
#2842 = EDGE_LOOP ( 'NONE', ( #1698, #3720, #36 ) ) ;
#2843 = DIRECTION ( 'NONE',  ( -0.7071067811865475727, -0.7071067811865475727, 0.000000000000000000 ) ) ;
#2844 = DIRECTION ( 'NONE',  ( -0.7071067811865480168, -0.7071067811865470176, 0.000000000000000000 ) ) ;
#2845 = ORIENTED_EDGE ( 'NONE', *, *, #939, .F. ) ;
#2846 = EDGE_LOOP ( 'NONE', ( #3367, #557, #3224, #941 ) ) ;
#2847 = CARTESIAN_POINT ( 'NONE',  ( 28.50000000000000000, 28.89999999999999858, 0.000000000000000000 ) ) ;
#2848 = ADVANCED_FACE ( 'NONE', ( #1002 ), #402, .T. ) ;
#2849 = CARTESIAN_POINT ( 'NONE',  ( 29.02499997541309895, 2.899999999999999911, 1.624999962002020126 ) ) ;
#2850 = VERTEX_POINT ( 'NONE', #937 ) ;
#2851 = VECTOR ( 'NONE', #2107, 1000.000000000000000 ) ;
#2852 = EDGE_CURVE ( 'NONE', #2464, #2794, #1231, .T. ) ;
#2853 = EDGE_CURVE ( 'NONE', #2441, #507, #3102, .T. ) ;
#2854 = CARTESIAN_POINT ( 'NONE',  ( 24.60000000000002629, 26.60000000000003340, 1.499999999999999778 ) ) ;
#2855 = CARTESIAN_POINT ( 'NONE',  ( 2.800000000000001155, 25.80000000000001492, 2.000000000000000000 ) ) ;
#2856 = CARTESIAN_POINT ( 'NONE',  ( 21.64999999999999858, -0.2999999999999999889, -1.199999999999999956 ) ) ;
#2857 = LINE ( 'NONE', #1319, #2690 ) ;
#2858 = APPLICATION_CONTEXT ( 'automotive_design' ) ;
#2859 = ORIENTED_EDGE ( 'NONE', *, *, #1525, .T. ) ;
#2860 = ORIENTED_EDGE ( 'NONE', *, *, #2875, .F. ) ;
#2861 = CARTESIAN_POINT ( 'NONE',  ( 18.89999999999999858, 28.00000000000000000, 0.000000000000000000 ) ) ;
#2862 = DIRECTION ( 'NONE',  ( 0.000000000000000000, 0.000000000000000000, -1.000000000000000000 ) ) ;
#2863 = LINE ( 'NONE', #2551, #2677 ) ;
#2864 = CIRCLE ( 'NONE', #3665, 2.499999999999999112 ) ;
#2865 = ORIENTED_EDGE ( 'NONE', *, *, #2759, .T. ) ;
#2866 = ORIENTED_EDGE ( 'NONE', *, *, #2521, .T. ) ;
#2867 = CARTESIAN_POINT ( 'NONE',  ( 0.2999999999999999889, -1.100000000000000089, -0.4000000000000000222 ) ) ;
#2868 = VECTOR ( 'NONE', #1886, 1000.000000000000000 ) ;
#2869 = DIRECTION ( 'NONE',  ( 0.000000000000000000, 0.000000000000000000, -1.000000000000000000 ) ) ;
#2870 = VECTOR ( 'NONE', #702, 1000.000000000000000 ) ;
#2871 = ORIENTED_EDGE ( 'NONE', *, *, #288, .T. ) ;
#2872 = VECTOR ( 'NONE', #3784, 1000.000000000000000 ) ;
#2873 = DIRECTION ( 'NONE',  ( 0.000000000000000000, -1.000000000000000000, 0.000000000000000000 ) ) ;
#2874 = EDGE_CURVE ( 'NONE', #2403, #764, #2751, .T. ) ;
#2875 = EDGE_CURVE ( 'NONE', #170, #2794, #2864, .T. ) ;
#2876 = CARTESIAN_POINT ( 'NONE',  ( 2.299999999999999822, 2.000000000000000000, 2.000000000000000000 ) ) ;
#2877 = FACE_OUTER_BOUND ( 'NONE', #2620, .T. ) ;
#2878 = DIRECTION ( 'NONE',  ( -0.5000000000000006661, -0.5000000000000000000, -0.7071067811865470176 ) ) ;
#2879 = AXIS2_PLACEMENT_3D ( 'NONE', #129, #2371, #2697 ) ;
#2880 = ADVANCED_FACE ( 'NONE', ( #710 ), #98, .T. ) ;
#2881 = ORIENTED_EDGE ( 'NONE', *, *, #3014, .F. ) ;
#2882 = ORIENTED_EDGE ( 'NONE', *, *, #47, .F. ) ;
#2883 = CARTESIAN_POINT ( 'NONE',  ( 25.70000000000002771, 1.700000000000000400, 2.000000000000000000 ) ) ;
#2884 = FACE_OUTER_BOUND ( 'NONE', #255, .T. ) ;
#2885 = VECTOR ( 'NONE', #85, 1000.000000000000000 ) ;
#2886 = DIRECTION ( 'NONE',  ( 1.000000000000000000, 0.000000000000000000, 0.000000000000000000 ) ) ;
#2887 = ORIENTED_EDGE ( 'NONE', *, *, #2204, .T. ) ;
#2888 = ORIENTED_EDGE ( 'NONE', *, *, #2618, .T. ) ;
#2889 = LINE ( 'NONE', #326, #3356 ) ;
#2890 = CARTESIAN_POINT ( 'NONE',  ( 27.09999999999999787, 27.50000000000000000, 0.000000000000000000 ) ) ;
#2891 = CARTESIAN_POINT ( 'NONE',  ( 28.80000000000000071, 1.399999999999999911, -1.199999999999999956 ) ) ;
#2892 = ORIENTED_EDGE ( 'NONE', *, *, #2379, .F. ) ;
#2893 = CARTESIAN_POINT ( 'NONE',  ( 24.60000000000000142, 25.80000000000000071, 1.500000000000000000 ) ) ;
#2894 = CARTESIAN_POINT ( 'NONE',  ( 25.09999999999999432, 25.50000000000003197, 2.000000000000000000 ) ) ;
#2895 = AXIS2_PLACEMENT_3D ( 'NONE', #2654, #407, #2964 ) ;
#2896 = CARTESIAN_POINT ( 'NONE',  ( -0.2000000000000000111, -0.2000000000000000111, 0.000000000000000000 ) ) ;
#2897 = EDGE_CURVE ( 'NONE', #1537, #284, #1220, .T. ) ;
#2898 = ORIENTED_EDGE ( 'NONE', *, *, #1966, .F. ) ;
#2899 = FACE_OUTER_BOUND ( 'NONE', #1452, .T. ) ;
#2900 = LINE ( 'NONE', #2916, #1656 ) ;
#2901 = LINE ( 'NONE', #3015, #2868 ) ;
#2902 = EDGE_CURVE ( 'NONE', #2269, #176, #1021, .T. ) ;
#2903 = ORIENTED_EDGE ( 'NONE', *, *, #1618, .T. ) ;
#2904 = EDGE_LOOP ( 'NONE', ( #1498, #1398, #2322, #157 ) ) ;
#2905 = FACE_OUTER_BOUND ( 'NONE', #2213, .T. ) ;
#2906 = DIRECTION ( 'NONE',  ( -0.7071067811865477948, 0.7071067811865472397, 0.000000000000000000 ) ) ;
#2907 = CARTESIAN_POINT ( 'NONE',  ( 0.2999999999999999889, -0.2999999999999999889, 4.799999999999999822 ) ) ;
#2908 = EDGE_LOOP ( 'NONE', ( #1349, #799, #2929, #2463 ) ) ;
#2909 = VECTOR ( 'NONE', #299, 1000.000000000000000 ) ;
#2910 = CARTESIAN_POINT ( 'NONE',  ( 25.39999999999999858, 25.00000000000000000, 1.500000000000000000 ) ) ;
#2911 = CARTESIAN_POINT ( 'NONE',  ( 25.40000000000000568, 25.00000000000003908, 2.000000000000000000 ) ) ;
#2912 = DIRECTION ( 'NONE',  ( 6.109717902811399630E-17, -1.000000000000000000, 0.000000000000000000 ) ) ;
#2913 = DIRECTION ( 'NONE',  ( 0.000000000000000000, 0.000000000000000000, 1.000000000000000000 ) ) ;
#2914 = EDGE_LOOP ( 'NONE', ( #2631, #1798, #1955, #1515 ) ) ;
#2915 = CARTESIAN_POINT ( 'NONE',  ( 1.200000000000000622, 2.800000000000000711, 1.499999999999999778 ) ) ;
#2916 = CARTESIAN_POINT ( 'NONE',  ( -2.200000000000000178, 1.399999999999999911, 0.000000000000000000 ) ) ;
#2917 = DIRECTION ( 'NONE',  ( 1.000000000000000000, 0.000000000000000000, 0.000000000000000000 ) ) ;
#2918 = LINE ( 'NONE', #35, #2255 ) ;
#2919 = EDGE_LOOP ( 'NONE', ( #2834, #3616, #3716, #3697 ) ) ;
#2920 = EDGE_CURVE ( 'NONE', #638, #2516, #2980, .T. ) ;
#2921 = EDGE_CURVE ( 'NONE', #1228, #2850, #2175, .T. ) ;
#2922 = ORIENTED_EDGE ( 'NONE', *, *, #564, .F. ) ;
#2923 = CARTESIAN_POINT ( 'NONE',  ( -2.200000000000000178, 30.00000000000000000, 0.000000000000000000 ) ) ;
#2924 = DIRECTION ( 'NONE',  ( 1.000000000000000000, 0.000000000000000000, 0.000000000000000000 ) ) ;
#2925 = VECTOR ( 'NONE', #2064, 1000.000000000000000 ) ;
#2926 = AXIS2_PLACEMENT_3D ( 'NONE', #2832, #2203, #2234 ) ;
#2927 = DIRECTION ( 'NONE',  ( -0.7071067811865510144, 0.000000000000000000, -0.7071067811865441310 ) ) ;
#2928 = CIRCLE ( 'NONE', #428, 1.699999999999999734 ) ;
#2929 = ORIENTED_EDGE ( 'NONE', *, *, #3155, .F. ) ;
#2930 = EDGE_CURVE ( 'NONE', #2460, #2482, #2187, .T. ) ;
#2931 = CARTESIAN_POINT ( 'NONE',  ( 25.39999999999999858, 25.50000000000000000, 2.000000000000000000 ) ) ;
#2932 = AXIS2_PLACEMENT_3D ( 'NONE', #1969, #1359, #2844 ) ;
#2933 = CARTESIAN_POINT ( 'NONE',  ( -0.2000000000000000111, 28.00000000000000000, 0.000000000000000000 ) ) ;
#2934 = FACE_OUTER_BOUND ( 'NONE', #2846, .T. ) ;
#2935 = LINE ( 'NONE', #626, #314 ) ;
#2936 = VECTOR ( 'NONE', #2642, 1000.000000000000000 ) ;
#2937 = ORIENTED_EDGE ( 'NONE', *, *, #1360, .T. ) ;
#2938 = DIRECTION ( 'NONE',  ( -0.7071067811865475727, -0.7071067811865475727, 0.000000000000000000 ) ) ;
#2939 = DIRECTION ( 'NONE',  ( -0.7071067811865476838, 0.7071067811865474617, 0.000000000000000000 ) ) ;
#2940 = ORIENTED_EDGE ( 'NONE', *, *, #380, .F. ) ;
#2941 = CIRCLE ( 'NONE', #2694, 2.499999999999999112 ) ;
#2942 = VERTEX_POINT ( 'NONE', #1612 ) ;
#2943 = LINE ( 'NONE', #2594, #1708 ) ;
#2944 = CARTESIAN_POINT ( 'NONE',  ( 26.79999999999999716, 2.000000000000000000, 0.8000000000000000444 ) ) ;
#2945 = EDGE_CURVE ( 'NONE', #2733, #2636, #3274, .T. ) ;
#2946 = ORIENTED_EDGE ( 'NONE', *, *, #3066, .F. ) ;
#2947 = LINE ( 'NONE', #331, #871 ) ;
#2948 = ADVANCED_FACE ( 'NONE', ( #1375, #2550 ), #155, .T. ) ;
#2949 = LINE ( 'NONE', #1215, #3714 ) ;
#2950 = DIRECTION ( 'NONE',  ( 1.000000000000000000, 0.000000000000000000, 0.000000000000000000 ) ) ;
#2951 = ORIENTED_EDGE ( 'NONE', *, *, #1645, .F. ) ;
#2952 = DIRECTION ( 'NONE',  ( 1.000000000000000000, 0.000000000000000000, 0.000000000000000000 ) ) ;
#2953 = DIRECTION ( 'NONE',  ( 0.000000000000000000, 0.000000000000000000, -1.000000000000000000 ) ) ;
#2954 = CARTESIAN_POINT ( 'NONE',  ( 25.39999999999999858, 25.80000000000000071, 0.8000000000000000444 ) ) ;
#2955 = LINE ( 'NONE', #1478, #2558 ) ;
#2956 = VERTEX_POINT ( 'NONE', #478 ) ;
#2957 = ORIENTED_EDGE ( 'NONE', *, *, #3464, .T. ) ;
#2958 =( BOUNDED_CURVE ( )  B_SPLINE_CURVE ( 2, ( #758, #2818, #2876 ),
 .UNSPECIFIED., .F., .F. ) 
 B_SPLINE_CURVE_WITH_KNOTS ( ( 3, 3 ),
 ( 0.000000000000000000, 1.570796326794899667 ),
 .UNSPECIFIED. ) 
 CURVE ( )  GEOMETRIC_REPRESENTATION_ITEM ( )  RATIONAL_B_SPLINE_CURVE ( ( 1.000000000000000000, 0.7071067811865470176, 1.000000000000000000 ) ) 
 REPRESENTATION_ITEM ( '' )  );
#2959 = CARTESIAN_POINT ( 'NONE',  ( 28.80000000000000071, 22.22500000000000142, 4.799999999999999822 ) ) ;
#2960 = PLANE ( 'NONE',  #1526 ) ;
#2961 = PRESENTATION_LAYER_ASSIGNMENT (  '', '', ( #1018 ) ) ;
#2962 = ORIENTED_EDGE ( 'NONE', *, *, #3723, .T. ) ;
#2963 = ADVANCED_FACE ( 'NONE', ( #515 ), #801, .T. ) ;
#2964 = DIRECTION ( 'NONE',  ( 0.000000000000000000, -1.000000000000000000, 0.000000000000000000 ) ) ;
#2965 = EDGE_CURVE ( 'NONE', #2181, #638, #3165, .T. ) ;
#2966 = DIRECTION ( 'NONE',  ( 1.000000000000000000, 0.000000000000000000, 0.000000000000000000 ) ) ;
#2967 = FACE_OUTER_BOUND ( 'NONE', #2075, .T. ) ;
#2968 = DIRECTION ( 'NONE',  ( 1.000000000000000000, 0.000000000000000000, 0.000000000000000000 ) ) ;
#2969 = AXIS2_PLACEMENT_3D ( 'NONE', #3103, #454, #2783 ) ;
#2970 = ORIENTED_EDGE ( 'NONE', *, *, #774, .T. ) ;
#2971 = DIRECTION ( 'NONE',  ( -0.7071067811865510144, 0.000000000000000000, -0.7071067811865441310 ) ) ;
#2972 = ADVANCED_FACE ( 'NONE', ( #1648 ), #2788, .T. ) ;
#2973 = CARTESIAN_POINT ( 'NONE',  ( 18.89999999999999858, 28.00000000000000000, -1.199999999999999956 ) ) ;
#2974 = CARTESIAN_POINT ( 'NONE',  ( 21.64999999999999858, -0.6999999999999999556, 4.400000000000000355 ) ) ;
#2975 = VECTOR ( 'NONE', #520, 1000.000000000000000 ) ;
#2976 = CYLINDRICAL_SURFACE ( 'NONE', #1963, 0.7999999999999999334 ) ;
#2977 = CIRCLE ( 'NONE', #3121, 0.7999999999999999334 ) ;
#2978 = ORIENTED_EDGE ( 'NONE', *, *, #1015, .F. ) ;
#2979 = ORIENTED_EDGE ( 'NONE', *, *, #1314, .T. ) ;
#2980 = LINE ( 'NONE', #3602, #1705 ) ;
#2981 = CARTESIAN_POINT ( 'NONE',  ( -1.100000000000000089, 2.799999999999999822, 2.441421293652429991 ) ) ;
#2982 = ORIENTED_EDGE ( 'NONE', *, *, #6, .T. ) ;
#2983 = VECTOR ( 'NONE', #3404, 1000.000000000000000 ) ;
#2984 = VECTOR ( 'NONE', #425, 1000.000000000000000 ) ;
#2985 = PLANE ( 'NONE',  #2895 ) ;
#2986 = AXIS2_PLACEMENT_3D ( 'NONE', #2954, #3013, #1513 ) ;
#2987 = AXIS2_PLACEMENT_3D ( 'NONE', #3249, #687, #2150 ) ;
#2988 = CARTESIAN_POINT ( 'NONE',  ( 25.09999999999999787, 25.79999999999999005, 2.000000000000000000 ) ) ;
#2989 = LINE ( 'NONE', #3574, #1298 ) ;
#2990 = AXIS2_PLACEMENT_3D ( 'NONE', #2216, #533, #516 ) ;
#2991 = ADVANCED_FACE ( 'NONE', ( #1109 ), #191, .T. ) ;
#2992 = EDGE_CURVE ( 'NONE', #3402, #2092, #853, .T. ) ;
#2993 = ORIENTED_EDGE ( 'NONE', *, *, #128, .F. ) ;
#2994 = DIRECTION ( 'NONE',  ( 0.000000000000000000, 0.000000000000000000, 1.000000000000000000 ) ) ;
#2995 = VECTOR ( 'NONE', #327, 1000.000000000000000 ) ;
#2996 = DIRECTION ( 'NONE',  ( -1.000000000000000000, 0.000000000000000000, 0.000000000000000000 ) ) ;
#2997 = DIRECTION ( 'NONE',  ( 1.000000000000000000, 0.000000000000000000, 0.000000000000000000 ) ) ;
#2998 = DIRECTION ( 'NONE',  ( -1.000000000000000000, 0.000000000000000000, 0.000000000000000000 ) ) ;
#2999 = CARTESIAN_POINT ( 'NONE',  ( 24.00000000000000000, 2.000000000000000000, 0.8000000000000000444 ) ) ;
#3000 = EDGE_CURVE ( 'NONE', #2506, #265, #2246, .T. ) ;
#3001 = VERTEX_POINT ( 'NONE', #3423 ) ;
#3002 = VERTEX_POINT ( 'NONE', #1324 ) ;
#3003 = VECTOR ( 'NONE', #1355, 1000.000000000000000 ) ;
#3004 = FACE_OUTER_BOUND ( 'NONE', #3117, .T. ) ;
#3005 = PLANE ( 'NONE',  #737 ) ;
#3006 = VERTEX_POINT ( 'NONE', #2229 ) ;
#3007 = CARTESIAN_POINT ( 'NONE',  ( 27.09999999999999787, 1.399999999999999911, 4.000000000000000000 ) ) ;
#3008 = DIRECTION ( 'NONE',  ( 0.000000000000000000, 0.000000000000000000, 1.000000000000000000 ) ) ;
#3009 = DIRECTION ( 'NONE',  ( 0.7071067811865480168, 4.183870408314320019E-17, 0.7071067811865470176 ) ) ;
#3010 = EDGE_LOOP ( 'NONE', ( #1657, #462, #2356, #1557 ) ) ;
#3011 = DIRECTION ( 'NONE',  ( 0.000000000000000000, 0.000000000000000000, -1.000000000000000000 ) ) ;
#3012 = DIRECTION ( 'NONE',  ( 1.000000000000000000, 0.000000000000000000, 0.000000000000000000 ) ) ;
#3013 = DIRECTION ( 'NONE',  ( 0.000000000000000000, 0.000000000000000000, 1.000000000000000000 ) ) ;
#3014 = EDGE_CURVE ( 'NONE', #485, #1151, #2928, .T. ) ;
#3015 = CARTESIAN_POINT ( 'NONE',  ( 1.699999999999999956, 23.09999999999999787, 3.600000000000000089 ) ) ;
#3016 = CARTESIAN_POINT ( 'NONE',  ( 24.00000000000000000, 25.80000000000000071, 0.8000000000000000444 ) ) ;
#3017 = EDGE_LOOP ( 'NONE', ( #2903, #2173, #2659, #1131 ) ) ;
#3018 = ORIENTED_EDGE ( 'NONE', *, *, #3394, .T. ) ;
#3019 = CARTESIAN_POINT ( 'NONE',  ( 26.79999999999999716, 25.80000000000000071, 0.8000000000000000444 ) ) ;
#3020 = ADVANCED_FACE ( 'NONE', ( #1358 ), #3695, .T. ) ;
#3021 = CARTESIAN_POINT ( 'NONE',  ( 27.09999999999999787, 1.399999999999999911, 4.000000000000000000 ) ) ;
#3022 = EDGE_LOOP ( 'NONE', ( #2871, #1670 ) ) ;
#3023 = ORIENTED_EDGE ( 'NONE', *, *, #2122, .T. ) ;
#3024 = UNCERTAINTY_MEASURE_WITH_UNIT (LENGTH_MEASURE( 1.000000000000000082E-05 ), #2716, 'distance_accuracy_value', 'NONE');
#3025 =( NAMED_UNIT ( * ) SI_UNIT ( $, .STERADIAN. ) SOLID_ANGLE_UNIT ( ) );
#3026 = VECTOR ( 'NONE', #3047, 1000.000000000000000 ) ;
#3027 = DIRECTION ( 'NONE',  ( 0.000000000000000000, 0.000000000000000000, 1.000000000000000000 ) ) ;
#3028 =( NAMED_UNIT ( * ) PLANE_ANGLE_UNIT ( ) SI_UNIT ( $, .RADIAN. ) );
#3029 = CARTESIAN_POINT ( 'NONE',  ( -1.100000000000000089, 28.89999999999999858, 0.000000000000000000 ) ) ;
#3030 = LINE ( 'NONE', #3591, #2714 ) ;
#3031 = PLANE ( 'NONE',  #1329 ) ;
#3032 = FACE_OUTER_BOUND ( 'NONE', #2719, .T. ) ;
#3033 = DIRECTION ( 'NONE',  ( -1.000000000000000000, 0.000000000000000000, 0.000000000000000000 ) ) ;
#3034 = FACE_OUTER_BOUND ( 'NONE', #3698, .T. ) ;
#3035 = VECTOR ( 'NONE', #2166, 1000.000000000000000 ) ;
#3036 = DIRECTION ( 'NONE',  ( 0.000000000000000000, 0.000000000000000000, 1.000000000000000000 ) ) ;
#3037 = ORIENTED_EDGE ( 'NONE', *, *, #3262, .T. ) ;
#3038 = ORIENTED_EDGE ( 'NONE', *, *, #1112, .T. ) ;
#3039 = CARTESIAN_POINT ( 'NONE',  ( 27.09999999999999787, 1.399999999999999911, 4.799999999999999822 ) ) ;
#3040 = CARTESIAN_POINT ( 'NONE',  ( 2.000000000000000000, 2.299999999999999822, 2.000000000000000000 ) ) ;
#3041 = EDGE_CURVE ( 'NONE', #2572, #2460, #1770, .T. ) ;
#3042 = ADVANCED_FACE ( 'NONE', ( #3444 ), #208, .T. ) ;
#3043 = ORIENTED_EDGE ( 'NONE', *, *, #2495, .F. ) ;
#3044 = ORIENTED_EDGE ( 'NONE', *, *, #3618, .F. ) ;
#3045 = CARTESIAN_POINT ( 'NONE',  ( 29.60000000000000142, 30.00000000000000000, 0.000000000000000000 ) ) ;
#3046 = FACE_OUTER_BOUND ( 'NONE', #2576, .T. ) ;
#3047 = DIRECTION ( 'NONE',  ( 0.000000000000000000, 0.000000000000000000, 1.000000000000000000 ) ) ;
#3048 = VECTOR ( 'NONE', #2289, 1000.000000000000000 ) ;
#3049 = AXIS2_PLACEMENT_3D ( 'NONE', #2805, #1069, #3149 ) ;
#3050 = FACE_OUTER_BOUND ( 'NONE', #2023, .T. ) ;
#3051 = CARTESIAN_POINT ( 'NONE',  ( 0.2999999999999999889, 27.50000000000000000, 4.000000000000000000 ) ) ;
#3052 = AXIS2_PLACEMENT_3D ( 'NONE', #3524, #268, #2886 ) ;
#3053 = CARTESIAN_POINT ( 'NONE',  ( 24.60000000000002629, 2.800000000000000711, 1.499999999999999778 ) ) ;
#3054 = FACE_OUTER_BOUND ( 'NONE', #1775, .T. ) ;
#3055 = VECTOR ( 'NONE', #1260, 1000.000000000000000 ) ;
#3056 = CIRCLE ( 'NONE', #1412, 0.7999999999999986011 ) ;
#3057 = ORIENTED_EDGE ( 'NONE', *, *, #3678, .T. ) ;
#3058 = ORIENTED_EDGE ( 'NONE', *, *, #729, .F. ) ;
#3059 = DIRECTION ( 'NONE',  ( -0.7071067811865475727, -0.7071067811865475727, 0.000000000000000000 ) ) ;
#3060 = CARTESIAN_POINT ( 'NONE',  ( 1.700000000000000400, 1.700000000000000400, 2.000000000000000000 ) ) ;
#3061 =( REPRESENTATION_RELATIONSHIP ('NONE','NONE', #2689, #3232 ) REPRESENTATION_RELATIONSHIP_WITH_TRANSFORMATION ( #67 )SHAPE_REPRESENTATION_RELATIONSHIP( ) );
#3062 = VERTEX_POINT ( 'NONE', #532 ) ;
#3063 = ORIENTED_EDGE ( 'NONE', *, *, #3259, .T. ) ;
#3064 = EDGE_CURVE ( 'NONE', #284, #2942, #2770, .T. ) ;
#3065 = CARTESIAN_POINT ( 'NONE',  ( 27.09999999999999787, 1.399999999999999911, 4.400000000000000355 ) ) ;
#3066 = EDGE_CURVE ( 'NONE', #3749, #1145, #2070, .T. ) ;
#3067 = DIRECTION ( 'NONE',  ( 0.000000000000000000, -1.000000000000000000, 0.000000000000000000 ) ) ;
#3068 = CARTESIAN_POINT ( 'NONE',  ( 27.09999999999999787, 1.399999999999999911, 0.000000000000000000 ) ) ;
#3069 = CARTESIAN_POINT ( 'NONE',  ( 2.299999999999999378, 26.09999999999999432, 2.000000000000000000 ) ) ;
#3070 = CARTESIAN_POINT ( 'NONE',  ( 29.60000000000000142, 1.399999999999999911, 0.000000000000000000 ) ) ;
#3071 = DIRECTION ( 'NONE',  ( 0.000000000000000000, 0.000000000000000000, -1.000000000000000000 ) ) ;
#3072 = VERTEX_POINT ( 'NONE', #1945 ) ;
#3073 = ORIENTED_EDGE ( 'NONE', *, *, #2286, .T. ) ;
#3074 = LINE ( 'NONE', #458, #1951 ) ;
#3075 = CARTESIAN_POINT ( 'NONE',  ( 0.2999999999999999889, 27.50000000000000000, 3.600000000000000089 ) ) ;
#3076 = ORIENTED_EDGE ( 'NONE', *, *, #2736, .T. ) ;
#3077 = ORIENTED_EDGE ( 'NONE', *, *, #1942, .T. ) ;
#3078 = FACE_OUTER_BOUND ( 'NONE', #2102, .T. ) ;
#3079 = FACE_OUTER_BOUND ( 'NONE', #1502, .T. ) ;
#3080 = VECTOR ( 'NONE', #1730, 1000.000000000000000 ) ;
#3081 = VERTEX_POINT ( 'NONE', #2215 ) ;
#3082 = DIRECTION ( 'NONE',  ( 1.000000000000000000, 0.000000000000000000, 0.000000000000000000 ) ) ;
#3083 = EDGE_CURVE ( 'NONE', #3002, #2232, #3074, .T. ) ;
#3084 = ADVANCED_FACE ( 'NONE', ( #1756 ), #610, .T. ) ;
#3085 = DIRECTION ( 'NONE',  ( 0.000000000000000000, 0.000000000000000000, 1.000000000000000000 ) ) ;
#3086 = CARTESIAN_POINT ( 'NONE',  ( 27.09999999999999787, 27.50000000000000000, -0.4000000000000000222 ) ) ;
#3087 = DIRECTION ( 'NONE',  ( 0.7071067811865480168, 4.906538933386799707E-17, 0.7071067811865470176 ) ) ;
#3088 = DIRECTION ( 'NONE',  ( -0.7071067811865480168, 0.000000000000000000, 0.7071067811865470176 ) ) ;
#3089 = ORIENTED_EDGE ( 'NONE', *, *, #379, .F. ) ;
#3090 = ORIENTED_EDGE ( 'NONE', *, *, #2286, .F. ) ;
#3091 = CARTESIAN_POINT ( 'NONE',  ( 2.000000000000000000, 2.000000000000000000, 0.8000000000000000444 ) ) ;
#3092 = VECTOR ( 'NONE', #201, 1000.000000000000000 ) ;
#3093 = CARTESIAN_POINT ( 'NONE',  ( -1.399999999999999911, 1.399999999999999911, 4.799999999999999822 ) ) ;
#3094 = AXIS2_PLACEMENT_3D ( 'NONE', #1729, #1671, #1400 ) ;
#3095 = ORIENTED_EDGE ( 'NONE', *, *, #1294, .T. ) ;
#3096 = VERTEX_POINT ( 'NONE', #34 ) ;
#3097 = DIRECTION ( 'NONE',  ( -0.7071067811865470176, -4.183870408314316321E-17, 0.7071067811865480168 ) ) ;
#3098 = ORIENTED_EDGE ( 'NONE', *, *, #1504, .T. ) ;
#3099 = AXIS2_PLACEMENT_3D ( 'NONE', #2668, #2614, #2043 ) ;
#3100 = DIRECTION ( 'NONE',  ( -3.965082230804129727E-16, -1.000000000000000000, 0.000000000000000000 ) ) ;
#3101 = CARTESIAN_POINT ( 'NONE',  ( 2.800000000000000711, 25.00000000000000355, 1.499999999999999778 ) ) ;
#3102 = CIRCLE ( 'NONE', #1827, 1.700000000000000400 ) ;
#3103 = CARTESIAN_POINT ( 'NONE',  ( 27.09999999999999787, 1.399999999999999911, 0.000000000000000000 ) ) ;
#3104 = VECTOR ( 'NONE', #2291, 1000.000000000000000 ) ;
#3105 = DIRECTION ( 'NONE',  ( 1.000000000000000000, 0.000000000000000000, 0.000000000000000000 ) ) ;
#3106 = ADVANCED_FACE ( 'NONE', ( #588 ), #3208, .T. ) ;
#3107 = ADVANCED_FACE ( 'NONE', ( #2884 ), #1778, .T. ) ;
#3108 = VECTOR ( 'NONE', #1223, 1000.000000000000000 ) ;
#3109 = ORIENTED_EDGE ( 'NONE', *, *, #3658, .T. ) ;
#3110 = ORIENTED_EDGE ( 'NONE', *, *, #2520, .T. ) ;
#3111 = DIRECTION ( 'NONE',  ( 1.000000000000000000, 0.000000000000000000, 0.000000000000000000 ) ) ;
#3112 = DIRECTION ( 'NONE',  ( 0.4999999999999991118, 0.4999999999999991118, 0.7071067811865487940 ) ) ;
#3113 = VECTOR ( 'NONE', #1317, 1000.000000000000000 ) ;
#3114 = EDGE_CURVE ( 'NONE', #3526, #3409, #2556, .T. ) ;
#3115 = AXIS2_PLACEMENT_3D ( 'NONE', #283, #3542, #2343 ) ;
#3116 = ORIENTED_EDGE ( 'NONE', *, *, #128, .T. ) ;
#3117 = EDGE_LOOP ( 'NONE', ( #814, #2533, #3057, #3491 ) ) ;
#3118 = CARTESIAN_POINT ( 'NONE',  ( 29.60000000000000142, 27.50000000000000000, 0.000000000000000000 ) ) ;
#3119 = CARTESIAN_POINT ( 'NONE',  ( -1.770710653531740064, -1.100000000000000089, 1.770710640120690016 ) ) ;
#3120 = ORIENTED_EDGE ( 'NONE', *, *, #168, .T. ) ;
#3121 = AXIS2_PLACEMENT_3D ( 'NONE', #1320, #95, #690 ) ;
#3122 = CONTEXT_DEPENDENT_SHAPE_REPRESENTATION ( #3061, #2538 ) ;
#3123 = DIRECTION ( 'NONE',  ( 0.000000000000000000, 0.000000000000000000, 1.000000000000000000 ) ) ;
#3124 = AXIS2_PLACEMENT_3D ( 'NONE', #3065, #770, #2792 ) ;
#3125 = DIRECTION ( 'NONE',  ( -0.000000000000000000, 1.000000000000000000, 0.000000000000000000 ) ) ;
#3126 = PRODUCT_DEFINITION_SHAPE ( 'NONE', 'NONE',  #3797 ) ;
#3127 = CARTESIAN_POINT ( 'NONE',  ( 2.000000000000000000, 26.10000000000000142, 2.000000000000000000 ) ) ;
#3128 = FACE_OUTER_BOUND ( 'NONE', #2904, .T. ) ;
#3129 = PLANE ( 'NONE',  #3373 ) ;
#3130 = ORIENTED_EDGE ( 'NONE', *, *, #25, .F. ) ;
#3131 = EDGE_CURVE ( 'NONE', #1689, #2506, #1712, .T. ) ;
#3132 = ORIENTED_EDGE ( 'NONE', *, *, #2609, .T. ) ;
#3133 = DIRECTION ( 'NONE',  ( -0.000000000000000000, 0.7071067811865470176, 0.7071067811865480168 ) ) ;
#3134 = LINE ( 'NONE', #783, #1227 ) ;
#3135 = ORIENTED_EDGE ( 'NONE', *, *, #2472, .T. ) ;
#3136 = EDGE_CURVE ( 'NONE', #1872, #646, #474, .T. ) ;
#3137 = EDGE_CURVE ( 'NONE', #193, #1228, #302, .T. ) ;
#3138 = ORIENTED_EDGE ( 'NONE', *, *, #1664, .F. ) ;
#3139 = LINE ( 'NONE', #1704, #2975 ) ;
#3140 = DIRECTION ( 'NONE',  ( 0.000000000000000000, 0.000000000000000000, 1.000000000000000000 ) ) ;
#3141 = ORIENTED_EDGE ( 'NONE', *, *, #1507, .F. ) ;
#3142 = EDGE_CURVE ( 'NONE', #1379, #1344, #2607, .T. ) ;
#3143 = DIRECTION ( 'NONE',  ( 1.000000000000000000, -3.965082230804129727E-16, 0.000000000000000000 ) ) ;
#3144 = CARTESIAN_POINT ( 'NONE',  ( 26.19999999999998863, 26.60000000000003340, 1.499999999999999778 ) ) ;
#3145 = FACE_OUTER_BOUND ( 'NONE', #3787, .T. ) ;
#3146 = CARTESIAN_POINT ( 'NONE',  ( 3.400000000000000355, 2.000000000000000000, 0.000000000000000000 ) ) ;
#3147 = ORIENTED_EDGE ( 'NONE', *, *, #2453, .F. ) ;
#3148 = ORIENTED_EDGE ( 'NONE', *, *, #189, .T. ) ;
#3149 = DIRECTION ( 'NONE',  ( 1.000000000000000000, 0.000000000000000000, 0.000000000000000000 ) ) ;
#3150 = CARTESIAN_POINT ( 'NONE',  ( 0.2999999999999999889, 29.19999999999999929, 4.799999999999999822 ) ) ;
#3151 = ORIENTED_EDGE ( 'NONE', *, *, #347, .F. ) ;
#3152 = ORIENTED_EDGE ( 'NONE', *, *, #235, .F. ) ;
#3153 = FACE_OUTER_BOUND ( 'NONE', #3600, .T. ) ;
#3154 = LINE ( 'NONE', #3430, #298 ) ;
#3155 = EDGE_CURVE ( 'NONE', #234, #170, #2369, .T. ) ;
#3156 = EDGE_CURVE ( 'NONE', #1665, #1709, #247, .T. ) ;
#3157 = ORIENTED_EDGE ( 'NONE', *, *, #123, .F. ) ;
#3158 = CYLINDRICAL_SURFACE ( 'NONE', #2276, 0.7999999999999986011 ) ;
#3159 = ADVANCED_FACE ( 'NONE', ( #896 ), #2057, .T. ) ;
#3160 = CARTESIAN_POINT ( 'NONE',  ( -0.2000000000000000111, 28.00000000000000000, 3.600000000000000089 ) ) ;
#3161 = CARTESIAN_POINT ( 'NONE',  ( 2.000000000000000000, 25.80000000000000071, 0.000000000000000000 ) ) ;
#3162 = CARTESIAN_POINT ( 'NONE',  ( -1.099999975413089803, 24.69999999999999929, 1.099999962002039977 ) ) ;
#3163 = CARTESIAN_POINT ( 'NONE',  ( 0.2999999999999999889, -1.100000000000000089, 3.600000000000000089 ) ) ;
#3164 = ORIENTED_EDGE ( 'NONE', *, *, #1871, .F. ) ;
#3165 = CIRCLE ( 'NONE', #1523, 1.700000000000001066 ) ;
#3166 = ORIENTED_EDGE ( 'NONE', *, *, #3445, .F. ) ;
#3167 = CARTESIAN_POINT ( 'NONE',  ( 25.69999999999999929, 2.000000000000000000, 2.000000000000000000 ) ) ;
#3168 = CARTESIAN_POINT ( 'NONE',  ( 25.09999999999999787, 25.79999999999999005, 2.000000000000000000 ) ) ;
#3169 = CARTESIAN_POINT ( 'NONE',  ( 0.6000000000000000888, 25.80000000000000071, 0.8000000000000000444 ) ) ;
#3170 = VECTOR ( 'NONE', #2233, 1000.000000000000000 ) ;
#3171 = EDGE_LOOP ( 'NONE', ( #3076, #3627 ) ) ;
#3172 = ORIENTED_EDGE ( 'NONE', *, *, #1823, .F. ) ;
#3173 = CIRCLE ( 'NONE', #1533, 2.500000000000000888 ) ;
#3174 = CARTESIAN_POINT ( 'NONE',  ( -1.100000000000000089, 24.69999999999999929, 0.8499999810010190338 ) ) ;
#3175 = CARTESIAN_POINT ( 'NONE',  ( 29.60000000000000142, 30.00000000000000000, 3.600000000000000089 ) ) ;
#3176 = CIRCLE ( 'NONE', #245, 1.700000000000000400 ) ;
#3177 = LINE ( 'NONE', #2007, #3080 ) ;
#3178 = ORIENTED_EDGE ( 'NONE', *, *, #3114, .T. ) ;
#3179 = VECTOR ( 'NONE', #938, 1000.000000000000000 ) ;
#3180 = EDGE_CURVE ( 'NONE', #2232, #3006, #2283, .T. ) ;
#3181 = DIRECTION ( 'NONE',  ( 0.000000000000000000, 0.000000000000000000, 1.000000000000000000 ) ) ;
#3182 = VECTOR ( 'NONE', #1335, 1000.000000000000000 ) ;
#3183 = EDGE_CURVE ( 'NONE', #519, #2794, #377, .T. ) ;
#3184 = CARTESIAN_POINT ( 'NONE',  ( 28.50000000000000000, -0.6712315177207960337, 3.600000000000000089 ) ) ;
#3185 = DIRECTION ( 'NONE',  ( -0.7071067811865476838, 0.7071067811865474617, 0.000000000000000000 ) ) ;
#3186 = FACE_OUTER_BOUND ( 'NONE', #292, .T. ) ;
#3187 = AXIS2_PLACEMENT_3D ( 'NONE', #2568, #583, #2051 ) ;
#3188 = EDGE_LOOP ( 'NONE', ( #1219, #3641, #2978, #1434 ) ) ;
#3189 = ORIENTED_EDGE ( 'NONE', *, *, #3537, .T. ) ;
#3190 = DIRECTION ( 'NONE',  ( 0.000000000000000000, 0.000000000000000000, 1.000000000000000000 ) ) ;
#3191 = DIRECTION ( 'NONE',  ( 0.7071067811865472397, -0.7071067811865477948, 0.000000000000000000 ) ) ;
#3192 = ORIENTED_EDGE ( 'NONE', *, *, #2563, .T. ) ;
#3193 = ORIENTED_EDGE ( 'NONE', *, *, #1097, .T. ) ;
#3194 = DIRECTION ( 'NONE',  ( -1.000000000000000000, 0.000000000000000000, 0.000000000000000000 ) ) ;
#3195 = CYLINDRICAL_SURFACE ( 'NONE', #3673, 2.500000000000000888 ) ;
#3196 = LINE ( 'NONE', #1136, #2465 ) ;
#3197 = ORIENTED_EDGE ( 'NONE', *, *, #467, .T. ) ;
#3198 = CARTESIAN_POINT ( 'NONE',  ( 25.40000000000000568, 26.59999999999998721, 2.000000000000000000 ) ) ;
#3199 = DIRECTION ( 'NONE',  ( 0.7071067811865475727, 0.7071067811865475727, 0.000000000000000000 ) ) ;
#3200 = CARTESIAN_POINT ( 'NONE',  ( 13.70000000000000107, 13.89999999999999858, 3.600000000000000089 ) ) ;
#3201 = CARTESIAN_POINT ( 'NONE',  ( 26.19999999999999929, 2.000000000000000000, 0.000000000000000000 ) ) ;
#3202 = EDGE_CURVE ( 'NONE', #1138, #30, #1528, .T. ) ;
#3203 = ADVANCED_FACE ( 'NONE', ( #2411 ), #3579, .T. ) ;
#3204 = EDGE_LOOP ( 'NONE', ( #903, #2957, #1229, #3593 ) ) ;
#3205 = CYLINDRICAL_SURFACE ( 'NONE', #1636, 1.399999999999998579 ) ;
#3206 = AXIS2_PLACEMENT_3D ( 'NONE', #69, #3325, #1584 ) ;
#3207 = CARTESIAN_POINT ( 'NONE',  ( -1.099999975413089803, 24.69999999999999929, 2.299999962002039933 ) ) ;
#3208 = CYLINDRICAL_SURFACE ( 'NONE', #3298, 2.499999999999999112 ) ;
#3209 =( BOUNDED_CURVE ( )  B_SPLINE_CURVE ( 2, ( #788, #1058, #2220 ),
 .UNSPECIFIED., .F., .T. ) 
 B_SPLINE_CURVE_WITH_KNOTS ( ( 3, 3 ),
 ( 0.000000000000000000, 1.570796326794899667 ),
 .UNSPECIFIED. ) 
 CURVE ( )  GEOMETRIC_REPRESENTATION_ITEM ( )  RATIONAL_B_SPLINE_CURVE ( ( 1.000000000000000000, 0.7071067811865460184, 1.000000000000000000 ) ) 
 REPRESENTATION_ITEM ( '' )  );
#3210 = CARTESIAN_POINT ( 'NONE',  ( 0.2999999999999999889, 1.399999999999999911, 3.600000000000000089 ) ) ;
#3211 = EDGE_CURVE ( 'NONE', #3730, #1144, #648, .T. ) ;
#3212 = ORIENTED_EDGE ( 'NONE', *, *, #3544, .T. ) ;
#3213 = ORIENTED_EDGE ( 'NONE', *, *, #311, .F. ) ;
#3214 = CARTESIAN_POINT ( 'NONE',  ( 27.09999999999999787, -1.100000000000000089, -0.4000000000000000222 ) ) ;
#3215 = CARTESIAN_POINT ( 'NONE',  ( 25.39999999999999858, 25.80000000000000071, 0.000000000000000000 ) ) ;
#3216 = CARTESIAN_POINT ( 'NONE',  ( 27.09999999999999787, -1.100000000000000089, 4.000000000000000000 ) ) ;
#3217 = ORIENTED_EDGE ( 'NONE', *, *, #2853, .F. ) ;
#3218 = VECTOR ( 'NONE', #2971, 999.9999999999998863 ) ;
#3219 = CARTESIAN_POINT ( 'NONE',  ( 2.000000000000000000, 25.80000000000000071, 0.000000000000000000 ) ) ;
#3220 = AXIS2_PLACEMENT_3D ( 'NONE', #1562, #2146, #2406 ) ;
#3221 = CARTESIAN_POINT ( 'NONE',  ( 24.60000000000000142, 26.59999999999999787, 2.000000000000000000 ) ) ;
#3222 = CARTESIAN_POINT ( 'NONE',  ( 25.69999999999999929, 10.09999999999999964, 3.600000000000000089 ) ) ;
#3223 = DIRECTION ( 'NONE',  ( 0.5773502691896257311, 0.5773502691896257311, -0.5773502691896257311 ) ) ;
#3224 = ORIENTED_EDGE ( 'NONE', *, *, #804, .T. ) ;
#3225 = ORIENTED_EDGE ( 'NONE', *, *, #2520, .F. ) ;
#3226 = CARTESIAN_POINT ( 'NONE',  ( 25.39999999999999858, 1.699999999999999956, 2.000000000000000000 ) ) ;
#3227 = DIRECTION ( 'NONE',  ( -6.938893903907229610E-17, 1.000000000000000000, 0.000000000000000000 ) ) ;
#3228 = ADVANCED_FACE ( 'NONE', ( #1301 ), #996, .T. ) ;
#3229 = LINE ( 'NONE', #3463, #1406 ) ;
#3230 = EDGE_LOOP ( 'NONE', ( #3295, #1579, #1308, #1943 ) ) ;
#3231 = ORIENTED_EDGE ( 'NONE', *, *, #2705, .T. ) ;
#3232 = SHAPE_REPRESENTATION ( 'Lid', ( #131 ), #3243 ) ;
#3233 = DIRECTION ( 'NONE',  ( 0.000000000000000000, 0.000000000000000000, -1.000000000000000000 ) ) ;
#3234 = EDGE_CURVE ( 'NONE', #2003, #1157, #667, .T. ) ;
#3235 = DIRECTION ( 'NONE',  ( 1.000000000000000000, 0.000000000000000000, 0.000000000000000000 ) ) ;
#3236 = CIRCLE ( 'NONE', #484, 2.500000000000001332 ) ;
#3237 = VECTOR ( 'NONE', #2447, 1000.000000000000000 ) ;
#3238 = VECTOR ( 'NONE', #3310, 1000.000000000000000 ) ;
#3239 = VERTEX_POINT ( 'NONE', #394 ) ;
#3240 = CARTESIAN_POINT ( 'NONE',  ( -2.200000000000000178, -1.100000000000000089, 0.000000000000000000 ) ) ;
#3241 = VECTOR ( 'NONE', #3578, 1000.000000000000114 ) ;
#3242 = AXIS2_PLACEMENT_3D ( 'NONE', #1497, #2647, #1741 ) ;
#3243 =( GEOMETRIC_REPRESENTATION_CONTEXT ( 3 ) GLOBAL_UNCERTAINTY_ASSIGNED_CONTEXT ( ( #1115 ) ) GLOBAL_UNIT_ASSIGNED_CONTEXT ( ( #370, #2069, #27 ) ) REPRESENTATION_CONTEXT ( 'NONE', 'WORKASPACE' ) );
#3244 = FACE_OUTER_BOUND ( 'NONE', #553, .T. ) ;
#3245 = CARTESIAN_POINT ( 'NONE',  ( -1.100000000000000089, 28.89999999999999858, 3.600000000000000089 ) ) ;
#3246 = VECTOR ( 'NONE', #3499, 1000.000000000000000 ) ;
#3247 = EDGE_LOOP ( 'NONE', ( #980, #3166, #481, #2548 ) ) ;
#3248 = CARTESIAN_POINT ( 'NONE',  ( 1.199999999999999956, 2.000000000000000000, 1.500000000000000000 ) ) ;
#3249 = CARTESIAN_POINT ( 'NONE',  ( 26.10000000000000142, 18.77499999999999858, 4.400000000000000355 ) ) ;
#3250 = DIRECTION ( 'NONE',  ( 0.7071067811865474617, -0.7071067811865477948, 0.000000000000000000 ) ) ;
#3251 = AXIS2_PLACEMENT_3D ( 'NONE', #1563, #1846, #644 ) ;
#3252 = ADVANCED_FACE ( 'NONE', ( #932 ), #3609, .T. ) ;
#3253 = EDGE_LOOP ( 'NONE', ( #1433, #3447, #3276, #885 ) ) ;
#3254 = AXIS2_PLACEMENT_3D ( 'NONE', #1042, #2814, #160 ) ;
#3255 = ORIENTED_EDGE ( 'NONE', *, *, #3183, .T. ) ;
#3256 = DIRECTION ( 'NONE',  ( 1.000000000000000000, 0.000000000000000000, 0.000000000000000000 ) ) ;
#3257 = CARTESIAN_POINT ( 'NONE',  ( -1.100000000000000089, 21.67500000000000071, 0.000000000000000000 ) ) ;
#3258 = ADVANCED_FACE ( 'NONE', ( #134 ), #2493, .T. ) ;
#3259 = EDGE_CURVE ( 'NONE', #2362, #2513, #2191, .T. ) ;
#3260 = VERTEX_POINT ( 'NONE', #2378 ) ;
#3261 = CARTESIAN_POINT ( 'NONE',  ( -1.399999975413090070, 24.69999999999999929, 1.699999962002040066 ) ) ;
#3262 = EDGE_CURVE ( 'NONE', #2830, #3622, #3561, .T. ) ;
#3263 = SHAPE_DEFINITION_REPRESENTATION ( #200, #3232 ) ;
#3264 = FACE_OUTER_BOUND ( 'NONE', #2914, .T. ) ;
#3265 = FACE_BOUND ( 'NONE', #480, .T. ) ;
#3266 = ORIENTED_EDGE ( 'NONE', *, *, #965, .F. ) ;
#3267 = VERTEX_POINT ( 'NONE', #970 ) ;
#3268 = CARTESIAN_POINT ( 'NONE',  ( -0.2000000000000000111, -0.2000000000000000111, 0.000000000000000000 ) ) ;
#3269 = CARTESIAN_POINT ( 'NONE',  ( -1.699999975413079900, -1.100000000000000089, 1.699999962002040066 ) ) ;
#3270 = DIRECTION ( 'NONE',  ( 0.000000000000000000, 0.000000000000000000, 1.000000000000000000 ) ) ;
#3271 = VECTOR ( 'NONE', #2597, 1000.000000000000000 ) ;
#3272 = EDGE_LOOP ( 'NONE', ( #1191, #2970, #1086, #1743, #1855, #3465, #2054, #1090, #1209, #2753, #2244, #423, #2142, #1395 ) ) ;
#3273 = ORIENTED_EDGE ( 'NONE', *, *, #1076, .F. ) ;
#3274 = LINE ( 'NONE', #2531, #2983 ) ;
#3275 = CARTESIAN_POINT ( 'NONE',  ( 13.70000000000000107, 14.44999999999999929, 3.600000000000000089 ) ) ;
#3276 = ORIENTED_EDGE ( 'NONE', *, *, #1097, .F. ) ;
#3277 = EDGE_CURVE ( 'NONE', #2494, #2431, #2132, .T. ) ;
#3278 = EDGE_CURVE ( 'NONE', #2228, #2733, #3288, .T. ) ;
#3279 = DIRECTION ( 'NONE',  ( 0.000000000000000000, -1.000000000000000000, 0.000000000000000000 ) ) ;
#3280 = SHAPE_REPRESENTATION_RELATIONSHIP ( 'NONE' , 'NONE' ,  #3232, #1032 ) ;
#3281 = LINE ( 'NONE', #3029, #2727 ) ;
#3282 = EDGE_CURVE ( 'NONE', #935, #3645, #93, .T. ) ;
#3283 = FACE_OUTER_BOUND ( 'NONE', #2349, .T. ) ;
#3284 = CIRCLE ( 'NONE', #1696, 2.500000000000001332 ) ;
#3285 = VERTEX_POINT ( 'NONE', #1261 ) ;
#3286 = DIRECTION ( 'NONE',  ( 0.000000000000000000, 0.000000000000000000, 1.000000000000000000 ) ) ;
#3287 = DIRECTION ( 'NONE',  ( 0.7071067811865475727, 0.7071067811865475727, 0.000000000000000000 ) ) ;
#3288 = LINE ( 'NONE', #1549, #3238 ) ;
#3289 = DIRECTION ( 'NONE',  ( 1.000000000000000000, 0.000000000000000000, 0.000000000000000000 ) ) ;
#3290 = FACE_OUTER_BOUND ( 'NONE', #1416, .T. ) ;
#3291 = ORIENTED_EDGE ( 'NONE', *, *, #1534, .T. ) ;
#3292 = EDGE_LOOP ( 'NONE', ( #224, #651, #613, #2688 ) ) ;
#3293 = DIRECTION ( 'NONE',  ( -0.4999999999999998335, -0.4999999999999998335, 0.7071067811865477948 ) ) ;
#3294 = CARTESIAN_POINT ( 'NONE',  ( 1.200000000000000622, 2.800000000000000711, 1.499999999999999778 ) ) ;
#3295 = ORIENTED_EDGE ( 'NONE', *, *, #303, .T. ) ;
#3296 = AXIS2_PLACEMENT_3D ( 'NONE', #3643, #1873, #2399 ) ;
#3297 = CARTESIAN_POINT ( 'NONE',  ( 27.09999999999999787, 27.50000000000000000, 0.000000000000000000 ) ) ;
#3298 = AXIS2_PLACEMENT_3D ( 'NONE', #1436, #1205, #267 ) ;
#3299 = ADVANCED_FACE ( 'NONE', ( #688 ), #339, .T. ) ;
#3300 = APPLICATION_PROTOCOL_DEFINITION ( 'draft international standard', 'automotive_design', 1998, #2858 ) ;
#3301 = VECTOR ( 'NONE', #3343, 1000.000000000000000 ) ;
#3302 = CARTESIAN_POINT ( 'NONE',  ( 1.199999999999999956, 25.80000000000000071, 1.500000000000000000 ) ) ;
#3303 = DIRECTION ( 'NONE',  ( 0.000000000000000000, 0.000000000000000000, 1.000000000000000000 ) ) ;
#3304 = VECTOR ( 'NONE', #3424, 1000.000000000000000 ) ;
#3305 = EDGE_CURVE ( 'NONE', #2812, #2522, #1595, .T. ) ;
#3306 = ORIENTED_EDGE ( 'NONE', *, *, #1314, .F. ) ;
#3307 = DIRECTION ( 'NONE',  ( -0.7071067811865477948, 0.7071067811865472397, 0.000000000000000000 ) ) ;
#3308 = VECTOR ( 'NONE', #2195, 1000.000000000000000 ) ;
#3309 = DIRECTION ( 'NONE',  ( 0.000000000000000000, 0.000000000000000000, -1.000000000000000000 ) ) ;
#3310 = DIRECTION ( 'NONE',  ( 0.000000000000000000, 0.000000000000000000, 1.000000000000000000 ) ) ;
#3311 = CARTESIAN_POINT ( 'NONE',  ( 24.60000000000002629, 1.200000000000000622, 1.499999999999999778 ) ) ;
#3312 = DIRECTION ( 'NONE',  ( 0.000000000000000000, 0.000000000000000000, 1.000000000000000000 ) ) ;
#3313 = VERTEX_POINT ( 'NONE', #112 ) ;
#3314 = ORIENTED_EDGE ( 'NONE', *, *, #2280, .T. ) ;
#3315 = VECTOR ( 'NONE', #1184, 1000.000000000000000 ) ;
#3316 = CARTESIAN_POINT ( 'NONE',  ( 25.39999999999999858, 2.000000000000000000, 0.000000000000000000 ) ) ;
#3317 = LINE ( 'NONE', #2418, #3492 ) ;
#3318 = EDGE_LOOP ( 'NONE', ( #1241, #954, #2604, #2008 ) ) ;
#3319 = EDGE_LOOP ( 'NONE', ( #2982, #1680, #1927, #1802 ) ) ;
#3320 = CARTESIAN_POINT ( 'NONE',  ( 24.60000000000002629, 2.800000000000000711, 1.499999999999999778 ) ) ;
#3321 = DIRECTION ( 'NONE',  ( 0.000000000000000000, 0.000000000000000000, 1.000000000000000000 ) ) ;
#3322 = MANIFOLD_SOLID_BREP ( 'Body1[1]', #2481 ) ;
#3323 = APPLICATION_PROTOCOL_DEFINITION ( 'draft international standard', 'automotive_design', 1998, #1183 ) ;
#3324 = DIRECTION ( 'NONE',  ( 0.000000000000000000, 0.000000000000000000, -1.000000000000000000 ) ) ;
#3325 = DIRECTION ( 'NONE',  ( 0.000000000000000000, 0.000000000000000000, 1.000000000000000000 ) ) ;
#3326 = CARTESIAN_POINT ( 'NONE',  ( 25.39999999999999858, 2.000000000000000000, 1.500000000000000000 ) ) ;
#3327 = CARTESIAN_POINT ( 'NONE',  ( 25.39999999999999858, 2.000000000000000000, 1.500000000000000000 ) ) ;
#3328 = DIRECTION ( 'NONE',  ( -1.000000000000000000, 0.000000000000000000, 0.000000000000000000 ) ) ;
#3329 = CARTESIAN_POINT ( 'NONE',  ( 24.60000000000000142, 2.799999999999999822, 2.000000000000000000 ) ) ;
#3330 = ADVANCED_FACE ( 'NONE', ( #3663 ), #733, .T. ) ;
#3331 = EDGE_CURVE ( 'NONE', #2516, #2420, #2314, .T. ) ;
#3332 = ORIENTED_EDGE ( 'NONE', *, *, #3305, .T. ) ;
#3333 = ORIENTED_EDGE ( 'NONE', *, *, #475, .F. ) ;
#3334 = DIRECTION ( 'NONE',  ( 0.000000000000000000, 0.000000000000000000, -1.000000000000000000 ) ) ;
#3335 = DIRECTION ( 'NONE',  ( 0.000000000000000000, 0.000000000000000000, 1.000000000000000000 ) ) ;
#3336 = ORIENTED_EDGE ( 'NONE', *, *, #2423, .F. ) ;
#3337 = ORIENTED_EDGE ( 'NONE', *, *, #1781, .F. ) ;
#3338 = CARTESIAN_POINT ( 'NONE',  ( 26.20000000000000284, 1.199999999999999956, 2.000000000000000000 ) ) ;
#3339 = LINE ( 'NONE', #1025, #2491 ) ;
#3340 = LINE ( 'NONE', #2847, #1148 ) ;
#3341 = LINE ( 'NONE', #1522, #3376 ) ;
#3342 = CARTESIAN_POINT ( 'NONE',  ( -1.699999975413079900, -1.100000000000000089, 1.699999962002040066 ) ) ;
#3343 = DIRECTION ( 'NONE',  ( 1.000000000000000000, 0.000000000000000000, -0.000000000000000000 ) ) ;
#3344 = LINE ( 'NONE', #1626, #1638 ) ;
#3345 = CARTESIAN_POINT ( 'NONE',  ( 25.39999999999999858, 2.799999999999999822, 1.500000000000000000 ) ) ;
#3346 = DIRECTION ( 'NONE',  ( 0.000000000000000000, 0.000000000000000000, 1.000000000000000000 ) ) ;
#3347 = ADVANCED_FACE ( 'NONE', ( #3078 ), #3630, .F. ) ;
#3348 = AXIS2_PLACEMENT_3D ( 'NONE', #889, #1976, #1142 ) ;
#3349 = VERTEX_POINT ( 'NONE', #321 ) ;
#3350 = DIRECTION ( 'NONE',  ( 1.000000000000000000, 0.000000000000000000, 0.000000000000000000 ) ) ;
#3351 = CARTESIAN_POINT ( 'NONE',  ( 25.39999999999999858, 25.80000000000000071, 1.500000000000000000 ) ) ;
#3352 = VERTEX_POINT ( 'NONE', #3207 ) ;
#3353 = EDGE_CURVE ( 'NONE', #1288, #2516, #3667, .T. ) ;
#3354 = ORIENTED_EDGE ( 'NONE', *, *, #3684, .T. ) ;
#3355 = CARTESIAN_POINT ( 'NONE',  ( 1.199999999999999956, 2.000000000000000000, 1.500000000000000000 ) ) ;
#3356 = VECTOR ( 'NONE', #865, 1000.000000000000000 ) ;
#3357 = VECTOR ( 'NONE', #2417, 1000.000000000000000 ) ;
#3358 = VECTOR ( 'NONE', #51, 1000.000000000000000 ) ;
#3359 = CARTESIAN_POINT ( 'NONE',  ( -1.100000000000000089, 28.89999999999999858, 3.600000000000000089 ) ) ;
#3360 = CARTESIAN_POINT ( 'NONE',  ( 25.39999999999999858, 2.000000000000000000, 0.8000000000000000444 ) ) ;
#3361 = CYLINDRICAL_SURFACE ( 'NONE', #2969, 2.499999999999999112 ) ;
#3362 = AXIS2_PLACEMENT_3D ( 'NONE', #668, #2113, #2152 ) ;
#3363 = CARTESIAN_POINT ( 'NONE',  ( 25.09999999999999432, 2.299999999999999378, 2.000000000000000000 ) ) ;
#3364 = LINE ( 'NONE', #3655, #606 ) ;
#3365 = AXIS2_PLACEMENT_3D ( 'NONE', #2700, #2111, #1512 ) ;
#3366 = AXIS2_PLACEMENT_3D ( 'NONE', #2634, #1801, #2906 ) ;
#3367 = ORIENTED_EDGE ( 'NONE', *, *, #891, .F. ) ;
#3368 = ORIENTED_EDGE ( 'NONE', *, *, #704, .F. ) ;
#3369 = CARTESIAN_POINT ( 'NONE',  ( 27.09999999999999787, 27.50000000000000000, 4.799999999999999822 ) ) ;
#3370 = CARTESIAN_POINT ( 'NONE',  ( -2.200000000000000178, 6.675000000000000711, 4.000000000000000000 ) ) ;
#3371 = EDGE_CURVE ( 'NONE', #2138, #935, #3751, .T. ) ;
#3372 = VERTEX_POINT ( 'NONE', #531 ) ;
#3373 = AXIS2_PLACEMENT_3D ( 'NONE', #1925, #2800, #3088 ) ;
#3374 = VERTEX_POINT ( 'NONE', #2077 ) ;
#3375 = PLANE ( 'NONE',  #1948 ) ;
#3376 = VECTOR ( 'NONE', #2676, 1000.000000000000000 ) ;
#3377 = ADVANCED_FACE ( 'NONE', ( #2037 ), #554, .T. ) ;
#3378 = EDGE_CURVE ( 'NONE', #2092, #3402, #1597, .T. ) ;
#3379 = ORIENTED_EDGE ( 'NONE', *, *, #2502, .T. ) ;
#3380 = CARTESIAN_POINT ( 'NONE',  ( 28.49999997541310037, 2.899999999999999911, 1.099999962002029985 ) ) ;
#3381 = CARTESIAN_POINT ( 'NONE',  ( 28.79999997541310108, 24.80000000000000071, 1.699999962002030074 ) ) ;
#3382 = CARTESIAN_POINT ( 'NONE',  ( 27.09999999999999787, 27.50000000000000000, 3.600000000000000089 ) ) ;
#3383 = CARTESIAN_POINT ( 'NONE',  ( -1.624999975413079945, 2.899999999999999911, 1.774999962002040022 ) ) ;
#3384 = CARTESIAN_POINT ( 'NONE',  ( 25.39999999999999858, 1.699999999999999956, 2.000000000000000000 ) ) ;
#3385 = VERTEX_POINT ( 'NONE', #895 ) ;
#3386 = EDGE_LOOP ( 'NONE', ( #1889, #2340, #3440, #3766 ) ) ;
#3387 = CARTESIAN_POINT ( 'NONE',  ( 25.39999999999999858, 25.80000000000000071, 2.000000000000000000 ) ) ;
#3388 = CARTESIAN_POINT ( 'NONE',  ( 27.09999999999999787, 1.399999999999999911, 3.600000000000000089 ) ) ;
#3389 = ORIENTED_EDGE ( 'NONE', *, *, #1828, .F. ) ;
#3390 = ORIENTED_EDGE ( 'NONE', *, *, #2335, .F. ) ;
#3391 = DIRECTION ( 'NONE',  ( 0.7071067811865480168, 4.906538933386799707E-17, 0.7071067811865470176 ) ) ;
#3392 = ORIENTED_EDGE ( 'NONE', *, *, #1688, .F. ) ;
#3393 = EDGE_CURVE ( 'NONE', #1283, #519, #1146, .T. ) ;
#3394 = EDGE_CURVE ( 'NONE', #570, #3645, #2324, .T. ) ;
#3395 = CARTESIAN_POINT ( 'NONE',  ( 1.199999999999999956, 2.000000000000000000, 0.8000000000000000444 ) ) ;
#3396 = EDGE_CURVE ( 'NONE', #1089, #2572, #3768, .T. ) ;
#3397 = CARTESIAN_POINT ( 'NONE',  ( 2.000000000000000000, 26.60000000000003340, 2.000000000000000000 ) ) ;
#3398 = CARTESIAN_POINT ( 'NONE',  ( 0.2999999999999999889, 1.399999999999999911, 4.400000000000000355 ) ) ;
#3399 = LINE ( 'NONE', #3691, #2663 ) ;
#3400 = CARTESIAN_POINT ( 'NONE',  ( 27.09999999999999787, 1.399999999999999911, 4.799999999999999822 ) ) ;
#3401 = APPLICATION_CONTEXT ( 'automotive_design' ) ;
#3402 = VERTEX_POINT ( 'NONE', #2056 ) ;
#3403 = ORIENTED_EDGE ( 'NONE', *, *, #1664, .T. ) ;
#3404 = DIRECTION ( 'NONE',  ( 0.000000000000000000, 1.000000000000000000, 0.000000000000000000 ) ) ;
#3405 = AXIS2_PLACEMENT_3D ( 'NONE', #948, #3286, #2952 ) ;
#3406 = LINE ( 'NONE', #3150, #3796 ) ;
#3407 = AXIS2_PLACEMENT_3D ( 'NONE', #3516, #2912, #1470 ) ;
#3408 = ORIENTED_EDGE ( 'NONE', *, *, #2222, .F. ) ;
#3409 = VERTEX_POINT ( 'NONE', #587 ) ;
#3410 = LINE ( 'NONE', #2867, #169 ) ;
#3411 = DIRECTION ( 'NONE',  ( 0.000000000000000000, -1.000000000000000000, 0.000000000000000000 ) ) ;
#3412 = ORIENTED_EDGE ( 'NONE', *, *, #3353, .T. ) ;
#3413 = LINE ( 'NONE', #2761, #397 ) ;
#3414 = EDGE_CURVE ( 'NONE', #771, #2003, #2573, .T. ) ;
#3415 = CARTESIAN_POINT ( 'NONE',  ( 2.000000000000000000, 25.00000000000000000, 2.000000000000000000 ) ) ;
#3416 = CIRCLE ( 'NONE', #1160, 1.400000000000000133 ) ;
#3417 = CARTESIAN_POINT ( 'NONE',  ( 7.700000000000000178, 23.90000000000000213, 4.799999999999999822 ) ) ;
#3418 = DIRECTION ( 'NONE',  ( 0.000000000000000000, 0.000000000000000000, 1.000000000000000000 ) ) ;
#3419 = EDGE_CURVE ( 'NONE', #562, #3402, #1159, .T. ) ;
#3420 = VECTOR ( 'NONE', #2112, 1000.000000000000000 ) ;
#3421 = ORIENTED_EDGE ( 'NONE', *, *, #584, .T. ) ;
#3422 = VERTEX_POINT ( 'NONE', #1204 ) ;
#3423 = CARTESIAN_POINT ( 'NONE',  ( -1.099999975413079811, 2.899999999999999911, 1.099999962002039977 ) ) ;
#3424 = DIRECTION ( 'NONE',  ( 0.000000000000000000, 0.000000000000000000, -1.000000000000000000 ) ) ;
#3425 = AXIS2_PLACEMENT_3D ( 'NONE', #566, #2640, #1447 ) ;
#3426 = VECTOR ( 'NONE', #3696, 1000.000000000000000 ) ;
#3427 = ORIENTED_EDGE ( 'NONE', *, *, #913, .T. ) ;
#3428 = ORIENTED_EDGE ( 'NONE', *, *, #2169, .F. ) ;
#3429 = LINE ( 'NONE', #127, #175 ) ;
#3430 = CARTESIAN_POINT ( 'NONE',  ( 28.50000000000000000, -1.100000000000000089, 0.000000000000000000 ) ) ;
#3431 = AXIS2_PLACEMENT_3D ( 'NONE', #3517, #1493, #241 ) ;
#3432 = ORIENTED_EDGE ( 'NONE', *, *, #1134, .T. ) ;
#3433 = CIRCLE ( 'NONE', #22, 2.499999999999999112 ) ;
#3434 = AXIS2_PLACEMENT_3D ( 'NONE', #966, #2407, #2950 ) ;
#3435 = DIRECTION ( 'NONE',  ( 0.7071067811865441310, 0.000000000000000000, -0.7071067811865510144 ) ) ;
#3436 = CARTESIAN_POINT ( 'NONE',  ( 0.9000000000000000222, 9.299999999999998934, 4.799999999999999822 ) ) ;
#3437 = LINE ( 'NONE', #2856, #2872 ) ;
#3438 = CARTESIAN_POINT ( 'NONE',  ( 27.09999999999999787, 29.19999999999999929, 4.799999999999999822 ) ) ;
#3439 = DIRECTION ( 'NONE',  ( 0.7071067811865466846, -0.7071067811865483499, 0.000000000000000000 ) ) ;
#3440 = ORIENTED_EDGE ( 'NONE', *, *, #691, .T. ) ;
#3441 = ORIENTED_EDGE ( 'NONE', *, *, #637, .F. ) ;
#3442 = CARTESIAN_POINT ( 'NONE',  ( 26.19999999999998863, 1.200000000000000622, 1.499999999999999778 ) ) ;
#3443 = EDGE_CURVE ( 'NONE', #3771, #519, #1773, .T. ) ;
#3444 = FACE_OUTER_BOUND ( 'NONE', #2666, .T. ) ;
#3445 = EDGE_CURVE ( 'NONE', #2482, #2420, #2900, .T. ) ;
#3446 = CARTESIAN_POINT ( 'NONE',  ( 25.69999999999999929, 2.000000000000000000, 2.000000000000000000 ) ) ;
#3447 = ORIENTED_EDGE ( 'NONE', *, *, #1787, .T. ) ;
#3448 = ORIENTED_EDGE ( 'NONE', *, *, #3142, .F. ) ;
#3449 = DIRECTION ( 'NONE',  ( 0.000000000000000000, 0.000000000000000000, 1.000000000000000000 ) ) ;
#3450 = DIRECTION ( 'NONE',  ( 0.000000000000000000, 0.7071067811865480168, -0.7071067811865470176 ) ) ;
#3451 = VECTOR ( 'NONE', #3511, 1000.000000000000000 ) ;
#3452 = ORIENTED_EDGE ( 'NONE', *, *, #939, .T. ) ;
#3453 = FACE_OUTER_BOUND ( 'NONE', #2822, .T. ) ;
#3454 = AXIS2_PLACEMENT_3D ( 'NONE', #233, #3469, #884 ) ;
#3455 = CARTESIAN_POINT ( 'NONE',  ( 2.299999999999999378, 26.09999999999999432, 2.000000000000000000 ) ) ;
#3456 = CARTESIAN_POINT ( 'NONE',  ( 25.40000000000000568, 26.59999999999998721, 2.000000000000000000 ) ) ;
#3457 = DIRECTION ( 'NONE',  ( 1.000000000000000000, 0.000000000000000000, 0.000000000000000000 ) ) ;
#3458 = AXIS2_PLACEMENT_3D ( 'NONE', #1276, #3303, #411 ) ;
#3459 = DIRECTION ( 'NONE',  ( -0.7071067811865470176, -4.183870408314320019E-17, -0.7071067811865480168 ) ) ;
#3460 = EDGE_LOOP ( 'NONE', ( #1071, #264, #2205, #2951 ) ) ;
#3461 = ORIENTED_EDGE ( 'NONE', *, *, #682, .F. ) ;
#3462 = DIRECTION ( 'NONE',  ( 0.000000000000000000, 0.000000000000000000, -1.000000000000000000 ) ) ;
#3463 = CARTESIAN_POINT ( 'NONE',  ( 26.50000000000000000, 18.77499999999999858, 4.799999999999999822 ) ) ;
#3464 = EDGE_CURVE ( 'NONE', #2693, #819, #300, .T. ) ;
#3465 = ORIENTED_EDGE ( 'NONE', *, *, #1248, .F. ) ;
#3466 = ORIENTED_EDGE ( 'NONE', *, *, #3393, .T. ) ;
#3467 = FACE_OUTER_BOUND ( 'NONE', #342, .T. ) ;
#3468 = DIRECTION ( 'NONE',  ( -1.000000000000000000, 0.000000000000000000, 0.000000000000000000 ) ) ;
#3469 = DIRECTION ( 'NONE',  ( 0.000000000000000000, 0.000000000000000000, -1.000000000000000000 ) ) ;
#3470 = EDGE_CURVE ( 'NONE', #725, #3538, #2628, .T. ) ;
#3471 = PRODUCT ( 'Lid', 'Lid', '', ( #3534 ) ) ;
#3472 = ORIENTED_EDGE ( 'NONE', *, *, #1942, .F. ) ;
#3473 = CARTESIAN_POINT ( 'NONE',  ( 28.86776695296636674, -0.3677669529663701309, 0.000000000000000000 ) ) ;
#3474 = CARTESIAN_POINT ( 'NONE',  ( 25.70000000000002771, 25.50000000000003197, 2.000000000000000000 ) ) ;
#3475 = CARTESIAN_POINT ( 'NONE',  ( 26.19999999999999929, 25.80000000000000071, 1.500000000000000000 ) ) ;
#3476 = FACE_BOUND ( 'NONE', #780, .T. ) ;
#3477 = ORIENTED_EDGE ( 'NONE', *, *, #1787, .F. ) ;
#3478 = ORIENTED_EDGE ( 'NONE', *, *, #3353, .F. ) ;
#3479 = CARTESIAN_POINT ( 'NONE',  ( 25.09999999999999432, 2.299999999999999378, 2.000000000000000000 ) ) ;
#3480 = CARTESIAN_POINT ( 'NONE',  ( -0.2000000000000000111, -0.2000000000000000111, 3.600000000000000089 ) ) ;
#3481 = SHAPE_REPRESENTATION ( 'Base', ( #131 ), #66 ) ;
#3482 = CARTESIAN_POINT ( 'NONE',  ( 0.2999999999999999889, 27.50000000000000000, 0.000000000000000000 ) ) ;
#3483 =( GEOMETRIC_REPRESENTATION_CONTEXT ( 3 ) GLOBAL_UNCERTAINTY_ASSIGNED_CONTEXT ( ( #1006 ) ) GLOBAL_UNIT_ASSIGNED_CONTEXT ( ( #1859, #1616, #3025 ) ) REPRESENTATION_CONTEXT ( 'NONE', 'WORKASPACE' ) );
#3484 = ORIENTED_EDGE ( 'NONE', *, *, #659, .T. ) ;
#3485 = ORIENTED_EDGE ( 'NONE', *, *, #3494, .F. ) ;
#3486 = AXIS2_PLACEMENT_3D ( 'NONE', #1453, #2358, #1754 ) ;
#3487 = DIRECTION ( 'NONE',  ( 1.000000000000000000, 0.000000000000000000, 0.000000000000000000 ) ) ;
#3488 = DIRECTION ( 'NONE',  ( 1.000000000000000000, 0.000000000000000000, 0.000000000000000000 ) ) ;
#3489 = VECTOR ( 'NONE', #2998, 1000.000000000000000 ) ;
#3490 = DIRECTION ( 'NONE',  ( 0.000000000000000000, 0.000000000000000000, 1.000000000000000000 ) ) ;
#3491 = ORIENTED_EDGE ( 'NONE', *, *, #2082, .T. ) ;
#3492 = VECTOR ( 'NONE', #712, 1000.000000000000000 ) ;
#3493 = ADVANCED_FACE ( 'NONE', ( #13, #1187 ), #2341, .T. ) ;
#3494 = EDGE_CURVE ( 'NONE', #84, #1931, #2135, .T. ) ;
#3495 = DIRECTION ( 'NONE',  ( 0.000000000000000000, 0.000000000000000000, 1.000000000000000000 ) ) ;
#3496 = DIRECTION ( 'NONE',  ( 0.000000000000000000, 0.000000000000000000, 1.000000000000000000 ) ) ;
#3497 = DIRECTION ( 'NONE',  ( 0.000000000000000000, 0.000000000000000000, 1.000000000000000000 ) ) ;
#3498 = ADVANCED_FACE ( 'NONE', ( #3032 ), #1567, .T. ) ;
#3499 = DIRECTION ( 'NONE',  ( 0.000000000000000000, -1.000000000000000000, 0.000000000000000000 ) ) ;
#3500 = ORIENTED_EDGE ( 'NONE', *, *, #590, .F. ) ;
#3501 = DIRECTION ( 'NONE',  ( -0.7071067811865474617, -0.7071067811865474617, 0.000000000000000000 ) ) ;
#3502 = CARTESIAN_POINT ( 'NONE',  ( 0.2999999999999999889, 1.399999999999999911, -0.4000000000000000222 ) ) ;
#3503 = CARTESIAN_POINT ( 'NONE',  ( 8.500000000000000000, 28.00000000000000000, 0.000000000000000000 ) ) ;
#3504 = DIRECTION ( 'NONE',  ( -0.7071067811865480168, -4.906538933386799707E-17, 0.7071067811865470176 ) ) ;
#3505 = ORIENTED_EDGE ( 'NONE', *, *, #1575, .T. ) ;
#3506 = EDGE_LOOP ( 'NONE', ( #2179, #2279, #2979, #1399 ) ) ;
#3507 = PLANE ( 'NONE',  #1651 ) ;
#3508 = CARTESIAN_POINT ( 'NONE',  ( 2.799999999999999822, 2.000000000000000000, 0.000000000000000000 ) ) ;
#3509 = CARTESIAN_POINT ( 'NONE',  ( 29.60000000000000142, 1.399999999999999911, -0.4000000000000000222 ) ) ;
#3510 = ORIENTED_EDGE ( 'NONE', *, *, #3564, .F. ) ;
#3511 = DIRECTION ( 'NONE',  ( 0.000000000000000000, 0.000000000000000000, -1.000000000000000000 ) ) ;
#3512 = CIRCLE ( 'NONE', #2449, 0.7999999999999999334 ) ;
#3513 = EDGE_CURVE ( 'NONE', #2269, #3081, #487, .T. ) ;
#3514 = EDGE_CURVE ( 'NONE', #3062, #141, #647, .T. ) ;
#3515 = CARTESIAN_POINT ( 'NONE',  ( 25.39999999999999858, 26.59999999999999787, 1.500000000000000000 ) ) ;
#3516 = CARTESIAN_POINT ( 'NONE',  ( 29.60000000000000142, -1.100000000000000089, 0.000000000000000000 ) ) ;
#3517 = CARTESIAN_POINT ( 'NONE',  ( 2.000000000000000000, 25.80000000000000071, 2.000000000000000000 ) ) ;
#3518 = EDGE_CURVE ( 'NONE', #2710, #819, #2747, .T. ) ;
#3519 = PRODUCT_DEFINITION ( 'UNKNOWN', '', #2561, #2555 ) ;
#3520 = ORIENTED_EDGE ( 'NONE', *, *, #1755, .T. ) ;
#3521 = LINE ( 'NONE', #3789, #3218 ) ;
#3522 = CARTESIAN_POINT ( 'NONE',  ( 13.70000000000000107, 14.44999999999999929, -1.199999999999999956 ) ) ;
#3523 = CARTESIAN_POINT ( 'NONE',  ( 27.09999999999999787, 1.399999999999999911, -0.4000000000000000222 ) ) ;
#3524 = CARTESIAN_POINT ( 'NONE',  ( 25.39999999999999858, 25.80000000000000071, 0.8000000000000000444 ) ) ;
#3525 = ORIENTED_EDGE ( 'NONE', *, *, #1644, .F. ) ;
#3526 = VERTEX_POINT ( 'NONE', #1012 ) ;
#3527 = DIRECTION ( 'NONE',  ( 1.000000000000000000, 0.000000000000000000, 0.000000000000000000 ) ) ;
#3528 = DIRECTION ( 'NONE',  ( 0.000000000000000000, 0.000000000000000000, -1.000000000000000000 ) ) ;
#3529 = DIRECTION ( 'NONE',  ( 0.000000000000000000, 0.000000000000000000, 1.000000000000000000 ) ) ;
#3530 = ORIENTED_EDGE ( 'NONE', *, *, #2154, .F. ) ;
#3531 = VECTOR ( 'NONE', #1332, 1000.000000000000000 ) ;
#3532 = FACE_OUTER_BOUND ( 'NONE', #1578, .T. ) ;
#3533 = CONICAL_SURFACE ( 'NONE', #2541, 2.100000000000000089, 0.7853981633974461696 ) ;
#3534 = PRODUCT_CONTEXT ( 'NONE', #54, 'mechanical' ) ;
#3535 = LINE ( 'NONE', #1791, #1580 ) ;
#3536 = DIRECTION ( 'NONE',  ( 0.000000000000000000, 0.000000000000000000, 1.000000000000000000 ) ) ;
#3537 = EDGE_CURVE ( 'NONE', #3081, #1516, #2622, .T. ) ;
#3538 = VERTEX_POINT ( 'NONE', #2973 ) ;
#3539 = VERTEX_POINT ( 'NONE', #1243 ) ;
#3540 = DIRECTION ( 'NONE',  ( 0.000000000000000000, 0.000000000000000000, -1.000000000000000000 ) ) ;
#3541 = CARTESIAN_POINT ( 'NONE',  ( 2.000000000000000000, 25.80000000000000071, 0.000000000000000000 ) ) ;
#3542 = DIRECTION ( 'NONE',  ( -0.000000000000000000, 1.000000000000000000, 0.000000000000000000 ) ) ;
#3543 = ADVANCED_FACE ( 'NONE', ( #1279 ), #1795, .T. ) ;
#3544 = EDGE_CURVE ( 'NONE', #3349, #1536, #1832, .T. ) ;
#3545 = ORIENTED_EDGE ( 'NONE', *, *, #2473, .T. ) ;
#3546 = ORIENTED_EDGE ( 'NONE', *, *, #3564, .T. ) ;
#3547 = CARTESIAN_POINT ( 'NONE',  ( 29.09999997541309824, 24.69999999999999929, 1.699999962002020082 ) ) ;
#3548 = CARTESIAN_POINT ( 'NONE',  ( 28.58492424049174829, 28.98492424049175042, 4.400000000000000355 ) ) ;
#3549 = VECTOR ( 'NONE', #1780, 1000.000000000000000 ) ;
#3550 = VECTOR ( 'NONE', #2342, 1000.000000000000000 ) ;
#3551 = ORIENTED_EDGE ( 'NONE', *, *, #821, .T. ) ;
#3552 = VECTOR ( 'NONE', #1437, 1000.000000000000000 ) ;
#3553 = LINE ( 'NONE', #1520, #2212 ) ;
#3554 = AXIS2_PLACEMENT_3D ( 'NONE', #969, #3309, #3012 ) ;
#3555 = CARTESIAN_POINT ( 'NONE',  ( 0.000000000000000000, 0.000000000000000000, 0.000000000000000000 ) ) ;
#3556 = CARTESIAN_POINT ( 'NONE',  ( -1.100000000000000089, 28.89999999999999858, 0.000000000000000000 ) ) ;
#3557 = CYLINDRICAL_SURFACE ( 'NONE', #2106, 2.500000000000001332 ) ;
#3558 = ORIENTED_EDGE ( 'NONE', *, *, #1968, .F. ) ;
#3559 = EDGE_LOOP ( 'NONE', ( #1683, #936 ) ) ;
#3560 = CARTESIAN_POINT ( 'NONE',  ( 27.59999999999999787, 28.00000000000000000, 0.000000000000000000 ) ) ;
#3561 = LINE ( 'NONE', #950, #181 ) ;
#3562 = CARTESIAN_POINT ( 'NONE',  ( 25.69999999999999929, 18.77499999999999858, 4.000000000000000000 ) ) ;
#3563 = ORIENTED_EDGE ( 'NONE', *, *, #2148, .T. ) ;
#3564 = EDGE_CURVE ( 'NONE', #2109, #345, #376, .T. ) ;
#3565 = EDGE_CURVE ( 'NONE', #2693, #676, #1230, .T. ) ;
#3566 = ORIENTED_EDGE ( 'NONE', *, *, #1781, .T. ) ;
#3567 = DIRECTION ( 'NONE',  ( 0.000000000000000000, 0.000000000000000000, -1.000000000000000000 ) ) ;
#3568 = LINE ( 'NONE', #3257, #973 ) ;
#3569 = EDGE_CURVE ( 'NONE', #2420, #2181, #1530, .T. ) ;
#3570 = ORIENTED_EDGE ( 'NONE', *, *, #753, .T. ) ;
#3571 = DIRECTION ( 'NONE',  ( 0.000000000000000000, 0.000000000000000000, 1.000000000000000000 ) ) ;
#3572 = CARTESIAN_POINT ( 'NONE',  ( 0.000000000000000000, 0.000000000000000000, 0.000000000000000000 ) ) ;
#3573 = LINE ( 'NONE', #1521, #2851 ) ;
#3574 = CARTESIAN_POINT ( 'NONE',  ( -1.695710653531740109, 24.80000000000000071, 1.845710640120689972 ) ) ;
#3575 = ORIENTED_EDGE ( 'NONE', *, *, #1248, .T. ) ;
#3576 = VECTOR ( 'NONE', #3279, 1000.000000000000000 ) ;
#3577 = CARTESIAN_POINT ( 'NONE',  ( 25.39999999999999858, 25.80000000000000071, 0.000000000000000000 ) ) ;
#3578 = DIRECTION ( 'NONE',  ( 0.7071067811865474617, 0.000000000000000000, -0.7071067811865474617 ) ) ;
#3579 = PLANE ( 'NONE',  #3792 ) ;
#3580 = DIRECTION ( 'NONE',  ( 0.000000000000000000, 1.000000000000000000, 0.000000000000000000 ) ) ;
#3581 = ORIENTED_EDGE ( 'NONE', *, *, #3394, .F. ) ;
#3582 = ORIENTED_EDGE ( 'NONE', *, *, #2945, .F. ) ;
#3583 = DIRECTION ( 'NONE',  ( 0.7071067811865466846, -0.7071067811865483499, 0.000000000000000000 ) ) ;
#3584 = DIRECTION ( 'NONE',  ( 1.000000000000000000, 0.000000000000000000, 0.000000000000000000 ) ) ;
#3585 = ADVANCED_FACE ( 'NONE', ( #1586 ), #2434, .T. ) ;
#3586 = EDGE_LOOP ( 'NONE', ( #3477, #1421, #3132, #2704 ) ) ;
#3587 = DIRECTION ( 'NONE',  ( 1.000000000000000000, 0.000000000000000000, 0.000000000000000000 ) ) ;
#3588 = ADVANCED_FACE ( 'NONE', ( #2410 ), #2682, .F. ) ;
#3589 = VECTOR ( 'NONE', #3085, 1000.000000000000000 ) ;
#3590 = CARTESIAN_POINT ( 'NONE',  ( 26.50000000000000000, 9.299999999999998934, 4.799999999999999822 ) ) ;
#3591 = CARTESIAN_POINT ( 'NONE',  ( 21.64999999999999858, -1.100000000000000089, -0.4000000000000000222 ) ) ;
#3592 = CIRCLE ( 'NONE', #963, 0.3000000000000016542 ) ;
#3593 = ORIENTED_EDGE ( 'NONE', *, *, #1691, .F. ) ;
#3594 = ADVANCED_BREP_SHAPE_REPRESENTATION ( '', ( #2002, #131 ), #66 ) ;
#3595 = CARTESIAN_POINT ( 'NONE',  ( 0.2999999999999999889, 27.50000000000000000, -1.199999999999999956 ) ) ;
#3596 = CARTESIAN_POINT ( 'NONE',  ( -1.170710653531739975, -1.100000000000000089, 1.029289283883390027 ) ) ;
#3597 = DIRECTION ( 'NONE',  ( 0.000000000000000000, 0.000000000000000000, -1.000000000000000000 ) ) ;
#3598 = DIRECTION ( 'NONE',  ( 1.000000000000000000, 0.000000000000000000, 0.000000000000000000 ) ) ;
#3599 = LINE ( 'NONE', #396, #3687 ) ;
#3600 = EDGE_LOOP ( 'NONE', ( #1173, #2172, #3484, #2892 ) ) ;
#3601 = ORIENTED_EDGE ( 'NONE', *, *, #1023, .F. ) ;
#3602 = CARTESIAN_POINT ( 'NONE',  ( -1.184924240491750824, -0.08492424049175076317, -0.8000000000000000444 ) ) ;
#3603 = FACE_OUTER_BOUND ( 'NONE', #3693, .T. ) ;
#3604 = ORIENTED_EDGE ( 'NONE', *, *, #1937, .T. ) ;
#3605 = ORIENTED_EDGE ( 'NONE', *, *, #1381, .F. ) ;
#3606 = VECTOR ( 'NONE', #3036, 1000.000000000000000 ) ;
#3607 = DIRECTION ( 'NONE',  ( 0.000000000000000000, 0.000000000000000000, -1.000000000000000000 ) ) ;
#3608 = LINE ( 'NONE', #942, #2885 ) ;
#3609 = CONICAL_SURFACE ( 'NONE', #60, 2.100000000000000977, 0.7853981633974476129 ) ;
#3610 = EDGE_CURVE ( 'NONE', #1931, #84, #2438, .T. ) ;
#3611 = ADVANCED_FACE ( 'NONE', ( #1300 ), #995, .T. ) ;
#3612 = APPLICATION_PROTOCOL_DEFINITION ( 'draft international standard', 'automotive_design', 1998, #986 ) ;
#3613 = AXIS2_PLACEMENT_3D ( 'NONE', #3360, #2782, #1625 ) ;
#3614 = CYLINDRICAL_SURFACE ( 'NONE', #961, 2.500000000000001332 ) ;
#3615 = CARTESIAN_POINT ( 'NONE',  ( 28.50000000000000000, 28.89999999999999858, 3.600000000000000089 ) ) ;
#3616 = ORIENTED_EDGE ( 'NONE', *, *, #82, .T. ) ;
#3617 = DIRECTION ( 'NONE',  ( 1.000000000000000000, 0.000000000000000000, 0.000000000000000000 ) ) ;
#3618 = EDGE_CURVE ( 'NONE', #917, #485, #630, .T. ) ;
#3619 = DIRECTION ( 'NONE',  ( 0.000000000000000000, 0.000000000000000000, 1.000000000000000000 ) ) ;
#3620 = CARTESIAN_POINT ( 'NONE',  ( 2.000000000000000000, 25.80000000000000071, 0.8000000000000000444 ) ) ;
#3621 = CARTESIAN_POINT ( 'NONE',  ( 26.19999999999999929, 25.80000000000000071, 0.8000000000000000444 ) ) ;
#3622 = VERTEX_POINT ( 'NONE', #50 ) ;
#3623 = EDGE_LOOP ( 'NONE', ( #3756, #2653, #154, #993 ) ) ;
#3624 = AXIS2_PLACEMENT_3D ( 'NONE', #512, #1678, #761 ) ;
#3625 = DIRECTION ( 'NONE',  ( 1.000000000000000000, 0.000000000000000000, 0.000000000000000000 ) ) ;
#3626 = CARTESIAN_POINT ( 'NONE',  ( 1.699999999999999956, 2.000000000000000000, 2.000000000000000000 ) ) ;
#3627 = ORIENTED_EDGE ( 'NONE', *, *, #845, .T. ) ;
#3628 = ORIENTED_EDGE ( 'NONE', *, *, #2472, .F. ) ;
#3629 = CARTESIAN_POINT ( 'NONE',  ( -0.9020815280171315953, 0.1979184719828701589, 4.799999999999999822 ) ) ;
#3630 =( BOUNDED_SURFACE ( )  B_SPLINE_SURFACE ( 2, 2, ( 
 ( #1108, #2734, #424, #3442, #159, #121, #983, #3320, #1897 ),
 ( #446, #2182, #1291, #3338, #1007, #2161, #1599, #2756, #142 ),
 ( #1310, #1169, #3226, #2883, #3167, #1699, #860, #3479, #266 ) ),
 .UNSPECIFIED., .F., .T., .F. ) 
 B_SPLINE_SURFACE_WITH_KNOTS ( ( 3, 3 ),
 ( 3, 2, 2, 2, 3 ),
 ( 0.000000000000000000, 1.570796326794899889 ),
 ( -3.141592653589790007, -1.570796326794899889, 0.000000000000000000, 1.570796326794899889, 3.141592653589790007 ),
 .UNSPECIFIED. ) 
 GEOMETRIC_REPRESENTATION_ITEM ( )  RATIONAL_B_SPLINE_SURFACE ( (
 ( 1.000000000000000000, 0.7071067811865480168, 1.000000000000000000, 0.7071067811865480168, 1.000000000000000000, 0.7071067811865480168, 1.000000000000000000, 0.7071067811865480168, 1.000000000000000000),
 ( 0.7071067811865510144, 0.5000000000000000000, 0.7071067811865510144, 0.5000000000000000000, 0.7071067811865510144, 0.5000000000000000000, 0.7071067811865510144, 0.5000000000000000000, 0.7071067811865510144),
 ( 1.000000000000000000, 0.7071067811865480168, 1.000000000000000000, 0.7071067811865480168, 1.000000000000000000, 0.7071067811865480168, 1.000000000000000000, 0.7071067811865480168, 1.000000000000000000) ) ) 
 REPRESENTATION_ITEM ( '' )  SURFACE ( )  );
#3631 = CARTESIAN_POINT ( 'NONE',  ( 27.09999999999999787, 27.50000000000000000, 0.000000000000000000 ) ) ;
#3632 = FACE_BOUND ( 'NONE', #1847, .T. ) ;
#3633 = ADVANCED_FACE ( 'NONE', ( #2377 ), #931, .T. ) ;
#3634 = CARTESIAN_POINT ( 'NONE',  ( 0.2999999999999999889, 30.00000000000000000, 3.600000000000000089 ) ) ;
#3635 = DIRECTION ( 'NONE',  ( 0.000000000000000000, 0.000000000000000000, 1.000000000000000000 ) ) ;
#3636 = CARTESIAN_POINT ( 'NONE',  ( 28.50000000000000000, 28.89999999999999858, 3.600000000000000089 ) ) ;
#3637 = CARTESIAN_POINT ( 'NONE',  ( 26.20000000000000284, 2.000000000000000000, 1.500000000000000000 ) ) ;
#3638 = LINE ( 'NONE', #1017, #1947 ) ;
#3639 = ADVANCED_FACE ( 'NONE', ( #1884 ), #182, .T. ) ;
#3640 = PRODUCT_RELATED_PRODUCT_CATEGORY ( 'part', '', ( #1457 ) ) ;
#3641 = ORIENTED_EDGE ( 'NONE', *, *, #682, .T. ) ;
#3642 = ORIENTED_EDGE ( 'NONE', *, *, #1489, .F. ) ;
#3643 = CARTESIAN_POINT ( 'NONE',  ( 27.59999999999999787, -0.2000000000000000111, 0.000000000000000000 ) ) ;
#3644 = CARTESIAN_POINT ( 'NONE',  ( 29.60000000000000142, 1.399999999999999911, 0.000000000000000000 ) ) ;
#3645 = VERTEX_POINT ( 'NONE', #221 ) ;
#3646 = EDGE_LOOP ( 'NONE', ( #1383, #3135 ) ) ;
#3647 = CARTESIAN_POINT ( 'NONE',  ( 2.799999999999999822, 2.000000000000000000, 0.8000000000000000444 ) ) ;
#3648 =( LENGTH_UNIT ( ) NAMED_UNIT ( * ) SI_UNIT ( .MILLI., .METRE. ) );
#3649 = CARTESIAN_POINT ( 'NONE',  ( 29.60000000000000142, 27.50000000000000000, 0.000000000000000000 ) ) ;
#3650 = CARTESIAN_POINT ( 'NONE',  ( 1.200000000000000622, 26.60000000000003340, 1.499999999999999778 ) ) ;
#3651 = DIRECTION ( 'NONE',  ( -1.784924476889319851E-17, 1.000000000000000000, 0.000000000000000000 ) ) ;
#3652 = EDGE_CURVE ( 'NONE', #3313, #562, #1895, .T. ) ;
#3653 = CARTESIAN_POINT ( 'NONE',  ( 2.000000000000000000, 25.80000000000000071, 0.8000000000000000444 ) ) ;
#3654 = CLOSED_SHELL ( 'NONE', ( #1459, #75, #3754, #262, #3252, #1763, #2267, #1715, #1893, #3330, #934, #422, #1150, #1408, #1217, #2010, #2848, #503, #46, #568, #3498, #1034, #263, #1852, #3107, #449, #869, #2948, #658, #1804, #1808, #2105, #2963, #3543, #3585, #2880, #1710, #3773, #3660, #3020, #3377, #2061, #1391, #3772, #1040, #448, #2034, #3347, #709, #1757, #497, #167, #2638, #2833, #1687, #1016, #3493, #517, #2972, #2123, #614, #1197, #2569, #2361, #542, #2130, #1460, #3258, #1556, #2081, #1736, #3299, #2595, #1247, #2101, #1919, #522, #2658 ) ) ;
#3655 = CARTESIAN_POINT ( 'NONE',  ( -0.2000000000000000111, 28.00000000000000000, 3.600000000000000089 ) ) ;
#3656 = VERTEX_POINT ( 'NONE', #202 ) ;
#3657 = ORIENTED_EDGE ( 'NONE', *, *, #3277, .F. ) ;
#3658 = EDGE_CURVE ( 'NONE', #2236, #2306, #1353, .T. ) ;
#3659 = CARTESIAN_POINT ( 'NONE',  ( 0.2999999999999999889, 1.399999999999999911, 0.000000000000000000 ) ) ;
#3660 = ADVANCED_FACE ( 'NONE', ( #2838 ), #205, .F. ) ;
#3661 = CARTESIAN_POINT ( 'NONE',  ( 2.000000000000000000, 1.199999999999999956, 1.500000000000000000 ) ) ;
#3662 = ORIENTED_EDGE ( 'NONE', *, *, #2280, .F. ) ;
#3663 = FACE_OUTER_BOUND ( 'NONE', #1926, .T. ) ;
#3664 = DIRECTION ( 'NONE',  ( 4.921201350288809999E-18, -1.000000000000000000, 0.000000000000000000 ) ) ;
#3665 = AXIS2_PLACEMENT_3D ( 'NONE', #2708, #3334, #3583 ) ;
#3666 = CARTESIAN_POINT ( 'NONE',  ( -1.099999975413089803, 24.69999999999999929, 1.099999962002039977 ) ) ;
#3667 = CIRCLE ( 'NONE', #2012, 2.500000000000001776 ) ;
#3668 = LINE ( 'NONE', #3342, #836 ) ;
#3669 = CARTESIAN_POINT ( 'NONE',  ( 2.799999999999999822, 25.80000000000000071, 1.500000000000000000 ) ) ;
#3670 = CARTESIAN_POINT ( 'NONE',  ( 25.39999999999999858, 2.000000000000000000, 0.000000000000000000 ) ) ;
#3671 = CIRCLE ( 'NONE', #3242, 2.499999999999999112 ) ;
#3672 = CARTESIAN_POINT ( 'NONE',  ( -1.100000000000000089, 2.799999999999999822, 2.649999981001020188 ) ) ;
#3673 = AXIS2_PLACEMENT_3D ( 'NONE', #2890, #901, #289 ) ;
#3674 = ORIENTED_EDGE ( 'NONE', *, *, #2920, .F. ) ;
#3675 = EDGE_LOOP ( 'NONE', ( #3141, #3702, #3421, #1020 ) ) ;
#3676 = DIRECTION ( 'NONE',  ( 0.000000000000000000, 1.000000000000000000, 0.000000000000000000 ) ) ;
#3677 = LINE ( 'NONE', #1070, #3304 ) ;
#3678 = EDGE_CURVE ( 'NONE', #2942, #2554, #1165, .T. ) ;
#3679 = ADVANCED_FACE ( 'NONE', ( #1389 ), #2674, .T. ) ;
#3680 = EDGE_LOOP ( 'NONE', ( #2859, #1033, #1212, #4 ) ) ;
#3681 = ORIENTED_EDGE ( 'NONE', *, *, #940, .T. ) ;
#3682 = CARTESIAN_POINT ( 'NONE',  ( 0.9000000000000000222, 12.27499999999999858, 4.799999999999999822 ) ) ;
#3683 = VECTOR ( 'NONE', #2878, 1000.000000000000000 ) ;
#3684 = EDGE_CURVE ( 'NONE', #1423, #193, #1028, .T. ) ;
#3685 = ORIENTED_EDGE ( 'NONE', *, *, #237, .T. ) ;
#3686 = VECTOR ( 'NONE', #1560, 1000.000000000000000 ) ;
#3687 = VECTOR ( 'NONE', #2413, 1000.000000000000000 ) ;
#3688 =( NAMED_UNIT ( * ) PLANE_ANGLE_UNIT ( ) SI_UNIT ( $, .RADIAN. ) );
#3689 = DIRECTION ( 'NONE',  ( 0.000000000000000000, 0.000000000000000000, 1.000000000000000000 ) ) ;
#3690 = CARTESIAN_POINT ( 'NONE',  ( 2.799999999999999822, 25.00000000000000000, 2.000000000000000000 ) ) ;
#3691 = CARTESIAN_POINT ( 'NONE',  ( 28.49999997541310037, 24.69999999999999929, 1.099999962002029985 ) ) ;
#3692 = CARTESIAN_POINT ( 'NONE',  ( -1.399999999999999911, 27.50000000000000000, 4.799999999999999822 ) ) ;
#3693 = EDGE_LOOP ( 'NONE', ( #3152, #3023, #1290, #3178 ) ) ;
#3694 = ORIENTED_EDGE ( 'NONE', *, *, #3183, .F. ) ;
#3695 = PLANE ( 'NONE',  #2128 ) ;
#3696 = DIRECTION ( 'NONE',  ( -0.7071067811865480168, 0.000000000000000000, -0.7071067811865470176 ) ) ;
#3697 = ORIENTED_EDGE ( 'NONE', *, *, #1234, .F. ) ;
#3698 = EDGE_LOOP ( 'NONE', ( #2305, #1697 ) ) ;
#3699 = LINE ( 'NONE', #1073, #3170 ) ;
#3700 = EDGE_CURVE ( 'NONE', #3385, #3002, #1660, .T. ) ;
#3701 = DIRECTION ( 'NONE',  ( 0.000000000000000000, 0.000000000000000000, -1.000000000000000000 ) ) ;
#3702 = ORIENTED_EDGE ( 'NONE', *, *, #683, .T. ) ;
#3703 = AXIS2_PLACEMENT_3D ( 'NONE', #2237, #739, #1920 ) ;
#3704 = EDGE_CURVE ( 'NONE', #507, #2403, #721, .T. ) ;
#3705 = CARTESIAN_POINT ( 'NONE',  ( 0.6000000000000000888, 2.000000000000000000, 0.8000000000000000444 ) ) ;
#3706 = CARTESIAN_POINT ( 'NONE',  ( 1.199999999999999956, 25.80000000000000071, 1.500000000000000000 ) ) ;
#3707 = CARTESIAN_POINT ( 'NONE',  ( 1.699999999999999956, 25.80000000000000071, 2.000000000000000000 ) ) ;
#3708 = DIRECTION ( 'NONE',  ( 0.000000000000000000, 0.000000000000000000, -1.000000000000000000 ) ) ;
#3709 = CARTESIAN_POINT ( 'NONE',  ( 28.86776695296637030, 29.26776695296636888, 3.600000000000000089 ) ) ;
#3710 = ORIENTED_EDGE ( 'NONE', *, *, #2222, .T. ) ;
#3711 = ORIENTED_EDGE ( 'NONE', *, *, #1059, .T. ) ;
#3712 = CARTESIAN_POINT ( 'NONE',  ( 28.50000000000000000, 28.89999999999999858, 0.000000000000000000 ) ) ;
#3713 = DIRECTION ( 'NONE',  ( 0.000000000000000000, 0.000000000000000000, 1.000000000000000000 ) ) ;
#3714 = VECTOR ( 'NONE', #2370, 1000.000000000000000 ) ;
#3715 = EDGE_LOOP ( 'NONE', ( #1742, #1056, #3098, #2501 ) ) ;
#3716 = ORIENTED_EDGE ( 'NONE', *, *, #1937, .F. ) ;
#3717 = PRODUCT_DEFINITION_CONTEXT ( 'detailed design', #986, 'design' ) ;
#3718 = CARTESIAN_POINT ( 'NONE',  ( 28.50000000000000000, 2.799999999999999822, 0.9585786303516370399 ) ) ;
#3719 = CARTESIAN_POINT ( 'NONE',  ( -1.099999975413089803, 24.69999999999999929, 2.299999962002039933 ) ) ;
#3720 = ORIENTED_EDGE ( 'NONE', *, *, #2452, .F. ) ;
#3721 = SURFACE_SIDE_STYLE ('',( #1313 ) ) ;
#3722 = EDGE_CURVE ( 'NONE', #834, #2503, #1043, .T. ) ;
#3723 = EDGE_CURVE ( 'NONE', #857, #3072, #3173, .T. ) ;
#3724 = CARTESIAN_POINT ( 'NONE',  ( 1.699999999999999956, 25.80000000000000071, 2.000000000000000000 ) ) ;
#3725 = DIRECTION ( 'NONE',  ( -0.7071067811865480168, -0.7071067811865471286, 0.000000000000000000 ) ) ;
#3726 = AXIS2_PLACEMENT_3D ( 'NONE', #952, #2348, #2474 ) ;
#3727 = CONICAL_SURFACE ( 'NONE', #1343, 2.100000000000000089, 0.7853981633974461696 ) ;
#3728 = PLANE ( 'NONE',  #1485 ) ;
#3729 = PRESENTATION_LAYER_ASSIGNMENT (  '', '', ( #1096 ) ) ;
#3730 = VERTEX_POINT ( 'NONE', #1468 ) ;
#3731 = ORIENTED_EDGE ( 'NONE', *, *, #1525, .F. ) ;
#3732 = CIRCLE ( 'NONE', #1044, 0.3000000000000016542 ) ;
#3733 = DIRECTION ( 'NONE',  ( 0.000000000000000000, 0.000000000000000000, 1.000000000000000000 ) ) ;
#3734 = CARTESIAN_POINT ( 'NONE',  ( 0.9000000000000000222, 23.90000000000000213, 4.799999999999999822 ) ) ;
#3735 = AXIS2_PLACEMENT_3D ( 'NONE', #1333, #1939, #2469 ) ;
#3736 = AXIS2_PLACEMENT_3D ( 'NONE', #479, #2825, #2266 ) ;
#3737 = ORIENTED_EDGE ( 'NONE', *, *, #891, .T. ) ;
#3738 = AXIS2_PLACEMENT_3D ( 'NONE', #86, #1198, #1824 ) ;
#3739 = ORIENTED_EDGE ( 'NONE', *, *, #1788, .F. ) ;
#3740 = DIRECTION ( 'NONE',  ( 0.000000000000000000, 0.000000000000000000, 1.000000000000000000 ) ) ;
#3741 = DIRECTION ( 'NONE',  ( 0.000000000000000000, 0.000000000000000000, 1.000000000000000000 ) ) ;
#3742 = VECTOR ( 'NONE', #3071, 1000.000000000000000 ) ;
#3743 = EDGE_LOOP ( 'NONE', ( #1592, #1106, #1337, #2440, #1821, #3172, #2159, #2250 ) ) ;
#3744 = CARTESIAN_POINT ( 'NONE',  ( 0.2999999999999999889, 30.00000000000000000, 0.000000000000000000 ) ) ;
#3745 = DIRECTION ( 'NONE',  ( 1.000000000000000000, 0.000000000000000000, 0.000000000000000000 ) ) ;
#3746 = FACE_BOUND ( 'NONE', #976, .T. ) ;
#3747 = FACE_OUTER_BOUND ( 'NONE', #2919, .T. ) ;
#3748 = EDGE_CURVE ( 'NONE', #1591, #244, #2336, .T. ) ;
#3749 = VERTEX_POINT ( 'NONE', #2624 ) ;
#3750 = ORIENTED_EDGE ( 'NONE', *, *, #3041, .F. ) ;
#3751 = LINE ( 'NONE', #878, #365 ) ;
#3752 = DIRECTION ( 'NONE',  ( 0.7071067811865470176, 0.000000000000000000, 0.7071067811865480168 ) ) ;
#3753 = DIRECTION ( 'NONE',  ( 0.000000000000000000, 1.000000000000000000, 0.000000000000000000 ) ) ;
#3754 = ADVANCED_FACE ( 'NONE', ( #873 ), #2711, .F. ) ;
#3755 = PRODUCT_RELATED_PRODUCT_CATEGORY ( 'part', '', ( #2826 ) ) ;
#3756 = ORIENTED_EDGE ( 'NONE', *, *, #2385, .T. ) ;
#3757 = ORIENTED_EDGE ( 'NONE', *, *, #2176, .T. ) ;
#3758 = FACE_BOUND ( 'NONE', #3680, .T. ) ;
#3759 = DIRECTION ( 'NONE',  ( 0.7071067811865480168, 0.000000000000000000, -0.7071067811865470176 ) ) ;
#3760 = ORIENTED_EDGE ( 'NONE', *, *, #3704, .F. ) ;
#3761 = LINE ( 'NONE', #1139, #152 ) ;
#3762 = CARTESIAN_POINT ( 'NONE',  ( 2.799999999999999822, 25.80000000000000071, 1.500000000000000000 ) ) ;
#3763 = CARTESIAN_POINT ( 'NONE',  ( 26.20000000000000284, 26.59999999999999787, 2.000000000000000000 ) ) ;
#3764 = DIRECTION ( 'NONE',  ( 0.000000000000000000, 0.000000000000000000, -1.000000000000000000 ) ) ;
#3765 = CARTESIAN_POINT ( 'NONE',  ( 8.500000000000000000, 28.00000000000000000, -1.199999999999999956 ) ) ;
#3766 = ORIENTED_EDGE ( 'NONE', *, *, #1688, .T. ) ;
#3767 = VERTEX_POINT ( 'NONE', #1733 ) ;
#3768 = LINE ( 'NONE', #3790, #2499 ) ;
#3769 = CARTESIAN_POINT ( 'NONE',  ( 2.000000000000000000, 2.000000000000000000, 2.000000000000000000 ) ) ;
#3770 = CARTESIAN_POINT ( 'NONE',  ( -0.2000000000000000111, -0.2000000000000000111, 3.600000000000000089 ) ) ;
#3771 = VERTEX_POINT ( 'NONE', #3184 ) ;
#3772 = ADVANCED_FACE ( 'NONE', ( #1769 ), #1100, .T. ) ;
#3773 = ADVANCED_FACE ( 'NONE', ( #8 ), #2031, .T. ) ;
#3774 = AXIS2_PLACEMENT_3D ( 'NONE', #3595, #2129, #3307 ) ;
#3775 = EDGE_LOOP ( 'NONE', ( #3090, #1915, #2598, #1793 ) ) ;
#3776 =( BOUNDED_CURVE ( )  B_SPLINE_CURVE ( 2, ( #3475, #2567, #1182 ),
 .UNSPECIFIED., .F., .F. ) 
 B_SPLINE_CURVE_WITH_KNOTS ( ( 3, 3 ),
 ( 0.000000000000000000, 1.570796326794889897 ),
 .UNSPECIFIED. ) 
 CURVE ( )  GEOMETRIC_REPRESENTATION_ITEM ( )  RATIONAL_B_SPLINE_CURVE ( ( 1.000000000000000000, 0.7071067811865510144, 1.000000000000000000 ) ) 
 REPRESENTATION_ITEM ( '' )  );
#3777 = LINE ( 'NONE', #1153, #974 ) ;
#3778 = CARTESIAN_POINT ( 'NONE',  ( 25.39999999999999858, 25.80000000000000071, 0.8000000000000000444 ) ) ;
#3779 = CARTESIAN_POINT ( 'NONE',  ( 27.59999999999999787, -0.2000000000000000111, 0.000000000000000000 ) ) ;
#3780 = AXIS2_PLACEMENT_3D ( 'NONE', #294, #2275, #3457 ) ;
#3781 = ORIENTED_EDGE ( 'NONE', *, *, #2806, .F. ) ;
#3782 = EDGE_CURVE ( 'NONE', #1451, #2464, #3437, .T. ) ;
#3783 = CARTESIAN_POINT ( 'NONE',  ( 26.20000000000000284, 25.00000000000000000, 2.000000000000000000 ) ) ;
#3784 = DIRECTION ( 'NONE',  ( 1.000000000000000000, 6.109717902811399630E-17, 0.000000000000000000 ) ) ;
#3785 = LINE ( 'NONE', #3163, #991 ) ;
#3786 = VECTOR ( 'NONE', #1764, 1000.000000000000000 ) ;
#3787 = EDGE_LOOP ( 'NONE', ( #3266, #3379, #3408, #3558 ) ) ;
#3788 = AXIS2_PLACEMENT_3D ( 'NONE', #2140, #1306, #1266 ) ;
#3789 = CARTESIAN_POINT ( 'NONE',  ( 29.09571065353170027, 2.799999999999999822, 1.554289283883370176 ) ) ;
#3790 = CARTESIAN_POINT ( 'NONE',  ( -1.100000000000000089, -0.6712315177207980321, 0.000000000000000000 ) ) ;
#3791 = DIRECTION ( 'NONE',  ( 0.000000000000000000, 0.000000000000000000, 1.000000000000000000 ) ) ;
#3792 = AXIS2_PLACEMENT_3D ( 'NONE', #2974, #2701, #1568 ) ;
#3793 = VERTEX_POINT ( 'NONE', #2319 ) ;
#3794 = ORIENTED_EDGE ( 'NONE', *, *, #1432, .T. ) ;
#3795 = AXIS2_PLACEMENT_3D ( 'NONE', #1812, #1548, #393 ) ;
#3796 = VECTOR ( 'NONE', #2515, 1000.000000000000000 ) ;
#3797 = NEXT_ASSEMBLY_USAGE_OCCURRENCE ( 'NAUO1', ' ', ' ', #1490, #174, $ ) ;
#3798 = NEXT_ASSEMBLY_USAGE_OCCURRENCE ( 'NAUO2', ' ', ' ', #1490, #3519, $ ) ;
ENDSEC;
END-ISO-10303-21;
