ISO-10303-21;
HEADER;
FILE_DESCRIPTION (( 'STEP AP214' ),
    '1' );
FILE_NAME ('Part14^head_assembly.STEP',
    '2026-03-16T21:01:55',
    ( '' ),
    ( '' ),
    'SwSTEP 2.0',
    'SolidWorks 2025',
    '' );
FILE_SCHEMA (( 'AUTOMOTIVE_DESIGN' ));
ENDSEC;

DATA;
#1 = CARTESIAN_POINT ( 'NONE',  ( 11.19177010013773454, 68.07135447130656303, -46.58722652295971045 ) ) ;
#2 = CARTESIAN_POINT ( 'NONE',  ( 14.78133657460461592, 57.21304459611605608, 45.17564244001549412 ) ) ;
#3 = ORIENTED_EDGE ( 'NONE', *, *, #1065, .F. ) ;
#4 = CARTESIAN_POINT ( 'NONE',  ( 11.44597321057956485, 54.79891064286308477, -39.77097890511198131 ) ) ;
#5 = CARTESIAN_POINT ( 'NONE',  ( 15.07203891351124980, 71.81876492799811729, 43.82746585843820242 ) ) ;
#6 = CARTESIAN_POINT ( 'NONE',  ( 13.19078330249448605, 71.80579564320599673, -40.79789584835200600 ) ) ;
#7 = LINE ( 'NONE', #253, #603 ) ;
#8 = CARTESIAN_POINT ( 'NONE',  ( 10.35978056670891689, 55.21978599337909799, -44.19324742580648291 ) ) ;
#9 = CARTESIAN_POINT ( 'NONE',  ( 13.71936879452408675, 73.03985266435815049, -39.64638141923540360 ) ) ;
#10 = VERTEX_POINT ( 'NONE', #1509 ) ;
#11 = CARTESIAN_POINT ( 'NONE',  ( 14.56896612346259268, 56.24579680736092513, 39.47976315245533385 ) ) ;
#12 = CARTESIAN_POINT ( 'NONE',  ( 15.68641733841778851, 71.77607439862291017, 42.50492041835964585 ) ) ;
#13 = CARTESIAN_POINT ( 'NONE',  ( 12.76234457860799942, 71.83469277863592595, -41.03369559712280079 ) ) ;
#14 = CARTESIAN_POINT ( 'NONE',  ( 15.64211945925415570, 74.34269827647601403, 32.24721001463174730 ) ) ;
#15 = DIRECTION ( 'NONE',  ( 0.9972723208579022947, -0.06929618877018391132, -0.02541566982434765448 ) ) ;
#16 = CARTESIAN_POINT ( 'NONE',  ( 15.55179119673967314, 67.93415942049173850, 46.17583927190764115 ) ) ;
#17 = CARTESIAN_POINT ( 'NONE',  ( 13.53875979848052324, 55.58914932952626486, 40.19219430328835330 ) ) ;
#18 = ORIENTED_EDGE ( 'NONE', *, *, #453, .F. ) ;
#19 = CARTESIAN_POINT ( 'NONE',  ( 14.74153017837143054, 71.84173056659192014, 44.12275060999296272 ) ) ;
#20 = CARTESIAN_POINT ( 'NONE',  ( 13.46772999301546392, 71.78800163483876418, -40.39532881694275090 ) ) ;
#21 = CARTESIAN_POINT ( 'NONE',  ( 11.65947221812426271, 55.87324015367954644, -40.86627037571152954 ) ) ;
#22 = VECTOR ( 'NONE', #271, 1000.000000000000114 ) ;
#23 = CARTESIAN_POINT ( 'NONE',  ( 14.88339348220948644, 75.34029440629106489, -0.2440062884478327310 ) ) ;
#24 = EDGE_CURVE ( 'NONE', #1022, #1296, #611, .T. ) ;
#25 = CARTESIAN_POINT ( 'NONE',  ( 13.84725686355746355, 73.27147500262708490, 43.43184161131136989 ) ) ;
#26 = DIRECTION ( 'NONE',  ( 0.06931858077286134900, 0.9975945741430414238, 0.000000000000000000 ) ) ;
#27 = ORIENTED_EDGE ( 'NONE', *, *, #782, .F. ) ;
#28 = DIRECTION ( 'NONE',  ( 0.9972723208579024057, -0.06929618877018392520, -0.02541566982434716529 ) ) ;
#29 = CARTESIAN_POINT ( 'NONE',  ( 9.606617188852817790, 72.05397077957317720, -40.95327130005147609 ) ) ;
#30 = CARTESIAN_POINT ( 'NONE',  ( 12.52438325203905833, 55.81777342214995485, -39.57955458177031005 ) ) ;
#31 =( NAMED_UNIT ( * ) PLANE_ANGLE_UNIT ( ) SI_UNIT ( $, .RADIAN. ) );
#32 = CARTESIAN_POINT ( 'NONE',  ( 15.77409414914190755, 71.77855036056696747, 44.41688271780287778 ) ) ;
#33 = CARTESIAN_POINT ( 'NONE',  ( 14.31441954309301678, 53.96295280799427729, 35.71594850897947282 ) ) ;
#34 = EDGE_LOOP ( 'NONE', ( #450, #500, #1330, #1031, #1201, #304, #504, #542 ) ) ;
#35 = CARTESIAN_POINT ( 'NONE',  ( 14.85990254006717137, 58.86844703692258918, 43.74497318912376187 ) ) ;
#36 = CARTESIAN_POINT ( 'NONE',  ( 13.12082582697260591, 52.46487960931555961, 32.31146564987607661 ) ) ;
#37 = ADVANCED_FACE ( 'NONE', ( #683 ), #1286, .T. ) ;
#38 = VERTEX_POINT ( 'NONE', #182 ) ;
#39 = CYLINDRICAL_SURFACE ( 'NONE', #1293, 11.50078937908553023 ) ;
#40 = CARTESIAN_POINT ( 'NONE',  ( 15.69378610614348446, 70.31409968042889602, 45.25856277184499277 ) ) ;
#41 = CARTESIAN_POINT ( 'NONE',  ( 14.42198988534553905, 54.81621954937178742, 37.61040149898951057 ) ) ;
#42 = ORIENTED_EDGE ( 'NONE', *, *, #993, .F. ) ;
#43 = CARTESIAN_POINT ( 'NONE',  ( 10.26212376375776891, 56.11440574817880389, 41.03450814225680432 ) ) ;
#44 = CARTESIAN_POINT ( 'NONE',  ( 13.15777894924323022, 62.15034240456104442, 46.69970213355671973 ) ) ;
#45 = ORIENTED_EDGE ( 'NONE', *, *, #766, .F. ) ;
#46 = CARTESIAN_POINT ( 'NONE',  ( 15.76131743424241627, 74.92373126561577124, 35.34016290567171126 ) ) ;
#47 = CARTESIAN_POINT ( 'NONE',  ( 14.46449633447532079, 55.82240084956436732, 42.84008091377680927 ) ) ;
#48 = PRODUCT ( 'Part14^head_assembly', 'Part14^head_assembly', '', ( #420 ) ) ;
#49 = CARTESIAN_POINT ( 'NONE',  ( 14.76361040811996261, 74.32961176083541943, 37.15733381626225196 ) ) ;
#50 = ORIENTED_EDGE ( 'NONE', *, *, #974, .F. ) ;
#51 = CARTESIAN_POINT ( 'NONE',  ( 12.96696334085925528, 75.09239538898155786, -35.42011157728813231 ) ) ;
#52 = ADVANCED_FACE ( 'NONE', ( #402 ), #642, .T. ) ;
#53 = CARTESIAN_POINT ( 'NONE',  ( 13.59946406525555318, 68.76265971012773548, 46.00217782656731202 ) ) ;
#54 = CARTESIAN_POINT ( 'NONE',  ( 12.47806729696590899, 55.51985314077162315, -40.58463845829572847 ) ) ;
#55 = FACE_OUTER_BOUND ( 'NONE', #415, .T. ) ;
#56 = CARTESIAN_POINT ( 'NONE',  ( 13.38279340374171156, 55.89756376034976881, 44.19387824969605560 ) ) ;
#57 = CARTESIAN_POINT ( 'NONE',  ( 14.76660608876053793, 74.63260030038050274, 36.44877717498548009 ) ) ;
#58 = VERTEX_POINT ( 'NONE', #286 ) ;
#59 = CARTESIAN_POINT ( 'NONE',  ( 13.94761672281541109, 74.92373126561571439, -35.82670109305237105 ) ) ;
#60 = CARTESIAN_POINT ( 'NONE',  ( 12.12355350611471749, 52.53417579808574089, 32.33688131970042434 ) ) ;
#61 = B_SPLINE_CURVE_WITH_KNOTS ( 'NONE', 3,
 ( #1474, #1010, #914, #556, #565, #1383, #799, #784, #1135, #95, #1489, #342, #1124, #1239, #1253, #890 ),
 .UNSPECIFIED., .F., .F.,
 ( 4, 2, 2, 2, 2, 2, 2, 4 ),
 ( -5.999999998834025525E-08, 0.0005689591859282384749, 0.001137978371856465318, 0.002276016743712941121, 0.003414055115569416491, 0.004552093487425893162, 0.006828170231138872524, 0.009104246974851853622 ),
 .UNSPECIFIED. ) ;
#62 = CARTESIAN_POINT ( 'NONE',  ( 12.48969977543302612, 55.78856640560233870, -40.86084822869084832 ) ) ;
#63 = CARTESIAN_POINT ( 'NONE',  ( 14.72185863184679278, 72.86938676875763576, 39.50038187622598684 ) ) ;
#64 = CARTESIAN_POINT ( 'NONE',  ( 9.269680521341905788, 64.14505684592943169, -32.61038748122784625 ) ) ;
#65 = CARTESIAN_POINT ( 'NONE',  ( 14.57473991452179263, 56.30574771790990951, 39.54286093451217710 ) ) ;
#66 = VERTEX_POINT ( 'NONE', #307 ) ;
#67 = CARTESIAN_POINT ( 'NONE',  ( 15.26037264703515106, 71.80567842225931940, 40.34178038847639414 ) ) ;
#68 = CARTESIAN_POINT ( 'NONE',  ( 12.52079978019247619, 55.61818509084336171, -39.17598412825666543 ) ) ;
#69 = CARTESIAN_POINT ( 'NONE',  ( 15.65722027982552333, 72.24234578929520012, 38.56638452089691782 ) ) ;
#70 = AXIS2_PLACEMENT_3D ( 'NONE', #587, #1147, #101 ) ;
#71 = EDGE_CURVE ( 'NONE', #889, #1194, #1468, .T. ) ;
#72 = CARTESIAN_POINT ( 'NONE',  ( 10.48485612229507424, 55.69455062062456108, -40.57992497503031615 ) ) ;
#73 = ORIENTED_EDGE ( 'NONE', *, *, #672, .T. ) ;
#74 = AXIS2_PLACEMENT_3D ( 'NONE', #680, #656, #439 ) ;
#75 = CARTESIAN_POINT ( 'NONE',  ( 9.577902335287738822, 56.16194936919005443, 40.59563145403514284 ) ) ;
#76 = CARTESIAN_POINT ( 'NONE',  ( 12.00497170642601574, 75.33925188789750393, -34.49445603887207312 ) ) ;
#77 = CARTESIAN_POINT ( 'NONE',  ( 15.63526200648182218, 71.67457224273752558, 39.25281792052995655 ) ) ;
#78 = CARTESIAN_POINT ( 'NONE',  ( 14.74616196418663172, 73.58139638894449774, 38.51270330731365021 ) ) ;
#79 = ORIENTED_EDGE ( 'NONE', *, *, #130, .F. ) ;
#80 = B_SPLINE_CURVE_WITH_KNOTS ( 'NONE', 3,
 ( #521, #72, #172, #755, #1222, #1350, #630, #1464, #1243, #985, #1472, #1114, #398, #514, #536, #1450, #893, #282, #303, #747, #866, #991, #1008, #297 ),
 .UNSPECIFIED., .F., .F.,
 ( 4, 1, 1, 2, 2, 1, 1, 1, 2, 2, 1, 1, 1, 2, 2, 4 ),
 ( 0.000000000000000000, 0.1250000000000104916, 0.1875000000000166533, 0.2187500000000180411, 0.2500000000000194289, 0.3750000000000207057, 0.4375000000000218714, 0.4687500000000219824, 0.4843750000000235367, 0.5000000000000250910, 0.6250000000000244249, 0.6875000000000230926, 0.7187500000000208722, 0.7343750000000206501, 0.7500000000000204281, 1.000000000000000000 ),
 .UNSPECIFIED. ) ;
#81 = CARTESIAN_POINT ( 'NONE',  ( 12.48396029420083231, 53.81381371220488319, -35.70186518581690649 ) ) ;
#82 = CARTESIAN_POINT ( 'NONE',  ( 12.55923387487963439, 56.55121243730489056, -40.21180102788367350 ) ) ;
#83 = CARTESIAN_POINT ( 'NONE',  ( 10.51627862565249671, 58.09253468521373520, -45.88509160998861347 ) ) ;
#84 = CARTESIAN_POINT ( 'NONE',  ( 14.71412083437005514, 75.40959059506123197, 32.27086023148246596 ) ) ;
#85 = ORIENTED_EDGE ( 'NONE', *, *, #981, .F. ) ;
#86 = CARTESIAN_POINT ( 'NONE',  ( 13.55392486823373943, 71.77391054860544273, -42.68654070101455034 ) ) ;
#87 = CARTESIAN_POINT ( 'NONE',  ( 15.67264961179925464, 72.71892174012671717, 37.87241692266668736 ) ) ;
#88 = CARTESIAN_POINT ( 'NONE',  ( 13.69736231850857067, 72.26387458515957007, 40.29744410608679317 ) ) ;
#89 = CARTESIAN_POINT ( 'NONE',  ( 13.14255532716708252, 66.66585914268044633, -44.90088180892031033 ) ) ;
#90 = CARTESIAN_POINT ( 'NONE',  ( 15.67617601353238044, 71.77678602449248046, 40.57953413476280247 ) ) ;
#91 = ORIENTED_EDGE ( 'NONE', *, *, #742, .T. ) ;
#92 = VECTOR ( 'NONE', #771, 1000.000000000000114 ) ;
#93 = CARTESIAN_POINT ( 'NONE',  ( 13.77209167018497737, 75.22675624544321238, 35.15137108278626954 ) ) ;
#94 = VECTOR ( 'NONE', #583, 1000.000000000000000 ) ;
#95 = CARTESIAN_POINT ( 'NONE',  ( 13.25879670312930259, 53.08076529716552017, 36.04601231519981752 ) ) ;
#96 = CARTESIAN_POINT ( 'NONE',  ( 15.64211945925415570, 74.34269827647601403, 32.24721001463174730 ) ) ;
#97 = CARTESIAN_POINT ( 'NONE',  ( 10.57439342195547738, 59.07574327495306221, -46.28548752007524314 ) ) ;
#98 = CARTESIAN_POINT ( 'NONE',  ( 11.09849328752811637, 66.83934409243614994, -46.88817313057146663 ) ) ;
#99 = CARTESIAN_POINT ( 'NONE',  ( 13.78989556477661793, 73.69732599079401325, -38.67162843093806401 ) ) ;
#100 = EDGE_LOOP ( 'NONE', ( #826, #1086, #1170, #484, #283, #1359, #986, #399 ) ) ;
#101 = DIRECTION ( 'NONE',  ( -0.9975976844845455549, 0.06927380393101822964, 0.000000000000000000 ) ) ;
#102 = EDGE_CURVE ( 'NONE', #775, #851, #834, .T. ) ;
#103 = CARTESIAN_POINT ( 'NONE',  ( 12.51579103970221318, 53.39317955042614017, -33.30600994613794796 ) ) ;
#104 = CARTESIAN_POINT ( 'NONE',  ( 10.54695408283125069, 55.93691424213398022, -44.68884839017088240 ) ) ;
#105 = CARTESIAN_POINT ( 'NONE',  ( 10.46181345636635918, 57.14117532712371172, -45.42832726079731742 ) ) ;
#106 = CARTESIAN_POINT ( 'NONE',  ( 13.55876581005838055, 72.47549458939526801, -44.40946845234509510 ) ) ;
#107 = CARTESIAN_POINT ( 'NONE',  ( 13.64427466442218240, 72.28690936708061088, -40.54005043153468080 ) ) ;
#108 = FACE_OUTER_BOUND ( 'NONE', #117, .T. ) ;
#109 = EDGE_LOOP ( 'NONE', ( #860, #700, #523, #161 ) ) ;
#110 = CARTESIAN_POINT ( 'NONE',  ( 9.606617188852817790, 72.05397077957317720, -40.95327130005147609 ) ) ;
#111 = CARTESIAN_POINT ( 'NONE',  ( 11.74489686531601684, 73.36796247776885593, -39.32464930759254429 ) ) ;
#112 = CARTESIAN_POINT ( 'NONE',  ( 13.30116164644201504, 68.71299753508323249, -44.25896271884089117 ) ) ;
#113 = CARTESIAN_POINT ( 'NONE',  ( 12.67678510381488266, 59.82816997739750775, -44.53394095767404082 ) ) ;
#114 = CARTESIAN_POINT ( 'NONE',  ( 12.60106155524743876, 71.87411032493142216, -41.00284201911559023 ) ) ;
#115 = CARTESIAN_POINT ( 'NONE',  ( 12.42839995113971518, 52.47161724504049829, -34.22245080300309894 ) ) ;
#116 = DIRECTION ( 'NONE',  ( -0.9976007928356194210, 0.06922902667048991265, 0.000000000000000000 ) ) ;
#117 = EDGE_LOOP ( 'NONE', ( #562, #1122, #221, #1299, #442, #756, #313, #143 ) ) ;
#118 = CIRCLE ( 'NONE', #978, 14.49943025156098919 ) ;
#119 = CARTESIAN_POINT ( 'NONE',  ( 12.50206250364677096, 55.07815319196135562, -38.43880170225514803 ) ) ;
#120 = CARTESIAN_POINT ( 'NONE',  ( 12.59843415142663403, 71.84608221326257649, -41.02951830952452639 ) ) ;
#121 = VECTOR ( 'NONE', #840, 1000.000000000000114 ) ;
#122 = CARTESIAN_POINT ( 'NONE',  ( 12.89772683411608334, 74.63260014626531813, -36.88320871733390049 ) ) ;
#123 = DIRECTION ( 'NONE',  ( -0.06927369597379977317, -0.9975961298150306522, 0.001765452973634855718 ) ) ;
#124 = CARTESIAN_POINT ( 'NONE',  ( 14.96984097778031675, 59.57194057639649998, 46.14070543781976141 ) ) ;
#125 = ORIENTED_EDGE ( 'NONE', *, *, #848, .T. ) ;
#126 = CARTESIAN_POINT ( 'NONE',  ( 11.46482648093579293, 52.46487960931548855, -32.66743605033578035 ) ) ;
#127 = CARTESIAN_POINT ( 'NONE',  ( 12.56971929786144671, 55.95406080287950346, 40.51938444456209965 ) ) ;
#128 = PLANE ( 'NONE',  #532 ) ;
#129 = CARTESIAN_POINT ( 'NONE',  ( 12.95119727473807991, 74.99827072300568886, -35.78211583659143002 ) ) ;
#130 = EDGE_CURVE ( 'NONE', #1465, #133, #1498, .T. ) ;
#131 = CARTESIAN_POINT ( 'NONE',  ( 14.38218885166666716, 54.47746696742996875, 36.97228310679573582 ) ) ;
#132 = CARTESIAN_POINT ( 'NONE',  ( 15.41963631209842767, 66.66776768234919359, 44.44311737710337695 ) ) ;
#133 = VERTEX_POINT ( 'NONE', #350 ) ;
#134 = CARTESIAN_POINT ( 'NONE',  ( 13.50751885543144937, 55.26887804128958237, 39.83957136652587394 ) ) ;
#135 = CARTESIAN_POINT ( 'NONE',  ( 14.07130966992934873, 71.88830132354493685, 44.41675650514236651 ) ) ;
#136 = LINE ( 'NONE', #365, #485 ) ;
#137 = ADVANCED_FACE ( 'NONE', ( #1281 ), #1191, .T. ) ;
#138 = CARTESIAN_POINT ( 'NONE',  ( 12.77217844738654406, 73.58139616176985953, -38.94341415870319878 ) ) ;
#139 = CARTESIAN_POINT ( 'NONE',  ( 14.22202061024981035, 53.44583038178893730, 33.50029630201802178 ) ) ;
#140 = CARTESIAN_POINT ( 'NONE',  ( 15.71393125577739269, 71.85495703920923916, 41.84785816040508877 ) ) ;
#141 = EDGE_CURVE ( 'NONE', #1336, #1420, #907, .T. ) ;
#142 = CARTESIAN_POINT ( 'NONE',  ( 14.37506147728949912, 53.95415575872501535, 38.11943127636126150 ) ) ;
#143 = ORIENTED_EDGE ( 'NONE', *, *, #1496, .F. ) ;
#144 = CARTESIAN_POINT ( 'NONE',  ( 7.504529291031837523, 56.16194936918996916, -40.76038088558395600 ) ) ;
#145 = CARTESIAN_POINT ( 'NONE',  ( 8.925452222823508919, 72.09813197367530790, -41.83155322104029494 ) ) ;
#146 = AXIS2_PLACEMENT_3D ( 'NONE', #949, #1173, #260 ) ;
#147 = CYLINDRICAL_SURFACE ( 'NONE', #1123, 14.49943025156098919 ) ;
#148 = AXIS2_PLACEMENT_3D ( 'NONE', #428, #895, #1246 ) ;
#149 = PLANE ( 'NONE',  #825 ) ;
#150 = CARTESIAN_POINT ( 'NONE',  ( 13.20956523292646168, 52.76828960864067142, 34.96621357531390117 ) ) ;
#151 = ORIENTED_EDGE ( 'NONE', *, *, #1266, .F. ) ;
#152 = DIRECTION ( 'NONE',  ( -0.9972723208579025167, 0.06929618877018098311, 0.02541566982434743591 ) ) ;
#153 = CARTESIAN_POINT ( 'NONE',  ( 11.82139843456198491, 55.86220236923353610, -40.80999843979144970 ) ) ;
#154 = CARTESIAN_POINT ( 'NONE',  ( 12.35432520830856973, 55.08119361466370378, -44.24407876683422813 ) ) ;
#155 = CARTESIAN_POINT ( 'NONE',  ( 15.39294540207299633, 65.45763941582023904, 46.69523866312584914 ) ) ;
#156 = CARTESIAN_POINT ( 'NONE',  ( 13.22572565710615322, 52.86364527318458784, 35.34033551122609396 ) ) ;
#157 = VERTEX_POINT ( 'NONE', #1375 ) ;
#158 = CARTESIAN_POINT ( 'NONE',  ( 14.64908695123237514, 56.36844889506160428, 42.28917018874969358 ) ) ;
#159 = EDGE_CURVE ( 'NONE', #1458, #1465, #209, .T. ) ;
#160 = CARTESIAN_POINT ( 'NONE',  ( 10.68981440924292059, 72.12326696834344375, 40.70661248388453402 ) ) ;
#161 = ORIENTED_EDGE ( 'NONE', *, *, #1115, .F. ) ;
#162 = CARTESIAN_POINT ( 'NONE',  ( 15.69013415925542354, 73.74806004623472688, 35.75252366459839237 ) ) ;
#163 = CARTESIAN_POINT ( 'NONE',  ( 13.39840076036918504, 65.59623179340366050, 46.74607000302605542 ) ) ;
#164 = CARTESIAN_POINT ( 'NONE',  ( 14.51718565644133996, 55.32553609084827428, 39.95708025216801929 ) ) ;
#165 = EDGE_LOOP ( 'NONE', ( #1180, #511, #806, #676 ) ) ;
#166 = EDGE_CURVE ( 'NONE', #894, #1009, #1252, .T. ) ;
#167 = CARTESIAN_POINT ( 'NONE',  ( 12.49089089532133912, 55.81546842533904140, -40.88745923470569466 ) ) ;
#168 = CARTESIAN_POINT ( 'NONE',  ( 11.97527014513353016, 52.53417579808574089, 26.51846722428922831 ) ) ;
#169 = CARTESIAN_POINT ( 'NONE',  ( 12.48697145194855729, 54.48478000130442211, -37.41311114757643708 ) ) ;
#170 = CLOSED_SHELL ( 'NONE', ( #1486, #633, #341, #1409, #651, #999, #419, #314, #430, #865, #319, #388, #1231, #369, #137, #685, #1261, #559, #1431, #584, #513, #52, #37, #694, #226, #1405, #451, #1044 ) ) ;
#171 = CARTESIAN_POINT ( 'NONE',  ( 15.66041762325899178, 74.34269827639148787, 32.96520220671308010 ) ) ;
#172 = CARTESIAN_POINT ( 'NONE',  ( 10.46942279095970285, 55.32504154867933721, -40.17803368855187074 ) ) ;
#173 = ORIENTED_EDGE ( 'NONE', *, *, #1317, .F. ) ;
#174 = CARTESIAN_POINT ( 'NONE',  ( 14.03537621856838413, 75.34029440633085528, -33.51891702236809323 ) ) ;
#175 = CARTESIAN_POINT ( 'NONE',  ( 12.92585462662726314, 59.07947301067822821, 45.97211311468188910 ) ) ;
#176 = CARTESIAN_POINT ( 'NONE',  ( 11.46755624409043151, 55.26887804129005133, -40.20546627896425917 ) ) ;
#177 = CARTESIAN_POINT ( 'NONE',  ( 15.67074489369858092, 72.65239722678967382, 37.97905871538507938 ) ) ;
#178 = CARTESIAN_POINT ( 'NONE',  ( 13.96544583947181728, 55.85707773428716649, 43.74252396546133070 ) ) ;
#179 = CARTESIAN_POINT ( 'NONE',  ( 14.56762791283043335, 55.85102650974025096, 40.50360068346211051 ) ) ;
#180 = ORIENTED_EDGE ( 'NONE', *, *, #782, .T. ) ;
#181 = CARTESIAN_POINT ( 'NONE',  ( 13.51588067948904914, 67.40752892129123097, 46.41727614645785138 ) ) ;
#182 = CARTESIAN_POINT ( 'NONE',  ( 13.63279388019656757, 71.77933843839758765, -39.60663955855883955 ) ) ;
#183 = EDGE_CURVE ( 'NONE', #1178, #851, #136, .T. ) ;
#184 = CARTESIAN_POINT ( 'NONE',  ( 14.73413842500014503, 75.40959059506013773, 33.05632011529105796 ) ) ;
#185 = LINE ( 'NONE', #998, #435 ) ;
#186 = CARTESIAN_POINT ( 'NONE',  ( 14.67890369267452755, 71.84608221326266175, 40.60494980458715730 ) ) ;
#187 = EDGE_CURVE ( 'NONE', #1306, #38, #629, .T. ) ;
#188 = VERTEX_POINT ( 'NONE', #1309 ) ;
#189 = CARTESIAN_POINT ( 'NONE',  ( 13.16155260578183217, 52.46487960948756779, 33.90952265537416821 ) ) ;
#190 = CARTESIAN_POINT ( 'NONE',  ( 12.03106229169721075, 75.44323532103879870, -33.75421338368971647 ) ) ;
#191 = CARTESIAN_POINT ( 'NONE',  ( 11.48164973981828574, 55.61444268562000559, -40.59464585513435964 ) ) ;
#192 = MECHANICAL_DESIGN_GEOMETRIC_PRESENTATION_REPRESENTATION (  '', ( #1488 ), #240 ) ;
#193 = FACE_OUTER_BOUND ( 'NONE', #1258, .T. ) ;
#194 = EDGE_LOOP ( 'NONE', ( #392, #378, #733, #789 ) ) ;
#195 = VECTOR ( 'NONE', #757, 1000.000000000000000 ) ;
#196 = CARTESIAN_POINT ( 'NONE',  ( 14.45544144078998450, 55.82303003540359754, 39.64559105014127027 ) ) ;
#197 = CARTESIAN_POINT ( 'NONE',  ( 11.93439320065336240, 74.94472699288256479, -36.18817172500563828 ) ) ;
#198 = CARTESIAN_POINT ( 'NONE',  ( 13.19359990959832807, 67.33686247771203170, -44.72747007320283075 ) ) ;
#199 = CARTESIAN_POINT ( 'NONE',  ( 14.76106925515303914, 75.09650786138809053, 34.96666959797556729 ) ) ;
#200 = CARTESIAN_POINT ( 'NONE',  ( 12.91509093044800949, 74.75836676222679955, -36.54477240827608853 ) ) ;
#201 = ORIENTED_EDGE ( 'NONE', *, *, #859, .F. ) ;
#202 = CARTESIAN_POINT ( 'NONE',  ( 11.65235737682805350, 71.89831487285138678, -44.82134093567698585 ) ) ;
#203 = CARTESIAN_POINT ( 'NONE',  ( 15.64767866395150264, 71.98515479051084753, 38.89322094314172773 ) ) ;
#204 = CARTESIAN_POINT ( 'NONE',  ( 10.42834231932972777, 56.53125758652723221, -45.07873441379417301 ) ) ;
#205 = CARTESIAN_POINT ( 'NONE',  ( 12.88250615621226913, 63.03362808956233465, -45.20148657732824660 ) ) ;
#206 = CARTESIAN_POINT ( 'NONE',  ( 13.58704804251074272, 71.30772954478483427, -40.11578839825019571 ) ) ;
#207 = CARTESIAN_POINT ( 'NONE',  ( 14.76674173233046439, 74.22946838233325195, 37.55324458678594368 ) ) ;
#208 = CARTESIAN_POINT ( 'NONE',  ( 14.40450650841998659, 55.82656928603221047, 39.80167142616490139 ) ) ;
#209 = LINE ( 'NONE', #1018, #267 ) ;
#210 = CARTESIAN_POINT ( 'NONE',  ( 13.45892447666276581, 70.61622858194570540, -43.25777541515908098 ) ) ;
#211 = CARTESIAN_POINT ( 'NONE',  ( 12.74205467843162864, 60.88187442868508725, -44.84580220153412711 ) ) ;
#212 = CARTESIAN_POINT ( 'NONE',  ( 12.79262324392893646, 73.76662217974705982, -38.64621276121761895 ) ) ;
#213 = ORIENTED_EDGE ( 'NONE', *, *, #848, .F. ) ;
#214 = FACE_OUTER_BOUND ( 'NONE', #1037, .T. ) ;
#215 = AXIS2_PLACEMENT_3D ( 'NONE', #64, #1228, #413 ) ;
#216 = CARTESIAN_POINT ( 'NONE',  ( 12.53137249777024387, 53.39317955036040786, -32.69461717302593939 ) ) ;
#217 = CARTESIAN_POINT ( 'NONE',  ( 12.63110278832649236, 72.19457839638928931, -40.69783041355283615 ) ) ;
#218 = CARTESIAN_POINT ( 'NONE',  ( 12.83533383405687900, 62.32918467215784375, -45.13178183035680036 ) ) ;
#219 = CARTESIAN_POINT ( 'NONE',  ( 14.73403440395197528, 75.40959059506005246, 33.05223848713579571 ) ) ;
#220 = CARTESIAN_POINT ( 'NONE',  ( 13.67931972548418962, 72.24234578929763018, -39.04343217434129798 ) ) ;
#221 = ORIENTED_EDGE ( 'NONE', *, *, #183, .T. ) ;
#222 = CARTESIAN_POINT ( 'NONE',  ( 13.73350544351289670, 73.12588956251785532, 39.36534927634794201 ) ) ;
#223 = CARTESIAN_POINT ( 'NONE',  ( 12.50403594431260501, 53.44583038177795231, -33.91081530108637310 ) ) ;
#224 = CARTESIAN_POINT ( 'NONE',  ( 12.96786212873010236, 75.15746005667296004, -35.56224425579107162 ) ) ;
#225 = CARTESIAN_POINT ( 'NONE',  ( 13.14045433308267441, 66.63791039707481900, -44.90711897270076491 ) ) ;
#226 = ADVANCED_FACE ( 'NONE', ( #597 ), #1069, .T. ) ;
#227 = CARTESIAN_POINT ( 'NONE',  ( 13.46490701824370539, 70.68602095132726504, -43.21331945820495690 ) ) ;
#228 = CARTESIAN_POINT ( 'NONE',  ( 13.74369963896566027, 72.84251761525416669, -38.15363915513031401 ) ) ;
#229 = ORIENTED_EDGE ( 'NONE', *, *, #1084, .F. ) ;
#230 = CARTESIAN_POINT ( 'NONE',  ( 14.67890369267453288, 71.84608221326266175, 40.60494980458715020 ) ) ;
#231 = VERTEX_POINT ( 'NONE', #1415 ) ;
#232 = CARTESIAN_POINT ( 'NONE',  ( 13.05812148833324393, 75.40959059506123197, -32.70804146872943363 ) ) ;
#233 = CARTESIAN_POINT ( 'NONE',  ( 11.81624853119114782, 74.02212619640089031, -38.30850497341106120 ) ) ;
#234 = CARTESIAN_POINT ( 'NONE',  ( 13.71332910316702680, 70.70616612740110440, 45.17107099008094906 ) ) ;
#235 = FILL_AREA_STYLE_COLOUR ( '', #1238 ) ;
#236 = CARTESIAN_POINT ( 'NONE',  ( 12.85022652239693741, 58.12812250583715468, 45.59845186854974486 ) ) ;
#237 = ORIENTED_EDGE ( 'NONE', *, *, #24, .T. ) ;
#238 = ORIENTED_EDGE ( 'NONE', *, *, #141, .F. ) ;
#239 = B_SPLINE_SURFACE_WITH_KNOTS ( 'NONE', 3, 1, ( 
 ( #647, #1004 ),
 ( #401, #1219 ),
 ( #854, #1325 ),
 ( #1339, #285 ),
 ( #189, #634 ),
 ( #36, #60 ) ),
 .UNSPECIFIED., .F., .F., .F.,
 ( 4, 1, 1, 4 ),
 ( 2, 2 ),
 ( 0.2215186901567229583, 0.2228565157507856054, 0.2530586709411715152, 0.2832608261206322475 ),
 ( 0.000000000000000000, 1.000000000000000000 ),
 .UNSPECIFIED. ) ;
#240 =( GEOMETRIC_REPRESENTATION_CONTEXT ( 3 ) GLOBAL_UNCERTAINTY_ASSIGNED_CONTEXT ( ( #1481 ) ) GLOBAL_UNIT_ASSIGNED_CONTEXT ( ( #698, #31, #497 ) ) REPRESENTATION_CONTEXT ( 'NONE', 'WORKASPACE' ) );
#241 = CARTESIAN_POINT ( 'NONE',  ( 15.71004025785627967, 71.77443294297387411, 41.91473141056279417 ) ) ;
#242 = DIRECTION ( 'NONE',  ( 0.06931858077286136288, 0.9975945741430415348, 0.000000000000000000 ) ) ;
#243 = CARTESIAN_POINT ( 'NONE',  ( 11.49361857446346491, 55.88476461410921559, -40.86204356488134692 ) ) ;
#244 = CARTESIAN_POINT ( 'NONE',  ( 14.56426393957724308, 55.81546842533913377, 40.46855310491341129 ) ) ;
#245 = CARTESIAN_POINT ( 'NONE',  ( 13.03748386403475834, 60.52287423691696233, 46.41682084421656640 ) ) ;
#246 = EDGE_LOOP ( 'NONE', ( #180, #602, #1380, #1237 ) ) ;
#247 = B_SPLINE_CURVE_WITH_KNOTS ( 'NONE', 3,
 ( #1077, #145, #605, #29 ),
 .UNSPECIFIED., .F., .F.,
 ( 4, 4 ),
 ( 0.000000000000000000, 0.001668473828101544763 ),
 .UNSPECIFIED. ) ;
#248 = CARTESIAN_POINT ( 'NONE',  ( 14.25725432450270880, 53.01968450432872260, 36.04470664412365011 ) ) ;
#249 = ORIENTED_EDGE ( 'NONE', *, *, #909, .T. ) ;
#250 = EDGE_CURVE ( 'NONE', #842, #10, #472, .T. ) ;
#251 = CARTESIAN_POINT ( 'NONE',  ( 15.27790946942462469, 64.50996404474452106, 44.76525371802469522 ) ) ;
#252 = DIRECTION ( 'NONE',  ( 0.02559921225835747396, 0.001761778159921252541, 0.9996707340266928199 ) ) ;
#253 = CARTESIAN_POINT ( 'NONE',  ( 13.59570647228446383, 71.77678602449240941, -41.05493397934886701 ) ) ;
#254 = EDGE_CURVE ( 'NONE', #704, #938, #1487, .T. ) ;
#255 = SURFACE_STYLE_FILL_AREA ( #1168 ) ;
#256 = CARTESIAN_POINT ( 'NONE',  ( 13.25226013576889272, 63.46990285944723098, 46.80920000660213276 ) ) ;
#257 = CARTESIAN_POINT ( 'NONE',  ( 14.33276687934962901, 53.59112786490729974, 37.44965619260843681 ) ) ;
#258 = EDGE_LOOP ( 'NONE', ( #1043, #631, #977, #646 ) ) ;
#259 = DIRECTION ( 'NONE',  ( 0.9976007928356194210, -0.06922902667048998204, 0.000000000000000000 ) ) ;
#260 = DIRECTION ( 'NONE',  ( -0.9996754107725055460, 0.000000000000000000, 0.02547691301595102903 ) ) ;
#261 = CARTESIAN_POINT ( 'NONE',  ( 11.21888279026430801, 68.42162181336124149, -46.47837463865353413 ) ) ;
#262 = B_SPLINE_CURVE_WITH_KNOTS ( 'NONE', 3,
 ( #1367, #86, #445, #316, #678, #1023, #549, #1039, #538, #452, #1390, #668, #776, #1141, #202, #1360 ),
 .UNSPECIFIED., .F., .F.,
 ( 4, 2, 2, 2, 2, 2, 2, 4 ),
 ( 0.000000000000000000, 0.0008781667694150284290, 0.001317250154122541830, 0.001756333538830055340, 0.002195416923537568416, 0.002634500308245081926, 0.003073583692952595436, 0.003512667077660108945 ),
 .UNSPECIFIED. ) ;
#263 = CARTESIAN_POINT ( 'NONE',  ( 14.52692143701045246, 55.81806319614837264, 38.99621528388183123 ) ) ;
#264 = CARTESIAN_POINT ( 'NONE',  ( 13.47949917686700161, 66.84191568400306949, 46.53187379923011946 ) ) ;
#265 = CARTESIAN_POINT ( 'NONE',  ( 10.72367771223029642, 72.12091395223656320, 42.04177264472151165 ) ) ;
#266 = CARTESIAN_POINT ( 'NONE',  ( 12.89640170717674117, 74.62280942742710010, -36.90851015232632193 ) ) ;
#267 = VECTOR ( 'NONE', #1136, 1000.000000000000000 ) ;
#268 = VECTOR ( 'NONE', #1460, 1000.000000000000000 ) ;
#269 = DIRECTION ( 'NONE',  ( -0.9996754107725441818, 0.000000000000000000, 0.02547691301443831893 ) ) ;
#270 = CARTESIAN_POINT ( 'NONE',  ( 15.17502231230897891, 63.03817232095586576, 44.74097905418943810 ) ) ;
#271 = DIRECTION ( 'NONE',  ( -0.02559921225847591741, -0.001761778161621840996, -0.9996707340266868247 ) ) ;
#272 = ORIENTED_EDGE ( 'NONE', *, *, #159, .T. ) ;
#273 = CARTESIAN_POINT ( 'NONE',  ( 14.18737184380430350, 53.39317955036040786, 32.28428452707808560 ) ) ;
#274 = CARTESIAN_POINT ( 'NONE',  ( 15.76398093681657997, 74.68907057358482859, 36.08448045214905164 ) ) ;
#275 = CARTESIAN_POINT ( 'NONE',  ( 15.27799607252396541, 64.51102627374626763, 44.76575570961254158 ) ) ;
#276 = CARTESIAN_POINT ( 'NONE',  ( 14.54044398764694002, 55.95339776722795477, 39.15782800158264365 ) ) ;
#277 = ORIENTED_EDGE ( 'NONE', *, *, #1289, .T. ) ;
#278 = CARTESIAN_POINT ( 'NONE',  ( 14.96632154614944632, 60.21744558764885369, 44.24262959734124934 ) ) ;
#279 = CARTESIAN_POINT ( 'NONE',  ( 13.23400512908492743, 63.21210811596063195, 46.79578231286665613 ) ) ;
#280 = CARTESIAN_POINT ( 'NONE',  ( 12.48339099328132384, 54.08174216882510876, -36.45471447479344107 ) ) ;
#281 = CARTESIAN_POINT ( 'NONE',  ( 15.63030757190381870, 71.55486797981546943, 39.38478881695231593 ) ) ;
#282 = CARTESIAN_POINT ( 'NONE',  ( 10.42092453023682808, 52.85502767437404259, -35.34650355305547720 ) ) ;
#283 = ORIENTED_EDGE ( 'NONE', *, *, #1184, .T. ) ;
#284 = CARTESIAN_POINT ( 'NONE',  ( 10.57517465614561303, 56.09265318041987314, 40.57021578421079511 ) ) ;
#285 = CARTESIAN_POINT ( 'NONE',  ( 12.28738687886711567, 53.19499521107001527, 36.96372066355079511 ) ) ;
#286 = CARTESIAN_POINT ( 'NONE',  ( 10.72367771223029642, 72.12091395223656320, 42.04177264472151165 ) ) ;
#287 = CARTESIAN_POINT ( 'NONE',  ( 14.76038919731687216, 74.14492774556693178, 37.53448201180376742 ) ) ;
#288 = VECTOR ( 'NONE', #1182, 1000.000000000000000 ) ;
#289 = DIRECTION ( 'NONE',  ( 0.9972723208579024057, -0.06929618877018393908, -0.02541566982434771693 ) ) ;
#290 = ORIENTED_EDGE ( 'NONE', *, *, #1381, .F. ) ;
#291 = LINE ( 'NONE', #874, #311 ) ;
#292 = CARTESIAN_POINT ( 'NONE',  ( 12.71769234772748369, 56.52903189559543762, 44.75795546120660617 ) ) ;
#293 = CARTESIAN_POINT ( 'NONE',  ( 12.48615959441173473, 53.75721069895207904, -35.46123905401783816 ) ) ;
#294 = APPLICATION_CONTEXT ( 'automotive_design' ) ;
#295 = EDGE_CURVE ( 'NONE', #10, #1178, #247, .T. ) ;
#296 = CARTESIAN_POINT ( 'NONE',  ( 15.68071106797219372, 71.87759189241121760, 40.48263414341602839 ) ) ;
#297 = CARTESIAN_POINT ( 'NONE',  ( 10.46755416007787076, 52.53417579808566984, -32.64202038051142551 ) ) ;
#298 = ORIENTED_EDGE ( 'NONE', *, *, #1362, .F. ) ;
#299 = CARTESIAN_POINT ( 'NONE',  ( 9.928351267556982052, 64.21435303469966982, 32.39172158765769183 ) ) ;
#300 = CARTESIAN_POINT ( 'NONE',  ( 12.40961856028738453, 53.01968450432743651, -36.45371733649719914 ) ) ;
#301 = CARTESIAN_POINT ( 'NONE',  ( 15.64211945925411662, 74.34269827647601403, 32.24721001463023384 ) ) ;
#302 = DIRECTION ( 'NONE',  ( 0.000000000000000000, 0.000000000000000000, 1.000000000000000000 ) ) ;
#303 = CARTESIAN_POINT ( 'NONE',  ( 10.42225578499397010, 52.82267983703572156, -35.20607029324048654 ) ) ;
#304 = ORIENTED_EDGE ( 'NONE', *, *, #859, .T. ) ;
#305 = EDGE_CURVE ( 'NONE', #157, #1336, #836, .T. ) ;
#306 = LINE ( 'NONE', #661, #578 ) ;
#307 = CARTESIAN_POINT ( 'NONE',  ( 13.68163137181657341, 71.91537840203285725, 40.63036547441149793 ) ) ;
#308 = CARTESIAN_POINT ( 'NONE',  ( 13.77835133683419677, 71.90865774529044074, 44.44383411618046864 ) ) ;
#309 = VECTOR ( 'NONE', #1161, 1000.000000000000000 ) ;
#310 = B_SPLINE_CURVE_WITH_KNOTS ( 'NONE', 3,
 ( #241, #705, #1428, #827, #379, #1047, #1300, #1513, #251, #1399, #349, #1331, #278, #35, #1083, #516, #158, #1217 ),
 .UNSPECIFIED., .F., .F.,
 ( 4, 2, 2, 2, 2, 2, 2, 2, 4 ),
 ( 0.000000000000000000, 0.002187703523755202880, 0.004375407047510405760, 0.006563110571265608206, 0.008750814095020811520, 0.01093851761877601483, 0.01312622114253121641, 0.01531392466628641973, 0.01750162819004162304 ),
 .UNSPECIFIED. ) ;
#311 = VECTOR ( 'NONE', #1210, 1000.000000000000000 ) ;
#312 = CARTESIAN_POINT ( 'NONE',  ( 14.76667830717298990, 74.76645847329787387, 36.08664468511855716 ) ) ;
#313 = ORIENTED_EDGE ( 'NONE', *, *, #1084, .T. ) ;
#314 = ADVANCED_FACE ( 'NONE', ( #817 ), #965, .T. ) ;
#315 = B_SPLINE_CURVE_WITH_KNOTS ( 'NONE', 3,
 ( #1282, #1062, #234, #1166, #869, #53, #416, #181, #1109, #1101, #394, #409, #279, #862, #44, #972, #883, #175, #743, #982, #292, #525 ),
 .UNSPECIFIED., .F., .F.,
 ( 4, 2, 2, 2, 2, 2, 2, 2, 2, 2, 4 ),
 ( 0.000000000000000000, 0.1249999999999980849, 0.1874999999999971134, 0.2499999999999961697, 0.3749999999999962252, 0.4999999999999963363, 0.5624999999999963363, 0.6249999999999964473, 0.7499999999999975575, 0.8749999999999987788, 1.000000000000000000 ),
 .UNSPECIFIED. ) ;
#316 = CARTESIAN_POINT ( 'NONE',  ( 13.37455398323797873, 71.78384204027589988, -43.39740531251136701 ) ) ;
#317 = CARTESIAN_POINT ( 'NONE',  ( 15.65491695213528089, 72.17975607621784206, 38.64665718871356859 ) ) ;
#318 = CARTESIAN_POINT ( 'NONE',  ( 11.42380293964984439, 54.00281831075573535, -38.47034952140759145 ) ) ;
#319 = ADVANCED_FACE ( 'NONE', ( #941 ), #128, .F. ) ;
#320 = CARTESIAN_POINT ( 'NONE',  ( 12.59496189638609565, 71.80904156071936484, -41.06477245778305729 ) ) ;
#321 = ORIENTED_EDGE ( 'NONE', *, *, #1297, .F. ) ;
#322 = CARTESIAN_POINT ( 'NONE',  ( 10.49437593804304569, 55.90956027134500772, -40.79260874987986085 ) ) ;
#323 = CARTESIAN_POINT ( 'NONE',  ( 14.15068178011841127, 55.84420648092776673, 40.22496668829526101 ) ) ;
#324 = CARTESIAN_POINT ( 'NONE',  ( 10.39779730465052587, 55.94727850878510367, -44.68504710205028374 ) ) ;
#325 = CARTESIAN_POINT ( 'NONE',  ( 12.76668585853335003, 61.26919602441594748, -44.93534996017059768 ) ) ;
#326 = CARTESIAN_POINT ( 'NONE',  ( 12.51199513641345362, 57.98414824154020408, -45.97229749893263318 ) ) ;
#327 = CARTESIAN_POINT ( 'NONE',  ( 14.79974561888949580, 58.13105319637080015, 43.39502177382929915 ) ) ;
#328 = ORIENTED_EDGE ( 'NONE', *, *, #1357, .F. ) ;
#329 = CARTESIAN_POINT ( 'NONE',  ( 11.42409970215045334, 52.46487960948749674, -34.26549305583448302 ) ) ;
#330 = B_SPLINE_CURVE_WITH_KNOTS ( 'NONE', 3,
 ( #263, #960, #1424, #131, #1439, #1432, #375, #139, #722, #599 ),
 .UNSPECIFIED., .F., .F.,
 ( 4, 2, 2, 2, 4 ),
 ( 0.000000000000000000, 0.001832331680543803796, 0.003664663361087607592, 0.005496995041631411172, 0.007329326722175215185 ),
 .UNSPECIFIED. ) ;
#331 = B_SPLINE_CURVE_WITH_KNOTS ( 'NONE', 3,
 ( #1280, #487, #135, #581, #1421, #19, #1308, #5, #1156, #464, #471, #12, #372, #843 ),
 .UNSPECIFIED., .F., .F.,
 ( 4, 2, 2, 2, 2, 2, 4 ),
 ( 0.000000000000000000, 0.0004397468629042954632, 0.0008794937258085909265, 0.001319240588712886336, 0.001758987451617181853, 0.002638481177425760094, 0.003517974903234338552 ),
 .UNSPECIFIED. ) ;
#332 = CARTESIAN_POINT ( 'NONE',  ( 14.53109215601541493, 55.81777339072069566, 39.16065812808893298 ) ) ;
#333 = CARTESIAN_POINT ( 'NONE',  ( 14.11809814783050321, 52.39558342054537832, 32.28604998005171467 ) ) ;
#334 = CARTESIAN_POINT ( 'NONE',  ( 13.73350544351289670, 73.12588956251785532, 39.36534927634794201 ) ) ;
#335 = CARTESIAN_POINT ( 'NONE',  ( 13.49795519204028516, 71.77764790162873965, -44.89289581921065775 ) ) ;
#336 = CARTESIAN_POINT ( 'NONE',  ( 13.65705680405165801, 72.41801858728177876, -40.39596983847000899 ) ) ;
#337 = ORIENTED_EDGE ( 'NONE', *, *, #408, .T. ) ;
#338 = VECTOR ( 'NONE', #582, 1000.000000000000000 ) ;
#339 = CARTESIAN_POINT ( 'NONE',  ( 13.68163137181656985, 71.91537840203285725, 40.63036547441149793 ) ) ;
#340 = CONICAL_SURFACE ( 'NONE', #148, 12.50078937908548582, 0.7853981633974452814 ) ;
#341 = ADVANCED_FACE ( 'NONE', ( #579 ), #939, .F. ) ;
#342 = CARTESIAN_POINT ( 'NONE',  ( 13.33361444836515375, 53.64497981754698941, 37.44340812522350603 ) ) ;
#343 = CARTESIAN_POINT ( 'NONE',  ( 11.88401067314996595, 74.57472053292735836, -37.15627773239415887 ) ) ;
#344 = CARTESIAN_POINT ( 'NONE',  ( 12.58104766387029372, 58.20258064586165148, -43.85834018173388671 ) ) ;
#345 = CARTESIAN_POINT ( 'NONE',  ( 10.66487541625799906, 60.54326762743365009, -46.73633757357963958 ) ) ;
#346 = CARTESIAN_POINT ( 'NONE',  ( 12.72209647365843921, 73.10914885296865862, -39.62096574929817194 ) ) ;
#347 = CARTESIAN_POINT ( 'NONE',  ( 12.41258004331187337, 52.79434908463466058, -35.72313297830940826 ) ) ;
#348 = VERTEX_POINT ( 'NONE', #798 ) ;
#349 = CARTESIAN_POINT ( 'NONE',  ( 15.12429173422327722, 62.32690325727271841, 44.68967345997796770 ) ) ;
#350 = CARTESIAN_POINT ( 'NONE',  ( 12.12355350611469795, 52.53417579808574089, 32.33688131970041013 ) ) ;
#351 = CARTESIAN_POINT ( 'NONE',  ( 12.99796839976268359, 75.25300344637058458, -34.64142028465238354 ) ) ;
#352 = CARTESIAN_POINT ( 'NONE',  ( 11.38029249363867201, 70.45124183506096927, -45.67869092067773096 ) ) ;
#353 = CARTESIAN_POINT ( 'NONE',  ( 12.83621517506246157, 74.14492774557237453, -37.96718708334284287 ) ) ;
#354 = ORIENTED_EDGE ( 'NONE', *, *, #519, .T. ) ;
#355 = CARTESIAN_POINT ( 'NONE',  ( 13.73007785462727703, 72.71892174012683085, -38.35115137582003797 ) ) ;
#356 = EDGE_LOOP ( 'NONE', ( #3, #554, #711, #328, #1427, #1451, #1230, #963 ) ) ;
#357 = DIRECTION ( 'NONE',  ( 0.06931858077286134900, 0.9975945741430414238, 0.000000000000000000 ) ) ;
#358 = CARTESIAN_POINT ( 'NONE',  ( 13.52709567101058497, 71.78441599579865340, -40.24443573920007111 ) ) ;
#359 = CARTESIAN_POINT ( 'NONE',  ( 11.08909231013697116, 66.71683532585156229, -46.92303130789031940 ) ) ;
#360 = CARTESIAN_POINT ( 'NONE',  ( 15.64958842306357845, 69.54754164082986279, 45.61434425229690248 ) ) ;
#361 = ORIENTED_EDGE ( 'NONE', *, *, #974, .T. ) ;
#362 = CARTESIAN_POINT ( 'NONE',  ( 14.28314184608789361, 53.75721069895082849, 35.04961795093466037 ) ) ;
#363 = AXIS2_PLACEMENT_3D ( 'NONE', #1358, #1457, #405 ) ;
#364 = DIRECTION ( 'NONE',  ( -0.06922859512107923385, -0.9975945741430417568, 0.003530900441105888372 ) ) ;
#365 = CARTESIAN_POINT ( 'NONE',  ( 8.609344867995007533, 72.12326696834335849, -40.92785563022713546 ) ) ;
#366 = CARTESIAN_POINT ( 'NONE',  ( 12.50402190966825700, 55.81861574980894147, -39.74078417050608891 ) ) ;
#367 = FACE_OUTER_BOUND ( 'NONE', #1163, .T. ) ;
#368 = CARTESIAN_POINT ( 'NONE',  ( 13.34163069287771286, 64.75336328106095607, 46.81659179490370803 ) ) ;
#369 = ADVANCED_FACE ( 'NONE', ( #108 ), #692, .T. ) ;
#370 = CARTESIAN_POINT ( 'NONE',  ( 14.20527946427028354, 53.39317955094775670, 32.98695238143228892 ) ) ;
#371 = ORIENTED_EDGE ( 'NONE', *, *, #1105, .F. ) ;
#372 = CARTESIAN_POINT ( 'NONE',  ( 15.71755171778789872, 71.77391100374575217, 42.21089277598434819 ) ) ;
#373 = CARTESIAN_POINT ( 'NONE',  ( 15.63944308803980121, 71.77933843839767292, 39.13123067992266613 ) ) ;
#374 = CARTESIAN_POINT ( 'NONE',  ( 12.59843415142663048, 71.84608221326257649, -41.02951830952452639 ) ) ;
#375 = CARTESIAN_POINT ( 'NONE',  ( 14.26705002566413860, 53.65527216862012239, 34.69613620041759816 ) ) ;
#376 = CARTESIAN_POINT ( 'NONE',  ( 13.81560400775180319, 72.61396886350649993, 43.98253150726062444 ) ) ;
#377 = CARTESIAN_POINT ( 'NONE',  ( 14.26838876306110393, 53.67016027332300609, 34.70807359333564079 ) ) ;
#378 = ORIENTED_EDGE ( 'NONE', *, *, #522, .T. ) ;
#379 = CARTESIAN_POINT ( 'NONE',  ( 15.54509351808979467, 68.71088626048447168, 43.79527564022328079 ) ) ;
#380 = CARTESIAN_POINT ( 'NONE',  ( 14.29995332666505625, 53.33896354064066259, 36.84963182439465612 ) ) ;
#381 = CARTESIAN_POINT ( 'NONE',  ( 12.36596459083639665, 55.82652929939562370, -40.21176887447796844 ) ) ;
#382 = FACE_OUTER_BOUND ( 'NONE', #356, .T. ) ;
#383 = CARTESIAN_POINT ( 'NONE',  ( 15.15546357932893784, 62.05422274510232938, 46.65627669754154283 ) ) ;
#384 = CARTESIAN_POINT ( 'NONE',  ( 12.46209880179367779, 52.39558342054530726, -32.69285172016012098 ) ) ;
#385 = EDGE_LOOP ( 'NONE', ( #725, #321, #173, #608 ) ) ;
#386 = CARTESIAN_POINT ( 'NONE',  ( 12.56971929786144671, 55.95406080287950346, 40.51938444456209965 ) ) ;
#387 = AXIS2_PLACEMENT_3D ( 'NONE', #299, #517, #1446 ) ;
#388 = ADVANCED_FACE ( 'NONE', ( #903 ), #1307, .T. ) ;
#389 = CARTESIAN_POINT ( 'NONE',  ( 15.63944308803980121, 71.77933843839767292, 39.13123067992266613 ) ) ;
#390 = EDGE_LOOP ( 'NONE', ( #1413, #1146, #406, #213 ) ) ;
#391 = CARTESIAN_POINT ( 'NONE',  ( 13.16091893762411225, 62.19281512259800593, 46.70710803765479824 ) ) ;
#392 = ORIENTED_EDGE ( 'NONE', *, *, #71, .F. ) ;
#393 = CARTESIAN_POINT ( 'NONE',  ( 12.95034440196566905, 74.99302745451400654, -35.80128542326882979 ) ) ;
#394 = CARTESIAN_POINT ( 'NONE',  ( 13.33324383673554969, 64.63336397861149862, 46.81468410660338719 ) ) ;
#395 = CARTESIAN_POINT ( 'NONE',  ( 12.49438802216334565, 54.81621954937656227, -38.02577087308515758 ) ) ;
#396 = CARTESIAN_POINT ( 'NONE',  ( 15.61969129569607695, 71.30772954477995995, 39.64204873885160652 ) ) ;
#397 =( BOUNDED_SURFACE ( )  B_SPLINE_SURFACE ( 3, 2, ( 
 ( #1507, #795, #1144 ),
 ( #1138, #106, #779 ),
 ( #227, #335, #689 ),
 ( #1051, #674, #352 ),
 ( #1159, #802, #925 ),
 ( #917, #456, #1283 ),
 ( #1249, #575, #1 ),
 ( #89, #1256, #552 ),
 ( #1402, #1378, #98 ),
 ( #1500, #681, #1370 ),
 ( #910, #560, #1029 ),
 ( #205, #787, #1386 ),
 ( #547, #663, #467 ),
 ( #440, #448, #1394 ),
 ( #211, #1035, #345 ),
 ( #811, #1131, #1267 ),
 ( #113, #1493, #1151 ),
 ( #568, #326, #658 ),
 ( #1041, #933, #1020 ),
 ( #1483, #433, #900 ),
 ( #1071, #154, #8 ),
 ( #1312, #1189, #951 ) ),
 .UNSPECIFIED., .F., .F., .T. ) 
 B_SPLINE_SURFACE_WITH_KNOTS ( ( 4, 2, 2, 2, 2, 2, 2, 2, 2, 2, 4 ),
 ( 3, 3 ),
 ( 0.1807712240015092453, 0.1829454959911289702, 0.1851197679807486951, 0.1862069039755585576, 0.1872940399703684200, 0.1894683119599881171, 0.1916425839496078143, 0.1927297199444176767, 0.1938168559392275392, 0.1959911279288472641, 0.1981653999184669890 ),
 ( 0.000000000000000000, 1.000000000000000000 ),
 .UNSPECIFIED. ) 
 GEOMETRIC_REPRESENTATION_ITEM ( )  RATIONAL_B_SPLINE_SURFACE ( (
 ( 1.000000000000000000, 0.7071067811865469066, 1.000000000000000000),
 ( 1.000000000000000000, 0.7071067811865469066, 1.000000000000000000),
 ( 1.000000000000000000, 0.7071067811865452413, 1.000000000000000000),
 ( 1.000000000000000000, 0.7071067811865452413, 1.000000000000000000),
 ( 1.000000000000000000, 0.7071067811865472397, 1.000000000000000000),
 ( 1.000000000000000000, 0.7071067811865472397, 1.000000000000000000),
 ( 1.000000000000000000, 0.7071067811865467956, 1.000000000000000000),
 ( 1.000000000000000000, 0.7071067811865467956, 1.000000000000000000),
 ( 1.000000000000000000, 0.7071067811865465735, 1.000000000000000000),
 ( 1.000000000000000000, 0.7071067811865465735, 1.000000000000000000),
 ( 1.000000000000000000, 0.7071067811865466846, 1.000000000000000000),
 ( 1.000000000000000000, 0.7071067811865466846, 1.000000000000000000),
 ( 1.000000000000000000, 0.7071067811865465735, 1.000000000000000000),
 ( 1.000000000000000000, 0.7071067811865465735, 1.000000000000000000),
 ( 1.000000000000000000, 0.7071067811865487940, 1.000000000000000000),
 ( 1.000000000000000000, 0.7071067811865487940, 1.000000000000000000),
 ( 1.000000000000000000, 0.7071067811865467956, 1.000000000000000000),
 ( 1.000000000000000000, 0.7071067811865467956, 1.000000000000000000),
 ( 1.000000000000000000, 0.7071067811865473507, 1.000000000000000000),
 ( 1.000000000000000000, 0.7071067811865473507, 1.000000000000000000),
 ( 1.000000000000000000, 0.7071067811865487940, 1.000000000000000000),
 ( 1.000000000000000000, 0.7071067811865487940, 1.000000000000000000) ) ) 
 REPRESENTATION_ITEM ( '' )  SURFACE ( )  );
#398 = CARTESIAN_POINT ( 'NONE',  ( 10.41712365965258691, 53.51482149181691028, -37.29458126629013748 ) ) ;
#399 = ORIENTED_EDGE ( 'NONE', *, *, #885, .T. ) ;
#400 = CARTESIAN_POINT ( 'NONE',  ( 14.01004336493076430, 75.26089480938756537, -34.29645562007805637 ) ) ;
#401 = CARTESIAN_POINT ( 'NONE',  ( 13.56278164508450779, 55.84026408257491170, 40.45010713537560321 ) ) ;
#402 = FACE_OUTER_BOUND ( 'NONE', #1082, .T. ) ;
#403 = CARTESIAN_POINT ( 'NONE',  ( 14.76670861594880613, 74.75836676222780852, 36.10989612193333897 ) ) ;
#404 = DIRECTION ( 'NONE',  ( 0.9972723208579022947, -0.06929618877018391132, -0.02541566982434765448 ) ) ;
#405 = DIRECTION ( 'NONE',  ( 0.06931858077285690811, 0.9975945741430417568, 1.810021992888359193E-15 ) ) ;
#406 = ORIENTED_EDGE ( 'NONE', *, *, #187, .F. ) ;
#407 = CARTESIAN_POINT ( 'NONE',  ( 13.90290306900165440, 74.05316257081200604, -35.20757897635085243 ) ) ;
#408 = EDGE_CURVE ( 'NONE', #38, #1326, #1245, .T. ) ;
#409 = CARTESIAN_POINT ( 'NONE',  ( 13.25897126688160022, 63.56607064824720510, 46.81033175150087544 ) ) ;
#410 = CARTESIAN_POINT ( 'NONE',  ( 12.53852141491656624, 56.06839648584720237, -39.70812190457533575 ) ) ;
#411 = CARTESIAN_POINT ( 'NONE',  ( 14.68955455607823168, 72.08552643398189730, 40.37002541761045649 ) ) ;
#412 = AXIS2_PLACEMENT_3D ( 'NONE', #846, #1058, #820 ) ;
#413 = DIRECTION ( 'NONE',  ( 0.06931858077285556197, 0.9975945741430419789, 6.033406642961197638E-16 ) ) ;
#414 = DIRECTION ( 'NONE',  ( -0.9996754107725055460, 0.000000000000000000, 0.02547691301595102903 ) ) ;
#415 = EDGE_LOOP ( 'NONE', ( #42, #1097, #27, #718 ) ) ;
#416 = CARTESIAN_POINT ( 'NONE',  ( 13.57888899934655669, 68.42482622270156867, 46.11595131381699986 ) ) ;
#417 = CARTESIAN_POINT ( 'NONE',  ( 9.577902335287738822, 56.16194936919005443, 40.59563145403514284 ) ) ;
#418 = CARTESIAN_POINT ( 'NONE',  ( 14.73065763716181564, 73.10914885296695331, 39.19192672831321289 ) ) ;
#419 = ADVANCED_FACE ( 'NONE', ( #214 ), #677, .F. ) ;
#420 = PRODUCT_CONTEXT ( 'NONE', #1471, 'mechanical' ) ;
#421 = CARTESIAN_POINT ( 'NONE',  ( 14.54235675599150923, 55.58552361516462526, 40.23589628783710026 ) ) ;
#422 = ORIENTED_EDGE ( 'NONE', *, *, #543, .F. ) ;
#423 = FACE_OUTER_BOUND ( 'NONE', #763, .T. ) ;
#424 = CARTESIAN_POINT ( 'NONE',  ( 11.98041074578371479, 75.21697851160577386, -35.12481075184611967 ) ) ;
#425 = CARTESIAN_POINT ( 'NONE',  ( 15.64918604656494239, 72.02342160155922102, 38.84803333987731122 ) ) ;
#426 = CARTESIAN_POINT ( 'NONE',  ( 14.59222566950475475, 56.48909803221930304, 39.72906816395217078 ) ) ;
#427 = VERTEX_POINT ( 'NONE', #563 ) ;
#428 = CARTESIAN_POINT ( 'NONE',  ( 9.928351267556982052, 64.21435303469966982, 32.39172158765769183 ) ) ;
#429 = CARTESIAN_POINT ( 'NONE',  ( 11.60116183056865857, 71.91537840203277199, -41.00410263970017866 ) ) ;
#430 = ADVANCED_FACE ( 'NONE', ( #1038 ), #499, .F. ) ;
#431 = CARTESIAN_POINT ( 'NONE',  ( 10.93753236844835186, 64.62371223234967488, -47.16308328497911617 ) ) ;
#432 = AXIS2_PLACEMENT_3D ( 'NONE', #858, #1185, #1419 ) ;
#433 = CARTESIAN_POINT ( 'NONE',  ( 12.38964617040193517, 55.77156646171891907, -44.74044928813507482 ) ) ;
#434 = ORIENTED_EDGE ( 'NONE', *, *, #702, .T. ) ;
#435 = VECTOR ( 'NONE', #404, 1000.000000000000000 ) ;
#436 = DIRECTION ( 'NONE',  ( 0.06931858077286139064, 0.9975945741430415348, 0.000000000000000000 ) ) ;
#437 = DIRECTION ( 'NONE',  ( 0.02535453431497960985, -0.001761778161618784630, 0.9996769696893990087 ) ) ;
#438 = CARTESIAN_POINT ( 'NONE',  ( 11.72473711109133454, 55.85716612087284005, -44.12809303365109059 ) ) ;
#439 = DIRECTION ( 'NONE',  ( -0.9996754107725466243, 0.000000000000000000, 0.02547691301434119177 ) ) ;
#440 = CARTESIAN_POINT ( 'NONE',  ( 12.76458471564854236, 61.23639619303821036, -44.92836640762908473 ) ) ;
#441 = CARTESIAN_POINT ( 'NONE',  ( 12.60789914136985246, 71.94688808119933299, -40.93297511192862714 ) ) ;
#442 = ORIENTED_EDGE ( 'NONE', *, *, #187, .T. ) ;
#443 = CARTESIAN_POINT ( 'NONE',  ( 13.65314233539050193, 71.98515479051077648, -39.36935829110525731 ) ) ;
#444 = EDGE_CURVE ( 'NONE', #1458, #188, #969, .T. ) ;
#445 = CARTESIAN_POINT ( 'NONE',  ( 13.50839200992623290, 71.77604644839951220, -42.97581925305201622 ) ) ;
#446 = CARTESIAN_POINT ( 'NONE',  ( 12.03561561745599384, 75.47888678382986427, -33.67275201493698944 ) ) ;
#447 = CARTESIAN_POINT ( 'NONE',  ( 13.76946941147250136, 74.29876457110344745, 37.57866025661029852 ) ) ;
#448 = CARTESIAN_POINT ( 'NONE',  ( 12.68551362582399378, 60.81527141939130843, -46.88279325509942197 ) ) ;
#449 = CARTESIAN_POINT ( 'NONE',  ( 12.60370512089833994, 55.21320858912531548, 43.87288077430545741 ) ) ;
#450 = ORIENTED_EDGE ( 'NONE', *, *, #1278, .F. ) ;
#451 = ADVANCED_FACE ( 'NONE', ( #1434 ), #534, .F. ) ;
#452 = CARTESIAN_POINT ( 'NONE',  ( 12.60690622055653165, 71.83335573553443965, -44.45905587023261063 ) ) ;
#453 = EDGE_CURVE ( 'NONE', #1133, #58, #621, .T. ) ;
#454 = CARTESIAN_POINT ( 'NONE',  ( 12.44868559970689681, 55.81256379033046500, -42.53561146770104529 ) ) ;
#455 = CARTESIAN_POINT ( 'NONE',  ( 11.47089129388831452, 55.35605188230453422, -40.31228471457620088 ) ) ;
#456 = CARTESIAN_POINT ( 'NONE',  ( 13.21794719942553087, 68.34188043193256590, -46.51231524759759850 ) ) ;
#457 = CARTESIAN_POINT ( 'NONE',  ( 13.57505192387204929, 71.18114527375547596, -40.24136405915420767 ) ) ;
#458 = B_SPLINE_CURVE_WITH_KNOTS ( 'NONE', 3,
 ( #548, #1337, #43, #284 ),
 .UNSPECIFIED., .F., .F.,
 ( 4, 4 ),
 ( 0.000000000000000000, 0.001680928051049194105 ),
 .UNSPECIFIED. ) ;
#459 = CARTESIAN_POINT ( 'NONE',  ( 12.44249672966563125, 52.39558342113303979, -33.46200728998500296 ) ) ;
#460 = AXIS2_PLACEMENT_3D ( 'NONE', #835, #364, #259 ) ;
#461 = CARTESIAN_POINT ( 'NONE',  ( 13.78371699248908477, 73.19561482527340956, -37.54614353491309942 ) ) ;
#462 = AXIS2_PLACEMENT_3D ( 'NONE', #791, #1148, #1262 ) ;
#463 = ORIENTED_EDGE ( 'NONE', *, *, #159, .F. ) ;
#464 = CARTESIAN_POINT ( 'NONE',  ( 15.41767103112847614, 71.79474843023064068, 43.34858404104614493 ) ) ;
#465 = CARTESIAN_POINT ( 'NONE',  ( 15.66740391428063717, 72.54658430670606606, 38.13646419846006808 ) ) ;
#466 = CARTESIAN_POINT ( 'NONE',  ( 13.03658538346402196, 75.38508827931177336, -33.48627963142162400 ) ) ;
#467 = CARTESIAN_POINT ( 'NONE',  ( 10.77138534535245640, 62.19675847612452912, -47.06531610755712336 ) ) ;
#468 = CARTESIAN_POINT ( 'NONE',  ( 13.56293738757388034, 71.05206092934677997, -40.36476976336928146 ) ) ;
#469 = CARTESIAN_POINT ( 'NONE',  ( 11.43112763030232770, 52.54091343404497394, -34.19703513313164933 ) ) ;
#470 = CARTESIAN_POINT ( 'NONE',  ( 11.39276853060238004, 53.12569902229975582, -37.29661430782628884 ) ) ;
#471 = CARTESIAN_POINT ( 'NONE',  ( 15.53635795295132382, 71.78650138359435573, 43.07516419825846299 ) ) ;
#472 = LINE ( 'NONE', #488, #1002 ) ;
#473 = DIRECTION ( 'NONE',  ( 0.02559921225847495985, 0.001761778161619127238, 0.9996707340266868247 ) ) ;
#474 = CARTESIAN_POINT ( 'NONE',  ( 13.65694949511579459, 72.02342160155924944, -39.32430612993922381 ) ) ;
#475 = ORIENTED_EDGE ( 'NONE', *, *, #1317, .T. ) ;
#476 = CARTESIAN_POINT ( 'NONE',  ( 13.44706473145058467, 54.67126206913708586, 39.09685179864685267 ) ) ;
#477 = FACE_OUTER_BOUND ( 'NONE', #258, .T. ) ;
#478 = CARTESIAN_POINT ( 'NONE',  ( 13.62862701009149013, 71.77905166782515778, -39.76935933503028764 ) ) ;
#479 = CARTESIAN_POINT ( 'NONE',  ( 12.85864308829016345, 74.32961158448146932, -37.59069293708203929 ) ) ;
#480 = PRODUCT_RELATED_PRODUCT_CATEGORY ( 'part', '', ( #48 ) ) ;
#481 = DIRECTION ( 'NONE',  ( -0.02547691301443747586, -1.019715171930861183E-13, -0.9996754107725441818 ) ) ;
#482 = CARTESIAN_POINT ( 'NONE',  ( 14.71412083437005514, 75.40959059506123197, 32.27086023148246596 ) ) ;
#483 = CARTESIAN_POINT ( 'NONE',  ( 14.22299797797723997, 52.79434908463353082, 35.31491984133344886 ) ) ;
#484 = ORIENTED_EDGE ( 'NONE', *, *, #1297, .T. ) ;
#485 = VECTOR ( 'NONE', #844, 1000.000000000000000 ) ;
#486 = VECTOR ( 'NONE', #1232, 1000.000000000000227 ) ;
#487 = CARTESIAN_POINT ( 'NONE',  ( 13.92681145785841856, 71.89834188636586987, 44.44005058249653217 ) ) ;
#488 = CARTESIAN_POINT ( 'NONE',  ( 8.609344867995007533, 72.12326696834335849, -40.92785563022713546 ) ) ;
#489 = CARTESIAN_POINT ( 'NONE',  ( 13.05812148833323860, 75.40959059506116091, -32.70804146872944074 ) ) ;
#490 = PLANE ( 'NONE',  #412 ) ;
#491 = CARTESIAN_POINT ( 'NONE',  ( 11.46482648093578938, 52.46487960931549566, -32.66743605033577325 ) ) ;
#492 = DIRECTION ( 'NONE',  ( 0.9972723208579024057, -0.06929618877018392520, -0.02541566982434716529 ) ) ;
#493 = ORIENTED_EDGE ( 'NONE', *, *, #720, .F. ) ;
#494 = CARTESIAN_POINT ( 'NONE',  ( 13.56151542907101337, 71.77443294297377463, -42.39012292661863057 ) ) ;
#495 = CARTESIAN_POINT ( 'NONE',  ( 7.405980342076825984, 56.15516707509566174, -44.60880009257723344 ) ) ;
#496 = CARTESIAN_POINT ( 'NONE',  ( 12.79489433371561447, 73.78686849318862073, -38.61230050823300530 ) ) ;
#497 =( NAMED_UNIT ( * ) SI_UNIT ( $, .STERADIAN. ) SOLID_ANGLE_UNIT ( ) );
#498 = CARTESIAN_POINT ( 'NONE',  ( 14.60607229794193174, 55.81256334130860353, 42.11697040489129762 ) ) ;
#499 = CYLINDRICAL_SURFACE ( 'NONE', #849, 11.50078937908553023 ) ;
#500 = ORIENTED_EDGE ( 'NONE', *, *, #254, .T. ) ;
#501 = EDGE_CURVE ( 'NONE', #38, #1209, #1322, .T. ) ;
#502 = CARTESIAN_POINT ( 'NONE',  ( 10.78653437426054396, 72.11654631160099882, 44.52008112565351183 ) ) ;
#503 = CARTESIAN_POINT ( 'NONE',  ( 14.67890369267452755, 71.84608221326266175, 40.60494980458715730 ) ) ;
#504 = ORIENTED_EDGE ( 'NONE', *, *, #838, .T. ) ;
#505 = CARTESIAN_POINT ( 'NONE',  ( 15.68665219110167897, 71.28830508788428233, 42.32245373586655290 ) ) ;
#506 = CARTESIAN_POINT ( 'NONE',  ( 13.37778915641336397, 54.02345194714491328, 38.14484694642529661 ) ) ;
#507 = ORIENTED_EDGE ( 'NONE', *, *, #981, .T. ) ;
#508 = CARTESIAN_POINT ( 'NONE',  ( 12.46655991094906391, 54.86820683163335133, 39.43216307180072988 ) ) ;
#509 = AXIS2_PLACEMENT_3D ( 'NONE', #1319, #481, #269 ) ;
#510 = CARTESIAN_POINT ( 'NONE',  ( 7.469941741546583636, 56.15956899948437098, -42.11105373570887167 ) ) ;
#511 = ORIENTED_EDGE ( 'NONE', *, *, #564, .T. ) ;
#512 = CARTESIAN_POINT ( 'NONE',  ( 15.67345436069740927, 74.27028438515093001, 33.67418151763241241 ) ) ;
#513 = ADVANCED_FACE ( 'NONE', ( #614 ), #746, .T. ) ;
#514 = CARTESIAN_POINT ( 'NONE',  ( 10.41691581768834141, 53.49663138779342120, -37.25314108976196792 ) ) ;
#515 = VERTEX_POINT ( 'NONE', #881 ) ;
#516 = CARTESIAN_POINT ( 'NONE',  ( 14.70069877714155737, 56.95853967448438482, 42.70544894271773728 ) ) ;
#517 = DIRECTION ( 'NONE',  ( 0.9972723208579024057, -0.06929618877018392520, -0.02541566982434716529 ) ) ;
#518 = CARTESIAN_POINT ( 'NONE',  ( 12.48661989318220655, 55.71867062743906018, -40.79112629219064701 ) ) ;
#519 = EDGE_CURVE ( 'NONE', #348, #188, #80, .T. ) ;
#520 = CARTESIAN_POINT ( 'NONE',  ( 15.73141074586422761, 75.34029440632595254, 33.03090444546391069 ) ) ;
#521 = CARTESIAN_POINT ( 'NONE',  ( 10.49634625360553386, 55.95406080287940398, -40.83662789505699919 ) ) ;
#522 = EDGE_CURVE ( 'NONE', #889, #1133, #1167, .T. ) ;
#523 = ORIENTED_EDGE ( 'NONE', *, *, #1278, .T. ) ;
#524 = LINE ( 'NONE', #167, #195 ) ;
#525 = CARTESIAN_POINT ( 'NONE',  ( 12.66732631337254311, 55.94727850878519604, 44.36782765690367825 ) ) ;
#526 = CARTESIAN_POINT ( 'NONE',  ( 12.55648368348249022, 56.48909803221940251, -40.15035854796827408 ) ) ;
#527 = CARTESIAN_POINT ( 'NONE',  ( 15.62240433628210035, 71.37015854152215866, 39.57829077880647617 ) ) ;
#528 = CARTESIAN_POINT ( 'NONE',  ( 14.55509154308617781, 55.71867062743941545, 40.37256276990370196 ) ) ;
#529 = ORIENTED_EDGE ( 'NONE', *, *, #838, .F. ) ;
#530 = CARTESIAN_POINT ( 'NONE',  ( 15.00017321111236690, 71.82375856832626937, 40.53869856322251053 ) ) ;
#531 = CARTESIAN_POINT ( 'NONE',  ( 11.47265444530130907, 55.39483227964496592, -40.34883663862695613 ) ) ;
#532 = AXIS2_PLACEMENT_3D ( 'NONE', #591, #1277, #436 ) ;
#533 = CARTESIAN_POINT ( 'NONE',  ( 14.71412083437005514, 75.40959059506123197, 32.27086023148246596 ) ) ;
#534 = CONICAL_SURFACE ( 'NONE', #432, 11.50078937908553911, 0.7853981633974520538 ) ;
#535 = APPLICATION_PROTOCOL_DEFINITION ( 'draft international standard', 'automotive_design', 1998, #1471 ) ;
#536 = CARTESIAN_POINT ( 'NONE',  ( 10.41512453513030678, 53.32495216128115345, -36.85534242286788498 ) ) ;
#537 = ORIENTED_EDGE ( 'NONE', *, *, #1357, .T. ) ;
#538 = CARTESIAN_POINT ( 'NONE',  ( 12.82825682172786408, 71.81867662552122056, -44.26647308372471201 ) ) ;
#539 = CARTESIAN_POINT ( 'NONE',  ( 11.99089224821939759, 75.27166265635582931, -34.86262960577246162 ) ) ;
#540 = CARTESIAN_POINT ( 'NONE',  ( 15.75766151818910643, 74.07563155698016999, 37.50906634208176627 ) ) ;
#541 = CARTESIAN_POINT ( 'NONE',  ( 14.75198232968014977, 73.78686870100857220, 38.18086240844429113 ) ) ;
#542 = ORIENTED_EDGE ( 'NONE', *, *, #1362, .T. ) ;
#543 = EDGE_CURVE ( 'NONE', #1022, #1465, #727, .T. ) ;
#544 = CARTESIAN_POINT ( 'NONE',  ( 12.48353549220882464, 54.22476301195692372, -36.83899293884502413 ) ) ;
#545 = CARTESIAN_POINT ( 'NONE',  ( 11.90131383150967892, 74.70647547437806679, -36.83655979233789424 ) ) ;
#546 = CARTESIAN_POINT ( 'NONE',  ( 10.59479723730140854, 59.41280162114826879, -46.40386718588432302 ) ) ;
#547 = CARTESIAN_POINT ( 'NONE',  ( 12.83392824767327056, 62.30815206030874975, -45.12958918910576500 ) ) ;
#548 = CARTESIAN_POINT ( 'NONE',  ( 9.612159296066078440, 56.15956899948447045, 41.94631272927456678 ) ) ;
#549 = CARTESIAN_POINT ( 'NONE',  ( 13.10850346292603952, 71.80044775143423408, -43.92206932724818103 ) ) ;
#550 = CARTESIAN_POINT ( 'NONE',  ( 11.71740505523730214, 73.12588956251777006, -39.74337094207528054 ) ) ;
#551 = CARTESIAN_POINT ( 'NONE',  ( 12.67972051418934498, 59.87643498087374638, -44.55035513357280763 ) ) ;
#552 = CARTESIAN_POINT ( 'NONE',  ( 11.12942498048778717, 67.25218324439295259, -46.80007230791551365 ) ) ;
#553 = CARTESIAN_POINT ( 'NONE',  ( 13.69486934321095184, 72.80009057999122035, -39.95398794972013690 ) ) ;
#554 = ORIENTED_EDGE ( 'NONE', *, *, #1311, .T. ) ;
#555 = CARTESIAN_POINT ( 'NONE',  ( 13.69736231850857067, 72.26387458515957007, 40.29744410608679317 ) ) ;
#556 = CARTESIAN_POINT ( 'NONE',  ( 13.14186678311073742, 52.48840384813462379, 33.07294166844363303 ) ) ;
#557 = CARTESIAN_POINT ( 'NONE',  ( 11.86877493522782423, 74.45509726635251013, -37.42795041713721105 ) ) ;
#558 = CARTESIAN_POINT ( 'NONE',  ( 11.45211931902069757, 54.87101177436146315, -39.72639970581072788 ) ) ;
#559 = ADVANCED_FACE ( 'NONE', ( #193 ), #762, .F. ) ;
#560 = CARTESIAN_POINT ( 'NONE',  ( 12.94074104767904920, 64.61058004341123251, -47.21601994434563210 ) ) ;
#561 = CARTESIAN_POINT ( 'NONE',  ( 13.59223421724400360, 71.73974537194916934, -41.09018812760740502 ) ) ;
#562 = ORIENTED_EDGE ( 'NONE', *, *, #250, .T. ) ;
#563 = CARTESIAN_POINT ( 'NONE',  ( 11.50350849237931605, 71.90865774529034127, -44.81754749428097995 ) ) ;
#564 = EDGE_CURVE ( 'NONE', #1090, #1444, #1303, .T. ) ;
#565 = CARTESIAN_POINT ( 'NONE',  ( 13.14766958627935978, 52.50247988684403566, 33.26225633853350416 ) ) ;
#566 = CARTESIAN_POINT ( 'NONE',  ( 11.86741547726345125, 74.44427166469495205, -37.45177732657587200 ) ) ;
#567 = CARTESIAN_POINT ( 'NONE',  ( 11.41544529649653228, 52.85832237039939940, -35.67780614026702324 ) ) ;
#568 = CARTESIAN_POINT ( 'NONE',  ( 12.61499515430063489, 58.79570982356103315, -44.14346738649662427 ) ) ;
#569 = DIRECTION ( 'NONE',  ( -0.06931858077285858732, -0.9975945741430417568, -4.388054183250901329E-15 ) ) ;
#570 = ORIENTED_EDGE ( 'NONE', *, *, #1393, .F. ) ;
#571 = CARTESIAN_POINT ( 'NONE',  ( 10.39549620974443833, 53.19499521106994422, -37.27119863800194111 ) ) ;
#572 = DIRECTION ( 'NONE',  ( -0.02547691301595126495, -1.561251128379126385E-17, -0.9996754107725055460 ) ) ;
#573 = DIRECTION ( 'NONE',  ( -0.9972723208579025167, 0.06929618877018098311, 0.02541566982434743591 ) ) ;
#574 = CARTESIAN_POINT ( 'NONE',  ( 11.41239057616144237, 53.08076516435824033, -36.40416220353323951 ) ) ;
#575 = CARTESIAN_POINT ( 'NONE',  ( 13.18631474185650454, 67.93276209370678487, -46.63805786238025064 ) ) ;
#576 = CARTESIAN_POINT ( 'NONE',  ( 13.78350331342799073, 73.18794740477650862, -37.53362264495986267 ) ) ;
#577 = ORIENTED_EDGE ( 'NONE', *, *, #543, .T. ) ;
#578 = VECTOR ( 'NONE', #770, 1000.000000000000114 ) ;
#579 = FACE_OUTER_BOUND ( 'NONE', #165, .T. ) ;
#580 = AXIS2_PLACEMENT_3D ( 'NONE', #90, #569, #1501 ) ;
#581 = CARTESIAN_POINT ( 'NONE',  ( 14.35285592113738851, 71.86873787857290097, 44.33347974246105849 ) ) ;
#582 = DIRECTION ( 'NONE',  ( 0.9972723208579022947, -0.06929618877018391132, -0.02541566982434765448 ) ) ;
#583 = DIRECTION ( 'NONE',  ( -0.9972723208579025167, 0.06929618877018098311, 0.02541566982434743591 ) ) ;
#584 = ADVANCED_FACE ( 'NONE', ( #1274 ), #397, .T. ) ;
#585 = CARTESIAN_POINT ( 'NONE',  ( 12.97529633606514210, 59.71053295392543703, 46.19153677749898890 ) ) ;
#586 = VERTEX_POINT ( 'NONE', #856 ) ;
#587 = CARTESIAN_POINT ( 'NONE',  ( 13.96981478684933542, 52.39558342054537832, 26.46763588464053285 ) ) ;
#588 = MANIFOLD_SOLID_BREP ( 'Chamfer1', #170 ) ;
#589 = EDGE_CURVE ( 'NONE', #983, #1022, #330, .T. ) ;
#590 = DIRECTION ( 'NONE',  ( 0.9972723208579024057, -0.06929618877018391132, -0.02541566982434771693 ) ) ;
#591 = CARTESIAN_POINT ( 'NONE',  ( 9.928351267556982052, 64.21435303469966982, 32.39172158765769183 ) ) ;
#592 = CARTESIAN_POINT ( 'NONE',  ( 12.91624500588541480, 74.76645833076146630, -36.52155001698520920 ) ) ;
#593 = DIRECTION ( 'NONE',  ( 0.06931858077286134900, 0.9975945741430414238, 0.000000000000000000 ) ) ;
#594 = CARTESIAN_POINT ( 'NONE',  ( 13.65504378132939323, 69.68613401821689024, 45.66517559151673566 ) ) ;
#595 = CARTESIAN_POINT ( 'NONE',  ( 13.33549455849846410, 53.66042405374106039, 37.47507186240580523 ) ) ;
#596 = CARTESIAN_POINT ( 'NONE',  ( 12.88884884049367940, 75.47888678383142746, -0.1931749487991378522 ) ) ;
#597 = FACE_OUTER_BOUND ( 'NONE', #246, .T. ) ;
#598 = CARTESIAN_POINT ( 'NONE',  ( 13.01181059141888241, 75.31167788888932080, -34.25825039689149065 ) ) ;
#599 = CARTESIAN_POINT ( 'NONE',  ( 14.18737184380430350, 53.39317955036040786, 32.28428452707808560 ) ) ;
#600 = CARTESIAN_POINT ( 'NONE',  ( 15.09571005238787045, 61.94097696582105783, 44.62040520750360173 ) ) ;
#601 = CARTESIAN_POINT ( 'NONE',  ( 14.44433705229937104, 54.60196588019176289, 39.07143612894235218 ) ) ;
#602 = ORIENTED_EDGE ( 'NONE', *, *, #904, .F. ) ;
#603 = VECTOR ( 'NONE', #1318, 1000.000000000000000 ) ;
#604 = CARTESIAN_POINT ( 'NONE',  ( 12.92016823013068993, 64.00646446838911174, 32.31547457818464864 ) ) ;
#605 = CARTESIAN_POINT ( 'NONE',  ( 9.270003678077065601, 72.07576483273329870, -41.39555260893015998 ) ) ;
#606 = CARTESIAN_POINT ( 'NONE',  ( 9.928405217125320092, 64.21448563908735707, 32.39347693909456183 ) ) ;
#607 = DIRECTION ( 'NONE',  ( 0.9972723208579024057, -0.06929618877018389744, -0.02541566982434715488 ) ) ;
#608 = ORIENTED_EDGE ( 'NONE', *, *, #1175, .T. ) ;
#609 = CARTESIAN_POINT ( 'NONE',  ( 12.12355350611469795, 52.53417579808574089, 32.33688131970041013 ) ) ;
#610 = CARTESIAN_POINT ( 'NONE',  ( 13.04783980888933037, 75.40468419080761464, -33.09810158811745850 ) ) ;
#611 = LINE ( 'NONE', #855, #309 ) ;
#612 = FACE_OUTER_BOUND ( 'NONE', #109, .T. ) ;
#613 = CARTESIAN_POINT ( 'NONE',  ( 13.58238272709105665, 68.48105861644729941, 46.09972146039675067 ) ) ;
#614 = FACE_OUTER_BOUND ( 'NONE', #1075, .T. ) ;
#615 = EDGE_LOOP ( 'NONE', ( #815, #201, #1046, #1215, #337, #781, #1285, #1279, #277, #73, #1404, #237 ) ) ;
#616 = CARTESIAN_POINT ( 'NONE',  ( 9.675509350798842334, 56.15516707509576122, 44.44407466637671433 ) ) ;
#617 = CARTESIAN_POINT ( 'NONE',  ( 15.64356976617289874, 71.77905169318184164, 39.29393708342719549 ) ) ;
#618 = CARTESIAN_POINT ( 'NONE',  ( 12.51346487738341828, 53.39317955095071966, -33.39728502748521777 ) ) ;
#619 = CARTESIAN_POINT ( 'NONE',  ( 15.68770207295461994, 73.96233243311826300, 35.07287554834443455 ) ) ;
#620 = LINE ( 'NONE', #975, #121 ) ;
#621 = B_SPLINE_CURVE_WITH_KNOTS ( 'NONE', 3,
 ( #1073, #850, #831, #265 ),
 .UNSPECIFIED., .F., .F.,
 ( 4, 4 ),
 ( 0.000000000000000000, 0.001668473828101606129 ),
 .UNSPECIFIED. ) ;
#622 = CARTESIAN_POINT ( 'NONE',  ( 13.51991333558473052, 55.39483227964664280, 39.98249592196613378 ) ) ;
#623 = EDGE_LOOP ( 'NONE', ( #1251, #249, #1478, #1365 ) ) ;
#624 = CARTESIAN_POINT ( 'NONE',  ( 13.98612011321738358, 74.34269827647594298, -32.73169168557863884 ) ) ;
#625 = AXIS2_PLACEMENT_3D ( 'NONE', #1229, #289, #1214 ) ;
#626 = CARTESIAN_POINT ( 'NONE',  ( 15.51521420857568323, 71.78797057197040488, 39.92602731784219827 ) ) ;
#627 = CARTESIAN_POINT ( 'NONE',  ( 11.41619644962444013, 53.66042405374687974, -37.83527378991048096 ) ) ;
#628 = CARTESIAN_POINT ( 'NONE',  ( 15.67450401665325366, 71.73974537194924039, 40.61491938523440126 ) ) ;
#629 = B_SPLINE_CURVE_WITH_KNOTS ( 'NONE', 3,
 ( #1429, #13, #828, #6, #713, #20, #358, #1187, #478, #1301 ),
 .UNSPECIFIED., .F., .F.,
 ( 4, 2, 2, 2, 4 ),
 ( 0.000000000000000000, 0.0004847861235119550207, 0.0009695722470239100414, 0.001454358370535865008, 0.001939144494047820083 ),
 .UNSPECIFIED. ) ;
#630 = CARTESIAN_POINT ( 'NONE',  ( 10.44352610092376921, 54.60782099264149281, -39.23866836663101054 ) ) ;
#631 = ORIENTED_EDGE ( 'NONE', *, *, #305, .F. ) ;
#632 = CARTESIAN_POINT ( 'NONE',  ( 13.03810389770664102, 75.40959059505961193, -33.49350135254584870 ) ) ;
#633 = ADVANCED_FACE ( 'NONE', ( #367 ), #839, .F. ) ;
#634 = CARTESIAN_POINT ( 'NONE',  ( 12.16428028492394553, 52.53417579825774908, 33.93493832519851594 ) ) ;
#635 = CARTESIAN_POINT ( 'NONE',  ( 11.48079497610673272, 55.58914932952699672, -40.55922278848512974 ) ) ;
#636 = CARTESIAN_POINT ( 'NONE',  ( 15.69845438602572862, 72.28690936707947401, 40.06284504913093514 ) ) ;
#637 = CARTESIAN_POINT ( 'NONE',  ( 13.75435496926000312, 55.87174553613419192, 43.94827684180916805 ) ) ;
#638 =( BOUNDED_SURFACE ( )  B_SPLINE_SURFACE ( 3, 2, ( 
 ( #533, #1341, #301 ),
 ( #184, #520, #171 ),
 ( #990, #1455, #512 ),
 ( #879, #737, #650 ),
 ( #1006, #46, #619 ),
 ( #403, #274, #162 ),
 ( #643, #760, #767 ),
 ( #1013, #997, #871 ),
 ( #287, #540, #1327 ),
 ( #1462, #1206, #753 ),
 ( #1221, #984, #177 ),
 ( #418, #1469, #69 ),
 ( #63, #1119, #425 ),
 ( #1448, #1235, #77 ),
 ( #745, #636, #281 ),
 ( #1476, #1112, #527 ),
 ( #411, #1348, #396 ),
 ( #1094, #296, #1213 ),
 ( #864, #1227, #886 ),
 ( #1334, #628, #1103 ) ),
 .UNSPECIFIED., .F., .F., .T. ) 
 B_SPLINE_SURFACE_WITH_KNOTS ( ( 4, 2, 2, 2, 2, 2, 2, 2, 2, 4 ),
 ( 3, 3 ),
 ( 0.000000000000000000, 0.002137757826742972371, 0.003206636740114458557, 0.004275515653485944742, 0.005344394566857431361, 0.006413273480228917113, 0.007482152393600402865, 0.008016591850286147042, 0.008283811578629018263, 0.008551031306971889484 ),
 ( 0.000000000000000000, 1.000000000000000000 ),
 .UNSPECIFIED. ) 
 GEOMETRIC_REPRESENTATION_ITEM ( )  RATIONAL_B_SPLINE_SURFACE ( (
 ( 1.000000000000000000, 0.7071067811865443531, 1.000000000000000000),
 ( 1.000000000000000000, 0.7071067811865443531, 1.000000000000000000),
 ( 1.000000000000000000, 0.7071067811865453523, 1.000000000000000000),
 ( 1.000000000000000000, 0.7071067811865453523, 1.000000000000000000),
 ( 1.000000000000000000, 0.7071067811865446862, 1.000000000000000000),
 ( 1.000000000000000000, 0.7071067811865446862, 1.000000000000000000),
 ( 1.000000000000000000, 0.7071067811865443531, 1.000000000000000000),
 ( 1.000000000000000000, 0.7071067811865443531, 1.000000000000000000),
 ( 1.000000000000000000, 0.7071067811865450192, 1.000000000000000000),
 ( 1.000000000000000000, 0.7071067811865450192, 1.000000000000000000),
 ( 1.000000000000000000, 0.7071067811865426878, 1.000000000000000000),
 ( 1.000000000000000000, 0.7071067811865426878, 1.000000000000000000),
 ( 1.000000000000000000, 0.7071067811865440200, 1.000000000000000000),
 ( 1.000000000000000000, 0.7071067811865440200, 1.000000000000000000),
 ( 1.000000000000000000, 0.7071067811865432429, 1.000000000000000000),
 ( 1.000000000000000000, 0.7071067811865432429, 1.000000000000000000),
 ( 1.000000000000000000, 0.7071067811865450192, 1.000000000000000000),
 ( 1.000000000000000000, 0.7071067811865450192, 1.000000000000000000),
 ( 1.000000000000000000, 0.7071067811865450192, 1.000000000000000000),
 ( 1.000000000000000000, 0.7071067811865450192, 1.000000000000000000) ) ) 
 REPRESENTATION_ITEM ( '' )  SURFACE ( )  );
#639 = CARTESIAN_POINT ( 'NONE',  ( 13.19009952294640087, 53.46247573913058915, 32.30970019690243333 ) ) ;
#640 = ORIENTED_EDGE ( 'NONE', *, *, #24, .F. ) ;
#641 = CARTESIAN_POINT ( 'NONE',  ( 15.56746770872689822, 71.78433969970546968, 39.76927287077757001 ) ) ;
#642 = CYLINDRICAL_SURFACE ( 'NONE', #671, 0.9999999999999992228 ) ;
#643 = CARTESIAN_POINT ( 'NONE',  ( 14.76657146787067454, 74.62280942742786749, 36.47411365954619100 ) ) ;
#644 = CARTESIAN_POINT ( 'NONE',  ( 0.000000000000000000, 0.000000000000000000, 0.000000000000000000 ) ) ;
#645 = CARTESIAN_POINT ( 'NONE',  ( 13.56444655262889754, 55.85786259437271895, 40.46745298611424602 ) ) ;
#646 = ORIENTED_EDGE ( 'NONE', *, *, #1496, .T. ) ;
#647 = CARTESIAN_POINT ( 'NONE',  ( 13.56699161871934578, 55.88476461410931506, 40.49396877473775902 ) ) ;
#648 = CARTESIAN_POINT ( 'NONE',  ( 12.41346877047734765, 53.59112786491444780, -37.86068945976103350 ) ) ;
#649 = AXIS2_PLACEMENT_3D ( 'NONE', #940, #695, #719 ) ;
#650 = CARTESIAN_POINT ( 'NONE',  ( 15.68512542436007529, 74.05316257081183551, 34.72412209219692159 ) ) ;
#651 = ADVANCED_FACE ( 'NONE', ( #382 ), #490, .F. ) ;
#652 = CARTESIAN_POINT ( 'NONE',  ( 14.72301387950415474, 72.90012419478807715, 39.46190600793722325 ) ) ;
#653 = EDGE_LOOP ( 'NONE', ( #229, #45, #238, #665 ) ) ;
#654 = CARTESIAN_POINT ( 'NONE',  ( 13.89014012265293374, 55.86231040650620372, 40.42607584083229000 ) ) ;
#655 = CARTESIAN_POINT ( 'NONE',  ( 12.46482856494784208, 55.19958185251107352, -40.23088194879597523 ) ) ;
#656 = DIRECTION ( 'NONE',  ( -0.02547691301433966521, 1.408082052993643747E-12, -0.9996754107725466243 ) ) ;
#657 = CARTESIAN_POINT ( 'NONE',  ( 12.96567419701458768, 55.92654759022702393, 44.33960645013504376 ) ) ;
#658 = CARTESIAN_POINT ( 'NONE',  ( 10.51745049472879678, 58.12274061931398705, -45.92146615865485160 ) ) ;
#659 = CARTESIAN_POINT ( 'NONE',  ( 13.83846287648835549, 73.62433033966918572, -36.56689711917447028 ) ) ;
#660 = ORIENTED_EDGE ( 'NONE', *, *, #102, .F. ) ;
#661 = CARTESIAN_POINT ( 'NONE',  ( 7.504529291031837523, 56.16194936918996916, -40.76038088558395600 ) ) ;
#662 = CARTESIAN_POINT ( 'NONE',  ( 11.77846348458823655, 73.68156485479795492, -38.86258748239822580 ) ) ;
#663 = CARTESIAN_POINT ( 'NONE',  ( 12.76592998707497273, 62.05816609861349065, -47.11614744704744595 ) ) ;
#664 = CARTESIAN_POINT ( 'NONE',  ( 13.61075465970692555, 71.55486797981534153, -39.85940320164804973 ) ) ;
#665 = ORIENTED_EDGE ( 'NONE', *, *, #810, .T. ) ;
#666 = CARTESIAN_POINT ( 'NONE',  ( 13.63279388019656757, 71.77933843839758765, -39.60663955855883955 ) ) ;
#667 = EDGE_CURVE ( 'NONE', #691, #1326, #1025, .T. ) ;
#668 = CARTESIAN_POINT ( 'NONE',  ( 12.22393173159861313, 71.85914163932314125, -44.68248559926802699 ) ) ;
#669 = CARTESIAN_POINT ( 'NONE',  ( 10.69309611598629317, 55.92682994908844307, -44.67265659486643159 ) ) ;
#670 = CARTESIAN_POINT ( 'NONE',  ( 10.39779730465052587, 55.94727850878510367, -44.68504710205028374 ) ) ;
#671 = AXIS2_PLACEMENT_3D ( 'NONE', #870, #1340, #1353 ) ;
#672 = EDGE_CURVE ( 'NONE', #1269, #983, #730, .T. ) ;
#673 = VECTOR ( 'NONE', #1497, 1000.000000000000227 ) ;
#674 = CARTESIAN_POINT ( 'NONE',  ( 13.37483713535272400, 70.31264945750055517, -45.72952226028873923 ) ) ;
#675 = CARTESIAN_POINT ( 'NONE',  ( 13.62483449283857873, 72.08460535264842406, -40.75126846739896536 ) ) ;
#676 = ORIENTED_EDGE ( 'NONE', *, *, #720, .T. ) ;
#677 = PLANE ( 'NONE',  #70 ) ;
#678 = CARTESIAN_POINT ( 'NONE',  ( 13.31859409467141120, 71.78723621692354584, -43.53561715658000253 ) ) ;
#679 = CARTESIAN_POINT ( 'NONE',  ( 11.87133770473015026, 74.47542287491671686, -37.38280929398749919 ) ) ;
#680 = CARTESIAN_POINT ( 'NONE',  ( 14.64484713839621577, 74.41199446524619532, 32.27262568445458157 ) ) ;
#681 = CARTESIAN_POINT ( 'NONE',  ( 13.00107084821719461, 65.45411930521879640, -47.14869202074178389 ) ) ;
#682 = CARTESIAN_POINT ( 'NONE',  ( 12.62103759936840675, 72.08552643398597581, -40.79544141482810460 ) ) ;
#683 = FACE_OUTER_BOUND ( 'NONE', #955, .T. ) ;
#684 = CARTESIAN_POINT ( 'NONE',  ( 13.76946941147250136, 74.29876457110344745, 37.57866025661029852 ) ) ;
#685 = ADVANCED_FACE ( 'NONE', ( #612 ), #39, .F. ) ;
#686 = CARTESIAN_POINT ( 'NONE',  ( 8.272408200484029805, 64.21435303469961298, -32.58497181140349852 ) ) ;
#687 = CARTESIAN_POINT ( 'NONE',  ( 11.75055977101974136, 73.42148885207765829, -39.24838590831709695 ) ) ;
#688 = CARTESIAN_POINT ( 'NONE',  ( 13.68163137181657341, 71.91537840203285725, 40.63036547441149793 ) ) ;
#689 = CARTESIAN_POINT ( 'NONE',  ( 11.50341055032270887, 71.91624027914905071, -44.84206447952427510 ) ) ;
#690 = CARTESIAN_POINT ( 'NONE',  ( 14.59131718660163202, 55.73413982685028145, 41.75182506215292477 ) ) ;
#691 = VERTEX_POINT ( 'NONE', #1063 ) ;
#692 = PLANE ( 'NONE',  #726 ) ;
#693 = ORIENTED_EDGE ( 'NONE', *, *, #1065, .T. ) ;
#694 = ADVANCED_FACE ( 'NONE', ( #55 ), #638, .T. ) ;
#695 = DIRECTION ( 'NONE',  ( 0.9972723208579022947, -0.06929618877018391132, -0.02541566982434765448 ) ) ;
#696 = CARTESIAN_POINT ( 'NONE',  ( 11.87516822552313300, 74.50568576665232001, -37.31501767901985289 ) ) ;
#697 = CARTESIAN_POINT ( 'NONE',  ( 13.03063425773346218, 75.37039882881913400, -33.67974177775690947 ) ) ;
#698 =( LENGTH_UNIT ( ) NAMED_UNIT ( * ) SI_UNIT ( .MILLI., .METRE. ) );
#699 = CARTESIAN_POINT ( 'NONE',  ( 14.53956087102362638, 54.43264464117896750, 43.26953108291984762 ) ) ;
#700 = ORIENTED_EDGE ( 'NONE', *, *, #1505, .T. ) ;
#701 = VECTOR ( 'NONE', #1181, 1000.000000000000000 ) ;
#702 = EDGE_CURVE ( 'NONE', #1502, #1458, #819, .T. ) ;
#703 = CARTESIAN_POINT ( 'NONE',  ( 13.97008230746906499, 74.34269827647499085, -33.36099084906966539 ) ) ;
#704 = VERTEX_POINT ( 'NONE', #773 ) ;
#705 = CARTESIAN_POINT ( 'NONE',  ( 15.68275568609029946, 71.21186355858053219, 42.37797971878742231 ) ) ;
#706 = CARTESIAN_POINT ( 'NONE',  ( 12.52859376288711069, 55.81806319614715761, -39.41513059764149318 ) ) ;
#707 = DIRECTION ( 'NONE',  ( 0.9975976844845455549, -0.06927380393101822964, 0.000000000000000000 ) ) ;
#708 = CARTESIAN_POINT ( 'NONE',  ( 15.20102720721406264, 63.40566791475340835, 44.75938965909904965 ) ) ;
#709 = ORIENTED_EDGE ( 'NONE', *, *, #254, .F. ) ;
#710 = CARTESIAN_POINT ( 'NONE',  ( 14.27539137947730374, 53.14976960085093793, 36.40169827823300608 ) ) ;
#711 = ORIENTED_EDGE ( 'NONE', *, *, #71, .T. ) ;
#712 = DIRECTION ( 'NONE',  ( 0.06931858077286134900, 0.9975945741430415348, 0.000000000000000000 ) ) ;
#713 = CARTESIAN_POINT ( 'NONE',  ( 13.29965318649919581, 71.79868376723590018, -40.67267559696401236 ) ) ;
#714 = LINE ( 'NONE', #1188, #794 ) ;
#715 = SURFACE_STYLE_USAGE ( .BOTH. , #1087 ) ;
#716 = CARTESIAN_POINT ( 'NONE',  ( 15.54821860641926889, 68.76394224877314798, 43.77324145058840799 ) ) ;
#717 = CARTESIAN_POINT ( 'NONE',  ( 14.33098178161149150, 54.08174216882887464, 36.04194472040749986 ) ) ;
#718 = ORIENTED_EDGE ( 'NONE', *, *, #564, .F. ) ;
#719 = DIRECTION ( 'NONE',  ( 0.06931858077286143227, 0.9975945741430414238, 0.000000000000000000 ) ) ;
#720 = EDGE_CURVE ( 'NONE', #912, #66, #1100, .T. ) ;
#721 = CARTESIAN_POINT ( 'NONE',  ( 11.32365396512681954, 69.74738127722388015, -45.98201492318436578 ) ) ;
#722 = CARTESIAN_POINT ( 'NONE',  ( 14.20295330188125682, 53.39317955042622543, 32.89567730018166714 ) ) ;
#723 = CARTESIAN_POINT ( 'NONE',  ( 15.58634251718399355, 69.42514888187105271, 43.46637648308426094 ) ) ;
#724 = CARTESIAN_POINT ( 'NONE',  ( 14.38337571867023357, 54.48478000129710352, 36.99891487532782719 ) ) ;
#725 = ORIENTED_EDGE ( 'NONE', *, *, #909, .F. ) ;
#726 = AXIS2_PLACEMENT_3D ( 'NONE', #1382, #1162, #116 ) ;
#727 = CIRCLE ( 'NONE', #1391, 0.9999999999999992228 ) ;
#728 = CARTESIAN_POINT ( 'NONE',  ( 12.16428028492394553, 52.53417579825774908, 33.93493832519850884 ) ) ;
#729 = CARTESIAN_POINT ( 'NONE',  ( 11.50350849237931605, 71.90865774529034127, -44.81754749428097995 ) ) ;
#730 = LINE ( 'NONE', #244, #1216 ) ;
#731 = CARTESIAN_POINT ( 'NONE',  ( 13.55724655503400200, 68.07275179809084875, 46.22667061178158576 ) ) ;
#732 = CARTESIAN_POINT ( 'NONE',  ( 14.13770022003929938, 52.39558342114287370, 33.05520554988724768 ) ) ;
#733 = ORIENTED_EDGE ( 'NONE', *, *, #1467, .T. ) ;
#734 = CARTESIAN_POINT ( 'NONE',  ( 13.85423093484241086, 74.24673651526053675, -37.64518181024021715 ) ) ;
#735 = LINE ( 'NONE', #160, #673 ) ;
#736 = CARTESIAN_POINT ( 'NONE',  ( 12.46209880179369023, 52.39558342054530016, -32.69285172016012808 ) ) ;
#737 = CARTESIAN_POINT ( 'NONE',  ( 15.75849883775131133, 75.02309920020448430, 34.95863735543917272 ) ) ;
#738 = CARTESIAN_POINT ( 'NONE',  ( 12.30540868494925100, 53.47755591818101806, 36.90046316404335158 ) ) ;
#739 = CARTESIAN_POINT ( 'NONE',  ( 14.50479117628895587, 55.19958185251113036, 39.81415569670849663 ) ) ;
#740 = VERTEX_POINT ( 'NONE', #308 ) ;
#741 = CARTESIAN_POINT ( 'NONE',  ( 12.59843415142663048, 71.84608221326257649, -41.02951830952452639 ) ) ;
#742 = EDGE_CURVE ( 'NONE', #1296, #1458, #953, .T. ) ;
#743 = CARTESIAN_POINT ( 'NONE',  ( 12.87381009862196102, 58.42378816455401136, 45.71769895185576615 ) ) ;
#744 = CARTESIAN_POINT ( 'NONE',  ( 12.51328266242935783, 55.40772776826267432, -38.89712951121043716 ) ) ;
#745 = CARTESIAN_POINT ( 'NONE',  ( 14.70118206516502823, 72.35620555581830615, 40.08826071892524112 ) ) ;
#746 =( BOUNDED_SURFACE ( )  B_SPLINE_SURFACE ( 3, 2, ( 
 ( #962, #1298, #824 ),
 ( #370, #732, #1314 ),
 ( #1426, #1179, #1412 ),
 ( #377, #1200, #150 ),
 ( #362, #483, #156 ),
 ( #33, #248, #841 ),
 ( #717, #710, #1089 ),
 ( #724, #257, #595 ),
 ( #41, #142, #506 ),
 ( #976, #601, #476 ),
 ( #1193, #1443, #1329 ),
 ( #276, #739, #134 ),
 ( #1208, #164, #622 ),
 ( #11, #1067, #17 ),
 ( #65, #421, #1342 ),
 ( #1000, #528, #1014 ),
 ( #426, #1364, #645 ),
 ( #1121, #179, #1335 ) ),
 .UNSPECIFIED., .F., .F., .T. ) 
 B_SPLINE_SURFACE_WITH_KNOTS ( ( 4, 2, 2, 2, 2, 2, 2, 2, 4 ),
 ( 3, 3 ),
 ( 0.000000000000000000, 0.002092057958117336369, 0.003138086937176004336, 0.004184115916234672737, 0.006276173874352008672, 0.007322202853410677073, 0.007845217342940011274, 0.008106724587704679241, 0.008368231832469345474 ),
 ( 0.000000000000000000, 1.000000000000000000 ),
 .UNSPECIFIED. ) 
 GEOMETRIC_REPRESENTATION_ITEM ( )  RATIONAL_B_SPLINE_SURFACE ( (
 ( 1.000000000000000000, 0.7071067811865483499, 1.000000000000000000),
 ( 1.000000000000000000, 0.7071067811865483499, 1.000000000000000000),
 ( 1.000000000000000000, 0.7071067811865476838, 1.000000000000000000),
 ( 1.000000000000000000, 0.7071067811865476838, 1.000000000000000000),
 ( 1.000000000000000000, 0.7071067811865469066, 1.000000000000000000),
 ( 1.000000000000000000, 0.7071067811865469066, 1.000000000000000000),
 ( 1.000000000000000000, 0.7071067811865476838, 1.000000000000000000),
 ( 1.000000000000000000, 0.7071067811865476838, 1.000000000000000000),
 ( 1.000000000000000000, 0.7071067811865476838, 1.000000000000000000),
 ( 1.000000000000000000, 0.7071067811865476838, 1.000000000000000000),
 ( 1.000000000000000000, 0.7071067811865482389, 1.000000000000000000),
 ( 1.000000000000000000, 0.7071067811865482389, 1.000000000000000000),
 ( 1.000000000000000000, 0.7071067811865489050, 1.000000000000000000),
 ( 1.000000000000000000, 0.7071067811865489050, 1.000000000000000000),
 ( 1.000000000000000000, 0.7071067811865454633, 1.000000000000000000),
 ( 1.000000000000000000, 0.7071067811865454633, 1.000000000000000000),
 ( 1.000000000000000000, 0.7071067811865454633, 1.000000000000000000),
 ( 1.000000000000000000, 0.7071067811865454633, 1.000000000000000000) ) ) 
 REPRESENTATION_ITEM ( '' )  SURFACE ( )  );
#747 = CARTESIAN_POINT ( 'NONE',  ( 10.42318761802616400, 52.80168653332738415, -35.11226803487685544 ) ) ;
#748 = ORIENTED_EDGE ( 'NONE', *, *, #947, .T. ) ;
#749 = CARTESIAN_POINT ( 'NONE',  ( 15.71139315522789737, 75.34029440629106489, 32.24544456165811823 ) ) ;
#750 = CIRCLE ( 'NONE', #74, 0.9999999999999997780 ) ;
#751 = CARTESIAN_POINT ( 'NONE',  ( 10.78653437426054396, 72.11654631160099882, 44.52008112565351183 ) ) ;
#752 = CARTESIAN_POINT ( 'NONE',  ( 11.49242745457516612, 55.85786259437314527, -40.83543255886660717 ) ) ;
#753 = CARTESIAN_POINT ( 'NONE',  ( 15.67619297640493059, 72.84251761525429458, 37.67446724497273891 ) ) ;
#754 = SHAPE_DEFINITION_REPRESENTATION ( #966, #1356 ) ;
#755 = CARTESIAN_POINT ( 'NONE',  ( 10.45457050258822562, 54.92852098392462068, -39.67969593472648882 ) ) ;
#756 = ORIENTED_EDGE ( 'NONE', *, *, #501, .T. ) ;
#757 = DIRECTION ( 'NONE',  ( -0.9972723208579025167, 0.06929618877018098311, 0.02541566982434744632 ) ) ;
#758 = DIRECTION ( 'NONE',  ( -0.02547691301595144883, -0.000000000000000000, -0.9996754107725055460 ) ) ;
#759 = CARTESIAN_POINT ( 'NONE',  ( 12.54850551864750763, 56.30574771791045663, -39.96350236581452720 ) ) ;
#760 = CARTESIAN_POINT ( 'NONE',  ( 15.76384378872402969, 74.55351323860489288, 36.44869798969909880 ) ) ;
#761 = CARTESIAN_POINT ( 'NONE',  ( 13.63583581632875230, 55.87998092522767024, 44.04109266317104243 ) ) ;
#762 = PLANE ( 'NONE',  #625 ) ;
#763 = EDGE_LOOP ( 'NONE', ( #18, #1351, #1015, #50 ) ) ;
#764 = CARTESIAN_POINT ( 'NONE',  ( 14.52692143701045246, 55.81806319614837264, 38.99621528388183123 ) ) ;
#765 = CARTESIAN_POINT ( 'NONE',  ( 12.45051738744010805, 54.83244804836328967, -39.79143525048625918 ) ) ;
#766 = EDGE_CURVE ( 'NONE', #1420, #1209, #1442, .T. ) ;
#767 = CARTESIAN_POINT ( 'NONE',  ( 15.69000886296071862, 73.62433033967162999, 36.08495804993057732 ) ) ;
#768 = CARTESIAN_POINT ( 'NONE',  ( 14.70267415861949978, 72.39196865739579323, 40.04929959207994017 ) ) ;
#769 = ORIENTED_EDGE ( 'NONE', *, *, #102, .T. ) ;
#770 = DIRECTION ( 'NONE',  ( -0.02559921225847590701, -0.001761778161620926580, -0.9996707340266868247 ) ) ;
#771 = DIRECTION ( 'NONE',  ( 0.9972723208579022947, -0.06929618877018392520, -0.02541566982434716182 ) ) ;
#772 = VECTOR ( 'NONE', #901, 1000.000000000000114 ) ;
#773 = CARTESIAN_POINT ( 'NONE',  ( 8.501801611889739263, 56.09265318041978077, -40.78579655540831084 ) ) ;
#774 = CARTESIAN_POINT ( 'NONE',  ( 14.76392042961875362, 74.99827084121734799, 35.34639000421510957 ) ) ;
#775 = VERTEX_POINT ( 'NONE', #1034 ) ;
#776 = CARTESIAN_POINT ( 'NONE',  ( 12.08764478092916406, 71.86841331604846062, -44.73504435500348109 ) ) ;
#777 = CARTESIAN_POINT ( 'NONE',  ( 11.37958684844350543, 55.88012243318778616, -44.40937402630876818 ) ) ;
#778 = CARTESIAN_POINT ( 'NONE',  ( 11.46482648093578938, 52.46487960931549566, -32.66743605033577325 ) ) ;
#779 = CARTESIAN_POINT ( 'NONE',  ( 11.56422116831986102, 72.61408696668171103, -44.35863711239976226 ) ) ;
#780 = CARTESIAN_POINT ( 'NONE',  ( 13.72274356553032604, 72.65239722678708745, -38.45755771073164908 ) ) ;
#781 = ORIENTED_EDGE ( 'NONE', *, *, #904, .T. ) ;
#782 = EDGE_CURVE ( 'NONE', #1444, #894, #750, .T. ) ;
#783 = CARTESIAN_POINT ( 'NONE',  ( 13.95035945386322496, 74.28704953882726159, -33.98315861682321071 ) ) ;
#784 = CARTESIAN_POINT ( 'NONE',  ( 13.20883813138402196, 52.76424633764972327, 34.94870725041278092 ) ) ;
#785 = CARTESIAN_POINT ( 'NONE',  ( 13.05812148833323683, 75.40959059506116091, -32.70804146872944074 ) ) ;
#786 = CARTESIAN_POINT ( 'NONE',  ( 13.03570921286957862, 65.22267917535091897, -45.15851031054752696 ) ) ;
#787 = CARTESIAN_POINT ( 'NONE',  ( 12.82225284009263966, 62.89934503529612897, -47.19961060400607522 ) ) ;
#788 = CARTESIAN_POINT ( 'NONE',  ( 13.59833387610543909, 71.80481413616119823, -41.02825768893922742 ) ) ;
#789 = ORIENTED_EDGE ( 'NONE', *, *, #1134, .T. ) ;
#790 = CARTESIAN_POINT ( 'NONE',  ( 13.71138911493050117, 72.54658430670612290, -38.61458867804764594 ) ) ;
#791 = CARTESIAN_POINT ( 'NONE',  ( 11.26422516305773769, 64.00646446838905490, -32.66121882087654171 ) ) ;
#792 = CARTESIAN_POINT ( 'NONE',  ( 12.06084916747526314, 75.47888678383135641, -32.68262579890508590 ) ) ;
#793 = CARTESIAN_POINT ( 'NONE',  ( 10.65724382939354520, 60.42686053102359978, -46.71840384270514335 ) ) ;
#794 = VECTOR ( 'NONE', #473, 1000.000000000000114 ) ;
#795 = CARTESIAN_POINT ( 'NONE',  ( 13.61841223934632161, 73.13282614905176615, -43.86125700485939660 ) ) ;
#796 = CARTESIAN_POINT ( 'NONE',  ( 12.65978448319414262, 72.48731477605703333, -40.37055416865066348 ) ) ;
#797 = ORIENTED_EDGE ( 'NONE', *, *, #444, .F. ) ;
#798 = CARTESIAN_POINT ( 'NONE',  ( 10.49634625360553386, 55.95406080287940398, -40.83662789505699919 ) ) ;
#799 = CARTESIAN_POINT ( 'NONE',  ( 13.17945428645304062, 52.61470919317542183, 34.20344493116985518 ) ) ;
#800 = CARTESIAN_POINT ( 'NONE',  ( 15.68997331572191989, 73.89700586459002807, 35.34010949563597848 ) ) ;
#801 = CARTESIAN_POINT ( 'NONE',  ( 12.98430171937745570, 64.50368388671572006, -45.21531137493920482 ) ) ;
#802 = CARTESIAN_POINT ( 'NONE',  ( 13.31258403365930931, 69.54616289209536717, -46.08240288656728012 ) ) ;
#803 = CARTESIAN_POINT ( 'NONE',  ( 13.56900323022825283, 71.11676895554846567, -40.30318266398984406 ) ) ;
#804 = ORIENTED_EDGE ( 'NONE', *, *, #130, .T. ) ;
#805 = CARTESIAN_POINT ( 'NONE',  ( 14.71412083437004981, 75.40959059506123197, 32.27086023148246596 ) ) ;
#806 = ORIENTED_EDGE ( 'NONE', *, *, #1381, .T. ) ;
#807 = PLANE ( 'NONE',  #460 ) ;
#808 = CARTESIAN_POINT ( 'NONE',  ( 12.45630418000720141, 55.81308811304242568, -42.23809950974812466 ) ) ;
#809 = CARTESIAN_POINT ( 'NONE',  ( 15.64211945925415570, 74.34269827647601403, 32.24721001463176151 ) ) ;
#810 = EDGE_CURVE ( 'NONE', #1336, #427, #1078, .T. ) ;
#811 = CARTESIAN_POINT ( 'NONE',  ( 12.69819434458389296, 60.17843512612143542, -44.64887779216486763 ) ) ;
#812 = CARTESIAN_POINT ( 'NONE',  ( 14.59824976260374996, 55.07461621122731543, 43.82204943502325278 ) ) ;
#813 = ORIENTED_EDGE ( 'NONE', *, *, #1026, .T. ) ;
#814 = CARTESIAN_POINT ( 'NONE',  ( 10.42682738129251163, 52.53417579825767803, -34.24007738601013529 ) ) ;
#815 = ORIENTED_EDGE ( 'NONE', *, *, #1129, .T. ) ;
#816 = LINE ( 'NONE', #1076, #1003 ) ;
#817 = FACE_OUTER_BOUND ( 'NONE', #615, .T. ) ;
#818 = DIRECTION ( 'NONE',  ( 0.9972723208579024057, -0.06929618877018392520, -0.02541566982434716529 ) ) ;
#819 = B_SPLINE_CURVE_WITH_KNOTS ( 'NONE', 3,
 ( #1354, #191, #455, #558, #1506, #318, #1273, #908, #574, #567, #923, #1392, #1150, #778 ),
 .UNSPECIFIED., .F., .F.,
 ( 4, 2, 2, 2, 2, 2, 4 ),
 ( -6.000000002251529505E-08, 0.001141197463860178611, 0.002282454927720379417, 0.004564969855440769754, 0.005706227319300966223, 0.006847484783161160091, 0.009129999710881547825 ),
 .UNSPECIFIED. ) ;
#820 = DIRECTION ( 'NONE',  ( -0.9975945741430416458, 0.06931858077285851794, 0.000000000000000000 ) ) ;
#821 = CARTESIAN_POINT ( 'NONE',  ( 15.47404381858880207, 66.70332330648420793, 46.48104245970719006 ) ) ;
#822 = CARTESIAN_POINT ( 'NONE',  ( 11.41822503326070226, 52.76828960863889506, -35.32325786943760448 ) ) ;
#823 = AXIS2_PLACEMENT_3D ( 'NONE', #23, #123, #707 ) ;
#824 = CARTESIAN_POINT ( 'NONE',  ( 13.12082582697260058, 52.46487960931555961, 32.31146564987607661 ) ) ;
#825 = AXIS2_PLACEMENT_3D ( 'NONE', #738, #607, #1328 ) ;
#826 = ORIENTED_EDGE ( 'NONE', *, *, #1467, .F. ) ;
#827 = CARTESIAN_POINT ( 'NONE',  ( 15.58292467943912740, 69.36529534091513938, 43.49545725481337399 ) ) ;
#828 = CARTESIAN_POINT ( 'NONE',  ( 12.92143409850459612, 71.82384215135954264, -40.98016334179669684 ) ) ;
#829 = CARTESIAN_POINT ( 'NONE',  ( 12.96769172903792722, 75.09650775477234674, -35.40274315469832089 ) ) ;
#830 = CARTESIAN_POINT ( 'NONE',  ( 15.46395176573488861, 67.37376291224825309, 44.25708240510738989 ) ) ;
#831 = CARTESIAN_POINT ( 'NONE',  ( 11.05154331402914103, 72.09813197367300575, 41.59303529206484740 ) ) ;
#832 = EDGE_LOOP ( 'NONE', ( #298, #434, #992, #1107 ) ) ;
#833 = EDGE_CURVE ( 'NONE', #1306, #851, #7, .T. ) ;
#834 = B_SPLINE_CURVE_WITH_KNOTS ( 'NONE', 3,
 ( #1233, #1125, #190, #76, #539, #1012, #424, #891, #1361, #1240, #197, #545, #343, #696, #679, #557, #566, #1254, #233, #662, #1033, #687, #111, #1157, #1272, #906, #1263 ),
 .UNSPECIFIED., .F., .F.,
 ( 4, 1, 1, 1, 1, 2, 2, 1, 1, 1, 1, 2, 2, 1, 1, 1, 2, 2, 4 ),
 ( 0.000000000000000000, 0.1249999999999795164, 0.1874999999999700517, 0.2187499999999653055, 0.2343749999999623634, 0.2421874999999608924, 0.2499999999999594213, 0.3749999999999426015, 0.4374999999999331091, 0.4687499999999293898, 0.4843749999999275024, 0.4921874999999264477, 0.4999999999999253930, 0.6249999999999398259, 0.6874999999999481526, 0.7187499999999510392, 0.7343749999999528155, 0.7499999999999545919, 1.000000000000000000 ),
 .UNSPECIFIED. ) ;
#835 = CARTESIAN_POINT ( 'NONE',  ( 12.49089089532133912, 55.81546842533904140, -40.88745923470569466 ) ) ;
#836 = LINE ( 'NONE', #495, #338 ) ;
#837 = CARTESIAN_POINT ( 'NONE',  ( 11.40139521968891678, 70.70457925133503352, -45.54138007324742432 ) ) ;
#838 = EDGE_CURVE ( 'NONE', #919, #1502, #1202, .T. ) ;
#839 = PLANE ( 'NONE',  #823 ) ;
#840 = DIRECTION ( 'NONE',  ( 0.9972723208579022947, -0.06929618877018392520, -0.02541566982434716182 ) ) ;
#841 = CARTESIAN_POINT ( 'NONE',  ( 13.25998200365798851, 53.08898069331803526, 36.07012231387970047 ) ) ;
#842 = VERTEX_POINT ( 'NONE', #959 ) ;
#843 = CARTESIAN_POINT ( 'NONE',  ( 15.71004025785627967, 71.77443294297387411, 41.91473141056279417 ) ) ;
#844 = DIRECTION ( 'NONE',  ( 0.9972723208579022947, -0.06929618877018391132, -0.02541566982434765448 ) ) ;
#845 = CARTESIAN_POINT ( 'NONE',  ( 10.57517465614561303, 56.09265318041987314, 40.57021578421079511 ) ) ;
#846 = CARTESIAN_POINT ( 'NONE',  ( 14.56426393957724308, 55.81546842533913377, 40.46855310491341129 ) ) ;
#847 = CARTESIAN_POINT ( 'NONE',  ( 13.22217087863201179, 63.04468516927492772, 46.78790534963527392 ) ) ;
#848 = EDGE_CURVE ( 'NONE', #691, #1306, #1066, .T. ) ;
#849 = AXIS2_PLACEMENT_3D ( 'NONE', #1305, #492, #26 ) ;
#850 = CARTESIAN_POINT ( 'NONE',  ( 11.37343880282393016, 72.07576483273344081, 41.14005015613716409 ) ) ;
#851 = VERTEX_POINT ( 'NONE', #1310 ) ;
#852 = AXIS2_PLACEMENT_3D ( 'NONE', #1406, #1061, #1186 ) ;
#853 = CARTESIAN_POINT ( 'NONE',  ( 12.56550932422662115, 55.90956027134508588, 40.47552280519995094 ) ) ;
#854 = CARTESIAN_POINT ( 'NONE',  ( 13.46383223180695232, 54.79891064286317004, 39.40674740197638926 ) ) ;
#855 = CARTESIAN_POINT ( 'NONE',  ( 12.53137249776749584, 53.39317955036040786, -32.69461717313377136 ) ) ;
#856 = CARTESIAN_POINT ( 'NONE',  ( 15.71004025785627967, 71.77443294297387411, 41.91473141056279417 ) ) ;
#857 = CARTESIAN_POINT ( 'NONE',  ( 13.77954950742261886, 71.91714273807680513, 44.46771405739812622 ) ) ;
#858 = CARTESIAN_POINT ( 'NONE',  ( 9.269680521341909341, 64.14505684592943169, -32.61038748122784625 ) ) ;
#859 = EDGE_CURVE ( 'NONE', #1420, #919, #714, .T. ) ;
#860 = ORIENTED_EDGE ( 'NONE', *, *, #183, .F. ) ;
#861 = CARTESIAN_POINT ( 'NONE',  ( 13.85552131581396296, 73.74806004623222577, -36.23490066453422287 ) ) ;
#862 = CARTESIAN_POINT ( 'NONE',  ( 13.18340062021674441, 62.50408133852779002, 46.74058334344290699 ) ) ;
#863 = CARTESIAN_POINT ( 'NONE',  ( 11.41227556454047942, 53.21906578958630973, -36.78575372582924530 ) ) ;
#864 = CARTESIAN_POINT ( 'NONE',  ( 14.68016886788149300, 71.87411032492832419, 40.57817431108365724 ) ) ;
#865 = ADVANCED_FACE ( 'NONE', ( #942 ), #147, .T. ) ;
#866 = CARTESIAN_POINT ( 'NONE',  ( 10.42365603072523683, 52.79185841611071339, -35.06709172855243395 ) ) ;
#867 = ORIENTED_EDGE ( 'NONE', *, *, #250, .F. ) ;
#868 = CARTESIAN_POINT ( 'NONE',  ( 13.96423566171703179, 75.02309920020441325, -35.44552724711102343 ) ) ;
#869 = CARTESIAN_POINT ( 'NONE',  ( 13.63911390467489859, 69.42520573772480930, 45.75153610585101660 ) ) ;
#870 = CARTESIAN_POINT ( 'NONE',  ( 13.30644579925611559, 53.46247573913058915, 36.87495154776059536 ) ) ;
#871 = CARTESIAN_POINT ( 'NONE',  ( 15.68712166545096665, 73.34425387462130175, 36.73530130451021591 ) ) ;
#872 = DIRECTION ( 'NONE',  ( -0.02547691301595395377, -3.551499959996423139E-15, -0.9996754107725054350 ) ) ;
#873 = ORIENTED_EDGE ( 'NONE', *, *, #1115, .T. ) ;
#874 = CARTESIAN_POINT ( 'NONE',  ( 14.56426393957724308, 55.81546842533913377, 40.46855310491341129 ) ) ;
#875 = VECTOR ( 'NONE', #573, 1000.000000000000000 ) ;
#876 = CARTESIAN_POINT ( 'NONE',  ( 13.71684851351209034, 75.47888678383142746, 32.29627590130681369 ) ) ;
#877 = CARTESIAN_POINT ( 'NONE',  ( 11.44501271816733379, 54.67126206913687270, -39.46063150060275149 ) ) ;
#878 = VECTOR ( 'NONE', #152, 1000.000000000000000 ) ;
#879 = CARTESIAN_POINT ( 'NONE',  ( 14.76122651689525256, 75.09239538898285105, 34.98405302526521155 ) ) ;
#880 = CARTESIAN_POINT ( 'NONE',  ( 13.24900579725697014, 55.90686008898556025, 44.25412477994030525 ) ) ;
#881 = CARTESIAN_POINT ( 'NONE',  ( 13.56699161871934756, 55.88476461410931506, 40.49396877473775902 ) ) ;
#882 = ORIENTED_EDGE ( 'NONE', *, *, #1134, .F. ) ;
#883 = CARTESIAN_POINT ( 'NONE',  ( 13.02948087855802584, 60.42000013840355876, 46.38328354389421548 ) ) ;
#884 = CARTESIAN_POINT ( 'NONE',  ( 11.48934757232215809, 55.78796681618538145, -40.76571062238956245 ) ) ;
#885 = EDGE_CURVE ( 'NONE', #1090, #66, #967, .T. ) ;
#886 = CARTESIAN_POINT ( 'NONE',  ( 15.61121526370838275, 71.11676895554541034, 39.83011889321954158 ) ) ;
#887 = APPLICATION_PROTOCOL_DEFINITION ( 'draft international standard', 'automotive_design', 1998, #294 ) ;
#888 = CARTESIAN_POINT ( 'NONE',  ( 14.68523940990948518, 71.98644118358308219, 40.47086298746804545 ) ) ;
#889 = VERTEX_POINT ( 'NONE', #845 ) ;
#890 = CARTESIAN_POINT ( 'NONE',  ( 13.56699161871934756, 55.88476461410931506, 40.49396877473775902 ) ) ;
#891 = CARTESIAN_POINT ( 'NONE',  ( 11.97827627966241337, 75.20546606007950174, -35.17717509941632414 ) ) ;
#892 = CARTESIAN_POINT ( 'NONE',  ( 13.56151542907101337, 71.77443294297377463, -42.39012292661863057 ) ) ;
#893 = CARTESIAN_POINT ( 'NONE',  ( 10.41828373267482455, 52.93651113392762397, -35.67229026517720314 ) ) ;
#894 = VERTEX_POINT ( 'NONE', #14 ) ;
#895 = DIRECTION ( 'NONE',  ( -0.9972723208579028498, 0.06929618877017938716, 0.02541566982434373054 ) ) ;
#896 = CARTESIAN_POINT ( 'NONE',  ( 12.09368834464861031, 55.83320919615150046, -43.66286398525765122 ) ) ;
#897 = AXIS2_PLACEMENT_3D ( 'NONE', #604, #28, #357 ) ;
#898 = PRODUCT_DEFINITION_CONTEXT ( 'detailed design', #294, 'design' ) ;
#899 = CARTESIAN_POINT ( 'NONE',  ( 12.51337188067546613, 56.96154271238347633, -43.13012748206497804 ) ) ;
#900 = CARTESIAN_POINT ( 'NONE',  ( 10.39510152868471948, 55.91015883923243734, -44.68961794853603209 ) ) ;
#901 = DIRECTION ( 'NONE',  ( 0.9972723208579022947, -0.06929618877018392520, -0.02541566982434716182 ) ) ;
#902 = ORIENTED_EDGE ( 'NONE', *, *, #1155, .F. ) ;
#903 = FACE_OUTER_BOUND ( 'NONE', #832, .T. ) ;
#904 = EDGE_CURVE ( 'NONE', #1326, #894, #932, .T. ) ;
#905 = CARTESIAN_POINT ( 'NONE',  ( 13.56699161871934756, 55.88476461410931506, 40.49396877473775902 ) ) ;
#906 = CARTESIAN_POINT ( 'NONE',  ( 11.64953803432332613, 72.43143673695246321, -40.51293426657077390 ) ) ;
#907 = B_SPLINE_CURVE_WITH_KNOTS ( 'NONE', 3,
 ( #324, #104, #669, #1040, #931, #777, #1504, #438, #1142, #896, #1247, #1490, #454, #808 ),
 .UNSPECIFIED., .F., .F.,
 ( 4, 2, 2, 2, 2, 2, 4 ),
 ( 0.000000000000000000, 0.0004417883886249880719, 0.0008835767772499761438, 0.001325365165874964161, 0.001767153554499952288, 0.002650730331749944803, 0.003534307108999937535 ),
 .UNSPECIFIED. ) ;
#908 = CARTESIAN_POINT ( 'NONE',  ( 11.41225569151003683, 53.20920457653975433, -36.75964677442424033 ) ) ;
#909 = EDGE_CURVE ( 'NONE', #740, #231, #315, .T. ) ;
#910 = CARTESIAN_POINT ( 'NONE',  ( 12.98455444412859272, 64.50743384935070424, -45.21561916613958232 ) ) ;
#911 = CARTESIAN_POINT ( 'NONE',  ( 12.54501622930782467, 54.57123701871933008, 43.32036242256854308 ) ) ;
#912 = VERTEX_POINT ( 'NONE', #876 ) ;
#913 = CARTESIAN_POINT ( 'NONE',  ( 13.90355861781980273, 74.06468060651380370, -35.21326032513813686 ) ) ;
#914 = CARTESIAN_POINT ( 'NONE',  ( 13.13088033384120301, 52.46960367474601838, 32.69310901151619220 ) ) ;
#915 = CARTESIAN_POINT ( 'NONE',  ( 11.97058980787212867, 75.22675624544314132, -35.53682858596671679 ) ) ;
#916 = CARTESIAN_POINT ( 'NONE',  ( 13.35421482509105218, 69.36733596254455847, -43.96129960535385095 ) ) ;
#917 = CARTESIAN_POINT ( 'NONE',  ( 13.22357837212171106, 67.72483509273300228, -44.60897359645827720 ) ) ;
#918 = CARTESIAN_POINT ( 'NONE',  ( 13.62242490212710777, 71.67457224273738348, -39.72785598820023978 ) ) ;
#919 = VERTEX_POINT ( 'NONE', #1346 ) ;
#920 = CARTESIAN_POINT ( 'NONE',  ( 13.71684851351208678, 75.47888678383142746, 32.29627590130681369 ) ) ;
#921 = LINE ( 'NONE', #75, #1050 ) ;
#922 = CARTESIAN_POINT ( 'NONE',  ( 15.65815726500233573, 74.34269827647504769, 32.87650917812264595 ) ) ;
#923 = CARTESIAN_POINT ( 'NONE',  ( 11.41839060436251430, 52.76424623764528121, -35.30573680152447480 ) ) ;
#924 = VECTOR ( 'NONE', #930, 1000.000000000000000 ) ;
#925 = CARTESIAN_POINT ( 'NONE',  ( 11.31803939194250219, 69.68475526948968479, -46.03157154650693172 ) ) ;
#926 = CARTESIAN_POINT ( 'NONE',  ( 12.45630418000720141, 55.81308811304242568, -42.23809950974812466 ) ) ;
#927 = CARTESIAN_POINT ( 'NONE',  ( 12.41549735412885624, 52.69899341998586095, -35.34867353923839772 ) ) ;
#928 = CARTESIAN_POINT ( 'NONE',  ( 13.87636793995373097, 73.89700586459021281, -35.82301367651435697 ) ) ;
#929 = EDGE_CURVE ( 'NONE', #1009, #586, #1352, .T. ) ;
#930 = DIRECTION ( 'NONE',  ( 0.02547691301595149393, 0.000000000000000000, 0.9996754107725055460 ) ) ;
#931 = CARTESIAN_POINT ( 'NONE',  ( 11.11987661689013507, 55.89765345241378469, -44.54829745905365712 ) ) ;
#932 = LINE ( 'NONE', #809, #288 ) ;
#933 = CARTESIAN_POINT ( 'NONE',  ( 12.46845984533478102, 57.22265212835357318, -45.60432617657763643 ) ) ;
#934 = CARTESIAN_POINT ( 'NONE',  ( 14.85442343603442161, 58.80034793519237013, 43.71565463912931904 ) ) ;
#935 = B_SPLINE_CURVE_WITH_KNOTS ( 'NONE', 3,
 ( #905, #1503, #654, #323, #1271, #208, #196, #1128, #332, #1032 ),
 .UNSPECIFIED., .F., .F.,
 ( 4, 2, 2, 2, 4 ),
 ( 0.000000000000000000, 0.0004900324744819587689, 0.0009800649489639175378, 0.001470097423445876307, 0.001960129897927835076 ),
 .UNSPECIFIED. ) ;
#936 = CARTESIAN_POINT ( 'NONE',  ( 12.48882300599913009, 53.67016027332427086, -35.11938658890305476 ) ) ;
#937 = CARTESIAN_POINT ( 'NONE',  ( 10.46755416007785122, 52.53417579808566984, -32.64202038051142551 ) ) ;
#938 = VERTEX_POINT ( 'NONE', #510 ) ;
#939 = B_SPLINE_SURFACE_WITH_KNOTS ( 'NONE', 3, 1, ( 
 ( #805, #920 ),
 ( #1373, #1510 ),
 ( #1287, #93 ),
 ( #207, #684 ),
 ( #1397, #222 ),
 ( #1389, #555 ),
 ( #230, #339 ) ),
 .UNSPECIFIED., .F., .F., .F.,
 ( 4, 1, 1, 1, 4 ),
 ( 2, 2 ),
 ( 0.4083712394654500089, 0.4234723170291309069, 0.4385733946243238202, 0.4536744722195169000, 0.4631359316373734325 ),
 ( 0.000000000000000000, 1.000000000000000000 ),
 .UNSPECIFIED. ) ;
#940 = CARTESIAN_POINT ( 'NONE',  ( 8.272372667178069960, 64.21448563908728602, -32.58672763218223167 ) ) ;
#941 = FACE_OUTER_BOUND ( 'NONE', #1388, .T. ) ;
#942 = FACE_OUTER_BOUND ( 'NONE', #385, .T. ) ;
#943 = PRESENTATION_STYLE_ASSIGNMENT (( #715 ) ) ;
#944 = CARTESIAN_POINT ( 'NONE',  ( 14.41603390739445878, 55.82576829637405780, 42.98174551420936496 ) ) ;
#945 = ORIENTED_EDGE ( 'NONE', *, *, #295, .F. ) ;
#946 = CARTESIAN_POINT ( 'NONE',  ( 13.59570647228446383, 71.77678602449240941, -41.05493397934886701 ) ) ;
#947 = EDGE_CURVE ( 'NONE', #133, #188, #995, .T. ) ;
#948 = DIRECTION ( 'NONE',  ( 0.9972723208579022947, -0.06929618877018392520, -0.02541566982434716182 ) ) ;
#949 = CARTESIAN_POINT ( 'NONE',  ( 14.76119341470596957, 74.41199446524619532, 36.83787703531426416 ) ) ;
#950 = CARTESIAN_POINT ( 'NONE',  ( 10.98753756971454720, 65.32637825696149037, -47.11678406697871679 ) ) ;
#951 = CARTESIAN_POINT ( 'NONE',  ( 10.32897285245940289, 54.57064322258859335, -43.63219830142990219 ) ) ;
#952 = CARTESIAN_POINT ( 'NONE',  ( 13.12082582697260058, 52.46487960931555961, 32.31146564987606951 ) ) ;
#953 = CIRCLE ( 'NONE', #1417, 0.9999999999999997780 ) ;
#954 = DIRECTION ( 'NONE',  ( -0.9972723208579025167, 0.06929618877018098311, 0.02541566982434744632 ) ) ;
#955 = EDGE_LOOP ( 'NONE', ( #529, #1398, #91, #1205 ) ) ;
#956 = CARTESIAN_POINT ( 'NONE',  ( 12.51346229089640616, 55.42770008052310970, -38.94453595891305042 ) ) ;
#957 = B_SPLINE_CURVE_WITH_KNOTS ( 'NONE', 3,
 ( #386, #853, #508, #1445, #728, #609 ),
 .UNSPECIFIED., .F., .F.,
 ( 4, 1, 1, 4 ),
 ( 0.000000000000000000, 0.02166795128119083577, 0.5108339757290696337, 1.000000000000000000 ),
 .UNSPECIFIED. ) ;
#958 = CARTESIAN_POINT ( 'NONE',  ( 8.501801611889739263, 56.09265318041978077, -40.78579655540831084 ) ) ;
#959 = CARTESIAN_POINT ( 'NONE',  ( 8.511691529805608170, 72.11654631160089934, -44.74130048480793675 ) ) ;
#960 = CARTESIAN_POINT ( 'NONE',  ( 14.48783879372415839, 55.42770008053000197, 38.52700230193040909 ) ) ;
#961 = CARTESIAN_POINT ( 'NONE',  ( 15.65552932572119715, 70.68679921025906765, 42.74125413444416210 ) ) ;
#962 = CARTESIAN_POINT ( 'NONE',  ( 14.18737184380155547, 53.39317955036040786, 32.28428452697026074 ) ) ;
#963 = ORIENTED_EDGE ( 'NONE', *, *, #1175, .F. ) ;
#964 = CARTESIAN_POINT ( 'NONE',  ( 14.59852007415749675, 55.81308811304251805, 41.81920180486709171 ) ) ;
#965 = PLANE ( 'NONE',  #1260 ) ;
#966 = PRODUCT_DEFINITION_SHAPE ( 'NONE', 'NONE',  #1242 ) ;
#967 = LINE ( 'NONE', #1430, #94 ) ;
#968 = CARTESIAN_POINT ( 'NONE',  ( 14.57577494128645768, 55.81466857505681389, 42.40971202277721375 ) ) ;
#969 = LINE ( 'NONE', #384, #1511 ) ;
#970 = VERTEX_POINT ( 'NONE', #751 ) ;
#971 = DIRECTION ( 'NONE',  ( -0.9972723208579024057, 0.06929618877018392520, 0.02541566982434716529 ) ) ;
#972 = CARTESIAN_POINT ( 'NONE',  ( 13.08091976177024840, 61.10296411899303592, 46.53955617210660023 ) ) ;
#973 = ORIENTED_EDGE ( 'NONE', *, *, #1111, .F. ) ;
#974 = EDGE_CURVE ( 'NONE', #58, #1473, #1098, .T. ) ;
#975 = CARTESIAN_POINT ( 'NONE',  ( 10.68981440924292059, 72.12326696834344375, 40.70661248388453402 ) ) ;
#976 = CARTESIAN_POINT ( 'NONE',  ( 14.48524464260985489, 55.40772776826514701, 38.47966654450779345 ) ) ;
#977 = ORIENTED_EDGE ( 'NONE', *, *, #1266, .T. ) ;
#978 = AXIS2_PLACEMENT_3D ( 'NONE', #1132, #971, #994 ) ;
#979 = CIRCLE ( 'NONE', #215, 11.50078937908553911 ) ;
#980 = CARTESIAN_POINT ( 'NONE',  ( 13.01277104407257568, 75.33019099814382002, -34.27103995025078831 ) ) ;
#981 = EDGE_CURVE ( 'NONE', #691, #775, #1437, .T. ) ;
#982 = CARTESIAN_POINT ( 'NONE',  ( 12.76918545136456196, 57.14183826468324412, 45.10764135191377733 ) ) ;
#983 = VERTEX_POINT ( 'NONE', #764 ) ;
#984 = CARTESIAN_POINT ( 'NONE',  ( 15.74274541776830105, 73.48904113046904740, 38.52312841543536592 ) ) ;
#985 = CARTESIAN_POINT ( 'NONE',  ( 10.42057510619352634, 53.75047523220082724, -37.80166504826099327 ) ) ;
#986 = ORIENTED_EDGE ( 'NONE', *, *, #993, .T. ) ;
#987 = LINE ( 'NONE', #502, #772 ) ;
#988 = CARTESIAN_POINT ( 'NONE',  ( 14.84294215040080722, 71.83468388234098256, 40.60076925410673709 ) ) ;
#989 = CARTESIAN_POINT ( 'NONE',  ( 12.55376066986561234, 56.42729151814150867, -40.08868912244570026 ) ) ;
#990 = CARTESIAN_POINT ( 'NONE',  ( 14.74844416380579304, 75.33019099814143260, 33.83413974107796207 ) ) ;
#991 = CARTESIAN_POINT ( 'NONE',  ( 10.43266458783770290, 52.61663423594168876, -34.23585837246773877 ) ) ;
#992 = ORIENTED_EDGE ( 'NONE', *, *, #444, .T. ) ;
#993 = EDGE_CURVE ( 'NONE', #1009, #1090, #1376, .T. ) ;
#994 = DIRECTION ( 'NONE',  ( 0.06931858077286133513, 0.9975945741430415348, 0.000000000000000000 ) ) ;
#995 = LINE ( 'NONE', #168, #1344 ) ;
#996 = CARTESIAN_POINT ( 'NONE',  ( 11.45324506658121244, 54.90174423711589213, -39.76601958067664810 ) ) ;
#997 = CARTESIAN_POINT ( 'NONE',  ( 15.76068134881447769, 74.24673651526065044, 37.16103978771641181 ) ) ;
#998 = CARTESIAN_POINT ( 'NONE',  ( 8.511691529805608170, 72.11654631160089934, -44.74130048480793675 ) ) ;
#999 = ADVANCED_FACE ( 'NONE', ( #1453 ), #239, .F. ) ;
#1000 = CARTESIAN_POINT ( 'NONE',  ( 14.58636491753268061, 56.42729151814217659, 39.66761749728710384 ) ) ;
#1001 = ORIENTED_EDGE ( 'NONE', *, *, #1091, .F. ) ;
#1002 = VECTOR ( 'NONE', #252, 1000.000000000000114 ) ;
#1003 = VECTOR ( 'NONE', #948, 1000.000000000000114 ) ;
#1004 = CARTESIAN_POINT ( 'NONE',  ( 12.56971929786145736, 55.95406080287948924, 40.51938444456210675 ) ) ;
#1005 = CARTESIAN_POINT ( 'NONE',  ( 12.40954788540087605, 53.14976960084724311, -36.81116939564049773 ) ) ;
#1006 = CARTESIAN_POINT ( 'NONE',  ( 14.76404511339436354, 74.99302745451313967, 35.36557857553612649 ) ) ;
#1007 = CARTESIAN_POINT ( 'NONE',  ( 14.22697794393714332, 55.83890498678235303, 43.38116110328591191 ) ) ;
#1008 = CARTESIAN_POINT ( 'NONE',  ( 10.44712065924716704, 52.53417579817195104, -33.44379994971066594 ) ) ;
#1009 = VERTEX_POINT ( 'NONE', #389 ) ;
#1010 = CARTESIAN_POINT ( 'NONE',  ( 13.12565814513446227, 52.46488009981296585, 32.50107714515080914 ) ) ;
#1011 = B_SPLINE_CURVE_WITH_KNOTS ( 'NONE', 3,
 ( #216, #103, #223, #1017, #81, #544, #1479, #119, #956, #1068 ),
 .UNSPECIFIED., .F., .F.,
 ( 4, 2, 2, 2, 4 ),
 ( 6.938893903907228378E-18, 0.001820240053933091379, 0.003640480107866175818, 0.005460720161799260258, 0.007280960215732344698 ),
 .UNSPECIFIED. ) ;
#1012 = CARTESIAN_POINT ( 'NONE',  ( 11.98359397772333779, 75.23396866184221210, -35.04622944904993176 ) ) ;
#1013 = CARTESIAN_POINT ( 'NONE',  ( 14.76340902795201160, 74.31603270397803840, 37.18645545751799375 ) ) ;
#1014 = CARTESIAN_POINT ( 'NONE',  ( 13.55781922222698910, 55.78796681618599251, 40.39797843975084390 ) ) ;
#1015 = ORIENTED_EDGE ( 'NONE', *, *, #1311, .F. ) ;
#1016 =( BOUNDED_SURFACE ( )  B_SPLINE_SURFACE ( 3, 2, ( 
 ( #690, #699, #911 ),
 ( #1160, #812, #449 ),
 ( #1379, #1042, #1052 ),
 ( #327, #2, #1371 ),
 ( #934, #1403, #236 ),
 ( #1169, #124, #585 ),
 ( #1059, #1177, #245 ),
 ( #600, #1410, #1295 ),
 ( #1320, #383, #391 ),
 ( #270, #1080, #847 ),
 ( #708, #1441, #256 ),
 ( #275, #1072, #368 ),
 ( #1418, #155, #163 ),
 ( #1425, #821, #264 ),
 ( #132, #1088, #1183 ),
 ( #830, #16, #731 ),
 ( #1304, #1199, #613 ),
 ( #716, #360, #594 ),
 ( #723, #40, #1095 ),
 ( #961, #32, #857 ),
 ( #505, #1064, #376 ),
 ( #140, #1433, #25 ) ),
 .UNSPECIFIED., .F., .F., .T. ) 
 B_SPLINE_SURFACE_WITH_KNOTS ( ( 4, 2, 2, 2, 2, 2, 2, 2, 2, 2, 4 ),
 ( 3, 3 ),
 ( 0.1928166892166050805, 0.1950213312702544777, 0.1972259733239038748, 0.1994306153775532719, 0.2005329364043779705, 0.2016352574312026691, 0.2038398994848520662, 0.2049422205116767648, 0.2060445415385014634, 0.2082491835921508605, 0.2104538256458002576 ),
 ( 0.000000000000000000, 1.000000000000000000 ),
 .UNSPECIFIED. ) 
 GEOMETRIC_REPRESENTATION_ITEM ( )  RATIONAL_B_SPLINE_SURFACE ( (
 ( 1.000000000000000000, 0.7071067811865477948, 1.000000000000000000),
 ( 1.000000000000000000, 0.7071067811865477948, 1.000000000000000000),
 ( 1.000000000000000000, 0.7071067811865480168, 1.000000000000000000),
 ( 1.000000000000000000, 0.7071067811865480168, 1.000000000000000000),
 ( 1.000000000000000000, 0.7071067811865500152, 1.000000000000000000),
 ( 1.000000000000000000, 0.7071067811865500152, 1.000000000000000000),
 ( 1.000000000000000000, 0.7071067811865483499, 1.000000000000000000),
 ( 1.000000000000000000, 0.7071067811865483499, 1.000000000000000000),
 ( 1.000000000000000000, 0.7071067811865483499, 1.000000000000000000),
 ( 1.000000000000000000, 0.7071067811865483499, 1.000000000000000000),
 ( 1.000000000000000000, 0.7071067811865479058, 1.000000000000000000),
 ( 1.000000000000000000, 0.7071067811865479058, 1.000000000000000000),
 ( 1.000000000000000000, 0.7071067811865477948, 1.000000000000000000),
 ( 1.000000000000000000, 0.7071067811865477948, 1.000000000000000000),
 ( 1.000000000000000000, 0.7071067811865459074, 1.000000000000000000),
 ( 1.000000000000000000, 0.7071067811865459074, 1.000000000000000000),
 ( 1.000000000000000000, 0.7071067811865490160, 1.000000000000000000),
 ( 1.000000000000000000, 0.7071067811865490160, 1.000000000000000000),
 ( 1.000000000000000000, 0.7071067811865471286, 1.000000000000000000),
 ( 1.000000000000000000, 0.7071067811865471286, 1.000000000000000000),
 ( 1.000000000000000000, 0.7071067811865460184, 1.000000000000000000),
 ( 1.000000000000000000, 0.7071067811865460184, 1.000000000000000000) ) ) 
 REPRESENTATION_ITEM ( '' )  SURFACE ( )  );
#1017 = CARTESIAN_POINT ( 'NONE',  ( 12.48809406488819285, 53.65527216860268567, -35.10739650074689422 ) ) ;
#1018 = CARTESIAN_POINT ( 'NONE',  ( 13.12082582697260058, 52.46487960931555961, 32.31146564987606240 ) ) ;
#1019 = CARTESIAN_POINT ( 'NONE',  ( 10.79158594993503328, 62.49765189206987515, -47.09306525368354102 ) ) ;
#1020 = CARTESIAN_POINT ( 'NONE',  ( 10.47391520362038619, 57.36124450592078006, -45.55349483687928114 ) ) ;
#1021 = CARTESIAN_POINT ( 'NONE',  ( 13.89367402803176788, 74.55351323860479340, -36.93392582212695174 ) ) ;
#1022 = VERTEX_POINT ( 'NONE', #273 ) ;
#1023 = CARTESIAN_POINT ( 'NONE',  ( 13.18571805859831336, 71.79553095160346743, -43.79731782115246119 ) ) ;
#1024 = CARTESIAN_POINT ( 'NONE',  ( 15.68606951467374166, 74.06468060651361895, 34.72976267389069704 ) ) ;
#1025 = CIRCLE ( 'NONE', #509, 1.000000000000000444 ) ;
#1026 = EDGE_CURVE ( 'NONE', #970, #58, #735, .T. ) ;
#1027 = CARTESIAN_POINT ( 'NONE',  ( 12.88339538173820920, 63.04656991934329113, -45.20188080166238365 ) ) ;
#1028 = AXIS2_PLACEMENT_3D ( 'NONE', #644, #302, #1120 ) ;
#1029 = CARTESIAN_POINT ( 'NONE',  ( 10.94619640593553811, 64.74917242094272751, -47.16518860583268946 ) ) ;
#1030 = FACE_OUTER_BOUND ( 'NONE', #623, .T. ) ;
#1031 = ORIENTED_EDGE ( 'NONE', *, *, #305, .T. ) ;
#1032 = CARTESIAN_POINT ( 'NONE',  ( 14.52692143701045246, 55.81806319614837264, 38.99621528388183123 ) ) ;
#1033 = CARTESIAN_POINT ( 'NONE',  ( 11.75901437328982979, 73.50104720042888573, -39.13355712267411235 ) ) ;
#1034 = CARTESIAN_POINT ( 'NONE',  ( 12.06084916747526314, 75.47888678383135641, -32.68262579890508590 ) ) ;
#1035 = CARTESIAN_POINT ( 'NONE',  ( 12.65942005796629921, 60.40467524984415348, -46.78716891341142770 ) ) ;
#1036 = FACE_OUTER_BOUND ( 'NONE', #100, .T. ) ;
#1037 = EDGE_LOOP ( 'NONE', ( #797, #272, #804, #748 ) ) ;
#1038 = FACE_OUTER_BOUND ( 'NONE', #194, .T. ) ;
#1039 = CARTESIAN_POINT ( 'NONE',  ( 12.92926487287536652, 71.81205270728028722, -44.15753186984763090 ) ) ;
#1040 = CARTESIAN_POINT ( 'NONE',  ( 10.97971576601200994, 55.90718740650599017, -44.60270792118592453 ) ) ;
#1041 = CARTESIAN_POINT ( 'NONE',  ( 12.57746981819117593, 58.13933446762735713, -43.82628780430442106 ) ) ;
#1042 = CARTESIAN_POINT ( 'NONE',  ( 14.65828858896455777, 55.75856014418434370, 44.31309892975570364 ) ) ;
#1043 = ORIENTED_EDGE ( 'NONE', *, *, #810, .F. ) ;
#1044 = ADVANCED_FACE ( 'NONE', ( #423 ), #340, .F. ) ;
#1045 = CARTESIAN_POINT ( 'NONE',  ( 13.67293051593346753, 72.17975607621781364, -39.12348331123877188 ) ) ;
#1046 = ORIENTED_EDGE ( 'NONE', *, *, #766, .T. ) ;
#1047 = CARTESIAN_POINT ( 'NONE',  ( 15.46234990359089601, 67.34113065421297506, 44.28320008523792239 ) ) ;
#1048 = CARTESIAN_POINT ( 'NONE',  ( 12.71467737609527759, 73.05659337374757456, -39.76878661189962827 ) ) ;
#1049 = CARTESIAN_POINT ( 'NONE',  ( 13.51058407567334996, 71.21091658215490838, -42.85215650567261036 ) ) ;
#1050 = VECTOR ( 'NONE', #437, 1000.000000000000227 ) ;
#1051 = CARTESIAN_POINT ( 'NONE',  ( 13.35883875117283814, 69.42390026474328124, -43.93408714402497139 ) ) ;
#1052 = CARTESIAN_POINT ( 'NONE',  ( 12.66374394725435693, 55.89715252183829364, 44.36393026920563898 ) ) ;
#1053 = CARTESIAN_POINT ( 'NONE',  ( 12.53137249777023854, 53.39317955036032970, -32.69461717302593939 ) ) ;
#1054 = CARTESIAN_POINT ( 'NONE',  ( 10.49634625360551610, 55.95406080287940398, -40.83662789505699209 ) ) ;
#1055 = CARTESIAN_POINT ( 'NONE',  ( 11.68708673010072374, 72.05397077957326246, 40.68119681406019339 ) ) ;
#1056 = CARTESIAN_POINT ( 'NONE',  ( 7.820771482156284371, 56.13676749260658738, -41.67468047873083492 ) ) ;
#1057 = CARTESIAN_POINT ( 'NONE',  ( 11.14046522447590526, 67.40237141459714110, -46.77636008799741774 ) ) ;
#1058 = DIRECTION ( 'NONE',  ( 0.06931858077285853181, 0.9975945741430417568, 1.615503588650764322E-15 ) ) ;
#1059 = CARTESIAN_POINT ( 'NONE',  ( 15.01584767330883352, 60.86473619179047745, 44.42111255344416065 ) ) ;
#1060 = ORIENTED_EDGE ( 'NONE', *, *, #947, .F. ) ;
#1061 = DIRECTION ( 'NONE',  ( 0.9972723208579024057, -0.06929618877018391132, -0.02541566982434771693 ) ) ;
#1062 = CARTESIAN_POINT ( 'NONE',  ( 13.74731200240144879, 71.32056482910820705, 44.82934151040623050 ) ) ;
#1063 = CARTESIAN_POINT ( 'NONE',  ( 13.05812148833323860, 75.40959059506116091, -32.70804146872944074 ) ) ;
#1064 = CARTESIAN_POINT ( 'NONE',  ( 15.81014864948989995, 72.47537648622356699, 43.93170016790779897 ) ) ;
#1065 = EDGE_CURVE ( 'NONE', #1473, #1372, #921, .T. ) ;
#1066 = B_SPLINE_CURVE_WITH_KNOTS ( 'NONE', 3,
 ( #489, #1174, #610, #466, #697, #598, #351, #829, #129, #592, #122, #479, #1085, #496, #138, #1302, #1070, #374 ),
 .UNSPECIFIED., .F., .F.,
 ( 4, 2, 2, 2, 2, 2, 2, 2, 4 ),
 ( -6.000000000035486174E-08, 0.0005815566689570771238, 0.001163173337914154759, 0.002326406675828288778, 0.003489640013742423448, 0.004652873351656558118, 0.005816106689570691921, 0.006979340027484826590, 0.009305806703313136696 ),
 .UNSPECIFIED. ) ;
#1067 = CARTESIAN_POINT ( 'NONE',  ( 14.53603211933907069, 55.51985314077018074, 40.16677863345088895 ) ) ;
#1068 = CARTESIAN_POINT ( 'NONE',  ( 12.52859376288711069, 55.81806319614715761, -39.41513059764149318 ) ) ;
#1069 = CYLINDRICAL_SURFACE ( 'NONE', #146, 0.9999999999999992228 ) ;
#1070 = CARTESIAN_POINT ( 'NONE',  ( 12.65138887185760908, 72.41098236521284548, -40.49186380452140810 ) ) ;
#1071 = CARTESIAN_POINT ( 'NONE',  ( 12.47905904080281658, 56.29286144474325937, -42.65334217684925733 ) ) ;
#1072 = CARTESIAN_POINT ( 'NONE',  ( 15.33617533457177196, 64.61477090352673258, 46.76576045443264462 ) ) ;
#1073 = CARTESIAN_POINT ( 'NONE',  ( 11.68708673010072374, 72.05397077957326246, 40.68119681406019339 ) ) ;
#1074 =( GEOMETRIC_REPRESENTATION_CONTEXT ( 3 ) GLOBAL_UNCERTAINTY_ASSIGNED_CONTEXT ( ( #1234 ) ) GLOBAL_UNIT_ASSIGNED_CONTEXT ( ( #1463, #1449, #1349 ) ) REPRESENTATION_CONTEXT ( 'NONE', 'WORKASPACE' ) );
#1075 = EDGE_LOOP ( 'NONE', ( #973, #371, #422, #1116 ) ) ;
#1076 = CARTESIAN_POINT ( 'NONE',  ( 9.675509350798842334, 56.15516707509576122, 44.44407466637671433 ) ) ;
#1077 = CARTESIAN_POINT ( 'NONE',  ( 8.575154775202545210, 72.12091395223647794, -42.26300746276530873 ) ) ;
#1078 = B_SPLINE_CURVE_WITH_KNOTS ( 'NONE', 3,
 ( #670, #204, #105, #83, #1143, #97, #546, #793, #1265, #1019, #1482, #431, #950, #359, #1057, #261, #1423, #1408, #721, #837, #1079, #729 ),
 .UNSPECIFIED., .F., .F.,
 ( 4, 2, 2, 2, 2, 2, 2, 2, 2, 2, 4 ),
 ( 0.000000000000000000, 0.1249999999999986400, 0.1874999999999982236, 0.2499999999999978351, 0.3749999999999977796, 0.4999999999999977796, 0.6249999999999977796, 0.7499999999999976685, 0.8124999999999976685, 0.8749999999999976685, 1.000000000000000000 ),
 .UNSPECIFIED. ) ;
#1079 = CARTESIAN_POINT ( 'NONE',  ( 11.45279717394430996, 71.31968706578075512, -45.20154566979660871 ) ) ;
#1080 = CARTESIAN_POINT ( 'NONE',  ( 15.21671552035878427, 62.90609279168987911, 46.73707401045114551 ) ) ;
#1081 = B_SPLINE_CURVE_WITH_KNOTS ( 'NONE', 3,
 ( #1207, #498, #968, #47, #944, #1456, #1007, #1104, #178, #637, #761, #56, #880, #657, #1470, #1355 ),
 .UNSPECIFIED., .F., .F.,
 ( 4, 2, 2, 2, 2, 2, 2, 4 ),
 ( 0.000000000000000000, 0.0008825834898550598794, 0.001323875234782589385, 0.001765166979710119108, 0.002206458724637648614, 0.002647750469565177903, 0.003089042214492707626, 0.003530333959420237349 ),
 .UNSPECIFIED. ) ;
#1082 = EDGE_LOOP ( 'NONE', ( #577, #463, #1494, #640 ) ) ;
#1083 = CARTESIAN_POINT ( 'NONE',  ( 14.80596161178422854, 58.20649566578818224, 43.43323292723388818 ) ) ;
#1084 = EDGE_CURVE ( 'NONE', #1209, #427, #262, .T. ) ;
#1085 = CARTESIAN_POINT ( 'NONE',  ( 12.83807957134969513, 74.16051664673430821, -37.93653436478248153 ) ) ;
#1086 = ORIENTED_EDGE ( 'NONE', *, *, #453, .T. ) ;
#1087 = SURFACE_SIDE_STYLE ('',( #255 ) ) ;
#1088 = CARTESIAN_POINT ( 'NONE',  ( 15.50042273459964370, 67.11580179886460940, 46.39148256637761847 ) ) ;
#1089 = CARTESIAN_POINT ( 'NONE',  ( 13.27811905861603137, 53.21906578958932243, 36.42711394807083991 ) ) ;
#1090 = VERTEX_POINT ( 'NONE', #1374 ) ;
#1091 = EDGE_CURVE ( 'NONE', #938, #157, #306, .T. ) ;
#1092 = LINE ( 'NONE', #749, #878 ) ;
#1093 = CARTESIAN_POINT ( 'NONE',  ( 12.50060111312380151, 53.46260043535230722, -34.09131665719039006 ) ) ;
#1094 = CARTESIAN_POINT ( 'NONE',  ( 14.68343874711647246, 71.94688808120356782, 40.50804981326272980 ) ) ;
#1095 = CARTESIAN_POINT ( 'NONE',  ( 13.69924146443116264, 70.45269205799978351, 45.30939411154712815 ) ) ;
#1096 = CARTESIAN_POINT ( 'NONE',  ( 14.74825572209170943, 75.33125132991425232, 33.82385456446436223 ) ) ;
#1097 = ORIENTED_EDGE ( 'NONE', *, *, #166, .F. ) ;
#1098 = CIRCLE ( 'NONE', #387, 12.50078937908548937 ) ;
#1099 = CARTESIAN_POINT ( 'NONE',  ( 13.96782194920059794, 74.34269827639177208, -33.44968387766886764 ) ) ;
#1100 = B_SPLINE_CURVE_WITH_KNOTS ( 'NONE', 3,
 ( #1491, #1130, #1363, #447, #334, #88, #688 ),
 .UNSPECIFIED., .F., .F.,
 ( 4, 1, 1, 1, 4 ),
 ( 0.000000000000000000, 0.2757447721293477261, 0.5514895448341029516, 0.8272343175388612302, 1.000000000000000000 ),
 .UNSPECIFIED. ) ;
#1101 = CARTESIAN_POINT ( 'NONE',  ( 13.38073924350114829, 65.33492530663868081, 46.76551476759890846 ) ) ;
#1102 = CARTESIAN_POINT ( 'NONE',  ( 12.44228503901094740, 54.60196588019291397, -39.48604717054621460 ) ) ;
#1103 = CARTESIAN_POINT ( 'NONE',  ( 15.60829437515936213, 71.05206092934685103, 39.89193502110479272 ) ) ;
#1104 = CARTESIAN_POINT ( 'NONE',  ( 14.06052375089748274, 55.85047117682015028, 43.62753618076548179 ) ) ;
#1105 = EDGE_CURVE ( 'NONE', #1465, #515, #61, .T. ) ;
#1106 = CARTESIAN_POINT ( 'NONE',  ( 14.69130586570156360, 72.12471063059636833, 40.33190787518309861 ) ) ;
#1107 = ORIENTED_EDGE ( 'NONE', *, *, #519, .F. ) ;
#1108 = CARTESIAN_POINT ( 'NONE',  ( 13.88771181785290487, 73.96233243312062200, -35.55601094700364229 ) ) ;
#1109 = CARTESIAN_POINT ( 'NONE',  ( 13.47213053096108304, 66.72320258472691989, 46.56641228431315227 ) ) ;
#1110 = CARTESIAN_POINT ( 'NONE',  ( 12.42159193819345653, 53.95415575872252845, -38.53174944959759785 ) ) ;
#1111 = EDGE_CURVE ( 'NONE', #515, #983, #935, .T. ) ;
#1112 = CARTESIAN_POINT ( 'NONE',  ( 15.68979832433275412, 72.08460535264914881, 40.27477912269704063 ) ) ;
#1113 = CARTESIAN_POINT ( 'NONE',  ( 11.49361857446346491, 55.88476461410921559, -40.86204356488134692 ) ) ;
#1114 = CARTESIAN_POINT ( 'NONE',  ( 10.41759238238258689, 53.55282545107947811, -37.37980763825904518 ) ) ;
#1115 = EDGE_CURVE ( 'NONE', #851, #348, #1466, .T. ) ;
#1116 = ORIENTED_EDGE ( 'NONE', *, *, #589, .F. ) ;
#1117 = CARTESIAN_POINT ( 'NONE',  ( 15.36231313031757395, 71.79859501402154365, 40.21092097440050139 ) ) ;
#1118 = CARTESIAN_POINT ( 'NONE',  ( 12.48086305751958314, 55.58552361516486684, -40.65398854769507153 ) ) ;
#1119 = CARTESIAN_POINT ( 'NONE',  ( 15.71913095270551253, 72.80009057999626521, 39.47496620640927745 ) ) ;
#1120 = DIRECTION ( 'NONE',  ( 1.000000000000000000, 0.000000000000000000, 0.000000000000000000 ) ) ;
#1121 = CARTESIAN_POINT ( 'NONE',  ( 14.59810200398296764, 56.55121243730495451, 39.79029079525868440 ) ) ;
#1122 = ORIENTED_EDGE ( 'NONE', *, *, #295, .T. ) ;
#1123 = AXIS2_PLACEMENT_3D ( 'NONE', #606, #818, #1292 ) ;
#1124 = CARTESIAN_POINT ( 'NONE',  ( 13.37544023073350807, 54.00281850362444658, 38.10893604683165137 ) ) ;
#1125 = CARTESIAN_POINT ( 'NONE',  ( 12.04987993997187878, 75.47888678383066008, -33.11304164259340155 ) ) ;
#1126 = CARTESIAN_POINT ( 'NONE',  ( 14.73165179090042720, 73.13735371859850432, 39.15403484135445211 ) ) ;
#1127 = EDGE_LOOP ( 'NONE', ( #945, #902, #709, #1223 ) ) ;
#1128 = CARTESIAN_POINT ( 'NONE',  ( 14.51902091385971794, 55.81861216971575601, 39.32355427608124643 ) ) ;
#1129 = EDGE_CURVE ( 'NONE', #1296, #919, #1011, .T. ) ;
#1130 = CARTESIAN_POINT ( 'NONE',  ( 13.74208206353114825, 75.47888678382992111, 33.28640211733872434 ) ) ;
#1131 = CARTESIAN_POINT ( 'NONE',  ( 12.60851667021573697, 59.58827828164649532, -46.55862255524391458 ) ) ;
#1132 = CARTESIAN_POINT ( 'NONE',  ( 9.928405217125320092, 64.21448563908735707, 32.39347693909456183 ) ) ;
#1133 = VERTEX_POINT ( 'NONE', #1055 ) ;
#1134 = EDGE_CURVE ( 'NONE', #66, #1194, #1440, .T. ) ;
#1135 = CARTESIAN_POINT ( 'NONE',  ( 13.22484884992668697, 52.85832248209645456, 35.32044359419545287 ) ) ;
#1136 = DIRECTION ( 'NONE',  ( 0.02547691301595126495, 1.257674520083185143E-17, 0.9996754107725055460 ) ) ;
#1137 = CARTESIAN_POINT ( 'NONE',  ( 12.74437476182594331, 60.91853635365652053, -44.85472491432651054 ) ) ;
#1138 = CARTESIAN_POINT ( 'NONE',  ( 13.51739878489639146, 71.28840654388088183, -42.79603514915763185 ) ) ;
#1139 = PLANE ( 'NONE',  #580 ) ;
#1140 = ORIENTED_EDGE ( 'NONE', *, *, #1218, .T. ) ;
#1141 = CARTESIAN_POINT ( 'NONE',  ( 11.80154862225887769, 71.88802007468355271, -44.80483932868435204 ) ) ;
#1142 = CARTESIAN_POINT ( 'NONE',  ( 11.82460720757421591, 55.85062041725419135, -44.01936494386054477 ) ) ;
#1143 = CARTESIAN_POINT ( 'NONE',  ( 10.53517758081835431, 58.41630981366138542, -46.02630282199898915 ) ) ;
#1144 = CARTESIAN_POINT ( 'NONE',  ( 11.62386759763051458, 73.27141852659212873, -43.81042566521070825 ) ) ;
#1145 = CARTESIAN_POINT ( 'NONE',  ( 13.60517146222678164, 71.87759189240679802, -40.95839078173035830 ) ) ;
#1146 = ORIENTED_EDGE ( 'NONE', *, *, #408, .F. ) ;
#1147 = DIRECTION ( 'NONE',  ( 0.06927369597379977317, 0.9975961298150306522, -0.001765452973634852683 ) ) ;
#1148 = DIRECTION ( 'NONE',  ( -0.9972723208579024057, 0.06929618877018391132, 0.02541566982434771693 ) ) ;
#1149 = CARTESIAN_POINT ( 'NONE',  ( 11.63383046746851868, 72.26387458515948481, -40.67241474372848842 ) ) ;
#1150 = CARTESIAN_POINT ( 'NONE',  ( 11.44534298321319987, 52.46487960939777651, -33.43193893899565694 ) ) ;
#1151 = CARTESIAN_POINT ( 'NONE',  ( 10.58911053000899827, 59.32012193550830403, -46.37431245774180866 ) ) ;
#1152 = CARTESIAN_POINT ( 'NONE',  ( 13.59300521868032519, 71.37015854152204497, -40.05225140029068598 ) ) ;
#1153 = CARTESIAN_POINT ( 'NONE',  ( 11.46482648093578938, 52.46487960931548855, -32.66743605033578035 ) ) ;
#1154 = CARTESIAN_POINT ( 'NONE',  ( 11.49164825890098918, 55.84026408257481933, -40.81802441970420858 ) ) ;
#1155 = EDGE_CURVE ( 'NONE', #938, #10, #1366, .T. ) ;
#1156 = CARTESIAN_POINT ( 'NONE',  ( 15.16642185294902845, 71.81220666116247742, 43.71488902504076179 ) ) ;
#1157 = CARTESIAN_POINT ( 'NONE',  ( 11.74192203945704804, 73.33971484809536889, -39.36435939264364237 ) ) ;
#1158 = CARTESIAN_POINT ( 'NONE',  ( 13.22049970692570042, 67.68516889930710079, -44.62162530148723505 ) ) ;
#1159 = CARTESIAN_POINT ( 'NONE',  ( 13.30514175020447354, 68.76275385251885552, -44.23845080022854859 ) ) ;
#1160 = CARTESIAN_POINT ( 'NONE',  ( 14.64187680862449881, 56.28718894846191034, 42.22781154410159132 ) ) ;
#1161 = DIRECTION ( 'NONE',  ( -0.02547691301595126495, -1.255316618441823226E-17, -0.9996754107725055460 ) ) ;
#1162 = DIRECTION ( 'NONE',  ( 0.06922859512107915059, 0.9975945741430417568, -0.003530900441108660460 ) ) ;
#1163 = EDGE_LOOP ( 'NONE', ( #290, #1140, #507, #1343 ) ) ;
#1164 = FACE_OUTER_BOUND ( 'NONE', #34, .T. ) ;
#1165 = CARTESIAN_POINT ( 'NONE',  ( 13.03288793831396752, 75.40959059505966877, -33.69816768476133717 ) ) ;
#1166 = CARTESIAN_POINT ( 'NONE',  ( 13.65817856503620042, 69.74966916143418416, 45.61495026737044611 ) ) ;
#1167 = CIRCLE ( 'NONE', #363, 11.50078937908554089 ) ;
#1168 = FILL_AREA_STYLE ('',( #235 ) ) ;
#1169 = CARTESIAN_POINT ( 'NONE',  ( 14.96226716992277872, 60.16481028033235390, 44.22705294718189606 ) ) ;
#1170 = ORIENTED_EDGE ( 'NONE', *, *, #1026, .F. ) ;
#1171 = CARTESIAN_POINT ( 'NONE',  ( 13.98612011321738891, 74.34269827647601403, -32.73169168557863884 ) ) ;
#1172 = CYLINDRICAL_SURFACE ( 'NONE', #649, 14.49943025156099097 ) ;
#1173 = DIRECTION ( 'NONE',  ( -0.02547691301595126495, -1.561251128379126385E-17, -0.9996754107725055460 ) ) ;
#1174 = CARTESIAN_POINT ( 'NONE',  ( 13.05318222258096483, 75.40959059506026563, -32.90185076288090471 ) ) ;
#1175 = EDGE_CURVE ( 'NONE', #1372, #231, #816, .T. ) ;
#1176 = CARTESIAN_POINT ( 'NONE',  ( 8.272408200484029805, 64.21435303469961298, -32.58497181140349852 ) ) ;
#1177 = CARTESIAN_POINT ( 'NONE',  ( 15.03202850575479843, 60.38428185929490866, 46.36598950500423655 ) ) ;
#1178 = VERTEX_POINT ( 'NONE', #110 ) ;
#1179 = CARTESIAN_POINT ( 'NONE',  ( 14.16235667064670345, 52.47161724504057645, 33.81537994767671762 ) ) ;
#1180 = ORIENTED_EDGE ( 'NONE', *, *, #885, .F. ) ;
#1181 = DIRECTION ( 'NONE',  ( 0.9972723208579022947, -0.06929618877018391132, -0.02541566982434765448 ) ) ;
#1182 = DIRECTION ( 'NONE',  ( 0.02547691301595126495, 1.558893226737764467E-17, 0.9996754107725055460 ) ) ;
#1183 = CARTESIAN_POINT ( 'NONE',  ( 13.50587809287369190, 67.25439417634622430, 46.44231390580105057 ) ) ;
#1184 = EDGE_CURVE ( 'NONE', #740, #586, #331, .T. ) ;
#1185 = DIRECTION ( 'NONE',  ( -0.9972723208579027387, 0.06929618877017816592, 0.02541566982435022534 ) ) ;
#1186 = DIRECTION ( 'NONE',  ( 0.06922859512108223146, 0.9975945741430415348, -0.003530900441104416459 ) ) ;
#1187 = CARTESIAN_POINT ( 'NONE',  ( 13.60801517913124492, 71.77991465708811347, -39.92966255042782109 ) ) ;
#1188 = CARTESIAN_POINT ( 'NONE',  ( 12.49089089532133912, 55.81546842533904140, -40.88745923470569466 ) ) ;
#1189 = CARTESIAN_POINT ( 'NONE',  ( 12.32351749417519926, 54.43205084504822366, -43.68302964107858344 ) ) ;
#1190 = FACE_OUTER_BOUND ( 'NONE', #1315, .T. ) ;
#1191 = B_SPLINE_SURFACE_WITH_KNOTS ( 'NONE', 3, 1, ( 
 ( #785, #792 ),
 ( #1165, #446 ),
 ( #224, #915 ),
 ( #1480, #1384 ),
 ( #1048, #550 ),
 ( #217, #1149 ),
 ( #120, #429 ) ),
 .UNSPECIFIED., .F., .F., .F.,
 ( 4, 1, 1, 1, 4 ),
 ( 2, 2 ),
 ( 0.4083712394654500089, 0.4234723170291309069, 0.4385733946243238202, 0.4536744722195169000, 0.4631359316373734325 ),
 ( 0.000000000000000000, 1.000000000000000000 ),
 .UNSPECIFIED. ) ;
#1192 = AXIS2_PLACEMENT_3D ( 'NONE', #686, #590, #712 ) ;
#1193 = CARTESIAN_POINT ( 'NONE',  ( 14.50695609970592237, 55.61818509084221773, 38.75777626590723202 ) ) ;
#1194 = VERTEX_POINT ( 'NONE', #127 ) ;
#1195 = CARTESIAN_POINT ( 'NONE',  ( 13.05812148833324038, 75.40959059506116091, -32.70804146872944074 ) ) ;
#1196 = CARTESIAN_POINT ( 'NONE',  ( 12.09173940428935623, 55.84410844334028212, -40.62168295116661199 ) ) ;
#1197 = DIRECTION ( 'NONE',  ( -0.02535453431498055701, 0.001761778161616985288, -0.9996769696893990087 ) ) ;
#1198 = EDGE_CURVE ( 'NONE', #775, #912, #1290, .T. ) ;
#1199 = CARTESIAN_POINT ( 'NONE',  ( 15.57692736879765860, 68.34246623883024085, 46.04889012053362052 ) ) ;
#1200 = CARTESIAN_POINT ( 'NONE',  ( 14.20683755379148216, 52.69899341998592490, 34.94079790546593500 ) ) ;
#1201 = ORIENTED_EDGE ( 'NONE', *, *, #141, .T. ) ;
#1202 = B_SPLINE_CURVE_WITH_KNOTS ( 'NONE', 3,
 ( #706, #30, #366, #1416, #381, #1401, #1196, #153, #21, #243 ),
 .UNSPECIFIED., .F., .F.,
 ( 4, 2, 2, 2, 4 ),
 ( 0.000000000000000000, 0.0004863729684984349853, 0.0009727459369968699705, 0.001459118905495304956, 0.001945491873993739941 ),
 .UNSPECIFIED. ) ;
#1203 = CARTESIAN_POINT ( 'NONE',  ( 10.39779730465052587, 55.94727850878510367, -44.68504710205028374 ) ) ;
#1204 = CARTESIAN_POINT ( 'NONE',  ( 15.67617601353238044, 71.77678602449248046, 40.57953413476280247 ) ) ;
#1205 = ORIENTED_EDGE ( 'NONE', *, *, #702, .F. ) ;
#1206 = CARTESIAN_POINT ( 'NONE',  ( 15.74871390154149431, 73.69732599079900126, 38.18943099983832212 ) ) ;
#1207 = CARTESIAN_POINT ( 'NONE',  ( 14.59852007415749675, 55.81308811304251805, 41.81920180486709171 ) ) ;
#1208 = CARTESIAN_POINT ( 'NONE',  ( 14.55176038377690517, 56.06839648584907110, 39.28832055760439346 ) ) ;
#1209 = VERTEX_POINT ( 'NONE', #494 ) ;
#1210 = DIRECTION ( 'NONE',  ( -0.9972723208579025167, 0.06929618877018098311, 0.02541566982434743591 ) ) ;
#1211 = CARTESIAN_POINT ( 'NONE',  ( 14.05539380919106840, 75.34029440629099383, -32.73345713855378136 ) ) ;
#1212 = CARTESIAN_POINT ( 'NONE',  ( 12.46992676615666085, 55.32553609084516921, -40.37425230847880187 ) ) ;
#1213 = CARTESIAN_POINT ( 'NONE',  ( 15.61410723324939021, 71.18114527376052081, 39.76807243391903057 ) ) ;
#1214 = DIRECTION ( 'NONE',  ( 0.06922859512108220370, 0.9975945741430415348, -0.003530900441104424265 ) ) ;
#1215 = ORIENTED_EDGE ( 'NONE', *, *, #501, .F. ) ;
#1216 = VECTOR ( 'NONE', #1197, 1000.000000000000227 ) ;
#1217 = CARTESIAN_POINT ( 'NONE',  ( 14.59852007415749675, 55.81308811304251805, 41.81920180486709171 ) ) ;
#1218 = EDGE_CURVE ( 'NONE', #1444, #691, #1316, .T. ) ;
#1219 = CARTESIAN_POINT ( 'NONE',  ( 12.56550932422662115, 55.90956027134508588, 40.47552280519995804 ) ) ;
#1220 = CARTESIAN_POINT ( 'NONE',  ( 11.42431961730699896, 54.02345194714517618, -38.50633378001148799 ) ) ;
#1221 = CARTESIAN_POINT ( 'NONE',  ( 14.74547309692448671, 73.55833731940316511, 38.54854408537276100 ) ) ;
#1222 = CARTESIAN_POINT ( 'NONE',  ( 10.44888093575469767, 54.76599217456866597, -39.45980877174409329 ) ) ;
#1223 = ORIENTED_EDGE ( 'NONE', *, *, #1505, .F. ) ;
#1224 = CARTESIAN_POINT ( 'NONE',  ( 13.91236325131409224, 74.68907057358474333, -36.57018807814124983 ) ) ;
#1225 = CARTESIAN_POINT ( 'NONE',  ( 15.63109855838689199, 71.77991826407813392, 39.45424551243890221 ) ) ;
#1226 = CARTESIAN_POINT ( 'NONE',  ( 12.49246527307937171, 55.85102650974015148, -40.92263266804465616 ) ) ;
#1227 = CARTESIAN_POINT ( 'NONE',  ( 15.67744118873997117, 71.80481413615956399, 40.55275864126012664 ) ) ;
#1228 = DIRECTION ( 'NONE',  ( -0.9972723208579027387, 0.06929618877017816592, 0.02541566982435022534 ) ) ;
#1229 = CARTESIAN_POINT ( 'NONE',  ( 8.272408200484029805, 64.21435303469961298, -32.58497181140349852 ) ) ;
#1230 = ORIENTED_EDGE ( 'NONE', *, *, #1492, .T. ) ;
#1231 = ADVANCED_FACE ( 'NONE', ( #1164 ), #807, .T. ) ;
#1232 = DIRECTION ( 'NONE',  ( 0.02535453431497959598, -0.001761778161619698829, 0.9996769696893990087 ) ) ;
#1233 = CARTESIAN_POINT ( 'NONE',  ( 12.06084916747526314, 75.47888678383135641, -32.68262579890508590 ) ) ;
#1234 = UNCERTAINTY_MEASURE_WITH_UNIT (LENGTH_MEASURE( 1.000000000000000082E-05 ), #1463, 'distance_accuracy_value', 'NONE');
#1235 = CARTESIAN_POINT ( 'NONE',  ( 15.70388085805447886, 72.41801858727941976, 39.91830040622505038 ) ) ;
#1236 = CARTESIAN_POINT ( 'NONE',  ( 14.70801508024492676, 72.52182291336387721, 39.90481975917955992 ) ) ;
#1237 = ORIENTED_EDGE ( 'NONE', *, *, #1218, .F. ) ;
#1238 = COLOUR_RGB ( '',0.7921568627450980005, 0.8196078431372548767, 0.9333333333333333481 ) ;
#1239 = CARTESIAN_POINT ( 'NONE',  ( 13.46699081626556804, 54.85634090715719680, 39.37410102327750394 ) ) ;
#1240 = CARTESIAN_POINT ( 'NONE',  ( 11.96012932121808880, 75.10564252692027765, -35.61706391777287450 ) ) ;
#1241 = DIRECTION ( 'NONE',  ( -0.02547691300848171220, 1.076025703061473310E-10, -0.9996754107726958383 ) ) ;
#1242 = PRODUCT_DEFINITION ( 'UNKNOWN', '', #1294, #898 ) ;
#1243 = CARTESIAN_POINT ( 'NONE',  ( 10.42674246925612991, 54.05096094294798803, -38.37894568501231873 ) ) ;
#1244 = ORIENTED_EDGE ( 'NONE', *, *, #1155, .T. ) ;
#1245 = B_SPLINE_CURVE_WITH_KNOTS ( 'NONE', 3,
 ( #666, #443, #1045, #790, #355, #461, #1259, #928, #913, #783, #703, #1171 ),
 .UNSPECIFIED., .F., .F.,
 ( 4, 2, 2, 2, 2, 4 ),
 ( 0.000000000000000000, 0.0009424167929524076854, 0.001884833585904815371, 0.003769667171809630742, 0.005654500757714446546, 0.007539334343619261483 ),
 .UNSPECIFIED. ) ;
#1246 = DIRECTION ( 'NONE',  ( -0.06931858077285683872, -0.9975945741430417568, 0.000000000000000000 ) ) ;
#1247 = CARTESIAN_POINT ( 'NONE',  ( 12.22525833843302934, 55.82503013433847627, -43.39408887834898110 ) ) ;
#1248 = CARTESIAN_POINT ( 'NONE',  ( 12.48291112488453258, 56.36938191666587272, -42.71082640783434670 ) ) ;
#1249 = CARTESIAN_POINT ( 'NONE',  ( 13.19634049615806681, 67.37255861026206105, -44.71725963290436567 ) ) ;
#1250 = CARTESIAN_POINT ( 'NONE',  ( 12.69759702235225340, 72.86938676875126930, -39.92857227988573499 ) ) ;
#1251 = ORIENTED_EDGE ( 'NONE', *, *, #1184, .F. ) ;
#1252 = B_SPLINE_CURVE_WITH_KNOTS ( 'NONE', 3,
 ( #96, #922, #1400, #1024, #800, #1368, #1514, #87, #465, #317, #203, #373 ),
 .UNSPECIFIED., .F., .F.,
 ( 4, 2, 2, 2, 2, 4 ),
 ( 0.000000000000000000, 0.001873668309502042693, 0.003747336619004085385, 0.005621004928506128512, 0.006557839083257149641, 0.007494673238008170771 ),
 .UNSPECIFIED. ) ;
#1253 = CARTESIAN_POINT ( 'NONE',  ( 13.51557868188215217, 55.34131631360985182, 39.95832273756505515 ) ) ;
#1254 = CARTESIAN_POINT ( 'NONE',  ( 11.84672741228981252, 74.27893768840020527, -37.81276014553270670 ) ) ;
#1255 = CARTESIAN_POINT ( 'NONE',  ( 13.11410361305692440, 66.28594554174809161, -44.98144401210461751 ) ) ;
#1256 = CARTESIAN_POINT ( 'NONE',  ( 13.12396962220064012, 67.11359086691200559, -46.85090364779238570 ) ) ;
#1257 = CARTESIAN_POINT ( 'NONE',  ( 12.64700234356308073, 72.35620555582191571, -40.51463476168135713 ) ) ;
#1258 = EDGE_LOOP ( 'NONE', ( #1001, #1244, #867, #151 ) ) ;
#1259 = CARTESIAN_POINT ( 'NONE',  ( 13.81653879243676109, 73.46280170659242970, -36.98675477427816105 ) ) ;
#1260 = AXIS2_PLACEMENT_3D ( 'NONE', #380, #1291, #242 ) ;
#1261 = ADVANCED_FACE ( 'NONE', ( #477 ), #1172, .T. ) ;
#1262 = DIRECTION ( 'NONE',  ( 0.06922859512108224533, 0.9975945741430414238, -0.003530900441104417326 ) ) ;
#1263 = CARTESIAN_POINT ( 'NONE',  ( 11.60116183056865857, 71.91537840203277199, -41.00410263970017866 ) ) ;
#1264 = PRESENTATION_LAYER_ASSIGNMENT (  '', '', ( #1488 ) ) ;
#1265 = CARTESIAN_POINT ( 'NONE',  ( 10.70072774944672034, 61.11059083277363868, -46.87636128448362882 ) ) ;
#1266 = EDGE_CURVE ( 'NONE', #157, #842, #1512, .T. ) ;
#1267 = CARTESIAN_POINT ( 'NONE',  ( 10.61397202849243548, 59.72687065913773807, -46.50779121577832598 ) ) ;
#1268 = CARTESIAN_POINT ( 'NONE',  ( 12.62756217198127295, 72.15390154143307200, -40.72585279758909849 ) ) ;
#1269 = VERTEX_POINT ( 'NONE', #964 ) ;
#1270 = CARTESIAN_POINT ( 'NONE',  ( 11.49361857446345780, 55.88476461410921559, -40.86204356488134692 ) ) ;
#1271 = CARTESIAN_POINT ( 'NONE',  ( 14.25234724872161962, 55.83714218228399773, 40.09159755718268059 ) ) ;
#1272 = CARTESIAN_POINT ( 'NONE',  ( 11.69554882524268358, 72.89754556639088889, -39.97839306005008808 ) ) ;
#1273 = CARTESIAN_POINT ( 'NONE',  ( 11.41593164188735798, 53.64497964812358788, -37.80355504994970772 ) ) ;
#1274 = FACE_OUTER_BOUND ( 'NONE', #653, .T. ) ;
#1275 = CARTESIAN_POINT ( 'NONE',  ( 13.61830992022728992, 72.01623024523813399, -40.82085708467509022 ) ) ;
#1276 = EDGE_LOOP ( 'NONE', ( #85, #125, #1438, #660 ) ) ;
#1277 = DIRECTION ( 'NONE',  ( 0.9972723208579022947, -0.06929618877018391132, -0.02541566982434715835 ) ) ;
#1278 = EDGE_CURVE ( 'NONE', #704, #348, #1414, .T. ) ;
#1279 = ORIENTED_EDGE ( 'NONE', *, *, #929, .T. ) ;
#1280 = CARTESIAN_POINT ( 'NONE',  ( 13.77835133683419677, 71.90865774529044074, 44.44383411618046864 ) ) ;
#1281 = FACE_OUTER_BOUND ( 'NONE', #1276, .T. ) ;
#1282 = CARTESIAN_POINT ( 'NONE',  ( 13.77835133683419677, 71.90865774529044074, 44.44383411618046864 ) ) ;
#1283 = CARTESIAN_POINT ( 'NONE',  ( 11.22340255771022832, 68.48047280954597227, -46.46148390815473306 ) ) ;
#1284 = CARTESIAN_POINT ( 'NONE',  ( 13.76693718795132071, 73.48904113047143483, -39.00458864012880156 ) ) ;
#1285 = ORIENTED_EDGE ( 'NONE', *, *, #166, .T. ) ;
#1286 =( BOUNDED_SURFACE ( )  B_SPLINE_SURFACE ( 3, 2, ( 
 ( #1153, #736, #1053 ),
 ( #1396, #459, #618 ),
 ( #469, #115, #1093 ),
 ( #822, #927, #936 ),
 ( #1411, #347, #293 ),
 ( #1333, #300, #1461 ),
 ( #863, #1005, #280 ),
 ( #627, #648, #169 ),
 ( #1220, #1110, #395 ),
 ( #877, #1102, #744 ),
 ( #996, #765, #68 ),
 ( #176, #655, #1447 ),
 ( #531, #1212, #410 ),
 ( #635, #54, #1347 ),
 ( #1475, #1118, #759 ),
 ( #884, #518, #989 ),
 ( #752, #62, #526 ),
 ( #1454, #1226, #82 ) ),
 .UNSPECIFIED., .F., .F., .T. ) 
 B_SPLINE_SURFACE_WITH_KNOTS ( ( 4, 2, 2, 2, 2, 2, 2, 2, 4 ),
 ( 3, 3 ),
 ( 0.000000000000000000, 0.002092057958117344608, 0.003138086937176016913, 0.004184115916234689217, 0.006276173874352033825, 0.007322202853410706563, 0.007845217342940042499, 0.008106724587704710466, 0.008368231832469378434 ),
 ( 0.000000000000000000, 1.000000000000000000 ),
 .UNSPECIFIED. ) 
 GEOMETRIC_REPRESENTATION_ITEM ( )  RATIONAL_B_SPLINE_SURFACE ( (
 ( 1.000000000000000000, 0.7071067811865485719, 1.000000000000000000),
 ( 1.000000000000000000, 0.7071067811865485719, 1.000000000000000000),
 ( 1.000000000000000000, 0.7071067811865493491, 1.000000000000000000),
 ( 1.000000000000000000, 0.7071067811865493491, 1.000000000000000000),
 ( 1.000000000000000000, 0.7071067811865479058, 1.000000000000000000),
 ( 1.000000000000000000, 0.7071067811865479058, 1.000000000000000000),
 ( 1.000000000000000000, 0.7071067811865486830, 1.000000000000000000),
 ( 1.000000000000000000, 0.7071067811865486830, 1.000000000000000000),
 ( 1.000000000000000000, 0.7071067811865513475, 1.000000000000000000),
 ( 1.000000000000000000, 0.7071067811865513475, 1.000000000000000000),
 ( 1.000000000000000000, 0.7071067811865471286, 1.000000000000000000),
 ( 1.000000000000000000, 0.7071067811865471286, 1.000000000000000000),
 ( 1.000000000000000000, 0.7071067811865481278, 1.000000000000000000),
 ( 1.000000000000000000, 0.7071067811865481278, 1.000000000000000000),
 ( 1.000000000000000000, 0.7071067811865487940, 1.000000000000000000),
 ( 1.000000000000000000, 0.7071067811865487940, 1.000000000000000000),
 ( 1.000000000000000000, 0.7071067811865481278, 1.000000000000000000),
 ( 1.000000000000000000, 0.7071067811865481278, 1.000000000000000000) ) ) 
 REPRESENTATION_ITEM ( '' )  SURFACE ( )  );
#1287 = CARTESIAN_POINT ( 'NONE',  ( 14.76936399104293862, 75.15746005667301688, 35.12595541296192181 ) ) ;
#1288 = ORIENTED_EDGE ( 'NONE', *, *, #1105, .T. ) ;
#1289 = EDGE_CURVE ( 'NONE', #586, #1269, #310, .T. ) ;
#1290 = LINE ( 'NONE', #596, #924 ) ;
#1291 = DIRECTION ( 'NONE',  ( 0.9972723208579024057, -0.06929618877018389744, -0.02541566982434715488 ) ) ;
#1292 = DIRECTION ( 'NONE',  ( 0.06931858077286133513, 0.9975945741430415348, 0.000000000000000000 ) ) ;
#1293 = AXIS2_PLACEMENT_3D ( 'NONE', #1176, #15, #593 ) ;
#1294 = PRODUCT_DEFINITION_FORMATION_WITH_SPECIFIED_SOURCE ( 'ANY', '', #48, .NOT_KNOWN. ) ;
#1295 = CARTESIAN_POINT ( 'NONE',  ( 13.13009680855568817, 61.77094408189442731, 46.64793191018047480 ) ) ;
#1296 = VERTEX_POINT ( 'NONE', #1345 ) ;
#1297 = EDGE_CURVE ( 'NONE', #970, #740, #987, .T. ) ;
#1298 = CARTESIAN_POINT ( 'NONE',  ( 14.11809814783050143, 52.39558342054537121, 32.28604998005172177 ) ) ;
#1299 = ORIENTED_EDGE ( 'NONE', *, *, #833, .F. ) ;
#1300 = CARTESIAN_POINT ( 'NONE',  ( 15.41838698827994314, 66.64184677365759057, 44.46476953585564473 ) ) ;
#1301 = CARTESIAN_POINT ( 'NONE',  ( 13.63279388019656757, 71.77933843839758765, -39.60663955855883955 ) ) ;
#1302 = CARTESIAN_POINT ( 'NONE',  ( 12.70143991215189239, 72.91533216567002285, -39.90305389943602421 ) ) ;
#1303 = B_SPLINE_CURVE_WITH_KNOTS ( 'NONE', 3,
 ( #186, #888, #1106, #768, #1236, #652, #1126, #78, #541, #1477, #49, #57, #312, #774, #199, #1096, #219, #84 ),
 .UNSPECIFIED., .F., .F.,
 ( 4, 2, 2, 2, 2, 2, 2, 2, 4 ),
 ( -6.000000000853706766E-08, 0.0005825895580421865724, 0.001165239116084381679, 0.002330538232168814176, 0.003495837348253246889, 0.004661136464337680037, 0.005826435580422112750, 0.006991734696506545464, 0.009322332928675411759 ),
 .UNSPECIFIED. ) ;
#1304 = CARTESIAN_POINT ( 'NONE',  ( 15.48559518867078388, 67.72533991805543963, 44.14775772634524742 ) ) ;
#1305 = CARTESIAN_POINT ( 'NONE',  ( 9.928351267556982052, 64.21435303469966982, 32.39172158765769183 ) ) ;
#1306 = VERTEX_POINT ( 'NONE', #741 ) ;
#1307 = B_SPLINE_SURFACE_WITH_KNOTS ( 'NONE', 3, 1, ( 
 ( #1270, #1054 ),
 ( #1154, #322 ),
 ( #4, #1495 ),
 ( #470, #571 ),
 ( #329, #814 ),
 ( #126, #937 ) ),
 .UNSPECIFIED., .F., .F., .F.,
 ( 4, 1, 1, 4 ),
 ( 2, 2 ),
 ( 0.2215186901567229583, 0.2228565157507856054, 0.2530586709411715152, 0.2832608261206322475 ),
 ( 0.000000000000000000, 1.000000000000000000 ),
 .UNSPECIFIED. ) ;
#1308 = CARTESIAN_POINT ( 'NONE',  ( 14.85976544860635862, 71.83351490329300759, 44.03156232416728244 ) ) ;
#1309 = CARTESIAN_POINT ( 'NONE',  ( 10.46755416007787076, 52.53417579808566984, -32.64202038051142551 ) ) ;
#1310 = CARTESIAN_POINT ( 'NONE',  ( 11.60116183056865857, 71.91537840203277199, -41.00410263970017866 ) ) ;
#1311 = EDGE_CURVE ( 'NONE', #1473, #889, #458, .T. ) ;
#1312 = CARTESIAN_POINT ( 'NONE',  ( 12.45251833054661894, 55.73362780317606280, -42.17000082235563951 ) ) ;
#1313 = CARTESIAN_POINT ( 'NONE',  ( 9.612159296066078440, 56.15956899948447045, 41.94631272927456678 ) ) ;
#1314 = CARTESIAN_POINT ( 'NONE',  ( 13.14042789914723741, 52.46487960939848705, 33.08062121974752756 ) ) ;
#1315 = EDGE_LOOP ( 'NONE', ( #769, #873, #354, #1060, #570, #882, #493, #1435 ) ) ;
#1316 = LINE ( 'NONE', #232, #1321 ) ;
#1317 = EDGE_CURVE ( 'NONE', #1372, #970, #118, .T. ) ;
#1318 = DIRECTION ( 'NONE',  ( -0.9972723208579025167, 0.06929618877018098311, 0.02541566982434744632 ) ) ;
#1319 = CARTESIAN_POINT ( 'NONE',  ( 12.98884779235944542, 74.41199446524619532, -32.70627601575580456 ) ) ;
#1320 = CARTESIAN_POINT ( 'NONE',  ( 15.12231250559639584, 62.30510321732459289, 44.67144965372028054 ) ) ;
#1321 = VECTOR ( 'NONE', #572, 1000.000000000000000 ) ;
#1322 = LINE ( 'NONE', #946, #22 ) ;
#1323 = ORIENTED_EDGE ( 'NONE', *, *, #1393, .T. ) ;
#1324 = CARTESIAN_POINT ( 'NONE',  ( 13.80245270599660934, 73.34425387462354706, -37.21624906712494152 ) ) ;
#1325 = CARTESIAN_POINT ( 'NONE',  ( 12.46655991094906391, 54.86820683163335133, 39.43216307180073699 ) ) ;
#1326 = VERTEX_POINT ( 'NONE', #1436 ) ;
#1327 = CARTESIAN_POINT ( 'NONE',  ( 15.68436302097494028, 73.18794740477645178, 37.05322811569354258 ) ) ;
#1328 = DIRECTION ( 'NONE',  ( 0.06931858077286136288, 0.9975945741430415348, 0.000000000000000000 ) ) ;
#1329 = CARTESIAN_POINT ( 'NONE',  ( 13.47084203334411612, 54.90174423711695795, 39.40142410685439245 ) ) ;
#1330 = ORIENTED_EDGE ( 'NONE', *, *, #1091, .T. ) ;
#1331 = CARTESIAN_POINT ( 'NONE',  ( 15.01919860747430313, 60.90917713412328283, 44.43142925825760159 ) ) ;
#1332 = CARTESIAN_POINT ( 'NONE',  ( 15.63944308803980121, 71.77933843839767292, 39.13123067992266613 ) ) ;
#1333 = CARTESIAN_POINT ( 'NONE',  ( 11.41234623944717619, 53.08898069331853975, -36.42830166660478142 ) ) ;
#1334 = CARTESIAN_POINT ( 'NONE',  ( 14.67723169579534392, 71.80904156071943589, 40.64033505505874189 ) ) ;
#1335 = CARTESIAN_POINT ( 'NONE',  ( 13.57035559197252539, 55.92032269851043225, 40.52901635328645824 ) ) ;
#1336 = VERTEX_POINT ( 'NONE', #1203 ) ;
#1337 = CARTESIAN_POINT ( 'NONE',  ( 9.940305938567059130, 56.13676749260670107, 41.49263563340434757 ) ) ;
#1338 =( BOUNDED_SURFACE ( )  B_SPLINE_SURFACE ( 3, 2, ( 
 ( #624, #1484, #1195 ),
 ( #1099, #174, #632 ),
 ( #1452, #400, #980 ),
 ( #407, #868, #51 ),
 ( #1108, #59, #393 ),
 ( #861, #1224, #200 ),
 ( #659, #1021, #266 ),
 ( #1324, #734, #1395 ),
 ( #576, #1387, #353 ),
 ( #228, #99, #212 ),
 ( #780, #1284, #1508 ),
 ( #220, #9, #346 ),
 ( #474, #553, #1250 ),
 ( #918, #336, #796 ),
 ( #664, #107, #1257 ),
 ( #1152, #675, #1268 ),
 ( #206, #1275, #682 ),
 ( #457, #1145, #441 ),
 ( #803, #788, #114 ),
 ( #468, #561, #320 ) ),
 .UNSPECIFIED., .F., .F., .T. ) 
 B_SPLINE_SURFACE_WITH_KNOTS ( ( 4, 2, 2, 2, 2, 2, 2, 2, 2, 4 ),
 ( 3, 3 ),
 ( 0.000000000000000000, 0.002137757826742968034, 0.003206636740114452051, 0.004275515653485936068, 0.005344394566857420086, 0.006413273480228904103, 0.007482152393600388120, 0.008016591850286129695, 0.008283811578629000916, 0.008551031306971872137 ),
 ( 0.000000000000000000, 1.000000000000000000 ),
 .UNSPECIFIED. ) 
 GEOMETRIC_REPRESENTATION_ITEM ( )  RATIONAL_B_SPLINE_SURFACE ( (
 ( 1.000000000000000000, 0.7071067811865441310, 1.000000000000000000),
 ( 1.000000000000000000, 0.7071067811865441310, 1.000000000000000000),
 ( 1.000000000000000000, 0.7071067811865439090, 1.000000000000000000),
 ( 1.000000000000000000, 0.7071067811865439090, 1.000000000000000000),
 ( 1.000000000000000000, 0.7071067811865440200, 1.000000000000000000),
 ( 1.000000000000000000, 0.7071067811865440200, 1.000000000000000000),
 ( 1.000000000000000000, 0.7071067811865447972, 1.000000000000000000),
 ( 1.000000000000000000, 0.7071067811865447972, 1.000000000000000000),
 ( 1.000000000000000000, 0.7071067811865457964, 1.000000000000000000),
 ( 1.000000000000000000, 0.7071067811865457964, 1.000000000000000000),
 ( 1.000000000000000000, 0.7071067811865460184, 1.000000000000000000),
 ( 1.000000000000000000, 0.7071067811865460184, 1.000000000000000000),
 ( 1.000000000000000000, 0.7071067811865452413, 1.000000000000000000),
 ( 1.000000000000000000, 0.7071067811865452413, 1.000000000000000000),
 ( 1.000000000000000000, 0.7071067811865465735, 1.000000000000000000),
 ( 1.000000000000000000, 0.7071067811865465735, 1.000000000000000000),
 ( 1.000000000000000000, 0.7071067811865459074, 1.000000000000000000),
 ( 1.000000000000000000, 0.7071067811865459074, 1.000000000000000000),
 ( 1.000000000000000000, 0.7071067811865459074, 1.000000000000000000),
 ( 1.000000000000000000, 0.7071067811865459074, 1.000000000000000000) ) ) 
 REPRESENTATION_ITEM ( '' )  SURFACE ( )  );
#1339 = CARTESIAN_POINT ( 'NONE',  ( 13.28465919972500231, 53.12569902229984109, 36.93830499372644738 ) ) ;
#1340 = DIRECTION ( 'NONE',  ( 0.02547691301595126495, 1.257674520083185143E-17, 0.9996754107725055460 ) ) ;
#1341 = CARTESIAN_POINT ( 'NONE',  ( 15.71139315522796664, 75.34029440629105068, 32.24544456165811113 ) ) ;
#1342 = CARTESIAN_POINT ( 'NONE',  ( 13.54508443513487848, 55.65481980395841788, 40.26131195763864667 ) ) ;
#1343 = ORIENTED_EDGE ( 'NONE', *, *, #1198, .T. ) ;
#1344 = VECTOR ( 'NONE', #758, 1000.000000000000000 ) ;
#1345 = CARTESIAN_POINT ( 'NONE',  ( 12.53137249777024387, 53.39317955036040786, -32.69461717302593939 ) ) ;
#1346 = CARTESIAN_POINT ( 'NONE',  ( 12.52859376288711069, 55.81806319614715761, -39.41513059764149318 ) ) ;
#1347 = CARTESIAN_POINT ( 'NONE',  ( 12.54595325264495997, 56.24579680736175646, -39.90019239265086526 ) ) ;
#1348 = CARTESIAN_POINT ( 'NONE',  ( 15.68682687693833167, 72.01623024523388494, 40.34460974780847664 ) ) ;
#1349 =( NAMED_UNIT ( * ) SI_UNIT ( $, .STERADIAN. ) SOLID_ANGLE_UNIT ( ) );
#1350 = CARTESIAN_POINT ( 'NONE',  ( 10.44523804666820865, 54.65928598511774794, -39.31181425421928566 ) ) ;
#1351 = ORIENTED_EDGE ( 'NONE', *, *, #522, .F. ) ;
#1352 = LINE ( 'NONE', #1204, #486 ) ;
#1353 = DIRECTION ( 'NONE',  ( 0.9996754107725055460, 0.000000000000000000, -0.02547691301595102903 ) ) ;
#1354 = CARTESIAN_POINT ( 'NONE',  ( 11.49361857446346491, 55.88476461410921559, -40.86204356488134692 ) ) ;
#1355 = CARTESIAN_POINT ( 'NONE',  ( 12.66732631337254311, 55.94727850878519604, 44.36782765690367825 ) ) ;
#1356 = ADVANCED_BREP_SHAPE_REPRESENTATION ( 'Part14^head_assembly', ( #588, #1028 ), #1074 ) ;
#1357 = EDGE_CURVE ( 'NONE', #515, #1194, #291, .T. ) ;
#1358 = CARTESIAN_POINT ( 'NONE',  ( 10.92562358841484915, 64.14505684592950274, 32.36630591783334410 ) ) ;
#1359 = ORIENTED_EDGE ( 'NONE', *, *, #929, .F. ) ;
#1360 = CARTESIAN_POINT ( 'NONE',  ( 11.50350849237931605, 71.90865774529034127, -44.81754749428097995 ) ) ;
#1361 = CARTESIAN_POINT ( 'NONE',  ( 11.97712297286630445, 75.19917711616133715, -35.20528221228139643 ) ) ;
#1362 = EDGE_CURVE ( 'NONE', #1502, #348, #524, .T. ) ;
#1363 = CARTESIAN_POINT ( 'NONE',  ( 13.77209167018497737, 75.22675624544321238, 35.15137108278626954 ) ) ;
#1364 = CARTESIAN_POINT ( 'NONE',  ( 14.56171887348676819, 55.78856640560219660, 40.44203731628928011 ) ) ;
#1365 = ORIENTED_EDGE ( 'NONE', *, *, #1289, .F. ) ;
#1366 = CIRCLE ( 'NONE', #1192, 12.50078937908544852 ) ;
#1367 = CARTESIAN_POINT ( 'NONE',  ( 13.56151542907101337, 71.77443294297377463, -42.39012292661863057 ) ) ;
#1368 = CARTESIAN_POINT ( 'NONE',  ( 15.68949964943932862, 73.46280170659224495, 36.50538742177921847 ) ) ;
#1369 = DIRECTION ( 'NONE',  ( -0.9996754107726958383, 0.000000000000000000, 0.02547691300848476531 ) ) ;
#1370 = CARTESIAN_POINT ( 'NONE',  ( 11.00652620649613134, 65.59271168280059783, -47.09786068133786330 ) ) ;
#1371 = CARTESIAN_POINT ( 'NONE',  ( 12.78679193288320981, 57.35163697354284551, 45.22647377986294259 ) ) ;
#1372 = VERTEX_POINT ( 'NONE', #616 ) ;
#1373 = CARTESIAN_POINT ( 'NONE',  ( 14.73935438438911127, 75.40959059505973983, 33.26098644751436950 ) ) ;
#1374 = CARTESIAN_POINT ( 'NONE',  ( 14.67890369267452755, 71.84608221326266175, 40.60494980458715730 ) ) ;
#1375 = CARTESIAN_POINT ( 'NONE',  ( 7.405980342076825984, 56.15516707509566174, -44.60880009257723344 ) ) ;
#1376 = B_SPLINE_CURVE_WITH_KNOTS ( 'NONE', 3,
 ( #1332, #617, #1225, #641, #626, #1117, #67, #530, #988, #503 ),
 .UNSPECIFIED., .F., .F.,
 ( 4, 2, 2, 2, 4 ),
 ( 6.938893903907228378E-18, 0.0004813567800588799072, 0.0009627135601177517913, 0.001444070340176623621, 0.001925427120235495343 ),
 .UNSPECIFIED. ) ;
#1377 = CARTESIAN_POINT ( 'NONE',  ( 11.53410017691234124, 53.46247573913058915, -32.66920150320158456 ) ) ;
#1378 = CARTESIAN_POINT ( 'NONE',  ( 13.09303792924129795, 66.70075171491649257, -46.93900447034255308 ) ) ;
#1379 = CARTESIAN_POINT ( 'NONE',  ( 14.69367977199600794, 56.87730552718136323, 42.65151989992644843 ) ) ;
#1380 = ORIENTED_EDGE ( 'NONE', *, *, #667, .F. ) ;
#1381 = EDGE_CURVE ( 'NONE', #1444, #912, #1092, .T. ) ;
#1382 = CARTESIAN_POINT ( 'NONE',  ( 13.59570647228446383, 71.77678602449240941, -41.05493397934886701 ) ) ;
#1383 = CARTESIAN_POINT ( 'NONE',  ( 13.16600219609837907, 52.55866735688133673, 33.82840418790443238 ) ) ;
#1384 = CARTESIAN_POINT ( 'NONE',  ( 11.84433142803130679, 74.29876457110336219, -37.96083321284433509 ) ) ;
#1385 = CARTESIAN_POINT ( 'NONE',  ( 12.70092289992551038, 60.22268386267180773, -44.66245823624133493 ) ) ;
#1386 = CARTESIAN_POINT ( 'NONE',  ( 10.82770819840453669, 63.03793741284537333, -47.14877926322162693 ) ) ;
#1387 = CARTESIAN_POINT ( 'NONE',  ( 13.83348749593059956, 74.07563155698504431, -37.99260275327110037 ) ) ;
#1388 = EDGE_LOOP ( 'NONE', ( #813, #361, #693, #475 ) ) ;
#1389 = CARTESIAN_POINT ( 'NONE',  ( 14.69463463936653369, 72.19457839638937457, 40.27202843626244544 ) ) ;
#1390 = CARTESIAN_POINT ( 'NONE',  ( 12.48396684140716317, 71.84158435022511924, -44.54461453734933940 ) ) ;
#1391 = AXIS2_PLACEMENT_3D ( 'NONE', #639, #872, #414 ) ;
#1392 = CARTESIAN_POINT ( 'NONE',  ( 11.43131451593766101, 52.53994058757017882, -34.18704954451215627 ) ) ;
#1393 = EDGE_CURVE ( 'NONE', #1194, #133, #957, .T. ) ;
#1394 = CARTESIAN_POINT ( 'NONE',  ( 10.69096898411153695, 60.95386379694634371, -46.83196191537154363 ) ) ;
#1395 = CARTESIAN_POINT ( 'NONE',  ( 12.85695861398161810, 74.31603270397857841, -37.61976614039214439 ) ) ;
#1396 = CARTESIAN_POINT ( 'NONE',  ( 11.44522440877461733, 52.46487960939802520, -33.43659162019546471 ) ) ;
#1397 = CARTESIAN_POINT ( 'NONE',  ( 14.73077776437085795, 73.05659337374765983, 39.33993360652359428 ) ) ;
#1398 = ORIENTED_EDGE ( 'NONE', *, *, #1129, .F. ) ;
#1399 = CARTESIAN_POINT ( 'NONE',  ( 15.17662338874642991, 63.05502257674822175, 44.75786039988651765 ) ) ;
#1400 = CARTESIAN_POINT ( 'NONE',  ( 15.67015155267267090, 74.28704953882723316, 33.49887390981054125 ) ) ;
#1401 = CARTESIAN_POINT ( 'NONE',  ( 12.19986530008698189, 55.83705918470980123, -40.49335826222972656 ) ) ;
#1402 = CARTESIAN_POINT ( 'NONE',  ( 13.11589004323029251, 66.30996195291194795, -44.97682829257936987 ) ) ;
#1403 = CARTESIAN_POINT ( 'NONE',  ( 14.84477116411334308, 57.98953012828535236, 45.54762052893156721 ) ) ;
#1404 = ORIENTED_EDGE ( 'NONE', *, *, #589, .T. ) ;
#1405 = ADVANCED_FACE ( 'NONE', ( #1459 ), #1338, .T. ) ;
#1406 = CARTESIAN_POINT ( 'NONE',  ( 8.272372667178069960, 64.21448563908728602, -32.58672763218223167 ) ) ;
#1407 = CARTESIAN_POINT ( 'NONE',  ( 8.165507312246953475, 56.11440574817873994, -41.23354023095547660 ) ) ;
#1408 = CARTESIAN_POINT ( 'NONE',  ( 11.29764427887723599, 69.42273968598033207, -46.11745558657165134 ) ) ;
#1409 = ADVANCED_FACE ( 'NONE', ( #1036 ), #1139, .F. ) ;
#1410 = CARTESIAN_POINT ( 'NONE',  ( 15.12464145026936890, 61.63235170439490673, 46.59710057031359298 ) ) ;
#1411 = CARTESIAN_POINT ( 'NONE',  ( 11.41530772243627823, 52.86364527318391282, -35.69771730855313052 ) ) ;
#1412 = CARTESIAN_POINT ( 'NONE',  ( 13.16508434980303477, 52.54091343404164149, 33.84079561745382847 ) ) ;
#1413 = ORIENTED_EDGE ( 'NONE', *, *, #667, .T. ) ;
#1414 = LINE ( 'NONE', #144, #701 ) ;
#1415 = CARTESIAN_POINT ( 'NONE',  ( 12.66732631337254311, 55.94727850878519604, 44.36782765690367825 ) ) ;
#1416 = CARTESIAN_POINT ( 'NONE',  ( 12.42542049599021325, 55.82295553601742455, -40.05575149611621555 ) ) ;
#1417 = AXIS2_PLACEMENT_3D ( 'NONE', #1377, #1241, #1369 ) ;
#1418 = CARTESIAN_POINT ( 'NONE',  ( 15.32694693609181691, 65.23775766475854709, 44.70506974897666197 ) ) ;
#1419 = DIRECTION ( 'NONE',  ( -0.06931858077285556197, -0.9975945741430419789, 0.000000000000000000 ) ) ;
#1420 = VERTEX_POINT ( 'NONE', #926 ) ;
#1421 = CARTESIAN_POINT ( 'NONE',  ( 14.48970460585330855, 71.85922884870143434, 44.27281842411034773 ) ) ;
#1422 = CARTESIAN_POINT ( 'NONE',  ( 7.469941741546583636, 56.15956899948437098, -42.11105373570887167 ) ) ;
#1423 = CARTESIAN_POINT ( 'NONE',  ( 11.24526510623370612, 68.75997257517100536, -46.36569080087538453 ) ) ;
#1424 = CARTESIAN_POINT ( 'NONE',  ( 14.45069307410409287, 55.07815319197263904, 38.02250523651526493 ) ) ;
#1425 = CARTESIAN_POINT ( 'NONE',  ( 15.39689577789230235, 66.31218240882346038, 44.52032167376010818 ) ) ;
#1426 = CARTESIAN_POINT ( 'NONE',  ( 14.22778448734515777, 53.46260043535506412, 33.68073830185936401 ) ) ;
#1427 = ORIENTED_EDGE ( 'NONE', *, *, #1111, .T. ) ;
#1428 = CARTESIAN_POINT ( 'NONE',  ( 15.65171063227099602, 70.61493949437786455, 42.78734094486637218 ) ) ;
#1429 = CARTESIAN_POINT ( 'NONE',  ( 12.59843415142663048, 71.84608221326257649, -41.02951830952452639 ) ) ;
#1430 = CARTESIAN_POINT ( 'NONE',  ( 15.67617601353238044, 71.77678602449248046, 40.57953413476280247 ) ) ;
#1431 = ADVANCED_FACE ( 'NONE', ( #1030 ), #1016, .T. ) ;
#1432 = CARTESIAN_POINT ( 'NONE',  ( 14.29320224322071731, 53.81381371222379784, 35.29004374128048482 ) ) ;
#1433 = CARTESIAN_POINT ( 'NONE',  ( 15.84180150527327768, 73.13288262508670812, 43.38101027166267443 ) ) ;
#1434 = FACE_OUTER_BOUND ( 'NONE', #1127, .T. ) ;
#1435 = ORIENTED_EDGE ( 'NONE', *, *, #1198, .F. ) ;
#1436 = CARTESIAN_POINT ( 'NONE',  ( 13.98612011321738891, 74.34269827647601403, -32.73169168557863884 ) ) ;
#1437 = LINE ( 'NONE', #1211, #268 ) ;
#1438 = ORIENTED_EDGE ( 'NONE', *, *, #833, .T. ) ;
#1439 = CARTESIAN_POINT ( 'NONE',  ( 14.35070019535955410, 54.22476301197558968, 36.42571697448598655 ) ) ;
#1440 = CIRCLE ( 'NONE', #897, 11.50078937908553023 ) ;
#1441 = CARTESIAN_POINT ( 'NONE',  ( 15.24680477749557106, 63.33131048190379175, 46.75836866736462127 ) ) ;
#1442 = B_SPLINE_CURVE_WITH_KNOTS ( 'NONE', 3,
 ( #1499, #1248, #899, #344, #1515, #551, #1385, #1137, #325, #218, #1027, #801, #786, #1255, #225, #198, #1158, #112, #916, #210, #1049, #892 ),
 .UNSPECIFIED., .F., .F.,
 ( 4, 2, 2, 2, 2, 2, 2, 2, 2, 2, 4 ),
 ( 0.000000000000000000, 0.002191394457326622906, 0.004382788914653245813, 0.005478486143316547291, 0.006574183371979848770, 0.008765577829306451726, 0.01095697228663301478, 0.01205266951529629545, 0.01314836674395957437, 0.01533976120128613917, 0.01753115565861269876 ),
 .UNSPECIFIED. ) ;
#1443 = CARTESIAN_POINT ( 'NONE',  ( 14.46811435420281455, 54.83244804836331809, 39.37600843701610387 ) ) ;
#1444 = VERTEX_POINT ( 'NONE', #482 ) ;
#1445 = CARTESIAN_POINT ( 'NONE',  ( 12.28738687886711567, 53.19499521107001527, 36.96372066355078800 ) ) ;
#1446 = DIRECTION ( 'NONE',  ( 0.06931858077286140452, 0.9975945741430415348, 0.000000000000000000 ) ) ;
#1447 = CARTESIAN_POINT ( 'NONE',  ( 12.53386664589662836, 55.95339776722730107, -39.57722232045147592 ) ) ;
#1448 = CARTESIAN_POINT ( 'NONE',  ( 14.70660853719697059, 72.48731477605399220, 39.94371607605319241 ) ) ;
#1449 =( NAMED_UNIT ( * ) PLANE_ANGLE_UNIT ( ) SI_UNIT ( $, .RADIAN. ) );
#1450 = CARTESIAN_POINT ( 'NONE',  ( 10.41486399170283761, 53.12349874275805917, -36.31630011296739013 ) ) ;
#1451 = ORIENTED_EDGE ( 'NONE', *, *, #672, .F. ) ;
#1452 = CARTESIAN_POINT ( 'NONE',  ( 13.94472828043305235, 74.27028438515043263, -34.15840688581256046 ) ) ;
#1453 = FACE_OUTER_BOUND ( 'NONE', #1485, .T. ) ;
#1454 = CARTESIAN_POINT ( 'NONE',  ( 11.49519295222147086, 55.92032269851033277, -40.89721699822030843 ) ) ;
#1455 = CARTESIAN_POINT ( 'NONE',  ( 15.74571648466741181, 75.26089480938762222, 33.80872407125698231 ) ) ;
#1456 = CARTESIAN_POINT ( 'NONE',  ( 14.29738769133822984, 55.83401251454070291, 43.25166207725287393 ) ) ;
#1457 = DIRECTION ( 'NONE',  ( -0.9972723208579028498, 0.06929618877017938716, 0.02541566982434373054 ) ) ;
#1458 = VERTEX_POINT ( 'NONE', #491 ) ;
#1459 = FACE_OUTER_BOUND ( 'NONE', #390, .T. ) ;
#1460 = DIRECTION ( 'NONE',  ( -0.9972723208579025167, 0.06929618877018098311, 0.02541566982434744632 ) ) ;
#1461 = CARTESIAN_POINT ( 'NONE',  ( 12.48345561754192445, 53.96295280799286331, -36.12829781862011913 ) ) ;
#1462 = CARTESIAN_POINT ( 'NONE',  ( 14.75144158069790912, 73.76662217975261626, 38.21484666976500932 ) ) ;
#1463 =( LENGTH_UNIT ( ) NAMED_UNIT ( * ) SI_UNIT ( .MILLI., .METRE. ) );
#1464 = CARTESIAN_POINT ( 'NONE',  ( 10.43499755023246678, 54.34396263366629398, -38.85390215042438911 ) ) ;
#1465 = VERTEX_POINT ( 'NONE', #952 ) ;
#1466 = CIRCLE ( 'NONE', #462, 11.50078937908553023 ) ;
#1467 = EDGE_CURVE ( 'NONE', #1133, #66, #620, .T. ) ;
#1468 = LINE ( 'NONE', #417, #92 ) ;
#1469 = CARTESIAN_POINT ( 'NONE',  ( 15.72792995803383498, 73.03985266436073687, 39.16651105860191961 ) ) ;
#1470 = CARTESIAN_POINT ( 'NONE',  ( 12.81688115867633471, 55.93688658215202025, 44.36401622396866884 ) ) ;
#1471 = APPLICATION_CONTEXT ( 'automotive_design' ) ;
#1472 = CARTESIAN_POINT ( 'NONE',  ( 10.41835731584799873, 53.61056977559999126, -37.50723353977599572 ) ) ;
#1473 = VERTEX_POINT ( 'NONE', #1313 ) ;
#1474 = CARTESIAN_POINT ( 'NONE',  ( 13.12082582697260058, 52.46487960931555961, 32.31146564987606951 ) ) ;
#1475 = CARTESIAN_POINT ( 'NONE',  ( 11.48359073666383168, 55.65481980395890105, -40.62857287784745353 ) ) ;
#1476 = CARTESIAN_POINT ( 'NONE',  ( 14.69252600347623527, 72.15390154143500467, 40.30019479253640213 ) ) ;
#1477 = CARTESIAN_POINT ( 'NONE',  ( 14.76068981065940022, 74.16051683370116621, 37.50377375051696305 ) ) ;
#1478 = ORIENTED_EDGE ( 'NONE', *, *, #1492, .F. ) ;
#1479 = CARTESIAN_POINT ( 'NONE',  ( 12.48714267570757031, 54.47746696741288730, -37.38645349514212057 ) ) ;
#1480 = CARTESIAN_POINT ( 'NONE',  ( 12.84160374888928047, 74.22946838233316669, -37.98624888266868282 ) ) ;
#1481 = UNCERTAINTY_MEASURE_WITH_UNIT (LENGTH_MEASURE( 1.000000000000000082E-05 ), #698, 'distance_accuracy_value', 'NONE');
#1482 = CARTESIAN_POINT ( 'NONE',  ( 10.83885805625578769, 63.19929015012956341, -47.15120631416940000 ) ) ;
#1483 = CARTESIAN_POINT ( 'NONE',  ( 12.50953343451726241, 56.88851711033959901, -43.08163693256830840 ) ) ;
#1484 = CARTESIAN_POINT ( 'NONE',  ( 14.05539380919115366, 75.34029440629097962, -32.73345713855378847 ) ) ;
#1485 = EDGE_LOOP ( 'NONE', ( #79, #1288, #537, #1323 ) ) ;
#1486 = ADVANCED_FACE ( 'NONE', ( #1190 ), #149, .F. ) ;
#1487 = B_SPLINE_CURVE_WITH_KNOTS ( 'NONE', 3,
 ( #958, #1407, #1056, #1422 ),
 .UNSPECIFIED., .F., .F.,
 ( 4, 4 ),
 ( 7.757919228897728493E-18, 0.001680928051049152038 ),
 .UNSPECIFIED. ) ;
#1488 = STYLED_ITEM ( 'NONE', ( #943 ), #588 ) ;
#1489 = CARTESIAN_POINT ( 'NONE',  ( 13.27676941354038931, 53.20920471900640081, 36.40104227367515932 ) ) ;
#1490 = CARTESIAN_POINT ( 'NONE',  ( 12.40293432112125949, 55.81469917365561884, -42.82931839597264911 ) ) ;
#1491 = CARTESIAN_POINT ( 'NONE',  ( 13.71684851351209034, 75.47888678383142746, 32.29627590130681369 ) ) ;
#1492 = EDGE_CURVE ( 'NONE', #1269, #231, #1081, .T. ) ;
#1493 = CARTESIAN_POINT ( 'NONE',  ( 12.58365517174038395, 59.18152955808465521, -46.42514379707596817 ) ) ;
#1494 = ORIENTED_EDGE ( 'NONE', *, *, #742, .F. ) ;
#1495 = CARTESIAN_POINT ( 'NONE',  ( 10.44870088972162137, 54.86820683163326606, -39.74556323528763357 ) ) ;
#1496 = EDGE_CURVE ( 'NONE', #842, #427, #185, .T. ) ;
#1497 = DIRECTION ( 'NONE',  ( -0.02535453431509818861, 0.001761778159919110808, -0.9996769696893990087 ) ) ;
#1498 = LINE ( 'NONE', #333, #875 ) ;
#1499 = CARTESIAN_POINT ( 'NONE',  ( 12.45630418000720141, 55.81308811304242568, -42.23809950974812466 ) ) ;
#1500 = CARTESIAN_POINT ( 'NONE',  ( 13.03656731861440221, 65.23472635527582497, -45.15768635219438210 ) ) ;
#1501 = DIRECTION ( 'NONE',  ( 0.9975945741430416458, -0.06931858077285857345, 0.000000000000000000 ) ) ;
#1502 = VERTEX_POINT ( 'NONE', #1113 ) ;
#1503 = CARTESIAN_POINT ( 'NONE',  ( 13.73270202699267628, 55.87325010649418289, 40.48974561428794772 ) ) ;
#1504 = CARTESIAN_POINT ( 'NONE',  ( 11.50248872947791057, 55.87189860696685884, -44.32319766701090202 ) ) ;
#1505 = EDGE_CURVE ( 'NONE', #1178, #704, #979, .T. ) ;
#1506 = CARTESIAN_POINT ( 'NONE',  ( 11.44404368880129574, 54.64296010541779225, -39.42148903209068322 ) ) ;
#1507 = CARTESIAN_POINT ( 'NONE',  ( 13.56880329805848362, 71.85490833118767284, -42.32357530706568127 ) ) ;
#1508 = CARTESIAN_POINT ( 'NONE',  ( 12.76966486710115234, 73.55833731940131770, -38.97917297041733775 ) ) ;
#1509 = CARTESIAN_POINT ( 'NONE',  ( 8.575154775202545210, 72.12091395223647794, -42.26300746276530873 ) ) ;
#1510 = CARTESIAN_POINT ( 'NONE',  ( 13.74208206353114825, 75.47888678382992111, 33.28640211733872434 ) ) ;
#1511 = VECTOR ( 'NONE', #954, 1000.000000000000000 ) ;
#1512 = CIRCLE ( 'NONE', #852, 14.49943025156098919 ) ;
#1513 = CARTESIAN_POINT ( 'NONE',  ( 15.32623720833645287, 65.22731238740763615, 44.70570030742401002 ) ) ;
#1514 = CARTESIAN_POINT ( 'NONE',  ( 15.68521420281393830, 73.19561482527322482, 37.06572186746640796 ) ) ;
#1515 = CARTESIAN_POINT ( 'NONE',  ( 12.61836134585362146, 58.85335806456554053, -44.16856189444517611 ) ) ;
ENDSEC;
END-ISO-10303-21;
