ISO-10303-21;
HEADER;
FILE_DESCRIPTION (( 'STEP AP214' ),
    '1' );
FILE_NAME ('gantry_spine_6.STEP',
    '2026-02-11T17:59:33',
    ( '' ),
    ( '' ),
    'SwSTEP 2.0',
    'SolidWorks 2025',
    '' );
FILE_SCHEMA (( 'AUTOMOTIVE_DESIGN' ));
ENDSEC;

DATA;
#1 = CARTESIAN_POINT ( 'NONE',  ( -10.00000000000000178, -10.00000000000045297, 13.12500000000105160 ) ) ;
#2 = DIRECTION ( 'NONE',  ( 1.000000000000000000, 0.000000000000000000, -6.938893903907228378E-16 ) ) ;
#3 = VERTEX_POINT ( 'NONE', #893 ) ;
#4 = ORIENTED_EDGE ( 'NONE', *, *, #4951, .T. ) ;
#5 = PLANE ( 'NONE',  #5748 ) ;
#7 = DIRECTION ( 'NONE',  ( 1.000000000000000000, 0.000000000000000000, -6.938893903907228378E-16 ) ) ;
#6 = DIRECTION ( 'NONE',  ( -0.000000000000000000, -0.000000000000000000, 1.000000000000000000 ) ) ;
#9 = DIRECTION ( 'NONE',  ( -0.8660254037844407060, 0.000000000000000000, -0.4999999999999966138 ) ) ;
#8 = DIRECTION ( 'NONE',  ( -0.000000000000000000, 1.000000000000000000, -0.000000000000000000 ) ) ;
#10 = VERTEX_POINT ( 'NONE', #6012 ) ;
#11 = ORIENTED_EDGE ( 'NONE', *, *, #3960, .T. ) ;
#12 = CARTESIAN_POINT ( 'NONE',  ( 16.49999999999999645, 600.0000000000000000, 7.279404685324008639 ) ) ;
#13 = EDGE_LOOP ( 'NONE', ( #2089, #2777, #2698, #2852 ) ) ;
#15 = DIRECTION ( 'NONE',  ( -0.4999999999999965583, 0.000000000000000000, 0.8660254037844405950 ) ) ;
#14 = LINE ( 'NONE', #4174, #5535 ) ;
#16 = ORIENTED_EDGE ( 'NONE', *, *, #4935, .F. ) ;
#17 = VERTEX_POINT ( 'NONE', #4679 ) ;
#18 = DIRECTION ( 'NONE',  ( 0.000000000000000000, 0.000000000000000000, 1.000000000000000000 ) ) ;
#19 = EDGE_CURVE ( 'NONE', #1877, #491, #1794, .T. ) ;
#20 = ORIENTED_EDGE ( 'NONE', *, *, #889, .F. ) ;
#21 = CARTESIAN_POINT ( 'NONE',  ( 10.00000000000000888, -10.00000000000045297, 13.12500000000107470 ) ) ;
#22 = ORIENTED_EDGE ( 'NONE', *, *, #4813, .T. ) ;
#23 = VECTOR ( 'NONE', #1456, 1000.000000000000000 ) ;
#24 = DIRECTION ( 'NONE',  ( 0.000000000000000000, 1.000000000000000000, -0.000000000000000000 ) ) ;
#25 = CARTESIAN_POINT ( 'NONE',  ( -15.99999999999999645, 489.9999999999998863, -2.749999999999997780 ) ) ;
#26 = CARTESIAN_POINT ( 'NONE',  ( 16.49999999999999645, 600.0000000000000000, 7.020725942163696054 ) ) ;
#27 = EDGE_CURVE ( 'NONE', #2647, #6003, #2283, .T. ) ;
#28 = DIRECTION ( 'NONE',  ( 0.000000000000000000, -1.000000000000000000, 0.000000000000000000 ) ) ;
#29 = DIRECTION ( 'NONE',  ( -0.000000000000000000, 0.000000000000000000, 1.000000000000000000 ) ) ;
#30 = ORIENTED_EDGE ( 'NONE', *, *, #5986, .F. ) ;
#31 = ORIENTED_EDGE ( 'NONE', *, *, #4968, .F. ) ;
#32 = AXIS2_PLACEMENT_3D ( 'NONE', #3796, #2972, #4788 ) ;
#33 = ORIENTED_EDGE ( 'NONE', *, *, #2703, .F. ) ;
#34 = VECTOR ( 'NONE', #1493, 1000.000000000000000 ) ;
#35 = EDGE_CURVE ( 'NONE', #3660, #4168, #4609, .T. ) ;
#36 = DIRECTION ( 'NONE',  ( 0.8660254037844415942, 0.000000000000000000, -0.4999999999999950595 ) ) ;
#37 = ORIENTED_EDGE ( 'NONE', *, *, #1703, .T. ) ;
#39 = CARTESIAN_POINT ( 'NONE',  ( -16.50000000000000000, 600.0000000000000000, 9.979274057836338585 ) ) ;
#38 = DIRECTION ( 'NONE',  ( 0.4768709627114711691, 0.3006265784832175547, -0.8259647360705590913 ) ) ;
#40 = VECTOR ( 'NONE', #2209, 1000.000000000000000 ) ;
#42 = DIRECTION ( 'NONE',  ( 1.000000000000000000, 0.000000000000000000, 0.000000000000000000 ) ) ;
#41 = CARTESIAN_POINT ( 'NONE',  ( -19.99999999999999645, 600.0000000000000000, 12.00000000000000000 ) ) ;
#43 = ORIENTED_EDGE ( 'NONE', *, *, #2978, .T. ) ;
#44 = AXIS2_PLACEMENT_3D ( 'NONE', #4567, #3644, #3221 ) ;
#45 = FACE_OUTER_BOUND ( 'NONE', #3422, .T. ) ;
#46 = PRODUCT_DEFINITION_CONTEXT ( 'detailed design', #2587, 'design' ) ;
#47 = VECTOR ( 'NONE', #4120, 1000.000000000000000 ) ;
#48 = EDGE_LOOP ( 'NONE', ( #4839, #847, #740, #1418 ) ) ;
#50 = FACE_OUTER_BOUND ( 'NONE', #3246, .T. ) ;
#49 = PLANE ( 'NONE',  #2680 ) ;
#51 = VERTEX_POINT ( 'NONE', #3693 ) ;
#52 = ORIENTED_EDGE ( 'NONE', *, *, #3197, .T. ) ;
#53 = FACE_OUTER_BOUND ( 'NONE', #6043, .T. ) ;
#54 = VECTOR ( 'NONE', #503, 1000.000000000000114 ) ;
#55 = DIRECTION ( 'NONE',  ( -0.000000000000000000, -1.000000000000000000, -0.000000000000000000 ) ) ;
#56 = EDGE_CURVE ( 'NONE', #5693, #640, #5577, .T. ) ;
#57 = AXIS2_PLACEMENT_3D ( 'NONE', #5218, #4720, #3404 ) ;
#58 = DIRECTION ( 'NONE',  ( -1.000000000000000000, 0.000000000000000000, 6.938893903907228378E-16 ) ) ;
#59 = VERTEX_POINT ( 'NONE', #25 ) ;
#60 = EDGE_LOOP ( 'NONE', ( #1700, #1033, #2397, #6052 ) ) ;
#61 = DIRECTION ( 'NONE',  ( 0.000000000000000000, -1.000000000000000000, 0.000000000000000000 ) ) ;
#62 = CARTESIAN_POINT ( 'NONE',  ( 18.25000000000008527, 545.2269831201855368, -6.780563709337406486 ) ) ;
#63 = CARTESIAN_POINT ( 'NONE',  ( -3.935108105617389551, 505.9865579718068034, 23.62970090348453311 ) ) ;
#64 = ORIENTED_EDGE ( 'NONE', *, *, #5430, .T. ) ;
#65 = VECTOR ( 'NONE', #2726, 1000.000000000000000 ) ;
#66 = ADVANCED_FACE ( 'NONE', ( #5634 ), #4891, .F. ) ;
#67 = VERTEX_POINT ( 'NONE', #184 ) ;
#68 = VECTOR ( 'NONE', #1830, 1000.000000000000000 ) ;
#69 = DIRECTION ( 'NONE',  ( -0.8660254037844407060, 0.000000000000000000, -0.4999999999999966138 ) ) ;
#71 = CARTESIAN_POINT ( 'NONE',  ( 10.00000000000000178, 598.1077025609010889, 16.52539999999935816 ) ) ;
#70 = DIRECTION ( 'NONE',  ( 0.000000000000000000, -1.000000000000000000, 0.000000000000000000 ) ) ;
#72 = EDGE_CURVE ( 'NONE', #2545, #1920, #152, .T. ) ;
#73 = ADVANCED_FACE ( 'NONE', ( #2041 ), #610, .F. ) ;
#74 = VECTOR ( 'NONE', #2649, 1000.000000000000000 ) ;
#76 = LINE ( 'NONE', #1936, #4726 ) ;
#75 = DIRECTION ( 'NONE',  ( -0.000000000000000000, 1.000000000000000000, -0.000000000000000000 ) ) ;
#77 = EDGE_LOOP ( 'NONE', ( #5859, #680, #5651, #4652 ) ) ;
#79 = FACE_OUTER_BOUND ( 'NONE', #5485, .T. ) ;
#78 = DIRECTION ( 'NONE',  ( -1.000000000000000000, 1.383500721948037739E-16, 1.088838682103976689E-17 ) ) ;
#80 = AXIS2_PLACEMENT_3D ( 'NONE', #3750, #2906, #29 ) ;
#81 = EDGE_LOOP ( 'NONE', ( #549, #5521, #4564, #4909 ) ) ;
#83 = CARTESIAN_POINT ( 'NONE',  ( 10.00000000000000888, 523.9471233455369656, 13.12500000000107470 ) ) ;
#82 = DIRECTION ( 'NONE',  ( -0.4768709627114711691, 0.3006265784832175547, 0.8259647360705590913 ) ) ;
#84 = ORIENTED_EDGE ( 'NONE', *, *, #2223, .F. ) ;
#85 = ORIENTED_EDGE ( 'NONE', *, *, #3351, .F. ) ;
#86 = DIRECTION ( 'NONE',  ( 0.8660254037844413721, 0.000000000000000000, -0.4999999999999951705 ) ) ;
#87 = LINE ( 'NONE', #3414, #3980 ) ;
#88 = ORIENTED_EDGE ( 'NONE', *, *, #2786, .F. ) ;
#89 = AXIS2_PLACEMENT_3D ( 'NONE', #2887, #108, #1965 ) ;
#90 = ORIENTED_EDGE ( 'NONE', *, *, #1588, .F. ) ;
#91 = FACE_OUTER_BOUND ( 'NONE', #3514, .T. ) ;
#92 = ORIENTED_EDGE ( 'NONE', *, *, #4748, .T. ) ;
#93 = LINE ( 'NONE', #4865, #910 ) ;
#94 = DIRECTION ( 'NONE',  ( 0.000000000000000000, 0.000000000000000000, -1.000000000000000000 ) ) ;
#95 = CARTESIAN_POINT ( 'NONE',  ( 19.99999999999999645, 600.0000000000000000, 14.49999999999999822 ) ) ;
#96 = CYLINDRICAL_SURFACE ( 'NONE', #468, 2.249999999999974243 ) ;
#97 = ORIENTED_EDGE ( 'NONE', *, *, #1564, .T. ) ;
#98 = ORIENTED_EDGE ( 'NONE', *, *, #2186, .T. ) ;
#99 = ADVANCED_FACE ( 'NONE', ( #209 ), #5766, .F. ) ;
#100 = CARTESIAN_POINT ( 'NONE',  ( 9.999999999999998224, 562.9555412545192894, 13.12500000000105160 ) ) ;
#102 = CARTESIAN_POINT ( 'NONE',  ( 8.483226407164680793, 582.7612938852881825, 15.75212892637067874 ) ) ;
#101 = DIRECTION ( 'NONE',  ( -6.520427397917960799E-16, -0.3420201433256629953, -0.9396926207859104263 ) ) ;
#103 = ADVANCED_FACE ( 'NONE', ( #2464 ), #2524, .T. ) ;
#105 = DIRECTION ( 'NONE',  ( 0.000000000000000000, 0.000000000000000000, -1.000000000000000000 ) ) ;
#104 = CARTESIAN_POINT ( 'NONE',  ( -20.00000000000000000, 600.0000000000000000, 0.000000000000000000 ) ) ;
#106 = ORIENTED_EDGE ( 'NONE', *, *, #3298, .T. ) ;
#107 = EDGE_LOOP ( 'NONE', ( #2530, #5183 ) ) ;
#109 = CARTESIAN_POINT ( 'NONE',  ( -10.00000000000000178, 571.0710130955133081, 13.12500000000105160 ) ) ;
#108 = DIRECTION ( 'NONE',  ( -0.8660254037844407060, 0.000000000000000000, -0.4999999999999966138 ) ) ;
#110 = EDGE_CURVE ( 'NONE', #491, #5087, #3387, .T. ) ;
#111 = EDGE_CURVE ( 'NONE', #2863, #5444, #3355, .T. ) ;
#112 = ORIENTED_EDGE ( 'NONE', *, *, #2222, .F. ) ;
#114 = CARTESIAN_POINT ( 'NONE',  ( -10.00000000000000178, -10.00000000000045297, 13.12500000000105160 ) ) ;
#113 = CARTESIAN_POINT ( 'NONE',  ( -10.00000000000000178, 594.6329579705015931, 13.12500000000105160 ) ) ;
#115 = ORIENTED_EDGE ( 'NONE', *, *, #3760, .F. ) ;
#116 = ORIENTED_EDGE ( 'NONE', *, *, #5863, .T. ) ;
#117 = CARTESIAN_POINT ( 'NONE',  ( -8.051442841485993540, -10.00000000000045297, 16.49999999999940314 ) ) ;
#118 = EDGE_CURVE ( 'NONE', #914, #1538, #2407, .T. ) ;
#119 = CARTESIAN_POINT ( 'NONE',  ( 10.00000000000000178, 540.6219959201788470, 16.49999999999940314 ) ) ;
#120 = CARTESIAN_POINT ( 'NONE',  ( -8.051442841485993540, 569.8426135548655793, 16.49999999999940314 ) ) ;
#121 = ORIENTED_EDGE ( 'NONE', *, *, #1554, .F. ) ;
#122 = CARTESIAN_POINT ( 'NONE',  ( 10.00000000000000888, -10.00000000000045297, 13.12500000000107470 ) ) ;
#123 = DIRECTION ( 'NONE',  ( 0.000000000000000000, -1.000000000000000000, 0.000000000000000000 ) ) ;
#124 = FACE_OUTER_BOUND ( 'NONE', #5751, .T. ) ;
#125 = CARTESIAN_POINT ( 'NONE',  ( -18.25000000000008527, 547.4769831201855368, -6.780563709337406486 ) ) ;
#126 = ORIENTED_EDGE ( 'NONE', *, *, #5676, .T. ) ;
#127 = ORIENTED_EDGE ( 'NONE', *, *, #5878, .T. ) ;
#128 = DIRECTION ( 'NONE',  ( -1.000000000000000000, 0.000000000000000000, 6.938893903907228378E-16 ) ) ;
#130 = DIRECTION ( 'NONE',  ( -0.8660254037844407060, 0.000000000000000000, -0.4999999999999966138 ) ) ;
#129 = LINE ( 'NONE', #1988, #3287 ) ;
#131 = ORIENTED_EDGE ( 'NONE', *, *, #1690, .F. ) ;
#132 = VECTOR ( 'NONE', #5690, 1000.000000000000000 ) ;
#133 = EDGE_CURVE ( 'NONE', #10, #419, #2064, .T. ) ;
#135 = CARTESIAN_POINT ( 'NONE',  ( 18.25000000000008527, 545.2269831201855368, -6.780563709337406486 ) ) ;
#134 = DIRECTION ( 'NONE',  ( -0.4999999999999965583, 0.000000000000000000, 0.8660254037844405950 ) ) ;
#136 = VERTEX_POINT ( 'NONE', #1492 ) ;
#138 = CARTESIAN_POINT ( 'NONE',  ( -18.25000000000008527, 562.9014977005494984, -11.58518127581853818 ) ) ;
#137 = PLANE ( 'NONE',  #5966 ) ;
#139 = CIRCLE ( 'NONE', #919, 0.5000000000000004441 ) ;
#140 = EDGE_CURVE ( 'NONE', #6076, #523, #3418, .T. ) ;
#141 = VECTOR ( 'NONE', #322, 1000.000000000000000 ) ;
#143 = LINE ( 'NONE', #1944, #132 ) ;
#142 = CARTESIAN_POINT ( 'NONE',  ( 10.00000000000000888, -10.00000000000045297, 13.12500000000107470 ) ) ;
#144 = VERTEX_POINT ( 'NONE', #3909 ) ;
#145 = ORIENTED_EDGE ( 'NONE', *, *, #1560, .T. ) ;
#146 = FACE_OUTER_BOUND ( 'NONE', #81, .T. ) ;
#147 = CARTESIAN_POINT ( 'NONE',  ( 8.051442841485993540, 598.1169474048514303, 16.49999999999942091 ) ) ;
#148 = AXIS2_PLACEMENT_3D ( 'NONE', #1568, #3373, #3337 ) ;
#149 = EDGE_CURVE ( 'NONE', #355, #6076, #4305, .T. ) ;
#150 = DIRECTION ( 'NONE',  ( -0.000000000000000000, 1.000000000000000000, -0.000000000000000000 ) ) ;
#151 = VERTEX_POINT ( 'NONE', #2958 ) ;
#152 = LINE ( 'NONE', #1606, #4510 ) ;
#153 = VECTOR ( 'NONE', #5747, 1000.000000000000000 ) ;
#154 = CARTESIAN_POINT ( 'NONE',  ( 10.00000000000000178, 599.9999999999998863, 16.49999999999940314 ) ) ;
#155 = DIRECTION ( 'NONE',  ( 6.520427397917960799E-16, -0.3420201433256629953, 0.9396926207859104263 ) ) ;
#156 = DIRECTION ( 'NONE',  ( -1.000000000000000000, 0.000000000000000000, 6.938893903907228378E-16 ) ) ;
#157 = VERTEX_POINT ( 'NONE', #5324 ) ;
#158 = VECTOR ( 'NONE', #791, 1000.000000000000000 ) ;
#159 = ORIENTED_EDGE ( 'NONE', *, *, #5840, .T. ) ;
#160 = CARTESIAN_POINT ( 'NONE',  ( 15.99999999999999645, 494.9999999999998863, -5.000000000000004441 ) ) ;
#161 = CIRCLE ( 'NONE', #655, 4.000000000000000888 ) ;
#163 = CARTESIAN_POINT ( 'NONE',  ( 9.999999999999998224, 575.7834020705109879, 13.12500000000105160 ) ) ;
#162 = DIRECTION ( 'NONE',  ( -0.4768709627114696148, -0.3006265784832180543, -0.8259647360705598684 ) ) ;
#164 = VECTOR ( 'NONE', #3791, 1000.000000000000000 ) ;
#166 = LINE ( 'NONE', #992, #3442 ) ;
#165 = CARTESIAN_POINT ( 'NONE',  ( 10.00000000000000888, -10.00000000000045297, 13.12500000000107470 ) ) ;
#167 = ORIENTED_EDGE ( 'NONE', *, *, #195, .T. ) ;
#169 = CYLINDRICAL_SURFACE ( 'NONE', #4239, 5.000000000000000000 ) ;
#168 = PLANE ( 'NONE',  #3590 ) ;
#170 = VECTOR ( 'NONE', #1254, 1000.000000000000000 ) ;
#171 = EDGE_CURVE ( 'NONE', #3000, #1917, #4278, .T. ) ;
#173 = CARTESIAN_POINT ( 'NONE',  ( -8.051442841485993540, 540.6219959201788470, 16.49999999999940314 ) ) ;
#172 = CARTESIAN_POINT ( 'NONE',  ( 10.00000000000000178, 526.4940738391363766, 16.52539999999935816 ) ) ;
#174 = VERTEX_POINT ( 'NONE', #4834 ) ;
#175 = ADVANCED_FACE ( 'NONE', ( #3475 ), #2931, .T. ) ;
#176 = VECTOR ( 'NONE', #3758, 1000.000000000000000 ) ;
#177 = CARTESIAN_POINT ( 'NONE',  ( -10.25000000000008704, 564.6807431261822785, -5.603677273419772398 ) ) ;
#178 =( NAMED_UNIT ( * ) PLANE_ANGLE_UNIT ( ) SI_UNIT ( $, .RADIAN. ) );
#179 = ADVANCED_FACE ( 'NONE', ( #2498 ), #5241, .F. ) ;
#180 = EDGE_LOOP ( 'NONE', ( #2438, #5572, #1749, #3115 ) ) ;
#181 = VECTOR ( 'NONE', #3082, 1000.000000000000000 ) ;
#182 = CARTESIAN_POINT ( 'NONE',  ( -15.99999999999999645, 494.9999999999998863, -5.000000000000000000 ) ) ;
#183 = VERTEX_POINT ( 'NONE', #5359 ) ;
#184 = CARTESIAN_POINT ( 'NONE',  ( -18.25000000000008882, 586.8686935486363154, 2.500000000000000444 ) ) ;
#185 = CARTESIAN_POINT ( 'NONE',  ( -3.935108105617389551, 510.6989469468044263, 23.62970090348453311 ) ) ;
#186 = CARTESIAN_POINT ( 'NONE',  ( 10.00000000000000888, 509.8099564205440402, 13.12500000000107470 ) ) ;
#187 = PLANE ( 'NONE',  #2608 ) ;
#188 = EDGE_CURVE ( 'NONE', #2426, #5696, #93, .T. ) ;
#189 = AXIS2_PLACEMENT_3D ( 'NONE', #1510, #5807, #598 ) ;
#190 = EDGE_CURVE ( 'NONE', #4869, #2468, #5700, .T. ) ;
#191 = ORIENTED_EDGE ( 'NONE', *, *, #5417, .F. ) ;
#192 = ORIENTED_EDGE ( 'NONE', *, *, #2902, .T. ) ;
#193 = CARTESIAN_POINT ( 'NONE',  ( 16.49999999999999645, 600.0000000000000000, 9.979274057836336809 ) ) ;
#194 = LINE ( 'NONE', #4255, #4764 ) ;
#195 = EDGE_CURVE ( 'NONE', #333, #734, #4955, .T. ) ;
#197 = CARTESIAN_POINT ( 'NONE',  ( -15.99999999999999645, 489.9999999999998863, -9.000000000000001776 ) ) ;
#196 = CARTESIAN_POINT ( 'NONE',  ( -3.935108105617389551, 590.8095595217644131, 23.62970090348453311 ) ) ;
#199 = DIRECTION ( 'NONE',  ( 0.000000000000000000, 0.000000000000000000, 1.000000000000000000 ) ) ;
#198 = CARTESIAN_POINT ( 'NONE',  ( 18.25000000000008527, 547.4769831201855368, -6.780563709337406486 ) ) ;
#200 = ORIENTED_EDGE ( 'NONE', *, *, #5802, .T. ) ;
#201 = EDGE_CURVE ( 'NONE', #558, #3511, #1183, .T. ) ;
#203 = FACE_OUTER_BOUND ( 'NONE', #5037, .T. ) ;
#202 = CARTESIAN_POINT ( 'NONE',  ( -19.68463783076807516, 530.2124212164854953, -0.5653621692320286440 ) ) ;
#204 = ORIENTED_EDGE ( 'NONE', *, *, #5397, .F. ) ;
#205 = LINE ( 'NONE', #1486, #3256 ) ;
#206 = ORIENTED_EDGE ( 'NONE', *, *, #996, .F. ) ;
#207 = LINE ( 'NONE', #1098, #1417 ) ;
#208 = ADVANCED_FACE ( 'NONE', ( #5507 ), #320, .F. ) ;
#209 = FACE_OUTER_BOUND ( 'NONE', #1429, .T. ) ;
#210 = CARTESIAN_POINT ( 'NONE',  ( -18.25000000000008527, 549.7269831201855368, -6.780563709337406486 ) ) ;
#211 = CARTESIAN_POINT ( 'NONE',  ( 10.00000000000000888, -10.00000000000045297, 13.12500000000107470 ) ) ;
#212 = DIRECTION ( 'NONE',  ( -0.8660254037844414832, 0.000000000000000000, 0.4999999999999950595 ) ) ;
#213 = ORIENTED_EDGE ( 'NONE', *, *, #3885, .T. ) ;
#214 = CLOSED_SHELL ( 'NONE', ( #1367, #4778, #1468, #3955, #2071, #970, #4140, #5425, #3832, #1764, #3754, #3054, #2742, #1516, #1498, #4862, #175, #5574, #1927, #3722, #3165, #5194, #4742, #3744, #5655, #2586, #2849, #4786, #404, #5949, #2494, #663, #4350, #593, #3487, #1339, #4822, #5314, #4886, #292, #5907, #2725, #2452, #5917, #5090, #4895, #4586, #4289, #4910, #2521, #5528, #4013, #1330, #469, #1081, #2040, #179, #2457, #4391, #3051, #5692, #1006, #4491, #4654, #3987, #3979, #2256, #4896, #4180, #4545, #4165, #6073, #5591, #2998, #4030, #5951, #5188, #4376, #803, #2149, #1362, #1258, #1884, #1299, #5304, #3863, #632, #2798, #5231, #4626, #4854, #103, #3382, #443, #3855, #5117, #73, #4365, #2441, #1393, #4050, #5377, #790, #3211, #1005, #4961, #5082, #1619, #5740, #2204, #5052, #3915, #3606, #2793, #681, #4497, #964, #215, #5580, #5869, #1841, #5077, #4964, #3801, #1957, #2747, #5337, #1635, #66, #4506, #2631, #3691, #1512, #3599, #670, #4608, #3648, #1088, #4975, #5365, #5340, #5729, #3794, #99, #5032, #2419, #4171, #1072, #1316, #5275, #3013, #2855, #1210, #2776, #3525, #5537, #5536, #1265, #2230, #2048, #1961, #5999, #809, #3680, #3944, #4058, #2486, #4445, #399, #3790, #747, #2333, #4466, #3278, #5497, #426, #208, #4316, #818, #4785, #1897, #4627, #6036, #4118, #506, #4919, #2875, #2862, #867, #3500, #990, #5801, #1411, #2867, #3350, #219, #5282, #550, #5730, #5529, #5445, #3205, #244, #3840, #600, #5681, #4066, #2519, #3157 ) ) ;
#215 = ADVANCED_FACE ( 'NONE', ( #3110 ), #4086, .F. ) ;
#216 = VERTEX_POINT ( 'NONE', #2671 ) ;
#217 = CARTESIAN_POINT ( 'NONE',  ( -16.50000000000000000, 600.0000000000000000, 9.979274057836338585 ) ) ;
#218 = DIRECTION ( 'NONE',  ( -1.000000000000000000, 0.000000000000000000, 6.938893903907228378E-16 ) ) ;
#219 = ADVANCED_FACE ( 'NONE', ( #2126 ), #2548, .F. ) ;
#220 = ORIENTED_EDGE ( 'NONE', *, *, #5024, .T. ) ;
#222 = DIRECTION ( 'NONE',  ( -0.000000000000000000, -0.8496919301565228899, -0.5272794551534153440 ) ) ;
#221 = PLANE ( 'NONE',  #1532 ) ;
#224 = LINE ( 'NONE', #4472, #241 ) ;
#223 = DIRECTION ( 'NONE',  ( -0.4768709627114711691, 0.3006265784832175547, 0.8259647360705590913 ) ) ;
#225 = VECTOR ( 'NONE', #4325, 1000.000000000000000 ) ;
#227 = DIRECTION ( 'NONE',  ( 0.000000000000000000, 0.000000000000000000, -1.000000000000000000 ) ) ;
#226 = DIRECTION ( 'NONE',  ( -1.000000000000000000, -1.383500721948037739E-16, -1.088838682103976535E-17 ) ) ;
#228 = ORIENTED_EDGE ( 'NONE', *, *, #1626, .F. ) ;
#229 = VECTOR ( 'NONE', #4101, 1000.000000000000000 ) ;
#230 = DIRECTION ( 'NONE',  ( -0.000000000000000000, 1.000000000000000000, -0.000000000000000000 ) ) ;
#231 = DIRECTION ( 'NONE',  ( 0.000000000000000000, 0.000000000000000000, 1.000000000000000000 ) ) ;
#232 = VECTOR ( 'NONE', #4177, 1000.000000000000000 ) ;
#233 = DIRECTION ( 'NONE',  ( 0.8660254037844415942, 0.000000000000000000, -0.4999999999999950595 ) ) ;
#234 = CARTESIAN_POINT ( 'NONE',  ( 8.051442841485993540, -10.00000000000045297, 16.49999999999942091 ) ) ;
#235 = CARTESIAN_POINT ( 'NONE',  ( -11.99999999999999645, 494.9999999999998863, -5.000000000000000000 ) ) ;
#236 = DIRECTION ( 'NONE',  ( -1.000000000000000000, 0.000000000000000000, 6.938893903907228378E-16 ) ) ;
#237 = VECTOR ( 'NONE', #4109, 1000.000000000000000 ) ;
#238 = CARTESIAN_POINT ( 'NONE',  ( 20.00000000000000000, 529.5113822919836366, -6.780131292220359266E-17 ) ) ;
#239 = EDGE_LOOP ( 'NONE', ( #4739, #5733, #1395, #2220 ) ) ;
#240 = EDGE_CURVE ( 'NONE', #2208, #1862, #729, .T. ) ;
#241 = VECTOR ( 'NONE', #2630, 1000.000000000000000 ) ;
#242 = ORIENTED_EDGE ( 'NONE', *, *, #4473, .F. ) ;
#243 = CARTESIAN_POINT ( 'NONE',  ( 10.00000000000000888, -10.00000000000045297, 13.12500000000107470 ) ) ;
#244 = ADVANCED_FACE ( 'NONE', ( #4985 ), #2215, .F. ) ;
#245 = CARTESIAN_POINT ( 'NONE',  ( -3.935108105617389551, 496.0931050782918419, 23.62970090348453311 ) ) ;
#246 = ORIENTED_EDGE ( 'NONE', *, *, #1808, .F. ) ;
#247 = AXIS2_PLACEMENT_3D ( 'NONE', #5880, #233, #4983 ) ;
#248 = EDGE_CURVE ( 'NONE', #4195, #1268, #1660, .T. ) ;
#249 = VERTEX_POINT ( 'NONE', #4455 ) ;
#251 = DIRECTION ( 'NONE',  ( 6.520427397917960799E-16, -0.3420201433256629953, 0.9396926207859104263 ) ) ;
#250 = LINE ( 'NONE', #1199, #1049 ) ;
#252 = EDGE_LOOP ( 'NONE', ( #5538, #328, #1030, #4995, #1601, #467, #1421, #1103, #3765 ) ) ;
#254 = CARTESIAN_POINT ( 'NONE',  ( -8.051442841485993540, 535.9096069451812809, 16.49999999999940314 ) ) ;
#253 = FACE_OUTER_BOUND ( 'NONE', #2869, .T. ) ;
#255 = EDGE_CURVE ( 'NONE', #2331, #3240, #2152, .T. ) ;
#256 = EDGE_CURVE ( 'NONE', #1274, #1013, #1198, .T. ) ;
#257 = VECTOR ( 'NONE', #4463, 1000.000000000000114 ) ;
#259 = CARTESIAN_POINT ( 'NONE',  ( 9.999999999999998224, 599.3453469454992728, 13.12500000000105160 ) ) ;
#258 = DIRECTION ( 'NONE',  ( -1.000000000000000000, 0.000000000000000000, 6.938893903907228378E-16 ) ) ;
#260 = EDGE_LOOP ( 'NONE', ( #4501, #1435, #3279, #2319 ) ) ;
#261 = VECTOR ( 'NONE', #3717, 1000.000000000000114 ) ;
#262 = CARTESIAN_POINT ( 'NONE',  ( 9.999999999999998224, 523.9471233455369656, 13.12500000000105160 ) ) ;
#263 = DIRECTION ( 'NONE',  ( 1.000000000000000000, 0.000000000000000000, -6.938893903907228378E-16 ) ) ;
#264 = AXIS2_PLACEMENT_3D ( 'NONE', #5800, #1084, #1587 ) ;
#266 = CARTESIAN_POINT ( 'NONE',  ( 10.00000000000000178, 522.7187238048891231, 16.49999999999940314 ) ) ;
#265 = CYLINDRICAL_SURFACE ( 'NONE', #5140, 6.000000000000005329 ) ;
#267 = FACE_OUTER_BOUND ( 'NONE', #3632, .T. ) ;
#268 = DIRECTION ( 'NONE',  ( 0.000000000000000000, -1.000000000000000000, 0.000000000000000000 ) ) ;
#269 = CARTESIAN_POINT ( 'NONE',  ( 20.00000000000000000, 529.5113822919836366, 0.000000000000000000 ) ) ;
#270 = ORIENTED_EDGE ( 'NONE', *, *, #442, .F. ) ;
#271 = VECTOR ( 'NONE', #3809, 1000.000000000000000 ) ;
#272 = EDGE_LOOP ( 'NONE', ( #3740, #609, #321, #4128, #713 ) ) ;
#273 = CIRCLE ( 'NONE', #3107, 6.000000000000005329 ) ;
#274 = ORIENTED_EDGE ( 'NONE', *, *, #327, .T. ) ;
#275 = CARTESIAN_POINT ( 'NONE',  ( 9.999999999999998224, 514.5223453955416062, 13.12500000000105160 ) ) ;
#276 = CARTESIAN_POINT ( 'NONE',  ( 8.483226407164680793, 527.7033155897562438, 15.75212892637067874 ) ) ;
#277 = ORIENTED_EDGE ( 'NONE', *, *, #357, .T. ) ;
#278 = EDGE_CURVE ( 'NONE', #1348, #5972, #5944, .T. ) ;
#279 = ORIENTED_EDGE ( 'NONE', *, *, #3271, .T. ) ;
#280 = EDGE_CURVE ( 'NONE', #491, #1388, #701, .T. ) ;
#282 = CARTESIAN_POINT ( 'NONE',  ( 10.00000000000000178, 498.2197399891504688, 16.52539999999935816 ) ) ;
#281 = DIRECTION ( 'NONE',  ( 0.000000000000000000, -1.000000000000000000, 0.000000000000000000 ) ) ;
#284 = DIRECTION ( 'NONE',  ( -1.000000000000000000, 0.000000000000000000, 6.938893903907228378E-16 ) ) ;
#283 = LINE ( 'NONE', #1711, #361 ) ;
#285 = EDGE_CURVE ( 'NONE', #3194, #1192, #5479, .T. ) ;
#287 = CARTESIAN_POINT ( 'NONE',  ( 18.25000000000008171, 531.9913463315091349, -2.000000000000026201 ) ) ;
#286 = DIRECTION ( 'NONE',  ( 6.520427397917960799E-16, -0.3420201433256629953, 0.9396926207859104263 ) ) ;
#288 = ORIENTED_EDGE ( 'NONE', *, *, #1941, .F. ) ;
#289 = DIRECTION ( 'NONE',  ( -0.4768709627114711691, 0.3006265784832175547, 0.8259647360705590913 ) ) ;
#290 = VERTEX_POINT ( 'NONE', #5387 ) ;
#291 = LINE ( 'NONE', #4507, #3658 ) ;
#292 = ADVANCED_FACE ( 'NONE', ( #3967 ), #1692, .T. ) ;
#294 = DIRECTION ( 'NONE',  ( -1.000000000000000000, 0.000000000000000000, 6.938893903907228378E-16 ) ) ;
#293 = CARTESIAN_POINT ( 'NONE',  ( 8.051442841485984658, 526.4848289951862625, 16.49999999999944222 ) ) ;
#295 = CARTESIAN_POINT ( 'NONE',  ( 10.00000000000000178, 593.4045584298537506, 16.49999999999940314 ) ) ;
#296 = CARTESIAN_POINT ( 'NONE',  ( 8.051442841485993540, -10.00000000000045297, 16.49999999999942091 ) ) ;
#297 = LINE ( 'NONE', #1579, #2415 ) ;
#298 = ORIENTED_EDGE ( 'NONE', *, *, #1560, .F. ) ;
#299 = ORIENTED_EDGE ( 'NONE', *, *, #5463, .T. ) ;
#300 = DIRECTION ( 'NONE',  ( -0.5096773720623348769, 0.8084792113654969414, 0.2942623679600510078 ) ) ;
#301 = PLANE ( 'NONE',  #5955 ) ;
#302 = ORIENTED_EDGE ( 'NONE', *, *, #3706, .T. ) ;
#303 = ORIENTED_EDGE ( 'NONE', *, *, #5893, .T. ) ;
#305 = DIRECTION ( 'NONE',  ( -6.520427397917960799E-16, -0.3420201433256629953, -0.9396926207859104263 ) ) ;
#304 = DIRECTION ( 'NONE',  ( 0.000000000000000000, 0.000000000000000000, -1.000000000000000000 ) ) ;
#306 = VECTOR ( 'NONE', #5176, 1000.000000000000000 ) ;
#308 = CARTESIAN_POINT ( 'NONE',  ( 10.00000000000000178, 555.6962017859223124, 16.52539999999935816 ) ) ;
#307 = CARTESIAN_POINT ( 'NONE',  ( -10.00000000000000178, 580.4957910455086676, 13.12500000000105160 ) ) ;
#309 = EDGE_CURVE ( 'NONE', #3412, #4713, #2651, .T. ) ;
#310 = VECTOR ( 'NONE', #3201, 1000.000000000000114 ) ;
#312 = PLANE ( 'NONE',  #4917 ) ;
#311 = LINE ( 'NONE', #3128, #2198 ) ;
#313 = ORIENTED_EDGE ( 'NONE', *, *, #3100, .T. ) ;
#314 = CARTESIAN_POINT ( 'NONE',  ( -10.00000000000000178, 501.6944845795500214, 13.12500000000105160 ) ) ;
#315 = CIRCLE ( 'NONE', #32, 2.249999999999863221 ) ;
#316 = EDGE_CURVE ( 'NONE', #3764, #5894, #2640, .T. ) ;
#317 = AXIS2_PLACEMENT_3D ( 'NONE', #3517, #3002, #4383 ) ;
#318 = DIRECTION ( 'NONE',  ( -0.3236155771181791763, 0.8891264907159913689, 0.3236155771181820073 ) ) ;
#320 = PLANE ( 'NONE',  #4617 ) ;
#319 = DIRECTION ( 'NONE',  ( -1.000000000000000000, 1.383500721948037739E-16, 1.088838682103976689E-17 ) ) ;
#321 = ORIENTED_EDGE ( 'NONE', *, *, #256, .T. ) ;
#322 = DIRECTION ( 'NONE',  ( -0.000000000000000000, 1.000000000000000000, -0.000000000000000000 ) ) ;
#323 = DIRECTION ( 'NONE',  ( 1.000000000000000000, 0.000000000000000000, -6.938893903907228378E-16 ) ) ;
#324 = DIRECTION ( 'NONE',  ( -2.373241487535934796E-16, -0.9396926207859096492, -0.3420201433256652157 ) ) ;
#325 = ORIENTED_EDGE ( 'NONE', *, *, #3397, .T. ) ;
#326 = VECTOR ( 'NONE', #1947, 1000.000000000000000 ) ;
#327 = EDGE_CURVE ( 'NONE', #4048, #3448, #2181, .T. ) ;
#328 = ORIENTED_EDGE ( 'NONE', *, *, #5247, .T. ) ;
#329 = AXIS2_PLACEMENT_3D ( 'NONE', #2113, #4941, #3520 ) ;
#330 = ORIENTED_EDGE ( 'NONE', *, *, #2263, .T. ) ;
#331 = CARTESIAN_POINT ( 'NONE',  ( -3.935108105617389551, 595.5219484967619792, 23.62970090348453311 ) ) ;
#332 = CARTESIAN_POINT ( 'NONE',  ( -16.49999999999999645, 600.0000000000000000, 7.020725942163696054 ) ) ;
#333 = VERTEX_POINT ( 'NONE', #1821 ) ;
#334 = VERTEX_POINT ( 'NONE', #3225 ) ;
#335 = AXIS2_PLACEMENT_3D ( 'NONE', #5549, #5174, #4181 ) ;
#336 = ORIENTED_EDGE ( 'NONE', *, *, #2148, .T. ) ;
#338 = LINE ( 'NONE', #1464, #1017 ) ;
#337 = CARTESIAN_POINT ( 'NONE',  ( 6.499999999999997335, 503.9999999999998863, 8.570725942163695876 ) ) ;
#339 = CIRCLE ( 'NONE', #4943, 2.250000000000002220 ) ;
#341 = CARTESIAN_POINT ( 'NONE',  ( 8.483226407164680793, 518.2785376397611117, 15.75212892637067874 ) ) ;
#340 = LINE ( 'NONE', #5964, #2506 ) ;
#342 = AXIS2_PLACEMENT_3D ( 'NONE', #528, #3921, #2446 ) ;
#344 = DIRECTION ( 'NONE',  ( -1.000000000000000000, 0.000000000000000000, -0.000000000000000000 ) ) ;
#343 = CARTESIAN_POINT ( 'NONE',  ( -10.25000000000008704, 562.4307431261825059, -5.603677273419772398 ) ) ;
#345 = VERTEX_POINT ( 'NONE', #4145 ) ;
#346 = ORIENTED_EDGE ( 'NONE', *, *, #4430, .F. ) ;
#347 = CARTESIAN_POINT ( 'NONE',  ( 10.25000000000000888, 600.6812739628613826, 7.527368129186190693 ) ) ;
#348 = EDGE_CURVE ( 'NONE', #1013, #1038, #3252, .T. ) ;
#349 = CIRCLE ( 'NONE', #2101, 2.249999999999974243 ) ;
#350 = AXIS2_PLACEMENT_3D ( 'NONE', #2199, #4439, #1647 ) ;
#351 = CARTESIAN_POINT ( 'NONE',  ( -3.935108105617389551, 538.9732807967902772, 23.62970090348453311 ) ) ;
#352 = EDGE_CURVE ( 'NONE', #1303, #6003, #5569, .T. ) ;
#354 = DIRECTION ( 'NONE',  ( -0.000000000000000000, 1.000000000000000000, -0.000000000000000000 ) ) ;
#353 = CARTESIAN_POINT ( 'NONE',  ( 9.999999999999998224, 509.8099564205440402, 13.12500000000105160 ) ) ;
#355 = VERTEX_POINT ( 'NONE', #5593 ) ;
#356 = DIRECTION ( 'NONE',  ( -0.4999999999999950040, 0.000000000000000000, -0.8660254037844414832 ) ) ;
#357 = EDGE_CURVE ( 'NONE', #3598, #395, #2336, .T. ) ;
#358 = CARTESIAN_POINT ( 'NONE',  ( -18.25000000000008527, 562.4307431261825059, -5.603677273419772398 ) ) ;
#359 = DIRECTION ( 'NONE',  ( -2.373241487535919019E-16, 0.9396926207859105373, -0.3420201433256630508 ) ) ;
#360 = EDGE_LOOP ( 'NONE', ( #802, #587, #4172, #494 ) ) ;
#361 = VECTOR ( 'NONE', #5838, 1000.000000000000000 ) ;
#362 = ORIENTED_EDGE ( 'NONE', *, *, #3570, .F. ) ;
#363 = EDGE_CURVE ( 'NONE', #3, #2935, #448, .T. ) ;
#364 = PLANE ( 'NONE',  #4644 ) ;
#365 = EDGE_CURVE ( 'NONE', #6061, #1274, #5410, .T. ) ;
#366 = VECTOR ( 'NONE', #4132, 1000.000000000000000 ) ;
#367 = CARTESIAN_POINT ( 'NONE',  ( 10.00000000000000888, -10.00000000000045297, 13.12500000000107470 ) ) ;
#368 = ORIENTED_EDGE ( 'NONE', *, *, #3045, .T. ) ;
#369 = VECTOR ( 'NONE', #5947, 1000.000000000000000 ) ;
#370 = ORIENTED_EDGE ( 'NONE', *, *, #3416, .F. ) ;
#371 = EDGE_CURVE ( 'NONE', #2164, #2865, #6038, .T. ) ;
#373 = LINE ( 'NONE', #3783, #1682 ) ;
#372 = DIRECTION ( 'NONE',  ( 6.938893903907228378E-16, 0.000000000000000000, 1.000000000000000000 ) ) ;
#375 = CARTESIAN_POINT ( 'NONE',  ( 9.999999999999998224, 566.3586241205157421, 13.12500000000105160 ) ) ;
#374 = LINE ( 'NONE', #4102, #1539 ) ;
#376 = CIRCLE ( 'NONE', #4381, 5.000000000000000000 ) ;
#378 = CARTESIAN_POINT ( 'NONE',  ( -3.935108105617389551, 501.2741689968091237, 23.62970090348453311 ) ) ;
#377 = FACE_OUTER_BOUND ( 'NONE', #1912, .T. ) ;
#379 = ORIENTED_EDGE ( 'NONE', *, *, #5383, .F. ) ;
#380 = CARTESIAN_POINT ( 'NONE',  ( 18.25000000000008527, 562.9014977005494984, -11.58518127581853818 ) ) ;
#381 = ORIENTED_EDGE ( 'NONE', *, *, #1110, .T. ) ;
#382 = EDGE_CURVE ( 'NONE', #5073, #51, #5105, .T. ) ;
#383 = EDGE_LOOP ( 'NONE', ( #302, #3509, #5051, #408 ) ) ;
#385 = CARTESIAN_POINT ( 'NONE',  ( -18.25000000000008171, 529.5113822919836366, -4.164807959046417441E-16 ) ) ;
#384 = FACE_OUTER_BOUND ( 'NONE', #1740, .T. ) ;
#386 = VERTEX_POINT ( 'NONE', #1385 ) ;
#387 = CARTESIAN_POINT ( 'NONE',  ( 10.00000000000000178, 599.9999999999998863, 16.49999999999940314 ) ) ;
#388 = CARTESIAN_POINT ( 'NONE',  ( 10.00000000000000178, 592.4675194891033243, 16.52539999999935816 ) ) ;
#389 = PLANE ( 'NONE',  #4081 ) ;
#390 = ORIENTED_EDGE ( 'NONE', *, *, #5502, .F. ) ;
#391 = EDGE_CURVE ( 'NONE', #3888, #2012, #4175, .T. ) ;
#392 = LINE ( 'NONE', #5633, #4642 ) ;
#393 = EDGE_LOOP ( 'NONE', ( #3558, #3544, #4137, #1738 ) ) ;
#394 = EDGE_LOOP ( 'NONE', ( #1672, #3751, #2004, #3068 ) ) ;
#395 = VERTEX_POINT ( 'NONE', #1785 ) ;
#396 = CARTESIAN_POINT ( 'NONE',  ( -14.99999999999999645, 600.0000000000000000, 15.00000000000000000 ) ) ;
#397 = PLANE ( 'NONE',  #3778 ) ;
#398 = ORIENTED_EDGE ( 'NONE', *, *, #4784, .T. ) ;
#399 = ADVANCED_FACE ( 'NONE', ( #5133 ), #972, .F. ) ;
#400 = ORIENTED_EDGE ( 'NONE', *, *, #4634, .F. ) ;
#401 = FACE_OUTER_BOUND ( 'NONE', #5985, .T. ) ;
#403 = DIRECTION ( 'NONE',  ( -0.000000000000000000, -1.000000000000000000, -0.000000000000000000 ) ) ;
#402 = DIRECTION ( 'NONE',  ( -6.520427397917960799E-16, -0.3420201433256629953, -0.9396926207859104263 ) ) ;
#404 = ADVANCED_FACE ( 'NONE', ( #504, #1849, #2800 ), #4200, .T. ) ;
#406 = LINE ( 'NONE', #378, #4821 ) ;
#405 = LINE ( 'NONE', #965, #5640 ) ;
#407 = ORIENTED_EDGE ( 'NONE', *, *, #4597, .F. ) ;
#408 = ORIENTED_EDGE ( 'NONE', *, *, #1141, .T. ) ;
#409 = CARTESIAN_POINT ( 'NONE',  ( 8.051442841485993540, 560.4178356048702199, 16.49999999999942091 ) ) ;
#410 = ORIENTED_EDGE ( 'NONE', *, *, #2232, .F. ) ;
#412 = CARTESIAN_POINT ( 'NONE',  ( 8.483226407164680793, 593.6767612397233052, 15.75212892637067874 ) ) ;
#411 = CARTESIAN_POINT ( 'NONE',  ( 9.999999999999998224, 534.6812074045335521, 13.12500000000105160 ) ) ;
#413 = EDGE_LOOP ( 'NONE', ( #1370, #5606, #5131, #985 ) ) ;
#414 = VECTOR ( 'NONE', #4209, 1000.000000000000000 ) ;
#415 = ORIENTED_EDGE ( 'NONE', *, *, #280, .F. ) ;
#416 = LINE ( 'NONE', #2864, #4522 ) ;
#417 = LINE ( 'NONE', #5192, #4876 ) ;
#418 = CARTESIAN_POINT ( 'NONE',  ( -3.935108105617389551, 576.2037176532518288, 23.62970090348453311 ) ) ;
#419 = VERTEX_POINT ( 'NONE', #908 ) ;
#420 = VECTOR ( 'NONE', #4414, 1000.000000000000114 ) ;
#421 = CARTESIAN_POINT ( 'NONE',  ( -10.25000000000008882, 565.5944198571030483, -10.70182885435895415 ) ) ;
#422 = ORIENTED_EDGE ( 'NONE', *, *, #1329, .F. ) ;
#423 = DIRECTION ( 'NONE',  ( -0.4999999999999965583, 0.000000000000000000, 0.8660254037844405950 ) ) ;
#424 = AXIS2_PLACEMENT_3D ( 'NONE', #2565, #3580, #5433 ) ;
#425 = DIRECTION ( 'NONE',  ( 1.000000000000000000, -1.383500721948037739E-16, -1.088838682103976689E-17 ) ) ;
#426 = ADVANCED_FACE ( 'NONE', ( #50 ), #4601, .F. ) ;
#427 = ORIENTED_EDGE ( 'NONE', *, *, #240, .T. ) ;
#428 = AXIS2_PLACEMENT_3D ( 'NONE', #3711, #1880, #2400 ) ;
#429 = ORIENTED_EDGE ( 'NONE', *, *, #2562, .T. ) ;
#430 = EDGE_CURVE ( 'NONE', #1196, #2834, #3771, .T. ) ;
#431 = FACE_OUTER_BOUND ( 'NONE', #4898, .T. ) ;
#432 = ORIENTED_EDGE ( 'NONE', *, *, #5156, .F. ) ;
#434 = FACE_OUTER_BOUND ( 'NONE', #2641, .T. ) ;
#433 = CARTESIAN_POINT ( 'NONE',  ( -10.25000000000008527, 547.4769831201855368, -6.780563709337406486 ) ) ;
#435 = EDGE_CURVE ( 'NONE', #5444, #1917, #4672, .T. ) ;
#436 = VECTOR ( 'NONE', #5038, 1000.000000000000114 ) ;
#437 = CIRCLE ( 'NONE', #3459, 2.249999999999995115 ) ;
#439 = DIRECTION ( 'NONE',  ( 6.520427397917960799E-16, -0.3420201433256629953, 0.9396926207859104263 ) ) ;
#438 = CARTESIAN_POINT ( 'NONE',  ( 10.00000000000000178, 502.9321289641482053, 16.52539999999935816 ) ) ;
#440 = VERTEX_POINT ( 'NONE', #3736 ) ;
#441 = DIRECTION ( 'NONE',  ( 6.938893903907228378E-16, 0.000000000000000000, 1.000000000000000000 ) ) ;
#442 = EDGE_CURVE ( 'NONE', #1307, #2899, #1420, .T. ) ;
#443 = ADVANCED_FACE ( 'NONE', ( #5168 ), #2706, .F. ) ;
#444 = VECTOR ( 'NONE', #3482, 1000.000000000000000 ) ;
#445 = AXIS2_PLACEMENT_3D ( 'NONE', #2901, #581, #2433 ) ;
#446 = ORIENTED_EDGE ( 'NONE', *, *, #501, .F. ) ;
#448 = LINE ( 'NONE', #1334, #3049 ) ;
#447 = CARTESIAN_POINT ( 'NONE',  ( 10.25000000000008704, 562.9014977005494984, -11.58518127581853818 ) ) ;
#449 = EDGE_LOOP ( 'NONE', ( #4231, #1531, #4364, #4070 ) ) ;
#450 = VECTOR ( 'NONE', #2205, 999.9999999999998863 ) ;
#451 = ORIENTED_EDGE ( 'NONE', *, *, #3908, .T. ) ;
#452 = DIRECTION ( 'NONE',  ( -1.000000000000000000, 0.000000000000000000, 6.938893903907228378E-16 ) ) ;
#453 = LINE ( 'NONE', #6008, #369 ) ;
#454 = VECTOR ( 'NONE', #1535, 1000.000000000000000 ) ;
#455 = CARTESIAN_POINT ( 'NONE',  ( -10.00000000000000178, 566.3586241205157421, 13.12500000000105160 ) ) ;
#456 = ORIENTED_EDGE ( 'NONE', *, *, #1581, .T. ) ;
#457 = DIRECTION ( 'NONE',  ( -6.938893903907228378E-16, 0.000000000000000000, -1.000000000000000000 ) ) ;
#458 = VECTOR ( 'NONE', #5737, 1000.000000000000000 ) ;
#459 = LINE ( 'NONE', #4649, #5460 ) ;
#460 = ORIENTED_EDGE ( 'NONE', *, *, #695, .F. ) ;
#461 = ORIENTED_EDGE ( 'NONE', *, *, #2821, .T. ) ;
#462 = VECTOR ( 'NONE', #4190, 1000.000000000000000 ) ;
#463 = CARTESIAN_POINT ( 'NONE',  ( 10.00000000000000178, 517.0692958891411308, 16.52539999999935816 ) ) ;
#464 = EDGE_LOOP ( 'NONE', ( #1593, #1496, #1228, #3449 ) ) ;
#466 = CARTESIAN_POINT ( 'NONE',  ( 19.99999999999999645, 600.0000000000000000, 12.28867513459481486 ) ) ;
#465 = CARTESIAN_POINT ( 'NONE',  ( 10.00000000000000178, 583.0427415391080785, 16.52539999999935816 ) ) ;
#467 = ORIENTED_EDGE ( 'NONE', *, *, #623, .T. ) ;
#468 = AXIS2_PLACEMENT_3D ( 'NONE', #125, #3846, #2437 ) ;
#469 = ADVANCED_FACE ( 'NONE', ( #203 ), #1094, .F. ) ;
#471 = FACE_OUTER_BOUND ( 'NONE', #5516, .T. ) ;
#470 = LINE ( 'NONE', #5531, #5339 ) ;
#472 = ORIENTED_EDGE ( 'NONE', *, *, #35, .T. ) ;
#473 = ORIENTED_EDGE ( 'NONE', *, *, #3543, .F. ) ;
#474 = PLANE ( 'NONE',  #5327 ) ;
#475 = AXIS2_PLACEMENT_3D ( 'NONE', #4471, #1289, #2081 ) ;
#476 = EDGE_CURVE ( 'NONE', #4946, #2863, #3314, .T. ) ;
#477 = VERTEX_POINT ( 'NONE', #2057 ) ;
#479 = CARTESIAN_POINT ( 'NONE',  ( -10.00000000000000178, -10.00000000000045297, 13.12500000000105160 ) ) ;
#478 = DIRECTION ( 'NONE',  ( 0.8660254037844415942, 0.000000000000000000, -0.4999999999999950595 ) ) ;
#480 = ORIENTED_EDGE ( 'NONE', *, *, #5847, .F. ) ;
#481 = CARTESIAN_POINT ( 'NONE',  ( -10.00000000000000178, 567.6679302295169691, 13.12500000000105160 ) ) ;
#482 = ORIENTED_EDGE ( 'NONE', *, *, #5041, .F. ) ;
#483 = DIRECTION ( 'NONE',  ( -1.000000000000000000, 0.000000000000000000, 6.938893903907228378E-16 ) ) ;
#484 = VERTEX_POINT ( 'NONE', #2859 ) ;
#485 = EDGE_CURVE ( 'NONE', #290, #4647, #1548, .T. ) ;
#486 = DIRECTION ( 'NONE',  ( -1.000000000000000000, 0.000000000000000000, 0.000000000000000000 ) ) ;
#487 = CARTESIAN_POINT ( 'NONE',  ( 9.999999999999998224, 506.4068735545475874, 13.12500000000105160 ) ) ;
#488 = CARTESIAN_POINT ( 'NONE',  ( 6.499999999999997335, 503.9999999999998863, 5.470725942163697120 ) ) ;
#489 = LINE ( 'NONE', #2933, #3093 ) ;
#490 = PLANE ( 'NONE',  #4555 ) ;
#491 = VERTEX_POINT ( 'NONE', #3377 ) ;
#492 = ORIENTED_EDGE ( 'NONE', *, *, #1434, .F. ) ;
#493 = DIRECTION ( 'NONE',  ( 0.000000000000000000, 0.000000000000000000, -1.000000000000000000 ) ) ;
#494 = ORIENTED_EDGE ( 'NONE', *, *, #1554, .T. ) ;
#496 = LINE ( 'NONE', #39, #1315 ) ;
#495 = PLANE ( 'NONE',  #1940 ) ;
#498 = LINE ( 'NONE', #5619, #1678 ) ;
#497 = DIRECTION ( 'NONE',  ( -0.8660254037844417052, 0.000000000000000000, -0.4999999999999947264 ) ) ;
#499 = ORIENTED_EDGE ( 'NONE', *, *, #2114, .F. ) ;
#500 = FACE_OUTER_BOUND ( 'NONE', #3870, .T. ) ;
#501 = EDGE_CURVE ( 'NONE', #2251, #2162, #3804, .T. ) ;
#502 = ORIENTED_EDGE ( 'NONE', *, *, #1358, .F. ) ;
#504 = FACE_OUTER_BOUND ( 'NONE', #5834, .T. ) ;
#503 = DIRECTION ( 'NONE',  ( 0.4768709627114696148, -0.3006265784832180543, 0.8259647360705598684 ) ) ;
#505 = ORIENTED_EDGE ( 'NONE', *, *, #5203, .F. ) ;
#506 = ADVANCED_FACE ( 'NONE', ( #4762 ), #2980, .F. ) ;
#507 = ORIENTED_EDGE ( 'NONE', *, *, #1438, .F. ) ;
#508 = LINE ( 'NONE', #4237, #4727 ) ;
#509 = VERTEX_POINT ( 'NONE', #3437 ) ;
#510 = DIRECTION ( 'NONE',  ( 0.000000000000000000, -1.000000000000000000, 0.000000000000000000 ) ) ;
#511 = EDGE_CURVE ( 'NONE', #4127, #2411, #1586, .T. ) ;
#512 = VECTOR ( 'NONE', #3996, 1000.000000000000114 ) ;
#513 = PLANE ( 'NONE',  #5136 ) ;
#514 = ORIENTED_EDGE ( 'NONE', *, *, #3919, .F. ) ;
#515 = ORIENTED_EDGE ( 'NONE', *, *, #5162, .T. ) ;
#516 = CARTESIAN_POINT ( 'NONE',  ( 10.25000000000008704, 560.1807431261826196, -5.603677273419772398 ) ) ;
#517 = CARTESIAN_POINT ( 'NONE',  ( 10.00000000000000178, 579.2581466609104837, 16.52539999999935816 ) ) ;
#518 = DIRECTION ( 'NONE',  ( 0.000000000000000000, -1.000000000000000000, 0.000000000000000000 ) ) ;
#519 = EDGE_CURVE ( 'NONE', #4927, #788, #1120, .T. ) ;
#520 = EDGE_CURVE ( 'NONE', #2802, #5474, #3343, .T. ) ;
#521 = ORIENTED_EDGE ( 'NONE', *, *, #737, .T. ) ;
#522 = VERTEX_POINT ( 'NONE', #173 ) ;
#523 = VERTEX_POINT ( 'NONE', #665 ) ;
#524 = VECTOR ( 'NONE', #647, 1000.000000000000000 ) ;
#525 = DIRECTION ( 'NONE',  ( -0.000000000000000000, 1.000000000000000000, -0.000000000000000000 ) ) ;
#527 = FACE_OUTER_BOUND ( 'NONE', #4622, .T. ) ;
#526 = CARTESIAN_POINT ( 'NONE',  ( 8.483226407164680793, 598.3891502147209849, 15.75212892637067874 ) ) ;
#529 = CARTESIAN_POINT ( 'NONE',  ( 10.25000000000000888, 529.5113822919836366, 0.000000000000000000 ) ) ;
#528 = CARTESIAN_POINT ( 'NONE',  ( 16.49999999999999645, 600.0000000000000000, 9.979274057836336809 ) ) ;
#530 = ORIENTED_EDGE ( 'NONE', *, *, #3127, .T. ) ;
#531 = AXIS2_PLACEMENT_3D ( 'NONE', #5686, #2425, #1544 ) ;
#532 = VERTEX_POINT ( 'NONE', #2454 ) ;
#534 = CARTESIAN_POINT ( 'NONE',  ( -10.00000000000000178, 556.9338461705204963, 13.12500000000105160 ) ) ;
#533 = DIRECTION ( 'NONE',  ( -0.000000000000000000, -1.000000000000000000, -0.000000000000000000 ) ) ;
#535 = VECTOR ( 'NONE', #2940, 1000.000000000000000 ) ;
#536 = ORIENTED_EDGE ( 'NONE', *, *, #1473, .F. ) ;
#538 = PLANE ( 'NONE',  #4224 ) ;
#537 = DIRECTION ( 'NONE',  ( -0.8660254037844407060, 0.000000000000000000, -0.4999999999999966138 ) ) ;
#539 = ORIENTED_EDGE ( 'NONE', *, *, #3869, .T. ) ;
#540 = ORIENTED_EDGE ( 'NONE', *, *, #754, .F. ) ;
#541 = DIRECTION ( 'NONE',  ( -1.000000000000000000, -1.383500721948037739E-16, -1.088838682103976689E-17 ) ) ;
#542 = AXIS2_PLACEMENT_3D ( 'NONE', #2735, #5568, #1848 ) ;
#543 = CARTESIAN_POINT ( 'NONE',  ( -10.00000000000000178, 528.6595123205345317, 13.12500000000105160 ) ) ;
#544 = ORIENTED_EDGE ( 'NONE', *, *, #2193, .T. ) ;
#545 = ORIENTED_EDGE ( 'NONE', *, *, #2298, .T. ) ;
#546 = EDGE_CURVE ( 'NONE', #174, #830, #4387, .T. ) ;
#547 = AXIS2_PLACEMENT_3D ( 'NONE', #4944, #4413, #286 ) ;
#548 = CARTESIAN_POINT ( 'NONE',  ( -18.25000000000008171, 529.5113822919836366, -4.164807959046417441E-16 ) ) ;
#549 = ORIENTED_EDGE ( 'NONE', *, *, #2547, .F. ) ;
#550 = ADVANCED_FACE ( 'NONE', ( #1570 ), #538, .F. ) ;
#551 = VERTEX_POINT ( 'NONE', #1032 ) ;
#552 = DIRECTION ( 'NONE',  ( -0.000000000000000000, 1.000000000000000000, -0.000000000000000000 ) ) ;
#553 = DIRECTION ( 'NONE',  ( 0.000000000000000000, -1.000000000000000000, 0.000000000000000000 ) ) ;
#554 = LINE ( 'NONE', #3786, #1631 ) ;
#555 = ORIENTED_EDGE ( 'NONE', *, *, #3312, .T. ) ;
#556 = VECTOR ( 'NONE', #5432, 1000.000000000000114 ) ;
#557 = EDGE_CURVE ( 'NONE', #5696, #216, #2396, .T. ) ;
#558 = VERTEX_POINT ( 'NONE', #1514 ) ;
#559 = EDGE_CURVE ( 'NONE', #5329, #5696, #575, .T. ) ;
#560 = CIRCLE ( 'NONE', #952, 6.000000000000005329 ) ;
#561 = CARTESIAN_POINT ( 'NONE',  ( -10.25000000000008704, 562.9014977005494984, -11.58518127581853818 ) ) ;
#563 = CARTESIAN_POINT ( 'NONE',  ( 10.00000000000000888, -10.00000000000045297, 13.12500000000107470 ) ) ;
#562 = DIRECTION ( 'NONE',  ( -0.4999999999999950040, 0.000000000000000000, -0.8660254037844414832 ) ) ;
#564 = VECTOR ( 'NONE', #5245, 1000.000000000000000 ) ;
#565 = EDGE_CURVE ( 'NONE', #4946, #3323, #5756, .T. ) ;
#567 = CARTESIAN_POINT ( 'NONE',  ( 18.25000000000008527, 547.9477376945526430, -12.76206771173615806 ) ) ;
#566 = DIRECTION ( 'NONE',  ( 0.000000000000000000, 0.7784085914587804966, -0.6277579666903139177 ) ) ;
#568 = ORIENTED_EDGE ( 'NONE', *, *, #2720, .F. ) ;
#570 = LINE ( 'NONE', #4724, #1118 ) ;
#569 = CARTESIAN_POINT ( 'NONE',  ( 10.00000000000000178, 527.4218679359363477, 16.52539999999935816 ) ) ;
#571 = VECTOR ( 'NONE', #5171, 1000.000000000000000 ) ;
#572 = ORIENTED_EDGE ( 'NONE', *, *, #5775, .T. ) ;
#573 = AXIS2_PLACEMENT_3D ( 'NONE', #3776, #1521, #5663 ) ;
#575 = LINE ( 'NONE', #5197, #225 ) ;
#574 = LINE ( 'NONE', #3376, #5939 ) ;
#576 = ORIENTED_EDGE ( 'NONE', *, *, #5017, .F. ) ;
#577 = ORIENTED_EDGE ( 'NONE', *, *, #4479, .T. ) ;
#578 = DIRECTION ( 'NONE',  ( 0.000000000000000000, 0.000000000000000000, -1.000000000000000000 ) ) ;
#579 = DIRECTION ( 'NONE',  ( 1.000000000000000000, 0.000000000000000000, -6.938893903907228378E-16 ) ) ;
#580 = VERTEX_POINT ( 'NONE', #83 ) ;
#581 = DIRECTION ( 'NONE',  ( 0.8660254037844415942, 0.000000000000000000, -0.4999999999999950595 ) ) ;
#582 = ORIENTED_EDGE ( 'NONE', *, *, #1886, .T. ) ;
#583 = CARTESIAN_POINT ( 'NONE',  ( 9.999999999999998224, 529.9688184295357587, 13.12500000000105160 ) ) ;
#584 = PLANE ( 'NONE',  #5813 ) ;
#585 = CARTESIAN_POINT ( 'NONE',  ( -18.25000000000008527, 545.2269831201855368, -6.780563709337406486 ) ) ;
#586 = CARTESIAN_POINT ( 'NONE',  ( 9.999999999999998224, 586.5174861295075743, 13.12500000000105160 ) ) ;
#587 = ORIENTED_EDGE ( 'NONE', *, *, #695, .T. ) ;
#588 = EDGE_CURVE ( 'NONE', #3930, #2865, #143, .T. ) ;
#589 = ORIENTED_EDGE ( 'NONE', *, *, #2291, .T. ) ;
#590 = LINE ( 'NONE', #2967, #2993 ) ;
#592 = LINE ( 'NONE', #2444, #5828 ) ;
#591 = DIRECTION ( 'NONE',  ( -1.000000000000000000, 1.383500721948037739E-16, 1.088838682103976689E-17 ) ) ;
#593 = ADVANCED_FACE ( 'NONE', ( #5293 ), #2892, .F. ) ;
#595 = CARTESIAN_POINT ( 'NONE',  ( 15.99999999999999645, 489.9999999999998863, -5.000000000000004441 ) ) ;
#594 = FACE_OUTER_BOUND ( 'NONE', #4704, .T. ) ;
#596 = VERTEX_POINT ( 'NONE', #287 ) ;
#597 = ORIENTED_EDGE ( 'NONE', *, *, #3974, .F. ) ;
#599 = LINE ( 'NONE', #995, #2380 ) ;
#598 = DIRECTION ( 'NONE',  ( 1.000000000000000000, 0.000000000000000000, -6.938893903907228378E-16 ) ) ;
#600 = ADVANCED_FACE ( 'NONE', ( #3989 ), #5473, .F. ) ;
#601 = ORIENTED_EDGE ( 'NONE', *, *, #3423, .T. ) ;
#603 = CARTESIAN_POINT ( 'NONE',  ( 15.13397459621555541, 600.0000000000000000, 15.00000000000000000 ) ) ;
#602 = DIRECTION ( 'NONE',  ( 0.8660254037844415942, 0.000000000000000000, -0.4999999999999950595 ) ) ;
#604 = ORIENTED_EDGE ( 'NONE', *, *, #1156, .F. ) ;
#605 = ORIENTED_EDGE ( 'NONE', *, *, #3800, .F. ) ;
#606 = CARTESIAN_POINT ( 'NONE',  ( 9.999999999999998224, 538.0842902705298911, 13.12500000000105160 ) ) ;
#607 = CARTESIAN_POINT ( 'NONE',  ( -18.25000000000008527, 560.1807431261826196, -5.603677273419772398 ) ) ;
#608 = DIRECTION ( 'NONE',  ( 0.4768709627114711691, 0.3006265784832175547, -0.8259647360705590913 ) ) ;
#609 = ORIENTED_EDGE ( 'NONE', *, *, #365, .T. ) ;
#610 = PLANE ( 'NONE',  #2070 ) ;
#611 = DIRECTION ( 'NONE',  ( -2.373241487535919019E-16, 0.9396926207859105373, -0.3420201433256630508 ) ) ;
#612 = PLANE ( 'NONE',  #2021 ) ;
#613 = LINE ( 'NONE', #649, #3005 ) ;
#614 = ORIENTED_EDGE ( 'NONE', *, *, #2069, .T. ) ;
#615 = VECTOR ( 'NONE', #3650, 1000.000000000000000 ) ;
#616 = EDGE_LOOP ( 'NONE', ( #4578, #5684, #3990, #3027 ) ) ;
#617 = EDGE_CURVE ( 'NONE', #2965, #1917, #1653, .T. ) ;
#618 = DIRECTION ( 'NONE',  ( -2.373241487535919019E-16, 0.9396926207859105373, -0.3420201433256630508 ) ) ;
#619 = AXIS2_PLACEMENT_3D ( 'NONE', #3129, #2572, #4979 ) ;
#621 = CARTESIAN_POINT ( 'NONE',  ( 20.00000000000000000, 489.9999999999998863, 0.000000000000000000 ) ) ;
#620 = DIRECTION ( 'NONE',  ( 1.000000000000000000, 0.000000000000000000, -6.938893903907228378E-16 ) ) ;
#622 = AXIS2_PLACEMENT_3D ( 'NONE', #2550, #2525, #2499 ) ;
#623 = EDGE_CURVE ( 'NONE', #880, #5149, #1628, .T. ) ;
#624 = EDGE_CURVE ( 'NONE', #1489, #3971, #722, .T. ) ;
#626 = LINE ( 'NONE', #2480, #1986 ) ;
#625 = FACE_OUTER_BOUND ( 'NONE', #2362, .T. ) ;
#627 = VERTEX_POINT ( 'NONE', #3554 ) ;
#629 = LINE ( 'NONE', #2484, #4043 ) ;
#628 = PLANE ( 'NONE',  #89 ) ;
#630 = VECTOR ( 'NONE', #452, 1000.000000000000000 ) ;
#631 = AXIS2_PLACEMENT_3D ( 'NONE', #2544, #1096, #86 ) ;
#632 = ADVANCED_FACE ( 'NONE', ( #787 ), #3585, .F. ) ;
#634 = CARTESIAN_POINT ( 'NONE',  ( 10.00000000000000178, 583.0334966951577371, 16.49999999999940314 ) ) ;
#633 = FACE_OUTER_BOUND ( 'NONE', #5005, .T. ) ;
#635 = VERTEX_POINT ( 'NONE', #4532 ) ;
#636 = EDGE_CURVE ( 'NONE', #635, #580, #2542, .T. ) ;
#637 = VERTEX_POINT ( 'NONE', #5406 ) ;
#638 = CARTESIAN_POINT ( 'NONE',  ( -8.051442841485993540, -10.00000000000045297, 16.49999999999940314 ) ) ;
#639 = PRODUCT_CONTEXT ( 'NONE', #1967, 'mechanical' ) ;
#640 = VERTEX_POINT ( 'NONE', #5439 ) ;
#641 = ORIENTED_EDGE ( 'NONE', *, *, #1372, .F. ) ;
#642 = CIRCLE ( 'NONE', #5926, 4.000000000000000000 ) ;
#643 = PLANE ( 'NONE',  #840 ) ;
#644 = ORIENTED_EDGE ( 'NONE', *, *, #188, .T. ) ;
#645 = DIRECTION ( 'NONE',  ( 6.520427397917960799E-16, -0.3420201433256629953, 0.9396926207859104263 ) ) ;
#646 = VECTOR ( 'NONE', #4783, 1000.000000000000114 ) ;
#647 = DIRECTION ( 'NONE',  ( -0.000000000000000000, 1.000000000000000000, -0.000000000000000000 ) ) ;
#648 = LINE ( 'NONE', #5361, #5666 ) ;
#649 = CARTESIAN_POINT ( 'NONE',  ( -10.00000000000000178, 561.6462351455180624, 13.12500000000105160 ) ) ;
#650 = ORIENTED_EDGE ( 'NONE', *, *, #3612, .T. ) ;
#651 = VERTEX_POINT ( 'NONE', #5004 ) ;
#652 = VECTOR ( 'NONE', #5356, 1000.000000000000000 ) ;
#653 = ORIENTED_EDGE ( 'NONE', *, *, #3424, .F. ) ;
#654 = LINE ( 'NONE', #5860, #2596 ) ;
#655 = AXIS2_PLACEMENT_3D ( 'NONE', #2031, #1599, #5228 ) ;
#656 = PLANE ( 'NONE',  #264 ) ;
#657 = VECTOR ( 'NONE', #281, 1000.000000000000000 ) ;
#659 = LINE ( 'NONE', #4226, #820 ) ;
#658 = CARTESIAN_POINT ( 'NONE',  ( 20.00000000000000000, 600.0000000000000000, -0.2500000000001224021 ) ) ;
#661 = DIRECTION ( 'NONE',  ( 0.000000000000000000, 1.000000000000000000, 0.000000000000000000 ) ) ;
#660 = CARTESIAN_POINT ( 'NONE',  ( 10.00000000000000178, 588.6829246109057294, 16.52539999999935816 ) ) ;
#662 = AXIS2_PLACEMENT_3D ( 'NONE', #4605, #994, #2643 ) ;
#663 = ADVANCED_FACE ( 'NONE', ( #5843 ), #2172, .T. ) ;
#665 = CARTESIAN_POINT ( 'NONE',  ( -10.00000000000000178, 561.6462351455180624, 13.12500000000105160 ) ) ;
#664 = LINE ( 'NONE', #142, #3664 ) ;
#666 = EDGE_LOOP ( 'NONE', ( #1190, #346, #5979, #4114 ) ) ;
#667 = VECTOR ( 'NONE', #928, 1000.000000000000000 ) ;
#668 = CARTESIAN_POINT ( 'NONE',  ( 8.476558116931318665, 489.9999999999998295, 15.76367874385447365 ) ) ;
#669 = ORIENTED_EDGE ( 'NONE', *, *, #3577, .T. ) ;
#670 = ADVANCED_FACE ( 'NONE', ( #2661 ), #4046, .F. ) ;
#671 = ORIENTED_EDGE ( 'NONE', *, *, #5146, .T. ) ;
#672 = AXIS2_PLACEMENT_3D ( 'NONE', #5978, #1338, #1757 ) ;
#673 = DIRECTION ( 'NONE',  ( -6.938893903907228378E-16, 0.000000000000000000, -1.000000000000000000 ) ) ;
#674 = DIRECTION ( 'NONE',  ( -2.373241487535919019E-16, 0.9396926207859105373, -0.3420201433256630508 ) ) ;
#675 = DIRECTION ( 'NONE',  ( 0.000000000000000000, 0.000000000000000000, -1.000000000000000000 ) ) ;
#676 = DIRECTION ( 'NONE',  ( -1.000000000000000000, 0.000000000000000000, 6.938893903907228378E-16 ) ) ;
#677 = DIRECTION ( 'NONE',  ( -0.4768709627114696148, -0.3006265784832180543, -0.8259647360705598684 ) ) ;
#678 = AXIS2_PLACEMENT_3D ( 'NONE', #388, #1906, #3766 ) ;
#679 = ORIENTED_EDGE ( 'NONE', *, *, #5711, .F. ) ;
#680 = ORIENTED_EDGE ( 'NONE', *, *, #5942, .F. ) ;
#681 = ADVANCED_FACE ( 'NONE', ( #2633 ), #312, .F. ) ;
#682 = EDGE_LOOP ( 'NONE', ( #4459, #5864 ) ) ;
#683 = CARTESIAN_POINT ( 'NONE',  ( 9.999999999999998224, 595.9422640795029338, 13.12500000000105160 ) ) ;
#684 = CARTESIAN_POINT ( 'NONE',  ( 16.49999999999999645, 600.0000000000000000, 9.979274057836336809 ) ) ;
#685 = ORIENTED_EDGE ( 'NONE', *, *, #690, .F. ) ;
#687 = LINE ( 'NONE', #2538, #1782 ) ;
#686 = CARTESIAN_POINT ( 'NONE',  ( 9.999999999999998224, 533.3719012955322114, 13.12500000000105160 ) ) ;
#689 = DIRECTION ( 'NONE',  ( 0.4768709627114711691, 0.3006265784832175547, -0.8259647360705590913 ) ) ;
#688 = PLANE ( 'NONE',  #189 ) ;
#690 = EDGE_CURVE ( 'NONE', #5972, #2650, #2206, .T. ) ;
#692 = LINE ( 'NONE', #1173, #3835 ) ;
#691 = LINE ( 'NONE', #5405, #4949 ) ;
#693 = ORIENTED_EDGE ( 'NONE', *, *, #3527, .T. ) ;
#694 = CARTESIAN_POINT ( 'NONE',  ( 18.25000000000008527, 547.4769831201855368, -6.780563709337406486 ) ) ;
#695 = EDGE_CURVE ( 'NONE', #3848, #637, #692, .T. ) ;
#696 =( LENGTH_UNIT ( ) NAMED_UNIT ( * ) SI_UNIT ( .MILLI., .METRE. ) );
#697 = ORIENTED_EDGE ( 'NONE', *, *, #5350, .T. ) ;
#698 = ORIENTED_EDGE ( 'NONE', *, *, #5548, .T. ) ;
#699 = DIRECTION ( 'NONE',  ( 0.4768709627114696148, -0.3006265784832180543, 0.8259647360705598684 ) ) ;
#700 = EDGE_CURVE ( 'NONE', #3250, #440, #5348, .T. ) ;
#701 = LINE ( 'NONE', #1212, #4417 ) ;
#702 = DIRECTION ( 'NONE',  ( -0.000000000000000000, -1.000000000000000000, -0.000000000000000000 ) ) ;
#703 = EDGE_CURVE ( 'NONE', #5499, #3341, #1600, .T. ) ;
#704 = CARTESIAN_POINT ( 'NONE',  ( 8.051442841485993540, 503.8691679048985748, 16.49999999999942091 ) ) ;
#705 = DIRECTION ( 'NONE',  ( 4.355945928196616298E-16, 0.7784085914587804966, -0.6277579666903139177 ) ) ;
#706 = EDGE_LOOP ( 'NONE', ( #5380, #200, #4970, #4292 ) ) ;
#707 = ORIENTED_EDGE ( 'NONE', *, *, #5992, .T. ) ;
#708 = ORIENTED_EDGE ( 'NONE', *, *, #2556, .T. ) ;
#709 = EDGE_CURVE ( 'NONE', #744, #1914, #2145, .T. ) ;
#710 = CARTESIAN_POINT ( 'NONE',  ( -3.935108105617389551, 590.3408845782448680, 23.62970090348453311 ) ) ;
#711 = EDGE_CURVE ( 'NONE', #2554, #491, #4476, .T. ) ;
#712 = LINE ( 'NONE', #2134, #4965 ) ;
#713 = ORIENTED_EDGE ( 'NONE', *, *, #5094, .T. ) ;
#714 = AXIS2_PLACEMENT_3D ( 'NONE', #5852, #1637, #294 ) ;
#716 = FACE_OUTER_BOUND ( 'NONE', #1533, .T. ) ;
#715 = CARTESIAN_POINT ( 'NONE',  ( 10.00000000000000178, 502.9228841201978071, 16.49999999999940314 ) ) ;
#718 = DIRECTION ( 'NONE',  ( -0.000000000000000000, -1.000000000000000000, -0.000000000000000000 ) ) ;
#717 = CARTESIAN_POINT ( 'NONE',  ( 9.999999999999998224, 511.1192625295453240, 13.12500000000105160 ) ) ;
#719 = AXIS2_PLACEMENT_3D ( 'NONE', #4573, #6002, #1483 ) ;
#720 = EDGE_LOOP ( 'NONE', ( #115, #121, #3472, #2589 ) ) ;
#722 = LINE ( 'NONE', #1267, #1878 ) ;
#721 = CARTESIAN_POINT ( 'NONE',  ( 9.999999999999998224, 525.2564294545381927, 13.12500000000105160 ) ) ;
#723 = EDGE_LOOP ( 'NONE', ( #2723, #5510, #4728, #3207 ) ) ;
#724 = CARTESIAN_POINT ( 'NONE',  ( 9.999999999999998224, 595.9422640795029338, 13.12500000000105160 ) ) ;
#725 = ORIENTED_EDGE ( 'NONE', *, *, #4977, .T. ) ;
#726 = VECTOR ( 'NONE', #4604, 1000.000000000000000 ) ;
#727 = CARTESIAN_POINT ( 'NONE',  ( -10.00000000000000178, 547.5090682205251369, 13.12500000000105160 ) ) ;
#729 = LINE ( 'NONE', #5912, #1872 ) ;
#728 = DIRECTION ( 'NONE',  ( 0.000000000000000000, -0.8496919301565230009, -0.5272794551534153440 ) ) ;
#730 = DIRECTION ( 'NONE',  ( 4.010821177732249965E-16, -0.9396926207859096492, -0.3420201433256652157 ) ) ;
#731 = CARTESIAN_POINT ( 'NONE',  ( 6.999999999999995559, 489.9999999999998863, -5.000000000000000000 ) ) ;
#732 = VECTOR ( 'NONE', #3098, 1000.000000000000114 ) ;
#733 = CARTESIAN_POINT ( 'NONE',  ( 19.49999999999999645, 599.9999999999998863, 14.49999999999999822 ) ) ;
#734 = VERTEX_POINT ( 'NONE', #1680 ) ;
#735 = EDGE_CURVE ( 'NONE', #4760, #1448, #1236, .T. ) ;
#736 = ORIENTED_EDGE ( 'NONE', *, *, #5641, .F. ) ;
#737 = EDGE_CURVE ( 'NONE', #1840, #509, #3674, .T. ) ;
#738 = VECTOR ( 'NONE', #5404, 1000.000000000000000 ) ;
#739 = EDGE_LOOP ( 'NONE', ( #3180, #3605, #3324, #2194 ) ) ;
#740 = ORIENTED_EDGE ( 'NONE', *, *, #4295, .T. ) ;
#741 = FACE_OUTER_BOUND ( 'NONE', #5669, .T. ) ;
#742 = DIRECTION ( 'NONE',  ( -0.000000000000000000, 1.000000000000000000, -0.000000000000000000 ) ) ;
#743 = CIRCLE ( 'NONE', #4366, 2.249999999999863221 ) ;
#744 = VERTEX_POINT ( 'NONE', #1414 ) ;
#745 = VECTOR ( 'NONE', #3708, 1000.000000000000000 ) ;
#746 = EDGE_CURVE ( 'NONE', #3213, #5492, #2823, .T. ) ;
#747 = ADVANCED_FACE ( 'NONE', ( #4106 ), #4167, .F. ) ;
#748 = ORIENTED_EDGE ( 'NONE', *, *, #3176, .T. ) ;
#749 = VECTOR ( 'NONE', #2979, 1000.000000000000000 ) ;
#751 = CARTESIAN_POINT ( 'NONE',  ( 6.499999999999997335, 503.9999999999998863, 7.020725942163696054 ) ) ;
#750 = PLANE ( 'NONE',  #1815 ) ;
#753 = DIRECTION ( 'NONE',  ( -2.373241487535919019E-16, -0.9396926207859105373, -0.3420201433256630508 ) ) ;
#752 = FACE_BOUND ( 'NONE', #1983, .T. ) ;
#754 = EDGE_CURVE ( 'NONE', #1840, #5675, #2238, .T. ) ;
#756 = DIRECTION ( 'NONE',  ( -1.000000000000000000, 0.000000000000000000, 6.938893903907228378E-16 ) ) ;
#755 = PLANE ( 'NONE',  #5443 ) ;
#757 = ORIENTED_EDGE ( 'NONE', *, *, #1739, .F. ) ;
#758 = VECTOR ( 'NONE', #1615, 1000.000000000000000 ) ;
#759 = ORIENTED_EDGE ( 'NONE', *, *, #285, .F. ) ;
#760 = CARTESIAN_POINT ( 'NONE',  ( -10.00000000000000178, 538.0842902705298911, 13.12500000000105160 ) ) ;
#761 = ORIENTED_EDGE ( 'NONE', *, *, #3237, .F. ) ;
#762 = DIRECTION ( 'NONE',  ( -1.000000000000000000, -1.383500721948037739E-16, -1.088838682103976535E-17 ) ) ;
#763 = AXIS2_PLACEMENT_3D ( 'NONE', #3453, #5369, #4966 ) ;
#765 = DIRECTION ( 'NONE',  ( -0.000000000000000000, 1.000000000000000000, -0.000000000000000000 ) ) ;
#764 = PLANE ( 'NONE',  #2984 ) ;
#766 = CARTESIAN_POINT ( 'NONE',  ( -10.00000000000000178, 511.1192625295453240, 13.12500000000105160 ) ) ;
#767 = CARTESIAN_POINT ( 'NONE',  ( 14.99999999999999645, 600.0000000000000000, 15.00000000000000000 ) ) ;
#768 = DIRECTION ( 'NONE',  ( 0.000000000000000000, 1.000000000000000000, 0.000000000000000000 ) ) ;
#769 = ORIENTED_EDGE ( 'NONE', *, *, #5773, .F. ) ;
#770 = AXIS2_PLACEMENT_3D ( 'NONE', #3204, #5597, #3255 ) ;
#771 = ORIENTED_EDGE ( 'NONE', *, *, #3689, .T. ) ;
#772 = EDGE_LOOP ( 'NONE', ( #5018, #2664 ) ) ;
#773 = VECTOR ( 'NONE', #3062, 1000.000000000000000 ) ;
#774 = LINE ( 'NONE', #4379, #5841 ) ;
#775 = FACE_OUTER_BOUND ( 'NONE', #260, .T. ) ;
#776 = EDGE_CURVE ( 'NONE', #3515, #3598, #5563, .T. ) ;
#777 = EDGE_LOOP ( 'NONE', ( #2808, #771, #4150, #3657 ) ) ;
#778 = ORIENTED_EDGE ( 'NONE', *, *, #255, .T. ) ;
#779 = ORIENTED_EDGE ( 'NONE', *, *, #4580, .F. ) ;
#780 = MANIFOLD_SOLID_BREP ( '6', #214 ) ;
#782 = LINE ( 'NONE', #2628, #3155 ) ;
#781 = FACE_OUTER_BOUND ( 'NONE', #5330, .T. ) ;
#784 = LINE ( 'NONE', #5839, #6025 ) ;
#783 = CARTESIAN_POINT ( 'NONE',  ( 10.00000000000000178, 503.8599230609481765, 16.52539999999935816 ) ) ;
#785 = EDGE_CURVE ( 'NONE', #1571, #1307, #498, .T. ) ;
#787 = FACE_OUTER_BOUND ( 'NONE', #4517, .T. ) ;
#786 = CARTESIAN_POINT ( 'NONE',  ( -3.935108105617389551, 581.3847815717690537, 23.62970090348453311 ) ) ;
#788 = VERTEX_POINT ( 'NONE', #2266 ) ;
#789 = CARTESIAN_POINT ( 'NONE',  ( -10.25000000000008527, 547.4769831201855368, -6.780563709337406486 ) ) ;
#790 = ADVANCED_FACE ( 'NONE', ( #3192 ), #876, .F. ) ;
#791 = DIRECTION ( 'NONE',  ( -0.000000000000000000, 1.000000000000000000, -0.000000000000000000 ) ) ;
#793 = DIRECTION ( 'NONE',  ( 0.4768709627114711691, 0.3006265784832175547, -0.8259647360705590913 ) ) ;
#792 = DIRECTION ( 'NONE',  ( -0.000000000000000000, 1.000000000000000000, -0.000000000000000000 ) ) ;
#794 = EDGE_LOOP ( 'NONE', ( #2440, #3555, #3142, #410 ) ) ;
#795 = CARTESIAN_POINT ( 'NONE',  ( 18.25000000000008882, 586.8686935486363154, 2.500000000000000444 ) ) ;
#796 = DIRECTION ( 'NONE',  ( -8.673617379884035472E-16, 0.000000000000000000, 1.000000000000000000 ) ) ;
#797 = FACE_OUTER_BOUND ( 'NONE', #4091, .T. ) ;
#798 = ORIENTED_EDGE ( 'NONE', *, *, #1941, .T. ) ;
#799 = ORIENTED_EDGE ( 'NONE', *, *, #4779, .F. ) ;
#800 = CARTESIAN_POINT ( 'NONE',  ( 9.999999999999998224, 575.7834020705109879, 13.12500000000105160 ) ) ;
#801 = LINE ( 'NONE', #2997, #3393 ) ;
#802 = ORIENTED_EDGE ( 'NONE', *, *, #881, .T. ) ;
#803 = ADVANCED_FACE ( 'NONE', ( #1747 ), #2789, .F. ) ;
#804 = VERTEX_POINT ( 'NONE', #4663 ) ;
#806 = CARTESIAN_POINT ( 'NONE',  ( 18.25000000000008171, 529.5113822919836366, -4.164807959046417441E-16 ) ) ;
#805 = FACE_OUTER_BOUND ( 'NONE', #1326, .T. ) ;
#808 = CARTESIAN_POINT ( 'NONE',  ( 9.999999999999998224, 539.3935963795311181, 13.12500000000105160 ) ) ;
#807 = DIRECTION ( 'NONE',  ( 1.000000000000000000, 0.000000000000000000, 0.000000000000000000 ) ) ;
#809 = ADVANCED_FACE ( 'NONE', ( #5587 ), #5035, .F. ) ;
#810 = AXIS2_PLACEMENT_3D ( 'NONE', #5734, #3934, #4802 ) ;
#811 = EDGE_CURVE ( 'NONE', #5087, #5913, #406, .T. ) ;
#813 = CARTESIAN_POINT ( 'NONE',  ( -10.00000000000000178, -10.00000000000045297, 13.12500000000105160 ) ) ;
#812 = CARTESIAN_POINT ( 'NONE',  ( -11.99999999999999645, 494.9999999999998863, -5.000000000000000000 ) ) ;
#814 = ORIENTED_EDGE ( 'NONE', *, *, #278, .F. ) ;
#815 = EDGE_LOOP ( 'NONE', ( #2414, #5450, #298, #30 ) ) ;
#816 = LINE ( 'NONE', #4982, #2376 ) ;
#817 = VECTOR ( 'NONE', #5190, 1000.000000000000000 ) ;
#818 = ADVANCED_FACE ( 'NONE', ( #471 ), #2329, .F. ) ;
#819 = EDGE_CURVE ( 'NONE', #2834, #862, #2447, .T. ) ;
#820 = VECTOR ( 'NONE', #42, 1000.000000000000000 ) ;
#821 = CARTESIAN_POINT ( 'NONE',  ( -16.49999999999999645, 600.0000000000000000, 7.279404685324008639 ) ) ;
#823 = DIRECTION ( 'NONE',  ( 1.000000000000000000, 0.000000000000000000, -6.938893903907228378E-16 ) ) ;
#822 = LINE ( 'NONE', #1300, #5632 ) ;
#824 = VERTEX_POINT ( 'NONE', #2918 ) ;
#825 = CARTESIAN_POINT ( 'NONE',  ( -10.25000000000008349, 543.7104353200437572, -11.45101525809007548 ) ) ;
#826 = CARTESIAN_POINT ( 'NONE',  ( 8.483226407164680793, 574.8272053397326999, 15.75212892637067874 ) ) ;
#827 = CARTESIAN_POINT ( 'NONE',  ( 10.00000000000000178, 587.7551305141057583, 16.52539999999935816 ) ) ;
#828 = ORIENTED_EDGE ( 'NONE', *, *, #1286, .T. ) ;
#829 = VECTOR ( 'NONE', #4301, 1000.000000000000000 ) ;
#830 = VERTEX_POINT ( 'NONE', #567 ) ;
#831 = VECTOR ( 'NONE', #5313, 1000.000000000000227 ) ;
#832 = ORIENTED_EDGE ( 'NONE', *, *, #2679, .T. ) ;
#833 = CARTESIAN_POINT ( 'NONE',  ( 10.00000000000000178, 565.1209797359175582, 16.52539999999935816 ) ) ;
#834 = DIRECTION ( 'NONE',  ( -0.000000000000000000, -1.000000000000000000, -0.000000000000000000 ) ) ;
#835 = EDGE_LOOP ( 'NONE', ( #4486, #3787, #4143, #4684 ) ) ;
#836 = AXIS2_PLACEMENT_3D ( 'NONE', #2987, #673, #2523 ) ;
#837 = EDGE_LOOP ( 'NONE', ( #3575, #5541, #2621, #671 ) ) ;
#839 = CARTESIAN_POINT ( 'NONE',  ( -8.051442841485993540, 565.1302245798678996, 16.49999999999940314 ) ) ;
#838 = CARTESIAN_POINT ( 'NONE',  ( 15.99999999999999645, 489.9999999999998863, -9.000000000000005329 ) ) ;
#840 = AXIS2_PLACEMENT_3D ( 'NONE', #548, #4367, #4833 ) ;
#842 = DIRECTION ( 'NONE',  ( -2.373241487535919019E-16, -0.9396926207859105373, -0.3420201433256630508 ) ) ;
#841 = CARTESIAN_POINT ( 'NONE',  ( 10.00000000000000178, 599.9999999999998863, 16.49999999999940314 ) ) ;
#843 = EDGE_CURVE ( 'NONE', #4449, #734, #3405, .T. ) ;
#844 = VECTOR ( 'NONE', #5755, 1000.000000000000000 ) ;
#846 = DIRECTION ( 'NONE',  ( 0.8660254037844415942, 0.000000000000000000, -0.4999999999999950595 ) ) ;
#845 = CARTESIAN_POINT ( 'NONE',  ( -10.25000000000008882, 586.8686935486363154, 2.500000000000000444 ) ) ;
#847 = ORIENTED_EDGE ( 'NONE', *, *, #4697, .T. ) ;
#848 = LINE ( 'NONE', #1176, #3163 ) ;
#849 = AXIS2_PLACEMENT_3D ( 'NONE', #871, #3187, #1863 ) ;
#850 = EDGE_CURVE ( 'NONE', #1179, #1039, #315, .T. ) ;
#851 = VECTOR ( 'NONE', #5368, 1000.000000000000000 ) ;
#852 = ORIENTED_EDGE ( 'NONE', *, *, #557, .F. ) ;
#854 = DIRECTION ( 'NONE',  ( -0.000000000000000000, 1.000000000000000000, -0.000000000000000000 ) ) ;
#853 = DIRECTION ( 'NONE',  ( -1.000000000000000000, 1.383500721948037739E-16, 1.088838682103976689E-17 ) ) ;
#855 = DIRECTION ( 'NONE',  ( 0.8660254037844415942, 0.000000000000000000, -0.4999999999999950595 ) ) ;
#856 = PLANE ( 'NONE',  #678 ) ;
#857 = LINE ( 'NONE', #2712, #3199 ) ;
#858 = EDGE_CURVE ( 'NONE', #3, #1136, #166, .T. ) ;
#859 = ORIENTED_EDGE ( 'NONE', *, *, #2148, .F. ) ;
#860 = AXIS2_PLACEMENT_3D ( 'NONE', #5520, #2812, #4682 ) ;
#861 = DIRECTION ( 'NONE',  ( -0.4768709627114696148, -0.3006265784832180543, -0.8259647360705598684 ) ) ;
#862 = VERTEX_POINT ( 'NONE', #3370 ) ;
#863 = VERTEX_POINT ( 'NONE', #3431 ) ;
#864 = LINE ( 'NONE', #4648, #261 ) ;
#865 = VECTOR ( 'NONE', #3139, 1000.000000000000114 ) ;
#866 = CARTESIAN_POINT ( 'NONE',  ( 16.49999999999999645, 489.9999999999998863, 9.979274057836336809 ) ) ;
#867 = ADVANCED_FACE ( 'NONE', ( #2422 ), #1023, .F. ) ;
#868 = EDGE_LOOP ( 'NONE', ( #4541, #3052 ) ) ;
#869 = ORIENTED_EDGE ( 'NONE', *, *, #2602, .T. ) ;
#870 = ORIENTED_EDGE ( 'NONE', *, *, #2291, .F. ) ;
#871 = CARTESIAN_POINT ( 'NONE',  ( 10.00000000000000178, 546.2714238359269530, 16.52539999999935816 ) ) ;
#873 = CARTESIAN_POINT ( 'NONE',  ( 8.483226407164680793, 555.9776494397420947, 15.75212892637067874 ) ) ;
#872 = PLANE ( 'NONE',  #3887 ) ;
#874 = AXIS2_PLACEMENT_3D ( 'NONE', #2483, #4355, #2027 ) ;
#876 = PLANE ( 'NONE',  #3243 ) ;
#875 = FACE_OUTER_BOUND ( 'NONE', #5595, .T. ) ;
#877 = ORIENTED_EDGE ( 'NONE', *, *, #2114, .T. ) ;
#878 = ORIENTED_EDGE ( 'NONE', *, *, #5680, .T. ) ;
#879 = LINE ( 'NONE', #3677, #3065 ) ;
#880 = VERTEX_POINT ( 'NONE', #529 ) ;
#881 = EDGE_CURVE ( 'NONE', #17, #3848, #1993, .T. ) ;
#883 = DIRECTION ( 'NONE',  ( 0.4768709627114711691, 0.3006265784832175547, -0.8259647360705590913 ) ) ;
#882 = DIRECTION ( 'NONE',  ( -0.4999999999999950040, 0.000000000000000000, -0.8660254037844414832 ) ) ;
#884 = EDGE_LOOP ( 'NONE', ( #3710, #5856, #167, #1454 ) ) ;
#885 = CARTESIAN_POINT ( 'NONE',  ( -19.99999999999999645, 600.0000000000000000, 12.00000000000000000 ) ) ;
#886 = DIRECTION ( 'NONE',  ( 0.000000000000000000, 0.000000000000000000, 1.000000000000000000 ) ) ;
#887 = LINE ( 'NONE', #2311, #4873 ) ;
#888 = ORIENTED_EDGE ( 'NONE', *, *, #4770, .F. ) ;
#889 = EDGE_CURVE ( 'NONE', #5462, #4265, #3896, .T. ) ;
#890 = CARTESIAN_POINT ( 'NONE',  ( -3.935108105617389551, 505.5178830282872582, 23.62970090348453311 ) ) ;
#891 = EDGE_CURVE ( 'NONE', #5557, #906, #2861, .T. ) ;
#892 = ORIENTED_EDGE ( 'NONE', *, *, #3716, .T. ) ;
#893 = CARTESIAN_POINT ( 'NONE',  ( -8.051442841485993540, 564.1839407951671319, 16.49999999999940314 ) ) ;
#894 = DIRECTION ( 'NONE',  ( 0.000000000000000000, -1.000000000000000000, 0.000000000000000000 ) ) ;
#895 = CARTESIAN_POINT ( 'NONE',  ( 8.483226407164680793, 504.1413707147680725, 15.75212892637067874 ) ) ;
#896 = EDGE_CURVE ( 'NONE', #5739, #4861, #1475, .T. ) ;
#897 = ORIENTED_EDGE ( 'NONE', *, *, #5397, .T. ) ;
#898 = EDGE_CURVE ( 'NONE', #4521, #3518, #1113, .T. ) ;
#899 = DIRECTION ( 'NONE',  ( 0.4768709627114696148, -0.3006265784832180543, 0.8259647360705598684 ) ) ;
#901 = FACE_OUTER_BOUND ( 'NONE', #5819, .T. ) ;
#900 = DIRECTION ( 'NONE',  ( 0.000000000000000000, -1.000000000000000000, 0.000000000000000000 ) ) ;
#903 = DIRECTION ( 'NONE',  ( 0.4768709627114696148, -0.3006265784832180543, 0.8259647360705598684 ) ) ;
#902 = CARTESIAN_POINT ( 'NONE',  ( 9.999999999999998224, 599.9999999999998863, 13.12500000000105160 ) ) ;
#904 = VERTEX_POINT ( 'NONE', #4291 ) ;
#905 = DIRECTION ( 'NONE',  ( -1.000000000000000000, 1.383500721948037739E-16, 1.088838682103976689E-17 ) ) ;
#906 = VERTEX_POINT ( 'NONE', #5289 ) ;
#908 = CARTESIAN_POINT ( 'NONE',  ( 8.051442841485993540, 518.0063348298914434, 16.49999999999942091 ) ) ;
#907 = CARTESIAN_POINT ( 'NONE',  ( -10.00000000000000178, -10.00000000000045297, 13.12500000000105160 ) ) ;
#909 = ORIENTED_EDGE ( 'NONE', *, *, #4697, .F. ) ;
#910 = VECTOR ( 'NONE', #3813, 1000.000000000000000 ) ;
#911 = ORIENTED_EDGE ( 'NONE', *, *, #2659, .F. ) ;
#912 = LINE ( 'NONE', #2339, #4832 ) ;
#913 = DIRECTION ( 'NONE',  ( -0.000000000000000000, 1.000000000000000000, -0.000000000000000000 ) ) ;
#914 = VERTEX_POINT ( 'NONE', #4353 ) ;
#915 =( GEOMETRIC_REPRESENTATION_CONTEXT ( 3 ) GLOBAL_UNCERTAINTY_ASSIGNED_CONTEXT ( ( #3645 ) ) GLOBAL_UNIT_ASSIGNED_CONTEXT ( ( #3703, #5532, #5127 ) ) REPRESENTATION_CONTEXT ( 'NONE', 'WORKASPACE' ) );
#916 = CARTESIAN_POINT ( 'NONE',  ( 8.051442841485993540, -10.00000000000045297, 16.49999999999942091 ) ) ;
#917 = ORIENTED_EDGE ( 'NONE', *, *, #2106, .F. ) ;
#918 = DIRECTION ( 'NONE',  ( -0.000000000000000000, -1.000000000000000000, -0.000000000000000000 ) ) ;
#919 = AXIS2_PLACEMENT_3D ( 'NONE', #4525, #5670, #1888 ) ;
#920 = EDGE_CURVE ( 'NONE', #1777, #5259, #5750, .T. ) ;
#921 = DIRECTION ( 'NONE',  ( -0.4999999999999950040, 0.000000000000000000, -0.8660254037844414832 ) ) ;
#922 = EDGE_LOOP ( 'NONE', ( #1813, #3266, #5220, #653 ) ) ;
#923 = ORIENTED_EDGE ( 'NONE', *, *, #2306, .F. ) ;
#924 = EDGE_CURVE ( 'NONE', #3764, #5556, #5714, .T. ) ;
#925 = ORIENTED_EDGE ( 'NONE', *, *, #2413, .T. ) ;
#926 = FACE_OUTER_BOUND ( 'NONE', #3295, .T. ) ;
#927 = VERTEX_POINT ( 'NONE', #4816 ) ;
#929 = CARTESIAN_POINT ( 'NONE',  ( 10.00000000000000178, 583.9705356359081634, 16.52539999999935816 ) ) ;
#928 = DIRECTION ( 'NONE',  ( -0.000000000000000000, 1.000000000000000000, -0.000000000000000000 ) ) ;
#930 = AXIS2_PLACEMENT_3D ( 'NONE', #789, #4082, #5971 ) ;
#931 = EDGE_CURVE ( 'NONE', #1164, #3059, #626, .T. ) ;
#932 = AXIS2_PLACEMENT_3D ( 'NONE', #929, #842, #1376 ) ;
#933 = CYLINDRICAL_SURFACE ( 'NONE', #3962, 0.5000000000000004441 ) ;
#934 = ORIENTED_EDGE ( 'NONE', *, *, #4806, .F. ) ;
#935 = FACE_OUTER_BOUND ( 'NONE', #4243, .T. ) ;
#936 = EDGE_CURVE ( 'NONE', #3806, #3344, #76, .T. ) ;
#937 = VECTOR ( 'NONE', #2579, 1000.000000000000000 ) ;
#938 = ORIENTED_EDGE ( 'NONE', *, *, #1401, .T. ) ;
#940 = CARTESIAN_POINT ( 'NONE',  ( 10.00000000000000888, -10.00000000000045297, 13.12500000000107470 ) ) ;
#939 = DIRECTION ( 'NONE',  ( 0.000000000000000000, -1.000000000000000000, 0.000000000000000000 ) ) ;
#941 = ORIENTED_EDGE ( 'NONE', *, *, #4098, .T. ) ;
#942 = AXIS2_PLACEMENT_3D ( 'NONE', #4136, #4692, #497 ) ;
#943 = ORIENTED_EDGE ( 'NONE', *, *, #4535, .F. ) ;
#944 = CARTESIAN_POINT ( 'NONE',  ( 8.483226407164680793, 545.0621820853070858, 15.75212892637067874 ) ) ;
#945 = CARTESIAN_POINT ( 'NONE',  ( 10.00000000000000888, -10.00000000000045297, 13.12500000000107470 ) ) ;
#946 = CARTESIAN_POINT ( 'NONE',  ( 18.25000000000008882, 565.5944198571030483, -10.70182885435895415 ) ) ;
#947 = DIRECTION ( 'NONE',  ( -0.000000000000000000, 1.000000000000000000, -0.000000000000000000 ) ) ;
#948 = ORIENTED_EDGE ( 'NONE', *, *, #4580, .T. ) ;
#949 = DIRECTION ( 'NONE',  ( -1.000000000000000000, 1.383500721948037739E-16, 1.088838682103976689E-17 ) ) ;
#950 = EDGE_CURVE ( 'NONE', #4216, #2647, #5683, .T. ) ;
#951 = LINE ( 'NONE', #5702, #5754 ) ;
#952 = AXIS2_PLACEMENT_3D ( 'NONE', #4549, #1735, #894 ) ;
#953 = DIRECTION ( 'NONE',  ( 0.8660254037844415942, 0.000000000000000000, -0.4999999999999950595 ) ) ;
#954 = ORIENTED_EDGE ( 'NONE', *, *, #924, .T. ) ;
#955 = ORIENTED_EDGE ( 'NONE', *, *, #3086, .T. ) ;
#956 = AXIS2_PLACEMENT_3D ( 'NONE', #3216, #2751, #2294 ) ;
#957 = EDGE_CURVE ( 'NONE', #975, #6061, #659, .T. ) ;
#958 = CARTESIAN_POINT ( 'NONE',  ( 9.999999999999998224, 533.3719012955322114, 13.12500000000105160 ) ) ;
#960 = DIRECTION ( 'NONE',  ( -0.000000000000000000, 1.000000000000000000, -0.000000000000000000 ) ) ;
#959 = CARTESIAN_POINT ( 'NONE',  ( 10.00000000000000888, -10.00000000000045297, 13.12500000000107470 ) ) ;
#961 = ORIENTED_EDGE ( 'NONE', *, *, #1895, .F. ) ;
#962 = AXIS2_PLACEMENT_3D ( 'NONE', #1466, #3327, #1012 ) ;
#963 = EDGE_CURVE ( 'NONE', #2650, #1136, #1904, .T. ) ;
#964 = ADVANCED_FACE ( 'NONE', ( #4755 ), #2599, .F. ) ;
#965 = CARTESIAN_POINT ( 'NONE',  ( -3.935108105617389551, 500.8054940532895785, 23.62970090348453311 ) ) ;
#966 = ORIENTED_EDGE ( 'NONE', *, *, #2900, .T. ) ;
#967 = AXIS2_PLACEMENT_3D ( 'NONE', #2953, #231, #1686 ) ;
#968 = LINE ( 'NONE', #3247, #3455 ) ;
#969 = ORIENTED_EDGE ( 'NONE', *, *, #2966, .T. ) ;
#970 = ADVANCED_FACE ( 'NONE', ( #3984 ), #4494, .F. ) ;
#972 = PLANE ( 'NONE',  #4024 ) ;
#971 = DIRECTION ( 'NONE',  ( -0.4999999999999950040, 0.000000000000000000, -0.8660254037844414832 ) ) ;
#973 = ORIENTED_EDGE ( 'NONE', *, *, #4283, .T. ) ;
#974 = CARTESIAN_POINT ( 'NONE',  ( -10.00000000000000178, 529.9688184295357587, 13.12500000000105160 ) ) ;
#975 = VERTEX_POINT ( 'NONE', #5837 ) ;
#976 = DIRECTION ( 'NONE',  ( 1.000000000000000000, 0.000000000000000000, -6.938893903907228378E-16 ) ) ;
#977 = ORIENTED_EDGE ( 'NONE', *, *, #3351, .T. ) ;
#978 = CARTESIAN_POINT ( 'NONE',  ( 15.99999999999999645, 494.9999999999998863, -5.000000000000004441 ) ) ;
#979 = ORIENTED_EDGE ( 'NONE', *, *, #5409, .F. ) ;
#980 = VERTEX_POINT ( 'NONE', #5896 ) ;
#981 = DIRECTION ( 'NONE',  ( 1.383500721948037739E-16, -1.000000000000000000, 0.000000000000000000 ) ) ;
#982 = DIRECTION ( 'NONE',  ( 0.000000000000000000, 1.000000000000000000, 0.000000000000000000 ) ) ;
#983 = DIRECTION ( 'NONE',  ( 6.520427397917960799E-16, -0.3420201433256629953, 0.9396926207859104263 ) ) ;
#984 = VERTEX_POINT ( 'NONE', #1648 ) ;
#985 = ORIENTED_EDGE ( 'NONE', *, *, #1546, .T. ) ;
#986 = ORIENTED_EDGE ( 'NONE', *, *, #3100, .F. ) ;
#987 = FACE_OUTER_BOUND ( 'NONE', #2907, .T. ) ;
#989 = LINE ( 'NONE', #2385, #153 ) ;
#988 = DIRECTION ( 'NONE',  ( 0.4768709627114711691, 0.3006265784832175547, -0.8259647360705590913 ) ) ;
#990 = ADVANCED_FACE ( 'NONE', ( #5806 ), #4999, .F. ) ;
#992 = CARTESIAN_POINT ( 'NONE',  ( -8.051442841485993540, -10.00000000000045297, 16.49999999999940314 ) ) ;
#991 = LINE ( 'NONE', #658, #3085 ) ;
#993 = VERTEX_POINT ( 'NONE', #5402 ) ;
#995 = CARTESIAN_POINT ( 'NONE',  ( 8.483226407164680793, 560.6900384147398881, 15.75212892637067874 ) ) ;
#994 = DIRECTION ( 'NONE',  ( -0.000000000000000000, -1.000000000000000000, -0.000000000000000000 ) ) ;
#996 = EDGE_CURVE ( 'NONE', #1914, #3806, #5374, .T. ) ;
#997 = EDGE_CURVE ( 'NONE', #1196, #5894, #4879, .T. ) ;
#998 = ORIENTED_EDGE ( 'NONE', *, *, #2043, .T. ) ;
#1000 = DIRECTION ( 'NONE',  ( -0.000000000000000000, 1.000000000000000000, -0.000000000000000000 ) ) ;
#999 = CARTESIAN_POINT ( 'NONE',  ( 8.051442841485993540, -10.00000000000045297, 16.49999999999942091 ) ) ;
#1001 = ORIENTED_EDGE ( 'NONE', *, *, #3577, .F. ) ;
#1002 = ORIENTED_EDGE ( 'NONE', *, *, #5225, .F. ) ;
#1003 = PLANE ( 'NONE',  #4930 ) ;
#1004 = CARTESIAN_POINT ( 'NONE',  ( -10.00000000000000178, 577.0927081795123286, 13.12500000000105160 ) ) ;
#1005 = ADVANCED_FACE ( 'NONE', ( #3061 ), #2139, .F. ) ;
#1006 = ADVANCED_FACE ( 'NONE', ( #1675 ), #3548, .F. ) ;
#1007 = AXIS2_PLACEMENT_3D ( 'NONE', #1043, #5299, #1951 ) ;
#1008 = CARTESIAN_POINT ( 'NONE',  ( -19.99999999999999645, 494.9999999999998863, -5.000000000000000000 ) ) ;
#1009 = ORIENTED_EDGE ( 'NONE', *, *, #3271, .F. ) ;
#1010 = CARTESIAN_POINT ( 'NONE',  ( -8.051442841485993540, 499.1567789299008382, 16.49999999999940314 ) ) ;
#1011 = DIRECTION ( 'NONE',  ( -1.000000000000000000, 0.000000000000000000, 6.938893903907228378E-16 ) ) ;
#1012 = DIRECTION ( 'NONE',  ( 0.000000000000000000, 0.000000000000000000, 1.000000000000000000 ) ) ;
#1013 = VERTEX_POINT ( 'NONE', #3950 ) ;
#1014 = AXIS2_PLACEMENT_3D ( 'NONE', #595, #5258, #4318 ) ;
#1015 = EDGE_CURVE ( 'NONE', #914, #627, #2167, .T. ) ;
#1016 = ORIENTED_EDGE ( 'NONE', *, *, #1329, .T. ) ;
#1017 = VECTOR ( 'NONE', #949, 1000.000000000000000 ) ;
#1018 = LINE ( 'NONE', #5212, #5940 ) ;
#1020 = LINE ( 'NONE', #2915, #1412 ) ;
#1019 = PLANE ( 'NONE',  #1826 ) ;
#1021 = VECTOR ( 'NONE', #1603, 1000.000000000000000 ) ;
#1023 = PLANE ( 'NONE',  #6010 ) ;
#1022 = LINE ( 'NONE', #1474, #5542 ) ;
#1024 = EDGE_LOOP ( 'NONE', ( #5981, #5093, #969, #5614 ) ) ;
#1025 = AXIS2_PLACEMENT_3D ( 'NONE', #5653, #3731, #4695 ) ;
#1026 = ORIENTED_EDGE ( 'NONE', *, *, #2341, .F. ) ;
#1028 = DIRECTION ( 'NONE',  ( -1.000000000000000000, 0.000000000000000000, 6.938893903907228378E-16 ) ) ;
#1027 = DIRECTION ( 'NONE',  ( -2.373241487535919019E-16, 0.9396926207859105373, -0.3420201433256630508 ) ) ;
#1029 = CIRCLE ( 'NONE', #4441, 2.249999999999863221 ) ;
#1030 = ORIENTED_EDGE ( 'NONE', *, *, #2121, .T. ) ;
#1032 = CARTESIAN_POINT ( 'NONE',  ( 8.051442841485993540, 579.2673915048608251, 16.49999999999942091 ) ) ;
#1031 = DIRECTION ( 'NONE',  ( 0.5316776134237900520, -0.6592706809558359637, 0.5316776134237846119 ) ) ;
#1033 = ORIENTED_EDGE ( 'NONE', *, *, #3884, .F. ) ;
#1034 = CARTESIAN_POINT ( 'NONE',  ( -8.051442841485993540, -10.00000000000045297, 16.49999999999940314 ) ) ;
#1035 = EDGE_CURVE ( 'NONE', #5704, #395, #4972, .T. ) ;
#1036 = VECTOR ( 'NONE', #3280, 1000.000000000000000 ) ;
#1037 = CARTESIAN_POINT ( 'NONE',  ( 9.999999999999998224, 566.3586241205157421, 13.12500000000105160 ) ) ;
#1038 = VERTEX_POINT ( 'NONE', #197 ) ;
#1039 = VERTEX_POINT ( 'NONE', #5467 ) ;
#1040 = VECTOR ( 'NONE', #82, 1000.000000000000114 ) ;
#1041 = PLANE ( 'NONE',  #445 ) ;
#1042 = ORIENTED_EDGE ( 'NONE', *, *, #2478, .T. ) ;
#1043 = CARTESIAN_POINT ( 'NONE',  ( 18.25000000000008527, 562.9014977005494984, -11.58518127581853818 ) ) ;
#1044 = DIRECTION ( 'NONE',  ( -0.8660254037844379305, 0.000000000000000000, 0.5000000000000011102 ) ) ;
#1045 = EDGE_CURVE ( 'NONE', #5975, #2364, #782, .T. ) ;
#1046 = PLANE ( 'NONE',  #2108 ) ;
#1047 = CARTESIAN_POINT ( 'NONE',  ( 10.00000000000000178, 578.3211077201600574, 16.49999999999940314 ) ) ;
#1048 = EDGE_LOOP ( 'NONE', ( #5757, #4950, #4897, #4368 ) ) ;
#1049 = VECTOR ( 'NONE', #3983, 1000.000000000000000 ) ;
#1050 = ORIENTED_EDGE ( 'NONE', *, *, #3931, .T. ) ;
#1051 = VECTOR ( 'NONE', #4992, 1000.000000000000114 ) ;
#1052 = EDGE_CURVE ( 'NONE', #5457, #2381, #5342, .T. ) ;
#1053 = DIRECTION ( 'NONE',  ( 0.4768709627114696148, -0.3006265784832180543, 0.8259647360705598684 ) ) ;
#1055 = DIRECTION ( 'NONE',  ( 0.000000000000000000, 0.9969173337331299622, 0.07845909572782017172 ) ) ;
#1054 = CARTESIAN_POINT ( 'NONE',  ( -10.25000000000008882, 586.8686935486363154, 2.500000000000000444 ) ) ;
#1056 = VECTOR ( 'NONE', #2161, 1000.000000000000114 ) ;
#1058 = DIRECTION ( 'NONE',  ( 0.8660254037844415942, 0.000000000000000000, -0.4999999999999950595 ) ) ;
#1057 = FACE_OUTER_BOUND ( 'NONE', #5236, .T. ) ;
#1059 = VERTEX_POINT ( 'NONE', #2510 ) ;
#1061 = CARTESIAN_POINT ( 'NONE',  ( -6.499999999999997335, 503.9999999999998863, 7.020725942163696054 ) ) ;
#1060 = CYLINDRICAL_SURFACE ( 'NONE', #5648, 6.000000000000005329 ) ;
#1062 = AXIS2_PLACEMENT_3D ( 'NONE', #21, #3348, #1882 ) ;
#1063 = VECTOR ( 'NONE', #4973, 1000.000000000000000 ) ;
#1065 = DIRECTION ( 'NONE',  ( -0.000000000000000000, 1.000000000000000000, -0.000000000000000000 ) ) ;
#1064 = LINE ( 'NONE', #5782, #844 ) ;
#1066 = ORIENTED_EDGE ( 'NONE', *, *, #4395, .T. ) ;
#1067 = ORIENTED_EDGE ( 'NONE', *, *, #4529, .F. ) ;
#1068 = DIRECTION ( 'NONE',  ( -0.000000000000000000, 1.000000000000000000, -0.000000000000000000 ) ) ;
#1069 = LINE ( 'NONE', #5234, #2815 ) ;
#1070 = ORIENTED_EDGE ( 'NONE', *, *, #4240, .T. ) ;
#1071 = ORIENTED_EDGE ( 'NONE', *, *, #391, .T. ) ;
#1072 = ADVANCED_FACE ( 'NONE', ( #1623 ), #3490, .F. ) ;
#1073 = DIRECTION ( 'NONE',  ( 1.000000000000000000, 0.000000000000000000, 0.000000000000000000 ) ) ;
#1074 = ORIENTED_EDGE ( 'NONE', *, *, #1087, .F. ) ;
#1075 = CARTESIAN_POINT ( 'NONE',  ( -10.00000000000000178, 585.2081800205063473, 13.12500000000105160 ) ) ;
#1076 = CARTESIAN_POINT ( 'NONE',  ( 8.051442841485993540, 565.1302245798678996, 16.49999999999942091 ) ) ;
#1077 = CARTESIAN_POINT ( 'NONE',  ( 10.00000000000000178, 599.9999999999998863, 16.49999999999940314 ) ) ;
#1078 = CARTESIAN_POINT ( 'NONE',  ( -19.99999999999999645, 593.7373870972729719, 5.000000000000000000 ) ) ;
#1079 = ORIENTED_EDGE ( 'NONE', *, *, #1701, .F. ) ;
#1080 = EDGE_CURVE ( 'NONE', #136, #1364, #687, .T. ) ;
#1081 = ADVANCED_FACE ( 'NONE', ( #716 ), #1169, .F. ) ;
#1082 = ORIENTED_EDGE ( 'NONE', *, *, #1666, .T. ) ;
#1083 = FACE_OUTER_BOUND ( 'NONE', #4036, .T. ) ;
#1085 = DIRECTION ( 'NONE',  ( 6.520427397917960799E-16, -0.3420201433256629953, 0.9396926207859104263 ) ) ;
#1084 = DIRECTION ( 'NONE',  ( -6.938893903907228378E-16, 0.000000000000000000, -1.000000000000000000 ) ) ;
#1086 = ORIENTED_EDGE ( 'NONE', *, *, #5068, .F. ) ;
#1087 = EDGE_CURVE ( 'NONE', #4934, #2331, #2111, .T. ) ;
#1088 = ADVANCED_FACE ( 'NONE', ( #2200 ), #5603, .T. ) ;
#1090 = CARTESIAN_POINT ( 'NONE',  ( 19.99999999999999645, 494.9999999999998863, -4.898587196589412237E-15 ) ) ;
#1089 = LINE ( 'NONE', #5310, #2104 ) ;
#1092 = DIRECTION ( 'NONE',  ( 0.000000000000000000, 0.000000000000000000, -1.000000000000000000 ) ) ;
#1091 = CARTESIAN_POINT ( 'NONE',  ( -10.25000000000008704, 562.4307431261825059, -5.603677273419772398 ) ) ;
#1094 = PLANE ( 'NONE',  #4515 ) ;
#1093 = LINE ( 'NONE', #2922, #1613 ) ;
#1095 = ORIENTED_EDGE ( 'NONE', *, *, #2528, .F. ) ;
#1096 = DIRECTION ( 'NONE',  ( 0.4999999999999951705, -0.000000000000000000, 0.8660254037844413721 ) ) ;
#1097 = CARTESIAN_POINT ( 'NONE',  ( -10.00000000000000178, 509.8099564205440402, 13.12500000000105160 ) ) ;
#1098 = CARTESIAN_POINT ( 'NONE',  ( 9.999999999999998224, 519.2347343705392859, 13.12500000000105160 ) ) ;
#1099 = CARTESIAN_POINT ( 'NONE',  ( 10.00000000000000178, 599.9999999999998863, 16.49999999999940314 ) ) ;
#1100 = CARTESIAN_POINT ( 'NONE',  ( 10.00000000000000178, 599.9999999999998863, 16.49999999999940314 ) ) ;
#1101 = DIRECTION ( 'NONE',  ( 0.000000000000000000, 0.000000000000000000, -1.000000000000000000 ) ) ;
#1102 = PLANE ( 'NONE',  #2704 ) ;
#1103 = ORIENTED_EDGE ( 'NONE', *, *, #936, .F. ) ;
#1104 = ORIENTED_EDGE ( 'NONE', *, *, #703, .T. ) ;
#1105 = VECTOR ( 'NONE', #1724, 1000.000000000000000 ) ;
#1106 = VERTEX_POINT ( 'NONE', #1922 ) ;
#1107 = DIRECTION ( 'NONE',  ( -1.000000000000000000, 1.383500721948037739E-16, 1.088838682103976535E-17 ) ) ;
#1108 = VECTOR ( 'NONE', #5265, 1000.000000000000000 ) ;
#1109 = DIRECTION ( 'NONE',  ( -6.520427397917960799E-16, -0.3420201433256629953, -0.9396926207859104263 ) ) ;
#1110 = EDGE_CURVE ( 'NONE', #2476, #5693, #139, .T. ) ;
#1111 = AXIS2_PLACEMENT_3D ( 'NONE', #3356, #5177, #981 ) ;
#1113 = LINE ( 'NONE', #135, #3639 ) ;
#1112 = DIRECTION ( 'NONE',  ( 0.000000000000000000, 0.000000000000000000, 1.000000000000000000 ) ) ;
#1115 = DIRECTION ( 'NONE',  ( 0.000000000000000000, 1.000000000000000000, 0.000000000000000000 ) ) ;
#1114 = DIRECTION ( 'NONE',  ( -6.520427397917960799E-16, -0.3420201433256629953, -0.9396926207859104263 ) ) ;
#1116 = EDGE_CURVE ( 'NONE', #5153, #3853, #5028, .T. ) ;
#1117 = VECTOR ( 'NONE', #2431, 1000.000000000000000 ) ;
#1118 = VECTOR ( 'NONE', #1479, 1000.000000000000000 ) ;
#1120 = LINE ( 'NONE', #4360, #5119 ) ;
#1119 = LINE ( 'NONE', #3409, #4061 ) ;
#1121 = ORIENTED_EDGE ( 'NONE', *, *, #190, .F. ) ;
#1122 = ORIENTED_EDGE ( 'NONE', *, *, #4820, .T. ) ;
#1123 = CARTESIAN_POINT ( 'NONE',  ( -10.00000000000000178, -10.00000000000045297, 13.12500000000105160 ) ) ;
#1124 = EDGE_CURVE ( 'NONE', #830, #4097, #338, .T. ) ;
#1125 = AXIS2_PLACEMENT_3D ( 'NONE', #71, #5286, #1085 ) ;
#1126 = VERTEX_POINT ( 'NONE', #1396 ) ;
#1127 = CARTESIAN_POINT ( 'NONE',  ( 9.999999999999998224, 580.4957910455086676, 13.12500000000105160 ) ) ;
#1128 = DIRECTION ( 'NONE',  ( -2.373241487535919019E-16, 0.9396926207859105373, -0.3420201433256630508 ) ) ;
#1129 = AXIS2_PLACEMENT_3D ( 'NONE', #2669, #3933, #3108 ) ;
#1130 = CARTESIAN_POINT ( 'NONE',  ( -18.25000000000008882, 565.5944198571030483, -10.70182885435895415 ) ) ;
#1131 = CARTESIAN_POINT ( 'NONE',  ( -10.25000000000008704, 562.4307431261825059, -5.603677273419772398 ) ) ;
#1132 = CARTESIAN_POINT ( 'NONE',  ( 9.999999999999998224, 544.1059853545287979, 13.12500000000105160 ) ) ;
#1133 = ORIENTED_EDGE ( 'NONE', *, *, #1434, .T. ) ;
#1134 = EDGE_LOOP ( 'NONE', ( #4546, #5997, #1748, #3011 ) ) ;
#1135 = AXIS2_PLACEMENT_3D ( 'NONE', #2948, #602, #1482 ) ;
#1136 = VERTEX_POINT ( 'NONE', #839 ) ;
#1137 = CARTESIAN_POINT ( 'NONE',  ( 10.00000000000000178, 489.9999999999998863, 15.76367874385446655 ) ) ;
#1138 = AXIS2_PLACEMENT_3D ( 'NONE', #2537, #2564, #304 ) ;
#1139 = DIRECTION ( 'NONE',  ( -1.000000000000000000, 1.383500721948037739E-16, 1.088838682103976535E-17 ) ) ;
#1140 = AXIS2_PLACEMENT_3D ( 'NONE', #3299, #2879, #2442 ) ;
#1141 = EDGE_CURVE ( 'NONE', #3250, #4756, #2870, .T. ) ;
#1142 = ORIENTED_EDGE ( 'NONE', *, *, #4618, .T. ) ;
#1144 = DIRECTION ( 'NONE',  ( 0.000000000000000000, 0.000000000000000000, -1.000000000000000000 ) ) ;
#1143 = CARTESIAN_POINT ( 'NONE',  ( 9.999999999999998224, 520.5440404795405129, 13.12500000000105160 ) ) ;
#1146 = CARTESIAN_POINT ( 'NONE',  ( -9.803847577293296922, 489.9999999999998863, 12.00000000000000000 ) ) ;
#1145 = CARTESIAN_POINT ( 'NONE',  ( -8.051442841485993540, 526.4848289951860352, 16.49999999999940314 ) ) ;
#1147 = VECTOR ( 'NONE', #5554, 1000.000000000000000 ) ;
#1148 = EDGE_CURVE ( 'NONE', #2504, #1179, #373, .T. ) ;
#1150 = CARTESIAN_POINT ( 'NONE',  ( 9.999999999999998224, 533.3719012955322114, 13.12500000000105160 ) ) ;
#1149 = CARTESIAN_POINT ( 'NONE',  ( 9.999999999999998224, 542.7966792455275709, 13.12500000000105160 ) ) ;
#1151 = VERTEX_POINT ( 'NONE', #488 ) ;
#1152 = VECTOR ( 'NONE', #3144, 1000.000000000000000 ) ;
#1153 = DIRECTION ( 'NONE',  ( -0.000000000000000000, 1.000000000000000000, -0.000000000000000000 ) ) ;
#1154 = VECTOR ( 'NONE', #4373, 1000.000000000000000 ) ;
#1155 = EDGE_CURVE ( 'NONE', #651, #2476, #4557, .T. ) ;
#1156 = EDGE_CURVE ( 'NONE', #5353, #1914, #5963, .T. ) ;
#1157 = LINE ( 'NONE', #5849, #2883 ) ;
#1158 = DIRECTION ( 'NONE',  ( -0.000000000000000000, 1.000000000000000000, -0.000000000000000000 ) ) ;
#1159 = CARTESIAN_POINT ( 'NONE',  ( -6.999999999999996447, 494.9999999999998863, 0.000000000000000000 ) ) ;
#1160 = PLANE ( 'NONE',  #5249 ) ;
#1161 = LINE ( 'NONE', #238, #5857 ) ;
#1162 = VECTOR ( 'NONE', #6, 1000.000000000000000 ) ;
#1163 = ORIENTED_EDGE ( 'NONE', *, *, #3156, .T. ) ;
#1164 = VERTEX_POINT ( 'NONE', #2408 ) ;
#1165 = LINE ( 'NONE', #5459, #170 ) ;
#1166 = PLANE ( 'NONE',  #3099 ) ;
#1167 = ORIENTED_EDGE ( 'NONE', *, *, #4997, .T. ) ;
#1169 = PLANE ( 'NONE',  #3732 ) ;
#1168 = CARTESIAN_POINT ( 'NONE',  ( -8.051442841485993540, 568.8963297701648116, 16.49999999999940314 ) ) ;
#1171 = CARTESIAN_POINT ( 'NONE',  ( 10.00000000000000888, -10.00000000000045297, 13.12500000000107470 ) ) ;
#1170 = FACE_BOUND ( 'NONE', #2779, .T. ) ;
#1173 = CARTESIAN_POINT ( 'NONE',  ( -3.935108105617389551, 547.9293838032660915, 23.62970090348453311 ) ) ;
#1172 = CARTESIAN_POINT ( 'NONE',  ( 20.00000000000000000, 529.8213777969244802, -0.2500000000001126876 ) ) ;
#1174 = EDGE_LOOP ( 'NONE', ( #499, #4599, #2429, #6029 ) ) ;
#1175 = EDGE_CURVE ( 'NONE', #3772, #1303, #2345, .T. ) ;
#1176 = CARTESIAN_POINT ( 'NONE',  ( 8.483226407164680793, 530.9250151603140466, 15.75212892637067874 ) ) ;
#1177 = DIRECTION ( 'NONE',  ( 0.000000000000000000, -1.000000000000000000, 0.000000000000000000 ) ) ;
#1178 = EDGE_CURVE ( 'NONE', #4168, #3660, #2469, .T. ) ;
#1179 = VERTEX_POINT ( 'NONE', #516 ) ;
#1180 = EDGE_LOOP ( 'NONE', ( #3039, #605, #973, #4913 ) ) ;
#1181 = LINE ( 'NONE', #351, #5437 ) ;
#1183 = LINE ( 'NONE', #4509, #512 ) ;
#1182 = CARTESIAN_POINT ( 'NONE',  ( 9.999999999999998224, 572.3803192045146488, 13.12500000000105160 ) ) ;
#1184 = FACE_OUTER_BOUND ( 'NONE', #5517, .T. ) ;
#1185 = DIRECTION ( 'NONE',  ( 0.000000000000000000, 0.000000000000000000, -1.000000000000000000 ) ) ;
#1186 = DIRECTION ( 'NONE',  ( -6.520427397917960799E-16, -0.3420201433256629953, -0.9396926207859104263 ) ) ;
#1187 = EDGE_CURVE ( 'NONE', #744, #3642, #1770, .T. ) ;
#1188 = EDGE_CURVE ( 'NONE', #1191, #1151, #5319, .T. ) ;
#1189 = EDGE_LOOP ( 'NONE', ( #911, #4967, #3647, #4002 ) ) ;
#1190 = ORIENTED_EDGE ( 'NONE', *, *, #4902, .F. ) ;
#1191 = VERTEX_POINT ( 'NONE', #2809 ) ;
#1192 = VERTEX_POINT ( 'NONE', #1742 ) ;
#1193 = CARTESIAN_POINT ( 'NONE',  ( 11.99999999999999645, 489.9999999999998863, -5.000000000000003553 ) ) ;
#1194 = FACE_OUTER_BOUND ( 'NONE', #1812, .T. ) ;
#1195 = EDGE_CURVE ( 'NONE', #2426, #993, #3291, .T. ) ;
#1196 = VERTEX_POINT ( 'NONE', #3814 ) ;
#1197 = ORIENTED_EDGE ( 'NONE', *, *, #1780, .T. ) ;
#1198 = CIRCLE ( 'NONE', #3631, 4.000000000000000888 ) ;
#1200 = DIRECTION ( 'NONE',  ( -1.000000000000000000, 0.000000000000000000, 0.000000000000000000 ) ) ;
#1199 = CARTESIAN_POINT ( 'NONE',  ( 8.051442841485993540, -10.00000000000045297, 16.49999999999942091 ) ) ;
#1202 = LINE ( 'NONE', #5376, #1604 ) ;
#1201 = FACE_OUTER_BOUND ( 'NONE', #449, .T. ) ;
#1204 = CARTESIAN_POINT ( 'NONE',  ( 10.00000000000000178, 599.9999999999998863, 16.49999999999940314 ) ) ;
#1203 = CARTESIAN_POINT ( 'NONE',  ( -10.24999999999998757, 506.1772654060168293, 2.775557561562891351E-14 ) ) ;
#1205 = ORIENTED_EDGE ( 'NONE', *, *, #1651, .F. ) ;
#1206 = AXIS2_PLACEMENT_3D ( 'NONE', #5853, #2989, #1980 ) ;
#1207 = CARTESIAN_POINT ( 'NONE',  ( 8.483226407164680793, 563.9117379852975773, 15.75212892637067874 ) ) ;
#1208 = AXIS2_PLACEMENT_3D ( 'NONE', #4575, #2127, #1304 ) ;
#1209 = CARTESIAN_POINT ( 'NONE',  ( 9.999999999999998224, 581.8050971545098946, 13.12500000000105160 ) ) ;
#1210 = ADVANCED_FACE ( 'NONE', ( #3325 ), #4211, .T. ) ;
#1212 = CARTESIAN_POINT ( 'NONE',  ( -10.00000000000000178, -10.00000000000045297, 13.12500000000105160 ) ) ;
#1211 = CARTESIAN_POINT ( 'NONE',  ( 10.00000000000000178, 599.9999999999998863, 16.49999999999940314 ) ) ;
#1213 = CARTESIAN_POINT ( 'NONE',  ( 8.051442841485993540, -10.00000000000045297, 16.49999999999942091 ) ) ;
#1214 = LINE ( 'NONE', #3046, #3856 ) ;
#1215 = AXIS2_PLACEMENT_3D ( 'NONE', #1511, #5291, #1092 ) ;
#1216 = CARTESIAN_POINT ( 'NONE',  ( -20.00000000000000000, 579.3131306451357432, -0.2500000000001066924 ) ) ;
#1217 = ORIENTED_EDGE ( 'NONE', *, *, #3940, .T. ) ;
#1218 = EDGE_LOOP ( 'NONE', ( #1343, #961, #5500, #213 ) ) ;
#1219 = VECTOR ( 'NONE', #2249, 1000.000000000000000 ) ;
#1220 = EDGE_CURVE ( 'NONE', #1538, #6005, #5701, .T. ) ;
#1221 = ORIENTED_EDGE ( 'NONE', *, *, #5566, .T. ) ;
#1222 = LINE ( 'NONE', #710, #257 ) ;
#1223 = FACE_OUTER_BOUND ( 'NONE', #1180, .T. ) ;
#1224 = CIRCLE ( 'NONE', #5455, 5.000000000000000000 ) ;
#1225 = ORIENTED_EDGE ( 'NONE', *, *, #3230, .F. ) ;
#1226 = AXIS2_PLACEMENT_3D ( 'NONE', #4421, #762, #3474 ) ;
#1227 = EDGE_CURVE ( 'NONE', #5555, #596, #5494, .T. ) ;
#1228 = ORIENTED_EDGE ( 'NONE', *, *, #858, .T. ) ;
#1229 = VECTOR ( 'NONE', #2891, 1000.000000000000114 ) ;
#1231 = CARTESIAN_POINT ( 'NONE',  ( 9.999999999999998224, 528.6595123205345317, 13.12500000000105160 ) ) ;
#1230 = LINE ( 'NONE', #5466, #4452 ) ;
#1233 = DIRECTION ( 'NONE',  ( -0.8660254037844414832, 0.000000000000000000, 0.4999999999999950595 ) ) ;
#1232 = DIRECTION ( 'NONE',  ( 0.000000000000000000, -1.000000000000000000, 0.000000000000000000 ) ) ;
#1234 = AXIS2_PLACEMENT_3D ( 'NONE', #4131, #4159, #1836 ) ;
#1236 = LINE ( 'NONE', #3102, #2270 ) ;
#1235 = LINE ( 'NONE', #5472, #1809 ) ;
#1237 = EDGE_LOOP ( 'NONE', ( #3625, #2563, #204, #52 ) ) ;
#1238 = VECTOR ( 'NONE', #4339, 1000.000000000000000 ) ;
#1239 = ORIENTED_EDGE ( 'NONE', *, *, #5053, .F. ) ;
#1240 = LINE ( 'NONE', #4450, #1894 ) ;
#1241 = DIRECTION ( 'NONE',  ( -0.4768709627114711691, 0.3006265784832175547, 0.8259647360705590913 ) ) ;
#1242 = VECTOR ( 'NONE', #4380, 1000.000000000000000 ) ;
#1244 = DIRECTION ( 'NONE',  ( 0.000000000000000000, -1.000000000000000000, 0.000000000000000000 ) ) ;
#1243 = CARTESIAN_POINT ( 'NONE',  ( -10.00000000000000178, 542.7966792455275709, 13.12500000000105160 ) ) ;
#1245 = ORIENTED_EDGE ( 'NONE', *, *, #2936, .F. ) ;
#1246 = CARTESIAN_POINT ( 'NONE',  ( 8.483226407164680793, 540.3497931103094061, 15.75212892637067874 ) ) ;
#1247 = CARTESIAN_POINT ( 'NONE',  ( 6.499999999999997335, 503.9999999999998863, 7.020725942163696054 ) ) ;
#1248 = DIRECTION ( 'NONE',  ( 0.8660254037844415942, 0.000000000000000000, -0.4999999999999950595 ) ) ;
#1249 = VERTEX_POINT ( 'NONE', #1010 ) ;
#1250 = AXIS2_PLACEMENT_3D ( 'NONE', #733, #768, #2991 ) ;
#1251 = EDGE_CURVE ( 'NONE', #5457, #6061, #2096, .T. ) ;
#1252 = ORIENTED_EDGE ( 'NONE', *, *, #4935, .T. ) ;
#1253 = VECTOR ( 'NONE', #4443, 1000.000000000000000 ) ;
#1254 = DIRECTION ( 'NONE',  ( -0.000000000000000000, 1.000000000000000000, -0.000000000000000000 ) ) ;
#1255 = DIRECTION ( 'NONE',  ( -6.938893903907228378E-16, 0.000000000000000000, 1.000000000000000000 ) ) ;
#1256 = EDGE_LOOP ( 'NONE', ( #888, #3392 ) ) ;
#1257 = EDGE_LOOP ( 'NONE', ( #2273, #4566, #3688, #1787, #2314 ) ) ;
#1258 = ADVANCED_FACE ( 'NONE', ( #5736 ), #5300, .F. ) ;
#1259 = ORIENTED_EDGE ( 'NONE', *, *, #4250, .T. ) ;
#1261 = CARTESIAN_POINT ( 'NONE',  ( -20.00000000000000000, 489.9999999999998863, 0.000000000000000000 ) ) ;
#1260 = FACE_OUTER_BOUND ( 'NONE', #666, .T. ) ;
#1263 = FACE_OUTER_BOUND ( 'NONE', #2240, .T. ) ;
#1262 = CARTESIAN_POINT ( 'NONE',  ( 10.00000000000000888, -10.00000000000045297, 13.12500000000107470 ) ) ;
#1264 = EDGE_CURVE ( 'NONE', #2761, #4126, #2014, .T. ) ;
#1265 = ADVANCED_FACE ( 'NONE', ( #4306 ), #3445, .T. ) ;
#1267 = CARTESIAN_POINT ( 'NONE',  ( 10.00000000000000888, -10.00000000000045297, 13.12500000000107470 ) ) ;
#1266 = DIRECTION ( 'NONE',  ( 0.000000000000000000, -1.000000000000000000, 0.000000000000000000 ) ) ;
#1268 = VERTEX_POINT ( 'NONE', #4423 ) ;
#1269 = ORIENTED_EDGE ( 'NONE', *, *, #1382, .F. ) ;
#1270 = LINE ( 'NONE', #5381, #5818 ) ;
#1271 = DIRECTION ( 'NONE',  ( 0.4768709627114711691, 0.3006265784832175547, -0.8259647360705590913 ) ) ;
#1273 = CARTESIAN_POINT ( 'NONE',  ( -18.25000000000008527, 547.4769831201855368, -6.780563709337406486 ) ) ;
#1272 = LINE ( 'NONE', #3167, #4151 ) ;
#1274 = VERTEX_POINT ( 'NONE', #235 ) ;
#1275 = PLANE ( 'NONE',  #3939 ) ;
#1276 = PLANE ( 'NONE',  #3773 ) ;
#1277 = CARTESIAN_POINT ( 'NONE',  ( 9.999999999999998224, 495.6727894955510578, 13.12500000000105160 ) ) ;
#1278 = ORIENTED_EDGE ( 'NONE', *, *, #1372, .T. ) ;
#1279 = ORIENTED_EDGE ( 'NONE', *, *, #5598, .F. ) ;
#1280 = VERTEX_POINT ( 'NONE', #1130 ) ;
#1281 = DIRECTION ( 'NONE',  ( 0.4768709627114711691, 0.3006265784832175547, -0.8259647360705590913 ) ) ;
#1282 = DIRECTION ( 'NONE',  ( -0.4999999999999965583, 0.000000000000000000, 0.8660254037844405950 ) ) ;
#1283 = EDGE_LOOP ( 'NONE', ( #3617, #5382, #6017, #2390 ) ) ;
#1284 = EDGE_LOOP ( 'NONE', ( #3777, #451, #1766, #4374 ) ) ;
#1285 = VERTEX_POINT ( 'NONE', #3910 ) ;
#1286 = EDGE_CURVE ( 'NONE', #3448, #4449, #2465, .T. ) ;
#1288 = CARTESIAN_POINT ( 'NONE',  ( 10.00000000000000178, 588.6921694548561845, 16.49999999999940314 ) ) ;
#1287 = LINE ( 'NONE', #5988, #3964 ) ;
#1290 = CARTESIAN_POINT ( 'NONE',  ( 9.999999999999998224, 599.9999999999998863, 12.11324865405191353 ) ) ;
#1289 = DIRECTION ( 'NONE',  ( 1.000000000000000000, 0.000000000000000000, -6.938893903907228378E-16 ) ) ;
#1291 = EDGE_CURVE ( 'NONE', #4521, #3652, #4229, .T. ) ;
#1293 = SURFACE_SIDE_STYLE ('',( #1354 ) ) ;
#1292 = CARTESIAN_POINT ( 'NONE',  ( -10.00000000000000178, 514.5223453955416062, 13.12500000000105160 ) ) ;
#1294 = VERTEX_POINT ( 'NONE', #4338 ) ;
#1295 = DIRECTION ( 'NONE',  ( 0.000000000000000000, -1.000000000000000000, 0.000000000000000000 ) ) ;
#1296 = AXIS2_PLACEMENT_3D ( 'NONE', #4193, #9, #5779 ) ;
#1297 = AXIS2_PLACEMENT_3D ( 'NONE', #3260, #4279, #94 ) ;
#1298 = EDGE_LOOP ( 'NONE', ( #5970, #4763, #92, #1580 ) ) ;
#1299 = ADVANCED_FACE ( 'NONE', ( #5792 ), #2932, .T. ) ;
#1301 = DIRECTION ( 'NONE',  ( 0.4768709627114711691, 0.3006265784832175547, -0.8259647360705590913 ) ) ;
#1300 = CARTESIAN_POINT ( 'NONE',  ( -10.00000000000000178, 556.9338461705204963, 13.12500000000105160 ) ) ;
#1302 = ORIENTED_EDGE ( 'NONE', *, *, #1052, .T. ) ;
#1303 = VERTEX_POINT ( 'NONE', #5767 ) ;
#1304 = DIRECTION ( 'NONE',  ( 0.000000000000000000, 0.000000000000000000, -1.000000000000000000 ) ) ;
#1305 = DIRECTION ( 'NONE',  ( 9.509955733224540092E-17, -0.7784085914587806077, 0.6277579666903138067 ) ) ;
#1306 = LINE ( 'NONE', #1277, #1545 ) ;
#1307 = VERTEX_POINT ( 'NONE', #4371 ) ;
#1308 = VECTOR ( 'NONE', #1424, 1000.000000000000000 ) ;
#1309 = PLANE ( 'NONE',  #2184 ) ;
#1310 = ORIENTED_EDGE ( 'NONE', *, *, #3424, .T. ) ;
#1311 = AXIS2_PLACEMENT_3D ( 'NONE', #2665, #3070, #4948 ) ;
#1312 = FACE_OUTER_BOUND ( 'NONE', #3329, .T. ) ;
#1313 = LINE ( 'NONE', #3182, #5850 ) ;
#1314 = ORIENTED_EDGE ( 'NONE', *, *, #2666, .F. ) ;
#1315 = VECTOR ( 'NONE', #403, 1000.000000000000000 ) ;
#1316 = ADVANCED_FACE ( 'NONE', ( #1556 ), #4803, .F. ) ;
#1317 = ORIENTED_EDGE ( 'NONE', *, *, #3494, .T. ) ;
#1318 = CARTESIAN_POINT ( 'NONE',  ( 9.999999999999998224, 556.9338461705204963, 13.12500000000105160 ) ) ;
#1319 = VECTOR ( 'NONE', #5790, 1000.000000000000000 ) ;
#1321 = PLANE ( 'NONE',  #4530 ) ;
#1320 = LINE ( 'NONE', #1899, #176 ) ;
#1322 = EDGE_CURVE ( 'NONE', #3308, #3642, #4397, .T. ) ;
#1323 = AXIS2_PLACEMENT_3D ( 'NONE', #438, #5158, #2237 ) ;
#1324 = LINE ( 'NONE', #845, #3569 ) ;
#1325 = ORIENTED_EDGE ( 'NONE', *, *, #4398, .F. ) ;
#1326 = EDGE_LOOP ( 'NONE', ( #2744, #2765, #2280, #4582 ) ) ;
#1327 = CARTESIAN_POINT ( 'NONE',  ( -10.00000000000000178, 585.2081800205063473, 13.12500000000105160 ) ) ;
#1328 = VECTOR ( 'NONE', #4900, 1000.000000000000000 ) ;
#1329 = EDGE_CURVE ( 'NONE', #1357, #1822, #4866, .T. ) ;
#1330 = ADVANCED_FACE ( 'NONE', ( #5360 ), #1526, .F. ) ;
#1331 = VECTOR ( 'NONE', #4743, 1000.000000000000114 ) ;
#1332 = VERTEX_POINT ( 'NONE', #210 ) ;
#1334 = CARTESIAN_POINT ( 'NONE',  ( -3.935108105617389551, 566.7789397032565830, 23.62970090348453311 ) ) ;
#1333 = CARTESIAN_POINT ( 'NONE',  ( -10.00000000000000178, 589.9205689955039134, 13.12500000000105160 ) ) ;
#1335 = ORIENTED_EDGE ( 'NONE', *, *, #2626, .F. ) ;
#1336 = DIRECTION ( 'NONE',  ( -1.000000000000000000, 0.000000000000000000, 6.938893903907228378E-16 ) ) ;
#1337 = CARTESIAN_POINT ( 'NONE',  ( -11.99999999999999645, 489.9999999999998863, -5.000000000000000000 ) ) ;
#1338 = DIRECTION ( 'NONE',  ( -1.000000000000000000, -1.383500721948037739E-16, -1.088838682103976535E-17 ) ) ;
#1339 = ADVANCED_FACE ( 'NONE', ( #3935 ), #584, .T. ) ;
#1340 = EDGE_CURVE ( 'NONE', #2890, #3359, #3843, .T. ) ;
#1341 = AXIS2_PLACEMENT_3D ( 'NONE', #433, #1442, #4558 ) ;
#1342 = LINE ( 'NONE', #2714, #1901 ) ;
#1343 = ORIENTED_EDGE ( 'NONE', *, *, #3023, .T. ) ;
#1344 = ORIENTED_EDGE ( 'NONE', *, *, #4846, .T. ) ;
#1345 = PLANE ( 'NONE',  #5552 ) ;
#1346 = AXIS2_PLACEMENT_3D ( 'NONE', #945, #3838, #5727 ) ;
#1347 = FACE_OUTER_BOUND ( 'NONE', #835, .T. ) ;
#1348 = VERTEX_POINT ( 'NONE', #1076 ) ;
#1349 = CYLINDRICAL_SURFACE ( 'NONE', #5256, 4.000000000000000000 ) ;
#1350 = EDGE_LOOP ( 'NONE', ( #5787, #5969, #5902, #4553 ) ) ;
#1352 = LINE ( 'NONE', #4162, #4939 ) ;
#1351 = CYLINDRICAL_SURFACE ( 'NONE', #956, 6.000000000000005329 ) ;
#1354 = SURFACE_STYLE_FILL_AREA ( #5995 ) ;
#1353 = FACE_OUTER_BOUND ( 'NONE', #4798, .T. ) ;
#1355 = EDGE_LOOP ( 'NONE', ( #5420, #4523, #2046, #5118, #5165, #381, #5354, #3286, #4504, #4650, #1985, #1405, #1971, #5101, #3782, #892, #5731, #1066, #5227, #5785, #5180 ) ) ;
#1356 = CARTESIAN_POINT ( 'NONE',  ( -16.49999999999999645, 600.0000000000000000, 7.020725942163696054 ) ) ;
#1357 = VERTEX_POINT ( 'NONE', #2435 ) ;
#1358 = EDGE_CURVE ( 'NONE', #2211, #1728, #2959, .T. ) ;
#1360 = CARTESIAN_POINT ( 'NONE',  ( -10.24999999999999467, 602.3214390226253272, -12.99667950403087602 ) ) ;
#1359 = CARTESIAN_POINT ( 'NONE',  ( -10.00000000000000178, -10.00000000000045297, 13.12500000000105160 ) ) ;
#1361 = DIRECTION ( 'NONE',  ( -1.000000000000000000, 1.383500721948037739E-16, 1.088838682103976689E-17 ) ) ;
#1362 = ADVANCED_FACE ( 'NONE', ( #267 ), #1275, .F. ) ;
#1363 = CARTESIAN_POINT ( 'NONE',  ( 10.00000000000000888, 495.6727894955510578, 13.12500000000107470 ) ) ;
#1364 = VERTEX_POINT ( 'NONE', #3080 ) ;
#1365 = CARTESIAN_POINT ( 'NONE',  ( -18.25000000000008527, 564.6807431261822785, -5.603677273419772398 ) ) ;
#1366 = EDGE_LOOP ( 'NONE', ( #4419, #5691, #192, #288 ) ) ;
#1367 = ADVANCED_FACE ( 'NONE', ( #2245 ), #5012, .F. ) ;
#1368 = FACE_OUTER_BOUND ( 'NONE', #5115, .T. ) ;
#1369 = CYLINDRICAL_SURFACE ( 'NONE', #3196, 2.249999999999995115 ) ;
#1370 = ORIENTED_EDGE ( 'NONE', *, *, #5797, .F. ) ;
#1371 = ORIENTED_EDGE ( 'NONE', *, *, #2076, .F. ) ;
#1372 = EDGE_CURVE ( 'NONE', #4690, #2646, #3997, .T. ) ;
#1373 = DIRECTION ( 'NONE',  ( -1.000000000000000000, 0.000000000000000000, 6.938893903907228378E-16 ) ) ;
#1374 = ORIENTED_EDGE ( 'NONE', *, *, #2382, .F. ) ;
#1376 = DIRECTION ( 'NONE',  ( 6.520427397917960799E-16, -0.3420201433256629953, 0.9396926207859104263 ) ) ;
#1375 = DIRECTION ( 'NONE',  ( -1.000000000000000000, 0.000000000000000000, 6.938893903907228378E-16 ) ) ;
#1378 = DIRECTION ( 'NONE',  ( -0.000000000000000000, 1.000000000000000000, -0.000000000000000000 ) ) ;
#1377 = LINE ( 'NONE', #1811, #3184 ) ;
#1379 = VERTEX_POINT ( 'NONE', #2642 ) ;
#1380 = DIRECTION ( 'NONE',  ( 0.5000000000000012212, 0.000000000000000000, -0.8660254037844380415 ) ) ;
#1381 = VECTOR ( 'NONE', #1244, 1000.000000000000000 ) ;
#1382 = EDGE_CURVE ( 'NONE', #2897, #1574, #5416, .T. ) ;
#1383 = ORIENTED_EDGE ( 'NONE', *, *, #442, .T. ) ;
#1385 = CARTESIAN_POINT ( 'NONE',  ( 19.99999999999999645, 489.9999999999998863, -5.000000000000005329 ) ) ;
#1384 = CARTESIAN_POINT ( 'NONE',  ( -8.051442841485993540, 554.7591628451717725, 16.49999999999940314 ) ) ;
#1386 = ORIENTED_EDGE ( 'NONE', *, *, #1035, .F. ) ;
#1387 = VECTOR ( 'NONE', #2088, 1000.000000000000000 ) ;
#1388 = VERTEX_POINT ( 'NONE', #5388 ) ;
#1389 = LINE ( 'NONE', #2832, #630 ) ;
#1390 = DIRECTION ( 'NONE',  ( 0.000000000000000000, 0.000000000000000000, -1.000000000000000000 ) ) ;
#1391 = ORIENTED_EDGE ( 'NONE', *, *, #4968, .T. ) ;
#1392 = VECTOR ( 'NONE', #5277, 1000.000000000000114 ) ;
#1393 = ADVANCED_FACE ( 'NONE', ( #1184 ), #5976, .T. ) ;
#1394 = DIRECTION ( 'NONE',  ( -0.000000000000000000, 1.000000000000000000, -0.000000000000000000 ) ) ;
#1395 = ORIENTED_EDGE ( 'NONE', *, *, #1035, .T. ) ;
#1396 = CARTESIAN_POINT ( 'NONE',  ( 10.00000000000000888, 556.9338461705204963, 13.12500000000107470 ) ) ;
#1397 = DIRECTION ( 'NONE',  ( -2.373241487535919019E-16, 0.9396926207859105373, -0.3420201433256630508 ) ) ;
#1398 = AXIS2_PLACEMENT_3D ( 'NONE', #1693, #3137, #4922 ) ;
#1399 = FACE_OUTER_BOUND ( 'NONE', #720, .T. ) ;
#1400 = ORIENTED_EDGE ( 'NONE', *, *, #4403, .F. ) ;
#1401 = EDGE_CURVE ( 'NONE', #3586, #3598, #5048, .T. ) ;
#1402 = CIRCLE ( 'NONE', #1215, 4.000000000000000888 ) ;
#1403 = VERTEX_POINT ( 'NONE', #825 ) ;
#1404 = DIRECTION ( 'NONE',  ( 0.000000000000000000, -1.000000000000000000, 0.000000000000000000 ) ) ;
#1405 = ORIENTED_EDGE ( 'NONE', *, *, #2382, .T. ) ;
#1407 = DIRECTION ( 'NONE',  ( -0.4768709627114711691, 0.3006265784832175547, 0.8259647360705590913 ) ) ;
#1406 = CARTESIAN_POINT ( 'NONE',  ( 9.999999999999998224, 490.9604005205534349, 13.12500000000105160 ) ) ;
#1408 = ORIENTED_EDGE ( 'NONE', *, *, #5235, .F. ) ;
#1409 = CIRCLE ( 'NONE', #3646, 1.549999999999999378 ) ;
#1410 = ORIENTED_EDGE ( 'NONE', *, *, #5719, .T. ) ;
#1411 = ADVANCED_FACE ( 'NONE', ( #3565 ), #1661, .F. ) ;
#1412 = VECTOR ( 'NONE', #3821, 1000.000000000000000 ) ;
#1414 = CARTESIAN_POINT ( 'NONE',  ( 16.49999999999999645, 599.2892859942739960, 7.020725942163696054 ) ) ;
#1413 = CARTESIAN_POINT ( 'NONE',  ( -19.99999999999999645, 600.0000000000000000, 15.00000000000000000 ) ) ;
#1415 = ORIENTED_EDGE ( 'NONE', *, *, #1175, .F. ) ;
#1416 = CARTESIAN_POINT ( 'NONE',  ( -18.25000000000008527, 562.4307431261825059, -5.603677273419772398 ) ) ;
#1417 = VECTOR ( 'NONE', #2063, 1000.000000000000000 ) ;
#1418 = ORIENTED_EDGE ( 'NONE', *, *, #1178, .F. ) ;
#1420 = LINE ( 'NONE', #3281, #23 ) ;
#1419 = DIRECTION ( 'NONE',  ( 0.8660254037844415942, 0.000000000000000000, -0.4999999999999950595 ) ) ;
#1421 = ORIENTED_EDGE ( 'NONE', *, *, #5671, .F. ) ;
#1422 = AXIS2_PLACEMENT_3D ( 'NONE', #1547, #537, #3833 ) ;
#1423 = EDGE_LOOP ( 'NONE', ( #5887, #5338, #2722, #814 ) ) ;
#1424 = DIRECTION ( 'NONE',  ( -0.000000000000000000, 1.000000000000000000, -0.000000000000000000 ) ) ;
#1425 = CARTESIAN_POINT ( 'NONE',  ( -16.50000000000000000, 489.9999999999998863, 9.979274057836338585 ) ) ;
#1426 = ORIENTED_EDGE ( 'NONE', *, *, #5924, .F. ) ;
#1427 = AXIS2_PLACEMENT_3D ( 'NONE', #4253, #5252, #4843 ) ;
#1428 = CARTESIAN_POINT ( 'NONE',  ( -18.25000000000008527, 562.9014977005494984, -11.58518127581853818 ) ) ;
#1429 = EDGE_LOOP ( 'NONE', ( #4361, #2252, #4438, #325 ) ) ;
#1430 = ORIENTED_EDGE ( 'NONE', *, *, #27, .T. ) ;
#1431 = DIRECTION ( 'NONE',  ( 0.000000000000000000, 1.000000000000000000, 0.000000000000000000 ) ) ;
#1432 = CARTESIAN_POINT ( 'NONE',  ( 18.25000000000008882, 586.8686935486363154, 2.500000000000000444 ) ) ;
#1433 = CARTESIAN_POINT ( 'NONE',  ( 8.051442841485993540, 546.2806686798772944, 16.49999999999942091 ) ) ;
#1434 = EDGE_CURVE ( 'NONE', #2102, #4048, #5914, .T. ) ;
#1435 = ORIENTED_EDGE ( 'NONE', *, *, #1857, .T. ) ;
#1436 = VECTOR ( 'NONE', #5854, 1000.000000000000000 ) ;
#1437 = ORIENTED_EDGE ( 'NONE', *, *, #5333, .F. ) ;
#1438 = EDGE_CURVE ( 'NONE', #249, #1268, #5511, .T. ) ;
#1439 = CIRCLE ( 'NONE', #4170, 6.000000000000005329 ) ;
#1440 = DIRECTION ( 'NONE',  ( 0.000000000000000000, -1.000000000000000000, 0.000000000000000000 ) ) ;
#1441 = VERTEX_POINT ( 'NONE', #5451 ) ;
#1443 = CARTESIAN_POINT ( 'NONE',  ( 8.483226407164680793, 521.5002372103188009, 15.75212892637067874 ) ) ;
#1442 = DIRECTION ( 'NONE',  ( -1.000000000000000000, -1.383500721948037739E-16, -1.088838682103976535E-17 ) ) ;
#1444 = EDGE_CURVE ( 'NONE', #345, #5570, #2083, .T. ) ;
#1445 = VECTOR ( 'NONE', #4458, 1000.000000000000000 ) ;
#1447 = DIRECTION ( 'NONE',  ( 1.172685660772096943E-15, 0.000000000000000000, -1.000000000000000000 ) ) ;
#1446 = FACE_OUTER_BOUND ( 'NONE', #3860, .T. ) ;
#1448 = VERTEX_POINT ( 'NONE', #766 ) ;
#1450 = CARTESIAN_POINT ( 'NONE',  ( 8.051442841485984658, 507.6352730951956005, 16.49999999999944222 ) ) ;
#1449 = DIRECTION ( 'NONE',  ( 0.000000000000000000, -1.000000000000000000, 0.000000000000000000 ) ) ;
#1451 = EDGE_CURVE ( 'NONE', #5704, #3515, #4057, .T. ) ;
#1452 = VECTOR ( 'NONE', #2600, 1000.000000000000000 ) ;
#1453 = EDGE_CURVE ( 'NONE', #1285, #4461, #2709, .T. ) ;
#1454 = ORIENTED_EDGE ( 'NONE', *, *, #843, .F. ) ;
#1456 = DIRECTION ( 'NONE',  ( -0.000000000000000000, 1.000000000000000000, -0.000000000000000000 ) ) ;
#1455 = CARTESIAN_POINT ( 'NONE',  ( -18.25000000000008171, 531.9913463315091349, -2.000000000000033751 ) ) ;
#1457 = EDGE_LOOP ( 'NONE', ( #1104, #5918, #3498, #4094 ) ) ;
#1458 = ORIENTED_EDGE ( 'NONE', *, *, #1291, .F. ) ;
#1459 = DIRECTION ( 'NONE',  ( -0.000000000000000000, 1.000000000000000000, -0.000000000000000000 ) ) ;
#1460 = EDGE_CURVE ( 'NONE', #2554, #3981, #3622, .T. ) ;
#1461 = DIRECTION ( 'NONE',  ( -1.000000000000000000, 0.000000000000000000, 6.938893903907228378E-16 ) ) ;
#1462 = LINE ( 'NONE', #5298, #3564 ) ;
#1463 = ORIENTED_EDGE ( 'NONE', *, *, #240, .F. ) ;
#1464 = CARTESIAN_POINT ( 'NONE',  ( 18.25000000000008527, 547.9477376945526430, -12.76206771173615806 ) ) ;
#1465 = LINE ( 'NONE', #2871, #5060 ) ;
#1466 = CARTESIAN_POINT ( 'NONE',  ( 15.99999999999999645, 489.9999999999998863, -5.000000000000004441 ) ) ;
#1467 = ORIENTED_EDGE ( 'NONE', *, *, #881, .F. ) ;
#1468 = ADVANCED_FACE ( 'NONE', ( #5481 ), #4115, .F. ) ;
#1469 = ORIENTED_EDGE ( 'NONE', *, *, #5720, .T. ) ;
#1470 = CARTESIAN_POINT ( 'NONE',  ( -16.50000000000000000, 600.0000000000000000, 9.979274057836338585 ) ) ;
#1472 = CARTESIAN_POINT ( 'NONE',  ( -10.00000000000000178, -10.00000000000045297, 13.12500000000105160 ) ) ;
#1471 = CARTESIAN_POINT ( 'NONE',  ( 9.999999999999998224, 571.0710130955133081, 13.12500000000105160 ) ) ;
#1473 = EDGE_CURVE ( 'NONE', #2208, #334, #6006, .T. ) ;
#1475 = LINE ( 'NONE', #3334, #4420 ) ;
#1474 = CARTESIAN_POINT ( 'NONE',  ( 10.00000000000000178, 535.9096069451812809, 16.49999999999940314 ) ) ;
#1476 = EDGE_LOOP ( 'NONE', ( #1892, #5429, #4467, #1642 ) ) ;
#1477 = ORIENTED_EDGE ( 'NONE', *, *, #1968, .T. ) ;
#1479 = DIRECTION ( 'NONE',  ( 1.000000000000000000, 1.383500721948037739E-16, 1.088838682103976689E-17 ) ) ;
#1478 = FACE_OUTER_BOUND ( 'NONE', #3121, .T. ) ;
#1480 = EDGE_CURVE ( 'NONE', #1448, #3448, #4986, .T. ) ;
#1481 = ORIENTED_EDGE ( 'NONE', *, *, #1382, .T. ) ;
#1483 = DIRECTION ( 'NONE',  ( 1.000000000000000000, 0.000000000000000000, -6.938893903907228378E-16 ) ) ;
#1482 = DIRECTION ( 'NONE',  ( -0.4999999999999950040, 0.000000000000000000, -0.8660254037844414832 ) ) ;
#1484 = ORIENTED_EDGE ( 'NONE', *, *, #1773, .T. ) ;
#1485 = ORIENTED_EDGE ( 'NONE', *, *, #3316, .F. ) ;
#1486 = CARTESIAN_POINT ( 'NONE',  ( -10.00000000000000178, -10.00000000000045297, 13.12500000000105160 ) ) ;
#1487 = LINE ( 'NONE', #2401, #271 ) ;
#1488 = ORIENTED_EDGE ( 'NONE', *, *, #1522, .T. ) ;
#1489 = VERTEX_POINT ( 'NONE', #5596 ) ;
#1490 = EDGE_CURVE ( 'NONE', #5475, #1348, #416, .T. ) ;
#1491 = PLANE ( 'NONE',  #3079 ) ;
#1492 = CARTESIAN_POINT ( 'NONE',  ( 10.25000000000008882, 586.8686935486363154, 2.500000000000000444 ) ) ;
#1493 = DIRECTION ( 'NONE',  ( 0.000000000000000000, -1.000000000000000000, 0.000000000000000000 ) ) ;
#1494 = PLANE ( 'NONE',  #4460 ) ;
#1495 = FACE_BOUND ( 'NONE', #682, .T. ) ;
#1496 = ORIENTED_EDGE ( 'NONE', *, *, #363, .F. ) ;
#1497 = PRESENTATION_LAYER_ASSIGNMENT (  '', '', ( #1673 ) ) ;
#1498 = ADVANCED_FACE ( 'NONE', ( #1852 ), #3318, .F. ) ;
#1499 = ORIENTED_EDGE ( 'NONE', *, *, #4997, .F. ) ;
#1500 = VECTOR ( 'NONE', #3636, 1000.000000000000000 ) ;
#1501 = CARTESIAN_POINT ( 'NONE',  ( 10.25000000000008527, 547.9477376945526430, -12.76206771173615806 ) ) ;
#1503 = DIRECTION ( 'NONE',  ( -0.4999999999999965583, 0.000000000000000000, 0.8660254037844405950 ) ) ;
#1502 = FACE_OUTER_BOUND ( 'NONE', #4492, .T. ) ;
#1504 = AXIS2_PLACEMENT_3D ( 'NONE', #5571, #5106, #4702 ) ;
#1506 = DIRECTION ( 'NONE',  ( -0.000000000000000000, 1.000000000000000000, -0.000000000000000000 ) ) ;
#1505 = CARTESIAN_POINT ( 'NONE',  ( 9.999999999999998224, 496.9820956045522848, 13.12500000000105160 ) ) ;
#1507 = ORIENTED_EDGE ( 'NONE', *, *, #5611, .T. ) ;
#1508 = VECTOR ( 'NONE', #5469, 1000.000000000000114 ) ;
#1509 = ORIENTED_EDGE ( 'NONE', *, *, #3960, .F. ) ;
#1511 = CARTESIAN_POINT ( 'NONE',  ( -15.99999999999999645, 494.9999999999998863, -5.000000000000000000 ) ) ;
#1510 = CARTESIAN_POINT ( 'NONE',  ( 9.999999999999998224, 580.4957910455086676, 13.12500000000105160 ) ) ;
#1512 = ADVANCED_FACE ( 'NONE', ( #5135 ), #1003, .F. ) ;
#1514 = CARTESIAN_POINT ( 'NONE',  ( -10.24999999999998757, 599.9999999999998863, 7.384009351497321738 ) ) ;
#1513 = CARTESIAN_POINT ( 'NONE',  ( 9.999999999999998224, 547.5090682205251369, 13.12500000000105160 ) ) ;
#1515 = ORIENTED_EDGE ( 'NONE', *, *, #1052, .F. ) ;
#1516 = ADVANCED_FACE ( 'NONE', ( #4204 ), #2277, .F. ) ;
#1517 = ORIENTED_EDGE ( 'NONE', *, *, #891, .F. ) ;
#1518 = CARTESIAN_POINT ( 'NONE',  ( 15.99999999999999645, 494.9999999999998863, -7.249999999999999112 ) ) ;
#1519 = VECTOR ( 'NONE', #2617, 1000.000000000000000 ) ;
#1520 = VECTOR ( 'NONE', #1634, 1000.000000000000000 ) ;
#1521 = DIRECTION ( 'NONE',  ( 6.938893903907228378E-16, 0.000000000000000000, 1.000000000000000000 ) ) ;
#1522 = EDGE_CURVE ( 'NONE', #4869, #484, #4146, .T. ) ;
#1523 = EDGE_LOOP ( 'NONE', ( #422, #4270, #5626, #5816 ) ) ;
#1524 = DIRECTION ( 'NONE',  ( 0.000000000000000000, 1.000000000000000000, 0.000000000000000000 ) ) ;
#1525 = DIRECTION ( 'NONE',  ( -6.520427397917960799E-16, -0.3420201433256629953, -0.9396926207859104263 ) ) ;
#1526 = PLANE ( 'NONE',  #2370 ) ;
#1527 = LINE ( 'NONE', #3326, #2292 ) ;
#1528 = CARTESIAN_POINT ( 'NONE',  ( 10.00000000000000178, 550.0560187141245478, 16.52539999999935816 ) ) ;
#1529 = EDGE_CURVE ( 'NONE', #5675, #440, #6041, .T. ) ;
#1530 = EDGE_CURVE ( 'NONE', #157, #5952, #4271, .T. ) ;
#1531 = ORIENTED_EDGE ( 'NONE', *, *, #5346, .F. ) ;
#1532 = AXIS2_PLACEMENT_3D ( 'NONE', #686, #2654, #4971 ) ;
#1533 = EDGE_LOOP ( 'NONE', ( #3600, #2950, #1590, #4285 ) ) ;
#1534 = VECTOR ( 'NONE', #4154, 1000.000000000000000 ) ;
#1535 = DIRECTION ( 'NONE',  ( -1.000000000000000000, 0.000000000000000000, 6.938893903907228378E-16 ) ) ;
#1537 = DIRECTION ( 'NONE',  ( -0.000000000000000000, 1.000000000000000000, -0.000000000000000000 ) ) ;
#1536 = DIRECTION ( 'NONE',  ( -0.4768709627114711691, 0.3006265784832175547, 0.8259647360705590913 ) ) ;
#1538 = VERTEX_POINT ( 'NONE', #974 ) ;
#1539 = VECTOR ( 'NONE', #900, 1000.000000000000000 ) ;
#1541 = CARTESIAN_POINT ( 'NONE',  ( 8.483226407164680793, 497.9382923353306296, 15.75212892637067874 ) ) ;
#1540 = FACE_OUTER_BOUND ( 'NONE', #4099, .T. ) ;
#1542 = ORIENTED_EDGE ( 'NONE', *, *, #1155, .F. ) ;
#1544 = DIRECTION ( 'NONE',  ( -1.000000000000000000, 0.000000000000000000, 6.938893903907228378E-16 ) ) ;
#1543 = DIRECTION ( 'NONE',  ( 0.4768709627114711691, 0.3006265784832175547, -0.8259647360705590913 ) ) ;
#1545 = VECTOR ( 'NONE', #5573, 1000.000000000000000 ) ;
#1546 = EDGE_CURVE ( 'NONE', #2634, #1280, #3653, .T. ) ;
#1548 = LINE ( 'NONE', #1970, #1108 ) ;
#1547 = CARTESIAN_POINT ( 'NONE',  ( 10.00000000000000888, -10.00000000000045297, 13.12500000000107470 ) ) ;
#1549 = ORIENTED_EDGE ( 'NONE', *, *, #4597, .T. ) ;
#1550 = ORIENTED_EDGE ( 'NONE', *, *, #4634, .T. ) ;
#1551 = DIRECTION ( 'NONE',  ( 0.000000000000000000, 1.000000000000000000, -0.000000000000000000 ) ) ;
#1552 = LINE ( 'NONE', #2459, #5464 ) ;
#1553 = CARTESIAN_POINT ( 'NONE',  ( -10.00000000000000178, 492.2697066295547188, 13.12500000000105160 ) ) ;
#1554 = EDGE_CURVE ( 'NONE', #5784, #17, #2803, .T. ) ;
#1555 = CARTESIAN_POINT ( 'NONE',  ( 9.999999999999998224, 561.6462351455180624, 13.12500000000105160 ) ) ;
#1556 = FACE_OUTER_BOUND ( 'NONE', #2536, .T. ) ;
#1557 = CARTESIAN_POINT ( 'NONE',  ( 9.999999999999996447, 599.9999999999998863, 7.384009351497280882 ) ) ;
#1558 = LINE ( 'NONE', #5770, #5166 ) ;
#1559 = ORIENTED_EDGE ( 'NONE', *, *, #5903, .T. ) ;
#1560 = EDGE_CURVE ( 'NONE', #906, #5557, #3551, .T. ) ;
#1561 = VERTEX_POINT ( 'NONE', #481 ) ;
#1562 = CARTESIAN_POINT ( 'NONE',  ( -10.00000000000000178, 575.7834020705109879, 13.12500000000105160 ) ) ;
#1563 = PLANE ( 'NONE',  #2212 ) ;
#1564 = EDGE_CURVE ( 'NONE', #3141, #4934, #912, .T. ) ;
#1566 = DIRECTION ( 'NONE',  ( -0.000000000000000000, 1.000000000000000000, -0.000000000000000000 ) ) ;
#1565 = PLANE ( 'NONE',  #4858 ) ;
#1568 = CARTESIAN_POINT ( 'NONE',  ( -6.499999999999997335, 503.9999999999998863, 7.020725942163696054 ) ) ;
#1567 = FACE_OUTER_BOUND ( 'NONE', #3010, .T. ) ;
#1570 = FACE_OUTER_BOUND ( 'NONE', #1791, .T. ) ;
#1569 = CARTESIAN_POINT ( 'NONE',  ( 8.051442841485993540, 574.5550025298632590, 16.49999999999942091 ) ) ;
#1571 = VERTEX_POINT ( 'NONE', #3739 ) ;
#1572 = LINE ( 'NONE', #724, #2663 ) ;
#1573 = EDGE_CURVE ( 'NONE', #183, #2890, #5628, .T. ) ;
#1574 = VERTEX_POINT ( 'NONE', #3284 ) ;
#1575 = LINE ( 'NONE', #2462, #5331 ) ;
#1576 = CARTESIAN_POINT ( 'NONE',  ( -10.00000000000000178, 505.0975674455463604, 13.12500000000105160 ) ) ;
#1577 = CARTESIAN_POINT ( 'NONE',  ( 18.25000000000008527, 547.4769831201855368, -6.780563709337406486 ) ) ;
#1578 = CARTESIAN_POINT ( 'NONE',  ( 9.999999999999998224, 528.6595123205345317, 13.12500000000105160 ) ) ;
#1579 = CARTESIAN_POINT ( 'NONE',  ( 8.483226407164680793, 551.2652604647445287, 15.75212892637067874 ) ) ;
#1580 = ORIENTED_EDGE ( 'NONE', *, *, #4436, .T. ) ;
#1581 = EDGE_CURVE ( 'NONE', #3515, #1758, #1389, .T. ) ;
#1582 = ORIENTED_EDGE ( 'NONE', *, *, #2193, .F. ) ;
#1583 = AXIS2_PLACEMENT_3D ( 'NONE', #4370, #1128, #2988 ) ;
#1584 = ORIENTED_EDGE ( 'NONE', *, *, #4813, .F. ) ;
#1585 = PLANE ( 'NONE',  #5263 ) ;
#1586 = CIRCLE ( 'NONE', #2653, 1.549999999999999378 ) ;
#1587 = DIRECTION ( 'NONE',  ( 1.000000000000000000, 0.000000000000000000, -6.938893903907228378E-16 ) ) ;
#1588 = EDGE_CURVE ( 'NONE', #2899, #3406, #508, .T. ) ;
#1589 = AXIS2_PLACEMENT_3D ( 'NONE', #1577, #3419, #123 ) ;
#1590 = ORIENTED_EDGE ( 'NONE', *, *, #3389, .T. ) ;
#1592 = DIRECTION ( 'NONE',  ( 0.000000000000000000, -1.000000000000000000, 0.000000000000000000 ) ) ;
#1591 = CARTESIAN_POINT ( 'NONE',  ( 9.999999999999998224, 544.1059853545287979, 13.12500000000105160 ) ) ;
#1593 = ORIENTED_EDGE ( 'NONE', *, *, #4327, .F. ) ;
#1595 = CARTESIAN_POINT ( 'NONE',  ( 10.00000000000000888, 538.0842902705298911, 13.12500000000107470 ) ) ;
#1594 = CARTESIAN_POINT ( 'NONE',  ( 8.483226407164680793, 508.8537596897657522, 15.75212892637067874 ) ) ;
#1596 = AXIS2_PLACEMENT_3D ( 'NONE', #5662, #1361, #5200 ) ;
#1597 = EDGE_CURVE ( 'NONE', #5019, #3323, #2738, .T. ) ;
#1598 = VECTOR ( 'NONE', #3992, 1000.000000000000000 ) ;
#1600 = LINE ( 'NONE', #259, #4129 ) ;
#1599 = DIRECTION ( 'NONE',  ( 0.000000000000000000, 1.000000000000000000, -0.000000000000000000 ) ) ;
#1601 = ORIENTED_EDGE ( 'NONE', *, *, #2710, .T. ) ;
#1602 = ORIENTED_EDGE ( 'NONE', *, *, #4748, .F. ) ;
#1603 = DIRECTION ( 'NONE',  ( -0.000000000000000000, 1.000000000000000000, -0.000000000000000000 ) ) ;
#1604 = VECTOR ( 'NONE', #1677, 1000.000000000000000 ) ;
#1605 = CARTESIAN_POINT ( 'NONE',  ( -8.051442841485993540, 550.9930576548749741, 16.49999999999940314 ) ) ;
#1606 = CARTESIAN_POINT ( 'NONE',  ( 8.051442841485993540, -10.00000000000045297, 16.49999999999942091 ) ) ;
#1607 = CIRCLE ( 'NONE', #2006, 6.000000000000005329 ) ;
#1608 = CARTESIAN_POINT ( 'NONE',  ( 10.00000000000000178, 550.9930576548749741, 16.49999999999940314 ) ) ;
#1609 = DIRECTION ( 'NONE',  ( -6.938893903907228378E-16, 0.000000000000000000, -1.000000000000000000 ) ) ;
#1610 = CARTESIAN_POINT ( 'NONE',  ( -18.25000000000008882, 586.8686935486363154, 2.500000000000000444 ) ) ;
#1611 = ORIENTED_EDGE ( 'NONE', *, *, #5002, .T. ) ;
#1612 = ORIENTED_EDGE ( 'NONE', *, *, #2366, .T. ) ;
#1613 = VECTOR ( 'NONE', #2453, 1000.000000000000114 ) ;
#1614 = ORIENTED_EDGE ( 'NONE', *, *, #2902, .F. ) ;
#1615 = DIRECTION ( 'NONE',  ( 0.000000000000000000, -1.000000000000000000, 0.000000000000000000 ) ) ;
#1616 = AXIS2_PLACEMENT_3D ( 'NONE', #4937, #5928, #4878 ) ;
#1617 = CARTESIAN_POINT ( 'NONE',  ( -19.99999999999999645, 600.0000000000000000, 5.000000000000000000 ) ) ;
#1618 = VECTOR ( 'NONE', #1011, 1000.000000000000000 ) ;
#1619 = ADVANCED_FACE ( 'NONE', ( #53 ), #1915, .T. ) ;
#1620 = ORIENTED_EDGE ( 'NONE', *, *, #3712, .T. ) ;
#1621 = EDGE_CURVE ( 'NONE', #3546, #1822, #5081, .T. ) ;
#1623 = FACE_OUTER_BOUND ( 'NONE', #48, .T. ) ;
#1622 = DIRECTION ( 'NONE',  ( -1.000000000000000000, 0.000000000000000000, 6.938893903907228378E-16 ) ) ;
#1625 = FACE_OUTER_BOUND ( 'NONE', #3867, .T. ) ;
#1624 = CARTESIAN_POINT ( 'NONE',  ( -8.051442841485993540, 583.9797804798585048, 16.49999999999940314 ) ) ;
#1626 = EDGE_CURVE ( 'NONE', #1862, #5533, #3928, .T. ) ;
#1628 = LINE ( 'NONE', #3466, #1387 ) ;
#1627 = DIRECTION ( 'NONE',  ( 0.4999999999999965583, 0.000000000000000000, -0.8660254037844405950 ) ) ;
#1629 = EDGE_LOOP ( 'NONE', ( #3780, #16, #2187, #3578, #4121, #1269, #2131, #4587 ) ) ;
#1630 = EDGE_CURVE ( 'NONE', #3930, #1561, #5815, .T. ) ;
#1631 = VECTOR ( 'NONE', #5673, 1000.000000000000114 ) ;
#1632 = DIRECTION ( 'NONE',  ( -2.373241487535919019E-16, 0.9396926207859105373, -0.3420201433256630508 ) ) ;
#1633 = ORIENTED_EDGE ( 'NONE', *, *, #3015, .F. ) ;
#1634 = DIRECTION ( 'NONE',  ( -6.938893903907228378E-16, 0.000000000000000000, -1.000000000000000000 ) ) ;
#1635 = ADVANCED_FACE ( 'NONE', ( #2060 ), #2895, .F. ) ;
#1637 = DIRECTION ( 'NONE',  ( 6.938893903907228378E-16, 0.000000000000000000, 1.000000000000000000 ) ) ;
#1636 = DIRECTION ( 'NONE',  ( -0.000000000000000000, 1.000000000000000000, -0.000000000000000000 ) ) ;
#1638 = DIRECTION ( 'NONE',  ( 0.000000000000000000, 0.000000000000000000, -1.000000000000000000 ) ) ;
#1639 = DIRECTION ( 'NONE',  ( 1.000000000000000000, 0.000000000000000000, -6.938893903907228378E-16 ) ) ;
#1640 = CARTESIAN_POINT ( 'NONE',  ( 10.00000000000000178, 564.1931856391174733, 16.52539999999935816 ) ) ;
#1641 = ORIENTED_EDGE ( 'NONE', *, *, #920, .F. ) ;
#1642 = ORIENTED_EDGE ( 'NONE', *, *, #5993, .F. ) ;
#1643 = CARTESIAN_POINT ( 'NONE',  ( -10.00000000000000178, -10.00000000000045297, 13.12500000000105160 ) ) ;
#1644 = PLANE ( 'NONE',  #5357 ) ;
#1645 = ORIENTED_EDGE ( 'NONE', *, *, #382, .F. ) ;
#1646 = ORIENTED_EDGE ( 'NONE', *, *, #3672, .F. ) ;
#1648 = CARTESIAN_POINT ( 'NONE',  ( 16.49999999999999645, 489.9999999999998863, 9.979274057836336809 ) ) ;
#1647 = DIRECTION ( 'NONE',  ( -0.4999999999999950040, 0.000000000000000000, -0.8660254037844414832 ) ) ;
#1650 = CARTESIAN_POINT ( 'NONE',  ( 9.999999999999998224, 505.0975674455463604, 13.12500000000105160 ) ) ;
#1649 = LINE ( 'NONE', #2168, #3894 ) ;
#1651 = EDGE_CURVE ( 'NONE', #5423, #1786, #4828, .T. ) ;
#1653 = LINE ( 'NONE', #1715, #4031 ) ;
#1652 = DIRECTION ( 'NONE',  ( -0.000000000000000000, -1.000000000000000000, -0.000000000000000000 ) ) ;
#1654 = ORIENTED_EDGE ( 'NONE', *, *, #1685, .F. ) ;
#1655 = DIRECTION ( 'NONE',  ( 0.000000000000000000, -1.000000000000000000, 0.000000000000000000 ) ) ;
#1656 = ORIENTED_EDGE ( 'NONE', *, *, #2342, .F. ) ;
#1657 = EDGE_CURVE ( 'NONE', #2790, #5972, #5352, .T. ) ;
#1658 = DIRECTION ( 'NONE',  ( 0.000000000000000000, 0.000000000000000000, 1.000000000000000000 ) ) ;
#1660 = LINE ( 'NONE', #266, #4315 ) ;
#1659 = DIRECTION ( 'NONE',  ( 0.000000000000000000, -1.000000000000000000, 0.000000000000000000 ) ) ;
#1661 = PLANE ( 'NONE',  #5128 ) ;
#1662 = LINE ( 'NONE', #296, #1918 ) ;
#1663 = CARTESIAN_POINT ( 'NONE',  ( -9.803847577293296922, 600.0000000000000000, 12.00000000000000000 ) ) ;
#1664 = ORIENTED_EDGE ( 'NONE', *, *, #248, .T. ) ;
#1665 = ORIENTED_EDGE ( 'NONE', *, *, #1473, .T. ) ;
#1666 = EDGE_CURVE ( 'NONE', #59, #1059, #4230, .T. ) ;
#1667 = ORIENTED_EDGE ( 'NONE', *, *, #2514, .T. ) ;
#1668 = DIRECTION ( 'NONE',  ( 6.938893903907228378E-16, 0.000000000000000000, 1.000000000000000000 ) ) ;
#1669 = DIRECTION ( 'NONE',  ( -1.000000000000000000, 0.000000000000000000, 6.938893903907228378E-16 ) ) ;
#1670 = ORIENTED_EDGE ( 'NONE', *, *, #382, .T. ) ;
#1671 = VECTOR ( 'NONE', #2308, 1000.000000000000000 ) ;
#1672 = ORIENTED_EDGE ( 'NONE', *, *, #1801, .F. ) ;
#1673 = STYLED_ITEM ( 'NONE', ( #4593 ), #780 ) ;
#1675 = FACE_OUTER_BOUND ( 'NONE', #1925, .T. ) ;
#1674 = DIRECTION ( 'NONE',  ( -0.4999999999999965583, 0.000000000000000000, 0.8660254037844405950 ) ) ;
#1677 = DIRECTION ( 'NONE',  ( -0.000000000000000000, 1.000000000000000000, -0.000000000000000000 ) ) ;
#1676 = CARTESIAN_POINT ( 'NONE',  ( -16.49999999999999645, 600.0000000000000000, 7.020725942163696054 ) ) ;
#1678 = VECTOR ( 'NONE', #3615, 1000.000000000000000 ) ;
#1680 = CARTESIAN_POINT ( 'NONE',  ( 8.051442841485993540, 513.2939458548938774, 16.49999999999942091 ) ) ;
#1679 = DIRECTION ( 'NONE',  ( -1.000000000000000000, -1.383500721948037739E-16, -1.088838682103976535E-17 ) ) ;
#1681 = VERTEX_POINT ( 'NONE', #4390 ) ;
#1682 = VECTOR ( 'NONE', #5635, 1000.000000000000000 ) ;
#1683 = EDGE_LOOP ( 'NONE', ( #4768, #4656, #3720, #429 ) ) ;
#1684 = FACE_OUTER_BOUND ( 'NONE', #4071, .T. ) ;
#1685 = EDGE_CURVE ( 'NONE', #1758, #3586, #2520, .T. ) ;
#1686 = DIRECTION ( 'NONE',  ( 1.000000000000000000, 0.000000000000000000, 0.000000000000000000 ) ) ;
#1687 = ORIENTED_EDGE ( 'NONE', *, *, #5246, .T. ) ;
#1688 = VECTOR ( 'NONE', #2582, 1000.000000000000000 ) ;
#1689 = LINE ( 'NONE', #4537, #2581 ) ;
#1690 = EDGE_CURVE ( 'NONE', #2208, #1731, #4766, .T. ) ;
#1692 = PLANE ( 'NONE',  #714 ) ;
#1691 = CARTESIAN_POINT ( 'NONE',  ( -8.051442841485993540, -10.00000000000045297, 16.49999999999940314 ) ) ;
#1693 = CARTESIAN_POINT ( 'NONE',  ( 15.99999999999999645, 494.9999999999998863, -5.000000000000004441 ) ) ;
#1694 = EDGE_CURVE ( 'NONE', #4745, #1038, #1990, .T. ) ;
#1695 = LINE ( 'NONE', #3203, #4179 ) ;
#1696 = VECTOR ( 'NONE', #5565, 1000.000000000000000 ) ;
#1697 = PLANE ( 'NONE',  #5364 ) ;
#1698 = EDGE_LOOP ( 'NONE', ( #1946, #2290, #1754, #22 ) ) ;
#1699 = AXIS2_PLACEMENT_3D ( 'NONE', #375, #4133, #7 ) ;
#1700 = ORIENTED_EDGE ( 'NONE', *, *, #5877, .T. ) ;
#1701 = EDGE_CURVE ( 'NONE', #1538, #5480, #3807, .T. ) ;
#1702 = LINE ( 'NONE', #5830, #758 ) ;
#1703 = EDGE_CURVE ( 'NONE', #3652, #4521, #5424, .T. ) ;
#1704 = DIRECTION ( 'NONE',  ( 1.000000000000000000, 0.000000000000000000, -6.938893903907228378E-16 ) ) ;
#1705 = ORIENTED_EDGE ( 'NONE', *, *, #4130, .T. ) ;
#1706 = ORIENTED_EDGE ( 'NONE', *, *, #4614, .T. ) ;
#1707 = VECTOR ( 'NONE', #1241, 1000.000000000000114 ) ;
#1708 = ORIENTED_EDGE ( 'NONE', *, *, #3640, .F. ) ;
#1710 = DIRECTION ( 'NONE',  ( -2.373241487535919019E-16, 0.9396926207859105373, -0.3420201433256630508 ) ) ;
#1709 = FACE_OUTER_BOUND ( 'NONE', #239, .T. ) ;
#1712 = PLANE ( 'NONE',  #3361 ) ;
#1711 = CARTESIAN_POINT ( 'NONE',  ( 9.999999999999998224, 580.4957910455086676, 13.12500000000105160 ) ) ;
#1713 = VECTOR ( 'NONE', #4039, 1000.000000000000000 ) ;
#1715 = CARTESIAN_POINT ( 'NONE',  ( 9.999999999999998224, 585.2081800205063473, 13.12500000000105160 ) ) ;
#1714 = CARTESIAN_POINT ( 'NONE',  ( 16.49999999999999645, 489.9999999999998863, 7.020725942163696054 ) ) ;
#1716 = EDGE_LOOP ( 'NONE', ( #274, #828, #3435, #3914 ) ) ;
#1717 = ORIENTED_EDGE ( 'NONE', *, *, #5870, .T. ) ;
#1718 = CARTESIAN_POINT ( 'NONE',  ( 9.999999999999998224, 519.2347343705392859, 13.12500000000105160 ) ) ;
#1719 = VECTOR ( 'NONE', #4116, 1000.000000000000000 ) ;
#1720 = EDGE_CURVE ( 'NONE', #1681, #3378, #205, .T. ) ;
#1721 = LINE ( 'NONE', #1209, #652 ) ;
#1722 = VECTOR ( 'NONE', #3574, 1000.000000000000000 ) ;
#1724 = DIRECTION ( 'NONE',  ( -0.000000000000000000, 1.000000000000000000, -0.000000000000000000 ) ) ;
#1723 = LINE ( 'NONE', #3592, #5629 ) ;
#1725 = CARTESIAN_POINT ( 'NONE',  ( -8.051442841485993540, -10.00000000000045297, 16.49999999999940314 ) ) ;
#1726 = LINE ( 'NONE', #826, #2717 ) ;
#1727 = CARTESIAN_POINT ( 'NONE',  ( -10.00000000000000178, 523.9471233455369656, 13.12500000000105160 ) ) ;
#1728 = VERTEX_POINT ( 'NONE', #3871 ) ;
#1729 = AXIS2_PLACEMENT_3D ( 'NONE', #1640, #5453, #5886 ) ;
#1730 = EDGE_CURVE ( 'NONE', #2130, #1776, #3413, .T. ) ;
#1731 = VERTEX_POINT ( 'NONE', #5726 ) ;
#1732 = EDGE_LOOP ( 'NONE', ( #1559, #2783, #1252, #2197, #5638, #1955, #3847 ) ) ;
#1733 = VECTOR ( 'NONE', #2201, 1000.000000000000000 ) ;
#1734 = VERTEX_POINT ( 'NONE', #2456 ) ;
#1735 = DIRECTION ( 'NONE',  ( -1.000000000000000000, 1.383500721948037739E-16, 1.088838682103976535E-17 ) ) ;
#1736 = PLANE ( 'NONE',  #1926 ) ;
#1737 = ORIENTED_EDGE ( 'NONE', *, *, #3304, .T. ) ;
#1738 = ORIENTED_EDGE ( 'NONE', *, *, #2445, .F. ) ;
#1739 = EDGE_CURVE ( 'NONE', #804, #4934, #5233, .T. ) ;
#1740 = EDGE_LOOP ( 'NONE', ( #2216, #4407, #3362, #4418 ) ) ;
#1742 = CARTESIAN_POINT ( 'NONE',  ( -18.25000000000008882, 574.5050451610903792, -2.000000000000031974 ) ) ;
#1741 = DIRECTION ( 'NONE',  ( -0.4768709627114711691, 0.3006265784832175547, 0.8259647360705590913 ) ) ;
#1744 = CARTESIAN_POINT ( 'NONE',  ( 9.999999999999998224, 515.8316515045429469, 13.12500000000105160 ) ) ;
#1743 = CARTESIAN_POINT ( 'NONE',  ( 16.49999999999999645, 600.0000000000000000, 7.020725942163696054 ) ) ;
#1745 = EDGE_CURVE ( 'NONE', #522, #1285, #4330, .T. ) ;
#1747 = FACE_OUTER_BOUND ( 'NONE', #3619, .T. ) ;
#1746 = LINE ( 'NONE', #812, #1908 ) ;
#1748 = ORIENTED_EDGE ( 'NONE', *, *, #3640, .T. ) ;
#1749 = ORIENTED_EDGE ( 'NONE', *, *, #2592, .T. ) ;
#1750 = CARTESIAN_POINT ( 'NONE',  ( 9.999999999999998224, 506.4068735545475874, 13.12500000000105160 ) ) ;
#1751 = ORIENTED_EDGE ( 'NONE', *, *, #2982, .F. ) ;
#1753 = CARTESIAN_POINT ( 'NONE',  ( -10.00000000000000178, -10.00000000000045297, 13.12500000000105160 ) ) ;
#1752 = CARTESIAN_POINT ( 'NONE',  ( 10.00000000000000888, -10.00000000000045297, 13.12500000000107470 ) ) ;
#1754 = ORIENTED_EDGE ( 'NONE', *, *, #1588, .T. ) ;
#1755 = CARTESIAN_POINT ( 'NONE',  ( 10.00000000000000888, -10.00000000000045297, 13.12500000000107470 ) ) ;
#1756 = DIRECTION ( 'NONE',  ( 0.4768709627114711691, 0.3006265784832175547, -0.8259647360705590913 ) ) ;
#1757 = DIRECTION ( 'NONE',  ( 0.000000000000000000, -1.000000000000000000, 0.000000000000000000 ) ) ;
#1758 = VERTEX_POINT ( 'NONE', #4859 ) ;
#1759 = ORIENTED_EDGE ( 'NONE', *, *, #5903, .F. ) ;
#1760 = VERTEX_POINT ( 'NONE', #668 ) ;
#1761 = EDGE_LOOP ( 'NONE', ( #5355, #85, #4807, #2910 ) ) ;
#1762 = DIRECTION ( 'NONE',  ( -6.938893903907228378E-16, 0.000000000000000000, -1.000000000000000000 ) ) ;
#1763 = DIRECTION ( 'NONE',  ( 0.4768709627114711691, 0.3006265784832175547, -0.8259647360705590913 ) ) ;
#1764 = ADVANCED_FACE ( 'NONE', ( #146 ), #2005, .F. ) ;
#1765 = VERTEX_POINT ( 'NONE', #177 ) ;
#1766 = ORIENTED_EDGE ( 'NONE', *, *, #520, .F. ) ;
#1767 = VERTEX_POINT ( 'NONE', #1518 ) ;
#1768 = EDGE_CURVE ( 'NONE', #355, #2545, #2034, .T. ) ;
#1770 = LINE ( 'NONE', #1952, #1500 ) ;
#1769 = FACE_OUTER_BOUND ( 'NONE', #3346, .T. ) ;
#1772 = DIRECTION ( 'NONE',  ( -0.4768709627114711691, 0.3006265784832175547, 0.8259647360705590913 ) ) ;
#1771 = FACE_OUTER_BOUND ( 'NONE', #360, .T. ) ;
#1773 = EDGE_CURVE ( 'NONE', #4216, #5268, #1572, .T. ) ;
#1775 = FILL_AREA_STYLE_COLOUR ( '', #2461 ) ;
#1774 = DIRECTION ( 'NONE',  ( -0.000000000000000000, -1.000000000000000000, -0.000000000000000000 ) ) ;
#1776 = VERTEX_POINT ( 'NONE', #760 ) ;
#1777 = VERTEX_POINT ( 'NONE', #5476 ) ;
#1778 = CARTESIAN_POINT ( 'NONE',  ( 8.051442841485984658, 517.0600510451907894, 16.49999999999944222 ) ) ;
#1779 = EDGE_CURVE ( 'NONE', #3806, #136, #2574, .T. ) ;
#1780 = EDGE_CURVE ( 'NONE', #5268, #3378, #4534, .T. ) ;
#1781 = VECTOR ( 'NONE', #3729, 1000.000000000000000 ) ;
#1782 = VECTOR ( 'NONE', #222, 1000.000000000000114 ) ;
#1783 = ORIENTED_EDGE ( 'NONE', *, *, #1666, .F. ) ;
#1785 = CARTESIAN_POINT ( 'NONE',  ( 10.00000000000000888, 594.6329579705015931, 13.12500000000107470 ) ) ;
#1784 = FACE_OUTER_BOUND ( 'NONE', #5607, .T. ) ;
#1786 = VERTEX_POINT ( 'NONE', #3036 ) ;
#1787 = ORIENTED_EDGE ( 'NONE', *, *, #4705, .T. ) ;
#1788 = CARTESIAN_POINT ( 'NONE',  ( 10.00000000000000178, 599.9999999999998863, 16.49999999999940314 ) ) ;
#1789 = CARTESIAN_POINT ( 'NONE',  ( -10.00000000000000178, 580.4957910455086676, 13.12500000000105160 ) ) ;
#1790 = CARTESIAN_POINT ( 'NONE',  ( -10.00000000000000178, -10.00000000000045297, 13.12500000000105160 ) ) ;
#1791 = EDGE_LOOP ( 'NONE', ( #5107, #460, #530, #5927 ) ) ;
#1792 = VECTOR ( 'NONE', #730, 1000.000000000000000 ) ;
#1793 = DIRECTION ( 'NONE',  ( -0.000000000000000000, 1.000000000000000000, -0.000000000000000000 ) ) ;
#1794 = LINE ( 'NONE', #487, #306 ) ;
#1795 = VECTOR ( 'NONE', #5589, 1000.000000000000114 ) ;
#1796 = CARTESIAN_POINT ( 'NONE',  ( 9.999999999999998224, 490.9604005205534349, 13.12500000000105160 ) ) ;
#1797 = LINE ( 'NONE', #4213, #5654 ) ;
#1798 = ORIENTED_EDGE ( 'NONE', *, *, #1701, .T. ) ;
#1799 = ORIENTED_EDGE ( 'NONE', *, *, #3521, .T. ) ;
#1800 = VECTOR ( 'NONE', #284, 1000.000000000000000 ) ;
#1801 = EDGE_CURVE ( 'NONE', #3000, #3141, #2176, .T. ) ;
#1802 = ORIENTED_EDGE ( 'NONE', *, *, #3429, .F. ) ;
#1803 = AXIS2_PLACEMENT_3D ( 'NONE', #2409, #3292, #982 ) ;
#1804 = CARTESIAN_POINT ( 'NONE',  ( 10.00000000000000178, 555.7054466298726538, 16.49999999999940314 ) ) ;
#1805 = VECTOR ( 'NONE', #2180, 1000.000000000000114 ) ;
#1807 = DIRECTION ( 'NONE',  ( -1.383500721948037739E-16, -1.000000000000000000, 0.000000000000000000 ) ) ;
#1806 = CARTESIAN_POINT ( 'NONE',  ( 10.00000000000000178, 545.3436297391269818, 16.52539999999935816 ) ) ;
#1808 = EDGE_CURVE ( 'NONE', #3412, #3536, #816, .T. ) ;
#1809 = VECTOR ( 'NONE', #1627, 1000.000000000000114 ) ;
#1810 = EDGE_CURVE ( 'NONE', #2146, #5492, #1270, .T. ) ;
#1811 = CARTESIAN_POINT ( 'NONE',  ( -3.935108105617389551, 557.8228366967808824, 23.62970090348453311 ) ) ;
#1812 = EDGE_LOOP ( 'NONE', ( #4282, #2242, #3024, #1481, #3481 ) ) ;
#1813 = ORIENTED_EDGE ( 'NONE', *, *, #4853, .F. ) ;
#1814 = DIRECTION ( 'NONE',  ( -0.8660254037844379305, 0.000000000000000000, -0.5000000000000011102 ) ) ;
#1815 = AXIS2_PLACEMENT_3D ( 'NONE', #4409, #3028, #1622 ) ;
#1816 = EDGE_CURVE ( 'NONE', #3479, #580, #3961, .T. ) ;
#1817 = EDGE_CURVE ( 'NONE', #1106, #1039, #3526, .T. ) ;
#1818 = VECTOR ( 'NONE', #2622, 1000.000000000000114 ) ;
#1819 = ORIENTED_EDGE ( 'NONE', *, *, #1854, .F. ) ;
#1821 = CARTESIAN_POINT ( 'NONE',  ( 8.051442841485984658, 512.3476620701932234, 16.49999999999944222 ) ) ;
#1820 = LINE ( 'NONE', #3683, #3177 ) ;
#1822 = VERTEX_POINT ( 'NONE', #4914 ) ;
#1823 = CARTESIAN_POINT ( 'NONE',  ( -3.935108105617389551, 580.9161066282495085, 23.62970090348453311 ) ) ;
#1824 = LINE ( 'NONE', #6071, #3396 ) ;
#1825 = ORIENTED_EDGE ( 'NONE', *, *, #4661, .F. ) ;
#1826 = AXIS2_PLACEMENT_3D ( 'NONE', #1054, #2880, #2023 ) ;
#1827 = EDGE_CURVE ( 'NONE', #1136, #1348, #2147, .T. ) ;
#1828 = LINE ( 'NONE', #3178, #3073 ) ;
#1829 = DIRECTION ( 'NONE',  ( 0.000000000000000000, 0.000000000000000000, -1.000000000000000000 ) ) ;
#1830 = DIRECTION ( 'NONE',  ( -0.000000000000000000, 1.000000000000000000, -0.000000000000000000 ) ) ;
#1831 = AXIS2_PLACEMENT_3D ( 'NONE', #4744, #3358, #4924 ) ;
#1832 = CARTESIAN_POINT ( 'NONE',  ( 11.99999999999999645, 494.9999999999998863, -5.000000000000003553 ) ) ;
#1833 = EDGE_LOOP ( 'NONE', ( #5892, #1550 ) ) ;
#1834 = AXIS2_PLACEMENT_3D ( 'NONE', #783, #2629, #4495 ) ;
#1835 = EDGE_LOOP ( 'NONE', ( #456, #4664, #2772, #5332 ) ) ;
#1836 = DIRECTION ( 'NONE',  ( 1.000000000000000000, 0.000000000000000000, -6.938893903907228378E-16 ) ) ;
#1837 = ORIENTED_EDGE ( 'NONE', *, *, #3264, .T. ) ;
#1839 = LINE ( 'NONE', #3270, #5434 ) ;
#1838 = FACE_OUTER_BOUND ( 'NONE', #2257, .T. ) ;
#1840 = VERTEX_POINT ( 'NONE', #4503 ) ;
#1841 = ADVANCED_FACE ( 'NONE', ( #1684 ), #5006, .F. ) ;
#1843 = CARTESIAN_POINT ( 'NONE',  ( 10.00000000000000178, 541.5590348609293869, 16.52539999999935816 ) ) ;
#1842 = DIRECTION ( 'NONE',  ( 0.000000000000000000, 0.000000000000000000, -1.000000000000000000 ) ) ;
#1844 = EDGE_LOOP ( 'NONE', ( #3959, #2573, #2566, #3439 ) ) ;
#1845 = DIRECTION ( 'NONE',  ( 1.000000000000000000, 1.383500721948037739E-16, 1.088838682103976689E-17 ) ) ;
#1846 = EDGE_CURVE ( 'NONE', #914, #1840, #848, .T. ) ;
#1847 = EDGE_LOOP ( 'NONE', ( #5080, #5889, #2954, #3159 ) ) ;
#1849 = FACE_BOUND ( 'NONE', #1833, .T. ) ;
#1848 = DIRECTION ( 'NONE',  ( -1.000000000000000000, 0.000000000000000000, 6.938893903907228378E-16 ) ) ;
#1850 = ORIENTED_EDGE ( 'NONE', *, *, #4552, .F. ) ;
#1851 = EDGE_LOOP ( 'NONE', ( #1415, #6066, #1430, #4310 ) ) ;
#1852 = FACE_OUTER_BOUND ( 'NONE', #4210, .T. ) ;
#1853 = LINE ( 'NONE', #418, #2029 ) ;
#1854 = EDGE_CURVE ( 'NONE', #3536, #1403, #2086, .T. ) ;
#1855 = CARTESIAN_POINT ( 'NONE',  ( -3.935108105617389551, 533.7922168782730523, 23.62970090348453311 ) ) ;
#1856 = ORIENTED_EDGE ( 'NONE', *, *, #1546, .F. ) ;
#1857 = EDGE_CURVE ( 'NONE', #4607, #4038, #1240, .T. ) ;
#1858 = LINE ( 'NONE', #396, #2578 ) ;
#1859 = LINE ( 'NONE', #895, #2999 ) ;
#1860 = EDGE_CURVE ( 'NONE', #2790, #5475, #2120, .T. ) ;
#1861 = ORIENTED_EDGE ( 'NONE', *, *, #700, .T. ) ;
#1862 = VERTEX_POINT ( 'NONE', #4018 ) ;
#1863 = DIRECTION ( 'NONE',  ( 6.520427397917960799E-16, -0.3420201433256629953, 0.9396926207859104263 ) ) ;
#1864 = EDGE_LOOP ( 'NONE', ( #1928, #1850, #1217, #3087 ) ) ;
#1866 = LINE ( 'NONE', #3726, #646 ) ;
#1865 = CARTESIAN_POINT ( 'NONE',  ( -3.935108105617389551, 534.2608918217925975, 23.62970090348453311 ) ) ;
#1867 = ORIENTED_EDGE ( 'NONE', *, *, #3634, .F. ) ;
#1869 = CARTESIAN_POINT ( 'NONE',  ( -8.051442841485993540, -10.00000000000045297, 16.49999999999940314 ) ) ;
#1868 = LINE ( 'NONE', #1413, #5253 ) ;
#1870 = EDGE_LOOP ( 'NONE', ( #948, #2827, #2927, #5523 ) ) ;
#1871 = CARTESIAN_POINT ( 'NONE',  ( 8.051442841485993540, -10.00000000000045297, 16.49999999999942091 ) ) ;
#1872 = VECTOR ( 'NONE', #3593, 1000.000000000000000 ) ;
#1873 = ORIENTED_EDGE ( 'NONE', *, *, #3454, .T. ) ;
#1874 = EDGE_CURVE ( 'NONE', #2411, #4127, #2877, .T. ) ;
#1876 = DIRECTION ( 'NONE',  ( -3.374392004751322669E-16, 0.000000000000000000, -1.000000000000000000 ) ) ;
#1875 = DIRECTION ( 'NONE',  ( 1.143520904479921288E-31, -0.07845909572784234842, 0.9969173337331281859 ) ) ;
#1877 = VERTEX_POINT ( 'NONE', #1750 ) ;
#1878 = VECTOR ( 'NONE', #3523, 1000.000000000000000 ) ;
#1879 = ORIENTED_EDGE ( 'NONE', *, *, #2666, .T. ) ;
#1880 = DIRECTION ( 'NONE',  ( 0.000000000000000000, 1.000000000000000000, -0.000000000000000000 ) ) ;
#1881 = ORIENTED_EDGE ( 'NONE', *, *, #2874, .F. ) ;
#1882 = DIRECTION ( 'NONE',  ( -0.4999999999999965583, 0.000000000000000000, 0.8660254037844405950 ) ) ;
#1883 = ORIENTED_EDGE ( 'NONE', *, *, #785, .T. ) ;
#1884 = ADVANCED_FACE ( 'NONE', ( #2610 ), #4416, .F. ) ;
#1885 = DIRECTION ( 'NONE',  ( -1.000000000000000000, 0.000000000000000000, 6.938893903907228378E-16 ) ) ;
#1886 = EDGE_CURVE ( 'NONE', #4216, #395, #2636, .T. ) ;
#1887 = EDGE_LOOP ( 'NONE', ( #1654, #3105, #2367, #5305 ) ) ;
#1888 = DIRECTION ( 'NONE',  ( 0.000000000000000000, 0.000000000000000000, 1.000000000000000000 ) ) ;
#1889 = CARTESIAN_POINT ( 'NONE',  ( 10.00000000000000178, 526.4848289951860352, 16.49999999999940314 ) ) ;
#1890 = AXIS2_PLACEMENT_3D ( 'NONE', #1974, #5296, #3837 ) ;
#1891 = FACE_OUTER_BOUND ( 'NONE', #777, .T. ) ;
#1892 = ORIENTED_EDGE ( 'NONE', *, *, #2404, .F. ) ;
#1893 = VERTEX_POINT ( 'NONE', #314 ) ;
#1894 = VECTOR ( 'NONE', #4049, 1000.000000000000000 ) ;
#1895 = EDGE_CURVE ( 'NONE', #151, #5232, #5938, .T. ) ;
#1896 = ORIENTED_EDGE ( 'NONE', *, *, #5413, .F. ) ;
#1897 = ADVANCED_FACE ( 'NONE', ( #45 ), #3195, .F. ) ;
#1898 = LINE ( 'NONE', #4781, #3868 ) ;
#1900 = PLANE ( 'NONE',  #1125 ) ;
#1899 = CARTESIAN_POINT ( 'NONE',  ( 10.00000000000000178, 512.3476620701929960, 16.49999999999940314 ) ) ;
#1901 = VECTOR ( 'NONE', #1793, 1000.000000000000000 ) ;
#1902 = AXIS2_PLACEMENT_3D ( 'NONE', #5196, #1419, #971 ) ;
#1904 = LINE ( 'NONE', #3307, #4628 ) ;
#1903 = LINE ( 'NONE', #5649, #2889 ) ;
#1905 = ORIENTED_EDGE ( 'NONE', *, *, #6059, .T. ) ;
#1907 = LINE ( 'NONE', #380, #1995 ) ;
#1906 = DIRECTION ( 'NONE',  ( -2.373241487535919019E-16, 0.9396926207859105373, -0.3420201433256630508 ) ) ;
#1908 = VECTOR ( 'NONE', #1652, 1000.000000000000000 ) ;
#1909 = ORIENTED_EDGE ( 'NONE', *, *, #5417, .T. ) ;
#1911 = DIRECTION ( 'NONE',  ( -0.8660254037844407060, 0.000000000000000000, -0.4999999999999966138 ) ) ;
#1910 = CARTESIAN_POINT ( 'NONE',  ( 9.999999999999998224, 556.9338461705204963, 13.12500000000105160 ) ) ;
#1912 = EDGE_LOOP ( 'NONE', ( #5057, #4093, #2350, #2439 ) ) ;
#1913 = AXIS2_PLACEMENT_3D ( 'NONE', #3824, #4352, #3895 ) ;
#1914 = VERTEX_POINT ( 'NONE', #12 ) ;
#1915 = PLANE ( 'NONE',  #3733 ) ;
#1916 = FACE_OUTER_BOUND ( 'NONE', #2058, .T. ) ;
#1917 = VERTEX_POINT ( 'NONE', #1327 ) ;
#1918 = VECTOR ( 'NONE', #4484, 1000.000000000000000 ) ;
#1919 = FACE_OUTER_BOUND ( 'NONE', #1629, .T. ) ;
#1920 = VERTEX_POINT ( 'NONE', #409 ) ;
#1921 = ORIENTED_EDGE ( 'NONE', *, *, #5393, .T. ) ;
#1922 = CARTESIAN_POINT ( 'NONE',  ( 18.25000000000008527, 564.6807431261822785, -5.603677273419772398 ) ) ;
#1923 = FACE_OUTER_BOUND ( 'NONE', #4595, .T. ) ;
#1924 = DIRECTION ( 'NONE',  ( -1.000000000000000000, 0.000000000000000000, 6.938893903907228378E-16 ) ) ;
#1925 = EDGE_LOOP ( 'NONE', ( #5205, #4799, #242, #941 ) ) ;
#1926 = AXIS2_PLACEMENT_3D ( 'NONE', #3210, #5488, #5022 ) ;
#1927 = ADVANCED_FACE ( 'NONE', ( #500 ), #5074, .F. ) ;
#1928 = ORIENTED_EDGE ( 'NONE', *, *, #588, .F. ) ;
#1929 = VECTOR ( 'NONE', #4060, 1000.000000000000000 ) ;
#1930 = DIRECTION ( 'NONE',  ( 0.000000000000000000, 1.000000000000000000, -0.000000000000000000 ) ) ;
#1932 = DIRECTION ( 'NONE',  ( 1.000000000000000000, 0.000000000000000000, -6.938893903907228378E-16 ) ) ;
#1931 = CARTESIAN_POINT ( 'NONE',  ( 15.99999999999999645, 494.9999999999998863, -2.750000000000009326 ) ) ;
#1933 = EDGE_CURVE ( 'NONE', #1945, #2159, #3705, .T. ) ;
#1934 = VECTOR ( 'NONE', #2368, 1000.000000000000114 ) ;
#1936 = CARTESIAN_POINT ( 'NONE',  ( 10.25000000000000888, 599.9999999999998863, 5.000000000000115463 ) ) ;
#1935 = PLANE ( 'NONE',  #4362 ) ;
#1937 = ORIENTED_EDGE ( 'NONE', *, *, #4691, .T. ) ;
#1939 = DIRECTION ( 'NONE',  ( 0.000000000000000000, -1.000000000000000000, 0.000000000000000000 ) ) ;
#1938 = CARTESIAN_POINT ( 'NONE',  ( -20.00000000000000000, 529.8213777969244802, -0.2500000000001001976 ) ) ;
#1940 = AXIS2_PLACEMENT_3D ( 'NONE', #1406, #2819, #5122 ) ;
#1941 = EDGE_CURVE ( 'NONE', #4981, #5858, #5621, .T. ) ;
#1942 = ORIENTED_EDGE ( 'NONE', *, *, #5307, .F. ) ;
#1944 = CARTESIAN_POINT ( 'NONE',  ( -8.051442841485993540, -10.00000000000045297, 16.49999999999940314 ) ) ;
#1943 = CARTESIAN_POINT ( 'NONE',  ( -10.00000000000000178, 599.3453469454992728, 13.12500000000105160 ) ) ;
#1945 = VERTEX_POINT ( 'NONE', #1450 ) ;
#1946 = ORIENTED_EDGE ( 'NONE', *, *, #2327, .T. ) ;
#1947 = DIRECTION ( 'NONE',  ( 1.000000000000000000, 0.000000000000000000, -6.938893903907228378E-16 ) ) ;
#1948 = LINE ( 'NONE', #3320, #4769 ) ;
#1949 = ORIENTED_EDGE ( 'NONE', *, *, #4258, .T. ) ;
#1950 = FACE_OUTER_BOUND ( 'NONE', #5623, .T. ) ;
#1951 = DIRECTION ( 'NONE',  ( 0.000000000000000000, 0.9969173337331280749, 0.07845909572784233454 ) ) ;
#1952 = CARTESIAN_POINT ( 'NONE',  ( 16.49999999999999645, 600.0000000000000000, 7.020725942163696054 ) ) ;
#1953 = CARTESIAN_POINT ( 'NONE',  ( -10.24999999999998757, 595.5332743980343366, 5.653649521573790970 ) ) ;
#1954 = DIRECTION ( 'NONE',  ( -2.373241487535919019E-16, -0.9396926207859105373, -0.3420201433256630508 ) ) ;
#1955 = ORIENTED_EDGE ( 'NONE', *, *, #2077, .T. ) ;
#1956 = ORIENTED_EDGE ( 'NONE', *, *, #737, .F. ) ;
#1957 = ADVANCED_FACE ( 'NONE', ( #935 ), #5161, .F. ) ;
#1958 = CARTESIAN_POINT ( 'NONE',  ( -18.25000000000008527, 562.4307431261825059, -5.603677273419772398 ) ) ;
#1960 = CARTESIAN_POINT ( 'NONE',  ( 18.25000000000008527, 562.4307431261825059, -5.603677273419772398 ) ) ;
#1959 = CARTESIAN_POINT ( 'NONE',  ( -10.00000000000000178, 519.2347343705392859, 13.12500000000105160 ) ) ;
#1961 = ADVANCED_FACE ( 'NONE', ( #5534 ), #2269, .F. ) ;
#1963 = DIRECTION ( 'NONE',  ( 1.000000000000000000, 0.000000000000000000, -6.938893903907228378E-16 ) ) ;
#1962 = CARTESIAN_POINT ( 'NONE',  ( 10.00000000000000888, 489.9999999999998863, 13.12500000000107470 ) ) ;
#1964 = ORIENTED_EDGE ( 'NONE', *, *, #4053, .T. ) ;
#1966 = CARTESIAN_POINT ( 'NONE',  ( 9.999999999999998224, 577.0927081795123286, 13.12500000000105160 ) ) ;
#1965 = DIRECTION ( 'NONE',  ( -0.4999999999999965583, 0.000000000000000000, 0.8660254037844405950 ) ) ;
#1967 = APPLICATION_CONTEXT ( 'automotive_design' ) ;
#1968 = EDGE_CURVE ( 'NONE', #5073, #1786, #968, .T. ) ;
#1970 = CARTESIAN_POINT ( 'NONE',  ( 9.999999999999998224, 500.3851784705487376, 13.12500000000105160 ) ) ;
#1969 = CARTESIAN_POINT ( 'NONE',  ( 8.051442841485993540, 583.9797804798585048, 16.49999999999942091 ) ) ;
#1971 = ORIENTED_EDGE ( 'NONE', *, *, #3428, .T. ) ;
#1972 = EDGE_CURVE ( 'NONE', #174, #3166, #1907, .T. ) ;
#1973 = ORIENTED_EDGE ( 'NONE', *, *, #3991, .T. ) ;
#1974 = CARTESIAN_POINT ( 'NONE',  ( 18.25000000000008527, 562.4307431261825059, -5.603677273419772398 ) ) ;
#1975 = CARTESIAN_POINT ( 'NONE',  ( 10.00000000000000178, 599.9999999999998863, 16.49999999999940314 ) ) ;
#1976 = VECTOR ( 'NONE', #2763, 1000.000000000000000 ) ;
#1977 = CARTESIAN_POINT ( 'NONE',  ( 10.00000000000000178, 599.9999999999998863, 16.49999999999940314 ) ) ;
#1978 = ORIENTED_EDGE ( 'NONE', *, *, #5358, .T. ) ;
#1979 = DIRECTION ( 'NONE',  ( -0.000000000000000000, 1.000000000000000000, -0.000000000000000000 ) ) ;
#1980 = DIRECTION ( 'NONE',  ( 0.000000000000000000, -0.000000000000000000, 1.000000000000000000 ) ) ;
#1981 = DIRECTION ( 'NONE',  ( 6.938893903907228378E-16, 0.000000000000000000, 1.000000000000000000 ) ) ;
#1982 = CARTESIAN_POINT ( 'NONE',  ( 10.00000000000000178, 494.4351451109529307, 16.52539999999935816 ) ) ;
#1983 = EDGE_LOOP ( 'NONE', ( #4207, #2814 ) ) ;
#1984 = VECTOR ( 'NONE', #2300, 1000.000000000000000 ) ;
#1985 = ORIENTED_EDGE ( 'NONE', *, *, #4696, .T. ) ;
#1986 = VECTOR ( 'NONE', #1447, 1000.000000000000000 ) ;
#1987 = CARTESIAN_POINT ( 'NONE',  ( 10.25000000000008704, 562.4307431261825059, -5.603677273419772398 ) ) ;
#1989 = PLANE ( 'NONE',  #2575 ) ;
#1988 = CARTESIAN_POINT ( 'NONE',  ( 8.483226407164680793, 554.4869600353023316, 15.75212892637067874 ) ) ;
#1990 = CIRCLE ( 'NONE', #5921, 4.000000000000000888 ) ;
#1991 = PRODUCT_RELATED_PRODUCT_CATEGORY ( 'part', '', ( #5553 ) ) ;
#1993 = LINE ( 'NONE', #2389, #817 ) ;
#1992 = PLANE ( 'NONE',  #2018 ) ;
#1994 = ORIENTED_EDGE ( 'NONE', *, *, #2768, .F. ) ;
#1995 = VECTOR ( 'NONE', #905, 1000.000000000000000 ) ;
#1997 = CARTESIAN_POINT ( 'NONE',  ( 9.999999999999998224, 511.1192625295453240, 13.12500000000105160 ) ) ;
#1996 = PLANE ( 'NONE',  #2321 ) ;
#1998 = EDGE_CURVE ( 'NONE', #2173, #3193, #879, .T. ) ;
#1999 = EDGE_CURVE ( 'NONE', #1574, #3059, #4596, .T. ) ;
#2000 = VECTOR ( 'NONE', #5155, 1000.000000000000114 ) ;
#2002 = DIRECTION ( 'NONE',  ( -1.156482317317872465E-16, -0.9969173337331280749, -0.07845909572784233454 ) ) ;
#2001 = LINE ( 'NONE', #202, #5835 ) ;
#2003 = ORIENTED_EDGE ( 'NONE', *, *, #4125, .T. ) ;
#2004 = ORIENTED_EDGE ( 'NONE', *, *, #1739, .T. ) ;
#2005 = CYLINDRICAL_SURFACE ( 'NONE', #1890, 2.249999999999863221 ) ;
#2006 = AXIS2_PLACEMENT_3D ( 'NONE', #3502, #3016, #5910 ) ;
#2007 = CARTESIAN_POINT ( 'NONE',  ( -6.999999999999995559, 494.9999999999998863, 0.000000000000000000 ) ) ;
#2008 = EDGE_CURVE ( 'NONE', #2137, #5952, #2357, .T. ) ;
#2009 = ORIENTED_EDGE ( 'NONE', *, *, #4098, .F. ) ;
#2010 = VECTOR ( 'NONE', #2660, 1000.000000000000000 ) ;
#2011 = CARTESIAN_POINT ( 'NONE',  ( 9.999999999999998224, 562.9555412545192894, 13.12500000000105160 ) ) ;
#2012 = VERTEX_POINT ( 'NONE', #2758 ) ;
#2013 = DIRECTION ( 'NONE',  ( 0.000000000000000000, -1.000000000000000000, 0.000000000000000000 ) ) ;
#2014 = LINE ( 'NONE', #3968, #2170 ) ;
#2015 = LINE ( 'NONE', #5278, #2304 ) ;
#2016 = DIRECTION ( 'NONE',  ( -6.520427397917960799E-16, -0.3420201433256629953, -0.9396926207859104263 ) ) ;
#2017 = ORIENTED_EDGE ( 'NONE', *, *, #2306, .T. ) ;
#2018 = AXIS2_PLACEMENT_3D ( 'NONE', #2479, #3858, #5257 ) ;
#2019 = EDGE_CURVE ( 'NONE', #2047, #5211, #5129, .T. ) ;
#2020 = VERTEX_POINT ( 'NONE', #3310 ) ;
#2021 = AXIS2_PLACEMENT_3D ( 'NONE', #517, #2375, #155 ) ;
#2022 = DIRECTION ( 'NONE',  ( 1.000000000000000000, 1.383500721948037739E-16, 1.088838682103976689E-17 ) ) ;
#2024 = LINE ( 'NONE', #102, #5530 ) ;
#2023 = DIRECTION ( 'NONE',  ( 0.000000000000000000, 0.8496919301565230009, 0.5272794551534153440 ) ) ;
#2026 = CARTESIAN_POINT ( 'NONE',  ( -10.00000000000000178, -10.00000000000045297, 13.12500000000105160 ) ) ;
#2025 = DIRECTION ( 'NONE',  ( 9.599964725576383639E-32, 1.000000000000000000, -1.383500721948022701E-16 ) ) ;
#2028 = CARTESIAN_POINT ( 'NONE',  ( 6.999999999999995559, 600.0000000000000000, -5.000000000000000000 ) ) ;
#2027 = DIRECTION ( 'NONE',  ( 1.000000000000000000, 0.000000000000000000, -6.938893903907228378E-16 ) ) ;
#2029 = VECTOR ( 'NONE', #3687, 1000.000000000000114 ) ;
#2030 = VECTOR ( 'NONE', #3725, 1000.000000000000000 ) ;
#2032 = CARTESIAN_POINT ( 'NONE',  ( 18.25000000000008527, 562.9014977005494984, -11.58518127581853818 ) ) ;
#2031 = CARTESIAN_POINT ( 'NONE',  ( -15.99999999999999645, 489.9999999999998863, -5.000000000000000000 ) ) ;
#2033 = EDGE_LOOP ( 'NONE', ( #145, #2334 ) ) ;
#2034 = LINE ( 'NONE', #3904, #5322 ) ;
#2035 = EDGE_CURVE ( 'NONE', #5259, #904, #642, .T. ) ;
#2036 = ORIENTED_EDGE ( 'NONE', *, *, #5502, .T. ) ;
#2037 = ORIENTED_EDGE ( 'NONE', *, *, #4846, .F. ) ;
#2038 = ORIENTED_EDGE ( 'NONE', *, *, #3521, .F. ) ;
#2039 = CARTESIAN_POINT ( 'NONE',  ( 8.483226407164680793, 522.9909266147586777, 15.75212892637067874 ) ) ;
#2040 = ADVANCED_FACE ( 'NONE', ( #4666 ), #474, .T. ) ;
#2041 = FACE_OUTER_BOUND ( 'NONE', #4017, .T. ) ;
#2042 = CARTESIAN_POINT ( 'NONE',  ( -15.99999999999999645, 494.9999999999998863, -5.000000000000000000 ) ) ;
#2043 = EDGE_CURVE ( 'NONE', #863, #5913, #4196, .T. ) ;
#2044 = LINE ( 'NONE', #2526, #4942 ) ;
#2045 = DIRECTION ( 'NONE',  ( -2.373241487535919019E-16, 0.9396926207859105373, -0.3420201433256630508 ) ) ;
#2046 = ORIENTED_EDGE ( 'NONE', *, *, #4661, .T. ) ;
#2047 = VERTEX_POINT ( 'NONE', #1778 ) ;
#2048 = ADVANCED_FACE ( 'NONE', ( #6062 ), #169, .F. ) ;
#2049 = PLANE ( 'NONE',  #2695 ) ;
#2050 = CARTESIAN_POINT ( 'NONE',  ( -10.00000000000000178, 595.9422640795029338, 13.12500000000105160 ) ) ;
#2051 = ORIENTED_EDGE ( 'NONE', *, *, #1444, .F. ) ;
#2053 = CARTESIAN_POINT ( 'NONE',  ( -6.499999999999997335, 503.9999999999998863, 7.020725942163696054 ) ) ;
#2052 = DIRECTION ( 'NONE',  ( 0.4768709627114696148, -0.3006265784832180543, 0.8259647360705598684 ) ) ;
#2055 = LINE ( 'NONE', #4819, #5031 ) ;
#2054 = PLANE ( 'NONE',  #3296 ) ;
#2057 = CARTESIAN_POINT ( 'NONE',  ( -8.051442841485993540, 521.7724400201883554, 16.49999999999940314 ) ) ;
#2056 = CARTESIAN_POINT ( 'NONE',  ( 19.99999999999999645, 489.9999999999998863, 5.000000000000000000 ) ) ;
#2058 = EDGE_LOOP ( 'NONE', ( #3524, #1314, #1905, #2403 ) ) ;
#2059 = ORIENTED_EDGE ( 'NONE', *, *, #4430, .T. ) ;
#2060 = FACE_OUTER_BOUND ( 'NONE', #4300, .T. ) ;
#2061 = ORIENTED_EDGE ( 'NONE', *, *, #997, .F. ) ;
#2062 = EDGE_CURVE ( 'NONE', #1561, #2650, #2512, .T. ) ;
#2063 = DIRECTION ( 'NONE',  ( 0.000000000000000000, -1.000000000000000000, 0.000000000000000000 ) ) ;
#2064 = LINE ( 'NONE', #5821, #3830 ) ;
#2065 = DIRECTION ( 'NONE',  ( 6.938893903907228378E-16, 0.000000000000000000, 1.000000000000000000 ) ) ;
#2066 = DIRECTION ( 'NONE',  ( 1.000000000000000000, -0.000000000000000000, -2.449293598294706414E-16 ) ) ;
#2067 = DIRECTION ( 'NONE',  ( 0.000000000000000000, 0.000000000000000000, 1.000000000000000000 ) ) ;
#2068 = ORIENTED_EDGE ( 'NONE', *, *, #5960, .T. ) ;
#2069 = EDGE_CURVE ( 'NONE', #5475, #3, #5781, .T. ) ;
#2070 = AXIS2_PLACEMENT_3D ( 'NONE', #5791, #674, #1525 ) ;
#2071 = ADVANCED_FACE ( 'NONE', ( #4385 ), #2946, .F. ) ;
#2072 = ORIENTED_EDGE ( 'NONE', *, *, #3305, .F. ) ;
#2073 = LINE ( 'NONE', #217, #5351 ) ;
#2074 = CARTESIAN_POINT ( 'NONE',  ( 9.999999999999998224, 589.9205689955039134, 13.12500000000105160 ) ) ;
#2075 = ORIENTED_EDGE ( 'NONE', *, *, #5680, .F. ) ;
#2076 = EDGE_CURVE ( 'NONE', #862, #5423, #4791, .T. ) ;
#2077 = EDGE_CURVE ( 'NONE', #3185, #3412, #3434, .T. ) ;
#2078 = ORIENTED_EDGE ( 'NONE', *, *, #3338, .F. ) ;
#2080 = CARTESIAN_POINT ( 'NONE',  ( 10.00000000000000888, -10.00000000000045297, 13.12500000000107470 ) ) ;
#2079 = CARTESIAN_POINT ( 'NONE',  ( 18.25000000000008527, 574.5050451610903792, -2.000000000000014211 ) ) ;
#2082 = CARTESIAN_POINT ( 'NONE',  ( 8.051442841485993540, 588.6921694548561845, 16.49999999999942091 ) ) ;
#2081 = DIRECTION ( 'NONE',  ( 0.000000000000000000, 1.000000000000000000, 0.000000000000000000 ) ) ;
#2083 = CIRCLE ( 'NONE', #2569, 2.250000000000002220 ) ;
#2084 = EDGE_LOOP ( 'NONE', ( #1737, #246, #5458, #4342 ) ) ;
#2085 = EDGE_CURVE ( 'NONE', #2173, #5206, #2888, .T. ) ;
#2086 = CIRCLE ( 'NONE', #930, 6.000000000000005329 ) ;
#2088 = DIRECTION ( 'NONE',  ( 0.000000000000000000, -1.000000000000000000, 0.000000000000000000 ) ) ;
#2087 = LINE ( 'NONE', #4911, #4451 ) ;
#2089 = ORIENTED_EDGE ( 'NONE', *, *, #4770, .T. ) ;
#2090 = CARTESIAN_POINT ( 'NONE',  ( -10.00000000000000178, 594.6329579705015931, 13.12500000000105160 ) ) ;
#2091 = ORIENTED_EDGE ( 'NONE', *, *, #5601, .T. ) ;
#2092 = VECTOR ( 'NONE', #1885, 1000.000000000000000 ) ;
#2093 = CARTESIAN_POINT ( 'NONE',  ( 10.00000000000000888, 585.2081800205063473, 13.12500000000107470 ) ) ;
#2094 = DIRECTION ( 'NONE',  ( -0.8660254037844407060, 0.000000000000000000, -0.4999999999999966138 ) ) ;
#2095 = VECTOR ( 'NONE', #3313, 1000.000000000000000 ) ;
#2096 = LINE ( 'NONE', #1159, #2561 ) ;
#2097 = CARTESIAN_POINT ( 'NONE',  ( -10.00000000000000178, 500.3851784705487376, 13.12500000000105160 ) ) ;
#2098 = FACE_OUTER_BOUND ( 'NONE', #5303, .T. ) ;
#2099 = ORIENTED_EDGE ( 'NONE', *, *, #2062, .T. ) ;
#2100 = EDGE_LOOP ( 'NONE', ( #614, #3456, #2009, #2857 ) ) ;
#2101 = AXIS2_PLACEMENT_3D ( 'NONE', #2755, #4562, #5126 ) ;
#2102 = VERTEX_POINT ( 'NONE', #1997 ) ;
#2103 = CARTESIAN_POINT ( 'NONE',  ( 9.999999999999998224, 599.9999999999998863, 13.12500000000105160 ) ) ;
#2104 = VECTOR ( 'NONE', #4848, 1000.000000000000114 ) ;
#2105 = DIRECTION ( 'NONE',  ( -0.4768709627114696148, -0.3006265784832180543, -0.8259647360705598684 ) ) ;
#2106 = EDGE_CURVE ( 'NONE', #144, #5795, #1409, .T. ) ;
#2107 = ORIENTED_EDGE ( 'NONE', *, *, #4311, .T. ) ;
#2108 = AXIS2_PLACEMENT_3D ( 'NONE', #2841, #5144, #4212 ) ;
#2109 = ORIENTED_EDGE ( 'NONE', *, *, #2420, .T. ) ;
#2111 = LINE ( 'NONE', #1288, #4826 ) ;
#2110 = DIRECTION ( 'NONE',  ( 0.000000000000000000, -1.000000000000000000, 0.000000000000000000 ) ) ;
#2113 = CARTESIAN_POINT ( 'NONE',  ( 15.99999999999999645, 489.9999999999998863, -5.000000000000004441 ) ) ;
#2112 = FACE_OUTER_BOUND ( 'NONE', #2976, .T. ) ;
#2114 = EDGE_CURVE ( 'NONE', #477, #4195, #2055, .T. ) ;
#2115 = VECTOR ( 'NONE', #38, 1000.000000000000114 ) ;
#2117 = CARTESIAN_POINT ( 'NONE',  ( 16.49999999999999645, 599.9999999999998863, 7.279404685324008639 ) ) ;
#2116 = CARTESIAN_POINT ( 'NONE',  ( 8.051442841485984658, 592.4582746451532103, 16.49999999999944222 ) ) ;
#2118 = ORIENTED_EDGE ( 'NONE', *, *, #896, .F. ) ;
#2119 = VECTOR ( 'NONE', #2247, 1000.000000000000000 ) ;
#2120 = LINE ( 'NONE', #1207, #436 ) ;
#2121 = EDGE_CURVE ( 'NONE', #3166, #4097, #5808, .T. ) ;
#2122 = ORIENTED_EDGE ( 'NONE', *, *, #4405, .T. ) ;
#2123 = ORIENTED_EDGE ( 'NONE', *, *, #1972, .F. ) ;
#2124 = CARTESIAN_POINT ( 'NONE',  ( 9.999999999999998224, 547.5090682205251369, 13.12500000000105160 ) ) ;
#2126 = FACE_OUTER_BOUND ( 'NONE', #6009, .T. ) ;
#2125 = CARTESIAN_POINT ( 'NONE',  ( -3.935108105617389551, 599.7656625282400000, 23.62970090348453311 ) ) ;
#2127 = DIRECTION ( 'NONE',  ( -0.000000000000000000, -1.000000000000000000, -0.000000000000000000 ) ) ;
#2128 = DIRECTION ( 'NONE',  ( -0.000000000000000000, 1.000000000000000000, -0.000000000000000000 ) ) ;
#2129 = LINE ( 'NONE', #1610, #3587 ) ;
#2130 = VERTEX_POINT ( 'NONE', #1595 ) ;
#2131 = ORIENTED_EDGE ( 'NONE', *, *, #3428, .F. ) ;
#2132 = ORIENTED_EDGE ( 'NONE', *, *, #4358, .F. ) ;
#2133 = CARTESIAN_POINT ( 'NONE',  ( 10.00000000000000178, 489.9999999999998863, 16.49999999999940314 ) ) ;
#2134 = CARTESIAN_POINT ( 'NONE',  ( -19.99999999999999645, 489.9999999999998863, 15.00000000000000000 ) ) ;
#2135 = ORIENTED_EDGE ( 'NONE', *, *, #3931, .F. ) ;
#2136 = EDGE_CURVE ( 'NONE', #3193, #2802, #2570, .T. ) ;
#2137 = VERTEX_POINT ( 'NONE', #1966 ) ;
#2139 = PLANE ( 'NONE',  #5421 ) ;
#2138 = CARTESIAN_POINT ( 'NONE',  ( -10.00000000000000178, 495.6727894955510578, 13.12500000000105160 ) ) ;
#2141 = DIRECTION ( 'NONE',  ( -0.4999999999999965583, 0.000000000000000000, 0.8660254037844405950 ) ) ;
#2140 = FACE_OUTER_BOUND ( 'NONE', #3704, .T. ) ;
#2142 = EDGE_CURVE ( 'NONE', #1920, #6076, #599, .T. ) ;
#2143 = EDGE_CURVE ( 'NONE', #4713, #1403, #570, .T. ) ;
#2145 = LINE ( 'NONE', #2117, #3150 ) ;
#2144 = CARTESIAN_POINT ( 'NONE',  ( -13.18329171233584596, 489.9999999999998863, 7.611377018922361515 ) ) ;
#2146 = VERTEX_POINT ( 'NONE', #534 ) ;
#2147 = LINE ( 'NONE', #3618, #1598 ) ;
#2148 = EDGE_CURVE ( 'NONE', #484, #4069, #5223, .T. ) ;
#2149 = ADVANCED_FACE ( 'NONE', ( #79 ), #5753, .T. ) ;
#2150 = DIRECTION ( 'NONE',  ( 1.000000000000000000, 0.000000000000000000, -6.938893903907228378E-16 ) ) ;
#2152 = LINE ( 'NONE', #3504, #2856 ) ;
#2151 = CARTESIAN_POINT ( 'NONE',  ( 10.00000000000000888, -10.00000000000045297, 13.12500000000107470 ) ) ;
#2153 = EDGE_LOOP ( 'NONE', ( #502, #3893, #2497, #769 ) ) ;
#2154 = CARTESIAN_POINT ( 'NONE',  ( -15.99999999999999645, 494.9999999999998863, -5.000000000000000000 ) ) ;
#2155 = LINE ( 'NONE', #1557, #3403 ) ;
#2156 = CARTESIAN_POINT ( 'NONE',  ( 9.999999999999998224, 505.0975674455463604, 13.12500000000105160 ) ) ;
#2157 = ORIENTED_EDGE ( 'NONE', *, *, #5125, .T. ) ;
#2158 = ORIENTED_EDGE ( 'NONE', *, *, #371, .F. ) ;
#2159 = VERTEX_POINT ( 'NONE', #3408 ) ;
#2160 = CARTESIAN_POINT ( 'NONE',  ( 8.051442841485993540, 555.7054466298726538, 16.49999999999942091 ) ) ;
#2161 = DIRECTION ( 'NONE',  ( 0.4768709627114711691, 0.3006265784832175547, -0.8259647360705590913 ) ) ;
#2162 = VERTEX_POINT ( 'NONE', #4294 ) ;
#2163 = ORIENTED_EDGE ( 'NONE', *, *, #559, .F. ) ;
#2164 = VERTEX_POINT ( 'NONE', #109 ) ;
#2165 = VECTOR ( 'NONE', #1566, 1000.000000000000000 ) ;
#2167 = LINE ( 'NONE', #1231, #4333 ) ;
#2166 = FACE_OUTER_BOUND ( 'NONE', #5092, .T. ) ;
#2169 = CARTESIAN_POINT ( 'NONE',  ( 10.00000000000000888, -10.00000000000045297, 13.12500000000107470 ) ) ;
#2168 = CARTESIAN_POINT ( 'NONE',  ( 19.99999999999999645, 599.9999999999998863, 7.279404685324009527 ) ) ;
#2170 = VECTOR ( 'NONE', #5325, 1000.000000000000000 ) ;
#2172 = PLANE ( 'NONE',  #2363 ) ;
#2171 = DIRECTION ( 'NONE',  ( -0.000000000000000000, 1.000000000000000000, -0.000000000000000000 ) ) ;
#2173 = VERTEX_POINT ( 'NONE', #5717 ) ;
#2174 = VECTOR ( 'NONE', #4796, 1000.000000000000000 ) ;
#2175 = ORIENTED_EDGE ( 'NONE', *, *, #4206, .T. ) ;
#2176 = LINE ( 'NONE', #5874, #5025 ) ;
#2177 = EDGE_CURVE ( 'NONE', #1013, #3300, #1402, .T. ) ;
#2178 = EDGE_LOOP ( 'NONE', ( #1646, #3738, #432, #545 ) ) ;
#2179 = LINE ( 'NONE', #4052, #1520 ) ;
#2181 = LINE ( 'NONE', #5079, #3724 ) ;
#2180 = DIRECTION ( 'NONE',  ( -0.4768709627114711691, 0.3006265784832175547, 0.8259647360705590913 ) ) ;
#2182 = DIRECTION ( 'NONE',  ( 0.000000000000000000, 0.000000000000000000, 1.000000000000000000 ) ) ;
#2183 = FACE_OUTER_BOUND ( 'NONE', #2296, .T. ) ;
#2184 = AXIS2_PLACEMENT_3D ( 'NONE', #5204, #3417, #1073 ) ;
#2185 = CARTESIAN_POINT ( 'NONE',  ( 19.49999999999999645, 489.9999999999998863, 14.49999999999999822 ) ) ;
#2186 = EDGE_CURVE ( 'NONE', #4182, #5058, #629, .T. ) ;
#2187 = ORIENTED_EDGE ( 'NONE', *, *, #2911, .T. ) ;
#2188 = AXIS2_PLACEMENT_3D ( 'NONE', #4800, #2405, #5323 ) ;
#2189 = EDGE_LOOP ( 'NONE', ( #3626, #2287, #4831, #5320 ) ) ;
#2190 = ORIENTED_EDGE ( 'NONE', *, *, #3235, .F. ) ;
#2191 = LINE ( 'NONE', #5020, #6050 ) ;
#2192 = CARTESIAN_POINT ( 'NONE',  ( -10.00000000000000178, -10.00000000000045297, 13.12500000000105160 ) ) ;
#2193 = EDGE_CURVE ( 'NONE', #484, #4925, #4011, .T. ) ;
#2194 = ORIENTED_EDGE ( 'NONE', *, *, #1808, .T. ) ;
#2195 = ORIENTED_EDGE ( 'NONE', *, *, #4130, .F. ) ;
#2196 = VECTOR ( 'NONE', #4984, 1000.000000000000000 ) ;
#2197 = ORIENTED_EDGE ( 'NONE', *, *, #5797, .T. ) ;
#2198 = VECTOR ( 'NONE', #258, 1000.000000000000000 ) ;
#2200 = FACE_OUTER_BOUND ( 'NONE', #1284, .T. ) ;
#2199 = CARTESIAN_POINT ( 'NONE',  ( -10.00000000000000178, -10.00000000000045297, 13.12500000000105160 ) ) ;
#2202 = CARTESIAN_POINT ( 'NONE',  ( 9.999999999999998224, 505.0975674455463604, 13.12500000000105160 ) ) ;
#2201 = DIRECTION ( 'NONE',  ( 1.000000000000000000, -1.383500721948037739E-16, -1.088838682103976689E-17 ) ) ;
#2203 = VECTOR ( 'NONE', #5120, 1000.000000000000000 ) ;
#2204 = ADVANCED_FACE ( 'NONE', ( #3004 ), #1712, .F. ) ;
#2206 = LINE ( 'NONE', #4079, #5809 ) ;
#2205 = DIRECTION ( 'NONE',  ( 0.4999999999999950595, 0.000000000000000000, 0.8660254037844414832 ) ) ;
#2207 = ORIENTED_EDGE ( 'NONE', *, *, #3469, .F. ) ;
#2208 = VERTEX_POINT ( 'NONE', #808 ) ;
#2209 = DIRECTION ( 'NONE',  ( 0.000000000000000000, -0.9396926207859096492, -0.3420201433256652157 ) ) ;
#2210 = AXIS2_PLACEMENT_3D ( 'NONE', #1743, #2656, #5468 ) ;
#2211 = VERTEX_POINT ( 'NONE', #3063 ) ;
#2212 = AXIS2_PLACEMENT_3D ( 'NONE', #4287, #5746, #101 ) ;
#2213 = EDGE_CURVE ( 'NONE', #419, #151, #3953, .T. ) ;
#2215 = PLANE ( 'NONE',  #3147 ) ;
#2214 = LINE ( 'NONE', #2151, #2387 ) ;
#2216 = ORIENTED_EDGE ( 'NONE', *, *, #858, .F. ) ;
#2217 = DIRECTION ( 'NONE',  ( -1.000000000000000000, 0.000000000000000000, 6.938893903907228378E-16 ) ) ;
#2218 = DIRECTION ( 'NONE',  ( -0.8660254037844407060, 0.000000000000000000, -0.4999999999999966138 ) ) ;
#2219 = DIRECTION ( 'NONE',  ( -0.000000000000000000, 1.000000000000000000, -0.000000000000000000 ) ) ;
#2220 = ORIENTED_EDGE ( 'NONE', *, *, #357, .F. ) ;
#2221 = AXIS2_PLACEMENT_3D ( 'NONE', #827, #359, #4090 ) ;
#2222 = EDGE_CURVE ( 'NONE', #4126, #2899, #3031, .T. ) ;
#2223 = EDGE_CURVE ( 'NONE', #5784, #5710, #3986, .T. ) ;
#2224 = ORIENTED_EDGE ( 'NONE', *, *, #896, .T. ) ;
#2225 = VECTOR ( 'NONE', #4880, 1000.000000000000114 ) ;
#2226 = ORIENTED_EDGE ( 'NONE', *, *, #1453, .F. ) ;
#2227 = LINE ( 'NONE', #5089, #3480 ) ;
#2228 = LINE ( 'NONE', #3629, #1152 ) ;
#2229 = ORIENTED_EDGE ( 'NONE', *, *, #4561, .T. ) ;
#2230 = ADVANCED_FACE ( 'NONE', ( #5436 ), #3126, .F. ) ;
#2231 = EDGE_LOOP ( 'NONE', ( #3215, #5431, #938, #277 ) ) ;
#2232 = EDGE_CURVE ( 'NONE', #6005, #4574, #4881, .T. ) ;
#2234 = DIRECTION ( 'NONE',  ( -0.4768709627114711691, 0.3006265784832175547, 0.8259647360705590913 ) ) ;
#2233 = CARTESIAN_POINT ( 'NONE',  ( -10.25000000000008527, 545.2269831201855368, -6.780563709337406486 ) ) ;
#2236 = CARTESIAN_POINT ( 'NONE',  ( 9.999999999999998224, 585.2081800205063473, 13.12500000000105160 ) ) ;
#2235 = LINE ( 'NONE', #2325, #462 ) ;
#2238 = LINE ( 'NONE', #2697, #5411 ) ;
#2237 = DIRECTION ( 'NONE',  ( -6.520427397917960799E-16, -0.3420201433256629953, -0.9396926207859104263 ) ) ;
#2239 = ORIENTED_EDGE ( 'NONE', *, *, #4571, .F. ) ;
#2240 = EDGE_LOOP ( 'NONE', ( #11, #5583, #5957, #3588 ) ) ;
#2241 = CARTESIAN_POINT ( 'NONE',  ( 15.99999999999999645, 494.9999999999998863, -5.000000000000004441 ) ) ;
#2242 = ORIENTED_EDGE ( 'NONE', *, *, #2420, .F. ) ;
#2244 = DIRECTION ( 'NONE',  ( 0.000000000000000000, 0.000000000000000000, -1.000000000000000000 ) ) ;
#2243 = DIRECTION ( 'NONE',  ( -0.8660254037844379305, 0.000000000000000000, -0.5000000000000011102 ) ) ;
#2245 = FACE_OUTER_BOUND ( 'NONE', #3676, .T. ) ;
#2246 = LINE ( 'NONE', #1789, #1719 ) ;
#2247 = DIRECTION ( 'NONE',  ( 0.000000000000000000, -1.000000000000000000, 0.000000000000000000 ) ) ;
#2248 = EDGE_LOOP ( 'NONE', ( #2348, #2860, #5543, #2652 ) ) ;
#2249 = DIRECTION ( 'NONE',  ( -0.000000000000000000, -1.000000000000000000, -0.000000000000000000 ) ) ;
#2250 = ORIENTED_EDGE ( 'NONE', *, *, #5287, .T. ) ;
#2251 = VERTEX_POINT ( 'NONE', #254 ) ;
#2252 = ORIENTED_EDGE ( 'NONE', *, *, #2916, .T. ) ;
#2253 = LINE ( 'NONE', #331, #1051 ) ;
#2254 = EDGE_CURVE ( 'NONE', #4001, #4265, #5620, .T. ) ;
#2255 = LINE ( 'NONE', #866, #1147 ) ;
#2256 = ADVANCED_FACE ( 'NONE', ( #1263 ), #5868, .F. ) ;
#2257 = EDGE_LOOP ( 'NONE', ( #6039, #3227, #1245, #4025 ) ) ;
#2258 = CARTESIAN_POINT ( 'NONE',  ( -8.051442841485993540, 508.5815568798961408, 16.49999999999940314 ) ) ;
#2260 = PLANE ( 'NONE',  #932 ) ;
#2259 = LINE ( 'NONE', #959, #667 ) ;
#2261 = ORIENTED_EDGE ( 'NONE', *, *, #5456, .F. ) ;
#2262 = EDGE_CURVE ( 'NONE', #345, #59, #2601, .T. ) ;
#2263 = EDGE_CURVE ( 'NONE', #5948, #5087, #4974, .T. ) ;
#2264 = AXIS2_PLACEMENT_3D ( 'NONE', #1273, #5010, #3563 ) ;
#2266 = CARTESIAN_POINT ( 'NONE',  ( -10.00000000000000178, 525.2564294545381927, 13.12500000000105160 ) ) ;
#2265 = CARTESIAN_POINT ( 'NONE',  ( 10.00000000000000888, 580.4957910455086676, 13.12500000000107470 ) ) ;
#2267 = ORIENTED_EDGE ( 'NONE', *, *, #476, .F. ) ;
#2268 = VERTEX_POINT ( 'NONE', #1744 ) ;
#2269 = CYLINDRICAL_SURFACE ( 'NONE', #44, 5.000000000000000000 ) ;
#2270 = VECTOR ( 'NONE', #6028, 1000.000000000000114 ) ;
#2271 = EDGE_CURVE ( 'NONE', #4461, #1731, #784, .T. ) ;
#2272 = AXIS2_PLACEMENT_3D ( 'NONE', #2053, #1592, #1144 ) ;
#2273 = ORIENTED_EDGE ( 'NONE', *, *, #2035, .T. ) ;
#2275 = CARTESIAN_POINT ( 'NONE',  ( 10.00000000000000178, 598.1169474048514303, 16.49999999999940314 ) ) ;
#2274 = CARTESIAN_POINT ( 'NONE',  ( 9.999999999999998224, 509.8099564205440402, 13.12500000000105160 ) ) ;
#2276 = ORIENTED_EDGE ( 'NONE', *, *, #3954, .F. ) ;
#2277 = CYLINDRICAL_SURFACE ( 'NONE', #1504, 2.249999999999863221 ) ;
#2278 = DIRECTION ( 'NONE',  ( 1.000000000000000000, 1.383500721948037739E-16, 1.088838682103976535E-17 ) ) ;
#2279 = LINE ( 'NONE', #4178, #1929 ) ;
#2280 = ORIENTED_EDGE ( 'NONE', *, *, #700, .F. ) ;
#2281 = VECTOR ( 'NONE', #541, 1000.000000000000000 ) ;
#2282 = FACE_OUTER_BOUND ( 'NONE', #3222, .T. ) ;
#2283 = LINE ( 'NONE', #2344, #2549 ) ;
#2284 = VECTOR ( 'NONE', #4633, 1000.000000000000000 ) ;
#2285 = CARTESIAN_POINT ( 'NONE',  ( 8.051442841485993540, 541.5682797048797283, 16.49999999999942091 ) ) ;
#2286 = CARTESIAN_POINT ( 'NONE',  ( -10.00000000000000178, -10.00000000000045297, 13.12500000000105160 ) ) ;
#2287 = ORIENTED_EDGE ( 'NONE', *, *, #3092, .F. ) ;
#2288 = EDGE_LOOP ( 'NONE', ( #1879, #4611, #4860, #4415 ) ) ;
#2289 = AXIS2_PLACEMENT_3D ( 'NONE', #2785, #3217, #5030 ) ;
#2290 = ORIENTED_EDGE ( 'NONE', *, *, #2222, .T. ) ;
#2291 = EDGE_CURVE ( 'NONE', #509, #3161, #1202, .T. ) ;
#2292 = VECTOR ( 'NONE', #4774, 1000.000000000000000 ) ;
#2293 = FACE_OUTER_BOUND ( 'NONE', #1298, .T. ) ;
#2295 = DIRECTION ( 'NONE',  ( -3.374392004751322669E-16, 0.000000000000000000, -1.000000000000000000 ) ) ;
#2294 = DIRECTION ( 'NONE',  ( 0.000000000000000000, 1.000000000000000000, 0.000000000000000000 ) ) ;
#2296 = EDGE_LOOP ( 'NONE', ( #507, #4903, #3902, #3321 ) ) ;
#2297 = VECTOR ( 'NONE', #3191, 1000.000000000000000 ) ;
#2298 = EDGE_CURVE ( 'NONE', #4516, #5169, #5965, .T. ) ;
#2300 = DIRECTION ( 'NONE',  ( -1.000000000000000000, 0.000000000000000000, 6.938893903907228378E-16 ) ) ;
#2299 = DIRECTION ( 'NONE',  ( -1.000000000000000000, -1.383500721948037739E-16, -1.088838682103976689E-17 ) ) ;
#2301 = ORIENTED_EDGE ( 'NONE', *, *, #1933, .T. ) ;
#2302 = CARTESIAN_POINT ( 'NONE',  ( -8.051442841485993540, -10.00000000000045297, 16.49999999999940314 ) ) ;
#2303 = CIRCLE ( 'NONE', #1913, 0.5000000000000004441 ) ;
#2304 = VECTOR ( 'NONE', #28, 1000.000000000000000 ) ;
#2305 = ORIENTED_EDGE ( 'NONE', *, *, #485, .F. ) ;
#2306 = EDGE_CURVE ( 'NONE', #2268, #2020, #224, .T. ) ;
#2308 = DIRECTION ( 'NONE',  ( -1.000000000000000000, 0.000000000000000000, 6.938893903907228378E-16 ) ) ;
#2307 = LINE ( 'NONE', #2274, #5833 ) ;
#2309 = ORIENTED_EDGE ( 'NONE', *, *, #3527, .F. ) ;
#2310 = DIRECTION ( 'NONE',  ( 1.000000000000000000, 0.000000000000000000, -6.938893903907228378E-16 ) ) ;
#2311 = CARTESIAN_POINT ( 'NONE',  ( 15.99999999999999645, 494.9999999999998863, -9.000000000000005329 ) ) ;
#2312 = CIRCLE ( 'NONE', #6053, 2.249999999999974243 ) ;
#2313 = DIRECTION ( 'NONE',  ( -9.509955733224540092E-17, -0.7784085914587806077, 0.6277579666903138067 ) ) ;
#2314 = ORIENTED_EDGE ( 'NONE', *, *, #920, .T. ) ;
#2315 = LINE ( 'NONE', #4518, #4163 ) ;
#2316 = VECTOR ( 'NONE', #913, 1000.000000000000000 ) ;
#2317 = CARTESIAN_POINT ( 'NONE',  ( 8.051442841485984658, 564.1839407951672456, 16.49999999999944222 ) ) ;
#2318 = ORIENTED_EDGE ( 'NONE', *, *, #2478, .F. ) ;
#2319 = ORIENTED_EDGE ( 'NONE', *, *, #5471, .F. ) ;
#2320 =( GEOMETRIC_REPRESENTATION_CONTEXT ( 3 ) GLOBAL_UNCERTAINTY_ASSIGNED_CONTEXT ( ( #4568 ) ) GLOBAL_UNIT_ASSIGNED_CONTEXT ( ( #696, #178, #2611 ) ) REPRESENTATION_CONTEXT ( 'NONE', 'WORKASPACE' ) );
#2321 = AXIS2_PLACEMENT_3D ( 'NONE', #5222, #1027, #1114 ) ;
#2322 = ORIENTED_EDGE ( 'NONE', *, *, #3023, .F. ) ;
#2323 = CARTESIAN_POINT ( 'NONE',  ( 10.00000000000000888, 571.0710130955133081, 13.12500000000107470 ) ) ;
#2324 = ORIENTED_EDGE ( 'NONE', *, *, #3884, .T. ) ;
#2326 = DIRECTION ( 'NONE',  ( 1.000000000000000000, 1.383500721948037739E-16, 1.088838682103976689E-17 ) ) ;
#2325 = CARTESIAN_POINT ( 'NONE',  ( 19.99999999999999645, 600.0000000000000000, 12.00000000000000000 ) ) ;
#2327 = EDGE_CURVE ( 'NONE', #3198, #4126, #3582, .T. ) ;
#2329 = PLANE ( 'NONE',  #1296 ) ;
#2328 = PLANE ( 'NONE',  #1323 ) ;
#2330 = ORIENTED_EDGE ( 'NONE', *, *, #3006, .F. ) ;
#2331 = VERTEX_POINT ( 'NONE', #2082 ) ;
#2332 = DIRECTION ( 'NONE',  ( -1.000000000000000000, 0.000000000000000000, 6.938893903907228378E-16 ) ) ;
#2333 = ADVANCED_FACE ( 'NONE', ( #1625 ), #3492, .F. ) ;
#2334 = ORIENTED_EDGE ( 'NONE', *, *, #891, .T. ) ;
#2336 = LINE ( 'NONE', #412, #4814 ) ;
#2335 = CARTESIAN_POINT ( 'NONE',  ( -10.00000000000000178, -10.00000000000045297, 13.12500000000105160 ) ) ;
#2337 = EDGE_LOOP ( 'NONE', ( #4185, #568, #6035, #4198 ) ) ;
#2338 = ORIENTED_EDGE ( 'NONE', *, *, #3340, .F. ) ;
#2339 = CARTESIAN_POINT ( 'NONE',  ( -3.935108105617389551, 586.0971705467667334, 23.62970090348453311 ) ) ;
#2340 = FACE_OUTER_BOUND ( 'NONE', #5399, .T. ) ;
#2341 = EDGE_CURVE ( 'NONE', #5329, #980, #5991, .T. ) ;
#2342 = EDGE_CURVE ( 'NONE', #824, #2965, #3701, .T. ) ;
#2343 = PLANE ( 'NONE',  #2485 ) ;
#2344 = CARTESIAN_POINT ( 'NONE',  ( 8.051442841485993540, -10.00000000000045297, 16.49999999999942091 ) ) ;
#2345 = LINE ( 'NONE', #5989, #5718 ) ;
#2346 = LINE ( 'NONE', #1432, #1331 ) ;
#2347 = FACE_OUTER_BOUND ( 'NONE', #272, .T. ) ;
#2348 = ORIENTED_EDGE ( 'NONE', *, *, #6074, .T. ) ;
#2349 = ORIENTED_EDGE ( 'NONE', *, *, #3423, .F. ) ;
#2350 = ORIENTED_EDGE ( 'NONE', *, *, #5272, .F. ) ;
#2351 = FACE_OUTER_BOUND ( 'NONE', #1256, .T. ) ;
#2353 = CARTESIAN_POINT ( 'NONE',  ( 9.999999999999998224, 553.5307633045241573, 13.12500000000105160 ) ) ;
#2352 = CARTESIAN_POINT ( 'NONE',  ( 9.999999999999998224, 490.9604005205534349, 13.12500000000105160 ) ) ;
#2355 = DIRECTION ( 'NONE',  ( -0.4999999999999965583, 0.000000000000000000, 0.8660254037844405950 ) ) ;
#2354 = CARTESIAN_POINT ( 'NONE',  ( 10.00000000000000888, -10.00000000000045297, 13.12500000000107470 ) ) ;
#2356 = ORIENTED_EDGE ( 'NONE', *, *, #4535, .T. ) ;
#2357 = LINE ( 'NONE', #3767, #2482 ) ;
#2358 = VECTOR ( 'NONE', #854, 1000.000000000000000 ) ;
#2359 = ORIENTED_EDGE ( 'NONE', *, *, #2826, .T. ) ;
#2361 = DIRECTION ( 'NONE',  ( -0.000000000000000000, -1.000000000000000000, -0.000000000000000000 ) ) ;
#2360 = LINE ( 'NONE', #1910, #4446 ) ;
#2362 = EDGE_LOOP ( 'NONE', ( #3746, #3103, #2448, #4016 ) ) ;
#2363 = AXIS2_PLACEMENT_3D ( 'NONE', #1204, #3067, #4945 ) ;
#2364 = VERTEX_POINT ( 'NONE', #3670 ) ;
#2365 = CARTESIAN_POINT ( 'NONE',  ( 19.99999999999999645, 600.0000000000000000, 12.00000000000000000 ) ) ;
#2366 = EDGE_CURVE ( 'NONE', #3853, #596, #5585, .T. ) ;
#2367 = ORIENTED_EDGE ( 'NONE', *, *, #776, .T. ) ;
#2368 = DIRECTION ( 'NONE',  ( 0.8660254037844413721, 0.000000000000000000, -0.4999999999999951705 ) ) ;
#2369 = ORIENTED_EDGE ( 'NONE', *, *, #2263, .F. ) ;
#2370 = AXIS2_PLACEMENT_3D ( 'NONE', #4773, #611, #3388 ) ;
#2371 = CARTESIAN_POINT ( 'NONE',  ( 9.999999999999991118, 599.9999999999998863, 7.279404685324008639 ) ) ;
#2372 = ORIENTED_EDGE ( 'NONE', *, *, #1080, .F. ) ;
#2373 = DIRECTION ( 'NONE',  ( -0.000000000000000000, 1.000000000000000000, -0.000000000000000000 ) ) ;
#2374 = EDGE_CURVE ( 'NONE', #4236, #1126, #5098, .T. ) ;
#2375 = DIRECTION ( 'NONE',  ( -2.373241487535919019E-16, -0.9396926207859105373, -0.3420201433256630508 ) ) ;
#2376 = VECTOR ( 'NONE', #3589, 1000.000000000000000 ) ;
#2377 = CARTESIAN_POINT ( 'NONE',  ( -10.00000000000000178, 599.9999999999998863, 13.12500000000105160 ) ) ;
#2378 = VERTEX_POINT ( 'NONE', #2694 ) ;
#2379 = VERTEX_POINT ( 'NONE', #4103 ) ;
#2380 = VECTOR ( 'NONE', #2854, 1000.000000000000114 ) ;
#2381 = VERTEX_POINT ( 'NONE', #3611 ) ;
#2382 = EDGE_CURVE ( 'NONE', #558, #1294, #5560, .T. ) ;
#2383 = CARTESIAN_POINT ( 'NONE',  ( -3.935108105617389551, 529.5485028467950315, 23.62970090348453311 ) ) ;
#2385 = CARTESIAN_POINT ( 'NONE',  ( 9.999999999999998224, 571.0710130955133081, 13.12500000000105160 ) ) ;
#2384 = CARTESIAN_POINT ( 'NONE',  ( 10.00000000000000178, 531.2064628141339426, 16.52539999999935816 ) ) ;
#2386 = VECTOR ( 'NONE', #718, 1000.000000000000000 ) ;
#2387 = VECTOR ( 'NONE', #3966, 1000.000000000000000 ) ;
#2389 = CARTESIAN_POINT ( 'NONE',  ( 10.00000000000000178, 545.3343848951766404, 16.49999999999940314 ) ) ;
#2388 = DIRECTION ( 'NONE',  ( -1.000000000000000000, 0.000000000000000000, 6.938893903907228378E-16 ) ) ;
#2390 = ORIENTED_EDGE ( 'NONE', *, *, #1694, .T. ) ;
#2392 = DIRECTION ( 'NONE',  ( 0.000000000000000000, 1.000000000000000000, 0.000000000000000000 ) ) ;
#2391 = FACE_BOUND ( 'NONE', #3604, .T. ) ;
#2393 = CIRCLE ( 'NONE', #4651, 6.000000000000005329 ) ;
#2394 = ORIENTED_EDGE ( 'NONE', *, *, #5247, .F. ) ;
#2396 = LINE ( 'NONE', #5811, #5116 ) ;
#2395 = LINE ( 'NONE', #3900, #4254 ) ;
#2397 = ORIENTED_EDGE ( 'NONE', *, *, #1816, .F. ) ;
#2398 = AXIS2_PLACEMENT_3D ( 'NONE', #4810, #618, #2473 ) ;
#2399 = ORIENTED_EDGE ( 'NONE', *, *, #4197, .T. ) ;
#2400 = DIRECTION ( 'NONE',  ( 0.000000000000000000, 0.000000000000000000, -1.000000000000000000 ) ) ;
#2401 = CARTESIAN_POINT ( 'NONE',  ( -8.051442841485993540, -10.00000000000045297, 16.49999999999940314 ) ) ;
#2402 = VECTOR ( 'NONE', #5396, 1000.000000000000000 ) ;
#2403 = ORIENTED_EDGE ( 'NONE', *, *, #1340, .F. ) ;
#2404 = EDGE_CURVE ( 'NONE', #4927, #4574, #1839, .T. ) ;
#2405 = DIRECTION ( 'NONE',  ( 0.000000000000000000, 1.000000000000000000, 0.000000000000000000 ) ) ;
#2406 = VERTEX_POINT ( 'NONE', #2820 ) ;
#2407 = LINE ( 'NONE', #583, #3239 ) ;
#2408 = CARTESIAN_POINT ( 'NONE',  ( -16.50000000000000000, 489.9999999999998863, 9.979274057836338585 ) ) ;
#2409 = CARTESIAN_POINT ( 'NONE',  ( 10.00000000000000178, 599.9999999999998863, 16.49999999999940314 ) ) ;
#2410 = PLANE ( 'NONE',  #80 ) ;
#2411 = VERTEX_POINT ( 'NONE', #4689 ) ;
#2412 = VECTOR ( 'NONE', #2847, 1000.000000000000000 ) ;
#2413 = EDGE_CURVE ( 'NONE', #6034, #4296, #1352, .T. ) ;
#2414 = ORIENTED_EDGE ( 'NONE', *, *, #4104, .T. ) ;
#2415 = VECTOR ( 'NONE', #5362, 1000.000000000000114 ) ;
#2416 = PLANE ( 'NONE',  #3186 ) ;
#2418 = FACE_OUTER_BOUND ( 'NONE', #1457, .T. ) ;
#2417 = CARTESIAN_POINT ( 'NONE',  ( -10.00000000000000178, -10.00000000000045297, 13.12500000000105160 ) ) ;
#2419 = ADVANCED_FACE ( 'NONE', ( #901 ), #5526, .F. ) ;
#2420 = EDGE_CURVE ( 'NONE', #4122, #1164, #496, .T. ) ;
#2422 = FACE_OUTER_BOUND ( 'NONE', #394, .T. ) ;
#2421 = LINE ( 'NONE', #4290, #4550 ) ;
#2423 = EDGE_LOOP ( 'NONE', ( #228, #5240, #2557, #4991 ) ) ;
#2425 = DIRECTION ( 'NONE',  ( 6.938893903907228378E-16, 0.000000000000000000, 1.000000000000000000 ) ) ;
#2424 = FACE_OUTER_BOUND ( 'NONE', #5590, .T. ) ;
#2426 = VERTEX_POINT ( 'NONE', #2353 ) ;
#2428 = CARTESIAN_POINT ( 'NONE',  ( 8.051442841485993540, -10.00000000000045297, 16.49999999999942091 ) ) ;
#2427 = DIRECTION ( 'NONE',  ( 0.000000000000000000, -1.000000000000000000, 0.000000000000000000 ) ) ;
#2429 = ORIENTED_EDGE ( 'NONE', *, *, #1438, .T. ) ;
#2430 = ORIENTED_EDGE ( 'NONE', *, *, #5611, .F. ) ;
#2431 = DIRECTION ( 'NONE',  ( -0.000000000000000000, 1.000000000000000000, -0.000000000000000000 ) ) ;
#2432 = PLANE ( 'NONE',  #573 ) ;
#2433 = DIRECTION ( 'NONE',  ( -0.4999999999999950040, 0.000000000000000000, -0.8660254037844414832 ) ) ;
#2434 = DIRECTION ( 'NONE',  ( -1.000000000000000000, 0.000000000000000000, 6.938893903907228378E-16 ) ) ;
#2435 = CARTESIAN_POINT ( 'NONE',  ( -19.99999999999999645, 489.9999999999998863, 15.00000000000000000 ) ) ;
#2436 = FACE_OUTER_BOUND ( 'NONE', #2878, .T. ) ;
#2437 = DIRECTION ( 'NONE',  ( 0.000000000000000000, 1.000000000000000000, 0.000000000000000000 ) ) ;
#2438 = ORIENTED_EDGE ( 'NONE', *, *, #1480, .F. ) ;
#2439 = ORIENTED_EDGE ( 'NONE', *, *, #56, .T. ) ;
#2440 = ORIENTED_EDGE ( 'NONE', *, *, #5840, .F. ) ;
#2441 = ADVANCED_FACE ( 'NONE', ( #4222 ), #1321, .F. ) ;
#2442 = DIRECTION ( 'NONE',  ( 0.000000000000000000, -0.000000000000000000, 1.000000000000000000 ) ) ;
#2444 = CARTESIAN_POINT ( 'NONE',  ( -8.051442841485993540, -10.00000000000045297, 16.49999999999940314 ) ) ;
#2443 = CARTESIAN_POINT ( 'NONE',  ( -3.935108105617389551, 543.2169948282682981, 23.62970090348453311 ) ) ;
#2445 = EDGE_CURVE ( 'NONE', #5206, #3394, #5067, .T. ) ;
#2447 = LINE ( 'NONE', #2026, #2165 ) ;
#2446 = DIRECTION ( 'NONE',  ( 0.8660254037844414832, 0.000000000000000000, 0.4999999999999951150 ) ) ;
#2448 = ORIENTED_EDGE ( 'NONE', *, *, #5075, .F. ) ;
#2450 = DIRECTION ( 'NONE',  ( 0.000000000000000000, 0.000000000000000000, 1.000000000000000000 ) ) ;
#2449 = DIRECTION ( 'NONE',  ( -2.373241487535919019E-16, -0.9396926207859105373, -0.3420201433256630508 ) ) ;
#2451 = EDGE_CURVE ( 'NONE', #1332, #4607, #2973, .T. ) ;
#2452 = ADVANCED_FACE ( 'NONE', ( #4591 ), #2260, .F. ) ;
#2454 = CARTESIAN_POINT ( 'NONE',  ( 10.25000000000008527, 549.7269831201855368, -6.780563709337406486 ) ) ;
#2453 = DIRECTION ( 'NONE',  ( 0.4768709627114711691, 0.3006265784832175547, -0.8259647360705590913 ) ) ;
#2455 = ORIENTED_EDGE ( 'NONE', *, *, #1195, .T. ) ;
#2456 = CARTESIAN_POINT ( 'NONE',  ( -10.00000000000000178, 534.6812074045335521, 13.12500000000105160 ) ) ;
#2457 = ADVANCED_FACE ( 'NONE', ( #434 ), #4559, .F. ) ;
#2458 = VECTOR ( 'NONE', #1158, 1000.000000000000000 ) ;
#2459 = CARTESIAN_POINT ( 'NONE',  ( 15.99999999999999645, 494.9999999999998863, -7.249999999999999112 ) ) ;
#2460 = ORIENTED_EDGE ( 'NONE', *, *, #3416, .T. ) ;
#2461 = COLOUR_RGB ( '',0.7921568627450980005, 0.8196078431372548767, 0.9333333333333333481 ) ;
#2462 = CARTESIAN_POINT ( 'NONE',  ( 10.00000000000000888, -10.00000000000045297, 13.12500000000107470 ) ) ;
#2463 = ORIENTED_EDGE ( 'NONE', *, *, #3908, .F. ) ;
#2464 = FACE_OUTER_BOUND ( 'NONE', #1476, .T. ) ;
#2465 = LINE ( 'NONE', #185, #1392 ) ;
#2466 = CARTESIAN_POINT ( 'NONE',  ( -19.99999999999756639, 506.1772654060162608, 0.000000000000000000 ) ) ;
#2467 = CARTESIAN_POINT ( 'NONE',  ( 9.999999999999998224, 548.8183743295263639, 13.12500000000105160 ) ) ;
#2468 = VERTEX_POINT ( 'NONE', #3242 ) ;
#2469 = CIRCLE ( 'NONE', #1297, 1.550000000000000266 ) ;
#2470 = EDGE_CURVE ( 'NONE', #2682, #1765, #5123, .T. ) ;
#2471 = EDGE_LOOP ( 'NONE', ( #5508, #2369, #5199, #5047 ) ) ;
#2472 = VECTOR ( 'NONE', #2373, 1000.000000000000000 ) ;
#2473 = DIRECTION ( 'NONE',  ( -6.520427397917960799E-16, -0.3420201433256629953, -0.9396926207859104263 ) ) ;
#2475 = FACE_OUTER_BOUND ( 'NONE', #5639, .T. ) ;
#2474 = CARTESIAN_POINT ( 'NONE',  ( 9.999999999999998224, 489.9999999999998863, 12.11324865405191353 ) ) ;
#2476 = VERTEX_POINT ( 'NONE', #466 ) ;
#2477 = AXIS2_PLACEMENT_3D ( 'NONE', #694, #5694, #2925 ) ;
#2478 = EDGE_CURVE ( 'NONE', #3169, #1571, #1866, .T. ) ;
#2480 = CARTESIAN_POINT ( 'NONE',  ( -16.49999999999999645, 489.9999999999998863, 7.020725942163696054 ) ) ;
#2479 = CARTESIAN_POINT ( 'NONE',  ( -19.99999999999999645, 600.0000000000000000, 15.00000000000000000 ) ) ;
#2481 = EDGE_LOOP ( 'NONE', ( #5062, #3663, #482, #4388 ) ) ;
#2482 = VECTOR ( 'NONE', #5102, 1000.000000000000000 ) ;
#2484 = CARTESIAN_POINT ( 'NONE',  ( -20.00000000000000000, 489.9999999999998863, 0.000000000000000000 ) ) ;
#2483 = CARTESIAN_POINT ( 'NONE',  ( 9.999999999999998224, 509.8099564205440402, 13.12500000000105160 ) ) ;
#2485 = AXIS2_PLACEMENT_3D ( 'NONE', #3288, #6011, #4646 ) ;
#2486 = ADVANCED_FACE ( 'NONE', ( #4314 ), #1989, .F. ) ;
#2488 = CARTESIAN_POINT ( 'NONE',  ( 6.499999999999997335, 489.9999999999998863, 7.020725942163696054 ) ) ;
#2487 = CARTESIAN_POINT ( 'NONE',  ( -3.935108105617389551, 552.6417727782636575, 23.62970090348453311 ) ) ;
#2489 = ORIENTED_EDGE ( 'NONE', *, *, #3494, .F. ) ;
#2490 = CARTESIAN_POINT ( 'NONE',  ( -3.935108105617389551, 571.4913286782542627, 23.62970090348453311 ) ) ;
#2491 = VECTOR ( 'NONE', #1659, 1000.000000000000000 ) ;
#2492 = ORIENTED_EDGE ( 'NONE', *, *, #2254, .F. ) ;
#2493 = ORIENTED_EDGE ( 'NONE', *, *, #4588, .T. ) ;
#2494 = ADVANCED_FACE ( 'NONE', ( #2418 ), #1900, .F. ) ;
#2495 = AXIS2_PLACEMENT_3D ( 'NONE', #2354, #4225, #3244 ) ;
#2496 = PLANE ( 'NONE',  #6033 ) ;
#2497 = ORIENTED_EDGE ( 'NONE', *, *, #72, .T. ) ;
#2498 = FACE_OUTER_BOUND ( 'NONE', #1048, .T. ) ;
#2499 = DIRECTION ( 'NONE',  ( 1.000000000000000000, 0.000000000000000000, -6.938893903907228378E-16 ) ) ;
#2500 = LINE ( 'NONE', #3936, #5173 ) ;
#2501 = CARTESIAN_POINT ( 'NONE',  ( -15.99999999999999645, 494.9999999999998863, -7.250000000000002665 ) ) ;
#2502 = ORIENTED_EDGE ( 'NONE', *, *, #2626, .T. ) ;
#2503 = CIRCLE ( 'NONE', #3573, 2.249999999999863221 ) ;
#2504 = VERTEX_POINT ( 'NONE', #3302 ) ;
#2505 = LINE ( 'NONE', #5799, #4660 ) ;
#2506 = VECTOR ( 'NONE', #223, 1000.000000000000114 ) ;
#2507 = LINE ( 'NONE', #526, #5758 ) ;
#2508 = VECTOR ( 'NONE', #3662, 1000.000000000000000 ) ;
#2510 = CARTESIAN_POINT ( 'NONE',  ( -15.99999999999999645, 489.9999999999998863, -7.250000000000002665 ) ) ;
#2509 = PLANE ( 'NONE',  #2588 ) ;
#2512 = LINE ( 'NONE', #3829, #3552 ) ;
#2511 = LINE ( 'NONE', #1594, #3282 ) ;
#2513 = AXIS2_PLACEMENT_3D ( 'NONE', #5825, #2527, #2067 ) ;
#2514 = EDGE_CURVE ( 'NONE', #386, #3308, #5187, .T. ) ;
#2515 = AXIS2_PLACEMENT_3D ( 'NONE', #1247, #4543, #886 ) ;
#2517 = DIRECTION ( 'NONE',  ( -6.938893903907228378E-16, 0.000000000000000000, -1.000000000000000000 ) ) ;
#2516 = PLANE ( 'NONE',  #3470 ) ;
#2518 = ORIENTED_EDGE ( 'NONE', *, *, #3122, .F. ) ;
#2519 = ADVANCED_FACE ( 'NONE', ( #4812 ), #5709, .F. ) ;
#2520 = LINE ( 'NONE', #638, #5721 ) ;
#2521 = ADVANCED_FACE ( 'NONE', ( #2475 ), #4347, .F. ) ;
#2522 = VERTEX_POINT ( 'NONE', #3793 ) ;
#2523 = DIRECTION ( 'NONE',  ( 1.000000000000000000, 0.000000000000000000, -6.938893903907228378E-16 ) ) ;
#2524 = PLANE ( 'NONE',  #4219 ) ;
#2525 = DIRECTION ( 'NONE',  ( -6.938893903907228378E-16, 0.000000000000000000, -1.000000000000000000 ) ) ;
#2526 = CARTESIAN_POINT ( 'NONE',  ( -10.25000000000008882, 586.8686935486363154, 2.500000000000000444 ) ) ;
#2527 = DIRECTION ( 'NONE',  ( 0.000000000000000000, 1.000000000000000000, 0.000000000000000000 ) ) ;
#2528 = EDGE_CURVE ( 'NONE', #3971, #2164, #989, .T. ) ;
#2529 = EDGE_CURVE ( 'NONE', #4334, #4946, #2024, .T. ) ;
#2530 = ORIENTED_EDGE ( 'NONE', *, *, #2451, .F. ) ;
#2531 = ORIENTED_EDGE ( 'NONE', *, *, #3634, .T. ) ;
#2532 = ORIENTED_EDGE ( 'NONE', *, *, #5877, .F. ) ;
#2533 = DIRECTION ( 'NONE',  ( -0.8660254037844413721, 0.000000000000000000, 0.4999999999999952260 ) ) ;
#2534 = CARTESIAN_POINT ( 'NONE',  ( 19.99999999999999645, 600.0000000000000000, 5.000000000000000000 ) ) ;
#2535 = ADVANCED_BREP_SHAPE_REPRESENTATION ( 'gantry_spine_6', ( #780, #967 ), #2320 ) ;
#2536 = EDGE_LOOP ( 'NONE', ( #917, #909 ) ) ;
#2538 = CARTESIAN_POINT ( 'NONE',  ( 10.25000000000008882, 586.8686935486363154, 2.500000000000000444 ) ) ;
#2537 = CARTESIAN_POINT ( 'NONE',  ( 15.13397459621555541, 489.9999999999998863, 14.49999999999999822 ) ) ;
#2540 = CARTESIAN_POINT ( 'NONE',  ( 19.99999999999999645, 600.0000000000000000, 14.49999999999999822 ) ) ;
#2539 = DIRECTION ( 'NONE',  ( 0.000000000000000000, -0.000000000000000000, -1.000000000000000000 ) ) ;
#2542 = LINE ( 'NONE', #3958, #3633 ) ;
#2541 = CARTESIAN_POINT ( 'NONE',  ( -20.00000000000000000, 599.9999999999998863, 7.279404685324008639 ) ) ;
#2543 = EDGE_LOOP ( 'NONE', ( #693, #4153, #3234, #2017 ) ) ;
#2544 = CARTESIAN_POINT ( 'NONE',  ( -16.50000000000000000, 600.0000000000000000, 9.979274057836338585 ) ) ;
#2545 = VERTEX_POINT ( 'NONE', #5646 ) ;
#2546 = CARTESIAN_POINT ( 'NONE',  ( 8.483226407164680793, 493.2259033603329499, 15.75212892637067874 ) ) ;
#2547 = EDGE_CURVE ( 'NONE', #1106, #2504, #1029, .T. ) ;
#2548 = PLANE ( 'NONE',  #6004 ) ;
#2549 = VECTOR ( 'NONE', #5550, 1000.000000000000000 ) ;
#2550 = CARTESIAN_POINT ( 'NONE',  ( 9.999999999999998224, 538.0842902705298911, 13.12500000000105160 ) ) ;
#2551 = DIRECTION ( 'NONE',  ( -0.4768709627114711691, 0.3006265784832175547, 0.8259647360705590913 ) ) ;
#2552 = FACE_OUTER_BOUND ( 'NONE', #2100, .T. ) ;
#2553 = ORIENTED_EDGE ( 'NONE', *, *, #950, .F. ) ;
#2554 = VERTEX_POINT ( 'NONE', #3365 ) ;
#2555 = VECTOR ( 'NONE', #4482, 1000.000000000000000 ) ;
#2556 = EDGE_CURVE ( 'NONE', #635, #249, #4288, .T. ) ;
#2557 = ORIENTED_EDGE ( 'NONE', *, *, #1745, .T. ) ;
#2558 = CARTESIAN_POINT ( 'NONE',  ( -18.25000000000008527, 562.4307431261825059, -5.603677273419772398 ) ) ;
#2559 = VECTOR ( 'NONE', #3034, 1000.000000000000000 ) ;
#2560 = DIRECTION ( 'NONE',  ( -1.000000000000000000, 0.000000000000000000, 0.000000000000000000 ) ) ;
#2561 = VECTOR ( 'NONE', #3018, 1000.000000000000000 ) ;
#2562 = EDGE_CURVE ( 'NONE', #3764, #4309, #1020, .T. ) ;
#2563 = ORIENTED_EDGE ( 'NONE', *, *, #4141, .F. ) ;
#2565 = CARTESIAN_POINT ( 'NONE',  ( 9.999999999999998224, 561.6462351455180624, 13.12500000000105160 ) ) ;
#2564 = DIRECTION ( 'NONE',  ( -0.000000000000000000, 1.000000000000000000, -0.000000000000000000 ) ) ;
#2566 = ORIENTED_EDGE ( 'NONE', *, *, #1148, .T. ) ;
#2568 = DIRECTION ( 'NONE',  ( -0.8660254037844407060, 0.000000000000000000, -0.4999999999999966138 ) ) ;
#2567 = CARTESIAN_POINT ( 'NONE',  ( 10.00000000000000178, 587.7458856701554168, 16.49999999999940314 ) ) ;
#2569 = AXIS2_PLACEMENT_3D ( 'NONE', #2154, #4956, #2182 ) ;
#2570 = CIRCLE ( 'NONE', #6024, 0.5000000000000004441 ) ;
#2572 = DIRECTION ( 'NONE',  ( -2.373241487535919019E-16, -0.9396926207859105373, -0.3420201433256630508 ) ) ;
#2571 = FACE_OUTER_BOUND ( 'NONE', #1134, .T. ) ;
#2573 = ORIENTED_EDGE ( 'NONE', *, *, #2969, .F. ) ;
#2574 = LINE ( 'NONE', #347, #40 ) ;
#2575 = AXIS2_PLACEMENT_3D ( 'NONE', #563, #130, #1503 ) ;
#2576 = EDGE_LOOP ( 'NONE', ( #4994, #979 ) ) ;
#2577 = DIRECTION ( 'NONE',  ( 0.000000000000000000, -1.000000000000000000, 0.000000000000000000 ) ) ;
#2578 = VECTOR ( 'NONE', #918, 1000.000000000000000 ) ;
#2580 = DIRECTION ( 'NONE',  ( 1.000000000000000000, 0.000000000000000000, -6.938893903907228378E-16 ) ) ;
#2579 = DIRECTION ( 'NONE',  ( -1.000000000000000000, 0.000000000000000000, 6.938893903907228378E-16 ) ) ;
#2581 = VECTOR ( 'NONE', #263, 1000.000000000000000 ) ;
#2582 = DIRECTION ( 'NONE',  ( -0.000000000000000000, 1.000000000000000000, -0.000000000000000000 ) ) ;
#2583 = CYLINDRICAL_SURFACE ( 'NONE', #3972, 0.5000000000000004441 ) ;
#2584 = LINE ( 'NONE', #2156, #5959 ) ;
#2585 = ORIENTED_EDGE ( 'NONE', *, *, #3462, .T. ) ;
#2586 = ADVANCED_FACE ( 'NONE', ( #527 ), #3332, .T. ) ;
#2587 = APPLICATION_CONTEXT ( 'automotive_design' ) ;
#2588 = AXIS2_PLACEMENT_3D ( 'NONE', #2884, #4754, #566 ) ;
#2589 = ORIENTED_EDGE ( 'NONE', *, *, #4436, .F. ) ;
#2590 = CARTESIAN_POINT ( 'NONE',  ( -6.499999999999997335, 503.9999999999998863, 5.470725942163696232 ) ) ;
#2591 = VECTOR ( 'NONE', #899, 1000.000000000000114 ) ;
#2592 = EDGE_CURVE ( 'NONE', #4760, #4449, #592, .T. ) ;
#2593 = CARTESIAN_POINT ( 'NONE',  ( 19.99999999999999645, 593.7373870972729719, 5.000000000000000000 ) ) ;
#2594 = EDGE_LOOP ( 'NONE', ( #3236, #1867, #1641, #5260, #3510, #1620, #3450, #3797 ) ) ;
#2595 = EDGE_CURVE ( 'NONE', #3686, #3394, #4256, .T. ) ;
#2596 = VECTOR ( 'NONE', #4874, 1000.000000000000114 ) ;
#2597 = ORIENTED_EDGE ( 'NONE', *, *, #5671, .T. ) ;
#2599 = PLANE ( 'NONE',  #3545 ) ;
#2598 = CARTESIAN_POINT ( 'NONE',  ( 9.999999999999998224, 523.9471233455369656, 13.12500000000105160 ) ) ;
#2601 = LINE ( 'NONE', #4527, #2386 ) ;
#2600 = DIRECTION ( 'NONE',  ( -0.000000000000000000, 1.000000000000000000, -0.000000000000000000 ) ) ;
#2602 = EDGE_CURVE ( 'NONE', #2378, #5504, #3779, .T. ) ;
#2603 = EDGE_CURVE ( 'NONE', #3686, #5499, #4678, .T. ) ;
#2604 = VECTOR ( 'NONE', #3945, 1000.000000000000000 ) ;
#2606 = CARTESIAN_POINT ( 'NONE',  ( 10.00000000000000178, 499.1475340859506105, 16.52539999999935816 ) ) ;
#2605 = DIRECTION ( 'NONE',  ( -0.4999999999999950040, 0.000000000000000000, -0.8660254037844414832 ) ) ;
#2607 = ORIENTED_EDGE ( 'NONE', *, *, #4398, .T. ) ;
#2608 = AXIS2_PLACEMENT_3D ( 'NONE', #5390, #1248, #4988 ) ;
#2609 = ORIENTED_EDGE ( 'NONE', *, *, #3092, .T. ) ;
#2610 = FACE_OUTER_BOUND ( 'NONE', #837, .T. ) ;
#2611 =( NAMED_UNIT ( * ) SI_UNIT ( $, .STERADIAN. ) SOLID_ANGLE_UNIT ( ) );
#2612 = VECTOR ( 'NONE', #4075, 1000.000000000000114 ) ;
#2613 = DIRECTION ( 'NONE',  ( 0.000000000000000000, 1.000000000000000000, 0.000000000000000000 ) ) ;
#2615 = CARTESIAN_POINT ( 'NONE',  ( -18.25000000000008882, 579.9999999999997726, -2.000000000000034639 ) ) ;
#2614 = DIRECTION ( 'NONE',  ( -0.4768709627114696148, -0.3006265784832180543, -0.8259647360705598684 ) ) ;
#2616 = DIRECTION ( 'NONE',  ( -0.4768709627114711691, 0.3006265784832175547, 0.8259647360705590913 ) ) ;
#2617 = DIRECTION ( 'NONE',  ( 1.000000000000000000, 0.000000000000000000, 0.000000000000000000 ) ) ;
#2618 = CARTESIAN_POINT ( 'NONE',  ( -3.935108105617389551, 524.3674389282778066, 23.62970090348453311 ) ) ;
#2619 = ORIENTED_EDGE ( 'NONE', *, *, #2874, .T. ) ;
#2620 = ORIENTED_EDGE ( 'NONE', *, *, #1116, .T. ) ;
#2621 = ORIENTED_EDGE ( 'NONE', *, *, #4358, .T. ) ;
#2622 = DIRECTION ( 'NONE',  ( 0.4768709627114711691, 0.3006265784832175547, -0.8259647360705590913 ) ) ;
#2623 = CARTESIAN_POINT ( 'NONE',  ( 20.00000000000000000, 600.0000000000000000, 0.000000000000000000 ) ) ;
#2624 = EDGE_LOOP ( 'NONE', ( #3697, #725, #3385, #2791 ) ) ;
#2625 = VERTEX_POINT ( 'NONE', #6047 ) ;
#2626 = EDGE_CURVE ( 'NONE', #2378, #5474, #1828, .T. ) ;
#2628 = CARTESIAN_POINT ( 'NONE',  ( -18.25000000000008527, 560.1807431261826196, -5.603677273419772398 ) ) ;
#2627 = DIRECTION ( 'NONE',  ( -1.000000000000000000, 0.000000000000000000, 6.938893903907228378E-16 ) ) ;
#2630 = DIRECTION ( 'NONE',  ( -1.000000000000000000, 0.000000000000000000, 6.938893903907228378E-16 ) ) ;
#2629 = DIRECTION ( 'NONE',  ( -2.373241487535919019E-16, -0.9396926207859105373, -0.3420201433256630508 ) ) ;
#2631 = ADVANCED_FACE ( 'NONE', ( #5055 ), #2343, .T. ) ;
#2633 = FACE_OUTER_BOUND ( 'NONE', #4698, .T. ) ;
#2632 = DIRECTION ( 'NONE',  ( 0.4768709627114696148, -0.3006265784832180543, 0.8259647360705598684 ) ) ;
#2634 = VERTEX_POINT ( 'NONE', #421 ) ;
#2635 = ORIENTED_EDGE ( 'NONE', *, *, #4928, .T. ) ;
#2636 = LINE ( 'NONE', #3106, #5130 ) ;
#2637 = CARTESIAN_POINT ( 'NONE',  ( 15.99999999999999645, 494.9999999999998863, -5.000000000000004441 ) ) ;
#2638 = EDGE_CURVE ( 'NONE', #5570, #1059, #5141, .T. ) ;
#2640 = LINE ( 'NONE', #5449, #1381 ) ;
#2639 = DIRECTION ( 'NONE',  ( -6.369737627305168292E-17, -0.5272794551534153440, 0.8496919301565230009 ) ) ;
#2641 = EDGE_LOOP ( 'NONE', ( #2099, #685, #4119, #5072 ) ) ;
#2642 = CARTESIAN_POINT ( 'NONE',  ( -14.99999999999999645, 600.0000000000000000, 15.00000000000000000 ) ) ;
#2643 = DIRECTION ( 'NONE',  ( 0.000000000000000000, 0.000000000000000000, -1.000000000000000000 ) ) ;
#2644 = LINE ( 'NONE', #1727, #2119 ) ;
#2645 = ORIENTED_EDGE ( 'NONE', *, *, #1444, .T. ) ;
#2646 = VERTEX_POINT ( 'NONE', #946 ) ;
#2647 = VERTEX_POINT ( 'NONE', #3229 ) ;
#2648 = DIRECTION ( 'NONE',  ( 1.000000000000000000, 0.000000000000000000, -6.938893903907228378E-16 ) ) ;
#2649 = DIRECTION ( 'NONE',  ( -1.000000000000000000, 1.383500721948037739E-16, 1.088838682103976689E-17 ) ) ;
#2650 = VERTEX_POINT ( 'NONE', #455 ) ;
#2651 = CIRCLE ( 'NONE', #2264, 6.000000000000005329 ) ;
#2652 = ORIENTED_EDGE ( 'NONE', *, *, #5041, .T. ) ;
#2653 = AXIS2_PLACEMENT_3D ( 'NONE', #2488, #1065, #5783 ) ;
#2655 = CARTESIAN_POINT ( 'NONE',  ( 9.999999999999998224, 553.5307633045241573, 13.12500000000105160 ) ) ;
#2654 = DIRECTION ( 'NONE',  ( -6.938893903907228378E-16, 0.000000000000000000, -1.000000000000000000 ) ) ;
#2657 = DIRECTION ( 'NONE',  ( -0.000000000000000000, -1.000000000000000000, -0.000000000000000000 ) ) ;
#2656 = DIRECTION ( 'NONE',  ( -1.000000000000000000, 0.000000000000000000, 0.000000000000000000 ) ) ;
#2658 = VECTOR ( 'NONE', #2840, 1000.000000000000000 ) ;
#2659 = EDGE_CURVE ( 'NONE', #5556, #927, #5576, .T. ) ;
#2661 = FACE_OUTER_BOUND ( 'NONE', #3827, .T. ) ;
#2660 = DIRECTION ( 'NONE',  ( -0.000000000000000000, 1.000000000000000000, -0.000000000000000000 ) ) ;
#2662 = ORIENTED_EDGE ( 'NONE', *, *, #709, .T. ) ;
#2663 = VECTOR ( 'NONE', #3132, 1000.000000000000000 ) ;
#2664 = ORIENTED_EDGE ( 'NONE', *, *, #2547, .T. ) ;
#2665 = CARTESIAN_POINT ( 'NONE',  ( 6.499999999999997335, 489.9999999999998863, 7.020725942163696054 ) ) ;
#2666 = EDGE_CURVE ( 'NONE', #980, #183, #4208, .T. ) ;
#2667 = EDGE_CURVE ( 'NONE', #3185, #4087, #3257, .T. ) ;
#2668 = VECTOR ( 'NONE', #5001, 1000.000000000000114 ) ;
#2669 = CARTESIAN_POINT ( 'NONE',  ( -10.00000000000000178, -10.00000000000045297, 13.12500000000105160 ) ) ;
#2671 = CARTESIAN_POINT ( 'NONE',  ( -10.00000000000000178, 552.2214571955228166, 13.12500000000105160 ) ) ;
#2670 = LINE ( 'NONE', #1691, #3268 ) ;
#2672 = ORIENTED_EDGE ( 'NONE', *, *, #2342, .T. ) ;
#2673 = ORIENTED_EDGE ( 'NONE', *, *, #6020, .T. ) ;
#2674 = CARTESIAN_POINT ( 'NONE',  ( -16.49999999999999645, 599.9999999999998863, 7.279404685324005975 ) ) ;
#2675 = DIRECTION ( 'NONE',  ( -1.000000000000000000, 1.383500721948037739E-16, 1.088838682103976535E-17 ) ) ;
#2676 = VECTOR ( 'NONE', #3206, 1000.000000000000000 ) ;
#2677 = LINE ( 'NONE', #5084, #865 ) ;
#2678 = VERTEX_POINT ( 'NONE', #4579 ) ;
#2679 = EDGE_CURVE ( 'NONE', #5238, #1767, #437, .T. ) ;
#2680 = AXIS2_PLACEMENT_3D ( 'NONE', #2828, #1875, #2858 ) ;
#2681 = ORIENTED_EDGE ( 'NONE', *, *, #5768, .T. ) ;
#2682 = VERTEX_POINT ( 'NONE', #1365 ) ;
#2683 = ORIENTED_EDGE ( 'NONE', *, *, #2911, .F. ) ;
#2684 = DIRECTION ( 'NONE',  ( -2.373241487535919019E-16, -0.9396926207859105373, -0.3420201433256630508 ) ) ;
#2685 = DIRECTION ( 'NONE',  ( 0.000000000000000000, 0.000000000000000000, -1.000000000000000000 ) ) ;
#2686 = ORIENTED_EDGE ( 'NONE', *, *, #1703, .F. ) ;
#2687 = EDGE_LOOP ( 'NONE', ( #5888, #2123, #4570, #3275 ) ) ;
#2688 = VECTOR ( 'NONE', #1112, 1000.000000000000000 ) ;
#2689 = ORIENTED_EDGE ( 'NONE', *, *, #4141, .T. ) ;
#2690 = VECTOR ( 'NONE', #1404, 1000.000000000000000 ) ;
#2692 = CARTESIAN_POINT ( 'NONE',  ( 15.13397459621555541, 600.0000000000000000, 14.49999999999999822 ) ) ;
#2691 = PLANE ( 'NONE',  #849 ) ;
#2694 = CARTESIAN_POINT ( 'NONE',  ( 19.49999999999999645, 489.9999999999998863, 15.00000000000000000 ) ) ;
#2693 = FACE_OUTER_BOUND ( 'NONE', #1174, .T. ) ;
#2695 = AXIS2_PLACEMENT_3D ( 'NONE', #4433, #1668, #4963 ) ;
#2697 = CARTESIAN_POINT ( 'NONE',  ( 8.051442841485993540, -10.00000000000045297, 16.49999999999942091 ) ) ;
#2696 = CARTESIAN_POINT ( 'NONE',  ( 18.25000000000008527, 549.7269831201855368, -6.780563709337406486 ) ) ;
#2698 = ORIENTED_EDGE ( 'NONE', *, *, #511, .F. ) ;
#2699 = ORIENTED_EDGE ( 'NONE', *, *, #3462, .F. ) ;
#2700 = CARTESIAN_POINT ( 'NONE',  ( 10.00000000000000178, 599.9999999999998863, 16.49999999999940314 ) ) ;
#2701 = VECTOR ( 'NONE', #620, 1000.000000000000000 ) ;
#2702 = ORIENTED_EDGE ( 'NONE', *, *, #4809, .F. ) ;
#2703 = EDGE_CURVE ( 'NONE', #863, #1893, #2771, .T. ) ;
#2704 = AXIS2_PLACEMENT_3D ( 'NONE', #1982, #1954, #983 ) ;
#2706 = PLANE ( 'NONE',  #719 ) ;
#2705 = CARTESIAN_POINT ( 'NONE',  ( 10.25000000000008882, 586.8686935486363154, 2.500000000000000444 ) ) ;
#2707 = ORIENTED_EDGE ( 'NONE', *, *, #2085, .T. ) ;
#2708 = ORIENTED_EDGE ( 'NONE', *, *, #5484, .T. ) ;
#2709 = LINE ( 'NONE', #4483, #5522 ) ;
#2710 = EDGE_CURVE ( 'NONE', #4625, #880, #2806, .T. ) ;
#2711 = FACE_BOUND ( 'NONE', #107, .T. ) ;
#2712 = CARTESIAN_POINT ( 'NONE',  ( -3.935108105617389551, 595.0532735532424340, 23.62970090348453311 ) ) ;
#2713 = ORIENTED_EDGE ( 'NONE', *, *, #1015, .T. ) ;
#2714 = CARTESIAN_POINT ( 'NONE',  ( -10.00000000000000178, -10.00000000000045297, 13.12500000000105160 ) ) ;
#2715 = ORIENTED_EDGE ( 'NONE', *, *, #1846, .F. ) ;
#2716 = EDGE_CURVE ( 'NONE', #4309, #4647, #1342, .T. ) ;
#2717 = VECTOR ( 'NONE', #3138, 1000.000000000000114 ) ;
#2718 = ORIENTED_EDGE ( 'NONE', *, *, #1480, .T. ) ;
#2719 = CARTESIAN_POINT ( 'NONE',  ( 9.999999999999998224, 542.7966792455275709, 13.12500000000105160 ) ) ;
#2720 = EDGE_CURVE ( 'NONE', #5556, #2379, #392, .T. ) ;
#2721 = CARTESIAN_POINT ( 'NONE',  ( -10.00000000000000178, 542.7966792455275709, 13.12500000000105160 ) ) ;
#2722 = ORIENTED_EDGE ( 'NONE', *, *, #1657, .T. ) ;
#2723 = ORIENTED_EDGE ( 'NONE', *, *, #5163, .T. ) ;
#2724 = EDGE_LOOP ( 'NONE', ( #2928, #1507, #1973, #2635 ) ) ;
#2725 = ADVANCED_FACE ( 'NONE', ( #5600 ), #5086, .F. ) ;
#2726 = DIRECTION ( 'NONE',  ( -1.000000000000000000, 0.000000000000000000, 6.938893903907228378E-16 ) ) ;
#2728 = DIRECTION ( 'NONE',  ( 6.520427397917960799E-16, -0.3420201433256629953, 0.9396926207859104263 ) ) ;
#2727 = DIRECTION ( 'NONE',  ( -2.373241487535919019E-16, 0.9396926207859105373, -0.3420201433256630508 ) ) ;
#2730 = CARTESIAN_POINT ( 'NONE',  ( -10.00000000000000178, -10.00000000000045297, 13.12500000000105160 ) ) ;
#2729 = FACE_OUTER_BOUND ( 'NONE', #393, .T. ) ;
#2731 = ORIENTED_EDGE ( 'NONE', *, *, #1251, .F. ) ;
#2732 = DIRECTION ( 'NONE',  ( 0.000000000000000000, 1.000000000000000000, 0.000000000000000000 ) ) ;
#2733 = EDGE_CURVE ( 'NONE', #509, #1538, #4610, .T. ) ;
#2734 = ORIENTED_EDGE ( 'NONE', *, *, #1110, .F. ) ;
#2736 = DIRECTION ( 'NONE',  ( 1.000000000000000000, 2.655704102691907542E-17, -3.374392004751322669E-16 ) ) ;
#2735 = CARTESIAN_POINT ( 'NONE',  ( 10.00000000000000178, 599.9999999999998863, 16.49999999999940314 ) ) ;
#2737 = VERTEX_POINT ( 'NONE', #3714 ) ;
#2738 = LINE ( 'NONE', #3254, #232 ) ;
#2739 = CYLINDRICAL_SURFACE ( 'NONE', #662, 4.000000000000000888 ) ;
#2740 = CARTESIAN_POINT ( 'NONE',  ( -18.25000000000008171, 529.5113822919836366, -4.164807959046417441E-16 ) ) ;
#2741 = ORIENTED_EDGE ( 'NONE', *, *, #5983, .T. ) ;
#2742 = ADVANCED_FACE ( 'NONE', ( #2282 ), #513, .T. ) ;
#2743 = CARTESIAN_POINT ( 'NONE',  ( 9.999999999999998224, 599.3453469454992728, 13.12500000000105160 ) ) ;
#2744 = ORIENTED_EDGE ( 'NONE', *, *, #5182, .T. ) ;
#2745 = FACE_OUTER_BOUND ( 'NONE', #3802, .T. ) ;
#2746 = FACE_BOUND ( 'NONE', #5295, .T. ) ;
#2747 = ADVANCED_FACE ( 'NONE', ( #1919 ), #1309, .T. ) ;
#2748 = ORIENTED_EDGE ( 'NONE', *, *, #3869, .F. ) ;
#2749 = CARTESIAN_POINT ( 'NONE',  ( 10.00000000000000178, 508.5815568798961408, 16.49999999999940314 ) ) ;
#2750 = ORIENTED_EDGE ( 'NONE', *, *, #4252, .T. ) ;
#2752 = DIRECTION ( 'NONE',  ( 0.000000000000000000, 1.000000000000000000, 0.000000000000000000 ) ) ;
#2751 = DIRECTION ( 'NONE',  ( 1.000000000000000000, 1.383500721948037739E-16, 1.088838682103976689E-17 ) ) ;
#2753 = EDGE_CURVE ( 'NONE', #3300, #5058, #5274, .T. ) ;
#2754 = AXIS2_PLACEMENT_3D ( 'NONE', #4638, #5625, #2244 ) ;
#2756 = CARTESIAN_POINT ( 'NONE',  ( 10.00000000000000888, -10.00000000000045297, 13.12500000000107470 ) ) ;
#2755 = CARTESIAN_POINT ( 'NONE',  ( -18.25000000000008527, 547.4769831201855368, -6.780563709337406486 ) ) ;
#2757 = ORIENTED_EDGE ( 'NONE', *, *, #623, .F. ) ;
#2758 = CARTESIAN_POINT ( 'NONE',  ( -10.25000000000008171, 529.5113822919836366, -3.293737013363235597E-16 ) ) ;
#2759 = VECTOR ( 'NONE', #1000, 1000.000000000000000 ) ;
#2760 = VECTOR ( 'NONE', #3124, 1000.000000000000000 ) ;
#2761 = VERTEX_POINT ( 'NONE', #4335 ) ;
#2763 = DIRECTION ( 'NONE',  ( 1.000000000000000000, 0.000000000000000000, -6.938893903907228378E-16 ) ) ;
#2762 = LINE ( 'NONE', #2335, #3956 ) ;
#2764 = ORIENTED_EDGE ( 'NONE', *, *, #5960, .F. ) ;
#2765 = ORIENTED_EDGE ( 'NONE', *, *, #3982, .F. ) ;
#2766 = DIRECTION ( 'NONE',  ( 0.4768709627114696148, -0.3006265784832180543, 0.8259647360705598684 ) ) ;
#2767 = CARTESIAN_POINT ( 'NONE',  ( 8.051442841485993540, -10.00000000000045297, 16.49999999999942091 ) ) ;
#2768 = EDGE_CURVE ( 'NONE', #3630, #4981, #3841, .T. ) ;
#2769 = ORIENTED_EDGE ( 'NONE', *, *, #5307, .T. ) ;
#2770 = VECTOR ( 'NONE', #5883, 1000.000000000000000 ) ;
#2771 = LINE ( 'NONE', #890, #4845 ) ;
#2772 = ORIENTED_EDGE ( 'NONE', *, *, #3197, .F. ) ;
#2773 = VECTOR ( 'NONE', #4228, 1000.000000000000000 ) ;
#2774 = CARTESIAN_POINT ( 'NONE',  ( 9.999999999999998224, 519.2347343705392859, 13.12500000000105160 ) ) ;
#2775 = DIRECTION ( 'NONE',  ( -0.000000000000000000, 1.000000000000000000, -0.000000000000000000 ) ) ;
#2776 = ADVANCED_FACE ( 'NONE', ( #3907, #3443 ), #5732, .T. ) ;
#2777 = ORIENTED_EDGE ( 'NONE', *, *, #3873, .T. ) ;
#2778 = VECTOR ( 'NONE', #2752, 1000.000000000000000 ) ;
#2779 = EDGE_LOOP ( 'NONE', ( #2681, #1082 ) ) ;
#2780 = EDGE_CURVE ( 'NONE', #1268, #580, #4863, .T. ) ;
#2781 = CARTESIAN_POINT ( 'NONE',  ( -10.00000000000000178, 500.3851784705487376, 13.12500000000105160 ) ) ;
#2782 = AXIS2_PLACEMENT_3D ( 'NONE', #2705, #2639, #728 ) ;
#2783 = ORIENTED_EDGE ( 'NONE', *, *, #285, .T. ) ;
#2785 = CARTESIAN_POINT ( 'NONE',  ( 6.499999999999997335, 503.9999999999998863, 7.020725942163696054 ) ) ;
#2784 = CARTESIAN_POINT ( 'NONE',  ( 8.483226407164680793, 537.1280935397516032, 15.75212892637067874 ) ) ;
#2786 = EDGE_CURVE ( 'NONE', #3169, #3198, #1575, .T. ) ;
#2787 = AXIS2_PLACEMENT_3D ( 'NONE', #6060, #8, #1842 ) ;
#2789 = PLANE ( 'NONE',  #5315 ) ;
#2788 = PLANE ( 'NONE',  #942 ) ;
#2790 = VERTEX_POINT ( 'NONE', #2011 ) ;
#2791 = ORIENTED_EDGE ( 'NONE', *, *, #2213, .T. ) ;
#2792 = CARTESIAN_POINT ( 'NONE',  ( 10.00000000000000178, 517.0600510451906757, 16.49999999999940314 ) ) ;
#2793 = ADVANCED_FACE ( 'NONE', ( #1950 ), #3878, .F. ) ;
#2794 = EDGE_CURVE ( 'NONE', #5238, #5557, #2868, .T. ) ;
#2795 = VECTOR ( 'NONE', #1053, 1000.000000000000114 ) ;
#2796 = AXIS2_PLACEMENT_3D ( 'NONE', #1578, #1609, #1639 ) ;
#2797 = ORIENTED_EDGE ( 'NONE', *, *, #4733, .F. ) ;
#2798 = ADVANCED_FACE ( 'NONE', ( #5698 ), #1491, .T. ) ;
#2800 = FACE_BOUND ( 'NONE', #3303, .T. ) ;
#2799 = DIRECTION ( 'NONE',  ( 0.000000000000000000, -1.000000000000000000, 0.000000000000000000 ) ) ;
#2801 = ORIENTED_EDGE ( 'NONE', *, *, #1251, .T. ) ;
#2802 = VERTEX_POINT ( 'NONE', #2956 ) ;
#2803 = LINE ( 'NONE', #944, #4632 ) ;
#2804 = LINE ( 'NONE', #119, #571 ) ;
#2805 = VECTOR ( 'NONE', #3269, 1000.000000000000114 ) ;
#2806 = LINE ( 'NONE', #3745, #3854 ) ;
#2807 = ORIENTED_EDGE ( 'NONE', *, *, #2916, .F. ) ;
#2808 = ORIENTED_EDGE ( 'NONE', *, *, #1857, .F. ) ;
#2809 = CARTESIAN_POINT ( 'NONE',  ( 6.499999999999997335, 503.9999999999998863, 8.570725942163695876 ) ) ;
#2810 = LINE ( 'NONE', #2466, #458 ) ;
#2811 = CIRCLE ( 'NONE', #962, 4.000000000000000000 ) ;
#2812 = DIRECTION ( 'NONE',  ( 0.8660254037844415942, 0.000000000000000000, -0.4999999999999950595 ) ) ;
#2813 = EDGE_LOOP ( 'NONE', ( #362, #1645, #1477, #1205 ) ) ;
#2814 = ORIENTED_EDGE ( 'NONE', *, *, #1874, .T. ) ;
#2815 = VECTOR ( 'NONE', #2866, 1000.000000000000000 ) ;
#2816 = VECTOR ( 'NONE', #5685, 1000.000000000000114 ) ;
#2817 = EDGE_LOOP ( 'NONE', ( #5281, #2645, #3140, #1783 ) ) ;
#2818 = PLANE ( 'NONE',  #5547 ) ;
#2820 = CARTESIAN_POINT ( 'NONE',  ( -10.00000000000000178, 599.9999999999998863, 13.12500000000105160 ) ) ;
#2819 = DIRECTION ( 'NONE',  ( -6.938893903907228378E-16, 0.000000000000000000, -1.000000000000000000 ) ) ;
#2821 = EDGE_CURVE ( 'NONE', #635, #151, #207, .T. ) ;
#2823 = LINE ( 'NONE', #1869, #1781 ) ;
#2822 = DIRECTION ( 'NONE',  ( -0.000000000000000000, 1.000000000000000000, -0.000000000000000000 ) ) ;
#2824 = EDGE_LOOP ( 'NONE', ( #3836, #379, #5725, #2224, #3737, #2830, #5817, #5937 ) ) ;
#2825 = DIRECTION ( 'NONE',  ( -0.000000000000000000, 1.000000000000000000, -0.000000000000000000 ) ) ;
#2826 = EDGE_CURVE ( 'NONE', #5570, #345, #339, .T. ) ;
#2827 = ORIENTED_EDGE ( 'NONE', *, *, #2232, .T. ) ;
#2829 = CARTESIAN_POINT ( 'NONE',  ( -15.99999999999999645, 494.9999999999998863, -9.000000000000001776 ) ) ;
#2828 = CARTESIAN_POINT ( 'NONE',  ( -18.25000000000008527, 562.9014977005494984, -11.58518127581853818 ) ) ;
#2830 = ORIENTED_EDGE ( 'NONE', *, *, #6065, .T. ) ;
#2831 = ORIENTED_EDGE ( 'NONE', *, *, #785, .F. ) ;
#2832 = CARTESIAN_POINT ( 'NONE',  ( 10.00000000000000178, 592.4582746451529829, 16.49999999999940314 ) ) ;
#2833 = CARTESIAN_POINT ( 'NONE',  ( 9.999999999999998224, 501.6944845795500214, 13.12500000000105160 ) ) ;
#2834 = VERTEX_POINT ( 'NONE', #1553 ) ;
#2835 = EDGE_CURVE ( 'NONE', #395, #3378, #1462, .T. ) ;
#2836 = CARTESIAN_POINT ( 'NONE',  ( 10.00000000000000178, 550.0467738701742064, 16.49999999999940314 ) ) ;
#2837 = ORIENTED_EDGE ( 'NONE', *, *, #3397, .F. ) ;
#2838 = ORIENTED_EDGE ( 'NONE', *, *, #4164, .T. ) ;
#2839 = ORIENTED_EDGE ( 'NONE', *, *, #4691, .F. ) ;
#2840 = DIRECTION ( 'NONE',  ( -1.000000000000000000, 0.000000000000000000, 6.938893903907228378E-16 ) ) ;
#2841 = CARTESIAN_POINT ( 'NONE',  ( 10.00000000000000178, 560.4085907609199921, 16.52539999999935816 ) ) ;
#2842 = DIRECTION ( 'NONE',  ( 0.000000000000000000, 1.000000000000000000, 0.000000000000000000 ) ) ;
#2843 = ORIENTED_EDGE ( 'NONE', *, *, #5358, .F. ) ;
#2844 = ORIENTED_EDGE ( 'NONE', *, *, #3164, .T. ) ;
#2845 = ORIENTED_EDGE ( 'NONE', *, *, #5505, .T. ) ;
#2846 = CARTESIAN_POINT ( 'NONE',  ( 10.00000000000000888, -10.00000000000045297, 13.12500000000107470 ) ) ;
#2848 = DIRECTION ( 'NONE',  ( -1.000000000000000000, 1.383500721948037739E-16, 1.088838682103976535E-17 ) ) ;
#2847 = DIRECTION ( 'NONE',  ( -0.000000000000000000, 1.000000000000000000, -0.000000000000000000 ) ) ;
#2849 = ADVANCED_FACE ( 'NONE', ( #91 ), #643, .F. ) ;
#2851 = CARTESIAN_POINT ( 'NONE',  ( 10.00000000000000178, 513.2939458548938774, 16.49999999999940314 ) ) ;
#2850 = LINE ( 'NONE', #3430, #4547 ) ;
#2852 = ORIENTED_EDGE ( 'NONE', *, *, #4250, .F. ) ;
#2854 = DIRECTION ( 'NONE',  ( 0.4768709627114711691, 0.3006265784832175547, -0.8259647360705590913 ) ) ;
#2853 = DIRECTION ( 'NONE',  ( -1.000000000000000000, 0.000000000000000000, 6.938893903907228378E-16 ) ) ;
#2855 = ADVANCED_FACE ( 'NONE', ( #5239 ), #2496, .T. ) ;
#2856 = VECTOR ( 'NONE', #1301, 1000.000000000000114 ) ;
#2857 = ORIENTED_EDGE ( 'NONE', *, *, #1860, .T. ) ;
#2859 = CARTESIAN_POINT ( 'NONE',  ( -10.00000000000000533, 489.9999999999998863, 12.11324865405191353 ) ) ;
#2858 = DIRECTION ( 'NONE',  ( 0.000000000000000000, -0.9969173337331280749, -0.07845909572784233454 ) ) ;
#2860 = ORIENTED_EDGE ( 'NONE', *, *, #3133, .F. ) ;
#2861 = CIRCLE ( 'NONE', #1014, 2.249999999999995115 ) ;
#2862 = ADVANCED_FACE ( 'NONE', ( #3354 ), #1041, .F. ) ;
#2863 = VERTEX_POINT ( 'NONE', #4303 ) ;
#2864 = CARTESIAN_POINT ( 'NONE',  ( 8.051442841485993540, -10.00000000000045297, 16.49999999999942091 ) ) ;
#2865 = VERTEX_POINT ( 'NONE', #120 ) ;
#2866 = DIRECTION ( 'NONE',  ( -0.000000000000000000, 1.000000000000000000, -0.000000000000000000 ) ) ;
#2867 = ADVANCED_FACE ( 'NONE', ( #3965 ), #3528, .F. ) ;
#2868 = LINE ( 'NONE', #4394, #1319 ) ;
#2869 = EDGE_LOOP ( 'NONE', ( #330, #5392, #5904, #5743 ) ) ;
#2870 = LINE ( 'NONE', #4680, #3352 ) ;
#2871 = CARTESIAN_POINT ( 'NONE',  ( 9.999999999999998224, 538.0842902705298911, 13.12500000000105160 ) ) ;
#2872 = VECTOR ( 'NONE', #3202, 1000.000000000000000 ) ;
#2873 = PLANE ( 'NONE',  #1831 ) ;
#2874 = EDGE_CURVE ( 'NONE', #3323, #2965, #4021, .T. ) ;
#2875 = ADVANCED_FACE ( 'NONE', ( #5941 ), #4890, .F. ) ;
#2876 = ORIENTED_EDGE ( 'NONE', *, *, #520, .T. ) ;
#2877 = CIRCLE ( 'NONE', #1311, 1.549999999999999378 ) ;
#2878 = EDGE_LOOP ( 'NONE', ( #4640, #1949, #3220, #3920, #3508, #4080, #582, #1386, #897, #986, #2672, #1633, #1611, #2985, #2122, #88, #4336, #3539, #5036, #4673, #4304, #3488, #3411, #2330, #644, #2163, #4514, #84, #577, #131, #1549, #370, #1861, #2699, #2713, #3811, #4825, #5827, #461, #1499, #6072, #492, #1163, #4639, #572, #3485, #2036, #5588, #4277, #2061, #3571 ) ) ;
#2879 = DIRECTION ( 'NONE',  ( 0.000000000000000000, 1.000000000000000000, 0.000000000000000000 ) ) ;
#2881 = CARTESIAN_POINT ( 'NONE',  ( 9.999999999999991118, 599.9999999999998863, 5.000000000000115463 ) ) ;
#2880 = DIRECTION ( 'NONE',  ( -6.369737627305168292E-17, 0.5272794551534153440, -0.8496919301565230009 ) ) ;
#2882 = VECTOR ( 'NONE', #1407, 1000.000000000000114 ) ;
#2883 = VECTOR ( 'NONE', #318, 1000.000000000000114 ) ;
#2885 = DIRECTION ( 'NONE',  ( 0.4768709627114696148, -0.3006265784832180543, 0.8259647360705598684 ) ) ;
#2884 = CARTESIAN_POINT ( 'NONE',  ( 18.25000000000008171, 529.5113822919836366, -4.164807959046417441E-16 ) ) ;
#2886 = ORIENTED_EDGE ( 'NONE', *, *, #1522, .F. ) ;
#2888 = LINE ( 'NONE', #2921, #4044 ) ;
#2887 = CARTESIAN_POINT ( 'NONE',  ( 10.00000000000000888, -10.00000000000045297, 13.12500000000107470 ) ) ;
#2889 = VECTOR ( 'NONE', #6027, 1000.000000000000000 ) ;
#2890 = VERTEX_POINT ( 'NONE', #1605 ) ;
#2892 = PLANE ( 'NONE',  #3541 ) ;
#2891 = DIRECTION ( 'NONE',  ( -0.4768709627114696148, -0.3006265784832180543, -0.8259647360705598684 ) ) ;
#2893 = AXIS2_PLACEMENT_3D ( 'NONE', #160, #1930, #5776 ) ;
#2894 = ORIENTED_EDGE ( 'NONE', *, *, #1694, .F. ) ;
#2895 = PLANE ( 'NONE',  #631 ) ;
#2896 = CARTESIAN_POINT ( 'NONE',  ( -20.00000000000000000, 600.0000000000000000, 0.000000000000000000 ) ) ;
#2897 = VERTEX_POINT ( 'NONE', #821 ) ;
#2898 = AXIS2_PLACEMENT_3D ( 'NONE', #4095, #1397, #4123 ) ;
#2899 = VERTEX_POINT ( 'NONE', #3134 ) ;
#2900 = EDGE_CURVE ( 'NONE', #1196, #5073, #5477, .T. ) ;
#2901 = CARTESIAN_POINT ( 'NONE',  ( -10.00000000000000178, -10.00000000000045297, 13.12500000000105160 ) ) ;
#2902 = EDGE_CURVE ( 'NONE', #157, #5858, #4953, .T. ) ;
#2903 = CARTESIAN_POINT ( 'NONE',  ( -3.935108105617389551, 585.6284956032471882, 23.62970090348453311 ) ) ;
#2904 = CARTESIAN_POINT ( 'NONE',  ( -19.99999999999999645, 489.9999999999998863, 12.00000000000000000 ) ) ;
#2905 = DIRECTION ( 'NONE',  ( -1.000000000000000000, 0.000000000000000000, 6.938893903907228378E-16 ) ) ;
#2906 = DIRECTION ( 'NONE',  ( -1.000000000000000000, 0.000000000000000000, -0.000000000000000000 ) ) ;
#2907 = EDGE_LOOP ( 'NONE', ( #5384, #748, #3375, #1469 ) ) ;
#2908 = VECTOR ( 'NONE', #162, 1000.000000000000114 ) ;
#2909 = EDGE_CURVE ( 'NONE', #904, #5462, #5933, .T. ) ;
#2910 = ORIENTED_EDGE ( 'NONE', *, *, #3899, .T. ) ;
#2911 = EDGE_CURVE ( 'NONE', #1192, #5739, #1157, .T. ) ;
#2912 = AXIS2_PLACEMENT_3D ( 'NONE', #1528, #4711, #2016 ) ;
#2913 = LINE ( 'NONE', #2383, #2795 ) ;
#2915 = CARTESIAN_POINT ( 'NONE',  ( 9.999999999999998224, 496.9820956045522848, 13.12500000000105160 ) ) ;
#2914 = DIRECTION ( 'NONE',  ( 0.000000000000000000, -1.000000000000000000, 0.000000000000000000 ) ) ;
#2916 = EDGE_CURVE ( 'NONE', #2468, #2625, #291, .T. ) ;
#2918 = CARTESIAN_POINT ( 'NONE',  ( 9.999999999999998224, 586.5174861295075743, 13.12500000000105160 ) ) ;
#2917 = CARTESIAN_POINT ( 'NONE',  ( -8.051442841485993540, 597.1706636201505489, 16.49999999999940314 ) ) ;
#2919 = ORIENTED_EDGE ( 'NONE', *, *, #4323, .T. ) ;
#2921 = CARTESIAN_POINT ( 'NONE',  ( 14.99999999999999645, 489.9999999999998863, 15.00000000000000000 ) ) ;
#2920 = FACE_OUTER_BOUND ( 'NONE', #2248, .T. ) ;
#2923 = DIRECTION ( 'NONE',  ( -0.4768709627114696148, -0.3006265784832180543, -0.8259647360705598684 ) ) ;
#2922 = CARTESIAN_POINT ( 'NONE',  ( 8.483226407164680793, 490.0042037897751470, 15.75212892637067874 ) ) ;
#2924 = EDGE_LOOP ( 'NONE', ( #2239, #1612, #4916, #4468, #4936, #1400, #641 ) ) ;
#2925 = DIRECTION ( 'NONE',  ( 0.000000000000000000, -1.000000000000000000, 0.000000000000000000 ) ) ;
#2926 = DIRECTION ( 'NONE',  ( -0.4768709627114696148, -0.3006265784832180543, -0.8259647360705598684 ) ) ;
#2927 = ORIENTED_EDGE ( 'NONE', *, *, #5993, .T. ) ;
#2928 = ORIENTED_EDGE ( 'NONE', *, *, #3133, .T. ) ;
#2929 = DIRECTION ( 'NONE',  ( -1.000000000000000000, 0.000000000000000000, 6.938893903907228378E-16 ) ) ;
#2930 = ORIENTED_EDGE ( 'NONE', *, *, #2106, .T. ) ;
#2931 = PLANE ( 'NONE',  #1007 ) ;
#2932 = PLANE ( 'NONE',  #4427 ) ;
#2933 = CARTESIAN_POINT ( 'NONE',  ( 10.00000000000000178, 568.8963297701648116, 16.49999999999940314 ) ) ;
#2934 = LINE ( 'NONE', #5637, #5763 ) ;
#2935 = VERTEX_POINT ( 'NONE', #5412 ) ;
#2936 = EDGE_CURVE ( 'NONE', #4334, #5444, #1721, .T. ) ;
#2937 = ORIENTED_EDGE ( 'NONE', *, *, #5992, .F. ) ;
#2938 = PLANE ( 'NONE',  #2398 ) ;
#2940 = DIRECTION ( 'NONE',  ( -6.938893903907228378E-16, 0.000000000000000000, 1.000000000000000000 ) ) ;
#2939 = LINE ( 'NONE', #1471, #4375 ) ;
#2941 = EDGE_CURVE ( 'NONE', #2682, #5975, #4746, .T. ) ;
#2943 = DIRECTION ( 'NONE',  ( -0.4768709627114711691, 0.3006265784832175547, 0.8259647360705590913 ) ) ;
#2942 = FACE_OUTER_BOUND ( 'NONE', #3290, .T. ) ;
#2944 = ORIENTED_EDGE ( 'NONE', *, *, #2733, .T. ) ;
#2946 = CYLINDRICAL_SURFACE ( 'NONE', #148, 1.550000000000000266 ) ;
#2945 = DIRECTION ( 'NONE',  ( -1.000000000000000000, 0.000000000000000000, 6.938893903907228378E-16 ) ) ;
#2947 = EDGE_CURVE ( 'NONE', #2406, #4069, #2179, .T. ) ;
#2949 = DIRECTION ( 'NONE',  ( -6.938893903907228378E-16, 0.000000000000000000, -1.000000000000000000 ) ) ;
#2948 = CARTESIAN_POINT ( 'NONE',  ( -10.00000000000000178, -10.00000000000045297, 13.12500000000105160 ) ) ;
#2950 = ORIENTED_EDGE ( 'NONE', *, *, #371, .T. ) ;
#2951 = CARTESIAN_POINT ( 'NONE',  ( -15.99999999999999645, 489.9999999999998863, -5.000000000000000000 ) ) ;
#2952 = VECTOR ( 'NONE', #793, 1000.000000000000114 ) ;
#2953 = CARTESIAN_POINT ( 'NONE',  ( 0.000000000000000000, 0.000000000000000000, 0.000000000000000000 ) ) ;
#2954 = ORIENTED_EDGE ( 'NONE', *, *, #1827, .T. ) ;
#2955 = ORIENTED_EDGE ( 'NONE', *, *, #819, .T. ) ;
#2956 = CARTESIAN_POINT ( 'NONE',  ( 15.13397459621555541, 600.0000000000000000, 15.00000000000000000 ) ) ;
#2957 = ORIENTED_EDGE ( 'NONE', *, *, #4725, .F. ) ;
#2958 = CARTESIAN_POINT ( 'NONE',  ( 10.00000000000000888, 519.2347343705392859, 13.12500000000107470 ) ) ;
#2959 = LINE ( 'NONE', #4835, #524 ) ;
#2960 = FACE_OUTER_BOUND ( 'NONE', #2153, .T. ) ;
#2961 = DIRECTION ( 'NONE',  ( 0.4768709627114696148, -0.3006265784832180543, 0.8259647360705598684 ) ) ;
#2962 = ORIENTED_EDGE ( 'NONE', *, *, #4820, .F. ) ;
#2963 = AXIS2_PLACEMENT_3D ( 'NONE', #751, #5866, #5929 ) ;
#2964 = ORIENTED_EDGE ( 'NONE', *, *, #1768, .T. ) ;
#2965 = VERTEX_POINT ( 'NONE', #2093 ) ;
#2966 = EDGE_CURVE ( 'NONE', #830, #5555, #1607, .T. ) ;
#2967 = CARTESIAN_POINT ( 'NONE',  ( 9.999999999999998224, 589.9205689955039134, 13.12500000000105160 ) ) ;
#2968 = CARTESIAN_POINT ( 'NONE',  ( 19.99999999999999645, 494.9999999999998863, -5.000000000000005329 ) ) ;
#2969 = EDGE_CURVE ( 'NONE', #2504, #1106, #5250, .T. ) ;
#2970 = EDGE_CURVE ( 'NONE', #5913, #4636, #1689, .T. ) ;
#2972 = DIRECTION ( 'NONE',  ( -1.000000000000000000, 1.383500721948037739E-16, 1.088838682103976535E-17 ) ) ;
#2971 = CARTESIAN_POINT ( 'NONE',  ( 10.25000000000000888, 599.9999999999998863, 7.279404685324008639 ) ) ;
#2973 = CIRCLE ( 'NONE', #3265, 2.249999999999974243 ) ;
#2975 = DIRECTION ( 'NONE',  ( 0.000000000000000000, 1.000000000000000000, 0.000000000000000000 ) ) ;
#2974 = FACE_OUTER_BOUND ( 'NONE', #1024, .T. ) ;
#2976 = EDGE_LOOP ( 'NONE', ( #473, #3212, #2662, #604, #4032 ) ) ;
#2977 = VECTOR ( 'NONE', #4481, 1000.000000000000000 ) ;
#2978 = EDGE_CURVE ( 'NONE', #5533, #1285, #1181, .T. ) ;
#2980 = PLANE ( 'NONE',  #3345 ) ;
#2979 = DIRECTION ( 'NONE',  ( -0.000000000000000000, 1.000000000000000000, -0.000000000000000000 ) ) ;
#2981 = EDGE_LOOP ( 'NONE', ( #3973, #1001, #4274, #3948 ) ) ;
#2982 = EDGE_CURVE ( 'NONE', #5765, #5271, #4918, .T. ) ;
#2983 = DIRECTION ( 'NONE',  ( -0.000000000000000000, 1.000000000000000000, -0.000000000000000000 ) ) ;
#2984 = AXIS2_PLACEMENT_3D ( 'NONE', #1211, #3620, #4508 ) ;
#2985 = ORIENTED_EDGE ( 'NONE', *, *, #3074, .F. ) ;
#2986 = CIRCLE ( 'NONE', #2787, 5.000000000000000000 ) ;
#2987 = CARTESIAN_POINT ( 'NONE',  ( 9.999999999999998224, 500.3851784705487376, 13.12500000000105160 ) ) ;
#2988 = DIRECTION ( 'NONE',  ( -6.520427397917960799E-16, -0.3420201433256629953, -0.9396926207859104263 ) ) ;
#2989 = DIRECTION ( 'NONE',  ( 0.000000000000000000, 1.000000000000000000, 0.000000000000000000 ) ) ;
#2990 = CARTESIAN_POINT ( 'NONE',  ( 10.00000000000000178, 599.9999999999998863, 16.49999999999940314 ) ) ;
#2991 = DIRECTION ( 'NONE',  ( 0.000000000000000000, 0.000000000000000000, 1.000000000000000000 ) ) ;
#2992 = ORIENTED_EDGE ( 'NONE', *, *, #898, .T. ) ;
#2993 = VECTOR ( 'NONE', #128, 1000.000000000000000 ) ;
#2994 = ORIENTED_EDGE ( 'NONE', *, *, #2529, .F. ) ;
#2995 = DIRECTION ( 'NONE',  ( -0.8660254037844407060, 0.000000000000000000, -0.4999999999999966138 ) ) ;
#2996 = AXIS2_PLACEMENT_3D ( 'NONE', #358, #2278, #6042 ) ;
#2997 = CARTESIAN_POINT ( 'NONE',  ( 9.999999999999998224, 490.9604005205534349, 13.12500000000105160 ) ) ;
#2998 = ADVANCED_FACE ( 'NONE', ( #5820 ), #4453, .F. ) ;
#2999 = VECTOR ( 'NONE', #5605, 1000.000000000000114 ) ;
#3000 = VERTEX_POINT ( 'NONE', #3560 ) ;
#3002 = DIRECTION ( 'NONE',  ( 0.8660254037844415942, 0.000000000000000000, -0.4999999999999950595 ) ) ;
#3001 = CARTESIAN_POINT ( 'NONE',  ( -10.00000000000000178, 552.2214571955228166, 13.12500000000105160 ) ) ;
#3004 = FACE_OUTER_BOUND ( 'NONE', #2471, .T. ) ;
#3003 = CARTESIAN_POINT ( 'NONE',  ( -14.99999999999999645, 489.9999999999998863, 15.00000000000000000 ) ) ;
#3005 = VECTOR ( 'NONE', #518, 1000.000000000000000 ) ;
#3006 = EDGE_CURVE ( 'NONE', #2426, #1126, #5447, .T. ) ;
#3007 = AXIS2_PLACEMENT_3D ( 'NONE', #3669, #5525, #3700 ) ;
#3009 = CARTESIAN_POINT ( 'NONE',  ( -3.935108105617389551, 510.2302720032848811, 23.62970090348453311 ) ) ;
#3008 = PLANE ( 'NONE',  #1422 ) ;
#3010 = EDGE_LOOP ( 'NONE', ( #2091, #3349, #3438, #1391 ) ) ;
#3011 = ORIENTED_EDGE ( 'NONE', *, *, #3535, .F. ) ;
#3012 = CARTESIAN_POINT ( 'NONE',  ( 10.00000000000000888, -10.00000000000045297, 13.12500000000107470 ) ) ;
#3013 = ADVANCED_FACE ( 'NONE', ( #3077 ), #3529, .F. ) ;
#3014 = VERTEX_POINT ( 'NONE', #293 ) ;
#3015 = EDGE_CURVE ( 'NONE', #4334, #2965, #4572, .T. ) ;
#3016 = DIRECTION ( 'NONE',  ( -1.000000000000000000, 1.383500721948037739E-16, 1.088838682103976535E-17 ) ) ;
#3017 = DIRECTION ( 'NONE',  ( 0.000000000000000000, -1.000000000000000000, 0.000000000000000000 ) ) ;
#3018 = DIRECTION ( 'NONE',  ( 0.000000000000000000, 1.000000000000000000, -0.000000000000000000 ) ) ;
#3019 = FACE_OUTER_BOUND ( 'NONE', #4989, .T. ) ;
#3020 = CARTESIAN_POINT ( 'NONE',  ( -6.499999999999997335, 503.9999999999998863, 8.570725942163697653 ) ) ;
#3021 = ORIENTED_EDGE ( 'NONE', *, *, #4706, .T. ) ;
#3022 = ORIENTED_EDGE ( 'NONE', *, *, #5609, .T. ) ;
#3023 = EDGE_CURVE ( 'NONE', #2678, #5232, #3042, .T. ) ;
#3024 = ORIENTED_EDGE ( 'NONE', *, *, #5008, .F. ) ;
#3025 = LINE ( 'NONE', #1643, #3576 ) ;
#3026 = FACE_OUTER_BOUND ( 'NONE', #2594, .T. ) ;
#3027 = ORIENTED_EDGE ( 'NONE', *, *, #3994, .F. ) ;
#3029 = CARTESIAN_POINT ( 'NONE',  ( 10.00000000000000178, 569.8333687109151242, 16.52539999999935816 ) ) ;
#3028 = DIRECTION ( 'NONE',  ( 6.938893903907228378E-16, 0.000000000000000000, 1.000000000000000000 ) ) ;
#3031 = LINE ( 'NONE', #5898, #732 ) ;
#3030 = CARTESIAN_POINT ( 'NONE',  ( 0.000000000000000000, 489.9999999999998863, 0.000000000000000000 ) ) ;
#3032 = EDGE_CURVE ( 'NONE', #6034, #5948, #3135, .T. ) ;
#3034 = DIRECTION ( 'NONE',  ( 0.000000000000000000, -1.000000000000000000, 0.000000000000000000 ) ) ;
#3033 = FACE_OUTER_BOUND ( 'NONE', #2231, .T. ) ;
#3035 = EDGE_LOOP ( 'NONE', ( #1079, #4084, #589, #5602 ) ) ;
#3036 = CARTESIAN_POINT ( 'NONE',  ( 8.051442841485993540, 494.4443899549032722, 16.49999999999942091 ) ) ;
#3037 = EDGE_CURVE ( 'NONE', #3479, #3014, #5506, .T. ) ;
#3038 = ORIENTED_EDGE ( 'NONE', *, *, #3086, .F. ) ;
#3039 = ORIENTED_EDGE ( 'NONE', *, *, #1322, .F. ) ;
#3040 = DIRECTION ( 'NONE',  ( 0.4768709627114696148, -0.3006265784832180543, 0.8259647360705598684 ) ) ;
#3041 = EDGE_CURVE ( 'NONE', #5555, #4625, #1272, .T. ) ;
#3043 = DIRECTION ( 'NONE',  ( 0.8660254037844415942, 0.000000000000000000, -0.4999999999999950595 ) ) ;
#3042 = LINE ( 'NONE', #3109, #2196 ) ;
#3044 = DIRECTION ( 'NONE',  ( -0.000000000000000000, 1.000000000000000000, -0.000000000000000000 ) ) ;
#3045 = EDGE_CURVE ( 'NONE', #1441, #2146, #822, .T. ) ;
#3046 = CARTESIAN_POINT ( 'NONE',  ( 10.00000000000000888, -10.00000000000045297, 13.12500000000107470 ) ) ;
#3047 = LINE ( 'NONE', #4958, #1154 ) ;
#3048 = ORIENTED_EDGE ( 'NONE', *, *, #3006, .T. ) ;
#3049 = VECTOR ( 'NONE', #4700, 1000.000000000000114 ) ;
#3050 = EDGE_LOOP ( 'NONE', ( #1799, #2807, #1121 ) ) ;
#3051 = ADVANCED_FACE ( 'NONE', ( #384 ), #764, .T. ) ;
#3052 = ORIENTED_EDGE ( 'NONE', *, *, #2679, .F. ) ;
#3053 = DIRECTION ( 'NONE',  ( -1.000000000000000000, -1.383500721948037739E-16, -1.088838682103976535E-17 ) ) ;
#3054 = ADVANCED_FACE ( 'NONE', ( #4454 ), #265, .T. ) ;
#3055 = VECTOR ( 'NONE', #3866, 1000.000000000000000 ) ;
#3056 = LINE ( 'NONE', #2074, #2604 ) ;
#3057 = ORIENTED_EDGE ( 'NONE', *, *, #5409, .T. ) ;
#3058 = VECTOR ( 'NONE', #105, 1000.000000000000000 ) ;
#3059 = VERTEX_POINT ( 'NONE', #5943 ) ;
#3061 = FACE_OUTER_BOUND ( 'NONE', #2481, .T. ) ;
#3060 = DIRECTION ( 'NONE',  ( -1.000000000000000000, 1.383500721948037739E-16, 1.088838682103976689E-17 ) ) ;
#3063 = CARTESIAN_POINT ( 'NONE',  ( -8.051442841485993540, 559.4715518201694522, 16.49999999999940314 ) ) ;
#3062 = DIRECTION ( 'NONE',  ( 0.000000000000000000, -1.000000000000000000, 0.000000000000000000 ) ) ;
#3064 = VECTOR ( 'NONE', #1153, 1000.000000000000000 ) ;
#3065 = VECTOR ( 'NONE', #4139, 1000.000000000000000 ) ;
#3067 = DIRECTION ( 'NONE',  ( 6.938893903907228378E-16, 0.000000000000000000, 1.000000000000000000 ) ) ;
#3066 = DIRECTION ( 'NONE',  ( -1.000000000000000000, 0.000000000000000000, 0.000000000000000000 ) ) ;
#3068 = ORIENTED_EDGE ( 'NONE', *, *, #1564, .F. ) ;
#3069 = ORIENTED_EDGE ( 'NONE', *, *, #3176, .F. ) ;
#3070 = DIRECTION ( 'NONE',  ( -0.000000000000000000, 1.000000000000000000, -0.000000000000000000 ) ) ;
#3071 = APPLICATION_PROTOCOL_DEFINITION ( 'draft international standard', 'automotive_design', 1998, #1967 ) ;
#3072 = ORIENTED_EDGE ( 'NONE', *, *, #5309, .F. ) ;
#3073 = VECTOR ( 'NONE', #486, 1000.000000000000000 ) ;
#3074 = EDGE_CURVE ( 'NONE', #2137, #3630, #2214, .T. ) ;
#3075 = CARTESIAN_POINT ( 'NONE',  ( -8.051442841485993540, -10.00000000000045297, 16.49999999999940314 ) ) ;
#3076 = VECTOR ( 'NONE', #3815, 1000.000000000000000 ) ;
#3078 = CARTESIAN_POINT ( 'NONE',  ( -10.00000000000000178, -10.00000000000045297, 13.12500000000105160 ) ) ;
#3077 = FACE_OUTER_BOUND ( 'NONE', #4794, .T. ) ;
#3079 = AXIS2_PLACEMENT_3D ( 'NONE', #1977, #5764, #4737 ) ;
#3080 = CARTESIAN_POINT ( 'NONE',  ( 10.25000000000008882, 565.5944198571030483, -10.70182885435895415 ) ) ;
#3081 = PLANE ( 'NONE',  #3367 ) ;
#3082 = DIRECTION ( 'NONE',  ( -0.000000000000000000, 1.000000000000000000, -0.000000000000000000 ) ) ;
#3083 = ORIENTED_EDGE ( 'NONE', *, *, #348, .T. ) ;
#3084 = EDGE_CURVE ( 'NONE', #5687, #1777, #1723, .T. ) ;
#3085 = VECTOR ( 'NONE', #2025, 1000.000000000000000 ) ;
#3086 = EDGE_CURVE ( 'NONE', #3169, #2761, #5009, .T. ) ;
#3087 = ORIENTED_EDGE ( 'NONE', *, *, #3389, .F. ) ;
#3088 = DIRECTION ( 'NONE',  ( -0.4999999999999965583, 0.000000000000000000, 0.8660254037844405950 ) ) ;
#3089 = AXIS2_PLACEMENT_3D ( 'NONE', #463, #5493, #3723 ) ;
#3090 = PLANE ( 'NONE',  #4667 ) ;
#3091 = ORIENTED_EDGE ( 'NONE', *, *, #2327, .F. ) ;
#3092 = EDGE_CURVE ( 'NONE', #3772, #5268, #5414, .T. ) ;
#3093 = VECTOR ( 'NONE', #4280, 1000.000000000000000 ) ;
#3094 = ORIENTED_EDGE ( 'NONE', *, *, #5017, .T. ) ;
#3096 = DIRECTION ( 'NONE',  ( 0.000000000000000000, -1.000000000000000000, 0.000000000000000000 ) ) ;
#3095 = PLANE ( 'NONE',  #1616 ) ;
#3098 = DIRECTION ( 'NONE',  ( 0.4768709627114696148, -0.3006265784832180543, 0.8259647360705598684 ) ) ;
#3097 = DIRECTION ( 'NONE',  ( -2.373241487535934796E-16, 0.9396926207859096492, 0.3420201433256652157 ) ) ;
#3099 = AXIS2_PLACEMENT_3D ( 'NONE', #2534, #5428, #5923 ) ;
#3100 = EDGE_CURVE ( 'NONE', #824, #3240, #3995, .T. ) ;
#3102 = CARTESIAN_POINT ( 'NONE',  ( -3.935108105617389551, 514.9426609782824471, 23.62970090348453311 ) ) ;
#3101 = LINE ( 'NONE', #786, #5046 ) ;
#3103 = ORIENTED_EDGE ( 'NONE', *, *, #4428, .F. ) ;
#3104 = CIRCLE ( 'NONE', #1250, 0.5000000000000004441 ) ;
#3105 = ORIENTED_EDGE ( 'NONE', *, *, #1581, .F. ) ;
#3106 = CARTESIAN_POINT ( 'NONE',  ( 9.999999999999998224, 594.6329579705015931, 13.12500000000105160 ) ) ;
#3107 = AXIS2_PLACEMENT_3D ( 'NONE', #1091, #3828, #5716 ) ;
#3108 = DIRECTION ( 'NONE',  ( -0.4999999999999950040, 0.000000000000000000, -0.8660254037844414832 ) ) ;
#3110 = FACE_OUTER_BOUND ( 'NONE', #1683, .T. ) ;
#3109 = CARTESIAN_POINT ( 'NONE',  ( -10.00000000000000178, 519.2347343705392859, 13.12500000000105160 ) ) ;
#3111 = ORIENTED_EDGE ( 'NONE', *, *, #3360, .F. ) ;
#3112 = DIRECTION ( 'NONE',  ( -0.4768709627114711691, 0.3006265784832175547, 0.8259647360705590913 ) ) ;
#3113 = FACE_OUTER_BOUND ( 'NONE', #1732, .T. ) ;
#3114 = CARTESIAN_POINT ( 'NONE',  ( 19.74999999999999289, 600.0000000000000000, 11.85566243270259434 ) ) ;
#3115 = ORIENTED_EDGE ( 'NONE', *, *, #1286, .F. ) ;
#3116 = ORIENTED_EDGE ( 'NONE', *, *, #3037, .F. ) ;
#3117 = FACE_OUTER_BOUND ( 'NONE', #3651, .T. ) ;
#3118 = CARTESIAN_POINT ( 'NONE',  ( 10.00000000000000178, 559.4715518201694522, 16.49999999999940314 ) ) ;
#3119 = EDGE_CURVE ( 'NONE', #637, #5533, #5881, .T. ) ;
#3120 = EDGE_LOOP ( 'NONE', ( #2190, #4186, #877, #1009 ) ) ;
#3121 = EDGE_LOOP ( 'NONE', ( #1344, #1994, #3874, #3537 ) ) ;
#3122 = EDGE_CURVE ( 'NONE', #1441, #523, #4954, .T. ) ;
#3124 = DIRECTION ( 'NONE',  ( 1.000000000000000000, 0.000000000000000000, -0.000000000000000000 ) ) ;
#3123 = DIRECTION ( 'NONE',  ( 0.000000000000000000, -1.000000000000000000, 0.000000000000000000 ) ) ;
#3126 = CYLINDRICAL_SURFACE ( 'NONE', #5728, 2.250000000000002665 ) ;
#3125 = CARTESIAN_POINT ( 'NONE',  ( -3.935108105617389551, 515.4113359218021060, 23.62970090348453311 ) ) ;
#3127 = EDGE_CURVE ( 'NONE', #3848, #5318, #2670, .T. ) ;
#3129 = CARTESIAN_POINT ( 'NONE',  ( 10.00000000000000178, 532.1342569109340275, 16.52539999999935816 ) ) ;
#3128 = CARTESIAN_POINT ( 'NONE',  ( 9.999999999999998224, 567.6679302295169691, 13.12500000000105160 ) ) ;
#3130 = ORIENTED_EDGE ( 'NONE', *, *, #5235, .T. ) ;
#3131 = ORIENTED_EDGE ( 'NONE', *, *, #3074, .T. ) ;
#3132 = DIRECTION ( 'NONE',  ( -1.000000000000000000, 0.000000000000000000, 6.938893903907228378E-16 ) ) ;
#3133 = EDGE_CURVE ( 'NONE', #4714, #1388, #4538, .T. ) ;
#3134 = CARTESIAN_POINT ( 'NONE',  ( -8.051442841485993540, 574.5550025298632590, 16.49999999999940314 ) ) ;
#3136 = CARTESIAN_POINT ( 'NONE',  ( 8.483226407164680793, 565.4024273897374542, 15.75212892637067874 ) ) ;
#3135 = LINE ( 'NONE', #4920, #5040 ) ;
#3137 = DIRECTION ( 'NONE',  ( -0.000000000000000000, -1.000000000000000000, -0.000000000000000000 ) ) ;
#3138 = DIRECTION ( 'NONE',  ( 0.4768709627114711691, 0.3006265784832175547, -0.8259647360705590913 ) ) ;
#3139 = DIRECTION ( 'NONE',  ( -0.4768709627114711691, 0.3006265784832175547, 0.8259647360705590913 ) ) ;
#3140 = ORIENTED_EDGE ( 'NONE', *, *, #2638, .T. ) ;
#3141 = VERTEX_POINT ( 'NONE', #1333 ) ;
#3142 = ORIENTED_EDGE ( 'NONE', *, *, #2404, .T. ) ;
#3143 = CARTESIAN_POINT ( 'NONE',  ( 10.00000000000000888, -10.00000000000045297, 13.12500000000107470 ) ) ;
#3144 = DIRECTION ( 'NONE',  ( 0.000000000000000000, -1.000000000000000000, 0.000000000000000000 ) ) ;
#3145 = ORIENTED_EDGE ( 'NONE', *, *, #5489, .F. ) ;
#3146 = ORIENTED_EDGE ( 'NONE', *, *, #485, .T. ) ;
#3147 = AXIS2_PLACEMENT_3D ( 'NONE', #3078, #4539, #5974 ) ;
#3148 = EDGE_CURVE ( 'NONE', #2379, #1249, #4233, .T. ) ;
#3149 = ORIENTED_EDGE ( 'NONE', *, *, #5287, .F. ) ;
#3150 = VECTOR ( 'NONE', #5901, 1000.000000000000000 ) ;
#3152 = DIRECTION ( 'NONE',  ( 1.000000000000000000, 0.000000000000000000, -6.938893903907228378E-16 ) ) ;
#3151 = DIRECTION ( 'NONE',  ( -0.000000000000000000, -1.000000000000000000, -0.000000000000000000 ) ) ;
#3154 = CARTESIAN_POINT ( 'NONE',  ( -18.25000000000008527, 547.4769831201855368, -6.780563709337406486 ) ) ;
#3153 = DIRECTION ( 'NONE',  ( -1.000000000000000000, 1.383500721948037739E-16, 1.088838682103976535E-17 ) ) ;
#3155 = VECTOR ( 'NONE', #4906, 1000.000000000000000 ) ;
#3156 = EDGE_CURVE ( 'NONE', #2102, #4714, #2307, .T. ) ;
#3157 = ADVANCED_FACE ( 'NONE', ( #1784 ), #4699, .F. ) ;
#3158 = CARTESIAN_POINT ( 'NONE',  ( 19.99999999999999645, 494.9999999999998863, -5.000000000000005329 ) ) ;
#3159 = ORIENTED_EDGE ( 'NONE', *, *, #278, .T. ) ;
#3160 = VECTOR ( 'NONE', #3162, 1000.000000000000000 ) ;
#3161 = VERTEX_POINT ( 'NONE', #3770 ) ;
#3162 = DIRECTION ( 'NONE',  ( 0.000000000000000000, -1.000000000000000000, 0.000000000000000000 ) ) ;
#3163 = VECTOR ( 'NONE', #289, 1000.000000000000114 ) ;
#3164 = EDGE_CURVE ( 'NONE', #334, #4461, #5104, .T. ) ;
#3165 = ADVANCED_FACE ( 'NONE', ( #4144 ), #49, .F. ) ;
#3166 = VERTEX_POINT ( 'NONE', #447 ) ;
#3168 = DIRECTION ( 'NONE',  ( 0.000000000000000000, 0.000000000000000000, -1.000000000000000000 ) ) ;
#3167 = CARTESIAN_POINT ( 'NONE',  ( 18.25000000000008527, 543.7104353200437572, -11.45101525809007548 ) ) ;
#3169 = VERTEX_POINT ( 'NONE', #6001 ) ;
#3170 = ORIENTED_EDGE ( 'NONE', *, *, #3982, .T. ) ;
#3171 = DIRECTION ( 'NONE',  ( -0.000000000000000000, -0.8496919301565228899, -0.5272794551534153440 ) ) ;
#3172 = FACE_OUTER_BOUND ( 'NONE', #1835, .T. ) ;
#3173 = VECTOR ( 'NONE', #2929, 1000.000000000000000 ) ;
#3174 = DIRECTION ( 'NONE',  ( -1.000000000000000000, 0.000000000000000000, 6.938893903907228378E-16 ) ) ;
#3175 = ORIENTED_EDGE ( 'NONE', *, *, #1460, .F. ) ;
#3176 = EDGE_CURVE ( 'NONE', #216, #2890, #6037, .T. ) ;
#3177 = VECTOR ( 'NONE', #5078, 1000.000000000000000 ) ;
#3178 = CARTESIAN_POINT ( 'NONE',  ( 14.99999999999999645, 489.9999999999998863, 15.00000000000000000 ) ) ;
#3179 = ORIENTED_EDGE ( 'NONE', *, *, #1573, .T. ) ;
#3180 = ORIENTED_EDGE ( 'NONE', *, *, #1854, .T. ) ;
#3181 = DIRECTION ( 'NONE',  ( -0.4999999999999965583, 0.000000000000000000, 0.8660254037844405950 ) ) ;
#3182 = CARTESIAN_POINT ( 'NONE',  ( -3.935108105617389551, 562.0665507282589033, 23.62970090348453311 ) ) ;
#3183 = VERTEX_POINT ( 'NONE', #5658 ) ;
#3184 = VECTOR ( 'NONE', #5099, 1000.000000000000114 ) ;
#3185 = VERTEX_POINT ( 'NONE', #6067 ) ;
#3186 = AXIS2_PLACEMENT_3D ( 'NONE', #3756, #36, #5284 ) ;
#3187 = DIRECTION ( 'NONE',  ( -2.373241487535919019E-16, -0.9396926207859105373, -0.3420201433256630508 ) ) ;
#3189 = CARTESIAN_POINT ( 'NONE',  ( 10.00000000000000178, 517.9970899859412157, 16.52539999999935816 ) ) ;
#3188 = LINE ( 'NONE', #5066, #366 ) ;
#3190 = AXIS2_PLACEMENT_3D ( 'NONE', #1077, #1981, #2905 ) ;
#3192 = FACE_OUTER_BOUND ( 'NONE', #1716, .T. ) ;
#3191 = DIRECTION ( 'NONE',  ( 0.000000000000000000, 0.000000000000000000, 1.000000000000000000 ) ) ;
#3193 = VERTEX_POINT ( 'NONE', #3649 ) ;
#3194 = VERTEX_POINT ( 'NONE', #1455 ) ;
#3195 = PLANE ( 'NONE',  #1025 ) ;
#3196 = AXIS2_PLACEMENT_3D ( 'NONE', #3233, #834, #2685 ) ;
#3197 = EDGE_CURVE ( 'NONE', #5704, #1681, #1820, .T. ) ;
#3198 = VERTEX_POINT ( 'NONE', #5539 ) ;
#3199 = VECTOR ( 'NONE', #2926, 1000.000000000000114 ) ;
#3201 = DIRECTION ( 'NONE',  ( 0.4768709627114696148, -0.3006265784832180543, 0.8259647360705598684 ) ) ;
#3200 = CARTESIAN_POINT ( 'NONE',  ( -8.051442841485993540, -10.00000000000045297, 16.49999999999940314 ) ) ;
#3202 = DIRECTION ( 'NONE',  ( -6.938893903907228378E-16, 0.000000000000000000, -1.000000000000000000 ) ) ;
#3203 = CARTESIAN_POINT ( 'NONE',  ( 10.00000000000000178, 546.2806686798772944, 16.49999999999940314 ) ) ;
#3204 = CARTESIAN_POINT ( 'NONE',  ( 10.00000000000000178, 599.9999999999998863, 16.49999999999940314 ) ) ;
#3205 = ADVANCED_FACE ( 'NONE', ( #5167 ), #4729, .F. ) ;
#3206 = DIRECTION ( 'NONE',  ( 0.000000000000000000, -1.000000000000000000, 0.000000000000000000 ) ) ;
#3207 = ORIENTED_EDGE ( 'NONE', *, *, #5309, .T. ) ;
#3208 = ORIENTED_EDGE ( 'NONE', *, *, #2753, .F. ) ;
#3209 = DIRECTION ( 'NONE',  ( 0.8660254037844414832, -0.000000000000000000, -0.4999999999999950595 ) ) ;
#3210 = CARTESIAN_POINT ( 'NONE',  ( -15.99999999999999645, 494.9999999999998863, -5.000000000000000000 ) ) ;
#3211 = ADVANCED_FACE ( 'NONE', ( #5592 ), #5624, .T. ) ;
#3212 = ORIENTED_EDGE ( 'NONE', *, *, #1187, .F. ) ;
#3213 = VERTEX_POINT ( 'NONE', #1384 ) ;
#3214 = LINE ( 'NONE', #2781, #2690 ) ;
#3215 = ORIENTED_EDGE ( 'NONE', *, *, #2835, .T. ) ;
#3217 = DIRECTION ( 'NONE',  ( 0.000000000000000000, -1.000000000000000000, 0.000000000000000000 ) ) ;
#3216 = CARTESIAN_POINT ( 'NONE',  ( -18.25000000000008527, 547.4769831201855368, -6.780563709337406486 ) ) ;
#3219 = DIRECTION ( 'NONE',  ( 6.520427397917960799E-16, -0.3420201433256629953, 0.9396926207859104263 ) ) ;
#3218 = PLANE ( 'NONE',  #2495 ) ;
#3220 = ORIENTED_EDGE ( 'NONE', *, *, #2445, .T. ) ;
#3221 = DIRECTION ( 'NONE',  ( 0.000000000000000000, 0.000000000000000000, 1.000000000000000000 ) ) ;
#3222 = EDGE_LOOP ( 'NONE', ( #5139, #1086, #5724, #206, #3616, #4408, #5045, #2620 ) ) ;
#3223 = EDGE_CURVE ( 'NONE', #5268, #3341, #4600, .T. ) ;
#3225 = CARTESIAN_POINT ( 'NONE',  ( 8.051442841485975777, 540.6219959201790743, 16.49999999999945643 ) ) ;
#3224 = LINE ( 'NONE', #4637, #745 ) ;
#3226 = DIRECTION ( 'NONE',  ( -0.4768709627114696148, -0.3006265784832180543, -0.8259647360705598684 ) ) ;
#3227 = ORIENTED_EDGE ( 'NONE', *, *, #111, .T. ) ;
#3228 = DIRECTION ( 'NONE',  ( -0.000000000000000000, 1.000000000000000000, -0.000000000000000000 ) ) ;
#3229 = CARTESIAN_POINT ( 'NONE',  ( 8.051442841485975777, 597.1706636201507763, 16.49999999999945643 ) ) ;
#3230 = EDGE_CURVE ( 'NONE', #355, #1126, #2360, .T. ) ;
#3231 = ORIENTED_EDGE ( 'NONE', *, *, #1968, .F. ) ;
#3232 = DIRECTION ( 'NONE',  ( 1.000000000000000000, 0.000000000000000000, -6.938893903907228378E-16 ) ) ;
#3233 = CARTESIAN_POINT ( 'NONE',  ( 15.99999999999999645, 494.9999999999998863, -5.000000000000004441 ) ) ;
#3234 = ORIENTED_EDGE ( 'NONE', *, *, #4242, .F. ) ;
#3235 = EDGE_CURVE ( 'NONE', #2678, #3183, #2762, .T. ) ;
#3236 = ORIENTED_EDGE ( 'NONE', *, *, #2514, .F. ) ;
#3237 = EDGE_CURVE ( 'NONE', #3059, #4182, #14, .T. ) ;
#3238 = DIRECTION ( 'NONE',  ( -2.373241487535919019E-16, 0.9396926207859105373, -0.3420201433256630508 ) ) ;
#3239 = VECTOR ( 'NONE', #2434, 1000.000000000000000 ) ;
#3240 = VERTEX_POINT ( 'NONE', #3251 ) ;
#3242 = CARTESIAN_POINT ( 'NONE',  ( -10.00000000000000178, 490.9604005205534349, 13.12500000000105160 ) ) ;
#3241 = FACE_OUTER_BOUND ( 'NONE', #2724, .T. ) ;
#3243 = AXIS2_PLACEMENT_3D ( 'NONE', #3245, #5968, #439 ) ;
#3245 = CARTESIAN_POINT ( 'NONE',  ( 10.00000000000000178, 513.2847010109434223, 16.52539999999935816 ) ) ;
#3244 = DIRECTION ( 'NONE',  ( -0.4999999999999965583, 0.000000000000000000, 0.8660254037844405950 ) ) ;
#3246 = EDGE_LOOP ( 'NONE', ( #4268, #536, #3742, #5023 ) ) ;
#3247 = CARTESIAN_POINT ( 'NONE',  ( 8.051442841485993540, -10.00000000000045297, 16.49999999999942091 ) ) ;
#3248 = VECTOR ( 'NONE', #5207, 1000.000000000000227 ) ;
#3249 = VECTOR ( 'NONE', #3347, 1000.000000000000000 ) ;
#3250 = VERTEX_POINT ( 'NONE', #411 ) ;
#3252 = LINE ( 'NONE', #2829, #5707 ) ;
#3251 = CARTESIAN_POINT ( 'NONE',  ( 10.00000000000000888, 589.9205689955039134, 13.12500000000107470 ) ) ;
#3253 = ORIENTED_EDGE ( 'NONE', *, *, #617, .F. ) ;
#3254 = CARTESIAN_POINT ( 'NONE',  ( 10.00000000000000178, 583.9797804798585048, 16.49999999999940314 ) ) ;
#3255 = DIRECTION ( 'NONE',  ( -1.000000000000000000, 0.000000000000000000, 6.938893903907228378E-16 ) ) ;
#3256 = VECTOR ( 'NONE', #1068, 1000.000000000000000 ) ;
#3257 = LINE ( 'NONE', #1428, #3559 ) ;
#3258 = EDGE_LOOP ( 'NONE', ( #1921, #698, #3818, #2964 ) ) ;
#3259 = VECTOR ( 'NONE', #4263, 1000.000000000000114 ) ;
#3260 = CARTESIAN_POINT ( 'NONE',  ( -6.499999999999997335, 489.9999999999998863, 7.020725942163696054 ) ) ;
#3261 = DIRECTION ( 'NONE',  ( 0.4768709627114711691, 0.3006265784832175547, -0.8259647360705590913 ) ) ;
#3262 = CARTESIAN_POINT ( 'NONE',  ( 10.25000000000008882, 565.5944198571030483, -10.70182885435895415 ) ) ;
#3263 = ORIENTED_EDGE ( 'NONE', *, *, #2076, .T. ) ;
#3264 = EDGE_CURVE ( 'NONE', #1734, #1776, #3224, .T. ) ;
#3265 = AXIS2_PLACEMENT_3D ( 'NONE', #3154, #4191, #4624 ) ;
#3266 = ORIENTED_EDGE ( 'NONE', *, *, #889, .T. ) ;
#3267 = FACE_OUTER_BOUND ( 'NONE', #4003, .T. ) ;
#3268 = VECTOR ( 'NONE', #5448, 1000.000000000000000 ) ;
#3270 = CARTESIAN_POINT ( 'NONE',  ( -8.051442841485993540, -10.00000000000045297, 16.49999999999940314 ) ) ;
#3269 = DIRECTION ( 'NONE',  ( 0.4768709627114696148, -0.3006265784832180543, 0.8259647360705598684 ) ) ;
#3271 = EDGE_CURVE ( 'NONE', #3183, #4195, #4671, .T. ) ;
#3272 = CIRCLE ( 'NONE', #4852, 2.249999999999863221 ) ;
#3274 = DIRECTION ( 'NONE',  ( -0.8660254037844407060, 0.000000000000000000, -0.4999999999999966138 ) ) ;
#3273 = DIRECTION ( 'NONE',  ( -0.4768709627114696148, -0.3006265784832180543, -0.8259647360705598684 ) ) ;
#3275 = ORIENTED_EDGE ( 'NONE', *, *, #1124, .T. ) ;
#3276 = CARTESIAN_POINT ( 'NONE',  ( -3.935108105617389551, 576.6723925967713740, 23.62970090348453311 ) ) ;
#3277 = AXIS2_PLACEMENT_3D ( 'NONE', #1958, #2022, #3363 ) ;
#3278 = ADVANCED_FACE ( 'NONE', ( #633 ), #3008, .F. ) ;
#3279 = ORIENTED_EDGE ( 'NONE', *, *, #5826, .F. ) ;
#3281 = CARTESIAN_POINT ( 'NONE',  ( -8.051442841485993540, -10.00000000000045297, 16.49999999999940314 ) ) ;
#3280 = DIRECTION ( 'NONE',  ( -0.000000000000000000, 1.000000000000000000, -0.000000000000000000 ) ) ;
#3282 = VECTOR ( 'NONE', #1543, 1000.000000000000114 ) ;
#3283 = ORIENTED_EDGE ( 'NONE', *, *, #3119, .F. ) ;
#3284 = CARTESIAN_POINT ( 'NONE',  ( -16.49999999999999645, 599.2892859942739960, 7.020725942163696054 ) ) ;
#3285 = CARTESIAN_POINT ( 'NONE',  ( 10.00000000000000888, 566.3586241205157421, 13.12500000000107470 ) ) ;
#3286 = ORIENTED_EDGE ( 'NONE', *, *, #1156, .T. ) ;
#3287 = VECTOR ( 'NONE', #1536, 1000.000000000000114 ) ;
#3288 = CARTESIAN_POINT ( 'NONE',  ( 9.999999999999991118, 599.9999999999998863, 5.000000000000115463 ) ) ;
#3289 = ORIENTED_EDGE ( 'NONE', *, *, #255, .F. ) ;
#3290 = EDGE_LOOP ( 'NONE', ( #3805, #1856, #4, #3752 ) ) ;
#3291 = LINE ( 'NONE', #2655, #2658 ) ;
#3292 = DIRECTION ( 'NONE',  ( 1.000000000000000000, 0.000000000000000000, -6.938893903907228378E-16 ) ) ;
#3293 = CIRCLE ( 'NONE', #672, 2.249999999999974243 ) ;
#3294 = LINE ( 'NONE', #63, #5273 ) ;
#3295 = EDGE_LOOP ( 'NONE', ( #5486, #2059, #923, #4227 ) ) ;
#3296 = AXIS2_PLACEMENT_3D ( 'NONE', #4850, #3336, #2945 ) ;
#3297 = ORIENTED_EDGE ( 'NONE', *, *, #1810, .F. ) ;
#3298 = EDGE_CURVE ( 'NONE', #596, #3471, #2395, .T. ) ;
#3299 = CARTESIAN_POINT ( 'NONE',  ( 6.499999999999997335, 503.9999999999998863, 7.020725942163696054 ) ) ;
#3300 = VERTEX_POINT ( 'NONE', #3803 ) ;
#3302 = CARTESIAN_POINT ( 'NONE',  ( 18.25000000000008527, 560.1807431261826196, -5.603677273419772398 ) ) ;
#3301 = CARTESIAN_POINT ( 'NONE',  ( 10.25000000000000533, 506.1772654060170566, 0.000000000000000000 ) ) ;
#3303 = EDGE_LOOP ( 'NONE', ( #4857, #515 ) ) ;
#3304 = EDGE_CURVE ( 'NONE', #4087, #3536, #1119, .T. ) ;
#3305 = EDGE_CURVE ( 'NONE', #4872, #551, #3342, .T. ) ;
#3307 = CARTESIAN_POINT ( 'NONE',  ( -3.935108105617389551, 562.5352256717784485, 23.62970090348453311 ) ) ;
#3306 = CYLINDRICAL_SURFACE ( 'NONE', #4257, 2.249999999999974243 ) ;
#3308 = VERTEX_POINT ( 'NONE', #2056 ) ;
#3310 = CARTESIAN_POINT ( 'NONE',  ( -10.00000000000000178, 515.8316515045429469, 13.12500000000105160 ) ) ;
#3309 = CARTESIAN_POINT ( 'NONE',  ( 6.999999999999995559, 494.9999999999998863, -5.000000000000000000 ) ) ;
#3311 = EDGE_LOOP ( 'NONE', ( #1802, #2318, #3432, #1584 ) ) ;
#3312 = EDGE_CURVE ( 'NONE', #1038, #5058, #161, .T. ) ;
#3314 = LINE ( 'NONE', #634, #3055 ) ;
#3313 = DIRECTION ( 'NONE',  ( -0.000000000000000000, 1.000000000000000000, -0.000000000000000000 ) ) ;
#3315 = ORIENTED_EDGE ( 'NONE', *, *, #430, .F. ) ;
#3316 = EDGE_CURVE ( 'NONE', #2102, #333, #4266, .T. ) ;
#3317 = ORIENTED_EDGE ( 'NONE', *, *, #2177, .F. ) ;
#3318 = CYLINDRICAL_SURFACE ( 'NONE', #1596, 2.249999999999974243 ) ;
#3319 = ORIENTED_EDGE ( 'NONE', *, *, #5598, .T. ) ;
#3320 = CARTESIAN_POINT ( 'NONE',  ( 10.00000000000000178, 507.6352730951954300, 16.49999999999940314 ) ) ;
#3321 = ORIENTED_EDGE ( 'NONE', *, *, #2780, .F. ) ;
#3322 = DIRECTION ( 'NONE',  ( -1.000000000000000000, 0.000000000000000000, 6.938893903907228378E-16 ) ) ;
#3323 = VERTEX_POINT ( 'NONE', #1969 ) ;
#3324 = ORIENTED_EDGE ( 'NONE', *, *, #309, .F. ) ;
#3325 = FACE_OUTER_BOUND ( 'NONE', #3789, .T. ) ;
#3326 = CARTESIAN_POINT ( 'NONE',  ( -10.24999999999998934, 600.0000000000000000, 0.000000000000000000 ) ) ;
#3327 = DIRECTION ( 'NONE',  ( 0.000000000000000000, 1.000000000000000000, 0.000000000000000000 ) ) ;
#3328 = EDGE_LOOP ( 'NONE', ( #6013, #2175, #736, #6030 ) ) ;
#3329 = EDGE_LOOP ( 'NONE', ( #1896, #3072, #3048, #5594 ) ) ;
#3330 = PLANE ( 'NONE',  #1140 ) ;
#3332 = PLANE ( 'NONE',  #4244 ) ;
#3331 = LINE ( 'NONE', #2443, #2908 ) ;
#3334 = CARTESIAN_POINT ( 'NONE',  ( -20.00000000000000000, 600.0000000000000000, -0.2500000000001099121 ) ) ;
#3333 = CYLINDRICAL_SURFACE ( 'NONE', #57, 6.000000000000005329 ) ;
#3335 = ORIENTED_EDGE ( 'NONE', *, *, #4696, .F. ) ;
#3337 = DIRECTION ( 'NONE',  ( 0.000000000000000000, 0.000000000000000000, -1.000000000000000000 ) ) ;
#3336 = DIRECTION ( 'NONE',  ( 6.938893903907228378E-16, 0.000000000000000000, 1.000000000000000000 ) ) ;
#3338 = EDGE_CURVE ( 'NONE', #183, #5765, #5292, .T. ) ;
#3339 = VECTOR ( 'NONE', #3017, 1000.000000000000000 ) ;
#3340 = EDGE_CURVE ( 'NONE', #5329, #5710, #5722, .T. ) ;
#3341 = VERTEX_POINT ( 'NONE', #1943 ) ;
#3343 = LINE ( 'NONE', #603, #4328 ) ;
#3342 = LINE ( 'NONE', #4823, #749 ) ;
#3344 = VERTEX_POINT ( 'NONE', #4297 ) ;
#3345 = AXIS2_PLACEMENT_3D ( 'NONE', #3901, #5317, #3410 ) ;
#3346 = EDGE_LOOP ( 'NONE', ( #2489, #4931, #313, #3289 ) ) ;
#3347 = DIRECTION ( 'NONE',  ( -1.000000000000000000, 0.000000000000000000, 6.938893903907228378E-16 ) ) ;
#3348 = DIRECTION ( 'NONE',  ( -0.8660254037844407060, 0.000000000000000000, -0.4999999999999966138 ) ) ;
#3349 = ORIENTED_EDGE ( 'NONE', *, *, #1530, .T. ) ;
#3350 = ADVANCED_FACE ( 'NONE', ( #4792 ), #5810, .F. ) ;
#3351 = EDGE_CURVE ( 'NONE', #1731, #5533, #5347, .T. ) ;
#3352 = VECTOR ( 'NONE', #2234, 1000.000000000000114 ) ;
#3353 = ORIENTED_EDGE ( 'NONE', *, *, #3084, .T. ) ;
#3354 = FACE_OUTER_BOUND ( 'NONE', #77, .T. ) ;
#3355 = LINE ( 'NONE', #2903, #5509 ) ;
#3356 = CARTESIAN_POINT ( 'NONE',  ( -18.25000000000008527, 562.4307431261825059, -2.000000000000035083 ) ) ;
#3357 = CARTESIAN_POINT ( 'NONE',  ( 9.999999999999998224, 528.6595123205345317, 13.12500000000105160 ) ) ;
#3358 = DIRECTION ( 'NONE',  ( 0.8660254037844415942, 0.000000000000000000, -0.4999999999999950595 ) ) ;
#3359 = VERTEX_POINT ( 'NONE', #5689 ) ;
#3360 = EDGE_CURVE ( 'NONE', #1681, #3141, #574, .T. ) ;
#3361 = AXIS2_PLACEMENT_3D ( 'NONE', #2202, #4496, #4042 ) ;
#3362 = ORIENTED_EDGE ( 'NONE', *, *, #1490, .T. ) ;
#3363 = DIRECTION ( 'NONE',  ( 0.000000000000000000, 1.000000000000000000, 0.000000000000000000 ) ) ;
#3365 = CARTESIAN_POINT ( 'NONE',  ( -8.051442841485993540, 507.6352730951954300, 16.49999999999940314 ) ) ;
#3364 = PLANE ( 'NONE',  #4870 ) ;
#3366 = VECTOR ( 'NONE', #5496, 1000.000000000000000 ) ;
#3367 = AXIS2_PLACEMENT_3D ( 'NONE', #2990, #4957, #676 ) ;
#3368 = AXIS2_PLACEMENT_3D ( 'NONE', #2124, #4480, #2150 ) ;
#3370 = CARTESIAN_POINT ( 'NONE',  ( -10.00000000000000178, 495.6727894955510578, 13.12500000000105160 ) ) ;
#3369 = CARTESIAN_POINT ( 'NONE',  ( 8.051442841485984658, 568.8963297701650390, 16.49999999999944222 ) ) ;
#3371 = ORIENTED_EDGE ( 'NONE', *, *, #4295, .F. ) ;
#3373 = DIRECTION ( 'NONE',  ( 0.000000000000000000, -1.000000000000000000, 0.000000000000000000 ) ) ;
#3372 = LINE ( 'NONE', #3861, #2816 ) ;
#3374 = VECTOR ( 'NONE', #5316, 1000.000000000000114 ) ;
#3375 = ORIENTED_EDGE ( 'NONE', *, *, #1340, .T. ) ;
#3377 = CARTESIAN_POINT ( 'NONE',  ( -10.00000000000000178, 506.4068735545475874, 13.12500000000105160 ) ) ;
#3376 = CARTESIAN_POINT ( 'NONE',  ( -10.00000000000000178, 589.9205689955039134, 13.12500000000105160 ) ) ;
#3378 = VERTEX_POINT ( 'NONE', #113 ) ;
#3379 = AXIS2_PLACEMENT_3D ( 'NONE', #3635, #5524, #5065 ) ;
#3380 = ORIENTED_EDGE ( 'NONE', *, *, #6065, .F. ) ;
#3381 = CARTESIAN_POINT ( 'NONE',  ( 10.00000000000000178, 494.4443899549032722, 16.49999999999940314 ) ) ;
#3382 = ADVANCED_FACE ( 'NONE', ( #4359 ), #2516, .F. ) ;
#3383 = PLANE ( 'NONE',  #1346 ) ;
#3384 = AXIS2_PLACEMENT_3D ( 'NONE', #833, #2684, #5954 ) ;
#3385 = ORIENTED_EDGE ( 'NONE', *, *, #133, .T. ) ;
#3386 = DIRECTION ( 'NONE',  ( 0.000000000000000000, 0.000000000000000000, 1.000000000000000000 ) ) ;
#3387 = LINE ( 'NONE', #1576, #5804 ) ;
#3388 = DIRECTION ( 'NONE',  ( -6.520427397917960799E-16, -0.3420201433256629953, -0.9396926207859104263 ) ) ;
#3389 = EDGE_CURVE ( 'NONE', #2865, #5884, #1064, .T. ) ;
#3390 = CARTESIAN_POINT ( 'NONE',  ( 8.483226407164680793, 570.1148163647350202, 15.75212892637067874 ) ) ;
#3391 = LINE ( 'NONE', #2377, #4378 ) ;
#3392 = ORIENTED_EDGE ( 'NONE', *, *, #1188, .F. ) ;
#3393 = VECTOR ( 'NONE', #1669, 1000.000000000000000 ) ;
#3394 = VERTEX_POINT ( 'NONE', #4855 ) ;
#3395 = ORIENTED_EDGE ( 'NONE', *, *, #5068, .T. ) ;
#3396 = VECTOR ( 'NONE', #3228, 1000.000000000000000 ) ;
#3397 = EDGE_CURVE ( 'NONE', #1760, #4431, #1093, .T. ) ;
#3398 = CARTESIAN_POINT ( 'NONE',  ( -6.499999999999997335, 489.9999999999998863, 8.570725942163697653 ) ) ;
#3400 = DIRECTION ( 'NONE',  ( -0.4999999999999950040, 0.000000000000000000, -0.8660254037844414832 ) ) ;
#3399 = FACE_OUTER_BOUND ( 'NONE', #1237, .T. ) ;
#3401 = ORIENTED_EDGE ( 'NONE', *, *, #5773, .T. ) ;
#3402 = VECTOR ( 'NONE', #510, 1000.000000000000000 ) ;
#3403 = VECTOR ( 'NONE', #4893, 1000.000000000000000 ) ;
#3405 = LINE ( 'NONE', #2851, #5608 ) ;
#3404 = DIRECTION ( 'NONE',  ( 0.000000000000000000, 1.000000000000000000, 0.000000000000000000 ) ) ;
#3406 = VERTEX_POINT ( 'NONE', #1569 ) ;
#3408 = CARTESIAN_POINT ( 'NONE',  ( 8.051442841485993540, 508.5815568798961408, 16.49999999999942091 ) ) ;
#3407 = CARTESIAN_POINT ( 'NONE',  ( 8.051442841485984658, 578.3211077201601711, 16.49999999999944222 ) ) ;
#3410 = DIRECTION ( 'NONE',  ( -0.4999999999999965583, 0.000000000000000000, 0.8660254037844405950 ) ) ;
#3409 = CARTESIAN_POINT ( 'NONE',  ( -10.25000000000008704, 562.9014977005494984, -11.58518127581853818 ) ) ;
#3411 = ORIENTED_EDGE ( 'NONE', *, *, #3230, .T. ) ;
#3412 = VERTEX_POINT ( 'NONE', #4324 ) ;
#3413 = LINE ( 'NONE', #606, #3249 ) ;
#3414 = CARTESIAN_POINT ( 'NONE',  ( 10.00000000000000178, 527.4311127798866892, 16.49999999999940314 ) ) ;
#3415 = ORIENTED_EDGE ( 'NONE', *, *, #2941, .F. ) ;
#3416 = EDGE_CURVE ( 'NONE', #3250, #2130, #664, .T. ) ;
#3417 = DIRECTION ( 'NONE',  ( 0.000000000000000000, 0.3420201433256652157, -0.9396926207859096492 ) ) ;
#3418 = LINE ( 'NONE', #1555, #4915 ) ;
#3419 = DIRECTION ( 'NONE',  ( -1.000000000000000000, 1.383500721948037739E-16, 1.088838682103976535E-17 ) ) ;
#3420 = CARTESIAN_POINT ( 'NONE',  ( -6.499999999999997335, 503.9999999999998863, 7.020725942163696054 ) ) ;
#3421 = PLANE ( 'NONE',  #2912 ) ;
#3422 = EDGE_LOOP ( 'NONE', ( #480, #2276, #1167, #4801 ) ) ;
#3423 = EDGE_CURVE ( 'NONE', #4861, #3194, #2001, .T. ) ;
#3424 = EDGE_CURVE ( 'NONE', #5198, #2381, #2087, .T. ) ;
#3425 = ORIENTED_EDGE ( 'NONE', *, *, #617, .T. ) ;
#3426 = CARTESIAN_POINT ( 'NONE',  ( 6.499999999999997335, 489.9999999999998863, 5.470725942163697120 ) ) ;
#3427 = CARTESIAN_POINT ( 'NONE',  ( 10.00000000000000178, 532.1435017548844826, 16.49999999999940314 ) ) ;
#3428 = EDGE_CURVE ( 'NONE', #1294, #2897, #4078, .T. ) ;
#3429 = EDGE_CURVE ( 'NONE', #1571, #3406, #3957, .T. ) ;
#3431 = CARTESIAN_POINT ( 'NONE',  ( -8.051442841485993540, 502.9228841201978071, 16.49999999999940314 ) ) ;
#3430 = CARTESIAN_POINT ( 'NONE',  ( 8.051442841485993540, -10.00000000000045297, 16.49999999999942091 ) ) ;
#3432 = ORIENTED_EDGE ( 'NONE', *, *, #2786, .T. ) ;
#3434 = LINE ( 'NONE', #138, #831 ) ;
#3433 = DIRECTION ( 'NONE',  ( 6.520427397917960799E-16, -0.3420201433256629953, 0.9396926207859104263 ) ) ;
#3435 = ORIENTED_EDGE ( 'NONE', *, *, #843, .T. ) ;
#3437 = CARTESIAN_POINT ( 'NONE',  ( -8.051442841485993540, 531.1972179701836012, 16.49999999999940314 ) ) ;
#3436 = DIRECTION ( 'NONE',  ( -1.000000000000000000, 0.000000000000000000, 6.938893903907228378E-16 ) ) ;
#3438 = ORIENTED_EDGE ( 'NONE', *, *, #2008, .F. ) ;
#3439 = ORIENTED_EDGE ( 'NONE', *, *, #850, .T. ) ;
#3440 = DIRECTION ( 'NONE',  ( 0.000000000000000000, 0.000000000000000000, 1.000000000000000000 ) ) ;
#3441 = VECTOR ( 'NONE', #5044, 1000.000000000000000 ) ;
#3442 = VECTOR ( 'NONE', #1506, 1000.000000000000000 ) ;
#3443 = FACE_BOUND ( 'NONE', #868, .T. ) ;
#3444 = DIRECTION ( 'NONE',  ( -1.000000000000000000, 0.000000000000000000, 6.938893903907228378E-16 ) ) ;
#3445 = CYLINDRICAL_SURFACE ( 'NONE', #3839, 4.000000000000000888 ) ;
#3446 = FACE_OUTER_BOUND ( 'NONE', #4736, .T. ) ;
#3447 = CARTESIAN_POINT ( 'NONE',  ( 10.00000000000000888, -10.00000000000045297, 13.12500000000107470 ) ) ;
#3448 = VERTEX_POINT ( 'NONE', #1292 ) ;
#3449 = ORIENTED_EDGE ( 'NONE', *, *, #963, .F. ) ;
#3450 = ORIENTED_EDGE ( 'NONE', *, *, #5039, .T. ) ;
#3451 = VECTOR ( 'NONE', #1655, 1000.000000000000000 ) ;
#3452 = CARTESIAN_POINT ( 'NONE',  ( 8.483226407164680793, 499.4289817397704496, 15.75212892637067874 ) ) ;
#3453 = CARTESIAN_POINT ( 'NONE',  ( -18.25000000000008527, 547.4769831201855368, -6.780563709337406486 ) ) ;
#3454 = EDGE_CURVE ( 'NONE', #1760, #3822, #1235, .T. ) ;
#3455 = VECTOR ( 'NONE', #2825, 1000.000000000000000 ) ;
#3456 = ORIENTED_EDGE ( 'NONE', *, *, #363, .T. ) ;
#3458 = DIRECTION ( 'NONE',  ( -6.520427397917960799E-16, -0.3420201433256629953, -0.9396926207859104263 ) ) ;
#3457 = LINE ( 'NONE', #1591, #4952 ) ;
#3459 = AXIS2_PLACEMENT_3D ( 'NONE', #978, #24, #6075 ) ;
#3461 = DIRECTION ( 'NONE',  ( 0.000000000000000000, 0.000000000000000000, 1.000000000000000000 ) ) ;
#3460 = CARTESIAN_POINT ( 'NONE',  ( -18.25000000000008882, 586.8686935486363154, 2.500000000000000444 ) ) ;
#3462 = EDGE_CURVE ( 'NONE', #914, #440, #5003, .T. ) ;
#3463 = ORIENTED_EDGE ( 'NONE', *, *, #559, .T. ) ;
#3464 = AXIS2_PLACEMENT_3D ( 'NONE', #1359, #478, #882 ) ;
#3466 = CARTESIAN_POINT ( 'NONE',  ( 10.25000000000000888, 600.0000000000000000, 0.000000000000000000 ) ) ;
#3465 = DIRECTION ( 'NONE',  ( 1.156482317317872465E-16, -0.9969173337331280749, -0.07845909572784233454 ) ) ;
#3467 = ORIENTED_EDGE ( 'NONE', *, *, #1846, .T. ) ;
#3468 = DIRECTION ( 'NONE',  ( -0.4768709627114696148, -0.3006265784832180543, -0.8259647360705598684 ) ) ;
#3469 = EDGE_CURVE ( 'NONE', #1274, #4745, #1746, .T. ) ;
#3470 = AXIS2_PLACEMENT_3D ( 'NONE', #172, #3865, #5264 ) ;
#3471 = VERTEX_POINT ( 'NONE', #1172 ) ;
#3472 = ORIENTED_EDGE ( 'NONE', *, *, #2223, .T. ) ;
#3473 = VECTOR ( 'NONE', #3667, 1000.000000000000000 ) ;
#3474 = DIRECTION ( 'NONE',  ( 0.000000000000000000, -1.000000000000000000, 0.000000000000000000 ) ) ;
#3475 = FACE_OUTER_BOUND ( 'NONE', #2687, .T. ) ;
#3476 = DIRECTION ( 'NONE',  ( -1.000000000000000000, 0.000000000000000000, 6.938893903907228378E-16 ) ) ;
#3477 = LINE ( 'NONE', #767, #1519 ) ;
#3478 = DIRECTION ( 'NONE',  ( 0.000000000000000000, -0.8496919301565228899, -0.5272794551534153440 ) ) ;
#3479 = VERTEX_POINT ( 'NONE', #721 ) ;
#3480 = VECTOR ( 'NONE', #1281, 1000.000000000000114 ) ;
#3481 = ORIENTED_EDGE ( 'NONE', *, *, #1999, .T. ) ;
#3482 = DIRECTION ( 'NONE',  ( -1.000000000000000000, 0.000000000000000000, 6.938893903907229364E-16 ) ) ;
#3483 = VECTOR ( 'NONE', #2775, 1000.000000000000000 ) ;
#3484 = CARTESIAN_POINT ( 'NONE',  ( 10.25000000000008527, 547.4769831201855368, -6.780563709337406486 ) ) ;
#3485 = ORIENTED_EDGE ( 'NONE', *, *, #3032, .F. ) ;
#3486 = CIRCLE ( 'NONE', #2513, 2.250000000000002220 ) ;
#3487 = ADVANCED_FACE ( 'NONE', ( #3033 ), #4475, .F. ) ;
#3488 = ORIENTED_EDGE ( 'NONE', *, *, #149, .F. ) ;
#3490 = CYLINDRICAL_SURFACE ( 'NONE', #2272, 1.550000000000000266 ) ;
#3489 = LINE ( 'NONE', #2138, #6046 ) ;
#3492 = PLANE ( 'NONE',  #5930 ) ;
#3491 = PLANE ( 'NONE',  #4569 ) ;
#3493 = EDGE_CURVE ( 'NONE', #1765, #2364, #3272, .T. ) ;
#3494 = EDGE_CURVE ( 'NONE', #4156, #2331, #3522, .T. ) ;
#3495 = VECTOR ( 'NONE', #5512, 1000.000000000000000 ) ;
#3497 = DIRECTION ( 'NONE',  ( -2.373241487535919019E-16, -0.9396926207859105373, -0.3420201433256630508 ) ) ;
#3496 = DIRECTION ( 'NONE',  ( 0.8660254037844415942, 0.000000000000000000, -0.4999999999999950595 ) ) ;
#3498 = ORIENTED_EDGE ( 'NONE', *, *, #352, .T. ) ;
#3499 = DIRECTION ( 'NONE',  ( -6.520427397917960799E-16, -0.3420201433256629953, -0.9396926207859104263 ) ) ;
#3500 = ADVANCED_FACE ( 'NONE', ( #2571 ), #755, .F. ) ;
#3501 = EDGE_CURVE ( 'NONE', #1489, #1561, #311, .T. ) ;
#3502 = CARTESIAN_POINT ( 'NONE',  ( 18.25000000000008527, 547.4769831201855368, -6.780563709337406486 ) ) ;
#3504 = CARTESIAN_POINT ( 'NONE',  ( 8.483226407164680793, 588.9643722647256254, 15.75212892637067874 ) ) ;
#3503 = CARTESIAN_POINT ( 'NONE',  ( 8.483226407164680793, 526.2126261853164806, 15.75212892637067874 ) ) ;
#3505 = CARTESIAN_POINT ( 'NONE',  ( -10.00000000000000178, -10.00000000000045297, 13.12500000000105160 ) ) ;
#3506 = FACE_OUTER_BOUND ( 'NONE', #2924, .T. ) ;
#3507 = PLANE ( 'NONE',  #1729 ) ;
#3508 = ORIENTED_EDGE ( 'NONE', *, *, #2603, .T. ) ;
#3509 = ORIENTED_EDGE ( 'NONE', *, *, #4889, .T. ) ;
#3510 = ORIENTED_EDGE ( 'NONE', *, *, #5711, .T. ) ;
#3511 = VERTEX_POINT ( 'NONE', #1203 ) ;
#3512 = LINE ( 'NONE', #2133, #2402 ) ;
#3513 = CARTESIAN_POINT ( 'NONE',  ( 9.999999999999998224, 514.5223453955416062, 13.12500000000105160 ) ) ;
#3514 = EDGE_LOOP ( 'NONE', ( #1122, #4765, #4795, #601, #1759, #4223 ) ) ;
#3515 = VERTEX_POINT ( 'NONE', #2116 ) ;
#3517 = CARTESIAN_POINT ( 'NONE',  ( -10.00000000000000178, -10.00000000000045297, 13.12500000000105160 ) ) ;
#3516 = LINE ( 'NONE', #3547, #556 ) ;
#3518 = VERTEX_POINT ( 'NONE', #3988 ) ;
#3520 = DIRECTION ( 'NONE',  ( 0.000000000000000000, 0.000000000000000000, 1.000000000000000000 ) ) ;
#3519 = LINE ( 'NONE', #4526, #1733 ) ;
#3521 = EDGE_CURVE ( 'NONE', #4869, #2625, #4978, .T. ) ;
#3523 = DIRECTION ( 'NONE',  ( -0.000000000000000000, 1.000000000000000000, -0.000000000000000000 ) ) ;
#3522 = LINE ( 'NONE', #5967, #2010 ) ;
#3524 = ORIENTED_EDGE ( 'NONE', *, *, #1573, .F. ) ;
#3525 = ADVANCED_FACE ( 'NONE', ( #4499 ), #5871, .T. ) ;
#3526 = LINE ( 'NONE', #5442, #4435 ) ;
#3527 = EDGE_CURVE ( 'NONE', #2020, #3448, #691, .T. ) ;
#3528 = PLANE ( 'NONE',  #1129 ) ;
#3530 = DIRECTION ( 'NONE',  ( -0.4999999999999965583, 0.000000000000000000, 0.8660254037844405950 ) ) ;
#3529 = PLANE ( 'NONE',  #2782 ) ;
#3531 = DIRECTION ( 'NONE',  ( -6.520427397917960799E-16, -0.3420201433256629953, -0.9396926207859104263 ) ) ;
#3532 = CARTESIAN_POINT ( 'NONE',  ( 19.49999999999999645, 600.0000000000000000, 14.49999999999999822 ) ) ;
#3533 = CARTESIAN_POINT ( 'NONE',  ( 10.00000000000000888, 547.5090682205251369, 13.12500000000107470 ) ) ;
#3534 = EDGE_CURVE ( 'NONE', #1280, #3185, #2393, .T. ) ;
#3535 = EDGE_CURVE ( 'NONE', #1917, #5019, #3101, .T. ) ;
#3536 = VERTEX_POINT ( 'NONE', #4045 ) ;
#3537 = ORIENTED_EDGE ( 'NONE', *, *, #2936, .T. ) ;
#3538 = AXIS2_PLACEMENT_3D ( 'NONE', #3842, #4772, #645 ) ;
#3539 = ORIENTED_EDGE ( 'NONE', *, *, #624, .F. ) ;
#3540 = DIRECTION ( 'NONE',  ( -1.000000000000000000, 0.000000000000000000, 6.938893903907228378E-16 ) ) ;
#3541 = AXIS2_PLACEMENT_3D ( 'NONE', #4298, #2949, #4824 ) ;
#3542 = DIRECTION ( 'NONE',  ( -0.000000000000000000, 1.000000000000000000, -0.000000000000000000 ) ) ;
#3543 = EDGE_CURVE ( 'NONE', #3642, #984, #5934, .T. ) ;
#3544 = ORIENTED_EDGE ( 'NONE', *, *, #1998, .T. ) ;
#3545 = AXIS2_PLACEMENT_3D ( 'NONE', #282, #4938, #3458 ) ;
#3546 = VERTEX_POINT ( 'NONE', #41 ) ;
#3548 = PLANE ( 'NONE',  #424 ) ;
#3547 = CARTESIAN_POINT ( 'NONE',  ( -3.935108105617389551, 557.3541617532612236, 23.62970090348453311 ) ) ;
#3550 = DIRECTION ( 'NONE',  ( 0.000000000000000000, -1.000000000000000000, 0.000000000000000000 ) ) ;
#3549 = LINE ( 'NONE', #1676, #4369 ) ;
#3551 = CIRCLE ( 'NONE', #428, 2.249999999999995115 ) ;
#3552 = VECTOR ( 'NONE', #1939, 1000.000000000000000 ) ;
#3554 = CARTESIAN_POINT ( 'NONE',  ( 10.00000000000000888, 528.6595123205345317, 13.12500000000107470 ) ) ;
#3553 = DIRECTION ( 'NONE',  ( 0.000000000000000000, 0.000000000000000000, -1.000000000000000000 ) ) ;
#3555 = ORIENTED_EDGE ( 'NONE', *, *, #519, .F. ) ;
#3556 = EDGE_LOOP ( 'NONE', ( #4899, #4160, #1383, #112 ) ) ;
#3557 = DIRECTION ( 'NONE',  ( -2.373241487535919019E-16, -0.9396926207859105373, -0.3420201433256630508 ) ) ;
#3558 = ORIENTED_EDGE ( 'NONE', *, *, #2085, .F. ) ;
#3559 = VECTOR ( 'NONE', #3692, 1000.000000000000000 ) ;
#3560 = CARTESIAN_POINT ( 'NONE',  ( -10.00000000000000178, 586.5174861295075743, 13.12500000000105160 ) ) ;
#3561 = EDGE_CURVE ( 'NONE', #523, #1728, #1377, .T. ) ;
#3563 = DIRECTION ( 'NONE',  ( 0.000000000000000000, -1.000000000000000000, 0.000000000000000000 ) ) ;
#3562 = CARTESIAN_POINT ( 'NONE',  ( 10.00000000000000888, -10.00000000000045297, 13.12500000000107470 ) ) ;
#3564 = VECTOR ( 'NONE', #3322, 1000.000000000000000 ) ;
#3565 = FACE_OUTER_BOUND ( 'NONE', #3903, .T. ) ;
#3566 = CARTESIAN_POINT ( 'NONE',  ( 10.25000000000008527, 547.4769831201855368, -6.780563709337406486 ) ) ;
#3567 = FACE_OUTER_BOUND ( 'NONE', #2423, .T. ) ;
#3568 = ORIENTED_EDGE ( 'NONE', *, *, #171, .F. ) ;
#3569 = VECTOR ( 'NONE', #2299, 1000.000000000000000 ) ;
#3570 = EDGE_CURVE ( 'NONE', #51, #5423, #1903, .T. ) ;
#3571 = ORIENTED_EDGE ( 'NONE', *, *, #5088, .T. ) ;
#3572 = LINE ( 'NONE', #2590, #851 ) ;
#3573 = AXIS2_PLACEMENT_3D ( 'NONE', #1987, #1107, #1440 ) ;
#3574 = DIRECTION ( 'NONE',  ( -0.000000000000000000, -1.000000000000000000, -0.000000000000000000 ) ) ;
#3575 = ORIENTED_EDGE ( 'NONE', *, *, #1730, .T. ) ;
#3576 = VECTOR ( 'NONE', #3601, 1000.000000000000000 ) ;
#3577 = EDGE_CURVE ( 'NONE', #2379, #4309, #405, .T. ) ;
#3578 = ORIENTED_EDGE ( 'NONE', *, *, #5879, .F. ) ;
#3580 = DIRECTION ( 'NONE',  ( -6.938893903907228378E-16, 0.000000000000000000, -1.000000000000000000 ) ) ;
#3579 = PLANE ( 'NONE',  #4753 ) ;
#3582 = LINE ( 'NONE', #5344, #1800 ) ;
#3581 = PLANE ( 'NONE',  #1834 ) ;
#3583 = CIRCLE ( 'NONE', #1341, 2.249999999999974243 ) ;
#3585 = PLANE ( 'NONE',  #619 ) ;
#3584 = DIRECTION ( 'NONE',  ( 0.000000000000000000, -1.000000000000000000, 0.000000000000000000 ) ) ;
#3586 = VERTEX_POINT ( 'NONE', #3728 ) ;
#3587 = VECTOR ( 'NONE', #3478, 1000.000000000000114 ) ;
#3588 = ORIENTED_EDGE ( 'NONE', *, *, #2374, .T. ) ;
#3589 = DIRECTION ( 'NONE',  ( 1.000000000000000000, 1.383500721948037739E-16, 1.088838682103976689E-17 ) ) ;
#3590 = AXIS2_PLACEMENT_3D ( 'NONE', #660, #2449, #3433 ) ;
#3591 = DIRECTION ( 'NONE',  ( -1.000000000000000000, 1.383500721948037739E-16, 1.088838682103976535E-17 ) ) ;
#3593 = DIRECTION ( 'NONE',  ( -1.000000000000000000, 0.000000000000000000, 6.938893903907228378E-16 ) ) ;
#3592 = CARTESIAN_POINT ( 'NONE',  ( 20.00000000000000000, 600.0000000000000000, 0.000000000000000000 ) ) ;
#3594 = ORIENTED_EDGE ( 'NONE', *, *, #4232, .T. ) ;
#3595 = CARTESIAN_POINT ( 'NONE',  ( 8.483226407164680793, 592.1860718352835420, 15.75212892637067874 ) ) ;
#3596 = CARTESIAN_POINT ( 'NONE',  ( -10.25000000000008171, 529.5113822919836366, -3.293737013363235597E-16 ) ) ;
#3597 = CARTESIAN_POINT ( 'NONE',  ( -19.99999999999999645, 599.9999999999998863, 7.279404685324011304 ) ) ;
#3598 = VERTEX_POINT ( 'NONE', #3641 ) ;
#3599 = ADVANCED_FACE ( 'NONE', ( #875 ), #933, .T. ) ;
#3600 = ORIENTED_EDGE ( 'NONE', *, *, #2528, .T. ) ;
#3601 = DIRECTION ( 'NONE',  ( -0.000000000000000000, 1.000000000000000000, -0.000000000000000000 ) ) ;
#3602 = EDGE_CURVE ( 'NONE', #3394, #3193, #470, .T. ) ;
#3603 = PLANE ( 'NONE',  #860 ) ;
#3604 = EDGE_LOOP ( 'NONE', ( #3415, #5987 ) ) ;
#3605 = ORIENTED_EDGE ( 'NONE', *, *, #2143, .F. ) ;
#3606 = ADVANCED_FACE ( 'NONE', ( #4192 ), #2328, .F. ) ;
#3607 = EDGE_LOOP ( 'NONE', ( #4220, #669, #5137, #954 ) ) ;
#3609 = CARTESIAN_POINT ( 'NONE',  ( 19.99999999999999645, 600.0000000000000000, 12.28867513459481486 ) ) ;
#3608 = FACE_OUTER_BOUND ( 'NONE', #3258, .T. ) ;
#3611 = CARTESIAN_POINT ( 'NONE',  ( 6.999999999999995559, 489.9999999999998863, 0.000000000000000000 ) ) ;
#3610 = CARTESIAN_POINT ( 'NONE',  ( -19.99999999999999645, 489.9999999999998863, -5.000000000000000000 ) ) ;
#3612 = EDGE_CURVE ( 'NONE', #4745, #5457, #2986, .T. ) ;
#3613 = EDGE_CURVE ( 'NONE', #4959, #67, #1324, .T. ) ;
#3615 = DIRECTION ( 'NONE',  ( -1.000000000000000000, 0.000000000000000000, 6.938893903907228378E-16 ) ) ;
#3614 = CARTESIAN_POINT ( 'NONE',  ( 15.99999999999999645, 494.9999999999998863, -5.000000000000004441 ) ) ;
#3616 = ORIENTED_EDGE ( 'NONE', *, *, #709, .F. ) ;
#3617 = ORIENTED_EDGE ( 'NONE', *, *, #348, .F. ) ;
#3618 = CARTESIAN_POINT ( 'NONE',  ( 10.00000000000000178, 565.1302245798678996, 16.49999999999940314 ) ) ;
#3619 = EDGE_LOOP ( 'NONE', ( #977, #43, #4047, #5085 ) ) ;
#3621 = CARTESIAN_POINT ( 'NONE',  ( 10.00000000000000888, -10.00000000000045297, 13.12500000000107470 ) ) ;
#3620 = DIRECTION ( 'NONE',  ( 6.938893903907228378E-16, 0.000000000000000000, 1.000000000000000000 ) ) ;
#3622 = LINE ( 'NONE', #1725, #3643 ) ;
#3623 = CARTESIAN_POINT ( 'NONE',  ( 18.25000000000008527, 562.4307431261825059, -5.603677273419772398 ) ) ;
#3624 = CARTESIAN_POINT ( 'NONE',  ( -8.051442841485993540, 503.8691679048985748, 16.49999999999940314 ) ) ;
#3625 = ORIENTED_EDGE ( 'NONE', *, *, #3360, .T. ) ;
#3626 = ORIENTED_EDGE ( 'NONE', *, *, #3223, .F. ) ;
#3627 = EDGE_LOOP ( 'NONE', ( #1883, #116, #3038, #1042 ) ) ;
#3628 = LINE ( 'NONE', #800, #1534 ) ;
#3629 = CARTESIAN_POINT ( 'NONE',  ( 9.999999999999998224, 500.3851784705487376, 13.12500000000105160 ) ) ;
#3630 = VERTEX_POINT ( 'NONE', #2265 ) ;
#3631 = AXIS2_PLACEMENT_3D ( 'NONE', #4422, #5415, #3168 ) ;
#3632 = EDGE_LOOP ( 'NONE', ( #707, #1687, #1463, #1665 ) ) ;
#3633 = VECTOR ( 'NONE', #4912, 1000.000000000000000 ) ;
#3634 = EDGE_CURVE ( 'NONE', #5259, #386, #5994, .T. ) ;
#3636 = DIRECTION ( 'NONE',  ( -0.000000000000000000, -1.000000000000000000, -0.000000000000000000 ) ) ;
#3635 = CARTESIAN_POINT ( 'NONE',  ( 10.00000000000000888, -10.00000000000045297, 13.12500000000107470 ) ) ;
#3638 = CARTESIAN_POINT ( 'NONE',  ( -10.24999999999998757, 599.9999999999998863, 5.000000000000122569 ) ) ;
#3637 = LINE ( 'NONE', #1865, #2805 ) ;
#3639 = VECTOR ( 'NONE', #3859, 1000.000000000000000 ) ;
#3640 = EDGE_CURVE ( 'NONE', #2863, #5019, #3762, .T. ) ;
#3641 = CARTESIAN_POINT ( 'NONE',  ( 8.051442841485993540, 593.4045584298537506, 16.49999999999942091 ) ) ;
#3642 = VERTEX_POINT ( 'NONE', #5618 ) ;
#3643 = VECTOR ( 'NONE', #4088, 1000.000000000000000 ) ;
#3644 = DIRECTION ( 'NONE',  ( 0.000000000000000000, 1.000000000000000000, -0.000000000000000000 ) ) ;
#3645 = UNCERTAINTY_MEASURE_WITH_UNIT (LENGTH_MEASURE( 1.000000000000000082E-05 ), #3703, 'distance_accuracy_value', 'NONE');
#3646 = AXIS2_PLACEMENT_3D ( 'NONE', #1061, #661, #199 ) ;
#3647 = ORIENTED_EDGE ( 'NONE', *, *, #5760, .T. ) ;
#3648 = ADVANCED_FACE ( 'NONE', ( #2729 ), #2788, .F. ) ;
#3650 = DIRECTION ( 'NONE',  ( -1.000000000000000000, 0.000000000000000000, 6.938893903907228378E-16 ) ) ;
#3649 = CARTESIAN_POINT ( 'NONE',  ( 14.88397459621555896, 600.0000000000000000, 14.93301270189222052 ) ) ;
#3651 = EDGE_LOOP ( 'NONE', ( #540, #2715, #2585, #4631 ) ) ;
#3652 = VERTEX_POINT ( 'NONE', #2696 ) ;
#3653 = LINE ( 'NONE', #6070, #2281 ) ;
#3654 = CARTESIAN_POINT ( 'NONE',  ( -8.051442841485993540, 512.3476620701929960, 16.49999999999940314 ) ) ;
#3655 = AXIS2_PLACEMENT_3D ( 'NONE', #163, #5679, #1932 ) ;
#3656 = DIRECTION ( 'NONE',  ( -0.4999999999999950040, 0.000000000000000000, -0.8660254037844414832 ) ) ;
#3657 = ORIENTED_EDGE ( 'NONE', *, *, #5162, .F. ) ;
#3658 = VECTOR ( 'NONE', #699, 1000.000000000000114 ) ;
#3659 = CARTESIAN_POINT ( 'NONE',  ( -15.99999999999999645, 494.9999999999998863, -7.250000000000002665 ) ) ;
#3660 = VERTEX_POINT ( 'NONE', #4166 ) ;
#3661 = PLANE ( 'NONE',  #2898 ) ;
#3662 = DIRECTION ( 'NONE',  ( 1.000000000000000000, 1.383500721948037739E-16, 1.088838682103976689E-17 ) ) ;
#3663 = ORIENTED_EDGE ( 'NONE', *, *, #735, .T. ) ;
#3664 = VECTOR ( 'NONE', #4386, 1000.000000000000000 ) ;
#3665 = ORIENTED_EDGE ( 'NONE', *, *, #2982, .T. ) ;
#3666 = VECTOR ( 'NONE', #5805, 1000.000000000000000 ) ;
#3667 = DIRECTION ( 'NONE',  ( 1.000000000000000000, 0.000000000000000000, -6.938893903907228378E-16 ) ) ;
#3668 = ORIENTED_EDGE ( 'NONE', *, *, #5216, .T. ) ;
#3670 = CARTESIAN_POINT ( 'NONE',  ( -10.25000000000008704, 560.1807431261826196, -5.603677273419772398 ) ) ;
#3669 = CARTESIAN_POINT ( 'NONE',  ( 10.00000000000000178, 508.5723120359458562, 16.52539999999935816 ) ) ;
#3671 = VECTOR ( 'NONE', #3261, 1000.000000000000114 ) ;
#3672 = EDGE_CURVE ( 'NONE', #651, #5169, #3673, .T. ) ;
#3674 = LINE ( 'NONE', #5159, #1984 ) ;
#3673 = LINE ( 'NONE', #4662, #5148 ) ;
#3675 = ORIENTED_EDGE ( 'NONE', *, *, #4327, .T. ) ;
#3676 = EDGE_LOOP ( 'NONE', ( #2359, #5961, #5422, #5465 ) ) ;
#3677 = CARTESIAN_POINT ( 'NONE',  ( 14.88397459621555896, 600.0000000000000000, 14.93301270189222052 ) ) ;
#3678 = EDGE_CURVE ( 'NONE', #2737, #1357, #1868, .T. ) ;
#3679 = AXIS2_PLACEMENT_3D ( 'NONE', #841, #5154, #1375 ) ;
#3680 = ADVANCED_FACE ( 'NONE', ( #1353 ), #3218, .F. ) ;
#3681 = EDGE_LOOP ( 'NONE', ( #415, #5394, #5925, #2430 ) ) ;
#3682 = AXIS2_PLACEMENT_3D ( 'NONE', #5794, #2045, #1186 ) ;
#3684 = CARTESIAN_POINT ( 'NONE',  ( 10.00000000000000178, 493.4981061702025045, 16.49999999999940314 ) ) ;
#3683 = CARTESIAN_POINT ( 'NONE',  ( 9.999999999999998224, 591.2298751045052541, 13.12500000000105160 ) ) ;
#3685 = CARTESIAN_POINT ( 'NONE',  ( -10.00000000000000178, 489.9999999999998863, 16.49999999999940314 ) ) ;
#3686 = VERTEX_POINT ( 'NONE', #902 ) ;
#3687 = DIRECTION ( 'NONE',  ( -0.4768709627114696148, -0.3006265784832180543, -0.8259647360705598684 ) ) ;
#3688 = ORIENTED_EDGE ( 'NONE', *, *, #4853, .T. ) ;
#3689 = EDGE_CURVE ( 'NONE', #4607, #1332, #349, .T. ) ;
#3690 = AXIS2_PLACEMENT_3D ( 'NONE', #3985, #3153, #1232 ) ;
#3691 = ADVANCED_FACE ( 'NONE', ( #377 ), #4629, .F. ) ;
#3692 = DIRECTION ( 'NONE',  ( 1.000000000000000000, 1.383500721948037739E-16, 1.088838682103976689E-17 ) ) ;
#3693 = CARTESIAN_POINT ( 'NONE',  ( -8.051442841485993540, 493.4981061702025045, 16.49999999999940314 ) ) ;
#3694 = DIRECTION ( 'NONE',  ( -0.8660254037844407060, 0.000000000000000000, -0.4999999999999966138 ) ) ;
#3695 = CARTESIAN_POINT ( 'NONE',  ( 10.00000000000000178, 574.5457576859129176, 16.52539999999935816 ) ) ;
#3696 = ORIENTED_EDGE ( 'NONE', *, *, #2835, .F. ) ;
#3697 = ORIENTED_EDGE ( 'NONE', *, *, #1895, .T. ) ;
#3698 = DIRECTION ( 'NONE',  ( -6.520427397917960799E-16, -0.3420201433256629953, -0.9396926207859104263 ) ) ;
#3699 = ORIENTED_EDGE ( 'NONE', *, *, #2900, .F. ) ;
#3701 = LINE ( 'NONE', #2236, #3366 ) ;
#3700 = DIRECTION ( 'NONE',  ( 6.520427397917960799E-16, -0.3420201433256629953, 0.9396926207859104263 ) ) ;
#3703 =( LENGTH_UNIT ( ) NAMED_UNIT ( * ) SI_UNIT ( .MILLI., .METRE. ) );
#3702 = DIRECTION ( 'NONE',  ( 0.000000000000000000, 0.000000000000000000, 1.000000000000000000 ) ) ;
#3704 = EDGE_LOOP ( 'NONE', ( #2038, #1488, #544, #697, #1016, #2068, #5996, #3877, #98, #4000, #2894, #650, #1302, #1142, #2492, #2075, #1667, #5876, #4176, #2845, #5705, #5363, #5803, #2502, #2463, #2707, #5920, #5175, #5664 ) ) ;
#3705 = LINE ( 'NONE', #1871, #2773 ) ;
#3706 = EDGE_CURVE ( 'NONE', #4756, #2251, #1022, .T. ) ;
#3707 = ORIENTED_EDGE ( 'NONE', *, *, #1087, .T. ) ;
#3709 = DIRECTION ( 'NONE',  ( -1.000000000000000000, 0.000000000000000000, 6.938893903907228378E-16 ) ) ;
#3708 = DIRECTION ( 'NONE',  ( -0.000000000000000000, 1.000000000000000000, -0.000000000000000000 ) ) ;
#3710 = ORIENTED_EDGE ( 'NONE', *, *, #2592, .F. ) ;
#3711 = CARTESIAN_POINT ( 'NONE',  ( 15.99999999999999645, 489.9999999999998863, -5.000000000000004441 ) ) ;
#3712 = EDGE_CURVE ( 'NONE', #3471, #5153, #991, .T. ) ;
#3713 = FACE_OUTER_BOUND ( 'NONE', #2813, .T. ) ;
#3714 = CARTESIAN_POINT ( 'NONE',  ( -19.99999999999999645, 600.0000000000000000, 15.00000000000000000 ) ) ;
#3715 = ORIENTED_EDGE ( 'NONE', *, *, #565, .T. ) ;
#3716 = EDGE_CURVE ( 'NONE', #3546, #2737, #4259, .T. ) ;
#3717 = DIRECTION ( 'NONE',  ( -0.4768709627114696148, -0.3006265784832180543, -0.8259647360705598684 ) ) ;
#3718 = CARTESIAN_POINT ( 'NONE',  ( -10.00000000000000178, -10.00000000000045297, 13.12500000000105160 ) ) ;
#3719 = ORIENTED_EDGE ( 'NONE', *, *, #2035, .F. ) ;
#3720 = ORIENTED_EDGE ( 'NONE', *, *, #316, .F. ) ;
#3721 = ORIENTED_EDGE ( 'NONE', *, *, #3032, .T. ) ;
#3722 = ADVANCED_FACE ( 'NONE', ( #2942 ), #3333, .T. ) ;
#3723 = DIRECTION ( 'NONE',  ( -6.520427397917960799E-16, -0.3420201433256629953, -0.9396926207859104263 ) ) ;
#3724 = VECTOR ( 'NONE', #3709, 1000.000000000000000 ) ;
#3726 = CARTESIAN_POINT ( 'NONE',  ( 8.483226407164680793, 573.3365159352929368, 15.75212892637067874 ) ) ;
#3725 = DIRECTION ( 'NONE',  ( 0.000000000000000000, -1.000000000000000000, 0.000000000000000000 ) ) ;
#3727 = MECHANICAL_DESIGN_GEOMETRIC_PRESENTATION_REPRESENTATION (  '', ( #1673 ), #915 ) ;
#3729 = DIRECTION ( 'NONE',  ( -0.000000000000000000, 1.000000000000000000, -0.000000000000000000 ) ) ;
#3728 = CARTESIAN_POINT ( 'NONE',  ( -8.051442841485993540, 593.4045584298537506, 16.49999999999940314 ) ) ;
#3730 = ORIENTED_EDGE ( 'NONE', *, *, #2710, .F. ) ;
#3731 = DIRECTION ( 'NONE',  ( -0.8660254037844407060, 0.000000000000000000, -0.4999999999999966138 ) ) ;
#3732 = AXIS2_PLACEMENT_3D ( 'NONE', #3029, #4440, #251 ) ;
#3733 = AXIS2_PLACEMENT_3D ( 'NONE', #1788, #5544, #1336 ) ;
#3734 = ORIENTED_EDGE ( 'NONE', *, *, #1015, .F. ) ;
#3736 = CARTESIAN_POINT ( 'NONE',  ( 10.00000000000000888, 533.3719012955322114, 13.12500000000107470 ) ) ;
#3735 = CARTESIAN_POINT ( 'NONE',  ( -3.935108105617389551, 520.1237248967996720, 23.62970090348453311 ) ) ;
#3737 = ORIENTED_EDGE ( 'NONE', *, *, #3808, .F. ) ;
#3738 = ORIENTED_EDGE ( 'NONE', *, *, #1155, .T. ) ;
#3739 = CARTESIAN_POINT ( 'NONE',  ( 8.051442841485984658, 573.6087187451626050, 16.49999999999944222 ) ) ;
#3740 = ORIENTED_EDGE ( 'NONE', *, *, #957, .T. ) ;
#3741 = LINE ( 'NONE', #1425, #1934 ) ;
#3742 = ORIENTED_EDGE ( 'NONE', *, *, #1690, .T. ) ;
#3743 = AXIS2_PLACEMENT_3D ( 'NONE', #4478, #1632, #3499 ) ;
#3744 = ADVANCED_FACE ( 'NONE', ( #594 ), #2509, .T. ) ;
#3745 = CARTESIAN_POINT ( 'NONE',  ( 10.25000000000008171, 529.5113822919836366, -3.293737013363235597E-16 ) ) ;
#3746 = ORIENTED_EDGE ( 'NONE', *, *, #5350, .F. ) ;
#3747 = VECTOR ( 'NONE', #4717, 1000.000000000000114 ) ;
#3748 = DIRECTION ( 'NONE',  ( -0.000000000000000000, -0.000000000000000000, -1.000000000000000000 ) ) ;
#3749 = DIRECTION ( 'NONE',  ( 0.000000000000000000, -1.000000000000000000, 0.000000000000000000 ) ) ;
#3750 = CARTESIAN_POINT ( 'NONE',  ( 10.25000000000000888, 600.7130275602049778, 7.440125837498396066 ) ) ;
#3751 = ORIENTED_EDGE ( 'NONE', *, *, #4206, .F. ) ;
#3752 = ORIENTED_EDGE ( 'NONE', *, *, #2667, .F. ) ;
#3753 = VECTOR ( 'NONE', #5911, 1000.000000000000000 ) ;
#3754 = ADVANCED_FACE ( 'NONE', ( #1540 ), #5189, .F. ) ;
#3755 = ORIENTED_EDGE ( 'NONE', *, *, #3823, .T. ) ;
#3756 = CARTESIAN_POINT ( 'NONE',  ( -10.00000000000000178, -10.00000000000045297, 13.12500000000105160 ) ) ;
#3757 = VECTOR ( 'NONE', #2171, 1000.000000000000000 ) ;
#3759 = DIRECTION ( 'NONE',  ( 0.000000000000000000, -1.000000000000000000, 0.000000000000000000 ) ) ;
#3758 = DIRECTION ( 'NONE',  ( -1.000000000000000000, 0.000000000000000000, 6.938893903907228378E-16 ) ) ;
#3760 = EDGE_CURVE ( 'NONE', #17, #5674, #2850, .T. ) ;
#3761 = VECTOR ( 'NONE', #4761, 1000.000000000000000 ) ;
#3763 = DIRECTION ( 'NONE',  ( -0.4999999999999950040, 0.000000000000000000, -0.8660254037844414832 ) ) ;
#3762 = LINE ( 'NONE', #4592, #4750 ) ;
#3764 = VERTEX_POINT ( 'NONE', #1505 ) ;
#3765 = ORIENTED_EDGE ( 'NONE', *, *, #1779, .T. ) ;
#3767 = CARTESIAN_POINT ( 'NONE',  ( 9.999999999999998224, 577.0927081795123286, 13.12500000000105160 ) ) ;
#3766 = DIRECTION ( 'NONE',  ( -6.520427397917960799E-16, -0.3420201433256629953, -0.9396926207859104263 ) ) ;
#3768 = CIRCLE ( 'NONE', #1138, 0.5000000000000004441 ) ;
#3769 = ORIENTED_EDGE ( 'NONE', *, *, #3885, .F. ) ;
#3771 = LINE ( 'NONE', #5659, #615 ) ;
#3770 = CARTESIAN_POINT ( 'NONE',  ( -8.051442841485993540, 532.1435017548844826, 16.49999999999940314 ) ) ;
#3772 = VERTEX_POINT ( 'NONE', #2917 ) ;
#3773 = AXIS2_PLACEMENT_3D ( 'NONE', #3623, #2675, #4512 ) ;
#3774 = ORIENTED_EDGE ( 'NONE', *, *, #1188, .T. ) ;
#3775 = DIRECTION ( 'NONE',  ( -1.000000000000000000, 0.000000000000000000, 0.000000000000000000 ) ) ;
#3776 = CARTESIAN_POINT ( 'NONE',  ( 10.00000000000000178, 599.9999999999998863, 16.49999999999940314 ) ) ;
#3777 = ORIENTED_EDGE ( 'NONE', *, *, #1998, .F. ) ;
#3778 = AXIS2_PLACEMENT_3D ( 'NONE', #367, #4615, #1282 ) ;
#3779 = LINE ( 'NONE', #5111, #3951 ) ;
#3780 = ORIENTED_EDGE ( 'NONE', *, *, #3613, .T. ) ;
#3781 = VERTEX_POINT ( 'NONE', #3369 ) ;
#3782 = ORIENTED_EDGE ( 'NONE', *, *, #4214, .T. ) ;
#3783 = CARTESIAN_POINT ( 'NONE',  ( 18.25000000000008527, 560.1807431261826196, -5.603677273419772398 ) ) ;
#3784 = LINE ( 'NONE', #1953, #3076 ) ;
#3785 = AXIS2_PLACEMENT_3D ( 'NONE', #4643, #5513, #3174 ) ;
#3786 = CARTESIAN_POINT ( 'NONE',  ( 8.483226407164680793, 579.5395943147303797, 15.75212892637067874 ) ) ;
#3787 = ORIENTED_EDGE ( 'NONE', *, *, #4889, .F. ) ;
#3788 = AXIS2_PLACEMENT_3D ( 'NONE', #465, #5990, #402 ) ;
#3789 = EDGE_LOOP ( 'NONE', ( #2349, #2118, #2683, #759 ) ) ;
#3790 = ADVANCED_FACE ( 'NONE', ( #1057 ), #1935, .F. ) ;
#3791 = DIRECTION ( 'NONE',  ( -1.000000000000000000, 0.000000000000000000, 6.938893903907228378E-16 ) ) ;
#3793 = CARTESIAN_POINT ( 'NONE',  ( 8.051442841485993540, 527.4311127798866892, 16.49999999999942091 ) ) ;
#3792 = DIRECTION ( 'NONE',  ( -2.373241487535919019E-16, 0.9396926207859105373, -0.3420201433256630508 ) ) ;
#3794 = ADVANCED_FACE ( 'NONE', ( #625 ), #1992, .F. ) ;
#3796 = CARTESIAN_POINT ( 'NONE',  ( 10.25000000000008704, 562.4307431261825059, -5.603677273419772398 ) ) ;
#3795 = DIRECTION ( 'NONE',  ( -0.000000000000000000, -1.000000000000000000, -0.000000000000000000 ) ) ;
#3797 = ORIENTED_EDGE ( 'NONE', *, *, #3800, .T. ) ;
#3799 = DIRECTION ( 'NONE',  ( -1.156482317317872465E-16, -0.9969173337331280749, -0.07845909572784233454 ) ) ;
#3798 = FACE_OUTER_BOUND ( 'NONE', #5297, .T. ) ;
#3800 = EDGE_CURVE ( 'NONE', #5441, #3308, #2421, .T. ) ;
#3801 = ADVANCED_FACE ( 'NONE', ( #5682 ), #1565, .F. ) ;
#3802 = EDGE_LOOP ( 'NONE', ( #2072, #31, #3131, #5844 ) ) ;
#3804 = LINE ( 'NONE', #5229, #3932 ) ;
#3803 = CARTESIAN_POINT ( 'NONE',  ( -19.99999999999999645, 494.9999999999998863, -5.000000000000000000 ) ) ;
#3805 = ORIENTED_EDGE ( 'NONE', *, *, #3534, .F. ) ;
#3806 = VERTEX_POINT ( 'NONE', #2971 ) ;
#3807 = LINE ( 'NONE', #1123, #1117 ) ;
#3808 = EDGE_CURVE ( 'NONE', #3888, #4861, #1089, .T. ) ;
#3809 = DIRECTION ( 'NONE',  ( -0.000000000000000000, 1.000000000000000000, -0.000000000000000000 ) ) ;
#3810 = ORIENTED_EDGE ( 'NONE', *, *, #1045, .T. ) ;
#3811 = ORIENTED_EDGE ( 'NONE', *, *, #4614, .F. ) ;
#3812 = DIRECTION ( 'NONE',  ( 0.7071067811865439090, -9.782827422659366293E-17, -0.7071067811865511255 ) ) ;
#3813 = DIRECTION ( 'NONE',  ( 0.000000000000000000, -1.000000000000000000, 0.000000000000000000 ) ) ;
#3814 = CARTESIAN_POINT ( 'NONE',  ( 9.999999999999998224, 492.2697066295547188, 13.12500000000105160 ) ) ;
#3815 = DIRECTION ( 'NONE',  ( 9.045554822729809676E-17, 0.9396926207859096492, 0.3420201433256652157 ) ) ;
#3816 = LINE ( 'NONE', #1047, #5657 ) ;
#3817 = ORIENTED_EDGE ( 'NONE', *, *, #35, .F. ) ;
#3818 = ORIENTED_EDGE ( 'NONE', *, *, #4706, .F. ) ;
#3819 = CARTESIAN_POINT ( 'NONE',  ( -10.00000000000000533, 600.0000000000000000, 12.11324865405191353 ) ) ;
#3821 = DIRECTION ( 'NONE',  ( -1.000000000000000000, 0.000000000000000000, 6.938893903907228378E-16 ) ) ;
#3820 = LINE ( 'NONE', #3427, #2701 ) ;
#3822 = VERTEX_POINT ( 'NONE', #1962 ) ;
#3823 = EDGE_CURVE ( 'NONE', #651, #640, #2303, .T. ) ;
#3825 = CARTESIAN_POINT ( 'NONE',  ( 11.99999999999999645, 494.9999999999998863, -5.000000000000003553 ) ) ;
#3824 = CARTESIAN_POINT ( 'NONE',  ( 19.49999999999999645, 489.9999999999998863, 12.28867513459481486 ) ) ;
#3826 = EDGE_LOOP ( 'NONE', ( #3425, #4354, #6000, #2619 ) ) ;
#3827 = EDGE_LOOP ( 'NONE', ( #1335, #869, #1825, #2876 ) ) ;
#3829 = CARTESIAN_POINT ( 'NONE',  ( -10.00000000000000178, 566.3586241205157421, 13.12500000000105160 ) ) ;
#3828 = DIRECTION ( 'NONE',  ( -1.000000000000000000, -1.383500721948037739E-16, -1.088838682103976535E-17 ) ) ;
#3830 = VECTOR ( 'NONE', #3880, 1000.000000000000000 ) ;
#3831 = EDGE_CURVE ( 'NONE', #3378, #3586, #4382, .T. ) ;
#3832 = ADVANCED_FACE ( 'NONE', ( #1446 ), #3306, .F. ) ;
#3834 = DIRECTION ( 'NONE',  ( 0.000000000000000000, -1.000000000000000000, 0.000000000000000000 ) ) ;
#3833 = DIRECTION ( 'NONE',  ( -0.4999999999999965583, 0.000000000000000000, 0.8660254037844405950 ) ) ;
#3835 = VECTOR ( 'NONE', #4500, 1000.000000000000114 ) ;
#3836 = ORIENTED_EDGE ( 'NONE', *, *, #2186, .F. ) ;
#3837 = DIRECTION ( 'NONE',  ( 0.000000000000000000, -1.000000000000000000, 0.000000000000000000 ) ) ;
#3838 = DIRECTION ( 'NONE',  ( -0.8660254037844407060, 0.000000000000000000, -0.4999999999999966138 ) ) ;
#3839 = AXIS2_PLACEMENT_3D ( 'NONE', #2042, #702, #1638 ) ;
#3840 = ADVANCED_FACE ( 'NONE', ( #1260 ), #4998, .F. ) ;
#3841 = LINE ( 'NONE', #1127, #3173 ) ;
#3842 = CARTESIAN_POINT ( 'NONE',  ( 10.00000000000000178, 489.7227561359553079, 16.52539999999935816 ) ) ;
#3843 = LINE ( 'NONE', #1608, #5224 ) ;
#3844 = PLANE ( 'NONE',  #1803 ) ;
#3845 = VECTOR ( 'NONE', #4674, 1000.000000000000114 ) ;
#3846 = DIRECTION ( 'NONE',  ( 1.000000000000000000, 1.383500721948037739E-16, 1.088838682103976689E-17 ) ) ;
#3847 = ORIENTED_EDGE ( 'NONE', *, *, #309, .T. ) ;
#3848 = VERTEX_POINT ( 'NONE', #4524 ) ;
#3849 = ORIENTED_EDGE ( 'NONE', *, *, #4529, .T. ) ;
#3850 = FACE_OUTER_BOUND ( 'NONE', #4377, .T. ) ;
#3852 = DIRECTION ( 'NONE',  ( 0.8660254037844415942, 0.000000000000000000, -0.4999999999999950595 ) ) ;
#3851 = DIRECTION ( 'NONE',  ( 0.000000000000000000, -1.000000000000000000, 0.000000000000000000 ) ) ;
#3853 = VERTEX_POINT ( 'NONE', #2079 ) ;
#3854 = VECTOR ( 'NONE', #2313, 1000.000000000000227 ) ;
#3855 = ADVANCED_FACE ( 'NONE', ( #781 ), #3095, .F. ) ;
#3856 = VECTOR ( 'NONE', #5418, 1000.000000000000000 ) ;
#3857 = AXIS2_PLACEMENT_3D ( 'NONE', #2637, #2613, #1658 ) ;
#3859 = DIRECTION ( 'NONE',  ( -1.000000000000000000, 1.383500721948037739E-16, 1.088838682103976689E-17 ) ) ;
#3858 = DIRECTION ( 'NONE',  ( 0.000000000000000000, 0.000000000000000000, -1.000000000000000000 ) ) ;
#3860 = EDGE_LOOP ( 'NONE', ( #2686, #1978, #3057, #5294 ) ) ;
#3862 = CARTESIAN_POINT ( 'NONE',  ( 15.13397459621555541, 599.9999999999998863, 14.49999999999999822 ) ) ;
#3861 = CARTESIAN_POINT ( 'NONE',  ( -3.935108105617389551, 538.5046058532707320, 23.62970090348453311 ) ) ;
#3863 = ADVANCED_FACE ( 'NONE', ( #805 ), #221, .F. ) ;
#3864 = AXIS2_PLACEMENT_3D ( 'NONE', #3614, #5498, #3553 ) ;
#3866 = DIRECTION ( 'NONE',  ( -1.000000000000000000, 0.000000000000000000, 6.938893903907228378E-16 ) ) ;
#3865 = DIRECTION ( 'NONE',  ( -2.373241487535919019E-16, 0.9396926207859105373, -0.3420201433256630508 ) ) ;
#3867 = EDGE_LOOP ( 'NONE', ( #4962, #5908, #4490, #5668 ) ) ;
#3868 = VECTOR ( 'NONE', #4749, 1000.000000000000000 ) ;
#3869 = EDGE_CURVE ( 'NONE', #993, #216, #4469, .T. ) ;
#3870 = EDGE_LOOP ( 'NONE', ( #3941, #3594, #4722, #400 ) ) ;
#3871 = CARTESIAN_POINT ( 'NONE',  ( -8.051442841485993540, 560.4178356048702199, 16.49999999999940314 ) ) ;
#3872 = PLANE ( 'NONE',  #5561 ) ;
#3873 = EDGE_CURVE ( 'NONE', #1191, #2411, #4493, .T. ) ;
#3874 = ORIENTED_EDGE ( 'NONE', *, *, #5002, .F. ) ;
#3875 = ORIENTED_EDGE ( 'NONE', *, *, #1358, .T. ) ;
#3876 = VECTOR ( 'NONE', #5890, 1000.000000000000000 ) ;
#3877 = ORIENTED_EDGE ( 'NONE', *, *, #3237, .T. ) ;
#3878 = PLANE ( 'NONE',  #836 ) ;
#3879 = EDGE_LOOP ( 'NONE', ( #303, #3263, #4789, #5391 ) ) ;
#3880 = DIRECTION ( 'NONE',  ( 1.000000000000000000, 0.000000000000000000, -6.938893903907228378E-16 ) ) ;
#3881 = DIRECTION ( 'NONE',  ( -1.000000000000000000, 0.000000000000000000, 6.938893903907228378E-16 ) ) ;
#3882 = DIRECTION ( 'NONE',  ( 1.000000000000000000, 0.000000000000000000, -6.938893903907228378E-16 ) ) ;
#3883 = DIRECTION ( 'NONE',  ( -0.4768709627114696148, -0.3006265784832180543, -0.8259647360705598684 ) ) ;
#3884 = EDGE_CURVE ( 'NONE', #580, #3183, #5836, .T. ) ;
#3885 = EDGE_CURVE ( 'NONE', #635, #2678, #5401, .T. ) ;
#3886 = EDGE_LOOP ( 'NONE', ( #4712, #37 ) ) ;
#3887 = AXIS2_PLACEMENT_3D ( 'NONE', #1806, #2727, #4590 ) ;
#3888 = VERTEX_POINT ( 'NONE', #5341 ) ;
#3889 = VECTOR ( 'NONE', #677, 1000.000000000000114 ) ;
#3890 = LINE ( 'NONE', #100, #5150 ) ;
#3892 = DIRECTION ( 'NONE',  ( -0.4768709627114711691, 0.3006265784832175547, 0.8259647360705590913 ) ) ;
#3891 = CARTESIAN_POINT ( 'NONE',  ( 10.25000000000008704, 562.4307431261825059, -5.603677273419772398 ) ) ;
#3893 = ORIENTED_EDGE ( 'NONE', *, *, #5393, .F. ) ;
#3894 = VECTOR ( 'NONE', #3097, 1000.000000000000000 ) ;
#3896 = LINE ( 'NONE', #3825, #5515 ) ;
#3895 = DIRECTION ( 'NONE',  ( 0.000000000000000000, 0.000000000000000000, -1.000000000000000000 ) ) ;
#3898 = CARTESIAN_POINT ( 'NONE',  ( 10.00000000000000178, 564.1839407951672456, 16.49999999999940314 ) ) ;
#3897 = FACE_OUTER_BOUND ( 'NONE', #4006, .T. ) ;
#3899 = EDGE_CURVE ( 'NONE', #5784, #637, #3457, .T. ) ;
#3901 = CARTESIAN_POINT ( 'NONE',  ( 10.00000000000000888, -10.00000000000045297, 13.12500000000107470 ) ) ;
#3900 = CARTESIAN_POINT ( 'NONE',  ( -4.457632373821303062, 560.1484021864287115, -24.70763237382117339 ) ) ;
#3902 = ORIENTED_EDGE ( 'NONE', *, *, #636, .T. ) ;
#3903 = EDGE_LOOP ( 'NONE', ( #3149, #4668, #5103, #2158 ) ) ;
#3904 = CARTESIAN_POINT ( 'NONE',  ( 8.483226407164680793, 559.1993490103000113, 15.75212892637067874 ) ) ;
#3905 = ORIENTED_EDGE ( 'NONE', *, *, #3570, .T. ) ;
#3906 = ORIENTED_EDGE ( 'NONE', *, *, #4405, .F. ) ;
#3907 = FACE_OUTER_BOUND ( 'NONE', #1257, .T. ) ;
#3908 = EDGE_CURVE ( 'NONE', #2173, #5474, #3768, .T. ) ;
#3909 = CARTESIAN_POINT ( 'NONE',  ( -6.499999999999997335, 503.9999999999998863, 5.470725942163696232 ) ) ;
#3910 = CARTESIAN_POINT ( 'NONE',  ( -8.051442841485993540, 541.5682797048797283, 16.49999999999940314 ) ) ;
#3911 = LINE ( 'NONE', #5823, #5280 ) ;
#3912 = DIRECTION ( 'NONE',  ( 0.000000000000000000, -1.000000000000000000, 0.000000000000000000 ) ) ;
#3913 = ORIENTED_EDGE ( 'NONE', *, *, #5647, .F. ) ;
#3914 = ORIENTED_EDGE ( 'NONE', *, *, #4806, .T. ) ;
#3915 = ADVANCED_FACE ( 'NONE', ( #2166 ), #750, .T. ) ;
#3916 = ORIENTED_EDGE ( 'NONE', *, *, #2043, .F. ) ;
#3917 = CARTESIAN_POINT ( 'NONE',  ( -10.00000000000000178, 496.9820956045522848, 13.12500000000105160 ) ) ;
#3918 = FACE_OUTER_BOUND ( 'NONE', #383, .T. ) ;
#3919 = EDGE_CURVE ( 'NONE', #4309, #862, #3489, .T. ) ;
#3920 = ORIENTED_EDGE ( 'NONE', *, *, #2595, .F. ) ;
#3922 = DIRECTION ( 'NONE',  ( -0.000000000000000000, 1.000000000000000000, -0.000000000000000000 ) ) ;
#3921 = DIRECTION ( 'NONE',  ( -0.4999999999999951150, 0.000000000000000000, 0.8660254037844414832 ) ) ;
#3924 = CARTESIAN_POINT ( 'NONE',  ( 10.25000000000008704, 562.9014977005494984, -11.58518127581853818 ) ) ;
#3923 = LINE ( 'NONE', #3460, #2225 ) ;
#3926 = DIRECTION ( 'NONE',  ( 0.8660254037844415942, 0.000000000000000000, -0.4999999999999950595 ) ) ;
#3925 = CARTESIAN_POINT ( 'NONE',  ( 8.483226407164680793, 512.0754592603234414, 15.75212892637067874 ) ) ;
#3927 = ORIENTED_EDGE ( 'NONE', *, *, #201, .T. ) ;
#3928 = LINE ( 'NONE', #5759, #1021 ) ;
#3929 = AXIS2_PLACEMENT_3D ( 'NONE', #6048, #947, #1829 ) ;
#3930 = VERTEX_POINT ( 'NONE', #1168 ) ;
#3931 = EDGE_CURVE ( 'NONE', #4296, #863, #4905, .T. ) ;
#3932 = VECTOR ( 'NONE', #4730, 1000.000000000000000 ) ;
#3933 = DIRECTION ( 'NONE',  ( 0.8660254037844415942, 0.000000000000000000, -0.4999999999999950595 ) ) ;
#3934 = DIRECTION ( 'NONE',  ( 1.000000000000000000, 0.000000000000000000, 0.000000000000000000 ) ) ;
#3935 = FACE_OUTER_BOUND ( 'NONE', #1887, .T. ) ;
#3936 = CARTESIAN_POINT ( 'NONE',  ( 9.999999999999998224, 558.2431522795217234, 13.12500000000105160 ) ) ;
#3937 = CARTESIAN_POINT ( 'NONE',  ( -6.499999999999997335, 503.9999999999998863, 8.570725942163695876 ) ) ;
#3938 = ORIENTED_EDGE ( 'NONE', *, *, #19, .F. ) ;
#3939 = AXIS2_PLACEMENT_3D ( 'NONE', #5945, #4456, #3531 ) ;
#3940 = EDGE_CURVE ( 'NONE', #3781, #5884, #250, .T. ) ;
#3941 = ORIENTED_EDGE ( 'NONE', *, *, #1045, .F. ) ;
#3942 = VECTOR ( 'NONE', #3044, 1000.000000000000000 ) ;
#3943 = DIRECTION ( 'NONE',  ( -0.000000000000000000, 1.000000000000000000, -0.000000000000000000 ) ) ;
#3944 = ADVANCED_FACE ( 'NONE', ( #1709 ), #3579, .F. ) ;
#3945 = DIRECTION ( 'NONE',  ( 0.000000000000000000, -1.000000000000000000, 0.000000000000000000 ) ) ;
#3946 = EDGE_CURVE ( 'NONE', #3213, #993, #3516, .T. ) ;
#3947 = VECTOR ( 'NONE', #4169, 1000.000000000000000 ) ;
#3948 = ORIENTED_EDGE ( 'NONE', *, *, #4323, .F. ) ;
#3950 = CARTESIAN_POINT ( 'NONE',  ( -15.99999999999999645, 494.9999999999998863, -9.000000000000001776 ) ) ;
#3949 = DIRECTION ( 'NONE',  ( -1.000000000000000000, 0.000000000000000000, 6.938893903907228378E-16 ) ) ;
#3951 = VECTOR ( 'NONE', #1394, 1000.000000000000000 ) ;
#3953 = LINE ( 'NONE', #341, #2668 ) ;
#3952 = LINE ( 'NONE', #1262, #1452 ) ;
#3954 = EDGE_CURVE ( 'NONE', #2268, #2047, #1230, .T. ) ;
#3955 = ADVANCED_FACE ( 'NONE', ( #401 ), #1349, .T. ) ;
#3956 = VECTOR ( 'NONE', #5132, 1000.000000000000000 ) ;
#3958 = CARTESIAN_POINT ( 'NONE',  ( 10.00000000000000888, -10.00000000000045297, 13.12500000000107470 ) ) ;
#3957 = LINE ( 'NONE', #5378, #3757 ) ;
#3959 = ORIENTED_EDGE ( 'NONE', *, *, #1817, .F. ) ;
#3960 = EDGE_CURVE ( 'NONE', #1126, #2146, #5152, .T. ) ;
#3961 = LINE ( 'NONE', #262, #3160 ) ;
#3962 = AXIS2_PLACEMENT_3D ( 'NONE', #5586, #4105, #5070 ) ;
#3963 = LINE ( 'NONE', #1097, #4775 ) ;
#3964 = VECTOR ( 'NONE', #6054, 1000.000000000000000 ) ;
#3965 = FACE_OUTER_BOUND ( 'NONE', #464, .T. ) ;
#3967 = FACE_OUTER_BOUND ( 'NONE', #4585, .T. ) ;
#3966 = DIRECTION ( 'NONE',  ( -0.000000000000000000, 1.000000000000000000, -0.000000000000000000 ) ) ;
#3968 = CARTESIAN_POINT ( 'NONE',  ( -10.00000000000000178, -10.00000000000045297, 13.12500000000105160 ) ) ;
#3969 = CARTESIAN_POINT ( 'NONE',  ( -10.00000000000000178, 490.9604005205534349, 13.12500000000105160 ) ) ;
#3970 = LINE ( 'NONE', #3447, #181 ) ;
#3971 = VERTEX_POINT ( 'NONE', #2323 ) ;
#3972 = AXIS2_PLACEMENT_3D ( 'NONE', #3532, #268, #1185 ) ;
#3973 = ORIENTED_EDGE ( 'NONE', *, *, #2716, .F. ) ;
#3974 = EDGE_CURVE ( 'NONE', #1893, #4647, #3214, .T. ) ;
#3975 = CARTESIAN_POINT ( 'NONE',  ( 8.051442841485984658, 502.9228841201980345, 16.49999999999944222 ) ) ;
#3976 = VECTOR ( 'NONE', #591, 1000.000000000000000 ) ;
#3977 = CARTESIAN_POINT ( 'NONE',  ( -10.00000000000000178, 581.8050971545098946, 13.12500000000105160 ) ) ;
#3978 = ORIENTED_EDGE ( 'NONE', *, *, #4403, .T. ) ;
#3979 = ADVANCED_FACE ( 'NONE', ( #3267 ), #4100, .F. ) ;
#3980 = VECTOR ( 'NONE', #976, 1000.000000000000000 ) ;
#3981 = VERTEX_POINT ( 'NONE', #2258 ) ;
#3982 = EDGE_CURVE ( 'NONE', #440, #5480, #5613, .T. ) ;
#3984 = FACE_OUTER_BOUND ( 'NONE', #13, .T. ) ;
#3983 = DIRECTION ( 'NONE',  ( -0.000000000000000000, 1.000000000000000000, -0.000000000000000000 ) ) ;
#3986 = LINE ( 'NONE', #2169, #4142 ) ;
#3985 = CARTESIAN_POINT ( 'NONE',  ( 10.25000000000008527, 547.4769831201855368, -6.780563709337406486 ) ) ;
#3987 = ADVANCED_FACE ( 'NONE', ( #3608 ), #2818, .F. ) ;
#3989 = FACE_OUTER_BOUND ( 'NONE', #180, .T. ) ;
#3988 = CARTESIAN_POINT ( 'NONE',  ( 10.25000000000008527, 545.2269831201855368, -6.780563709337406486 ) ) ;
#3990 = ORIENTED_EDGE ( 'NONE', *, *, #5413, .T. ) ;
#3991 = EDGE_CURVE ( 'NONE', #3981, #2159, #6021, .T. ) ;
#3992 = DIRECTION ( 'NONE',  ( 1.000000000000000000, 0.000000000000000000, -6.938893903907228378E-16 ) ) ;
#3993 = CARTESIAN_POINT ( 'NONE',  ( 8.483226407164680793, 584.2519832897280594, 15.75212892637067874 ) ) ;
#3994 = EDGE_CURVE ( 'NONE', #5492, #4236, #4556, .T. ) ;
#3996 = DIRECTION ( 'NONE',  ( 0.000000000000000000, -0.9969173337331299622, -0.07845909572782017172 ) ) ;
#3995 = LINE ( 'NONE', #3562, #2977 ) ;
#3997 = LINE ( 'NONE', #795, #4135 ) ;
#3998 = PLANE ( 'NONE',  #2796 ) ;
#3999 = LINE ( 'NONE', #5916, #5367 ) ;
#4000 = ORIENTED_EDGE ( 'NONE', *, *, #3312, .F. ) ;
#4001 = VERTEX_POINT ( 'NONE', #838 ) ;
#4002 = ORIENTED_EDGE ( 'NONE', *, *, #4252, .F. ) ;
#4003 = EDGE_LOOP ( 'NONE', ( #368, #1509, #1225, #3021 ) ) ;
#4004 = LINE ( 'NONE', #3452, #1818 ) ;
#4005 = LINE ( 'NONE', #4933, #5064 ) ;
#4006 = EDGE_LOOP ( 'NONE', ( #2886, #4401, #2797, #2955, #514, #4012, #597, #2607, #4426, #4389, #5076, #2718, #2309, #4885, #2322, #4929, #2532, #159, #5490, #1798, #4322, #1837, #576, #4996, #3283, #2741, #1751, #1909, #2748, #2107, #4462, #5980, #3913, #3675, #5814, #2250, #4887, #4007, #1408, #299, #2037, #6055, #3568, #4842, #3111, #5812, #4284, #4708, #3319, #5829, #859 ) ) ;
#4007 = ORIENTED_EDGE ( 'NONE', *, *, #1264, .T. ) ;
#4009 = CARTESIAN_POINT ( 'NONE',  ( 10.00000000000000178, 512.3569069141433374, 16.52539999999935816 ) ) ;
#4008 = CARTESIAN_POINT ( 'NONE',  ( 18.25000000000008527, 547.4769831201855368, -6.780563709337406486 ) ) ;
#4011 = LINE ( 'NONE', #1146, #4735 ) ;
#4010 = CARTESIAN_POINT ( 'NONE',  ( 8.051442841485981106, 493.4981061702026182, 16.49999999999944933 ) ) ;
#4012 = ORIENTED_EDGE ( 'NONE', *, *, #2716, .T. ) ;
#4013 = ADVANCED_FACE ( 'NONE', ( #431 ), #5, .T. ) ;
#4015 = DIRECTION ( 'NONE',  ( 0.8660254037844415942, 0.000000000000000000, -0.4999999999999950595 ) ) ;
#4014 = DIRECTION ( 'NONE',  ( 0.000000000000000000, -1.000000000000000000, 0.000000000000000000 ) ) ;
#4016 = ORIENTED_EDGE ( 'NONE', *, *, #3678, .T. ) ;
#4017 = EDGE_LOOP ( 'NONE', ( #5096, #1410, #3769, #708 ) ) ;
#4018 = CARTESIAN_POINT ( 'NONE',  ( -10.00000000000000178, 539.3935963795311181, 13.12500000000105160 ) ) ;
#4019 = ORIENTED_EDGE ( 'NONE', *, *, #6059, .F. ) ;
#4020 = EDGE_CURVE ( 'NONE', #5271, #5318, #5095, .T. ) ;
#4021 = LINE ( 'NONE', #3993, #5742 ) ;
#4023 = DIRECTION ( 'NONE',  ( -6.938893903907228378E-16, 0.000000000000000000, -1.000000000000000000 ) ) ;
#4022 = CARTESIAN_POINT ( 'NONE',  ( -10.00000000000000178, -10.00000000000045297, 13.12500000000105160 ) ) ;
#4024 = AXIS2_PLACEMENT_3D ( 'NONE', #940, #6068, #4234 ) ;
#4025 = ORIENTED_EDGE ( 'NONE', *, *, #2529, .T. ) ;
#4026 = DIRECTION ( 'NONE',  ( 1.000000000000000000, 0.000000000000000000, -6.938893903907228378E-16 ) ) ;
#4027 = FACE_OUTER_BOUND ( 'NONE', #706, .T. ) ;
#4028 = LINE ( 'NONE', #3937, #1445 ) ;
#4029 = VERTEX_POINT ( 'NONE', #4621 ) ;
#4030 = ADVANCED_FACE ( 'NONE', ( #2293 ), #2691, .F. ) ;
#4031 = VECTOR ( 'NONE', #756, 1000.000000000000000 ) ;
#4032 = ORIENTED_EDGE ( 'NONE', *, *, #4202, .T. ) ;
#4033 = LINE ( 'NONE', #275, #3876 ) ;
#4034 = VECTOR ( 'NONE', #4849, 1000.000000000000114 ) ;
#4035 = CARTESIAN_POINT ( 'NONE',  ( 18.25000000000008527, 549.7269831201855368, -6.780563709337406486 ) ) ;
#4036 = EDGE_LOOP ( 'NONE', ( #2839, #4718, #3721, #3145 ) ) ;
#4037 = VECTOR ( 'NONE', #2983, 1000.000000000000000 ) ;
#4038 = VERTEX_POINT ( 'NONE', #2233 ) ;
#4040 = DIRECTION ( 'NONE',  ( -0.000000000000000000, 1.000000000000000000, -0.000000000000000000 ) ) ;
#4039 = DIRECTION ( 'NONE',  ( -1.000000000000000000, 0.000000000000000000, 6.938893903907228378E-16 ) ) ;
#4042 = DIRECTION ( 'NONE',  ( 1.000000000000000000, 0.000000000000000000, -6.938893903907228378E-16 ) ) ;
#4041 = LINE ( 'NONE', #5000, #4677 ) ;
#4043 = VECTOR ( 'NONE', #4356, 1000.000000000000000 ) ;
#4044 = VECTOR ( 'NONE', #4851, 1000.000000000000000 ) ;
#4046 = PLANE ( 'NONE',  #4620 ) ;
#4045 = CARTESIAN_POINT ( 'NONE',  ( -10.25000000000008527, 547.9477376945526430, -12.76206771173615806 ) ) ;
#4047 = ORIENTED_EDGE ( 'NONE', *, *, #1453, .T. ) ;
#4048 = VERTEX_POINT ( 'NONE', #4073 ) ;
#4049 = DIRECTION ( 'NONE',  ( 1.000000000000000000, 1.383500721948037739E-16, 1.088838682103976689E-17 ) ) ;
#4050 = ADVANCED_FACE ( 'NONE', ( #926 ), #4655, .F. ) ;
#4051 = VECTOR ( 'NONE', #4752, 1000.000000000000000 ) ;
#4052 = CARTESIAN_POINT ( 'NONE',  ( -10.00000000000000888, 599.9999999999998863, 5.000000000000115463 ) ) ;
#4053 = EDGE_CURVE ( 'NONE', #1249, #927, #1287, .T. ) ;
#4055 = CARTESIAN_POINT ( 'NONE',  ( 9.999999999999998224, 495.6727894955510578, 13.12500000000105160 ) ) ;
#4054 = CARTESIAN_POINT ( 'NONE',  ( 18.25000000000008527, 562.4307431261825059, -5.603677273419772398 ) ) ;
#4056 = VECTOR ( 'NONE', #1636, 1000.000000000000000 ) ;
#4057 = LINE ( 'NONE', #3595, #4138 ) ;
#4058 = ADVANCED_FACE ( 'NONE', ( #1769 ), #5962, .F. ) ;
#4059 = CARTESIAN_POINT ( 'NONE',  ( 10.00000000000000888, -10.00000000000045297, 13.12500000000107470 ) ) ;
#4060 = DIRECTION ( 'NONE',  ( -1.000000000000000000, 0.000000000000000000, 6.938893903907228378E-16 ) ) ;
#4061 = VECTOR ( 'NONE', #3465, 1000.000000000000227 ) ;
#4062 = ORIENTED_EDGE ( 'NONE', *, *, #4951, .F. ) ;
#4063 = EDGE_CURVE ( 'NONE', #249, #477, #4589, .T. ) ;
#4064 = ORIENTED_EDGE ( 'NONE', *, *, #3305, .T. ) ;
#4065 = FACE_OUTER_BOUND ( 'NONE', #1761, .T. ) ;
#4066 = ADVANCED_FACE ( 'NONE', ( #3850 ), #2416, .F. ) ;
#4067 = VECTOR ( 'NONE', #1373, 1000.000000000000000 ) ;
#4068 = CARTESIAN_POINT ( 'NONE',  ( -8.051442841485993540, 494.4443899549032722, 16.49999999999940314 ) ) ;
#4069 = VERTEX_POINT ( 'NONE', #3819 ) ;
#4070 = ORIENTED_EDGE ( 'NONE', *, *, #430, .T. ) ;
#4071 = EDGE_LOOP ( 'NONE', ( #1670, #64, #3315, #966 ) ) ;
#4072 = CIRCLE ( 'NONE', #5157, 1.549999999999999378 ) ;
#4074 = DIRECTION ( 'NONE',  ( 0.000000000000000000, 0.000000000000000000, 1.000000000000000000 ) ) ;
#4073 = CARTESIAN_POINT ( 'NONE',  ( 10.00000000000000888, 514.5223453955416062, 13.12500000000107470 ) ) ;
#4076 = DIRECTION ( 'NONE',  ( -0.000000000000000000, 1.000000000000000000, -0.000000000000000000 ) ) ;
#4075 = DIRECTION ( 'NONE',  ( 0.4768709627114696148, -0.3006265784832180543, 0.8259647360705598684 ) ) ;
#4077 = AXIS2_PLACEMENT_3D ( 'NONE', #2384, #3792, #1109 ) ;
#4079 = CARTESIAN_POINT ( 'NONE',  ( 9.999999999999998224, 566.3586241205157421, 13.12500000000105160 ) ) ;
#4078 = LINE ( 'NONE', #2541, #4357 ) ;
#4080 = ORIENTED_EDGE ( 'NONE', *, *, #4197, .F. ) ;
#4081 = AXIS2_PLACEMENT_3D ( 'NONE', #1790, #5546, #3656 ) ;
#4082 = DIRECTION ( 'NONE',  ( -1.000000000000000000, -1.383500721948037739E-16, -1.088838682103976535E-17 ) ) ;
#4083 = VECTOR ( 'NONE', #4320, 1000.000000000000000 ) ;
#4084 = ORIENTED_EDGE ( 'NONE', *, *, #2733, .F. ) ;
#4086 = PLANE ( 'NONE',  #5213 ) ;
#4085 = DIRECTION ( 'NONE',  ( -1.000000000000000000, 0.000000000000000000, 6.938893903907228378E-16 ) ) ;
#4087 = VERTEX_POINT ( 'NONE', #561 ) ;
#4088 = DIRECTION ( 'NONE',  ( -0.000000000000000000, 1.000000000000000000, -0.000000000000000000 ) ) ;
#4089 = LINE ( 'NONE', #5049, #4864 ) ;
#4090 = DIRECTION ( 'NONE',  ( -6.520427397917960799E-16, -0.3420201433256629953, -0.9396926207859104263 ) ) ;
#4091 = EDGE_LOOP ( 'NONE', ( #2673, #5372, #3938, #127 ) ) ;
#4092 = EDGE_CURVE ( 'NONE', #1574, #5661, #1898, .T. ) ;
#4093 = ORIENTED_EDGE ( 'NONE', *, *, #4202, .F. ) ;
#4094 = ORIENTED_EDGE ( 'NONE', *, *, #5203, .T. ) ;
#4095 = CARTESIAN_POINT ( 'NONE',  ( 10.00000000000000178, 597.1799084641010040, 16.52539999999935816 ) ) ;
#4096 = LINE ( 'NONE', #3262, #4560 ) ;
#4097 = VERTEX_POINT ( 'NONE', #1501 ) ;
#4098 = EDGE_CURVE ( 'NONE', #2790, #2935, #3890, .T. ) ;
#4099 = EDGE_LOOP ( 'NONE', ( #5656, #1310, #1515, #2801, #5266, #3380, #1071, #943, #1067, #2757, #4602, #3353 ) ) ;
#4101 = DIRECTION ( 'NONE',  ( -0.3236155771181847829, -0.8891264907159895925, -0.3236155771181813412 ) ) ;
#4100 = PLANE ( 'NONE',  #1234 ) ;
#4103 = CARTESIAN_POINT ( 'NONE',  ( -8.051442841485993540, 498.2104951452002410, 16.49999999999940314 ) ) ;
#4102 = CARTESIAN_POINT ( 'NONE',  ( -10.00000000000000178, 533.3719012955322114, 13.12500000000105160 ) ) ;
#4104 = EDGE_CURVE ( 'NONE', #1767, #5238, #5643, .T. ) ;
#4106 = FACE_OUTER_BOUND ( 'NONE', #1423, .T. ) ;
#4105 = DIRECTION ( 'NONE',  ( 0.000000000000000000, -1.000000000000000000, 0.000000000000000000 ) ) ;
#4107 = ORIENTED_EDGE ( 'NONE', *, *, #1886, .F. ) ;
#4108 = ORIENTED_EDGE ( 'NONE', *, *, #27, .F. ) ;
#4109 = DIRECTION ( 'NONE',  ( -0.000000000000000000, -1.000000000000000000, -0.000000000000000000 ) ) ;
#4110 = ORIENTED_EDGE ( 'NONE', *, *, #5986, .T. ) ;
#4112 = CARTESIAN_POINT ( 'NONE',  ( 10.00000000000000888, -10.00000000000045297, 13.12500000000107470 ) ) ;
#4111 = DIRECTION ( 'NONE',  ( -0.000000000000000000, 1.000000000000000000, -0.000000000000000000 ) ) ;
#4113 = ORIENTED_EDGE ( 'NONE', *, *, #4164, .F. ) ;
#4114 = ORIENTED_EDGE ( 'NONE', *, *, #4977, .F. ) ;
#4115 = CYLINDRICAL_SURFACE ( 'NONE', #1398, 2.249999999999995115 ) ;
#4116 = DIRECTION ( 'NONE',  ( 0.000000000000000000, -1.000000000000000000, 0.000000000000000000 ) ) ;
#4117 = LINE ( 'NONE', #3597, #4173 ) ;
#4118 = ADVANCED_FACE ( 'NONE', ( #1083 ), #5644, .F. ) ;
#4119 = ORIENTED_EDGE ( 'NONE', *, *, #6064, .F. ) ;
#4120 = DIRECTION ( 'NONE',  ( -0.000000000000000000, 1.000000000000000000, -0.000000000000000000 ) ) ;
#4121 = ORIENTED_EDGE ( 'NONE', *, *, #4092, .F. ) ;
#4122 = VERTEX_POINT ( 'NONE', #1470 ) ;
#4123 = DIRECTION ( 'NONE',  ( -6.520427397917960799E-16, -0.3420201433256629953, -0.9396926207859104263 ) ) ;
#4124 = CARTESIAN_POINT ( 'NONE',  ( -18.25000000000008527, 549.7269831201855368, -6.780563709337406486 ) ) ;
#4125 = EDGE_CURVE ( 'NONE', #5480, #3161, #2913, .T. ) ;
#4126 = VERTEX_POINT ( 'NONE', #1562 ) ;
#4127 = VERTEX_POINT ( 'NONE', #3426 ) ;
#4128 = ORIENTED_EDGE ( 'NONE', *, *, #2177, .T. ) ;
#4129 = VECTOR ( 'NONE', #5935, 1000.000000000000000 ) ;
#4130 = EDGE_CURVE ( 'NONE', #6034, #1893, #4715, .T. ) ;
#4131 = CARTESIAN_POINT ( 'NONE',  ( 9.999999999999998224, 556.9338461705204963, 13.12500000000105160 ) ) ;
#4133 = DIRECTION ( 'NONE',  ( -6.938893903907228378E-16, 0.000000000000000000, -1.000000000000000000 ) ) ;
#4132 = DIRECTION ( 'NONE',  ( -1.000000000000000000, 0.000000000000000000, 6.938893903907228378E-16 ) ) ;
#4134 = EDGE_CURVE ( 'NONE', #1039, #1179, #2503, .T. ) ;
#4135 = VECTOR ( 'NONE', #3171, 1000.000000000000114 ) ;
#4136 = CARTESIAN_POINT ( 'NONE',  ( 14.99999999999999645, 600.0000000000000000, 15.00000000000000000 ) ) ;
#4137 = ORIENTED_EDGE ( 'NONE', *, *, #3602, .F. ) ;
#4138 = VECTOR ( 'NONE', #2616, 1000.000000000000114 ) ;
#4139 = DIRECTION ( 'NONE',  ( -0.000000000000000000, 1.000000000000000000, -0.000000000000000000 ) ) ;
#4140 = ADVANCED_FACE ( 'NONE', ( #4286 ), #5184, .F. ) ;
#4141 = EDGE_CURVE ( 'NONE', #3240, #3141, #590, .T. ) ;
#4142 = VECTOR ( 'NONE', #4076, 1000.000000000000000 ) ;
#4143 = ORIENTED_EDGE ( 'NONE', *, *, #501, .T. ) ;
#4145 = CARTESIAN_POINT ( 'NONE',  ( -15.99999999999999645, 494.9999999999998863, -2.749999999999997780 ) ) ;
#4144 = FACE_OUTER_BOUND ( 'NONE', #2084, .T. ) ;
#4146 = LINE ( 'NONE', #3685, #2872 ) ;
#4147 = DIRECTION ( 'NONE',  ( -0.000000000000000000, 1.000000000000000000, -0.000000000000000000 ) ) ;
#4148 = VECTOR ( 'NONE', #1807, 1000.000000000000000 ) ;
#4149 = CARTESIAN_POINT ( 'NONE',  ( -8.051442841485993540, 579.2673915048608251, 16.49999999999940314 ) ) ;
#4150 = ORIENTED_EDGE ( 'NONE', *, *, #5471, .T. ) ;
#4151 = VECTOR ( 'NONE', #853, 1000.000000000000000 ) ;
#4152 = DIRECTION ( 'NONE',  ( 0.000000000000000000, 0.3420201433256652157, -0.9396926207859096492 ) ) ;
#4153 = ORIENTED_EDGE ( 'NONE', *, *, #327, .F. ) ;
#4154 = DIRECTION ( 'NONE',  ( 0.000000000000000000, -1.000000000000000000, 0.000000000000000000 ) ) ;
#4155 = CARTESIAN_POINT ( 'NONE',  ( -8.051442841485993540, 555.7054466298726538, 16.49999999999940314 ) ) ;
#4156 = VERTEX_POINT ( 'NONE', #5706 ) ;
#4157 = VECTOR ( 'NONE', #4883, 1000.000000000000000 ) ;
#4158 = ORIENTED_EDGE ( 'NONE', *, *, #1529, .T. ) ;
#4159 = DIRECTION ( 'NONE',  ( -6.938893903907228378E-16, 0.000000000000000000, -1.000000000000000000 ) ) ;
#4160 = ORIENTED_EDGE ( 'NONE', *, *, #5863, .F. ) ;
#4162 = CARTESIAN_POINT ( 'NONE',  ( 8.483226407164680793, 502.6506813103283093, 15.75212892637067874 ) ) ;
#4161 = CARTESIAN_POINT ( 'NONE',  ( 6.999999999999995559, 494.9999999999998863, -1.714505518806293455E-15 ) ) ;
#4163 = VECTOR ( 'NONE', #3209, 1000.000000000000000 ) ;
#4164 = EDGE_CURVE ( 'NONE', #4756, #4581, #1018, .T. ) ;
#4165 = ADVANCED_FACE ( 'NONE', ( #987 ), #5744, .F. ) ;
#4167 = PLANE ( 'NONE',  #5712 ) ;
#4166 = CARTESIAN_POINT ( 'NONE',  ( -6.499999999999997335, 489.9999999999998863, 5.470725942163696232 ) ) ;
#4168 = VERTEX_POINT ( 'NONE', #3398 ) ;
#4169 = DIRECTION ( 'NONE',  ( -0.000000000000000000, 1.000000000000000000, -0.000000000000000000 ) ) ;
#4170 = AXIS2_PLACEMENT_3D ( 'NONE', #3891, #5214, #3851 ) ;
#4171 = ADVANCED_FACE ( 'NONE', ( #2351 ), #3330, .F. ) ;
#4172 = ORIENTED_EDGE ( 'NONE', *, *, #3899, .F. ) ;
#4173 = VECTOR ( 'NONE', #324, 1000.000000000000000 ) ;
#4175 = LINE ( 'NONE', #385, #3441 ) ;
#4174 = CARTESIAN_POINT ( 'NONE',  ( -19.99999999999999645, 489.9999999999998863, 5.000000000000000000 ) ) ;
#4176 = ORIENTED_EDGE ( 'NONE', *, *, #3543, .T. ) ;
#4177 = DIRECTION ( 'NONE',  ( 1.000000000000000000, 0.000000000000000000, -6.938893903907228378E-16 ) ) ;
#4178 = CARTESIAN_POINT ( 'NONE',  ( 9.999999999999998224, 534.6812074045335521, 13.12500000000105160 ) ) ;
#4179 = VECTOR ( 'NONE', #323, 1000.000000000000000 ) ;
#4180 = ADVANCED_FACE ( 'NONE', ( #4312 ), #2938, .F. ) ;
#4181 = DIRECTION ( 'NONE',  ( 1.000000000000000000, 0.000000000000000000, -6.938893903907228378E-16 ) ) ;
#4182 = VERTEX_POINT ( 'NONE', #4932 ) ;
#4183 = LINE ( 'NONE', #1, #68 ) ;
#4184 = LINE ( 'NONE', #2286, #3483 ) ;
#4185 = ORIENTED_EDGE ( 'NONE', *, *, #3148, .F. ) ;
#4186 = ORIENTED_EDGE ( 'NONE', *, *, #5719, .F. ) ;
#4187 = ORIENTED_EDGE ( 'NONE', *, *, #1933, .F. ) ;
#4188 = CARTESIAN_POINT ( 'NONE',  ( 15.99999999999999645, 494.9999999999998863, -5.000000000000004441 ) ) ;
#4189 = ORIENTED_EDGE ( 'NONE', *, *, #3873, .F. ) ;
#4191 = DIRECTION ( 'NONE',  ( -1.000000000000000000, -1.383500721948037739E-16, -1.088838682103976535E-17 ) ) ;
#4190 = DIRECTION ( 'NONE',  ( -0.000000000000000000, -0.000000000000000000, -1.000000000000000000 ) ) ;
#4193 = CARTESIAN_POINT ( 'NONE',  ( 10.00000000000000888, -10.00000000000045297, 13.12500000000107470 ) ) ;
#4192 = FACE_OUTER_BOUND ( 'NONE', #5953, .T. ) ;
#4194 = EDGE_LOOP ( 'NONE', ( #5063, #3719, #2531, #878 ) ) ;
#4195 = VERTEX_POINT ( 'NONE', #5427 ) ;
#4196 = LINE ( 'NONE', #2302, #3947 ) ;
#4197 = EDGE_CURVE ( 'NONE', #4216, #5499, #774, .T. ) ;
#4198 = ORIENTED_EDGE ( 'NONE', *, *, #4053, .F. ) ;
#4200 = PLANE ( 'NONE',  #5110 ) ;
#4199 = CARTESIAN_POINT ( 'NONE',  ( -3.935108105617389551, 548.3980587467856367, 23.62970090348453311 ) ) ;
#4201 = ORIENTED_EDGE ( 'NONE', *, *, #5796, .T. ) ;
#4202 = EDGE_CURVE ( 'NONE', #5353, #984, #5922, .T. ) ;
#4203 = ORIENTED_EDGE ( 'NONE', *, *, #2008, .T. ) ;
#4204 = FACE_OUTER_BOUND ( 'NONE', #1844, .T. ) ;
#4205 = PLANE ( 'NONE',  #1062 ) ;
#4206 = EDGE_CURVE ( 'NONE', #804, #3000, #1222, .T. ) ;
#4207 = ORIENTED_EDGE ( 'NONE', *, *, #511, .T. ) ;
#4208 = LINE ( 'NONE', #2836, #2092 ) ;
#4209 = DIRECTION ( 'NONE',  ( 0.000000000000000000, -1.000000000000000000, 0.000000000000000000 ) ) ;
#4210 = EDGE_LOOP ( 'NONE', ( #2843, #1458, #2992, #220 ) ) ;
#4211 = PLANE ( 'NONE',  #1111 ) ;
#4212 = DIRECTION ( 'NONE',  ( 6.520427397917960799E-16, -0.3420201433256629953, 0.9396926207859104263 ) ) ;
#4213 = CARTESIAN_POINT ( 'NONE',  ( 10.00000000000000178, 579.2673915048608251, 16.49999999999940314 ) ) ;
#4214 = EDGE_CURVE ( 'NONE', #4122, #3546, #2073, .T. ) ;
#4215 = ORIENTED_EDGE ( 'NONE', *, *, #1597, .F. ) ;
#4216 = VERTEX_POINT ( 'NONE', #683 ) ;
#4217 = ORIENTED_EDGE ( 'NONE', *, *, #1999, .F. ) ;
#4218 = CARTESIAN_POINT ( 'NONE',  ( 10.00000000000000178, 521.7724400201883554, 16.49999999999940314 ) ) ;
#4219 = AXIS2_PLACEMENT_3D ( 'NONE', #1099, #4396, #4337 ) ;
#4220 = ORIENTED_EDGE ( 'NONE', *, *, #2720, .T. ) ;
#4222 = FACE_OUTER_BOUND ( 'NONE', #2624, .T. ) ;
#4221 = LINE ( 'NONE', #2352, #2030 ) ;
#4223 = ORIENTED_EDGE ( 'NONE', *, *, #2143, .T. ) ;
#4224 = AXIS2_PLACEMENT_3D ( 'NONE', #114, #3926, #5723 ) ;
#4226 = CARTESIAN_POINT ( 'NONE',  ( -19.99999999999999645, 494.9999999999998863, 0.000000000000000000 ) ) ;
#4225 = DIRECTION ( 'NONE',  ( -0.8660254037844407060, 0.000000000000000000, -0.4999999999999966138 ) ) ;
#4227 = ORIENTED_EDGE ( 'NONE', *, *, #3954, .T. ) ;
#4228 = DIRECTION ( 'NONE',  ( -0.000000000000000000, 1.000000000000000000, -0.000000000000000000 ) ) ;
#4229 = CIRCLE ( 'NONE', #1589, 2.249999999999974243 ) ;
#4230 = CIRCLE ( 'NONE', #4432, 2.250000000000002220 ) ;
#4231 = ORIENTED_EDGE ( 'NONE', *, *, #4733, .T. ) ;
#4232 = EDGE_CURVE ( 'NONE', #5975, #2682, #743, .T. ) ;
#4234 = DIRECTION ( 'NONE',  ( -0.4999999999999965583, 0.000000000000000000, 0.8660254037844405950 ) ) ;
#4233 = LINE ( 'NONE', #3200, #2095 ) ;
#4235 = ORIENTED_EDGE ( 'NONE', *, *, #1972, .T. ) ;
#4236 = VERTEX_POINT ( 'NONE', #2160 ) ;
#4237 = CARTESIAN_POINT ( 'NONE',  ( 10.00000000000000178, 574.5550025298632590, 16.49999999999940314 ) ) ;
#4238 = LINE ( 'NONE', #2896, #5665 ) ;
#4239 = AXIS2_PLACEMENT_3D ( 'NONE', #2028, #2975, #2450 ) ;
#4240 = EDGE_CURVE ( 'NONE', #3686, #2406, #4404, .T. ) ;
#4241 = DIRECTION ( 'NONE',  ( 1.000000000000000000, 0.000000000000000000, 0.000000000000000000 ) ) ;
#4242 = EDGE_CURVE ( 'NONE', #2268, #4048, #4033, .T. ) ;
#4243 = EDGE_LOOP ( 'NONE', ( #761, #4217, #5370, #5798 ) ) ;
#4244 = AXIS2_PLACEMENT_3D ( 'NONE', #5215, #5255, #1055 ) ;
#4245 = CARTESIAN_POINT ( 'NONE',  ( -10.00000000000000178, 528.6595123205345317, 13.12500000000105160 ) ) ;
#4246 = LINE ( 'NONE', #3390, #3671 ) ;
#4247 = FACE_OUTER_BOUND ( 'NONE', #252, .T. ) ;
#4248 = ORIENTED_EDGE ( 'NONE', *, *, #5847, .T. ) ;
#4249 = AXIS2_PLACEMENT_3D ( 'NONE', #5385, #3591, #5007 ) ;
#4250 = EDGE_CURVE ( 'NONE', #1151, #4127, #1702, .T. ) ;
#4251 = EDGE_LOOP ( 'NONE', ( #4675, #2994, #6019, #1881 ) ) ;
#4252 = EDGE_CURVE ( 'NONE', #927, #290, #4004, .T. ) ;
#4253 = CARTESIAN_POINT ( 'NONE',  ( 10.00000000000000178, 550.9838128109246327, 16.52539999999935816 ) ) ;
#4254 = VECTOR ( 'NONE', #1031, 1000.000000000000000 ) ;
#4256 = LINE ( 'NONE', #2881, #4051 ) ;
#4255 = CARTESIAN_POINT ( 'NONE',  ( -10.00000000000000178, 575.7834020705109879, 13.12500000000105160 ) ) ;
#4257 = AXIS2_PLACEMENT_3D ( 'NONE', #4008, #3060, #3123 ) ;
#4258 = EDGE_CURVE ( 'NONE', #3822, #5206, #3512, .T. ) ;
#4260 = DIRECTION ( 'NONE',  ( 8.367369561168726761E-32, -1.000000000000000000, 1.383500721948049079E-16 ) ) ;
#4259 = LINE ( 'NONE', #4787, #2688 ) ;
#4261 = ORIENTED_EDGE ( 'NONE', *, *, #3946, .F. ) ;
#4263 = DIRECTION ( 'NONE',  ( 0.4768709627114696148, -0.3006265784832180543, 0.8259647360705598684 ) ) ;
#4262 = CARTESIAN_POINT ( 'NONE',  ( -10.00000000000000178, -10.00000000000045297, 13.12500000000105160 ) ) ;
#4264 = VECTOR ( 'NONE', #3749, 1000.000000000000000 ) ;
#4265 = VERTEX_POINT ( 'NONE', #1193 ) ;
#4267 = DIRECTION ( 'NONE',  ( -1.000000000000000000, 0.000000000000000000, 6.938893903907228378E-16 ) ) ;
#4266 = LINE ( 'NONE', #3925, #1040 ) ;
#4268 = ORIENTED_EDGE ( 'NONE', *, *, #3164, .F. ) ;
#4269 = VECTOR ( 'NONE', #3542, 1000.000000000000000 ) ;
#4270 = ORIENTED_EDGE ( 'NONE', *, *, #3678, .F. ) ;
#4271 = LINE ( 'NONE', #1823, #5617 ) ;
#4272 = DIRECTION ( 'NONE',  ( -0.000000000000000000, 1.000000000000000000, -0.000000000000000000 ) ) ;
#4273 = EDGE_CURVE ( 'NONE', #1760, #2625, #5334, .T. ) ;
#4274 = ORIENTED_EDGE ( 'NONE', *, *, #3148, .T. ) ;
#4275 = VECTOR ( 'NONE', #1924, 1000.000000000000000 ) ;
#4276 = CARTESIAN_POINT ( 'NONE',  ( 20.25000000000012434, 600.0000000000000000, 0.000000000000000000 ) ) ;
#4277 = ORIENTED_EDGE ( 'NONE', *, *, #316, .T. ) ;
#4278 = LINE ( 'NONE', #1075, #3339 ) ;
#4279 = DIRECTION ( 'NONE',  ( -0.000000000000000000, 1.000000000000000000, -0.000000000000000000 ) ) ;
#4280 = DIRECTION ( 'NONE',  ( -1.000000000000000000, 0.000000000000000000, 6.938893903907228378E-16 ) ) ;
#4281 = FACE_OUTER_BOUND ( 'NONE', #3879, .T. ) ;
#4282 = ORIENTED_EDGE ( 'NONE', *, *, #931, .F. ) ;
#4283 = EDGE_CURVE ( 'NONE', #5441, #744, #2505, .T. ) ;
#4284 = ORIENTED_EDGE ( 'NONE', *, *, #1780, .F. ) ;
#4285 = ORIENTED_EDGE ( 'NONE', *, *, #4505, .T. ) ;
#4286 = FACE_OUTER_BOUND ( 'NONE', #5056, .T. ) ;
#4288 = LINE ( 'NONE', #1443, #3747 ) ;
#4287 = CARTESIAN_POINT ( 'NONE',  ( 10.00000000000000178, 535.9188517891316224, 16.52539999999935816 ) ) ;
#4289 = ADVANCED_FACE ( 'NONE', ( #741 ), #2049, .T. ) ;
#4291 = CARTESIAN_POINT ( 'NONE',  ( 15.99999999999999645, 494.9999999999998863, -9.000000000000005329 ) ) ;
#4290 = CARTESIAN_POINT ( 'NONE',  ( 19.99999999999999645, 600.0000000000000000, 5.000000000000000000 ) ) ;
#4292 = ORIENTED_EDGE ( 'NONE', *, *, #5789, .F. ) ;
#4294 = CARTESIAN_POINT ( 'NONE',  ( -8.051442841485993540, 536.8558907298820486, 16.49999999999940314 ) ) ;
#4293 = FACE_OUTER_BOUND ( 'NONE', #616, .T. ) ;
#4295 = EDGE_CURVE ( 'NONE', #144, #3660, #3572, .T. ) ;
#4296 = VERTEX_POINT ( 'NONE', #3975 ) ;
#4298 = CARTESIAN_POINT ( 'NONE',  ( 9.999999999999998224, 594.6329579705015931, 13.12500000000105160 ) ) ;
#4297 = CARTESIAN_POINT ( 'NONE',  ( 10.25000000000000888, 599.9999999999998863, 7.384009351497280882 ) ) ;
#4299 = ORIENTED_EDGE ( 'NONE', *, *, #5720, .F. ) ;
#4300 = EDGE_LOOP ( 'NONE', ( #2764, #4947, #5134, #2109 ) ) ;
#4301 = DIRECTION ( 'NONE',  ( -0.000000000000000000, 1.000000000000000000, -0.000000000000000000 ) ) ;
#4302 = FACE_OUTER_BOUND ( 'NONE', #6045, .T. ) ;
#4303 = CARTESIAN_POINT ( 'NONE',  ( -8.051442841485993540, 583.0334966951577371, 16.49999999999940314 ) ) ;
#4304 = ORIENTED_EDGE ( 'NONE', *, *, #4473, .T. ) ;
#4305 = LINE ( 'NONE', #122, #2458 ) ;
#4306 = FACE_OUTER_BOUND ( 'NONE', #1283, .T. ) ;
#4307 = PLANE ( 'NONE',  #3190 ) ;
#4308 = CARTESIAN_POINT ( 'NONE',  ( 18.25000000000008527, 543.7104353200437572, -11.45101525809007548 ) ) ;
#4309 = VERTEX_POINT ( 'NONE', #3917 ) ;
#4310 = ORIENTED_EDGE ( 'NONE', *, *, #352, .F. ) ;
#4311 = EDGE_CURVE ( 'NONE', #993, #2146, #1165, .T. ) ;
#4312 = FACE_OUTER_BOUND ( 'NONE', #723, .T. ) ;
#4314 = FACE_OUTER_BOUND ( 'NONE', #4251, .T. ) ;
#4313 = CARTESIAN_POINT ( 'NONE',  ( -10.00000000000000178, 547.5090682205251369, 13.12500000000105160 ) ) ;
#4315 = VECTOR ( 'NONE', #2580, 1000.000000000000000 ) ;
#4316 = ADVANCED_FACE ( 'NONE', ( #3117 ), #1585, .F. ) ;
#4318 = DIRECTION ( 'NONE',  ( 0.000000000000000000, 0.000000000000000000, -1.000000000000000000 ) ) ;
#4317 = DIRECTION ( 'NONE',  ( -0.8660254037844407060, 0.000000000000000000, -0.4999999999999966138 ) ) ;
#4319 = ORIENTED_EDGE ( 'NONE', *, *, #118, .T. ) ;
#4321 = CARTESIAN_POINT ( 'NONE',  ( -10.00000000000000533, 599.9999999999998863, 12.11324865405191353 ) ) ;
#4320 = DIRECTION ( 'NONE',  ( -0.000000000000000000, 1.000000000000000000, -0.000000000000000000 ) ) ;
#4322 = ORIENTED_EDGE ( 'NONE', *, *, #5182, .F. ) ;
#4323 = EDGE_CURVE ( 'NONE', #4647, #1249, #654, .T. ) ;
#4325 = DIRECTION ( 'NONE',  ( -0.000000000000000000, 1.000000000000000000, -0.000000000000000000 ) ) ;
#4324 = CARTESIAN_POINT ( 'NONE',  ( -18.25000000000008527, 547.9477376945526430, -12.76206771173615806 ) ) ;
#4326 = ORIENTED_EDGE ( 'NONE', *, *, #2142, .T. ) ;
#4327 = EDGE_CURVE ( 'NONE', #2935, #2650, #3025, .T. ) ;
#4328 = VECTOR ( 'NONE', #3834, 1000.000000000000000 ) ;
#4329 = ORIENTED_EDGE ( 'NONE', *, *, #2970, .F. ) ;
#4330 = LINE ( 'NONE', #1034, #829 ) ;
#4331 = DIRECTION ( 'NONE',  ( -0.000000000000000000, -1.000000000000000000, -0.000000000000000000 ) ) ;
#4332 = EDGE_LOOP ( 'NONE', ( #2394, #4392, #3978, #4235 ) ) ;
#4333 = VECTOR ( 'NONE', #3096, 1000.000000000000000 ) ;
#4334 = VERTEX_POINT ( 'NONE', #5059 ) ;
#4335 = CARTESIAN_POINT ( 'NONE',  ( -10.00000000000000178, 572.3803192045146488, 13.12500000000105160 ) ) ;
#4336 = ORIENTED_EDGE ( 'NONE', *, *, #5225, .T. ) ;
#4337 = DIRECTION ( 'NONE',  ( -1.000000000000000000, 0.000000000000000000, 6.938893903907228378E-16 ) ) ;
#4338 = CARTESIAN_POINT ( 'NONE',  ( -10.24999999999998757, 599.9999999999998863, 7.279404685324008639 ) ) ;
#4339 = DIRECTION ( 'NONE',  ( -1.000000000000000000, 0.000000000000000000, 6.938893903907228378E-16 ) ) ;
#4340 = VECTOR ( 'NONE', #3468, 1000.000000000000114 ) ;
#4341 = CARTESIAN_POINT ( 'NONE',  ( 15.99999999999999645, 489.9999999999998863, -2.750000000000009326 ) ) ;
#4342 = ORIENTED_EDGE ( 'NONE', *, *, #2667, .T. ) ;
#4343 = AXIS2_PLACEMENT_3D ( 'NONE', #5905, #3557, #5501 ) ;
#4344 = ORIENTED_EDGE ( 'NONE', *, *, #3991, .F. ) ;
#4345 = DIRECTION ( 'NONE',  ( -1.000000000000000000, 0.000000000000000000, 6.938893903907228378E-16 ) ) ;
#4347 = PLANE ( 'NONE',  #3655 ) ;
#4346 = CARTESIAN_POINT ( 'NONE',  ( -8.051442841485993540, 546.2806686798772944, 16.49999999999940314 ) ) ;
#4348 = ORIENTED_EDGE ( 'NONE', *, *, #624, .T. ) ;
#4349 = VECTOR ( 'NONE', #4707, 1000.000000000000114 ) ;
#4350 = ADVANCED_FACE ( 'NONE', ( #1368 ), #3661, .F. ) ;
#4351 = VECTOR ( 'NONE', #2614, 1000.000000000000114 ) ;
#4353 = CARTESIAN_POINT ( 'NONE',  ( 9.999999999999998224, 529.9688184295357587, 13.12500000000105160 ) ) ;
#4352 = DIRECTION ( 'NONE',  ( -0.000000000000000000, 1.000000000000000000, -0.000000000000000000 ) ) ;
#4354 = ORIENTED_EDGE ( 'NONE', *, *, #3535, .T. ) ;
#4356 = DIRECTION ( 'NONE',  ( -6.938893903907228378E-16, 0.000000000000000000, -1.000000000000000000 ) ) ;
#4355 = DIRECTION ( 'NONE',  ( -6.938893903907228378E-16, 0.000000000000000000, -1.000000000000000000 ) ) ;
#4357 = VECTOR ( 'NONE', #3066, 1000.000000000000000 ) ;
#4358 = EDGE_CURVE ( 'NONE', #2162, #4581, #2191, .T. ) ;
#4360 = CARTESIAN_POINT ( 'NONE',  ( -3.935108105617389551, 529.0798279032754863, 23.62970090348453311 ) ) ;
#4359 = FACE_OUTER_BOUND ( 'NONE', #4402, .T. ) ;
#4361 = ORIENTED_EDGE ( 'NONE', *, *, #5346, .T. ) ;
#4362 = AXIS2_PLACEMENT_3D ( 'NONE', #165, #4317, #134 ) ;
#4363 = CARTESIAN_POINT ( 'NONE',  ( 10.00000000000000888, -10.00000000000045297, 13.12500000000107470 ) ) ;
#4364 = ORIENTED_EDGE ( 'NONE', *, *, #5088, .F. ) ;
#4365 = ADVANCED_FACE ( 'NONE', ( #4583 ), #1345, .F. ) ;
#4366 = AXIS2_PLACEMENT_3D ( 'NONE', #2558, #3053, #4488 ) ;
#4367 = DIRECTION ( 'NONE',  ( -9.532597386109207461E-17, 0.6277579666903140287, 0.7784085914587806077 ) ) ;
#4368 = ORIENTED_EDGE ( 'NONE', *, *, #4725, .T. ) ;
#4369 = VECTOR ( 'NONE', #5931, 1000.000000000000000 ) ;
#4370 = CARTESIAN_POINT ( 'NONE',  ( 10.00000000000000178, 568.9055746141151531, 16.52539999999935816 ) ) ;
#4371 = CARTESIAN_POINT ( 'NONE',  ( -8.051442841485993540, 573.6087187451623777, 16.49999999999940314 ) ) ;
#4372 = CARTESIAN_POINT ( 'NONE',  ( -18.25000000000008527, 543.7104353200437572, -11.45101525809007548 ) ) ;
#4373 = DIRECTION ( 'NONE',  ( 1.000000000000000000, 0.000000000000000000, -6.938893903907228378E-16 ) ) ;
#4374 = ORIENTED_EDGE ( 'NONE', *, *, #2136, .F. ) ;
#4375 = VECTOR ( 'NONE', #70, 1000.000000000000000 ) ;
#4376 = ADVANCED_FACE ( 'NONE', ( #4065 ), #364, .F. ) ;
#4377 = EDGE_LOOP ( 'NONE', ( #1325, #33, #998, #5230 ) ) ;
#4378 = VECTOR ( 'NONE', #2842, 1000.000000000000000 ) ;
#4379 = CARTESIAN_POINT ( 'NONE',  ( 10.00000000000000888, -10.00000000000045297, 13.12500000000107470 ) ) ;
#4380 = DIRECTION ( 'NONE',  ( -0.8660254037844414832, -0.000000000000000000, -0.4999999999999951705 ) ) ;
#4381 = AXIS2_PLACEMENT_3D ( 'NONE', #3309, #533, #796 ) ;
#4383 = DIRECTION ( 'NONE',  ( -0.4999999999999950040, 0.000000000000000000, -0.8660254037844414832 ) ) ;
#4382 = LINE ( 'NONE', #196, #5446 ) ;
#4385 = FACE_OUTER_BOUND ( 'NONE', #4683, .T. ) ;
#4384 = CARTESIAN_POINT ( 'NONE',  ( -8.051442841485993540, 588.6921694548561845, 16.49999999999940314 ) ) ;
#4387 = LINE ( 'NONE', #2032, #5016 ) ;
#4386 = DIRECTION ( 'NONE',  ( -0.000000000000000000, 1.000000000000000000, -0.000000000000000000 ) ) ;
#4388 = ORIENTED_EDGE ( 'NONE', *, *, #3316, .T. ) ;
#4389 = ORIENTED_EDGE ( 'NONE', *, *, #280, .T. ) ;
#4390 = CARTESIAN_POINT ( 'NONE',  ( -10.00000000000000178, 591.2298751045052541, 13.12500000000105160 ) ) ;
#4391 = ADVANCED_FACE ( 'NONE', ( #5551 ), #6014, .F. ) ;
#4392 = ORIENTED_EDGE ( 'NONE', *, *, #5503, .T. ) ;
#4393 = ORIENTED_EDGE ( 'NONE', *, *, #195, .F. ) ;
#4394 = CARTESIAN_POINT ( 'NONE',  ( 15.99999999999999645, 494.9999999999998863, -2.750000000000009326 ) ) ;
#4395 = EDGE_CURVE ( 'NONE', #1379, #4069, #2315, .T. ) ;
#4396 = DIRECTION ( 'NONE',  ( 6.938893903907228378E-16, 0.000000000000000000, 1.000000000000000000 ) ) ;
#4397 = LINE ( 'NONE', #5243, #5021 ) ;
#4398 = EDGE_CURVE ( 'NONE', #1893, #5087, #4183, .T. ) ;
#4399 = DIRECTION ( 'NONE',  ( 0.000000000000000000, 0.000000000000000000, 1.000000000000000000 ) ) ;
#4400 = CARTESIAN_POINT ( 'NONE',  ( 10.00000000000000888, 552.2214571955228166, 13.12500000000107470 ) ) ;
#4401 = ORIENTED_EDGE ( 'NONE', *, *, #190, .T. ) ;
#4402 = EDGE_LOOP ( 'NONE', ( #2229, #4685, #799, #5564 ) ) ;
#4403 = EDGE_CURVE ( 'NONE', #2646, #174, #560, .T. ) ;
#4404 = LINE ( 'NONE', #2103, #5741 ) ;
#4405 = EDGE_CURVE ( 'NONE', #2137, #3198, #3628, .T. ) ;
#4406 = DIRECTION ( 'NONE',  ( 1.000000000000000000, -0.000000000000000000, 1.172685660772096943E-15 ) ) ;
#4407 = ORIENTED_EDGE ( 'NONE', *, *, #2069, .F. ) ;
#4408 = ORIENTED_EDGE ( 'NONE', *, *, #4283, .F. ) ;
#4410 = CARTESIAN_POINT ( 'NONE',  ( 10.00000000000000888, -10.00000000000045297, 13.12500000000107470 ) ) ;
#4409 = CARTESIAN_POINT ( 'NONE',  ( 10.00000000000000178, 599.9999999999998863, 16.49999999999940314 ) ) ;
#4412 = CARTESIAN_POINT ( 'NONE',  ( -3.935108105617389551, 524.8361138717972381, 23.62970090348453311 ) ) ;
#4411 = PLANE ( 'NONE',  #475 ) ;
#4414 = DIRECTION ( 'NONE',  ( -0.4768709627114696148, -0.3006265784832180543, -0.8259647360705598684 ) ) ;
#4413 = DIRECTION ( 'NONE',  ( -2.373241487535919019E-16, -0.9396926207859105373, -0.3420201433256630508 ) ) ;
#4415 = ORIENTED_EDGE ( 'NONE', *, *, #2341, .T. ) ;
#4416 = PLANE ( 'NONE',  #4343 ) ;
#4417 = VECTOR ( 'NONE', #765, 1000.000000000000000 ) ;
#4418 = ORIENTED_EDGE ( 'NONE', *, *, #1827, .F. ) ;
#4419 = ORIENTED_EDGE ( 'NONE', *, *, #5463, .F. ) ;
#4420 = VECTOR ( 'NONE', #4260, 1000.000000000000000 ) ;
#4421 = CARTESIAN_POINT ( 'NONE',  ( -18.25000000000008527, 562.4307431261825059, -5.603677273419772398 ) ) ;
#4422 = CARTESIAN_POINT ( 'NONE',  ( -15.99999999999999645, 494.9999999999998863, -5.000000000000000000 ) ) ;
#4423 = CARTESIAN_POINT ( 'NONE',  ( 8.051442841485993540, 522.7187238048891231, 16.49999999999942091 ) ) ;
#4424 = CARTESIAN_POINT ( 'NONE',  ( 8.051442841485984658, 554.7591628451719998, 16.49999999999944222 ) ) ;
#4425 = CARTESIAN_POINT ( 'NONE',  ( 9.999999999999998224, 591.2298751045052541, 13.12500000000105160 ) ) ;
#4426 = ORIENTED_EDGE ( 'NONE', *, *, #110, .F. ) ;
#4427 = AXIS2_PLACEMENT_3D ( 'NONE', #154, #2065, #3881 ) ;
#4428 = EDGE_CURVE ( 'NONE', #1379, #4925, #1858, .T. ) ;
#4429 = ORIENTED_EDGE ( 'NONE', *, *, #4395, .F. ) ;
#4430 = EDGE_CURVE ( 'NONE', #5211, #2020, #864, .T. ) ;
#4431 = VERTEX_POINT ( 'NONE', #1796 ) ;
#4432 = AXIS2_PLACEMENT_3D ( 'NONE', #2951, #5269, #3440 ) ;
#4433 = CARTESIAN_POINT ( 'NONE',  ( 10.00000000000000178, 599.9999999999998863, 16.49999999999940314 ) ) ;
#4434 = LINE ( 'NONE', #245, #5164 ) ;
#4435 = VECTOR ( 'NONE', #5408, 1000.000000000000000 ) ;
#4436 = EDGE_CURVE ( 'NONE', #5674, #5710, #2227, .T. ) ;
#4437 = EDGE_CURVE ( 'NONE', #3341, #1303, #2253, .T. ) ;
#4438 = ORIENTED_EDGE ( 'NONE', *, *, #4273, .F. ) ;
#4440 = DIRECTION ( 'NONE',  ( -2.373241487535919019E-16, -0.9396926207859105373, -0.3420201433256630508 ) ) ;
#4439 = DIRECTION ( 'NONE',  ( 0.8660254037844415942, 0.000000000000000000, -0.4999999999999950595 ) ) ;
#4441 = AXIS2_PLACEMENT_3D ( 'NONE', #1960, #2848, #3759 ) ;
#4442 = ORIENTED_EDGE ( 'NONE', *, *, #2603, .F. ) ;
#4444 = DIRECTION ( 'NONE',  ( 0.000000000000000000, 0.000000000000000000, -1.000000000000000000 ) ) ;
#4443 = DIRECTION ( 'NONE',  ( -1.000000000000000000, 0.000000000000000000, 6.938893903907228378E-16 ) ) ;
#4445 = ADVANCED_FACE ( 'NONE', ( #2745 ), #4613, .F. ) ;
#4446 = VECTOR ( 'NONE', #2799, 1000.000000000000000 ) ;
#4448 = DIRECTION ( 'NONE',  ( -1.000000000000000000, 0.000000000000000000, 6.938893903907228378E-16 ) ) ;
#4447 = CARTESIAN_POINT ( 'NONE',  ( -10.00000000000000178, -10.00000000000045297, 13.12500000000105160 ) ) ;
#4449 = VERTEX_POINT ( 'NONE', #5604 ) ;
#4450 = CARTESIAN_POINT ( 'NONE',  ( -18.25000000000008527, 545.2269831201855368, -6.780563709337406486 ) ) ;
#4451 = VECTOR ( 'NONE', #1266, 1000.000000000000000 ) ;
#4452 = VECTOR ( 'NONE', #1741, 1000.000000000000114 ) ;
#4453 = PLANE ( 'NONE',  #3368 ) ;
#4455 = CARTESIAN_POINT ( 'NONE',  ( 8.051442841485984658, 521.7724400201883554, 16.49999999999944222 ) ) ;
#4454 = FACE_OUTER_BOUND ( 'NONE', #4332, .T. ) ;
#4456 = DIRECTION ( 'NONE',  ( -2.373241487535919019E-16, 0.9396926207859105373, -0.3420201433256630508 ) ) ;
#4457 = DIRECTION ( 'NONE',  ( -0.4999999999999965583, 0.000000000000000000, 0.8660254037844405950 ) ) ;
#4458 = DIRECTION ( 'NONE',  ( 0.000000000000000000, -1.000000000000000000, 0.000000000000000000 ) ) ;
#4459 = ORIENTED_EDGE ( 'NONE', *, *, #850, .F. ) ;
#4460 = AXIS2_PLACEMENT_3D ( 'NONE', #4681, #5208, #3882 ) ;
#4461 = VERTEX_POINT ( 'NONE', #2285 ) ;
#4462 = ORIENTED_EDGE ( 'NONE', *, *, #3045, .F. ) ;
#4463 = DIRECTION ( 'NONE',  ( -0.4768709627114696148, -0.3006265784832180543, -0.8259647360705598684 ) ) ;
#4464 = AXIS2_PLACEMENT_3D ( 'NONE', #332, #4406, #5461 ) ;
#4465 = LINE ( 'NONE', #276, #1056 ) ;
#4466 = ADVANCED_FACE ( 'NONE', ( #1312 ), #5982, .F. ) ;
#4467 = ORIENTED_EDGE ( 'NONE', *, *, #5924, .T. ) ;
#4468 = ORIENTED_EDGE ( 'NONE', *, *, #2966, .F. ) ;
#4470 = CARTESIAN_POINT ( 'NONE',  ( 10.25000000000000888, 599.9999999999998863, 7.279404685324008639 ) ) ;
#4469 = LINE ( 'NONE', #3001, #4653 ) ;
#4472 = CARTESIAN_POINT ( 'NONE',  ( 9.999999999999998224, 515.8316515045429469, 13.12500000000105160 ) ) ;
#4471 = CARTESIAN_POINT ( 'NONE',  ( -10.00000000000000178, 599.9999999999998863, 16.49999999999940314 ) ) ;
#4473 = EDGE_CURVE ( 'NONE', #2790, #6076, #5578, .T. ) ;
#4474 = CIRCLE ( 'NONE', #3690, 2.249999999999974243 ) ;
#4476 = LINE ( 'NONE', #3009, #420 ) ;
#4475 = PLANE ( 'NONE',  #547 ) ;
#4477 = EDGE_LOOP ( 'NONE', ( #1197, #3696, #4107, #1484 ) ) ;
#4478 = CARTESIAN_POINT ( 'NONE',  ( 10.00000000000000178, 493.5073510141528459, 16.52539999999935816 ) ) ;
#4479 = EDGE_CURVE ( 'NONE', #5784, #1731, #2015, .T. ) ;
#4480 = DIRECTION ( 'NONE',  ( -6.938893903907228378E-16, 0.000000000000000000, -1.000000000000000000 ) ) ;
#4482 = DIRECTION ( 'NONE',  ( -1.383500721948037739E-16, 1.000000000000000000, 0.000000000000000000 ) ) ;
#4481 = DIRECTION ( 'NONE',  ( -0.000000000000000000, 1.000000000000000000, -0.000000000000000000 ) ) ;
#4483 = CARTESIAN_POINT ( 'NONE',  ( 10.00000000000000178, 541.5682797048797283, 16.49999999999940314 ) ) ;
#4484 = DIRECTION ( 'NONE',  ( -0.000000000000000000, 1.000000000000000000, -0.000000000000000000 ) ) ;
#4485 = PLANE ( 'NONE',  #3682 ) ;
#4486 = ORIENTED_EDGE ( 'NONE', *, *, #3264, .F. ) ;
#4487 = ORIENTED_EDGE ( 'NONE', *, *, #56, .F. ) ;
#4488 = DIRECTION ( 'NONE',  ( 0.000000000000000000, -1.000000000000000000, 0.000000000000000000 ) ) ;
#4489 = DIRECTION ( 'NONE',  ( -1.000000000000000000, 0.000000000000000000, -6.938893903907228378E-16 ) ) ;
#4490 = ORIENTED_EDGE ( 'NONE', *, *, #149, .T. ) ;
#4491 = ADVANCED_FACE ( 'NONE', ( #5769 ), #1046, .F. ) ;
#4492 = EDGE_LOOP ( 'NONE', ( #191, #2078, #3179, #3069 ) ) ;
#4494 = CYLINDRICAL_SURFACE ( 'NONE', #2963, 1.549999999999999378 ) ;
#4493 = LINE ( 'NONE', #337, #657 ) ;
#4496 = DIRECTION ( 'NONE',  ( -6.938893903907228378E-16, 0.000000000000000000, -1.000000000000000000 ) ) ;
#4495 = DIRECTION ( 'NONE',  ( 6.520427397917960799E-16, -0.3420201433256629953, 0.9396926207859104263 ) ) ;
#4497 = ADVANCED_FACE ( 'NONE', ( #5636 ), #4307, .T. ) ;
#4498 = EDGE_CURVE ( 'NONE', #824, #4156, #951, .T. ) ;
#4500 = DIRECTION ( 'NONE',  ( -0.4768709627114696148, -0.3006265784832180543, -0.8259647360705598684 ) ) ;
#4499 = FACE_OUTER_BOUND ( 'NONE', #4194, .T. ) ;
#4501 = ORIENTED_EDGE ( 'NONE', *, *, #2451, .T. ) ;
#4502 = ORIENTED_EDGE ( 'NONE', *, *, #2768, .T. ) ;
#4503 = CARTESIAN_POINT ( 'NONE',  ( 8.051442841485984658, 531.1972179701838286, 16.49999999999944222 ) ) ;
#4504 = ORIENTED_EDGE ( 'NONE', *, *, #996, .T. ) ;
#4505 = EDGE_CURVE ( 'NONE', #5884, #3971, #4246, .T. ) ;
#4506 = ADVANCED_FACE ( 'NONE', ( #2436 ), #3844, .T. ) ;
#4507 = CARTESIAN_POINT ( 'NONE',  ( -3.935108105617389551, 487.1370020718162550, 23.62970090348453311 ) ) ;
#4509 = CARTESIAN_POINT ( 'NONE',  ( -10.24999999999998757, 600.7130275602049778, 7.440125837498437811 ) ) ;
#4508 = DIRECTION ( 'NONE',  ( -1.000000000000000000, 0.000000000000000000, 6.938893903907228378E-16 ) ) ;
#4510 = VECTOR ( 'NONE', #1979, 1000.000000000000000 ) ;
#4511 = CARTESIAN_POINT ( 'NONE',  ( -10.00000000000000178, -10.00000000000045297, 13.12500000000105160 ) ) ;
#4512 = DIRECTION ( 'NONE',  ( -1.383500721948037739E-16, -1.000000000000000000, 0.000000000000000000 ) ) ;
#4513 = PLANE ( 'NONE',  #770 ) ;
#4514 = ORIENTED_EDGE ( 'NONE', *, *, #3340, .T. ) ;
#4515 = AXIS2_PLACEMENT_3D ( 'NONE', #4793, #2517, #4856 ) ;
#4516 = VERTEX_POINT ( 'NONE', #95 ) ;
#4517 = EDGE_LOOP ( 'NONE', ( #3170, #2003, #2769, #4158 ) ) ;
#4518 = CARTESIAN_POINT ( 'NONE',  ( -9.803847577293296922, 600.0000000000000000, 12.00000000000000000 ) ) ;
#4519 = VECTOR ( 'NONE', #1200, 1000.000000000000000 ) ;
#4520 = LINE ( 'NONE', #2192, #4269 ) ;
#4521 = VERTEX_POINT ( 'NONE', #62 ) ;
#4522 = VECTOR ( 'NONE', #1459, 1000.000000000000000 ) ;
#4523 = ORIENTED_EDGE ( 'NONE', *, *, #2136, .T. ) ;
#4525 = CARTESIAN_POINT ( 'NONE',  ( 19.49999999999999645, 599.9999999999998863, 12.28867513459481486 ) ) ;
#4524 = CARTESIAN_POINT ( 'NONE',  ( -8.051442841485993540, 545.3343848951766404, 16.49999999999940314 ) ) ;
#4527 = CARTESIAN_POINT ( 'NONE',  ( -15.99999999999999645, 494.9999999999998863, -2.749999999999997780 ) ) ;
#4526 = CARTESIAN_POINT ( 'NONE',  ( 10.25000000000008882, 586.8686935486363154, 2.500000000000000444 ) ) ;
#4528 = AXIS2_PLACEMENT_3D ( 'NONE', #308, #753, #5932 ) ;
#4529 = EDGE_CURVE ( 'NONE', #5149, #3511, #2810, .T. ) ;
#4530 = AXIS2_PLACEMENT_3D ( 'NONE', #3189, #6057, #2728 ) ;
#4532 = CARTESIAN_POINT ( 'NONE',  ( 9.999999999999998224, 520.5440404795405129, 13.12500000000105160 ) ) ;
#4531 = CARTESIAN_POINT ( 'NONE',  ( 10.00000000000000888, -10.00000000000045297, 13.12500000000107470 ) ) ;
#4533 = EDGE_LOOP ( 'NONE', ( #1873, #398, #2837 ) ) ;
#4534 = LINE ( 'NONE', #2090, #3451 ) ;
#4535 = EDGE_CURVE ( 'NONE', #3511, #2012, #1527, .T. ) ;
#4536 = VECTOR ( 'NONE', #4085, 1000.000000000000000 ) ;
#4537 = CARTESIAN_POINT ( 'NONE',  ( 10.00000000000000178, 503.8691679048985748, 16.49999999999940314 ) ) ;
#4539 = DIRECTION ( 'NONE',  ( 0.8660254037844415942, 0.000000000000000000, -0.4999999999999950595 ) ) ;
#4538 = LINE ( 'NONE', #353, #4536 ) ;
#4540 = VECTOR ( 'NONE', #3436, 1000.000000000000000 ) ;
#4541 = ORIENTED_EDGE ( 'NONE', *, *, #4104, .F. ) ;
#4542 = DIRECTION ( 'NONE',  ( 6.938893903907228378E-16, 0.000000000000000000, 1.000000000000000000 ) ) ;
#4543 = DIRECTION ( 'NONE',  ( 0.000000000000000000, 1.000000000000000000, 0.000000000000000000 ) ) ;
#4544 = FACE_OUTER_BOUND ( 'NONE', #3328, .T. ) ;
#4545 = ADVANCED_FACE ( 'NONE', ( #124 ), #1494, .F. ) ;
#4546 = ORIENTED_EDGE ( 'NONE', *, *, #435, .F. ) ;
#4547 = VECTOR ( 'NONE', #75, 1000.000000000000000 ) ;
#4548 = ORIENTED_EDGE ( 'NONE', *, *, #1178, .T. ) ;
#4549 = CARTESIAN_POINT ( 'NONE',  ( 18.25000000000008527, 562.4307431261825059, -5.603677273419772398 ) ) ;
#4550 = VECTOR ( 'NONE', #3795, 1000.000000000000000 ) ;
#4551 = DIRECTION ( 'NONE',  ( -2.373241487535919019E-16, -0.9396926207859105373, -0.3420201433256630508 ) ) ;
#4552 = EDGE_CURVE ( 'NONE', #3781, #3930, #489, .T. ) ;
#4553 = ORIENTED_EDGE ( 'NONE', *, *, #3712, .F. ) ;
#4554 = ORIENTED_EDGE ( 'NONE', *, *, #2909, .F. ) ;
#4555 = AXIS2_PLACEMENT_3D ( 'NONE', #3695, #4551, #5091 ) ;
#4557 = LINE ( 'NONE', #3609, #2472 ) ;
#4556 = LINE ( 'NONE', #1804, #3473 ) ;
#4559 = PLANE ( 'NONE',  #1699 ) ;
#4558 = DIRECTION ( 'NONE',  ( 0.000000000000000000, -1.000000000000000000, 0.000000000000000000 ) ) ;
#4560 = VECTOR ( 'NONE', #425, 1000.000000000000000 ) ;
#4561 = EDGE_CURVE ( 'NONE', #3014, #4927, #4804, .T. ) ;
#4563 = DIRECTION ( 'NONE',  ( -0.000000000000000000, 1.000000000000000000, -0.000000000000000000 ) ) ;
#4562 = DIRECTION ( 'NONE',  ( -1.000000000000000000, -1.383500721948037739E-16, -1.088838682103976535E-17 ) ) ;
#4564 = ORIENTED_EDGE ( 'NONE', *, *, #4134, .T. ) ;
#4565 = AXIS2_PLACEMENT_3D ( 'NONE', #4767, #5202, #579 ) ;
#4566 = ORIENTED_EDGE ( 'NONE', *, *, #2909, .T. ) ;
#4567 = CARTESIAN_POINT ( 'NONE',  ( -6.999999999999996447, 494.9999999999998863, -5.000000000000000000 ) ) ;
#4568 = UNCERTAINTY_MEASURE_WITH_UNIT (LENGTH_MEASURE( 1.000000000000000082E-05 ), #696, 'distance_accuracy_value', 'NONE');
#4569 = AXIS2_PLACEMENT_3D ( 'NONE', #3030, #5435, #2539 ) ;
#4570 = ORIENTED_EDGE ( 'NONE', *, *, #546, .T. ) ;
#4571 = EDGE_CURVE ( 'NONE', #3853, #4690, #2346, .T. ) ;
#4573 = CARTESIAN_POINT ( 'NONE',  ( 9.999999999999998224, 523.9471233455369656, 13.12500000000105160 ) ) ;
#4572 = LINE ( 'NONE', #1752, #4056 ) ;
#4574 = VERTEX_POINT ( 'NONE', #5178 ) ;
#4575 = CARTESIAN_POINT ( 'NONE',  ( -15.99999999999999645, 494.9999999999998863, -5.000000000000000000 ) ) ;
#4576 = LINE ( 'NONE', #5946, #3495 ) ;
#4577 = PLANE ( 'NONE',  #2221 ) ;
#4578 = ORIENTED_EDGE ( 'NONE', *, *, #746, .F. ) ;
#4579 = CARTESIAN_POINT ( 'NONE',  ( -10.00000000000000178, 520.5440404795405129, 13.12500000000105160 ) ) ;
#4580 = EDGE_CURVE ( 'NONE', #627, #6005, #4710, .T. ) ;
#4581 = VERTEX_POINT ( 'NONE', #5244 ) ;
#4582 = ORIENTED_EDGE ( 'NONE', *, *, #5832, .T. ) ;
#4583 = FACE_OUTER_BOUND ( 'NONE', #1218, .T. ) ;
#4584 = CARTESIAN_POINT ( 'NONE',  ( -6.999999999999995559, 489.9999999999998863, 0.000000000000000000 ) ) ;
#4585 = EDGE_LOOP ( 'NONE', ( #757, #1239, #1317, #1074 ) ) ;
#4586 = ADVANCED_FACE ( 'NONE', ( #1923 ), #612, .F. ) ;
#4587 = ORIENTED_EDGE ( 'NONE', *, *, #4588, .F. ) ;
#4588 = EDGE_CURVE ( 'NONE', #4959, #1294, #3784, .T. ) ;
#4589 = LINE ( 'NONE', #4218, #454 ) ;
#4591 = FACE_OUTER_BOUND ( 'NONE', #3826, .T. ) ;
#4590 = DIRECTION ( 'NONE',  ( -6.520427397917960799E-16, -0.3420201433256629953, -0.9396926207859104263 ) ) ;
#4593 = PRESENTATION_STYLE_ASSIGNMENT (( #4693 ) ) ;
#4592 = CARTESIAN_POINT ( 'NONE',  ( -8.051442841485993540, -10.00000000000045297, 16.49999999999940314 ) ) ;
#4594 = ORIENTED_EDGE ( 'NONE', *, *, #5688, .T. ) ;
#4595 = EDGE_LOOP ( 'NONE', ( #4502, #798, #2708, #126 ) ) ;
#4596 = LINE ( 'NONE', #1356, #237 ) ;
#4597 = EDGE_CURVE ( 'NONE', #2208, #2130, #1465, .T. ) ;
#4598 = PRODUCT_DEFINITION_SHAPE ( 'NONE', 'NONE',  #4882 ) ;
#4599 = ORIENTED_EDGE ( 'NONE', *, *, #4063, .F. ) ;
#4601 = PLANE ( 'NONE',  #5899 ) ;
#4600 = LINE ( 'NONE', #907, #1036 ) ;
#4602 = ORIENTED_EDGE ( 'NONE', *, *, #5216, .F. ) ;
#4603 = ORIENTED_EDGE ( 'NONE', *, *, #3612, .F. ) ;
#4604 = DIRECTION ( 'NONE',  ( -0.000000000000000000, -1.000000000000000000, -0.000000000000000000 ) ) ;
#4605 = CARTESIAN_POINT ( 'NONE',  ( -15.99999999999999645, 494.9999999999998863, -5.000000000000000000 ) ) ;
#4606 = FACE_OUTER_BOUND ( 'NONE', #5774, .T. ) ;
#4607 = VERTEX_POINT ( 'NONE', #585 ) ;
#4608 = ADVANCED_FACE ( 'NONE', ( #4027 ), #2583, .T. ) ;
#4609 = CIRCLE ( 'NONE', #3929, 1.550000000000000266 ) ;
#4610 = LINE ( 'NONE', #1855, #4349 ) ;
#4611 = ORIENTED_EDGE ( 'NONE', *, *, #3338, .T. ) ;
#4612 = ORIENTED_EDGE ( 'NONE', *, *, #2941, .T. ) ;
#4613 = PLANE ( 'NONE',  #4960 ) ;
#4614 = EDGE_CURVE ( 'NONE', #3479, #627, #1214, .T. ) ;
#4615 = DIRECTION ( 'NONE',  ( -0.8660254037844407060, 0.000000000000000000, -0.4999999999999966138 ) ) ;
#4616 = ORIENTED_EDGE ( 'NONE', *, *, #997, .T. ) ;
#4617 = AXIS2_PLACEMENT_3D ( 'NONE', #3621, #2094, #3530 ) ;
#4618 = EDGE_CURVE ( 'NONE', #2381, #4265, #1224, .T. ) ;
#4619 = ORIENTED_EDGE ( 'NONE', *, *, #1227, .T. ) ;
#4620 = AXIS2_PLACEMENT_3D ( 'NONE', #4884, #227, #344 ) ;
#4621 = CARTESIAN_POINT ( 'NONE',  ( -10.25000000000008527, 549.7269831201855368, -6.780563709337406486 ) ) ;
#4622 = EDGE_LOOP ( 'NONE', ( #2597, #3849, #5610, #3335 ) ) ;
#4624 = DIRECTION ( 'NONE',  ( 0.000000000000000000, -1.000000000000000000, 0.000000000000000000 ) ) ;
#4623 = PLANE ( 'NONE',  #3007 ) ;
#4625 = VERTEX_POINT ( 'NONE', #5389 ) ;
#4626 = ADVANCED_FACE ( 'NONE', ( #3019 ), #3998, .F. ) ;
#4627 = ADVANCED_FACE ( 'NONE', ( #3446 ), #1160, .F. ) ;
#4628 = VECTOR ( 'NONE', #2885, 1000.000000000000114 ) ;
#4630 = CARTESIAN_POINT ( 'NONE',  ( 8.051442841485993540, -10.00000000000045297, 16.49999999999942091 ) ) ;
#4629 = PLANE ( 'NONE',  #342 ) ;
#4631 = ORIENTED_EDGE ( 'NONE', *, *, #1529, .F. ) ;
#4632 = VECTOR ( 'NONE', #5170, 1000.000000000000114 ) ;
#4633 = DIRECTION ( 'NONE',  ( -1.000000000000000000, 0.000000000000000000, 6.938893903907228378E-16 ) ) ;
#4634 = EDGE_CURVE ( 'NONE', #2364, #1765, #4759, .T. ) ;
#4635 = AXIS2_PLACEMENT_3D ( 'NONE', #6031, #1380, #1814 ) ;
#4636 = VERTEX_POINT ( 'NONE', #704 ) ;
#4638 = CARTESIAN_POINT ( 'NONE',  ( -6.999999999999996447, 494.9999999999998863, -5.000000000000000000 ) ) ;
#4637 = CARTESIAN_POINT ( 'NONE',  ( -10.00000000000000178, -10.00000000000045297, 13.12500000000105160 ) ) ;
#4639 = ORIENTED_EDGE ( 'NONE', *, *, #5125, .F. ) ;
#4640 = ORIENTED_EDGE ( 'NONE', *, *, #4784, .F. ) ;
#4641 = CARTESIAN_POINT ( 'NONE',  ( -8.051442841485993540, -10.00000000000045297, 16.49999999999940314 ) ) ;
#4642 = VECTOR ( 'NONE', #58, 1000.000000000000000 ) ;
#4643 = CARTESIAN_POINT ( 'NONE',  ( 10.00000000000000178, 599.9999999999998863, 16.49999999999940314 ) ) ;
#4644 = AXIS2_PLACEMENT_3D ( 'NONE', #2719, #1762, #5487 ) ;
#4645 = VECTOR ( 'NONE', #792, 1000.000000000000000 ) ;
#4646 = DIRECTION ( 'NONE',  ( -1.000000000000000000, 0.000000000000000000, 6.938893903907228378E-16 ) ) ;
#4647 = VERTEX_POINT ( 'NONE', #2097 ) ;
#4648 = CARTESIAN_POINT ( 'NONE',  ( -3.935108105617389551, 519.6550499532801268, 23.62970090348453311 ) ) ;
#4649 = CARTESIAN_POINT ( 'NONE',  ( 8.483226407164680793, 494.7165927647728267, 15.75212892637067874 ) ) ;
#4650 = ORIENTED_EDGE ( 'NONE', *, *, #936, .T. ) ;
#4651 = AXIS2_PLACEMENT_3D ( 'NONE', #5900, #1679, #5438 ) ;
#4652 = ORIENTED_EDGE ( 'NONE', *, *, #3831, .F. ) ;
#4653 = VECTOR ( 'NONE', #2110, 1000.000000000000000 ) ;
#4654 = ADVANCED_FACE ( 'NONE', ( #2960 ), #3081, .T. ) ;
#4655 = PLANE ( 'NONE',  #3089 ) ;
#4656 = ORIENTED_EDGE ( 'NONE', *, *, #5893, .F. ) ;
#4658 = CARTESIAN_POINT ( 'NONE',  ( -18.25000000000008527, 564.6807431261822785, -5.603677273419772398 ) ) ;
#4657 = CARTESIAN_POINT ( 'NONE',  ( 20.00000000000000355, 579.3131306451357432, -0.2500000000001051936 ) ) ;
#4659 = ORIENTED_EDGE ( 'NONE', *, *, #5430, .F. ) ;
#4660 = VECTOR ( 'NONE', #300, 1000.000000000000000 ) ;
#4661 = EDGE_CURVE ( 'NONE', #2802, #5504, #3477, .T. ) ;
#4663 = CARTESIAN_POINT ( 'NONE',  ( -8.051442841485993540, 587.7458856701554168, 16.49999999999940314 ) ) ;
#4662 = CARTESIAN_POINT ( 'NONE',  ( 19.99999999999999645, 489.9999999999998863, 12.00000000000000000 ) ) ;
#4664 = ORIENTED_EDGE ( 'NONE', *, *, #5942, .T. ) ;
#4665 = EDGE_LOOP ( 'NONE', ( #5514, #2731, #4603, #2207 ) ) ;
#4666 = FACE_OUTER_BOUND ( 'NONE', #1864, .T. ) ;
#4667 = AXIS2_PLACEMENT_3D ( 'NONE', #3718, #953, #921 ) ;
#4668 = ORIENTED_EDGE ( 'NONE', *, *, #1630, .F. ) ;
#4669 = CIRCLE ( 'NONE', #6058, 0.5000000000000004441 ) ;
#4670 = EDGE_CURVE ( 'NONE', #4959, #2634, #2044, .T. ) ;
#4672 = LINE ( 'NONE', #479, #2358 ) ;
#4671 = LINE ( 'NONE', #3735, #3374 ) ;
#4673 = ORIENTED_EDGE ( 'NONE', *, *, #1657, .F. ) ;
#4674 = DIRECTION ( 'NONE',  ( 0.4768709627114711691, 0.3006265784832175547, -0.8259647360705590913 ) ) ;
#4675 = ORIENTED_EDGE ( 'NONE', *, *, #565, .F. ) ;
#4676 = FACE_OUTER_BOUND ( 'NONE', #4533, .T. ) ;
#4677 = VECTOR ( 'NONE', #807, 1000.000000000000000 ) ;
#4678 = LINE ( 'NONE', #2743, #2676 ) ;
#4679 = CARTESIAN_POINT ( 'NONE',  ( 8.051442841485975777, 545.3343848951768678, 16.49999999999945643 ) ) ;
#4680 = CARTESIAN_POINT ( 'NONE',  ( 8.483226407164680793, 535.6374041353118400, 15.75212892637067874 ) ) ;
#4681 = CARTESIAN_POINT ( 'NONE',  ( 9.999999999999998224, 552.2214571955228166, 13.12500000000105160 ) ) ;
#4682 = DIRECTION ( 'NONE',  ( -0.4999999999999950040, 0.000000000000000000, -0.8660254037844414832 ) ) ;
#4683 = EDGE_LOOP ( 'NONE', ( #2930, #4201, #3817, #3371 ) ) ;
#4684 = ORIENTED_EDGE ( 'NONE', *, *, #5109, .F. ) ;
#4685 = ORIENTED_EDGE ( 'NONE', *, *, #519, .T. ) ;
#4686 = DIRECTION ( 'NONE',  ( -1.000000000000000000, 0.000000000000000000, 6.938893903907228378E-16 ) ) ;
#4687 = ORIENTED_EDGE ( 'NONE', *, *, #6026, .F. ) ;
#4689 = CARTESIAN_POINT ( 'NONE',  ( 6.499999999999997335, 489.9999999999998863, 8.570725942163695876 ) ) ;
#4688 = CARTESIAN_POINT ( 'NONE',  ( -10.00000000000000178, 505.0975674455463604, 13.12500000000105160 ) ) ;
#4690 = VERTEX_POINT ( 'NONE', #4923 ) ;
#4691 = EDGE_CURVE ( 'NONE', #4296, #4636, #1662, .T. ) ;
#4693 = SURFACE_STYLE_USAGE ( .BOTH. , #1293 ) ;
#4692 = DIRECTION ( 'NONE',  ( 0.4999999999999947264, 0.000000000000000000, -0.8660254037844417052 ) ) ;
#4694 = ORIENTED_EDGE ( 'NONE', *, *, #5878, .F. ) ;
#4695 = DIRECTION ( 'NONE',  ( -0.4999999999999965583, 0.000000000000000000, 0.8660254037844405950 ) ) ;
#4696 = EDGE_CURVE ( 'NONE', #3344, #558, #2155, .T. ) ;
#4697 = EDGE_CURVE ( 'NONE', #5795, #144, #4072, .T. ) ;
#4698 = EDGE_LOOP ( 'NONE', ( #3146, #2919, #1964, #2750 ) ) ;
#4700 = DIRECTION ( 'NONE',  ( -0.4768709627114696148, -0.3006265784832180543, -0.8259647360705598684 ) ) ;
#4699 = PLANE ( 'NONE',  #1902 ) ;
#4701 = EDGE_LOOP ( 'NONE', ( #4113, #5660, #2460, #6069 ) ) ;
#4702 = DIRECTION ( 'NONE',  ( 0.000000000000000000, -1.000000000000000000, 0.000000000000000000 ) ) ;
#4703 = LINE ( 'NONE', #1037, #3402 ) ;
#4704 = EDGE_LOOP ( 'NONE', ( #3730, #5349, #4619, #106, #679, #3668 ) ) ;
#4705 = EDGE_CURVE ( 'NONE', #5198, #1777, #648, .T. ) ;
#4706 = EDGE_CURVE ( 'NONE', #355, #1441, #2500, .T. ) ;
#4707 = DIRECTION ( 'NONE',  ( -0.4768709627114696148, -0.3006265784832180543, -0.8259647360705598684 ) ) ;
#4708 = ORIENTED_EDGE ( 'NONE', *, *, #3223, .T. ) ;
#4709 = CARTESIAN_POINT ( 'NONE',  ( 26.00470364848261795, 595.8109183298585094, 5.754703648482434097 ) ) ;
#4710 = LINE ( 'NONE', #3357, #1618 ) ;
#4711 = DIRECTION ( 'NONE',  ( -2.373241487535919019E-16, 0.9396926207859105373, -0.3420201433256630508 ) ) ;
#4712 = ORIENTED_EDGE ( 'NONE', *, *, #1291, .T. ) ;
#4713 = VERTEX_POINT ( 'NONE', #4372 ) ;
#4714 = VERTEX_POINT ( 'NONE', #186 ) ;
#4715 = LINE ( 'NONE', #5306, #164 ) ;
#4717 = DIRECTION ( 'NONE',  ( -0.4768709627114711691, 0.3006265784832175547, 0.8259647360705590913 ) ) ;
#4716 = LINE ( 'NONE', #5678, #3976 ) ;
#4718 = ORIENTED_EDGE ( 'NONE', *, *, #2413, .F. ) ;
#4719 = AXIS2_PLACEMENT_3D ( 'NONE', #2730, #846, #5100 ) ;
#4721 = CARTESIAN_POINT ( 'NONE',  ( -10.00000000000000178, -10.00000000000045297, 13.12500000000105160 ) ) ;
#4720 = DIRECTION ( 'NONE',  ( 1.000000000000000000, 1.383500721948037739E-16, 1.088838682103976689E-17 ) ) ;
#4722 = ORIENTED_EDGE ( 'NONE', *, *, #2470, .T. ) ;
#4724 = CARTESIAN_POINT ( 'NONE',  ( -18.25000000000008527, 543.7104353200437572, -11.45101525809007548 ) ) ;
#4723 = DIRECTION ( 'NONE',  ( -1.000000000000000000, 1.383500721948037739E-16, 1.088838682103976535E-17 ) ) ;
#4725 = EDGE_CURVE ( 'NONE', #1489, #3781, #3911, .T. ) ;
#4726 = VECTOR ( 'NONE', #5650, 1000.000000000000000 ) ;
#4727 = VECTOR ( 'NONE', #2310, 1000.000000000000000 ) ;
#4728 = ORIENTED_EDGE ( 'NONE', *, *, #1195, .F. ) ;
#4730 = DIRECTION ( 'NONE',  ( -0.000000000000000000, 1.000000000000000000, -0.000000000000000000 ) ) ;
#4729 = PLANE ( 'NONE',  #3464 ) ;
#4731 = VERTEX_POINT ( 'NONE', #4424 ) ;
#4732 = CARTESIAN_POINT ( 'NONE',  ( 8.483226407164680793, 532.4157045647539235, 15.75212892637067874 ) ) ;
#4733 = EDGE_CURVE ( 'NONE', #2834, #2468, #5793, .T. ) ;
#4734 = PLANE ( 'NONE',  #4565 ) ;
#4735 = VECTOR ( 'NONE', #1233, 1000.000000000000000 ) ;
#4736 = EDGE_LOOP ( 'NONE', ( #4393, #1485, #1133, #934 ) ) ;
#4737 = DIRECTION ( 'NONE',  ( -1.000000000000000000, 0.000000000000000000, 6.938893903907228378E-16 ) ) ;
#4738 = ORIENTED_EDGE ( 'NONE', *, *, #3760, .T. ) ;
#4739 = ORIENTED_EDGE ( 'NONE', *, *, #776, .F. ) ;
#4740 = VECTOR ( 'NONE', #5667, 1000.000000000000000 ) ;
#4741 = DIRECTION ( 'NONE',  ( 0.000000000000000000, 0.000000000000000000, -1.000000000000000000 ) ) ;
#4742 = ADVANCED_FACE ( 'NONE', ( #3506, #5083, #5977 ), #1276, .F. ) ;
#4743 = DIRECTION ( 'NONE',  ( 0.000000000000000000, 0.9396926207859094271, 0.3420201433256660484 ) ) ;
#4744 = CARTESIAN_POINT ( 'NONE',  ( -10.00000000000000178, -10.00000000000045297, 13.12500000000105160 ) ) ;
#4745 = VERTEX_POINT ( 'NONE', #1337 ) ;
#4746 = CIRCLE ( 'NONE', #1226, 2.249999999999863221 ) ;
#4747 = ORIENTED_EDGE ( 'NONE', *, *, #3429, .T. ) ;
#4748 = EDGE_CURVE ( 'NONE', #5318, #5674, #1695, .T. ) ;
#4749 = DIRECTION ( 'NONE',  ( -0.5096773720623348769, -0.8084792113654969414, -0.2942623679600510078 ) ) ;
#4750 = VECTOR ( 'NONE', #2822, 1000.000000000000000 ) ;
#4752 = DIRECTION ( 'NONE',  ( -6.938893903907228378E-16, 0.000000000000000000, -1.000000000000000000 ) ) ;
#4751 = DIRECTION ( 'NONE',  ( 0.8660254037844415942, 0.000000000000000000, -0.4999999999999950595 ) ) ;
#4753 = AXIS2_PLACEMENT_3D ( 'NONE', #5865, #5895, #1674 ) ;
#4755 = FACE_OUTER_BOUND ( 'NONE', #3607, .T. ) ;
#4754 = DIRECTION ( 'NONE',  ( -9.532597386109207461E-17, -0.6277579666903140287, -0.7784085914587806077 ) ) ;
#4756 = VERTEX_POINT ( 'NONE', #6007 ) ;
#4758 = DIRECTION ( 'NONE',  ( -0.000000000000000000, 1.000000000000000000, -0.000000000000000000 ) ) ;
#4757 = CARTESIAN_POINT ( 'NONE',  ( 8.051442841485984658, 583.0334966951578508, 16.49999999999944222 ) ) ;
#4759 = CIRCLE ( 'NONE', #6032, 2.249999999999863221 ) ;
#4760 = VERTEX_POINT ( 'NONE', #3654 ) ;
#4762 = FACE_OUTER_BOUND ( 'NONE', #1189, .T. ) ;
#4761 = DIRECTION ( 'NONE',  ( 0.000000000000000000, -1.000000000000000000, 0.000000000000000000 ) ) ;
#4763 = ORIENTED_EDGE ( 'NONE', *, *, #4020, .T. ) ;
#4764 = VECTOR ( 'NONE', #2914, 1000.000000000000000 ) ;
#4765 = ORIENTED_EDGE ( 'NONE', *, *, #391, .F. ) ;
#4766 = LINE ( 'NONE', #4363, #3064 ) ;
#4767 = CARTESIAN_POINT ( 'NONE',  ( 9.999999999999998224, 599.3453469454992728, 13.12500000000105160 ) ) ;
#4768 = ORIENTED_EDGE ( 'NONE', *, *, #3919, .T. ) ;
#4769 = VECTOR ( 'NONE', #483, 1000.000000000000000 ) ;
#4770 = EDGE_CURVE ( 'NONE', #1151, #1191, #4976, .T. ) ;
#4771 = DIRECTION ( 'NONE',  ( -1.383500721948037739E-16, -1.000000000000000000, 0.000000000000000000 ) ) ;
#4772 = DIRECTION ( 'NONE',  ( -2.373241487535919019E-16, -0.9396926207859105373, -0.3420201433256630508 ) ) ;
#4773 = CARTESIAN_POINT ( 'NONE',  ( 10.00000000000000178, 573.6179635891127191, 16.52539999999935816 ) ) ;
#4774 = DIRECTION ( 'NONE',  ( -2.655704102691907542E-17, 1.000000000000000000, 0.000000000000000000 ) ) ;
#4775 = VECTOR ( 'NONE', #1177, 1000.000000000000000 ) ;
#4776 = CARTESIAN_POINT ( 'NONE',  ( 8.051442841485984658, 498.2104951452002410, 16.49999999999944222 ) ) ;
#4777 = ORIENTED_EDGE ( 'NONE', *, *, #4311, .F. ) ;
#4778 = ADVANCED_FACE ( 'NONE', ( #5482 ), #2739, .T. ) ;
#4779 = EDGE_CURVE ( 'NONE', #3479, #788, #417, .T. ) ;
#4780 = ORIENTED_EDGE ( 'NONE', *, *, #1730, .F. ) ;
#4781 = CARTESIAN_POINT ( 'NONE',  ( -9.284412185896563585, 610.7350614303695693, 11.18664750899770866 ) ) ;
#4783 = DIRECTION ( 'NONE',  ( -0.4768709627114711691, 0.3006265784832175547, 0.8259647360705590913 ) ) ;
#4782 = LINE ( 'NONE', #2417, #2412 ) ;
#4784 = EDGE_CURVE ( 'NONE', #3822, #4431, #4089, .T. ) ;
#4785 = ADVANCED_FACE ( 'NONE', ( #2183 ), #5545, .F. ) ;
#4786 = ADVANCED_FACE ( 'NONE', ( #3113, #2391, #2711 ), #4987, .F. ) ;
#4788 = DIRECTION ( 'NONE',  ( 0.000000000000000000, -1.000000000000000000, 0.000000000000000000 ) ) ;
#4787 = CARTESIAN_POINT ( 'NONE',  ( -19.99999999999999645, 600.0000000000000000, 12.00000000000000000 ) ) ;
#4789 = ORIENTED_EDGE ( 'NONE', *, *, #1651, .T. ) ;
#4791 = LINE ( 'NONE', #5262, #3259 ) ;
#4790 = CARTESIAN_POINT ( 'NONE',  ( -10.00000000000000178, 489.9999999999998863, 13.12500000000105160 ) ) ;
#4793 = CARTESIAN_POINT ( 'NONE',  ( 9.999999999999998224, 571.0710130955133081, 13.12500000000105160 ) ) ;
#4792 = FACE_OUTER_BOUND ( 'NONE', #5026, .T. ) ;
#4794 = EDGE_LOOP ( 'NONE', ( #1278, #4817, #2372, #3395 ) ) ;
#4795 = ORIENTED_EDGE ( 'NONE', *, *, #3808, .T. ) ;
#4796 = DIRECTION ( 'NONE',  ( -0.000000000000000000, 1.000000000000000000, -0.000000000000000000 ) ) ;
#4797 = DIRECTION ( 'NONE',  ( 6.938893903907228378E-16, 0.000000000000000000, 1.000000000000000000 ) ) ;
#4798 = EDGE_LOOP ( 'NONE', ( #4108, #2553, #2399, #505 ) ) ;
#4799 = ORIENTED_EDGE ( 'NONE', *, *, #140, .F. ) ;
#4800 = CARTESIAN_POINT ( 'NONE',  ( 15.99999999999999645, 494.9999999999998863, -5.000000000000004441 ) ) ;
#4801 = ORIENTED_EDGE ( 'NONE', *, *, #2213, .F. ) ;
#4802 = DIRECTION ( 'NONE',  ( 0.000000000000000000, 0.000000000000000000, -1.000000000000000000 ) ) ;
#4803 = PLANE ( 'NONE',  #1206 ) ;
#4804 = LINE ( 'NONE', #1889, #1238 ) ;
#4805 = DIRECTION ( 'NONE',  ( -1.000000000000000000, 0.000000000000000000, 6.938893903907228378E-16 ) ) ;
#4806 = EDGE_CURVE ( 'NONE', #734, #4048, #5915, .T. ) ;
#4807 = ORIENTED_EDGE ( 'NONE', *, *, #4479, .F. ) ;
#4808 = ORIENTED_EDGE ( 'NONE', *, *, #2794, .F. ) ;
#4809 = EDGE_CURVE ( 'NONE', #5710, #5271, #4576, .T. ) ;
#4810 = CARTESIAN_POINT ( 'NONE',  ( 10.00000000000000178, 554.7684076891221139, 16.52539999999935816 ) ) ;
#4812 = FACE_OUTER_BOUND ( 'NONE', #2981, .T. ) ;
#4811 = CARTESIAN_POINT ( 'NONE',  ( -10.00000000000000178, -10.00000000000045297, 13.12500000000105160 ) ) ;
#4813 = EDGE_CURVE ( 'NONE', #3406, #3198, #1726, .T. ) ;
#4814 = VECTOR ( 'NONE', #883, 1000.000000000000114 ) ;
#4816 = CARTESIAN_POINT ( 'NONE',  ( 8.051442841485993540, 499.1567789299008382, 16.49999999999942091 ) ) ;
#4815 = DIRECTION ( 'NONE',  ( 0.000000000000000000, 0.000000000000000000, 1.000000000000000000 ) ) ;
#4817 = ORIENTED_EDGE ( 'NONE', *, *, #5503, .F. ) ;
#4819 = CARTESIAN_POINT ( 'NONE',  ( -8.051442841485993540, -10.00000000000045297, 16.49999999999940314 ) ) ;
#4818 = PLANE ( 'NONE',  #874 ) ;
#4820 = EDGE_CURVE ( 'NONE', #1403, #2012, #5013, .T. ) ;
#4821 = VECTOR ( 'NONE', #903, 1000.000000000000114 ) ;
#4822 = ADVANCED_FACE ( 'NONE', ( #3172 ), #856, .F. ) ;
#4824 = DIRECTION ( 'NONE',  ( 1.000000000000000000, 0.000000000000000000, -6.938893903907228378E-16 ) ) ;
#4823 = CARTESIAN_POINT ( 'NONE',  ( 8.051442841485993540, -10.00000000000045297, 16.49999999999942091 ) ) ;
#4825 = ORIENTED_EDGE ( 'NONE', *, *, #1816, .T. ) ;
#4826 = VECTOR ( 'NONE', #3152, 1000.000000000000000 ) ;
#4827 = ORIENTED_EDGE ( 'NONE', *, *, #2780, .T. ) ;
#4828 = LINE ( 'NONE', #3381, #326 ) ;
#4829 = EDGE_CURVE ( 'NONE', #4097, #4625, #5950, .T. ) ;
#4830 = CARTESIAN_POINT ( 'NONE',  ( 10.00000000000000888, 561.6462351455180624, 13.12500000000107470 ) ) ;
#4831 = ORIENTED_EDGE ( 'NONE', *, *, #1175, .T. ) ;
#4832 = VECTOR ( 'NONE', #2766, 1000.000000000000114 ) ;
#4833 = DIRECTION ( 'NONE',  ( 0.000000000000000000, -0.7784085914587804966, 0.6277579666903139177 ) ) ;
#4834 = CARTESIAN_POINT ( 'NONE',  ( 18.25000000000008527, 562.9014977005494984, -11.58518127581853818 ) ) ;
#4835 = CARTESIAN_POINT ( 'NONE',  ( -8.051442841485993540, -10.00000000000045297, 16.49999999999940314 ) ) ;
#4836 = DIRECTION ( 'NONE',  ( 0.000000000000000000, -0.8496919301565228899, -0.5272794551534153440 ) ) ;
#4837 = AXIS2_PLACEMENT_3D ( 'NONE', #1416, #1845, #2732 ) ;
#4838 = LINE ( 'NONE', #586, #4275 ) ;
#4839 = ORIENTED_EDGE ( 'NONE', *, *, #5796, .F. ) ;
#4840 = EDGE_LOOP ( 'NONE', ( #5575, #3253, #1656, #5715 ) ) ;
#4841 = VECTOR ( 'NONE', #608, 1000.000000000000114 ) ;
#4842 = ORIENTED_EDGE ( 'NONE', *, *, #1801, .T. ) ;
#4843 = DIRECTION ( 'NONE',  ( 6.520427397917960799E-16, -0.3420201433256629953, 0.9396926207859104263 ) ) ;
#4844 = FACE_OUTER_BOUND ( 'NONE', #413, .T. ) ;
#4845 = VECTOR ( 'NONE', #861, 1000.000000000000114 ) ;
#4846 = EDGE_CURVE ( 'NONE', #5444, #4981, #2246, .T. ) ;
#4847 = VECTOR ( 'NONE', #2577, 1000.000000000000000 ) ;
#4849 = DIRECTION ( 'NONE',  ( -0.4768709627114711691, 0.3006265784832175547, 0.8259647360705590913 ) ) ;
#4848 = DIRECTION ( 'NONE',  ( -4.355945928196616298E-16, 0.7784085914587804966, -0.6277579666903139177 ) ) ;
#4851 = DIRECTION ( 'NONE',  ( -0.8660254037844417052, 0.000000000000000000, -0.4999999999999947264 ) ) ;
#4850 = CARTESIAN_POINT ( 'NONE',  ( 10.00000000000000178, 599.9999999999998863, 16.49999999999940314 ) ) ;
#4852 = AXIS2_PLACEMENT_3D ( 'NONE', #343, #226, #3584 ) ;
#4853 = EDGE_CURVE ( 'NONE', #5462, #5198, #376, .T. ) ;
#4854 = ADVANCED_FACE ( 'NONE', ( #5752 ), #137, .F. ) ;
#4856 = DIRECTION ( 'NONE',  ( 1.000000000000000000, 0.000000000000000000, -6.938893903907228378E-16 ) ) ;
#4855 = CARTESIAN_POINT ( 'NONE',  ( 9.999999999999996447, 599.9999999999998863, 12.11324865405191353 ) ) ;
#4857 = ORIENTED_EDGE ( 'NONE', *, *, #5826, .T. ) ;
#4858 = AXIS2_PLACEMENT_3D ( 'NONE', #104, #5749, #5288 ) ;
#4859 = CARTESIAN_POINT ( 'NONE',  ( -8.051442841485993540, 592.4582746451529829, 16.49999999999940314 ) ) ;
#4860 = ORIENTED_EDGE ( 'NONE', *, *, #5566, .F. ) ;
#4861 = VERTEX_POINT ( 'NONE', #1938 ) ;
#4862 = ADVANCED_FACE ( 'NONE', ( #2974 ), #1060, .T. ) ;
#4863 = LINE ( 'NONE', #2039, #4841 ) ;
#4864 = VECTOR ( 'NONE', #4147, 1000.000000000000000 ) ;
#4865 = CARTESIAN_POINT ( 'NONE',  ( 9.999999999999998224, 552.2214571955228166, 13.12500000000105160 ) ) ;
#4866 = LINE ( 'NONE', #2904, #4926 ) ;
#4867 = DIRECTION ( 'NONE',  ( -1.000000000000000000, -1.383500721948037739E-16, -1.088838682103976535E-17 ) ) ;
#4868 = DIRECTION ( 'NONE',  ( -0.4999999999999950595, 0.000000000000000000, -0.8660254037844414832 ) ) ;
#4869 = VERTEX_POINT ( 'NONE', #4790 ) ;
#4870 = AXIS2_PLACEMENT_3D ( 'NONE', #4811, #4751, #562 ) ;
#4871 = EDGE_LOOP ( 'NONE', ( #521, #2944, #5631, #3467 ) ) ;
#4872 = VERTEX_POINT ( 'NONE', #3407 ) ;
#4873 = VECTOR ( 'NONE', #5138, 1000.000000000000000 ) ;
#4874 = DIRECTION ( 'NONE',  ( 0.4768709627114696148, -0.3006265784832180543, 0.8259647360705598684 ) ) ;
#4875 = LINE ( 'NONE', #1617, #1722 ) ;
#4876 = VECTOR ( 'NONE', #2853, 1000.000000000000000 ) ;
#4877 = ORIENTED_EDGE ( 'NONE', *, *, #1745, .F. ) ;
#4879 = LINE ( 'NONE', #4410, #5519 ) ;
#4878 = DIRECTION ( 'NONE',  ( 6.520427397917960799E-16, -0.3420201433256629953, 0.9396926207859104263 ) ) ;
#4881 = LINE ( 'NONE', #4412, #1508 ) ;
#4880 = DIRECTION ( 'NONE',  ( -0.000000000000000000, 0.9396926207859094271, 0.3420201433256660484 ) ) ;
#4882 = PRODUCT_DEFINITION ( 'UNKNOWN', '', #5172, #46 ) ;
#4884 = CARTESIAN_POINT ( 'NONE',  ( 14.99999999999999645, 600.0000000000000000, 15.00000000000000000 ) ) ;
#4883 = DIRECTION ( 'NONE',  ( -0.000000000000000000, 1.000000000000000000, -0.000000000000000000 ) ) ;
#4885 = ORIENTED_EDGE ( 'NONE', *, *, #4902, .T. ) ;
#4886 = ADVANCED_FACE ( 'NONE', ( #3798 ), #168, .F. ) ;
#4887 = ORIENTED_EDGE ( 'NONE', *, *, #5688, .F. ) ;
#4888 = CARTESIAN_POINT ( 'NONE',  ( -15.99999999999999645, 489.9999999999998863, -5.000000000000000000 ) ) ;
#4889 = EDGE_CURVE ( 'NONE', #2251, #1734, #3372, .T. ) ;
#4890 = PLANE ( 'NONE',  #247 ) ;
#4891 = PLANE ( 'NONE',  #810 ) ;
#4892 = DIRECTION ( 'NONE',  ( 1.000000000000000000, 0.000000000000000000, -6.938893903907228378E-16 ) ) ;
#4893 = DIRECTION ( 'NONE',  ( -1.000000000000000000, 0.000000000000000000, 2.044215357087780696E-15 ) ) ;
#4894 = CARTESIAN_POINT ( 'NONE',  ( -10.00000000000000178, 548.8183743295263639, 13.12500000000105160 ) ) ;
#4895 = ADVANCED_FACE ( 'NONE', ( #1478 ), #688, .F. ) ;
#4896 = ADVANCED_FACE ( 'NONE', ( #4293 ), #2054, .T. ) ;
#4897 = ORIENTED_EDGE ( 'NONE', *, *, #3501, .F. ) ;
#4898 = EDGE_LOOP ( 'NONE', ( #270, #2831, #4747, #90 ) ) ;
#4899 = ORIENTED_EDGE ( 'NONE', *, *, #1264, .F. ) ;
#4900 = DIRECTION ( 'NONE',  ( -0.000000000000000000, -1.000000000000000000, -0.000000000000000000 ) ) ;
#4901 = DIRECTION ( 'NONE',  ( 0.000000000000000000, -1.000000000000000000, 0.000000000000000000 ) ) ;
#4902 = EDGE_CURVE ( 'NONE', #2020, #5232, #5290, .T. ) ;
#4903 = ORIENTED_EDGE ( 'NONE', *, *, #2556, .F. ) ;
#4904 = EDGE_LOOP ( 'NONE', ( #3317, #3083, #555, #3208 ) ) ;
#4906 = DIRECTION ( 'NONE',  ( 1.000000000000000000, 1.383500721948037739E-16, 1.088838682103976689E-17 ) ) ;
#4905 = LINE ( 'NONE', #715, #1713 ) ;
#4908 = CARTESIAN_POINT ( 'NONE',  ( -15.99999999999999645, 494.9999999999998863, -5.000000000000000000 ) ) ;
#4907 = LINE ( 'NONE', #717, #1063 ) ;
#4909 = ORIENTED_EDGE ( 'NONE', *, *, #1148, .F. ) ;
#4910 = ADVANCED_FACE ( 'NONE', ( #1567 ), #1996, .F. ) ;
#4912 = DIRECTION ( 'NONE',  ( -0.000000000000000000, 1.000000000000000000, -0.000000000000000000 ) ) ;
#4911 = CARTESIAN_POINT ( 'NONE',  ( 6.999999999999995559, 489.9999999999998863, 0.000000000000000000 ) ) ;
#4913 = ORIENTED_EDGE ( 'NONE', *, *, #1187, .T. ) ;
#4914 = CARTESIAN_POINT ( 'NONE',  ( -19.99999999999999645, 489.9999999999998863, 12.00000000000000000 ) ) ;
#4915 = VECTOR ( 'NONE', #3444, 1000.000000000000000 ) ;
#4916 = ORIENTED_EDGE ( 'NONE', *, *, #1227, .F. ) ;
#4917 = AXIS2_PLACEMENT_3D ( 'NONE', #2606, #3497, #5379 ) ;
#4918 = LINE ( 'NONE', #727, #4847 ) ;
#4919 = ADVANCED_FACE ( 'NONE', ( #2424 ), #628, .F. ) ;
#4921 = DIRECTION ( 'NONE',  ( -0.4999999999999950040, 0.000000000000000000, -0.8660254037844414832 ) ) ;
#4920 = CARTESIAN_POINT ( 'NONE',  ( 10.00000000000000888, -10.00000000000045297, 13.12500000000107470 ) ) ;
#4922 = DIRECTION ( 'NONE',  ( 0.000000000000000000, 0.000000000000000000, -1.000000000000000000 ) ) ;
#4923 = CARTESIAN_POINT ( 'NONE',  ( 18.25000000000008882, 586.8686935486363154, 2.500000000000000444 ) ) ;
#4924 = DIRECTION ( 'NONE',  ( -0.4999999999999950040, 0.000000000000000000, -0.8660254037844414832 ) ) ;
#4925 = VERTEX_POINT ( 'NONE', #3003 ) ;
#4926 = VECTOR ( 'NONE', #675, 1000.000000000000000 ) ;
#4927 = VERTEX_POINT ( 'NONE', #1145 ) ;
#4928 = EDGE_CURVE ( 'NONE', #2159, #4714, #2511, .T. ) ;
#4929 = ORIENTED_EDGE ( 'NONE', *, *, #3235, .T. ) ;
#4930 = AXIS2_PLACEMENT_3D ( 'NONE', #2365, #3775, #18 ) ;
#4931 = ORIENTED_EDGE ( 'NONE', *, *, #4498, .F. ) ;
#4932 = CARTESIAN_POINT ( 'NONE',  ( -19.99999999999999645, 489.9999999999998863, 5.000000000000000000 ) ) ;
#4933 = CARTESIAN_POINT ( 'NONE',  ( 8.051442841485993540, -10.00000000000045297, 16.49999999999942091 ) ) ;
#4934 = VERTEX_POINT ( 'NONE', #4384 ) ;
#4935 = EDGE_CURVE ( 'NONE', #1192, #67, #3923, .T. ) ;
#4936 = ORIENTED_EDGE ( 'NONE', *, *, #546, .F. ) ;
#4938 = DIRECTION ( 'NONE',  ( -2.373241487535919019E-16, 0.9396926207859105373, -0.3420201433256630508 ) ) ;
#4937 = CARTESIAN_POINT ( 'NONE',  ( 10.00000000000000178, 522.7094789609387817, 16.52539999999935816 ) ) ;
#4939 = VECTOR ( 'NONE', #1772, 1000.000000000000114 ) ;
#4941 = DIRECTION ( 'NONE',  ( 0.000000000000000000, 1.000000000000000000, 0.000000000000000000 ) ) ;
#4940 = LINE ( 'NONE', #3125, #2612 ) ;
#4942 = VECTOR ( 'NONE', #4836, 1000.000000000000114 ) ;
#4943 = AXIS2_PLACEMENT_3D ( 'NONE', #182, #1524, #3386 ) ;
#4945 = DIRECTION ( 'NONE',  ( -1.000000000000000000, 0.000000000000000000, 6.938893903907228378E-16 ) ) ;
#4944 = CARTESIAN_POINT ( 'NONE',  ( 10.00000000000000178, 593.3953135859035228, 16.52539999999935816 ) ) ;
#4946 = VERTEX_POINT ( 'NONE', #4757 ) ;
#4947 = ORIENTED_EDGE ( 'NONE', *, *, #1621, .F. ) ;
#4948 = DIRECTION ( 'NONE',  ( 0.000000000000000000, 0.000000000000000000, -1.000000000000000000 ) ) ;
#4949 = VECTOR ( 'NONE', #4014, 1000.000000000000000 ) ;
#4950 = ORIENTED_EDGE ( 'NONE', *, *, #1630, .T. ) ;
#4951 = EDGE_CURVE ( 'NONE', #2634, #4087, #273, .T. ) ;
#4952 = VECTOR ( 'NONE', #2627, 1000.000000000000000 ) ;
#4953 = LINE ( 'NONE', #3075, #158 ) ;
#4955 = LINE ( 'NONE', #234, #1105 ) ;
#4954 = LINE ( 'NONE', #4022, #3753 ) ;
#4956 = DIRECTION ( 'NONE',  ( 0.000000000000000000, 1.000000000000000000, 0.000000000000000000 ) ) ;
#4957 = DIRECTION ( 'NONE',  ( 6.938893903907228378E-16, 0.000000000000000000, 1.000000000000000000 ) ) ;
#4958 = CARTESIAN_POINT ( 'NONE',  ( 10.00000000000000178, 560.4178356048702199, 16.49999999999940314 ) ) ;
#4959 = VERTEX_POINT ( 'NONE', #5261 ) ;
#4960 = AXIS2_PLACEMENT_3D ( 'NONE', #3143, #6049, #423 ) ;
#4961 = ADVANCED_FACE ( 'NONE', ( #2920 ), #4818, .F. ) ;
#4962 = ORIENTED_EDGE ( 'NONE', *, *, #72, .F. ) ;
#4963 = DIRECTION ( 'NONE',  ( -1.000000000000000000, 0.000000000000000000, 6.938893903907228378E-16 ) ) ;
#4964 = ADVANCED_FACE ( 'NONE', ( #3897 ), #4411, .F. ) ;
#4965 = VECTOR ( 'NONE', #2560, 1000.000000000000000 ) ;
#4966 = DIRECTION ( 'NONE',  ( 0.000000000000000000, 1.000000000000000000, 0.000000000000000000 ) ) ;
#4967 = ORIENTED_EDGE ( 'NONE', *, *, #924, .F. ) ;
#4968 = EDGE_CURVE ( 'NONE', #2137, #4872, #340, .T. ) ;
#4969 = VECTOR ( 'NONE', #5014, 1000.000000000000227 ) ;
#4970 = ORIENTED_EDGE ( 'NONE', *, *, #2298, .F. ) ;
#4972 = LINE ( 'NONE', #2080, #5124 ) ;
#4971 = DIRECTION ( 'NONE',  ( 1.000000000000000000, 0.000000000000000000, -6.938893903907228378E-16 ) ) ;
#4974 = LINE ( 'NONE', #1650, #738 ) ;
#4973 = DIRECTION ( 'NONE',  ( -1.000000000000000000, 0.000000000000000000, 6.938893903907228378E-16 ) ) ;
#4975 = ADVANCED_FACE ( 'NONE', ( #2112 ), #5867, .F. ) ;
#4976 = CIRCLE ( 'NONE', #2515, 1.549999999999999378 ) ;
#4977 = EDGE_CURVE ( 'NONE', #5232, #10, #4940, .T. ) ;
#4979 = DIRECTION ( 'NONE',  ( 6.520427397917960799E-16, -0.3420201433256629953, 0.9396926207859104263 ) ) ;
#4978 = LINE ( 'NONE', #2144, #450 ) ;
#4980 = ORIENTED_EDGE ( 'NONE', *, *, #3706, .F. ) ;
#4981 = VERTEX_POINT ( 'NONE', #307 ) ;
#4982 = CARTESIAN_POINT ( 'NONE',  ( -18.25000000000008527, 547.9477376945526430, -12.76206771173615806 ) ) ;
#4983 = DIRECTION ( 'NONE',  ( -0.4999999999999950040, 0.000000000000000000, -0.8660254037844414832 ) ) ;
#4985 = FACE_OUTER_BOUND ( 'NONE', #3120, .T. ) ;
#4984 = DIRECTION ( 'NONE',  ( 0.000000000000000000, -1.000000000000000000, 0.000000000000000000 ) ) ;
#4986 = LINE ( 'NONE', #3505, #1688 ) ;
#4987 = PLANE ( 'NONE',  #2996 ) ;
#4988 = DIRECTION ( 'NONE',  ( -0.4999999999999950040, 0.000000000000000000, -0.8660254037844414832 ) ) ;
#4989 = EDGE_LOOP ( 'NONE', ( #5936, #779, #3734, #4319 ) ) ;
#4990 = EDGE_LOOP ( 'NONE', ( #4808, #832, #4110, #1517 ) ) ;
#4991 = ORIENTED_EDGE ( 'NONE', *, *, #2978, .F. ) ;
#4992 = DIRECTION ( 'NONE',  ( 0.4768709627114696148, -0.3006265784832180543, 0.8259647360705598684 ) ) ;
#4993 = PLANE ( 'NONE',  #4464 ) ;
#4994 = ORIENTED_EDGE ( 'NONE', *, *, #5024, .F. ) ;
#4995 = ORIENTED_EDGE ( 'NONE', *, *, #4829, .T. ) ;
#4996 = ORIENTED_EDGE ( 'NONE', *, *, #1626, .T. ) ;
#4997 = EDGE_CURVE ( 'NONE', #2268, #151, #3952, .T. ) ;
#4999 = PLANE ( 'NONE',  #317 ) ;
#4998 = PLANE ( 'NONE',  #350 ) ;
#5001 = DIRECTION ( 'NONE',  ( 0.4768709627114711691, 0.3006265784832175547, -0.8259647360705590913 ) ) ;
#5000 = CARTESIAN_POINT ( 'NONE',  ( -19.99999999999999645, 600.0000000000000000, 15.00000000000000000 ) ) ;
#5002 = EDGE_CURVE ( 'NONE', #4334, #3630, #283, .T. ) ;
#5004 = CARTESIAN_POINT ( 'NONE',  ( 19.99999999999999645, 489.9999999999998863, 12.28867513459481486 ) ) ;
#5003 = LINE ( 'NONE', #4531, #4157 ) ;
#5005 = EDGE_LOOP ( 'NONE', ( #4019, #1026, #3463, #4299 ) ) ;
#5006 = PLANE ( 'NONE',  #3743 ) ;
#5007 = DIRECTION ( 'NONE',  ( 0.000000000000000000, -1.000000000000000000, 0.000000000000000000 ) ) ;
#5008 = EDGE_CURVE ( 'NONE', #2897, #4122, #3549, .T. ) ;
#5010 = DIRECTION ( 'NONE',  ( -1.000000000000000000, -1.383500721948037739E-16, -1.088838682103976535E-17 ) ) ;
#5009 = LINE ( 'NONE', #1182, #937 ) ;
#5011 = EDGE_LOOP ( 'NONE', ( #446, #4980, #2838, #2132 ) ) ;
#5012 = CYLINDRICAL_SURFACE ( 'NONE', #1208, 2.250000000000002665 ) ;
#5013 = LINE ( 'NONE', #3596, #5771 ) ;
#5014 = DIRECTION ( 'NONE',  ( 9.509955733224540092E-17, -0.7784085914587806077, 0.6277579666903138067 ) ) ;
#5015 = ORIENTED_EDGE ( 'NONE', *, *, #2703, .T. ) ;
#5016 = VECTOR ( 'NONE', #2002, 1000.000000000000227 ) ;
#5017 = EDGE_CURVE ( 'NONE', #1862, #1776, #5403, .T. ) ;
#5018 = ORIENTED_EDGE ( 'NONE', *, *, #2969, .T. ) ;
#5019 = VERTEX_POINT ( 'NONE', #1624 ) ;
#5020 = CARTESIAN_POINT ( 'NONE',  ( 10.00000000000000178, 536.8558907298820486, 16.49999999999940314 ) ) ;
#5021 = VECTOR ( 'NONE', #1044, 1000.000000000000114 ) ;
#5022 = DIRECTION ( 'NONE',  ( 0.000000000000000000, -0.000000000000000000, -1.000000000000000000 ) ) ;
#5023 = ORIENTED_EDGE ( 'NONE', *, *, #2271, .F. ) ;
#5024 = EDGE_CURVE ( 'NONE', #3518, #532, #4474, .T. ) ;
#5025 = VECTOR ( 'NONE', #230, 1000.000000000000000 ) ;
#5026 = EDGE_LOOP ( 'NONE', ( #2518, #5772, #3875, #5627 ) ) ;
#5028 = LINE ( 'NONE', #4709, #229 ) ;
#5027 = CARTESIAN_POINT ( 'NONE',  ( -3.935108105617389551, 543.6856697717878433, 23.62970090348453311 ) ) ;
#5030 = DIRECTION ( 'NONE',  ( 0.000000000000000000, 0.000000000000000000, -1.000000000000000000 ) ) ;
#5029 = FACE_BOUND ( 'NONE', #5201, .T. ) ;
#5031 = VECTOR ( 'NONE', #4758, 1000.000000000000000 ) ;
#5032 = ADVANCED_FACE ( 'NONE', ( #2140, #5029, #752, #5375, #1170 ), #3491, .T. ) ;
#5033 = VECTOR ( 'NONE', #2295, 1000.000000000000000 ) ;
#5035 = PLANE ( 'NONE',  #4719 ) ;
#5034 = DIRECTION ( 'NONE',  ( 0.8660254037844417052, -0.000000000000000000, 0.4999999999999947264 ) ) ;
#5036 = ORIENTED_EDGE ( 'NONE', *, *, #6064, .T. ) ;
#5037 = EDGE_LOOP ( 'NONE', ( #4594, #1095, #1002, #955 ) ) ;
#5038 = DIRECTION ( 'NONE',  ( -0.4768709627114711691, 0.3006265784832175547, 0.8259647360705590913 ) ) ;
#5039 = EDGE_CURVE ( 'NONE', #5153, #5441, #1649, .T. ) ;
#5040 = VECTOR ( 'NONE', #5386, 1000.000000000000000 ) ;
#5041 = EDGE_CURVE ( 'NONE', #2102, #1448, #4907, .T. ) ;
#5042 = ORIENTED_EDGE ( 'NONE', *, *, #3493, .F. ) ;
#5044 = DIRECTION ( 'NONE',  ( 1.000000000000000000, 1.383500721948037739E-16, 1.088838682103976689E-17 ) ) ;
#5043 = DIRECTION ( 'NONE',  ( 0.000000000000000000, -1.000000000000000000, 0.000000000000000000 ) ) ;
#5045 = ORIENTED_EDGE ( 'NONE', *, *, #5039, .F. ) ;
#5046 = VECTOR ( 'NONE', #2632, 1000.000000000000114 ) ;
#5047 = ORIENTED_EDGE ( 'NONE', *, *, #19, .T. ) ;
#5048 = LINE ( 'NONE', #295, #2770 ) ;
#5049 = CARTESIAN_POINT ( 'NONE',  ( 10.00000000000000888, -10.00000000000045297, 13.12500000000107470 ) ) ;
#5050 = PLANE ( 'NONE',  #3785 ) ;
#5051 = ORIENTED_EDGE ( 'NONE', *, *, #5832, .F. ) ;
#5052 = ADVANCED_FACE ( 'NONE', ( #253 ), #3581, .F. ) ;
#5053 = EDGE_CURVE ( 'NONE', #4156, #804, #5897, .T. ) ;
#5054 = AXIS2_PLACEMENT_3D ( 'NONE', #2846, #69, #5677 ) ;
#5055 = FACE_OUTER_BOUND ( 'NONE', #1355, .T. ) ;
#5056 = EDGE_LOOP ( 'NONE', ( #4612, #3810, #5042, #5762 ) ) ;
#5057 = ORIENTED_EDGE ( 'NONE', *, *, #5505, .F. ) ;
#5058 = VERTEX_POINT ( 'NONE', #3610 ) ;
#5059 = CARTESIAN_POINT ( 'NONE',  ( 9.999999999999998224, 581.8050971545098946, 13.12500000000105160 ) ) ;
#5060 = VECTOR ( 'NONE', #553, 1000.000000000000000 ) ;
#5061 = CARTESIAN_POINT ( 'NONE',  ( 15.13397459621555541, 489.9999999999998863, 15.00000000000000000 ) ) ;
#5062 = ORIENTED_EDGE ( 'NONE', *, *, #5151, .T. ) ;
#5063 = ORIENTED_EDGE ( 'NONE', *, *, #5870, .F. ) ;
#5064 = VECTOR ( 'NONE', #742, 1000.000000000000000 ) ;
#5065 = DIRECTION ( 'NONE',  ( -0.4999999999999965583, 0.000000000000000000, 0.8660254037844405950 ) ) ;
#5067 = LINE ( 'NONE', #1290, #2778 ) ;
#5066 = CARTESIAN_POINT ( 'NONE',  ( 10.00000000000000178, 554.7591628451718861, 16.49999999999940314 ) ) ;
#5068 = EDGE_CURVE ( 'NONE', #136, #4690, #3519, .T. ) ;
#5069 = VECTOR ( 'NONE', #4272, 1000.000000000000000 ) ;
#5071 = DIRECTION ( 'NONE',  ( -2.373241487535919019E-16, -0.9396926207859105373, -0.3420201433256630508 ) ) ;
#5070 = DIRECTION ( 'NONE',  ( 0.000000000000000000, 0.000000000000000000, -1.000000000000000000 ) ) ;
#5072 = ORIENTED_EDGE ( 'NONE', *, *, #3501, .T. ) ;
#5073 = VERTEX_POINT ( 'NONE', #4010 ) ;
#5074 = CYLINDRICAL_SURFACE ( 'NONE', #4837, 2.249999999999863221 ) ;
#5075 = EDGE_CURVE ( 'NONE', #2737, #1379, #4041, .T. ) ;
#5076 = ORIENTED_EDGE ( 'NONE', *, *, #6074, .F. ) ;
#5077 = ADVANCED_FACE ( 'NONE', ( #1201 ), #495, .F. ) ;
#5079 = CARTESIAN_POINT ( 'NONE',  ( 9.999999999999998224, 514.5223453955416062, 13.12500000000105160 ) ) ;
#5078 = DIRECTION ( 'NONE',  ( -1.000000000000000000, 0.000000000000000000, 6.938893903907228378E-16 ) ) ;
#5080 = ORIENTED_EDGE ( 'NONE', *, *, #690, .T. ) ;
#5081 = LINE ( 'NONE', #885, #726 ) ;
#5082 = ADVANCED_FACE ( 'NONE', ( #3241 ), #4623, .F. ) ;
#5083 = FACE_BOUND ( 'NONE', #3886, .T. ) ;
#5084 = CARTESIAN_POINT ( 'NONE',  ( 8.483226407164680793, 507.3630702853258754, 15.75212892637067874 ) ) ;
#5085 = ORIENTED_EDGE ( 'NONE', *, *, #2271, .T. ) ;
#5086 = PLANE ( 'NONE',  #335 ) ;
#5087 = VERTEX_POINT ( 'NONE', #4688 ) ;
#5088 = EDGE_CURVE ( 'NONE', #1196, #4431, #4221, .T. ) ;
#5089 = CARTESIAN_POINT ( 'NONE',  ( 8.483226407164680793, 546.5528714897468490, 15.75212892637067874 ) ) ;
#5090 = ADVANCED_FACE ( 'NONE', ( #1838 ), #5097, .F. ) ;
#5091 = DIRECTION ( 'NONE',  ( 6.520427397917960799E-16, -0.3420201433256629953, 0.9396926207859104263 ) ) ;
#5092 = EDGE_LOOP ( 'NONE', ( #3916, #2135, #1937, #4329 ) ) ;
#5093 = ORIENTED_EDGE ( 'NONE', *, *, #1124, .F. ) ;
#5094 = EDGE_CURVE ( 'NONE', #3300, #975, #5615, .T. ) ;
#5095 = LINE ( 'NONE', #5027, #2591 ) ;
#5096 = ORIENTED_EDGE ( 'NONE', *, *, #4063, .T. ) ;
#5098 = LINE ( 'NONE', #873, #2000 ) ;
#5097 = PLANE ( 'NONE',  #3788 ) ;
#5100 = DIRECTION ( 'NONE',  ( -0.4999999999999950040, 0.000000000000000000, -0.8660254037844414832 ) ) ;
#5099 = DIRECTION ( 'NONE',  ( 0.4768709627114696148, -0.3006265784832180543, 0.8259647360705598684 ) ) ;
#5101 = ORIENTED_EDGE ( 'NONE', *, *, #5008, .T. ) ;
#5102 = DIRECTION ( 'NONE',  ( -1.000000000000000000, 0.000000000000000000, 6.938893903907228378E-16 ) ) ;
#5103 = ORIENTED_EDGE ( 'NONE', *, *, #588, .T. ) ;
#5105 = LINE ( 'NONE', #3684, #1671 ) ;
#5104 = LINE ( 'NONE', #999, #5336 ) ;
#5106 = DIRECTION ( 'NONE',  ( -1.000000000000000000, 1.383500721948037739E-16, 1.088838682103976689E-17 ) ) ;
#5107 = ORIENTED_EDGE ( 'NONE', *, *, #5983, .F. ) ;
#5108 = LINE ( 'NONE', #2740, #4969 ) ;
#5109 = EDGE_CURVE ( 'NONE', #1776, #2162, #3637, .T. ) ;
#5110 = AXIS2_PLACEMENT_3D ( 'NONE', #1360, #2736, #1876 ) ;
#5111 = CARTESIAN_POINT ( 'NONE',  ( 19.49999999999999645, 600.0000000000000000, 15.00000000000000000 ) ) ;
#5112 = CARTESIAN_POINT ( 'NONE',  ( 19.74999999999999289, 600.0000000000000000, 11.85566243270259434 ) ) ;
#5113 = CARTESIAN_POINT ( 'NONE',  ( 9.999999999999998224, 561.6462351455180624, 13.12500000000105160 ) ) ;
#5114 = CARTESIAN_POINT ( 'NONE',  ( -10.00000000000000178, 533.3719012955322114, 13.12500000000105160 ) ) ;
#5115 = EDGE_LOOP ( 'NONE', ( #3022, #2609, #5581, #5191 ) ) ;
#5116 = VECTOR ( 'NONE', #4267, 1000.000000000000000 ) ;
#5117 = ADVANCED_FACE ( 'NONE', ( #2693 ), #5645, .T. ) ;
#5118 = ORIENTED_EDGE ( 'NONE', *, *, #5789, .T. ) ;
#5119 = VECTOR ( 'NONE', #2923, 1000.000000000000114 ) ;
#5120 = DIRECTION ( 'NONE',  ( 1.000000000000000000, 0.000000000000000000, -6.938893903907228378E-16 ) ) ;
#5121 = EDGE_LOOP ( 'NONE', ( #870, #1956, #5221, #1942 ) ) ;
#5123 = LINE ( 'NONE', #4658, #5242 ) ;
#5122 = DIRECTION ( 'NONE',  ( 1.000000000000000000, 0.000000000000000000, -6.938893903907228378E-16 ) ) ;
#5124 = VECTOR ( 'NONE', #4040, 1000.000000000000000 ) ;
#5125 = EDGE_CURVE ( 'NONE', #1877, #4714, #2259, .T. ) ;
#5127 =( NAMED_UNIT ( * ) SI_UNIT ( $, .STERADIAN. ) SOLID_ANGLE_UNIT ( ) );
#5126 = DIRECTION ( 'NONE',  ( 0.000000000000000000, -1.000000000000000000, 0.000000000000000000 ) ) ;
#5128 = AXIS2_PLACEMENT_3D ( 'NONE', #4511, #855, #356 ) ;
#5129 = LINE ( 'NONE', #2792, #2284 ) ;
#5130 = VECTOR ( 'NONE', #1295, 1000.000000000000000 ) ;
#5131 = ORIENTED_EDGE ( 'NONE', *, *, #4670, .T. ) ;
#5133 = FACE_OUTER_BOUND ( 'NONE', #3311, .T. ) ;
#5132 = DIRECTION ( 'NONE',  ( -0.000000000000000000, 1.000000000000000000, -0.000000000000000000 ) ) ;
#5134 = ORIENTED_EDGE ( 'NONE', *, *, #4214, .F. ) ;
#5135 = FACE_OUTER_BOUND ( 'NONE', #2178, .T. ) ;
#5136 = AXIS2_PLACEMENT_3D ( 'NONE', #2371, #4152, #4241 ) ;
#5137 = ORIENTED_EDGE ( 'NONE', *, *, #2562, .F. ) ;
#5138 = DIRECTION ( 'NONE',  ( -0.000000000000000000, -1.000000000000000000, -0.000000000000000000 ) ) ;
#5139 = ORIENTED_EDGE ( 'NONE', *, *, #4571, .T. ) ;
#5140 = AXIS2_PLACEMENT_3D ( 'NONE', #4054, #319, #5043 ) ;
#5141 = LINE ( 'NONE', #3659, #1219 ) ;
#5142 = ORIENTED_EDGE ( 'NONE', *, *, #140, .T. ) ;
#5143 = CARTESIAN_POINT ( 'NONE',  ( 6.499999999999997335, 503.9999999999998863, 7.020725942163696054 ) ) ;
#5144 = DIRECTION ( 'NONE',  ( -2.373241487535919019E-16, -0.9396926207859105373, -0.3420201433256630508 ) ) ;
#5145 = CARTESIAN_POINT ( 'NONE',  ( 19.49999999999999645, 600.0000000000000000, 15.00000000000000000 ) ) ;
#5146 = EDGE_CURVE ( 'NONE', #4581, #2130, #5584, .T. ) ;
#5147 = ORIENTED_EDGE ( 'NONE', *, *, #3127, .F. ) ;
#5148 = VECTOR ( 'NONE', #3702, 1000.000000000000000 ) ;
#5149 = VERTEX_POINT ( 'NONE', #3301 ) ;
#5150 = VECTOR ( 'NONE', #4345, 1000.000000000000000 ) ;
#5151 = EDGE_CURVE ( 'NONE', #333, #4760, #1320, .T. ) ;
#5152 = LINE ( 'NONE', #1318, #4067 ) ;
#5153 = VERTEX_POINT ( 'NONE', #4657 ) ;
#5155 = DIRECTION ( 'NONE',  ( 0.4768709627114711691, 0.3006265784832175547, -0.8259647360705590913 ) ) ;
#5154 = DIRECTION ( 'NONE',  ( 6.938893903907228378E-16, 0.000000000000000000, 1.000000000000000000 ) ) ;
#5156 = EDGE_CURVE ( 'NONE', #4516, #2476, #2235, .T. ) ;
#5157 = AXIS2_PLACEMENT_3D ( 'NONE', #3420, #5301, #4399 ) ;
#5159 = CARTESIAN_POINT ( 'NONE',  ( 10.00000000000000178, 531.1972179701836012, 16.49999999999940314 ) ) ;
#5158 = DIRECTION ( 'NONE',  ( -2.373241487535919019E-16, 0.9396926207859105373, -0.3420201433256630508 ) ) ;
#5160 = EDGE_LOOP ( 'NONE', ( #3094, #4780, #407, #427 ) ) ;
#5161 = PLANE ( 'NONE',  #4635 ) ;
#5162 = EDGE_CURVE ( 'NONE', #4038, #4029, #3583, .T. ) ;
#5163 = EDGE_CURVE ( 'NONE', #4731, #3213, #3188, .T. ) ;
#5164 = VECTOR ( 'NONE', #2105, 1000.000000000000114 ) ;
#5165 = ORIENTED_EDGE ( 'NONE', *, *, #5156, .T. ) ;
#5166 = VECTOR ( 'NONE', #4805, 1000.000000000000000 ) ;
#5168 = FACE_OUTER_BOUND ( 'NONE', #60, .T. ) ;
#5167 = FACE_OUTER_BOUND ( 'NONE', #794, .T. ) ;
#5169 = VERTEX_POINT ( 'NONE', #6022 ) ;
#5170 = DIRECTION ( 'NONE',  ( -0.4768709627114711691, 0.3006265784832175547, 0.8259647360705590913 ) ) ;
#5171 = DIRECTION ( 'NONE',  ( -1.000000000000000000, 0.000000000000000000, 6.938893903907228378E-16 ) ) ;
#5172 = PRODUCT_DEFINITION_FORMATION_WITH_SPECIFIED_SOURCE ( 'ANY', '', #5553, .NOT_KNOWN. ) ;
#5173 = VECTOR ( 'NONE', #236, 1000.000000000000000 ) ;
#5174 = DIRECTION ( 'NONE',  ( -6.938893903907228378E-16, 0.000000000000000000, -1.000000000000000000 ) ) ;
#5175 = ORIENTED_EDGE ( 'NONE', *, *, #3454, .F. ) ;
#5176 = DIRECTION ( 'NONE',  ( -1.000000000000000000, 0.000000000000000000, 6.938893903907228378E-16 ) ) ;
#5177 = DIRECTION ( 'NONE',  ( -0.7071067811865506814, -9.782827422659459971E-17, -0.7071067811865443531 ) ) ;
#5178 = CARTESIAN_POINT ( 'NONE',  ( -8.051442841485993540, 527.4311127798866892, 16.49999999999940314 ) ) ;
#5179 = CARTESIAN_POINT ( 'NONE',  ( 8.051442841485993540, 532.1435017548844826, 16.49999999999942091 ) ) ;
#5180 = ORIENTED_EDGE ( 'NONE', *, *, #2595, .T. ) ;
#5181 = ORIENTED_EDGE ( 'NONE', *, *, #4670, .F. ) ;
#5182 = EDGE_CURVE ( 'NONE', #1734, #5480, #374, .T. ) ;
#5183 = ORIENTED_EDGE ( 'NONE', *, *, #3689, .F. ) ;
#5184 = CYLINDRICAL_SURFACE ( 'NONE', #3277, 2.249999999999863221 ) ;
#5185 = ORIENTED_EDGE ( 'NONE', *, *, #4928, .F. ) ;
#5187 = LINE ( 'NONE', #621, #535 ) ;
#5186 = CARTESIAN_POINT ( 'NONE',  ( 9.999999999999998224, 548.8183743295263639, 13.12500000000105160 ) ) ;
#5188 = ADVANCED_FACE ( 'NONE', ( #1771 ), #872, .F. ) ;
#5190 = DIRECTION ( 'NONE',  ( -1.000000000000000000, 0.000000000000000000, 6.938893903907228378E-16 ) ) ;
#5189 = PLANE ( 'NONE',  #6040 ) ;
#5191 = ORIENTED_EDGE ( 'NONE', *, *, #950, .T. ) ;
#5193 = DIRECTION ( 'NONE',  ( 0.000000000000000000, 0.000000000000000000, 1.000000000000000000 ) ) ;
#5192 = CARTESIAN_POINT ( 'NONE',  ( 9.999999999999998224, 525.2564294545381927, 13.12500000000105160 ) ) ;
#5194 = ADVANCED_FACE ( 'NONE', ( #5559 ), #1351, .T. ) ;
#5195 = ORIENTED_EDGE ( 'NONE', *, *, #4505, .F. ) ;
#5197 = CARTESIAN_POINT ( 'NONE',  ( 10.00000000000000888, -10.00000000000045297, 13.12500000000107470 ) ) ;
#5196 = CARTESIAN_POINT ( 'NONE',  ( -10.00000000000000178, -10.00000000000045297, 13.12500000000105160 ) ) ;
#5198 = VERTEX_POINT ( 'NONE', #4161 ) ;
#5199 = ORIENTED_EDGE ( 'NONE', *, *, #5775, .F. ) ;
#5200 = DIRECTION ( 'NONE',  ( 0.000000000000000000, -1.000000000000000000, 0.000000000000000000 ) ) ;
#5201 = EDGE_LOOP ( 'NONE', ( #472, #4548 ) ) ;
#5202 = DIRECTION ( 'NONE',  ( -6.938893903907228378E-16, 0.000000000000000000, -1.000000000000000000 ) ) ;
#5203 = EDGE_CURVE ( 'NONE', #6003, #5499, #2507, .T. ) ;
#5204 = CARTESIAN_POINT ( 'NONE',  ( 9.999999999999991118, 599.9999999999998863, 7.279404685324008639 ) ) ;
#5205 = ORIENTED_EDGE ( 'NONE', *, *, #5647, .T. ) ;
#5206 = VERTEX_POINT ( 'NONE', #2474 ) ;
#5207 = DIRECTION ( 'NONE',  ( -9.509955733224540092E-17, -0.7784085914587806077, 0.6277579666903138067 ) ) ;
#5208 = DIRECTION ( 'NONE',  ( -6.938893903907228378E-16, 0.000000000000000000, -1.000000000000000000 ) ) ;
#5209 = FACE_OUTER_BOUND ( 'NONE', #3681, .T. ) ;
#5210 = ORIENTED_EDGE ( 'NONE', *, *, #703, .F. ) ;
#5211 = VERTEX_POINT ( 'NONE', #5708 ) ;
#5212 = CARTESIAN_POINT ( 'NONE',  ( 8.051442841485993540, -10.00000000000045297, 16.49999999999942091 ) ) ;
#5213 = AXIS2_PLACEMENT_3D ( 'NONE', #4055, #4023, #823 ) ;
#5215 = CARTESIAN_POINT ( 'NONE',  ( -10.24999999999998757, 600.7130275602049778, 7.440125837498437811 ) ) ;
#5214 = DIRECTION ( 'NONE',  ( -1.000000000000000000, 1.383500721948037739E-16, 1.088838682103976535E-17 ) ) ;
#5216 = EDGE_CURVE ( 'NONE', #5687, #880, #4716, .T. ) ;
#5217 = VECTOR ( 'NONE', #4563, 1000.000000000000000 ) ;
#5219 = CARTESIAN_POINT ( 'NONE',  ( 8.483226407164680793, 596.8984608102811080, 15.75212892637067874 ) ) ;
#5218 = CARTESIAN_POINT ( 'NONE',  ( -18.25000000000008527, 562.4307431261825059, -5.603677273419772398 ) ) ;
#5220 = ORIENTED_EDGE ( 'NONE', *, *, #4618, .F. ) ;
#5221 = ORIENTED_EDGE ( 'NONE', *, *, #754, .T. ) ;
#5223 = LINE ( 'NONE', #4321, #5824 ) ;
#5222 = CARTESIAN_POINT ( 'NONE',  ( 10.00000000000000178, 578.3303525641105125, 16.52539999999935816 ) ) ;
#5224 = VECTOR ( 'NONE', #4892, 1000.000000000000000 ) ;
#5225 = EDGE_CURVE ( 'NONE', #3169, #3971, #2939, .T. ) ;
#5226 = AXIS2_PLACEMENT_3D ( 'NONE', #387, #4542, #2217 ) ;
#5227 = ORIENTED_EDGE ( 'NONE', *, *, #2947, .F. ) ;
#5229 = CARTESIAN_POINT ( 'NONE',  ( -8.051442841485993540, -10.00000000000045297, 16.49999999999940314 ) ) ;
#5228 = DIRECTION ( 'NONE',  ( 0.000000000000000000, 0.000000000000000000, -1.000000000000000000 ) ) ;
#5230 = ORIENTED_EDGE ( 'NONE', *, *, #811, .F. ) ;
#5231 = ADVANCED_FACE ( 'NONE', ( #5308 ), #5777, .F. ) ;
#5232 = VERTEX_POINT ( 'NONE', #1959 ) ;
#5233 = LINE ( 'NONE', #117, #4037 ) ;
#5234 = CARTESIAN_POINT ( 'NONE',  ( 8.051442841485993540, -10.00000000000045297, 16.49999999999942091 ) ) ;
#5235 = EDGE_CURVE ( 'NONE', #5952, #4126, #194, .T. ) ;
#5236 = EDGE_LOOP ( 'NONE', ( #5400, #2957, #4348, #5195 ) ) ;
#5237 = VECTOR ( 'NONE', #3799, 1000.000000000000227 ) ;
#5238 = VERTEX_POINT ( 'NONE', #1931 ) ;
#5239 = FACE_OUTER_BOUND ( 'NONE', #1350, .T. ) ;
#5240 = ORIENTED_EDGE ( 'NONE', *, *, #5246, .F. ) ;
#5241 = PLANE ( 'NONE',  #1583 ) ;
#5242 = VECTOR ( 'NONE', #2326, 1000.000000000000000 ) ;
#5243 = CARTESIAN_POINT ( 'NONE',  ( 19.99999999999999645, 489.9999999999998863, 5.000000000000000000 ) ) ;
#5244 = CARTESIAN_POINT ( 'NONE',  ( 8.051442841485993540, 536.8558907298820486, 16.49999999999942091 ) ) ;
#5245 = DIRECTION ( 'NONE',  ( -1.000000000000000000, 0.000000000000000000, 6.938893903907228378E-16 ) ) ;
#5246 = EDGE_CURVE ( 'NONE', #522, #1862, #3331, .T. ) ;
#5247 = EDGE_CURVE ( 'NONE', #1364, #3166, #1439, .T. ) ;
#5248 = ORIENTED_EDGE ( 'NONE', *, *, #2019, .F. ) ;
#5249 = AXIS2_PLACEMENT_3D ( 'NONE', #211, #5326, #4457 ) ;
#5250 = CIRCLE ( 'NONE', #4249, 2.249999999999863221 ) ;
#5251 = ORIENTED_EDGE ( 'NONE', *, *, #133, .F. ) ;
#5252 = DIRECTION ( 'NONE',  ( -2.373241487535919019E-16, -0.9396926207859105373, -0.3420201433256630508 ) ) ;
#5253 = VECTOR ( 'NONE', #5562, 1000.000000000000000 ) ;
#5255 = DIRECTION ( 'NONE',  ( -2.037913723364268648E-15, 0.07845909572782017172, -0.9969173337331299622 ) ) ;
#5254 = CARTESIAN_POINT ( 'NONE',  ( 16.49999999999999645, 600.0000000000000000, 9.979274057836336809 ) ) ;
#5256 = AXIS2_PLACEMENT_3D ( 'NONE', #4188, #3151, #493 ) ;
#5258 = DIRECTION ( 'NONE',  ( 0.000000000000000000, 1.000000000000000000, -0.000000000000000000 ) ) ;
#5257 = DIRECTION ( 'NONE',  ( -1.000000000000000000, 0.000000000000000000, -0.000000000000000000 ) ) ;
#5259 = VERTEX_POINT ( 'NONE', #2968 ) ;
#5260 = ORIENTED_EDGE ( 'NONE', *, *, #3084, .F. ) ;
#5262 = CARTESIAN_POINT ( 'NONE',  ( -3.935108105617389551, 491.8493910468139347, 23.62970090348453311 ) ) ;
#5261 = CARTESIAN_POINT ( 'NONE',  ( -10.25000000000008882, 586.8686935486363154, 2.500000000000000444 ) ) ;
#5263 = AXIS2_PLACEMENT_3D ( 'NONE', #243, #2995, #3088 ) ;
#5265 = DIRECTION ( 'NONE',  ( -1.000000000000000000, 0.000000000000000000, 6.938893903907228378E-16 ) ) ;
#5264 = DIRECTION ( 'NONE',  ( -6.520427397917960799E-16, -0.3420201433256629953, -0.9396926207859104263 ) ) ;
#5266 = ORIENTED_EDGE ( 'NONE', *, *, #957, .F. ) ;
#5267 = VECTOR ( 'NONE', #218, 1000.000000000000000 ) ;
#5268 = VERTEX_POINT ( 'NONE', #2050 ) ;
#5269 = DIRECTION ( 'NONE',  ( 0.000000000000000000, 1.000000000000000000, 0.000000000000000000 ) ) ;
#5270 = CARTESIAN_POINT ( 'NONE',  ( 10.00000000000000888, 505.0975674455463604, 13.12500000000107470 ) ) ;
#5271 = VERTEX_POINT ( 'NONE', #4313 ) ;
#5272 = EDGE_CURVE ( 'NONE', #5693, #5353, #5285, .T. ) ;
#5273 = VECTOR ( 'NONE', #2961, 1000.000000000000114 ) ;
#5274 = LINE ( 'NONE', #1008, #4740 ) ;
#5275 = ADVANCED_FACE ( 'NONE', ( #4844 ), #1019, .T. ) ;
#5276 = DIRECTION ( 'NONE',  ( -0.4768709627114696148, -0.3006265784832180543, -0.8259647360705598684 ) ) ;
#5277 = DIRECTION ( 'NONE',  ( 0.4768709627114696148, -0.3006265784832180543, 0.8259647360705598684 ) ) ;
#5278 = CARTESIAN_POINT ( 'NONE',  ( 9.999999999999998224, 542.7966792455275709, 13.12500000000105160 ) ) ;
#5279 = DIRECTION ( 'NONE',  ( 0.000000000000000000, -0.9969173337331299622, -0.07845909572782017172 ) ) ;
#5280 = VECTOR ( 'NONE', #2551, 1000.000000000000114 ) ;
#5281 = ORIENTED_EDGE ( 'NONE', *, *, #2262, .F. ) ;
#5282 = ADVANCED_FACE ( 'NONE', ( #1502 ), #3364, .F. ) ;
#5283 = EDGE_LOOP ( 'NONE', ( #5142, #5699, #3401, #4326 ) ) ;
#5284 = DIRECTION ( 'NONE',  ( -0.4999999999999950040, 0.000000000000000000, -0.8660254037844414832 ) ) ;
#5286 = DIRECTION ( 'NONE',  ( -2.373241487535919019E-16, -0.9396926207859105373, -0.3420201433256630508 ) ) ;
#5285 = LINE ( 'NONE', #5254, #1242 ) ;
#5287 = EDGE_CURVE ( 'NONE', #1561, #2164, #4782, .T. ) ;
#5289 = CARTESIAN_POINT ( 'NONE',  ( 15.99999999999999645, 489.9999999999998863, -7.249999999999999112 ) ) ;
#5288 = DIRECTION ( 'NONE',  ( -6.938893903907228378E-16, 0.000000000000000000, -1.000000000000000000 ) ) ;
#5291 = DIRECTION ( 'NONE',  ( 0.000000000000000000, 1.000000000000000000, -0.000000000000000000 ) ) ;
#5290 = LINE ( 'NONE', #4262, #4083 ) ;
#5293 = FACE_OUTER_BOUND ( 'NONE', #4477, .T. ) ;
#5292 = LINE ( 'NONE', #2487, #1229 ) ;
#5294 = ORIENTED_EDGE ( 'NONE', *, *, #898, .F. ) ;
#5295 = EDGE_LOOP ( 'NONE', ( #5788, #2051 ) ) ;
#5296 = DIRECTION ( 'NONE',  ( -1.000000000000000000, 1.383500721948037739E-16, 1.088838682103976689E-17 ) ) ;
#5297 = EDGE_LOOP ( 'NONE', ( #2689, #97, #3707, #778 ) ) ;
#5298 = CARTESIAN_POINT ( 'NONE',  ( 9.999999999999998224, 594.6329579705015931, 13.12500000000105160 ) ) ;
#5299 = DIRECTION ( 'NONE',  ( 1.143520904479921288E-31, 0.07845909572784234842, -0.9969173337331281859 ) ) ;
#5300 = PLANE ( 'NONE',  #622 ) ;
#5301 = DIRECTION ( 'NONE',  ( 0.000000000000000000, 1.000000000000000000, 0.000000000000000000 ) ) ;
#5302 = LINE ( 'NONE', #2467, #564 ) ;
#5303 = EDGE_LOOP ( 'NONE', ( #1582, #336, #4429, #5366 ) ) ;
#5304 = ADVANCED_FACE ( 'NONE', ( #3918 ), #1563, .F. ) ;
#5305 = ORIENTED_EDGE ( 'NONE', *, *, #1401, .F. ) ;
#5306 = CARTESIAN_POINT ( 'NONE',  ( 9.999999999999998224, 501.6944845795500214, 13.12500000000105160 ) ) ;
#5307 = EDGE_CURVE ( 'NONE', #3161, #5675, #3820, .T. ) ;
#5308 = FACE_OUTER_BOUND ( 'NONE', #4871, .T. ) ;
#5309 = EDGE_CURVE ( 'NONE', #2426, #4731, #129, .T. ) ;
#5311 = DIRECTION ( 'NONE',  ( -0.000000000000000000, -1.000000000000000000, -0.000000000000000000 ) ) ;
#5310 = CARTESIAN_POINT ( 'NONE',  ( -20.00000000000002487, 572.2218409699692074, -34.44441773934696016 ) ) ;
#5313 = DIRECTION ( 'NONE',  ( 1.156482317317872465E-16, -0.9969173337331280749, -0.07845909572784233454 ) ) ;
#5312 = DIRECTION ( 'NONE',  ( -2.373241487535919019E-16, -0.9396926207859105373, -0.3420201433256630508 ) ) ;
#5314 = ADVANCED_FACE ( 'NONE', ( #3399 ), #656, .F. ) ;
#5315 = AXIS2_PLACEMENT_3D ( 'NONE', #1843, #5071, #3219 ) ;
#5317 = DIRECTION ( 'NONE',  ( -0.8660254037844407060, 0.000000000000000000, -0.4999999999999966138 ) ) ;
#5316 = DIRECTION ( 'NONE',  ( 0.4768709627114696148, -0.3006265784832180543, 0.8259647360705598684 ) ) ;
#5318 = VERTEX_POINT ( 'NONE', #4346 ) ;
#5319 = CIRCLE ( 'NONE', #6015, 1.549999999999999378 ) ;
#5320 = ORIENTED_EDGE ( 'NONE', *, *, #4437, .F. ) ;
#5321 = DIRECTION ( 'NONE',  ( -0.000000000000000000, 1.000000000000000000, -0.000000000000000000 ) ) ;
#5322 = VECTOR ( 'NONE', #5786, 1000.000000000000114 ) ;
#5323 = DIRECTION ( 'NONE',  ( 0.000000000000000000, -0.000000000000000000, 1.000000000000000000 ) ) ;
#5324 = CARTESIAN_POINT ( 'NONE',  ( -8.051442841485993540, 578.3211077201600574, 16.49999999999940314 ) ) ;
#5325 = DIRECTION ( 'NONE',  ( -0.000000000000000000, 1.000000000000000000, -0.000000000000000000 ) ) ;
#5326 = DIRECTION ( 'NONE',  ( -0.8660254037844407060, 0.000000000000000000, -0.4999999999999966138 ) ) ;
#5327 = AXIS2_PLACEMENT_3D ( 'NONE', #2700, #441, #2332 ) ;
#5328 = DIRECTION ( 'NONE',  ( 0.000000000000000000, -1.000000000000000000, 0.000000000000000000 ) ) ;
#5329 = VERTEX_POINT ( 'NONE', #5186 ) ;
#5330 = EDGE_LOOP ( 'NONE', ( #2324, #279, #1664, #4827 ) ) ;
#5331 = VECTOR ( 'NONE', #150, 1000.000000000000000 ) ;
#5332 = ORIENTED_EDGE ( 'NONE', *, *, #1451, .T. ) ;
#5333 = EDGE_CURVE ( 'NONE', #2522, #627, #4465, .T. ) ;
#5334 = LINE ( 'NONE', #1137, #444 ) ;
#5335 = FACE_OUTER_BOUND ( 'NONE', #2543, .T. ) ;
#5336 = VECTOR ( 'NONE', #4111, 1000.000000000000000 ) ;
#5337 = ADVANCED_FACE ( 'NONE', ( #1194 ), #4993, .F. ) ;
#5338 = ORIENTED_EDGE ( 'NONE', *, *, #1860, .F. ) ;
#5339 = VECTOR ( 'NONE', #5034, 1000.000000000000000 ) ;
#5340 = ADVANCED_FACE ( 'NONE', ( #3026 ), #1644, .F. ) ;
#5342 = LINE ( 'NONE', #1261, #2760 ) ;
#5341 = CARTESIAN_POINT ( 'NONE',  ( -20.00000000000000000, 529.5113822919836366, 0.000000000000000000 ) ) ;
#5344 = CARTESIAN_POINT ( 'NONE',  ( 9.999999999999998224, 575.7834020705109879, 13.12500000000105160 ) ) ;
#5343 = DIRECTION ( 'NONE',  ( 0.000000000000000000, -1.000000000000000000, 0.000000000000000000 ) ) ;
#5345 = VECTOR ( 'NONE', #3949, 1000.000000000000000 ) ;
#5346 = EDGE_CURVE ( 'NONE', #4431, #2468, #801, .T. ) ;
#5348 = LINE ( 'NONE', #1150, #2559 ) ;
#5347 = LINE ( 'NONE', #1149, #4540 ) ;
#5349 = ORIENTED_EDGE ( 'NONE', *, *, #3041, .F. ) ;
#5350 = EDGE_CURVE ( 'NONE', #4925, #1357, #712, .T. ) ;
#5351 = VECTOR ( 'NONE', #2533, 1000.000000000000114 ) ;
#5352 = LINE ( 'NONE', #3012, #2174 ) ;
#5353 = VERTEX_POINT ( 'NONE', #684 ) ;
#5354 = ORIENTED_EDGE ( 'NONE', *, *, #5272, .T. ) ;
#5355 = ORIENTED_EDGE ( 'NONE', *, *, #3119, .T. ) ;
#5356 = DIRECTION ( 'NONE',  ( -1.000000000000000000, 0.000000000000000000, 6.938893903907228378E-16 ) ) ;
#5357 = AXIS2_PLACEMENT_3D ( 'NONE', #2623, #4489, #1255 ) ;
#5358 = EDGE_CURVE ( 'NONE', #3652, #532, #5861, .T. ) ;
#5359 = CARTESIAN_POINT ( 'NONE',  ( -8.051442841485993540, 550.0467738701742064, 16.49999999999940314 ) ) ;
#5360 = FACE_OUTER_BOUND ( 'NONE', #3627, .T. ) ;
#5361 = CARTESIAN_POINT ( 'NONE',  ( 19.99999999999999645, 494.9999999999998863, -4.898587196589412237E-15 ) ) ;
#5362 = DIRECTION ( 'NONE',  ( 0.4768709627114711691, 0.3006265784832175547, -0.8259647360705590913 ) ) ;
#5363 = ORIENTED_EDGE ( 'NONE', *, *, #3672, .T. ) ;
#5364 = AXIS2_PLACEMENT_3D ( 'NONE', #1663, #4868, #212 ) ;
#5365 = ADVANCED_FACE ( 'NONE', ( #1223 ), #1166, .F. ) ;
#5366 = ORIENTED_EDGE ( 'NONE', *, *, #4428, .T. ) ;
#5367 = VECTOR ( 'NONE', #3912, 1000.000000000000000 ) ;
#5368 = DIRECTION ( 'NONE',  ( 0.000000000000000000, -1.000000000000000000, 0.000000000000000000 ) ) ;
#5369 = DIRECTION ( 'NONE',  ( 1.000000000000000000, 1.383500721948037739E-16, 1.088838682103976689E-17 ) ) ;
#5370 = ORIENTED_EDGE ( 'NONE', *, *, #4092, .T. ) ;
#5371 = AXIS2_PLACEMENT_3D ( 'NONE', #4059, #2218, #5652 ) ;
#5372 = ORIENTED_EDGE ( 'NONE', *, *, #711, .T. ) ;
#5374 = LINE ( 'NONE', #4470, #4519 ) ;
#5373 = DIRECTION ( 'NONE',  ( 0.000000000000000000, -1.000000000000000000, 0.000000000000000000 ) ) ;
#5376 = CARTESIAN_POINT ( 'NONE',  ( -8.051442841485993540, -10.00000000000045297, 16.49999999999940314 ) ) ;
#5375 = FACE_BOUND ( 'NONE', #2033, .T. ) ;
#5377 = ADVANCED_FACE ( 'NONE', ( #5335 ), #301, .F. ) ;
#5379 = DIRECTION ( 'NONE',  ( 6.520427397917960799E-16, -0.3420201433256629953, 0.9396926207859104263 ) ) ;
#5378 = CARTESIAN_POINT ( 'NONE',  ( 8.051442841485993540, -10.00000000000045297, 16.49999999999942091 ) ) ;
#5380 = ORIENTED_EDGE ( 'NONE', *, *, #2602, .F. ) ;
#5381 = CARTESIAN_POINT ( 'NONE',  ( -3.935108105617389551, 553.1104477217832027, 23.62970090348453311 ) ) ;
#5382 = ORIENTED_EDGE ( 'NONE', *, *, #256, .F. ) ;
#5383 = EDGE_CURVE ( 'NONE', #5661, #4182, #4875, .T. ) ;
#5384 = ORIENTED_EDGE ( 'NONE', *, *, #557, .T. ) ;
#5385 = CARTESIAN_POINT ( 'NONE',  ( 18.25000000000008527, 562.4307431261825059, -5.603677273419772398 ) ) ;
#5387 = CARTESIAN_POINT ( 'NONE',  ( 10.00000000000000888, 500.3851784705487376, 13.12500000000107470 ) ) ;
#5386 = DIRECTION ( 'NONE',  ( -0.000000000000000000, 1.000000000000000000, -0.000000000000000000 ) ) ;
#5388 = CARTESIAN_POINT ( 'NONE',  ( -10.00000000000000178, 509.8099564205440402, 13.12500000000105160 ) ) ;
#5389 = CARTESIAN_POINT ( 'NONE',  ( 10.25000000000008349, 543.7104353200437572, -11.45101525809007548 ) ) ;
#5390 = CARTESIAN_POINT ( 'NONE',  ( -10.00000000000000178, -10.00000000000045297, 13.12500000000105160 ) ) ;
#5391 = ORIENTED_EDGE ( 'NONE', *, *, #5456, .T. ) ;
#5392 = ORIENTED_EDGE ( 'NONE', *, *, #811, .T. ) ;
#5393 = EDGE_CURVE ( 'NONE', #2545, #2211, #5891, .T. ) ;
#5394 = ORIENTED_EDGE ( 'NONE', *, *, #711, .F. ) ;
#5395 = ORIENTED_EDGE ( 'NONE', *, *, #6020, .F. ) ;
#5396 = DIRECTION ( 'NONE',  ( -6.938893903907228378E-16, 0.000000000000000000, -1.000000000000000000 ) ) ;
#5397 = EDGE_CURVE ( 'NONE', #5704, #3240, #3056, .T. ) ;
#5398 = FACE_OUTER_BOUND ( 'NONE', #3035, .T. ) ;
#5399 = EDGE_LOOP ( 'NONE', ( #1070, #1279, #5210, #4442 ) ) ;
#5400 = ORIENTED_EDGE ( 'NONE', *, *, #3940, .F. ) ;
#5402 = CARTESIAN_POINT ( 'NONE',  ( -10.00000000000000178, 553.5307633045241573, 13.12500000000105160 ) ) ;
#5401 = LINE ( 'NONE', #1143, #3666 ) ;
#5404 = DIRECTION ( 'NONE',  ( -1.000000000000000000, 0.000000000000000000, 6.938893903907228378E-16 ) ) ;
#5403 = LINE ( 'NONE', #5495, #773 ) ;
#5406 = CARTESIAN_POINT ( 'NONE',  ( -10.00000000000000178, 544.1059853545287979, 13.12500000000105160 ) ) ;
#5405 = CARTESIAN_POINT ( 'NONE',  ( -10.00000000000000178, 514.5223453955416062, 13.12500000000105160 ) ) ;
#5407 = ORIENTED_EDGE ( 'NONE', *, *, #3974, .T. ) ;
#5408 = DIRECTION ( 'NONE',  ( -1.000000000000000000, 1.383500721948037739E-16, 1.088838682103976689E-17 ) ) ;
#5409 = EDGE_CURVE ( 'NONE', #532, #3518, #2312, .T. ) ;
#5410 = CIRCLE ( 'NONE', #2754, 5.000000000000000000 ) ;
#5411 = VECTOR ( 'NONE', #1378, 1000.000000000000000 ) ;
#5412 = CARTESIAN_POINT ( 'NONE',  ( -10.00000000000000178, 562.9555412545192894, 13.12500000000105160 ) ) ;
#5413 = EDGE_CURVE ( 'NONE', #4731, #4236, #4005, .T. ) ;
#5415 = DIRECTION ( 'NONE',  ( 0.000000000000000000, 1.000000000000000000, -0.000000000000000000 ) ) ;
#5414 = LINE ( 'NONE', #2125, #4351 ) ;
#5416 = LINE ( 'NONE', #2674, #1792 ) ;
#5417 = EDGE_CURVE ( 'NONE', #5765, #216, #4520, .T. ) ;
#5418 = DIRECTION ( 'NONE',  ( -0.000000000000000000, 1.000000000000000000, -0.000000000000000000 ) ) ;
#5419 = LINE ( 'NONE', #2618, #3889 ) ;
#5420 = ORIENTED_EDGE ( 'NONE', *, *, #3602, .T. ) ;
#5421 = AXIS2_PLACEMENT_3D ( 'NONE', #4009, #1710, #305 ) ;
#5422 = ORIENTED_EDGE ( 'NONE', *, *, #5768, .F. ) ;
#5423 = VERTEX_POINT ( 'NONE', #4068 ) ;
#5424 = CIRCLE ( 'NONE', #2477, 2.249999999999974243 ) ;
#5425 = ADVANCED_FACE ( 'NONE', ( #775 ), #5956, .F. ) ;
#5426 = ORIENTED_EDGE ( 'NONE', *, *, #746, .T. ) ;
#5427 = CARTESIAN_POINT ( 'NONE',  ( -8.051442841485993540, 522.7187238048891231, 16.49999999999940314 ) ) ;
#5428 = DIRECTION ( 'NONE',  ( -0.5000000000000012212, 0.000000000000000000, -0.8660254037844380415 ) ) ;
#5429 = ORIENTED_EDGE ( 'NONE', *, *, #4561, .F. ) ;
#5430 = EDGE_CURVE ( 'NONE', #51, #2834, #4434, .T. ) ;
#5431 = ORIENTED_EDGE ( 'NONE', *, *, #3831, .T. ) ;
#5433 = DIRECTION ( 'NONE',  ( 1.000000000000000000, 0.000000000000000000, -6.938893903907228378E-16 ) ) ;
#5432 = DIRECTION ( 'NONE',  ( -0.4768709627114696148, -0.3006265784832180543, -0.8259647360705598684 ) ) ;
#5434 = VECTOR ( 'NONE', #960, 1000.000000000000000 ) ;
#5436 = FACE_OUTER_BOUND ( 'NONE', #2817, .T. ) ;
#5435 = DIRECTION ( 'NONE',  ( 0.000000000000000000, -1.000000000000000000, 0.000000000000000000 ) ) ;
#5437 = VECTOR ( 'NONE', #3040, 1000.000000000000114 ) ;
#5439 = CARTESIAN_POINT ( 'NONE',  ( 19.74999999999999289, 489.9999999999998863, 11.85566243270259434 ) ) ;
#5438 = DIRECTION ( 'NONE',  ( 0.000000000000000000, -1.000000000000000000, 0.000000000000000000 ) ) ;
#5440 = ORIENTED_EDGE ( 'NONE', *, *, #2254, .T. ) ;
#5441 = VERTEX_POINT ( 'NONE', #2593 ) ;
#5442 = CARTESIAN_POINT ( 'NONE',  ( 18.25000000000008527, 564.6807431261822785, -5.603677273419772398 ) ) ;
#5443 = AXIS2_PLACEMENT_3D ( 'NONE', #4447, #3496, #2605 ) ;
#5444 = VERTEX_POINT ( 'NONE', #3977 ) ;
#5445 = ADVANCED_FACE ( 'NONE', ( #5398 ), #3090, .F. ) ;
#5446 = VECTOR ( 'NONE', #2052, 1000.000000000000114 ) ;
#5447 = LINE ( 'NONE', #5478, #4645 ) ;
#5449 = CARTESIAN_POINT ( 'NONE',  ( 9.999999999999998224, 495.6727894955510578, 13.12500000000105160 ) ) ;
#5448 = DIRECTION ( 'NONE',  ( -0.000000000000000000, 1.000000000000000000, -0.000000000000000000 ) ) ;
#5450 = ORIENTED_EDGE ( 'NONE', *, *, #2794, .T. ) ;
#5451 = CARTESIAN_POINT ( 'NONE',  ( -10.00000000000000178, 558.2431522795217234, 13.12500000000105160 ) ) ;
#5452 = CARTESIAN_POINT ( 'NONE',  ( 8.483226407164680793, 513.5661486647633183, 15.75212892637067874 ) ) ;
#5453 = DIRECTION ( 'NONE',  ( -2.373241487535919019E-16, 0.9396926207859105373, -0.3420201433256630508 ) ) ;
#5454 = ORIENTED_EDGE ( 'NONE', *, *, #5601, .F. ) ;
#5455 = AXIS2_PLACEMENT_3D ( 'NONE', #731, #2128, #1101 ) ;
#5456 = EDGE_CURVE ( 'NONE', #1786, #5894, #459, .T. ) ;
#5457 = VERTEX_POINT ( 'NONE', #4584 ) ;
#5458 = ORIENTED_EDGE ( 'NONE', *, *, #2077, .F. ) ;
#5459 = CARTESIAN_POINT ( 'NONE',  ( -10.00000000000000178, -10.00000000000045297, 13.12500000000105160 ) ) ;
#5460 = VECTOR ( 'NONE', #1763, 1000.000000000000114 ) ;
#5461 = DIRECTION ( 'NONE',  ( 1.172685660772096943E-15, 0.000000000000000000, -1.000000000000000000 ) ) ;
#5462 = VERTEX_POINT ( 'NONE', #1832 ) ;
#5463 = EDGE_CURVE ( 'NONE', #5952, #4981, #4184, .T. ) ;
#5464 = VECTOR ( 'NONE', #4331, 1000.000000000000000 ) ;
#5465 = ORIENTED_EDGE ( 'NONE', *, *, #2638, .F. ) ;
#5467 = CARTESIAN_POINT ( 'NONE',  ( 10.25000000000008704, 564.6807431261822785, -5.603677273419772398 ) ) ;
#5466 = CARTESIAN_POINT ( 'NONE',  ( 8.483226407164680793, 516.7878482353212348, 15.75212892637067874 ) ) ;
#5469 = DIRECTION ( 'NONE',  ( 0.4768709627114696148, -0.3006265784832180543, 0.8259647360705598684 ) ) ;
#5468 = DIRECTION ( 'NONE',  ( 0.000000000000000000, 0.000000000000000000, 1.000000000000000000 ) ) ;
#5470 = VECTOR ( 'NONE', #1756, 1000.000000000000114 ) ;
#5471 = EDGE_CURVE ( 'NONE', #1332, #4029, #6016, .T. ) ;
#5473 = PLANE ( 'NONE',  #5906 ) ;
#5472 = CARTESIAN_POINT ( 'NONE',  ( 13.18329171233586017, 489.9999999999998863, 7.611377018922402371 ) ) ;
#5474 = VERTEX_POINT ( 'NONE', #5061 ) ;
#5475 = VERTEX_POINT ( 'NONE', #2317 ) ;
#5476 = CARTESIAN_POINT ( 'NONE',  ( 20.00000000000000000, 494.9999999999998863, 0.000000000000000000 ) ) ;
#5477 = LINE ( 'NONE', #2546, #1707 ) ;
#5479 = LINE ( 'NONE', #2615, #2555 ) ;
#5478 = CARTESIAN_POINT ( 'NONE',  ( 10.00000000000000888, -10.00000000000045297, 13.12500000000107470 ) ) ;
#5480 = VERTEX_POINT ( 'NONE', #5114 ) ;
#5481 = FACE_OUTER_BOUND ( 'NONE', #815, .T. ) ;
#5482 = FACE_OUTER_BOUND ( 'NONE', #4904, .T. ) ;
#5483 = CARTESIAN_POINT ( 'NONE',  ( 8.051442841485993540, 569.8426135548655793, 16.49999999999942091 ) ) ;
#5484 = EDGE_CURVE ( 'NONE', #5858, #551, #1797, .T. ) ;
#5485 = EDGE_LOOP ( 'NONE', ( #4877, #2937, #2844, #2226 ) ) ;
#5486 = ORIENTED_EDGE ( 'NONE', *, *, #2019, .T. ) ;
#5487 = DIRECTION ( 'NONE',  ( 1.000000000000000000, 0.000000000000000000, -6.938893903907228378E-16 ) ) ;
#5488 = DIRECTION ( 'NONE',  ( 0.000000000000000000, -1.000000000000000000, 0.000000000000000000 ) ) ;
#5489 = EDGE_CURVE ( 'NONE', #4636, #5948, #1859, .T. ) ;
#5490 = ORIENTED_EDGE ( 'NONE', *, *, #1220, .F. ) ;
#5491 = EDGE_LOOP ( 'NONE', ( #4187, #4694, #2157, #5185 ) ) ;
#5492 = VERTEX_POINT ( 'NONE', #4155 ) ;
#5494 = LINE ( 'NONE', #806, #3248 ) ;
#5493 = DIRECTION ( 'NONE',  ( -2.373241487535919019E-16, 0.9396926207859105373, -0.3420201433256630508 ) ) ;
#5496 = DIRECTION ( 'NONE',  ( 0.000000000000000000, -1.000000000000000000, 0.000000000000000000 ) ) ;
#5495 = CARTESIAN_POINT ( 'NONE',  ( -10.00000000000000178, 538.0842902705298911, 13.12500000000105160 ) ) ;
#5497 = ADVANCED_FACE ( 'NONE', ( #1399 ), #397, .F. ) ;
#5498 = DIRECTION ( 'NONE',  ( -0.000000000000000000, -1.000000000000000000, -0.000000000000000000 ) ) ;
#5499 = VERTEX_POINT ( 'NONE', #5579 ) ;
#5500 = ORIENTED_EDGE ( 'NONE', *, *, #2821, .F. ) ;
#5501 = DIRECTION ( 'NONE',  ( 6.520427397917960799E-16, -0.3420201433256629953, 0.9396926207859104263 ) ) ;
#5502 = EDGE_CURVE ( 'NONE', #6034, #290, #2228, .T. ) ;
#5503 = EDGE_CURVE ( 'NONE', #1364, #2646, #4096, .T. ) ;
#5504 = VERTEX_POINT ( 'NONE', #5145 ) ;
#5505 = EDGE_CURVE ( 'NONE', #984, #640, #2255, .T. ) ;
#5507 = FACE_OUTER_BOUND ( 'NONE', #4701, .T. ) ;
#5506 = LINE ( 'NONE', #3503, #1805 ) ;
#5508 = ORIENTED_EDGE ( 'NONE', *, *, #110, .T. ) ;
#5509 = VECTOR ( 'NONE', #5276, 1000.000000000000114 ) ;
#5510 = ORIENTED_EDGE ( 'NONE', *, *, #3946, .T. ) ;
#5511 = LINE ( 'NONE', #1213, #141 ) ;
#5512 = DIRECTION ( 'NONE',  ( -1.000000000000000000, 0.000000000000000000, 6.938893903907228378E-16 ) ) ;
#5513 = DIRECTION ( 'NONE',  ( 6.938893903907228378E-16, 0.000000000000000000, 1.000000000000000000 ) ) ;
#5514 = ORIENTED_EDGE ( 'NONE', *, *, #365, .F. ) ;
#5515 = VECTOR ( 'NONE', #5311, 1000.000000000000000 ) ;
#5516 = EDGE_LOOP ( 'NONE', ( #1426, #3116, #1706, #1437 ) ) ;
#5517 = EDGE_LOOP ( 'NONE', ( #4687, #5248, #4248, #5251 ) ) ;
#5518 = CARTESIAN_POINT ( 'NONE',  ( 10.00000000000000888, -10.00000000000045297, 13.12500000000107470 ) ) ;
#5519 = VECTOR ( 'NONE', #3922, 1000.000000000000000 ) ;
#5520 = CARTESIAN_POINT ( 'NONE',  ( -10.00000000000000178, -10.00000000000045297, 13.12500000000105160 ) ) ;
#5521 = ORIENTED_EDGE ( 'NONE', *, *, #1817, .T. ) ;
#5522 = VECTOR ( 'NONE', #4026, 1000.000000000000000 ) ;
#5523 = ORIENTED_EDGE ( 'NONE', *, *, #5333, .T. ) ;
#5524 = DIRECTION ( 'NONE',  ( -0.8660254037844407060, 0.000000000000000000, -0.4999999999999966138 ) ) ;
#5526 = CYLINDRICAL_SURFACE ( 'NONE', #2289, 1.549999999999999378 ) ;
#5525 = DIRECTION ( 'NONE',  ( -2.373241487535919019E-16, -0.9396926207859105373, -0.3420201433256630508 ) ) ;
#5527 = VECTOR ( 'NONE', #1028, 1000.000000000000000 ) ;
#5528 = ADVANCED_FACE ( 'NONE', ( #6051 ), #490, .F. ) ;
#5529 = ADVANCED_FACE ( 'NONE', ( #1347 ), #3603, .F. ) ;
#5530 = VECTOR ( 'NONE', #3892, 1000.000000000000114 ) ;
#5532 =( NAMED_UNIT ( * ) PLANE_ANGLE_UNIT ( ) SI_UNIT ( $, .RADIAN. ) );
#5531 = CARTESIAN_POINT ( 'NONE',  ( 14.99999999999999645, 600.0000000000000000, 15.00000000000000000 ) ) ;
#5533 = VERTEX_POINT ( 'NONE', #2721 ) ;
#5534 = FACE_OUTER_BOUND ( 'NONE', #4665, .T. ) ;
#5535 = VECTOR ( 'NONE', #2243, 1000.000000000000114 ) ;
#5536 = ADVANCED_FACE ( 'NONE', ( #2347, #2746 ), #1736, .F. ) ;
#5537 = ADVANCED_FACE ( 'NONE', ( #5984 ), #1369, .F. ) ;
#5538 = ORIENTED_EDGE ( 'NONE', *, *, #1080, .T. ) ;
#5540 = CARTESIAN_POINT ( 'NONE',  ( -3.935108105617389551, 567.2476146467761282, 23.62970090348453311 ) ) ;
#5539 = CARTESIAN_POINT ( 'NONE',  ( 10.00000000000000888, 575.7834020705109879, 13.12500000000107470 ) ) ;
#5541 = ORIENTED_EDGE ( 'NONE', *, *, #5109, .T. ) ;
#5542 = VECTOR ( 'NONE', #2388, 1000.000000000000000 ) ;
#5543 = ORIENTED_EDGE ( 'NONE', *, *, #3156, .F. ) ;
#5544 = DIRECTION ( 'NONE',  ( 6.938893903907228378E-16, 0.000000000000000000, 1.000000000000000000 ) ) ;
#5545 = PLANE ( 'NONE',  #5371 ) ;
#5546 = DIRECTION ( 'NONE',  ( 0.8660254037844415942, 0.000000000000000000, -0.4999999999999950595 ) ) ;
#5547 = AXIS2_PLACEMENT_3D ( 'NONE', #5582, #3238, #3698 ) ;
#5548 = EDGE_CURVE ( 'NONE', #2211, #1441, #1313, .T. ) ;
#5549 = CARTESIAN_POINT ( 'NONE',  ( 9.999999999999998224, 585.2081800205063473, 13.12500000000105160 ) ) ;
#5550 = DIRECTION ( 'NONE',  ( -0.000000000000000000, 1.000000000000000000, -0.000000000000000000 ) ) ;
#5551 = FACE_OUTER_BOUND ( 'NONE', #1847, .T. ) ;
#5552 = AXIS2_PLACEMENT_3D ( 'NONE', #2774, #457, #2648 ) ;
#5553 = PRODUCT ( 'gantry_spine_6', 'gantry_spine_6', '', ( #639 ) ) ;
#5554 = DIRECTION ( 'NONE',  ( 0.8660254037844414832, 0.000000000000000000, 0.4999999999999951150 ) ) ;
#5555 = VERTEX_POINT ( 'NONE', #4308 ) ;
#5556 = VERTEX_POINT ( 'NONE', #4776 ) ;
#5557 = VERTEX_POINT ( 'NONE', #4341 ) ;
#5558 = CARTESIAN_POINT ( 'NONE',  ( 10.00000000000000178, 599.9999999999998863, 16.49999999999940314 ) ) ;
#5560 = LINE ( 'NONE', #3638, #5033 ) ;
#5559 = FACE_OUTER_BOUND ( 'NONE', #739, .T. ) ;
#5561 = AXIS2_PLACEMENT_3D ( 'NONE', #1975, #4797, #1461 ) ;
#5563 = LINE ( 'NONE', #4630, #5217 ) ;
#5562 = DIRECTION ( 'NONE',  ( -0.000000000000000000, -1.000000000000000000, -0.000000000000000000 ) ) ;
#5564 = ORIENTED_EDGE ( 'NONE', *, *, #3037, .T. ) ;
#5565 = DIRECTION ( 'NONE',  ( -1.000000000000000000, 0.000000000000000000, 6.938893903907228378E-16 ) ) ;
#5566 = EDGE_CURVE ( 'NONE', #5329, #5765, #5302, .T. ) ;
#5567 = EDGE_LOOP ( 'NONE', ( #3665, #2702, #2338, #1221 ) ) ;
#5569 = LINE ( 'NONE', #2275, #1976 ) ;
#5568 = DIRECTION ( 'NONE',  ( 6.938893903907228378E-16, 0.000000000000000000, 1.000000000000000000 ) ) ;
#5570 = VERTEX_POINT ( 'NONE', #2501 ) ;
#5571 = CARTESIAN_POINT ( 'NONE',  ( 18.25000000000008527, 562.4307431261825059, -5.603677273419772398 ) ) ;
#5572 = ORIENTED_EDGE ( 'NONE', *, *, #735, .F. ) ;
#5573 = DIRECTION ( 'NONE',  ( -1.000000000000000000, 0.000000000000000000, 6.938893903907228378E-16 ) ) ;
#5574 = ADVANCED_FACE ( 'NONE', ( #1891 ), #96, .F. ) ;
#5575 = ORIENTED_EDGE ( 'NONE', *, *, #171, .T. ) ;
#5576 = LINE ( 'NONE', #916, #47 ) ;
#5577 = LINE ( 'NONE', #5112, #414 ) ;
#5578 = LINE ( 'NONE', #5113, #4264 ) ;
#5579 = CARTESIAN_POINT ( 'NONE',  ( 10.00000000000000888, 599.3453469454992728, 13.12500000000107470 ) ) ;
#5580 = ADVANCED_FACE ( 'NONE', ( #4281 ), #1102, .F. ) ;
#5581 = ORIENTED_EDGE ( 'NONE', *, *, #1773, .F. ) ;
#5582 = CARTESIAN_POINT ( 'NONE',  ( 10.00000000000000178, 559.4807966641199073, 16.52539999999935816 ) ) ;
#5583 = ORIENTED_EDGE ( 'NONE', *, *, #1810, .T. ) ;
#5585 = LINE ( 'NONE', #6023, #4148 ) ;
#5584 = LINE ( 'NONE', #2784, #2115 ) ;
#5587 = FACE_OUTER_BOUND ( 'NONE', #3050, .T. ) ;
#5586 = CARTESIAN_POINT ( 'NONE',  ( 19.49999999999999645, 600.0000000000000000, 12.28867513459481486 ) ) ;
#5588 = ORIENTED_EDGE ( 'NONE', *, *, #5760, .F. ) ;
#5589 = DIRECTION ( 'NONE',  ( 0.4768709627114696148, -0.3006265784832180543, 0.8259647360705598684 ) ) ;
#5590 = EDGE_LOOP ( 'NONE', ( #3231, #3699, #4616, #2261 ) ) ;
#5591 = ADVANCED_FACE ( 'NONE', ( #5738 ), #3421, .F. ) ;
#5593 = CARTESIAN_POINT ( 'NONE',  ( 9.999999999999998224, 558.2431522795217234, 13.12500000000105160 ) ) ;
#5592 = FACE_OUTER_BOUND ( 'NONE', #884, .T. ) ;
#5594 = ORIENTED_EDGE ( 'NONE', *, *, #2374, .F. ) ;
#5595 = EDGE_LOOP ( 'NONE', ( #1542, #3755, #4487, #2734 ) ) ;
#5596 = CARTESIAN_POINT ( 'NONE',  ( 9.999999999999998224, 567.6679302295169691, 13.12500000000105160 ) ) ;
#5597 = DIRECTION ( 'NONE',  ( 6.938893903907228378E-16, 0.000000000000000000, 1.000000000000000000 ) ) ;
#5598 = EDGE_CURVE ( 'NONE', #3341, #2406, #3391, .T. ) ;
#5599 = VECTOR ( 'NONE', #354, 1000.000000000000000 ) ;
#5600 = FACE_OUTER_BOUND ( 'NONE', #4840, .T. ) ;
#5601 = EDGE_CURVE ( 'NONE', #4872, #157, #3816, .T. ) ;
#5602 = ORIENTED_EDGE ( 'NONE', *, *, #4125, .F. ) ;
#5603 = CYLINDRICAL_SURFACE ( 'NONE', #5909, 0.5000000000000004441 ) ;
#5604 = CARTESIAN_POINT ( 'NONE',  ( -8.051442841485993540, 513.2939458548938774, 16.49999999999940314 ) ) ;
#5605 = DIRECTION ( 'NONE',  ( 0.4768709627114711691, 0.3006265784832175547, -0.8259647360705590913 ) ) ;
#5606 = ORIENTED_EDGE ( 'NONE', *, *, #3613, .F. ) ;
#5607 = EDGE_LOOP ( 'NONE', ( #5873, #4659, #3905, #1371 ) ) ;
#5608 = VECTOR ( 'NONE', #1963, 1000.000000000000000 ) ;
#5609 = EDGE_CURVE ( 'NONE', #2647, #3772, #1558, .T. ) ;
#5610 = ORIENTED_EDGE ( 'NONE', *, *, #201, .F. ) ;
#5611 = EDGE_CURVE ( 'NONE', #1388, #3981, #3294, .T. ) ;
#5612 = VECTOR ( 'NONE', #2943, 1000.000000000000114 ) ;
#5613 = LINE ( 'NONE', #958, #65 ) ;
#5614 = ORIENTED_EDGE ( 'NONE', *, *, #3041, .T. ) ;
#5616 = CARTESIAN_POINT ( 'NONE',  ( 8.483226407164680793, 549.7745710603046518, 15.75212892637067874 ) ) ;
#5615 = LINE ( 'NONE', #6056, #1162 ) ;
#5617 = VECTOR ( 'NONE', #3226, 1000.000000000000114 ) ;
#5619 = CARTESIAN_POINT ( 'NONE',  ( 10.00000000000000178, 573.6087187451623777, 16.49999999999940314 ) ) ;
#5618 = CARTESIAN_POINT ( 'NONE',  ( 16.49999999999999645, 489.9999999999998863, 7.020725942163696054 ) ) ;
#5620 = CIRCLE ( 'NONE', #329, 4.000000000000000000 ) ;
#5621 = LINE ( 'NONE', #3276, #1795 ) ;
#5622 = VECTOR ( 'NONE', #3550, 1000.000000000000000 ) ;
#5623 = EDGE_LOOP ( 'NONE', ( #5407, #2305, #390, #1705 ) ) ;
#5625 = DIRECTION ( 'NONE',  ( -0.000000000000000000, -1.000000000000000000, 0.000000000000000000 ) ) ;
#5624 = PLANE ( 'NONE',  #542 ) ;
#5626 = ORIENTED_EDGE ( 'NONE', *, *, #3716, .F. ) ;
#5627 = ORIENTED_EDGE ( 'NONE', *, *, #3561, .F. ) ;
#5628 = LINE ( 'NONE', #4641, #1308 ) ;
#5629 = VECTOR ( 'NONE', #5851, 1000.000000000000000 ) ;
#5630 = FACE_OUTER_BOUND ( 'NONE', #5491, .T. ) ;
#5631 = ORIENTED_EDGE ( 'NONE', *, *, #118, .F. ) ;
#5632 = VECTOR ( 'NONE', #5973, 1000.000000000000000 ) ;
#5633 = CARTESIAN_POINT ( 'NONE',  ( 10.00000000000000178, 498.2104951452001274, 16.49999999999940314 ) ) ;
#5634 = FACE_OUTER_BOUND ( 'NONE', #1523, .T. ) ;
#5635 = DIRECTION ( 'NONE',  ( -1.000000000000000000, 1.383500721948037739E-16, 1.088838682103976689E-17 ) ) ;
#5636 = FACE_OUTER_BOUND ( 'NONE', #2337, .T. ) ;
#5637 = CARTESIAN_POINT ( 'NONE',  ( 10.25000000000000888, 600.7130275602049778, 7.440125837498396066 ) ) ;
#5638 = ORIENTED_EDGE ( 'NONE', *, *, #3534, .T. ) ;
#5639 = EDGE_LOOP ( 'NONE', ( #3130, #3091, #3906, #4203 ) ) ;
#5640 = VECTOR ( 'NONE', #3273, 1000.000000000000114 ) ;
#5641 = EDGE_CURVE ( 'NONE', #824, #3000, #4838, .T. ) ;
#5642 = ORIENTED_EDGE ( 'NONE', *, *, #1874, .F. ) ;
#5643 = CIRCLE ( 'NONE', #2893, 2.249999999999995115 ) ;
#5644 = PLANE ( 'NONE',  #5054 ) ;
#5646 = CARTESIAN_POINT ( 'NONE',  ( 8.051442841485984658, 559.4715518201695659, 16.49999999999944222 ) ) ;
#5645 = PLANE ( 'NONE',  #3679 ) ;
#5647 = EDGE_CURVE ( 'NONE', #2935, #523, #613, .T. ) ;
#5648 = AXIS2_PLACEMENT_3D ( 'NONE', #198, #78, #5343 ) ;
#5650 = DIRECTION ( 'NONE',  ( 0.000000000000000000, 0.000000000000000000, 1.000000000000000000 ) ) ;
#5649 = CARTESIAN_POINT ( 'NONE',  ( -8.051442841485993540, -10.00000000000045297, 16.49999999999940314 ) ) ;
#5651 = ORIENTED_EDGE ( 'NONE', *, *, #1685, .T. ) ;
#5653 = CARTESIAN_POINT ( 'NONE',  ( 10.00000000000000888, -10.00000000000045297, 13.12500000000107470 ) ) ;
#5652 = DIRECTION ( 'NONE',  ( -0.4999999999999965583, 0.000000000000000000, 0.8660254037844405950 ) ) ;
#5654 = VECTOR ( 'NONE', #2, 1000.000000000000000 ) ;
#5655 = ADVANCED_FACE ( 'NONE', ( #4247, #5703, #1495 ), #2410, .T. ) ;
#5656 = ORIENTED_EDGE ( 'NONE', *, *, #4705, .F. ) ;
#5657 = VECTOR ( 'NONE', #156, 1000.000000000000000 ) ;
#5659 = CARTESIAN_POINT ( 'NONE',  ( 9.999999999999998224, 492.2697066295547188, 13.12500000000105160 ) ) ;
#5658 = CARTESIAN_POINT ( 'NONE',  ( -10.00000000000000178, 523.9471233455369656, 13.12500000000105160 ) ) ;
#5660 = ORIENTED_EDGE ( 'NONE', *, *, #1141, .F. ) ;
#5661 = VERTEX_POINT ( 'NONE', #1078 ) ;
#5662 = CARTESIAN_POINT ( 'NONE',  ( 18.25000000000008527, 547.4769831201855368, -6.780563709337406486 ) ) ;
#5663 = DIRECTION ( 'NONE',  ( -1.000000000000000000, 0.000000000000000000, 6.938893903907228378E-16 ) ) ;
#5664 = ORIENTED_EDGE ( 'NONE', *, *, #4273, .T. ) ;
#5665 = VECTOR ( 'NONE', #55, 1000.000000000000000 ) ;
#5666 = VECTOR ( 'NONE', #2066, 1000.000000000000000 ) ;
#5667 = DIRECTION ( 'NONE',  ( -0.000000000000000000, -1.000000000000000000, -0.000000000000000000 ) ) ;
#5668 = ORIENTED_EDGE ( 'NONE', *, *, #2142, .F. ) ;
#5669 = EDGE_LOOP ( 'NONE', ( #1614, #5454, #4064, #5697 ) ) ;
#5670 = DIRECTION ( 'NONE',  ( 0.000000000000000000, 1.000000000000000000, 0.000000000000000000 ) ) ;
#5671 = EDGE_CURVE ( 'NONE', #3344, #5149, #2934, .T. ) ;
#5672 = DIRECTION ( 'NONE',  ( -0.4768709627114711691, 0.3006265784832175547, 0.8259647360705590913 ) ) ;
#5673 = DIRECTION ( 'NONE',  ( 0.4768709627114711691, 0.3006265784832175547, -0.8259647360705590913 ) ) ;
#5674 = VERTEX_POINT ( 'NONE', #1433 ) ;
#5675 = VERTEX_POINT ( 'NONE', #5179 ) ;
#5676 = EDGE_CURVE ( 'NONE', #551, #3630, #554, .T. ) ;
#5677 = DIRECTION ( 'NONE',  ( -0.4999999999999965583, 0.000000000000000000, 0.8660254037844405950 ) ) ;
#5679 = DIRECTION ( 'NONE',  ( -6.938893903907228378E-16, 0.000000000000000000, -1.000000000000000000 ) ) ;
#5678 = CARTESIAN_POINT ( 'NONE',  ( 18.25000000000008171, 529.5113822919836366, -4.164807959046417441E-16 ) ) ;
#5680 = EDGE_CURVE ( 'NONE', #386, #4001, #2811, .T. ) ;
#5681 = ADVANCED_FACE ( 'NONE', ( #5209 ), #2873, .F. ) ;
#5683 = LINE ( 'NONE', #5219, #4034 ) ;
#5682 = FACE_OUTER_BOUND ( 'NONE', #2824, .T. ) ;
#5684 = ORIENTED_EDGE ( 'NONE', *, *, #5163, .F. ) ;
#5686 = CARTESIAN_POINT ( 'NONE',  ( 10.00000000000000178, 599.9999999999998863, 16.49999999999940314 ) ) ;
#5685 = DIRECTION ( 'NONE',  ( -0.4768709627114696148, -0.3006265784832180543, -0.8259647360705598684 ) ) ;
#5687 = VERTEX_POINT ( 'NONE', #269 ) ;
#5688 = EDGE_CURVE ( 'NONE', #2761, #2164, #3999, .T. ) ;
#5690 = DIRECTION ( 'NONE',  ( -0.000000000000000000, 1.000000000000000000, -0.000000000000000000 ) ) ;
#5689 = CARTESIAN_POINT ( 'NONE',  ( 8.051442841485993540, 550.9930576548749741, 16.49999999999942091 ) ) ;
#5691 = ORIENTED_EDGE ( 'NONE', *, *, #1530, .F. ) ;
#5692 = ADVANCED_FACE ( 'NONE', ( #2552 ), #3507, .F. ) ;
#5693 = VERTEX_POINT ( 'NONE', #3114 ) ;
#5694 = DIRECTION ( 'NONE',  ( -1.000000000000000000, 1.383500721948037739E-16, 1.088838682103976535E-17 ) ) ;
#5695 = LINE ( 'NONE', #5761, #5069 ) ;
#5696 = VERTEX_POINT ( 'NONE', #4400 ) ;
#5697 = ORIENTED_EDGE ( 'NONE', *, *, #5484, .F. ) ;
#5698 = FACE_OUTER_BOUND ( 'NONE', #5121, .T. ) ;
#5699 = ORIENTED_EDGE ( 'NONE', *, *, #3561, .T. ) ;
#5700 = LINE ( 'NONE', #1753, #5599 ) ;
#5701 = LINE ( 'NONE', #4245, #34 ) ;
#5702 = CARTESIAN_POINT ( 'NONE',  ( 8.483226407164680793, 587.4736828602858623, 15.75212892637067874 ) ) ;
#5703 = FACE_BOUND ( 'NONE', #2576, .T. ) ;
#5704 = VERTEX_POINT ( 'NONE', #4425 ) ;
#5705 = ORIENTED_EDGE ( 'NONE', *, *, #3823, .F. ) ;
#5706 = CARTESIAN_POINT ( 'NONE',  ( 8.051442841485984658, 587.7458856701556442, 16.49999999999944222 ) ) ;
#5707 = VECTOR ( 'NONE', #2361, 1000.000000000000000 ) ;
#5709 = PLANE ( 'NONE',  #5735 ) ;
#5708 = CARTESIAN_POINT ( 'NONE',  ( -8.051442841485993540, 517.0600510451906757, 16.49999999999940314 ) ) ;
#5710 = VERTEX_POINT ( 'NONE', #3533 ) ;
#5711 = EDGE_CURVE ( 'NONE', #5687, #3471, #1161, .T. ) ;
#5712 = AXIS2_PLACEMENT_3D ( 'NONE', #2756, #3274, #2355 ) ;
#5714 = LINE ( 'NONE', #1541, #5612 ) ;
#5713 = CARTESIAN_POINT ( 'NONE',  ( -20.00000000000000000, 600.0000000000000000, 0.000000000000000000 ) ) ;
#5715 = ORIENTED_EDGE ( 'NONE', *, *, #5641, .T. ) ;
#5717 = CARTESIAN_POINT ( 'NONE',  ( 14.88397459621555896, 489.9999999999998863, 14.93301270189222052 ) ) ;
#5716 = DIRECTION ( 'NONE',  ( 0.000000000000000000, -1.000000000000000000, 0.000000000000000000 ) ) ;
#5718 = VECTOR ( 'NONE', #552, 1000.000000000000000 ) ;
#5719 = EDGE_CURVE ( 'NONE', #477, #2678, #5419, .T. ) ;
#5720 = EDGE_CURVE ( 'NONE', #3359, #5696, #297, .T. ) ;
#5721 = VECTOR ( 'NONE', #5321, 1000.000000000000000 ) ;
#5723 = DIRECTION ( 'NONE',  ( -0.4999999999999950040, 0.000000000000000000, -0.8660254037844414832 ) ) ;
#5722 = LINE ( 'NONE', #1513, #3761 ) ;
#5724 = ORIENTED_EDGE ( 'NONE', *, *, #1779, .F. ) ;
#5725 = ORIENTED_EDGE ( 'NONE', *, *, #5879, .T. ) ;
#5726 = CARTESIAN_POINT ( 'NONE',  ( 10.00000000000000888, 542.7966792455275709, 13.12500000000107470 ) ) ;
#5727 = DIRECTION ( 'NONE',  ( -0.4999999999999965583, 0.000000000000000000, 0.8660254037844405950 ) ) ;
#5728 = AXIS2_PLACEMENT_3D ( 'NONE', #4908, #2657, #4444 ) ;
#5729 = ADVANCED_FACE ( 'NONE', ( #2098 ), #1697, .F. ) ;
#5730 = ADVANCED_FACE ( 'NONE', ( #3567 ), #187, .F. ) ;
#5731 = ORIENTED_EDGE ( 'NONE', *, *, #5075, .T. ) ;
#5732 = PLANE ( 'NONE',  #2188 ) ;
#5733 = ORIENTED_EDGE ( 'NONE', *, *, #1451, .F. ) ;
#5734 = CARTESIAN_POINT ( 'NONE',  ( -19.99999999999999645, 600.0000000000000000, 12.00000000000000000 ) ) ;
#5735 = AXIS2_PLACEMENT_3D ( 'NONE', #1472, #3852, #3400 ) ;
#5736 = FACE_OUTER_BOUND ( 'NONE', #5160, .T. ) ;
#5737 = DIRECTION ( 'NONE',  ( -1.000000000000000000, -2.597421885199807863E-14, 0.000000000000000000 ) ) ;
#5738 = FACE_OUTER_BOUND ( 'NONE', #2288, .T. ) ;
#5739 = VERTEX_POINT ( 'NONE', #1216 ) ;
#5740 = ADVANCED_FACE ( 'NONE', ( #797 ), #4485, .F. ) ;
#5741 = VECTOR ( 'NONE', #3540, 1000.000000000000000 ) ;
#5742 = VECTOR ( 'NONE', #1271, 1000.000000000000114 ) ;
#5743 = ORIENTED_EDGE ( 'NONE', *, *, #5489, .T. ) ;
#5744 = PLANE ( 'NONE',  #1427 ) ;
#5745 = VECTOR ( 'NONE', #1774, 1000.000000000000000 ) ;
#5747 = DIRECTION ( 'NONE',  ( -1.000000000000000000, 0.000000000000000000, 6.938893903907228378E-16 ) ) ;
#5746 = DIRECTION ( 'NONE',  ( -2.373241487535919019E-16, 0.9396926207859105373, -0.3420201433256630508 ) ) ;
#5748 = AXIS2_PLACEMENT_3D ( 'NONE', #5558, #372, #4686 ) ;
#5750 = LINE ( 'NONE', #1090, #3058 ) ;
#5749 = DIRECTION ( 'NONE',  ( 1.000000000000000000, 0.000000000000000000, -6.938893903907228378E-16 ) ) ;
#5751 = EDGE_LOOP ( 'NONE', ( #539, #852, #5958, #2455 ) ) ;
#5753 = PLANE ( 'NONE',  #531 ) ;
#5752 = FACE_OUTER_BOUND ( 'NONE', #1870, .T. ) ;
#5754 = VECTOR ( 'NONE', #5672, 1000.000000000000114 ) ;
#5756 = LINE ( 'NONE', #2428, #2759 ) ;
#5755 = DIRECTION ( 'NONE',  ( 1.000000000000000000, 0.000000000000000000, -6.938893903907228378E-16 ) ) ;
#5757 = ORIENTED_EDGE ( 'NONE', *, *, #4552, .T. ) ;
#5758 = VECTOR ( 'NONE', #988, 1000.000000000000114 ) ;
#5759 = CARTESIAN_POINT ( 'NONE',  ( -10.00000000000000178, -10.00000000000045297, 13.12500000000105160 ) ) ;
#5760 = EDGE_CURVE ( 'NONE', #3764, #290, #3970, .T. ) ;
#5761 = CARTESIAN_POINT ( 'NONE',  ( -10.00000000000000178, -10.00000000000045297, 13.12500000000105160 ) ) ;
#5762 = ORIENTED_EDGE ( 'NONE', *, *, #2470, .F. ) ;
#5763 = VECTOR ( 'NONE', #5279, 1000.000000000000114 ) ;
#5764 = DIRECTION ( 'NONE',  ( 6.938893903907228378E-16, 0.000000000000000000, 1.000000000000000000 ) ) ;
#5765 = VERTEX_POINT ( 'NONE', #4894 ) ;
#5766 = PLANE ( 'NONE',  #3538 ) ;
#5767 = CARTESIAN_POINT ( 'NONE',  ( -8.051442841485993540, 598.1169474048514303, 16.49999999999940314 ) ) ;
#5768 = EDGE_CURVE ( 'NONE', #1059, #59, #3486, .T. ) ;
#5769 = FACE_OUTER_BOUND ( 'NONE', #5283, .T. ) ;
#5770 = CARTESIAN_POINT ( 'NONE',  ( 10.00000000000000178, 597.1706636201506626, 16.49999999999940314 ) ) ;
#5771 = VECTOR ( 'NONE', #1305, 1000.000000000000227 ) ;
#5772 = ORIENTED_EDGE ( 'NONE', *, *, #5548, .F. ) ;
#5773 = EDGE_CURVE ( 'NONE', #1728, #1920, #3047, .T. ) ;
#5774 = EDGE_LOOP ( 'NONE', ( #1708, #2267, #3715, #4215 ) ) ;
#5775 = EDGE_CURVE ( 'NONE', #1877, #5948, #2584, .T. ) ;
#5776 = DIRECTION ( 'NONE',  ( 0.000000000000000000, 0.000000000000000000, -1.000000000000000000 ) ) ;
#5777 = PLANE ( 'NONE',  #4077 ) ;
#5779 = DIRECTION ( 'NONE',  ( -0.4999999999999965583, 0.000000000000000000, 0.8660254037844405950 ) ) ;
#5778 = DIRECTION ( 'NONE',  ( 1.000000000000000000, 0.000000000000000000, -0.000000000000000000 ) ) ;
#5781 = LINE ( 'NONE', #3898, #5527 ) ;
#5780 = DIRECTION ( 'NONE',  ( 6.520427397917960799E-16, -0.3420201433256629953, 0.9396926207859104263 ) ) ;
#5783 = DIRECTION ( 'NONE',  ( 0.000000000000000000, 0.000000000000000000, -1.000000000000000000 ) ) ;
#5782 = CARTESIAN_POINT ( 'NONE',  ( 10.00000000000000178, 569.8426135548655793, 16.49999999999940314 ) ) ;
#5784 = VERTEX_POINT ( 'NONE', #1132 ) ;
#5785 = ORIENTED_EDGE ( 'NONE', *, *, #4240, .F. ) ;
#5786 = DIRECTION ( 'NONE',  ( -0.4768709627114711691, 0.3006265784832175547, 0.8259647360705590913 ) ) ;
#5787 = ORIENTED_EDGE ( 'NONE', *, *, #3298, .F. ) ;
#5788 = ORIENTED_EDGE ( 'NONE', *, *, #2826, .F. ) ;
#5789 = EDGE_CURVE ( 'NONE', #5504, #4516, #3104, .T. ) ;
#5790 = DIRECTION ( 'NONE',  ( -0.000000000000000000, -1.000000000000000000, -0.000000000000000000 ) ) ;
#5791 = CARTESIAN_POINT ( 'NONE',  ( 10.00000000000000178, 521.7816848641386969, 16.52539999999935816 ) ) ;
#5792 = FACE_OUTER_BOUND ( 'NONE', #5011, .T. ) ;
#5793 = LINE ( 'NONE', #3969, #1436 ) ;
#5794 = CARTESIAN_POINT ( 'NONE',  ( 10.00000000000000178, 507.6445179391457714, 16.52539999999935816 ) ) ;
#5795 = VERTEX_POINT ( 'NONE', #3020 ) ;
#5796 = EDGE_CURVE ( 'NONE', #5795, #4168, #4028, .T. ) ;
#5797 = EDGE_CURVE ( 'NONE', #67, #1280, #2129, .T. ) ;
#5798 = ORIENTED_EDGE ( 'NONE', *, *, #5383, .T. ) ;
#5799 = CARTESIAN_POINT ( 'NONE',  ( 14.47983265774391626, 602.4937902340536766, 8.187070101023339319 ) ) ;
#5800 = CARTESIAN_POINT ( 'NONE',  ( 9.999999999999998224, 589.9205689955039134, 13.12500000000105160 ) ) ;
#5801 = ADVANCED_FACE ( 'NONE', ( #5855 ), #389, .F. ) ;
#5802 = EDGE_CURVE ( 'NONE', #2378, #5169, #4669, .T. ) ;
#5803 = ORIENTED_EDGE ( 'NONE', *, *, #5802, .F. ) ;
#5804 = VECTOR ( 'NONE', #2013, 1000.000000000000000 ) ;
#5806 = FACE_OUTER_BOUND ( 'NONE', #1366, .T. ) ;
#5805 = DIRECTION ( 'NONE',  ( -1.000000000000000000, 0.000000000000000000, 6.938893903907228378E-16 ) ) ;
#5808 = LINE ( 'NONE', #3924, #5237 ) ;
#5807 = DIRECTION ( 'NONE',  ( -6.938893903907228378E-16, 0.000000000000000000, -1.000000000000000000 ) ) ;
#5809 = VECTOR ( 'NONE', #4448, 1000.000000000000000 ) ;
#5811 = CARTESIAN_POINT ( 'NONE',  ( 9.999999999999998224, 552.2214571955228166, 13.12500000000105160 ) ) ;
#5810 = PLANE ( 'NONE',  #1135 ) ;
#5812 = ORIENTED_EDGE ( 'NONE', *, *, #1720, .T. ) ;
#5813 = AXIS2_PLACEMENT_3D ( 'NONE', #1100, #5822, #3476 ) ;
#5814 = ORIENTED_EDGE ( 'NONE', *, *, #2062, .F. ) ;
#5815 = LINE ( 'NONE', #2490, #4340 ) ;
#5816 = ORIENTED_EDGE ( 'NONE', *, *, #1621, .T. ) ;
#5817 = ORIENTED_EDGE ( 'NONE', *, *, #5094, .F. ) ;
#5818 = VECTOR ( 'NONE', #5846, 1000.000000000000114 ) ;
#5819 = EDGE_LOOP ( 'NONE', ( #4189, #3774, #1259, #5642 ) ) ;
#5820 = FACE_OUTER_BOUND ( 'NONE', #5567, .T. ) ;
#5821 = CARTESIAN_POINT ( 'NONE',  ( 10.00000000000000178, 518.0063348298914434, 16.49999999999940314 ) ) ;
#5822 = DIRECTION ( 'NONE',  ( 6.938893903907228378E-16, 0.000000000000000000, 1.000000000000000000 ) ) ;
#5823 = CARTESIAN_POINT ( 'NONE',  ( 8.483226407164680793, 568.6241269602952570, 15.75212892637067874 ) ) ;
#5824 = VECTOR ( 'NONE', #2392, 1000.000000000000000 ) ;
#5825 = CARTESIAN_POINT ( 'NONE',  ( -15.99999999999999645, 489.9999999999998863, -5.000000000000000000 ) ) ;
#5826 = EDGE_CURVE ( 'NONE', #4029, #4038, #3293, .T. ) ;
#5827 = ORIENTED_EDGE ( 'NONE', *, *, #636, .F. ) ;
#5828 = VECTOR ( 'NONE', #1537, 1000.000000000000000 ) ;
#5829 = ORIENTED_EDGE ( 'NONE', *, *, #2947, .T. ) ;
#5830 = CARTESIAN_POINT ( 'NONE',  ( 6.499999999999997335, 503.9999999999998863, 5.470725942163697120 ) ) ;
#5831 = DIRECTION ( 'NONE',  ( -6.938893903907228378E-16, 0.000000000000000000, -1.000000000000000000 ) ) ;
#5832 = EDGE_CURVE ( 'NONE', #3250, #1734, #2279, .T. ) ;
#5833 = VECTOR ( 'NONE', #939, 1000.000000000000000 ) ;
#5834 = EDGE_LOOP ( 'NONE', ( #4062, #5181, #2493, #1374, #3927, #2356, #2962, #1819, #5862 ) ) ;
#5835 = VECTOR ( 'NONE', #5842, 1000.000000000000114 ) ;
#5837 = CARTESIAN_POINT ( 'NONE',  ( -19.99999999999999645, 494.9999999999998863, 0.000000000000000000 ) ) ;
#5836 = LINE ( 'NONE', #2598, #5345 ) ;
#5839 = CARTESIAN_POINT ( 'NONE',  ( 8.483226407164680793, 541.8404825147492829, 15.75212892637067874 ) ) ;
#5838 = DIRECTION ( 'NONE',  ( 0.000000000000000000, -1.000000000000000000, 0.000000000000000000 ) ) ;
#5840 = EDGE_CURVE ( 'NONE', #788, #6005, #453, .T. ) ;
#5841 = VECTOR ( 'NONE', #3943, 1000.000000000000000 ) ;
#5843 = FACE_OUTER_BOUND ( 'NONE', #1851, .T. ) ;
#5842 = DIRECTION ( 'NONE',  ( 0.5316776134237827245, 0.6592706809558395165, -0.5316776134237874984 ) ) ;
#5844 = ORIENTED_EDGE ( 'NONE', *, *, #5676, .F. ) ;
#5845 = AXIS2_PLACEMENT_3D ( 'NONE', #5518, #3694, #3181 ) ;
#5846 = DIRECTION ( 'NONE',  ( 0.4768709627114696148, -0.3006265784832180543, 0.8259647360705598684 ) ) ;
#5847 = EDGE_CURVE ( 'NONE', #2047, #419, #1824, .T. ) ;
#5848 = APPLICATION_PROTOCOL_DEFINITION ( 'draft international standard', 'automotive_design', 1998, #2587 ) ;
#5849 = CARTESIAN_POINT ( 'NONE',  ( -14.77579850134198303, 564.9597549928915896, -5.474201498658167964 ) ) ;
#5850 = VECTOR ( 'NONE', #3883, 1000.000000000000114 ) ;
#5852 = CARTESIAN_POINT ( 'NONE',  ( 10.00000000000000178, 599.9999999999998863, 16.49999999999940314 ) ) ;
#5851 = DIRECTION ( 'NONE',  ( -0.000000000000000000, -1.000000000000000000, -0.000000000000000000 ) ) ;
#5853 = CARTESIAN_POINT ( 'NONE',  ( -6.499999999999997335, 503.9999999999998863, 7.020725942163696054 ) ) ;
#5854 = DIRECTION ( 'NONE',  ( 0.000000000000000000, -1.000000000000000000, 0.000000000000000000 ) ) ;
#5855 = FACE_OUTER_BOUND ( 'NONE', #3556, .T. ) ;
#5856 = ORIENTED_EDGE ( 'NONE', *, *, #5151, .F. ) ;
#5857 = VECTOR ( 'NONE', #705, 1000.000000000000114 ) ;
#5858 = VERTEX_POINT ( 'NONE', #4149 ) ;
#5859 = ORIENTED_EDGE ( 'NONE', *, *, #1720, .F. ) ;
#5860 = CARTESIAN_POINT ( 'NONE',  ( -3.935108105617389551, 496.5617800218115576, 23.62970090348453311 ) ) ;
#5861 = LINE ( 'NONE', #4035, #74 ) ;
#5862 = ORIENTED_EDGE ( 'NONE', *, *, #3304, .F. ) ;
#5863 = EDGE_CURVE ( 'NONE', #1307, #2761, #1853, .T. ) ;
#5864 = ORIENTED_EDGE ( 'NONE', *, *, #4134, .F. ) ;
#5866 = DIRECTION ( 'NONE',  ( 0.000000000000000000, -1.000000000000000000, 0.000000000000000000 ) ) ;
#5865 = CARTESIAN_POINT ( 'NONE',  ( 10.00000000000000888, -10.00000000000045297, 13.12500000000107470 ) ) ;
#5868 = PLANE ( 'NONE',  #4528 ) ;
#5867 = PLANE ( 'NONE',  #2210 ) ;
#5869 = ADVANCED_FACE ( 'NONE', ( #3713 ), #4513, .T. ) ;
#5870 = EDGE_CURVE ( 'NONE', #904, #4001, #887, .T. ) ;
#5872 = DIRECTION ( 'NONE',  ( -0.4999999999999950040, 0.000000000000000000, -0.8660254037844414832 ) ) ;
#5871 = CYLINDRICAL_SURFACE ( 'NONE', #3864, 4.000000000000000000 ) ;
#5873 = ORIENTED_EDGE ( 'NONE', *, *, #819, .F. ) ;
#5874 = CARTESIAN_POINT ( 'NONE',  ( -10.00000000000000178, -10.00000000000045297, 13.12500000000105160 ) ) ;
#5875 = SHAPE_DEFINITION_REPRESENTATION ( #4598, #2535 ) ;
#5876 = ORIENTED_EDGE ( 'NONE', *, *, #1322, .T. ) ;
#5877 = EDGE_CURVE ( 'NONE', #788, #3183, #2644, .T. ) ;
#5878 = EDGE_CURVE ( 'NONE', #1877, #1945, #2677, .T. ) ;
#5879 = EDGE_CURVE ( 'NONE', #5661, #5739, #4117, .T. ) ;
#5880 = CARTESIAN_POINT ( 'NONE',  ( -10.00000000000000178, -10.00000000000045297, 13.12500000000105160 ) ) ;
#5882 = CARTESIAN_POINT ( 'NONE',  ( -10.00000000000000178, -10.00000000000045297, 13.12500000000105160 ) ) ;
#5881 = LINE ( 'NONE', #1243, #2491 ) ;
#5883 = DIRECTION ( 'NONE',  ( 1.000000000000000000, 0.000000000000000000, -6.938893903907228378E-16 ) ) ;
#5884 = VERTEX_POINT ( 'NONE', #5483 ) ;
#5885 = DIRECTION ( 'NONE',  ( 0.000000000000000000, -1.000000000000000000, 0.000000000000000000 ) ) ;
#5886 = DIRECTION ( 'NONE',  ( -6.520427397917960799E-16, -0.3420201433256629953, -0.9396926207859104263 ) ) ;
#5887 = ORIENTED_EDGE ( 'NONE', *, *, #1490, .F. ) ;
#5888 = ORIENTED_EDGE ( 'NONE', *, *, #2121, .F. ) ;
#5889 = ORIENTED_EDGE ( 'NONE', *, *, #963, .T. ) ;
#5890 = DIRECTION ( 'NONE',  ( 0.000000000000000000, -1.000000000000000000, 0.000000000000000000 ) ) ;
#5891 = LINE ( 'NONE', #3118, #5267 ) ;
#5892 = ORIENTED_EDGE ( 'NONE', *, *, #3493, .T. ) ;
#5893 = EDGE_CURVE ( 'NONE', #5894, #862, #1306, .T. ) ;
#5894 = VERTEX_POINT ( 'NONE', #1363 ) ;
#5896 = CARTESIAN_POINT ( 'NONE',  ( 8.051442841485984658, 550.0467738701744338, 16.49999999999944222 ) ) ;
#5895 = DIRECTION ( 'NONE',  ( -0.8660254037844407060, 0.000000000000000000, -0.4999999999999966138 ) ) ;
#5898 = CARTESIAN_POINT ( 'NONE',  ( -3.935108105617389551, 571.9600036217738079, 23.62970090348453311 ) ) ;
#5897 = LINE ( 'NONE', #2567, #1253 ) ;
#5899 = AXIS2_PLACEMENT_3D ( 'NONE', #4112, #1911, #15 ) ;
#5901 = DIRECTION ( 'NONE',  ( 0.000000000000000000, 0.9396926207859096492, 0.3420201433256652157 ) ) ;
#5900 = CARTESIAN_POINT ( 'NONE',  ( -18.25000000000008527, 562.4307431261825059, -5.603677273419772398 ) ) ;
#5902 = ORIENTED_EDGE ( 'NONE', *, *, #1116, .F. ) ;
#5903 = EDGE_CURVE ( 'NONE', #4713, #3194, #5108, .T. ) ;
#5904 = ORIENTED_EDGE ( 'NONE', *, *, #2970, .T. ) ;
#5905 = CARTESIAN_POINT ( 'NONE',  ( 10.00000000000000178, 536.8466458859317072, 16.52539999999935816 ) ) ;
#5906 = AXIS2_PLACEMENT_3D ( 'NONE', #813, #4015, #5872 ) ;
#5907 = ADVANCED_FACE ( 'NONE', ( #4544 ), #4577, .F. ) ;
#5908 = ORIENTED_EDGE ( 'NONE', *, *, #1768, .F. ) ;
#5909 = AXIS2_PLACEMENT_3D ( 'NONE', #2692, #61, #4741 ) ;
#5910 = DIRECTION ( 'NONE',  ( 0.000000000000000000, -1.000000000000000000, 0.000000000000000000 ) ) ;
#5912 = CARTESIAN_POINT ( 'NONE',  ( 9.999999999999998224, 539.3935963795311181, 13.12500000000105160 ) ) ;
#5911 = DIRECTION ( 'NONE',  ( -0.000000000000000000, 1.000000000000000000, -0.000000000000000000 ) ) ;
#5913 = VERTEX_POINT ( 'NONE', #3624 ) ;
#5914 = LINE ( 'NONE', #1755, #3942 ) ;
#5915 = LINE ( 'NONE', #5452, #5470 ) ;
#5916 = CARTESIAN_POINT ( 'NONE',  ( -10.00000000000000178, 571.0710130955133081, 13.12500000000105160 ) ) ;
#5917 = ADVANCED_FACE ( 'NONE', ( #4606 ), #5050, .T. ) ;
#5918 = ORIENTED_EDGE ( 'NONE', *, *, #4437, .T. ) ;
#5919 = VECTOR ( 'NONE', #3748, 1000.000000000000000 ) ;
#5920 = ORIENTED_EDGE ( 'NONE', *, *, #4258, .F. ) ;
#5921 = AXIS2_PLACEMENT_3D ( 'NONE', #4888, #1551, #578 ) ;
#5922 = LINE ( 'NONE', #193, #1328 ) ;
#5923 = DIRECTION ( 'NONE',  ( -0.8660254037844379305, 0.000000000000000000, 0.5000000000000011102 ) ) ;
#5924 = EDGE_CURVE ( 'NONE', #3014, #2522, #6044, .T. ) ;
#5925 = ORIENTED_EDGE ( 'NONE', *, *, #1460, .T. ) ;
#5926 = AXIS2_PLACEMENT_3D ( 'NONE', #2241, #5998, #5193 ) ;
#5927 = ORIENTED_EDGE ( 'NONE', *, *, #4020, .F. ) ;
#5929 = DIRECTION ( 'NONE',  ( 0.000000000000000000, 0.000000000000000000, -1.000000000000000000 ) ) ;
#5928 = DIRECTION ( 'NONE',  ( -2.373241487535919019E-16, -0.9396926207859105373, -0.3420201433256630508 ) ) ;
#5930 = AXIS2_PLACEMENT_3D ( 'NONE', #1171, #2568, #2141 ) ;
#5932 = DIRECTION ( 'NONE',  ( 6.520427397917960799E-16, -0.3420201433256629953, 0.9396926207859104263 ) ) ;
#5931 = DIRECTION ( 'NONE',  ( -1.172685660772096943E-15, 0.000000000000000000, 1.000000000000000000 ) ) ;
#5933 = CIRCLE ( 'NONE', #3857, 4.000000000000000000 ) ;
#5935 = DIRECTION ( 'NONE',  ( -1.000000000000000000, 0.000000000000000000, 6.938893903907228378E-16 ) ) ;
#5934 = LINE ( 'NONE', #1714, #2297 ) ;
#5936 = ORIENTED_EDGE ( 'NONE', *, *, #1220, .T. ) ;
#5937 = ORIENTED_EDGE ( 'NONE', *, *, #2753, .T. ) ;
#5938 = LINE ( 'NONE', #1718, #1696 ) ;
#5939 = VECTOR ( 'NONE', #2427, 1000.000000000000000 ) ;
#5940 = VECTOR ( 'NONE', #525, 1000.000000000000000 ) ;
#5941 = FACE_OUTER_BOUND ( 'NONE', #2189, .T. ) ;
#5942 = EDGE_CURVE ( 'NONE', #1758, #1681, #857, .T. ) ;
#5944 = LINE ( 'NONE', #3136, #2952 ) ;
#5943 = CARTESIAN_POINT ( 'NONE',  ( -16.49999999999999645, 489.9999999999998863, 7.020725942163696054 ) ) ;
#5945 = CARTESIAN_POINT ( 'NONE',  ( 10.00000000000000178, 540.6312407641293021, 16.52539999999935816 ) ) ;
#5946 = CARTESIAN_POINT ( 'NONE',  ( 9.999999999999998224, 547.5090682205251369, 13.12500000000105160 ) ) ;
#5947 = DIRECTION ( 'NONE',  ( -0.000000000000000000, 1.000000000000000000, -0.000000000000000000 ) ) ;
#5948 = VERTEX_POINT ( 'NONE', #5270 ) ;
#5949 = ADVANCED_FACE ( 'NONE', ( #2340 ), #4734, .F. ) ;
#5950 = CIRCLE ( 'NONE', #6063, 6.000000000000005329 ) ;
#5951 = ADVANCED_FACE ( 'NONE', ( #4302 ), #3872, .T. ) ;
#5952 = VERTEX_POINT ( 'NONE', #1004 ) ;
#5953 = EDGE_LOOP ( 'NONE', ( #1050, #5015, #2195, #925 ) ) ;
#5954 = DIRECTION ( 'NONE',  ( 6.520427397917960799E-16, -0.3420201433256629953, 0.9396926207859104263 ) ) ;
#5955 = AXIS2_PLACEMENT_3D ( 'NONE', #3513, #5831, #1704 ) ;
#5956 = CYLINDRICAL_SURFACE ( 'NONE', #763, 2.249999999999974243 ) ;
#5957 = ORIENTED_EDGE ( 'NONE', *, *, #3994, .T. ) ;
#5958 = ORIENTED_EDGE ( 'NONE', *, *, #188, .F. ) ;
#5959 = VECTOR ( 'NONE', #5328, 1000.000000000000000 ) ;
#5960 = EDGE_CURVE ( 'NONE', #1822, #1164, #3741, .T. ) ;
#5961 = ORIENTED_EDGE ( 'NONE', *, *, #2262, .T. ) ;
#5963 = LINE ( 'NONE', #26, #5919 ) ;
#5962 = PLANE ( 'NONE',  #3379 ) ;
#5965 = LINE ( 'NONE', #2540, #5622 ) ;
#5964 = CARTESIAN_POINT ( 'NONE',  ( 8.483226407164680793, 578.0489049102906165, 15.75212892637067874 ) ) ;
#5966 = AXIS2_PLACEMENT_3D ( 'NONE', #569, #5312, #5780 ) ;
#5968 = DIRECTION ( 'NONE',  ( -2.373241487535919019E-16, -0.9396926207859105373, -0.3420201433256630508 ) ) ;
#5967 = CARTESIAN_POINT ( 'NONE',  ( 8.051442841485993540, -10.00000000000045297, 16.49999999999942091 ) ) ;
#5969 = ORIENTED_EDGE ( 'NONE', *, *, #2366, .F. ) ;
#5970 = ORIENTED_EDGE ( 'NONE', *, *, #4809, .T. ) ;
#5971 = DIRECTION ( 'NONE',  ( 0.000000000000000000, -1.000000000000000000, 0.000000000000000000 ) ) ;
#5972 = VERTEX_POINT ( 'NONE', #3285 ) ;
#5974 = DIRECTION ( 'NONE',  ( -0.4999999999999950040, 0.000000000000000000, -0.8660254037844414832 ) ) ;
#5973 = DIRECTION ( 'NONE',  ( 0.000000000000000000, -1.000000000000000000, 0.000000000000000000 ) ) ;
#5975 = VERTEX_POINT ( 'NONE', #607 ) ;
#5976 = PLANE ( 'NONE',  #5226 ) ;
#5977 = FACE_BOUND ( 'NONE', #772, .T. ) ;
#5978 = CARTESIAN_POINT ( 'NONE',  ( -10.25000000000008527, 547.4769831201855368, -6.780563709337406486 ) ) ;
#5979 = ORIENTED_EDGE ( 'NONE', *, *, #6026, .T. ) ;
#5980 = ORIENTED_EDGE ( 'NONE', *, *, #3122, .T. ) ;
#5981 = ORIENTED_EDGE ( 'NONE', *, *, #4829, .F. ) ;
#5982 = PLANE ( 'NONE',  #5845 ) ;
#5983 = EDGE_CURVE ( 'NONE', #637, #5271, #5695, .T. ) ;
#5984 = FACE_OUTER_BOUND ( 'NONE', #4990, .T. ) ;
#5985 = EDGE_LOOP ( 'NONE', ( #4554, #1717, #5440, #20 ) ) ;
#5986 = EDGE_CURVE ( 'NONE', #1767, #906, #1552, .T. ) ;
#5987 = ORIENTED_EDGE ( 'NONE', *, *, #4232, .F. ) ;
#5989 = CARTESIAN_POINT ( 'NONE',  ( -8.051442841485993540, -10.00000000000045297, 16.49999999999940314 ) ) ;
#5988 = CARTESIAN_POINT ( 'NONE',  ( 10.00000000000000178, 499.1567789299008950, 16.49999999999940314 ) ) ;
#5991 = LINE ( 'NONE', #5616, #2882 ) ;
#5990 = DIRECTION ( 'NONE',  ( -2.373241487535919019E-16, 0.9396926207859105373, -0.3420201433256630508 ) ) ;
#5992 = EDGE_CURVE ( 'NONE', #334, #522, #2804, .T. ) ;
#5993 = EDGE_CURVE ( 'NONE', #4574, #2522, #87, .T. ) ;
#5995 = FILL_AREA_STYLE ('',( #1775 ) ) ;
#5994 = LINE ( 'NONE', #3158, #5745 ) ;
#5996 = ORIENTED_EDGE ( 'NONE', *, *, #931, .T. ) ;
#5997 = ORIENTED_EDGE ( 'NONE', *, *, #111, .F. ) ;
#5998 = DIRECTION ( 'NONE',  ( 0.000000000000000000, 1.000000000000000000, 0.000000000000000000 ) ) ;
#5999 = ADVANCED_FACE ( 'NONE', ( #4676 ), #3383, .F. ) ;
#6000 = ORIENTED_EDGE ( 'NONE', *, *, #1597, .T. ) ;
#6002 = DIRECTION ( 'NONE',  ( -6.938893903907228378E-16, 0.000000000000000000, -1.000000000000000000 ) ) ;
#6001 = CARTESIAN_POINT ( 'NONE',  ( 9.999999999999998224, 572.3803192045146488, 13.12500000000105160 ) ) ;
#6003 = VERTEX_POINT ( 'NONE', #147 ) ;
#6004 = AXIS2_PLACEMENT_3D ( 'NONE', #5882, #3043, #4921 ) ;
#6005 = VERTEX_POINT ( 'NONE', #543 ) ;
#6006 = LINE ( 'NONE', #1246, #6018 ) ;
#6007 = CARTESIAN_POINT ( 'NONE',  ( 8.051442841485975777, 535.9096069451815083, 16.49999999999945643 ) ) ;
#6008 = CARTESIAN_POINT ( 'NONE',  ( -10.00000000000000178, -10.00000000000045297, 13.12500000000105160 ) ) ;
#6009 = EDGE_LOOP ( 'NONE', ( #4777, #4261, #5426, #3297 ) ) ;
#6010 = AXIS2_PLACEMENT_3D ( 'NONE', #4721, #1058, #3763 ) ;
#6011 = DIRECTION ( 'NONE',  ( 0.000000000000000000, 1.000000000000000000, 0.000000000000000000 ) ) ;
#6012 = CARTESIAN_POINT ( 'NONE',  ( -8.051442841485993540, 518.0063348298914434, 16.49999999999940314 ) ) ;
#6013 = ORIENTED_EDGE ( 'NONE', *, *, #5053, .T. ) ;
#6014 = PLANE ( 'NONE',  #3384 ) ;
#6015 = AXIS2_PLACEMENT_3D ( 'NONE', #5143, #1431, #4074 ) ;
#6016 = LINE ( 'NONE', #4124, #2508 ) ;
#6017 = ORIENTED_EDGE ( 'NONE', *, *, #3469, .T. ) ;
#6018 = VECTOR ( 'NONE', #3112, 1000.000000000000114 ) ;
#6019 = ORIENTED_EDGE ( 'NONE', *, *, #3015, .T. ) ;
#6020 = EDGE_CURVE ( 'NONE', #1945, #2554, #1948, .T. ) ;
#6021 = LINE ( 'NONE', #2749, #2203 ) ;
#6023 = CARTESIAN_POINT ( 'NONE',  ( 18.25000000000008171, 529.5113822919836366, -2.000000000000014211 ) ) ;
#6022 = CARTESIAN_POINT ( 'NONE',  ( 19.99999999999999645, 489.9999999999998863, 14.49999999999999822 ) ) ;
#6024 = AXIS2_PLACEMENT_3D ( 'NONE', #3862, #1115, #3461 ) ;
#6025 = VECTOR ( 'NONE', #689, 1000.000000000000114 ) ;
#6026 = EDGE_CURVE ( 'NONE', #5211, #10, #1487, .T. ) ;
#6028 = DIRECTION ( 'NONE',  ( -0.4768709627114696148, -0.3006265784832180543, -0.8259647360705598684 ) ) ;
#6027 = DIRECTION ( 'NONE',  ( -0.000000000000000000, 1.000000000000000000, -0.000000000000000000 ) ) ;
#6029 = ORIENTED_EDGE ( 'NONE', *, *, #248, .F. ) ;
#6030 = ORIENTED_EDGE ( 'NONE', *, *, #4498, .T. ) ;
#6031 = CARTESIAN_POINT ( 'NONE',  ( -19.99999999999999645, 600.0000000000000000, 5.000000000000000000 ) ) ;
#6032 = AXIS2_PLACEMENT_3D ( 'NONE', #1131, #4867, #5885 ) ;
#6033 = AXIS2_PLACEMENT_3D ( 'NONE', #4276, #3812, #4771 ) ;
#6034 = VERTEX_POINT ( 'NONE', #2833 ) ;
#6035 = ORIENTED_EDGE ( 'NONE', *, *, #2659, .T. ) ;
#6036 = ADVANCED_FACE ( 'NONE', ( #5630 ), #4205, .F. ) ;
#6038 = LINE ( 'NONE', #5540, #310 ) ;
#6037 = LINE ( 'NONE', #4199, #54 ) ;
#6039 = ORIENTED_EDGE ( 'NONE', *, *, #476, .T. ) ;
#6040 = AXIS2_PLACEMENT_3D ( 'NONE', #5713, #4815, #5778 ) ;
#6041 = LINE ( 'NONE', #4732, #3845 ) ;
#6042 = DIRECTION ( 'NONE',  ( 1.383500721948037739E-16, -1.000000000000000000, 0.000000000000000000 ) ) ;
#6043 = EDGE_LOOP ( 'NONE', ( #3175, #5395, #2301, #4344 ) ) ;
#6044 = LINE ( 'NONE', #2767, #2316 ) ;
#6045 = EDGE_LOOP ( 'NONE', ( #5147, #1467, #4738, #1602 ) ) ;
#6046 = VECTOR ( 'NONE', #5373, 1000.000000000000000 ) ;
#6047 = CARTESIAN_POINT ( 'NONE',  ( -8.476558116931299125, 489.9999999999998863, 15.76367874385448076 ) ) ;
#6048 = CARTESIAN_POINT ( 'NONE',  ( -6.499999999999997335, 489.9999999999998863, 7.020725942163696054 ) ) ;
#6049 = DIRECTION ( 'NONE',  ( -0.8660254037844407060, 0.000000000000000000, -0.4999999999999966138 ) ) ;
#6050 = VECTOR ( 'NONE', #3232, 1000.000000000000000 ) ;
#6051 = FACE_OUTER_BOUND ( 'NONE', #1698, .T. ) ;
#6052 = ORIENTED_EDGE ( 'NONE', *, *, #4779, .T. ) ;
#6053 = AXIS2_PLACEMENT_3D ( 'NONE', #3484, #1139, #4901 ) ;
#6054 = DIRECTION ( 'NONE',  ( 1.000000000000000000, 0.000000000000000000, -6.938893903907228378E-16 ) ) ;
#6055 = ORIENTED_EDGE ( 'NONE', *, *, #435, .T. ) ;
#6057 = DIRECTION ( 'NONE',  ( -2.373241487535919019E-16, -0.9396926207859105373, -0.3420201433256630508 ) ) ;
#6056 = CARTESIAN_POINT ( 'NONE',  ( -19.99999999999999645, 494.9999999999998863, 0.000000000000000000 ) ) ;
#6058 = AXIS2_PLACEMENT_3D ( 'NONE', #2185, #2219, #1390 ) ;
#6059 = EDGE_CURVE ( 'NONE', #980, #3359, #1069, .T. ) ;
#6060 = CARTESIAN_POINT ( 'NONE',  ( -6.999999999999996447, 489.9999999999998863, -5.000000000000000000 ) ) ;
#6061 = VERTEX_POINT ( 'NONE', #2007 ) ;
#6062 = FACE_OUTER_BOUND ( 'NONE', #922, .T. ) ;
#6063 = AXIS2_PLACEMENT_3D ( 'NONE', #3566, #4723, #1449 ) ;
#6064 = EDGE_CURVE ( 'NONE', #1489, #5972, #4703, .T. ) ;
#6065 = EDGE_CURVE ( 'NONE', #3888, #975, #4238, .T. ) ;
#6066 = ORIENTED_EDGE ( 'NONE', *, *, #5609, .F. ) ;
#6068 = DIRECTION ( 'NONE',  ( -0.8660254037844407060, 0.000000000000000000, -0.4999999999999966138 ) ) ;
#6067 = CARTESIAN_POINT ( 'NONE',  ( -18.25000000000008527, 562.9014977005494984, -11.58518127581853818 ) ) ;
#6069 = ORIENTED_EDGE ( 'NONE', *, *, #5146, .F. ) ;
#6070 = CARTESIAN_POINT ( 'NONE',  ( -10.25000000000008882, 565.5944198571030483, -10.70182885435895415 ) ) ;
#6071 = CARTESIAN_POINT ( 'NONE',  ( 8.051442841485993540, -10.00000000000045297, 16.49999999999942091 ) ) ;
#6072 = ORIENTED_EDGE ( 'NONE', *, *, #4242, .T. ) ;
#6073 = ADVANCED_FACE ( 'NONE', ( #1916 ), #2432, .T. ) ;
#6074 = EDGE_CURVE ( 'NONE', #1448, #1388, #3963, .T. ) ;
#6075 = DIRECTION ( 'NONE',  ( 0.000000000000000000, 0.000000000000000000, -1.000000000000000000 ) ) ;
#6076 = VERTEX_POINT ( 'NONE', #4830 ) ;
ENDSEC;
END-ISO-10303-21;
