ISO-10303-21;
HEADER;
FILE_DESCRIPTION (( 'STEP AP214' ),
    '1' );
FILE_NAME ('Main_gear.STEP',
    '2026-02-21T14:21:08',
    ( '' ),
    ( '' ),
    'SwSTEP 2.0',
    'SolidWorks 2025',
    '' );
FILE_SCHEMA (( 'AUTOMOTIVE_DESIGN' ));
ENDSEC;

DATA;
#1 = DIRECTION ( 'NONE',  ( 0.000000000000000000, 0.000000000000000000, -1.000000000000000000 ) ) ;
#2 = ORIENTED_EDGE ( 'NONE', *, *, #580, .T. ) ;
#3 = CYLINDRICAL_SURFACE ( 'NONE', #4007, 5.399999999997299405 ) ;
#4 = DIRECTION ( 'NONE',  ( -1.000000000000000000, 0.000000000000000000, 0.000000000000000000 ) ) ;
#5 = ORIENTED_EDGE ( 'NONE', *, *, #1425, .F. ) ;
#6 = CARTESIAN_POINT ( 'NONE',  ( 20.00000000000000000, 4.115919143437200667, -11.99958372321596123 ) ) ;
#7 = AXIS2_PLACEMENT_3D ( 'NONE', #3366, #3048, #2627 ) ;
#8 = DIRECTION ( 'NONE',  ( -1.000000000000000000, 0.000000000000000000, -2.710505431213761085E-17 ) ) ;
#9 = EDGE_LOOP ( 'NONE', ( #3225, #2296 ) ) ;
#10 = CIRCLE ( 'NONE', #2483, 5.399999999997300293 ) ;
#11 = CARTESIAN_POINT ( 'NONE',  ( 20.00000000000000000, -2.762596963522140125, 11.29094477964546073 ) ) ;
#12 = CARTESIAN_POINT ( 'NONE',  ( 18.58543181286069412, 5.639714429572421750, -12.45899843146657027 ) ) ;
#13 = CARTESIAN_POINT ( 'NONE',  ( 0.000000000000000000, -11.59912988617137941, -0.7599749230012499135 ) ) ;
#14 = ORIENTED_EDGE ( 'NONE', *, *, #81, .T. ) ;
#15 = CARTESIAN_POINT ( 'NONE',  ( 20.00000000000000000, 0.000000000000000000, 4.438010260060118261E-16 ) ) ;
#16 =( GEOMETRIC_REPRESENTATION_CONTEXT ( 3 ) GLOBAL_UNCERTAINTY_ASSIGNED_CONTEXT ( ( #1697 ) ) GLOBAL_UNIT_ASSIGNED_CONTEXT ( ( #2454, #4766, #545 ) ) REPRESENTATION_CONTEXT ( 'NONE', 'WORKASPACE' ) );
#17 = ADVANCED_FACE ( 'NONE', ( #1133 ), #3, .T. ) ;
#18 = EDGE_CURVE ( 'NONE', #1439, #2143, #1545, .T. ) ;
#19 = EDGE_CURVE ( 'NONE', #1419, #2581, #799, .T. ) ;
#20 = ADVANCED_FACE ( 'NONE', ( #4634 ), #2654, .T. ) ;
#21 = DIRECTION ( 'NONE',  ( -1.000000000000000000, 0.000000000000000000, 0.000000000000000000 ) ) ;
#22 = CARTESIAN_POINT ( 'NONE',  ( 0.000000000000000000, -11.10256122485997921, 6.137094929526350384 ) ) ;
#23 = CYLINDRICAL_SURFACE ( 'NONE', #1850, 1.750000000000000666 ) ;
#24 = LINE ( 'NONE', #1559, #2269 ) ;
#25 = EDGE_CURVE ( 'NONE', #3163, #2967, #4292, .T. ) ;
#26 = DIRECTION ( 'NONE',  ( -1.000000000000000000, 0.000000000000000000, 0.000000000000000000 ) ) ;
#27 = FACE_OUTER_BOUND ( 'NONE', #2552, .T. ) ;
#28 = EDGE_LOOP ( 'NONE', ( #4898, #943, #3381, #1641 ) ) ;
#29 = CARTESIAN_POINT ( 'NONE',  ( 3.170007328614371243E-16, 0.000000000000000000, -8.592322081196679186E-33 ) ) ;
#30 = ADVANCED_FACE ( 'NONE', ( #2313 ), #4416, .T. ) ;
#31 = VERTEX_POINT ( 'NONE', #1182 ) ;
#32 = CYLINDRICAL_SURFACE ( 'NONE', #1711, 1.749999999999999778 ) ;
#33 = CARTESIAN_POINT ( 'NONE',  ( 18.58543152679715860, 13.60966674541231036, -1.345363446214601133 ) ) ;
#34 = ORIENTED_EDGE ( 'NONE', *, *, #2934, .F. ) ;
#35 = CARTESIAN_POINT ( 'NONE',  ( 18.00138026997980845, -4.275191920017133107, 13.85303150046044252 ) ) ;
#36 = AXIS2_PLACEMENT_3D ( 'NONE', #1929, #2419, #3617 ) ;
#37 = ORIENTED_EDGE ( 'NONE', *, *, #686, .F. ) ;
#38 = AXIS2_PLACEMENT_3D ( 'NONE', #973, #3353, #948 ) ;
#39 = CARTESIAN_POINT ( 'NONE',  ( 18.37834307230065889, -5.667634708097230245, -12.76532226340260401 ) ) ;
#40 = CARTESIAN_POINT ( 'NONE',  ( 17.63947341468150043, 5.482902598228514890, -13.96201200035704026 ) ) ;
#41 = CARTESIAN_POINT ( 'NONE',  ( 2.360526585318501347, 0.000000000000000000, -6.398220130030271836E-17 ) ) ;
#42 = DIRECTION ( 'NONE',  ( 2.710505431213761085E-17, 0.000000000000000000, 1.000000000000000000 ) ) ;
#43 = CARTESIAN_POINT ( 'NONE',  ( 20.00000000000000000, -6.457722532643741076, -9.665153681719200307 ) ) ;
#44 = CARTESIAN_POINT ( 'NONE',  ( 17.63947341468150043, 14.70199371010883205, -2.975127047320057727 ) ) ;
#45 = DIRECTION ( 'NONE',  ( -1.000000000000000000, 0.000000000000000000, 0.000000000000000000 ) ) ;
#46 = ADVANCED_FACE ( 'NONE', ( #2291 ), #3848, .T. ) ;
#47 = VECTOR ( 'NONE', #2964, 1000.000000000000000 ) ;
#48 = CIRCLE ( 'NONE', #1371, 1.750000000000000000 ) ;
#49 = EDGE_CURVE ( 'NONE', #4611, #1394, #2250, .T. ) ;
#50 = CARTESIAN_POINT ( 'NONE',  ( 20.00000000000000000, 0.000000000000000000, 0.000000000000000000 ) ) ;
#51 = ORIENTED_EDGE ( 'NONE', *, *, #1023, .F. ) ;
#52 = CARTESIAN_POINT ( 'NONE',  ( 17.63947341468150043, 14.83290837936661433, 2.232673063637093946 ) ) ;
#53 = VERTEX_POINT ( 'NONE', #1980 ) ;
#54 = CONICAL_SURFACE ( 'NONE', #4906, 11.69526278054659940, 0.9505468408120750778 ) ;
#55 = CARTESIAN_POINT ( 'NONE',  ( 17.63947341468150043, -5.482902598228418967, 13.96201200035707757 ) ) ;
#56 = LINE ( 'NONE', #848, #4157 ) ;
#57 = EDGE_LOOP ( 'NONE', ( #4976, #878, #100, #1011 ) ) ;
#58 = CARTESIAN_POINT ( 'NONE',  ( 20.00000000000000000, 8.446785448070757596, -8.088942273270262717 ) ) ;
#59 = ORIENTED_EDGE ( 'NONE', *, *, #1590, .F. ) ;
#60 = EDGE_LOOP ( 'NONE', ( #3841, #726 ) ) ;
#61 = SURFACE_SIDE_STYLE ('',( #3596 ) ) ;
#62 = DIRECTION ( 'NONE',  ( 0.000000000000000000, 0.000000000000000000, -1.000000000000000000 ) ) ;
#63 = LINE ( 'NONE', #1961, #2551 ) ;
#64 = DIRECTION ( 'NONE',  ( 1.000000000000000000, 0.000000000000000000, -2.710505431213761085E-17 ) ) ;
#65 = AXIS2_PLACEMENT_3D ( 'NONE', #1127, #4627, #1097 ) ;
#66 = LINE ( 'NONE', #2431, #1680 ) ;
#67 = CYLINDRICAL_SURFACE ( 'NONE', #3536, 3.000000000000000000 ) ;
#68 = DIRECTION ( 'NONE',  ( 0.000000000000000000, 0.8660254037844379305, 0.5000000000000011102 ) ) ;
#69 = FACE_OUTER_BOUND ( 'NONE', #218, .T. ) ;
#70 = AXIS2_PLACEMENT_3D ( 'NONE', #4333, #4744, #2822 ) ;
#71 = DIRECTION ( 'NONE',  ( -1.000000000000000000, 0.000000000000000000, 0.000000000000000000 ) ) ;
#72 = VERTEX_POINT ( 'NONE', #305 ) ;
#73 = CARTESIAN_POINT ( 'NONE',  ( 0.000000000000000000, 0.000000000000000000, 0.000000000000000000 ) ) ;
#74 = CIRCLE ( 'NONE', #898, 14.99999999999250022 ) ;
#75 = EDGE_LOOP ( 'NONE', ( #4473, #342 ) ) ;
#76 = CARTESIAN_POINT ( 'NONE',  ( 17.77656139821319670, -12.56546780980884037, 7.835301323466036472 ) ) ;
#77 = CARTESIAN_POINT ( 'NONE',  ( 20.00000000000000000, 0.000000000000000000, 0.000000000000000000 ) ) ;
#78 = ADVANCED_FACE ( 'NONE', ( #3560 ), #32, .F. ) ;
#79 = FACE_OUTER_BOUND ( 'NONE', #374, .T. ) ;
#80 = EDGE_LOOP ( 'NONE', ( #2896, #3667, #274, #4560 ) ) ;
#81 = EDGE_CURVE ( 'NONE', #4754, #670, #1517, .T. ) ;
#82 = CARTESIAN_POINT ( 'NONE',  ( 20.00000000000000000, 2.762596963522065074, 11.29094477964548027 ) ) ;
#83 = EDGE_CURVE ( 'NONE', #969, #1920, #1126, .T. ) ;
#84 = EDGE_CURVE ( 'NONE', #1856, #3096, #4510, .T. ) ;
#85 = VERTEX_POINT ( 'NONE', #4399 ) ;
#86 = EDGE_LOOP ( 'NONE', ( #4060, #741, #3881, #114, #4058, #4378 ) ) ;
#87 = DIRECTION ( 'NONE',  ( -1.000000000000000000, 0.000000000000000000, 0.000000000000000000 ) ) ;
#88 = DIRECTION ( 'NONE',  ( -1.000000000000000000, 0.000000000000000000, 0.000000000000000000 ) ) ;
#89 = ORIENTED_EDGE ( 'NONE', *, *, #3683, .T. ) ;
#90 = CYLINDRICAL_SURFACE ( 'NONE', #2520, 11.62399999999419897 ) ;
#91 = DIRECTION ( 'NONE',  ( 0.000000000000000000, 0.000000000000000000, -1.000000000000000000 ) ) ;
#92 = B_SPLINE_CURVE_WITH_KNOTS ( 'NONE', 3,
 ( #2532, #4888, #958, #1372, #3695, #1798, #2950, #4513 ),
 .UNSPECIFIED., .F., .F.,
 ( 4, 2, 2, 4 ),
 ( 3.392033185197307200E-07, 0.002116429530400619225, 0.003174474693941665027, 0.004232519857482710396 ),
 .UNSPECIFIED. ) ;
#93 = CIRCLE ( 'NONE', #178, 3.000000000000000000 ) ;
#94 = FACE_OUTER_BOUND ( 'NONE', #3124, .T. ) ;
#95 = CYLINDRICAL_SURFACE ( 'NONE', #4229, 5.399999999997301181 ) ;
#96 = DIRECTION ( 'NONE',  ( 1.000000000000000000, 0.000000000000000000, 0.000000000000000000 ) ) ;
#97 = AXIS2_PLACEMENT_3D ( 'NONE', #3679, #2456, #495 ) ;
#98 = CARTESIAN_POINT ( 'NONE',  ( 18.58543180263901462, -7.969951945504975654, -11.11363519018067159 ) ) ;
#99 = LINE ( 'NONE', #3398, #3224 ) ;
#100 = ORIENTED_EDGE ( 'NONE', *, *, #3422, .F. ) ;
#101 = CIRCLE ( 'NONE', #3812, 5.399999999997301181 ) ;
#102 = CARTESIAN_POINT ( 'NONE',  ( 10.00000000000000000, 14.70199371010880007, 2.975127047320250018 ) ) ;
#103 = ORIENTED_EDGE ( 'NONE', *, *, #826, .F. ) ;
#104 = CARTESIAN_POINT ( 'NONE',  ( 0.4144469706614998805, 1.287972636582400687, -12.20786191831827772 ) ) ;
#105 = FACE_OUTER_BOUND ( 'NONE', #2109, .T. ) ;
#106 = VERTEX_POINT ( 'NONE', #2115 ) ;
#107 = CARTESIAN_POINT ( 'NONE',  ( 1.414568326734755299, 1.038369541590084433, 13.63652502679587819 ) ) ;
#108 = DIRECTION ( 'NONE',  ( 0.000000000000000000, 0.000000000000000000, 1.000000000000000000 ) ) ;
#109 = EDGE_LOOP ( 'NONE', ( #2301, #1306, #1218, #2879 ) ) ;
#110 = ORIENTED_EDGE ( 'NONE', *, *, #3772, .T. ) ;
#111 = EDGE_CURVE ( 'NONE', #843, #2472, #3854, .T. ) ;
#112 = AXIS2_PLACEMENT_3D ( 'NONE', #462, #2766, #376 ) ;
#113 = CYLINDRICAL_SURFACE ( 'NONE', #1570, 5.399999999997300293 ) ;
#114 = ORIENTED_EDGE ( 'NONE', *, *, #2375, .T. ) ;
#115 = CARTESIAN_POINT ( 'NONE',  ( 5.000000000000000000, -0.2738250307121675164, -8.744644099306180252 ) ) ;
#116 = CARTESIAN_POINT ( 'NONE',  ( 20.00000000000000000, -11.22862222243333363, 3.270659641710665699 ) ) ;
#117 = AXIS2_PLACEMENT_3D ( 'NONE', #3573, #1995, #473 ) ;
#118 = CIRCLE ( 'NONE', #2252, 5.399999999997300293 ) ;
#119 = CARTESIAN_POINT ( 'NONE',  ( 0.000000000000000000, -4.560206750522580954, 11.83787625878352046 ) ) ;
#120 = CARTESIAN_POINT ( 'NONE',  ( 0.000000000000000000, 5.141407353527680080, -10.42512860472023917 ) ) ;
#121 = CARTESIAN_POINT ( 'NONE',  ( 0.000000000000000000, 2.762596963522065074, 11.29094477964548027 ) ) ;
#122 = CARTESIAN_POINT ( 'NONE',  ( 17.82022046869183285, -4.525111289472753207, -14.03665671386417912 ) ) ;
#123 = ORIENTED_EDGE ( 'NONE', *, *, #3517, .T. ) ;
#124 = B_SPLINE_CURVE_WITH_KNOTS ( 'NONE', 3,
 ( #569, #2144, #1677, #3726 ),
 .UNSPECIFIED., .F., .F.,
 ( 4, 4 ),
 ( 2.336102914077171474E-07, 0.0004051865256867306160 ),
 .UNSPECIFIED. ) ;
#125 = CARTESIAN_POINT ( 'NONE',  ( 1.028068005942642804, -12.67744806560253501, -3.436340281955168052 ) ) ;
#126 = ORIENTED_EDGE ( 'NONE', *, *, #2162, .T. ) ;
#127 = AXIS2_PLACEMENT_3D ( 'NONE', #2428, #439, #1937 ) ;
#128 = AXIS2_PLACEMENT_3D ( 'NONE', #302, #2679, #3455 ) ;
#129 = CARTESIAN_POINT ( 'NONE',  ( 0.000000000000000000, 7.000001873099980010, -1.843143693225354777E-15 ) ) ;
#130 = ORIENTED_EDGE ( 'NONE', *, *, #2367, .F. ) ;
#131 = DIRECTION ( 'NONE',  ( -1.000000000000000000, 0.000000000000000000, 0.000000000000000000 ) ) ;
#132 = CYLINDRICAL_SURFACE ( 'NONE', #3499, 5.399999999997300293 ) ;
#133 = ORIENTED_EDGE ( 'NONE', *, *, #1461, .T. ) ;
#134 = CARTESIAN_POINT ( 'NONE',  ( 20.00000000000000000, 0.2364004980233835040, 12.68364753256399879 ) ) ;
#135 = CARTESIAN_POINT ( 'NONE',  ( 3.170007328614371243E-16, 0.000000000000000000, -8.592322081196679186E-33 ) ) ;
#136 = CARTESIAN_POINT ( 'NONE',  ( 0.4144469643773047718, 11.21630485865654592, -4.988513930199704127 ) ) ;
#137 = CONICAL_SURFACE ( 'NONE', #4406, 11.69526278054659940, 0.9505468408120750778 ) ;
#138 = ORIENTED_EDGE ( 'NONE', *, *, #3426, .F. ) ;
#139 = ORIENTED_EDGE ( 'NONE', *, *, #4169, .T. ) ;
#140 = CIRCLE ( 'NONE', #4321, 11.62399999999420430 ) ;
#141 = CARTESIAN_POINT ( 'NONE',  ( 3.170007328614371243E-16, 0.000000000000000000, -8.592322081196679186E-33 ) ) ;
#142 = ORIENTED_EDGE ( 'NONE', *, *, #1523, .F. ) ;
#143 = CARTESIAN_POINT ( 'NONE',  ( 18.00593637139969161, -0.6948076685315281997, 14.47093935195908365 ) ) ;
#144 = EDGE_CURVE ( 'NONE', #2834, #3061, #466, .T. ) ;
#145 = CARTESIAN_POINT ( 'NONE',  ( 5.000000000000000000, -0.2738250307121675164, -6.994644099306180252 ) ) ;
#146 = ORIENTED_EDGE ( 'NONE', *, *, #2634, .T. ) ;
#147 = ADVANCED_FACE ( 'NONE', ( #1210 ), #4663, .T. ) ;
#148 = CARTESIAN_POINT ( 'NONE',  ( 19.17577720845537215, 12.38133700918584701, -3.436121548131715109 ) ) ;
#149 = CARTESIAN_POINT ( 'NONE',  ( 3.170007328614371243E-16, 0.000000000000000000, -8.592322081196679186E-33 ) ) ;
#150 = EDGE_CURVE ( 'NONE', #409, #4635, #1144, .T. ) ;
#151 = CIRCLE ( 'NONE', #3040, 11.62399999999419542 ) ;
#152 = ADVANCED_FACE ( 'NONE', ( #3288 ), #1705, .T. ) ;
#153 = ADVANCED_FACE ( 'NONE', ( #3254 ), #4841, .T. ) ;
#154 = CARTESIAN_POINT ( 'NONE',  ( 20.00000000000000000, 11.59912988617140073, 0.7599749230011698664 ) ) ;
#155 = VERTEX_POINT ( 'NONE', #1326 ) ;
#156 = DIRECTION ( 'NONE',  ( 1.000000000000000000, 0.000000000000000000, 0.000000000000000000 ) ) ;
#157 = CIRCLE ( 'NONE', #1717, 14.99999999999250022 ) ;
#158 = CARTESIAN_POINT ( 'NONE',  ( 17.63947341468150043, 12.79780162109362607, -7.824082928171733897 ) ) ;
#159 = ORIENTED_EDGE ( 'NONE', *, *, #3111, .T. ) ;
#160 = CARTESIAN_POINT ( 'NONE',  ( 2.360526585318500903, 0.3769537665663784676, -14.99526278054659834 ) ) ;
#161 = CARTESIAN_POINT ( 'NONE',  ( 0.8204274110493562366, 5.555350419330411071, 11.58190056492987097 ) ) ;
#162 = VERTEX_POINT ( 'NONE', #4457 ) ;
#163 = AXIS2_PLACEMENT_3D ( 'NONE', #3923, #3979, #3949 ) ;
#164 = DIRECTION ( 'NONE',  ( 0.000000000000000000, 0.000000000000000000, -1.000000000000000000 ) ) ;
#165 = DIRECTION ( 'NONE',  ( 0.000000000000000000, 0.000000000000000000, -1.000000000000000000 ) ) ;
#166 = ORIENTED_EDGE ( 'NONE', *, *, #377, .F. ) ;
#167 = EDGE_LOOP ( 'NONE', ( #4807, #3074, #1494, #2875, #816, #1600 ) ) ;
#168 = CARTESIAN_POINT ( 'NONE',  ( 20.00000000000000000, 0.000000000000000000, 4.438010260060118261E-16 ) ) ;
#169 = FACE_OUTER_BOUND ( 'NONE', #3533, .T. ) ;
#170 = ORIENTED_EDGE ( 'NONE', *, *, #2129, .T. ) ;
#171 = CARTESIAN_POINT ( 'NONE',  ( 5.362519525061748386E-16, -8.446785448070707858, 8.088942273270312455 ) ) ;
#172 = DIRECTION ( 'NONE',  ( 0.000000000000000000, 0.000000000000000000, -1.000000000000000000 ) ) ;
#173 = CARTESIAN_POINT ( 'NONE',  ( 1.180458265113572880, -12.89995792565606081, 3.430316763067235541 ) ) ;
#174 = CARTESIAN_POINT ( 'NONE',  ( 2.179779468168951073, 13.03763098112645480, 6.893804443121016590 ) ) ;
#175 = LINE ( 'NONE', #2134, #2948 ) ;
#176 = EDGE_CURVE ( 'NONE', #2089, #4518, #932, .T. ) ;
#177 = EDGE_CURVE ( 'NONE', #1355, #2043, #3113, .T. ) ;
#178 = AXIS2_PLACEMENT_3D ( 'NONE', #4228, #2640, #4668 ) ;
#179 = ORIENTED_EDGE ( 'NONE', *, *, #833, .F. ) ;
#180 = EDGE_CURVE ( 'NONE', #717, #1875, #294, .T. ) ;
#181 = CARTESIAN_POINT ( 'NONE',  ( 1.621657081337508410, -13.55556300325415897, -3.364855623299195742 ) ) ;
#182 = DIRECTION ( 'NONE',  ( 0.000000000000000000, 0.000000000000000000, 1.000000000000000000 ) ) ;
#183 = DIRECTION ( 'NONE',  ( 0.000000000000000000, -6.982962677686270655E-15, 1.000000000000000000 ) ) ;
#184 = CARTESIAN_POINT ( 'NONE',  ( 0.4158923902527422167, 5.407504943183212731, 11.02255542853613868 ) ) ;
#185 = ORIENTED_EDGE ( 'NONE', *, *, #1053, .F. ) ;
#186 = CARTESIAN_POINT ( 'NONE',  ( 1.414568473202846954, 13.60966674541231214, 1.345363446214601133 ) ) ;
#187 = AXIS2_PLACEMENT_3D ( 'NONE', #223, #4882, #2943 ) ;
#188 = CARTESIAN_POINT ( 'NONE',  ( 20.00000000000000000, 12.53200494222448036, 1.969683236930150239 ) ) ;
#189 = CARTESIAN_POINT ( 'NONE',  ( 6.321235063003221909E-16, 1.271141185984885347, 11.62597830684934230 ) ) ;
#190 = ORIENTED_EDGE ( 'NONE', *, *, #616, .F. ) ;
#191 = ORIENTED_EDGE ( 'NONE', *, *, #2335, .F. ) ;
#192 = CARTESIAN_POINT ( 'NONE',  ( 20.00000000000000000, 5.141407353527680080, -10.42512860472023917 ) ) ;
#193 = CARTESIAN_POINT ( 'NONE',  ( 2.360526585318501347, 0.000000000000000000, -6.398220130030271836E-17 ) ) ;
#194 = DIRECTION ( 'NONE',  ( 1.000000000000000000, 0.000000000000000000, 0.000000000000000000 ) ) ;
#195 = CARTESIAN_POINT ( 'NONE',  ( 0.8242226360516198280, 12.80987359387930979, -1.005768531926787279 ) ) ;
#196 = ORIENTED_EDGE ( 'NONE', *, *, #1842, .T. ) ;
#197 = CARTESIAN_POINT ( 'NONE',  ( 18.00138026997980845, 4.275191920017227254, -13.85303150046040876 ) ) ;
#198 = DIRECTION ( 'NONE',  ( 1.000000000000000000, 0.000000000000000000, 0.000000000000000000 ) ) ;
#199 = CIRCLE ( 'NONE', #1093, 11.69526278054659940 ) ;
#200 = AXIS2_PLACEMENT_3D ( 'NONE', #2543, #4109, #2151 ) ;
#201 = VERTEX_POINT ( 'NONE', #2871 ) ;
#202 = EDGE_CURVE ( 'NONE', #1856, #1668, #4348, .T. ) ;
#203 = CARTESIAN_POINT ( 'NONE',  ( 0.000000000000000000, 0.2738250307120564941, 5.244644099306220220 ) ) ;
#204 = EDGE_CURVE ( 'NONE', #1091, #3213, #1263, .T. ) ;
#205 = CARTESIAN_POINT ( 'NONE',  ( 18.97193203521875660, 10.73760674752585409, -7.565046186504689629 ) ) ;
#206 = ORIENTED_EDGE ( 'NONE', *, *, #3210, .F. ) ;
#207 = CARTESIAN_POINT ( 'NONE',  ( 1.621656927699335560, -5.667634708097409657, 12.76532226340252585 ) ) ;
#208 = CARTESIAN_POINT ( 'NONE',  ( 20.00000000000000000, 0.000000000000000000, -8.592322081196679186E-33 ) ) ;
#209 = ORIENTED_EDGE ( 'NONE', *, *, #4701, .F. ) ;
#210 = CIRCLE ( 'NONE', #4805, 3.000000000000000000 ) ;
#211 = AXIS2_PLACEMENT_3D ( 'NONE', #1343, #951, #1062 ) ;
#212 = CIRCLE ( 'NONE', #3094, 5.399999999997298517 ) ;
#213 = PLANE ( 'NONE',  #3015 ) ;
#214 = DIRECTION ( 'NONE',  ( -1.000000000000000000, 0.000000000000000000, 0.000000000000000000 ) ) ;
#215 = EDGE_CURVE ( 'NONE', #3480, #598, #4335, .T. ) ;
#216 = CIRCLE ( 'NONE', #3097, 11.69526278054659940 ) ;
#217 = ORIENTED_EDGE ( 'NONE', *, *, #3547, .T. ) ;
#218 = EDGE_LOOP ( 'NONE', ( #2660, #1805, #401, #4764, #2234, #4106 ) ) ;
#219 = CARTESIAN_POINT ( 'NONE',  ( 17.63947341468150043, 5.482902598228514890, -13.96201200035704026 ) ) ;
#220 = CARTESIAN_POINT ( 'NONE',  ( 2.292412630492387304, -12.68144027069490498, 7.831595173115619701 ) ) ;
#221 = CARTESIAN_POINT ( 'NONE',  ( 20.00000000000000000, 8.396946530139320686, -8.037951540650530191 ) ) ;
#222 = ORIENTED_EDGE ( 'NONE', *, *, #1863, .F. ) ;
#223 = CARTESIAN_POINT ( 'NONE',  ( 0.000000000000000000, 12.44990391086185966, 2.435301323468815227 ) ) ;
#224 = CARTESIAN_POINT ( 'NONE',  ( 19.58555302650521313, 2.965036302898364617, -11.91215034948881879 ) ) ;
#225 = DIRECTION ( 'NONE',  ( 1.000000000000000000, 0.000000000000000000, 0.000000000000000000 ) ) ;
#226 = FACE_OUTER_BOUND ( 'NONE', #4780, .T. ) ;
#227 = CARTESIAN_POINT ( 'NONE',  ( 17.63947341468150043, 0.000000000000000000, -14.99999999999249845 ) ) ;
#228 = ORIENTED_EDGE ( 'NONE', *, *, #2241, .T. ) ;
#229 = CARTESIAN_POINT ( 'NONE',  ( 6.013351956758312410E-16, -5.170800759256850121, 10.49009013374562826 ) ) ;
#230 = DIRECTION ( 'NONE',  ( -1.000000000000000000, 0.000000000000000000, 0.000000000000000000 ) ) ;
#231 = ORIENTED_EDGE ( 'NONE', *, *, #3743, .T. ) ;
#232 = CARTESIAN_POINT ( 'NONE',  ( 17.82022053183105470, -13.03763098112649743, 6.893804443120929548 ) ) ;
#233 = EDGE_CURVE ( 'NONE', #4852, #1845, #1540, .T. ) ;
#234 = B_SPLINE_CURVE_WITH_KNOTS ( 'NONE', 3,
 ( #4104, #909, #2092, #4491, #4465, #136, #3618, #3292 ),
 .UNSPECIFIED., .F., .F.,
 ( 4, 2, 2, 4 ),
 ( 2.537785526935935923E-07, 0.002114458850050221668, 0.003171561385798984164, 0.004228663921547746660 ),
 .UNSPECIFIED. ) ;
#235 = ORIENTED_EDGE ( 'NONE', *, *, #994, .F. ) ;
#236 = AXIS2_PLACEMENT_3D ( 'NONE', #4551, #4912, #930 ) ;
#237 = ORIENTED_EDGE ( 'NONE', *, *, #3310, .T. ) ;
#238 = EDGE_CURVE ( 'NONE', #2967, #2710, #3524, .T. ) ;
#239 = EDGE_CURVE ( 'NONE', #1771, #2710, #4193, .T. ) ;
#240 = CARTESIAN_POINT ( 'NONE',  ( 2.360526585318500903, 9.350005781138399641, -11.72933893671990013 ) ) ;
#241 = EDGE_CURVE ( 'NONE', #3688, #3589, #2123, .T. ) ;
#242 = DIRECTION ( 'NONE',  ( -1.000000000000000000, 0.000000000000000000, 0.000000000000000000 ) ) ;
#243 = CIRCLE ( 'NONE', #483, 11.69526278054659940 ) ;
#244 = DIRECTION ( 'NONE',  ( -1.000000000000000000, 0.000000000000000000, 0.000000000000000000 ) ) ;
#245 = VERTEX_POINT ( 'NONE', #4890 ) ;
#246 = DIRECTION ( 'NONE',  ( -1.000000000000000000, 0.000000000000000000, 0.000000000000000000 ) ) ;
#247 = CARTESIAN_POINT ( 'NONE',  ( 19.58410756761581339, 1.311456508573777491, -12.20728967298982148 ) ) ;
#248 = VERTEX_POINT ( 'NONE', #1373 ) ;
#249 = CARTESIAN_POINT ( 'NONE',  ( 19.58555304358189630, 8.833706653422076727, 8.523871913799270672 ) ) ;
#250 = AXIS2_PLACEMENT_3D ( 'NONE', #4216, #3026, #3405 ) ;
#251 = CARTESIAN_POINT ( 'NONE',  ( 1.028067977215083806, -5.585550296250429092, 11.88813487541116309 ) ) ;
#252 = CARTESIAN_POINT ( 'NONE',  ( 18.09688226757871021, -13.98952509020197787, 3.243027161970431838 ) ) ;
#253 = ORIENTED_EDGE ( 'NONE', *, *, #2993, .F. ) ;
#254 = ORIENTED_EDGE ( 'NONE', *, *, #4973, .F. ) ;
#255 = CARTESIAN_POINT ( 'NONE',  ( 17.63947341468150043, -13.17475538765980048, 7.171179852374649499 ) ) ;
#256 = ORIENTED_EDGE ( 'NONE', *, *, #3484, .T. ) ;
#257 = AXIS2_PLACEMENT_3D ( 'NONE', #3119, #3906, #1152 ) ;
#258 = VERTEX_POINT ( 'NONE', #2951 ) ;
#259 = ORIENTED_EDGE ( 'NONE', *, *, #3446, .T. ) ;
#260 = DIRECTION ( 'NONE',  ( 0.000000000000000000, 0.000000000000000000, -1.000000000000000000 ) ) ;
#261 = ADVANCED_FACE ( 'NONE', ( #4955 ), #4246, .T. ) ;
#262 = CIRCLE ( 'NONE', #4466, 14.99999999999250022 ) ;
#263 = DIRECTION ( 'NONE',  ( 1.000000000000000000, 0.000000000000000000, -2.710505431213761085E-17 ) ) ;
#264 = ADVANCED_FACE ( 'NONE', ( #982 ), #668, .T. ) ;
#265 = DIRECTION ( 'NONE',  ( 0.000000000000000000, -0.3420201433256567780, -0.9396926207859126468 ) ) ;
#266 = ORIENTED_EDGE ( 'NONE', *, *, #3468, .T. ) ;
#267 = CARTESIAN_POINT ( 'NONE',  ( 1.892776892788862601E-16, -10.70396315057074688, -4.712148594565133131 ) ) ;
#268 = CARTESIAN_POINT ( 'NONE',  ( 1.414568168401149739, -9.560826451078559884, -9.778732924912874935 ) ) ;
#269 = DIRECTION ( 'NONE',  ( -1.000000000000000000, -0.000000000000000000, 2.710505431213761085E-17 ) ) ;
#270 = AXIS2_PLACEMENT_3D ( 'NONE', #4414, #1658, #3268 ) ;
#271 = CARTESIAN_POINT ( 'NONE',  ( 1.621657445397315378, -3.863731385842943844, -13.42189017100560733 ) ) ;
#272 = CARTESIAN_POINT ( 'NONE',  ( 2.360526585318500903, 13.17475538765983956, -7.171179852374559793 ) ) ;
#273 = EDGE_LOOP ( 'NONE', ( #2909, #2805, #3564, #599, #1853 ) ) ;
#274 = ORIENTED_EDGE ( 'NONE', *, *, #2513, .F. ) ;
#275 = CARTESIAN_POINT ( 'NONE',  ( 20.00000000000000000, 12.44990391086190229, -2.435301323468650025 ) ) ;
#276 = ORIENTED_EDGE ( 'NONE', *, *, #346, .T. ) ;
#277 = ORIENTED_EDGE ( 'NONE', *, *, #906, .F. ) ;
#278 = ORIENTED_EDGE ( 'NONE', *, *, #3719, .F. ) ;
#279 = CIRCLE ( 'NONE', #5040, 14.99999999999250022 ) ;
#280 = CARTESIAN_POINT ( 'NONE',  ( 20.00000000000000000, 8.333984767424899687, -9.564282399747099817 ) ) ;
#281 = CARTESIAN_POINT ( 'NONE',  ( 5.000000000000000000, -7.000001873099980010, -3.000000000000000000 ) ) ;
#282 = AXIS2_PLACEMENT_3D ( 'NONE', #3754, #4489, #3001 ) ;
#283 = FACE_OUTER_BOUND ( 'NONE', #2362, .T. ) ;
#284 = ORIENTED_EDGE ( 'NONE', *, *, #3338, .T. ) ;
#285 = CARTESIAN_POINT ( 'NONE',  ( 20.00000000000000000, 4.560206750522660002, -11.83787625878350092 ) ) ;
#286 = AXIS2_PLACEMENT_3D ( 'NONE', #73, #844, #1638 ) ;
#287 = ADVANCED_FACE ( 'NONE', ( #2579 ), #4977, .T. ) ;
#288 = DIRECTION ( 'NONE',  ( 0.000000000000000000, 0.000000000000000000, -1.000000000000000000 ) ) ;
#289 = AXIS2_PLACEMENT_3D ( 'NONE', #608, #198, #3660 ) ;
#290 = EDGE_CURVE ( 'NONE', #670, #3480, #140, .T. ) ;
#291 = ADVANCED_FACE ( 'NONE', ( #3771 ), #4122, .T. ) ;
#292 = EDGE_CURVE ( 'NONE', #1962, #4850, #2455, .T. ) ;
#293 = CARTESIAN_POINT ( 'NONE',  ( 20.00000000000000000, -11.59912988617140073, 0.7599749230010899304 ) ) ;
#294 = B_SPLINE_CURVE_WITH_KNOTS ( 'NONE', 3,
 ( #1296, #2811, #2499, #541, #1643, #3698, #2007, #55 ),
 .UNSPECIFIED., .F., .F.,
 ( 4, 2, 2, 4 ),
 ( 3.392033185201176552E-07, 0.002116429559175597719, 0.003174474737104139490, 0.004232519915032681261 ),
 .UNSPECIFIED. ) ;
#295 = LINE ( 'NONE', #1917, #2107 ) ;
#296 = EDGE_CURVE ( 'NONE', #1975, #2555, #2900, .T. ) ;
#297 = CARTESIAN_POINT ( 'NONE',  ( 2.360526585318501347, 0.000000000000000000, -6.398220130030271836E-17 ) ) ;
#298 = LINE ( 'NONE', #1870, #634 ) ;
#299 = DIRECTION ( 'NONE',  ( 1.000000000000000000, 0.000000000000000000, -2.710505431213761085E-17 ) ) ;
#300 = EDGE_LOOP ( 'NONE', ( #4329, #2132, #3681, #4969 ) ) ;
#301 = ORIENTED_EDGE ( 'NONE', *, *, #1899, .T. ) ;
#302 = CARTESIAN_POINT ( 'NONE',  ( 0.000000000000000000, 0.000000000000000000, 0.000000000000000000 ) ) ;
#303 = VERTEX_POINT ( 'NONE', #319 ) ;
#304 = CIRCLE ( 'NONE', #801, 5.399999999997298517 ) ;
#305 = CARTESIAN_POINT ( 'NONE',  ( 20.00000000000000000, -10.63969002948373976, -4.681278893247999839 ) ) ;
#306 = ORIENTED_EDGE ( 'NONE', *, *, #4865, .F. ) ;
#307 = CARTESIAN_POINT ( 'NONE',  ( 2.360526585318501347, 0.000000000000000000, -6.398220130030271836E-17 ) ) ;
#308 = DIRECTION ( 'NONE',  ( -2.710505431213761085E-17, 0.000000000000000000, -1.000000000000000000 ) ) ;
#309 = VERTEX_POINT ( 'NONE', #2648 ) ;
#310 = VERTEX_POINT ( 'NONE', #1846 ) ;
#311 = DIRECTION ( 'NONE',  ( 0.000000000000000000, -0.6427876096865297040, -0.7660444431189860071 ) ) ;
#312 = CIRCLE ( 'NONE', #3211, 14.99999999999250022 ) ;
#313 = CARTESIAN_POINT ( 'NONE',  ( 20.00000000000000000, 9.373951458494477862, 6.873602407301000028 ) ) ;
#314 = DIRECTION ( 'NONE',  ( 0.000000000000000000, 0.000000000000000000, -1.000000000000000000 ) ) ;
#315 = EDGE_CURVE ( 'NONE', #699, #2555, #1453, .T. ) ;
#316 = FACE_OUTER_BOUND ( 'NONE', #684, .T. ) ;
#317 = CARTESIAN_POINT ( 'NONE',  ( 0.000000000000000000, -7.000001873099980010, -1.844327237370754842E-15 ) ) ;
#318 = EDGE_CURVE ( 'NONE', #2961, #767, #2193, .T. ) ;
#319 = CARTESIAN_POINT ( 'NONE',  ( 0.000000000000000000, -8.396946530139150155, -8.037951540650688287 ) ) ;
#320 = DIRECTION ( 'NONE',  ( 1.000000000000000000, 0.000000000000000000, 0.000000000000000000 ) ) ;
#321 = EDGE_LOOP ( 'NONE', ( #4988, #3851, #2819, #1486, #1785 ) ) ;
#322 = VERTEX_POINT ( 'NONE', #2723 ) ;
#323 = DIRECTION ( 'NONE',  ( 0.000000000000000000, -0.6427876096865297040, -0.7660444431189860071 ) ) ;
#324 = ORIENTED_EDGE ( 'NONE', *, *, #3468, .F. ) ;
#325 = ORIENTED_EDGE ( 'NONE', *, *, #83, .F. ) ;
#326 = ORIENTED_EDGE ( 'NONE', *, *, #3883, .T. ) ;
#327 = ORIENTED_EDGE ( 'NONE', *, *, #2545, .F. ) ;
#328 = CIRCLE ( 'NONE', #1483, 11.62399999999419720 ) ;
#329 = CIRCLE ( 'NONE', #97, 11.62399999999420253 ) ;
#330 = CIRCLE ( 'NONE', #1659, 11.62399999999419542 ) ;
#331 = CARTESIAN_POINT ( 'NONE',  ( 0.000000000000000000, -9.373951458494518718, 6.873602407300939632 ) ) ;
#332 = ORIENTED_EDGE ( 'NONE', *, *, #238, .F. ) ;
#333 = ORIENTED_EDGE ( 'NONE', *, *, #1431, .F. ) ;
#334 = DIRECTION ( 'NONE',  ( 1.000000000000000000, 0.000000000000000000, 0.000000000000000000 ) ) ;
#335 = CARTESIAN_POINT ( 'NONE',  ( 17.63947341468150043, 0.000000000000000000, -6.398220130030271836E-17 ) ) ;
#336 = AXIS2_PLACEMENT_3D ( 'NONE', #3803, #244, #2177 ) ;
#337 = CARTESIAN_POINT ( 'NONE',  ( 5.000000000000000000, 0.2738250307120564941, 3.994644099306214446 ) ) ;
#338 = CARTESIAN_POINT ( 'NONE',  ( 20.00000000000000000, 12.53200494222450168, -1.969683236929980152 ) ) ;
#339 = FACE_OUTER_BOUND ( 'NONE', #1827, .T. ) ;
#340 = CARTESIAN_POINT ( 'NONE',  ( 0.000000000000000000, 0.2738250307120564941, 6.994644099306220220 ) ) ;
#341 = CARTESIAN_POINT ( 'NONE',  ( 1.621657445397318043, 3.863731385843043320, 13.42189017100558424 ) ) ;
#342 = ORIENTED_EDGE ( 'NONE', *, *, #4383, .T. ) ;
#343 = VECTOR ( 'NONE', #4461, 1000.000000000000000 ) ;
#344 = CYLINDRICAL_SURFACE ( 'NONE', #1443, 1.750000000000000000 ) ;
#345 = ORIENTED_EDGE ( 'NONE', *, *, #3396, .F. ) ;
#346 = EDGE_CURVE ( 'NONE', #2517, #3974, #298, .T. ) ;
#347 = CIRCLE ( 'NONE', #1270, 11.62399999999420253 ) ;
#348 = EDGE_LOOP ( 'NONE', ( #4233, #3458 ) ) ;
#349 = CARTESIAN_POINT ( 'NONE',  ( 1.998619651874312897, -0.7206495938125421219, 14.47979311842202499 ) ) ;
#350 = ORIENTED_EDGE ( 'NONE', *, *, #4053, .F. ) ;
#351 = ADVANCED_FACE ( 'NONE', ( #1484 ), #3071, .F. ) ;
#352 = EDGE_CURVE ( 'NONE', #4587, #1320, #1535, .T. ) ;
#353 = CARTESIAN_POINT ( 'NONE',  ( 2.360526585318500903, 9.350005781138241545, 11.72933893672001915 ) ) ;
#354 = ORIENTED_EDGE ( 'NONE', *, *, #1318, .F. ) ;
#355 = ORIENTED_EDGE ( 'NONE', *, *, #3307, .T. ) ;
#356 = CARTESIAN_POINT ( 'NONE',  ( 2.360526585318501347, 12.79780162109351949, 7.824082928171905316 ) ) ;
#357 = CARTESIAN_POINT ( 'NONE',  ( 19.17957258895064498, 5.555350419330573608, -11.58190056492979636 ) ) ;
#358 = AXIS2_PLACEMENT_3D ( 'NONE', #1992, #64, #1554 ) ;
#359 = DIRECTION ( 'NONE',  ( 0.000000000000000000, 0.8660254037844379305, 0.5000000000000011102 ) ) ;
#360 = AXIS2_PLACEMENT_3D ( 'NONE', #1874, #1489, #766 ) ;
#361 = DIRECTION ( 'NONE',  ( -1.000000000000000000, 0.000000000000000000, 0.000000000000000000 ) ) ;
#362 = AXIS2_PLACEMENT_3D ( 'NONE', #3386, #2553, #2975 ) ;
#363 = DIRECTION ( 'NONE',  ( -1.000000000000000000, 0.000000000000000000, 0.000000000000000000 ) ) ;
#364 = CARTESIAN_POINT ( 'NONE',  ( 1.998619259064676079, 9.859481150260199556, -10.62893975767317301 ) ) ;
#365 = DIRECTION ( 'NONE',  ( 1.000000000000000000, 0.000000000000000000, 0.000000000000000000 ) ) ;
#366 = CIRCLE ( 'NONE', #716, 3.000000000000000000 ) ;
#367 = CARTESIAN_POINT ( 'NONE',  ( 2.360526585318500903, -5.482902598228226232, -13.96201200035715395 ) ) ;
#368 = CARTESIAN_POINT ( 'NONE',  ( 20.00000000000000000, -12.44990391086185966, 2.435301323468734847 ) ) ;
#369 = EDGE_LOOP ( 'NONE', ( #1564, #2056, #3493, #3487, #4328, #2701 ) ) ;
#370 = DIRECTION ( 'NONE',  ( -1.000000000000000000, 0.000000000000000000, 0.000000000000000000 ) ) ;
#371 = VERTEX_POINT ( 'NONE', #1666 ) ;
#372 = CARTESIAN_POINT ( 'NONE',  ( 50.00005080000000390, 3.673940397442060361E-16, -3.000000000000000000 ) ) ;
#373 = DIRECTION ( 'NONE',  ( 0.000000000000000000, 0.8660254037844379305, 0.5000000000000011102 ) ) ;
#374 = EDGE_LOOP ( 'NONE', ( #4660, #3221, #217, #3103 ) ) ;
#375 = VECTOR ( 'NONE', #702, 1000.000000000000000 ) ;
#376 = DIRECTION ( 'NONE',  ( 0.000000000000000000, 0.000000000000000000, 1.000000000000000000 ) ) ;
#377 = EDGE_CURVE ( 'NONE', #1366, #1102, #151, .T. ) ;
#378 = ADVANCED_FACE ( 'NONE', ( #1255 ), #868, .F. ) ;
#379 = CARTESIAN_POINT ( 'NONE',  ( 0.000000000000000000, -4.115919143436959970, -11.99958372321604116 ) ) ;
#380 = EDGE_LOOP ( 'NONE', ( #4023, #2632, #5018, #1699 ) ) ;
#381 = ORIENTED_EDGE ( 'NONE', *, *, #3114, .F. ) ;
#382 = EDGE_CURVE ( 'NONE', #4828, #2838, #304, .T. ) ;
#383 = ADVANCED_FACE ( 'NONE', ( #2410 ), #3697, .T. ) ;
#384 = CARTESIAN_POINT ( 'NONE',  ( 18.37834204905228574, 13.88891209135135796, 1.474346207013659038 ) ) ;
#385 = EDGE_CURVE ( 'NONE', #2728, #1550, #3661, .T. ) ;
#386 = CARTESIAN_POINT ( 'NONE',  ( 2.360526585318501347, 0.000000000000000000, -6.398220130030271836E-17 ) ) ;
#387 = CARTESIAN_POINT ( 'NONE',  ( 17.63947341468150753, -12.79780162109356034, 7.824082928171821827 ) ) ;
#388 = CARTESIAN_POINT ( 'NONE',  ( 20.00000000000000000, 7.000001873099980010, -3.000000000000000000 ) ) ;
#389 = CARTESIAN_POINT ( 'NONE',  ( 20.00000000000000000, 2.781836774362770992, -11.35960191498106653 ) ) ;
#390 = AXIS2_PLACEMENT_3D ( 'NONE', #407, #3158, #1114 ) ;
#391 = B_SPLINE_CURVE_WITH_KNOTS ( 'NONE', 3,
 ( #4091, #1690, #950, #116 ),
 .UNSPECIFIED., .F., .F.,
 ( 4, 4 ),
 ( 2.416407163653209047E-07, 0.001607584645949918997 ),
 .UNSPECIFIED. ) ;
#392 = FACE_OUTER_BOUND ( 'NONE', #530, .T. ) ;
#393 = FACE_OUTER_BOUND ( 'NONE', #3621, .T. ) ;
#394 = DIRECTION ( 'NONE',  ( -1.000000000000000000, 0.000000000000000000, 0.000000000000000000 ) ) ;
#395 = DIRECTION ( 'NONE',  ( 0.000000000000000000, 0.000000000000000000, -1.000000000000000000 ) ) ;
#396 = CIRCLE ( 'NONE', #2292, 14.99999999999250022 ) ;
#397 = CARTESIAN_POINT ( 'NONE',  ( 20.00000000000000000, 11.22862222243335317, -3.270659641710590204 ) ) ;
#398 = EDGE_LOOP ( 'NONE', ( #4174, #4985, #2139, #1417 ) ) ;
#399 = CARTESIAN_POINT ( 'NONE',  ( 2.153576846227663655, 12.44990391086185966, 7.835301323466116408 ) ) ;
#400 = DIRECTION ( 'NONE',  ( 0.000000000000000000, 0.000000000000000000, 1.000000000000000000 ) ) ;
#401 = ORIENTED_EDGE ( 'NONE', *, *, #2280, .T. ) ;
#402 = DIRECTION ( 'NONE',  ( 0.000000000000000000, 0.000000000000000000, -1.000000000000000000 ) ) ;
#403 = ORIENTED_EDGE ( 'NONE', *, *, #1432, .T. ) ;
#404 = CARTESIAN_POINT ( 'NONE',  ( 0.9269598836624031168, -12.53200494222450168, 3.430316763067235541 ) ) ;
#405 = DIRECTION ( 'NONE',  ( 0.000000000000000000, 0.000000000000000000, 1.000000000000000000 ) ) ;
#406 = CIRCLE ( 'NONE', #3548, 11.62399999999420608 ) ;
#407 = CARTESIAN_POINT ( 'NONE',  ( 3.170007328614371243E-16, 0.000000000000000000, -8.592322081196679186E-33 ) ) ;
#408 = VERTEX_POINT ( 'NONE', #812 ) ;
#409 = VERTEX_POINT ( 'NONE', #3390 ) ;
#410 = CIRCLE ( 'NONE', #4205, 5.399999999997306510 ) ;
#411 = CARTESIAN_POINT ( 'NONE',  ( 20.00000000000000000, 0.000000000000000000, 0.000000000000000000 ) ) ;
#412 = ADVANCED_FACE ( 'NONE', ( #4557 ), #3793, .T. ) ;
#413 = CARTESIAN_POINT ( 'NONE',  ( 19.58410752341013961, -12.24956560762316649, 0.8282410750946428424 ) ) ;
#414 = CARTESIAN_POINT ( 'NONE',  ( 1.611745576893879095, 3.878067180410728287, -13.40260351129049177 ) ) ;
#415 = EDGE_LOOP ( 'NONE', ( #2586, #1063, #2442, #4227, #185 ) ) ;
#416 = CARTESIAN_POINT ( 'NONE',  ( 3.170007328614371243E-16, 0.000000000000000000, -8.592322081196679186E-33 ) ) ;
#417 = VECTOR ( 'NONE', #2620, 1000.000000000000000 ) ;
#418 = ADVANCED_FACE ( 'NONE', ( #2693 ), #3520, .T. ) ;
#419 = DIRECTION ( 'NONE',  ( -1.000000000000000000, 0.000000000000000000, 0.000000000000000000 ) ) ;
#420 = CARTESIAN_POINT ( 'NONE',  ( 20.00000000000000000, 0.000000000000000000, 0.000000000000000000 ) ) ;
#421 = DIRECTION ( 'NONE',  ( 0.000000000000000000, 0.000000000000000000, 1.000000000000000000 ) ) ;
#422 = DIRECTION ( 'NONE',  ( 2.710505431213761085E-17, 0.000000000000000000, 1.000000000000000000 ) ) ;
#423 = CARTESIAN_POINT ( 'NONE',  ( 19.58410760666223638, -6.842060546685290845, -10.19431436965019877 ) ) ;
#424 = CARTESIAN_POINT ( 'NONE',  ( 17.63947341468150043, -14.70199371010877343, -2.975127047320349938 ) ) ;
#425 = VERTEX_POINT ( 'NONE', #2843 ) ;
#426 = DIRECTION ( 'NONE',  ( -1.000000000000000000, 0.000000000000000000, 0.000000000000000000 ) ) ;
#427 = EDGE_LOOP ( 'NONE', ( #3000, #3253, #1544, #3556, #2272, #1184 ) ) ;
#428 = DIRECTION ( 'NONE',  ( -1.000000000000000000, 0.000000000000000000, 0.000000000000000000 ) ) ;
#429 = AXIS2_PLACEMENT_3D ( 'NONE', #1537, #3445, #3370 ) ;
#430 = CARTESIAN_POINT ( 'NONE',  ( 17.82022039707604222, 14.60918577598492440, -2.018924906908758032 ) ) ;
#431 = ORIENTED_EDGE ( 'NONE', *, *, #1349, .T. ) ;
#432 = CARTESIAN_POINT ( 'NONE',  ( 19.17577727354824191, -3.214899911674023780, 12.44061307344665224 ) ) ;
#433 = AXIS2_PLACEMENT_3D ( 'NONE', #2747, #4674, #3877 ) ;
#434 = VERTEX_POINT ( 'NONE', #1910 ) ;
#435 = ORIENTED_EDGE ( 'NONE', *, *, #2372, .F. ) ;
#436 = CARTESIAN_POINT ( 'NONE',  ( 0.000000000000000000, 0.000000000000000000, 0.000000000000000000 ) ) ;
#437 = CARTESIAN_POINT ( 'NONE',  ( 20.00000000000000000, 0.000000000000000000, -8.592322081196679186E-33 ) ) ;
#438 = DIRECTION ( 'NONE',  ( -1.000000000000000000, 0.000000000000000000, 0.000000000000000000 ) ) ;
#439 = DIRECTION ( 'NONE',  ( -1.000000000000000000, 0.000000000000000000, 0.000000000000000000 ) ) ;
#440 = VECTOR ( 'NONE', #2315, 1000.000000000000000 ) ;
#441 = AXIS2_PLACEMENT_3D ( 'NONE', #1456, #3786, #3466 ) ;
#442 = AXIS2_PLACEMENT_3D ( 'NONE', #1826, #2980, #164 ) ;
#443 = CARTESIAN_POINT ( 'NONE',  ( 5.044004627177723375E-16, -9.432821964585894392, 6.913829712284247364 ) ) ;
#444 = DIRECTION ( 'NONE',  ( 1.000000000000000000, 0.000000000000000000, -2.710505431213761085E-17 ) ) ;
#445 = FACE_OUTER_BOUND ( 'NONE', #2370, .T. ) ;
#446 = DIRECTION ( 'NONE',  ( 1.000000000000000000, 0.000000000000000000, 0.000000000000000000 ) ) ;
#447 = EDGE_CURVE ( 'NONE', #4092, #1573, #1502, .T. ) ;
#448 = AXIS2_PLACEMENT_3D ( 'NONE', #3098, #2702, #1921 ) ;
#449 = CARTESIAN_POINT ( 'NONE',  ( -10.00000000000000000, 0.000000000000000000, 0.000000000000000000 ) ) ;
#450 = EDGE_CURVE ( 'NONE', #3030, #1448, #3705, .T. ) ;
#451 = EDGE_CURVE ( 'NONE', #4939, #1955, #1467, .T. ) ;
#452 = EDGE_LOOP ( 'NONE', ( #2102, #849, #4738, #1775 ) ) ;
#453 = EDGE_CURVE ( 'NONE', #2732, #3100, #4594, .T. ) ;
#454 = CARTESIAN_POINT ( 'NONE',  ( 1.611745341706204648, 11.58579892965635771, -7.774216353434813875 ) ) ;
#455 = EDGE_LOOP ( 'NONE', ( #253, #677, #1710, #2689 ) ) ;
#456 = EDGE_CURVE ( 'NONE', #2705, #3456, #157, .T. ) ;
#457 = EDGE_LOOP ( 'NONE', ( #3178, #4000, #2684, #1027 ) ) ;
#458 = CIRCLE ( 'NONE', #3362, 11.69526278054659940 ) ;
#459 = DIRECTION ( 'NONE',  ( 0.000000000000000000, 0.000000000000000000, 1.000000000000000000 ) ) ;
#460 = CARTESIAN_POINT ( 'NONE',  ( 0.000000000000000000, -2.762596963521990023, -11.29094477964549981 ) ) ;
#461 = ORIENTED_EDGE ( 'NONE', *, *, #798, .T. ) ;
#462 = CARTESIAN_POINT ( 'NONE',  ( 17.63947341468150043, 0.000000000000000000, -6.398220130030271836E-17 ) ) ;
#463 = FACE_OUTER_BOUND ( 'NONE', #1716, .T. ) ;
#464 = ORIENTED_EDGE ( 'NONE', *, *, #1689, .F. ) ;
#465 = EDGE_LOOP ( 'NONE', ( #673, #1348, #1823, #1513 ) ) ;
#466 = CIRCLE ( 'NONE', #3371, 3.000000000000000000 ) ;
#467 = CYLINDRICAL_SURFACE ( 'NONE', #3962, 5.399999999997299405 ) ;
#468 = CARTESIAN_POINT ( 'NONE',  ( 0.000000000000000000, -9.373951458494429900, -6.873602407301070194 ) ) ;
#469 = ORIENTED_EDGE ( 'NONE', *, *, #4927, .T. ) ;
#470 = CARTESIAN_POINT ( 'NONE',  ( 1.621656871000029199, -9.691831829852704416, 10.05703381868856994 ) ) ;
#471 = CARTESIAN_POINT ( 'NONE',  ( 20.00000000000000000, 4.115919143437039907, 11.99958372321601985 ) ) ;
#472 = ORIENTED_EDGE ( 'NONE', *, *, #4950, .F. ) ;
#473 = DIRECTION ( 'NONE',  ( -2.710505431213761085E-17, 0.000000000000000000, -1.000000000000000000 ) ) ;
#474 = CARTESIAN_POINT ( 'NONE',  ( 20.00000000000000000, -5.141407353527609914, 10.42512860472029956 ) ) ;
#475 = CARTESIAN_POINT ( 'NONE',  ( 20.00000000000000000, 0.000000000000000000, 4.438010260060118261E-16 ) ) ;
#476 = DIRECTION ( 'NONE',  ( 0.000000000000000000, 0.000000000000000000, 1.000000000000000000 ) ) ;
#477 = AXIS2_PLACEMENT_3D ( 'NONE', #3070, #5049, #3814 ) ;
#478 = DIRECTION ( 'NONE',  ( 1.000000000000000000, 0.000000000000000000, 0.000000000000000000 ) ) ;
#479 = CARTESIAN_POINT ( 'NONE',  ( 0.000000000000000000, -4.115919143437120731, 11.99958372321600031 ) ) ;
#480 = EDGE_LOOP ( 'NONE', ( #1240, #2754, #1018, #3889 ) ) ;
#481 = EDGE_CURVE ( 'NONE', #1845, #4352, #3571, .T. ) ;
#482 = CYLINDRICAL_SURFACE ( 'NONE', #3998, 11.62399999999419897 ) ;
#483 = AXIS2_PLACEMENT_3D ( 'NONE', #1420, #2615, #4183 ) ;
#484 = EDGE_CURVE ( 'NONE', #3061, #2834, #2365, .T. ) ;
#485 = CYLINDRICAL_SURFACE ( 'NONE', #3712, 5.399999999997300293 ) ;
#486 = DIRECTION ( 'NONE',  ( -1.000000000000000000, 0.000000000000000000, 0.000000000000000000 ) ) ;
#487 = CARTESIAN_POINT ( 'NONE',  ( 20.00000000000000000, -10.70396315057080905, 4.712148594564989246 ) ) ;
#488 = ORIENTED_EDGE ( 'NONE', *, *, #2335, .T. ) ;
#489 = CARTESIAN_POINT ( 'NONE',  ( 10.00000000000000000, -5.482902598228419855, 13.96201200035707934 ) ) ;
#490 = CARTESIAN_POINT ( 'NONE',  ( 20.00000000000000000, -8.396946530139150155, -8.037951540650688287 ) ) ;
#491 = DIRECTION ( 'NONE',  ( -1.000000000000000000, 0.000000000000000000, 0.000000000000000000 ) ) ;
#492 = ORIENTED_EDGE ( 'NONE', *, *, #2576, .T. ) ;
#493 = VERTEX_POINT ( 'NONE', #773 ) ;
#494 = DIRECTION ( 'NONE',  ( 0.000000000000000000, 0.000000000000000000, 1.000000000000000000 ) ) ;
#495 = DIRECTION ( 'NONE',  ( 0.000000000000000000, -0.8660254037844328234, -0.5000000000000098810 ) ) ;
#496 = VERTEX_POINT ( 'NONE', #4661 ) ;
#497 = CARTESIAN_POINT ( 'NONE',  ( 5.000000000000000000, -0.2738250307121675164, -6.994644099306180252 ) ) ;
#498 = CARTESIAN_POINT ( 'NONE',  ( 20.00000000000000000, 0.000000000000000000, -8.592322081196679186E-33 ) ) ;
#499 = EDGE_LOOP ( 'NONE', ( #2127, #4536, #2336, #89, #2498, #1037 ) ) ;
#500 = CIRCLE ( 'NONE', #1739, 14.99999999999250022 ) ;
#501 = DIRECTION ( 'NONE',  ( -1.000000000000000000, 0.000000000000000000, 0.000000000000000000 ) ) ;
#502 = CARTESIAN_POINT ( 'NONE',  ( 17.63947341468150043, 14.70199371010883205, -2.975127047320057727 ) ) ;
#503 = CARTESIAN_POINT ( 'NONE',  ( 18.00138052144228240, -12.90019334751555569, -6.615795437770080056 ) ) ;
#504 = VECTOR ( 'NONE', #4922, 1000.000000000000000 ) ;
#505 = DIRECTION ( 'NONE',  ( -1.000000000000000000, 0.000000000000000000, 0.000000000000000000 ) ) ;
#506 = ORIENTED_EDGE ( 'NONE', *, *, #233, .T. ) ;
#507 = AXIS2_PLACEMENT_3D ( 'NONE', #3826, #1790, #577 ) ;
#508 = CARTESIAN_POINT ( 'NONE',  ( 1.414568165165081881, 11.29039208455881038, -7.717516860840210491 ) ) ;
#509 = ORIENTED_EDGE ( 'NONE', *, *, #3491, .T. ) ;
#510 = CARTESIAN_POINT ( 'NONE',  ( 0.2080864150977292659, 1.291312437726523266, -11.91682995217092156 ) ) ;
#511 = CARTESIAN_POINT ( 'NONE',  ( 2.283493256363549882E-16, 11.22862222243335317, -3.270659641710590204 ) ) ;
#512 = ORIENTED_EDGE ( 'NONE', *, *, #1529, .T. ) ;
#513 = DIRECTION ( 'NONE',  ( 0.000000000000000000, 0.000000000000000000, -1.000000000000000000 ) ) ;
#514 = ADVANCED_FACE ( 'NONE', ( #1622 ), #796, .T. ) ;
#515 = CARTESIAN_POINT ( 'NONE',  ( 2.360526585318501791, 0.3769537665661804038, 14.99526278054661610 ) ) ;
#516 = DIRECTION ( 'NONE',  ( 0.000000000000000000, 0.000000000000000000, 1.000000000000000000 ) ) ;
#517 = VERTEX_POINT ( 'NONE', #2392 ) ;
#518 = ORIENTED_EDGE ( 'NONE', *, *, #4950, .T. ) ;
#519 = EDGE_CURVE ( 'NONE', #2390, #3506, #4818, .T. ) ;
#520 = ADVANCED_FACE ( 'NONE', ( #747 ), #3352, .T. ) ;
#521 = CIRCLE ( 'NONE', #2664, 3.000000000000000000 ) ;
#522 = CARTESIAN_POINT ( 'NONE',  ( 2.360526585318501347, -14.83290837936660367, -2.232673063637195643 ) ) ;
#523 = EDGE_CURVE ( 'NONE', #4312, #4511, #1792, .T. ) ;
#524 = CARTESIAN_POINT ( 'NONE',  ( 1.892776892788862601E-16, -10.70396315057074688, -4.712148594565133131 ) ) ;
#525 = ORIENTED_EDGE ( 'NONE', *, *, #2968, .T. ) ;
#526 = EDGE_CURVE ( 'NONE', #2060, #4175, #3024, .T. ) ;
#527 = DIRECTION ( 'NONE',  ( -1.000000000000000000, 0.000000000000000000, 0.000000000000000000 ) ) ;
#528 = AXIS2_PLACEMENT_3D ( 'NONE', #681, #2242, #4565 ) ;
#529 = CARTESIAN_POINT ( 'NONE',  ( 18.97193194381492987, -1.182718789111239843, -13.08156344294730644 ) ) ;
#530 = EDGE_LOOP ( 'NONE', ( #3725, #1562, #4240, #1188, #1681, #179 ) ) ;
#531 = VERTEX_POINT ( 'NONE', #1134 ) ;
#532 = CIRCLE ( 'NONE', #1840, 11.62399999999420430 ) ;
#533 = CARTESIAN_POINT ( 'NONE',  ( -10.00000000000000000, 0.000000000000000000, 0.000000000000000000 ) ) ;
#534 = CYLINDRICAL_SURFACE ( 'NONE', #2862, 11.62399999999419897 ) ;
#535 = DIRECTION ( 'NONE',  ( -1.000000000000000000, -0.000000000000000000, 2.710505431213761085E-17 ) ) ;
#536 = ORIENTED_EDGE ( 'NONE', *, *, #902, .T. ) ;
#537 = DIRECTION ( 'NONE',  ( -1.000000000000000000, 0.000000000000000000, 0.000000000000000000 ) ) ;
#538 = VECTOR ( 'NONE', #3231, 1000.000000000000000 ) ;
#539 = CARTESIAN_POINT ( 'NONE',  ( 20.00000000000000000, 2.781836774362619558, 11.35960191498110206 ) ) ;
#540 = ORIENTED_EDGE ( 'NONE', *, *, #4047, .F. ) ;
#541 = CARTESIAN_POINT ( 'NONE',  ( 18.58543181286069412, -5.639714429572335597, 12.45899843146661468 ) ) ;
#542 = CARTESIAN_POINT ( 'NONE',  ( 2.360526585318501347, 14.70199371010883205, -2.975127047320057727 ) ) ;
#543 = VERTEX_POINT ( 'NONE', #1212 ) ;
#544 = VECTOR ( 'NONE', #3788, 1000.000000000000000 ) ;
#545 =( NAMED_UNIT ( * ) SI_UNIT ( $, .STERADIAN. ) SOLID_ANGLE_UNIT ( ) );
#546 = CARTESIAN_POINT ( 'NONE',  ( 20.00000000000000000, -5.141407353527609914, 10.42512860472029956 ) ) ;
#547 = CYLINDRICAL_SURFACE ( 'NONE', #2170, 5.399999999997300293 ) ;
#548 = FACE_BOUND ( 'NONE', #1914, .T. ) ;
#549 = CIRCLE ( 'NONE', #3433, 11.69526278054659940 ) ;
#550 = ORIENTED_EDGE ( 'NONE', *, *, #2518, .T. ) ;
#551 = ORIENTED_EDGE ( 'NONE', *, *, #451, .F. ) ;
#552 = EDGE_CURVE ( 'NONE', #1026, #727, #1546, .T. ) ;
#553 = CARTESIAN_POINT ( 'NONE',  ( 20.00000000000000000, 0.000000000000000000, 4.438010260060118261E-16 ) ) ;
#554 = ORIENTED_EDGE ( 'NONE', *, *, #2729, .T. ) ;
#555 = CARTESIAN_POINT ( 'NONE',  ( 10.00000000000000000, -13.17475538765980048, 7.171179852374649499 ) ) ;
#556 = EDGE_CURVE ( 'NONE', #911, #4850, #1104, .T. ) ;
#557 = CARTESIAN_POINT ( 'NONE',  ( 17.63947341468149332, -14.70199371010882139, 2.975127047320154094 ) ) ;
#558 = ORIENTED_EDGE ( 'NONE', *, *, #1750, .T. ) ;
#559 = EDGE_CURVE ( 'NONE', #1686, #2974, #56, .T. ) ;
#560 = CARTESIAN_POINT ( 'NONE',  ( 0.4158924112993724331, 11.22755119590671846, 4.967890171146178702 ) ) ;
#561 = CARTESIAN_POINT ( 'NONE',  ( 19.17577721871204233, -11.69335075898819731, -5.326348194270697611 ) ) ;
#562 = DIRECTION ( 'NONE',  ( 1.000000000000000000, 0.000000000000000000, 0.000000000000000000 ) ) ;
#563 = ORIENTED_EDGE ( 'NONE', *, *, #862, .T. ) ;
#564 = DIRECTION ( 'NONE',  ( -1.000000000000000000, 0.000000000000000000, 0.000000000000000000 ) ) ;
#565 = CARTESIAN_POINT ( 'NONE',  ( 3.170007328614371243E-16, 0.000000000000000000, -8.592322081196679186E-33 ) ) ;
#566 = CARTESIAN_POINT ( 'NONE',  ( 0.000000000000000000, 7.971798191701960690, 9.868193021853580049 ) ) ;
#567 = CARTESIAN_POINT ( 'NONE',  ( 20.00000000000000000, 10.63969002948381970, -4.681278893247789341 ) ) ;
#568 = ORIENTED_EDGE ( 'NONE', *, *, #5070, .F. ) ;
#569 = CARTESIAN_POINT ( 'NONE',  ( 17.84642315377233501, 12.44990391086186143, 7.835301323466116408 ) ) ;
#570 = AXIS2_PLACEMENT_3D ( 'NONE', #2141, #2085, #1774 ) ;
#571 = CARTESIAN_POINT ( 'NONE',  ( 0.000000000000000000, -1.265738570989169975, -11.55488130054892082 ) ) ;
#572 = DIRECTION ( 'NONE',  ( 0.000000000000000000, 0.000000000000000000, 1.000000000000000000 ) ) ;
#573 = ORIENTED_EDGE ( 'NONE', *, *, #292, .T. ) ;
#574 = ORIENTED_EDGE ( 'NONE', *, *, #3576, .T. ) ;
#575 = CARTESIAN_POINT ( 'NONE',  ( 5.000000000000000000, -7.000001873099980010, -1.844327237370754842E-15 ) ) ;
#576 = DIRECTION ( 'NONE',  ( -2.891205793296123914E-17, 0.000000000000000000, -1.000000000000000000 ) ) ;
#577 = DIRECTION ( 'NONE',  ( 0.000000000000000000, 0.8660254037844390407, -0.4999999999999994449 ) ) ;
#578 = ORIENTED_EDGE ( 'NONE', *, *, #204, .T. ) ;
#579 = B_SPLINE_CURVE_WITH_KNOTS ( 'NONE', 3,
 ( #669, #4914, #252, #1847, #4173, #643 ),
 .UNSPECIFIED., .F., .F.,
 ( 4, 2, 4 ),
 ( 2.487796782662530327E-07, 0.001320396727651203120, 0.002640544675624140279 ),
 .UNSPECIFIED. ) ;
#580 = EDGE_CURVE ( 'NONE', #3506, #2390, #210, .T. ) ;
#581 = ADVANCED_FACE ( 'NONE', ( #3890 ), #1949, .T. ) ;
#582 = DIRECTION ( 'NONE',  ( -1.000000000000000000, 0.000000000000000000, 0.000000000000000000 ) ) ;
#583 = DIRECTION ( 'NONE',  ( -1.000000000000000000, 0.000000000000000000, 0.000000000000000000 ) ) ;
#584 = CIRCLE ( 'NONE', #3467, 5.399999999997299405 ) ;
#585 = ORIENTED_EDGE ( 'NONE', *, *, #4224, .F. ) ;
#586 = DIRECTION ( 'NONE',  ( -1.000000000000000000, 0.000000000000000000, 0.000000000000000000 ) ) ;
#587 = CONICAL_SURFACE ( 'NONE', #2730, 11.69526278054659940, 0.9505468408120750778 ) ;
#588 = AXIS2_PLACEMENT_3D ( 'NONE', #1909, #5038, #3110 ) ;
#589 = CARTESIAN_POINT ( 'NONE',  ( 17.63947341468150043, 12.79780162109351949, 7.824082928171905316 ) ) ;
#590 = CARTESIAN_POINT ( 'NONE',  ( 20.00000000000000000, -12.44990391086184012, -2.435301323468904933 ) ) ;
#591 = CYLINDRICAL_SURFACE ( 'NONE', #2641, 11.62399999999419897 ) ;
#592 = EDGE_LOOP ( 'NONE', ( #2622, #4129, #4288, #1209 ) ) ;
#593 = CARTESIAN_POINT ( 'NONE',  ( 17.82022053183105115, 13.03763098112654717, -6.893804443120838954 ) ) ;
#594 = CIRCLE ( 'NONE', #390, 11.69526278054659940 ) ;
#595 = B_SPLINE_CURVE_WITH_KNOTS ( 'NONE', 3,
 ( #1019, #1503, #2300, #268, #690, #2621, #2666, #3089 ),
 .UNSPECIFIED., .F., .F.,
 ( 4, 2, 2, 4 ),
 ( 3.392033185195020211E-07, 0.002116429530400614455, 0.003174474693941662859, 0.004232519857482711263 ),
 .UNSPECIFIED. ) ;
#596 = DIRECTION ( 'NONE',  ( -1.000000000000000000, 0.000000000000000000, 0.000000000000000000 ) ) ;
#597 = CARTESIAN_POINT ( 'NONE',  ( 0.8204274929904353808, 1.259078493560450873, 12.78346835900056533 ) ) ;
#598 = VERTEX_POINT ( 'NONE', #4484 ) ;
#599 = ORIENTED_EDGE ( 'NONE', *, *, #2989, .F. ) ;
#600 = LINE ( 'NONE', #4059, #504 ) ;
#601 = CARTESIAN_POINT ( 'NONE',  ( 1.414568256873772523, -12.32876179180773413, -5.919008034739523971 ) ) ;
#602 = DIRECTION ( 'NONE',  ( 0.000000000000000000, 0.6427876096865402511, -0.7660444431189771253 ) ) ;
#603 = CARTESIAN_POINT ( 'NONE',  ( -10.00000000000000000, 0.000000000000000000, 0.000000000000000000 ) ) ;
#604 = VERTEX_POINT ( 'NONE', #1354 ) ;
#605 = AXIS2_PLACEMENT_3D ( 'NONE', #280, #2656, #1013 ) ;
#606 = DIRECTION ( 'NONE',  ( -2.891205793296123914E-17, 0.000000000000000000, -1.000000000000000000 ) ) ;
#607 = CARTESIAN_POINT ( 'NONE',  ( 10.00000000000000000, -4.774461252588939608, 14.21986356289334097 ) ) ;
#608 = CARTESIAN_POINT ( 'NONE',  ( 20.00000000000000000, 0.000000000000000000, 0.000000000000000000 ) ) ;
#609 = CIRCLE ( 'NONE', #1507, 14.99999999999250022 ) ;
#610 = CIRCLE ( 'NONE', #3755, 11.69526278054659940 ) ;
#611 = ORIENTED_EDGE ( 'NONE', *, *, #2372, .T. ) ;
#612 = ADVANCED_FACE ( 'NONE', ( #960 ), #3991, .T. ) ;
#613 = CARTESIAN_POINT ( 'NONE',  ( 17.63947341468150043, 0.000000000000000000, -6.398220130030271836E-17 ) ) ;
#614 = FACE_BOUND ( 'NONE', #2813, .T. ) ;
#615 = EDGE_CURVE ( 'NONE', #1419, #4629, #1706, .T. ) ;
#616 = EDGE_CURVE ( 'NONE', #425, #3741, #4782, .T. ) ;
#617 = DIRECTION ( 'NONE',  ( -1.000000000000000000, 0.000000000000000000, 0.000000000000000000 ) ) ;
#618 = FACE_OUTER_BOUND ( 'NONE', #3137, .T. ) ;
#619 = EDGE_LOOP ( 'NONE', ( #3034, #266, #4659, #231 ) ) ;
#620 = EDGE_CURVE ( 'NONE', #3506, #4105, #3255, .T. ) ;
#621 = VECTOR ( 'NONE', #2059, 1000.000000000000000 ) ;
#622 = B_SPLINE_CURVE_WITH_KNOTS ( 'NONE', 3,
 ( #4917, #1915, #2254, #1782, #1557, #2717, #3142, #3836 ),
 .UNSPECIFIED., .F., .F.,
 ( 4, 2, 2, 4 ),
 ( 2.537785526860056064E-07, 0.002114458850050214729, 0.003171561385798977659, 0.004228663921547741456 ),
 .UNSPECIFIED. ) ;
#623 = CIRCLE ( 'NONE', #442, 5.399999999997300293 ) ;
#624 = CARTESIAN_POINT ( 'NONE',  ( 19.17957254801722655, -11.70034754606374428, 5.301340185082877632 ) ) ;
#625 = FACE_OUTER_BOUND ( 'NONE', #3444, .T. ) ;
#626 = VECTOR ( 'NONE', #760, 1000.000000000000000 ) ;
#627 = ORIENTED_EDGE ( 'NONE', *, *, #2158, .F. ) ;
#628 = ORIENTED_EDGE ( 'NONE', *, *, #3748, .F. ) ;
#629 = FACE_OUTER_BOUND ( 'NONE', #5028, .T. ) ;
#630 = CARTESIAN_POINT ( 'NONE',  ( 2.360526585318500903, 5.482902598228520219, -13.96201200035704026 ) ) ;
#631 = CIRCLE ( 'NONE', #3768, 11.62399999999419720 ) ;
#632 = APPLICATION_PROTOCOL_DEFINITION ( 'draft international standard', 'automotive_design', 1998, #4763 ) ;
#633 = DIRECTION ( 'NONE',  ( -1.000000000000000000, 0.000000000000000000, 0.000000000000000000 ) ) ;
#634 = VECTOR ( 'NONE', #2307, 1000.000000000000000 ) ;
#635 = AXIS2_PLACEMENT_3D ( 'NONE', #3795, #4102, #2956 ) ;
#636 = CARTESIAN_POINT ( 'NONE',  ( 0.000000000000000000, 10.63969002948381970, -4.681278893247789341 ) ) ;
#637 = AXIS2_PLACEMENT_3D ( 'NONE', #903, #4429, #3613 ) ;
#638 = CARTESIAN_POINT ( 'NONE',  ( 20.00000000000000000, -11.15954349366129961, -3.252993238994929648 ) ) ;
#639 = LINE ( 'NONE', #720, #3687 ) ;
#640 = DIRECTION ( 'NONE',  ( 2.710505431213761085E-17, 0.000000000000000000, 1.000000000000000000 ) ) ;
#641 = ORIENTED_EDGE ( 'NONE', *, *, #4324, .F. ) ;
#642 = CARTESIAN_POINT ( 'NONE',  ( 0.8242228190130476140, -5.533915758742737445, 11.59656047250838995 ) ) ;
#643 = CARTESIAN_POINT ( 'NONE',  ( 19.07304011633759799, -12.53200494222450168, 3.430316763067235097 ) ) ;
#644 = EDGE_LOOP ( 'NONE', ( #1257, #4377, #4353, #4156 ) ) ;
#645 = EDGE_CURVE ( 'NONE', #1624, #5053, #2504, .T. ) ;
#646 = ORIENTED_EDGE ( 'NONE', *, *, #4865, .T. ) ;
#647 = DIRECTION ( 'NONE',  ( 0.000000000000000000, 0.000000000000000000, -1.000000000000000000 ) ) ;
#648 = ORIENTED_EDGE ( 'NONE', *, *, #1110, .T. ) ;
#649 = EDGE_CURVE ( 'NONE', #1682, #3882, #2845, .T. ) ;
#650 = EDGE_CURVE ( 'NONE', #2966, #3032, #1516, .T. ) ;
#651 = VERTEX_POINT ( 'NONE', #487 ) ;
#652 = AXIS2_PLACEMENT_3D ( 'NONE', #297, #1869, #1095 ) ;
#653 = ORIENTED_EDGE ( 'NONE', *, *, #1584, .F. ) ;
#654 = CARTESIAN_POINT ( 'NONE',  ( 17.63947341468150043, 0.000000000000000000, -6.398220130030271836E-17 ) ) ;
#655 = CARTESIAN_POINT ( 'NONE',  ( 17.63947341468150043, 0.000000000000000000, -6.398220130030271836E-17 ) ) ;
#656 = DIRECTION ( 'NONE',  ( 1.000000000000000000, 0.000000000000000000, 0.000000000000000000 ) ) ;
#657 = CONICAL_SURFACE ( 'NONE', #3301, 11.69526278054659940, 0.9505468408120750778 ) ;
#658 = CARTESIAN_POINT ( 'NONE',  ( 20.00000000000000000, 0.000000000000000000, 4.438010260060118261E-16 ) ) ;
#659 = EDGE_LOOP ( 'NONE', ( #2237, #2424, #4101, #4006 ) ) ;
#660 = CARTESIAN_POINT ( 'NONE',  ( 0.9269598836624031168, -12.53200494222450168, 3.430316763067235541 ) ) ;
#661 = B_SPLINE_CURVE_WITH_KNOTS ( 'NONE', 3,
 ( #2203, #247, #4212, #662, #3421, #2251, #1534, #2274 ),
 .UNSPECIFIED., .F., .F.,
 ( 4, 2, 2, 4 ),
 ( 3.392033185179789499E-07, 0.002116429773543399440, 0.003174475058655837085, 0.004232520343768274296 ),
 .UNSPECIFIED. ) ;
#662 = CARTESIAN_POINT ( 'NONE',  ( 18.58543167326524781, 1.038369541590262290, -13.63652502679586576 ) ) ;
#663 = VERTEX_POINT ( 'NONE', #2534 ) ;
#664 = DIRECTION ( 'NONE',  ( 0.000000000000000000, 0.000000000000000000, 1.000000000000000000 ) ) ;
#665 = CIRCLE ( 'NONE', #2477, 5.399999999997300293 ) ;
#666 = CYLINDRICAL_SURFACE ( 'NONE', #2138, 14.99999999999250022 ) ;
#667 = AXIS2_PLACEMENT_3D ( 'NONE', #3502, #320, #3477 ) ;
#668 = CYLINDRICAL_SURFACE ( 'NONE', #4573, 14.99999999999250022 ) ;
#669 = CARTESIAN_POINT ( 'NONE',  ( 17.63947341468149332, -14.70199371010882139, 2.975127047320154094 ) ) ;
#670 = VERTEX_POINT ( 'NONE', #1374 ) ;
#671 = ORIENTED_EDGE ( 'NONE', *, *, #5059, .T. ) ;
#672 = DIRECTION ( 'NONE',  ( 0.000000000000000000, 0.000000000000000000, -1.000000000000000000 ) ) ;
#673 = ORIENTED_EDGE ( 'NONE', *, *, #519, .F. ) ;
#674 = VECTOR ( 'NONE', #1189, 1000.000000000000000 ) ;
#675 = ORIENTED_EDGE ( 'NONE', *, *, #385, .T. ) ;
#676 = AXIS2_PLACEMENT_3D ( 'NONE', #2429, #3270, #172 ) ;
#677 = ORIENTED_EDGE ( 'NONE', *, *, #1492, .T. ) ;
#678 = ADVANCED_FACE ( 'NONE', ( #105 ), #1675, .T. ) ;
#679 = B_SPLINE_CURVE_WITH_KNOTS ( 'NONE', 3,
 ( #2564, #1335, #946, #2098, #2516, #4823, #4523, #4087 ),
 .UNSPECIFIED., .F., .F.,
 ( 4, 2, 2, 4 ),
 ( 2.279731959857496456E-07, 0.002114432957155534809, 0.003171535449135307570, 0.004228637941115080331 ),
 .UNSPECIFIED. ) ;
#680 = PRODUCT_DEFINITION_SHAPE ( 'NONE', 'NONE',  #4015 ) ;
#681 = CARTESIAN_POINT ( 'NONE',  ( 20.00000000000000000, -4.115919143436959970, -11.99958372321604116 ) ) ;
#682 = EDGE_CURVE ( 'NONE', #4505, #3389, #4141, .T. ) ;
#683 = DIRECTION ( 'NONE',  ( 0.000000000000000000, 0.000000000000000000, -1.000000000000000000 ) ) ;
#684 = EDGE_LOOP ( 'NONE', ( #3131, #4562 ) ) ;
#685 = ADVANCED_FACE ( 'NONE', ( #2116 ), #132, .T. ) ;
#686 = EDGE_CURVE ( 'NONE', #1924, #3565, #5039, .T. ) ;
#687 = CARTESIAN_POINT ( 'NONE',  ( 0.8204274929904330493, -1.259078493560363166, -12.78346835900057243 ) ) ;
#688 = EDGE_CURVE ( 'NONE', #2734, #3163, #665, .T. ) ;
#689 = B_SPLINE_CURVE_WITH_KNOTS ( 'NONE', 3,
 ( #2735, #3104, #1237, #4664, #3129, #4375, #3941, #4684 ),
 .UNSPECIFIED., .F., .F.,
 ( 4, 2, 2, 4 ),
 ( 2.370326085408024621E-07, 0.002114442047300396036, 0.003171544554646322893, 0.004228647061992250183 ),
 .UNSPECIFIED. ) ;
#690 = CARTESIAN_POINT ( 'NONE',  ( 1.611745345648227801, -9.667961411385316950, -10.05980611395712465 ) ) ;
#691 = EDGE_LOOP ( 'NONE', ( #1645, #1060, #3871, #3199, #1779, #2259 ) ) ;
#692 = AXIS2_PLACEMENT_3D ( 'NONE', #1598, #750, #3184 ) ;
#693 = DIRECTION ( 'NONE',  ( -1.000000000000000000, 0.000000000000000000, 0.000000000000000000 ) ) ;
#694 = CARTESIAN_POINT ( 'NONE',  ( 5.000000000000000000, -7.000001873099980010, -1.844327237370754842E-15 ) ) ;
#695 = CIRCLE ( 'NONE', #3348, 5.399999999997302069 ) ;
#696 = DIRECTION ( 'NONE',  ( -1.000000000000000000, 0.000000000000000000, 0.000000000000000000 ) ) ;
#697 = FACE_OUTER_BOUND ( 'NONE', #380, .T. ) ;
#698 = ORIENTED_EDGE ( 'NONE', *, *, #3280, .F. ) ;
#699 = VERTEX_POINT ( 'NONE', #460 ) ;
#700 = CARTESIAN_POINT ( 'NONE',  ( 20.00000000000000000, 10.70396315057078240, 4.712148594565054971 ) ) ;
#701 = ORIENTED_EDGE ( 'NONE', *, *, #2217, .F. ) ;
#702 = DIRECTION ( 'NONE',  ( -1.000000000000000000, 0.000000000000000000, 0.000000000000000000 ) ) ;
#703 = ORIENTED_EDGE ( 'NONE', *, *, #5004, .T. ) ;
#704 = CIRCLE ( 'NONE', #3993, 11.69526278054659940 ) ;
#705 = CARTESIAN_POINT ( 'NONE',  ( 0.000000000000000000, 0.000000000000000000, 3.000000000000000000 ) ) ;
#706 = DIRECTION ( 'NONE',  ( 1.000000000000000000, 0.000000000000000000, 0.000000000000000000 ) ) ;
#707 = VECTOR ( 'NONE', #4792, 1000.000000000000000 ) ;
#708 = AXIS2_PLACEMENT_3D ( 'NONE', #4705, #537, #4097 ) ;
#709 = DIRECTION ( 'NONE',  ( -1.000000000000000000, 0.000000000000000000, 0.000000000000000000 ) ) ;
#710 = VERTEX_POINT ( 'NONE', #3614 ) ;
#711 = CARTESIAN_POINT ( 'NONE',  ( 1.414568326734752857, -1.038369541589989398, -13.63652502679589062 ) ) ;
#712 = ADVANCED_FACE ( 'NONE', ( #79 ), #2840, .T. ) ;
#713 = AXIS2_PLACEMENT_3D ( 'NONE', #787, #2355, #3604 ) ;
#714 = DIRECTION ( 'NONE',  ( 1.000000000000000000, 0.000000000000000000, -2.710505431213761085E-17 ) ) ;
#715 = ADVANCED_FACE ( 'NONE', ( #2233 ), #2649, .T. ) ;
#716 = AXIS2_PLACEMENT_3D ( 'NONE', #2205, #1434, #3068 ) ;
#717 = VERTEX_POINT ( 'NONE', #4628 ) ;
#718 = DIRECTION ( 'NONE',  ( -1.000000000000000000, 0.000000000000000000, -2.710505431213761085E-17 ) ) ;
#719 = CARTESIAN_POINT ( 'NONE',  ( 18.37834312899997258, 9.691831829852633362, 10.05703381868863922 ) ) ;
#720 = CARTESIAN_POINT ( 'NONE',  ( 10.00000000000000000, -0.3769537665662799908, 14.99526278054659834 ) ) ;
#721 = CARTESIAN_POINT ( 'NONE',  ( 20.00000000000000000, -2.781836774362690168, 11.35960191498108607 ) ) ;
#722 = ORIENTED_EDGE ( 'NONE', *, *, #2241, .F. ) ;
#723 = ORIENTED_EDGE ( 'NONE', *, *, #4700, .F. ) ;
#724 = CARTESIAN_POINT ( 'NONE',  ( 2.179779413057794990, 9.893545631436047927, 10.93718948736061058 ) ) ;
#725 = ORIENTED_EDGE ( 'NONE', *, *, #2576, .F. ) ;
#726 = ORIENTED_EDGE ( 'NONE', *, *, #4231, .F. ) ;
#727 = VERTEX_POINT ( 'NONE', #4123 ) ;
#728 = CARTESIAN_POINT ( 'NONE',  ( 5.000000000000000000, 0.2738250307120564941, 6.994644099306220220 ) ) ;
#729 = ORIENTED_EDGE ( 'NONE', *, *, #5059, .F. ) ;
#730 = ORIENTED_EDGE ( 'NONE', *, *, #2065, .F. ) ;
#731 = CYLINDRICAL_SURFACE ( 'NONE', #2815, 1.750000000000000000 ) ;
#732 = CARTESIAN_POINT ( 'NONE',  ( 20.00000000000000000, 11.59912988617140073, -0.7599749230011709766 ) ) ;
#733 = AXIS2_PLACEMENT_3D ( 'NONE', #2321, #3543, #2349 ) ;
#734 = CARTESIAN_POINT ( 'NONE',  ( 20.00000000000000000, 0.000000000000000000, 0.000000000000000000 ) ) ;
#735 = ADVANCED_FACE ( 'NONE', ( #697 ), #4203, .T. ) ;
#736 = CYLINDRICAL_SURFACE ( 'NONE', #433, 5.399999999997301181 ) ;
#737 = CARTESIAN_POINT ( 'NONE',  ( 20.00000000000000000, 12.53200494222450168, 3.430316763067319918 ) ) ;
#738 = CARTESIAN_POINT ( 'NONE',  ( 1.621657950947712701, -13.88891209135136684, 1.474346207013550680 ) ) ;
#739 = CARTESIAN_POINT ( 'NONE',  ( 10.00000000000000000, -9.927532457519971487, 11.24473651557308074 ) ) ;
#740 = EDGE_CURVE ( 'NONE', #3061, #2172, #1046, .T. ) ;
#741 = ORIENTED_EDGE ( 'NONE', *, *, #523, .T. ) ;
#742 = EDGE_CURVE ( 'NONE', #2837, #4899, #2611, .T. ) ;
#743 = FACE_OUTER_BOUND ( 'NONE', #3263, .T. ) ;
#744 = ORIENTED_EDGE ( 'NONE', *, *, #2897, .F. ) ;
#745 = EDGE_LOOP ( 'NONE', ( #2235, #4019, #2154, #1873 ) ) ;
#746 = EDGE_LOOP ( 'NONE', ( #4622, #1752, #4713, #2453 ) ) ;
#747 = FACE_OUTER_BOUND ( 'NONE', #1849, .T. ) ;
#748 = ORIENTED_EDGE ( 'NONE', *, *, #649, .T. ) ;
#749 = AXIS2_PLACEMENT_3D ( 'NONE', #285, #1861, #311 ) ;
#750 = DIRECTION ( 'NONE',  ( -1.000000000000000000, 0.000000000000000000, 0.000000000000000000 ) ) ;
#751 = DIRECTION ( 'NONE',  ( -1.000000000000000000, 0.000000000000000000, 0.000000000000000000 ) ) ;
#752 = VERTEX_POINT ( 'NONE', #2208 ) ;
#753 = ORIENTED_EDGE ( 'NONE', *, *, #352, .T. ) ;
#754 = DIRECTION ( 'NONE',  ( -1.000000000000000000, 0.000000000000000000, 0.000000000000000000 ) ) ;
#755 = AXIS2_PLACEMENT_3D ( 'NONE', #4925, #4111, #2987 ) ;
#756 = DIRECTION ( 'NONE',  ( -1.000000000000000000, 0.000000000000000000, 0.000000000000000000 ) ) ;
#757 = DIRECTION ( 'NONE',  ( 1.000000000000000000, 0.000000000000000000, 0.000000000000000000 ) ) ;
#758 = B_SPLINE_CURVE_WITH_KNOTS ( 'NONE', 3,
 ( #2528, #869, #3662, #3606, #4042, #4858, #2436, #1813 ),
 .UNSPECIFIED., .F., .F.,
 ( 4, 2, 2, 4 ),
 ( 2.734363012781706169E-07, 0.002114478574479114383, 0.003171581143568034770, 0.004228683712656955591 ),
 .UNSPECIFIED. ) ;
#759 = FACE_OUTER_BOUND ( 'NONE', #3330, .T. ) ;
#760 = DIRECTION ( 'NONE',  ( -1.000000000000000000, 0.000000000000000000, 0.000000000000000000 ) ) ;
#761 = DIRECTION ( 'NONE',  ( 1.000000000000000000, 0.000000000000000000, -2.710505431213761085E-17 ) ) ;
#762 = CARTESIAN_POINT ( 'NONE',  ( 19.17577725650667730, -1.233922540070905738, -12.78991285599229677 ) ) ;
#763 = CARTESIAN_POINT ( 'NONE',  ( 0.000000000000000000, -5.141407353527609914, 10.42512860472029956 ) ) ;
#764 = ORIENTED_EDGE ( 'NONE', *, *, #1964, .F. ) ;
#765 = EDGE_CURVE ( 'NONE', #1733, #2266, #2580, .T. ) ;
#766 = DIRECTION ( 'NONE',  ( 0.000000000000000000, -0.8660254037844330455, -0.5000000000000098810 ) ) ;
#767 = VERTEX_POINT ( 'NONE', #1098 ) ;
#768 = ADVANCED_FACE ( 'NONE', ( #618 ), #916, .T. ) ;
#769 = ADVANCED_FACE ( 'NONE', ( #1413 ), #591, .T. ) ;
#770 = AXIS2_PLACEMENT_3D ( 'NONE', #3066, #214, #1401 ) ;
#771 = EDGE_CURVE ( 'NONE', #303, #2974, #406, .T. ) ;
#772 = CARTESIAN_POINT ( 'NONE',  ( 20.00000000000000000, 0.000000000000000000, -8.592322081196679186E-33 ) ) ;
#773 = CARTESIAN_POINT ( 'NONE',  ( 3.377903163343739539E-16, 11.67008492344063342, 0.7670002514485749767 ) ) ;
#774 = ORIENTED_EDGE ( 'NONE', *, *, #933, .T. ) ;
#775 = DIRECTION ( 'NONE',  ( 0.5812381937190964631, 0.000000000000000000, -0.8137334712067350040 ) ) ;
#776 = DIRECTION ( 'NONE',  ( 0.000000000000000000, -0.3420201433256759849, 0.9396926207859057634 ) ) ;
#777 = ORIENTED_EDGE ( 'NONE', *, *, #180, .T. ) ;
#778 = CARTESIAN_POINT ( 'NONE',  ( 18.97193202278491597, -5.585550296250264779, -11.88813487541124481 ) ) ;
#779 = DIRECTION ( 'NONE',  ( -1.000000000000000000, 0.000000000000000000, 0.000000000000000000 ) ) ;
#780 = DIRECTION ( 'NONE',  ( -2.710505431213761085E-17, 0.000000000000000000, -1.000000000000000000 ) ) ;
#781 = DIRECTION ( 'NONE',  ( 0.000000000000000000, 0.000000000000000000, 1.000000000000000000 ) ) ;
#782 = AXIS2_PLACEMENT_3D ( 'NONE', #1377, #1781, #2168 ) ;
#783 = ORIENTED_EDGE ( 'NONE', *, *, #3581, .T. ) ;
#784 = DIRECTION ( 'NONE',  ( 0.000000000000000000, 0.000000000000000000, 1.000000000000000000 ) ) ;
#785 = CIRCLE ( 'NONE', #708, 11.69526278054659940 ) ;
#786 = CARTESIAN_POINT ( 'NONE',  ( 20.00000000000000000, 2.762596963522065074, 11.29094477964548027 ) ) ;
#787 = CARTESIAN_POINT ( 'NONE',  ( 20.00000000000000000, 0.000000000000000000, -8.592322081196679186E-33 ) ) ;
#788 = DIRECTION ( 'NONE',  ( 0.000000000000000000, -0.6427876096865299260, -0.7660444431189857850 ) ) ;
#789 = CIRCLE ( 'NONE', #2191, 14.99999999999250022 ) ;
#790 = AXIS2_PLACEMENT_3D ( 'NONE', #590, #2603, #2165 ) ;
#791 = LINE ( 'NONE', #739, #2722 ) ;
#792 = VERTEX_POINT ( 'NONE', #272 ) ;
#793 = DIRECTION ( 'NONE',  ( 1.000000000000000000, 0.000000000000000000, 0.000000000000000000 ) ) ;
#794 = CARTESIAN_POINT ( 'NONE',  ( 20.00000000000000000, 6.499284164183945833, -9.723089882297005104 ) ) ;
#795 = B_SPLINE_CURVE_WITH_KNOTS ( 'NONE', 3,
 ( #3215, #2150, #1735, #2174, #4032, #2877, #2542, #522 ),
 .UNSPECIFIED., .F., .F.,
 ( 4, 2, 2, 4 ),
 ( 3.392033185206493801E-07, 0.002116429998465079246, 0.003174475396038358311, 0.004232520793611637376 ),
 .UNSPECIFIED. ) ;
#796 = CYLINDRICAL_SURFACE ( 'NONE', #1702, 5.399999999997299405 ) ;
#797 = VERTEX_POINT ( 'NONE', #4583 ) ;
#798 = EDGE_CURVE ( 'NONE', #1448, #85, #3139, .T. ) ;
#799 = CIRCLE ( 'NONE', #3601, 5.399999999997302069 ) ;
#800 = CARTESIAN_POINT ( 'NONE',  ( 18.97193192599981870, -3.362766096614112854, 12.69716230831643422 ) ) ;
#801 = AXIS2_PLACEMENT_3D ( 'NONE', #4340, #4041, #3963 ) ;
#802 = CARTESIAN_POINT ( 'NONE',  ( 5.000000000000000000, 0.2738250307120564941, 6.994644099306220220 ) ) ;
#803 = ORIENTED_EDGE ( 'NONE', *, *, #1646, .T. ) ;
#804 = ORIENTED_EDGE ( 'NONE', *, *, #3169, .F. ) ;
#805 = DIRECTION ( 'NONE',  ( -1.000000000000000000, 0.000000000000000000, 0.000000000000000000 ) ) ;
#806 = CARTESIAN_POINT ( 'NONE',  ( 18.53660642183961826, 11.35239693158581531, 7.748995686444794195 ) ) ;
#807 = AXIS2_PLACEMENT_3D ( 'NONE', #1141, #4768, #3135 ) ;
#808 = DIRECTION ( 'NONE',  ( 0.000000000000000000, 0.000000000000000000, 1.000000000000000000 ) ) ;
#809 = CARTESIAN_POINT ( 'NONE',  ( 0.000000000000000000, 12.44990391086190229, -2.435301323468650025 ) ) ;
#810 = CARTESIAN_POINT ( 'NONE',  ( 20.00000000000000000, -4.560206750522420194, -11.83787625878360039 ) ) ;
#811 = CARTESIAN_POINT ( 'NONE',  ( 0.000000000000000000, -10.86616072683646017, -6.546552603037669726 ) ) ;
#812 = CARTESIAN_POINT ( 'NONE',  ( 17.63947341468150043, 13.17475538765974719, 7.171179852374745423 ) ) ;
#813 = CARTESIAN_POINT ( 'NONE',  ( 20.00000000000000000, -6.457722532643741076, -9.665153681719200307 ) ) ;
#814 = ORIENTED_EDGE ( 'NONE', *, *, #2601, .T. ) ;
#815 = CARTESIAN_POINT ( 'NONE',  ( 2.360526585318501347, 12.79780162109351949, 7.824082928171905316 ) ) ;
#816 = ORIENTED_EDGE ( 'NONE', *, *, #2438, .F. ) ;
#817 = ORIENTED_EDGE ( 'NONE', *, *, #239, .T. ) ;
#818 = DIRECTION ( 'NONE',  ( 0.000000000000000000, 0.000000000000000000, -1.000000000000000000 ) ) ;
#819 = DIRECTION ( 'NONE',  ( 1.000000000000000000, 0.000000000000000000, 0.000000000000000000 ) ) ;
#820 = ORIENTED_EDGE ( 'NONE', *, *, #1556, .F. ) ;
#821 = CARTESIAN_POINT ( 'NONE',  ( 10.00000000000000000, 14.83290837936661966, -2.232673063637094835 ) ) ;
#822 = ORIENTED_EDGE ( 'NONE', *, *, #1208, .F. ) ;
#823 = ORIENTED_EDGE ( 'NONE', *, *, #3651, .F. ) ;
#824 = CIRCLE ( 'NONE', #4770, 5.399999999997300293 ) ;
#825 = LINE ( 'NONE', #2770, #3325 ) ;
#826 = EDGE_CURVE ( 'NONE', #4740, #4202, #1738, .T. ) ;
#827 = CARTESIAN_POINT ( 'NONE',  ( 2.360526585318500903, -0.3769537665662799908, 14.99526278054659834 ) ) ;
#828 = CYLINDRICAL_SURFACE ( 'NONE', #807, 5.399999999997299405 ) ;
#829 = ORIENTED_EDGE ( 'NONE', *, *, #4975, .F. ) ;
#830 = FACE_OUTER_BOUND ( 'NONE', #4407, .T. ) ;
#831 = CIRCLE ( 'NONE', #588, 5.399999999997300293 ) ;
#832 = EDGE_CURVE ( 'NONE', #2936, #2732, #4448, .T. ) ;
#833 = EDGE_CURVE ( 'NONE', #5061, #699, #3750, .T. ) ;
#834 = EDGE_CURVE ( 'NONE', #2266, #2728, #579, .T. ) ;
#835 = AXIS2_PLACEMENT_3D ( 'NONE', #4441, #917, #2521 ) ;
#836 = EDGE_CURVE ( 'NONE', #1102, #2979, #3791, .T. ) ;
#837 = DIRECTION ( 'NONE',  ( 1.000000000000000000, 0.000000000000000000, 0.000000000000000000 ) ) ;
#838 = CARTESIAN_POINT ( 'NONE',  ( 5.000000000000000000, 7.000001873099980010, -1.843143693225354777E-15 ) ) ;
#839 = CYLINDRICAL_SURFACE ( 'NONE', #1118, 14.99999999999250022 ) ;
#840 = CYLINDRICAL_SURFACE ( 'NONE', #2347, 11.62399999999419897 ) ;
#841 = CARTESIAN_POINT ( 'NONE',  ( 18.38825461907429215, -8.228151221614988131, -11.26795037950041234 ) ) ;
#842 = CARTESIAN_POINT ( 'NONE',  ( 0.000000000000000000, -10.86616072683654011, 6.546552603037510742 ) ) ;
#843 = VERTEX_POINT ( 'NONE', #4981 ) ;
#844 = DIRECTION ( 'NONE',  ( -1.000000000000000000, 0.000000000000000000, 0.000000000000000000 ) ) ;
#845 = DIRECTION ( 'NONE',  ( -1.000000000000000000, 0.000000000000000000, 0.000000000000000000 ) ) ;
#846 = VERTEX_POINT ( 'NONE', #1070 ) ;
#847 = CARTESIAN_POINT ( 'NONE',  ( 0.000000000000000000, 9.432821964585853536, 6.913829712284299767 ) ) ;
#848 = CARTESIAN_POINT ( 'NONE',  ( 20.00000000000000000, -9.373951458494429900, -6.873602407301070194 ) ) ;
#849 = ORIENTED_EDGE ( 'NONE', *, *, #2992, .F. ) ;
#850 = DIRECTION ( 'NONE',  ( -2.891205793296123914E-17, 0.000000000000000000, -1.000000000000000000 ) ) ;
#851 = CARTESIAN_POINT ( 'NONE',  ( 0.000000000000000000, 0.000000000000000000, 0.000000000000000000 ) ) ;
#852 = AXIS2_PLACEMENT_3D ( 'NONE', #2800, #2405, #3927 ) ;
#853 = ORIENTED_EDGE ( 'NONE', *, *, #4669, .T. ) ;
#854 = ORIENTED_EDGE ( 'NONE', *, *, #2129, .F. ) ;
#855 = DIRECTION ( 'NONE',  ( -1.000000000000000000, 0.000000000000000000, 0.000000000000000000 ) ) ;
#856 = CARTESIAN_POINT ( 'NONE',  ( 0.000000000000000000, -1.265738570989324074, 11.55488130054889950 ) ) ;
#857 = DIRECTION ( 'NONE',  ( -1.000000000000000000, 0.000000000000000000, 0.000000000000000000 ) ) ;
#858 = FACE_OUTER_BOUND ( 'NONE', #4210, .T. ) ;
#859 = EDGE_CURVE ( 'NONE', #4234, #1547, #791, .T. ) ;
#860 = AXIS2_PLACEMENT_3D ( 'NONE', #4745, #3164, #4718 ) ;
#861 = VECTOR ( 'NONE', #2420, 1000.000000000000000 ) ;
#862 = EDGE_CURVE ( 'NONE', #4099, #3972, #4613, .T. ) ;
#863 = CARTESIAN_POINT ( 'NONE',  ( 20.00000000000000000, 0.000000000000000000, -8.592322081196679186E-33 ) ) ;
#864 = DIRECTION ( 'NONE',  ( 0.000000000000000000, -7.067391939168302660E-15, 1.000000000000000000 ) ) ;
#865 = CARTESIAN_POINT ( 'NONE',  ( 2.360526585318501347, 0.000000000000000000, -6.398220130030271836E-17 ) ) ;
#866 = CARTESIAN_POINT ( 'NONE',  ( 0.4144469581039113559, 5.385633063070275561, -11.03112515608727051 ) ) ;
#867 = AXIS2_PLACEMENT_3D ( 'NONE', #4550, #586, #4532 ) ;
#868 = CYLINDRICAL_SURFACE ( 'NONE', #2124, 1.749999999999999778 ) ;
#869 = CARTESIAN_POINT ( 'NONE',  ( 18.00138034812567867, 0.7206495938124455325, 14.47979311842203387 ) ) ;
#870 = ORIENTED_EDGE ( 'NONE', *, *, #2726, .T. ) ;
#871 = CIRCLE ( 'NONE', #1935, 11.69526278054659940 ) ;
#872 = FACE_OUTER_BOUND ( 'NONE', #3633, .T. ) ;
#873 = CARTESIAN_POINT ( 'NONE',  ( 20.00000000000000000, 0.2738250307120564941, 9.994644099306219331 ) ) ;
#874 = ORIENTED_EDGE ( 'NONE', *, *, #3140, .F. ) ;
#875 = VECTOR ( 'NONE', #225, 1000.000000000000000 ) ;
#876 = CARTESIAN_POINT ( 'NONE',  ( 0.7518788525758345331, 10.35311089859712830, 7.439632119484729245 ) ) ;
#877 = CARTESIAN_POINT ( 'NONE',  ( 1.611745368474150064, 5.644255666766530233, 12.75976315463458555 ) ) ;
#878 = ORIENTED_EDGE ( 'NONE', *, *, #1143, .T. ) ;
#879 = DIRECTION ( 'NONE',  ( -1.000000000000000000, 0.000000000000000000, -2.710505431213761085E-17 ) ) ;
#880 = CARTESIAN_POINT ( 'NONE',  ( 20.00000000000000000, -4.560206750522420194, -11.83787625878360039 ) ) ;
#881 = ORIENTED_EDGE ( 'NONE', *, *, #2471, .F. ) ;
#882 = ORIENTED_EDGE ( 'NONE', *, *, #84, .F. ) ;
#883 = AXIS2_PLACEMENT_3D ( 'NONE', #77, #131, #4811 ) ;
#884 = CARTESIAN_POINT ( 'NONE',  ( 20.00000000000000000, 0.000000000000000000, 0.000000000000000000 ) ) ;
#885 = FACE_OUTER_BOUND ( 'NONE', #80, .T. ) ;
#886 = ORIENTED_EDGE ( 'NONE', *, *, #1689, .T. ) ;
#887 = CARTESIAN_POINT ( 'NONE',  ( 0.3763985895381806723, -9.870202323139027456, 7.208482836900340196 ) ) ;
#888 = DIRECTION ( 'NONE',  ( 0.000000000000000000, 0.3420201433256627732, 0.9396926207859105373 ) ) ;
#889 = DIRECTION ( 'NONE',  ( -1.000000000000000000, 0.000000000000000000, -2.710505431213761085E-17 ) ) ;
#890 = FACE_OUTER_BOUND ( 'NONE', #746, .T. ) ;
#891 = CYLINDRICAL_SURFACE ( 'NONE', #1520, 14.99999999999250022 ) ;
#892 = CARTESIAN_POINT ( 'NONE',  ( 0.8204274170493754958, -7.252544909737717482, 10.60202487860374632 ) ) ;
#893 = EDGE_CURVE ( 'NONE', #2979, #4175, #4045, .T. ) ;
#894 = DIRECTION ( 'NONE',  ( 0.000000000000000000, 0.000000000000000000, -1.000000000000000000 ) ) ;
#895 = CARTESIAN_POINT ( 'NONE',  ( 20.00000000000000000, 7.971798191701960690, 9.868193021853580049 ) ) ;
#896 = ORIENTED_EDGE ( 'NONE', *, *, #3883, .F. ) ;
#897 = CARTESIAN_POINT ( 'NONE',  ( 20.00000000000000000, -11.15954349366134046, 3.252993238994779990 ) ) ;
#898 = AXIS2_PLACEMENT_3D ( 'NONE', #655, #4386, #4363 ) ;
#899 = ORIENTED_EDGE ( 'NONE', *, *, #4354, .F. ) ;
#900 = ORIENTED_EDGE ( 'NONE', *, *, #3279, .F. ) ;
#901 = EDGE_CURVE ( 'NONE', #517, #2734, #4691, .T. ) ;
#902 = EDGE_CURVE ( 'NONE', #4587, #309, #4278, .T. ) ;
#903 = CARTESIAN_POINT ( 'NONE',  ( 20.00000000000000000, 10.86616072683660050, -6.546552603037439688 ) ) ;
#904 = CARTESIAN_POINT ( 'NONE',  ( 6.013351956758321285E-16, 5.170800759256777290, 10.49009013374566379 ) ) ;
#905 = VERTEX_POINT ( 'NONE', #721 ) ;
#906 = EDGE_CURVE ( 'NONE', #72, #4155, #5008, .T. ) ;
#907 = CARTESIAN_POINT ( 'NONE',  ( 2.179779602923961779, 14.60918577598492263, 2.018924906908758032 ) ) ;
#908 = CARTESIAN_POINT ( 'NONE',  ( 20.00000000000000000, -9.373951458494429900, -6.873602407301070194 ) ) ;
#909 = CARTESIAN_POINT ( 'NONE',  ( 1.998619478557722706, 12.90019334751568891, -6.615795437769810050 ) ) ;
#910 = ORIENTED_EDGE ( 'NONE', *, *, #2827, .T. ) ;
#911 = VERTEX_POINT ( 'NONE', #763 ) ;
#912 = CARTESIAN_POINT ( 'NONE',  ( 20.00000000000000000, 4.115919143437200667, -11.99958372321596123 ) ) ;
#913 = CARTESIAN_POINT ( 'NONE',  ( 17.86514968598843822, 14.34822647753702007, 3.130374847942932082 ) ) ;
#914 = EDGE_LOOP ( 'NONE', ( #4177, #4436, #1454, #3763 ) ) ;
#915 = CARTESIAN_POINT ( 'NONE',  ( 10.00000000000000000, 5.482902598228520219, -13.96201200035704026 ) ) ;
#916 = CONICAL_SURFACE ( 'NONE', #1976, 11.69526278054659940, 0.9505468408120750778 ) ;
#917 = DIRECTION ( 'NONE',  ( 1.000000000000000000, 0.000000000000000000, 0.000000000000000000 ) ) ;
#918 = ORIENTED_EDGE ( 'NONE', *, *, #2968, .F. ) ;
#919 = CIRCLE ( 'NONE', #3322, 11.62399999999419897 ) ;
#920 = DIRECTION ( 'NONE',  ( -1.000000000000000000, 0.000000000000000000, 0.000000000000000000 ) ) ;
#921 = CARTESIAN_POINT ( 'NONE',  ( 19.17577736394838084, -12.80987359387930269, -1.005768531926863441 ) ) ;
#922 = CARTESIAN_POINT ( 'NONE',  ( 20.00000000000000000, 11.22862222243330876, 3.270659641710744303 ) ) ;
#923 = CARTESIAN_POINT ( 'NONE',  ( 18.00593652983767257, -9.833994013695255276, 10.63876866632669937 ) ) ;
#924 = AXIS2_PLACEMENT_3D ( 'NONE', #3377, #3652, #1304 ) ;
#925 = CARTESIAN_POINT ( 'NONE',  ( 0.000000000000000000, 0.2738250307120564941, 6.994644099306220220 ) ) ;
#926 = DIRECTION ( 'NONE',  ( 0.000000000000000000, 0.000000000000000000, 1.000000000000000000 ) ) ;
#927 = ORIENTED_EDGE ( 'NONE', *, *, #3579, .F. ) ;
#928 = VECTOR ( 'NONE', #1498, 1000.000000000000000 ) ;
#929 = CARTESIAN_POINT ( 'NONE',  ( 2.360526585318500903, -9.350005781138150951, -11.72933893672009908 ) ) ;
#930 = DIRECTION ( 'NONE',  ( 0.000000000000000000, 0.000000000000000000, 1.000000000000000000 ) ) ;
#931 = VERTEX_POINT ( 'NONE', #3530 ) ;
#932 = LINE ( 'NONE', #2786, #1789 ) ;
#933 = EDGE_CURVE ( 'NONE', #1573, #1328, #10, .T. ) ;
#934 = CARTESIAN_POINT ( 'NONE',  ( 1.414568237914609394, 13.24904445919206886, -3.390552112317065436 ) ) ;
#935 = ORIENTED_EDGE ( 'NONE', *, *, #2058, .F. ) ;
#936 = FACE_OUTER_BOUND ( 'NONE', #619, .T. ) ;
#937 = DIRECTION ( 'NONE',  ( -1.000000000000000000, 0.000000000000000000, 0.000000000000000000 ) ) ;
#938 = DIRECTION ( 'NONE',  ( -1.000000000000000000, 0.000000000000000000, 0.000000000000000000 ) ) ;
#939 = EDGE_CURVE ( 'NONE', #1163, #2837, #410, .T. ) ;
#940 = DIRECTION ( 'NONE',  ( 1.000000000000000000, 0.000000000000000000, 0.000000000000000000 ) ) ;
#941 = ADVANCED_FACE ( 'NONE', ( #27 ), #5023, .T. ) ;
#942 = EDGE_CURVE ( 'NONE', #5037, #4105, #3148, .T. ) ;
#943 = ORIENTED_EDGE ( 'NONE', *, *, #740, .T. ) ;
#944 = AXIS2_PLACEMENT_3D ( 'NONE', #338, #363, #3497 ) ;
#945 = DIRECTION ( 'NONE',  ( -1.000000000000000000, 0.000000000000000000, 0.000000000000000000 ) ) ;
#946 = CARTESIAN_POINT ( 'NONE',  ( 1.621656861208057965, -11.58721379803888674, -7.798205528373013173 ) ) ;
#947 = ORIENTED_EDGE ( 'NONE', *, *, #1688, .T. ) ;
#948 = DIRECTION ( 'NONE',  ( 0.000000000000000000, 0.000000000000000000, -1.000000000000000000 ) ) ;
#949 = PRODUCT_DEFINITION_FORMATION_WITH_SPECIFIED_SOURCE ( 'ANY', '', #2066, .NOT_KNOWN. ) ;
#950 = CARTESIAN_POINT ( 'NONE',  ( 19.68719866615824898, -11.65393091378173374, 3.376442795927530049 ) ) ;
#951 = DIRECTION ( 'NONE',  ( -1.000000000000000000, 0.000000000000000000, -2.710505431213761085E-17 ) ) ;
#952 = DIRECTION ( 'NONE',  ( 2.710505431213761085E-17, 0.000000000000000000, 1.000000000000000000 ) ) ;
#953 = AXIS2_PLACEMENT_3D ( 'NONE', #810, #3219, #1284 ) ;
#954 = DIRECTION ( 'NONE',  ( -1.000000000000000000, 0.000000000000000000, 0.000000000000000000 ) ) ;
#955 = VERTEX_POINT ( 'NONE', #2286 ) ;
#956 = CARTESIAN_POINT ( 'NONE',  ( 0.000000000000000000, -7.000001873099980010, -1.844327237370754842E-15 ) ) ;
#957 = VECTOR ( 'NONE', #3819, 1000.000000000000000 ) ;
#958 = CARTESIAN_POINT ( 'NONE',  ( 19.17957259994975061, 9.181565077091649485, -8.983384736008087401 ) ) ;
#959 = CARTESIAN_POINT ( 'NONE',  ( -10.00000000000000000, 0.000000000000000000, 0.000000000000000000 ) ) ;
#960 = FACE_OUTER_BOUND ( 'NONE', #321, .T. ) ;
#961 = ORIENTED_EDGE ( 'NONE', *, *, #2136, .T. ) ;
#962 = CIRCLE ( 'NONE', #1446, 5.399999999997298517 ) ;
#963 = FACE_OUTER_BOUND ( 'NONE', #398, .T. ) ;
#964 = CARTESIAN_POINT ( 'NONE',  ( 20.00000000000000000, 7.000001873099980010, -1.843143693225354777E-15 ) ) ;
#965 = FACE_BOUND ( 'NONE', #1072, .T. ) ;
#966 = EDGE_CURVE ( 'NONE', #2214, #598, #4252, .T. ) ;
#967 = CIRCLE ( 'NONE', #1532, 1.750000000000000000 ) ;
#968 = ORIENTED_EDGE ( 'NONE', *, *, #4113, .F. ) ;
#969 = VERTEX_POINT ( 'NONE', #424 ) ;
#970 = EDGE_CURVE ( 'NONE', #3030, #3843, #1888, .T. ) ;
#971 = FACE_OUTER_BOUND ( 'NONE', #2740, .T. ) ;
#972 = CARTESIAN_POINT ( 'NONE',  ( 18.57408124438370578, 13.26540237850974258, 3.393043950333594960 ) ) ;
#973 = CARTESIAN_POINT ( 'NONE',  ( 20.00000000000000000, 0.2738250307120564941, 6.994644099306220220 ) ) ;
#974 = DIRECTION ( 'NONE',  ( -1.000000000000000000, 0.000000000000000000, 0.000000000000000000 ) ) ;
#975 = ORIENTED_EDGE ( 'NONE', *, *, #4424, .F. ) ;
#976 = CARTESIAN_POINT ( 'NONE',  ( 18.00138074093532126, -9.859481150259984616, -10.62893975767337196 ) ) ;
#977 = CARTESIAN_POINT ( 'NONE',  ( 19.79191359665596650, -10.96593367522517326, -4.840105593564075548 ) ) ;
#978 = ORIENTED_EDGE ( 'NONE', *, *, #556, .F. ) ;
#979 = FACE_OUTER_BOUND ( 'NONE', #4751, .T. ) ;
#980 = CIRCLE ( 'NONE', #3860, 11.69526278054659940 ) ;
#981 = CARTESIAN_POINT ( 'NONE',  ( 19.07304011633759799, -12.53200494222450168, 3.430316763067235097 ) ) ;
#982 = FACE_OUTER_BOUND ( 'NONE', #2849, .T. ) ;
#983 = DIRECTION ( 'NONE',  ( 0.000000000000000000, -7.067391939168302660E-15, 1.000000000000000000 ) ) ;
#984 = ORIENTED_EDGE ( 'NONE', *, *, #3581, .F. ) ;
#985 = AXIS2_PLACEMENT_3D ( 'NONE', #2055, #3637, #1671 ) ;
#986 = CARTESIAN_POINT ( 'NONE',  ( 18.58543174312622526, -12.32876179180781584, 5.919008034739357882 ) ) ;
#987 = CARTESIAN_POINT ( 'NONE',  ( 20.00000000000000000, -9.432821964585803798, -6.913829712284368156 ) ) ;
#988 = VERTEX_POINT ( 'NONE', #397 ) ;
#989 = ORIENTED_EDGE ( 'NONE', *, *, #901, .F. ) ;
#990 = B_SPLINE_CURVE_WITH_KNOTS ( 'NONE', 3,
 ( #1743, #2526, #892, #2467, #2919, #4834, #1720, #4039 ),
 .UNSPECIFIED., .F., .F.,
 ( 4, 2, 2, 4 ),
 ( 3.392033185215964688E-07, 0.002116429574872381002, 0.003174474760649310077, 0.004232519946426240021 ),
 .UNSPECIFIED. ) ;
#991 = DIRECTION ( 'NONE',  ( 1.000000000000000000, 0.000000000000000000, 0.000000000000000000 ) ) ;
#992 = CARTESIAN_POINT ( 'NONE',  ( 18.58543167326524781, -1.038369541590172584, 13.63652502679587819 ) ) ;
#993 = CARTESIAN_POINT ( 'NONE',  ( 20.00000000000000000, 10.86616072683650103, 6.546552603037589790 ) ) ;
#994 = EDGE_CURVE ( 'NONE', #3340, #3797, #3957, .T. ) ;
#995 = CARTESIAN_POINT ( 'NONE',  ( 0.8204274519827657874, 11.70034754606371408, 5.301340185082954015 ) ) ;
#996 = DIRECTION ( 'NONE',  ( -1.000000000000000000, 0.000000000000000000, 0.000000000000000000 ) ) ;
#997 = EDGE_CURVE ( 'NONE', #1955, #4868, #4287, .T. ) ;
#998 = EDGE_CURVE ( 'NONE', #5061, #4531, #824, .T. ) ;
#999 = EDGE_CURVE ( 'NONE', #1639, #4876, #2753, .T. ) ;
#1000 = EDGE_LOOP ( 'NONE', ( #2318, #5015, #820, #1130 ) ) ;
#1001 = CARTESIAN_POINT ( 'NONE',  ( 2.360526585318500903, -14.70199371010875922, -2.975127047320349938 ) ) ;
#1002 = AXIS2_PLACEMENT_3D ( 'NONE', #437, #3598, #62 ) ;
#1003 = AXIS2_PLACEMENT_3D ( 'NONE', #4844, #2118, #513 ) ;
#1004 = LINE ( 'NONE', #1024, #2792 ) ;
#1005 = DIRECTION ( 'NONE',  ( 1.000000000000000000, 0.000000000000000000, -2.710505431213761085E-17 ) ) ;
#1006 = DIRECTION ( 'NONE',  ( -1.000000000000000000, 0.000000000000000000, -2.710505431213761085E-17 ) ) ;
#1007 = VERTEX_POINT ( 'NONE', #3170 ) ;
#1008 = AXIS2_PLACEMENT_3D ( 'NONE', #4904, #1059, #683 ) ;
#1009 = FACE_OUTER_BOUND ( 'NONE', #1595, .T. ) ;
#1010 = CARTESIAN_POINT ( 'NONE',  ( 5.000000000000000000, -7.000001873099980010, -1.844327237370754842E-15 ) ) ;
#1011 = ORIENTED_EDGE ( 'NONE', *, *, #1994, .T. ) ;
#1012 = VERTEX_POINT ( 'NONE', #4727 ) ;
#1013 = DIRECTION ( 'NONE',  ( 0.000000000000000000, 0.000000000000000000, 1.000000000000000000 ) ) ;
#1014 = CARTESIAN_POINT ( 'NONE',  ( 20.00000000000000000, -2.762596963521990023, -11.29094477964549981 ) ) ;
#1015 = B_SPLINE_CURVE_WITH_KNOTS ( 'NONE', 3,
 ( #4261, #1067, #738, #2721, #4238, #3475, #1482, #2231 ),
 .UNSPECIFIED., .F., .F.,
 ( 4, 2, 2, 4 ),
 ( 3.293156996094264435E-07, 0.002114534643407303509, 0.003171637307261150705, 0.004228739971114997033 ),
 .UNSPECIFIED. ) ;
#1016 = DIRECTION ( 'NONE',  ( 1.000000000000000000, 0.000000000000000000, 0.000000000000000000 ) ) ;
#1017 = CIRCLE ( 'NONE', #4952, 11.69526278054659940 ) ;
#1018 = ORIENTED_EDGE ( 'NONE', *, *, #2658, .T. ) ;
#1019 = CARTESIAN_POINT ( 'NONE',  ( 9.774951321669609432E-17, -8.446785448070588842, -8.088942273270435024 ) ) ;
#1020 = AXIS2_PLACEMENT_3D ( 'NONE', #3165, #21, #1632 ) ;
#1021 = ADVANCED_FACE ( 'NONE', ( #3964 ), #4391, .T. ) ;
#1022 = CARTESIAN_POINT ( 'NONE',  ( 0.000000000000000000, -0.2738250307121675164, -6.994644099306180252 ) ) ;
#1023 = EDGE_CURVE ( 'NONE', #4531, #2260, #3953, .T. ) ;
#1024 = CARTESIAN_POINT ( 'NONE',  ( 0.000000000000000000, 0.2738250307120564941, 8.744644099306221108 ) ) ;
#1025 = DIRECTION ( 'NONE',  ( 0.000000000000000000, -0.6427876096865456912, 0.7660444431189725734 ) ) ;
#1026 = VERTEX_POINT ( 'NONE', #154 ) ;
#1027 = ORIENTED_EDGE ( 'NONE', *, *, #2890, .F. ) ;
#1028 = CIRCLE ( 'NONE', #1107, 11.62399999999420253 ) ;
#1029 = DIRECTION ( 'NONE',  ( 0.000000000000000000, 1.000000000000000000, 0.000000000000000000 ) ) ;
#1030 = ORIENTED_EDGE ( 'NONE', *, *, #1243, .T. ) ;
#1031 = AXIS2_PLACEMENT_3D ( 'NONE', #4600, #4236, #2304 ) ;
#1032 = ORIENTED_EDGE ( 'NONE', *, *, #4224, .T. ) ;
#1033 = ORIENTED_EDGE ( 'NONE', *, *, #1052, .T. ) ;
#1034 = DIRECTION ( 'NONE',  ( -1.000000000000000000, 0.000000000000000000, 0.000000000000000000 ) ) ;
#1035 = CARTESIAN_POINT ( 'NONE',  ( 0.000000000000000000, 0.2364004980235605013, -12.68364753256399879 ) ) ;
#1036 = DIRECTION ( 'NONE',  ( 0.000000000000000000, 0.6427876096865359212, 0.7660444431189807890 ) ) ;
#1037 = ORIENTED_EDGE ( 'NONE', *, *, #3056, .T. ) ;
#1038 = VERTEX_POINT ( 'NONE', #4776 ) ;
#1039 = CARTESIAN_POINT ( 'NONE',  ( 0.4158924323841831638, -1.311456508573532798, -12.20728967298985346 ) ) ;
#1040 = DIRECTION ( 'NONE',  ( -1.000000000000000000, 0.000000000000000000, 0.000000000000000000 ) ) ;
#1041 = B_SPLINE_CURVE_WITH_KNOTS ( 'NONE', 3,
 ( #1497, #35, #4761, #800, #432, #2394, #4710, #4296 ),
 .UNSPECIFIED., .F., .F.,
 ( 4, 2, 2, 4 ),
 ( 2.822997676218750547E-07, 0.002114487468009905967, 0.003171590052131043145, 0.004228692636252180323 ),
 .UNSPECIFIED. ) ;
#1042 = CARTESIAN_POINT ( 'NONE',  ( 20.00000000000000000, 10.63969002948375930, 4.681278893247929673 ) ) ;
#1043 = EDGE_CURVE ( 'NONE', #846, #4875, #2494, .T. ) ;
#1044 = CARTESIAN_POINT ( 'NONE',  ( 18.97193202278491952, 5.585550296250350044, 11.88813487541120395 ) ) ;
#1045 = CARTESIAN_POINT ( 'NONE',  ( 0.000000000000000000, 0.000000000000000000, 0.000000000000000000 ) ) ;
#1046 = LINE ( 'NONE', #3388, #4040 ) ;
#1047 = ORIENTED_EDGE ( 'NONE', *, *, #616, .T. ) ;
#1048 = VERTEX_POINT ( 'NONE', #2920 ) ;
#1049 = AXIS2_PLACEMENT_3D ( 'NONE', #4405, #3134, #1477 ) ;
#1050 = FACE_OUTER_BOUND ( 'NONE', #2114, .T. ) ;
#1051 = EDGE_LOOP ( 'NONE', ( #1704, #3478, #1866, #783 ) ) ;
#1052 = EDGE_CURVE ( 'NONE', #3163, #1771, #919, .T. ) ;
#1053 = EDGE_CURVE ( 'NONE', #155, #2316, #758, .T. ) ;
#1054 = EDGE_CURVE ( 'NONE', #1429, #1490, #328, .T. ) ;
#1055 = ORIENTED_EDGE ( 'NONE', *, *, #1349, .F. ) ;
#1056 = CIRCLE ( 'NONE', #163, 11.62399999999420608 ) ;
#1057 = ORIENTED_EDGE ( 'NONE', *, *, #3644, .T. ) ;
#1058 = CARTESIAN_POINT ( 'NONE',  ( 2.153576846227633457, -12.44990391086185966, 7.835301323466036472 ) ) ;
#1059 = DIRECTION ( 'NONE',  ( 1.000000000000000000, 0.000000000000000000, 0.000000000000000000 ) ) ;
#1060 = ORIENTED_EDGE ( 'NONE', *, *, #1404, .T. ) ;
#1061 = DIRECTION ( 'NONE',  ( -1.000000000000000000, 0.000000000000000000, 0.000000000000000000 ) ) ;
#1062 = DIRECTION ( 'NONE',  ( 0.000000000000000000, 0.000000000000000000, 1.000000000000000000 ) ) ;
#1063 = ORIENTED_EDGE ( 'NONE', *, *, #2692, .F. ) ;
#1064 = ORIENTED_EDGE ( 'NONE', *, *, #4454, .F. ) ;
#1065 = CARTESIAN_POINT ( 'NONE',  ( 18.00138074093532126, 9.859481150260059223, 10.62893975767330978 ) ) ;
#1066 = DIRECTION ( 'NONE',  ( -1.000000000000000000, 0.000000000000000000, 0.000000000000000000 ) ) ;
#1067 = CARTESIAN_POINT ( 'NONE',  ( 1.998620144534778209, -14.38495262353553450, 1.804688963427883319 ) ) ;
#1068 = B_SPLINE_CURVE_WITH_KNOTS ( 'NONE', 3,
 ( #3611, #2389, #76, #1593 ),
 .UNSPECIFIED., .F., .F.,
 ( 4, 4 ),
 ( 2.320083877990186427E-07, 0.0004051849237831682896 ),
 .UNSPECIFIED. ) ;
#1069 = AXIS2_PLACEMENT_3D ( 'NONE', #2273, #2691, #4991 ) ;
#1070 = CARTESIAN_POINT ( 'NONE',  ( 20.00000000000000000, 6.457722532643940028, -9.665153681719059975 ) ) ;
#1071 = ORIENTED_EDGE ( 'NONE', *, *, #3138, .T. ) ;
#1072 = EDGE_LOOP ( 'NONE', ( #1623, #563 ) ) ;
#1073 = ORIENTED_EDGE ( 'NONE', *, *, #966, .T. ) ;
#1074 = LINE ( 'NONE', #3884, #957 ) ;
#1075 = ORIENTED_EDGE ( 'NONE', *, *, #4946, .T. ) ;
#1076 = EDGE_CURVE ( 'NONE', #2547, #4408, #1698, .T. ) ;
#1077 = ORIENTED_EDGE ( 'NONE', *, *, #5005, .T. ) ;
#1078 = CIRCLE ( 'NONE', #1744, 1.750000000000000666 ) ;
#1079 = EDGE_LOOP ( 'NONE', ( #332, #1527, #1033, #817 ) ) ;
#1080 = EDGE_CURVE ( 'NONE', #670, #2639, #2227, .T. ) ;
#1081 = FACE_OUTER_BOUND ( 'NONE', #691, .T. ) ;
#1082 = DIRECTION ( 'NONE',  ( -2.891205793296123914E-17, 0.000000000000000000, -1.000000000000000000 ) ) ;
#1083 = EDGE_CURVE ( 'NONE', #1801, #4933, #3802, .T. ) ;
#1084 =( NAMED_UNIT ( * ) PLANE_ANGLE_UNIT ( ) SI_UNIT ( $, .RADIAN. ) );
#1085 = CARTESIAN_POINT ( 'NONE',  ( 18.00593646027837380, -14.13044104436355575, -3.197104269580768765 ) ) ;
#1086 = VERTEX_POINT ( 'NONE', #4835 ) ;
#1087 = CARTESIAN_POINT ( 'NONE',  ( 0.000000000000000000, 7.971798191702090364, -9.868193021853471691 ) ) ;
#1088 = B_SPLINE_CURVE_WITH_KNOTS ( 'NONE', 3,
 ( #1148, #2718, #2623, #1868, #3447, #4995, #1481, #2282 ),
 .UNSPECIFIED., .F., .F.,
 ( 4, 2, 2, 4 ),
 ( 3.392033185217192886E-07, 0.002116429574872377099, 0.003174474760649305741, 0.004232519946426234816 ),
 .UNSPECIFIED. ) ;
#1089 = CARTESIAN_POINT ( 'NONE',  ( 17.63947341468150043, 9.350005781138399641, -11.72933893671990013 ) ) ;
#1090 = ORIENTED_EDGE ( 'NONE', *, *, #1388, .F. ) ;
#1091 = VERTEX_POINT ( 'NONE', #4367 ) ;
#1092 = DIRECTION ( 'NONE',  ( 0.000000000000000000, 0.000000000000000000, -1.000000000000000000 ) ) ;
#1093 = AXIS2_PLACEMENT_3D ( 'NONE', #3628, #3242, #4746 ) ;
#1094 = DIRECTION ( 'NONE',  ( 1.000000000000000000, 0.000000000000000000, -2.710505431213761085E-17 ) ) ;
#1095 = DIRECTION ( 'NONE',  ( -2.891205793296123914E-17, 0.000000000000000000, -1.000000000000000000 ) ) ;
#1096 = VECTOR ( 'NONE', #4942, 1000.000000000000000 ) ;
#1097 = DIRECTION ( 'NONE',  ( 0.000000000000000000, 0.000000000000000000, -1.000000000000000000 ) ) ;
#1098 = CARTESIAN_POINT ( 'NONE',  ( 20.00000000000000000, 0.000000000000000000, -11.69526278054659940 ) ) ;
#1099 = ORIENTED_EDGE ( 'NONE', *, *, #552, .T. ) ;
#1100 = ORIENTED_EDGE ( 'NONE', *, *, #4526, .F. ) ;
#1101 = DIRECTION ( 'NONE',  ( -1.000000000000000000, 0.000000000000000000, 0.000000000000000000 ) ) ;
#1102 = VERTEX_POINT ( 'NONE', #1317 ) ;
#1103 = ORIENTED_EDGE ( 'NONE', *, *, #2716, .T. ) ;
#1105 = DIRECTION ( 'NONE',  ( -2.710505431213761085E-17, 0.000000000000000000, -1.000000000000000000 ) ) ;
#1104 = CIRCLE ( 'NONE', #2421, 5.399999999997286970 ) ;
#1106 = ORIENTED_EDGE ( 'NONE', *, *, #4829, .T. ) ;
#1107 = AXIS2_PLACEMENT_3D ( 'NONE', #1223, #2379, #3136 ) ;
#1108 = CIRCLE ( 'NONE', #128, 11.62399999999420253 ) ;
#1109 = CARTESIAN_POINT ( 'NONE',  ( 5.000000000000000000, 7.000001873099980010, 3.000000000000000000 ) ) ;
#1110 = EDGE_CURVE ( 'NONE', #2705, #1920, #99, .T. ) ;
#1111 = DIRECTION ( 'NONE',  ( 2.710505431213761085E-17, 0.000000000000000000, 1.000000000000000000 ) ) ;
#1112 = AXIS2_PLACEMENT_3D ( 'NONE', #2387, #3967, #1616 ) ;
#1113 = EDGE_CURVE ( 'NONE', #2067, #3049, #1159, .T. ) ;
#1114 = DIRECTION ( 'NONE',  ( 2.710505431213761085E-17, 0.000000000000000000, 1.000000000000000000 ) ) ;
#1115 = ORIENTED_EDGE ( 'NONE', *, *, #352, .F. ) ;
#1116 = ORIENTED_EDGE ( 'NONE', *, *, #4253, .F. ) ;
#1117 = CARTESIAN_POINT ( 'NONE',  ( 4.056521400865212325E-16, -11.22862222243333363, 3.270659641710665699 ) ) ;
#1118 = AXIS2_PLACEMENT_3D ( 'NONE', #1558, #2433, #4695 ) ;
#1119 = DIRECTION ( 'NONE',  ( -1.000000000000000000, 0.000000000000000000, 0.000000000000000000 ) ) ;
#1120 = ADVANCED_FACE ( 'NONE', ( #1289 ), #2411, .T. ) ;
#1121 = CIRCLE ( 'NONE', #1202, 11.62399999999420253 ) ;
#1122 = DIRECTION ( 'NONE',  ( -1.000000000000000000, 0.000000000000000000, 0.000000000000000000 ) ) ;
#1123 = PLANE ( 'NONE',  #2678 ) ;
#1124 = DIRECTION ( 'NONE',  ( 0.000000000000000000, 0.000000000000000000, 1.000000000000000000 ) ) ;
#1125 = CARTESIAN_POINT ( 'NONE',  ( 2.360526585318500903, -9.927532457519822273, -11.24473651557320686 ) ) ;
#1126 = CIRCLE ( 'NONE', #1617, 14.99999999999250022 ) ;
#1127 = CARTESIAN_POINT ( 'NONE',  ( 0.000000000000000000, -0.2738250307121675164, -6.994644099306180252 ) ) ;
#1128 = CARTESIAN_POINT ( 'NONE',  ( 20.00000000000000000, 0.000000000000000000, 4.438010260060118261E-16 ) ) ;
#1129 = ORIENTED_EDGE ( 'NONE', *, *, #2827, .F. ) ;
#1130 = ORIENTED_EDGE ( 'NONE', *, *, #742, .F. ) ;
#1131 = CARTESIAN_POINT ( 'NONE',  ( 1.994063470162324325, 9.833994013695180669, 10.63876866632676865 ) ) ;
#1132 = EDGE_LOOP ( 'NONE', ( #4358, #4983, #1441, #4843 ) ) ;
#1133 = FACE_OUTER_BOUND ( 'NONE', #4029, .T. ) ;
#1134 = CARTESIAN_POINT ( 'NONE',  ( 5.345585351998109439E-17, 6.499284164183945833, -9.723089882297005104 ) ) ;
#1135 = ORIENTED_EDGE ( 'NONE', *, *, #25, .T. ) ;
#1136 = CIRCLE ( 'NONE', #4025, 3.000000000000000000 ) ;
#1137 = CARTESIAN_POINT ( 'NONE',  ( 19.17957255914606662, -12.37062199006346574, -3.459776240374392131 ) ) ;
#1138 = ORIENTED_EDGE ( 'NONE', *, *, #1642, .T. ) ;
#1139 = CARTESIAN_POINT ( 'NONE',  ( 0.3128013338417517386, -11.65393091378173374, 3.376442795927530938 ) ) ;
#1140 = AXIS2_PLACEMENT_3D ( 'NONE', #2432, #444, #1199 ) ;
#1141 = CARTESIAN_POINT ( 'NONE',  ( 20.00000000000000000, 12.44990391086185966, 2.435301323468815227 ) ) ;
#1142 = CYLINDRICAL_SURFACE ( 'NONE', #1692, 14.99999999999250022 ) ;
#1143 = EDGE_CURVE ( 'NONE', #1381, #4273, #500, .T. ) ;
#1144 = B_SPLINE_CURVE_WITH_KNOTS ( 'NONE', 3,
 ( #4074, #2416, #2899, #876, #2034, #847 ),
 .UNSPECIFIED., .F., .F.,
 ( 4, 2, 4 ),
 ( 2.297123475444716674E-07, 0.001914478576586400643, 0.003828727440825256591 ),
 .UNSPECIFIED. ) ;
#1145 = EDGE_CURVE ( 'NONE', #3367, #3589, #1651, .T. ) ;
#1146 = EDGE_CURVE ( 'NONE', #1625, #4868, #1242, .T. ) ;
#1147 = FACE_OUTER_BOUND ( 'NONE', #3057, .T. ) ;
#1148 = CARTESIAN_POINT ( 'NONE',  ( 5.345585351998109439E-17, 6.499284164183945833, -9.723089882297005104 ) ) ;
#1149 = LINE ( 'NONE', #3473, #1784 ) ;
#1150 = EDGE_CURVE ( 'NONE', #1429, #2015, #584, .T. ) ;
#1151 = DIRECTION ( 'NONE',  ( -1.000000000000000000, -0.000000000000000000, 2.710505431213761085E-17 ) ) ;
#1152 = DIRECTION ( 'NONE',  ( 0.000000000000000000, 0.000000000000000000, -1.000000000000000000 ) ) ;
#1153 = ORIENTED_EDGE ( 'NONE', *, *, #176, .F. ) ;
#1154 = CYLINDRICAL_SURFACE ( 'NONE', #4809, 11.62399999999419897 ) ;
#1155 = ORIENTED_EDGE ( 'NONE', *, *, #771, .T. ) ;
#1156 = CARTESIAN_POINT ( 'NONE',  ( -10.00000000000000000, 0.000000000000000000, 0.000000000000000000 ) ) ;
#1157 = DIRECTION ( 'NONE',  ( -2.891205793296123914E-17, 0.000000000000000000, -1.000000000000000000 ) ) ;
#1158 = ORIENTED_EDGE ( 'NONE', *, *, #2513, .T. ) ;
#1159 = CIRCLE ( 'NONE', #2808, 5.399999999997300293 ) ;
#1160 = DIRECTION ( 'NONE',  ( 1.000000000000000000, 0.000000000000000000, -2.710505431213761085E-17 ) ) ;
#1161 = CONICAL_SURFACE ( 'NONE', #1002, 11.69526278054659940, 0.9505468408120750778 ) ;
#1162 = CYLINDRICAL_SURFACE ( 'NONE', #1722, 5.399999999997299405 ) ;
#1163 = VERTEX_POINT ( 'NONE', #3419 ) ;
#1164 = ORIENTED_EDGE ( 'NONE', *, *, #3809, .T. ) ;
#1165 = LINE ( 'NONE', #2850, #674 ) ;
#1166 = CIRCLE ( 'NONE', #3474, 11.62399999999420430 ) ;
#1167 = CARTESIAN_POINT ( 'NONE',  ( 4.447237764439841181E-16, -10.70396315057080905, 4.712148594564989246 ) ) ;
#1168 = ORIENTED_EDGE ( 'NONE', *, *, #2033, .F. ) ;
#1169 = DIRECTION ( 'NONE',  ( -2.710505431213761085E-17, 0.000000000000000000, -1.000000000000000000 ) ) ;
#1170 = DIRECTION ( 'NONE',  ( -2.710505431213761085E-17, 0.000000000000000000, -1.000000000000000000 ) ) ;
#1171 = DIRECTION ( 'NONE',  ( 0.000000000000000000, -0.6427876096865456912, 0.7660444431189725734 ) ) ;
#1172 = CARTESIAN_POINT ( 'NONE',  ( 1.028067966612386419, 9.314681982020825757, -9.260821891708195253 ) ) ;
#1173 = DIRECTION ( 'NONE',  ( 1.000000000000000000, 0.000000000000000000, 0.000000000000000000 ) ) ;
#1174 = CARTESIAN_POINT ( 'NONE',  ( 1.994063488912838134, -5.602258419520398824, -13.36059648213992190 ) ) ;
#1175 = EDGE_CURVE ( 'NONE', #2331, #1550, #4803, .T. ) ;
#1176 = CARTESIAN_POINT ( 'NONE',  ( 1.028068074000183296, 3.362766096614033806, 12.69716230831645909 ) ) ;
#1177 = VERTEX_POINT ( 'NONE', #356 ) ;
#1178 = AXIS2_PLACEMENT_3D ( 'NONE', #1831, #3413, #4964 ) ;
#1179 = DIRECTION ( 'NONE',  ( 1.000000000000000000, 0.000000000000000000, 0.000000000000000000 ) ) ;
#1180 = VERTEX_POINT ( 'NONE', #3442 ) ;
#1181 = AXIS2_PLACEMENT_3D ( 'NONE', #3825, #2589, #3461 ) ;
#1182 = CARTESIAN_POINT ( 'NONE',  ( 0.000000000000000000, -11.15954349366134046, 3.252993238994779990 ) ) ;
#1183 = DIRECTION ( 'NONE',  ( 0.000000000000000000, 0.000000000000000000, -1.000000000000000000 ) ) ;
#1184 = ORIENTED_EDGE ( 'NONE', *, *, #645, .T. ) ;
#1185 = DIRECTION ( 'NONE',  ( -1.000000000000000000, 0.000000000000000000, -2.710505431213761085E-17 ) ) ;
#1186 = CARTESIAN_POINT ( 'NONE',  ( 20.00000000000000000, -9.432821964585803798, -6.913829712284368156 ) ) ;
#1187 = EDGE_LOOP ( 'NONE', ( #4119, #2983, #4824, #5007 ) ) ;
#1188 = ORIENTED_EDGE ( 'NONE', *, *, #296, .T. ) ;
#1189 = DIRECTION ( 'NONE',  ( 1.000000000000000000, 0.000000000000000000, 0.000000000000000000 ) ) ;
#1190 = VERTEX_POINT ( 'NONE', #267 ) ;
#1191 = CARTESIAN_POINT ( 'NONE',  ( 17.82022057526988235, 5.556152702491858442, -13.66138816768646080 ) ) ;
#1192 = VECTOR ( 'NONE', #3874, 1000.000000000000000 ) ;
#1193 = CARTESIAN_POINT ( 'NONE',  ( 2.360526585318500903, 4.774461252589028426, -14.21986356289331610 ) ) ;
#1194 = CIRCLE ( 'NONE', #4494, 11.62399999999421318 ) ;
#1195 = FACE_OUTER_BOUND ( 'NONE', #3804, .T. ) ;
#1196 = B_SPLINE_CURVE_WITH_KNOTS ( 'NONE', 3,
 ( #3449, #4578, #1844, #1044, #4602, #2257, #2625, #3839 ),
 .UNSPECIFIED., .F., .F.,
 ( 4, 2, 2, 4 ),
 ( 2.341563919399825690E-07, 0.002114439161326854295, 0.003171541663794311128, 0.004228644166261768395 ),
 .UNSPECIFIED. ) ;
#1197 = AXIS2_PLACEMENT_3D ( 'NONE', #4653, #1818, #2255 ) ;
#1198 = CARTESIAN_POINT ( 'NONE',  ( 20.00000000000000000, -7.971798191701890524, -9.868193021853640445 ) ) ;
#1199 = DIRECTION ( 'NONE',  ( -2.891205793296123914E-17, 0.000000000000000000, -1.000000000000000000 ) ) ;
#1200 = DIRECTION ( 'NONE',  ( 0.000000000000000000, 0.6427876096865358102, 0.7660444431189810111 ) ) ;
#1201 = CARTESIAN_POINT ( 'NONE',  ( 5.000000000000000000, 0.2738250307120564941, 6.994644099306220220 ) ) ;
#1202 = AXIS2_PLACEMENT_3D ( 'NONE', #3575, #1997, #788 ) ;
#1203 = CARTESIAN_POINT ( 'NONE',  ( 17.82022056890260941, -9.053032863392314056, -11.64246347456712272 ) ) ;
#1204 = DIRECTION ( 'NONE',  ( 1.000000000000000000, 0.000000000000000000, 0.000000000000000000 ) ) ;
#1205 = ORIENTED_EDGE ( 'NONE', *, *, #3376, .F. ) ;
#1206 = DIRECTION ( 'NONE',  ( 0.000000000000000000, 0.000000000000000000, 1.000000000000000000 ) ) ;
#1207 = ORIENTED_EDGE ( 'NONE', *, *, #3111, .F. ) ;
#1208 = EDGE_CURVE ( 'NONE', #1394, #846, #1977, .T. ) ;
#1209 = ORIENTED_EDGE ( 'NONE', *, *, #3954, .T. ) ;
#1210 = FACE_OUTER_BOUND ( 'NONE', #452, .T. ) ;
#1211 = EDGE_CURVE ( 'NONE', #3612, #201, #1423, .T. ) ;
#1212 = CARTESIAN_POINT ( 'NONE',  ( 2.360526585318501791, 9.927532457519898657, 11.24473651557313758 ) ) ;
#1213 = ORIENTED_EDGE ( 'NONE', *, *, #2276, .F. ) ;
#1214 = LINE ( 'NONE', #3999, #1424 ) ;
#1215 = EDGE_CURVE ( 'NONE', #2707, #1177, #1835, .T. ) ;
#1216 = ADVANCED_FACE ( 'NONE', ( #3041 ), #4597, .T. ) ;
#1217 = EDGE_CURVE ( 'NONE', #3017, #2172, #93, .T. ) ;
#1218 = ORIENTED_EDGE ( 'NONE', *, *, #4056, .T. ) ;
#1219 = ORIENTED_EDGE ( 'NONE', *, *, #2186, .T. ) ;
#1220 = DIRECTION ( 'NONE',  ( 0.000000000000000000, 0.000000000000000000, 1.000000000000000000 ) ) ;
#1221 = CARTESIAN_POINT ( 'NONE',  ( 19.58410760974726372, 5.407504943183367274, -11.02255542853606940 ) ) ;
#1222 = DIRECTION ( 'NONE',  ( 0.000000000000000000, 0.000000000000000000, 1.000000000000000000 ) ) ;
#1223 = CARTESIAN_POINT ( 'NONE',  ( 0.000000000000000000, 0.000000000000000000, 0.000000000000000000 ) ) ;
#1224 = AXIS2_PLACEMENT_3D ( 'NONE', #3022, #1151, #640 ) ;
#1225 = DIRECTION ( 'NONE',  ( -1.000000000000000000, 0.000000000000000000, 0.000000000000000000 ) ) ;
#1226 = DIRECTION ( 'NONE',  ( 0.000000000000000000, -0.9848077530122062440, -0.1736481776669405452 ) ) ;
#1227 = CARTESIAN_POINT ( 'NONE',  ( 0.000000000000000000, -0.2364004980232949915, -12.68364753256399879 ) ) ;
#1228 = CARTESIAN_POINT ( 'NONE',  ( 20.00000000000000000, -12.53200494222450168, -1.969683236930065195 ) ) ;
#1229 = CARTESIAN_POINT ( 'NONE',  ( 20.00000000000000000, 6.457722532643940028, -9.665153681719059975 ) ) ;
#1230 = ORIENTED_EDGE ( 'NONE', *, *, #1407, .T. ) ;
#1231 = DIRECTION ( 'NONE',  ( -1.000000000000000000, 0.000000000000000000, 0.000000000000000000 ) ) ;
#1232 = VERTEX_POINT ( 'NONE', #4187 ) ;
#1233 = ORIENTED_EDGE ( 'NONE', *, *, #1953, .F. ) ;
#1234 = CARTESIAN_POINT ( 'NONE',  ( 10.00000000000000000, -14.83290837936661966, 2.232673063636990030 ) ) ;
#1235 = CARTESIAN_POINT ( 'NONE',  ( 20.00000000000000000, 11.67008492344063342, -0.7670002514485749767 ) ) ;
#1236 = EDGE_LOOP ( 'NONE', ( #3900, #2650, #2680, #3870, #1077, #1164 ) ) ;
#1237 = CARTESIAN_POINT ( 'NONE',  ( 18.37834304137127717, -8.221276052889342267, 11.29097679337942139 ) ) ;
#1238 = CARTESIAN_POINT ( 'NONE',  ( 20.00000000000000000, -0.2738250307121675164, -6.994644099306180252 ) ) ;
#1239 = EDGE_CURVE ( 'NONE', #3589, #434, #1254, .T. ) ;
#1240 = ORIENTED_EDGE ( 'NONE', *, *, #3278, .F. ) ;
#1241 = ORIENTED_EDGE ( 'NONE', *, *, #1718, .F. ) ;
#1242 = CIRCLE ( 'NONE', #2069, 11.62399999999419542 ) ;
#1243 = EDGE_CURVE ( 'NONE', #2482, #1594, #2986, .T. ) ;
#1244 = CARTESIAN_POINT ( 'NONE',  ( 17.63947341468150043, -5.482902598228226232, -13.96201200035715395 ) ) ;
#1245 = CARTESIAN_POINT ( 'NONE',  ( 1.414568358234325363, 3.688218076893698072, -13.16928527808495630 ) ) ;
#1246 = CONICAL_SURFACE ( 'NONE', #676, 11.69526278054659940, 0.9505468408120750778 ) ;
#1247 = CARTESIAN_POINT ( 'NONE',  ( 1.028067966612386863, -9.314681982020765361, 9.260821891708253872 ) ) ;
#1248 = STYLED_ITEM ( 'NONE', ( #3214 ), #1393 ) ;
#1249 = ORIENTED_EDGE ( 'NONE', *, *, #2729, .F. ) ;
#1250 = CIRCLE ( 'NONE', #4135, 3.000000000000000000 ) ;
#1251 = DIRECTION ( 'NONE',  ( -2.891205793296123914E-17, 0.000000000000000000, -1.000000000000000000 ) ) ;
#1252 = FACE_OUTER_BOUND ( 'NONE', #480, .T. ) ;
#1253 = CARTESIAN_POINT ( 'NONE',  ( 20.00000000000000000, -12.53200494222450168, -1.969683236930065195 ) ) ;
#1254 = B_SPLINE_CURVE_WITH_KNOTS ( 'NONE', 3,
 ( #4211, #1039, #687, #711, #1476, #1883, #1530, #3853 ),
 .UNSPECIFIED., .F., .F.,
 ( 4, 2, 2, 4 ),
 ( 3.392033185190233945E-07, 0.002116429773543397706, 0.003174475058655837085, 0.004232520343768276898 ),
 .UNSPECIFIED. ) ;
#1255 = FACE_OUTER_BOUND ( 'NONE', #3893, .T. ) ;
#1256 = DIRECTION ( 'NONE',  ( 0.000000000000000000, -6.982962677686270655E-15, 1.000000000000000000 ) ) ;
#1257 = ORIENTED_EDGE ( 'NONE', *, *, #1965, .F. ) ;
#1258 = CARTESIAN_POINT ( 'NONE',  ( 1.296010030051038586E-16, 9.432821964585949459, -6.913829712284172757 ) ) ;
#1259 = EDGE_LOOP ( 'NONE', ( #3287, #1791, #2763, #2865 ) ) ;
#1260 = B_SPLINE_CURVE_WITH_KNOTS ( 'NONE', 3,
 ( #353, #2709, #4712, #3892, #1571, #4272, #2317, #1474 ),
 .UNSPECIFIED., .F., .F.,
 ( 4, 2, 2, 4 ),
 ( 2.370326085510722866E-07, 0.002114442047300404710, 0.003171544554646330699, 0.004228647061992257122 ),
 .UNSPECIFIED. ) ;
#1261 = DIRECTION ( 'NONE',  ( 0.000000000000000000, 0.000000000000000000, 1.000000000000000000 ) ) ;
#1262 = ORIENTED_EDGE ( 'NONE', *, *, #318, .T. ) ;
#1263 = LINE ( 'NONE', #1234, #2958 ) ;
#1264 = CIRCLE ( 'NONE', #112, 14.99999999999250022 ) ;
#1265 = DIRECTION ( 'NONE',  ( 0.000000000000000000, 0.000000000000000000, 1.000000000000000000 ) ) ;
#1266 = VERTEX_POINT ( 'NONE', #2298 ) ;
#1267 = DIRECTION ( 'NONE',  ( 0.000000000000000000, 0.000000000000000000, 1.000000000000000000 ) ) ;
#1268 = CARTESIAN_POINT ( 'NONE',  ( 2.360526585318500903, 14.83290837936661966, -2.232673063637094835 ) ) ;
#1269 = DIRECTION ( 'NONE',  ( -1.000000000000000000, 0.000000000000000000, 0.000000000000000000 ) ) ;
#1270 = AXIS2_PLACEMENT_3D ( 'NONE', #1580, #3984, #3602 ) ;
#1271 = ORIENTED_EDGE ( 'NONE', *, *, #3857, .T. ) ;
#1272 = ORIENTED_EDGE ( 'NONE', *, *, #3236, .T. ) ;
#1273 = CIRCLE ( 'NONE', #4154, 5.399999999997299405 ) ;
#1274 = FILL_AREA_STYLE ('',( #1574 ) ) ;
#1275 = CARTESIAN_POINT ( 'NONE',  ( 1.611745453421329577, -12.52556842986268038, -6.146488153547363886 ) ) ;
#1276 = ORIENTED_EDGE ( 'NONE', *, *, #3578, .T. ) ;
#1277 = FACE_OUTER_BOUND ( 'NONE', #465, .T. ) ;
#1278 = ADVANCED_FACE ( 'NONE', ( #3062 ), #3494, .F. ) ;
#1279 = CARTESIAN_POINT ( 'NONE',  ( 50.00005080000000390, 0.000000000000000000, 0.000000000000000000 ) ) ;
#1280 = AXIS2_PLACEMENT_3D ( 'NONE', #533, #2888, #4855 ) ;
#1281 = AXIS2_PLACEMENT_3D ( 'NONE', #1679, #4434, #2907 ) ;
#1282 = CARTESIAN_POINT ( 'NONE',  ( 17.84642315377233501, 12.44990391086186143, 7.835301323466116408 ) ) ;
#1283 = CARTESIAN_POINT ( 'NONE',  ( 3.170007328614371243E-16, 0.000000000000000000, -8.592322081196679186E-33 ) ) ;
#1284 = DIRECTION ( 'NONE',  ( 0.000000000000000000, 0.000000000000000000, 1.000000000000000000 ) ) ;
#1285 = CARTESIAN_POINT ( 'NONE',  ( 20.00000000000000000, -7.000001873099980010, -3.000000000000000000 ) ) ;
#1286 = EDGE_CURVE ( 'NONE', #4852, #2979, #330, .T. ) ;
#1287 = ADVANCED_FACE ( 'NONE', ( #4249 ), #731, .F. ) ;
#1288 = CIRCLE ( 'NONE', #2185, 14.99999999999250022 ) ;
#1289 = FACE_OUTER_BOUND ( 'NONE', #2522, .T. ) ;
#1290 = ORIENTED_EDGE ( 'NONE', *, *, #1528, .T. ) ;
#1291 = AXIS2_PLACEMENT_3D ( 'NONE', #2383, #4773, #3961 ) ;
#1292 = CARTESIAN_POINT ( 'NONE',  ( 5.000000000000000000, -0.2738250307121669613, -3.994644099306174923 ) ) ;
#1293 = ORIENTED_EDGE ( 'NONE', *, *, #2278, .F. ) ;
#1294 = DIRECTION ( 'NONE',  ( 0.000000000000000000, 0.000000000000000000, -1.000000000000000000 ) ) ;
#1295 = ORIENTED_EDGE ( 'NONE', *, *, #1721, .T. ) ;
#1296 = CARTESIAN_POINT ( 'NONE',  ( 20.00000000000000000, -5.170800759256850121, 10.49009013374562826 ) ) ;
#1297 = CARTESIAN_POINT ( 'NONE',  ( 20.00000000000000000, 11.10256122485991881, -6.137094929526429432 ) ) ;
#1298 = ORIENTED_EDGE ( 'NONE', *, *, #1388, .T. ) ;
#1299 = CARTESIAN_POINT ( 'NONE',  ( 18.38825454657866487, 12.52556842986280294, -6.146488153547105426 ) ) ;
#1300 = FACE_OUTER_BOUND ( 'NONE', #1187, .T. ) ;
#1301 = DIRECTION ( 'NONE',  ( -1.000000000000000000, 0.000000000000000000, 0.000000000000000000 ) ) ;
#1302 = ORIENTED_EDGE ( 'NONE', *, *, #4973, .T. ) ;
#1303 = ORIENTED_EDGE ( 'NONE', *, *, #2136, .F. ) ;
#1304 = DIRECTION ( 'NONE',  ( -2.891205793296123914E-17, 0.000000000000000000, -1.000000000000000000 ) ) ;
#1305 = CARTESIAN_POINT ( 'NONE',  ( 20.00000000000000000, 0.000000000000000000, 0.000000000000000000 ) ) ;
#1306 = ORIENTED_EDGE ( 'NONE', *, *, #18, .T. ) ;
#1307 = CARTESIAN_POINT ( 'NONE',  ( 20.00000000000000000, -1.271141185984964395, 11.62597830684933342 ) ) ;
#1308 = CARTESIAN_POINT ( 'NONE',  ( 18.37834264991193223, -0.9598369711603437215, -13.93392497589546863 ) ) ;
#1309 = ORIENTED_EDGE ( 'NONE', *, *, #3396, .T. ) ;
#1310 = DIRECTION ( 'NONE',  ( 0.000000000000000000, 0.000000000000000000, 1.000000000000000000 ) ) ;
#1311 = CARTESIAN_POINT ( 'NONE',  ( 19.58555301147811178, -12.24605119035004819, -0.8514675473765949132 ) ) ;
#1312 = CARTESIAN_POINT ( 'NONE',  ( 18.97193203338760981, -9.314681982020632134, -9.260821891708378217 ) ) ;
#1313 = CARTESIAN_POINT ( 'NONE',  ( 20.00000000000000000, 0.000000000000000000, -8.592322081196679186E-33 ) ) ;
#1314 = EDGE_CURVE ( 'NONE', #4092, #4312, #831, .T. ) ;
#1315 = EDGE_CURVE ( 'NONE', #2338, #72, #1491, .T. ) ;
#1316 = CIRCLE ( 'NONE', #4845, 5.399999999997286970 ) ;
#1317 = CARTESIAN_POINT ( 'NONE',  ( 20.00000000000000000, -1.265738570989324074, 11.55488130054889950 ) ) ;
#1318 = EDGE_CURVE ( 'NONE', #4920, #2043, #4945, .T. ) ;
#1319 = EDGE_CURVE ( 'NONE', #2029, #3937, #2352, .T. ) ;
#1320 = VERTEX_POINT ( 'NONE', #2425 ) ;
#1321 = EDGE_CURVE ( 'NONE', #31, #3741, #1342, .T. ) ;
#1322 = FACE_OUTER_BOUND ( 'NONE', #4474, .T. ) ;
#1323 = CIRCLE ( 'NONE', #3127, 11.62399999999419897 ) ;
#1324 = CARTESIAN_POINT ( 'NONE',  ( 19.58555304387303764, 9.928332208393523928, -7.219347975501359649 ) ) ;
#1325 = ORIENTED_EDGE ( 'NONE', *, *, #3888, .F. ) ;
#1326 = CARTESIAN_POINT ( 'NONE',  ( 17.63947341468150043, 0.3769537665661793491, 14.99526278054661610 ) ) ;
#1327 = CARTESIAN_POINT ( 'NONE',  ( 1.414568187139305655, 5.639714429572247667, 12.45899843146665553 ) ) ;
#1328 = VERTEX_POINT ( 'NONE', #3161 ) ;
#1329 = CARTESIAN_POINT ( 'NONE',  ( 0.000000000000000000, 11.15954349366131915, 3.252993238994855041 ) ) ;
#1330 = DIRECTION ( 'NONE',  ( 1.000000000000000000, 0.000000000000000000, 0.000000000000000000 ) ) ;
#1331 = CARTESIAN_POINT ( 'NONE',  ( 20.00000000000000000, 12.53200494222450168, -1.969683236929980152 ) ) ;
#1332 = VERTEX_POINT ( 'NONE', #3133 ) ;
#1333 = ORIENTED_EDGE ( 'NONE', *, *, #3204, .T. ) ;
#1334 = DIRECTION ( 'NONE',  ( 1.000000000000000000, 0.000000000000000000, 0.000000000000000000 ) ) ;
#1335 = CARTESIAN_POINT ( 'NONE',  ( 1.998619251036199751, -12.17954320042508520, -7.863997458887850733 ) ) ;
#1336 = VERTEX_POINT ( 'NONE', #3920 ) ;
#1337 = LINE ( 'NONE', #2916, #707 ) ;
#1338 = AXIS2_PLACEMENT_3D ( 'NONE', #4997, #1800, #3072 ) ;
#1339 = VECTOR ( 'NONE', #3555, 1000.000000000000000 ) ;
#1340 = CARTESIAN_POINT ( 'NONE',  ( 20.00000000000000000, -1.265738570989169975, -11.55488130054892082 ) ) ;
#1341 = ORIENTED_EDGE ( 'NONE', *, *, #1523, .T. ) ;
#1342 = CIRCLE ( 'NONE', #2644, 11.62399999999420608 ) ;
#1343 = CARTESIAN_POINT ( 'NONE',  ( 17.63947341468150043, 0.000000000000000000, -6.398220130030271836E-17 ) ) ;
#1344 = CARTESIAN_POINT ( 'NONE',  ( 20.00000000000000000, 0.000000000000000000, 4.438010260060118261E-16 ) ) ;
#1345 = CIRCLE ( 'NONE', #187, 5.399999999997299405 ) ;
#1346 = B_SPLINE_CURVE_WITH_KNOTS ( 'NONE', 3,
 ( #3495, #4547, #2592, #806, #4690, #2775 ),
 .UNSPECIFIED., .F., .F.,
 ( 4, 2, 4 ),
 ( 3.392033185189618258E-07, 0.001915482264233693338, 0.003830625325148867728 ),
 .UNSPECIFIED. ) ;
#1347 = DIRECTION ( 'NONE',  ( 0.000000000000000000, -0.9848077530122062440, -0.1736481776669405452 ) ) ;
#1348 = ORIENTED_EDGE ( 'NONE', *, *, #3947, .T. ) ;
#1349 = EDGE_CURVE ( 'NONE', #3974, #496, #3656, .T. ) ;
#1350 = FACE_BOUND ( 'NONE', #60, .T. ) ;
#1351 = ADVANCED_FACE ( 'NONE', ( #2795 ), #2345, .T. ) ;
#1352 = FACE_BOUND ( 'NONE', #4787, .T. ) ;
#1353 = DIRECTION ( 'NONE',  ( -1.000000000000000000, 0.000000000000000000, 0.000000000000000000 ) ) ;
#1354 = CARTESIAN_POINT ( 'NONE',  ( 2.360526585318500903, 9.927532457520051423, -11.24473651557300080 ) ) ;
#1355 = VERTEX_POINT ( 'NONE', #3237 ) ;
#1356 = DIRECTION ( 'NONE',  ( 1.000000000000000000, 0.000000000000000000, 0.000000000000000000 ) ) ;
#1357 = DIRECTION ( 'NONE',  ( -1.000000000000000000, 0.000000000000000000, 0.000000000000000000 ) ) ;
#1358 = DIRECTION ( 'NONE',  ( 0.000000000000000000, -0.6427876096865458022, 0.7660444431189726844 ) ) ;
#1359 = EDGE_LOOP ( 'NONE', ( #3344, #2511 ) ) ;
#1360 = ORIENTED_EDGE ( 'NONE', *, *, #4760, .F. ) ;
#1361 = AXIS2_PLACEMENT_3D ( 'NONE', #5072, #1867, #1170 ) ;
#1362 = DIRECTION ( 'NONE',  ( 0.000000000000000000, 0.000000000000000000, 1.000000000000000000 ) ) ;
#1363 = DIRECTION ( 'NONE',  ( 0.000000000000000000, 0.000000000000000000, -1.000000000000000000 ) ) ;
#1364 = B_SPLINE_CURVE_WITH_KNOTS ( 'NONE', 3,
 ( #2830, #2779, #4339, #4388, #4748, #866, #4094, #4908 ),
 .UNSPECIFIED., .F., .F.,
 ( 4, 2, 2, 4 ),
 ( 2.341563919382917059E-07, 0.002114439161326854295, 0.003171541663794310694, 0.004228644166261766660 ),
 .UNSPECIFIED. ) ;
#1365 = CARTESIAN_POINT ( 'NONE',  ( 0.8204274110493557925, -5.555350419330331135, -11.58190056492990827 ) ) ;
#1366 = VERTEX_POINT ( 'NONE', #11 ) ;
#1367 = CARTESIAN_POINT ( 'NONE',  ( 20.00000000000000000, -8.446785448070588842, -8.088942273270435024 ) ) ;
#1368 = CARTESIAN_POINT ( 'NONE',  ( 17.63947341468150043, -9.927532457519969711, 11.24473651557307896 ) ) ;
#1369 = ORIENTED_EDGE ( 'NONE', *, *, #688, .F. ) ;
#1370 = CARTESIAN_POINT ( 'NONE',  ( 6.321235063003219937E-16, -1.271141185984964617, 11.62597830684933520 ) ) ;
#1371 = AXIS2_PLACEMENT_3D ( 'NONE', #2757, #3222, #3152 ) ;
#1372 = CARTESIAN_POINT ( 'NONE',  ( 18.58543183159885004, 9.560826451078760613, -9.778732924912677760 ) ) ;
#1373 = CARTESIAN_POINT ( 'NONE',  ( 5.000000000000000000, -7.000001873099980010, 1.750000000000000000 ) ) ;
#1374 = CARTESIAN_POINT ( 'NONE',  ( 0.000000000000000000, 1.265738570989248135, 11.55488130054892082 ) ) ;
#1375 = EDGE_LOOP ( 'NONE', ( #4651, #2360, #4963, #4374, #918, #4889 ) ) ;
#1376 = AXIS2_PLACEMENT_3D ( 'NONE', #475, #2802, #4010 ) ;
#1377 = CARTESIAN_POINT ( 'NONE',  ( 20.00000000000000000, -10.86616072683646017, -6.546552603037669726 ) ) ;
#1378 = CARTESIAN_POINT ( 'NONE',  ( 17.82022058895800853, -12.48902516943608987, -7.844017419562646865 ) ) ;
#1379 = CIRCLE ( 'NONE', #3028, 11.69526278054659940 ) ;
#1380 = ADVANCED_FACE ( 'NONE', ( #4742 ), #467, .T. ) ;
#1381 = VERTEX_POINT ( 'NONE', #4002 ) ;
#1382 = EDGE_LOOP ( 'NONE', ( #961, #3437, #3212, #4959, #1926, #2190 ) ) ;
#1383 = ADVANCED_FACE ( 'NONE', ( #2374 ), #2041, .T. ) ;
#1384 = EDGE_CURVE ( 'NONE', #543, #2309, #825, .T. ) ;
#1385 = CARTESIAN_POINT ( 'NONE',  ( 20.00000000000000000, -10.86616072683654011, 6.546552603037510742 ) ) ;
#1386 = EDGE_CURVE ( 'NONE', #1713, #4270, #1165, .T. ) ;
#1387 = CARTESIAN_POINT ( 'NONE',  ( 5.044004627177723375E-16, -9.432821964585894392, 6.913829712284247364 ) ) ;
#1388 = EDGE_CURVE ( 'NONE', #3882, #3156, #4615, .T. ) ;
#1389 = CARTESIAN_POINT ( 'NONE',  ( 0.2080864485073583292, 11.96002062638692465, -0.7976413094467500464 ) ) ;
#1390 = CARTESIAN_POINT ( 'NONE',  ( 0.9269598836624031168, -12.53200494222450168, 3.430316763067235541 ) ) ;
#1391 = CARTESIAN_POINT ( 'NONE',  ( 18.97193192599981515, 3.362766096614203004, -12.69716230831640935 ) ) ;
#1392 = DIRECTION ( 'NONE',  ( 0.000000000000000000, 0.000000000000000000, 1.000000000000000000 ) ) ;
#1393 = MANIFOLD_SOLID_BREP ( 'Cut-Extrude3[1]', #4590 ) ;
#1394 = VERTEX_POINT ( 'NONE', #2955 ) ;
#1395 = CARTESIAN_POINT ( 'NONE',  ( 5.000000000000000000, -0.2738250307121675164, -6.994644099306180252 ) ) ;
#1396 = AXIS2_PLACEMENT_3D ( 'NONE', #129, #4930, #2578 ) ;
#1397 = CARTESIAN_POINT ( 'NONE',  ( 2.360526585318501347, -14.83290837936660367, -2.232673063637195643 ) ) ;
#1398 = DIRECTION ( 'NONE',  ( 1.000000000000000000, 0.000000000000000000, 0.000000000000000000 ) ) ;
#1399 = VERTEX_POINT ( 'NONE', #2842 ) ;
#1400 = DIRECTION ( 'NONE',  ( -1.000000000000000000, 0.000000000000000000, 0.000000000000000000 ) ) ;
#1401 = DIRECTION ( 'NONE',  ( 0.000000000000000000, 0.000000000000000000, 1.000000000000000000 ) ) ;
#1402 = ORIENTED_EDGE ( 'NONE', *, *, #1953, .T. ) ;
#1403 = ORIENTED_EDGE ( 'NONE', *, *, #4548, .F. ) ;
#1404 = EDGE_CURVE ( 'NONE', #2581, #1038, #2480, .T. ) ;
#1405 = DIRECTION ( 'NONE',  ( -1.000000000000000000, 0.000000000000000000, 0.000000000000000000 ) ) ;
#1406 = DIRECTION ( 'NONE',  ( 0.000000000000000000, 0.000000000000000000, -1.000000000000000000 ) ) ;
#1407 = EDGE_CURVE ( 'NONE', #1872, #2707, #124, .T. ) ;
#1408 = FACE_BOUND ( 'NONE', #9, .T. ) ;
#1409 = CARTESIAN_POINT ( 'NONE',  ( -10.00000000000000000, 0.000000000000000000, 0.000000000000000000 ) ) ;
#1410 = DIRECTION ( 'NONE',  ( 0.000000000000000000, 0.6427876096865402511, -0.7660444431189772363 ) ) ;
#1411 = DIRECTION ( 'NONE',  ( -1.000000000000000000, 0.000000000000000000, 0.000000000000000000 ) ) ;
#1412 = ORIENTED_EDGE ( 'NONE', *, *, #834, .T. ) ;
#1413 = FACE_OUTER_BOUND ( 'NONE', #914, .T. ) ;
#1414 = ORIENTED_EDGE ( 'NONE', *, *, #2596, .F. ) ;
#1415 = AXIS2_PLACEMENT_3D ( 'NONE', #3440, #1016, #2590 ) ;
#1416 = DIRECTION ( 'NONE',  ( 0.000000000000000000, -0.3420201433256569445, -0.9396926207859126468 ) ) ;
#1417 = ORIENTED_EDGE ( 'NONE', *, *, #833, .T. ) ;
#1418 = ORIENTED_EDGE ( 'NONE', *, *, #3654, .F. ) ;
#1419 = VERTEX_POINT ( 'NONE', #3701 ) ;
#1420 = CARTESIAN_POINT ( 'NONE',  ( 3.170007328614371243E-16, 0.000000000000000000, -8.592322081196679186E-33 ) ) ;
#1421 = CARTESIAN_POINT ( 'NONE',  ( 5.345585351997739044E-17, -6.499284164183738000, -9.723089882297141884 ) ) ;
#1422 = EDGE_LOOP ( 'NONE', ( #1129, #853, #1734, #568 ) ) ;
#1423 = LINE ( 'NONE', #2712, #2388 ) ;
#1424 = VECTOR ( 'NONE', #775, 999.9999999999998863 ) ;
#1425 = EDGE_CURVE ( 'NONE', #493, #2517, #4360, .T. ) ;
#1426 = CARTESIAN_POINT ( 'NONE',  ( 2.134850314011562666, -14.34822647753703606, 3.130374847942841932 ) ) ;
#1427 = CARTESIAN_POINT ( 'NONE',  ( 2.360526585318500903, -5.482902598228226232, -13.96201200035715395 ) ) ;
#1428 = CONICAL_SURFACE ( 'NONE', #117, 11.69526278054659940, 0.9505468408120750778 ) ;
#1429 = VERTEX_POINT ( 'NONE', #1754 ) ;
#1430 = ORIENTED_EDGE ( 'NONE', *, *, #523, .F. ) ;
#1431 = EDGE_CURVE ( 'NONE', #2122, #1668, #1896, .T. ) ;
#1432 = EDGE_CURVE ( 'NONE', #106, #4371, #3230, .T. ) ;
#1433 = CARTESIAN_POINT ( 'NONE',  ( 5.000000000000000000, 0.2738250307120564941, 6.994644099306220220 ) ) ;
#1434 = DIRECTION ( 'NONE',  ( 1.000000000000000000, 0.000000000000000000, 0.000000000000000000 ) ) ;
#1435 = EDGE_CURVE ( 'NONE', #303, #710, #2911, .T. ) ;
#1436 = CYLINDRICAL_SURFACE ( 'NONE', #477, 11.62399999999419897 ) ;
#1437 = CARTESIAN_POINT ( 'NONE',  ( 0.000000000000000000, -7.971798191702021086, 9.868193021853530311 ) ) ;
#1438 = DIRECTION ( 'NONE',  ( -1.000000000000000000, 0.000000000000000000, 0.000000000000000000 ) ) ;
#1439 = VERTEX_POINT ( 'NONE', #3671 ) ;
#1440 = CARTESIAN_POINT ( 'NONE',  ( 20.00000000000000000, 4.560206750522500130, 11.83787625878356131 ) ) ;
#1441 = ORIENTED_EDGE ( 'NONE', *, *, #1110, .F. ) ;
#1442 = VECTOR ( 'NONE', #3112, 1000.000000000000000 ) ;
#1443 = AXIS2_PLACEMENT_3D ( 'NONE', #2333, #4984, #1 ) ;
#1444 = DIRECTION ( 'NONE',  ( -1.000000000000000000, 0.000000000000000000, -2.710505431213761085E-17 ) ) ;
#1445 = ORIENTED_EDGE ( 'NONE', *, *, #3204, .F. ) ;
#1446 = AXIS2_PLACEMENT_3D ( 'NONE', #4071, #2204, #1538 ) ;
#1447 = EDGE_LOOP ( 'NONE', ( #703, #4299, #4558, #14, #2509, #803 ) ) ;
#1448 = VERTEX_POINT ( 'NONE', #1329 ) ;
#1449 = DIRECTION ( 'NONE',  ( -1.000000000000000000, 0.000000000000000000, -2.710505431213761085E-17 ) ) ;
#1450 = AXIS2_PLACEMENT_3D ( 'NONE', #1253, #45, #4723 ) ;
#1451 = CARTESIAN_POINT ( 'NONE',  ( 5.000000000000000000, -7.000001873099980010, -1.844327237370754842E-15 ) ) ;
#1452 = CARTESIAN_POINT ( 'NONE',  ( 1.028068168472910715, 13.08820221713376952, -1.106839066262328197 ) ) ;
#1453 = CIRCLE ( 'NONE', #2112, 5.399999999997300293 ) ;
#1454 = ORIENTED_EDGE ( 'NONE', *, *, #451, .T. ) ;
#1455 = DIRECTION ( 'NONE',  ( -1.000000000000000000, 0.000000000000000000, 0.000000000000000000 ) ) ;
#1456 = CARTESIAN_POINT ( 'NONE',  ( -10.00000000000000000, 0.000000000000000000, 0.000000000000000000 ) ) ;
#1457 = AXIS2_PLACEMENT_3D ( 'NONE', #772, #4707, #402 ) ;
#1458 = EDGE_CURVE ( 'NONE', #2613, #2547, #3554, .T. ) ;
#1459 = CARTESIAN_POINT ( 'NONE',  ( 17.63947341468150043, -9.927532457519969711, 11.24473651557307896 ) ) ;
#1460 = DIRECTION ( 'NONE',  ( -1.000000000000000000, 0.000000000000000000, 0.000000000000000000 ) ) ;
#1461 = EDGE_CURVE ( 'NONE', #1875, #1962, #4024, .T. ) ;
#1462 = ADVANCED_FACE ( 'NONE', ( #936 ), #3868, .F. ) ;
#1463 = DIRECTION ( 'NONE',  ( -1.000000000000000000, 0.000000000000000000, 0.000000000000000000 ) ) ;
#1464 = VERTEX_POINT ( 'NONE', #3824 ) ;
#1465 = ADVANCED_FACE ( 'NONE', ( #1081 ), #1522, .T. ) ;
#1466 = ORIENTED_EDGE ( 'NONE', *, *, #3857, .F. ) ;
#1467 = CIRCLE ( 'NONE', #3043, 11.62399999999419542 ) ;
#1468 = DIRECTION ( 'NONE',  ( 0.000000000000000000, 0.000000000000000000, 1.000000000000000000 ) ) ;
#1469 = ORIENTED_EDGE ( 'NONE', *, *, #836, .F. ) ;
#1470 = ORIENTED_EDGE ( 'NONE', *, *, #4857, .F. ) ;
#1471 = VERTEX_POINT ( 'NONE', #705 ) ;
#1472 = DIRECTION ( 'NONE',  ( 1.000000000000000000, 0.000000000000000000, -2.710505431213761085E-17 ) ) ;
#1473 = DIRECTION ( 'NONE',  ( -2.891205793296123914E-17, 0.000000000000000000, -1.000000000000000000 ) ) ;
#1474 = CARTESIAN_POINT ( 'NONE',  ( 5.805456122028956933E-16, 6.499284164183803725, 9.723089882297099251 ) ) ;
#1475 = VERTEX_POINT ( 'NONE', #4563 ) ;
#1476 = CARTESIAN_POINT ( 'NONE',  ( 1.611745538522616483, -0.9397692827732919696, -13.92070465647200450 ) ) ;
#1477 = DIRECTION ( 'NONE',  ( 0.000000000000000000, 0.3420201433256695456, -0.9396926207859079838 ) ) ;
#1478 = DIRECTION ( 'NONE',  ( 0.000000000000000000, 0.000000000000000000, 1.000000000000000000 ) ) ;
#1479 = ORIENTED_EDGE ( 'NONE', *, *, #4642, .T. ) ;
#1480 = CYLINDRICAL_SURFACE ( 'NONE', #1589, 5.399999999997300293 ) ;
#1481 = CARTESIAN_POINT ( 'NONE',  ( 2.179779431097388365, 9.053032863392566298, -11.64246347456693087 ) ) ;
#1482 = CARTESIAN_POINT ( 'NONE',  ( 0.2080864485073595782, -11.96002062638693353, 0.7976413094466616727 ) ) ;
#1483 = AXIS2_PLACEMENT_3D ( 'NONE', #4013, #505, #1347 ) ;
#1484 = FACE_OUTER_BOUND ( 'NONE', #3648, .T. ) ;
#1485 = CARTESIAN_POINT ( 'NONE',  ( 18.00593650085874842, 8.769486768786922681, 11.53199635729486872 ) ) ;
#1486 = ORIENTED_EDGE ( 'NONE', *, *, #177, .F. ) ;
#1487 = ADVANCED_FACE ( 'NONE', ( #629 ), #2268, .T. ) ;
#1488 = ORIENTED_EDGE ( 'NONE', *, *, #2931, .T. ) ;
#1489 = DIRECTION ( 'NONE',  ( -1.000000000000000000, 0.000000000000000000, 0.000000000000000000 ) ) ;
#1490 = VERTEX_POINT ( 'NONE', #2218 ) ;
#1491 = CIRCLE ( 'NONE', #4366, 5.399999999997301181 ) ;
#1492 = EDGE_CURVE ( 'NONE', #3464, #155, #3410, .T. ) ;
#1493 = EDGE_CURVE ( 'NONE', #4875, #531, #2584, .T. ) ;
#1494 = ORIENTED_EDGE ( 'NONE', *, *, #3488, .T. ) ;
#1495 = AXIS2_PLACEMENT_3D ( 'NONE', #658, #633, #2566 ) ;
#1496 = ORIENTED_EDGE ( 'NONE', *, *, #2248, .T. ) ;
#1497 = CARTESIAN_POINT ( 'NONE',  ( 17.63947341468150043, -4.774461252588941385, 14.21986356289334807 ) ) ;
#1498 = DIRECTION ( 'NONE',  ( -1.000000000000000000, 0.000000000000000000, 0.000000000000000000 ) ) ;
#1499 = ORIENTED_EDGE ( 'NONE', *, *, #4225, .F. ) ;
#1500 = ORIENTED_EDGE ( 'NONE', *, *, #2135, .F. ) ;
#1501 = DIRECTION ( 'NONE',  ( 0.000000000000000000, 0.000000000000000000, -1.000000000000000000 ) ) ;
#1502 = LINE ( 'NONE', #732, #2781 ) ;
#1503 = CARTESIAN_POINT ( 'NONE',  ( 0.4158923845973602762, -8.851328473954541920, -8.508338376994315055 ) ) ;
#1504 = B_SPLINE_CURVE_WITH_KNOTS ( 'NONE', 3,
 ( #2963, #4133, #1308, #529, #762, #3299, #4881, #3147 ),
 .UNSPECIFIED., .F., .F.,
 ( 4, 2, 2, 4 ),
 ( 2.734363013044722604E-07, 0.002114478574479144307, 0.003171581143568063393, 0.004228683712656982480 ),
 .UNSPECIFIED. ) ;
#1505 = CONICAL_SURFACE ( 'NONE', #2831, 11.69526278054659940, 0.9505468408120750778 ) ;
#1506 = DIRECTION ( 'NONE',  ( 0.000000000000000000, 0.000000000000000000, -1.000000000000000000 ) ) ;
#1507 = AXIS2_PLACEMENT_3D ( 'NONE', #4417, #4720, #1251 ) ;
#1508 = CARTESIAN_POINT ( 'NONE',  ( 20.00000000000000000, 11.67008492344063342, -0.7670002514485749767 ) ) ;
#1509 = DIRECTION ( 'NONE',  ( 1.000000000000000000, 0.000000000000000000, 0.000000000000000000 ) ) ;
#1510 = VECTOR ( 'NONE', #3036, 1000.000000000000000 ) ;
#1511 = DIRECTION ( 'NONE',  ( 1.000000000000000000, 0.000000000000000000, 0.000000000000000000 ) ) ;
#1512 = EDGE_LOOP ( 'NONE', ( #2312, #3392, #4528, #2928 ) ) ;
#1513 = ORIENTED_EDGE ( 'NONE', *, *, #620, .F. ) ;
#1514 = CARTESIAN_POINT ( 'NONE',  ( 2.360526585318501791, 9.927532457519898657, 11.24473651557313758 ) ) ;
#1515 = EDGE_LOOP ( 'NONE', ( #381, #2884, #1032, #142 ) ) ;
#1517 = LINE ( 'NONE', #2445, #2358 ) ;
#1516 = CIRCLE ( 'NONE', #2671, 5.399999999997300293 ) ;
#1518 = DIRECTION ( 'NONE',  ( -1.000000000000000000, 0.000000000000000000, 0.000000000000000000 ) ) ;
#1519 = ORIENTED_EDGE ( 'NONE', *, *, #832, .F. ) ;
#1520 = AXIS2_PLACEMENT_3D ( 'NONE', #1409, #2466, #4038 ) ;
#1521 = VECTOR ( 'NONE', #1803, 1000.000000000000000 ) ;
#1522 = CYLINDRICAL_SURFACE ( 'NONE', #605, 5.399999999997300293 ) ;
#1523 = EDGE_CURVE ( 'NONE', #4398, #905, #1041, .T. ) ;
#1524 = AXIS2_PLACEMENT_3D ( 'NONE', #3878, #4191, #4258 ) ;
#1525 = CYLINDRICAL_SURFACE ( 'NONE', #4519, 14.99999999999250022 ) ;
#1526 = ORIENTED_EDGE ( 'NONE', *, *, #5035, .T. ) ;
#1527 = ORIENTED_EDGE ( 'NONE', *, *, #25, .F. ) ;
#1528 = EDGE_CURVE ( 'NONE', #4468, #1682, #689, .T. ) ;
#1529 = EDGE_CURVE ( 'NONE', #2967, #4295, #2001, .T. ) ;
#1530 = CARTESIAN_POINT ( 'NONE',  ( 2.179779511686554816, -0.5486056727704534675, -14.73782191836585831 ) ) ;
#1531 = EDGE_CURVE ( 'NONE', #3638, #1547, #3245, .T. ) ;
#1532 = AXIS2_PLACEMENT_3D ( 'NONE', #4530, #2106, #2157 ) ;
#1533 = ORIENTED_EDGE ( 'NONE', *, *, #453, .F. ) ;
#1534 = CARTESIAN_POINT ( 'NONE',  ( 17.82022048831344563, 0.5486056727707474545, -14.73782191836584410 ) ) ;
#1535 = B_SPLINE_CURVE_WITH_KNOTS ( 'NONE', 3,
 ( #4262, #423, #4749, #98, #841, #1971, #1203, #4390 ),
 .UNSPECIFIED., .F., .F.,
 ( 4, 2, 2, 4 ),
 ( 3.392033185174145084E-07, 0.002116429574872372762, 0.003174474760649301404, 0.004232519946426231347 ),
 .UNSPECIFIED. ) ;
#1536 = ORIENTED_EDGE ( 'NONE', *, *, #3516, .T. ) ;
#1537 = CARTESIAN_POINT ( 'NONE',  ( 20.00000000000000000, -12.44990391086184012, -2.435301323468904933 ) ) ;
#1538 = DIRECTION ( 'NONE',  ( 0.000000000000000000, 0.9848077530122074652, 0.1736481776669340504 ) ) ;
#1539 = CARTESIAN_POINT ( 'NONE',  ( 10.00000000000000000, -9.927532457519809839, -11.24473651557319975 ) ) ;
#1540 = CIRCLE ( 'NONE', #2868, 5.399999999997300293 ) ;
#1541 = DIRECTION ( 'NONE',  ( -1.000000000000000000, 0.000000000000000000, 0.000000000000000000 ) ) ;
#1542 = ORIENTED_EDGE ( 'NONE', *, *, #4325, .F. ) ;
#1543 = LINE ( 'NONE', #102, #2018 ) ;
#1544 = ORIENTED_EDGE ( 'NONE', *, *, #1458, .T. ) ;
#1545 = LINE ( 'NONE', #372, #3037 ) ;
#1546 = LINE ( 'NONE', #3588, #440 ) ;
#1547 = VERTEX_POINT ( 'NONE', #3916 ) ;
#1548 = CARTESIAN_POINT ( 'NONE',  ( 20.00000000000000000, -11.22862222243328567, -3.270659641710823351 ) ) ;
#1549 = ORIENTED_EDGE ( 'NONE', *, *, #4700, .T. ) ;
#1550 = VERTEX_POINT ( 'NONE', #404 ) ;
#1551 = CARTESIAN_POINT ( 'NONE',  ( 20.00000000000000000, 12.44990391086185966, 2.435301323468815227 ) ) ;
#1552 = CARTESIAN_POINT ( 'NONE',  ( 3.170007328614371243E-16, 0.000000000000000000, -8.592322081196679186E-33 ) ) ;
#1553 = CARTESIAN_POINT ( 'NONE',  ( 20.00000000000000000, -8.446785448070707858, 8.088942273270314232 ) ) ;
#1554 = DIRECTION ( 'NONE',  ( -2.710505431213761085E-17, 0.000000000000000000, -1.000000000000000000 ) ) ;
#1555 = EDGE_CURVE ( 'NONE', #3367, #4470, #1214, .T. ) ;
#1556 = EDGE_CURVE ( 'NONE', #4899, #2309, #1264, .T. ) ;
#1557 = CARTESIAN_POINT ( 'NONE',  ( 0.8242227812879566740, -11.69335075898826304, 5.326348194270538627 ) ) ;
#1558 = CARTESIAN_POINT ( 'NONE',  ( -10.00000000000000000, 0.000000000000000000, 0.000000000000000000 ) ) ;
#1559 = CARTESIAN_POINT ( 'NONE',  ( 10.00000000000000000, 5.482902598228319491, 13.96201200035712020 ) ) ;
#1560 = DIRECTION ( 'NONE',  ( -1.000000000000000000, 0.000000000000000000, 0.000000000000000000 ) ) ;
#1561 = DIRECTION ( 'NONE',  ( -1.000000000000000000, 0.000000000000000000, 0.000000000000000000 ) ) ;
#1562 = ORIENTED_EDGE ( 'NONE', *, *, #1023, .T. ) ;
#1563 = CYLINDRICAL_SURFACE ( 'NONE', #2265, 5.399999999997299405 ) ;
#1564 = ORIENTED_EDGE ( 'NONE', *, *, #686, .T. ) ;
#1565 = DIRECTION ( 'NONE',  ( 0.000000000000000000, 0.000000000000000000, 1.000000000000000000 ) ) ;
#1566 = DIRECTION ( 'NONE',  ( 1.000000000000000000, 0.000000000000000000, -2.710505431213761085E-17 ) ) ;
#1567 = ORIENTED_EDGE ( 'NONE', *, *, #2759, .F. ) ;
#1568 = AXIS2_PLACEMENT_3D ( 'NONE', #895, #2052, #3632 ) ;
#1569 = CARTESIAN_POINT ( 'NONE',  ( 0.000000000000000000, 11.59912988617140073, -0.7599749230011709766 ) ) ;
#1570 = AXIS2_PLACEMENT_3D ( 'NONE', #912, #4877, #1787 ) ;
#1571 = CARTESIAN_POINT ( 'NONE',  ( 0.8242228134833723407, 7.275958080588051935, 10.59079186028447950 ) ) ;
#1572 = ORIENTED_EDGE ( 'NONE', *, *, #3747, .F. ) ;
#1573 = VERTEX_POINT ( 'NONE', #1569 ) ;
#1574 = FILL_AREA_STYLE_COLOUR ( '', #3470 ) ;
#1575 = CIRCLE ( 'NONE', #2817, 5.399999999997299405 ) ;
#1576 = CARTESIAN_POINT ( 'NONE',  ( 0.000000000000000000, -8.333984767424828632, 9.564282399747160213 ) ) ;
#1577 = ORIENTED_EDGE ( 'NONE', *, *, #1286, .F. ) ;
#1578 = CARTESIAN_POINT ( 'NONE',  ( 20.00000000000000000, 0.000000000000000000, 0.000000000000000000 ) ) ;
#1579 = ADVANCED_FACE ( 'NONE', ( #2010 ), #1951, .T. ) ;
#1580 = CARTESIAN_POINT ( 'NONE',  ( 0.000000000000000000, 0.000000000000000000, 0.000000000000000000 ) ) ;
#1581 = DIRECTION ( 'NONE',  ( -2.710505431213761085E-17, 0.000000000000000000, -1.000000000000000000 ) ) ;
#1582 = CARTESIAN_POINT ( 'NONE',  ( 0.000000000000000000, 0.000000000000000000, 0.000000000000000000 ) ) ;
#1583 = FACE_OUTER_BOUND ( 'NONE', #3409, .T. ) ;
#1584 = EDGE_CURVE ( 'NONE', #3975, #1848, #4885, .T. ) ;
#1585 = CARTESIAN_POINT ( 'NONE',  ( 2.360526585318500903, 4.774461252588839244, 14.21986356289338005 ) ) ;
#1586 = ADVANCED_FACE ( 'NONE', ( #1984 ), #1913, .T. ) ;
#1587 = ADVANCED_FACE ( 'NONE', ( #4271 ), #3511, .T. ) ;
#1588 = ORIENTED_EDGE ( 'NONE', *, *, #1321, .T. ) ;
#1589 = AXIS2_PLACEMENT_3D ( 'NONE', #2281, #4538, #4280 ) ;
#1590 = EDGE_CURVE ( 'NONE', #4511, #1597, #4739, .T. ) ;
#1591 = DIRECTION ( 'NONE',  ( -1.000000000000000000, -0.000000000000000000, 2.710505431213761085E-17 ) ) ;
#1592 = AXIS2_PLACEMENT_3D ( 'NONE', #4593, #3801, #1406 ) ;
#1593 = CARTESIAN_POINT ( 'NONE',  ( 17.84642315377236699, -12.44990391086185966, 7.835301323466036472 ) ) ;
#1594 = VERTEX_POINT ( 'NONE', #58 ) ;
#1595 = EDGE_LOOP ( 'NONE', ( #4820, #4456, #3272, #2071 ) ) ;
#1596 = CARTESIAN_POINT ( 'NONE',  ( 18.38825428305701237, 13.87240733243826618, -1.491813061652615291 ) ) ;
#1597 = VERTEX_POINT ( 'NONE', #1268 ) ;
#1598 = CARTESIAN_POINT ( 'NONE',  ( 20.00000000000000000, 4.560206750522660002, -11.83787625878350092 ) ) ;
#1599 = VECTOR ( 'NONE', #4163, 1000.000000000000000 ) ;
#1600 = ORIENTED_EDGE ( 'NONE', *, *, #3987, .F. ) ;
#1601 = DIRECTION ( 'NONE',  ( 0.000000000000000000, 0.3420201433256628287, 0.9396926207859104263 ) ) ;
#1602 = CARTESIAN_POINT ( 'NONE',  ( 18.38825428305700882, -13.87240733243828039, 1.491813061652508043 ) ) ;
#1603 = CIRCLE ( 'NONE', #3834, 14.99999999999250022 ) ;
#1604 = CARTESIAN_POINT ( 'NONE',  ( 0.8204275114803557534, 3.189056922126118021, -12.44316111581417239 ) ) ;
#1605 = AXIS2_PLACEMENT_3D ( 'NONE', #880, #1269, #1358 ) ;
#1606 = CARTESIAN_POINT ( 'NONE',  ( 6.013351956758312410E-16, -5.170800759256850121, 10.49009013374562826 ) ) ;
#1607 = VECTOR ( 'NONE', #3837, 1000.000000000000000 ) ;
#1608 = CARTESIAN_POINT ( 'NONE',  ( 20.00000000000000000, 11.15954349366131915, 3.252993238994855041 ) ) ;
#1609 = DIRECTION ( 'NONE',  ( -1.000000000000000000, 0.000000000000000000, 0.000000000000000000 ) ) ;
#1610 = CARTESIAN_POINT ( 'NONE',  ( 1.621656871000026756, 9.691831829852764812, -10.05703381868850066 ) ) ;
#1611 = DIRECTION ( 'NONE',  ( 0.000000000000000000, 0.000000000000000000, -1.000000000000000000 ) ) ;
#1612 = AXIS2_PLACEMENT_3D ( 'NONE', #811, #2434, #4696 ) ;
#1613 = CARTESIAN_POINT ( 'NONE',  ( 6.249033597312623488E-16, 2.781836774362620002, 11.35960191498110383 ) ) ;
#1614 = ORIENTED_EDGE ( 'NONE', *, *, #1113, .F. ) ;
#1615 = EDGE_CURVE ( 'NONE', #2535, #1180, #4673, .T. ) ;
#1616 = DIRECTION ( 'NONE',  ( 0.000000000000000000, 0.000000000000000000, -1.000000000000000000 ) ) ;
#1617 = AXIS2_PLACEMENT_3D ( 'NONE', #2087, #4021, #459 ) ;
#1618 = CYLINDRICAL_SURFACE ( 'NONE', #2881, 3.000000000000000000 ) ;
#1619 = ORIENTED_EDGE ( 'NONE', *, *, #1425, .T. ) ;
#1620 = ADVANCED_FACE ( 'NONE', ( #4517 ), #4103, .F. ) ;
#1621 = CARTESIAN_POINT ( 'NONE',  ( 2.360526585318501347, 0.000000000000000000, -6.398220130030271836E-17 ) ) ;
#1622 = FACE_OUTER_BOUND ( 'NONE', #427, .T. ) ;
#1623 = ORIENTED_EDGE ( 'NONE', *, *, #2727, .T. ) ;
#1624 = VERTEX_POINT ( 'NONE', #1647 ) ;
#1625 = VERTEX_POINT ( 'NONE', #1732 ) ;
#1626 = CARTESIAN_POINT ( 'NONE',  ( 19.17577718098695527, -5.533915758742577573, -11.59656047250846456 ) ) ;
#1627 = CARTESIAN_POINT ( 'NONE',  ( 20.00000000000000000, -11.67008492344063875, 0.7670002514484890455 ) ) ;
#1628 = DIRECTION ( 'NONE',  ( 2.710505431213761085E-17, 0.000000000000000000, 1.000000000000000000 ) ) ;
#1629 = CARTESIAN_POINT ( 'NONE',  ( -10.00000000000000000, 0.000000000000000000, 0.000000000000000000 ) ) ;
#1630 = VECTOR ( 'NONE', #88, 1000.000000000000000 ) ;
#1631 = VECTOR ( 'NONE', #5066, 1000.000000000000000 ) ;
#1632 = DIRECTION ( 'NONE',  ( 0.000000000000000000, 0.000000000000000000, 1.000000000000000000 ) ) ;
#1633 = CARTESIAN_POINT ( 'NONE',  ( 18.37834204905228219, -13.88891209135134908, -1.474346207013739196 ) ) ;
#1634 = DIRECTION ( 'NONE',  ( -2.891205793296123914E-17, 0.000000000000000000, -1.000000000000000000 ) ) ;
#1635 = CARTESIAN_POINT ( 'NONE',  ( 0.000000000000000000, 0.2738250307120564941, 5.244644099306220220 ) ) ;
#1636 = CARTESIAN_POINT ( 'NONE',  ( 18.00593633987936926, -4.296447149840362023, -13.83587317778083126 ) ) ;
#1637 = ORIENTED_EDGE ( 'NONE', *, *, #2959, .F. ) ;
#1638 = DIRECTION ( 'NONE',  ( 0.000000000000000000, 0.000000000000000000, -1.000000000000000000 ) ) ;
#1639 = VERTEX_POINT ( 'NONE', #3320 ) ;
#1640 = CARTESIAN_POINT ( 'NONE',  ( 20.00000000000000000, 0.000000000000000000, -8.592322081196679186E-33 ) ) ;
#1641 = ORIENTED_EDGE ( 'NONE', *, *, #4574, .F. ) ;
#1642 = EDGE_CURVE ( 'NONE', #1649, #1190, #4711, .T. ) ;
#1643 = CARTESIAN_POINT ( 'NONE',  ( 18.38825463152585016, -5.644255666766619939, 12.75976315463454469 ) ) ;
#1644 = DIRECTION ( 'NONE',  ( -1.000000000000000000, 0.000000000000000000, 0.000000000000000000 ) ) ;
#1645 = ORIENTED_EDGE ( 'NONE', *, *, #19, .T. ) ;
#1646 = EDGE_CURVE ( 'NONE', #2639, #3023, #1958, .T. ) ;
#1647 = CARTESIAN_POINT ( 'NONE',  ( 6.013351956758321285E-16, 5.170800759256777290, 10.49009013374566379 ) ) ;
#1648 = CARTESIAN_POINT ( 'NONE',  ( 20.00000000000000000, -6.457722532643870750, 9.665153681719109713 ) ) ;
#1649 = VERTEX_POINT ( 'NONE', #2560 ) ;
#1650 = EDGE_LOOP ( 'NONE', ( #829, #3109, #1168, #1064, #5 ) ) ;
#1651 = CIRCLE ( 'NONE', #2643, 11.69526278054659940 ) ;
#1652 = CARTESIAN_POINT ( 'NONE',  ( 17.63947341468150043, 14.83290837936661433, 2.232673063637093946 ) ) ;
#1653 = EDGE_CURVE ( 'NONE', #2837, #3950, #1017, .T. ) ;
#1654 = ADVANCED_FACE ( 'NONE', ( #1300 ), #3259, .T. ) ;
#1655 = CARTESIAN_POINT ( 'NONE',  ( 17.63947341468150043, 0.000000000000000000, -6.398220130030271836E-17 ) ) ;
#1656 = EDGE_LOOP ( 'NONE', ( #1500, #3349, #3907, #2209 ) ) ;
#1657 = AXIS2_PLACEMENT_3D ( 'NONE', #168, #3326, #1362 ) ;
#1658 = DIRECTION ( 'NONE',  ( -1.000000000000000000, 0.000000000000000000, 0.000000000000000000 ) ) ;
#1659 = AXIS2_PLACEMENT_3D ( 'NONE', #4618, #3087, #4644 ) ;
#1660 = CARTESIAN_POINT ( 'NONE',  ( 19.07304011633758023, 12.53200494222450168, 3.430316763067319918 ) ) ;
#1661 = CIRCLE ( 'NONE', #507, 5.399999999997306510 ) ;
#1662 = CARTESIAN_POINT ( 'NONE',  ( 17.63947341468150043, -5.482902598228418967, 13.96201200035707757 ) ) ;
#1663 = DIRECTION ( 'NONE',  ( -2.891205793296123914E-17, 0.000000000000000000, -1.000000000000000000 ) ) ;
#1664 = DIRECTION ( 'NONE',  ( 1.000000000000000000, 0.000000000000000000, 0.000000000000000000 ) ) ;
#1665 = FACE_OUTER_BOUND ( 'NONE', #2215, .T. ) ;
#1666 = CARTESIAN_POINT ( 'NONE',  ( 20.00000000000000000, -8.396946530139150155, -8.037951540650688287 ) ) ;
#1667 = DIRECTION ( 'NONE',  ( 0.000000000000000000, 0.000000000000000000, 1.000000000000000000 ) ) ;
#1668 = VERTEX_POINT ( 'NONE', #1756 ) ;
#1669 = LINE ( 'NONE', #3582, #4162 ) ;
#1670 = VERTEX_POINT ( 'NONE', #2146 ) ;
#1671 = DIRECTION ( 'NONE',  ( 0.000000000000000000, 0.000000000000000000, 1.000000000000000000 ) ) ;
#1672 = ORIENTED_EDGE ( 'NONE', *, *, #2339, .T. ) ;
#1673 = DIRECTION ( 'NONE',  ( -2.710505431213761085E-17, 0.000000000000000000, -1.000000000000000000 ) ) ;
#1674 = VECTOR ( 'NONE', #2844, 1000.000000000000000 ) ;
#1675 = CYLINDRICAL_SURFACE ( 'NONE', #2180, 5.399999999997300293 ) ;
#1676 = ORIENTED_EDGE ( 'NONE', *, *, #2248, .F. ) ;
#1677 = CARTESIAN_POINT ( 'NONE',  ( 17.70758736950759982, 12.68144027069488011, 7.831595173115700526 ) ) ;
#1678 = CARTESIAN_POINT ( 'NONE',  ( 0.4158924323841841075, 1.311456508573614288, 12.20728967298984635 ) ) ;
#1679 = CARTESIAN_POINT ( 'NONE',  ( 0.000000000000000000, 12.53200494222448036, 1.969683236930150239 ) ) ;
#1680 = VECTOR ( 'NONE', #3658, 999.9999999999998863 ) ;
#1681 = ORIENTED_EDGE ( 'NONE', *, *, #315, .F. ) ;
#1682 = VERTEX_POINT ( 'NONE', #4026 ) ;
#1683 = EDGE_CURVE ( 'NONE', #3972, #4371, #3672, .T. ) ;
#1684 = CARTESIAN_POINT ( 'NONE',  ( 0.000000000000000000, 3.673940397442060361E-16, -3.000000000000000000 ) ) ;
#1685 = DIRECTION ( 'NONE',  ( 0.000000000000000000, 0.3420201433256695456, -0.9396926207859079838 ) ) ;
#1686 = VERTEX_POINT ( 'NONE', #908 ) ;
#1687 = FACE_OUTER_BOUND ( 'NONE', #167, .T. ) ;
#1688 = EDGE_CURVE ( 'NONE', #371, #303, #4464, .T. ) ;
#1689 = EDGE_CURVE ( 'NONE', #1399, #2452, #2746, .T. ) ;
#1690 = CARTESIAN_POINT ( 'NONE',  ( 19.37855244989210846, -12.08855369033485339, 3.430316763067235541 ) ) ;
#1691 = ADVANCED_FACE ( 'NONE', ( #2930 ), #547, .T. ) ;
#1692 = AXIS2_PLACEMENT_3D ( 'NONE', #1629, #857, #2351 ) ;
#1693 = CIRCLE ( 'NONE', #3761, 5.399999999997299405 ) ;
#1694 = LINE ( 'NONE', #4362, #1916 ) ;
#1695 = DIRECTION ( 'NONE',  ( -1.000000000000000000, -0.000000000000000000, 2.710505431213761085E-17 ) ) ;
#1696 = CARTESIAN_POINT ( 'NONE',  ( 18.37834286129558237, -12.54705127354137062, -6.135719052459736034 ) ) ;
#1697 = UNCERTAINTY_MEASURE_WITH_UNIT (LENGTH_MEASURE( 1.000000000000000082E-05 ), #2454, 'distance_accuracy_value', 'NONE');
#1698 = LINE ( 'NONE', #2804, #4936 ) ;
#1699 = ORIENTED_EDGE ( 'NONE', *, *, #1528, .F. ) ;
#1700 = CIRCLE ( 'NONE', #3597, 5.399999999997299405 ) ;
#1701 = DIRECTION ( 'NONE',  ( 0.000000000000000000, 0.000000000000000000, 1.000000000000000000 ) ) ;
#1702 = AXIS2_PLACEMENT_3D ( 'NONE', #2363, #3939, #3155 ) ;
#1703 = CARTESIAN_POINT ( 'NONE',  ( 19.17577716909952557, 10.45942829036241761, -7.463564743747248542 ) ) ;
#1704 = ORIENTED_EDGE ( 'NONE', *, *, #3947, .F. ) ;
#1705 = CYLINDRICAL_SURFACE ( 'NONE', #637, 5.399999999997300293 ) ;
#1706 = LINE ( 'NONE', #567, #2012 ) ;
#1707 = ORIENTED_EDGE ( 'NONE', *, *, #3168, .T. ) ;
#1708 = DIRECTION ( 'NONE',  ( 0.000000000000000000, 0.000000000000000000, 1.000000000000000000 ) ) ;
#1709 = ORIENTED_EDGE ( 'NONE', *, *, #1145, .F. ) ;
#1710 = ORIENTED_EDGE ( 'NONE', *, *, #5004, .F. ) ;
#1711 = AXIS2_PLACEMENT_3D ( 'NONE', #2682, #4244, #5031 ) ;
#1712 = DIRECTION ( 'NONE',  ( -1.000000000000000000, 0.000000000000000000, 0.000000000000000000 ) ) ;
#1713 = VERTEX_POINT ( 'NONE', #3291 ) ;
#1714 = CARTESIAN_POINT ( 'NONE',  ( 17.63947341468150043, -13.17475538765970278, -7.171179852374831576 ) ) ;
#1715 = DIRECTION ( 'NONE',  ( 0.000000000000000000, 0.000000000000000000, 1.000000000000000000 ) ) ;
#1716 = EDGE_LOOP ( 'NONE', ( #3863, #4905, #345, #3586 ) ) ;
#1717 = AXIS2_PLACEMENT_3D ( 'NONE', #386, #1566, #1157 ) ;
#1718 = EDGE_CURVE ( 'NONE', #2172, #3017, #521, .T. ) ;
#1719 = CARTESIAN_POINT ( 'NONE',  ( 1.414568256873775409, 12.32876179180778387, 5.919008034739436930 ) ) ;
#1720 = CARTESIAN_POINT ( 'NONE',  ( 2.179779431097390585, -9.053032863392481033, 11.64246347456699482 ) ) ;
#1721 = EDGE_CURVE ( 'NONE', #53, #1399, #2332, .T. ) ;
#1722 = AXIS2_PLACEMENT_3D ( 'NONE', #2544, #845, #2809 ) ;
#1723 = CARTESIAN_POINT ( 'NONE',  ( 20.00000000000000000, -2.781836774362537845, -11.35960191498112337 ) ) ;
#1724 = EDGE_LOOP ( 'NONE', ( #2575, #910 ) ) ;
#1725 = DIRECTION ( 'NONE',  ( -1.000000000000000000, 0.000000000000000000, 0.000000000000000000 ) ) ;
#1726 = CARTESIAN_POINT ( 'NONE',  ( 17.63947341468150043, 4.774461252588839244, 14.21986356289338005 ) ) ;
#1727 = CARTESIAN_POINT ( 'NONE',  ( 3.170007328614371243E-16, 0.000000000000000000, -8.592322081196679186E-33 ) ) ;
#1728 = DIRECTION ( 'NONE',  ( -1.000000000000000000, 0.000000000000000000, -2.710505431213761085E-17 ) ) ;
#1729 = ORIENTED_EDGE ( 'NONE', *, *, #2065, .T. ) ;
#1730 = DIRECTION ( 'NONE',  ( 1.000000000000000000, 0.000000000000000000, 0.000000000000000000 ) ) ;
#1731 = DIRECTION ( 'NONE',  ( 0.000000000000000000, -0.9848077530122062440, -0.1736481776669404342 ) ) ;
#1732 = CARTESIAN_POINT ( 'NONE',  ( 0.000000000000000000, -5.141407353527459811, -10.42512860472035996 ) ) ;
#1733 = VERTEX_POINT ( 'NONE', #5046 ) ;
#1734 = ORIENTED_EDGE ( 'NONE', *, *, #4948, .T. ) ;
#1735 = CARTESIAN_POINT ( 'NONE',  ( 0.8204275789656860773, -12.80789555512988542, -0.9798757544793194052 ) ) ;
#1736 = ORIENTED_EDGE ( 'NONE', *, *, #3429, .T. ) ;
#1737 = CARTESIAN_POINT ( 'NONE',  ( 19.17957250700955996, -1.259078493560535250, 12.78346835900056000 ) ) ;
#1738 = CIRCLE ( 'NONE', #1815, 5.399999999997301181 ) ;
#1739 = AXIS2_PLACEMENT_3D ( 'NONE', #2028, #2468, #926 ) ;
#1740 = CARTESIAN_POINT ( 'NONE',  ( 4.056521400865212325E-16, -11.22862222243333363, 3.270659641710665699 ) ) ;
#1741 = AXIS2_PLACEMENT_3D ( 'NONE', #884, #3946, #4379 ) ;
#1742 = CARTESIAN_POINT ( 'NONE',  ( 17.63947341468150043, 14.83290837936661433, -2.232673063637093946 ) ) ;
#1743 = CARTESIAN_POINT ( 'NONE',  ( 5.805456122028944114E-16, -6.499284164183870338, 9.723089882297054842 ) ) ;
#1744 = AXIS2_PLACEMENT_3D ( 'NONE', #145, #3782, #4137 ) ;
#1745 = ORIENTED_EDGE ( 'NONE', *, *, #4585, .F. ) ;
#1746 = ADVANCED_FACE ( 'NONE', ( #3902 ), #3336, .T. ) ;
#1747 = CARTESIAN_POINT ( 'NONE',  ( 0.2080864001542228336, -11.51155245629784396, -3.341030299941722514 ) ) ;
#1748 = CARTESIAN_POINT ( 'NONE',  ( 18.38825442310612246, 3.878067180410548875, 13.40260351129054506 ) ) ;
#1749 = EDGE_CURVE ( 'NONE', #2628, #2386, #1836, .T. ) ;
#1750 = EDGE_CURVE ( 'NONE', #3058, #2947, #622, .T. ) ;
#1751 = CARTESIAN_POINT ( 'NONE',  ( 0.4158924055772866279, 11.79410144397433768, -3.411306134282968916 ) ) ;
#1752 = ORIENTED_EDGE ( 'NONE', *, *, #144, .F. ) ;
#1753 = EDGE_CURVE ( 'NONE', #4408, #4662, #5026, .T. ) ;
#1754 = CARTESIAN_POINT ( 'NONE',  ( 0.000000000000000000, 2.762596963522215177, -11.29094477964544119 ) ) ;
#1755 = DIRECTION ( 'NONE',  ( -1.000000000000000000, 0.000000000000000000, 0.000000000000000000 ) ) ;
#1756 = CARTESIAN_POINT ( 'NONE',  ( 17.63947341468150043, 4.774461252589028426, -14.21986356289331610 ) ) ;
#1757 = AXIS2_PLACEMENT_3D ( 'NONE', #4652, #4257, #1506 ) ;
#1758 = ORIENTED_EDGE ( 'NONE', *, *, #1319, .T. ) ;
#1759 = ORIENTED_EDGE ( 'NONE', *, *, #4423, .T. ) ;
#1760 = CARTESIAN_POINT ( 'NONE',  ( 0.000000000000000000, 0.000000000000000000, 0.000000000000000000 ) ) ;
#1761 = CARTESIAN_POINT ( 'NONE',  ( 17.63947341468149332, 14.70199371010880007, 2.975127047320247797 ) ) ;
#1762 = CARTESIAN_POINT ( 'NONE',  ( 20.00000000000000000, -5.141407353527459811, -10.42512860472035996 ) ) ;
#1763 = CARTESIAN_POINT ( 'NONE',  ( 20.00000000000000000, 0.000000000000000000, 4.438010260060118261E-16 ) ) ;
#1764 = ORIENTED_EDGE ( 'NONE', *, *, #4767, .F. ) ;
#1765 = CARTESIAN_POINT ( 'NONE',  ( 0.000000000000000000, -11.15954349366129961, -3.252993238994929648 ) ) ;
#1766 = CARTESIAN_POINT ( 'NONE',  ( 19.58555304358189630, -8.833706653422011001, -8.523871913799331068 ) ) ;
#1767 = CARTESIAN_POINT ( 'NONE',  ( 5.000000000000000000, -0.2738250307121675164, -9.994644099306169593 ) ) ;
#1768 = AXIS2_PLACEMENT_3D ( 'NONE', #2901, #1728, #4048 ) ;
#1769 = CIRCLE ( 'NONE', #2256, 11.69526278054659940 ) ;
#1770 = CIRCLE ( 'NONE', #4648, 1.750000000000000000 ) ;
#1771 = VERTEX_POINT ( 'NONE', #293 ) ;
#1772 = CARTESIAN_POINT ( 'NONE',  ( 0.8242228134833714526, -7.275958080587978216, -10.59079186028452924 ) ) ;
#1773 = AXIS2_PLACEMENT_3D ( 'NONE', #1395, #2922, #4146 ) ;
#1774 = DIRECTION ( 'NONE',  ( 0.000000000000000000, -0.9848077530122097967, 0.1736481776669204502 ) ) ;
#1775 = ORIENTED_EDGE ( 'NONE', *, *, #4864, .F. ) ;
#1776 = CARTESIAN_POINT ( 'NONE',  ( 0.2080863916113417644, -5.289232643722508342, 10.75650227411656701 ) ) ;
#1777 = ADVANCED_FACE ( 'NONE', ( #2696 ), #736, .T. ) ;
#1778 = CARTESIAN_POINT ( 'NONE',  ( 17.82022056890260941, 9.053032863392401097, 11.64246347456706232 ) ) ;
#1779 = ORIENTED_EDGE ( 'NONE', *, *, #2373, .F. ) ;
#1780 = DIRECTION ( 'NONE',  ( 0.000000000000000000, 0.000000000000000000, 1.000000000000000000 ) ) ;
#1781 = DIRECTION ( 'NONE',  ( -1.000000000000000000, 0.000000000000000000, 0.000000000000000000 ) ) ;
#1782 = CARTESIAN_POINT ( 'NONE',  ( 1.028068016668251428, -11.92032561184650952, 5.516517170581527907 ) ) ;
#1783 = ADVANCED_FACE ( 'NONE', ( #4304 ), #3525, .T. ) ;
#1784 = VECTOR ( 'NONE', #1066, 1000.000000000000000 ) ;
#1785 = ORIENTED_EDGE ( 'NONE', *, *, #3752, .F. ) ;
#1786 = ORIENTED_EDGE ( 'NONE', *, *, #3209, .T. ) ;
#1787 = DIRECTION ( 'NONE',  ( 0.000000000000000000, 0.000000000000000000, 1.000000000000000000 ) ) ;
#1788 = DIRECTION ( 'NONE',  ( 0.000000000000000000, 0.9848077530122085754, -0.1736481776669275001 ) ) ;
#1789 = VECTOR ( 'NONE', #428, 1000.000000000000000 ) ;
#1790 = DIRECTION ( 'NONE',  ( -1.000000000000000000, 0.000000000000000000, 0.000000000000000000 ) ) ;
#1791 = ORIENTED_EDGE ( 'NONE', *, *, #2969, .F. ) ;
#1792 = B_SPLINE_CURVE_WITH_KNOTS ( 'NONE', 3,
 ( #1235, #3971, #2337, #33, #1596, #3913, #430, #3180 ),
 .UNSPECIFIED., .F., .F.,
 ( 4, 2, 2, 4 ),
 ( 3.392033185175356341E-07, 0.002116429998465072741, 0.003174475396038350071, 0.004232520793611627835 ),
 .UNSPECIFIED. ) ;
#1793 = CARTESIAN_POINT ( 'NONE',  ( 20.00000000000000000, 9.373951458494477862, 6.873602407301000028 ) ) ;
#1794 = CARTESIAN_POINT ( 'NONE',  ( 19.79191357960274900, 2.862359121419422170, -11.63981204138124070 ) ) ;
#1795 = CARTESIAN_POINT ( 'NONE',  ( 19.58555303562269856, -11.21630485865644467, -4.988513930199935942 ) ) ;
#1796 = CARTESIAN_POINT ( 'NONE',  ( 0.8242227915446269648, -12.38133700918577418, -3.436121548131967796 ) ) ;
#1797 = CIRCLE ( 'NONE', #570, 11.62399999999420253 ) ;
#1798 = CARTESIAN_POINT ( 'NONE',  ( 18.00593652983768322, 9.833994013695322778, -10.63876866632663010 ) ) ;
#1799 = CARTESIAN_POINT ( 'NONE',  ( 2.360526585318500903, -4.774461252588739768, -14.21986356289340137 ) ) ;
#1800 = DIRECTION ( 'NONE',  ( -1.000000000000000000, 0.000000000000000000, 0.000000000000000000 ) ) ;
#1801 = VERTEX_POINT ( 'NONE', #786 ) ;
#1802 = CONICAL_SURFACE ( 'NONE', #4525, 11.69526278054659940, 0.9505468408120750778 ) ;
#1803 = DIRECTION ( 'NONE',  ( -1.000000000000000000, 0.000000000000000000, 0.000000000000000000 ) ) ;
#1804 = ORIENTED_EDGE ( 'NONE', *, *, #3021, .F. ) ;
#1805 = ORIENTED_EDGE ( 'NONE', *, *, #2278, .T. ) ;
#1806 = EDGE_CURVE ( 'NONE', #1686, #2535, #4631, .T. ) ;
#1807 = ADVANCED_FACE ( 'NONE', ( #4994 ), #1505, .T. ) ;
#1808 = LINE ( 'NONE', #3059, #1510 ) ;
#1809 = FACE_OUTER_BOUND ( 'NONE', #2288, .T. ) ;
#1810 = ORIENTED_EDGE ( 'NONE', *, *, #2760, .T. ) ;
#1811 = ADVANCED_FACE ( 'NONE', ( #1147 ), #1480, .T. ) ;
#1812 = ADVANCED_FACE ( 'NONE', ( #759 ), #2324, .T. ) ;
#1813 = CARTESIAN_POINT ( 'NONE',  ( 20.00000000000000000, 1.271141185984885569, 11.62597830684934230 ) ) ;
#1814 = ADVANCED_FACE ( 'NONE', ( #4623 ), #2981, .F. ) ;
#1815 = AXIS2_PLACEMENT_3D ( 'NONE', #4932, #1438, #2166 ) ;
#1816 = CARTESIAN_POINT ( 'NONE',  ( 20.00000000000000000, -6.499284164183736223, -9.723089882297141884 ) ) ;
#1817 = AXIS2_PLACEMENT_3D ( 'NONE', #2359, #1999, #1945 ) ;
#1818 = DIRECTION ( 'NONE',  ( 1.000000000000000000, 0.000000000000000000, 0.000000000000000000 ) ) ;
#1819 = CIRCLE ( 'NONE', #3643, 11.69526278054659940 ) ;
#1820 = LINE ( 'NONE', #1539, #1877 ) ;
#1821 = DIRECTION ( 'NONE',  ( -2.710505431213761085E-17, 0.000000000000000000, -1.000000000000000000 ) ) ;
#1822 = CARTESIAN_POINT ( 'NONE',  ( 20.00000000000000000, -1.265738570989324074, 11.55488130054889950 ) ) ;
#1823 = ORIENTED_EDGE ( 'NONE', *, *, #942, .T. ) ;
#1824 = ORIENTED_EDGE ( 'NONE', *, *, #3576, .F. ) ;
#1825 = CIRCLE ( 'NONE', #4697, 1.749999999999999778 ) ;
#1826 = CARTESIAN_POINT ( 'NONE',  ( 0.000000000000000000, 11.10256122485991881, 6.137094929526429432 ) ) ;
#1827 = EDGE_LOOP ( 'NONE', ( #2378, #2319, #4186, #3293, #4049, #2053 ) ) ;
#1828 = B_SPLINE_CURVE_WITH_KNOTS ( 'NONE', 3,
 ( #1258, #2084, #3992, #508, #454, #2030, #3609, #4394 ),
 .UNSPECIFIED., .F., .F.,
 ( 4, 2, 2, 4 ),
 ( 3.392033185213305534E-07, 0.002116429525431196348, 0.003174474686487531797, 0.004232519847543867245 ),
 .UNSPECIFIED. ) ;
#1829 = ORIENTED_EDGE ( 'NONE', *, *, #3806, .F. ) ;
#1830 = EDGE_LOOP ( 'NONE', ( #744, #4264, #3186, #1100, #5014 ) ) ;
#1831 = CARTESIAN_POINT ( 'NONE',  ( 0.000000000000000000, 10.86616072683660050, -6.546552603037439688 ) ) ;
#1832 = FACE_BOUND ( 'NONE', #348, .T. ) ;
#1833 = CARTESIAN_POINT ( 'NONE',  ( 5.000000000000000000, -7.000001873099980010, 3.000000000000000000 ) ) ;
#1834 = ORIENTED_EDGE ( 'NONE', *, *, #519, .T. ) ;
#1835 = LINE ( 'NONE', #2223, #4539 ) ;
#1836 = CIRCLE ( 'NONE', #1757, 3.000000000000000000 ) ;
#1837 = ADVANCED_FACE ( 'NONE', ( #625 ), #2413, .T. ) ;
#1838 = CARTESIAN_POINT ( 'NONE',  ( 0.000000000000000000, 7.000001873099980010, 1.750000000000000000 ) ) ;
#1839 = EDGE_CURVE ( 'NONE', #2402, #85, #4188, .T. ) ;
#1840 = AXIS2_PLACEMENT_3D ( 'NONE', #4544, #2657, #4184 ) ;
#1841 = EDGE_CURVE ( 'NONE', #3514, #4181, #2325, .T. ) ;
#1842 = EDGE_CURVE ( 'NONE', #2555, #3670, #199, .T. ) ;
#1843 = CYLINDRICAL_SURFACE ( 'NONE', #1031, 14.99999999999250022 ) ;
#1844 = CARTESIAN_POINT ( 'NONE',  ( 18.37834307230065889, 5.667634708097319063, 12.76532226340256493 ) ) ;
#1845 = VERTEX_POINT ( 'NONE', #2021 ) ;
#1846 = CARTESIAN_POINT ( 'NONE',  ( 3.377903163343715873E-16, -11.67008492344064052, 0.7670002514484891565 ) ) ;
#1847 = CARTESIAN_POINT ( 'NONE',  ( 18.57408124438371289, -13.26540237850974080, 3.393043950333509695 ) ) ;
#1848 = VERTEX_POINT ( 'NONE', #4036 ) ;
#1849 = EDGE_LOOP ( 'NONE', ( #882, #4437, #4392, #3313 ) ) ;
#1850 = AXIS2_PLACEMENT_3D ( 'NONE', #3630, #3143, #4364 ) ;
#1851 = AXIS2_PLACEMENT_3D ( 'NONE', #2450, #4376, #516 ) ;
#1852 = DIRECTION ( 'NONE',  ( -1.000000000000000000, 0.000000000000000000, 0.000000000000000000 ) ) ;
#1853 = ORIENTED_EDGE ( 'NONE', *, *, #1646, .F. ) ;
#1854 = VECTOR ( 'NONE', #426, 1000.000000000000000 ) ;
#1855 = ORIENTED_EDGE ( 'NONE', *, *, #1555, .T. ) ;
#1856 = VERTEX_POINT ( 'NONE', #3218 ) ;
#1857 = CIRCLE ( 'NONE', #2772, 11.69526278054659940 ) ;
#1858 = CYLINDRICAL_SURFACE ( 'NONE', #528, 5.399999999997300293 ) ;
#1859 = FACE_OUTER_BOUND ( 'NONE', #2457, .T. ) ;
#1860 = VERTEX_POINT ( 'NONE', #2828 ) ;
#1861 = DIRECTION ( 'NONE',  ( -1.000000000000000000, 0.000000000000000000, 0.000000000000000000 ) ) ;
#1862 = FACE_OUTER_BOUND ( 'NONE', #1079, .T. ) ;
#1863 = EDGE_CURVE ( 'NONE', #1266, #2293, #1694, .T. ) ;
#1864 = B_SPLINE_CURVE_WITH_KNOTS ( 'NONE', 3,
 ( #4717, #3162, #1604, #1245, #414, #2017, #3599, #1193 ),
 .UNSPECIFIED., .F., .F.,
 ( 4, 2, 2, 4 ),
 ( 3.392033185192314470E-07, 0.002116429821915272354, 0.003174475131213650575, 0.004232520440512028796 ),
 .UNSPECIFIED. ) ;
#1865 = ADVANCED_FACE ( 'NONE', ( #2464 ), #1428, .T. ) ;
#1866 = ORIENTED_EDGE ( 'NONE', *, *, #620, .T. ) ;
#1867 = DIRECTION ( 'NONE',  ( 1.000000000000000000, 0.000000000000000000, -2.710505431213761085E-17 ) ) ;
#1868 = CARTESIAN_POINT ( 'NONE',  ( 1.414568197360982937, 7.969951945505211910, -11.11363519018049750 ) ) ;
#1869 = DIRECTION ( 'NONE',  ( 1.000000000000000000, 0.000000000000000000, -2.710505431213761085E-17 ) ) ;
#1870 = CARTESIAN_POINT ( 'NONE',  ( 10.00000000000000000, 14.83290837936661966, 2.232673063637094835 ) ) ;
#1871 = CARTESIAN_POINT ( 'NONE',  ( 20.00000000000000000, 0.000000000000000000, 0.000000000000000000 ) ) ;
#1872 = VERTEX_POINT ( 'NONE', #1282 ) ;
#1873 = ORIENTED_EDGE ( 'NONE', *, *, #2096, .T. ) ;
#1874 = CARTESIAN_POINT ( 'NONE',  ( 20.00000000000000000, 0.2364004980235605013, -12.68364753256399879 ) ) ;
#1875 = VERTEX_POINT ( 'NONE', #1662 ) ;
#1876 = CARTESIAN_POINT ( 'NONE',  ( 20.00000000000000000, -12.44990391086185966, 2.435301323468734847 ) ) ;
#1877 = VECTOR ( 'NONE', #2285, 1000.000000000000000 ) ;
#1878 = ORIENTED_EDGE ( 'NONE', *, *, #2217, .T. ) ;
#1879 = FACE_OUTER_BOUND ( 'NONE', #1724, .T. ) ;
#1880 = DIRECTION ( 'NONE',  ( 0.000000000000000000, -0.9848077530122062440, -0.1736481776669404342 ) ) ;
#1881 = ORIENTED_EDGE ( 'NONE', *, *, #645, .F. ) ;
#1882 = ORIENTED_EDGE ( 'NONE', *, *, #1998, .T. ) ;
#1883 = CARTESIAN_POINT ( 'NONE',  ( 1.994063628600310167, -0.6948076685313334666, -14.47093935195909431 ) ) ;
#1884 = CARTESIAN_POINT ( 'NONE',  ( 10.00000000000000000, -0.3769537665660789849, -14.99526278054661965 ) ) ;
#1885 = CARTESIAN_POINT ( 'NONE',  ( 20.00000000000000000, -7.000001873099980010, -1.844327237370754842E-15 ) ) ;
#1886 = LINE ( 'NONE', #737, #1607 ) ;
#1887 = CARTESIAN_POINT ( 'NONE',  ( -10.00000000000000000, 0.000000000000000000, 0.000000000000000000 ) ) ;
#1888 = CIRCLE ( 'NONE', #667, 5.399999999997300293 ) ;
#1889 = CARTESIAN_POINT ( 'NONE',  ( 1.998619730020189778, 4.275191920017039848, 13.85303150046046738 ) ) ;
#1890 = VERTEX_POINT ( 'NONE', #2858 ) ;
#1891 = ORIENTED_EDGE ( 'NONE', *, *, #3983, .T. ) ;
#1892 = EDGE_CURVE ( 'NONE', #3389, #1597, #609, .T. ) ;
#1893 = VECTOR ( 'NONE', #4698, 1000.000000000000000 ) ;
#1894 = FACE_OUTER_BOUND ( 'NONE', #2529, .T. ) ;
#1895 = ORIENTED_EDGE ( 'NONE', *, *, #4354, .T. ) ;
#1896 = CIRCLE ( 'NONE', #4775, 14.99999999999250022 ) ;
#1897 = B_SPLINE_CURVE_WITH_KNOTS ( 'NONE', 3,
 ( #2801, #2406, #1633, #4832, #921, #1311, #2887, #2491 ),
 .UNSPECIFIED., .F., .F.,
 ( 4, 2, 2, 4 ),
 ( 3.293156996196573839E-07, 0.002114534643407314785, 0.003171637307261162414, 0.004228739971115010043 ),
 .UNSPECIFIED. ) ;
#1898 = EDGE_CURVE ( 'NONE', #727, #1573, #2587, .T. ) ;
#1899 = EDGE_CURVE ( 'NONE', #767, #2732, #66, .T. ) ;
#1900 = EDGE_CURVE ( 'NONE', #2581, #4740, #2173, .T. ) ;
#1901 = CARTESIAN_POINT ( 'NONE',  ( 17.63947341468150043, 9.350005781138399641, -11.72933893671990013 ) ) ;
#1902 = CIRCLE ( 'NONE', #4778, 11.69526278054659940 ) ;
#1903 = CARTESIAN_POINT ( 'NONE',  ( 1.994063660120635628, -4.296447149840550317, 13.83587317778077264 ) ) ;
#1904 = ORIENTED_EDGE ( 'NONE', *, *, #4084, .F. ) ;
#1905 = EDGE_CURVE ( 'NONE', #1038, #792, #4444, .T. ) ;
#1906 = CARTESIAN_POINT ( 'NONE',  ( 10.00000000000000000, 9.350005781138241545, 11.72933893672001915 ) ) ;
#1907 = ORIENTED_EDGE ( 'NONE', *, *, #3805, .T. ) ;
#1908 = ORIENTED_EDGE ( 'NONE', *, *, #81, .F. ) ;
#1909 = CARTESIAN_POINT ( 'NONE',  ( 20.00000000000000000, 11.10256122485991881, -6.137094929526429432 ) ) ;
#1910 = CARTESIAN_POINT ( 'NONE',  ( 2.360526585318500903, -0.3769537665660794290, -14.99526278054661788 ) ) ;
#1911 = ORIENTED_EDGE ( 'NONE', *, *, #4383, .F. ) ;
#1912 = DIRECTION ( 'NONE',  ( 1.000000000000000000, 0.000000000000000000, 0.000000000000000000 ) ) ;
#1913 = CONICAL_SURFACE ( 'NONE', #4067, 11.69526278054659940, 0.9505468408120750778 ) ;
#1914 = EDGE_LOOP ( 'NONE', ( #355, #256 ) ) ;
#1915 = CARTESIAN_POINT ( 'NONE',  ( 1.998619478557723150, -12.90019334751564273, 6.615795437769903309 ) ) ;
#1916 = VECTOR ( 'NONE', #501, 1000.000000000000000 ) ;
#1917 = CARTESIAN_POINT ( 'NONE',  ( 20.00000000000000000, -11.15954349366134046, 3.252993238994779990 ) ) ;
#1918 = DIRECTION ( 'NONE',  ( 0.000000000000000000, 0.000000000000000000, 1.000000000000000000 ) ) ;
#1919 = CARTESIAN_POINT ( 'NONE',  ( 0.4144469734947870965, 2.965036302898205189, 11.91215034948885609 ) ) ;
#1920 = VERTEX_POINT ( 'NONE', #4385 ) ;
#1921 = DIRECTION ( 'NONE',  ( 0.000000000000000000, 0.000000000000000000, 1.000000000000000000 ) ) ;
#1922 = EDGE_LOOP ( 'NONE', ( #4151, #3544, #3559, #3418 ) ) ;
#1924 = VERTEX_POINT ( 'NONE', #1608 ) ;
#1923 = AXIS2_PLACEMENT_3D ( 'NONE', #3343, #2474, #2142 ) ;
#1925 = DIRECTION ( 'NONE',  ( -2.710505431213761085E-17, 0.000000000000000000, -1.000000000000000000 ) ) ;
#1926 = ORIENTED_EDGE ( 'NONE', *, *, #3651, .T. ) ;
#1927 = CIRCLE ( 'NONE', #3261, 14.99999999999250022 ) ;
#1928 = ADVANCED_FACE ( 'NONE', ( #94 ), #3088, .T. ) ;
#1929 = CARTESIAN_POINT ( 'NONE',  ( 0.000000000000000000, -11.10256122485990105, -6.137094929526500486 ) ) ;
#1930 = AXIS2_PLACEMENT_3D ( 'NONE', #1974, #4016, #2441 ) ;
#1931 = CARTESIAN_POINT ( 'NONE',  ( 20.00000000000000000, 10.70396315057084458, -4.712148594564912862 ) ) ;
#1932 = ORIENTED_EDGE ( 'NONE', *, *, #556, .T. ) ;
#1933 = ORIENTED_EDGE ( 'NONE', *, *, #5030, .F. ) ;
#1934 = DIRECTION ( 'NONE',  ( 0.000000000000000000, -0.3420201433256759849, 0.9396926207859057634 ) ) ;
#1935 = AXIS2_PLACEMENT_3D ( 'NONE', #2465, #4721, #3194 ) ;
#1936 = CARTESIAN_POINT ( 'NONE',  ( 5.000000000000000000, 0.2738250307120564941, 5.244644099306220220 ) ) ;
#1937 = DIRECTION ( 'NONE',  ( 0.000000000000000000, -0.8660254037844431485, 0.4999999999999920064 ) ) ;
#1938 = AXIS2_PLACEMENT_3D ( 'NONE', #3790, #1005, #1821 ) ;
#1939 = VECTOR ( 'NONE', #4463, 1000.000000000000000 ) ;
#1940 = CARTESIAN_POINT ( 'NONE',  ( 20.00000000000000000, -9.432821964585894392, 6.913829712284247364 ) ) ;
#1941 = DIRECTION ( 'NONE',  ( 0.000000000000000000, 0.000000000000000000, -1.000000000000000000 ) ) ;
#1942 = DIRECTION ( 'NONE',  ( 0.000000000000000000, 0.000000000000000000, 1.000000000000000000 ) ) ;
#1943 = CARTESIAN_POINT ( 'NONE',  ( 20.00000000000000000, 0.000000000000000000, 4.438010260060118261E-16 ) ) ;
#1944 = VECTOR ( 'NONE', #2998, 1000.000000000000000 ) ;
#1945 = DIRECTION ( 'NONE',  ( 0.000000000000000000, 0.9848077530122074652, 0.1736481776669340504 ) ) ;
#1946 = EDGE_LOOP ( 'NONE', ( #1302, #2161, #3424, #2841, #4495, #723 ) ) ;
#1947 = DIRECTION ( 'NONE',  ( 0.000000000000000000, 0.000000000000000000, 1.000000000000000000 ) ) ;
#1948 = ORIENTED_EDGE ( 'NONE', *, *, #650, .F. ) ;
#1949 = CYLINDRICAL_SURFACE ( 'NONE', #4646, 5.399999999997301181 ) ;
#1950 = ORIENTED_EDGE ( 'NONE', *, *, #290, .F. ) ;
#1951 = CYLINDRICAL_SURFACE ( 'NONE', #3083, 11.62399999999419897 ) ;
#1952 = AXIS2_PLACEMENT_3D ( 'NONE', #2401, #438, #1222 ) ;
#1953 = EDGE_CURVE ( 'NONE', #2293, #1670, #3982, .T. ) ;
#1954 = DIRECTION ( 'NONE',  ( 1.000000000000000000, 0.000000000000000000, -2.710505431213761085E-17 ) ) ;
#1955 = VERTEX_POINT ( 'NONE', #43 ) ;
#1956 = VERTEX_POINT ( 'NONE', #443 ) ;
#1957 = CARTESIAN_POINT ( 'NONE',  ( 18.00137985546522401, 14.38495262353551141, 1.804688963427994342 ) ) ;
#1958 = B_SPLINE_CURVE_WITH_KNOTS ( 'NONE', 3,
 ( #189, #1678, #597, #107, #4052, #3645, #4846, #515 ),
 .UNSPECIFIED., .F., .F.,
 ( 4, 2, 2, 4 ),
 ( 3.392033185232918053E-07, 0.002116429773543403777, 0.003174475058655842289, 0.004232520343768281235 ),
 .UNSPECIFIED. ) ;
#1959 = CIRCLE ( 'NONE', #4848, 11.62399999999420608 ) ;
#1960 = CARTESIAN_POINT ( 'NONE',  ( 20.00000000000000000, 5.170800759256921175, -10.49009013374559096 ) ) ;
#1961 = CARTESIAN_POINT ( 'NONE',  ( 20.00000000000000000, 9.373951458494568456, -6.873602407300880124 ) ) ;
#1962 = VERTEX_POINT ( 'NONE', #3193 ) ;
#1963 = DIRECTION ( 'NONE',  ( -1.000000000000000000, -0.000000000000000000, 2.710505431213761085E-17 ) ) ;
#1964 = EDGE_CURVE ( 'NONE', #4312, #988, #5029, .T. ) ;
#1965 = EDGE_CURVE ( 'NONE', #1328, #4505, #3664, .T. ) ;
#1966 = ADVANCED_FACE ( 'NONE', ( #392 ), #1968, .T. ) ;
#1967 = EDGE_CURVE ( 'NONE', #3867, #4810, #347, .T. ) ;
#1968 = CYLINDRICAL_SURFACE ( 'NONE', #2748, 5.399999999997300293 ) ;
#1969 = CARTESIAN_POINT ( 'NONE',  ( 20.00000000000000000, 0.000000000000000000, 0.000000000000000000 ) ) ;
#1970 = FACE_OUTER_BOUND ( 'NONE', #644, .T. ) ;
#1971 = CARTESIAN_POINT ( 'NONE',  ( 18.00593650085874131, -8.769486768786835640, -11.53199635729492556 ) ) ;
#1972 = CARTESIAN_POINT ( 'NONE',  ( 0.000000000000000000, -0.2738250307121675164, -8.744644099306180252 ) ) ;
#1973 = VERTEX_POINT ( 'NONE', #2776 ) ;
#1974 = CARTESIAN_POINT ( 'NONE',  ( 20.00000000000000000, 0.000000000000000000, 0.000000000000000000 ) ) ;
#1975 = VERTEX_POINT ( 'NONE', #2571 ) ;
#1976 = AXIS2_PLACEMENT_3D ( 'NONE', #3451, #299, #3773 ) ;
#1977 = CIRCLE ( 'NONE', #1069, 5.399999999997300293 ) ;
#1978 = FACE_OUTER_BOUND ( 'NONE', #4633, .T. ) ;
#1979 = EDGE_LOOP ( 'NONE', ( #3796, #1249, #1786, #2853 ) ) ;
#1980 = CARTESIAN_POINT ( 'NONE',  ( 17.84642315377236699, -12.44990391086185966, 7.835301323466036472 ) ) ;
#1981 = CARTESIAN_POINT ( 'NONE',  ( 5.000000000000000000, -0.2738250307121675164, -6.994644099306180252 ) ) ;
#1982 = ORIENTED_EDGE ( 'NONE', *, *, #4180, .F. ) ;
#1983 = MECHANICAL_DESIGN_GEOMETRIC_PRESENTATION_REPRESENTATION (  '', ( #1248 ), #16 ) ;
#1984 = FACE_OUTER_BOUND ( 'NONE', #2910, .T. ) ;
#1985 = CIRCLE ( 'NONE', #5012, 11.69526278054659940 ) ;
#1986 = DIRECTION ( 'NONE',  ( 0.000000000000000000, 0.000000000000000000, 1.000000000000000000 ) ) ;
#1987 = ORIENTED_EDGE ( 'NONE', *, *, #1314, .F. ) ;
#1988 = ORIENTED_EDGE ( 'NONE', *, *, #1215, .F. ) ;
#1989 = CARTESIAN_POINT ( 'NONE',  ( 18.58543152679715860, -13.60966674541232280, 1.345363446214495884 ) ) ;
#1990 = CARTESIAN_POINT ( 'NONE',  ( 20.00000000000000000, 10.70396315057078240, 4.712148594565054971 ) ) ;
#1991 = VERTEX_POINT ( 'NONE', #1765 ) ;
#1992 = CARTESIAN_POINT ( 'NONE',  ( 3.170007328614371243E-16, 0.000000000000000000, -8.592322081196679186E-33 ) ) ;
#1993 = EDGE_CURVE ( 'NONE', #1550, #1733, #5021, .T. ) ;
#1994 = EDGE_CURVE ( 'NONE', #5053, #2214, #3249, .T. ) ;
#1995 = DIRECTION ( 'NONE',  ( 1.000000000000000000, 0.000000000000000000, -2.710505431213761085E-17 ) ) ;
#1996 = DIRECTION ( 'NONE',  ( 1.000000000000000000, 0.000000000000000000, 0.000000000000000000 ) ) ;
#1997 = DIRECTION ( 'NONE',  ( -1.000000000000000000, 0.000000000000000000, 0.000000000000000000 ) ) ;
#1998 = EDGE_CURVE ( 'NONE', #797, #4635, #1345, .T. ) ;
#1999 = DIRECTION ( 'NONE',  ( -1.000000000000000000, 0.000000000000000000, 0.000000000000000000 ) ) ;
#2000 = ORIENTED_EDGE ( 'NONE', *, *, #4047, .T. ) ;
#2001 = CIRCLE ( 'NONE', #36, 5.399999999997299405 ) ;
#2002 = B_SPLINE_CURVE_WITH_KNOTS ( 'NONE', 3,
 ( #1307, #2880, #1737, #992, #2487, #143, #3328, #4471 ),
 .UNSPECIFIED., .F., .F.,
 ( 4, 2, 2, 4 ),
 ( 3.392033185194138238E-07, 0.002116429773543402476, 0.003174475058655839253, 0.004232520343768276030 ),
 .UNSPECIFIED. ) ;
#2003 = LINE ( 'NONE', #2361, #1854 ) ;
#2004 = ORIENTED_EDGE ( 'NONE', *, *, #4638, .F. ) ;
#2005 = CARTESIAN_POINT ( 'NONE',  ( 6.321235063003221909E-16, 1.271141185984885347, 11.62597830684934230 ) ) ;
#2006 = VERTEX_POINT ( 'NONE', #1793 ) ;
#2007 = CARTESIAN_POINT ( 'NONE',  ( 17.82022057526987524, -5.556152702491762518, 13.66138816768649988 ) ) ;
#2008 = CARTESIAN_POINT ( 'NONE',  ( 0.2080864150977294047, -1.291312437726443996, 11.91682995217093044 ) ) ;
#2009 = ORIENTED_EDGE ( 'NONE', *, *, #3952, .T. ) ;
#2010 = FACE_OUTER_BOUND ( 'NONE', #2595, .T. ) ;
#2011 = B_SPLINE_CURVE_WITH_KNOTS ( 'NONE', 3,
 ( #2105, #560, #995, #1719, #2918, #4093, #174, #4476 ),
 .UNSPECIFIED., .F., .F.,
 ( 4, 2, 2, 4 ),
 ( 3.392033185221045298E-07, 0.002116429666262367292, 0.003174474897734288429, 0.004232520129206209999 ),
 .UNSPECIFIED. ) ;
#2012 = VECTOR ( 'NONE', #3289, 1000.000000000000000 ) ;
#2013 = AXIS2_PLACEMENT_3D ( 'NONE', #4722, #2326, #1200 ) ;
#2014 = EDGE_LOOP ( 'NONE', ( #3918, #1341, #3085, #4556, #506, #3033 ) ) ;
#2015 = VERTEX_POINT ( 'NONE', #3521 ) ;
#2016 = DIRECTION ( 'NONE',  ( 0.000000000000000000, 0.000000000000000000, 1.000000000000000000 ) ) ;
#2017 = CARTESIAN_POINT ( 'NONE',  ( 1.994063660120633852, 4.296447149840648905, -13.83587317778073711 ) ) ;
#2018 = VECTOR ( 'NONE', #1231, 1000.000000000000000 ) ;
#2019 = DIRECTION ( 'NONE',  ( 0.000000000000000000, 0.000000000000000000, 1.000000000000000000 ) ) ;
#2020 = CIRCLE ( 'NONE', #1376, 11.69526278054659940 ) ;
#2021 = CARTESIAN_POINT ( 'NONE',  ( 6.249033597312618558E-16, -2.781836774362690168, 11.35960191498108607 ) ) ;
#2022 = CARTESIAN_POINT ( 'NONE',  ( 3.170007328614371243E-16, 0.000000000000000000, -8.592322081196679186E-33 ) ) ;
#2023 = CARTESIAN_POINT ( 'NONE',  ( 20.00000000000000000, 8.333984767424768236, 9.564282399747209951 ) ) ;
#2024 = FACE_OUTER_BOUND ( 'NONE', #3534, .T. ) ;
#2025 = ADVANCED_FACE ( 'NONE', ( #3978 ), #2072, .T. ) ;
#2026 = VECTOR ( 'NONE', #1173, 1000.000000000000000 ) ;
#2027 = ADVANCED_FACE ( 'NONE', ( #3922 ), #587, .T. ) ;
#2028 = CARTESIAN_POINT ( 'NONE',  ( 17.63947341468150043, 0.000000000000000000, -6.398220130030271836E-17 ) ) ;
#2029 = VERTEX_POINT ( 'NONE', #1244 ) ;
#2030 = CARTESIAN_POINT ( 'NONE',  ( 1.994063466924122174, 12.18479699952758999, -7.837190756001088943 ) ) ;
#2031 = ORIENTED_EDGE ( 'NONE', *, *, #4948, .F. ) ;
#2032 = ORIENTED_EDGE ( 'NONE', *, *, #2994, .T. ) ;
#2033 = EDGE_CURVE ( 'NONE', #1232, #2402, #2462, .T. ) ;
#2034 = CARTESIAN_POINT ( 'NONE',  ( 0.3766279486709859792, 9.870468841618412981, 7.208662384292493286 ) ) ;
#2035 = CARTESIAN_POINT ( 'NONE',  ( 20.00000000000000000, 12.53200494222450168, -1.969683236929980152 ) ) ;
#2036 = EDGE_LOOP ( 'NONE', ( #1577, #3945, #2228, #4182 ) ) ;
#2037 = DIRECTION ( 'NONE',  ( 0.000000000000000000, -0.9848077530122097967, 0.1736481776669211163 ) ) ;
#2038 = DIRECTION ( 'NONE',  ( -1.000000000000000000, 0.000000000000000000, 0.000000000000000000 ) ) ;
#2039 = VERTEX_POINT ( 'NONE', #3623 ) ;
#2040 = ORIENTED_EDGE ( 'NONE', *, *, #1493, .F. ) ;
#2041 = CYLINDRICAL_SURFACE ( 'NONE', #5013, 5.399999999997300293 ) ;
#2042 = CARTESIAN_POINT ( 'NONE',  ( 3.170007328614371243E-16, 0.000000000000000000, -8.592322081196679186E-33 ) ) ;
#2043 = VERTEX_POINT ( 'NONE', #387 ) ;
#2044 = CARTESIAN_POINT ( 'NONE',  ( 0.2080863884586310608, -8.649193331335551349, 8.298781702386119008 ) ) ;
#2045 = CIRCLE ( 'NONE', #1396, 1.750000000000000000 ) ;
#2046 = CARTESIAN_POINT ( 'NONE',  ( 20.00000000000000000, -10.70396315057074688, -4.712148594565133131 ) ) ;
#2047 = AXIS2_PLACEMENT_3D ( 'NONE', #2198, #1472, #1082 ) ;
#2048 = CARTESIAN_POINT ( 'NONE',  ( 0.6214475501079005371, 12.08855369033484450, 3.430316763067320363 ) ) ;
#2049 = FACE_OUTER_BOUND ( 'NONE', #3064, .T. ) ;
#2050 = DIRECTION ( 'NONE',  ( 1.000000000000000000, 0.000000000000000000, 0.000000000000000000 ) ) ;
#2051 = DIRECTION ( 'NONE',  ( 1.000000000000000000, 0.000000000000000000, -2.710505431213761085E-17 ) ) ;
#2052 = DIRECTION ( 'NONE',  ( -1.000000000000000000, 0.000000000000000000, 0.000000000000000000 ) ) ;
#2053 = ORIENTED_EDGE ( 'NONE', *, *, #4864, .T. ) ;
#2054 = CARTESIAN_POINT ( 'NONE',  ( 20.00000000000000000, 0.000000000000000000, 0.000000000000000000 ) ) ;
#2055 = CARTESIAN_POINT ( 'NONE',  ( 17.63947341468150043, 0.000000000000000000, -6.398220130030271836E-17 ) ) ;
#2056 = ORIENTED_EDGE ( 'NONE', *, *, #4546, .T. ) ;
#2057 = CARTESIAN_POINT ( 'NONE',  ( 1.998619651874313785, 0.7206495938126347145, -14.47979311842201788 ) ) ;
#2058 = EDGE_CURVE ( 'NONE', #4998, #2122, #4293, .T. ) ;
#2059 = DIRECTION ( 'NONE',  ( 1.000000000000000000, 0.000000000000000000, 0.000000000000000000 ) ) ;
#2060 = VERTEX_POINT ( 'NONE', #827 ) ;
#2061 = DIRECTION ( 'NONE',  ( 1.000000000000000000, 0.000000000000000000, 0.000000000000000000 ) ) ;
#2062 = EDGE_CURVE ( 'NONE', #258, #1091, #3146, .T. ) ;
#2063 = LINE ( 'NONE', #82, #861 ) ;
#2064 = ADVANCED_FACE ( 'NONE', ( #2400 ), #1161, .T. ) ;
#2065 = EDGE_CURVE ( 'NONE', #4295, #2705, #795, .T. ) ;
#2066 = PRODUCT ( 'Main_gear', 'Main_gear', '', ( #2791 ) ) ;
#2067 = VERTEX_POINT ( 'NONE', #4900 ) ;
#2068 = ORIENTED_EDGE ( 'NONE', *, *, #1683, .F. ) ;
#2069 = AXIS2_PLACEMENT_3D ( 'NONE', #3691, #3306, #2320 ) ;
#2070 = FACE_OUTER_BOUND ( 'NONE', #4640, .T. ) ;
#2071 = ORIENTED_EDGE ( 'NONE', *, *, #4454, .T. ) ;
#2072 = CONICAL_SURFACE ( 'NONE', #3151, 11.69526278054659940, 0.9505468408120750778 ) ;
#2073 = CARTESIAN_POINT ( 'NONE',  ( 0.000000000000000000, -6.457722532643741076, -9.665153681719200307 ) ) ;
#2074 = CARTESIAN_POINT ( 'NONE',  ( 3.266627004704098609E-17, -5.170800759256705348, -10.49009013374570110 ) ) ;
#2075 = CONICAL_SURFACE ( 'NONE', #4941, 11.69526278054659940, 0.9505468408120750778 ) ;
#2076 = CARTESIAN_POINT ( 'NONE',  ( 0.000000000000000000, 0.000000000000000000, 0.000000000000000000 ) ) ;
#2077 = DIRECTION ( 'NONE',  ( 1.000000000000000000, 0.000000000000000000, -2.710505431213761085E-17 ) ) ;
#2078 = CARTESIAN_POINT ( 'NONE',  ( 18.00138056847804791, 14.13467269091138157, -3.224091146784960671 ) ) ;
#2079 = CARTESIAN_POINT ( 'NONE',  ( 17.63947341468150043, 0.000000000000000000, 14.99999999999250022 ) ) ;
#2080 = B_SPLINE_CURVE_WITH_KNOTS ( 'NONE', 3,
 ( #3910, #4607, #2631, #3864, #4197, #1131, #724, #1514 ),
 .UNSPECIFIED., .F., .F.,
 ( 4, 2, 2, 4 ),
 ( 3.392033185199222023E-07, 0.002116429530400614021, 0.003174474693941661992, 0.004232519857482710396 ),
 .UNSPECIFIED. ) ;
#2081 = DIRECTION ( 'NONE',  ( -2.710505431213761085E-17, 0.000000000000000000, -1.000000000000000000 ) ) ;
#2082 = CARTESIAN_POINT ( 'NONE',  ( 20.00000000000000000, 12.53200494222448036, 1.969683236930150239 ) ) ;
#2083 = ORIENTED_EDGE ( 'NONE', *, *, #999, .T. ) ;
#2084 = CARTESIAN_POINT ( 'NONE',  ( 0.4158923836206795399, 9.916094657214037156, -7.239399450704876671 ) ) ;
#2085 = DIRECTION ( 'NONE',  ( -1.000000000000000000, 0.000000000000000000, 0.000000000000000000 ) ) ;
#2086 = ORIENTED_EDGE ( 'NONE', *, *, #484, .T. ) ;
#2087 = CARTESIAN_POINT ( 'NONE',  ( 17.63947341468150043, 0.000000000000000000, -6.398220130030271836E-17 ) ) ;
#2088 = CARTESIAN_POINT ( 'NONE',  ( 20.00000000000000000, 0.000000000000000000, 0.000000000000000000 ) ) ;
#2089 = VERTEX_POINT ( 'NONE', #192 ) ;
#2090 = CARTESIAN_POINT ( 'NONE',  ( 3.377903163343739539E-16, 11.67008492344063342, 0.7670002514485749767 ) ) ;
#2091 = CARTESIAN_POINT ( 'NONE',  ( 17.63947341468150043, -12.79780162109346620, -7.824082928171993245 ) ) ;
#2092 = CARTESIAN_POINT ( 'NONE',  ( 1.621657138704416523, 12.54705127354149141, -6.135719052459474021 ) ) ;
#2093 = VERTEX_POINT ( 'NONE', #4851 ) ;
#2094 = ORIENTED_EDGE ( 'NONE', *, *, #939, .F. ) ;
#2095 = CIRCLE ( 'NONE', #1181, 11.69526278054659940 ) ;
#2096 = EDGE_CURVE ( 'NONE', #1924, #1448, #4522, .T. ) ;
#2097 = DIRECTION ( 'NONE',  ( 0.000000000000000000, 0.000000000000000000, -1.000000000000000000 ) ) ;
#2098 = CARTESIAN_POINT ( 'NONE',  ( 1.028067964781247179, -10.73760674752569599, -7.565046186504909009 ) ) ;
#2099 = ORIENTED_EDGE ( 'NONE', *, *, #2512, .F. ) ;
#2100 = CARTESIAN_POINT ( 'NONE',  ( 20.00000000000000000, -7.000001873099980010, -1.844327237370754842E-15 ) ) ;
#2101 = CARTESIAN_POINT ( 'NONE',  ( 1.611745368474148510, -5.644255666766442303, -12.75976315463462640 ) ) ;
#2102 = ORIENTED_EDGE ( 'NONE', *, *, #1555, .F. ) ;
#2103 = AXIS2_PLACEMENT_3D ( 'NONE', #416, #2714, #1169 ) ;
#2104 = AXIS2_PLACEMENT_3D ( 'NONE', #3775, #596, #4077 ) ;
#2105 = CARTESIAN_POINT ( 'NONE',  ( 4.447237764439857944E-16, 10.70396315057078240, 4.712148594565054971 ) ) ;
#2106 = DIRECTION ( 'NONE',  ( 1.000000000000000000, 0.000000000000000000, 0.000000000000000000 ) ) ;
#2107 = VECTOR ( 'NONE', #3044, 1000.000000000000000 ) ;
#2108 = DIRECTION ( 'NONE',  ( 2.710505431213761085E-17, 0.000000000000000000, 1.000000000000000000 ) ) ;
#2109 = EDGE_LOOP ( 'NONE', ( #3264, #1758, #3663, #1536, #1759, #228 ) ) ;
#2110 = CIRCLE ( 'NONE', #5048, 3.000000000000000000 ) ;
#2111 = DIRECTION ( 'NONE',  ( 1.000000000000000000, 0.000000000000000000, 0.000000000000000000 ) ) ;
#2112 = AXIS2_PLACEMENT_3D ( 'NONE', #3430, #3476, #4980 ) ;
#2113 = CARTESIAN_POINT ( 'NONE',  ( 20.00000000000000000, -11.67008492344062986, -0.7670002514486461420 ) ) ;
#2114 = EDGE_LOOP ( 'NONE', ( #1309, #2867, #3132, #5058, #4990, #5033 ) ) ;
#2115 = CARTESIAN_POINT ( 'NONE',  ( 5.000000000000000000, 7.000001873099980010, 1.750000000000000000 ) ) ;
#2116 = FACE_OUTER_BOUND ( 'NONE', #86, .T. ) ;
#2117 = ORIENTED_EDGE ( 'NONE', *, *, #4143, .F. ) ;
#2118 = DIRECTION ( 'NONE',  ( 1.000000000000000000, 0.000000000000000000, 0.000000000000000000 ) ) ;
#2119 = CARTESIAN_POINT ( 'NONE',  ( 17.63947341468150043, 13.17475538765974719, 7.171179852374745423 ) ) ;
#2120 = CARTESIAN_POINT ( 'NONE',  ( 20.00000000000000000, -8.333984767424698958, -9.564282399747270347 ) ) ;
#2121 = VERTEX_POINT ( 'NONE', #3758 ) ;
#2122 = VERTEX_POINT ( 'NONE', #219 ) ;
#2123 = CIRCLE ( 'NONE', #2275, 5.399999999997299405 ) ;
#2124 = AXIS2_PLACEMENT_3D ( 'NONE', #925, #478, #894 ) ;
#2125 = DIRECTION ( 'NONE',  ( -1.000000000000000000, 0.000000000000000000, 0.000000000000000000 ) ) ;
#2126 = DIRECTION ( 'NONE',  ( 1.000000000000000000, 0.000000000000000000, -2.710505431213761085E-17 ) ) ;
#2127 = ORIENTED_EDGE ( 'NONE', *, *, #3546, .T. ) ;
#2128 = DIRECTION ( 'NONE',  ( 1.000000000000000000, 0.000000000000000000, 0.000000000000000000 ) ) ;
#2129 = EDGE_CURVE ( 'NONE', #4875, #4518, #329, .T. ) ;
#2130 = ORIENTED_EDGE ( 'NONE', *, *, #4610, .T. ) ;
#2131 = EDGE_CURVE ( 'NONE', #3101, #604, #4938, .T. ) ;
#2132 = ORIENTED_EDGE ( 'NONE', *, *, #1749, .F. ) ;
#2133 = CARTESIAN_POINT ( 'NONE',  ( 19.58555303732822495, 11.79874295187252642, -3.388278414084999302 ) ) ;
#2134 = CARTESIAN_POINT ( 'NONE',  ( 10.00000000000000000, -14.70199371010875922, -2.975127047320349938 ) ) ;
#2135 = EDGE_CURVE ( 'NONE', #1475, #604, #2912, .T. ) ;
#2136 = EDGE_CURVE ( 'NONE', #3389, #4467, #4469, .T. ) ;
#2137 = ADVANCED_FACE ( 'NONE', ( #2070 ), #113, .T. ) ;
#2138 = AXIS2_PLACEMENT_3D ( 'NONE', #1887, #1460, #1918 ) ;
#2139 = ORIENTED_EDGE ( 'NONE', *, *, #2276, .T. ) ;
#2140 = CARTESIAN_POINT ( 'NONE',  ( 0.4144469590235009826, -6.860418087042437385, -10.17965762694246123 ) ) ;
#2141 = CARTESIAN_POINT ( 'NONE',  ( 0.000000000000000000, 0.000000000000000000, 0.000000000000000000 ) ) ;
#2142 = DIRECTION ( 'NONE',  ( 0.000000000000000000, 0.8660254037844379305, 0.5000000000000013323 ) ) ;
#2143 = VERTEX_POINT ( 'NONE', #1684 ) ;
#2144 = CARTESIAN_POINT ( 'NONE',  ( 17.77656139821317538, 12.56546780980882616, 7.835301323466116408 ) ) ;
#2145 = FACE_OUTER_BOUND ( 'NONE', #4741, .T. ) ;
#2146 = CARTESIAN_POINT ( 'NONE',  ( 5.362519525061748386E-16, -8.446785448070707858, 8.088942273270312455 ) ) ;
#2147 = CARTESIAN_POINT ( 'NONE',  ( 2.360526585318501791, -9.350005781138321481, 11.72933893671996231 ) ) ;
#2148 = ORIENTED_EDGE ( 'NONE', *, *, #4259, .F. ) ;
#2149 = ORIENTED_EDGE ( 'NONE', *, *, #3051, .F. ) ;
#2150 = CARTESIAN_POINT ( 'NONE',  ( 0.4158924765898639464, -12.24956560762315583, -0.8282410750948074885 ) ) ;
#2151 = DIRECTION ( 'NONE',  ( 0.000000000000000000, 0.3420201433256628842, 0.9396926207859105373 ) ) ;
#2152 = AXIS2_PLACEMENT_3D ( 'NONE', #1128, #3095, #4239 ) ;
#2153 = CARTESIAN_POINT ( 'NONE',  ( 5.000000000000000000, -0.2738250307121669613, -3.994644099306174923 ) ) ;
#2154 = ORIENTED_EDGE ( 'NONE', *, *, #3046, .T. ) ;
#2155 = AXIS2_PLACEMENT_3D ( 'NONE', #1760, #1712, #3265 ) ;
#2156 = LINE ( 'NONE', #607, #4724 ) ;
#2157 = DIRECTION ( 'NONE',  ( 0.000000000000000000, 0.000000000000000000, -1.000000000000000000 ) ) ;
#2158 = EDGE_CURVE ( 'NONE', #651, #1399, #3469, .T. ) ;
#2159 = AXIS2_PLACEMENT_3D ( 'NONE', #3737, #4943, #265 ) ;
#2160 = ADVANCED_FACE ( 'NONE', ( #885 ), #3876, .T. ) ;
#2161 = ORIENTED_EDGE ( 'NONE', *, *, #4703, .T. ) ;
#2162 = EDGE_CURVE ( 'NONE', #248, #2093, #2310, .T. ) ;
#2163 = CARTESIAN_POINT ( 'NONE',  ( 0.000000000000000000, -7.000001873099980010, -1.750000000000000000 ) ) ;
#2164 = DIRECTION ( 'NONE',  ( 0.000000000000000000, 0.000000000000000000, -1.000000000000000000 ) ) ;
#2165 = DIRECTION ( 'NONE',  ( 0.000000000000000000, 0.000000000000000000, 1.000000000000000000 ) ) ;
#2166 = DIRECTION ( 'NONE',  ( 0.000000000000000000, -0.6427876096865298150, -0.7660444431189858960 ) ) ;
#2167 = ORIENTED_EDGE ( 'NONE', *, *, #1315, .F. ) ;
#2168 = DIRECTION ( 'NONE',  ( 0.000000000000000000, 0.000000000000000000, 1.000000000000000000 ) ) ;
#2169 = CARTESIAN_POINT ( 'NONE',  ( 19.58410761637932751, -9.916094657213886165, -7.239399450705084504 ) ) ;
#2170 = AXIS2_PLACEMENT_3D ( 'NONE', #2120, #2478, #1708 ) ;
#2171 = ORIENTED_EDGE ( 'NONE', *, *, #382, .F. ) ;
#2172 = VERTEX_POINT ( 'NONE', #2937 ) ;
#2173 = CIRCLE ( 'NONE', #1020, 11.69526278054659940 ) ;
#2174 = CARTESIAN_POINT ( 'NONE',  ( 1.414568473202850063, -13.60966674541230859, -1.345363446214679293 ) ) ;
#2175 = DIRECTION ( 'NONE',  ( -1.000000000000000000, 0.000000000000000000, 0.000000000000000000 ) ) ;
#2176 = DIRECTION ( 'NONE',  ( 0.000000000000000000, 0.000000000000000000, -1.000000000000000000 ) ) ;
#2177 = DIRECTION ( 'NONE',  ( 0.000000000000000000, 0.000000000000000000, 1.000000000000000000 ) ) ;
#2178 = DIRECTION ( 'NONE',  ( 1.000000000000000000, 0.000000000000000000, 0.000000000000000000 ) ) ;
#2179 = DIRECTION ( 'NONE',  ( -1.000000000000000000, 0.000000000000000000, 0.000000000000000000 ) ) ;
#2180 = AXIS2_PLACEMENT_3D ( 'NONE', #4100, #3724, #4812 ) ;
#2181 = VECTOR ( 'NONE', #2178, 1000.000000000000000 ) ;
#2182 = AXIS2_PLACEMENT_3D ( 'NONE', #851, #1301, #3646 ) ;
#2183 = ORIENTED_EDGE ( 'NONE', *, *, #2825, .T. ) ;
#2184 = CARTESIAN_POINT ( 'NONE',  ( 20.00000000000000000, 9.373951458494568456, -6.873602407300880124 ) ) ;
#2185 = AXIS2_PLACEMENT_3D ( 'NONE', #4752, #4044, #2806 ) ;
#2186 = EDGE_CURVE ( 'NONE', #53, #3239, #600, .T. ) ;
#2187 = CARTESIAN_POINT ( 'NONE',  ( 18.00593633987936926, 4.296447149840464164, 13.83587317778079928 ) ) ;
#2188 = DIRECTION ( 'NONE',  ( 0.000000000000000000, 0.000000000000000000, 1.000000000000000000 ) ) ;
#2189 = CARTESIAN_POINT ( 'NONE',  ( 19.58410760666224348, 6.842060546685363676, 10.19431436965015791 ) ) ;
#2190 = ORIENTED_EDGE ( 'NONE', *, *, #682, .T. ) ;
#2191 = AXIS2_PLACEMENT_3D ( 'NONE', #3904, #3605, #3220 ) ;
#2192 = CARTESIAN_POINT ( 'NONE',  ( 18.00593644130671223, -12.87960486875362776, 6.633748488841205493 ) ) ;
#2193 = CIRCLE ( 'NONE', #5050, 11.69526278054659940 ) ;
#2194 = EDGE_CURVE ( 'NONE', #201, #797, #2990, .T. ) ;
#2195 = ORIENTED_EDGE ( 'NONE', *, *, #315, .T. ) ;
#2196 = ORIENTED_EDGE ( 'NONE', *, *, #1043, .F. ) ;
#2197 = DIRECTION ( 'NONE',  ( 0.000000000000000000, 0.000000000000000000, 1.000000000000000000 ) ) ;
#2198 = CARTESIAN_POINT ( 'NONE',  ( 2.360526585318501347, 0.000000000000000000, -6.398220130030271836E-17 ) ) ;
#2199 = DIRECTION ( 'NONE',  ( -2.891205793296123914E-17, 0.000000000000000000, -1.000000000000000000 ) ) ;
#2200 = CARTESIAN_POINT ( 'NONE',  ( 1.998620144534776877, 14.38495262353551318, -1.804688963427995896 ) ) ;
#2201 = CARTESIAN_POINT ( 'NONE',  ( 17.63947341468150043, -4.774461252588743321, -14.21986356289341025 ) ) ;
#2202 = CARTESIAN_POINT ( 'NONE',  ( 1.425918755616283562, -13.26540237850974258, 3.393043950333510583 ) ) ;
#2203 = CARTESIAN_POINT ( 'NONE',  ( 20.00000000000000000, 1.271141185985041444, -11.62597830684932454 ) ) ;
#2204 = DIRECTION ( 'NONE',  ( -1.000000000000000000, 0.000000000000000000, 0.000000000000000000 ) ) ;
#2205 = CARTESIAN_POINT ( 'NONE',  ( 20.00000000000000000, 0.2738250307120564941, 6.994644099306220220 ) ) ;
#2206 = AXIS2_PLACEMENT_3D ( 'NONE', #3968, #3252, #1261 ) ;
#2207 = DIRECTION ( 'NONE',  ( 1.000000000000000000, 0.000000000000000000, 0.000000000000000000 ) ) ;
#2208 = CARTESIAN_POINT ( 'NONE',  ( 5.000000000000000000, 0.2738250307120564941, 9.994644099306219331 ) ) ;
#2209 = ORIENTED_EDGE ( 'NONE', *, *, #2131, .T. ) ;
#2210 = ORIENTED_EDGE ( 'NONE', *, *, #1653, .F. ) ;
#2211 = CARTESIAN_POINT ( 'NONE',  ( 18.38825454657867198, -12.52556842986276031, 6.146488153547193356 ) ) ;
#2212 = ORIENTED_EDGE ( 'NONE', *, *, #1458, .F. ) ;
#2213 = EDGE_CURVE ( 'NONE', #4681, #2029, #4499, .T. ) ;
#2214 = VERTEX_POINT ( 'NONE', #2514 ) ;
#2215 = EDGE_LOOP ( 'NONE', ( #4680, #5055, #3862, #3050 ) ) ;
#2216 = ADVANCED_FACE ( 'NONE', ( #971 ), #4822, .T. ) ;
#2217 = EDGE_CURVE ( 'NONE', #4531, #3937, #1985, .T. ) ;
#2218 = CARTESIAN_POINT ( 'NONE',  ( 0.000000000000000000, 1.265738570989400014, -11.55488130054889950 ) ) ;
#2219 = EDGE_CURVE ( 'NONE', #3100, #3975, #1504, .T. ) ;
#2220 = DIRECTION ( 'NONE',  ( 0.000000000000000000, 1.000000000000000000, 0.000000000000000000 ) ) ;
#2221 = CYLINDRICAL_SURFACE ( 'NONE', #336, 5.399999999997299405 ) ;
#2222 = ORIENTED_EDGE ( 'NONE', *, *, #4732, .F. ) ;
#2223 = CARTESIAN_POINT ( 'NONE',  ( 10.00000000000000000, 12.79780162109351949, 7.824082928171908868 ) ) ;
#2224 = VECTOR ( 'NONE', #4150, 1000.000000000000000 ) ;
#2225 = DIRECTION ( 'NONE',  ( 0.000000000000000000, 0.000000000000000000, 1.000000000000000000 ) ) ;
#2226 = AXIS2_PLACEMENT_3D ( 'NONE', #4341, #4655, #3197 ) ;
#2227 = CIRCLE ( 'NONE', #3549, 5.399999999997300293 ) ;
#2228 = ORIENTED_EDGE ( 'NONE', *, *, #377, .T. ) ;
#2229 = CARTESIAN_POINT ( 'NONE',  ( 17.63947341468150043, 5.482902598228318602, 13.96201200035711842 ) ) ;
#2230 = AXIS2_PLACEMENT_3D ( 'NONE', #5076, #1560, #888 ) ;
#2231 = CARTESIAN_POINT ( 'NONE',  ( 3.377903163343715873E-16, -11.67008492344064052, 0.7670002514484891565 ) ) ;
#2232 = CARTESIAN_POINT ( 'NONE',  ( 1.998619730020187557, -4.275191920016939484, -13.85303150046049758 ) ) ;
#2233 = FACE_OUTER_BOUND ( 'NONE', #1656, .T. ) ;
#2234 = ORIENTED_EDGE ( 'NONE', *, *, #3719, .T. ) ;
#2235 = ORIENTED_EDGE ( 'NONE', *, *, #450, .F. ) ;
#2236 = CYLINDRICAL_SURFACE ( 'NONE', #4967, 5.399999999997300293 ) ;
#2237 = ORIENTED_EDGE ( 'NONE', *, *, #4827, .F. ) ;
#2238 = ORIENTED_EDGE ( 'NONE', *, *, #1842, .F. ) ;
#2239 = ORIENTED_EDGE ( 'NONE', *, *, #2962, .T. ) ;
#2240 = CARTESIAN_POINT ( 'NONE',  ( 50.00005080000000390, 0.000000000000000000, 0.000000000000000000 ) ) ;
#2241 = EDGE_CURVE ( 'NONE', #3670, #4681, #4579, .T. ) ;
#2242 = DIRECTION ( 'NONE',  ( -1.000000000000000000, 0.000000000000000000, 0.000000000000000000 ) ) ;
#2243 = ADVANCED_FACE ( 'NONE', ( #3905 ), #3400, .T. ) ;
#2244 = CARTESIAN_POINT ( 'NONE',  ( 1.877959422552408581E-18, 1.271141185985041888, -11.62597830684932809 ) ) ;
#2245 = ORIENTED_EDGE ( 'NONE', *, *, #3832, .T. ) ;
#2246 = DIRECTION ( 'NONE',  ( 0.000000000000000000, 0.000000000000000000, 1.000000000000000000 ) ) ;
#2247 = AXIS2_PLACEMENT_3D ( 'NONE', #654, #2614, #3800 ) ;
#2248 = EDGE_CURVE ( 'NONE', #3738, #2966, #1819, .T. ) ;
#2249 = B_SPLINE_CURVE_WITH_KNOTS ( 'NONE', 3,
 ( #4139, #976, #2572, #1312, #3359, #1766, #3689, #1367 ),
 .UNSPECIFIED., .F., .F.,
 ( 4, 2, 2, 4 ),
 ( 2.288837740170975461E-07, 0.002114433870822549251, 0.003171536364346820049, 0.004228638857871090846 ),
 .UNSPECIFIED. ) ;
#2250 = B_SPLINE_CURVE_WITH_KNOTS ( 'NONE', 3,
 ( #1901, #3866, #4267, #4317, #3938, #5006, #3457, #794 ),
 .UNSPECIFIED., .F., .F.,
 ( 4, 2, 2, 4 ),
 ( 2.370326085446655412E-07, 0.002114442047300394301, 0.003171544554646320725, 0.004228647061992247581 ),
 .UNSPECIFIED. ) ;
#2251 = CARTESIAN_POINT ( 'NONE',  ( 18.00593637139968806, 0.6948076685316213474, -14.47093935195907832 ) ) ;
#2252 = AXIS2_PLACEMENT_3D ( 'NONE', #2637, #706, #2687 ) ;
#2253 = ORIENTED_EDGE ( 'NONE', *, *, #4256, .F. ) ;
#2254 = CARTESIAN_POINT ( 'NONE',  ( 1.621657138704417855, -12.54705127354145056, 6.135719052459564615 ) ) ;
#2255 = DIRECTION ( 'NONE',  ( 0.000000000000000000, 0.000000000000000000, 1.000000000000000000 ) ) ;
#2256 = AXIS2_PLACEMENT_3D ( 'NONE', #4334, #1963, #3951 ) ;
#2257 = CARTESIAN_POINT ( 'NONE',  ( 19.58555304189609103, 5.385633063070122795, 11.03112515608733979 ) ) ;
#2258 = CARTESIAN_POINT ( 'NONE',  ( 18.58543180263901817, 7.969951945505057367, 11.11363519018062362 ) ) ;
#2259 = ORIENTED_EDGE ( 'NONE', *, *, #615, .F. ) ;
#2260 = VERTEX_POINT ( 'NONE', #3685 ) ;
#2261 = VECTOR ( 'NONE', #4090, 1000.000000000000000 ) ;
#2262 = AXIS2_PLACEMENT_3D ( 'NONE', #2949, #1725, #1410 ) ;
#2263 = DIRECTION ( 'NONE',  ( -1.000000000000000000, 0.000000000000000000, 0.000000000000000000 ) ) ;
#2264 = ORIENTED_EDGE ( 'NONE', *, *, #4979, .F. ) ;
#2265 = AXIS2_PLACEMENT_3D ( 'NONE', #4314, #4731, #1206 ) ;
#2266 = VERTEX_POINT ( 'NONE', #557 ) ;
#2267 = ORIENTED_EDGE ( 'NONE', *, *, #4672, .F. ) ;
#2268 = CYLINDRICAL_SURFACE ( 'NONE', #4145, 11.62399999999419897 ) ;
#2269 = VECTOR ( 'NONE', #96, 1000.000000000000000 ) ;
#2270 = CARTESIAN_POINT ( 'NONE',  ( 2.360526585318501347, 0.000000000000000000, -6.398220130030271836E-17 ) ) ;
#2271 = FACE_OUTER_BOUND ( 'NONE', #3235, .T. ) ;
#2272 = ORIENTED_EDGE ( 'NONE', *, *, #5030, .T. ) ;
#2273 = CARTESIAN_POINT ( 'NONE',  ( 20.00000000000000000, 10.86616072683660050, -6.546552603037439688 ) ) ;
#2274 = CARTESIAN_POINT ( 'NONE',  ( 17.63947341468150043, 0.3769537665663789672, -14.99526278054660899 ) ) ;
#2275 = AXIS2_PLACEMENT_3D ( 'NONE', #2925, #2207, #3815 ) ;
#2276 = EDGE_CURVE ( 'NONE', #1848, #5061, #4871, .T. ) ;
#2277 = VERTEX_POINT ( 'NONE', #1660 ) ;
#2278 = EDGE_CURVE ( 'NONE', #2728, #1336, #391, .T. ) ;
#2279 = AXIS2_PLACEMENT_3D ( 'NONE', #1440, #3029, #4586 ) ;
#2280 = EDGE_CURVE ( 'NONE', #1336, #4017, #4692, .T. ) ;
#2281 = CARTESIAN_POINT ( 'NONE',  ( 20.00000000000000000, -11.10256122485990105, -6.137094929526500486 ) ) ;
#2282 = CARTESIAN_POINT ( 'NONE',  ( 2.360526585318500903, 9.350005781138399641, -11.72933893671990013 ) ) ;
#2283 = DIRECTION ( 'NONE',  ( 1.000000000000000000, 0.000000000000000000, 0.000000000000000000 ) ) ;
#2284 = EDGE_CURVE ( 'NONE', #1848, #3688, #2751, .T. ) ;
#2285 = DIRECTION ( 'NONE',  ( 1.000000000000000000, 0.000000000000000000, 0.000000000000000000 ) ) ;
#2286 = CARTESIAN_POINT ( 'NONE',  ( 20.00000000000000000, 11.15954349366136000, -3.252993238994709824 ) ) ;
#2287 = EDGE_LOOP ( 'NONE', ( #3620, #2004, #1445, #3267 ) ) ;
#2288 = EDGE_LOOP ( 'NONE', ( #3027, #2771, #4496, #1526 ) ) ;
#2289 = FACE_OUTER_BOUND ( 'NONE', #1979, .T. ) ;
#2290 = ORIENTED_EDGE ( 'NONE', *, *, #1994, .F. ) ;
#2291 = FACE_OUTER_BOUND ( 'NONE', #3309, .T. ) ;
#2292 = AXIS2_PLACEMENT_3D ( 'NONE', #3629, #3551, #1663 ) ;
#2293 = VERTEX_POINT ( 'NONE', #4310 ) ;
#2294 = DIRECTION ( 'NONE',  ( 0.000000000000000000, 0.000000000000000000, 1.000000000000000000 ) ) ;
#2295 = FACE_OUTER_BOUND ( 'NONE', #4171, .T. ) ;
#2296 = ORIENTED_EDGE ( 'NONE', *, *, #1432, .F. ) ;
#2297 = ORIENTED_EDGE ( 'NONE', *, *, #4577, .T. ) ;
#2298 = CARTESIAN_POINT ( 'NONE',  ( 20.00000000000000000, -8.396946530139260290, 8.037951540650579929 ) ) ;
#2299 = CARTESIAN_POINT ( 'NONE',  ( 20.00000000000000000, 0.000000000000000000, 0.000000000000000000 ) ) ;
#2300 = CARTESIAN_POINT ( 'NONE',  ( 0.8204274000502531639, -9.181565077091462967, -8.983384736008272142 ) ) ;
#2301 = ORIENTED_EDGE ( 'NONE', *, *, #4324, .T. ) ;
#2302 = CARTESIAN_POINT ( 'NONE',  ( 19.62337205132901730, -9.870468841618450284, 7.208662384292432890 ) ) ;
#2303 = ADVANCED_FACE ( 'NONE', ( #858 ), #1246, .T. ) ;
#2304 = DIRECTION ( 'NONE',  ( 0.000000000000000000, 0.000000000000000000, 1.000000000000000000 ) ) ;
#2305 = FACE_OUTER_BOUND ( 'NONE', #2636, .T. ) ;
#2306 = ADVANCED_FACE ( 'NONE', ( #4826 ), #2882, .F. ) ;
#2307 = DIRECTION ( 'NONE',  ( 1.000000000000000000, 0.000000000000000000, 0.000000000000000000 ) ) ;
#2308 = DIRECTION ( 'NONE',  ( -1.000000000000000000, 0.000000000000000000, 0.000000000000000000 ) ) ;
#2309 = VERTEX_POINT ( 'NONE', #2460 ) ;
#2310 = CIRCLE ( 'NONE', #4279, 1.750000000000000000 ) ;
#2311 = CARTESIAN_POINT ( 'NONE',  ( 0.000000000000000000, 9.373951458494568456, -6.873602407300880124 ) ) ;
#2312 = ORIENTED_EDGE ( 'NONE', *, *, #4891, .F. ) ;
#2313 = FACE_OUTER_BOUND ( 'NONE', #1000, .T. ) ;
#2314 = AXIS2_PLACEMENT_3D ( 'NONE', #4298, #3462, #3060 ) ;
#2315 = DIRECTION ( 'NONE',  ( -1.000000000000000000, 0.000000000000000000, 0.000000000000000000 ) ) ;
#2316 = VERTEX_POINT ( 'NONE', #2488 ) ;
#2317 = CARTESIAN_POINT ( 'NONE',  ( 0.2080863933311390135, 6.670787904806241286, 9.958860974996499138 ) ) ;
#2318 = ORIENTED_EDGE ( 'NONE', *, *, #1653, .T. ) ;
#2319 = ORIENTED_EDGE ( 'NONE', *, *, #832, .T. ) ;
#2320 = DIRECTION ( 'NONE',  ( 0.000000000000000000, -0.8660254037844432595, 0.4999999999999921174 ) ) ;
#2321 = CARTESIAN_POINT ( 'NONE',  ( 2.360526585318501347, 0.000000000000000000, -6.398220130030271836E-17 ) ) ;
#2322 = CARTESIAN_POINT ( 'NONE',  ( 10.00000000000000000, 4.774461252588839244, 14.21986356289338005 ) ) ;
#2323 = AXIS2_PLACEMENT_3D ( 'NONE', #2449, #2061, #165 ) ;
#2324 = CYLINDRICAL_SURFACE ( 'NONE', #770, 5.399999999997301181 ) ;
#2325 = CIRCLE ( 'NONE', #3896, 3.000000000000000000 ) ;
#2326 = DIRECTION ( 'NONE',  ( -1.000000000000000000, 0.000000000000000000, 0.000000000000000000 ) ) ;
#2327 = LINE ( 'NONE', #3631, #2026 ) ;
#2328 = CARTESIAN_POINT ( 'NONE',  ( 2.179779424730124759, -5.556152702491570672, -13.66138816768657449 ) ) ;
#2329 = AXIS2_PLACEMENT_3D ( 'NONE', #1451, #656, #2220 ) ;
#2330 = CARTESIAN_POINT ( 'NONE',  ( 20.00000000000000000, -7.971798191701890524, -9.868193021853640445 ) ) ;
#2331 = VERTEX_POINT ( 'NONE', #1740 ) ;
#2332 = B_SPLINE_CURVE_WITH_KNOTS ( 'NONE', 3,
 ( #2537, #5019, #3115, #3858, #2302, #1940 ),
 .UNSPECIFIED., .F., .F.,
 ( 4, 2, 4 ),
 ( 2.297123475444716674E-07, 0.001914478576586372020, 0.003828727440825199346 ),
 .UNSPECIFIED. ) ;
#2333 = CARTESIAN_POINT ( 'NONE',  ( 0.000000000000000000, 7.000001873099980010, -1.843143693225354777E-15 ) ) ;
#2334 = ORIENTED_EDGE ( 'NONE', *, *, #2726, .F. ) ;
#2335 = EDGE_CURVE ( 'NONE', #1102, #1332, #3735, .T. ) ;
#2336 = ORIENTED_EDGE ( 'NONE', *, *, #1315, .T. ) ;
#2337 = CARTESIAN_POINT ( 'NONE',  ( 19.17957242103431525, 12.80789555512988720, -0.9798757544792441321 ) ) ;
#2338 = VERTEX_POINT ( 'NONE', #2046 ) ;
#2339 = EDGE_CURVE ( 'NONE', #2942, #245, #2568, .T. ) ;
#2340 = ADVANCED_FACE ( 'NONE', ( #2855 ), #2917, .F. ) ;
#2341 = EDGE_CURVE ( 'NONE', #4876, #4270, #1078, .T. ) ;
#2342 = DIRECTION ( 'NONE',  ( 0.000000000000000000, 0.000000000000000000, -1.000000000000000000 ) ) ;
#2343 = ORIENTED_EDGE ( 'NONE', *, *, #1321, .F. ) ;
#2344 = ORIENTED_EDGE ( 'NONE', *, *, #1217, .F. ) ;
#2345 = CYLINDRICAL_SURFACE ( 'NONE', #2569, 11.62399999999419897 ) ;
#2346 = DIRECTION ( 'NONE',  ( -1.000000000000000000, 0.000000000000000000, -2.710505431213761085E-17 ) ) ;
#2347 = AXIS2_PLACEMENT_3D ( 'NONE', #5074, #2356, #2408 ) ;
#2348 = CARTESIAN_POINT ( 'NONE',  ( 2.134850314011567107, 14.34822647753701652, 3.130374847942930749 ) ) ;
#2349 = DIRECTION ( 'NONE',  ( -2.891205793296123914E-17, 0.000000000000000000, -1.000000000000000000 ) ) ;
#2350 = ORIENTED_EDGE ( 'NONE', *, *, #3140, .T. ) ;
#2351 = DIRECTION ( 'NONE',  ( 0.000000000000000000, 0.000000000000000000, 1.000000000000000000 ) ) ;
#2352 = B_SPLINE_CURVE_WITH_KNOTS ( 'NONE', 3,
 ( #3518, #3622, #39, #778, #1626, #2820, #4330, #4031 ),
 .UNSPECIFIED., .F., .F.,
 ( 4, 2, 2, 4 ),
 ( 2.341563919183142221E-07, 0.002114439161326832177, 0.003171541663794289010, 0.004228644166261745843 ),
 .UNSPECIFIED. ) ;
#2353 = DIRECTION ( 'NONE',  ( -1.000000000000000000, 0.000000000000000000, -2.710505431213761085E-17 ) ) ;
#2354 = DIRECTION ( 'NONE',  ( 1.000000000000000000, 0.000000000000000000, 0.000000000000000000 ) ) ;
#2355 = DIRECTION ( 'NONE',  ( -1.000000000000000000, 0.000000000000000000, -2.710505431213761085E-17 ) ) ;
#2356 = DIRECTION ( 'NONE',  ( -1.000000000000000000, 0.000000000000000000, 0.000000000000000000 ) ) ;
#2357 = B_SPLINE_CURVE_WITH_KNOTS ( 'NONE', 3,
 ( #2618, #2200, #2965, #1452, #195, #4567, #1389, #4504 ),
 .UNSPECIFIED., .F., .F.,
 ( 4, 2, 2, 4 ),
 ( 3.293156995868530155E-07, 0.002114534643407281391, 0.003171637307261128587, 0.004228739971114975349 ),
 .UNSPECIFIED. ) ;
#2358 = VECTOR ( 'NONE', #486, 1000.000000000000000 ) ;
#2359 = CARTESIAN_POINT ( 'NONE',  ( 0.000000000000000000, 4.115919143437039907, 11.99958372321601985 ) ) ;
#2360 = ORIENTED_EDGE ( 'NONE', *, *, #1615, .T. ) ;
#2361 = CARTESIAN_POINT ( 'NONE',  ( 20.00000000000000000, -11.15954349366129961, -3.252993238994929648 ) ) ;
#2362 = EDGE_LOOP ( 'NONE', ( #4915, #2086 ) ) ;
#2363 = CARTESIAN_POINT ( 'NONE',  ( 20.00000000000000000, 0.2364004980233835040, 12.68364753256399879 ) ) ;
#2364 = ORIENTED_EDGE ( 'NONE', *, *, #1806, .F. ) ;
#2365 = CIRCLE ( 'NONE', #3183, 3.000000000000000000 ) ;
#2366 = CARTESIAN_POINT ( 'NONE',  ( 20.00000000000000000, 0.000000000000000000, 0.000000000000000000 ) ) ;
#2367 = EDGE_CURVE ( 'NONE', #2452, #1266, #4619, .T. ) ;
#2368 = CIRCLE ( 'NONE', #2206, 11.69526278054659940 ) ;
#2369 = CARTESIAN_POINT ( 'NONE',  ( 3.170007328614371243E-16, 0.000000000000000000, -8.592322081196679186E-33 ) ) ;
#2370 = EDGE_LOOP ( 'NONE', ( #1911, #3919, #5062, #2704 ) ) ;
#2371 = ORIENTED_EDGE ( 'NONE', *, *, #3955, .T. ) ;
#2372 = EDGE_CURVE ( 'NONE', #4998, #4828, #3069, .T. ) ;
#2373 = EDGE_CURVE ( 'NONE', #4629, #931, #4369, .T. ) ;
#2374 = FACE_OUTER_BOUND ( 'NONE', #4070, .T. ) ;
#2375 = EDGE_CURVE ( 'NONE', #1597, #1328, #2357, .T. ) ;
#2376 = CARTESIAN_POINT ( 'NONE',  ( 19.17957242103431525, -12.80789555512989608, 0.9798757544791465435 ) ) ;
#2377 = CARTESIAN_POINT ( 'NONE',  ( 10.00000000000000000, -4.774461252588739768, -14.21986356289340137 ) ) ;
#2378 = ORIENTED_EDGE ( 'NONE', *, *, #3610, .F. ) ;
#2379 = DIRECTION ( 'NONE',  ( -1.000000000000000000, 0.000000000000000000, 0.000000000000000000 ) ) ;
#2380 = DIRECTION ( 'NONE',  ( 0.000000000000000000, 0.6427876096865358102, 0.7660444431189810111 ) ) ;
#2381 = DIRECTION ( 'NONE',  ( 1.000000000000000000, 0.000000000000000000, 0.000000000000000000 ) ) ;
#2382 = CYLINDRICAL_SURFACE ( 'NONE', #953, 5.399999999997300293 ) ;
#2383 = CARTESIAN_POINT ( 'NONE',  ( -10.00000000000000000, 0.000000000000000000, 0.000000000000000000 ) ) ;
#2384 = DIRECTION ( 'NONE',  ( 0.000000000000000000, 0.9848077530122074652, 0.1736481776669340782 ) ) ;
#2385 = CARTESIAN_POINT ( 'NONE',  ( 0.000000000000000000, 11.10256122485991881, -6.137094929526429432 ) ) ;
#2386 = VERTEX_POINT ( 'NONE', #1833 ) ;
#2387 = CARTESIAN_POINT ( 'NONE',  ( 20.00000000000000000, 0.000000000000000000, -8.592322081196679186E-33 ) ) ;
#2388 = VECTOR ( 'NONE', #1455, 1000.000000000000000 ) ;
#2389 = CARTESIAN_POINT ( 'NONE',  ( 17.70758736950761403, -12.68144027069490676, 7.831595173115619701 ) ) ;
#2390 = VERTEX_POINT ( 'NONE', #2153 ) ;
#2391 = CARTESIAN_POINT ( 'NONE',  ( 17.63947341468150043, 0.000000000000000000, -6.398220130030271836E-17 ) ) ;
#2392 = CARTESIAN_POINT ( 'NONE',  ( 20.00000000000000000, -11.22862222243328567, -3.270659641710823351 ) ) ;
#2393 = EDGE_LOOP ( 'NONE', ( #1764, #3324, #2290, #1881 ) ) ;
#2394 = CARTESIAN_POINT ( 'NONE',  ( 19.58555302650522023, -2.965036302898279352, 11.91215034948884011 ) ) ;
#2395 = AXIS2_PLACEMENT_3D ( 'NONE', #3380, #2638, #1036 ) ;
#2396 = ORIENTED_EDGE ( 'NONE', *, *, #1900, .T. ) ;
#2397 = EDGE_LOOP ( 'NONE', ( #326, #3595, #5042, #1736, #3914, #1153 ) ) ;
#2398 = CARTESIAN_POINT ( 'NONE',  ( 20.00000000000000000, 11.10256122485991881, 6.137094929526429432 ) ) ;
#2399 = ADVANCED_FACE ( 'NONE', ( #1809 ), #3417, .T. ) ;
#2400 = FACE_OUTER_BOUND ( 'NONE', #3441, .T. ) ;
#2401 = CARTESIAN_POINT ( 'NONE',  ( -10.00000000000000000, 0.000000000000000000, 0.000000000000000000 ) ) ;
#2402 = VERTEX_POINT ( 'NONE', #4527 ) ;
#2403 = DIRECTION ( 'NONE',  ( -1.000000000000000000, 0.000000000000000000, 0.000000000000000000 ) ) ;
#2404 = ADVANCED_FACE ( 'NONE', ( #1859 ), #4185, .T. ) ;
#2405 = DIRECTION ( 'NONE',  ( -1.000000000000000000, -0.000000000000000000, 2.710505431213761085E-17 ) ) ;
#2406 = CARTESIAN_POINT ( 'NONE',  ( 18.00137985546522046, -14.38495262353551141, -1.804688963428077164 ) ) ;
#2407 = CYLINDRICAL_SURFACE ( 'NONE', #2463, 11.62399999999419897 ) ;
#2408 = DIRECTION ( 'NONE',  ( 0.000000000000000000, 0.000000000000000000, 1.000000000000000000 ) ) ;
#2409 = AXIS2_PLACEMENT_3D ( 'NONE', #6, #3157, #2037 ) ;
#2410 = FACE_OUTER_BOUND ( 'NONE', #2439, .T. ) ;
#2411 = CYLINDRICAL_SURFACE ( 'NONE', #2908, 14.99999999999250022 ) ;
#2412 = VERTEX_POINT ( 'NONE', #1421 ) ;
#2413 = CONICAL_SURFACE ( 'NONE', #4796, 11.69526278054659940, 0.9505468408120750778 ) ;
#2414 = CARTESIAN_POINT ( 'NONE',  ( 2.223438601786824620, 12.56546780980882616, 7.835301323466116408 ) ) ;
#2415 = ORIENTED_EDGE ( 'NONE', *, *, #1750, .F. ) ;
#2416 = CARTESIAN_POINT ( 'NONE',  ( 1.817732774468506562, 11.89435745973029590, 7.835301323466116408 ) ) ;
#2417 = CARTESIAN_POINT ( 'NONE',  ( 0.4158924418911003618, -2.942772963664526564, 11.91964458133436722 ) ) ;
#2418 = ORIENTED_EDGE ( 'NONE', *, *, #834, .F. ) ;
#2419 = DIRECTION ( 'NONE',  ( 1.000000000000000000, 0.000000000000000000, 0.000000000000000000 ) ) ;
#2420 = DIRECTION ( 'NONE',  ( -1.000000000000000000, 0.000000000000000000, 0.000000000000000000 ) ) ;
#2421 = AXIS2_PLACEMENT_3D ( 'NONE', #4373, #3126, #373 ) ;
#2422 = AXIS2_PLACEMENT_3D ( 'NONE', #4874, #940, #4762 ) ;
#2423 = EDGE_LOOP ( 'NONE', ( #306, #4755, #354, #4342 ) ) ;
#2424 = ORIENTED_EDGE ( 'NONE', *, *, #292, .F. ) ;
#2425 = CARTESIAN_POINT ( 'NONE',  ( 17.63947341468150043, -9.350005781138149175, -11.72933893672009731 ) ) ;
#2426 = DIRECTION ( 'NONE',  ( 1.000000000000000000, 0.000000000000000000, -2.710505431213761085E-17 ) ) ;
#2427 = AXIS2_PLACEMENT_3D ( 'NONE', #3067, #693, #4953 ) ;
#2428 = CARTESIAN_POINT ( 'NONE',  ( 20.00000000000000000, -0.2364004980232949915, -12.68364753256399879 ) ) ;
#2429 = CARTESIAN_POINT ( 'NONE',  ( 20.00000000000000000, 0.000000000000000000, -8.592322081196679186E-33 ) ) ;
#2430 = EDGE_LOOP ( 'NONE', ( #2183, #3965, #4860, #947, #3714, #3756 ) ) ;
#2431 = CARTESIAN_POINT ( 'NONE',  ( 20.00000000000000000, 0.000000000000000000, -11.69526278054659940 ) ) ;
#2432 = CARTESIAN_POINT ( 'NONE',  ( 2.360526585318501347, 0.000000000000000000, -6.398220130030271836E-17 ) ) ;
#2433 = DIRECTION ( 'NONE',  ( -1.000000000000000000, 0.000000000000000000, 0.000000000000000000 ) ) ;
#2434 = DIRECTION ( 'NONE',  ( -1.000000000000000000, 0.000000000000000000, 0.000000000000000000 ) ) ;
#2435 = CIRCLE ( 'NONE', #2856, 14.99999999999250022 ) ;
#2436 = CARTESIAN_POINT ( 'NONE',  ( 19.79191358490228225, 1.291312437726364726, 11.91682995217093755 ) ) ;
#2437 = EDGE_CURVE ( 'NONE', #4933, #2613, #1902, .T. ) ;
#2438 = EDGE_CURVE ( 'NONE', #1991, #3128, #2574, .T. ) ;
#2439 = EDGE_LOOP ( 'NONE', ( #4910, #1804, #2558, #3234 ) ) ;
#2440 = ADVANCED_FACE ( 'NONE', ( #3356 ), #2221, .T. ) ;
#2441 = DIRECTION ( 'NONE',  ( 0.000000000000000000, -0.3420201433256568890, -0.9396926207859127578 ) ) ;
#2442 = ORIENTED_EDGE ( 'NONE', *, *, #4927, .F. ) ;
#2443 = AXIS2_PLACEMENT_3D ( 'NONE', #1727, #3668, #1673 ) ;
#2444 = ORIENTED_EDGE ( 'NONE', *, *, #3752, .T. ) ;
#2445 = CARTESIAN_POINT ( 'NONE',  ( 20.00000000000000000, 1.265738570989248135, 11.55488130054892082 ) ) ;
#2446 = CARTESIAN_POINT ( 'NONE',  ( 1.611745430326188444, 13.54602848580194419, -3.342797103092461697 ) ) ;
#2447 = EDGE_LOOP ( 'NONE', ( #2253, #1230, #3077, #4431 ) ) ;
#2448 = DIRECTION ( 'NONE',  ( -1.000000000000000000, 0.000000000000000000, 0.000000000000000000 ) ) ;
#2449 = CARTESIAN_POINT ( 'NONE',  ( 5.000000000000000000, 7.000001873099980010, -1.843143693225354777E-15 ) ) ;
#2450 = CARTESIAN_POINT ( 'NONE',  ( -10.00000000000000000, 0.000000000000000000, 0.000000000000000000 ) ) ;
#2451 = B_SPLINE_CURVE_WITH_KNOTS ( 'NONE', 3,
 ( #815, #3934, #2414, #399 ),
 .UNSPECIFIED., .F., .F.,
 ( 4, 4 ),
 ( 2.320083877964201574E-07, 0.0004051849237831222652 ),
 .UNSPECIFIED. ) ;
#2452 = VERTEX_POINT ( 'NONE', #4595 ) ;
#2453 = ORIENTED_EDGE ( 'NONE', *, *, #1217, .T. ) ;
#2454 =( LENGTH_UNIT ( ) NAMED_UNIT ( * ) SI_UNIT ( .MILLI., .METRE. ) );
#2455 = B_SPLINE_CURVE_WITH_KNOTS ( 'NONE', 3,
 ( #2977, #4172, #207, #251, #642, #3025, #1776, #229 ),
 .UNSPECIFIED., .F., .F.,
 ( 4, 2, 2, 4 ),
 ( 2.341563919399825690E-07, 0.002114439161326852126, 0.003171541663794309827, 0.004228644166261768395 ),
 .UNSPECIFIED. ) ;
#2456 = DIRECTION ( 'NONE',  ( -1.000000000000000000, 0.000000000000000000, 0.000000000000000000 ) ) ;
#2457 = EDGE_LOOP ( 'NONE', ( #2561, #3944, #3779, #550, #4196, #4542 ) ) ;
#2458 = CYLINDRICAL_SURFACE ( 'NONE', #3182, 3.000000000000000000 ) ;
#2459 = CONICAL_SURFACE ( 'NONE', #3448, 11.69526278054659940, 0.9505468408120750778 ) ;
#2460 = CARTESIAN_POINT ( 'NONE',  ( 17.63947341468150043, 9.927532457519898657, 11.24473651557313758 ) ) ;
#2461 = ORIENTED_EDGE ( 'NONE', *, *, #215, .F. ) ;
#2462 = B_SPLINE_CURVE_WITH_KNOTS ( 'NONE', 3,
 ( #4411, #2348, #4332, #4688, #3898, #4380 ),
 .UNSPECIFIED., .F., .F.,
 ( 4, 2, 4 ),
 ( 2.487796782645918952E-07, 0.001320396727651188158, 0.002640544675624111656 ),
 .UNSPECIFIED. ) ;
#2463 = AXIS2_PLACEMENT_3D ( 'NONE', #1969, #3985, #421 ) ;
#2464 = FACE_OUTER_BOUND ( 'NONE', #3827, .T. ) ;
#2465 = CARTESIAN_POINT ( 'NONE',  ( 3.170007328614371243E-16, 0.000000000000000000, -8.592322081196679186E-33 ) ) ;
#2466 = DIRECTION ( 'NONE',  ( -1.000000000000000000, 0.000000000000000000, 0.000000000000000000 ) ) ;
#2467 = CARTESIAN_POINT ( 'NONE',  ( 1.414568197360983381, -7.969951945505133750, 11.11363519018055968 ) ) ;
#2468 = DIRECTION ( 'NONE',  ( -1.000000000000000000, 0.000000000000000000, -2.710505431213761085E-17 ) ) ;
#2469 = ORIENTED_EDGE ( 'NONE', *, *, #906, .T. ) ;
#2470 = LINE ( 'NONE', #1292, #4402 ) ;
#2471 = EDGE_CURVE ( 'NONE', #2619, #1956, #3233, .T. ) ;
#2472 = VERTEX_POINT ( 'NONE', #2244 ) ;
#2473 = DIRECTION ( 'NONE',  ( -1.000000000000000000, 0.000000000000000000, -2.710505431213761085E-17 ) ) ;
#2474 = DIRECTION ( 'NONE',  ( -1.000000000000000000, 0.000000000000000000, 0.000000000000000000 ) ) ;
#2475 = ORIENTED_EDGE ( 'NONE', *, *, #1083, .T. ) ;
#2476 = CARTESIAN_POINT ( 'NONE',  ( 0.4158924765898627807, 12.24956560762316116, 0.8282410750947346578 ) ) ;
#2477 = AXIS2_PLACEMENT_3D ( 'NONE', #4514, #4430, #983 ) ;
#2478 = DIRECTION ( 'NONE',  ( -1.000000000000000000, 0.000000000000000000, 0.000000000000000000 ) ) ;
#2479 = DIRECTION ( 'NONE',  ( 0.000000000000000000, 0.8660254037844390407, -0.4999999999999993894 ) ) ;
#2480 = B_SPLINE_CURVE_WITH_KNOTS ( 'NONE', 3,
 ( #4788, #4125, #3642, #4486, #1299, #4403, #593, #4432 ),
 .UNSPECIFIED., .F., .F.,
 ( 4, 2, 2, 4 ),
 ( 3.392033185191772898E-07, 0.002116429666262362088, 0.003174474897734282791, 0.004232520129206203061 ),
 .UNSPECIFIED. ) ;
#2481 = VERTEX_POINT ( 'NONE', #3762 ) ;
#2482 = VERTEX_POINT ( 'NONE', #221 ) ;
#2483 = AXIS2_PLACEMENT_3D ( 'NONE', #2385, #4263, #3577 ) ;
#2484 = DIRECTION ( 'NONE',  ( -2.710505431213761085E-17, 0.000000000000000000, -1.000000000000000000 ) ) ;
#2485 = DIRECTION ( 'NONE',  ( -1.000000000000000000, 0.000000000000000000, -2.710505431213761085E-17 ) ) ;
#2486 = ORIENTED_EDGE ( 'NONE', *, *, #450, .T. ) ;
#2487 = CARTESIAN_POINT ( 'NONE',  ( 18.38825446147738418, -0.9397692827734792642, 13.92070465647199384 ) ) ;
#2488 = CARTESIAN_POINT ( 'NONE',  ( 20.00000000000000000, 1.271141185984885569, 11.62597830684934230 ) ) ;
#2489 = ORIENTED_EDGE ( 'NONE', *, *, #2131, .F. ) ;
#2490 = CONICAL_SURFACE ( 'NONE', #2314, 11.69526278054659940, 0.9505468408120750778 ) ;
#2491 = CARTESIAN_POINT ( 'NONE',  ( 20.00000000000000000, -11.67008492344062986, -0.7670002514486461420 ) ) ;
#2492 = FACE_OUTER_BOUND ( 'NONE', #57, .T. ) ;
#2493 = DIRECTION ( 'NONE',  ( -1.000000000000000000, -0.000000000000000000, 2.710505431213761085E-17 ) ) ;
#2494 = LINE ( 'NONE', #1229, #4453 ) ;
#2495 = ORIENTED_EDGE ( 'NONE', *, *, #1529, .F. ) ;
#2496 = CYLINDRICAL_SURFACE ( 'NONE', #4650, 5.399999999997300293 ) ;
#2497 = DIRECTION ( 'NONE',  ( -1.000000000000000000, 0.000000000000000000, -2.710505431213761085E-17 ) ) ;
#2498 = ORIENTED_EDGE ( 'NONE', *, *, #3647, .T. ) ;
#2499 = CARTESIAN_POINT ( 'NONE',  ( 19.17957258895064498, -5.555350419330493672, 11.58190056492983366 ) ) ;
#2500 = AXIS2_PLACEMENT_3D ( 'NONE', #4694, #1122, #3090 ) ;
#2501 = CARTESIAN_POINT ( 'NONE',  ( 1.994063539721625311, 14.13044104436362325, -3.197104269580486768 ) ) ;
#2502 = ORIENTED_EDGE ( 'NONE', *, *, #4827, .T. ) ;
#2503 = EDGE_CURVE ( 'NONE', #4662, #1890, #1661, .T. ) ;
#2504 = B_SPLINE_CURVE_WITH_KNOTS ( 'NONE', 3,
 ( #904, #184, #161, #1327, #877, #4458, #2927, #4842 ),
 .UNSPECIFIED., .F., .F.,
 ( 4, 2, 2, 4 ),
 ( 3.392033185229940732E-07, 0.002116429559175605525, 0.003174474737104146863, 0.004232519915032688200 ),
 .UNSPECIFIED. ) ;
#2505 = DIRECTION ( 'NONE',  ( 0.000000000000000000, 0.000000000000000000, 1.000000000000000000 ) ) ;
#2506 = CARTESIAN_POINT ( 'NONE',  ( 18.00593653307586806, -12.18479699952742124, -7.837190756001336744 ) ) ;
#2507 = CARTESIAN_POINT ( 'NONE',  ( 3.266627004704098609E-17, -5.170800759256705348, -10.49009013374570110 ) ) ;
#2508 = ADVANCED_FACE ( 'NONE', ( #1408, #283 ), #4545, .T. ) ;
#2509 = ORIENTED_EDGE ( 'NONE', *, *, #1080, .T. ) ;
#2510 = ORIENTED_EDGE ( 'NONE', *, *, #2219, .F. ) ;
#2511 = ORIENTED_EDGE ( 'NONE', *, *, #3232, .T. ) ;
#2512 = EDGE_CURVE ( 'NONE', #4754, #1801, #1166, .T. ) ;
#2513 = EDGE_CURVE ( 'NONE', #1890, #4596, #4283, .T. ) ;
#2514 = CARTESIAN_POINT ( 'NONE',  ( 2.360526585318500903, 4.774461252588839244, 14.21986356289338005 ) ) ;
#2515 = ADVANCED_FACE ( 'NONE', ( #2738 ), #2490, .T. ) ;
#2516 = CARTESIAN_POINT ( 'NONE',  ( 0.8242228309004775433, -10.45942829036226307, -7.463564743747468810 ) ) ;
#2517 = VERTEX_POINT ( 'NONE', #4616 ) ;
#2518 = EDGE_CURVE ( 'NONE', #1086, #1890, #1260, .T. ) ;
#2519 = CARTESIAN_POINT ( 'NONE',  ( 3.170007328614371243E-16, 0.000000000000000000, -8.592322081196679186E-33 ) ) ;
#2520 = AXIS2_PLACEMENT_3D ( 'NONE', #1578, #2403, #784 ) ;
#2521 = DIRECTION ( 'NONE',  ( 0.000000000000000000, 0.000000000000000000, -1.000000000000000000 ) ) ;
#2522 = EDGE_LOOP ( 'NONE', ( #59, #3407, #1303, #4451 ) ) ;
#2523 = VECTOR ( 'NONE', #757, 1000.000000000000000 ) ;
#2524 = AXIS2_PLACEMENT_3D ( 'NONE', #1331, #2038, #108 ) ;
#2525 = CARTESIAN_POINT ( 'NONE',  ( 18.37834291866248648, 13.55556300325423180, -3.364855623298922627 ) ) ;
#2526 = CARTESIAN_POINT ( 'NONE',  ( 0.4158923933377582371, -6.842060546685432065, 10.19431436965011173 ) ) ;
#2527 = CIRCLE ( 'NONE', #4570, 11.69526278054659940 ) ;
#2528 = CARTESIAN_POINT ( 'NONE',  ( 17.63947341468150043, 0.3769537665661793491, 14.99526278054661610 ) ) ;
#2529 = EDGE_LOOP ( 'NONE', ( #3845, #2297, #3515, #554, #4813, #2239 ) ) ;
#2530 = CIRCLE ( 'NONE', #289, 3.000000000000000000 ) ;
#2531 = FACE_OUTER_BOUND ( 'NONE', #2397, .T. ) ;
#2532 = CARTESIAN_POINT ( 'NONE',  ( 20.00000000000000000, 8.446785448070757596, -8.088942273270262717 ) ) ;
#2533 = CARTESIAN_POINT ( 'NONE',  ( 0.2080864203972457860, -2.862359121419184582, -11.63981204138129755 ) ) ;
#2534 = CARTESIAN_POINT ( 'NONE',  ( 2.360526585318500903, -9.350005781138150951, -11.72933893672009908 ) ) ;
#2535 = VERTEX_POINT ( 'NONE', #1186 ) ;
#2536 = CYLINDRICAL_SURFACE ( 'NONE', #782, 5.399999999997300293 ) ;
#2537 = CARTESIAN_POINT ( 'NONE',  ( 17.84642315377236699, -12.44990391086185966, 7.835301323466036472 ) ) ;
#2538 = CYLINDRICAL_SURFACE ( 'NONE', #1851, 14.99999999999250022 ) ;
#2539 = ORIENTED_EDGE ( 'NONE', *, *, #2541, .F. ) ;
#2540 = ORIENTED_EDGE ( 'NONE', *, *, #1319, .F. ) ;
#2541 = EDGE_CURVE ( 'NONE', #2121, #752, #1250, .T. ) ;
#2542 = CARTESIAN_POINT ( 'NONE',  ( 2.179779602923968440, -14.60918577598492440, -2.018924906908841521 ) ) ;
#2543 = CARTESIAN_POINT ( 'NONE',  ( 20.00000000000000000, -8.333984767424828632, 9.564282399747160213 ) ) ;
#2544 = CARTESIAN_POINT ( 'NONE',  ( 20.00000000000000000, -7.971798191702021086, 9.868193021853530311 ) ) ;
#2545 = EDGE_CURVE ( 'NONE', #1490, #2472, #1575, .T. ) ;
#2546 = DIRECTION ( 'NONE',  ( 0.000000000000000000, 0.000000000000000000, 1.000000000000000000 ) ) ;
#2547 = VERTEX_POINT ( 'NONE', #3108 ) ;
#2548 = ADVANCED_FACE ( 'NONE', ( #2271 ), #2075, .T. ) ;
#2549 = CARTESIAN_POINT ( 'NONE',  ( 20.00000000000000000, 11.22862222243335317, -3.270659641710590204 ) ) ;
#2550 = LINE ( 'NONE', #4477, #2686 ) ;
#2551 = VECTOR ( 'NONE', #3567, 1000.000000000000000 ) ;
#2552 = EDGE_LOOP ( 'NONE', ( #4291, #1295, #886, #1075, #4248, #4791 ) ) ;
#2553 = DIRECTION ( 'NONE',  ( -1.000000000000000000, 0.000000000000000000, -2.710505431213761085E-17 ) ) ;
#2554 = CARTESIAN_POINT ( 'NONE',  ( 0.000000000000000000, -7.000001873099980010, 1.750000000000000000 ) ) ;
#2555 = VERTEX_POINT ( 'NONE', #3943 ) ;
#2556 = DIRECTION ( 'NONE',  ( -1.000000000000000000, 0.000000000000000000, 0.000000000000000000 ) ) ;
#2557 = DIRECTION ( 'NONE',  ( 0.000000000000000000, 0.000000000000000000, 1.000000000000000000 ) ) ;
#2558 = ORIENTED_EDGE ( 'NONE', *, *, #3013, .F. ) ;
#2559 = LINE ( 'NONE', #546, #1939 ) ;
#2560 = CARTESIAN_POINT ( 'NONE',  ( 1.296010030050985338E-16, -9.432821964585803798, -6.913829712284369045 ) ) ;
#2561 = ORIENTED_EDGE ( 'NONE', *, *, #939, .T. ) ;
#2562 = ORIENTED_EDGE ( 'NONE', *, *, #3772, .F. ) ;
#2563 = DIRECTION ( 'NONE',  ( 1.000000000000000000, 0.000000000000000000, 0.000000000000000000 ) ) ;
#2564 = CARTESIAN_POINT ( 'NONE',  ( 2.360526585318500903, -12.79780162109346087, -7.824082928171990581 ) ) ;
#2565 = CARTESIAN_POINT ( 'NONE',  ( 0.7435095585776163585, -10.34201814873253333, 7.434970009141295577 ) ) ;
#2566 = DIRECTION ( 'NONE',  ( 0.000000000000000000, 0.000000000000000000, 1.000000000000000000 ) ) ;
#2567 = EDGE_CURVE ( 'NONE', #4155, #517, #101, .T. ) ;
#2568 = CIRCLE ( 'NONE', #2915, 1.749999999999999778 ) ;
#2569 = AXIS2_PLACEMENT_3D ( 'NONE', #411, #4687, #494 ) ;
#2570 = EDGE_CURVE ( 'NONE', #4899, #1086, #3539, .T. ) ;
#2571 = CARTESIAN_POINT ( 'NONE',  ( 2.360526585318500903, -4.774461252588739768, -14.21986356289340137 ) ) ;
#2572 = CARTESIAN_POINT ( 'NONE',  ( 18.37834312899997258, -9.691831829852560531, -10.05703381868870494 ) ) ;
#2573 = DIRECTION ( 'NONE',  ( -1.000000000000000000, 0.000000000000000000, 0.000000000000000000 ) ) ;
#2574 = CIRCLE ( 'NONE', #755, 5.399999999997301181 ) ;
#2575 = ORIENTED_EDGE ( 'NONE', *, *, #1749, .T. ) ;
#2576 = EDGE_CURVE ( 'NONE', #245, #2942, #1825, .T. ) ;
#2577 = CARTESIAN_POINT ( 'NONE',  ( 20.00000000000000000, 0.2364004980235605013, -12.68364753256399879 ) ) ;
#2578 = DIRECTION ( 'NONE',  ( 0.000000000000000000, 0.000000000000000000, -1.000000000000000000 ) ) ;
#2579 = FACE_OUTER_BOUND ( 'NONE', #1650, .T. ) ;
#2580 = LINE ( 'NONE', #2978, #2224 ) ;
#2581 = VERTEX_POINT ( 'NONE', #1931 ) ;
#2582 = CYLINDRICAL_SURFACE ( 'NONE', #282, 11.62399999999419897 ) ;
#2583 = DIRECTION ( 'NONE',  ( 0.000000000000000000, 0.000000000000000000, -1.000000000000000000 ) ) ;
#2584 = CIRCLE ( 'NONE', #1178, 5.399999999997299405 ) ;
#2585 = ORIENTED_EDGE ( 'NONE', *, *, #3446, .F. ) ;
#2586 = ORIENTED_EDGE ( 'NONE', *, *, #1492, .F. ) ;
#2587 = CIRCLE ( 'NONE', #4384, 11.62399999999419897 ) ;
#2588 = CARTESIAN_POINT ( 'NONE',  ( 20.00000000000000000, 0.000000000000000000, -8.592322081196679186E-33 ) ) ;
#2589 = DIRECTION ( 'NONE',  ( -1.000000000000000000, -0.000000000000000000, 2.710505431213761085E-17 ) ) ;
#2590 = DIRECTION ( 'NONE',  ( 0.000000000000000000, 1.000000000000000000, 0.000000000000000000 ) ) ;
#2591 = ORIENTED_EDGE ( 'NONE', *, *, #649, .F. ) ;
#2592 = CARTESIAN_POINT ( 'NONE',  ( 19.25649044142237187, 10.34201814873250136, 7.434970009141366631 ) ) ;
#2593 = VECTOR ( 'NONE', #1912, 1000.000000000000000 ) ;
#2594 = CIRCLE ( 'NONE', #360, 5.399999999997300293 ) ;
#2595 = EDGE_LOOP ( 'NONE', ( #3997, #2651, #4443, #3290 ) ) ;
#2596 = EDGE_CURVE ( 'NONE', #3206, #3974, #262, .T. ) ;
#2597 = CYLINDRICAL_SURFACE ( 'NONE', #3680, 1.750000000000000000 ) ;
#2598 = AXIS2_PLACEMENT_3D ( 'NONE', #1022, #3284, #4166 ) ;
#2599 = FACE_BOUND ( 'NONE', #3171, .T. ) ;
#2600 = ORIENTED_EDGE ( 'NONE', *, *, #2606, .F. ) ;
#2601 = EDGE_CURVE ( 'NONE', #4175, #2639, #594, .T. ) ;
#2602 = ADVANCED_FACE ( 'NONE', ( #2295 ), #1525, .T. ) ;
#2603 = DIRECTION ( 'NONE',  ( -1.000000000000000000, 0.000000000000000000, 0.000000000000000000 ) ) ;
#2604 = CARTESIAN_POINT ( 'NONE',  ( 20.00000000000000000, -2.762596963521990023, -11.29094477964549981 ) ) ;
#2605 = ORIENTED_EDGE ( 'NONE', *, *, #2897, .T. ) ;
#2606 = EDGE_CURVE ( 'NONE', #517, #969, #3176, .T. ) ;
#2607 = AXIS2_PLACEMENT_3D ( 'NONE', #4214, #4954, #1124 ) ;
#2608 = VERTEX_POINT ( 'NONE', #4247 ) ;
#2609 = LINE ( 'NONE', #2929, #1521 ) ;
#2610 = ORIENTED_EDGE ( 'NONE', *, *, #1965, .T. ) ;
#2611 = B_SPLINE_CURVE_WITH_KNOTS ( 'NONE', 3,
 ( #4957, #2189, #4603, #2258, #4555, #1485, #1778, #4535 ),
 .UNSPECIFIED., .F., .F.,
 ( 4, 2, 2, 4 ),
 ( 3.392033185209069840E-07, 0.002116429574872377966, 0.003174474760649309644, 0.004232519946426241755 ),
 .UNSPECIFIED. ) ;
#2612 = EDGE_LOOP ( 'NONE', ( #2700, #2031 ) ) ;
#2613 = VERTEX_POINT ( 'NONE', #3869 ) ;
#2614 = DIRECTION ( 'NONE',  ( -1.000000000000000000, 0.000000000000000000, -2.710505431213761085E-17 ) ) ;
#2615 = DIRECTION ( 'NONE',  ( -1.000000000000000000, -0.000000000000000000, 2.710505431213761085E-17 ) ) ;
#2616 = PLANE ( 'NONE',  #2329 ) ;
#2617 = AXIS2_PLACEMENT_3D ( 'NONE', #4866, #1353, #183 ) ;
#2618 = CARTESIAN_POINT ( 'NONE',  ( 2.360526585318500903, 14.83290837936661966, -2.232673063637094835 ) ) ;
#2619 = VERTEX_POINT ( 'NONE', #331 ) ;
#2620 = DIRECTION ( 'NONE',  ( 1.000000000000000000, 0.000000000000000000, 0.000000000000000000 ) ) ;
#2621 = CARTESIAN_POINT ( 'NONE',  ( 1.994063470162324325, -9.833994013695104286, -10.63876866632683793 ) ) ;
#2622 = ORIENTED_EDGE ( 'NONE', *, *, #3236, .F. ) ;
#2623 = CARTESIAN_POINT ( 'NONE',  ( 0.8204274170493752738, 7.252544909737793866, -10.60202487860369303 ) ) ;
#2624 = VECTOR ( 'NONE', #1411, 1000.000000000000000 ) ;
#2625 = CARTESIAN_POINT ( 'NONE',  ( 19.79191360838866132, 5.289232643722435512, 10.75650227411660609 ) ) ;
#2626 = CARTESIAN_POINT ( 'NONE',  ( 20.00000000000000000, -11.59912988617140073, 0.7599749230010899304 ) ) ;
#2627 = DIRECTION ( 'NONE',  ( 0.000000000000000000, 0.000000000000000000, 1.000000000000000000 ) ) ;
#2628 = VERTEX_POINT ( 'NONE', #3492 ) ;
#2629 = ORIENTED_EDGE ( 'NONE', *, *, #4169, .F. ) ;
#2630 = AXIS2_PLACEMENT_3D ( 'NONE', #22, #4305, #864 ) ;
#2631 = CARTESIAN_POINT ( 'NONE',  ( 0.8204274000502530528, 9.181565077091526916, 8.983384736008208193 ) ) ;
#2632 = ORIENTED_EDGE ( 'NONE', *, *, #3512, .F. ) ;
#2633 = ADVANCED_FACE ( 'NONE', ( #4685 ), #1162, .T. ) ;
#2634 = EDGE_CURVE ( 'NONE', #2043, #53, #1068, .T. ) ;
#2635 = ORIENTED_EDGE ( 'NONE', *, *, #1286, .T. ) ;
#2636 = EDGE_LOOP ( 'NONE', ( #2343, #3894, #4765, #1047 ) ) ;
#2637 = CARTESIAN_POINT ( 'NONE',  ( 0.000000000000000000, 0.2364004980233835040, 12.68364753256399879 ) ) ;
#2638 = DIRECTION ( 'NONE',  ( -1.000000000000000000, 0.000000000000000000, 0.000000000000000000 ) ) ;
#2639 = VERTEX_POINT ( 'NONE', #2005 ) ;
#2640 = DIRECTION ( 'NONE',  ( 1.000000000000000000, 0.000000000000000000, 0.000000000000000000 ) ) ;
#2641 = AXIS2_PLACEMENT_3D ( 'NONE', #1871, #1463, #2999 ) ;
#2642 = DIRECTION ( 'NONE',  ( -2.891205793296123914E-17, 0.000000000000000000, -1.000000000000000000 ) ) ;
#2643 = AXIS2_PLACEMENT_3D ( 'NONE', #4069, #535, #2108 ) ;
#2644 = AXIS2_PLACEMENT_3D ( 'NONE', #436, #855, #1601 ) ;
#2645 = CARTESIAN_POINT ( 'NONE',  ( 19.17577717085013589, 9.166437085429434362, 9.004491653679520979 ) ) ;
#2646 = AXIS2_PLACEMENT_3D ( 'NONE', #1279, #4415, #4035 ) ;
#2647 = DIRECTION ( 'NONE',  ( 0.000000000000000000, 0.000000000000000000, 1.000000000000000000 ) ) ;
#2648 = CARTESIAN_POINT ( 'NONE',  ( 20.00000000000000000, -8.446785448070588842, -8.088942273270435024 ) ) ;
#2649 = CYLINDRICAL_SURFACE ( 'NONE', #250, 14.99999999999250022 ) ;
#2650 = ORIENTED_EDGE ( 'NONE', *, *, #4318, .T. ) ;
#2651 = ORIENTED_EDGE ( 'NONE', *, *, #552, .F. ) ;
#2652 = CARTESIAN_POINT ( 'NONE',  ( 20.00000000000000000, -10.86616072683646017, -6.546552603037669726 ) ) ;
#2653 = VERTEX_POINT ( 'NONE', #873 ) ;
#2654 = CYLINDRICAL_SURFACE ( 'NONE', #3285, 14.99999999999250022 ) ;
#2655 = ORIENTED_EDGE ( 'NONE', *, *, #4498, .F. ) ;
#2656 = DIRECTION ( 'NONE',  ( -1.000000000000000000, 0.000000000000000000, 0.000000000000000000 ) ) ;
#2657 = DIRECTION ( 'NONE',  ( -1.000000000000000000, 0.000000000000000000, 0.000000000000000000 ) ) ;
#2658 = EDGE_CURVE ( 'NONE', #2535, #2338, #2368, .T. ) ;
#2659 = CARTESIAN_POINT ( 'NONE',  ( 17.82022054364104591, -14.41865682565472895, -3.099467076856144310 ) ) ;
#2660 = ORIENTED_EDGE ( 'NONE', *, *, #385, .F. ) ;
#2661 = ADVANCED_FACE ( 'NONE', ( #3585 ), #3616, .T. ) ;
#2662 = ADVANCED_FACE ( 'NONE', ( #4397 ), #1618, .F. ) ;
#2663 = DIRECTION ( 'NONE',  ( 0.000000000000000000, 0.000000000000000000, -1.000000000000000000 ) ) ;
#2664 = AXIS2_PLACEMENT_3D ( 'NONE', #964, #1330, #4490 ) ;
#2665 = ADVANCED_FACE ( 'NONE', ( #1978 ), #485, .T. ) ;
#2666 = CARTESIAN_POINT ( 'NONE',  ( 2.179779413057794990, -9.893545631435975096, -10.93718948736067986 ) ) ;
#2667 = ORIENTED_EDGE ( 'NONE', *, *, #111, .T. ) ;
#2668 = CARTESIAN_POINT ( 'NONE',  ( 20.00000000000000000, 0.000000000000000000, -8.592322081196679186E-33 ) ) ;
#2669 = FACE_OUTER_BOUND ( 'NONE', #1922, .T. ) ;
#2670 = LINE ( 'NONE', #4237, #4506 ) ;
#2671 = AXIS2_PLACEMENT_3D ( 'NONE', #3640, #1644, #4892 ) ;
#2672 = AXIS2_PLACEMENT_3D ( 'NONE', #1227, #1996, #1941 ) ;
#2673 = CIRCLE ( 'NONE', #3262, 5.399999999997299405 ) ;
#2674 = FACE_OUTER_BOUND ( 'NONE', #1946, .T. ) ;
#2675 = CARTESIAN_POINT ( 'NONE',  ( 0.000000000000000000, 7.000001873099980010, -1.843143693225354777E-15 ) ) ;
#2676 = ORIENTED_EDGE ( 'NONE', *, *, #2716, .F. ) ;
#2677 = VERTEX_POINT ( 'NONE', #3558 ) ;
#2678 = AXIS2_PLACEMENT_3D ( 'NONE', #1433, #3116, #2697 ) ;
#2679 = DIRECTION ( 'NONE',  ( -1.000000000000000000, 0.000000000000000000, 0.000000000000000000 ) ) ;
#2680 = ORIENTED_EDGE ( 'NONE', *, *, #4178, .T. ) ;
#2681 = AXIS2_PLACEMENT_3D ( 'NONE', #4747, #1664, #3929 ) ;
#2682 = CARTESIAN_POINT ( 'NONE',  ( 0.000000000000000000, 0.2738250307120564941, 6.994644099306220220 ) ) ;
#2683 = B_SPLINE_CURVE_WITH_KNOTS ( 'NONE', 3,
 ( #922, #4883, #2944, #4507 ),
 .UNSPECIFIED., .F., .F.,
 ( 4, 4 ),
 ( 3.425685603624516389E-07, 0.001607685573793944840 ),
 .UNSPECIFIED. ) ;
#2684 = ORIENTED_EDGE ( 'NONE', *, *, #2437, .T. ) ;
#2685 = FACE_OUTER_BOUND ( 'NONE', #4124, .T. ) ;
#2686 = VECTOR ( 'NONE', #2573, 1000.000000000000000 ) ;
#2687 = DIRECTION ( 'NONE',  ( 0.000000000000000000, 0.000000000000000000, -1.000000000000000000 ) ) ;
#2688 = CARTESIAN_POINT ( 'NONE',  ( 18.58543176208539549, -13.24904445919199603, -3.390552112317332778 ) ) ;
#2689 = ORIENTED_EDGE ( 'NONE', *, *, #2989, .T. ) ;
#2690 = ORIENTED_EDGE ( 'NONE', *, *, #3491, .F. ) ;
#2691 = DIRECTION ( 'NONE',  ( -1.000000000000000000, 0.000000000000000000, 0.000000000000000000 ) ) ;
#2692 = EDGE_CURVE ( 'NONE', #2039, #3464, #4345, .T. ) ;
#2693 = FACE_OUTER_BOUND ( 'NONE', #1512, .T. ) ;
#2694 = LINE ( 'NONE', #337, #2593 ) ;
#2695 = ADVANCED_FACE ( 'NONE', ( #4072 ), #2459, .T. ) ;
#2696 = FACE_OUTER_BOUND ( 'NONE', #2988, .T. ) ;
#2697 = DIRECTION ( 'NONE',  ( 0.000000000000000000, 1.000000000000000000, 0.000000000000000000 ) ) ;
#2698 = B_SPLINE_CURVE_WITH_KNOTS ( 'NONE', 3,
 ( #3238, #4500, #972, #3709, #913, #1761 ),
 .UNSPECIFIED., .F., .F.,
 ( 4, 2, 4 ),
 ( 2.391874952793532447E-07, 0.001320387135468203401, 0.002640535083441127549 ),
 .UNSPECIFIED. ) ;
#2699 = CARTESIAN_POINT ( 'NONE',  ( 20.00000000000000000, 10.86616072683650103, 6.546552603037589790 ) ) ;
#2700 = ORIENTED_EDGE ( 'NONE', *, *, #1841, .F. ) ;
#2701 = ORIENTED_EDGE ( 'NONE', *, *, #2096, .F. ) ;
#2702 = DIRECTION ( 'NONE',  ( -1.000000000000000000, 0.000000000000000000, 0.000000000000000000 ) ) ;
#2703 = AXIS2_PLACEMENT_3D ( 'NONE', #4455, #2497, #182 ) ;
#2704 = ORIENTED_EDGE ( 'NONE', *, *, #999, .F. ) ;
#2705 = VERTEX_POINT ( 'NONE', #1397 ) ;
#2706 = CARTESIAN_POINT ( 'NONE',  ( 5.000000000000000000, -0.2738250307121675164, -6.994644099306180252 ) ) ;
#2707 = VERTEX_POINT ( 'NONE', #589 ) ;
#2708 = DIRECTION ( 'NONE',  ( 0.000000000000000000, 0.000000000000000000, -1.000000000000000000 ) ) ;
#2709 = CARTESIAN_POINT ( 'NONE',  ( 1.998619330911954650, 8.755381463219420013, 11.55538953143855352 ) ) ;
#2710 = VERTEX_POINT ( 'NONE', #3339 ) ;
#2711 = VERTEX_POINT ( 'NONE', #2554 ) ;
#2712 = CARTESIAN_POINT ( 'NONE',  ( 20.00000000000000000, 8.396946530139208775, 8.037951540650638549 ) ) ;
#2713 = CARTESIAN_POINT ( 'NONE',  ( 20.00000000000000000, 1.271141185985041444, -11.62597830684932454 ) ) ;
#2714 = DIRECTION ( 'NONE',  ( 1.000000000000000000, 0.000000000000000000, -2.710505431213761085E-17 ) ) ;
#2715 = ORIENTED_EDGE ( 'NONE', *, *, #862, .F. ) ;
#2716 = EDGE_CURVE ( 'NONE', #1594, #1475, #92, .T. ) ;
#2717 = CARTESIAN_POINT ( 'NONE',  ( 0.4144469643773064371, -11.21630485865651394, 4.988513930199783175 ) ) ;
#2718 = CARTESIAN_POINT ( 'NONE',  ( 0.4158923933377570714, 6.842060546685511113, -10.19431436965005844 ) ) ;
#2720 = EDGE_CURVE ( 'NONE', #4933, #1381, #4096, .T. ) ;
#2719 = CARTESIAN_POINT ( 'NONE',  ( 3.170007328614371243E-16, 0.000000000000000000, -8.592322081196679186E-33 ) ) ;
#2721 = CARTESIAN_POINT ( 'NONE',  ( 1.028068168472910937, -13.08820221713378196, 1.106839066262228277 ) ) ;
#2722 = VECTOR ( 'NONE', #5051, 1000.000000000000000 ) ;
#2723 = CARTESIAN_POINT ( 'NONE',  ( 20.00000000000000000, 1.265738570989400014, -11.55488130054889950 ) ) ;
#2724 = DIRECTION ( 'NONE',  ( 0.000000000000000000, 0.000000000000000000, -1.000000000000000000 ) ) ;
#2725 = ORIENTED_EDGE ( 'NONE', *, *, #942, .F. ) ;
#2726 = EDGE_CURVE ( 'NONE', #3797, #245, #1004, .T. ) ;
#2727 = EDGE_CURVE ( 'NONE', #3972, #4099, #2045, .T. ) ;
#2728 = VERTEX_POINT ( 'NONE', #981 ) ;
#2729 = EDGE_CURVE ( 'NONE', #2838, #1429, #3770, .T. ) ;
#2730 = AXIS2_PLACEMENT_3D ( 'NONE', #1552, #3948, #780 ) ;
#2731 = CARTESIAN_POINT ( 'NONE',  ( 19.58555303562269856, 11.21630485865648197, 4.988513930199855118 ) ) ;
#2732 = VERTEX_POINT ( 'NONE', #227 ) ;
#2733 = DIRECTION ( 'NONE',  ( -1.000000000000000000, 0.000000000000000000, 0.000000000000000000 ) ) ;
#2734 = VERTEX_POINT ( 'NONE', #2113 ) ;
#2735 = CARTESIAN_POINT ( 'NONE',  ( 17.63947341468150043, -9.350005781138321481, 11.72933893671996231 ) ) ;
#2736 = SHAPE_DEFINITION_REPRESENTATION ( #680, #3909 ) ;
#2737 = AXIS2_PLACEMENT_3D ( 'NONE', #2035, #3227, #4867 ) ;
#2738 = FACE_OUTER_BOUND ( 'NONE', #4657, .T. ) ;
#2739 = ORIENTED_EDGE ( 'NONE', *, *, #2785, .F. ) ;
#2740 = EDGE_LOOP ( 'NONE', ( #4131, #1290, #748, #1276, #3438, #509 ) ) ;
#2741 = CARTESIAN_POINT ( 'NONE',  ( 20.00000000000000000, 11.67008492344063342, 0.7670002514485749767 ) ) ;
#2742 = DIRECTION ( 'NONE',  ( 0.000000000000000000, -0.8660254037844432595, 0.4999999999999921174 ) ) ;
#2743 = DIRECTION ( 'NONE',  ( 0.000000000000000000, 0.000000000000000000, -1.000000000000000000 ) ) ;
#2744 = CARTESIAN_POINT ( 'NONE',  ( -10.00000000000000000, 0.000000000000000000, 14.99999999999250022 ) ) ;
#2745 = DIRECTION ( 'NONE',  ( 0.000000000000000000, -7.067391939168302660E-15, 1.000000000000000000 ) ) ;
#2746 = CIRCLE ( 'NONE', #4549, 5.399999999997301181 ) ;
#2747 = CARTESIAN_POINT ( 'NONE',  ( 20.00000000000000000, 7.971798191701960690, 9.868193021853580049 ) ) ;
#2748 = AXIS2_PLACEMENT_3D ( 'NONE', #1198, #3550, #808 ) ;
#2749 = DIRECTION ( 'NONE',  ( -1.000000000000000000, 0.000000000000000000, 0.000000000000000000 ) ) ;
#2750 = DIRECTION ( 'NONE',  ( 0.000000000000000000, 0.000000000000000000, -1.000000000000000000 ) ) ;
#2751 = LINE ( 'NONE', #1340, #1893 ) ;
#2752 = CIRCLE ( 'NONE', #3496, 14.99999999999250022 ) ;
#2753 = LINE ( 'NONE', #1972, #1339 ) ;
#2754 = ORIENTED_EDGE ( 'NONE', *, *, #1615, .F. ) ;
#2755 = ADVANCED_FACE ( 'NONE', ( #614, #2895, #1352, #2599, #2997, #2923 ), #4147, .F. ) ;
#2756 = B_SPLINE_CURVE_WITH_KNOTS ( 'NONE', 3,
 ( #2119, #3702, #3319, #5001, #3076, #2731, #3052, #700 ),
 .UNSPECIFIED., .F., .F.,
 ( 4, 2, 2, 4 ),
 ( 2.537785526923170077E-07, 0.002114458850050219500, 0.003171561385798985465, 0.004228663921547751864 ),
 .UNSPECIFIED. ) ;
#2757 = CARTESIAN_POINT ( 'NONE',  ( 5.000000000000000000, -7.000001873099980010, -1.844327237370754842E-15 ) ) ;
#2758 = EDGE_CURVE ( 'NONE', #496, #1026, #4598, .T. ) ;
#2759 = EDGE_CURVE ( 'NONE', #3010, #4740, #4935, .T. ) ;
#2760 = EDGE_CURVE ( 'NONE', #3688, #699, #1797, .T. ) ;
#2761 = CARTESIAN_POINT ( 'NONE',  ( 20.00000000000000000, 8.333984767424899687, -9.564282399747099817 ) ) ;
#2762 = CARTESIAN_POINT ( 'NONE',  ( 0.8204275114803579738, -3.189056922126030535, 12.44316111581419193 ) ) ;
#2763 = ORIENTED_EDGE ( 'NONE', *, *, #3376, .T. ) ;
#2764 = AXIS2_PLACEMENT_3D ( 'NONE', #2799, #3626, #2745 ) ;
#2765 = AXIS2_PLACEMENT_3D ( 'NONE', #4632, #1101, #323 ) ;
#2766 = DIRECTION ( 'NONE',  ( -1.000000000000000000, 0.000000000000000000, -2.710505431213761085E-17 ) ) ;
#2767 = AXIS2_PLACEMENT_3D ( 'NONE', #3091, #1094, #4213 ) ;
#2768 = DIRECTION ( 'NONE',  ( 2.710505431213761085E-17, 0.000000000000000000, 1.000000000000000000 ) ) ;
#2769 = ORIENTED_EDGE ( 'NONE', *, *, #2857, .T. ) ;
#2770 = CARTESIAN_POINT ( 'NONE',  ( 10.00000000000000000, 9.927532457519900433, 11.24473651557313936 ) ) ;
#2771 = ORIENTED_EDGE ( 'NONE', *, *, #3114, .T. ) ;
#2772 = AXIS2_PLACEMENT_3D ( 'NONE', #2719, #4011, #422 ) ;
#2773 = CARTESIAN_POINT ( 'NONE',  ( 18.38825463152585016, 5.644255666766710533, -12.75976315463450916 ) ) ;
#2774 = DIRECTION ( 'NONE',  ( 0.000000000000000000, 0.3420201433256628842, 0.9396926207859105373 ) ) ;
#2775 = CARTESIAN_POINT ( 'NONE',  ( 17.84642315377233501, 12.44990391086186143, 7.835301323466116408 ) ) ;
#2776 = CARTESIAN_POINT ( 'NONE',  ( 2.360526585318501347, 12.79780162109362607, -7.824082928171733897 ) ) ;
#2777 = DIRECTION ( 'NONE',  ( 1.000000000000000000, 0.000000000000000000, -2.710505431213761085E-17 ) ) ;
#2778 = CARTESIAN_POINT ( 'NONE',  ( 0.4144469564181065824, 8.833706653422193966, -8.523871913799149880 ) ) ;
#2779 = CARTESIAN_POINT ( 'NONE',  ( 1.998619305552745473, 5.629570163518105019, -13.36007749051245241 ) ) ;
#2780 = DIRECTION ( 'NONE',  ( -1.000000000000000000, 0.000000000000000000, 0.000000000000000000 ) ) ;
#2781 = VECTOR ( 'NONE', #779, 1000.000000000000000 ) ;
#2782 = EDGE_LOOP ( 'NONE', ( #536, #4082, #3933, #1115 ) ) ;
#2783 = LINE ( 'NONE', #4344, #3838 ) ;
#2784 = ORIENTED_EDGE ( 'NONE', *, *, #2373, .T. ) ;
#2785 = EDGE_CURVE ( 'NONE', #1475, #4611, #3784, .T. ) ;
#2786 = CARTESIAN_POINT ( 'NONE',  ( 20.00000000000000000, 5.141407353527680080, -10.42512860472023917 ) ) ;
#2787 = CARTESIAN_POINT ( 'NONE',  ( 6.249033597312618558E-16, -2.781836774362690168, 11.35960191498108607 ) ) ;
#2788 = ORIENTED_EDGE ( 'NONE', *, *, #3808, .F. ) ;
#2789 = ADVANCED_FACE ( 'NONE', ( #3364 ), #666, .T. ) ;
#2790 = CARTESIAN_POINT ( 'NONE',  ( 20.00000000000000000, 0.000000000000000000, -8.592322081196679186E-33 ) ) ;
#2791 = PRODUCT_CONTEXT ( 'NONE', #4763, 'mechanical' ) ;
#2792 = VECTOR ( 'NONE', #4863, 1000.000000000000000 ) ;
#2793 = ORIENTED_EDGE ( 'NONE', *, *, #3942, .T. ) ;
#2794 = VERTEX_POINT ( 'NONE', #1125 ) ;
#2795 = FACE_OUTER_BOUND ( 'NONE', #3794, .T. ) ;
#2796 = CARTESIAN_POINT ( 'NONE',  ( 17.63947341468150043, -14.83290837936663031, 2.232673063636991362 ) ) ;
#2797 = EDGE_CURVE ( 'NONE', #3213, #310, #1015, .T. ) ;
#2798 = DIRECTION ( 'NONE',  ( -1.000000000000000000, -0.000000000000000000, 2.710505431213761085E-17 ) ) ;
#2799 = CARTESIAN_POINT ( 'NONE',  ( 20.00000000000000000, -11.10256122485997921, 6.137094929526350384 ) ) ;
#2800 = CARTESIAN_POINT ( 'NONE',  ( 3.170007328614371243E-16, 0.000000000000000000, -8.592322081196679186E-33 ) ) ;
#2801 = CARTESIAN_POINT ( 'NONE',  ( 17.63947341468150043, -14.83290837936660367, -2.232673063637195643 ) ) ;
#2802 = DIRECTION ( 'NONE',  ( -1.000000000000000000, 0.000000000000000000, 0.000000000000000000 ) ) ;
#2803 = CYLINDRICAL_SURFACE ( 'NONE', #1450, 5.399999999997300293 ) ;
#2804 = CARTESIAN_POINT ( 'NONE',  ( 20.00000000000000000, 5.141407353527529978, 10.42512860472031910 ) ) ;
#2805 = ORIENTED_EDGE ( 'NONE', *, *, #526, .F. ) ;
#2806 = DIRECTION ( 'NONE',  ( -2.891205793296123914E-17, 0.000000000000000000, -1.000000000000000000 ) ) ;
#2807 = ORIENTED_EDGE ( 'NONE', *, *, #1753, .T. ) ;
#2808 = AXIS2_PLACEMENT_3D ( 'NONE', #842, #2891, #4449 ) ;
#2809 = DIRECTION ( 'NONE',  ( 0.000000000000000000, 0.000000000000000000, 1.000000000000000000 ) ) ;
#2810 = ORIENTED_EDGE ( 'NONE', *, *, #4178, .F. ) ;
#2811 = CARTESIAN_POINT ( 'NONE',  ( 19.58410760974726372, -5.407504943183288226, 11.02255542853610137 ) ) ;
#2812 = CARTESIAN_POINT ( 'NONE',  ( 1.621657350088062888, -0.9598369711605333476, 13.93392497589544909 ) ) ;
#2813 = EDGE_LOOP ( 'NONE', ( #641, #324 ) ) ;
#2814 = AXIS2_PLACEMENT_3D ( 'NONE', #3529, #3713, #4854 ) ;
#2815 = AXIS2_PLACEMENT_3D ( 'NONE', #3872, #334, #3011 ) ;
#2816 = DIRECTION ( 'NONE',  ( 1.000000000000000000, 0.000000000000000000, 0.000000000000000000 ) ) ;
#2817 = AXIS2_PLACEMENT_3D ( 'NONE', #379, #709, #1880 ) ;
#2818 = ORIENTED_EDGE ( 'NONE', *, *, #3232, .F. ) ;
#2819 = ORIENTED_EDGE ( 'NONE', *, *, #2634, .F. ) ;
#2820 = CARTESIAN_POINT ( 'NONE',  ( 19.58555304189609458, -5.385633063070046411, -11.03112515608737709 ) ) ;
#2821 = ADVANCED_FACE ( 'NONE', ( #2305 ), #1436, .T. ) ;
#2822 = DIRECTION ( 'NONE',  ( 0.000000000000000000, -0.6427876096865459132, 0.7660444431189725734 ) ) ;
#2823 = LINE ( 'NONE', #3545, #2523 ) ;
#2824 = EDGE_CURVE ( 'NONE', #3638, #4468, #3501, .T. ) ;
#2825 = EDGE_CURVE ( 'NONE', #2794, #1007, #1820, .T. ) ;
#2826 = EDGE_CURVE ( 'NONE', #4234, #4468, #3382, .T. ) ;
#2827 = EDGE_CURVE ( 'NONE', #2386, #2628, #1136, .T. ) ;
#2828 = CARTESIAN_POINT ( 'NONE',  ( 2.360526585318500903, -12.79780162109346087, -7.824082928171990581 ) ) ;
#2829 = CARTESIAN_POINT ( 'NONE',  ( 0.2080863884586311996, 8.649193331335602863, -8.298781702386067494 ) ) ;
#2830 = CARTESIAN_POINT ( 'NONE',  ( 2.360526585318500903, 5.482902598228520219, -13.96201200035704026 ) ) ;
#2831 = AXIS2_PLACEMENT_3D ( 'NONE', #4235, #2353, #2583 ) ;
#2832 = B_SPLINE_CURVE_WITH_KNOTS ( 'NONE', 3,
 ( #524, #4901, #4134, #601, #1275, #4564, #3414, #3460 ),
 .UNSPECIFIED., .F., .F.,
 ( 4, 2, 2, 4 ),
 ( 3.392033185211323477E-07, 0.002116429666262363389, 0.003174474897734282791, 0.004232520129206201326 ),
 .UNSPECIFIED. ) ;
#2833 = CARTESIAN_POINT ( 'NONE',  ( 20.00000000000000000, 0.000000000000000000, 0.000000000000000000 ) ) ;
#2834 = VERTEX_POINT ( 'NONE', #4676 ) ;
#2835 = AXIS2_PLACEMENT_3D ( 'NONE', #119, #920, #2380 ) ;
#2836 = CARTESIAN_POINT ( 'NONE',  ( 0.000000000000000000, 7.000001873099980010, -1.750000000000000000 ) ) ;
#2837 = VERTEX_POINT ( 'NONE', #3403 ) ;
#2838 = VERTEX_POINT ( 'NONE', #4192 ) ;
#2839 = DIRECTION ( 'NONE',  ( -1.000000000000000000, 0.000000000000000000, 0.000000000000000000 ) ) ;
#2840 = CYLINDRICAL_SURFACE ( 'NONE', #3956, 11.62399999999419897 ) ;
#2841 = ORIENTED_EDGE ( 'NONE', *, *, #150, .T. ) ;
#2842 = CARTESIAN_POINT ( 'NONE',  ( 20.00000000000000000, -9.432821964585894392, 6.913829712284247364 ) ) ;
#2843 = CARTESIAN_POINT ( 'NONE',  ( 20.00000000000000000, -10.63969002948380016, 4.681278893247859507 ) ) ;
#2844 = DIRECTION ( 'NONE',  ( 1.000000000000000000, 0.000000000000000000, 0.000000000000000000 ) ) ;
#2845 = CIRCLE ( 'NONE', #1923, 5.399999999997286970 ) ;
#2846 = CIRCLE ( 'NONE', #211, 14.99999999999250022 ) ;
#2847 = AXIS2_PLACEMENT_3D ( 'NONE', #4960, #1444, #2505 ) ;
#2848 = ORIENTED_EDGE ( 'NONE', *, *, #241, .T. ) ;
#2849 = EDGE_LOOP ( 'NONE', ( #1988, #284, #3159, #2350 ) ) ;
#2850 = CARTESIAN_POINT ( 'NONE',  ( 0.000000000000000000, -0.2738250307121669613, -5.244644099306180252 ) ) ;
#2851 = CARTESIAN_POINT ( 'NONE',  ( 20.00000000000000000, 0.000000000000000000, -8.592322081196679186E-33 ) ) ;
#2852 = CIRCLE ( 'NONE', #2598, 1.750000000000000666 ) ;
#2853 = ORIENTED_EDGE ( 'NONE', *, *, #4921, .T. ) ;
#2854 = DIRECTION ( 'NONE',  ( -2.710505431213761085E-17, 0.000000000000000000, -1.000000000000000000 ) ) ;
#2855 = FACE_OUTER_BOUND ( 'NONE', #109, .T. ) ;
#2856 = AXIS2_PLACEMENT_3D ( 'NONE', #4307, #3167, #476 ) ;
#2857 = EDGE_CURVE ( 'NONE', #931, #4591, #3123, .T. ) ;
#2858 = CARTESIAN_POINT ( 'NONE',  ( 5.805456122028956933E-16, 6.499284164183803725, 9.723089882297099251 ) ) ;
#2859 = FACE_OUTER_BOUND ( 'NONE', #4612, .T. ) ;
#2860 = CARTESIAN_POINT ( 'NONE',  ( 2.360526585318500903, 0.000000000000000000, -14.99999999999250022 ) ) ;
#2861 = FACE_OUTER_BOUND ( 'NONE', #4083, .T. ) ;
#2862 = AXIS2_PLACEMENT_3D ( 'NONE', #3690, #583, #1392 ) ;
#2863 = CARTESIAN_POINT ( 'NONE',  ( 20.00000000000000000, 0.000000000000000000, 0.000000000000000000 ) ) ;
#2864 = DIRECTION ( 'NONE',  ( -1.000000000000000000, 0.000000000000000000, 0.000000000000000000 ) ) ;
#2865 = ORIENTED_EDGE ( 'NONE', *, *, #4356, .T. ) ;
#2866 = CARTESIAN_POINT ( 'NONE',  ( 20.00000000000000000, 11.59912988617140073, -0.7599749230011709766 ) ) ;
#2867 = ORIENTED_EDGE ( 'NONE', *, *, #2759, .T. ) ;
#2868 = AXIS2_PLACEMENT_3D ( 'NONE', #1437, #3341, #3723 ) ;
#2869 = DIRECTION ( 'NONE',  ( 0.000000000000000000, 0.000000000000000000, -1.000000000000000000 ) ) ;
#2870 = EDGE_LOOP ( 'NONE', ( #2334, #235, #139, #1672 ) ) ;
#2871 = CARTESIAN_POINT ( 'NONE',  ( 0.000000000000000000, 8.396946530139208775, 8.037951540650638549 ) ) ;
#2872 = DIRECTION ( 'NONE',  ( -1.000000000000000000, 0.000000000000000000, 0.000000000000000000 ) ) ;
#2873 = EDGE_LOOP ( 'NONE', ( #1488, #777, #133, #573, #978, #3120 ) ) ;
#2874 = DIRECTION ( 'NONE',  ( -1.000000000000000000, 0.000000000000000000, 0.000000000000000000 ) ) ;
#2875 = ORIENTED_EDGE ( 'NONE', *, *, #4143, .T. ) ;
#2876 = ORIENTED_EDGE ( 'NONE', *, *, #3078, .T. ) ;
#2877 = CARTESIAN_POINT ( 'NONE',  ( 1.994063775164863550, -14.37174554113424030, -1.828600413121721502 ) ) ;
#2878 = DIRECTION ( 'NONE',  ( -2.891205793296123914E-17, 0.000000000000000000, -1.000000000000000000 ) ) ;
#2879 = ORIENTED_EDGE ( 'NONE', *, *, #3016, .F. ) ;
#2880 = CARTESIAN_POINT ( 'NONE',  ( 19.58410756761582050, -1.311456508573697333, 12.20728967298983392 ) ) ;
#2881 = AXIS2_PLACEMENT_3D ( 'NONE', #4018, #3201, #2869 ) ;
#2882 = CYLINDRICAL_SURFACE ( 'NONE', #835, 3.000000000000000000 ) ;
#2883 = ORIENTED_EDGE ( 'NONE', *, *, #4423, .F. ) ;
#2884 = ORIENTED_EDGE ( 'NONE', *, *, #180, .F. ) ;
#2885 = CIRCLE ( 'NONE', #4028, 5.399999999997300293 ) ;
#2886 = DIRECTION ( 'NONE',  ( 0.000000000000000000, 0.000000000000000000, -1.000000000000000000 ) ) ;
#2887 = CARTESIAN_POINT ( 'NONE',  ( 19.79191355149264453, -11.96002062638692287, -0.7976413094468228770 ) ) ;
#2888 = DIRECTION ( 'NONE',  ( -1.000000000000000000, 0.000000000000000000, 0.000000000000000000 ) ) ;
#2889 = CARTESIAN_POINT ( 'NONE',  ( 20.00000000000000000, -8.446785448070707858, 8.088942273270314232 ) ) ;
#2890 = EDGE_CURVE ( 'NONE', #4273, #2613, #1196, .T. ) ;
#2891 = DIRECTION ( 'NONE',  ( 1.000000000000000000, 0.000000000000000000, 0.000000000000000000 ) ) ;
#2892 = ORIENTED_EDGE ( 'NONE', *, *, #4767, .T. ) ;
#2893 = LINE ( 'NONE', #203, #4814 ) ;
#2894 = DIRECTION ( 'NONE',  ( 1.000000000000000000, 0.000000000000000000, 0.000000000000000000 ) ) ;
#2895 = FACE_BOUND ( 'NONE', #2902, .T. ) ;
#2896 = ORIENTED_EDGE ( 'NONE', *, *, #3078, .F. ) ;
#2897 = EDGE_CURVE ( 'NONE', #1733, #3213, #3045, .T. ) ;
#2898 = ADVANCED_FACE ( 'NONE', ( #2674 ), #828, .T. ) ;
#2899 = CARTESIAN_POINT ( 'NONE',  ( 1.471312700218915248, 11.36418043192587035, 7.751415710831318862 ) ) ;
#2900 = B_SPLINE_CURVE_WITH_KNOTS ( 'NONE', 3,
 ( #1799, #2232, #271, #4913, #3314, #4483, #2533, #4534 ),
 .UNSPECIFIED., .F., .F.,
 ( 4, 2, 2, 4 ),
 ( 2.822997676234480478E-07, 0.002114487468009898161, 0.003171590052131034038, 0.004228692636252169915 ),
 .UNSPECIFIED. ) ;
#2901 = CARTESIAN_POINT ( 'NONE',  ( 20.00000000000000000, 0.000000000000000000, -8.592322081196679186E-33 ) ) ;
#2902 = EDGE_LOOP ( 'NONE', ( #900, #3075 ) ) ;
#2903 = ADVANCED_FACE ( 'NONE', ( #4302 ), #4381, .T. ) ;
#2904 = CARTESIAN_POINT ( 'NONE',  ( 0.8204275789656837459, 12.80789555512988720, 0.9798757544792450203 ) ) ;
#2905 = VECTOR ( 'NONE', #4194, 1000.000000000000000 ) ;
#2906 = CARTESIAN_POINT ( 'NONE',  ( 0.000000000000000000, 7.000001873099980010, -1.750000000000000000 ) ) ;
#2907 = DIRECTION ( 'NONE',  ( 0.000000000000000000, 0.000000000000000000, -1.000000000000000000 ) ) ;
#2908 = AXIS2_PLACEMENT_3D ( 'NONE', #449, #2864, #4422 ) ;
#2909 = ORIENTED_EDGE ( 'NONE', *, *, #2601, .F. ) ;
#2910 = EDGE_LOOP ( 'NONE', ( #3980, #1895, #2510, #1533 ) ) ;
#2911 = CIRCLE ( 'NONE', #3065, 5.399999999997301181 ) ;
#2912 = LINE ( 'NONE', #4438, #3229 ) ;
#2913 = CARTESIAN_POINT ( 'NONE',  ( 0.000000000000000000, 10.63969002948375930, 4.681278893247929673 ) ) ;
#2914 = VERTEX_POINT ( 'NONE', #1553 ) ;
#2915 = AXIS2_PLACEMENT_3D ( 'NONE', #3627, #4062, #91 ) ;
#2916 = CARTESIAN_POINT ( 'NONE',  ( 20.00000000000000000, 1.265738570989400014, -11.55488130054889950 ) ) ;
#2917 = CYLINDRICAL_SURFACE ( 'NONE', #2646, 3.000000000000000000 ) ;
#2918 = CARTESIAN_POINT ( 'NONE',  ( 1.611745453421332464, 12.52556842986273189, 6.146488153547275068 ) ) ;
#2919 = CARTESIAN_POINT ( 'NONE',  ( 1.611745380925708959, -8.228151221615149780, 11.26795037950029865 ) ) ;
#2920 = CARTESIAN_POINT ( 'NONE',  ( 0.000000000000000000, -7.000001873099980010, -1.750000000000000000 ) ) ;
#2921 = ORIENTED_EDGE ( 'NONE', *, *, #4497, .T. ) ;
#2922 = DIRECTION ( 'NONE',  ( 1.000000000000000000, 0.000000000000000000, 0.000000000000000000 ) ) ;
#2923 = FACE_OUTER_BOUND ( 'NONE', #3720, .T. ) ;
#2924 = ORIENTED_EDGE ( 'NONE', *, *, #1080, .F. ) ;
#2925 = CARTESIAN_POINT ( 'NONE',  ( 0.000000000000000000, 4.115919143437200667, -11.99958372321596123 ) ) ;
#2926 = EDGE_CURVE ( 'NONE', #2260, #1975, #4689, .T. ) ;
#2927 = CARTESIAN_POINT ( 'NONE',  ( 2.179779424730125648, 5.556152702491665707, 13.66138816768654074 ) ) ;
#2928 = ORIENTED_EDGE ( 'NONE', *, *, #84, .T. ) ;
#2929 = CARTESIAN_POINT ( 'NONE',  ( 20.00000000000000000, -10.63969002948373976, -4.681278893247999839 ) ) ;
#2930 = FACE_OUTER_BOUND ( 'NONE', #499, .T. ) ;
#2931 = EDGE_CURVE ( 'NONE', #3156, #717, #1316, .T. ) ;
#2932 = CIRCLE ( 'NONE', #5034, 3.000000000000000000 ) ;
#2933 = CARTESIAN_POINT ( 'NONE',  ( 10.00000000000000000, 0.3769537665663784676, -14.99526278054659834 ) ) ;
#2934 = EDGE_CURVE ( 'NONE', #3741, #2947, #3935, .T. ) ;
#2935 = ORIENTED_EDGE ( 'NONE', *, *, #3378, .F. ) ;
#2936 = VERTEX_POINT ( 'NONE', #3216 ) ;
#2937 = CARTESIAN_POINT ( 'NONE',  ( 20.00000000000000000, 7.000001873099980010, 3.000000000000000000 ) ) ;
#2938 = CARTESIAN_POINT ( 'NONE',  ( 5.805456122028944114E-16, -6.499284164183870338, 9.723089882297054842 ) ) ;
#2939 = CARTESIAN_POINT ( 'NONE',  ( 2.360526585318501347, 0.000000000000000000, -6.398220130030271836E-17 ) ) ;
#2940 = CIRCLE ( 'NONE', #127, 5.399999999997298517 ) ;
#2941 = CARTESIAN_POINT ( 'NONE',  ( 3.170007328614371243E-16, 0.000000000000000000, -8.592322081196679186E-33 ) ) ;
#2942 = VERTEX_POINT ( 'NONE', #1936 ) ;
#2943 = DIRECTION ( 'NONE',  ( 0.000000000000000000, 0.6427876096865402511, -0.7660444431189771253 ) ) ;
#2944 = CARTESIAN_POINT ( 'NONE',  ( 19.37855244989209780, 12.08855369033484450, 3.430316763067319918 ) ) ;
#2945 = LINE ( 'NONE', #4508, #3189 ) ;
#2946 = VECTOR ( 'NONE', #394, 1000.000000000000000 ) ;
#2947 = VERTEX_POINT ( 'NONE', #1167 ) ;
#2948 = VECTOR ( 'NONE', #2179, 1000.000000000000000 ) ;
#2949 = CARTESIAN_POINT ( 'NONE',  ( 20.00000000000000000, 4.560206750522500130, 11.83787625878356131 ) ) ;
#2950 = CARTESIAN_POINT ( 'NONE',  ( 17.82022058694220945, 9.893545631436197141, -10.93718948736048091 ) ) ;
#2951 = CARTESIAN_POINT ( 'NONE',  ( 20.00000000000000000, -11.67008492344063875, 0.7670002514484890455 ) ) ;
#2952 = CARTESIAN_POINT ( 'NONE',  ( 2.179779456358954981, 14.41865682565479290, -3.099467076855857872 ) ) ;
#2953 = ORIENTED_EDGE ( 'NONE', *, *, #688, .T. ) ;
#2955 = CARTESIAN_POINT ( 'NONE',  ( 20.00000000000000000, 6.499284164183945833, -9.723089882297005104 ) ) ;
#2954 = B_SPLINE_CURVE_WITH_KNOTS ( 'NONE', 3,
 ( #502, #2078, #2525, #4446, #148, #2133, #2991, #2549 ),
 .UNSPECIFIED., .F., .F.,
 ( 4, 2, 2, 4 ),
 ( 2.484437492195136313E-07, 0.002114453497150237723, 0.003171556023850746753, 0.004228658550551255349 ),
 .UNSPECIFIED. ) ;
#2956 = DIRECTION ( 'NONE',  ( 0.000000000000000000, 0.000000000000000000, 1.000000000000000000 ) ) ;
#2957 = CARTESIAN_POINT ( 'NONE',  ( 20.00000000000000000, 0.000000000000000000, 4.438010260060118261E-16 ) ) ;
#2958 = VECTOR ( 'NONE', #2839, 1000.000000000000000 ) ;
#2959 = EDGE_CURVE ( 'NONE', #4017, #425, #1056, .T. ) ;
#2960 = ORIENTED_EDGE ( 'NONE', *, *, #1967, .T. ) ;
#2961 = VERTEX_POINT ( 'NONE', #2713 ) ;
#2962 = EDGE_CURVE ( 'NONE', #2015, #1856, #1864, .T. ) ;
#2963 = CARTESIAN_POINT ( 'NONE',  ( 17.63947341468150043, -0.3769537665660789294, -14.99526278054661788 ) ) ;
#2964 = DIRECTION ( 'NONE',  ( -1.000000000000000000, 0.000000000000000000, 0.000000000000000000 ) ) ;
#2965 = CARTESIAN_POINT ( 'NONE',  ( 1.621657950947712479, 13.88891209135135796, -1.474346207013658816 ) ) ;
#2966 = VERTEX_POINT ( 'NONE', #1990 ) ;
#2967 = VERTEX_POINT ( 'NONE', #13 ) ;
#2968 = EDGE_CURVE ( 'NONE', #2974, #1649, #4753, .T. ) ;
#2969 = EDGE_CURVE ( 'NONE', #4202, #3867, #63, .T. ) ;
#2970 = CIRCLE ( 'NONE', #4435, 14.99999999999250022 ) ;
#2971 = CARTESIAN_POINT ( 'NONE',  ( 19.17577727354823836, 3.214899911674111266, -12.44061307344662559 ) ) ;
#2972 = LINE ( 'NONE', #4140, #875 ) ;
#2973 = CIRCLE ( 'NONE', #4260, 14.99999999999250022 ) ;
#2974 = VERTEX_POINT ( 'NONE', #468 ) ;
#2975 = DIRECTION ( 'NONE',  ( 0.000000000000000000, 0.000000000000000000, -1.000000000000000000 ) ) ;
#2976 = DIRECTION ( 'NONE',  ( 1.000000000000000000, 0.000000000000000000, -2.710505431213761085E-17 ) ) ;
#2977 = CARTESIAN_POINT ( 'NONE',  ( 2.360526585318500903, -5.482902598228419855, 13.96201200035707934 ) ) ;
#2978 = CARTESIAN_POINT ( 'NONE',  ( 10.00000000000000000, -14.70199371010881961, 2.975127047320150098 ) ) ;
#2979 = VERTEX_POINT ( 'NONE', #856 ) ;
#2980 = DIRECTION ( 'NONE',  ( 1.000000000000000000, 0.000000000000000000, 0.000000000000000000 ) ) ;
#2981 = CYLINDRICAL_SURFACE ( 'NONE', #4554, 3.000000000000000000 ) ;
#2982 = ORIENTED_EDGE ( 'NONE', *, *, #3683, .F. ) ;
#2983 = ORIENTED_EDGE ( 'NONE', *, *, #4946, .F. ) ;
#2984 = DIRECTION ( 'NONE',  ( -1.000000000000000000, 0.000000000000000000, 0.000000000000000000 ) ) ;
#2985 = CARTESIAN_POINT ( 'NONE',  ( 2.223438601786801527, -12.56546780980883860, 7.835301323466036472 ) ) ;
#2986 = CIRCLE ( 'NONE', #749, 5.399999999997302957 ) ;
#2987 = DIRECTION ( 'NONE',  ( 0.000000000000000000, -0.3420201433256759849, 0.9396926207859057634 ) ) ;
#2988 = EDGE_LOOP ( 'NONE', ( #2475, #4245, #3361, #1073, #2461, #1824 ) ) ;
#2989 = EDGE_CURVE ( 'NONE', #3023, #3940, #312, .T. ) ;
#2990 = CIRCLE ( 'NONE', #2155, 11.62399999999420430 ) ;
#2991 = CARTESIAN_POINT ( 'NONE',  ( 19.79191359984577758, 11.51155245629791501, -3.341030299941485815 ) ) ;
#2992 = EDGE_CURVE ( 'NONE', #2472, #3367, #980, .T. ) ;
#2993 = EDGE_CURVE ( 'NONE', #3464, #3940, #3624, .T. ) ;
#2994 = EDGE_CURVE ( 'NONE', #1320, #1007, #2970, .T. ) ;
#2995 = AXIS2_PLACEMENT_3D ( 'NONE', #993, #974, #4209 ) ;
#2996 = DIRECTION ( 'NONE',  ( -1.000000000000000000, 0.000000000000000000, -2.710505431213761085E-17 ) ) ;
#2997 = FACE_BOUND ( 'NONE', #2612, .T. ) ;
#2998 = DIRECTION ( 'NONE',  ( -1.000000000000000000, 0.000000000000000000, 0.000000000000000000 ) ) ;
#2999 = DIRECTION ( 'NONE',  ( 0.000000000000000000, 0.000000000000000000, 1.000000000000000000 ) ) ;
#3000 = ORIENTED_EDGE ( 'NONE', *, *, #3422, .T. ) ;
#3001 = DIRECTION ( 'NONE',  ( 0.000000000000000000, 0.000000000000000000, 1.000000000000000000 ) ) ;
#3002 = EDGE_LOOP ( 'NONE', ( #518, #2444, #646, #558, #34, #190 ) ) ;
#3003 = VECTOR ( 'NONE', #2874, 1000.000000000000000 ) ;
#3004 = ORIENTED_EDGE ( 'NONE', *, *, #2341, .T. ) ;
#3005 = ORIENTED_EDGE ( 'NONE', *, *, #1407, .F. ) ;
#3006 = VECTOR ( 'NONE', #419, 1000.000000000000000 ) ;
#3007 = CARTESIAN_POINT ( 'NONE',  ( 2.360526585318501791, 5.482902598228318602, 13.96201200035711842 ) ) ;
#3008 = CIRCLE ( 'NONE', #38, 3.000000000000000000 ) ;
#3009 = DIRECTION ( 'NONE',  ( -1.000000000000000000, 0.000000000000000000, 0.000000000000000000 ) ) ;
#3010 = VERTEX_POINT ( 'NONE', #4276 ) ;
#3011 = DIRECTION ( 'NONE',  ( 0.000000000000000000, 0.000000000000000000, -1.000000000000000000 ) ) ;
#3012 = CYLINDRICAL_SURFACE ( 'NONE', #441, 14.99999999999250022 ) ;
#3013 = EDGE_CURVE ( 'NONE', #1012, #1860, #5075, .T. ) ;
#3014 = CONICAL_SURFACE ( 'NONE', #358, 11.69526278054659940, 0.9505468408120750778 ) ;
#3015 = AXIS2_PLACEMENT_3D ( 'NONE', #4934, #3408, #1029 ) ;
#3016 = EDGE_CURVE ( 'NONE', #162, #1471, #3899, .T. ) ;
#3017 = VERTEX_POINT ( 'NONE', #388 ) ;
#3018 = FACE_BOUND ( 'NONE', #1359, .T. ) ;
#3019 = CARTESIAN_POINT ( 'NONE',  ( 20.00000000000000000, 12.44990391086185966, 7.835301323466119960 ) ) ;
#3021 = EDGE_CURVE ( 'NONE', #1860, #1649, #679, .T. ) ;
#3020 = CARTESIAN_POINT ( 'NONE',  ( 20.00000000000000000, 0.000000000000000000, 4.438010260060118261E-16 ) ) ;
#3022 = CARTESIAN_POINT ( 'NONE',  ( 3.170007328614371243E-16, 0.000000000000000000, -8.592322081196679186E-33 ) ) ;
#3023 = VERTEX_POINT ( 'NONE', #4878 ) ;
#3024 = B_SPLINE_CURVE_WITH_KNOTS ( 'NONE', 3,
 ( #3486, #349, #2812, #4737, #5057, #4682, #2008, #5032 ),
 .UNSPECIFIED., .F., .F.,
 ( 4, 2, 2, 4 ),
 ( 2.734363012941551344E-07, 0.002114478574479126960, 0.003171581143568043444, 0.004228683712656959928 ),
 .UNSPECIFIED. ) ;
#3025 = CARTESIAN_POINT ( 'NONE',  ( 0.4144469581039123551, -5.385633063070200066, 11.03112515608730781 ) ) ;
#3026 = DIRECTION ( 'NONE',  ( -1.000000000000000000, 0.000000000000000000, 0.000000000000000000 ) ) ;
#3027 = ORIENTED_EDGE ( 'NONE', *, *, #1461, .F. ) ;
#3029 = DIRECTION ( 'NONE',  ( -1.000000000000000000, 0.000000000000000000, 0.000000000000000000 ) ) ;
#3028 = AXIS2_PLACEMENT_3D ( 'NONE', #3020, #4625, #4167 ) ;
#3030 = VERTEX_POINT ( 'NONE', #2913 ) ;
#3031 = DIRECTION ( 'NONE',  ( 1.000000000000000000, 0.000000000000000000, 0.000000000000000000 ) ) ;
#3032 = VERTEX_POINT ( 'NONE', #4412 ) ;
#3033 = ORIENTED_EDGE ( 'NONE', *, *, #481, .T. ) ;
#3034 = ORIENTED_EDGE ( 'NONE', *, *, #18, .F. ) ;
#3035 = DIRECTION ( 'NONE',  ( 0.000000000000000000, -0.8660254037844330455, -0.5000000000000098810 ) ) ;
#3036 = DIRECTION ( 'NONE',  ( 1.000000000000000000, 0.000000000000000000, 0.000000000000000000 ) ) ;
#3037 = VECTOR ( 'NONE', #3179, 1000.000000000000000 ) ;
#3038 = DIRECTION ( 'NONE',  ( 0.000000000000000000, 0.000000000000000000, 1.000000000000000000 ) ) ;
#3039 = ORIENTED_EDGE ( 'NONE', *, *, #2992, .T. ) ;
#3040 = AXIS2_PLACEMENT_3D ( 'NONE', #2863, #4421, #2384 ) ;
#3041 = FACE_OUTER_BOUND ( 'NONE', #3002, .T. ) ;
#3042 = CARTESIAN_POINT ( 'NONE',  ( 5.000000000000000000, -7.000001873099980010, 3.000000000000000000 ) ) ;
#3043 = AXIS2_PLACEMENT_3D ( 'NONE', #2299, #3873, #2742 ) ;
#3044 = DIRECTION ( 'NONE',  ( -1.000000000000000000, 0.000000000000000000, 0.000000000000000000 ) ) ;
#3045 = CIRCLE ( 'NONE', #652, 14.99999999999250022 ) ;
#3046 = EDGE_CURVE ( 'NONE', #3032, #1924, #1323, .T. ) ;
#3047 = CARTESIAN_POINT ( 'NONE',  ( 10.00000000000000000, -9.350005781138319705, 11.72933893671995875 ) ) ;
#3048 = DIRECTION ( 'NONE',  ( -1.000000000000000000, 0.000000000000000000, -2.710505431213761085E-17 ) ) ;
#3049 = VERTEX_POINT ( 'NONE', #2938 ) ;
#3050 = ORIENTED_EDGE ( 'NONE', *, *, #3051, .T. ) ;
#3051 = EDGE_CURVE ( 'NONE', #4681, #1975, #2973, .T. ) ;
#3052 = CARTESIAN_POINT ( 'NONE',  ( 19.79191359665596650, 10.96593367522520879, 4.840105593563994724 ) ) ;
#3053 = ORIENTED_EDGE ( 'NONE', *, *, #615, .T. ) ;
#3054 = EDGE_CURVE ( 'NONE', #2277, #3206, #2698, .T. ) ;
#3055 = ADVANCED_FACE ( 'NONE', ( #169 ), #657, .T. ) ;
#3056 = EDGE_CURVE ( 'NONE', #1190, #1012, #2832, .T. ) ;
#3057 = EDGE_LOOP ( 'NONE', ( #648, #3792, #2953, #1135, #512, #1729 ) ) ;
#3058 = VERTEX_POINT ( 'NONE', #5010 ) ;
#3059 = CARTESIAN_POINT ( 'NONE',  ( 10.00000000000000000, 0.3769537665661790160, 14.99526278054661965 ) ) ;
#3060 = DIRECTION ( 'NONE',  ( -2.710505431213761085E-17, 0.000000000000000000, -1.000000000000000000 ) ) ;
#3061 = VERTEX_POINT ( 'NONE', #1109 ) ;
#3062 = FACE_OUTER_BOUND ( 'NONE', #3510, .T. ) ;
#3063 = LINE ( 'NONE', #313, #4808 ) ;
#3064 = EDGE_LOOP ( 'NONE', ( #4552, #1907, #3731, #3411, #3911, #2921 ) ) ;
#3065 = AXIS2_PLACEMENT_3D ( 'NONE', #3368, #1730, #3317 ) ;
#3066 = CARTESIAN_POINT ( 'NONE',  ( 20.00000000000000000, -4.560206750522580954, 11.83787625878352046 ) ) ;
#3067 = CARTESIAN_POINT ( 'NONE',  ( 20.00000000000000000, 0.000000000000000000, 4.438010260060118261E-16 ) ) ;
#3068 = DIRECTION ( 'NONE',  ( 0.000000000000000000, 0.000000000000000000, -1.000000000000000000 ) ) ;
#3069 = CIRCLE ( 'NONE', #1495, 11.69526278054659940 ) ;
#3070 = CARTESIAN_POINT ( 'NONE',  ( 20.00000000000000000, 0.000000000000000000, 0.000000000000000000 ) ) ;
#3071 = CYLINDRICAL_SURFACE ( 'NONE', #65, 1.750000000000000666 ) ;
#3072 = DIRECTION ( 'NONE',  ( 0.000000000000000000, 0.3420201433256696566, -0.9396926207859079838 ) ) ;
#3073 = ORIENTED_EDGE ( 'NONE', *, *, #5005, .F. ) ;
#3074 = ORIENTED_EDGE ( 'NONE', *, *, #2606, .T. ) ;
#3075 = ORIENTED_EDGE ( 'NONE', *, *, #4949, .F. ) ;
#3076 = CARTESIAN_POINT ( 'NONE',  ( 19.17577721871204588, 11.69335075898822929, 5.326348194270612346 ) ) ;
#3077 = ORIENTED_EDGE ( 'NONE', *, *, #1215, .T. ) ;
#3078 = EDGE_CURVE ( 'NONE', #543, #1086, #3619, .T. ) ;
#3079 = DIRECTION ( 'NONE',  ( 1.000000000000000000, 0.000000000000000000, -2.710505431213761085E-17 ) ) ;
#3080 = ORIENTED_EDGE ( 'NONE', *, *, #3308, .T. ) ;
#3081 = ADVANCED_FACE ( 'NONE', ( #2685 ), #4924, .T. ) ;
#3082 = CARTESIAN_POINT ( 'NONE',  ( 20.00000000000000000, 5.170800759256921175, -10.49009013374559096 ) ) ;
#3083 = AXIS2_PLACEMENT_3D ( 'NONE', #2366, #3538, #3592 ) ;
#3084 = DIRECTION ( 'NONE',  ( -1.000000000000000000, -0.000000000000000000, 2.710505431213761085E-17 ) ) ;
#3085 = ORIENTED_EDGE ( 'NONE', *, *, #4206, .T. ) ;
#3086 = ORIENTED_EDGE ( 'NONE', *, *, #4921, .F. ) ;
#3087 = DIRECTION ( 'NONE',  ( -1.000000000000000000, 0.000000000000000000, 0.000000000000000000 ) ) ;
#3088 = CONICAL_SURFACE ( 'NONE', #4301, 11.69526278054659940, 0.9505468408120750778 ) ;
#3089 = CARTESIAN_POINT ( 'NONE',  ( 2.360526585318500903, -9.927532457519822273, -11.24473651557320686 ) ) ;
#3090 = DIRECTION ( 'NONE',  ( 0.000000000000000000, 0.8660254037844390407, -0.4999999999999993894 ) ) ;
#3091 = CARTESIAN_POINT ( 'NONE',  ( 2.360526585318501347, 0.000000000000000000, -6.398220130030271836E-17 ) ) ;
#3092 = VECTOR ( 'NONE', #4075, 1000.000000000000000 ) ;
#3093 = AXIS2_PLACEMENT_3D ( 'NONE', #3401, #3831, #288 ) ;
#3094 = AXIS2_PLACEMENT_3D ( 'NONE', #2652, #3435, #4265 ) ;
#3095 = DIRECTION ( 'NONE',  ( -1.000000000000000000, 0.000000000000000000, 0.000000000000000000 ) ) ;
#3096 = VERTEX_POINT ( 'NONE', #630 ) ;
#3097 = AXIS2_PLACEMENT_3D ( 'NONE', #4978, #269, #3498 ) ;
#3098 = CARTESIAN_POINT ( 'NONE',  ( 20.00000000000000000, 7.971798191702090364, -9.868193021853471691 ) ) ;
#3099 = ORIENTED_EDGE ( 'NONE', *, *, #5000, .F. ) ;
#3100 = VERTEX_POINT ( 'NONE', #3780 ) ;
#3101 = VERTEX_POINT ( 'NONE', #240 ) ;
#3102 = DIRECTION ( 'NONE',  ( 1.000000000000000000, 0.000000000000000000, 0.000000000000000000 ) ) ;
#3103 = ORIENTED_EDGE ( 'NONE', *, *, #3479, .T. ) ;
#3104 = CARTESIAN_POINT ( 'NONE',  ( 18.00138066908804646, -8.755381463219507054, 11.55538953143848957 ) ) ;
#3105 = AXIS2_PLACEMENT_3D ( 'NONE', #1228, #4365, #1942 ) ;
#3106 = APPLICATION_PROTOCOL_DEFINITION ( 'draft international standard', 'automotive_design', 1998, #3528 ) ;
#3107 = EDGE_CURVE ( 'NONE', #4518, #2608, #2885, .T. ) ;
#3108 = CARTESIAN_POINT ( 'NONE',  ( 20.00000000000000000, 5.141407353527529978, 10.42512860472031910 ) ) ;
#3109 = ORIENTED_EDGE ( 'NONE', *, *, #1839, .F. ) ;
#3110 = DIRECTION ( 'NONE',  ( 0.000000000000000000, 0.000000000000000000, -1.000000000000000000 ) ) ;
#3111 = EDGE_CURVE ( 'NONE', #4706, #531, #243, .T. ) ;
#3112 = DIRECTION ( 'NONE',  ( -1.000000000000000000, 0.000000000000000000, 0.000000000000000000 ) ) ;
#3113 = CIRCLE ( 'NONE', #4830, 14.99999999999250022 ) ;
#3114 = EDGE_CURVE ( 'NONE', #1875, #4398, #74, .T. ) ;
#3115 = CARTESIAN_POINT ( 'NONE',  ( 18.52868729978110807, -11.36418043192588812, 7.751415710831242478 ) ) ;
#3116 = DIRECTION ( 'NONE',  ( 1.000000000000000000, 0.000000000000000000, 0.000000000000000000 ) ) ;
#3117 = DIRECTION ( 'NONE',  ( -1.000000000000000000, 0.000000000000000000, 0.000000000000000000 ) ) ;
#3118 = DIRECTION ( 'NONE',  ( -1.000000000000000000, 0.000000000000000000, -2.710505431213761085E-17 ) ) ;
#3119 = CARTESIAN_POINT ( 'NONE',  ( 20.00000000000000000, -0.2738250307121675164, -6.994644099306180252 ) ) ;
#3120 = ORIENTED_EDGE ( 'NONE', *, *, #3776, .F. ) ;
#3121 = EDGE_LOOP ( 'NONE', ( #1030, #1103, #4241, #3707, #1325, #4001 ) ) ;
#3122 = CARTESIAN_POINT ( 'NONE',  ( 20.00000000000000000, 0.2738250307120564941, 3.994644099306214446 ) ) ;
#3123 = CIRCLE ( 'NONE', #1224, 11.69526278054659940 ) ;
#3124 = EDGE_LOOP ( 'NONE', ( #3817, #1430, #4759, #2655 ) ) ;
#3125 = ORIENTED_EDGE ( 'NONE', *, *, #238, .T. ) ;
#3126 = DIRECTION ( 'NONE',  ( -1.000000000000000000, 0.000000000000000000, 0.000000000000000000 ) ) ;
#3127 = AXIS2_PLACEMENT_3D ( 'NONE', #1305, #2175, #1685 ) ;
#3128 = VERTEX_POINT ( 'NONE', #3603 ) ;
#3129 = CARTESIAN_POINT ( 'NONE',  ( 19.17577718651662622, -7.275958080588126542, 10.59079186028442976 ) ) ;
#3130 = CARTESIAN_POINT ( 'NONE',  ( 18.38825456967381911, -13.54602848580187668, -3.342797103092735256 ) ) ;
#3131 = ORIENTED_EDGE ( 'NONE', *, *, #2541, .T. ) ;
#3132 = ORIENTED_EDGE ( 'NONE', *, *, #826, .T. ) ;
#3133 = CARTESIAN_POINT ( 'NONE',  ( 20.00000000000000000, -1.271141185984964395, 11.62597830684933342 ) ) ;
#3134 = DIRECTION ( 'NONE',  ( -1.000000000000000000, 0.000000000000000000, 0.000000000000000000 ) ) ;
#3135 = DIRECTION ( 'NONE',  ( 0.000000000000000000, 0.000000000000000000, 1.000000000000000000 ) ) ;
#3136 = DIRECTION ( 'NONE',  ( 0.000000000000000000, -0.3420201433256568890, -0.9396926207859127578 ) ) ;
#3137 = EDGE_LOOP ( 'NONE', ( #2585, #1470, #3692, #2690 ) ) ;
#3138 = EDGE_CURVE ( 'NONE', #2710, #310, #3385, .T. ) ;
#3139 = CIRCLE ( 'NONE', #1338, 5.399999999997299405 ) ;
#3140 = EDGE_CURVE ( 'NONE', #2481, #1177, #3787, .T. ) ;
#3141 = ADVANCED_FACE ( 'NONE', ( #890 ), #67, .F. ) ;
#3142 = CARTESIAN_POINT ( 'NONE',  ( 0.2080864033440398830, -10.96593367522523366, 4.840105593563926334 ) ) ;
#3143 = DIRECTION ( 'NONE',  ( 1.000000000000000000, 0.000000000000000000, 0.000000000000000000 ) ) ;
#3144 = CARTESIAN_POINT ( 'NONE',  ( 5.000000000000000000, 0.2738250307120564941, 6.994644099306220220 ) ) ;
#3145 = ADVANCED_FACE ( 'NONE', ( #393 ), #1802, .T. ) ;
#3146 = B_SPLINE_CURVE_WITH_KNOTS ( 'NONE', 3,
 ( #1627, #413, #2376, #1989, #1602, #3190, #4743, #2796 ),
 .UNSPECIFIED., .F., .F.,
 ( 4, 2, 2, 4 ),
 ( 3.392033185189722549E-07, 0.002116429998465075776, 0.003174475396038353974, 0.004232520793611633039 ),
 .UNSPECIFIED. ) ;
#3147 = CARTESIAN_POINT ( 'NONE',  ( 20.00000000000000000, -1.271141185984809185, -11.62597830684934941 ) ) ;
#3148 = CIRCLE ( 'NONE', #257, 3.000000000000000000 ) ;
#3149 = DIRECTION ( 'NONE',  ( -1.000000000000000000, 0.000000000000000000, 0.000000000000000000 ) ) ;
#3150 = ORIENTED_EDGE ( 'NONE', *, *, #3517, .F. ) ;
#3151 = AXIS2_PLACEMENT_3D ( 'NONE', #2851, #5065, #2743 ) ;
#3152 = DIRECTION ( 'NONE',  ( 0.000000000000000000, 0.000000000000000000, -1.000000000000000000 ) ) ;
#3153 = ORIENTED_EDGE ( 'NONE', *, *, #3138, .F. ) ;
#3154 = CARTESIAN_POINT ( 'NONE',  ( 20.00000000000000000, -11.59912988617137941, -0.7599749230012499135 ) ) ;
#3155 = DIRECTION ( 'NONE',  ( 0.000000000000000000, 0.000000000000000000, 1.000000000000000000 ) ) ;
#3156 = VERTEX_POINT ( 'NONE', #474 ) ;
#3157 = DIRECTION ( 'NONE',  ( -1.000000000000000000, 0.000000000000000000, 0.000000000000000000 ) ) ;
#3158 = DIRECTION ( 'NONE',  ( -1.000000000000000000, -0.000000000000000000, 2.710505431213761085E-17 ) ) ;
#3159 = ORIENTED_EDGE ( 'NONE', *, *, #3304, .F. ) ;
#3160 = ORIENTED_EDGE ( 'NONE', *, *, #49, .F. ) ;
#3161 = CARTESIAN_POINT ( 'NONE',  ( 2.962111493885002947E-16, 11.67008492344063342, -0.7670002514485749767 ) ) ;
#3162 = CARTESIAN_POINT ( 'NONE',  ( 0.4158924418910991405, 2.942772963664610941, -11.91964458133434590 ) ) ;
#3163 = VERTEX_POINT ( 'NONE', #4799 ) ;
#3164 = DIRECTION ( 'NONE',  ( 1.000000000000000000, 0.000000000000000000, 0.000000000000000000 ) ) ;
#3165 = CARTESIAN_POINT ( 'NONE',  ( 20.00000000000000000, 0.000000000000000000, 4.438010260060118261E-16 ) ) ;
#3166 = DIRECTION ( 'NONE',  ( 1.000000000000000000, 0.000000000000000000, -2.710505431213761085E-17 ) ) ;
#3167 = DIRECTION ( 'NONE',  ( -1.000000000000000000, 0.000000000000000000, -2.710505431213761085E-17 ) ) ;
#3168 = EDGE_CURVE ( 'NONE', #371, #1686, #1959, .T. ) ;
#3169 = EDGE_CURVE ( 'NONE', #434, #4470, #396, .T. ) ;
#3170 = CARTESIAN_POINT ( 'NONE',  ( 17.63947341468150043, -9.927532457519822273, -11.24473651557320686 ) ) ;
#3171 = EDGE_LOOP ( 'NONE', ( #984, #2725 ) ) ;
#3172 = ADVANCED_FACE ( 'NONE', ( #2859 ), #137, .T. ) ;
#3173 = DIRECTION ( 'NONE',  ( 2.710505431213761085E-17, 0.000000000000000000, 1.000000000000000000 ) ) ;
#3174 = ORIENTED_EDGE ( 'NONE', *, *, #3310, .F. ) ;
#3175 = CIRCLE ( 'NONE', #3830, 11.62399999999417233 ) ;
#3176 = B_SPLINE_CURVE_WITH_KNOTS ( 'NONE', 3,
 ( #1548, #3563, #1137, #2688, #3130, #1085, #2659, #4226 ),
 .UNSPECIFIED., .F., .F.,
 ( 4, 2, 2, 4 ),
 ( 3.392033185193319792E-07, 0.002116429637147986247, 0.003174474854062719897, 0.004232520070977453114 ),
 .UNSPECIFIED. ) ;
#3177 = CARTESIAN_POINT ( 'NONE',  ( 20.00000000000000000, -11.10256122485997921, 6.137094929526350384 ) ) ;
#3178 = ORIENTED_EDGE ( 'NONE', *, *, #1143, .F. ) ;
#3179 = DIRECTION ( 'NONE',  ( -1.000000000000000000, 0.000000000000000000, 0.000000000000000000 ) ) ;
#3180 = CARTESIAN_POINT ( 'NONE',  ( 17.63947341468150043, 14.83290837936661433, -2.232673063637093946 ) ) ;
#3181 = ORIENTED_EDGE ( 'NONE', *, *, #1239, .T. ) ;
#3182 = AXIS2_PLACEMENT_3D ( 'NONE', #497, #2128, #2176 ) ;
#3183 = AXIS2_PLACEMENT_3D ( 'NONE', #3996, #819, #1183 ) ;
#3184 = DIRECTION ( 'NONE',  ( 0.000000000000000000, 0.000000000000000000, 1.000000000000000000 ) ) ;
#3185 = VECTOR ( 'NONE', #156, 1000.000000000000000 ) ;
#3186 = ORIENTED_EDGE ( 'NONE', *, *, #1175, .F. ) ;
#3187 = ORIENTED_EDGE ( 'NONE', *, *, #5068, .F. ) ;
#3188 = CARTESIAN_POINT ( 'NONE',  ( 19.17577736394838439, 12.80987359387930624, 1.005768531926786613 ) ) ;
#3189 = VECTOR ( 'NONE', #996, 1000.000000000000000 ) ;
#3190 = CARTESIAN_POINT ( 'NONE',  ( 18.00593622483513911, -14.37174554113425806, 1.828600413121527879 ) ) ;
#3191 = DIRECTION ( 'NONE',  ( -1.000000000000000000, 0.000000000000000000, 0.000000000000000000 ) ) ;
#3192 = CARTESIAN_POINT ( 'NONE',  ( 9.774951321670076585E-17, 8.446785448070759372, -8.088942273270262717 ) ) ;
#3193 = CARTESIAN_POINT ( 'NONE',  ( 2.360526585318500903, -5.482902598228419855, 13.96201200035707934 ) ) ;
#3194 = DIRECTION ( 'NONE',  ( 2.710505431213761085E-17, 0.000000000000000000, 1.000000000000000000 ) ) ;
#3195 = CARTESIAN_POINT ( 'NONE',  ( 5.000000000000000000, 7.000001873099980010, -1.750000000000000000 ) ) ;
#3196 = CYLINDRICAL_SURFACE ( 'NONE', #3105, 5.399999999997300293 ) ;
#3197 = DIRECTION ( 'NONE',  ( 0.000000000000000000, 0.000000000000000000, 1.000000000000000000 ) ) ;
#3198 = VECTOR ( 'NONE', #26, 1000.000000000000000 ) ;
#3199 = ORIENTED_EDGE ( 'NONE', *, *, #3654, .T. ) ;
#3200 = CARTESIAN_POINT ( 'NONE',  ( 20.00000000000000000, -1.271141185984809185, -11.62597830684934941 ) ) ;
#3201 = DIRECTION ( 'NONE',  ( 1.000000000000000000, 0.000000000000000000, 0.000000000000000000 ) ) ;
#3202 = ORIENTED_EDGE ( 'NONE', *, *, #3987, .T. ) ;
#3203 = DIRECTION ( 'NONE',  ( 1.000000000000000000, 0.000000000000000000, -2.710505431213761085E-17 ) ) ;
#3204 = EDGE_CURVE ( 'NONE', #2412, #710, #871, .T. ) ;
#3205 = DIRECTION ( 'NONE',  ( 0.000000000000000000, 0.000000000000000000, -1.000000000000000000 ) ) ;
#3206 = VERTEX_POINT ( 'NONE', #4337 ) ;
#3207 = EDGE_CURVE ( 'NONE', #3867, #4591, #1700, .T. ) ;
#3208 = CARTESIAN_POINT ( 'NONE',  ( 20.00000000000000000, 11.22862222243330876, 3.270659641710744303 ) ) ;
#3209 = EDGE_CURVE ( 'NONE', #2838, #322, #631, .T. ) ;
#3210 = EDGE_CURVE ( 'NONE', #1920, #2734, #1897, .T. ) ;
#3211 = AXIS2_PLACEMENT_3D ( 'NONE', #41, #2426, #4003 ) ;
#3212 = ORIENTED_EDGE ( 'NONE', *, *, #3747, .T. ) ;
#3213 = VERTEX_POINT ( 'NONE', #4445 ) ;
#3214 = PRESENTATION_STYLE_ASSIGNMENT (( #4409 ) ) ;
#3215 = CARTESIAN_POINT ( 'NONE',  ( 2.962111493884983718E-16, -11.67008492344062986, -0.7670002514486461420 ) ) ;
#3216 = CARTESIAN_POINT ( 'NONE',  ( 17.63947341468150043, 0.3769537665663789672, -14.99526278054660899 ) ) ;
#3217 = CYLINDRICAL_SURFACE ( 'NONE', #860, 3.000000000000000000 ) ;
#3218 = CARTESIAN_POINT ( 'NONE',  ( 2.360526585318500903, 4.774461252589028426, -14.21986356289331610 ) ) ;
#3219 = DIRECTION ( 'NONE',  ( -1.000000000000000000, 0.000000000000000000, 0.000000000000000000 ) ) ;
#3220 = DIRECTION ( 'NONE',  ( 0.000000000000000000, 0.000000000000000000, 1.000000000000000000 ) ) ;
#3221 = ORIENTED_EDGE ( 'NONE', *, *, #1076, .F. ) ;
#3222 = DIRECTION ( 'NONE',  ( 1.000000000000000000, 0.000000000000000000, 0.000000000000000000 ) ) ;
#3223 = EDGE_LOOP ( 'NONE', ( #854, #2196, #3865, #3294 ) ) ;
#3224 = VECTOR ( 'NONE', #4802, 1000.000000000000000 ) ;
#3225 = ORIENTED_EDGE ( 'NONE', *, *, #3833, .F. ) ;
#3226 = CARTESIAN_POINT ( 'NONE',  ( 1.877959422552408581E-18, 1.271141185985041888, -11.62597830684932809 ) ) ;
#3227 = DIRECTION ( 'NONE',  ( -1.000000000000000000, 0.000000000000000000, 0.000000000000000000 ) ) ;
#3228 = ORIENTED_EDGE ( 'NONE', *, *, #970, .F. ) ;
#3229 = VECTOR ( 'NONE', #1405, 1000.000000000000000 ) ;
#3230 = CIRCLE ( 'NONE', #1003, 1.750000000000000000 ) ;
#3231 = DIRECTION ( 'NONE',  ( -1.000000000000000000, 0.000000000000000000, 0.000000000000000000 ) ) ;
#3232 = EDGE_CURVE ( 'NONE', #3797, #3340, #4164, .T. ) ;
#3233 = CIRCLE ( 'NONE', #1008, 5.399999999997300293 ) ;
#3234 = ORIENTED_EDGE ( 'NONE', *, *, #3056, .F. ) ;
#3235 = EDGE_LOOP ( 'NONE', ( #3531, #4641, #350, #874, #3847 ) ) ;
#3236 = EDGE_CURVE ( 'NONE', #2039, #2060, #639, .T. ) ;
#3237 = CARTESIAN_POINT ( 'NONE',  ( 17.63947341468150043, -13.17475538765980048, 7.171179852374649499 ) ) ;
#3238 = CARTESIAN_POINT ( 'NONE',  ( 19.07304011633758023, 12.53200494222450168, 3.430316763067319918 ) ) ;
#3239 = VERTEX_POINT ( 'NONE', #4996 ) ;
#3240 = CARTESIAN_POINT ( 'NONE',  ( 17.63947341468150043, 9.350005781138243321, 11.72933893672002448 ) ) ;
#3241 = DIRECTION ( 'NONE',  ( -1.000000000000000000, 0.000000000000000000, -2.710505431213761085E-17 ) ) ;
#3242 = DIRECTION ( 'NONE',  ( -1.000000000000000000, -0.000000000000000000, 2.710505431213761085E-17 ) ) ;
#3243 = CARTESIAN_POINT ( 'NONE',  ( 0.000000000000000000, 5.141407353527529978, 10.42512860472031910 ) ) ;
#3244 = CARTESIAN_POINT ( 'NONE',  ( 0.000000000000000000, 0.000000000000000000, -11.69526278054659940 ) ) ;
#3245 = CIRCLE ( 'NONE', #3342, 14.99999999999250022 ) ;
#3246 = B_SPLINE_CURVE_WITH_KNOTS ( 'NONE', 3,
 ( #1387, #887, #2565, #3655, #4825, #4136 ),
 .UNSPECIFIED., .F., .F.,
 ( 4, 2, 4 ),
 ( 3.392033185212688259E-07, 0.001915482264233666883, 0.003830625325148812217 ),
 .UNSPECIFIED. ) ;
#3247 = CARTESIAN_POINT ( 'NONE',  ( 19.17957248851963925, -3.189056922125861337, -12.44316111581423812 ) ) ;
#3248 = ORIENTED_EDGE ( 'NONE', *, *, #3832, .F. ) ;
#3249 = CIRCLE ( 'NONE', #4149, 14.99999999999250022 ) ;
#3250 = CARTESIAN_POINT ( 'NONE',  ( 20.00000000000000000, 8.446785448070649238, 8.088942273270376404 ) ) ;
#3251 = CIRCLE ( 'NONE', #4479, 14.99999999999250022 ) ;
#3252 = DIRECTION ( 'NONE',  ( -1.000000000000000000, 0.000000000000000000, 0.000000000000000000 ) ) ;
#3253 = ORIENTED_EDGE ( 'NONE', *, *, #2890, .T. ) ;
#3254 = FACE_OUTER_BOUND ( 'NONE', #745, .T. ) ;
#3255 = LINE ( 'NONE', #3699, #621 ) ;
#3256 = ORIENTED_EDGE ( 'NONE', *, *, #2931, .F. ) ;
#3258 = CARTESIAN_POINT ( 'NONE',  ( 1.994063775164859331, 14.37174554113424030, 1.828600413121640234 ) ) ;
#3257 = B_SPLINE_CURVE_WITH_KNOTS ( 'NONE', 3,
 ( #929, #4837, #3769, #4862, #1772, #2140, #3744, #4452 ),
 .UNSPECIFIED., .F., .F.,
 ( 4, 2, 2, 4 ),
 ( 2.370326085434852537E-07, 0.002114442047300396903, 0.003171544554646322893, 0.004228647061992248449 ),
 .UNSPECIFIED. ) ;
#3259 = CYLINDRICAL_SURFACE ( 'NONE', #3742, 11.62399999999419897 ) ;
#3260 = DIRECTION ( 'NONE',  ( 0.000000000000000000, 0.000000000000000000, -1.000000000000000000 ) ) ;
#3261 = AXIS2_PLACEMENT_3D ( 'NONE', #4189, #714, #2642 ) ;
#3262 = AXIS2_PLACEMENT_3D ( 'NONE', #4516, #1755, #1731 ) ;
#3263 = EDGE_LOOP ( 'NONE', ( #2715, #1479, #403, #2068 ) ) ;
#3264 = ORIENTED_EDGE ( 'NONE', *, *, #2213, .T. ) ;
#3265 = DIRECTION ( 'NONE',  ( 0.000000000000000000, 0.6427876096865408062, -0.7660444431189766812 ) ) ;
#3266 = CIRCLE ( 'NONE', #2427, 11.69526278054659940 ) ;
#3267 = ORIENTED_EDGE ( 'NONE', *, *, #4116, .F. ) ;
#3268 = DIRECTION ( 'NONE',  ( 0.000000000000000000, 0.000000000000000000, 1.000000000000000000 ) ) ;
#3269 = EDGE_CURVE ( 'NONE', #1180, #1860, #1149, .T. ) ;
#3270 = DIRECTION ( 'NONE',  ( -1.000000000000000000, 0.000000000000000000, -2.710505431213761085E-17 ) ) ;
#3271 = AXIS2_PLACEMENT_3D ( 'NONE', #317, #2050, #2750 ) ;
#3272 = ORIENTED_EDGE ( 'NONE', *, *, #346, .F. ) ;
#3273 = CARTESIAN_POINT ( 'NONE',  ( 10.00000000000000000, 13.17475538765983956, -7.171179852374559793 ) ) ;
#3274 = AXIS2_PLACEMENT_3D ( 'NONE', #4931, #4582, #4148 ) ;
#3275 = CARTESIAN_POINT ( 'NONE',  ( 20.00000000000000000, 0.000000000000000000, 0.000000000000000000 ) ) ;
#3276 = LINE ( 'NONE', #3739, #2181 ) ;
#3277 = CARTESIAN_POINT ( 'NONE',  ( 19.58410761540263678, -8.851328473954666265, 8.508338376994181829 ) ) ;
#3278 = EDGE_CURVE ( 'NONE', #1180, #4879, #4817, .T. ) ;
#3279 = EDGE_CURVE ( 'NONE', #3820, #2653, #366, .T. ) ;
#3280 = EDGE_CURVE ( 'NONE', #1594, #1394, #1379, .T. ) ;
#3281 = CARTESIAN_POINT ( 'NONE',  ( 20.00000000000000000, -12.53200494222450168, 3.430316763067235097 ) ) ;
#3282 = DIRECTION ( 'NONE',  ( 0.000000000000000000, 0.000000000000000000, -1.000000000000000000 ) ) ;
#3283 = ORIENTED_EDGE ( 'NONE', *, *, #2219, .T. ) ;
#3284 = DIRECTION ( 'NONE',  ( 1.000000000000000000, 0.000000000000000000, 0.000000000000000000 ) ) ;
#3285 = AXIS2_PLACEMENT_3D ( 'NONE', #1156, #4222, #1565 ) ;
#3286 = CARTESIAN_POINT ( 'NONE',  ( 20.00000000000000000, 2.762596963522215177, -11.29094477964544119 ) ) ;
#3287 = ORIENTED_EDGE ( 'NONE', *, *, #1967, .F. ) ;
#3288 = FACE_OUTER_BOUND ( 'NONE', #4926, .T. ) ;
#3289 = DIRECTION ( 'NONE',  ( -1.000000000000000000, 0.000000000000000000, 0.000000000000000000 ) ) ;
#3290 = ORIENTED_EDGE ( 'NONE', *, *, #447, .T. ) ;
#3291 = CARTESIAN_POINT ( 'NONE',  ( 0.000000000000000000, -0.2738250307121669613, -5.244644099306180252 ) ) ;
#3292 = CARTESIAN_POINT ( 'NONE',  ( 1.892776892788922259E-16, 10.70396315057084458, -4.712148594564912862 ) ) ;
#3293 = ORIENTED_EDGE ( 'NONE', *, *, #4610, .F. ) ;
#3294 = ORIENTED_EDGE ( 'NONE', *, *, #176, .T. ) ;
#3295 = CARTESIAN_POINT ( 'NONE',  ( 10.00000000000000000, -5.482902598228220015, -13.96201200035713974 ) ) ;
#3296 = ORIENTED_EDGE ( 'NONE', *, *, #2280, .F. ) ;
#3297 = LINE ( 'NONE', #915, #2261 ) ;
#3298 = AXIS2_PLACEMENT_3D ( 'NONE', #1576, #3191, #2774 ) ;
#3299 = CARTESIAN_POINT ( 'NONE',  ( 19.58555302933850228, -1.287972636582155106, -12.20786191831830259 ) ) ;
#3300 = ORIENTED_EDGE ( 'NONE', *, *, #233, .F. ) ;
#3301 = AXIS2_PLACEMENT_3D ( 'NONE', #4108, #2485, #4790 ) ;
#3302 = LINE ( 'NONE', #4114, #3760 ) ;
#3303 = DIRECTION ( 'NONE',  ( -1.000000000000000000, 0.000000000000000000, -2.710505431213761085E-17 ) ) ;
#3304 = EDGE_CURVE ( 'NONE', #2481, #408, #2670, .T. ) ;
#3305 = UNCERTAINTY_MEASURE_WITH_UNIT (LENGTH_MEASURE( 1.000000000000000082E-05 ), #5011, 'distance_accuracy_value', 'NONE');
#3306 = DIRECTION ( 'NONE',  ( -1.000000000000000000, 0.000000000000000000, 0.000000000000000000 ) ) ;
#3307 = EDGE_CURVE ( 'NONE', #1048, #2711, #3507, .T. ) ;
#3308 = EDGE_CURVE ( 'NONE', #2608, #2015, #1857, .T. ) ;
#3309 = EDGE_LOOP ( 'NONE', ( #1116, #2117, #4243, #730 ) ) ;
#3310 = EDGE_CURVE ( 'NONE', #4868, #2412, #3842, .T. ) ;
#3311 = FACE_OUTER_BOUND ( 'NONE', #1132, .T. ) ;
#3312 = CARTESIAN_POINT ( 'NONE',  ( 18.58543164176566620, 3.688218076893521324, 13.16928527808500071 ) ) ;
#3313 = ORIENTED_EDGE ( 'NONE', *, *, #3429, .F. ) ;
#3314 = CARTESIAN_POINT ( 'NONE',  ( 0.8242227264517597574, -3.214899911673855026, -12.44061307344669665 ) ) ;
#3315 = CARTESIAN_POINT ( 'NONE',  ( 0.8204274408539320440, 12.37062199006353858, -3.459776240374140333 ) ) ;
#3316 = ORIENTED_EDGE ( 'NONE', *, *, #241, .F. ) ;
#3317 = DIRECTION ( 'NONE',  ( 0.000000000000000000, 0.000000000000000000, -1.000000000000000000 ) ) ;
#3318 = AXIS2_PLACEMENT_3D ( 'NONE', #208, #1006, #3840 ) ;
#3319 = CARTESIAN_POINT ( 'NONE',  ( 18.37834286129558237, 12.54705127354141503, 6.135719052459648104 ) ) ;
#3320 = CARTESIAN_POINT ( 'NONE',  ( 0.000000000000000000, -0.2738250307121675164, -8.744644099306180252 ) ) ;
#3321 = CARTESIAN_POINT ( 'NONE',  ( 1.877959422551830802E-18, -1.271141185984809185, -11.62597830684934941 ) ) ;
#3322 = AXIS2_PLACEMENT_3D ( 'NONE', #2833, #246, #1256 ) ;
#3323 = ORIENTED_EDGE ( 'NONE', *, *, #893, .T. ) ;
#3324 = ORIENTED_EDGE ( 'NONE', *, *, #966, .F. ) ;
#3325 = VECTOR ( 'NONE', #3976, 1000.000000000000000 ) ;
#3326 = DIRECTION ( 'NONE',  ( -1.000000000000000000, 0.000000000000000000, 0.000000000000000000 ) ) ;
#3327 = ORIENTED_EDGE ( 'NONE', *, *, #1404, .F. ) ;
#3328 = CARTESIAN_POINT ( 'NONE',  ( 17.82022048831344918, -0.5486056727706536407, 14.73782191836584943 ) ) ;
#3329 = DIRECTION ( 'NONE',  ( 0.000000000000000000, 0.9848077530122074652, 0.1736481776669340504 ) ) ;
#3330 = EDGE_LOOP ( 'NONE', ( #3357, #3778, #3732, #4786, #1233, #222 ) ) ;
#3331 = DIRECTION ( 'NONE',  ( 1.000000000000000000, 0.000000000000000000, -2.710505431213761085E-17 ) ) ;
#3332 = CARTESIAN_POINT ( 'NONE',  ( 20.00000000000000000, -2.781836774362537845, -11.35960191498112337 ) ) ;
#3333 = CARTESIAN_POINT ( 'NONE',  ( 18.58543183159884649, -9.560826451078705546, 9.778732924912747038 ) ) ;
#3334 = ORIENTED_EDGE ( 'NONE', *, *, #5069, .T. ) ;
#3335 = ADVANCED_FACE ( 'NONE', ( #2024 ), #840, .T. ) ;
#3336 = CONICAL_SURFACE ( 'NONE', #1361, 11.69526278054659940, 0.9505468408120750778 ) ;
#3337 = CARTESIAN_POINT ( 'NONE',  ( 2.283493256363487266E-16, -11.22862222243328389, -3.270659641710822907 ) ) ;
#3338 = EDGE_CURVE ( 'NONE', #2707, #408, #2435, .T. ) ;
#3339 = CARTESIAN_POINT ( 'NONE',  ( 0.000000000000000000, -11.59912988617140073, 0.7599749230010899304 ) ) ;
#3340 = VERTEX_POINT ( 'NONE', #1635 ) ;
#3341 = DIRECTION ( 'NONE',  ( 1.000000000000000000, 0.000000000000000000, 0.000000000000000000 ) ) ;
#3342 = AXIS2_PLACEMENT_3D ( 'NONE', #4322, #1160, #850 ) ;
#3343 = CARTESIAN_POINT ( 'NONE',  ( 20.00000000000000000, -10.86616072683654011, 6.546552603037510742 ) ) ;
#3344 = ORIENTED_EDGE ( 'NONE', *, *, #994, .T. ) ;
#3345 = DIRECTION ( 'NONE',  ( 0.000000000000000000, 0.8660254037844389297, -0.4999999999999993339 ) ) ;
#3346 = CARTESIAN_POINT ( 'NONE',  ( 20.00000000000000000, -10.70396315057080905, 4.712148594564989246 ) ) ;
#3347 = DIRECTION ( 'NONE',  ( 2.710505431213761085E-17, 0.000000000000000000, 1.000000000000000000 ) ) ;
#3348 = AXIS2_PLACEMENT_3D ( 'NONE', #3849, #242, #1788 ) ;
#3349 = ORIENTED_EDGE ( 'NONE', *, *, #2785, .T. ) ;
#3350 = ORIENTED_EDGE ( 'NONE', *, *, #5000, .T. ) ;
#3351 = DIRECTION ( 'NONE',  ( 0.000000000000000000, 0.000000000000000000, 1.000000000000000000 ) ) ;
#3352 = CONICAL_SURFACE ( 'NONE', #4393, 11.69526278054659940, 0.9505468408120750778 ) ;
#3353 = DIRECTION ( 'NONE',  ( 1.000000000000000000, 0.000000000000000000, 0.000000000000000000 ) ) ;
#3354 = AXIS2_PLACEMENT_3D ( 'NONE', #734, #1040, #2225 ) ;
#3355 = VECTOR ( 'NONE', #491, 1000.000000000000000 ) ;
#3356 = FACE_OUTER_BOUND ( 'NONE', #3562, .T. ) ;
#3357 = ORIENTED_EDGE ( 'NONE', *, *, #4488, .T. ) ;
#3358 = CONICAL_SURFACE ( 'NONE', #1112, 11.69526278054659940, 0.9505468408120750778 ) ;
#3359 = CARTESIAN_POINT ( 'NONE',  ( 19.17577717085013589, -9.166437085429368636, -9.004491653679586705 ) ) ;
#3360 = DIRECTION ( 'NONE',  ( 0.000000000000000000, 0.000000000000000000, 1.000000000000000000 ) ) ;
#3361 = ORIENTED_EDGE ( 'NONE', *, *, #4756, .T. ) ;
#3362 = AXIS2_PLACEMENT_3D ( 'NONE', #1344, #4066, #3360 ) ;
#3363 = CARTESIAN_POINT ( 'NONE',  ( 1.998619431521950984, -14.13467269091131406, -3.224091146785243556 ) ) ;
#3364 = FACE_OUTER_BOUND ( 'NONE', #3653, .T. ) ;
#3365 = ORIENTED_EDGE ( 'NONE', *, *, #3168, .F. ) ;
#3366 = CARTESIAN_POINT ( 'NONE',  ( 17.63947341468150043, 0.000000000000000000, -6.398220130030271836E-17 ) ) ;
#3367 = VERTEX_POINT ( 'NONE', #3244 ) ;
#3368 = CARTESIAN_POINT ( 'NONE',  ( 0.000000000000000000, -4.560206750522420194, -11.83787625878360039 ) ) ;
#3369 = CYLINDRICAL_SURFACE ( 'NONE', #635, 14.99999999999250022 ) ;
#3370 = DIRECTION ( 'NONE',  ( 0.000000000000000000, -0.6427876096865459132, 0.7660444431189725734 ) ) ;
#3371 = AXIS2_PLACEMENT_3D ( 'NONE', #4372, #3970, #818 ) ;
#3372 = ADVANCED_FACE ( 'NONE', ( #3986 ), #4801, .F. ) ;
#3373 = ORIENTED_EDGE ( 'NONE', *, *, #2437, .F. ) ;
#3374 = ORIENTED_EDGE ( 'NONE', *, *, #3279, .T. ) ;
#3375 = ADVANCED_FACE ( 'NONE', ( #69 ), #3196, .T. ) ;
#3376 = EDGE_CURVE ( 'NONE', #4202, #2482, #1121, .T. ) ;
#3377 = CARTESIAN_POINT ( 'NONE',  ( 2.360526585318501347, 0.000000000000000000, -6.398220130030271836E-17 ) ) ;
#3378 = EDGE_CURVE ( 'NONE', #1038, #3010, #789, .T. ) ;
#3379 = B_SPLINE_CURVE_WITH_KNOTS ( 'NONE', 3,
 ( #1058, #2985, #220, #3781 ),
 .UNSPECIFIED., .F., .F.,
 ( 4, 4 ),
 ( 2.336102914038499920E-07, 0.0004051865256867758815 ),
 .UNSPECIFIED. ) ;
#3380 = CARTESIAN_POINT ( 'NONE',  ( 20.00000000000000000, 0.000000000000000000, 0.000000000000000000 ) ) ;
#3381 = ORIENTED_EDGE ( 'NONE', *, *, #1718, .T. ) ;
#3382 = CIRCLE ( 'NONE', #4992, 14.99999999999250022 ) ;
#3383 = CARTESIAN_POINT ( 'NONE',  ( 20.00000000000000000, 2.781836774362770992, -11.35960191498106653 ) ) ;
#3384 = CARTESIAN_POINT ( 'NONE',  ( 20.00000000000000000, -10.70396315057074688, -4.712148594565133131 ) ) ;
#3385 = CIRCLE ( 'NONE', #2630, 5.399999999997300293 ) ;
#3386 = CARTESIAN_POINT ( 'NONE',  ( 20.00000000000000000, 0.000000000000000000, -8.592322081196679186E-33 ) ) ;
#3387 = CARTESIAN_POINT ( 'NONE',  ( 19.17957248851963925, 3.189056922125951488, 12.44316111581421147 ) ) ;
#3388 = CARTESIAN_POINT ( 'NONE',  ( 5.000000000000000000, 7.000001873099980010, 3.000000000000000000 ) ) ;
#3389 = VERTEX_POINT ( 'NONE', #4282 ) ;
#3390 = CARTESIAN_POINT ( 'NONE',  ( 2.153576846227663655, 12.44990391086185966, 7.835301323466116408 ) ) ;
#3391 = DIRECTION ( 'NONE',  ( 0.000000000000000000, 0.000000000000000000, -1.000000000000000000 ) ) ;
#3392 = ORIENTED_EDGE ( 'NONE', *, *, #1431, .T. ) ;
#3393 = ORIENTED_EDGE ( 'NONE', *, *, #1900, .F. ) ;
#3394 = LINE ( 'NONE', #281, #1096 ) ;
#3395 = AXIS2_PLACEMENT_3D ( 'NONE', #2082, #954, #1667 ) ;
#3396 = EDGE_CURVE ( 'NONE', #1973, #3010, #2327, .T. ) ;
#3397 = CARTESIAN_POINT ( 'NONE',  ( 20.00000000000000000, 0.000000000000000000, 0.000000000000000000 ) ) ;
#3398 = CARTESIAN_POINT ( 'NONE',  ( 10.00000000000000000, -14.83290837936660012, -2.232673063637195199 ) ) ;
#3399 = ADVANCED_FACE ( 'NONE', ( #1665 ), #3930, .T. ) ;
#3400 = CONICAL_SURFACE ( 'NONE', #4051, 11.69526278054659940, 0.9505468408120750778 ) ;
#3401 = CARTESIAN_POINT ( 'NONE',  ( 20.00000000000000000, 0.000000000000000000, 0.000000000000000000 ) ) ;
#3402 = CARTESIAN_POINT ( 'NONE',  ( 5.000000000000000000, -0.2738250307121669613, -5.244644099306180252 ) ) ;
#3403 = CARTESIAN_POINT ( 'NONE',  ( 20.00000000000000000, 6.499284164183803725, 9.723089882297101028 ) ) ;
#3404 = DIRECTION ( 'NONE',  ( 0.000000000000000000, 0.9848077530122085754, -0.1736481776669274169 ) ) ;
#3405 = DIRECTION ( 'NONE',  ( 0.000000000000000000, 0.000000000000000000, 1.000000000000000000 ) ) ;
#3406 = ORIENTED_EDGE ( 'NONE', *, *, #4180, .T. ) ;
#3407 = ORIENTED_EDGE ( 'NONE', *, *, #4179, .T. ) ;
#3408 = DIRECTION ( 'NONE',  ( 1.000000000000000000, 0.000000000000000000, 0.000000000000000000 ) ) ;
#3409 = EDGE_LOOP ( 'NONE', ( #4425, #1412, #675, #3635 ) ) ;
#3410 = CIRCLE ( 'NONE', #2247, 14.99999999999250022 ) ;
#3411 = ORIENTED_EDGE ( 'NONE', *, *, #4286, .T. ) ;
#3412 = ORIENTED_EDGE ( 'NONE', *, *, #3013, .T. ) ;
#3413 = DIRECTION ( 'NONE',  ( 1.000000000000000000, 0.000000000000000000, 0.000000000000000000 ) ) ;
#3414 = CARTESIAN_POINT ( 'NONE',  ( 2.179779468168947965, -13.03763098112640151, -6.893804443121106296 ) ) ;
#3415 = CARTESIAN_POINT ( 'NONE',  ( 3.170007328614371243E-16, 0.000000000000000000, -8.592322081196679186E-33 ) ) ;
#3416 = CIRCLE ( 'NONE', #200, 5.399999999997302957 ) ;
#3417 = CYLINDRICAL_SURFACE ( 'NONE', #3879, 14.99999999999250022 ) ;
#3418 = ORIENTED_EDGE ( 'NONE', *, *, #1531, .T. ) ;
#3419 = CARTESIAN_POINT ( 'NONE',  ( 20.00000000000000000, 6.457722532643810354, 9.665153681719150569 ) ) ;
#3420 = ADVANCED_FACE ( 'NONE', ( #1970 ), #54, .T. ) ;
#3421 = CARTESIAN_POINT ( 'NONE',  ( 18.38825446147738418, 0.9397692827735690813, -13.92070465647198318 ) ) ;
#3422 = EDGE_CURVE ( 'NONE', #5053, #4273, #24, .T. ) ;
#3423 = AXIS2_PLACEMENT_3D ( 'NONE', #4658, #2263, #4588 ) ;
#3424 = ORIENTED_EDGE ( 'NONE', *, *, #4256, .T. ) ;
#3425 = ADVANCED_FACE ( 'NONE', ( #1583 ), #2803, .T. ) ;
#3426 = EDGE_CURVE ( 'NONE', #752, #2121, #2110, .T. ) ;
#3427 = CARTESIAN_POINT ( 'NONE',  ( 17.63947341468150043, 9.927532457519898657, 11.24473651557313758 ) ) ;
#3428 = CIRCLE ( 'NONE', #1197, 3.000000000000000000 ) ;
#3429 = EDGE_CURVE ( 'NONE', #3096, #2608, #1364, .T. ) ;
#3430 = CARTESIAN_POINT ( 'NONE',  ( 0.000000000000000000, -7.971798191701890524, -9.868193021853640445 ) ) ;
#3431 = DIRECTION ( 'NONE',  ( -1.000000000000000000, 0.000000000000000000, 0.000000000000000000 ) ) ;
#3432 = ORIENTED_EDGE ( 'NONE', *, *, #1688, .F. ) ;
#3433 = AXIS2_PLACEMENT_3D ( 'NONE', #149, #2493, #952 ) ;
#3434 = ORIENTED_EDGE ( 'NONE', *, *, #2758, .T. ) ;
#3435 = DIRECTION ( 'NONE',  ( -1.000000000000000000, 0.000000000000000000, 0.000000000000000000 ) ) ;
#3436 = ORIENTED_EDGE ( 'NONE', *, *, #3799, .F. ) ;
#3437 = ORIENTED_EDGE ( 'NONE', *, *, #4498, .T. ) ;
#3438 = ORIENTED_EDGE ( 'NONE', *, *, #1113, .T. ) ;
#3439 = FACE_OUTER_BOUND ( 'NONE', #3594, .T. ) ;
#3440 = CARTESIAN_POINT ( 'NONE',  ( 5.000000000000000000, 7.000001873099980010, -1.843143693225354777E-15 ) ) ;
#3441 = EDGE_LOOP ( 'NONE', ( #3607, #3160, #2739, #2676 ) ) ;
#3442 = CARTESIAN_POINT ( 'NONE',  ( 17.63947341468150043, -12.79780162109346620, -7.824082928171993245 ) ) ;
#3443 = CYLINDRICAL_SURFACE ( 'NONE', #4080, 11.62399999999419897 ) ;
#3444 = EDGE_LOOP ( 'NONE', ( #325, #2600, #3891, #206 ) ) ;
#3445 = DIRECTION ( 'NONE',  ( -1.000000000000000000, 0.000000000000000000, 0.000000000000000000 ) ) ;
#3446 = EDGE_CURVE ( 'NONE', #1670, #3049, #549, .T. ) ;
#3447 = CARTESIAN_POINT ( 'NONE',  ( 1.611745380925706961, 8.228151221615227939, -11.26795037950023648 ) ) ;
#3448 = AXIS2_PLACEMENT_3D ( 'NONE', #565, #2976, #4533 ) ;
#3449 = CARTESIAN_POINT ( 'NONE',  ( 17.63947341468150043, 5.482902598228318602, 13.96201200035711842 ) ) ;
#3450 = ADVANCED_FACE ( 'NONE', ( #2861 ), #3766, .T. ) ;
#3451 = CARTESIAN_POINT ( 'NONE',  ( 3.170007328614371243E-16, 0.000000000000000000, -8.592322081196679186E-33 ) ) ;
#3452 = ORIENTED_EDGE ( 'NONE', *, *, #4325, .T. ) ;
#3453 = EDGE_CURVE ( 'NONE', #4879, #2338, #3570, .T. ) ;
#3454 = ORIENTED_EDGE ( 'NONE', *, *, #2339, .F. ) ;
#3455 = DIRECTION ( 'NONE',  ( 0.000000000000000000, -0.3420201433256759294, 0.9396926207859057634 ) ) ;
#3456 = VERTEX_POINT ( 'NONE', #4419 ) ;
#3457 = CARTESIAN_POINT ( 'NONE',  ( 19.79191360666886013, 6.670787904806386059, -9.958860974996403215 ) ) ;
#3458 = ORIENTED_EDGE ( 'NONE', *, *, #2162, .F. ) ;
#3459 = DIRECTION ( 'NONE',  ( -1.000000000000000000, 0.000000000000000000, 0.000000000000000000 ) ) ;
#3460 = CARTESIAN_POINT ( 'NONE',  ( 2.360526585318501347, -13.17475538765970278, -7.171179852374827135 ) ) ;
#3461 = DIRECTION ( 'NONE',  ( 2.710505431213761085E-17, 0.000000000000000000, 1.000000000000000000 ) ) ;
#3462 = DIRECTION ( 'NONE',  ( 1.000000000000000000, 0.000000000000000000, -2.710505431213761085E-17 ) ) ;
#3463 = ORIENTED_EDGE ( 'NONE', *, *, #4729, .F. ) ;
#3464 = VERTEX_POINT ( 'NONE', #2079 ) ;
#3465 = CARTESIAN_POINT ( 'NONE',  ( 0.000000000000000000, -7.000001873099980010, -1.844327237370754842E-15 ) ) ;
#3466 = DIRECTION ( 'NONE',  ( 0.000000000000000000, 0.000000000000000000, 1.000000000000000000 ) ) ;
#3467 = AXIS2_PLACEMENT_3D ( 'NONE', #1087, #3828, #2663 ) ;
#3468 = EDGE_CURVE ( 'NONE', #1439, #162, #2530, .T. ) ;
#3469 = CIRCLE ( 'NONE', #1657, 11.69526278054659940 ) ;
#3470 = COLOUR_RGB ( '',0.7921568627450980005, 0.8196078431372548767, 0.9333333333333333481 ) ;
#3471 = CARTESIAN_POINT ( 'NONE',  ( 0.9269598836624191041, 12.53200494222450168, 3.430316763067319918 ) ) ;
#3472 = CARTESIAN_POINT ( 'NONE',  ( 20.00000000000000000, 0.000000000000000000, 4.438010260060118261E-16 ) ) ;
#3473 = CARTESIAN_POINT ( 'NONE',  ( 10.00000000000000000, -12.79780162109346087, -7.824082928171990581 ) ) ;
#3474 = AXIS2_PLACEMENT_3D ( 'NONE', #3397, #4160, #4989 ) ;
#3475 = CARTESIAN_POINT ( 'NONE',  ( 0.4144469885218918792, -12.24605119035005352, 0.8514675473764290459 ) ) ;
#3476 = DIRECTION ( 'NONE',  ( -1.000000000000000000, 0.000000000000000000, 0.000000000000000000 ) ) ;
#3477 = DIRECTION ( 'NONE',  ( 0.000000000000000000, 0.000000000000000000, -1.000000000000000000 ) ) ;
#3478 = ORIENTED_EDGE ( 'NONE', *, *, #580, .F. ) ;
#3479 = EDGE_CURVE ( 'NONE', #1163, #4662, #2945, .T. ) ;
#3480 = VERTEX_POINT ( 'NONE', #121 ) ;
#3481 = ORIENTED_EDGE ( 'NONE', *, *, #771, .F. ) ;
#3482 = CARTESIAN_POINT ( 'NONE',  ( 20.00000000000000000, 0.000000000000000000, 0.000000000000000000 ) ) ;
#3483 = ORIENTED_EDGE ( 'NONE', *, *, #4642, .F. ) ;
#3484 = EDGE_CURVE ( 'NONE', #2711, #1048, #967, .T. ) ;
#3485 = DIRECTION ( 'NONE',  ( 0.000000000000000000, -0.3420201433256567780, -0.9396926207859126468 ) ) ;
#3486 = CARTESIAN_POINT ( 'NONE',  ( 2.360526585318500903, -0.3769537665662799908, 14.99526278054659834 ) ) ;
#3487 = ORIENTED_EDGE ( 'NONE', *, *, #1839, .T. ) ;
#3488 = EDGE_CURVE ( 'NONE', #969, #3456, #175, .T. ) ;
#3489 = CARTESIAN_POINT ( 'NONE',  ( 0.000000000000000000, 0.000000000000000000, 0.000000000000000000 ) ) ;
#3490 = VECTOR ( 'NONE', #3973, 1000.000000000000000 ) ;
#3491 = EDGE_CURVE ( 'NONE', #3049, #3638, #990, .T. ) ;
#3492 = CARTESIAN_POINT ( 'NONE',  ( 5.000000000000000000, -7.000001873099980010, -3.000000000000000000 ) ) ;
#3493 = ORIENTED_EDGE ( 'NONE', *, *, #4225, .T. ) ;
#3494 = CYLINDRICAL_SURFACE ( 'NONE', #3733, 1.750000000000000000 ) ;
#3495 = CARTESIAN_POINT ( 'NONE',  ( 20.00000000000000000, 9.432821964585855312, 6.913829712284300655 ) ) ;
#3496 = AXIS2_PLACEMENT_3D ( 'NONE', #307, #4614, #2199 ) ;
#3497 = DIRECTION ( 'NONE',  ( 0.000000000000000000, 0.000000000000000000, 1.000000000000000000 ) ) ;
#3498 = DIRECTION ( 'NONE',  ( 2.710505431213761085E-17, 0.000000000000000000, 1.000000000000000000 ) ) ;
#3499 = AXIS2_PLACEMENT_3D ( 'NONE', #1297, #2872, #1265 ) ;
#3500 = CIRCLE ( 'NONE', #5041, 3.000000000000000000 ) ;
#3501 = LINE ( 'NONE', #3047, #5071 ) ;
#3502 = CARTESIAN_POINT ( 'NONE',  ( 0.000000000000000000, 8.333984767424768236, 9.564282399747209951 ) ) ;
#3503 = ORIENTED_EDGE ( 'NONE', *, *, #2545, .T. ) ;
#3504 = AXIS2_PLACEMENT_3D ( 'NONE', #613, #2996, #1701 ) ;
#3505 = CARTESIAN_POINT ( 'NONE',  ( 20.00000000000000000, -5.170800759256704460, -10.49009013374569932 ) ) ;
#3506 = VERTEX_POINT ( 'NONE', #1767 ) ;
#3507 = CIRCLE ( 'NONE', #3271, 1.750000000000000000 ) ;
#3508 = ORIENTED_EDGE ( 'NONE', *, *, #3054, .F. ) ;
#3509 = DIRECTION ( 'NONE',  ( 1.000000000000000000, 0.000000000000000000, 0.000000000000000000 ) ) ;
#3510 = EDGE_LOOP ( 'NONE', ( #4073, #2000, #126, #1982 ) ) ;
#3511 = CYLINDRICAL_SURFACE ( 'NONE', #692, 5.399999999997300293 ) ;
#3512 = EDGE_CURVE ( 'NONE', #2914, #4234, #3926, .T. ) ;
#3513 = CARTESIAN_POINT ( 'NONE',  ( 17.63947341468150043, 0.000000000000000000, -6.398220130030271836E-17 ) ) ;
#3514 = VERTEX_POINT ( 'NONE', #1285 ) ;
#3515 = ORIENTED_EDGE ( 'NONE', *, *, #382, .T. ) ;
#3516 = EDGE_CURVE ( 'NONE', #4939, #1625, #2550, .T. ) ;
#3517 = EDGE_CURVE ( 'NONE', #258, #1336, #458, .T. ) ;
#3518 = CARTESIAN_POINT ( 'NONE',  ( 17.63947341468150043, -5.482902598228226232, -13.96201200035715395 ) ) ;
#3519 = ADVANCED_FACE ( 'NONE', ( #4115 ), #534, .T. ) ;
#3520 = CYLINDRICAL_SURFACE ( 'NONE', #3852, 14.99999999999250022 ) ;
#3521 = CARTESIAN_POINT ( 'NONE',  ( 9.098105991612888931E-18, 2.781836774362770992, -11.35960191498106653 ) ) ;
#3522 = CARTESIAN_POINT ( 'NONE',  ( 50.00005080000000390, 0.000000000000000000, 3.000000000000000000 ) ) ;
#3523 = LINE ( 'NONE', #2322, #1442 ) ;
#3524 = CIRCLE ( 'NONE', #2617, 11.62399999999419897 ) ;
#3525 = CYLINDRICAL_SURFACE ( 'NONE', #944, 5.399999999997300293 ) ;
#3526 = FACE_OUTER_BOUND ( 'NONE', #2430, .T. ) ;
#3527 = DIRECTION ( 'NONE',  ( -2.710505431213761085E-17, 0.000000000000000000, -1.000000000000000000 ) ) ;
#3528 = APPLICATION_CONTEXT ( 'automotive_design' ) ;
#3529 = CARTESIAN_POINT ( 'NONE',  ( 20.00000000000000000, 0.000000000000000000, 0.000000000000000000 ) ) ;
#3530 = CARTESIAN_POINT ( 'NONE',  ( 1.892776892788922259E-16, 10.70396315057084458, -4.712148594564912862 ) ) ;
#3531 = ORIENTED_EDGE ( 'NONE', *, *, #5069, .F. ) ;
#3532 = LINE ( 'NONE', #4219, #3994 ) ;
#3533 = EDGE_LOOP ( 'NONE', ( #1878, #2540, #3436, #51 ) ) ;
#3534 = EDGE_LOOP ( 'NONE', ( #3568, #4217, #671, #1549 ) ) ;
#3535 = CARTESIAN_POINT ( 'NONE',  ( 20.00000000000000000, -4.115919143437120731, 11.99958372321600031 ) ) ;
#3536 = AXIS2_PLACEMENT_3D ( 'NONE', #838, #2354, #3928 ) ;
#3537 = ORIENTED_EDGE ( 'NONE', *, *, #4585, .T. ) ;
#3538 = DIRECTION ( 'NONE',  ( -1.000000000000000000, 0.000000000000000000, 0.000000000000000000 ) ) ;
#3539 = LINE ( 'NONE', #1906, #928 ) ;
#3540 = ORIENTED_EDGE ( 'NONE', *, *, #4577, .F. ) ;
#3541 = ORIENTED_EDGE ( 'NONE', *, *, #3054, .T. ) ;
#3542 = CARTESIAN_POINT ( 'NONE',  ( 19.58555301147810823, 12.24605119035004819, 0.8514675473765207503 ) ) ;
#3543 = DIRECTION ( 'NONE',  ( 1.000000000000000000, 0.000000000000000000, -2.710505431213761085E-17 ) ) ;
#3544 = ORIENTED_EDGE ( 'NONE', *, *, #2826, .T. ) ;
#3545 = CARTESIAN_POINT ( 'NONE',  ( 10.00000000000000000, 9.350005781138399641, -11.72933893671990013 ) ) ;
#3546 = EDGE_CURVE ( 'NONE', #1012, #4879, #2972, .T. ) ;
#3547 = EDGE_CURVE ( 'NONE', #2547, #1163, #1194, .T. ) ;
#3548 = AXIS2_PLACEMENT_3D ( 'NONE', #3816, #230, #1025 ) ;
#3549 = AXIS2_PLACEMENT_3D ( 'NONE', #479, #562, #3282 ) ;
#3550 = DIRECTION ( 'NONE',  ( -1.000000000000000000, 0.000000000000000000, 0.000000000000000000 ) ) ;
#3551 = DIRECTION ( 'NONE',  ( 1.000000000000000000, 0.000000000000000000, -2.710505431213761085E-17 ) ) ;
#3552 = CARTESIAN_POINT ( 'NONE',  ( 17.63947341468150043, -4.774461252588941385, 14.21986356289334807 ) ) ;
#3553 = CARTESIAN_POINT ( 'NONE',  ( 3.170007328614371243E-16, 0.000000000000000000, -8.592322081196679186E-33 ) ) ;
#3554 = CIRCLE ( 'NONE', #4221, 5.399999999997306510 ) ;
#3555 = DIRECTION ( 'NONE',  ( 1.000000000000000000, 0.000000000000000000, 0.000000000000000000 ) ) ;
#3556 = ORIENTED_EDGE ( 'NONE', *, *, #1076, .T. ) ;
#3557 = DIRECTION ( 'NONE',  ( -1.000000000000000000, 0.000000000000000000, 0.000000000000000000 ) ) ;
#3558 = CARTESIAN_POINT ( 'NONE',  ( 0.000000000000000000, 11.15954349366136000, -3.252993238994709824 ) ) ;
#3559 = ORIENTED_EDGE ( 'NONE', *, *, #2824, .F. ) ;
#3560 = FACE_OUTER_BOUND ( 'NONE', #2870, .T. ) ;
#3561 = DIRECTION ( 'NONE',  ( 1.000000000000000000, 0.000000000000000000, -2.710505431213761085E-17 ) ) ;
#3562 = EDGE_LOOP ( 'NONE', ( #488, #469, #1272, #3818, #4617, #1469 ) ) ;
#3563 = CARTESIAN_POINT ( 'NONE',  ( 19.58410759442271498, -11.79410144397426663, -3.411306134283210945 ) ) ;
#3564 = ORIENTED_EDGE ( 'NONE', *, *, #3954, .F. ) ;
#3565 = VERTEX_POINT ( 'NONE', #3208 ) ;
#3566 = CARTESIAN_POINT ( 'NONE',  ( 18.00593651108716386, 5.602258419520681265, -13.36059648213980466 ) ) ;
#3567 = DIRECTION ( 'NONE',  ( -1.000000000000000000, 0.000000000000000000, 0.000000000000000000 ) ) ;
#3568 = ORIENTED_EDGE ( 'NONE', *, *, #2194, .F. ) ;
#3569 = CARTESIAN_POINT ( 'NONE',  ( 0.000000000000000000, 8.396946530139320686, -8.037951540650530191 ) ) ;
#3570 = B_SPLINE_CURVE_WITH_KNOTS ( 'NONE', 3,
 ( #3740, #503, #1696, #4884, #561, #1795, #977, #3384 ),
 .UNSPECIFIED., .F., .F.,
 ( 4, 2, 2, 4 ),
 ( 2.537785526857695489E-07, 0.002114458850050216897, 0.003171561385798980694, 0.004228663921547744058 ),
 .UNSPECIFIED. ) ;
#3571 = B_SPLINE_CURVE_WITH_KNOTS ( 'NONE', 3,
 ( #2787, #2417, #2762, #4294, #4319, #1903, #4708, #4349 ),
 .UNSPECIFIED., .F., .F.,
 ( 4, 2, 2, 4 ),
 ( 3.392033185215244710E-07, 0.002116429821915280594, 0.003174475131213658815, 0.004232520440512036602 ),
 .UNSPECIFIED. ) ;
#3572 =( GEOMETRIC_REPRESENTATION_CONTEXT ( 3 ) GLOBAL_UNCERTAINTY_ASSIGNED_CONTEXT ( ( #3305 ) ) GLOBAL_UNIT_ASSIGNED_CONTEXT ( ( #5011, #1084, #4637 ) ) REPRESENTATION_CONTEXT ( 'NONE', 'WORKASPACE' ) );
#3573 = CARTESIAN_POINT ( 'NONE',  ( 3.170007328614371243E-16, 0.000000000000000000, -8.592322081196679186E-33 ) ) ;
#3574 = CARTESIAN_POINT ( 'NONE',  ( 2.360526585318500903, 9.927532457520051423, -11.24473651557300080 ) ) ;
#3575 = CARTESIAN_POINT ( 'NONE',  ( 20.00000000000000000, 0.000000000000000000, 0.000000000000000000 ) ) ;
#3576 = EDGE_CURVE ( 'NONE', #1801, #3480, #2063, .T. ) ;
#3577 = DIRECTION ( 'NONE',  ( 0.000000000000000000, 0.000000000000000000, -1.000000000000000000 ) ) ;
#3578 = EDGE_CURVE ( 'NONE', #3882, #2067, #4054, .T. ) ;
#3579 = EDGE_CURVE ( 'NONE', #309, #371, #4410, .T. ) ;
#3580 = ORIENTED_EDGE ( 'NONE', *, *, #318, .F. ) ;
#3581 = EDGE_CURVE ( 'NONE', #4105, #5037, #3500, .T. ) ;
#3582 = CARTESIAN_POINT ( 'NONE',  ( 10.00000000000000000, -9.350005781138150951, -11.72933893672009908 ) ) ;
#3583 = ORIENTED_EDGE ( 'NONE', *, *, #215, .T. ) ;
#3584 = CIRCLE ( 'NONE', #4395, 11.69526278054659940 ) ;
#3585 = FACE_OUTER_BOUND ( 'NONE', #4999, .T. ) ;
#3586 = ORIENTED_EDGE ( 'NONE', *, *, #4979, .T. ) ;
#3587 = DIRECTION ( 'NONE',  ( 1.000000000000000000, 0.000000000000000000, 0.000000000000000000 ) ) ;
#3588 = CARTESIAN_POINT ( 'NONE',  ( 20.00000000000000000, 11.59912988617140073, 0.7599749230011698664 ) ) ;
#3589 = VERTEX_POINT ( 'NONE', #3321 ) ;
#3590 = AXIS2_PLACEMENT_3D ( 'NONE', #2519, #4034, #2854 ) ;
#3591 = CONICAL_SURFACE ( 'NONE', #362, 11.69526278054659940, 0.9505468408120750778 ) ;
#3592 = DIRECTION ( 'NONE',  ( 0.000000000000000000, 0.000000000000000000, 1.000000000000000000 ) ) ;
#3593 = CONICAL_SURFACE ( 'NONE', #713, 11.69526278054659940, 0.9505468408120750778 ) ;
#3594 = EDGE_LOOP ( 'NONE', ( #4944, #3700, #4076, #2667, #327, #3086 ) ) ;
#3595 = ORIENTED_EDGE ( 'NONE', *, *, #2058, .T. ) ;
#3596 = SURFACE_STYLE_FILL_AREA ( #1274 ) ;
#3597 = AXIS2_PLACEMENT_3D ( 'NONE', #809, #2381, #3959 ) ;
#3598 = DIRECTION ( 'NONE',  ( -1.000000000000000000, 0.000000000000000000, -2.710505431213761085E-17 ) ) ;
#3599 = CARTESIAN_POINT ( 'NONE',  ( 2.179779531308167595, 4.525111289473040976, -14.03665671386408320 ) ) ;
#3600 = CARTESIAN_POINT ( 'NONE',  ( 2.360526585318500903, -9.927532457519971487, 11.24473651557308074 ) ) ;
#3601 = AXIS2_PLACEMENT_3D ( 'NONE', #2761, #2733, #3485 ) ;
#3602 = DIRECTION ( 'NONE',  ( 0.000000000000000000, -0.6427876096865299260, -0.7660444431189857850 ) ) ;
#3603 = CARTESIAN_POINT ( 'NONE',  ( 2.283493256363487266E-16, -11.22862222243328389, -3.270659641710822907 ) ) ;
#3604 = DIRECTION ( 'NONE',  ( 0.000000000000000000, 0.000000000000000000, -1.000000000000000000 ) ) ;
#3605 = DIRECTION ( 'NONE',  ( -1.000000000000000000, 0.000000000000000000, -2.710505431213761085E-17 ) ) ;
#3606 = CARTESIAN_POINT ( 'NONE',  ( 18.97193194381493697, 1.182718789111330882, 13.08156344294730644 ) ) ;
#3607 = ORIENTED_EDGE ( 'NONE', *, *, #3280, .T. ) ;
#3608 = ADVANCED_FACE ( 'NONE', ( #463 ), #2538, .T. ) ;
#3609 = CARTESIAN_POINT ( 'NONE',  ( 2.179779411041991466, 12.48902516943625507, -7.844017419562395510 ) ) ;
#3610 = EDGE_CURVE ( 'NONE', #2936, #843, #4027, .T. ) ;
#3611 = CARTESIAN_POINT ( 'NONE',  ( 17.63947341468150753, -12.79780162109356034, 7.824082928171821827 ) ) ;
#3612 = VERTEX_POINT ( 'NONE', #4816 ) ;
#3613 = DIRECTION ( 'NONE',  ( 0.000000000000000000, 0.000000000000000000, 1.000000000000000000 ) ) ;
#3614 = CARTESIAN_POINT ( 'NONE',  ( 9.774951321669609432E-17, -8.446785448070588842, -8.088942273270435024 ) ) ;
#3615 = ORIENTED_EDGE ( 'NONE', *, *, #2438, .T. ) ;
#3616 = CONICAL_SURFACE ( 'NONE', #4254, 11.69526278054659940, 0.9505468408120750778 ) ;
#3617 = DIRECTION ( 'NONE',  ( 0.000000000000000000, 0.000000000000000000, -1.000000000000000000 ) ) ;
#3618 = CARTESIAN_POINT ( 'NONE',  ( 0.2080864033440403271, 10.96593367522526918, -4.840105593563848174 ) ) ;
#3619 = CIRCLE ( 'NONE', #2047, 14.99999999999250022 ) ;
#3620 = ORIENTED_EDGE ( 'NONE', *, *, #4323, .F. ) ;
#3621 = EDGE_LOOP ( 'NONE', ( #1709, #1855, #804, #4667 ) ) ;
#3622 = CARTESIAN_POINT ( 'NONE',  ( 18.00138069444725275, -5.629570163517821690, -13.36007749051257143 ) ) ;
#3623 = CARTESIAN_POINT ( 'NONE',  ( 17.63947341468150043, -0.3769537665662803239, 14.99526278054661255 ) ) ;
#3624 = LINE ( 'NONE', #2744, #1630 ) ;
#3625 = ORIENTED_EDGE ( 'NONE', *, *, #2284, .T. ) ;
#3626 = DIRECTION ( 'NONE',  ( -1.000000000000000000, 0.000000000000000000, 0.000000000000000000 ) ) ;
#3627 = CARTESIAN_POINT ( 'NONE',  ( 5.000000000000000000, 0.2738250307120564941, 6.994644099306220220 ) ) ;
#3628 = CARTESIAN_POINT ( 'NONE',  ( 3.170007328614371243E-16, 0.000000000000000000, -8.592322081196679186E-33 ) ) ;
#3629 = CARTESIAN_POINT ( 'NONE',  ( 2.360526585318501347, 0.000000000000000000, -6.398220130030271836E-17 ) ) ;
#3630 = CARTESIAN_POINT ( 'NONE',  ( 0.000000000000000000, -0.2738250307121675164, -6.994644099306180252 ) ) ;
#3631 = CARTESIAN_POINT ( 'NONE',  ( 10.00000000000000000, 12.79780162109362074, -7.824082928171730345 ) ) ;
#3632 = DIRECTION ( 'NONE',  ( 0.000000000000000000, 0.9848077530122085754, -0.1736481776669274724 ) ) ;
#3633 = EDGE_LOOP ( 'NONE', ( #3463, #1403, #1891, #3053 ) ) ;
#3634 = DIRECTION ( 'NONE',  ( -1.000000000000000000, 0.000000000000000000, 0.000000000000000000 ) ) ;
#3635 = ORIENTED_EDGE ( 'NONE', *, *, #1993, .T. ) ;
#3636 = AXIS2_PLACEMENT_3D ( 'NONE', #2675, #1204, #4750 ) ;
#3637 = DIRECTION ( 'NONE',  ( -1.000000000000000000, 0.000000000000000000, -2.710505431213761085E-17 ) ) ;
#3638 = VERTEX_POINT ( 'NONE', #2147 ) ;
#3639 = CARTESIAN_POINT ( 'NONE',  ( 1.028068056185063917, 1.182718789111503410, -13.08156344294728513 ) ) ;
#3640 = CARTESIAN_POINT ( 'NONE',  ( 20.00000000000000000, 8.333984767424768236, 9.564282399747209951 ) ) ;
#3641 = ORIENTED_EDGE ( 'NONE', *, *, #1683, .T. ) ;
#3642 = CARTESIAN_POINT ( 'NONE',  ( 19.17957254801723366, 11.70034754606378513, -5.301340185082795031 ) ) ;
#3643 = AXIS2_PLACEMENT_3D ( 'NONE', #1943, #4285, #1715 ) ;
#3644 = EDGE_CURVE ( 'NONE', #2619, #2293, #5052, .T. ) ;
#3645 = CARTESIAN_POINT ( 'NONE',  ( 1.994063628600314608, 0.6948076685314337197, 14.47093935195909609 ) ) ;
#3646 = DIRECTION ( 'NONE',  ( 0.000000000000000000, 0.6427876096865359212, 0.7660444431189807890 ) ) ;
#3647 = EDGE_CURVE ( 'NONE', #1464, #1190, #4159, .T. ) ;
#3648 = EDGE_LOOP ( 'NONE', ( #4368, #4346, #2083, #3004 ) ) ;
#3649 = ORIENTED_EDGE ( 'NONE', *, *, #4732, .T. ) ;
#3650 = ADVANCED_FACE ( 'NONE', ( #4847 ), #3729, .T. ) ;
#3651 = EDGE_CURVE ( 'NONE', #2677, #4505, #4725, .T. ) ;
#3652 = DIRECTION ( 'NONE',  ( 1.000000000000000000, 0.000000000000000000, -2.710505431213761085E-17 ) ) ;
#3653 = EDGE_LOOP ( 'NONE', ( #4804, #4223, #4630, #2876 ) ) ;
#3654 = EDGE_CURVE ( 'NONE', #792, #931, #234, .T. ) ;
#3655 = CARTESIAN_POINT ( 'NONE',  ( 1.463393578160353314, -11.35239693158583130, 7.748995686444717812 ) ) ;
#3656 = B_SPLINE_CURVE_WITH_KNOTS ( 'NONE', 3,
 ( #1652, #1957, #384, #5063, #3188, #3542, #4716, #2741 ),
 .UNSPECIFIED., .F., .F.,
 ( 4, 2, 2, 4 ),
 ( 3.293156995917012732E-07, 0.002114534643407283126, 0.003171637307261128587, 0.004228739971114974482 ),
 .UNSPECIFIED. ) ;
#3657 = DIRECTION ( 'NONE',  ( 0.000000000000000000, 0.000000000000000000, -1.000000000000000000 ) ) ;
#3658 = DIRECTION ( 'NONE',  ( -0.5812381937190964631, 0.000000000000000000, -0.8137334712067350040 ) ) ;
#3659 = DIRECTION ( 'NONE',  ( 1.000000000000000000, 0.000000000000000000, 0.000000000000000000 ) ) ;
#3660 = DIRECTION ( 'NONE',  ( 0.000000000000000000, 0.000000000000000000, 1.000000000000000000 ) ) ;
#3661 = LINE ( 'NONE', #3281, #3198 ) ;
#3662 = CARTESIAN_POINT ( 'NONE',  ( 18.37834264991193223, 0.9598369711604420873, 13.93392497589545975 ) ) ;
#3663 = ORIENTED_EDGE ( 'NONE', *, *, #4794, .T. ) ;
#3664 = CIRCLE ( 'NONE', #852, 11.69526278054659940 ) ;
#3665 = CARTESIAN_POINT ( 'NONE',  ( 20.00000000000000000, -0.2738250307121675164, -9.994644099306169593 ) ) ;
#3666 = CARTESIAN_POINT ( 'NONE',  ( 19.58410755810890080, 2.942772963664452401, 11.91964458133437965 ) ) ;
#3667 = ORIENTED_EDGE ( 'NONE', *, *, #3809, .F. ) ;
#3668 = DIRECTION ( 'NONE',  ( 1.000000000000000000, 0.000000000000000000, -2.710505431213761085E-17 ) ) ;
#3669 = DIRECTION ( 'NONE',  ( 0.000000000000000000, 0.000000000000000000, 1.000000000000000000 ) ) ;
#3670 = VERTEX_POINT ( 'NONE', #2507 ) ;
#3671 = CARTESIAN_POINT ( 'NONE',  ( 20.00000000000000000, 3.673940397442060361E-16, -3.000000000000000000 ) ) ;
#3672 = LINE ( 'NONE', #2906, #1674 ) ;
#3673 = CARTESIAN_POINT ( 'NONE',  ( 20.00000000000000000, 0.000000000000000000, 0.000000000000000000 ) ) ;
#3674 = CIRCLE ( 'NONE', #4966, 11.69526278054659940 ) ;
#3675 = CIRCLE ( 'NONE', #4165, 5.399999999997302069 ) ;
#3676 = EDGE_LOOP ( 'NONE', ( #138, #2245, #4592, #209 ) ) ;
#3677 = ORIENTED_EDGE ( 'NONE', *, *, #4012, .F. ) ;
#3678 = ADVANCED_FACE ( 'NONE', ( #4079, #548, #3704, #965, #3018, #4559 ), #213, .F. ) ;
#3679 = CARTESIAN_POINT ( 'NONE',  ( 0.000000000000000000, 0.000000000000000000, 0.000000000000000000 ) ) ;
#3680 = AXIS2_PLACEMENT_3D ( 'NONE', #956, #2111, #4481 ) ;
#3681 = ORIENTED_EDGE ( 'NONE', *, *, #5070, .T. ) ;
#3682 = CARTESIAN_POINT ( 'NONE',  ( 0.000000000000000000, 6.457722532643940028, -9.665153681719059975 ) ) ;
#3683 = EDGE_CURVE ( 'NONE', #72, #1464, #2609, .T. ) ;
#3684 = ADVANCED_FACE ( 'NONE', ( #4872 ), #2582, .T. ) ;
#3685 = CARTESIAN_POINT ( 'NONE',  ( 17.63947341468150043, -4.774461252588743321, -14.21986356289341025 ) ) ;
#3686 = ADVANCED_FACE ( 'NONE', ( #963 ), #4126, .T. ) ;
#3687 = VECTOR ( 'NONE', #3117, 1000.000000000000000 ) ;
#3688 = VERTEX_POINT ( 'NONE', #571 ) ;
#3689 = CARTESIAN_POINT ( 'NONE',  ( 19.79191361154136430, -8.649193331335427004, -8.298781702386248682 ) ) ;
#3690 = CARTESIAN_POINT ( 'NONE',  ( 20.00000000000000000, 0.000000000000000000, 0.000000000000000000 ) ) ;
#3691 = CARTESIAN_POINT ( 'NONE',  ( 0.000000000000000000, 0.000000000000000000, 0.000000000000000000 ) ) ;
#3692 = ORIENTED_EDGE ( 'NONE', *, *, #1531, .F. ) ;
#3693 = LINE ( 'NONE', #2163, #3185 ) ;
#3694 = AXIS2_PLACEMENT_3D ( 'NONE', #3846, #3079, #1105 ) ;
#3695 = CARTESIAN_POINT ( 'NONE',  ( 18.38825465435177264, 9.667961411385524784, -10.05980611395692570 ) ) ;
#3696 = EDGE_LOOP ( 'NONE', ( #3080, #4961, #3757, #3503, #3039, #5024, #3316, #1810, #2195, #196, #2883, #4401, #237, #1333, #4428, #1155, #525, #1138, #4195, #4937, #3615, #4112, #2495, #3125, #1071, #4604, #278, #1588, #4480, #5045, #881, #1057, #1402, #259, #1614, #4439, #1932, #2502, #3300, #2635, #3323, #814, #2924, #5078, #3583, #2892, #1933, #2807, #4840, #1158, #3073, #4838, #1882, #3334, #3228, #2486, #461, #4030, #2562, #4266, #774, #2610, #823, #3746, #2784, #2769, #4819, #2960, #3706, #159, #2040, #170, #4702 ) ) ;
#3697 = CONICAL_SURFACE ( 'NONE', #4986, 11.69526278054659940, 0.9505468408120750778 ) ;
#3698 = CARTESIAN_POINT ( 'NONE',  ( 18.00593651108716742, -5.602258419520587118, 13.36059648213984552 ) ) ;
#3699 = CARTESIAN_POINT ( 'NONE',  ( 5.000000000000000000, -0.2738250307121675164, -9.994644099306169593 ) ) ;
#3700 = ORIENTED_EDGE ( 'NONE', *, *, #4645, .T. ) ;
#3701 = CARTESIAN_POINT ( 'NONE',  ( 20.00000000000000000, 10.63969002948381970, -4.681278893247789341 ) ) ;
#3702 = CARTESIAN_POINT ( 'NONE',  ( 18.00138052144226819, 12.90019334751560187, 6.615795437769985021 ) ) ;
#3703 = CARTESIAN_POINT ( 'NONE',  ( 18.58543183483491745, -11.29039208455865761, -7.717516860840444082 ) ) ;
#3704 = FACE_BOUND ( 'NONE', #75, .T. ) ;
#3705 = CIRCLE ( 'NONE', #1049, 11.62399999999419897 ) ;
#3706 = ORIENTED_EDGE ( 'NONE', *, *, #3888, .T. ) ;
#3707 = ORIENTED_EDGE ( 'NONE', *, *, #4492, .T. ) ;
#3708 = CARTESIAN_POINT ( 'NONE',  ( 20.00000000000000000, 11.15954349366131915, 3.252993238994855041 ) ) ;
#3709 = CARTESIAN_POINT ( 'NONE',  ( 18.09688226757869955, 13.98952509020196544, 3.243027161970519323 ) ) ;
#3710 = EDGE_LOOP ( 'NONE', ( #3454, #725 ) ) ;
#3711 = CYLINDRICAL_SURFACE ( 'NONE', #270, 5.399999999997299405 ) ;
#3712 = AXIS2_PLACEMENT_3D ( 'NONE', #3177, #3936, #400 ) ;
#3713 = DIRECTION ( 'NONE',  ( -1.000000000000000000, 0.000000000000000000, 0.000000000000000000 ) ) ;
#3714 = ORIENTED_EDGE ( 'NONE', *, *, #1435, .T. ) ;
#3715 = ADVANCED_FACE ( 'NONE', ( #2145 ), #2536, .T. ) ;
#3716 = ADVANCED_FACE ( 'NONE', ( #1009 ), #3369, .T. ) ;
#3717 = CARTESIAN_POINT ( 'NONE',  ( 2.283493256363549882E-16, 11.22862222243335317, -3.270659641710590204 ) ) ;
#3718 = DIRECTION ( 'NONE',  ( 0.000000000000000000, 0.000000000000000000, -1.000000000000000000 ) ) ;
#3719 = EDGE_CURVE ( 'NONE', #31, #2331, #1693, .T. ) ;
#3720 = EDGE_LOOP ( 'NONE', ( #3373, #3885, #2099, #3187, #968, #191, #166, #4413, #585, #3256, #1090, #2591, #2148, #4442, #130, #464, #627, #472, #1637, #3296, #3150, #2222, #4089, #1369, #989, #4300, #277, #2167, #4320, #2364, #3365, #927, #4161, #1466, #551, #4033, #701, #4893, #1213, #653, #899, #3580, #628, #4621, #2171, #435, #896, #2788, #822, #698, #5025, #1205, #103, #3393, #4331, #4849, #1572, #764, #1987, #2267, #4678, #1360, #37, #4347, #1948, #1676, #254, #729, #2810, #2210, #2094, #4274, #2212 ) ) ;
#3721 = PLANE ( 'NONE',  #1773 ) ;
#3722 = CARTESIAN_POINT ( 'NONE',  ( 19.79191361208584610, 9.674621220708532476, -7.076724330099320781 ) ) ;
#3723 = DIRECTION ( 'NONE',  ( 0.000000000000000000, 0.000000000000000000, -1.000000000000000000 ) ) ;
#3724 = DIRECTION ( 'NONE',  ( -1.000000000000000000, 0.000000000000000000, 0.000000000000000000 ) ) ;
#3725 = ORIENTED_EDGE ( 'NONE', *, *, #998, .T. ) ;
#3726 = CARTESIAN_POINT ( 'NONE',  ( 17.63947341468150043, 12.79780162109351949, 7.824082928171905316 ) ) ;
#3727 = CARTESIAN_POINT ( 'NONE',  ( 0.000000000000000000, 0.000000000000000000, 0.000000000000000000 ) ) ;
#3728 = CARTESIAN_POINT ( 'NONE',  ( 19.17957260184929424, -10.44126897761661077, -7.482128082867266272 ) ) ;
#3729 = CYLINDRICAL_SURFACE ( 'NONE', #2524, 5.399999999997300293 ) ;
#3730 = AXIS2_PLACEMENT_3D ( 'NONE', #50, #1541, #4677 ) ;
#3731 = ORIENTED_EDGE ( 'NONE', *, *, #650, .T. ) ;
#3732 = ORIENTED_EDGE ( 'NONE', *, *, #859, .T. ) ;
#3733 = AXIS2_PLACEMENT_3D ( 'NONE', #3465, #5016, #1501 ) ;
#3734 = CARTESIAN_POINT ( 'NONE',  ( 10.00000000000000000, 14.70199371010881961, -2.975127047320055063 ) ) ;
#3735 = CIRCLE ( 'NONE', #4130, 5.399999999997298517 ) ;
#3736 = CARTESIAN_POINT ( 'NONE',  ( 20.00000000000000000, 12.44990391086185966, 2.435301323468815227 ) ) ;
#3737 = CARTESIAN_POINT ( 'NONE',  ( 0.000000000000000000, 8.333984767424899687, -9.564282399747099817 ) ) ;
#3738 = VERTEX_POINT ( 'NONE', #4916 ) ;
#3739 = CARTESIAN_POINT ( 'NONE',  ( 5.000000000000000000, 7.000001873099980010, -3.000000000000000000 ) ) ;
#3740 = CARTESIAN_POINT ( 'NONE',  ( 17.63947341468150043, -13.17475538765970278, -7.171179852374831576 ) ) ;
#3741 = VERTEX_POINT ( 'NONE', #4152 ) ;
#3742 = AXIS2_PLACEMENT_3D ( 'NONE', #4784, #4127, #572 ) ;
#3743 = EDGE_CURVE ( 'NONE', #1471, #2143, #4396, .T. ) ;
#3744 = CARTESIAN_POINT ( 'NONE',  ( 0.2080863933311387914, -6.670787904806172897, -9.958860974996545323 ) ) ;
#3745 = CARTESIAN_POINT ( 'NONE',  ( 18.37834313879193360, 11.58721379803905371, -7.798205528372776030 ) ) ;
#3746 = ORIENTED_EDGE ( 'NONE', *, *, #4729, .T. ) ;
#3747 = EDGE_CURVE ( 'NONE', #988, #955, #3675, .T. ) ;
#3748 = EDGE_CURVE ( 'NONE', #322, #2961, #2673, .T. ) ;
#3749 = DIRECTION ( 'NONE',  ( -1.000000000000000000, 0.000000000000000000, 0.000000000000000000 ) ) ;
#3750 = LINE ( 'NONE', #2604, #2905 ) ;
#3751 = ORIENTED_EDGE ( 'NONE', *, *, #3743, .F. ) ;
#3752 = EDGE_CURVE ( 'NONE', #651, #1355, #4284, .T. ) ;
#3753 = CARTESIAN_POINT ( 'NONE',  ( 1.611745716942990070, 13.87240733243826618, 1.491813061652615735 ) ) ;
#3754 = CARTESIAN_POINT ( 'NONE',  ( 20.00000000000000000, 0.000000000000000000, 0.000000000000000000 ) ) ;
#3755 = AXIS2_PLACEMENT_3D ( 'NONE', #3415, #4965, #1111 ) ;
#3756 = ORIENTED_EDGE ( 'NONE', *, *, #4638, .T. ) ;
#3757 = ORIENTED_EDGE ( 'NONE', *, *, #1054, .T. ) ;
#3758 = CARTESIAN_POINT ( 'NONE',  ( 5.000000000000000000, 0.2738250307120564941, 3.994644099306214446 ) ) ;
#3759 = CARTESIAN_POINT ( 'NONE',  ( 2.360526585318493797, -12.79780162109356034, 7.824082928171820051 ) ) ;
#3760 = VECTOR ( 'NONE', #582, 1000.000000000000000 ) ;
#3761 = AXIS2_PLACEMENT_3D ( 'NONE', #4176, #1356, #3391 ) ;
#3762 = CARTESIAN_POINT ( 'NONE',  ( 2.360526585318501347, 13.17475538765974719, 7.171179852374745423 ) ) ;
#3763 = ORIENTED_EDGE ( 'NONE', *, *, #997, .T. ) ;
#3764 = CARTESIAN_POINT ( 'NONE',  ( 18.37834255460268551, 3.863731385843224508, -13.42189017100553095 ) ) ;
#3765 = CARTESIAN_POINT ( 'NONE',  ( 18.38825465435177264, -9.667961411385459058, 10.05980611395698965 ) ) ;
#3766 = CONICAL_SURFACE ( 'NONE', #4735, 11.69526278054659940, 0.9505468408120750778 ) ;
#3767 = EDGE_LOOP ( 'NONE', ( #3248, #2539, #4987, #3374 ) ) ;
#3768 = AXIS2_PLACEMENT_3D ( 'NONE', #420, #1609, #1226 ) ;
#3769 = CARTESIAN_POINT ( 'NONE',  ( 1.621656958628720835, -8.221276052889177066, -11.29097679337953153 ) ) ;
#3770 = LINE ( 'NONE', #3286, #2624 ) ;
#3771 = FACE_OUTER_BOUND ( 'NONE', #1375, .T. ) ;
#3772 = EDGE_CURVE ( 'NONE', #727, #493, #623, .T. ) ;
#3773 = DIRECTION ( 'NONE',  ( -2.710505431213761085E-17, 0.000000000000000000, -1.000000000000000000 ) ) ;
#3774 = ORIENTED_EDGE ( 'NONE', *, *, #2062, .F. ) ;
#3775 = CARTESIAN_POINT ( 'NONE',  ( 20.00000000000000000, 0.000000000000000000, 0.000000000000000000 ) ) ;
#3776 = EDGE_CURVE ( 'NONE', #3156, #911, #2559, .T. ) ;
#3777 = AXIS2_PLACEMENT_3D ( 'NONE', #566, #617, #4553 ) ;
#3778 = ORIENTED_EDGE ( 'NONE', *, *, #3512, .T. ) ;
#3779 = ORIENTED_EDGE ( 'NONE', *, *, #2570, .T. ) ;
#3780 = CARTESIAN_POINT ( 'NONE',  ( 17.63947341468150043, -0.3769537665660789294, -14.99526278054661788 ) ) ;
#3781 = CARTESIAN_POINT ( 'NONE',  ( 2.360526585318493797, -12.79780162109356034, 7.824082928171820051 ) ) ;
#3782 = DIRECTION ( 'NONE',  ( 1.000000000000000000, 0.000000000000000000, 0.000000000000000000 ) ) ;
#3783 = CARTESIAN_POINT ( 'NONE',  ( 18.58543164176566265, -3.688218076893426289, -13.16928527808502380 ) ) ;
#3784 = CIRCLE ( 'NONE', #2703, 14.99999999999250022 ) ;
#3785 = CARTESIAN_POINT ( 'NONE',  ( 2.360526585318505344, -14.70199371010881961, 2.975127047320150098 ) ) ;
#3786 = DIRECTION ( 'NONE',  ( -1.000000000000000000, 0.000000000000000000, 0.000000000000000000 ) ) ;
#3787 = CIRCLE ( 'NONE', #1140, 14.99999999999250022 ) ;
#3788 = DIRECTION ( 'NONE',  ( -1.000000000000000000, 0.000000000000000000, 0.000000000000000000 ) ) ;
#3789 = DIRECTION ( 'NONE',  ( 0.000000000000000000, 0.000000000000000000, -1.000000000000000000 ) ) ;
#3790 = CARTESIAN_POINT ( 'NONE',  ( 3.170007328614371243E-16, 0.000000000000000000, -8.592322081196679186E-33 ) ) ;
#3791 = LINE ( 'NONE', #1822, #4128 ) ;
#3792 = ORIENTED_EDGE ( 'NONE', *, *, #3210, .T. ) ;
#3793 = CYLINDRICAL_SURFACE ( 'NONE', #2279, 5.399999999997299405 ) ;
#3794 = EDGE_LOOP ( 'NONE', ( #1950, #1908, #4606, #574 ) ) ;
#3795 = CARTESIAN_POINT ( 'NONE',  ( -10.00000000000000000, 0.000000000000000000, 0.000000000000000000 ) ) ;
#3796 = ORIENTED_EDGE ( 'NONE', *, *, #1054, .F. ) ;
#3797 = VERTEX_POINT ( 'NONE', #4537 ) ;
#3798 = ORIENTED_EDGE ( 'NONE', *, *, #3546, .F. ) ;
#3799 = EDGE_CURVE ( 'NONE', #2260, #2029, #4081, .T. ) ;
#3800 = DIRECTION ( 'NONE',  ( 0.000000000000000000, 0.000000000000000000, 1.000000000000000000 ) ) ;
#3801 = DIRECTION ( 'NONE',  ( 1.000000000000000000, 0.000000000000000000, 0.000000000000000000 ) ) ;
#3802 = CIRCLE ( 'NONE', #1568, 5.399999999997302957 ) ;
#3803 = CARTESIAN_POINT ( 'NONE',  ( 20.00000000000000000, 4.115919143437039907, 11.99958372321601985 ) ) ;
#3804 = EDGE_LOOP ( 'NONE', ( #4783, #2032, #4686, #4728 ) ) ;
#3805 = EDGE_CURVE ( 'NONE', #408, #2966, #2756, .T. ) ;
#3806 = EDGE_CURVE ( 'NONE', #1464, #1991, #1108, .T. ) ;
#3807 = CARTESIAN_POINT ( 'NONE',  ( 0.6214475501078912112, -12.08855369033485339, 3.430316763067235097 ) ) ;
#3808 = EDGE_CURVE ( 'NONE', #846, #2089, #4821, .T. ) ;
#3809 = EDGE_CURVE ( 'NONE', #4596, #543, #2080, .T. ) ;
#3810 = VECTOR ( 'NONE', #991, 1000.000000000000000 ) ;
#3811 = LINE ( 'NONE', #1884, #1599 ) ;
#3812 = AXIS2_PLACEMENT_3D ( 'NONE', #5036, #751, #776 ) ;
#3813 = CARTESIAN_POINT ( 'NONE',  ( 2.962111493884983718E-16, -11.67008492344062986, -0.7670002514486461420 ) ) ;
#3814 = DIRECTION ( 'NONE',  ( 0.000000000000000000, 0.000000000000000000, 1.000000000000000000 ) ) ;
#3815 = DIRECTION ( 'NONE',  ( 0.000000000000000000, 0.000000000000000000, -1.000000000000000000 ) ) ;
#3816 = CARTESIAN_POINT ( 'NONE',  ( 0.000000000000000000, 0.000000000000000000, 0.000000000000000000 ) ) ;
#3817 = ORIENTED_EDGE ( 'NONE', *, *, #4179, .F. ) ;
#3818 = ORIENTED_EDGE ( 'NONE', *, *, #526, .T. ) ;
#3819 = DIRECTION ( 'NONE',  ( 1.000000000000000000, 0.000000000000000000, 0.000000000000000000 ) ) ;
#3820 = VERTEX_POINT ( 'NONE', #3122 ) ;
#3821 = ORIENTED_EDGE ( 'NONE', *, *, #3776, .T. ) ;
#3822 = EDGE_LOOP ( 'NONE', ( #3481, #3432, #1707, #4666 ) ) ;
#3823 = VECTOR ( 'NONE', #527, 1000.000000000000000 ) ;
#3824 = CARTESIAN_POINT ( 'NONE',  ( 0.000000000000000000, -10.63969002948373976, -4.681278893247999839 ) ) ;
#3825 = CARTESIAN_POINT ( 'NONE',  ( 3.170007328614371243E-16, 0.000000000000000000, -8.592322081196679186E-33 ) ) ;
#3826 = CARTESIAN_POINT ( 'NONE',  ( 0.000000000000000000, 10.86616072683650103, 6.546552603037589790 ) ) ;
#3827 = EDGE_LOOP ( 'NONE', ( #2489, #1542, #1207, #4709 ) ) ;
#3828 = DIRECTION ( 'NONE',  ( 1.000000000000000000, 0.000000000000000000, 0.000000000000000000 ) ) ;
#3829 = EDGE_CURVE ( 'NONE', #1366, #4852, #3532, .T. ) ;
#3830 = AXIS2_PLACEMENT_3D ( 'NONE', #1582, #2749, #68 ) ;
#3831 = DIRECTION ( 'NONE',  ( -1.000000000000000000, 0.000000000000000000, 0.000000000000000000 ) ) ;
#3832 = EDGE_CURVE ( 'NONE', #752, #2653, #1074, .T. ) ;
#3833 = EDGE_CURVE ( 'NONE', #4371, #106, #1770, .T. ) ;
#3834 = AXIS2_PLACEMENT_3D ( 'NONE', #2939, #4440, #576 ) ;
#3835 = AXIS2_PLACEMENT_3D ( 'NONE', #1981, #3509, #3205 ) ;
#3836 = CARTESIAN_POINT ( 'NONE',  ( 4.447237764439841181E-16, -10.70396315057080905, 4.712148594564989246 ) ) ;
#3837 = DIRECTION ( 'NONE',  ( -1.000000000000000000, 0.000000000000000000, 0.000000000000000000 ) ) ;
#3838 = VECTOR ( 'NONE', #793, 1000.000000000000000 ) ;
#3839 = CARTESIAN_POINT ( 'NONE',  ( 20.00000000000000000, 5.170800759256777290, 10.49009013374566379 ) ) ;
#3840 = DIRECTION ( 'NONE',  ( 0.000000000000000000, 0.000000000000000000, -1.000000000000000000 ) ) ;
#3841 = ORIENTED_EDGE ( 'NONE', *, *, #2341, .F. ) ;
#3842 = CIRCLE ( 'NONE', #1612, 5.399999999997298517 ) ;
#3843 = VERTEX_POINT ( 'NONE', #4242 ) ;
#3844 = CARTESIAN_POINT ( 'NONE',  ( 20.00000000000000000, -6.457722532643870750, 9.665153681719109713 ) ) ;
#3845 = ORIENTED_EDGE ( 'NONE', *, *, #202, .T. ) ;
#3846 = CARTESIAN_POINT ( 'NONE',  ( 3.170007328614371243E-16, 0.000000000000000000, -8.592322081196679186E-33 ) ) ;
#3847 = ORIENTED_EDGE ( 'NONE', *, *, #4497, .F. ) ;
#3848 = CONICAL_SURFACE ( 'NONE', #3694, 11.69526278054659940, 0.9505468408120750778 ) ;
#3849 = CARTESIAN_POINT ( 'NONE',  ( 20.00000000000000000, -4.115919143437120731, 11.99958372321600031 ) ) ;
#3850 = DIRECTION ( 'NONE',  ( 0.000000000000000000, 0.000000000000000000, -1.000000000000000000 ) ) ;
#3851 = ORIENTED_EDGE ( 'NONE', *, *, #1721, .F. ) ;
#3852 = AXIS2_PLACEMENT_3D ( 'NONE', #4250, #3897, #1267 ) ;
#3853 = CARTESIAN_POINT ( 'NONE',  ( 2.360526585318500903, -0.3769537665660794290, -14.99526278054661788 ) ) ;
#3854 = B_SPLINE_CURVE_WITH_KNOTS ( 'NONE', 3,
 ( #160, #2057, #3995, #3639, #4736, #104, #510, #3226 ),
 .UNSPECIFIED., .F., .F.,
 ( 4, 2, 2, 4 ),
 ( 2.734363012964339178E-07, 0.002114478574479129996, 0.003171581143568046914, 0.004228683712656963398 ),
 .UNSPECIFIED. ) ;
#3855 = CARTESIAN_POINT ( 'NONE',  ( 0.000000000000000000, 6.457722532643810354, 9.665153681719150569 ) ) ;
#3856 = ADVANCED_FACE ( 'NONE', ( #2289 ), #1154, .T. ) ;
#3857 = EDGE_CURVE ( 'NONE', #1955, #4587, #212, .T. ) ;
#3858 = CARTESIAN_POINT ( 'NONE',  ( 19.24812114742417180, -10.35311089859715494, 7.439632119484659967 ) ) ;
#3859 = CARTESIAN_POINT ( 'NONE',  ( 20.00000000000000000, 8.446785448070649238, 8.088942273270376404 ) ) ;
#3860 = AXIS2_PLACEMENT_3D ( 'NONE', #2042, #2798, #1628 ) ;
#3861 = CARTESIAN_POINT ( 'NONE',  ( 0.2080864203972467574, 2.862359121419268071, 11.63981204138127978 ) ) ;
#3862 = ORIENTED_EDGE ( 'NONE', *, *, #2213, .F. ) ;
#3863 = ORIENTED_EDGE ( 'NONE', *, *, #1905, .F. ) ;
#3864 = CARTESIAN_POINT ( 'NONE',  ( 1.414568168401148629, 9.560826451078629162, 9.778732924912805657 ) ) ;
#3865 = ORIENTED_EDGE ( 'NONE', *, *, #3808, .T. ) ;
#3866 = CARTESIAN_POINT ( 'NONE',  ( 18.00138066908805357, 8.755381463219579885, -11.55538953143842384 ) ) ;
#3867 = VERTEX_POINT ( 'NONE', #2311 ) ;
#3868 = CYLINDRICAL_SURFACE ( 'NONE', #4297, 3.000000000000000000 ) ;
#3869 = CARTESIAN_POINT ( 'NONE',  ( 20.00000000000000000, 5.170800759256777290, 10.49009013374566379 ) ) ;
#3870 = ORIENTED_EDGE ( 'NONE', *, *, #1211, .T. ) ;
#3871 = ORIENTED_EDGE ( 'NONE', *, *, #1905, .T. ) ;
#3872 = CARTESIAN_POINT ( 'NONE',  ( 0.000000000000000000, 7.000001873099980010, -1.843143693225354777E-15 ) ) ;
#3873 = DIRECTION ( 'NONE',  ( -1.000000000000000000, 0.000000000000000000, 0.000000000000000000 ) ) ;
#3874 = DIRECTION ( 'NONE',  ( 1.000000000000000000, 0.000000000000000000, 0.000000000000000000 ) ) ;
#3875 = AXIS2_PLACEMENT_3D ( 'NONE', #368, #2780, #3880 ) ;
#3876 = CONICAL_SURFACE ( 'NONE', #4541, 11.69526278054659940, 0.9505468408120750778 ) ;
#3877 = DIRECTION ( 'NONE',  ( 0.000000000000000000, 0.000000000000000000, 1.000000000000000000 ) ) ;
#3878 = CARTESIAN_POINT ( 'NONE',  ( 5.000000000000000000, -0.2738250307121675164, -6.994644099306180252 ) ) ;
#3879 = AXIS2_PLACEMENT_3D ( 'NONE', #603, #4968, #2546 ) ;
#3880 = DIRECTION ( 'NONE',  ( 0.000000000000000000, 0.000000000000000000, 1.000000000000000000 ) ) ;
#3881 = ORIENTED_EDGE ( 'NONE', *, *, #1590, .T. ) ;
#3882 = VERTEX_POINT ( 'NONE', #3844 ) ;
#3883 = EDGE_CURVE ( 'NONE', #2089, #4998, #2594, .T. ) ;
#3884 = CARTESIAN_POINT ( 'NONE',  ( 5.000000000000000000, 0.2738250307120564941, 9.994644099306219331 ) ) ;
#3885 = ORIENTED_EDGE ( 'NONE', *, *, #1083, .F. ) ;
#3886 = ADVANCED_FACE ( 'NONE', ( #743 ), #344, .F. ) ;
#3887 = ADVANCED_FACE ( 'NONE', ( #1050 ), #2236, .T. ) ;
#3888 = EDGE_CURVE ( 'NONE', #4810, #4706, #4309, .T. ) ;
#3889 = ORIENTED_EDGE ( 'NONE', *, *, #3453, .F. ) ;
#3890 = FACE_OUTER_BOUND ( 'NONE', #1447, .T. ) ;
#3891 = ORIENTED_EDGE ( 'NONE', *, *, #901, .T. ) ;
#3892 = CARTESIAN_POINT ( 'NONE',  ( 1.028067982998624785, 7.502651663652510905, 10.78129589407104127 ) ) ;
#3893 = EDGE_LOOP ( 'NONE', ( #2818, #870, #492, #2629 ) ) ;
#3894 = ORIENTED_EDGE ( 'NONE', *, *, #4315, .F. ) ;
#3895 = CARTESIAN_POINT ( 'NONE',  ( 20.00000000000000000, -8.333984767424828632, 9.564282399747160213 ) ) ;
#3896 = AXIS2_PLACEMENT_3D ( 'NONE', #1885, #837, #4798 ) ;
#3897 = DIRECTION ( 'NONE',  ( -1.000000000000000000, 0.000000000000000000, 0.000000000000000000 ) ) ;
#3898 = CARTESIAN_POINT ( 'NONE',  ( 1.180458265113586647, 12.89995792565605903, 3.430316763067319474 ) ) ;
#3899 = LINE ( 'NONE', #3522, #1631 ) ;
#3900 = ORIENTED_EDGE ( 'NONE', *, *, #1384, .T. ) ;
#3901 = CARTESIAN_POINT ( 'NONE',  ( 20.00000000000000000, 1.265738570989248135, 11.55488130054892082 ) ) ;
#3902 = FACE_OUTER_BOUND ( 'NONE', #273, .T. ) ;
#3903 = CARTESIAN_POINT ( 'NONE',  ( 2.360526585318501791, -4.774461252588936944, 14.21986356289334807 ) ) ;
#3904 = CARTESIAN_POINT ( 'NONE',  ( 17.63947341468150043, 0.000000000000000000, -6.398220130030271836E-17 ) ) ;
#3905 = FACE_OUTER_BOUND ( 'NONE', #4201, .T. ) ;
#3906 = DIRECTION ( 'NONE',  ( 1.000000000000000000, 0.000000000000000000, 0.000000000000000000 ) ) ;
#3907 = ORIENTED_EDGE ( 'NONE', *, *, #4829, .F. ) ;
#3908 = AXIS2_PLACEMENT_3D ( 'NONE', #3472, #4624, #664 ) ;
#3909 = ADVANCED_BREP_SHAPE_REPRESENTATION ( 'Main_gear', ( #1393, #4715 ), #3572 ) ;
#3910 = CARTESIAN_POINT ( 'NONE',  ( 5.362519525061765149E-16, 8.446785448070649238, 8.088942273270376404 ) ) ;
#3911 = ORIENTED_EDGE ( 'NONE', *, *, #970, .T. ) ;
#3912 = DIRECTION ( 'NONE',  ( 0.000000000000000000, 0.000000000000000000, 1.000000000000000000 ) ) ;
#3913 = CARTESIAN_POINT ( 'NONE',  ( 18.00593622483513911, 14.37174554113424207, -1.828600413121638901 ) ) ;
#3914 = ORIENTED_EDGE ( 'NONE', *, *, #3107, .F. ) ;
#3915 = ADVANCED_FACE ( 'NONE', ( #1894 ), #5027, .T. ) ;
#3916 = CARTESIAN_POINT ( 'NONE',  ( 2.360526585318500903, -9.927532457519971487, 11.24473651557308074 ) ) ;
#3917 = DIRECTION ( 'NONE',  ( 1.000000000000000000, 0.000000000000000000, 0.000000000000000000 ) ) ;
#3918 = ORIENTED_EDGE ( 'NONE', *, *, #4502, .T. ) ;
#3919 = ORIENTED_EDGE ( 'NONE', *, *, #1386, .T. ) ;
#3920 = CARTESIAN_POINT ( 'NONE',  ( 20.00000000000000000, -11.22862222243333363, 3.270659641710665699 ) ) ;
#3921 = DIRECTION ( 'NONE',  ( 0.000000000000000000, 0.000000000000000000, 1.000000000000000000 ) ) ;
#3922 = FACE_OUTER_BOUND ( 'NONE', #2393, .T. ) ;
#3923 = CARTESIAN_POINT ( 'NONE',  ( 20.00000000000000000, 0.000000000000000000, 0.000000000000000000 ) ) ;
#3924 = FACE_OUTER_BOUND ( 'NONE', #1051, .T. ) ;
#3925 = VECTOR ( 'NONE', #3587, 1000.000000000000000 ) ;
#3926 = B_SPLINE_CURVE_WITH_KNOTS ( 'NONE', 3,
 ( #2889, #3277, #4447, #3333, #3765, #923, #4856, #1368 ),
 .UNSPECIFIED., .F., .F.,
 ( 4, 2, 2, 4 ),
 ( 3.392033185197306670E-07, 0.002116429530400615756, 0.003174474693941666762, 0.004232519857482717335 ),
 .UNSPECIFIED. ) ;
#3927 = DIRECTION ( 'NONE',  ( 2.710505431213761085E-17, 0.000000000000000000, 1.000000000000000000 ) ) ;
#3928 = DIRECTION ( 'NONE',  ( 0.000000000000000000, 0.000000000000000000, -1.000000000000000000 ) ) ;
#3929 = DIRECTION ( 'NONE',  ( 0.000000000000000000, 0.000000000000000000, -1.000000000000000000 ) ) ;
#3930 = CYLINDRICAL_SURFACE ( 'NONE', #1291, 14.99999999999250022 ) ;
#3931 = AXIS2_PLACEMENT_3D ( 'NONE', #335, #2346, #3921 ) ;
#3932 = DIRECTION ( 'NONE',  ( 0.000000000000000000, 0.8660254037844390407, -0.4999999999999994449 ) ) ;
#3933 = ORIENTED_EDGE ( 'NONE', *, *, #2994, .F. ) ;
#3934 = CARTESIAN_POINT ( 'NONE',  ( 2.292412630492402403, 12.68144027069488011, 7.831595173115700526 ) ) ;
#3935 = CIRCLE ( 'NONE', #3298, 5.399999999997302957 ) ;
#3936 = DIRECTION ( 'NONE',  ( -1.000000000000000000, 0.000000000000000000, 0.000000000000000000 ) ) ;
#3937 = VERTEX_POINT ( 'NONE', #3505 ) ;
#3938 = CARTESIAN_POINT ( 'NONE',  ( 19.17577718651662266, 7.275958080588202925, -10.59079186028437469 ) ) ;
#3939 = DIRECTION ( 'NONE',  ( -1.000000000000000000, 0.000000000000000000, 0.000000000000000000 ) ) ;
#3940 = VERTEX_POINT ( 'NONE', #5054 ) ;
#3941 = CARTESIAN_POINT ( 'NONE',  ( 19.79191360666886013, -6.670787904806308788, 9.958860974996454729 ) ) ;
#3942 = EDGE_CURVE ( 'NONE', #3206, #1232, #1543, .T. ) ;
#3943 = CARTESIAN_POINT ( 'NONE',  ( 9.098105991611348187E-18, -2.781836774362537845, -11.35960191498112337 ) ) ;
#3944 = ORIENTED_EDGE ( 'NONE', *, *, #742, .T. ) ;
#3945 = ORIENTED_EDGE ( 'NONE', *, *, #3829, .F. ) ;
#3946 = DIRECTION ( 'NONE',  ( -1.000000000000000000, 0.000000000000000000, 0.000000000000000000 ) ) ;
#3947 = EDGE_CURVE ( 'NONE', #2390, #5037, #2470, .T. ) ;
#3948 = DIRECTION ( 'NONE',  ( 1.000000000000000000, 0.000000000000000000, -2.710505431213761085E-17 ) ) ;
#3949 = DIRECTION ( 'NONE',  ( 0.000000000000000000, 0.3420201433256628287, 0.9396926207859104263 ) ) ;
#3950 = VERTEX_POINT ( 'NONE', #3250 ) ;
#3951 = DIRECTION ( 'NONE',  ( 2.710505431213761085E-17, 0.000000000000000000, 1.000000000000000000 ) ) ;
#3952 = EDGE_CURVE ( 'NONE', #2093, #248, #48, .T. ) ;
#3953 = B_SPLINE_CURVE_WITH_KNOTS ( 'NONE', 3,
 ( #1723, #4478, #3247, #3783, #3989, #1636, #122, #2201 ),
 .UNSPECIFIED., .F., .F.,
 ( 4, 2, 2, 4 ),
 ( 3.392033185189420264E-07, 0.002116429821915272787, 0.003174475131213651009, 0.004232520440512028796 ),
 .UNSPECIFIED. ) ;
#3954 = EDGE_CURVE ( 'NONE', #3940, #2060, #1288, .T. ) ;
#3955 = EDGE_CURVE ( 'NONE', #1320, #663, #1669, .T. ) ;
#3956 = AXIS2_PLACEMENT_3D ( 'NONE', #2088, #4400, #3669 ) ;
#3957 = CIRCLE ( 'NONE', #4450, 1.749999999999999778 ) ;
#3958 = DIRECTION ( 'NONE',  ( -1.000000000000000000, 0.000000000000000000, 0.000000000000000000 ) ) ;
#3959 = DIRECTION ( 'NONE',  ( 0.000000000000000000, 0.000000000000000000, -1.000000000000000000 ) ) ;
#3960 = CARTESIAN_POINT ( 'NONE',  ( 17.63947341468150043, -9.350005781138321481, 11.72933893671996231 ) ) ;
#3961 = DIRECTION ( 'NONE',  ( 0.000000000000000000, 0.000000000000000000, 1.000000000000000000 ) ) ;
#3962 = AXIS2_PLACEMENT_3D ( 'NONE', #1551, #87, #1220 ) ;
#3963 = DIRECTION ( 'NONE',  ( 0.000000000000000000, -0.9848077530122062440, -0.1736481776669404620 ) ) ;
#3964 = FACE_OUTER_BOUND ( 'NONE', #1382, .T. ) ;
#3965 = ORIENTED_EDGE ( 'NONE', *, *, #4521, .T. ) ;
#3966 = VECTOR ( 'NONE', #945, 1000.000000000000000 ) ;
#3967 = DIRECTION ( 'NONE',  ( -1.000000000000000000, 0.000000000000000000, -2.710505431213761085E-17 ) ) ;
#3968 = CARTESIAN_POINT ( 'NONE',  ( 20.00000000000000000, 0.000000000000000000, 4.438010260060118261E-16 ) ) ;
#3969 = ORIENTED_EDGE ( 'NONE', *, *, #1208, .T. ) ;
#3970 = DIRECTION ( 'NONE',  ( 1.000000000000000000, 0.000000000000000000, 0.000000000000000000 ) ) ;
#3971 = CARTESIAN_POINT ( 'NONE',  ( 19.58410752341013961, 12.24956560762315583, -0.8282410750947344358 ) ) ;
#3972 = VERTEX_POINT ( 'NONE', #2836 ) ;
#3973 = DIRECTION ( 'NONE',  ( -1.000000000000000000, 0.000000000000000000, 0.000000000000000000 ) ) ;
#3974 = VERTEX_POINT ( 'NONE', #52 ) ;
#3975 = VERTEX_POINT ( 'NONE', #3200 ) ;
#3976 = DIRECTION ( 'NONE',  ( 1.000000000000000000, 0.000000000000000000, 0.000000000000000000 ) ) ;
#3977 = AXIS2_PLACEMENT_3D ( 'NONE', #135, #4873, #3347 ) ;
#3978 = FACE_OUTER_BOUND ( 'NONE', #457, .T. ) ;
#3979 = DIRECTION ( 'NONE',  ( -1.000000000000000000, 0.000000000000000000, 0.000000000000000000 ) ) ;
#3980 = ORIENTED_EDGE ( 'NONE', *, *, #1899, .F. ) ;
#3981 = CARTESIAN_POINT ( 'NONE',  ( 0.000000000000000000, -2.762596963522140125, 11.29094477964546073 ) ) ;
#3982 = CIRCLE ( 'NONE', #2835, 5.399999999997302069 ) ;
#3983 = EDGE_CURVE ( 'NONE', #955, #1419, #4088, .T. ) ;
#3984 = DIRECTION ( 'NONE',  ( -1.000000000000000000, 0.000000000000000000, 0.000000000000000000 ) ) ;
#3985 = DIRECTION ( 'NONE',  ( -1.000000000000000000, 0.000000000000000000, 0.000000000000000000 ) ) ;
#3986 = FACE_OUTER_BOUND ( 'NONE', #3767, .T. ) ;
#3987 = EDGE_CURVE ( 'NONE', #4155, #1991, #2003, .T. ) ;
#3988 = B_SPLINE_CURVE_WITH_KNOTS ( 'NONE', 3,
 ( #3427, #1065, #719, #5047, #2645, #249, #4675, #3859 ),
 .UNSPECIFIED., .F., .F.,
 ( 4, 2, 2, 4 ),
 ( 2.288837740263457694E-07, 0.002114433870822559226, 0.003171536364346830457, 0.004228638857871102122 ),
 .UNSPECIFIED. ) ;
#3989 = CARTESIAN_POINT ( 'NONE',  ( 18.38825442310611535, -3.878067180410450288, -13.40260351129056815 ) ) ;
#3990 = ORIENTED_EDGE ( 'NONE', *, *, #1043, .T. ) ;
#3991 = CONICAL_SURFACE ( 'NONE', #1768, 11.69526278054659940, 0.9505468408120750778 ) ;
#3992 = CARTESIAN_POINT ( 'NONE',  ( 0.8204273981507151925, 10.44126897761675998, -7.482128082867048668 ) ) ;
#3993 = AXIS2_PLACEMENT_3D ( 'NONE', #15, #361, #2019 ) ;
#3994 = VECTOR ( 'NONE', #370, 1000.000000000000000 ) ;
#3995 = CARTESIAN_POINT ( 'NONE',  ( 1.621657350088062666, 0.9598369711606240529, -13.93392497589544377 ) ) ;
#3996 = CARTESIAN_POINT ( 'NONE',  ( 5.000000000000000000, 7.000001873099980010, -1.843143693225354777E-15 ) ) ;
#3997 = ORIENTED_EDGE ( 'NONE', *, *, #1898, .F. ) ;
#3998 = AXIS2_PLACEMENT_3D ( 'NONE', #2054, #3634, #4806 ) ;
#3999 = CARTESIAN_POINT ( 'NONE',  ( 0.000000000000000000, 0.000000000000000000, -11.69526278054659940 ) ) ;
#4000 = ORIENTED_EDGE ( 'NONE', *, *, #2720, .F. ) ;
#4001 = ORIENTED_EDGE ( 'NONE', *, *, #4356, .F. ) ;
#4002 = CARTESIAN_POINT ( 'NONE',  ( 17.63947341468150043, 4.774461252588839244, 14.21986356289338005 ) ) ;
#4003 = DIRECTION ( 'NONE',  ( -2.891205793296123914E-17, 0.000000000000000000, -1.000000000000000000 ) ) ;
#4004 = CARTESIAN_POINT ( 'NONE',  ( 0.4144469564181066379, -8.833706653422135346, 8.523871913799206723 ) ) ;
#4005 = CARTESIAN_POINT ( 'NONE',  ( 0.4158923902527412730, -5.407504943183135460, -11.02255542853617953 ) ) ;
#4006 = ORIENTED_EDGE ( 'NONE', *, *, #481, .F. ) ;
#4007 = AXIS2_PLACEMENT_3D ( 'NONE', #1876, #5056, #3912 ) ;
#4008 = DIRECTION ( 'NONE',  ( 0.000000000000000000, 0.000000000000000000, -1.000000000000000000 ) ) ;
#4009 = DIRECTION ( 'NONE',  ( -1.000000000000000000, 0.000000000000000000, 0.000000000000000000 ) ) ;
#4010 = DIRECTION ( 'NONE',  ( 0.000000000000000000, 0.000000000000000000, 1.000000000000000000 ) ) ;
#4011 = DIRECTION ( 'NONE',  ( -1.000000000000000000, -0.000000000000000000, 2.710505431213761085E-17 ) ) ;
#4012 = EDGE_CURVE ( 'NONE', #2947, #1956, #2527, .T. ) ;
#4013 = CARTESIAN_POINT ( 'NONE',  ( 0.000000000000000000, 0.000000000000000000, 0.000000000000000000 ) ) ;
#4014 = ORIENTED_EDGE ( 'NONE', *, *, #4703, .F. ) ;
#4015 = PRODUCT_DEFINITION ( 'UNKNOWN', '', #949, #4068 ) ;
#4016 = DIRECTION ( 'NONE',  ( -1.000000000000000000, 0.000000000000000000, 0.000000000000000000 ) ) ;
#4017 = VERTEX_POINT ( 'NONE', #897 ) ;
#4018 = CARTESIAN_POINT ( 'NONE',  ( 5.000000000000000000, -7.000001873099980010, -1.844327237370754842E-15 ) ) ;
#4019 = ORIENTED_EDGE ( 'NONE', *, *, #4286, .F. ) ;
#4020 = ADVANCED_FACE ( 'NONE', ( #4370 ), #1563, .T. ) ;
#4021 = DIRECTION ( 'NONE',  ( -1.000000000000000000, 0.000000000000000000, -2.710505431213761085E-17 ) ) ;
#4022 = CARTESIAN_POINT ( 'NONE',  ( 20.00000000000000000, -10.63969002948380016, 4.681278893247859507 ) ) ;
#4023 = ORIENTED_EDGE ( 'NONE', *, *, #2826, .F. ) ;
#4024 = LINE ( 'NONE', #489, #343 ) ;
#4025 = AXIS2_PLACEMENT_3D ( 'NONE', #694, #1509, #3789 ) ;
#4026 = CARTESIAN_POINT ( 'NONE',  ( 20.00000000000000000, -6.499284164183870338, 9.723089882297054842 ) ) ;
#4027 = LINE ( 'NONE', #2933, #3355 ) ;
#4028 = AXIS2_PLACEMENT_3D ( 'NONE', #1035, #4940, #3035 ) ;
#4029 = EDGE_LOOP ( 'NONE', ( #4683, #146, #1219, #3350 ) ) ;
#4030 = ORIENTED_EDGE ( 'NONE', *, *, #4975, .T. ) ;
#4031 = CARTESIAN_POINT ( 'NONE',  ( 20.00000000000000000, -5.170800759256704460, -10.49009013374569932 ) ) ;
#4032 = CARTESIAN_POINT ( 'NONE',  ( 1.611745716942993623, -13.87240733243826263, -1.491813061652694561 ) ) ;
#4033 = ORIENTED_EDGE ( 'NONE', *, *, #4794, .F. ) ;
#4034 = DIRECTION ( 'NONE',  ( 1.000000000000000000, 0.000000000000000000, -2.710505431213761085E-17 ) ) ;
#4035 = DIRECTION ( 'NONE',  ( 0.000000000000000000, 0.000000000000000000, 1.000000000000000000 ) ) ;
#4036 = CARTESIAN_POINT ( 'NONE',  ( 20.00000000000000000, -1.265738570989169975, -11.55488130054892082 ) ) ;
#4037 = DIRECTION ( 'NONE',  ( -2.710505431213761085E-17, 0.000000000000000000, -1.000000000000000000 ) ) ;
#4038 = DIRECTION ( 'NONE',  ( 0.000000000000000000, 0.000000000000000000, 1.000000000000000000 ) ) ;
#4039 = CARTESIAN_POINT ( 'NONE',  ( 2.360526585318501791, -9.350005781138321481, 11.72933893671996231 ) ) ;
#4040 = VECTOR ( 'NONE', #1398, 1000.000000000000000 ) ;
#4041 = DIRECTION ( 'NONE',  ( -1.000000000000000000, 0.000000000000000000, 0.000000000000000000 ) ) ;
#4042 = CARTESIAN_POINT ( 'NONE',  ( 19.17577725650668086, 1.233922540070994556, 12.78991285599228966 ) ) ;
#4043 = ORIENTED_EDGE ( 'NONE', *, *, #4056, .F. ) ;
#4044 = DIRECTION ( 'NONE',  ( 1.000000000000000000, 0.000000000000000000, -2.710505431213761085E-17 ) ) ;
#4045 = CIRCLE ( 'NONE', #1817, 5.399999999997298517 ) ;
#4046 = DIRECTION ( 'NONE',  ( 0.000000000000000000, 0.000000000000000000, 1.000000000000000000 ) ) ;
#4047 = EDGE_CURVE ( 'NONE', #2711, #248, #2783, .T. ) ;
#4048 = DIRECTION ( 'NONE',  ( 0.000000000000000000, 0.000000000000000000, -1.000000000000000000 ) ) ;
#4049 = ORIENTED_EDGE ( 'NONE', *, *, #3169, .T. ) ;
#4050 = CARTESIAN_POINT ( 'NONE',  ( 17.63947341468150043, 0.000000000000000000, -6.398220130030271836E-17 ) ) ;
#4051 = AXIS2_PLACEMENT_3D ( 'NONE', #498, #3241, #3657 ) ;
#4052 = CARTESIAN_POINT ( 'NONE',  ( 1.611745538522620480, 0.9397692827733877818, 13.92070465647200272 ) ) ;
#4053 = EDGE_CURVE ( 'NONE', #1177, #409, #2451, .T. ) ;
#4054 = LINE ( 'NONE', #1648, #538 ) ;
#4055 = ADVANCED_FACE ( 'NONE', ( #4779 ), #3358, .T. ) ;
#4056 = EDGE_CURVE ( 'NONE', #2143, #1471, #4730, .T. ) ;
#4057 = ORIENTED_EDGE ( 'NONE', *, *, #4645, .F. ) ;
#4058 = ORIENTED_EDGE ( 'NONE', *, *, #933, .F. ) ;
#4059 = CARTESIAN_POINT ( 'NONE',  ( 20.00000000000000000, -12.44990391086185966, 7.835301323466040024 ) ) ;
#4060 = ORIENTED_EDGE ( 'NONE', *, *, #1314, .T. ) ;
#4061 = CARTESIAN_POINT ( 'NONE',  ( 20.00000000000000000, -9.373951458494518718, 6.873602407300939632 ) ) ;
#4062 = DIRECTION ( 'NONE',  ( 1.000000000000000000, 0.000000000000000000, 0.000000000000000000 ) ) ;
#4063 = ORIENTED_EDGE ( 'NONE', *, *, #765, .F. ) ;
#4064 = CARTESIAN_POINT ( 'NONE',  ( 2.360526585318501347, 0.000000000000000000, -6.398220130030271836E-17 ) ) ;
#4065 = CARTESIAN_POINT ( 'NONE',  ( 17.63947341468150043, 4.774461252589028426, -14.21986356289331610 ) ) ;
#4066 = DIRECTION ( 'NONE',  ( -1.000000000000000000, 0.000000000000000000, 0.000000000000000000 ) ) ;
#4067 = AXIS2_PLACEMENT_3D ( 'NONE', #2790, #1185, #2708 ) ;
#4068 = PRODUCT_DEFINITION_CONTEXT ( 'detailed design', #3528, 'design' ) ;
#4069 = CARTESIAN_POINT ( 'NONE',  ( 3.170007328614371243E-16, 0.000000000000000000, -8.592322081196679186E-33 ) ) ;
#4070 = EDGE_LOOP ( 'NONE', ( #276, #431, #3434, #1099, #110, #1619 ) ) ;
#4071 = CARTESIAN_POINT ( 'NONE',  ( 20.00000000000000000, -7.971798191702021086, 9.868193021853530311 ) ) ;
#4072 = FACE_OUTER_BOUND ( 'NONE', #1830, .T. ) ;
#4073 = ORIENTED_EDGE ( 'NONE', *, *, #3484, .F. ) ;
#4074 = CARTESIAN_POINT ( 'NONE',  ( 2.153576846227663655, 12.44990391086185966, 7.835301323466116408 ) ) ;
#4075 = DIRECTION ( 'NONE',  ( -1.000000000000000000, 0.000000000000000000, 0.000000000000000000 ) ) ;
#4076 = ORIENTED_EDGE ( 'NONE', *, *, #3610, .T. ) ;
#4077 = DIRECTION ( 'NONE',  ( 0.000000000000000000, 0.000000000000000000, 1.000000000000000000 ) ) ;
#4078 = DIRECTION ( 'NONE',  ( 0.000000000000000000, 0.000000000000000000, 1.000000000000000000 ) ) ;
#4079 = FACE_BOUND ( 'NONE', #4918, .T. ) ;
#4080 = AXIS2_PLACEMENT_3D ( 'NONE', #4993, #4649, #1478 ) ;
#4081 = CIRCLE ( 'NONE', #2847, 14.99999999999250022 ) ;
#4082 = ORIENTED_EDGE ( 'NONE', *, *, #4521, .F. ) ;
#4083 = EDGE_LOOP ( 'NONE', ( #4777, #3005, #4014, #1496, #4733 ) ) ;
#4084 = EDGE_CURVE ( 'NONE', #4591, #1973, #1828, .T. ) ;
#4085 = DIRECTION ( 'NONE',  ( 0.000000000000000000, 0.000000000000000000, 1.000000000000000000 ) ) ;
#4086 = ADVANCED_FACE ( 'NONE', ( #872 ), #482, .T. ) ;
#4087 = CARTESIAN_POINT ( 'NONE',  ( 1.296010030050985338E-16, -9.432821964585803798, -6.913829712284369045 ) ) ;
#4088 = CIRCLE ( 'NONE', #1930, 11.62399999999420253 ) ;
#4089 = ORIENTED_EDGE ( 'NONE', *, *, #1052, .F. ) ;
#4090 = DIRECTION ( 'NONE',  ( -1.000000000000000000, 0.000000000000000000, 0.000000000000000000 ) ) ;
#4091 = CARTESIAN_POINT ( 'NONE',  ( 19.07304011633759799, -12.53200494222450168, 3.430316763067235097 ) ) ;
#4092 = VERTEX_POINT ( 'NONE', #2866 ) ;
#4093 = CARTESIAN_POINT ( 'NONE',  ( 1.994063558693290439, 12.87960486875358868, 6.633748488841288093 ) ) ;
#4094 = CARTESIAN_POINT ( 'NONE',  ( 0.2080863916113410983, 5.289232643722583838, -10.75650227411653326 ) ) ;
#4095 = DIRECTION ( 'NONE',  ( -1.000000000000000000, 0.000000000000000000, 0.000000000000000000 ) ) ;
#4096 = B_SPLINE_CURVE_WITH_KNOTS ( 'NONE', 3,
 ( #539, #3666, #3387, #3312, #1748, #2187, #4121, #1726 ),
 .UNSPECIFIED., .F., .F.,
 ( 4, 2, 2, 4 ),
 ( 3.392033185191093683E-07, 0.002116429821915275390, 0.003174475131213654044, 0.004232520440512031398 ),
 .UNSPECIFIED. ) ;
#4097 = DIRECTION ( 'NONE',  ( 0.000000000000000000, 0.000000000000000000, 1.000000000000000000 ) ) ;
#4098 = CARTESIAN_POINT ( 'NONE',  ( 18.00138074896379692, 12.17954320042525218, -7.863997458887602932 ) ) ;
#4099 = VERTEX_POINT ( 'NONE', #4427 ) ;
#4100 = CARTESIAN_POINT ( 'NONE',  ( 20.00000000000000000, -0.2364004980232949915, -12.68364753256399879 ) ) ;
#4101 = ORIENTED_EDGE ( 'NONE', *, *, #5035, .F. ) ;
#4102 = DIRECTION ( 'NONE',  ( -1.000000000000000000, 0.000000000000000000, 0.000000000000000000 ) ) ;
#4103 = CYLINDRICAL_SURFACE ( 'NONE', #2323, 3.000000000000000000 ) ;
#4104 = CARTESIAN_POINT ( 'NONE',  ( 2.360526585318500903, 13.17475538765983956, -7.171179852374559793 ) ) ;
#4105 = VERTEX_POINT ( 'NONE', #3665 ) ;
#4106 = ORIENTED_EDGE ( 'NONE', *, *, #1175, .T. ) ;
#4107 = DIRECTION ( 'NONE',  ( 1.000000000000000000, 0.000000000000000000, -2.710505431213761085E-17 ) ) ;
#4108 = CARTESIAN_POINT ( 'NONE',  ( 20.00000000000000000, 0.000000000000000000, -8.592322081196679186E-33 ) ) ;
#4109 = DIRECTION ( 'NONE',  ( -1.000000000000000000, 0.000000000000000000, 0.000000000000000000 ) ) ;
#4110 = VECTOR ( 'NONE', #756, 1000.000000000000000 ) ;
#4111 = DIRECTION ( 'NONE',  ( -1.000000000000000000, 0.000000000000000000, 0.000000000000000000 ) ) ;
#4112 = ORIENTED_EDGE ( 'NONE', *, *, #4253, .T. ) ;
#4113 = EDGE_CURVE ( 'NONE', #1332, #2316, #785, .T. ) ;
#4114 = CARTESIAN_POINT ( 'NONE',  ( 20.00000000000000000, 11.15954349366136000, -3.252993238994709824 ) ) ;
#4115 = FACE_OUTER_BOUND ( 'NONE', #2036, .T. ) ;
#4116 = EDGE_CURVE ( 'NONE', #663, #2412, #3257, .T. ) ;
#4117 = ADVANCED_FACE ( 'NONE', ( #1350, #1322 ), #3721, .T. ) ;
#4118 = ADVANCED_FACE ( 'NONE', ( #226 ), #2597, .F. ) ;
#4119 = ORIENTED_EDGE ( 'NONE', *, *, #3644, .F. ) ;
#4120 = CYLINDRICAL_SURFACE ( 'NONE', #867, 14.99999999999250022 ) ;
#4121 = CARTESIAN_POINT ( 'NONE',  ( 17.82022046869182930, 4.525111289472854459, 14.03665671386414182 ) ) ;
#4122 = CYLINDRICAL_SURFACE ( 'NONE', #790, 5.399999999997300293 ) ;
#4123 = CARTESIAN_POINT ( 'NONE',  ( 0.000000000000000000, 11.59912988617140073, 0.7599749230011698664 ) ) ;
#4124 = EDGE_LOOP ( 'NONE', ( #1414, #3508, #4572, #4218, #1055 ) ) ;
#4125 = CARTESIAN_POINT ( 'NONE',  ( 19.58410758870063617, 11.22755119590678774, -4.967890171146029488 ) ) ;
#4126 = CYLINDRICAL_SURFACE ( 'NONE', #2104, 11.62399999999419897 ) ;
#4127 = DIRECTION ( 'NONE',  ( -1.000000000000000000, 0.000000000000000000, 0.000000000000000000 ) ) ;
#4128 = VECTOR ( 'NONE', #3431, 1000.000000000000000 ) ;
#4129 = ORIENTED_EDGE ( 'NONE', *, *, #2692, .T. ) ;
#4130 = AXIS2_PLACEMENT_3D ( 'NONE', #471, #4795, #3329 ) ;
#4131 = ORIENTED_EDGE ( 'NONE', *, *, #2824, .T. ) ;
#4132 = PRESENTATION_LAYER_ASSIGNMENT (  '', '', ( #1248 ) ) ;
#4133 = CARTESIAN_POINT ( 'NONE',  ( 18.00138034812567867, -0.7206495938123435030, -14.47979311842204453 ) ) ;
#4134 = CARTESIAN_POINT ( 'NONE',  ( 0.8204274519827647882, -11.70034754606367500, -5.301340185083036616 ) ) ;
#4135 = AXIS2_PLACEMENT_3D ( 'NONE', #802, #3917, #3850 ) ;
#4136 = CARTESIAN_POINT ( 'NONE',  ( 2.153576846227633457, -12.44990391086185966, 7.835301323466036472 ) ) ;
#4137 = DIRECTION ( 'NONE',  ( 0.000000000000000000, 0.000000000000000000, -1.000000000000000000 ) ) ;
#4138 = ORIENTED_EDGE ( 'NONE', *, *, #2727, .F. ) ;
#4139 = CARTESIAN_POINT ( 'NONE',  ( 17.63947341468150043, -9.927532457519822273, -11.24473651557320686 ) ) ;
#4140 = CARTESIAN_POINT ( 'NONE',  ( 10.00000000000000000, -13.17475538765969922, -7.171179852374829800 ) ) ;
#4141 = B_SPLINE_CURVE_WITH_KNOTS ( 'NONE', 3,
 ( #511, #1751, #3315, #934, #2446, #2501, #2952, #542 ),
 .UNSPECIFIED., .F., .F.,
 ( 4, 2, 2, 4 ),
 ( 3.392033185235472387E-07, 0.002116429637147990150, 0.003174474854062723367, 0.004232520070977456583 ),
 .UNSPECIFIED. ) ;
#4142 = ADVANCED_FACE ( 'NONE', ( #2531 ), #2496, .T. ) ;
#4143 = EDGE_CURVE ( 'NONE', #3456, #3128, #4168, .T. ) ;
#4144 = EDGE_LOOP ( 'NONE', ( #3483, #4138, #3641, #4962 ) ) ;
#4145 = AXIS2_PLACEMENT_3D ( 'NONE', #5009, #1034, #2197 ) ;
#4146 = DIRECTION ( 'NONE',  ( 0.000000000000000000, 1.000000000000000000, 0.000000000000000000 ) ) ;
#4147 = PLANE ( 'NONE',  #236 ) ;
#4148 = DIRECTION ( 'NONE',  ( 0.000000000000000000, 0.000000000000000000, -1.000000000000000000 ) ) ;
#4149 = AXIS2_PLACEMENT_3D ( 'NONE', #4064, #3331, #606 ) ;
#4150 = DIRECTION ( 'NONE',  ( 1.000000000000000000, 0.000000000000000000, 0.000000000000000000 ) ) ;
#4151 = ORIENTED_EDGE ( 'NONE', *, *, #859, .F. ) ;
#4152 = CARTESIAN_POINT ( 'NONE',  ( 0.000000000000000000, -10.63969002948380016, 4.681278893247859507 ) ) ;
#4153 = DIRECTION ( 'NONE',  ( 1.000000000000000000, 0.000000000000000000, 0.000000000000000000 ) ) ;
#4154 = AXIS2_PLACEMENT_3D ( 'NONE', #3736, #4903, #602 ) ;
#4155 = VERTEX_POINT ( 'NONE', #638 ) ;
#4156 = ORIENTED_EDGE ( 'NONE', *, *, #682, .F. ) ;
#4157 = VECTOR ( 'NONE', #1518, 1000.000000000000000 ) ;
#4158 = VECTOR ( 'NONE', #4947, 1000.000000000000000 ) ;
#4159 = CIRCLE ( 'NONE', #2422, 5.399999999997299405 ) ;
#4160 = DIRECTION ( 'NONE',  ( -1.000000000000000000, 0.000000000000000000, 0.000000000000000000 ) ) ;
#4161 = ORIENTED_EDGE ( 'NONE', *, *, #902, .F. ) ;
#4162 = VECTOR ( 'NONE', #3557, 1000.000000000000000 ) ;
#4163 = DIRECTION ( 'NONE',  ( 1.000000000000000000, 0.000000000000000000, 0.000000000000000000 ) ) ;
#4164 = CIRCLE ( 'NONE', #4974, 1.749999999999999778 ) ;
#4165 = AXIS2_PLACEMENT_3D ( 'NONE', #188, #937, #1416 ) ;
#4166 = DIRECTION ( 'NONE',  ( 0.000000000000000000, 0.000000000000000000, -1.000000000000000000 ) ) ;
#4167 = DIRECTION ( 'NONE',  ( 0.000000000000000000, 0.000000000000000000, 1.000000000000000000 ) ) ;
#4168 = B_SPLINE_CURVE_WITH_KNOTS ( 'NONE', 3,
 ( #1001, #3363, #181, #125, #1796, #4911, #1747, #3337 ),
 .UNSPECIFIED., .F., .F.,
 ( 4, 2, 2, 4 ),
 ( 2.484437492297665945E-07, 0.002114453497150245529, 0.003171556023850753692, 0.004228658550551261421 ),
 .UNSPECIFIED. ) ;
#4169 = EDGE_CURVE ( 'NONE', #3340, #2942, #2893, .T. ) ;
#4170 = CARTESIAN_POINT ( 'NONE',  ( 20.00000000000000000, 11.10256122485991881, 6.137094929526429432 ) ) ;
#4171 = EDGE_LOOP ( 'NONE', ( #4220, #3537, #4063, #2605 ) ) ;
#4172 = CARTESIAN_POINT ( 'NONE',  ( 1.998619305552746805, -5.629570163518009984, 13.36007749051249505 ) ) ;
#4173 = CARTESIAN_POINT ( 'NONE',  ( 18.81954173488643178, -12.89995792565606259, 3.430316763067235097 ) ) ;
#4174 = ORIENTED_EDGE ( 'NONE', *, *, #2760, .F. ) ;
#4175 = VERTEX_POINT ( 'NONE', #1370 ) ;
#4176 = CARTESIAN_POINT ( 'NONE',  ( 0.000000000000000000, -12.53200494222450168, -1.969683236930065195 ) ) ;
#4177 = ORIENTED_EDGE ( 'NONE', *, *, #1146, .F. ) ;
#4178 = EDGE_CURVE ( 'NONE', #3950, #3612, #5044, .T. ) ;
#4179 = EDGE_CURVE ( 'NONE', #4511, #4467, #4232, .T. ) ;
#4180 = EDGE_CURVE ( 'NONE', #1048, #2093, #3693, .T. ) ;
#4181 = VERTEX_POINT ( 'NONE', #4512 ) ;
#4182 = ORIENTED_EDGE ( 'NONE', *, *, #836, .T. ) ;
#4183 = DIRECTION ( 'NONE',  ( 2.710505431213761085E-17, 0.000000000000000000, 1.000000000000000000 ) ) ;
#4184 = DIRECTION ( 'NONE',  ( 0.000000000000000000, 0.6427876096865408062, -0.7660444431189766812 ) ) ;
#4185 = CYLINDRICAL_SURFACE ( 'NONE', #2995, 5.399999999997300293 ) ;
#4186 = ORIENTED_EDGE ( 'NONE', *, *, #453, .T. ) ;
#4187 = CARTESIAN_POINT ( 'NONE',  ( 2.360526585318506232, 14.70199371010880007, 2.975127047320248685 ) ) ;
#4188 = B_SPLINE_CURVE_WITH_KNOTS ( 'NONE', 3,
 ( #3471, #2048, #4771, #4336 ),
 .UNSPECIFIED., .F., .F.,
 ( 4, 4 ),
 ( 2.416407163666025185E-07, 0.001607584645949951090 ),
 .UNSPECIFIED. ) ;
#4189 = CARTESIAN_POINT ( 'NONE',  ( 2.360526585318501347, 0.000000000000000000, -6.398220130030271836E-17 ) ) ;
#4190 = AXIS2_PLACEMENT_3D ( 'NONE', #2588, #1449, #260 ) ;
#4191 = DIRECTION ( 'NONE',  ( 1.000000000000000000, 0.000000000000000000, 0.000000000000000000 ) ) ;
#4192 = CARTESIAN_POINT ( 'NONE',  ( 20.00000000000000000, 2.762596963522215177, -11.29094477964544119 ) ) ;
#4193 = LINE ( 'NONE', #2626, #1944 ) ;
#4194 = DIRECTION ( 'NONE',  ( -1.000000000000000000, 0.000000000000000000, 0.000000000000000000 ) ) ;
#4195 = ORIENTED_EDGE ( 'NONE', *, *, #3647, .F. ) ;
#4196 = ORIENTED_EDGE ( 'NONE', *, *, #2503, .F. ) ;
#4197 = CARTESIAN_POINT ( 'NONE',  ( 1.611745345648228911, 9.667961411385388004, 10.05980611395705537 ) ) ;
#4198 = ORIENTED_EDGE ( 'NONE', *, *, #1493, .T. ) ;
#4199 = ADVANCED_FACE ( 'NONE', ( #979 ), #3591, .T. ) ;
#4200 = ADVANCED_FACE ( 'NONE', ( #3311 ), #4120, .T. ) ;
#4201 = EDGE_LOOP ( 'NONE', ( #2935, #3327, #2396, #1567 ) ) ;
#4202 = VERTEX_POINT ( 'NONE', #2184 ) ;
#4203 = CONICAL_SURFACE ( 'NONE', #3318, 11.69526278054659940, 0.9505468408120750778 ) ;
#4204 = EDGE_CURVE ( 'NONE', #1639, #1713, #2852, .T. ) ;
#4205 = AXIS2_PLACEMENT_3D ( 'NONE', #2699, #2308, #3932 ) ;
#4206 = EDGE_CURVE ( 'NONE', #905, #1366, #962, .T. ) ;
#4207 = ADVANCED_FACE ( 'NONE', ( #4575, #316 ), #1123, .T. ) ;
#4208 = CARTESIAN_POINT ( 'NONE',  ( 20.00000000000000000, -0.2738250307121669613, -3.994644099306174923 ) ) ;
#4209 = DIRECTION ( 'NONE',  ( 0.000000000000000000, 0.000000000000000000, 1.000000000000000000 ) ) ;
#4210 = EDGE_LOOP ( 'NONE', ( #123, #1293, #2418, #1745, #3774 ) ) ;
#4211 = CARTESIAN_POINT ( 'NONE',  ( 1.877959422551830802E-18, -1.271141185984809185, -11.62597830684934941 ) ) ;
#4212 = CARTESIAN_POINT ( 'NONE',  ( 19.17957250700955996, 1.259078493560619183, -12.78346835900054934 ) ) ;
#4213 = DIRECTION ( 'NONE',  ( -2.891205793296123914E-17, 0.000000000000000000, -1.000000000000000000 ) ) ;
#4214 = CARTESIAN_POINT ( 'NONE',  ( 17.63947341468150043, 0.000000000000000000, -6.398220130030271836E-17 ) ) ;
#4215 = CARTESIAN_POINT ( 'NONE',  ( 20.00000000000000000, 0.000000000000000000, 4.438010260060118261E-16 ) ) ;
#4216 = CARTESIAN_POINT ( 'NONE',  ( -10.00000000000000000, 0.000000000000000000, 0.000000000000000000 ) ) ;
#4217 = ORIENTED_EDGE ( 'NONE', *, *, #1211, .F. ) ;
#4218 = ORIENTED_EDGE ( 'NONE', *, *, #4760, .T. ) ;
#4219 = CARTESIAN_POINT ( 'NONE',  ( 20.00000000000000000, -2.762596963522140125, 11.29094477964546073 ) ) ;
#4220 = ORIENTED_EDGE ( 'NONE', *, *, #204, .F. ) ;
#4221 = AXIS2_PLACEMENT_3D ( 'NONE', #134, #2448, #3345 ) ;
#4222 = DIRECTION ( 'NONE',  ( -1.000000000000000000, 0.000000000000000000, 0.000000000000000000 ) ) ;
#4223 = ORIENTED_EDGE ( 'NONE', *, *, #1556, .T. ) ;
#4224 = EDGE_CURVE ( 'NONE', #717, #905, #3266, .T. ) ;
#4225 = EDGE_CURVE ( 'NONE', #2277, #2402, #1886, .T. ) ;
#4226 = CARTESIAN_POINT ( 'NONE',  ( 17.63947341468150043, -14.70199371010877343, -2.975127047320349938 ) ) ;
#4227 = ORIENTED_EDGE ( 'NONE', *, *, #4113, .T. ) ;
#4228 = CARTESIAN_POINT ( 'NONE',  ( 20.00000000000000000, 7.000001873099980010, -1.843143693225354777E-15 ) ) ;
#4229 = AXIS2_PLACEMENT_3D ( 'NONE', #2023, #4800, #4306 ) ;
#4230 = LINE ( 'NONE', #1838, #4158 ) ;
#4231 = EDGE_CURVE ( 'NONE', #4270, #4876, #4313, .T. ) ;
#4232 = CIRCLE ( 'NONE', #3504, 14.99999999999250022 ) ;
#4233 = ORIENTED_EDGE ( 'NONE', *, *, #3952, .F. ) ;
#4234 = VERTEX_POINT ( 'NONE', #1459 ) ;
#4235 = CARTESIAN_POINT ( 'NONE',  ( 20.00000000000000000, 0.000000000000000000, -8.592322081196679186E-33 ) ) ;
#4236 = DIRECTION ( 'NONE',  ( -1.000000000000000000, 0.000000000000000000, 0.000000000000000000 ) ) ;
#4237 = CARTESIAN_POINT ( 'NONE',  ( 10.00000000000000000, 13.17475538765973830, 7.171179852374740094 ) ) ;
#4238 = CARTESIAN_POINT ( 'NONE',  ( 0.8242226360516198280, -12.80987359387931690, 1.005768531926689802 ) ) ;
#4239 = DIRECTION ( 'NONE',  ( 0.000000000000000000, 0.000000000000000000, 1.000000000000000000 ) ) ;
#4240 = ORIENTED_EDGE ( 'NONE', *, *, #2926, .T. ) ;
#4241 = ORIENTED_EDGE ( 'NONE', *, *, #2135, .T. ) ;
#4242 = CARTESIAN_POINT ( 'NONE',  ( 4.447237764439857944E-16, 10.70396315057078240, 4.712148594565054971 ) ) ;
#4243 = ORIENTED_EDGE ( 'NONE', *, *, #456, .F. ) ;
#4244 = DIRECTION ( 'NONE',  ( 1.000000000000000000, 0.000000000000000000, 0.000000000000000000 ) ) ;
#4245 = ORIENTED_EDGE ( 'NONE', *, *, #2720, .T. ) ;
#4246 = CONICAL_SURFACE ( 'NONE', #3274, 11.69526278054659940, 0.9505468408120750778 ) ;
#4247 = CARTESIAN_POINT ( 'NONE',  ( 3.266627004704396897E-17, 5.170800759256921175, -10.49009013374559096 ) ) ;
#4248 = ORIENTED_EDGE ( 'NONE', *, *, #2471, .T. ) ;
#4249 = FACE_OUTER_BOUND ( 'NONE', #4144, .T. ) ;
#4250 = CARTESIAN_POINT ( 'NONE',  ( -10.00000000000000000, 0.000000000000000000, 0.000000000000000000 ) ) ;
#4251 = FACE_OUTER_BOUND ( 'NONE', #455, .T. ) ;
#4252 = B_SPLINE_CURVE_WITH_KNOTS ( 'NONE', 3,
 ( #1585, #1889, #341, #1176, #5077, #1919, #3861, #1613 ),
 .UNSPECIFIED., .F., .F.,
 ( 4, 2, 2, 4 ),
 ( 2.822997676116917070E-07, 0.002114487468009886885, 0.003171590052131024497, 0.004228692636252162108 ),
 .UNSPECIFIED. ) ;
#4253 = EDGE_CURVE ( 'NONE', #3128, #4295, #216, .T. ) ;
#4254 = AXIS2_PLACEMENT_3D ( 'NONE', #1640, #4316, #1294 ) ;
#4255 = ADVANCED_FACE ( 'NONE', ( #339 ), #1843, .T. ) ;
#4256 = EDGE_CURVE ( 'NONE', #1872, #409, #4281, .T. ) ;
#4257 = DIRECTION ( 'NONE',  ( 1.000000000000000000, 0.000000000000000000, 0.000000000000000000 ) ) ;
#4258 = DIRECTION ( 'NONE',  ( 0.000000000000000000, 0.000000000000000000, -1.000000000000000000 ) ) ;
#4259 = EDGE_CURVE ( 'NONE', #2914, #1682, #4501, .T. ) ;
#4260 = AXIS2_PLACEMENT_3D ( 'NONE', #193, #2126, #2878 ) ;
#4261 = CARTESIAN_POINT ( 'NONE',  ( 2.360526585318501347, -14.83290837936663031, 2.232673063636991362 ) ) ;
#4262 = CARTESIAN_POINT ( 'NONE',  ( 20.00000000000000000, -6.499284164183736223, -9.723089882297141884 ) ) ;
#4263 = DIRECTION ( 'NONE',  ( -1.000000000000000000, 0.000000000000000000, 0.000000000000000000 ) ) ;
#4264 = ORIENTED_EDGE ( 'NONE', *, *, #1993, .F. ) ;
#4265 = DIRECTION ( 'NONE',  ( 0.000000000000000000, -0.8660254037844431485, 0.4999999999999921174 ) ) ;
#4266 = ORIENTED_EDGE ( 'NONE', *, *, #1898, .T. ) ;
#4267 = CARTESIAN_POINT ( 'NONE',  ( 18.37834304137128427, 8.221276052889418651, -11.29097679337936277 ) ) ;
#4268 = B_SPLINE_CURVE_WITH_KNOTS ( 'NONE', 3,
 ( #4065, #197, #3764, #1391, #2971, #224, #1794, #3383 ),
 .UNSPECIFIED., .F., .F.,
 ( 4, 2, 2, 4 ),
 ( 2.822997676098826563E-07, 0.002114487468009879946, 0.003171590052131019726, 0.004228692636252159506 ),
 .UNSPECIFIED. ) ;
#4269 = DIRECTION ( 'NONE',  ( 0.000000000000000000, 0.000000000000000000, -1.000000000000000000 ) ) ;
#4270 = VERTEX_POINT ( 'NONE', #3402 ) ;
#4271 = FACE_OUTER_BOUND ( 'NONE', #3121, .T. ) ;
#4272 = CARTESIAN_POINT ( 'NONE',  ( 0.4144469590235016487, 6.860418087042506663, 10.17965762694241327 ) ) ;
#4273 = VERTEX_POINT ( 'NONE', #2229 ) ;
#4274 = ORIENTED_EDGE ( 'NONE', *, *, #3547, .F. ) ;
#4275 = CARTESIAN_POINT ( 'NONE',  ( 20.00000000000000000, -8.333984767424698958, -9.564282399747270347 ) ) ;
#4276 = CARTESIAN_POINT ( 'NONE',  ( 17.63947341468150043, 12.79780162109362607, -7.824082928171733897 ) ) ;
#4277 = CARTESIAN_POINT ( 'NONE',  ( 3.170007328614371243E-16, 0.000000000000000000, -8.592322081196679186E-33 ) ) ;
#4278 = CIRCLE ( 'NONE', #2226, 11.69526278054659940 ) ;
#4279 = AXIS2_PLACEMENT_3D ( 'NONE', #575, #2563, #2097 ) ;
#4280 = DIRECTION ( 'NONE',  ( 0.000000000000000000, 0.000000000000000000, 1.000000000000000000 ) ) ;
#4281 = LINE ( 'NONE', #3019, #626 ) ;
#4282 = CARTESIAN_POINT ( 'NONE',  ( 2.360526585318501347, 14.70199371010883205, -2.975127047320057727 ) ) ;
#4283 = CIRCLE ( 'NONE', #4543, 11.69526278054659940 ) ;
#4284 = B_SPLINE_CURVE_WITH_KNOTS ( 'NONE', 3,
 ( #3346, #4895, #624, #986, #2211, #2192, #232, #255 ),
 .UNSPECIFIED., .F., .F.,
 ( 4, 2, 2, 4 ),
 ( 3.392033185191772898E-07, 0.002116429666262359486, 0.003174474897734279322, 0.004232520129206199591 ),
 .UNSPECIFIED. ) ;
#4285 = DIRECTION ( 'NONE',  ( -1.000000000000000000, 0.000000000000000000, 0.000000000000000000 ) ) ;
#4286 = EDGE_CURVE ( 'NONE', #3032, #3030, #5020, .T. ) ;
#4287 = LINE ( 'NONE', #813, #4361 ) ;
#4288 = ORIENTED_EDGE ( 'NONE', *, *, #2993, .T. ) ;
#4289 = PRODUCT_RELATED_PRODUCT_CATEGORY ( 'part', '', ( #2066 ) ) ;
#4290 = DIRECTION ( 'NONE',  ( -1.000000000000000000, 0.000000000000000000, 0.000000000000000000 ) ) ;
#4291 = ORIENTED_EDGE ( 'NONE', *, *, #2186, .F. ) ;
#4292 = LINE ( 'NONE', #3154, #375 ) ;
#4293 = B_SPLINE_CURVE_WITH_KNOTS ( 'NONE', 3,
 ( #1960, #1221, #357, #12, #2773, #3566, #1191, #40 ),
 .UNSPECIFIED., .F., .F.,
 ( 4, 2, 2, 4 ),
 ( 3.392033185187245507E-07, 0.002116429559175598586, 0.003174474737104139490, 0.004232519915032680394 ),
 .UNSPECIFIED. ) ;
#4294 = CARTESIAN_POINT ( 'NONE',  ( 1.414568358234328471, -3.688218076893605257, 13.16928527808497940 ) ) ;
#4295 = VERTEX_POINT ( 'NONE', #3813 ) ;
#4296 = CARTESIAN_POINT ( 'NONE',  ( 20.00000000000000000, -2.781836774362690168, 11.35960191498108607 ) ) ;
#4297 = AXIS2_PLACEMENT_3D ( 'NONE', #2240, #3459, #2294 ) ;
#4298 = CARTESIAN_POINT ( 'NONE',  ( 3.170007328614371243E-16, 0.000000000000000000, -8.592322081196679186E-33 ) ) ;
#4299 = ORIENTED_EDGE ( 'NONE', *, *, #1053, .T. ) ;
#4300 = ORIENTED_EDGE ( 'NONE', *, *, #2567, .F. ) ;
#4301 = AXIS2_PLACEMENT_3D ( 'NONE', #863, #889, #4008 ) ;
#4302 = FACE_OUTER_BOUND ( 'NONE', #592, .T. ) ;
#4303 = DIRECTION ( 'NONE',  ( -1.000000000000000000, -0.000000000000000000, 2.710505431213761085E-17 ) ) ;
#4304 = FACE_OUTER_BOUND ( 'NONE', #4485, .T. ) ;
#4305 = DIRECTION ( 'NONE',  ( -1.000000000000000000, 0.000000000000000000, 0.000000000000000000 ) ) ;
#4306 = DIRECTION ( 'NONE',  ( 0.000000000000000000, 0.000000000000000000, 1.000000000000000000 ) ) ;
#4307 = CARTESIAN_POINT ( 'NONE',  ( 17.63947341468150043, 0.000000000000000000, -6.398220130030271836E-17 ) ) ;
#4308 = CONICAL_SURFACE ( 'NONE', #2103, 11.69526278054659940, 0.9505468408120750778 ) ;
#4309 = CIRCLE ( 'NONE', #2765, 5.399999999997302957 ) ;
#4310 = CARTESIAN_POINT ( 'NONE',  ( 0.000000000000000000, -8.396946530139260290, 8.037951540650579929 ) ) ;
#4311 = CARTESIAN_POINT ( 'NONE',  ( 0.000000000000000000, 0.2738250307120564941, 6.994644099306220220 ) ) ;
#4312 = VERTEX_POINT ( 'NONE', #1508 ) ;
#4313 = CIRCLE ( 'NONE', #1524, 1.750000000000000666 ) ;
#4314 = CARTESIAN_POINT ( 'NONE',  ( 20.00000000000000000, -0.2364004980234714892, 12.68364753256399879 ) ) ;
#4315 = EDGE_CURVE ( 'NONE', #4017, #31, #295, .T. ) ;
#4316 = DIRECTION ( 'NONE',  ( -1.000000000000000000, 0.000000000000000000, -2.710505431213761085E-17 ) ) ;
#4317 = CARTESIAN_POINT ( 'NONE',  ( 18.97193201700136811, 7.502651663652664560, -10.78129589407094002 ) ) ;
#4318 = EDGE_CURVE ( 'NONE', #2309, #3950, #3988, .T. ) ;
#4319 = CARTESIAN_POINT ( 'NONE',  ( 1.611745576893881537, -3.878067180410635917, 13.40260351129052374 ) ) ;
#4320 = ORIENTED_EDGE ( 'NONE', *, *, #2658, .F. ) ;
#4321 = AXIS2_PLACEMENT_3D ( 'NONE', #1045, #3749, #3404 ) ;
#4322 = CARTESIAN_POINT ( 'NONE',  ( 2.360526585318501347, 0.000000000000000000, -6.398220130030271836E-17 ) ) ;
#4323 = EDGE_CURVE ( 'NONE', #2794, #663, #4971, .T. ) ;
#4324 = EDGE_CURVE ( 'NONE', #162, #1439, #3428, .T. ) ;
#4325 = EDGE_CURVE ( 'NONE', #531, #3101, #1088, .T. ) ;
#4326 = ADVANCED_FACE ( 'NONE', ( #2669 ), #839, .T. ) ;
#4327 = DIRECTION ( 'NONE',  ( 1.000000000000000000, 0.000000000000000000, 0.000000000000000000 ) ) ;
#4328 = ORIENTED_EDGE ( 'NONE', *, *, #798, .F. ) ;
#4329 = ORIENTED_EDGE ( 'NONE', *, *, #4669, .F. ) ;
#4330 = CARTESIAN_POINT ( 'NONE',  ( 19.79191360838866132, -5.289232643722360017, -10.75650227411663984 ) ) ;
#4331 = ORIENTED_EDGE ( 'NONE', *, *, #19, .F. ) ;
#4332 = CARTESIAN_POINT ( 'NONE',  ( 1.903117732421298447, 13.98952509020196189, 3.243027161970520655 ) ) ;
#4333 = CARTESIAN_POINT ( 'NONE',  ( 0.000000000000000000, -12.44990391086184012, -2.435301323468904933 ) ) ;
#4334 = CARTESIAN_POINT ( 'NONE',  ( 3.170007328614371243E-16, 0.000000000000000000, -8.592322081196679186E-33 ) ) ;
#4335 = CIRCLE ( 'NONE', #3777, 5.399999999997302957 ) ;
#4336 = CARTESIAN_POINT ( 'NONE',  ( 0.000000000000000000, 11.22862222243330699, 3.270659641710743415 ) ) ;
#4337 = CARTESIAN_POINT ( 'NONE',  ( 17.63947341468149332, 14.70199371010880007, 2.975127047320247797 ) ) ;
#4338 = LINE ( 'NONE', #4418, #2946 ) ;
#4339 = CARTESIAN_POINT ( 'NONE',  ( 1.621656927699336226, 5.667634708097497587, -12.76532226340249210 ) ) ;
#4340 = CARTESIAN_POINT ( 'NONE',  ( 20.00000000000000000, 7.971798191702090364, -9.868193021853471691 ) ) ;
#4341 = CARTESIAN_POINT ( 'NONE',  ( 20.00000000000000000, 0.000000000000000000, 4.438010260060118261E-16 ) ) ;
#4342 = ORIENTED_EDGE ( 'NONE', *, *, #4643, .T. ) ;
#4343 = B_SPLINE_CURVE_WITH_KNOTS ( 'NONE', 3,
 ( #3574, #364, #1610, #1172, #5073, #2778, #2829, #4387 ),
 .UNSPECIFIED., .F., .F.,
 ( 4, 2, 2, 4 ),
 ( 2.288837740244946583E-07, 0.002114433870822560093, 0.003171536364346827855, 0.004228638857871095183 ),
 .UNSPECIFIED. ) ;
#4344 = CARTESIAN_POINT ( 'NONE',  ( 0.000000000000000000, -7.000001873099980010, 1.750000000000000000 ) ) ;
#4345 = CIRCLE ( 'NONE', #985, 14.99999999999250022 ) ;
#4346 = ORIENTED_EDGE ( 'NONE', *, *, #4204, .F. ) ;
#4347 = ORIENTED_EDGE ( 'NONE', *, *, #3046, .F. ) ;
#4348 = LINE ( 'NONE', #4781, #3925 ) ;
#4349 = CARTESIAN_POINT ( 'NONE',  ( 2.360526585318501791, -4.774461252588936944, 14.21986356289334807 ) ) ;
#4350 = ORIENTED_EDGE ( 'NONE', *, *, #997, .F. ) ;
#4351 = ADVANCED_FACE ( 'NONE', ( #1252 ), #3593, .T. ) ;
#4352 = VERTEX_POINT ( 'NONE', #3903 ) ;
#4353 = ORIENTED_EDGE ( 'NONE', *, *, #1892, .F. ) ;
#4354 = EDGE_CURVE ( 'NONE', #767, #3975, #2020, .T. ) ;
#4355 = DIRECTION ( 'NONE',  ( -1.000000000000000000, 0.000000000000000000, 0.000000000000000000 ) ) ;
#4356 = EDGE_CURVE ( 'NONE', #2482, #4810, #4338, .T. ) ;
#4357 = CARTESIAN_POINT ( 'NONE',  ( 20.00000000000000000, -0.2364004980234714892, 12.68364753256399879 ) ) ;
#4358 = ORIENTED_EDGE ( 'NONE', *, *, #3488, .F. ) ;
#4359 = FACE_OUTER_BOUND ( 'NONE', #4982, .T. ) ;
#4360 = B_SPLINE_CURVE_WITH_KNOTS ( 'NONE', 3,
 ( #2090, #2476, #2904, #186, #3753, #3258, #907, #4870 ),
 .UNSPECIFIED., .F., .F.,
 ( 4, 2, 2, 4 ),
 ( 3.392033185208505505E-07, 0.002116429998465074909, 0.003174475396038352239, 0.004232520793611631305 ),
 .UNSPECIFIED. ) ;
#4361 = VECTOR ( 'NONE', #1561, 1000.000000000000000 ) ;
#4362 = CARTESIAN_POINT ( 'NONE',  ( 20.00000000000000000, -8.396946530139260290, 8.037951540650579929 ) ) ;
#4363 = DIRECTION ( 'NONE',  ( 0.000000000000000000, 0.000000000000000000, 1.000000000000000000 ) ) ;
#4364 = DIRECTION ( 'NONE',  ( 0.000000000000000000, 0.000000000000000000, -1.000000000000000000 ) ) ;
#4365 = DIRECTION ( 'NONE',  ( -1.000000000000000000, 0.000000000000000000, 0.000000000000000000 ) ) ;
#4366 = AXIS2_PLACEMENT_3D ( 'NONE', #4275, #754, #1934 ) ;
#4367 = CARTESIAN_POINT ( 'NONE',  ( 17.63947341468150043, -14.83290837936663031, 2.232673063636991362 ) ) ;
#4368 = ORIENTED_EDGE ( 'NONE', *, *, #1386, .F. ) ;
#4369 = CIRCLE ( 'NONE', #2159, 5.399999999997302069 ) ;
#4370 = FACE_OUTER_BOUND ( 'NONE', #2873, .T. ) ;
#4371 = VERTEX_POINT ( 'NONE', #3195 ) ;
#4372 = CARTESIAN_POINT ( 'NONE',  ( 5.000000000000000000, 7.000001873099980010, -1.843143693225354777E-15 ) ) ;
#4373 = CARTESIAN_POINT ( 'NONE',  ( 0.000000000000000000, -0.2364004980234714892, 12.68364753256399879 ) ) ;
#4374 = ORIENTED_EDGE ( 'NONE', *, *, #3021, .T. ) ;
#4375 = CARTESIAN_POINT ( 'NONE',  ( 19.58555304097650307, -6.860418087042575941, 10.17965762694236886 ) ) ;
#4376 = DIRECTION ( 'NONE',  ( -1.000000000000000000, 0.000000000000000000, 0.000000000000000000 ) ) ;
#4377 = ORIENTED_EDGE ( 'NONE', *, *, #2375, .F. ) ;
#4378 = ORIENTED_EDGE ( 'NONE', *, *, #447, .F. ) ;
#4379 = DIRECTION ( 'NONE',  ( 0.000000000000000000, 0.8660254037844379305, 0.5000000000000011102 ) ) ;
#4380 = CARTESIAN_POINT ( 'NONE',  ( 0.9269598836624191041, 12.53200494222450168, 3.430316763067319918 ) ) ;
#4381 = CYLINDRICAL_SURFACE ( 'NONE', #1952, 14.99999999999250022 ) ;
#4382 = CARTESIAN_POINT ( 'NONE',  ( 0.8242228291498646664, -9.166437085429505416, 9.004491653679457031 ) ) ;
#4383 = EDGE_CURVE ( 'NONE', #1713, #1639, #4902, .T. ) ;
#4384 = AXIS2_PLACEMENT_3D ( 'NONE', #2076, #3958, #2886 ) ;
#4385 = CARTESIAN_POINT ( 'NONE',  ( 17.63947341468150043, -14.83290837936660367, -2.232673063637195643 ) ) ;
#4386 = DIRECTION ( 'NONE',  ( -1.000000000000000000, 0.000000000000000000, -2.710505431213761085E-17 ) ) ;
#4387 = CARTESIAN_POINT ( 'NONE',  ( 9.774951321670076585E-17, 8.446785448070759372, -8.088942273270262717 ) ) ;
#4388 = CARTESIAN_POINT ( 'NONE',  ( 1.028067977215084916, 5.585550296250514357, -11.88813487541112757 ) ) ;
#4389 = ADVANCED_FACE ( 'NONE', ( #4772 ), #2407, .T. ) ;
#4390 = CARTESIAN_POINT ( 'NONE',  ( 17.63947341468150043, -9.350005781138149175, -11.72933893672009731 ) ) ;
#4391 = CYLINDRICAL_SURFACE ( 'NONE', #3395, 5.399999999997299405 ) ;
#4392 = ORIENTED_EDGE ( 'NONE', *, *, #3308, .F. ) ;
#4393 = AXIS2_PLACEMENT_3D ( 'NONE', #4758, #3561, #1925 ) ;
#4394 = CARTESIAN_POINT ( 'NONE',  ( 2.360526585318501347, 12.79780162109362607, -7.824082928171733897 ) ) ;
#4395 = AXIS2_PLACEMENT_3D ( 'NONE', #4529, #1695, #4907 ) ;
#4396 = CIRCLE ( 'NONE', #4566, 3.000000000000000000 ) ;
#4397 = FACE_OUTER_BOUND ( 'NONE', #1422, .T. ) ;
#4398 = VERTEX_POINT ( 'NONE', #3552 ) ;
#4399 = CARTESIAN_POINT ( 'NONE',  ( 0.000000000000000000, 11.22862222243330699, 3.270659641710743415 ) ) ;
#4400 = DIRECTION ( 'NONE',  ( -1.000000000000000000, 0.000000000000000000, 0.000000000000000000 ) ) ;
#4401 = ORIENTED_EDGE ( 'NONE', *, *, #1146, .T. ) ;
#4402 = VECTOR ( 'NONE', #1179, 1000.000000000000000 ) ;
#4403 = CARTESIAN_POINT ( 'NONE',  ( 18.00593644130670867, 12.87960486875367394, -6.633748488841114010 ) ) ;
#4404 = B_SPLINE_CURVE_WITH_KNOTS ( 'NONE', 3,
 ( #3600, #4769, #470, #1247, #4382, #4004, #2044, #171 ),
 .UNSPECIFIED., .F., .F.,
 ( 4, 2, 2, 4 ),
 ( 2.288837740309849424E-07, 0.002114433870822575272, 0.003171536364346845636, 0.004228638857871116000 ),
 .UNSPECIFIED. ) ;
#4405 = CARTESIAN_POINT ( 'NONE',  ( 0.000000000000000000, 0.000000000000000000, 0.000000000000000000 ) ) ;
#4406 = AXIS2_PLACEMENT_3D ( 'NONE', #2022, #2777, #1581 ) ;
#4407 = EDGE_LOOP ( 'NONE', ( #4714, #1418, #2264, #1904 ) ) ;
#4408 = VERTEX_POINT ( 'NONE', #3243 ) ;
#4409 = SURFACE_STYLE_USAGE ( .BOTH. , #61 ) ;
#4410 = CIRCLE ( 'NONE', #1605, 5.399999999997302957 ) ;
#4411 = CARTESIAN_POINT ( 'NONE',  ( 2.360526585318506232, 14.70199371010880007, 2.975127047320248685 ) ) ;
#4412 = CARTESIAN_POINT ( 'NONE',  ( 20.00000000000000000, 10.63969002948375930, 4.681278893247929673 ) ) ;
#4413 = ORIENTED_EDGE ( 'NONE', *, *, #4206, .F. ) ;
#4414 = CARTESIAN_POINT ( 'NONE',  ( 20.00000000000000000, -12.53200494222450168, 1.969683236929895331 ) ) ;
#4415 = DIRECTION ( 'NONE',  ( -1.000000000000000000, 0.000000000000000000, 0.000000000000000000 ) ) ;
#4416 = CONICAL_SURFACE ( 'NONE', #1457, 11.69526278054659940, 0.9505468408120750778 ) ;
#4417 = CARTESIAN_POINT ( 'NONE',  ( 2.360526585318501347, 0.000000000000000000, -6.398220130030271836E-17 ) ) ;
#4418 = CARTESIAN_POINT ( 'NONE',  ( 20.00000000000000000, 8.396946530139320686, -8.037951540650530191 ) ) ;
#4419 = CARTESIAN_POINT ( 'NONE',  ( 2.360526585318500903, -14.70199371010875922, -2.975127047320349938 ) ) ;
#4420 = ADVANCED_FACE ( 'NONE', ( #445 ), #23, .F. ) ;
#4421 = DIRECTION ( 'NONE',  ( -1.000000000000000000, 0.000000000000000000, 0.000000000000000000 ) ) ;
#4422 = DIRECTION ( 'NONE',  ( 0.000000000000000000, 0.000000000000000000, 1.000000000000000000 ) ) ;
#4423 = EDGE_CURVE ( 'NONE', #1625, #3670, #4647, .T. ) ;
#4424 = EDGE_CURVE ( 'NONE', #2067, #911, #3175, .T. ) ;
#4425 = ORIENTED_EDGE ( 'NONE', *, *, #765, .T. ) ;
#4426 = ADVANCED_FACE ( 'NONE', ( #2049 ), #95, .T. ) ;
#4427 = CARTESIAN_POINT ( 'NONE',  ( 0.000000000000000000, 7.000001873099980010, 1.750000000000000000 ) ) ;
#4428 = ORIENTED_EDGE ( 'NONE', *, *, #1435, .F. ) ;
#4429 = DIRECTION ( 'NONE',  ( -1.000000000000000000, 0.000000000000000000, 0.000000000000000000 ) ) ;
#4430 = DIRECTION ( 'NONE',  ( -1.000000000000000000, 0.000000000000000000, 0.000000000000000000 ) ) ;
#4431 = ORIENTED_EDGE ( 'NONE', *, *, #4053, .T. ) ;
#4432 = CARTESIAN_POINT ( 'NONE',  ( 17.63947341468150043, 13.17475538765984489, -7.171179852374563346 ) ) ;
#4433 = DIRECTION ( 'NONE',  ( 0.000000000000000000, 0.6427876096865359212, 0.7660444431189809000 ) ) ;
#4434 = DIRECTION ( 'NONE',  ( 1.000000000000000000, 0.000000000000000000, 0.000000000000000000 ) ) ;
#4435 = AXIS2_PLACEMENT_3D ( 'NONE', #1655, #4670, #781 ) ;
#4436 = ORIENTED_EDGE ( 'NONE', *, *, #3516, .F. ) ;
#4437 = ORIENTED_EDGE ( 'NONE', *, *, #2962, .F. ) ;
#4438 = CARTESIAN_POINT ( 'NONE',  ( 10.00000000000000000, 9.927532457520051423, -11.24473651557300080 ) ) ;
#4439 = ORIENTED_EDGE ( 'NONE', *, *, #4424, .T. ) ;
#4440 = DIRECTION ( 'NONE',  ( 1.000000000000000000, 0.000000000000000000, -2.710505431213761085E-17 ) ) ;
#4441 = CARTESIAN_POINT ( 'NONE',  ( 5.000000000000000000, 0.2738250307120564941, 6.994644099306220220 ) ) ;
#4442 = ORIENTED_EDGE ( 'NONE', *, *, #4488, .F. ) ;
#4443 = ORIENTED_EDGE ( 'NONE', *, *, #4672, .T. ) ;
#4444 = LINE ( 'NONE', #3273, #3006 ) ;
#4445 = CARTESIAN_POINT ( 'NONE',  ( 2.360526585318501347, -14.83290837936663031, 2.232673063636991362 ) ) ;
#4446 = CARTESIAN_POINT ( 'NONE',  ( 18.97193199405735697, 12.67744806560261317, -3.436340281954910481 ) ) ;
#4447 = CARTESIAN_POINT ( 'NONE',  ( 19.17957259994974351, -9.181565077091590865, 8.983384736008144245 ) ) ;
#4448 = CIRCLE ( 'NONE', #7, 14.99999999999250022 ) ;
#4449 = DIRECTION ( 'NONE',  ( 0.000000000000000000, 0.000000000000000000, -1.000000000000000000 ) ) ;
#4450 = AXIS2_PLACEMENT_3D ( 'NONE', #4311, #1511, #2724 ) ;
#4451 = ORIENTED_EDGE ( 'NONE', *, *, #1892, .T. ) ;
#4452 = CARTESIAN_POINT ( 'NONE',  ( 5.345585351997739044E-17, -6.499284164183738000, -9.723089882297141884 ) ) ;
#4453 = VECTOR ( 'NONE', #71, 1000.000000000000000 ) ;
#4454 = EDGE_CURVE ( 'NONE', #2517, #1232, #279, .T. ) ;
#4455 = CARTESIAN_POINT ( 'NONE',  ( 17.63947341468150043, 0.000000000000000000, -6.398220130030271836E-17 ) ) ;
#4456 = ORIENTED_EDGE ( 'NONE', *, *, #2596, .T. ) ;
#4457 = CARTESIAN_POINT ( 'NONE',  ( 20.00000000000000000, 0.000000000000000000, 3.000000000000000000 ) ) ;
#4458 = CARTESIAN_POINT ( 'NONE',  ( 1.994063488912840354, 5.602258419520493860, 13.36059648213988105 ) ) ;
#4459 = ORIENTED_EDGE ( 'NONE', *, *, #3278, .T. ) ;
#4460 = ADVANCED_FACE ( 'NONE', ( #3526 ), #2382, .T. ) ;
#4461 = DIRECTION ( 'NONE',  ( -1.000000000000000000, 0.000000000000000000, 0.000000000000000000 ) ) ;
#4462 = VECTOR ( 'NONE', #1334, 1000.000000000000000 ) ;
#4463 = DIRECTION ( 'NONE',  ( -1.000000000000000000, 0.000000000000000000, 0.000000000000000000 ) ) ;
#4464 = LINE ( 'NONE', #490, #3003 ) ;
#4465 = CARTESIAN_POINT ( 'NONE',  ( 0.8242227812879545645, 11.69335075898830034, -5.326348194270454250 ) ) ;
#4466 = AXIS2_PLACEMENT_3D ( 'NONE', #3513, #8, #4639 ) ;
#4467 = VERTEX_POINT ( 'NONE', #44 ) ;
#4468 = VERTEX_POINT ( 'NONE', #3960 ) ;
#4469 = LINE ( 'NONE', #3734, #3810 ) ;
#4470 = VERTEX_POINT ( 'NONE', #2860 ) ;
#4471 = CARTESIAN_POINT ( 'NONE',  ( 17.63947341468150043, -0.3769537665662803239, 14.99526278054661255 ) ) ;
#4472 = CARTESIAN_POINT ( 'NONE',  ( 1.414568187139304545, -5.639714429572160626, -12.45899843146669106 ) ) ;
#4473 = ORIENTED_EDGE ( 'NONE', *, *, #4204, .T. ) ;
#4474 = EDGE_LOOP ( 'NONE', ( #2, #1834 ) ) ;
#4475 = CARTESIAN_POINT ( 'NONE',  ( 1.903117732421293340, -13.98952509020197432, 3.243027161970431393 ) ) ;
#4476 = CARTESIAN_POINT ( 'NONE',  ( 2.360526585318501347, 13.17475538765974719, 7.171179852374745423 ) ) ;
#4477 = CARTESIAN_POINT ( 'NONE',  ( 20.00000000000000000, -5.141407353527459811, -10.42512860472035996 ) ) ;
#4478 = CARTESIAN_POINT ( 'NONE',  ( 19.58410755810889725, -2.942772963664366692, -11.91964458133440097 ) ) ;
#4479 = AXIS2_PLACEMENT_3D ( 'NONE', #2270, #263, #1473 ) ;
#4480 = ORIENTED_EDGE ( 'NONE', *, *, #2934, .T. ) ;
#4481 = DIRECTION ( 'NONE',  ( 0.000000000000000000, 0.000000000000000000, -1.000000000000000000 ) ) ;
#4482 = CARTESIAN_POINT ( 'NONE',  ( 20.00000000000000000, 9.432821964585949459, -6.913829712284172757 ) ) ;
#4483 = CARTESIAN_POINT ( 'NONE',  ( 0.4144469734947854866, -2.965036302898119480, -11.91215034948888096 ) ) ;
#4484 = CARTESIAN_POINT ( 'NONE',  ( 6.249033597312623488E-16, 2.781836774362620002, 11.35960191498110383 ) ) ;
#4485 = EDGE_LOOP ( 'NONE', ( #1499, #3541, #2793, #4886 ) ) ;
#4486 = CARTESIAN_POINT ( 'NONE',  ( 18.58543174312621815, 12.32876179180785670, -5.919008034739268176 ) ) ;
#4487 = CIRCLE ( 'NONE', #3093, 11.62399999999419897 ) ;
#4488 = EDGE_CURVE ( 'NONE', #1266, #2914, #4894, .T. ) ;
#4489 = DIRECTION ( 'NONE',  ( -1.000000000000000000, 0.000000000000000000, 0.000000000000000000 ) ) ;
#4490 = DIRECTION ( 'NONE',  ( 0.000000000000000000, 0.000000000000000000, -1.000000000000000000 ) ) ;
#4491 = CARTESIAN_POINT ( 'NONE',  ( 1.028068016668249429, 11.92032561184655215, -5.516517170581441754 ) ) ;
#4492 = EDGE_CURVE ( 'NONE', #604, #4706, #4343, .T. ) ;
#4493 = CONICAL_SURFACE ( 'NONE', #3590, 11.69526278054659940, 0.9505468408120750778 ) ;
#4494 = AXIS2_PLACEMENT_3D ( 'NONE', #3673, #4785, #2479 ) ;
#4495 = ORIENTED_EDGE ( 'NONE', *, *, #1998, .F. ) ;
#4496 = ORIENTED_EDGE ( 'NONE', *, *, #4502, .F. ) ;
#4497 = EDGE_CURVE ( 'NONE', #3843, #2481, #2011, .T. ) ;
#4498 = EDGE_CURVE ( 'NONE', #4467, #988, #2954, .T. ) ;
#4499 = LINE ( 'NONE', #3295, #4462 ) ;
#4500 = CARTESIAN_POINT ( 'NONE',  ( 18.81954173488641757, 12.89995792565605193, 3.430316763067319474 ) ) ;
#4501 = CIRCLE ( 'NONE', #3908, 11.69526278054659940 ) ;
#4502 = EDGE_CURVE ( 'NONE', #4352, #4398, #2156, .T. ) ;
#4503 = FACE_OUTER_BOUND ( 'NONE', #2287, .T. ) ;
#4504 = CARTESIAN_POINT ( 'NONE',  ( 2.962111493885002947E-16, 11.67008492344063342, -0.7670002514485749767 ) ) ;
#4505 = VERTEX_POINT ( 'NONE', #3717 ) ;
#4506 = VECTOR ( 'NONE', #2283, 1000.000000000000000 ) ;
#4507 = CARTESIAN_POINT ( 'NONE',  ( 19.07304011633758023, 12.53200494222450168, 3.430316763067319918 ) ) ;
#4508 = CARTESIAN_POINT ( 'NONE',  ( 20.00000000000000000, 6.457722532643810354, 9.665153681719150569 ) ) ;
#4509 = ORIENTED_EDGE ( 'NONE', *, *, #3269, .F. ) ;
#4510 = CIRCLE ( 'NONE', #4909, 14.99999999999250022 ) ;
#4511 = VERTEX_POINT ( 'NONE', #1742 ) ;
#4512 = CARTESIAN_POINT ( 'NONE',  ( 20.00000000000000000, -7.000001873099980010, 3.000000000000000000 ) ) ;
#4513 = CARTESIAN_POINT ( 'NONE',  ( 17.63947341468150043, 9.927532457520053200, -11.24473651557300258 ) ) ;
#4514 = CARTESIAN_POINT ( 'NONE',  ( 20.00000000000000000, -11.10256122485990105, -6.137094929526500486 ) ) ;
#4515 = ORIENTED_EDGE ( 'NONE', *, *, #3578, .F. ) ;
#4516 = CARTESIAN_POINT ( 'NONE',  ( 20.00000000000000000, -4.115919143436959970, -11.99958372321604116 ) ) ;
#4517 = FACE_OUTER_BOUND ( 'NONE', #28, .T. ) ;
#4518 = VERTEX_POINT ( 'NONE', #120 ) ;
#4519 = AXIS2_PLACEMENT_3D ( 'NONE', #4665, #5060, #1986 ) ;
#4520 = EDGE_LOOP ( 'NONE', ( #4509, #4459, #3798, #3412 ) ) ;
#4521 = EDGE_CURVE ( 'NONE', #1007, #309, #2249, .T. ) ;
#4522 = LINE ( 'NONE', #3708, #3966 ) ;
#4523 = CARTESIAN_POINT ( 'NONE',  ( 0.2080863879141578721, -9.674621220708381486, -7.076724330099522398 ) ) ;
#4524 = CARTESIAN_POINT ( 'NONE',  ( 20.00000000000000000, 2.781836774362619558, 11.35960191498110206 ) ) ;
#4525 = AXIS2_PLACEMENT_3D ( 'NONE', #1283, #2077, #4037 ) ;
#4526 = EDGE_CURVE ( 'NONE', #310, #2331, #3584, .T. ) ;
#4527 = CARTESIAN_POINT ( 'NONE',  ( 0.9269598836624191041, 12.53200494222450168, 3.430316763067319918 ) ) ;
#4528 = ORIENTED_EDGE ( 'NONE', *, *, #202, .F. ) ;
#4529 = CARTESIAN_POINT ( 'NONE',  ( 3.170007328614371243E-16, 0.000000000000000000, -8.592322081196679186E-33 ) ) ;
#4530 = CARTESIAN_POINT ( 'NONE',  ( 0.000000000000000000, -7.000001873099980010, -1.844327237370754842E-15 ) ) ;
#4531 = VERTEX_POINT ( 'NONE', #3332 ) ;
#4532 = DIRECTION ( 'NONE',  ( 0.000000000000000000, 0.000000000000000000, 1.000000000000000000 ) ) ;
#4533 = DIRECTION ( 'NONE',  ( -2.710505431213761085E-17, 0.000000000000000000, -1.000000000000000000 ) ) ;
#4534 = CARTESIAN_POINT ( 'NONE',  ( 9.098105991611348187E-18, -2.781836774362537845, -11.35960191498112337 ) ) ;
#4535 = CARTESIAN_POINT ( 'NONE',  ( 17.63947341468150043, 9.350005781138243321, 11.72933893672002448 ) ) ;
#4536 = ORIENTED_EDGE ( 'NONE', *, *, #3453, .T. ) ;
#4537 = CARTESIAN_POINT ( 'NONE',  ( 0.000000000000000000, 0.2738250307120564941, 8.744644099306221108 ) ) ;
#4538 = DIRECTION ( 'NONE',  ( -1.000000000000000000, 0.000000000000000000, 0.000000000000000000 ) ) ;
#4539 = VECTOR ( 'NONE', #4970, 1000.000000000000000 ) ;
#4540 = ORIENTED_EDGE ( 'NONE', *, *, #49, .T. ) ;
#4541 = AXIS2_PLACEMENT_3D ( 'NONE', #141, #4107, #2484 ) ;
#4542 = ORIENTED_EDGE ( 'NONE', *, *, #3479, .F. ) ;
#4543 = AXIS2_PLACEMENT_3D ( 'NONE', #2941, #3084, #2768 ) ;
#4544 = CARTESIAN_POINT ( 'NONE',  ( 20.00000000000000000, 0.000000000000000000, 0.000000000000000000 ) ) ;
#4545 = PLANE ( 'NONE',  #1415 ) ;
#4546 = EDGE_CURVE ( 'NONE', #3565, #2277, #2683, .T. ) ;
#4547 = CARTESIAN_POINT ( 'NONE',  ( 19.62360141046181639, 9.870202323138991929, 7.208482836900401480 ) ) ;
#4548 = EDGE_CURVE ( 'NONE', #955, #2677, #3302, .T. ) ;
#4549 = AXIS2_PLACEMENT_3D ( 'NONE', #4896, #938, #4433 ) ;
#4550 = CARTESIAN_POINT ( 'NONE',  ( -10.00000000000000000, 0.000000000000000000, 0.000000000000000000 ) ) ;
#4551 = CARTESIAN_POINT ( 'NONE',  ( 20.00000000000000000, 0.000000000000000000, 0.000000000000000000 ) ) ;
#4552 = ORIENTED_EDGE ( 'NONE', *, *, #3304, .T. ) ;
#4553 = DIRECTION ( 'NONE',  ( 0.000000000000000000, 0.9848077530122085754, -0.1736481776669274724 ) ) ;
#4554 = AXIS2_PLACEMENT_3D ( 'NONE', #1010, #4153, #1092 ) ;
#4555 = CARTESIAN_POINT ( 'NONE',  ( 18.38825461907429215, 8.228151221615071620, 11.26795037950035727 ) ) ;
#4556 = ORIENTED_EDGE ( 'NONE', *, *, #3829, .T. ) ;
#4557 = FACE_OUTER_BOUND ( 'NONE', #1236, .T. ) ;
#4558 = ORIENTED_EDGE ( 'NONE', *, *, #5068, .T. ) ;
#4559 = FACE_OUTER_BOUND ( 'NONE', #3696, .T. ) ;
#4560 = ORIENTED_EDGE ( 'NONE', *, *, #2518, .F. ) ;
#4561 = ORIENTED_EDGE ( 'NONE', *, *, #2062, .T. ) ;
#4562 = ORIENTED_EDGE ( 'NONE', *, *, #3426, .T. ) ;
#4563 = CARTESIAN_POINT ( 'NONE',  ( 17.63947341468150043, 9.927532457520053200, -11.24473651557300258 ) ) ;
#4564 = CARTESIAN_POINT ( 'NONE',  ( 1.994063558693286886, -12.87960486875353538, -6.633748488841378688 ) ) ;
#4565 = DIRECTION ( 'NONE',  ( 0.000000000000000000, 0.000000000000000000, 1.000000000000000000 ) ) ;
#4566 = AXIS2_PLACEMENT_3D ( 'NONE', #3727, #1400, #647 ) ;
#4567 = CARTESIAN_POINT ( 'NONE',  ( 0.4144469885218918237, 12.24605119035004819, -0.8514675473765207503 ) ) ;
#4568 = ORIENTED_EDGE ( 'NONE', *, *, #3307, .F. ) ;
#4569 = CARTESIAN_POINT ( 'NONE',  ( 10.00000000000000000, -12.79780162109356034, 7.824082928171820051 ) ) ;
#4570 = AXIS2_PLACEMENT_3D ( 'NONE', #29, #1591, #3173 ) ;
#4571 = FACE_OUTER_BOUND ( 'NONE', #3223, .T. ) ;
#4572 = ORIENTED_EDGE ( 'NONE', *, *, #4546, .F. ) ;
#4573 = AXIS2_PLACEMENT_3D ( 'NONE', #959, #2556, #2188 ) ;
#4574 = EDGE_CURVE ( 'NONE', #2834, #3017, #3276, .T. ) ;
#4575 = FACE_BOUND ( 'NONE', #3710, .T. ) ;
#4576 = DIRECTION ( 'NONE',  ( 0.000000000000000000, 0.000000000000000000, -1.000000000000000000 ) ) ;
#4577 = EDGE_CURVE ( 'NONE', #1668, #4828, #4268, .T. ) ;
#4578 = CARTESIAN_POINT ( 'NONE',  ( 18.00138069444725275, 5.629570163517914949, 13.36007749051252880 ) ) ;
#4579 = B_SPLINE_CURVE_WITH_KNOTS ( 'NONE', 3,
 ( #2074, #4005, #1365, #4472, #2101, #1174, #2328, #367 ),
 .UNSPECIFIED., .F., .F.,
 ( 4, 2, 2, 4 ),
 ( 3.392033185206559446E-07, 0.002116429559175601188, 0.003174474737104141225, 0.004232519915032681261 ),
 .UNSPECIFIED. ) ;
#4580 = ADVANCED_FACE ( 'NONE', ( #4928 ), #891, .T. ) ;
#4581 = ADVANCED_FACE ( 'NONE', ( #2492 ), #4833, .T. ) ;
#4582 = DIRECTION ( 'NONE',  ( -1.000000000000000000, 0.000000000000000000, -2.710505431213761085E-17 ) ) ;
#4583 = CARTESIAN_POINT ( 'NONE',  ( 0.000000000000000000, 9.373951458494477862, 6.873602407301000028 ) ) ;
#4584 = ORIENTED_EDGE ( 'NONE', *, *, #4923, .F. ) ;
#4585 = EDGE_CURVE ( 'NONE', #1091, #2266, #2846, .T. ) ;
#4586 = DIRECTION ( 'NONE',  ( 0.000000000000000000, 0.000000000000000000, 1.000000000000000000 ) ) ;
#4587 = VERTEX_POINT ( 'NONE', #1816 ) ;
#4588 = DIRECTION ( 'NONE',  ( 0.000000000000000000, -0.8660254037844328234, -0.5000000000000098810 ) ) ;
#4589 = ORIENTED_EDGE ( 'NONE', *, *, #296, .F. ) ;
#4590 = CLOSED_SHELL ( 'NONE', ( #2661, #3145, #514, #2404, #412, #1380, #581, #1777, #2633, #2440, #1811, #2665, #3375, #1216, #2216, #4020, #941, #1812, #2137, #1966, #678, #3715, #1691, #4897, #4460, #291, #3887, #1587, #1021, #1465, #152, #4142, #3915, #5064, #4426, #1783, #1383, #685, #3716, #418, #1120, #3608, #715, #4580, #4789, #4255, #3399, #4326, #20, #4200, #2602, #2399, #4605, #264, #4581, #2789, #2903, #3650, #17, #3425, #2898, #2755, #3678, #5003, #1814, #4117, #4793, #2508, #3141, #4207, #3372, #1462, #712, #3335, #1351, #3519, #4693, #2821, #4734, #1654, #3686, #769, #1487, #3684, #4389, #4086, #4609, #3856, #153, #1579, #78, #1287, #351, #4118, #1278, #4420, #3886, #378, #2340, #2306, #1620, #4861, #2662, #2548, #2695, #2515, #287, #1746, #2160, #2027, #4797, #46, #768, #3172, #147, #4869, #383, #1865, #4704, #3420, #520, #1807, #4055, #735, #612, #2303, #1837, #4351, #261, #3055, #1586, #4199, #2064, #2243, #1928, #3081, #3450, #30, #2025 ) ) ;
#4591 = VERTEX_POINT ( 'NONE', #4620 ) ;
#4592 = ORIENTED_EDGE ( 'NONE', *, *, #4949, .T. ) ;
#4593 = CARTESIAN_POINT ( 'NONE',  ( 0.000000000000000000, 4.560206750522500130, 11.83787625878356131 ) ) ;
#4594 = CIRCLE ( 'NONE', #3931, 14.99999999999250022 ) ;
#4595 = CARTESIAN_POINT ( 'NONE',  ( 20.00000000000000000, -9.373951458494518718, 6.873602407300939632 ) ) ;
#4596 = VERTEX_POINT ( 'NONE', #5043 ) ;
#4597 = CYLINDRICAL_SURFACE ( 'NONE', #4859, 5.399999999997299405 ) ;
#4598 = CIRCLE ( 'NONE', #4919, 5.399999999997300293 ) ;
#4599 = CYLINDRICAL_SURFACE ( 'NONE', #3354, 11.62399999999419897 ) ;
#4600 = CARTESIAN_POINT ( 'NONE',  ( -10.00000000000000000, 0.000000000000000000, 0.000000000000000000 ) ) ;
#4601 = DIRECTION ( 'NONE',  ( 1.000000000000000000, 0.000000000000000000, 0.000000000000000000 ) ) ;
#4602 = CARTESIAN_POINT ( 'NONE',  ( 19.17577718098695172, 5.533915758742659285, 11.59656047250842903 ) ) ;
#4603 = CARTESIAN_POINT ( 'NONE',  ( 19.17957258295063028, 7.252544909737645540, 10.60202487860380138 ) ) ;
#4604 = ORIENTED_EDGE ( 'NONE', *, *, #4526, .T. ) ;
#4605 = ADVANCED_FACE ( 'NONE', ( #4251 ), #3012, .T. ) ;
#4606 = ORIENTED_EDGE ( 'NONE', *, *, #2512, .T. ) ;
#4607 = CARTESIAN_POINT ( 'NONE',  ( 0.4158923845973612199, 8.851328473954605869, 8.508338376994251107 ) ) ;
#4608 = ORIENTED_EDGE ( 'NONE', *, *, #4116, .T. ) ;
#4609 = ADVANCED_FACE ( 'NONE', ( #4571 ), #4599, .T. ) ;
#4610 = EDGE_CURVE ( 'NONE', #434, #3100, #3811, .T. ) ;
#4611 = VERTEX_POINT ( 'NONE', #1089 ) ;
#4612 = EDGE_LOOP ( 'NONE', ( #2149, #722, #2238, #4589 ) ) ;
#4613 = CIRCLE ( 'NONE', #3636, 1.750000000000000000 ) ;
#4614 = DIRECTION ( 'NONE',  ( 1.000000000000000000, 0.000000000000000000, -2.710505431213761085E-17 ) ) ;
#4615 = CIRCLE ( 'NONE', #1741, 11.62399999999417233 ) ;
#4616 = CARTESIAN_POINT ( 'NONE',  ( 2.360526585318501347, 14.83290837936661433, 2.232673063637093946 ) ) ;
#4617 = ORIENTED_EDGE ( 'NONE', *, *, #893, .F. ) ;
#4618 = CARTESIAN_POINT ( 'NONE',  ( 0.000000000000000000, 0.000000000000000000, 0.000000000000000000 ) ) ;
#4619 = CIRCLE ( 'NONE', #2395, 11.62399999999420253 ) ;
#4620 = CARTESIAN_POINT ( 'NONE',  ( 1.296010030051038586E-16, 9.432821964585949459, -6.913829712284172757 ) ) ;
#4621 = ORIENTED_EDGE ( 'NONE', *, *, #3209, .F. ) ;
#4622 = ORIENTED_EDGE ( 'NONE', *, *, #740, .F. ) ;
#4623 = FACE_OUTER_BOUND ( 'NONE', #300, .T. ) ;
#4624 = DIRECTION ( 'NONE',  ( -1.000000000000000000, 0.000000000000000000, 0.000000000000000000 ) ) ;
#4625 = DIRECTION ( 'NONE',  ( -1.000000000000000000, 0.000000000000000000, 0.000000000000000000 ) ) ;
#4626 = CARTESIAN_POINT ( 'NONE',  ( 17.63947341468150043, 0.000000000000000000, -6.398220130030271836E-17 ) ) ;
#4627 = DIRECTION ( 'NONE',  ( 1.000000000000000000, 0.000000000000000000, 0.000000000000000000 ) ) ;
#4628 = CARTESIAN_POINT ( 'NONE',  ( 20.00000000000000000, -5.170800759256850121, 10.49009013374562826 ) ) ;
#4629 = VERTEX_POINT ( 'NONE', #636 ) ;
#4630 = ORIENTED_EDGE ( 'NONE', *, *, #1384, .F. ) ;
#4631 = CIRCLE ( 'NONE', #429, 5.399999999997303846 ) ;
#4632 = CARTESIAN_POINT ( 'NONE',  ( 0.000000000000000000, 4.560206750522660002, -11.83787625878350092 ) ) ;
#4633 = EDGE_LOOP ( 'NONE', ( #3649, #4561, #578, #4836, #3153, #5002 ) ) ;
#4634 = FACE_OUTER_BOUND ( 'NONE', #2423, .T. ) ;
#4635 = VERTEX_POINT ( 'NONE', #5017 ) ;
#4636 = CIRCLE ( 'NONE', #1592, 5.399999999997300293 ) ;
#4637 =( NAMED_UNIT ( * ) SI_UNIT ( $, .STERADIAN. ) SOLID_ANGLE_UNIT ( ) );
#4638 = EDGE_CURVE ( 'NONE', #710, #2794, #595, .T. ) ;
#4639 = DIRECTION ( 'NONE',  ( 0.000000000000000000, 0.000000000000000000, 1.000000000000000000 ) ) ;
#4640 = EDGE_LOOP ( 'NONE', ( #2130, #3283, #4958, #3625, #2848, #3181 ) ) ;
#4641 = ORIENTED_EDGE ( 'NONE', *, *, #150, .F. ) ;
#4642 = EDGE_CURVE ( 'NONE', #4099, #106, #4230, .T. ) ;
#4643 = EDGE_CURVE ( 'NONE', #4920, #3058, #1927, .T. ) ;
#4644 = DIRECTION ( 'NONE',  ( 0.000000000000000000, 0.9848077530122074652, 0.1736481776669340782 ) ) ;
#4645 = EDGE_CURVE ( 'NONE', #2961, #2936, #661, .T. ) ;
#4646 = AXIS2_PLACEMENT_3D ( 'NONE', #3535, #4, #2557 ) ;
#4647 = CIRCLE ( 'NONE', #2672, 5.399999999997299405 ) ;
#4648 = AXIS2_PLACEMENT_3D ( 'NONE', #4679, #3031, #672 ) ;
#4649 = DIRECTION ( 'NONE',  ( -1.000000000000000000, 0.000000000000000000, 0.000000000000000000 ) ) ;
#4650 = AXIS2_PLACEMENT_3D ( 'NONE', #2577, #564, #4929 ) ;
#4651 = ORIENTED_EDGE ( 'NONE', *, *, #1806, .T. ) ;
#4652 = CARTESIAN_POINT ( 'NONE',  ( 5.000000000000000000, -7.000001873099980010, -1.844327237370754842E-15 ) ) ;
#4653 = CARTESIAN_POINT ( 'NONE',  ( 20.00000000000000000, 0.000000000000000000, 0.000000000000000000 ) ) ;
#4654 = DIRECTION ( 'NONE',  ( 0.000000000000000000, 0.000000000000000000, 1.000000000000000000 ) ) ;
#4655 = DIRECTION ( 'NONE',  ( -1.000000000000000000, 0.000000000000000000, 0.000000000000000000 ) ) ;
#4656 = AXIS2_PLACEMENT_3D ( 'NONE', #1201, #446, #395 ) ;
#4657 = EDGE_LOOP ( 'NONE', ( #4951, #3099, #4584, #3677, #2415 ) ) ;
#4658 = CARTESIAN_POINT ( 'NONE',  ( 20.00000000000000000, 0.000000000000000000, 0.000000000000000000 ) ) ;
#4659 = ORIENTED_EDGE ( 'NONE', *, *, #3016, .T. ) ;
#4660 = ORIENTED_EDGE ( 'NONE', *, *, #1753, .F. ) ;
#4661 = CARTESIAN_POINT ( 'NONE',  ( 20.00000000000000000, 11.67008492344063342, 0.7670002514485749767 ) ) ;
#4662 = VERTEX_POINT ( 'NONE', #3855 ) ;
#4663 = CONICAL_SURFACE ( 'NONE', #2443, 11.69526278054659940, 0.9505468408120750778 ) ;
#4664 = CARTESIAN_POINT ( 'NONE',  ( 18.97193201700136456, -7.502651663652586400, 10.78129589407099331 ) ) ;
#4665 = CARTESIAN_POINT ( 'NONE',  ( -10.00000000000000000, 0.000000000000000000, 0.000000000000000000 ) ) ;
#4666 = ORIENTED_EDGE ( 'NONE', *, *, #559, .T. ) ;
#4667 = ORIENTED_EDGE ( 'NONE', *, *, #1239, .F. ) ;
#4668 = DIRECTION ( 'NONE',  ( 0.000000000000000000, 0.000000000000000000, -1.000000000000000000 ) ) ;
#4669 = EDGE_CURVE ( 'NONE', #2386, #4181, #4972, .T. ) ;
#4670 = DIRECTION ( 'NONE',  ( -1.000000000000000000, 0.000000000000000000, -2.710505431213761085E-17 ) ) ;
#4671 = CARTESIAN_POINT ( 'NONE',  ( 20.00000000000000000, 9.432821964585949459, -6.913829712284172757 ) ) ;
#4672 = EDGE_CURVE ( 'NONE', #1026, #4092, #4487, .T. ) ;
#4673 = B_SPLINE_CURVE_WITH_KNOTS ( 'NONE', 3,
 ( #987, #2169, #3728, #3703, #4815, #2506, #1378, #2091 ),
 .UNSPECIFIED., .F., .F.,
 ( 4, 2, 2, 4 ),
 ( 3.392033185189618258E-07, 0.002116429525431192012, 0.003174474686487530062, 0.004232519847543868979 ),
 .UNSPECIFIED. ) ;
#4674 = DIRECTION ( 'NONE',  ( -1.000000000000000000, 0.000000000000000000, 0.000000000000000000 ) ) ;
#4675 = CARTESIAN_POINT ( 'NONE',  ( 19.79191361154136430, 8.649193331335483848, 8.298781702386182957 ) ) ;
#4676 = CARTESIAN_POINT ( 'NONE',  ( 5.000000000000000000, 7.000001873099980010, -3.000000000000000000 ) ) ;
#4677 = DIRECTION ( 'NONE',  ( 0.000000000000000000, -0.3420201433256759294, 0.9396926207859057634 ) ) ;
#4678 = ORIENTED_EDGE ( 'NONE', *, *, #2758, .F. ) ;
#4679 = CARTESIAN_POINT ( 'NONE',  ( 5.000000000000000000, 7.000001873099980010, -1.843143693225354777E-15 ) ) ;
#4680 = ORIENTED_EDGE ( 'NONE', *, *, #2926, .F. ) ;
#4681 = VERTEX_POINT ( 'NONE', #1427 ) ;
#4682 = CARTESIAN_POINT ( 'NONE',  ( 0.4144469706614988258, -1.287972636582318975, 12.20786191831828837 ) ) ;
#4683 = ORIENTED_EDGE ( 'NONE', *, *, #1318, .T. ) ;
#4684 = CARTESIAN_POINT ( 'NONE',  ( 20.00000000000000000, -6.499284164183870338, 9.723089882297054842 ) ) ;
#4685 = FACE_OUTER_BOUND ( 'NONE', #2014, .T. ) ;
#4686 = ORIENTED_EDGE ( 'NONE', *, *, #2825, .F. ) ;
#4687 = DIRECTION ( 'NONE',  ( -1.000000000000000000, 0.000000000000000000, 0.000000000000000000 ) ) ;
#4688 = CARTESIAN_POINT ( 'NONE',  ( 1.425918755616292888, 13.26540237850973369, 3.393043950333594960 ) ) ;
#4689 = LINE ( 'NONE', #2377, #4110 ) ;
#4690 = CARTESIAN_POINT ( 'NONE',  ( 18.18192672439871771, 11.89492070979729910, 7.835301323466116408 ) ) ;
#4691 = CIRCLE ( 'NONE', #2152, 11.69526278054659940 ) ;
#4692 = CIRCLE ( 'NONE', #2230, 5.399999999997302069 ) ;
#4693 = ADVANCED_FACE ( 'NONE', ( #1862 ), #3443, .T. ) ;
#4694 = CARTESIAN_POINT ( 'NONE',  ( 0.000000000000000000, 0.000000000000000000, 0.000000000000000000 ) ) ;
#4695 = DIRECTION ( 'NONE',  ( 0.000000000000000000, 0.000000000000000000, 1.000000000000000000 ) ) ;
#4696 = DIRECTION ( 'NONE',  ( 0.000000000000000000, -0.8660254037844431485, 0.4999999999999921174 ) ) ;
#4697 = AXIS2_PLACEMENT_3D ( 'NONE', #728, #4327, #2342 ) ;
#4698 = DIRECTION ( 'NONE',  ( -1.000000000000000000, 0.000000000000000000, 0.000000000000000000 ) ) ;
#4699 = DIRECTION ( 'NONE',  ( 0.000000000000000000, -0.9848077530122097967, 0.1736481776669211441 ) ) ;
#4700 = EDGE_CURVE ( 'NONE', #2006, #797, #3063, .T. ) ;
#4701 = EDGE_CURVE ( 'NONE', #2121, #3820, #2694, .T. ) ;
#4702 = ORIENTED_EDGE ( 'NONE', *, *, #3107, .T. ) ;
#4703 = EDGE_CURVE ( 'NONE', #3738, #1872, #1346, .T. ) ;
#4704 = ADVANCED_FACE ( 'NONE', ( #830 ), #3014, .T. ) ;
#4705 = CARTESIAN_POINT ( 'NONE',  ( 20.00000000000000000, 0.000000000000000000, 4.438010260060118261E-16 ) ) ;
#4706 = VERTEX_POINT ( 'NONE', #3192 ) ;
#4707 = DIRECTION ( 'NONE',  ( -1.000000000000000000, 0.000000000000000000, -2.710505431213761085E-17 ) ) ;
#4708 = CARTESIAN_POINT ( 'NONE',  ( 2.179779531308171592, -4.525111289472945053, 14.03665671386411162 ) ) ;
#4709 = ORIENTED_EDGE ( 'NONE', *, *, #4492, .F. ) ;
#4710 = CARTESIAN_POINT ( 'NONE',  ( 19.79191357960275965, -2.862359121419339569, 11.63981204138126557 ) ) ;
#4711 = CIRCLE ( 'NONE', #3977, 11.69526278054659940 ) ;
#4712 = CARTESIAN_POINT ( 'NONE',  ( 1.621656958628722611, 8.221276052889258779, 11.29097679337947824 ) ) ;
#4713 = ORIENTED_EDGE ( 'NONE', *, *, #4574, .T. ) ;
#4714 = ORIENTED_EDGE ( 'NONE', *, *, #2857, .F. ) ;
#4715 = AXIS2_PLACEMENT_3D ( 'NONE', #3489, #405, #2894 ) ;
#4716 = CARTESIAN_POINT ( 'NONE',  ( 19.79191355149264453, 11.96002062638692465, 0.7976413094467500464 ) ) ;
#4717 = CARTESIAN_POINT ( 'NONE',  ( 9.098105991612888931E-18, 2.781836774362770992, -11.35960191498106653 ) ) ;
#4718 = DIRECTION ( 'NONE',  ( 0.000000000000000000, 0.000000000000000000, -1.000000000000000000 ) ) ;
#4719 = CIRCLE ( 'NONE', #2764, 5.399999999997300293 ) ;
#4720 = DIRECTION ( 'NONE',  ( 1.000000000000000000, 0.000000000000000000, -2.710505431213761085E-17 ) ) ;
#4721 = DIRECTION ( 'NONE',  ( -1.000000000000000000, -0.000000000000000000, 2.710505431213761085E-17 ) ) ;
#4722 = CARTESIAN_POINT ( 'NONE',  ( 20.00000000000000000, -4.560206750522580954, 11.83787625878352046 ) ) ;
#4723 = DIRECTION ( 'NONE',  ( 0.000000000000000000, 0.000000000000000000, 1.000000000000000000 ) ) ;
#4724 = VECTOR ( 'NONE', #3659, 1000.000000000000000 ) ;
#4725 = CIRCLE ( 'NONE', #1281, 5.399999999997300293 ) ;
#4726 = CARTESIAN_POINT ( 'NONE',  ( 3.170007328614371243E-16, 0.000000000000000000, -8.592322081196679186E-33 ) ) ;
#4727 = CARTESIAN_POINT ( 'NONE',  ( 2.360526585318501347, -13.17475538765970278, -7.171179852374827135 ) ) ;
#4728 = ORIENTED_EDGE ( 'NONE', *, *, #4323, .T. ) ;
#4729 = EDGE_CURVE ( 'NONE', #2677, #4629, #1028, .T. ) ;
#4730 = CIRCLE ( 'NONE', #286, 3.000000000000000000 ) ;
#4731 = DIRECTION ( 'NONE',  ( -1.000000000000000000, 0.000000000000000000, 0.000000000000000000 ) ) ;
#4732 = EDGE_CURVE ( 'NONE', #1771, #258, #4719, .T. ) ;
#4733 = ORIENTED_EDGE ( 'NONE', *, *, #3805, .F. ) ;
#4734 = ADVANCED_FACE ( 'NONE', ( #4359 ), #90, .T. ) ;
#4735 = AXIS2_PLACEMENT_3D ( 'NONE', #1313, #3303, #3718 ) ;
#4736 = CARTESIAN_POINT ( 'NONE',  ( 0.8242227434933203645, 1.233922540071163088, -12.78991285599227012 ) ) ;
#4737 = CARTESIAN_POINT ( 'NONE',  ( 1.028068056185063694, -1.182718789111416591, 13.08156344294728868 ) ) ;
#4738 = ORIENTED_EDGE ( 'NONE', *, *, #111, .F. ) ;
#4739 = LINE ( 'NONE', #821, #3490 ) ;
#4740 = VERTEX_POINT ( 'NONE', #4671 ) ;
#4741 = EDGE_LOOP ( 'NONE', ( #1271, #753, #2371, #4608, #3174, #4350 ) ) ;
#4742 = FACE_OUTER_BOUND ( 'NONE', #2447, .T. ) ;
#4743 = CARTESIAN_POINT ( 'NONE',  ( 17.82022039707603511, -14.60918577598494394, 2.018924906908643901 ) ) ;
#4744 = DIRECTION ( 'NONE',  ( -1.000000000000000000, 0.000000000000000000, 0.000000000000000000 ) ) ;
#4745 = CARTESIAN_POINT ( 'NONE',  ( 5.000000000000000000, -0.2738250307121675164, -6.994644099306180252 ) ) ;
#4746 = DIRECTION ( 'NONE',  ( 2.710505431213761085E-17, 0.000000000000000000, 1.000000000000000000 ) ) ;
#4747 = CARTESIAN_POINT ( 'NONE',  ( 0.000000000000000000, -0.2738250307121675164, -6.994644099306180252 ) ) ;
#4748 = CARTESIAN_POINT ( 'NONE',  ( 0.8242228190130472809, 5.533915758742820934, -11.59656047250835442 ) ) ;
#4749 = CARTESIAN_POINT ( 'NONE',  ( 19.17957258295062317, -7.252544909737567380, -10.60202487860384579 ) ) ;
#4750 = DIRECTION ( 'NONE',  ( 0.000000000000000000, 0.000000000000000000, -1.000000000000000000 ) ) ;
#4751 = EDGE_LOOP ( 'NONE', ( #611, #3540, #333, #935 ) ) ;
#4752 = CARTESIAN_POINT ( 'NONE',  ( 2.360526585318501347, 0.000000000000000000, -6.398220130030271836E-17 ) ) ;
#4753 = CIRCLE ( 'NONE', #70, 5.399999999997303846 ) ;
#4754 = VERTEX_POINT ( 'NONE', #3901 ) ;
#4755 = ORIENTED_EDGE ( 'NONE', *, *, #177, .T. ) ;
#4756 = EDGE_CURVE ( 'NONE', #1381, #2214, #3523, .T. ) ;
#4757 = DIRECTION ( 'NONE',  ( -2.891205793296123914E-17, 0.000000000000000000, -1.000000000000000000 ) ) ;
#4758 = CARTESIAN_POINT ( 'NONE',  ( 3.170007328614371243E-16, 0.000000000000000000, -8.592322081196679186E-33 ) ) ;
#4759 = ORIENTED_EDGE ( 'NONE', *, *, #1964, .T. ) ;
#4760 = EDGE_CURVE ( 'NONE', #3565, #496, #704, .T. ) ;
#4761 = CARTESIAN_POINT ( 'NONE',  ( 18.37834255460268196, -3.863731385843128585, 13.42189017100555759 ) ) ;
#4762 = DIRECTION ( 'NONE',  ( 0.000000000000000000, 0.000000000000000000, -1.000000000000000000 ) ) ;
#4763 = APPLICATION_CONTEXT ( 'automotive_design' ) ;
#4764 = ORIENTED_EDGE ( 'NONE', *, *, #4315, .T. ) ;
#4765 = ORIENTED_EDGE ( 'NONE', *, *, #2959, .T. ) ;
#4766 =( NAMED_UNIT ( * ) PLANE_ANGLE_UNIT ( ) SI_UNIT ( $, .RADIAN. ) );
#4767 = EDGE_CURVE ( 'NONE', #598, #1624, #1769, .T. ) ;
#4768 = DIRECTION ( 'NONE',  ( -1.000000000000000000, 0.000000000000000000, 0.000000000000000000 ) ) ;
#4769 = CARTESIAN_POINT ( 'NONE',  ( 1.998619259064682074, -9.859481150260137383, 10.62893975767325117 ) ) ;
#4770 = AXIS2_PLACEMENT_3D ( 'NONE', #2330, #3149, #4699 ) ;
#4771 = CARTESIAN_POINT ( 'NONE',  ( 0.3128013338417564571, 11.65393091378171597, 3.376442795927613538 ) ) ;
#4772 = FACE_OUTER_BOUND ( 'NONE', #1259, .T. ) ;
#4773 = DIRECTION ( 'NONE',  ( -1.000000000000000000, 0.000000000000000000, 0.000000000000000000 ) ) ;
#4774 = AXIS2_PLACEMENT_3D ( 'NONE', #1385, #2984, #4085 ) ;
#4775 = AXIS2_PLACEMENT_3D ( 'NONE', #4050, #879, #1780 ) ;
#4776 = CARTESIAN_POINT ( 'NONE',  ( 17.63947341468150043, 13.17475538765984489, -7.171179852374563346 ) ) ;
#4777 = ORIENTED_EDGE ( 'NONE', *, *, #3338, .F. ) ;
#4778 = AXIS2_PLACEMENT_3D ( 'NONE', #1763, #3009, #3038 ) ;
#4779 = FACE_OUTER_BOUND ( 'NONE', #1515, .T. ) ;
#4780 = EDGE_LOOP ( 'NONE', ( #540, #4568, #3406, #2009 ) ) ;
#4781 = CARTESIAN_POINT ( 'NONE',  ( 10.00000000000000000, 4.774461252589029314, -14.21986356289331965 ) ) ;
#4782 = LINE ( 'NONE', #4022, #3092 ) ;
#4783 = ORIENTED_EDGE ( 'NONE', *, *, #3955, .F. ) ;
#4784 = CARTESIAN_POINT ( 'NONE',  ( 20.00000000000000000, 0.000000000000000000, 0.000000000000000000 ) ) ;
#4785 = DIRECTION ( 'NONE',  ( -1.000000000000000000, 0.000000000000000000, 0.000000000000000000 ) ) ;
#4786 = ORIENTED_EDGE ( 'NONE', *, *, #4857, .T. ) ;
#4787 = EDGE_LOOP ( 'NONE', ( #2344, #1241 ) ) ;
#4788 = CARTESIAN_POINT ( 'NONE',  ( 20.00000000000000000, 10.70396315057084458, -4.712148594564912862 ) ) ;
#4789 = ADVANCED_FACE ( 'NONE', ( #1195 ), #1142, .T. ) ;
#4790 = DIRECTION ( 'NONE',  ( 0.000000000000000000, 0.000000000000000000, -1.000000000000000000 ) ) ;
#4791 = ORIENTED_EDGE ( 'NONE', *, *, #4923, .T. ) ;
#4792 = DIRECTION ( 'NONE',  ( -1.000000000000000000, 0.000000000000000000, 0.000000000000000000 ) ) ;
#4793 = ADVANCED_FACE ( 'NONE', ( #3924 ), #3217, .F. ) ;
#4794 = EDGE_CURVE ( 'NONE', #3937, #4939, #2940, .T. ) ;
#4795 = DIRECTION ( 'NONE',  ( -1.000000000000000000, 0.000000000000000000, 0.000000000000000000 ) ) ;
#4796 = AXIS2_PLACEMENT_3D ( 'NONE', #2668, #718, #314 ) ;
#4797 = ADVANCED_FACE ( 'NONE', ( #5067 ), #4308, .T. ) ;
#4798 = DIRECTION ( 'NONE',  ( 0.000000000000000000, 0.000000000000000000, -1.000000000000000000 ) ) ;
#4799 = CARTESIAN_POINT ( 'NONE',  ( 20.00000000000000000, -11.59912988617137941, -0.7599749230012499135 ) ) ;
#4800 = DIRECTION ( 'NONE',  ( -1.000000000000000000, 0.000000000000000000, 0.000000000000000000 ) ) ;
#4801 = CYLINDRICAL_SURFACE ( 'NONE', #4656, 3.000000000000000000 ) ;
#4802 = DIRECTION ( 'NONE',  ( 1.000000000000000000, 0.000000000000000000, 0.000000000000000000 ) ) ;
#4803 = B_SPLINE_CURVE_WITH_KNOTS ( 'NONE', 3,
 ( #1117, #1139, #3807, #660 ),
 .UNSPECIFIED., .F., .F.,
 ( 4, 4 ),
 ( 3.425685603649542507E-07, 0.001607685573793917952 ),
 .UNSPECIFIED. ) ;
#4804 = ORIENTED_EDGE ( 'NONE', *, *, #2570, .F. ) ;
#4805 = AXIS2_PLACEMENT_3D ( 'NONE', #2706, #3102, #4269 ) ;
#4806 = DIRECTION ( 'NONE',  ( 0.000000000000000000, 0.000000000000000000, 1.000000000000000000 ) ) ;
#4807 = ORIENTED_EDGE ( 'NONE', *, *, #2567, .T. ) ;
#4808 = VECTOR ( 'NONE', #1119, 1000.000000000000000 ) ;
#4809 = AXIS2_PLACEMENT_3D ( 'NONE', #3482, #4290, #1947 ) ;
#4810 = VERTEX_POINT ( 'NONE', #3569 ) ;
#4811 = DIRECTION ( 'NONE',  ( 0.000000000000000000, 0.000000000000000000, 1.000000000000000000 ) ) ;
#4812 = DIRECTION ( 'NONE',  ( 0.000000000000000000, 0.000000000000000000, 1.000000000000000000 ) ) ;
#4813 = ORIENTED_EDGE ( 'NONE', *, *, #1150, .T. ) ;
#4814 = VECTOR ( 'NONE', #4887, 1000.000000000000000 ) ;
#4815 = CARTESIAN_POINT ( 'NONE',  ( 18.38825465829378558, -11.58579892965619784, -7.774216353435054572 ) ) ;
#4816 = CARTESIAN_POINT ( 'NONE',  ( 20.00000000000000000, 8.396946530139208775, 8.037951540650638549 ) ) ;
#4817 = CIRCLE ( 'NONE', #2607, 14.99999999999250022 ) ;
#4818 = CIRCLE ( 'NONE', #3835, 3.000000000000000000 ) ;
#4819 = ORIENTED_EDGE ( 'NONE', *, *, #3207, .F. ) ;
#4820 = ORIENTED_EDGE ( 'NONE', *, *, #3942, .F. ) ;
#4821 = CIRCLE ( 'NONE', #3423, 11.62399999999420253 ) ;
#4822 = CYLINDRICAL_SURFACE ( 'NONE', #4774, 5.399999999997300293 ) ;
#4823 = CARTESIAN_POINT ( 'NONE',  ( 0.4144469561269646385, -9.928332208393376490, -7.219347975501567483 ) ) ;
#4824 = ORIENTED_EDGE ( 'NONE', *, *, #2367, .T. ) ;
#4825 = CARTESIAN_POINT ( 'NONE',  ( 1.818073275601256089, -11.89492070979730443, 7.835301323466036472 ) ) ;
#4826 = FACE_OUTER_BOUND ( 'NONE', #3676, .T. ) ;
#4827 = EDGE_CURVE ( 'NONE', #4850, #1845, #3674, .T. ) ;
#4828 = VERTEX_POINT ( 'NONE', #389 ) ;
#4829 = EDGE_CURVE ( 'NONE', #3101, #4611, #2823, .T. ) ;
#4830 = AXIS2_PLACEMENT_3D ( 'NONE', #2391, #2473, #4046 ) ;
#4831 = CARTESIAN_POINT ( 'NONE',  ( 20.00000000000000000, 0.000000000000000000, 4.438010260060118261E-16 ) ) ;
#4832 = CARTESIAN_POINT ( 'NONE',  ( 18.97193183152709040, -13.08820221713376597, -1.106839066262405247 ) ) ;
#4833 = CYLINDRICAL_SURFACE ( 'NONE', #1280, 14.99999999999250022 ) ;
#4834 = CARTESIAN_POINT ( 'NONE',  ( 1.994063499141260465, -8.769486768787006170, 11.53199635729480832 ) ) ;
#4835 = CARTESIAN_POINT ( 'NONE',  ( 2.360526585318500903, 9.350005781138241545, 11.72933893672001915 ) ) ;
#4836 = ORIENTED_EDGE ( 'NONE', *, *, #2797, .T. ) ;
#4837 = CARTESIAN_POINT ( 'NONE',  ( 1.998619330911953762, -8.755381463219334748, -11.55538953143861391 ) ) ;
#4838 = ORIENTED_EDGE ( 'NONE', *, *, #2194, .T. ) ;
#4839 = DIRECTION ( 'NONE',  ( -1.000000000000000000, 0.000000000000000000, 0.000000000000000000 ) ) ;
#4840 = ORIENTED_EDGE ( 'NONE', *, *, #2503, .T. ) ;
#4841 = CYLINDRICAL_SURFACE ( 'NONE', #883, 11.62399999999419897 ) ;
#4842 = CARTESIAN_POINT ( 'NONE',  ( 2.360526585318501791, 5.482902598228318602, 13.96201200035711842 ) ) ;
#4843 = ORIENTED_EDGE ( 'NONE', *, *, #456, .T. ) ;
#4844 = CARTESIAN_POINT ( 'NONE',  ( 5.000000000000000000, 7.000001873099980010, -1.843143693225354777E-15 ) ) ;
#4845 = AXIS2_PLACEMENT_3D ( 'NONE', #4357, #805, #359 ) ;
#4846 = CARTESIAN_POINT ( 'NONE',  ( 2.179779511686556592, 0.5486056727705577174, 14.73782191836585653 ) ) ;
#4847 = FACE_OUTER_BOUND ( 'NONE', #369, .T. ) ;
#4848 = AXIS2_PLACEMENT_3D ( 'NONE', #3275, #4009, #1171 ) ;
#4849 = ORIENTED_EDGE ( 'NONE', *, *, #3983, .F. ) ;
#4850 = VERTEX_POINT ( 'NONE', #1606 ) ;
#4851 = CARTESIAN_POINT ( 'NONE',  ( 5.000000000000000000, -7.000001873099980010, -1.750000000000000000 ) ) ;
#4852 = VERTEX_POINT ( 'NONE', #3981 ) ;
#4853 = LINE ( 'NONE', #4061, #3823 ) ;
#4854 = DIRECTION ( 'NONE',  ( 0.000000000000000000, -0.9848077530122097967, 0.1736481776669204502 ) ) ;
#4855 = DIRECTION ( 'NONE',  ( 0.000000000000000000, 0.000000000000000000, 1.000000000000000000 ) ) ;
#4856 = CARTESIAN_POINT ( 'NONE',  ( 17.82022058694220945, -9.893545631436124310, 10.93718948736054841 ) ) ;
#4857 = EDGE_CURVE ( 'NONE', #1547, #1670, #4404, .T. ) ;
#4858 = CARTESIAN_POINT ( 'NONE',  ( 19.58555302933850228, 1.287972636582238151, 12.20786191831829726 ) ) ;
#4859 = AXIS2_PLACEMENT_3D ( 'NONE', #3895, #1061, #2246 ) ;
#4860 = ORIENTED_EDGE ( 'NONE', *, *, #3579, .T. ) ;
#4861 = ADVANCED_FACE ( 'NONE', ( #1277 ), #2458, .F. ) ;
#4862 = CARTESIAN_POINT ( 'NONE',  ( 1.028067982998622787, -7.502651663652434522, -10.78129589407109279 ) ) ;
#4863 = DIRECTION ( 'NONE',  ( 1.000000000000000000, 0.000000000000000000, 0.000000000000000000 ) ) ;
#4864 = EDGE_CURVE ( 'NONE', #4470, #843, #1603, .T. ) ;
#4865 = EDGE_CURVE ( 'NONE', #1355, #3058, #4880, .T. ) ;
#4866 = CARTESIAN_POINT ( 'NONE',  ( 0.000000000000000000, 0.000000000000000000, 0.000000000000000000 ) ) ;
#4867 = DIRECTION ( 'NONE',  ( 0.000000000000000000, 0.3420201433256696566, -0.9396926207859079838 ) ) ;
#4868 = VERTEX_POINT ( 'NONE', #2073 ) ;
#4869 = ADVANCED_FACE ( 'NONE', ( #4503 ), #4493, .T. ) ;
#4870 = CARTESIAN_POINT ( 'NONE',  ( 2.360526585318501347, 14.83290837936661433, 2.232673063637093946 ) ) ;
#4871 = CIRCLE ( 'NONE', #2814, 11.62399999999420253 ) ;
#4872 = FACE_OUTER_BOUND ( 'NONE', #3822, .T. ) ;
#4873 = DIRECTION ( 'NONE',  ( -1.000000000000000000, -0.000000000000000000, 2.710505431213761085E-17 ) ) ;
#4874 = CARTESIAN_POINT ( 'NONE',  ( 0.000000000000000000, -8.333984767424698958, -9.564282399747270347 ) ) ;
#4875 = VERTEX_POINT ( 'NONE', #3682 ) ;
#4876 = VERTEX_POINT ( 'NONE', #115 ) ;
#4877 = DIRECTION ( 'NONE',  ( -1.000000000000000000, 0.000000000000000000, 0.000000000000000000 ) ) ;
#4878 = CARTESIAN_POINT ( 'NONE',  ( 2.360526585318501791, 0.3769537665661804038, 14.99526278054661610 ) ) ;
#4879 = VERTEX_POINT ( 'NONE', #1714 ) ;
#4880 = LINE ( 'NONE', #555, #47 ) ;
#4881 = CARTESIAN_POINT ( 'NONE',  ( 19.79191358490227515, -1.291312437726284790, -11.91682995217094287 ) ) ;
#4882 = DIRECTION ( 'NONE',  ( -1.000000000000000000, 0.000000000000000000, 0.000000000000000000 ) ) ;
#4883 = CARTESIAN_POINT ( 'NONE',  ( 19.68719866615824188, 11.65393091378171597, 3.376442795927612650 ) ) ;
#4884 = CARTESIAN_POINT ( 'NONE',  ( 18.97193198333174635, -11.92032561184643491, -5.516517170581686891 ) ) ;
#4885 = CIRCLE ( 'NONE', #2409, 5.399999999997301181 ) ;
#4886 = ORIENTED_EDGE ( 'NONE', *, *, #2033, .T. ) ;
#4887 = DIRECTION ( 'NONE',  ( 1.000000000000000000, 0.000000000000000000, 0.000000000000000000 ) ) ;
#4888 = CARTESIAN_POINT ( 'NONE',  ( 19.58410761540264744, 8.851328473954721332, -8.508338376994132091 ) ) ;
#4889 = ORIENTED_EDGE ( 'NONE', *, *, #559, .F. ) ;
#4890 = CARTESIAN_POINT ( 'NONE',  ( 5.000000000000000000, 0.2738250307120564941, 8.744644099306221108 ) ) ;
#4891 = EDGE_CURVE ( 'NONE', #2122, #3096, #3297, .T. ) ;
#4892 = DIRECTION ( 'NONE',  ( 0.000000000000000000, 0.3420201433256696011, -0.9396926207859079838 ) ) ;
#4893 = ORIENTED_EDGE ( 'NONE', *, *, #998, .F. ) ;
#4894 = CIRCLE ( 'NONE', #2013, 5.399999999997302069 ) ;
#4895 = CARTESIAN_POINT ( 'NONE',  ( 19.58410758870062551, -11.22755119590674866, 4.967890171146106759 ) ) ;
#4896 = CARTESIAN_POINT ( 'NONE',  ( 20.00000000000000000, -12.44990391086185966, 2.435301323468734847 ) ) ;
#4897 = ADVANCED_FACE ( 'NONE', ( #1687 ), #3711, .T. ) ;
#4898 = ORIENTED_EDGE ( 'NONE', *, *, #484, .F. ) ;
#4899 = VERTEX_POINT ( 'NONE', #3240 ) ;
#4900 = CARTESIAN_POINT ( 'NONE',  ( 0.000000000000000000, -6.457722532643870750, 9.665153681719109713 ) ) ;
#4901 = CARTESIAN_POINT ( 'NONE',  ( 0.4158924112993714339, -11.22755119590668293, -4.967890171146258638 ) ) ;
#4902 = CIRCLE ( 'NONE', #2681, 1.750000000000000666 ) ;
#4903 = DIRECTION ( 'NONE',  ( -1.000000000000000000, 0.000000000000000000, 0.000000000000000000 ) ) ;
#4904 = CARTESIAN_POINT ( 'NONE',  ( 0.000000000000000000, -12.44990391086185966, 2.435301323468734847 ) ) ;
#4905 = ORIENTED_EDGE ( 'NONE', *, *, #3378, .T. ) ;
#4906 = AXIS2_PLACEMENT_3D ( 'NONE', #3553, #761, #3527 ) ;
#4907 = DIRECTION ( 'NONE',  ( 2.710505431213761085E-17, 0.000000000000000000, 1.000000000000000000 ) ) ;
#4908 = CARTESIAN_POINT ( 'NONE',  ( 3.266627004704396897E-17, 5.170800759256921175, -10.49009013374559096 ) ) ;
#4909 = AXIS2_PLACEMENT_3D ( 'NONE', #1621, #3203, #4757 ) ;
#4910 = ORIENTED_EDGE ( 'NONE', *, *, #1642, .F. ) ;
#4911 = CARTESIAN_POINT ( 'NONE',  ( 0.4144469626717718347, -11.79874295187245181, -3.388278414085241330 ) ) ;
#4912 = DIRECTION ( 'NONE',  ( -1.000000000000000000, 0.000000000000000000, 0.000000000000000000 ) ) ;
#4913 = CARTESIAN_POINT ( 'NONE',  ( 1.028068074000180632, -3.362766096613940103, -12.69716230831647685 ) ) ;
#4914 = CARTESIAN_POINT ( 'NONE',  ( 17.86514968598843467, -14.34822647753703073, 3.130374847942841043 ) ) ;
#4915 = ORIENTED_EDGE ( 'NONE', *, *, #144, .T. ) ;
#4916 = CARTESIAN_POINT ( 'NONE',  ( 20.00000000000000000, 9.432821964585855312, 6.913829712284300655 ) ) ;
#4917 = CARTESIAN_POINT ( 'NONE',  ( 2.360526585318501347, -13.17475538765980403, 7.171179852374645947 ) ) ;
#4918 = EDGE_LOOP ( 'NONE', ( #3751, #4043 ) ) ;
#4919 = AXIS2_PLACEMENT_3D ( 'NONE', #4170, #4839, #2164 ) ;
#4920 = VERTEX_POINT ( 'NONE', #3759 ) ;
#4921 = EDGE_CURVE ( 'NONE', #322, #1490, #1337, .T. ) ;
#4922 = DIRECTION ( 'NONE',  ( -1.000000000000000000, 0.000000000000000000, 0.000000000000000000 ) ) ;
#4923 = EDGE_CURVE ( 'NONE', #1956, #3239, #3246, .T. ) ;
#4924 = CONICAL_SURFACE ( 'NONE', #4190, 11.69526278054659940, 0.9505468408120750778 ) ;
#4925 = CARTESIAN_POINT ( 'NONE',  ( 0.000000000000000000, -12.53200494222450168, 1.969683236929895331 ) ) ;
#4926 = EDGE_LOOP ( 'NONE', ( #1106, #4540, #3969, #3990, #4198, #3452 ) ) ;
#4927 = EDGE_CURVE ( 'NONE', #1332, #2039, #2002, .T. ) ;
#4928 = FACE_OUTER_BOUND ( 'NONE', #4520, .T. ) ;
#4929 = DIRECTION ( 'NONE',  ( 0.000000000000000000, 0.000000000000000000, 1.000000000000000000 ) ) ;
#4930 = DIRECTION ( 'NONE',  ( 1.000000000000000000, 0.000000000000000000, 0.000000000000000000 ) ) ;
#4931 = CARTESIAN_POINT ( 'NONE',  ( 20.00000000000000000, 0.000000000000000000, -8.592322081196679186E-33 ) ) ;
#4932 = CARTESIAN_POINT ( 'NONE',  ( 20.00000000000000000, 12.44990391086190229, -2.435301323468650025 ) ) ;
#4933 = VERTEX_POINT ( 'NONE', #4524 ) ;
#4934 = CARTESIAN_POINT ( 'NONE',  ( 0.000000000000000000, 0.000000000000000000, 0.000000000000000000 ) ) ;
#4935 = B_SPLINE_CURVE_WITH_KNOTS ( 'NONE', 3,
 ( #158, #4098, #3745, #205, #1703, #1324, #3722, #4482 ),
 .UNSPECIFIED., .F., .F.,
 ( 4, 2, 2, 4 ),
 ( 2.279731959790904844E-07, 0.002114432957155533508, 0.003171535449135305836, 0.004228637941115078597 ),
 .UNSPECIFIED. ) ;
#4936 = VECTOR ( 'NONE', #4095, 1000.000000000000000 ) ;
#4937 = ORIENTED_EDGE ( 'NONE', *, *, #3806, .T. ) ;
#4938 = CIRCLE ( 'NONE', #924, 14.99999999999250022 ) ;
#4939 = VERTEX_POINT ( 'NONE', #1762 ) ;
#4940 = DIRECTION ( 'NONE',  ( -1.000000000000000000, 0.000000000000000000, 0.000000000000000000 ) ) ;
#4941 = AXIS2_PLACEMENT_3D ( 'NONE', #2369, #1954, #308 ) ;
#4942 = DIRECTION ( 'NONE',  ( 1.000000000000000000, 0.000000000000000000, 0.000000000000000000 ) ) ;
#4943 = DIRECTION ( 'NONE',  ( -1.000000000000000000, 0.000000000000000000, 0.000000000000000000 ) ) ;
#4944 = ORIENTED_EDGE ( 'NONE', *, *, #3748, .T. ) ;
#4945 = LINE ( 'NONE', #4569, #417 ) ;
#4946 = EDGE_CURVE ( 'NONE', #2452, #2619, #4853, .T. ) ;
#4947 = DIRECTION ( 'NONE',  ( 1.000000000000000000, 0.000000000000000000, 0.000000000000000000 ) ) ;
#4948 = EDGE_CURVE ( 'NONE', #4181, #3514, #2932, .T. ) ;
#4949 = EDGE_CURVE ( 'NONE', #2653, #3820, #3008, .T. ) ;
#4950 = EDGE_CURVE ( 'NONE', #425, #651, #3416, .T. ) ;
#4951 = ORIENTED_EDGE ( 'NONE', *, *, #4643, .F. ) ;
#4952 = AXIS2_PLACEMENT_3D ( 'NONE', #2957, #1357, #4078 ) ;
#4953 = DIRECTION ( 'NONE',  ( 0.000000000000000000, 0.000000000000000000, 1.000000000000000000 ) ) ;
#4954 = DIRECTION ( 'NONE',  ( -1.000000000000000000, 0.000000000000000000, -2.710505431213761085E-17 ) ) ;
#4955 = FACE_OUTER_BOUND ( 'NONE', #2782, .T. ) ;
#4956 = AXIS2_PLACEMENT_3D ( 'NONE', #4831, #1225, #1310 ) ;
#4957 = CARTESIAN_POINT ( 'NONE',  ( 20.00000000000000000, 6.499284164183803725, 9.723089882297101028 ) ) ;
#4958 = ORIENTED_EDGE ( 'NONE', *, *, #1584, .T. ) ;
#4959 = ORIENTED_EDGE ( 'NONE', *, *, #4548, .T. ) ;
#4960 = CARTESIAN_POINT ( 'NONE',  ( 17.63947341468150043, 0.000000000000000000, -6.398220130030271836E-17 ) ) ;
#4961 = ORIENTED_EDGE ( 'NONE', *, *, #1150, .F. ) ;
#4962 = ORIENTED_EDGE ( 'NONE', *, *, #3833, .T. ) ;
#4963 = ORIENTED_EDGE ( 'NONE', *, *, #3269, .T. ) ;
#4964 = DIRECTION ( 'NONE',  ( 0.000000000000000000, 0.000000000000000000, -1.000000000000000000 ) ) ;
#4965 = DIRECTION ( 'NONE',  ( -1.000000000000000000, -0.000000000000000000, 2.710505431213761085E-17 ) ) ;
#4966 = AXIS2_PLACEMENT_3D ( 'NONE', #4277, #4303, #42 ) ;
#4967 = AXIS2_PLACEMENT_3D ( 'NONE', #275, #1852, #1468 ) ;
#4968 = DIRECTION ( 'NONE',  ( -1.000000000000000000, 0.000000000000000000, 0.000000000000000000 ) ) ;
#4969 = ORIENTED_EDGE ( 'NONE', *, *, #1841, .T. ) ;
#4970 = DIRECTION ( 'NONE',  ( -1.000000000000000000, 0.000000000000000000, 0.000000000000000000 ) ) ;
#4971 = CIRCLE ( 'NONE', #2767, 14.99999999999250022 ) ;
#4972 = LINE ( 'NONE', #3042, #1192 ) ;
#4973 = EDGE_CURVE ( 'NONE', #2006, #3738, #1273, .T. ) ;
#4974 = AXIS2_PLACEMENT_3D ( 'NONE', #340, #4601, #4576 ) ;
#4975 = EDGE_CURVE ( 'NONE', #85, #493, #610, .T. ) ;
#4976 = ORIENTED_EDGE ( 'NONE', *, *, #4756, .F. ) ;
#4977 = CONICAL_SURFACE ( 'NONE', #1938, 11.69526278054659940, 0.9505468408120750778 ) ;
#4978 = CARTESIAN_POINT ( 'NONE',  ( 3.170007328614371243E-16, 0.000000000000000000, -8.592322081196679186E-33 ) ) ;
#4979 = EDGE_CURVE ( 'NONE', #1973, #792, #3251, .T. ) ;
#4980 = DIRECTION ( 'NONE',  ( 0.000000000000000000, -0.9848077530122097967, 0.1736481776669211441 ) ) ;
#4981 = CARTESIAN_POINT ( 'NONE',  ( 2.360526585318500903, 0.3769537665663784676, -14.99526278054659834 ) ) ;
#4982 = EDGE_LOOP ( 'NONE', ( #975, #4515, #1298, #3821 ) ) ;
#4983 = ORIENTED_EDGE ( 'NONE', *, *, #83, .T. ) ;
#4984 = DIRECTION ( 'NONE',  ( 1.000000000000000000, 0.000000000000000000, 0.000000000000000000 ) ) ;
#4985 = ORIENTED_EDGE ( 'NONE', *, *, #2284, .F. ) ;
#4986 = AXIS2_PLACEMENT_3D ( 'NONE', #4726, #2051, #2081 ) ;
#4987 = ORIENTED_EDGE ( 'NONE', *, *, #4701, .T. ) ;
#4988 = ORIENTED_EDGE ( 'NONE', *, *, #2158, .T. ) ;
#4989 = DIRECTION ( 'NONE',  ( 0.000000000000000000, 0.9848077530122085754, -0.1736481776669274169 ) ) ;
#4990 = ORIENTED_EDGE ( 'NONE', *, *, #3207, .T. ) ;
#4991 = DIRECTION ( 'NONE',  ( 0.000000000000000000, -0.8660254037844330455, -0.5000000000000098810 ) ) ;
#4992 = AXIS2_PLACEMENT_3D ( 'NONE', #4626, #3118, #2647 ) ;
#4993 = CARTESIAN_POINT ( 'NONE',  ( 20.00000000000000000, 0.000000000000000000, 0.000000000000000000 ) ) ;
#4994 = FACE_OUTER_BOUND ( 'NONE', #415, .T. ) ;
#4995 = CARTESIAN_POINT ( 'NONE',  ( 1.994063499141258244, 8.769486768787084330, -11.53199635729473904 ) ) ;
#4996 = CARTESIAN_POINT ( 'NONE',  ( 2.153576846227633457, -12.44990391086185966, 7.835301323466036472 ) ) ;
#4997 = CARTESIAN_POINT ( 'NONE',  ( 0.000000000000000000, 12.53200494222450168, -1.969683236929980152 ) ) ;
#4998 = VERTEX_POINT ( 'NONE', #3082 ) ;
#4999 = EDGE_LOOP ( 'NONE', ( #1262, #301, #1519, #4057 ) ) ;
#5000 = EDGE_CURVE ( 'NONE', #3239, #4920, #3379, .T. ) ;
#5001 = CARTESIAN_POINT ( 'NONE',  ( 18.97193198333175346, 11.92032561184648465, 5.516517170581605178 ) ) ;
#5002 = ORIENTED_EDGE ( 'NONE', *, *, #239, .F. ) ;
#5003 = ADVANCED_FACE ( 'NONE', ( #1832, #1879 ), #2616, .T. ) ;
#5004 = EDGE_CURVE ( 'NONE', #3023, #155, #1808, .T. ) ;
#5005 = EDGE_CURVE ( 'NONE', #201, #4596, #4636, .T. ) ;
#5006 = CARTESIAN_POINT ( 'NONE',  ( 19.58555304097650307, 6.860418087042652324, -10.17965762694231735 ) ) ;
#5007 = ORIENTED_EDGE ( 'NONE', *, *, #1863, .T. ) ;
#5008 = CIRCLE ( 'NONE', #3730, 11.62399999999420253 ) ;
#5009 = CARTESIAN_POINT ( 'NONE',  ( 20.00000000000000000, 0.000000000000000000, 0.000000000000000000 ) ) ;
#5010 = CARTESIAN_POINT ( 'NONE',  ( 2.360526585318501347, -13.17475538765980403, 7.171179852374645947 ) ) ;
#5011 =( LENGTH_UNIT ( ) NAMED_UNIT ( * ) SI_UNIT ( .MILLI., .METRE. ) );
#5012 = AXIS2_PLACEMENT_3D ( 'NONE', #553, #2125, #3351 ) ;
#5013 = AXIS2_PLACEMENT_3D ( 'NONE', #2398, #4355, #2016 ) ;
#5014 = ORIENTED_EDGE ( 'NONE', *, *, #2797, .F. ) ;
#5015 = ORIENTED_EDGE ( 'NONE', *, *, #4318, .F. ) ;
#5016 = DIRECTION ( 'NONE',  ( 1.000000000000000000, 0.000000000000000000, 0.000000000000000000 ) ) ;
#5017 = CARTESIAN_POINT ( 'NONE',  ( 0.000000000000000000, 9.432821964585853536, 6.913829712284299767 ) ) ;
#5018 = ORIENTED_EDGE ( 'NONE', *, *, #4259, .T. ) ;
#5019 = CARTESIAN_POINT ( 'NONE',  ( 18.18226722553151475, -11.89435745973030834, 7.835301323466036472 ) ) ;
#5020 = LINE ( 'NONE', #1042, #544 ) ;
#5021 = B_SPLINE_CURVE_WITH_KNOTS ( 'NONE', 3,
 ( #1390, #173, #2202, #4475, #1426, #3785 ),
 .UNSPECIFIED., .F., .F.,
 ( 4, 2, 4 ),
 ( 2.391874952807200383E-07, 0.001320387135468216845, 0.002640535083441152703 ),
 .UNSPECIFIED. ) ;
#5022 = DIRECTION ( 'NONE',  ( 1.000000000000000000, 0.000000000000000000, 0.000000000000000000 ) ) ;
#5023 = CYLINDRICAL_SURFACE ( 'NONE', #3875, 5.399999999997299405 ) ;
#5024 = ORIENTED_EDGE ( 'NONE', *, *, #1145, .T. ) ;
#5025 = ORIENTED_EDGE ( 'NONE', *, *, #1243, .F. ) ;
#5026 = CIRCLE ( 'NONE', #2500, 11.62399999999421318 ) ;
#5027 = CYLINDRICAL_SURFACE ( 'NONE', #448, 5.399999999997300293 ) ;
#5028 = EDGE_LOOP ( 'NONE', ( #1829, #2982, #2469, #3202 ) ) ;
#5029 = CIRCLE ( 'NONE', #4956, 11.69526278054659940 ) ;
#5030 = EDGE_CURVE ( 'NONE', #4408, #1624, #118, .T. ) ;
#5031 = DIRECTION ( 'NONE',  ( 0.000000000000000000, 0.000000000000000000, -1.000000000000000000 ) ) ;
#5032 = CARTESIAN_POINT ( 'NONE',  ( 6.321235063003219937E-16, -1.271141185984964617, 11.62597830684933520 ) ) ;
#5033 = ORIENTED_EDGE ( 'NONE', *, *, #4084, .T. ) ;
#5034 = AXIS2_PLACEMENT_3D ( 'NONE', #2100, #194, #1363 ) ;
#5035 = EDGE_CURVE ( 'NONE', #4352, #1962, #2752, .T. ) ;
#5036 = CARTESIAN_POINT ( 'NONE',  ( 20.00000000000000000, -12.53200494222450168, 1.969683236929895331 ) ) ;
#5037 = VERTEX_POINT ( 'NONE', #4208 ) ;
#5038 = DIRECTION ( 'NONE',  ( -1.000000000000000000, 0.000000000000000000, 0.000000000000000000 ) ) ;
#5039 = CIRCLE ( 'NONE', #2737, 5.399999999997299405 ) ;
#5040 = AXIS2_PLACEMENT_3D ( 'NONE', #865, #3166, #1634 ) ;
#5041 = AXIS2_PLACEMENT_3D ( 'NONE', #1238, #2816, #3260 ) ;
#5042 = ORIENTED_EDGE ( 'NONE', *, *, #4891, .T. ) ;
#5043 = CARTESIAN_POINT ( 'NONE',  ( 5.362519525061765149E-16, 8.446785448070649238, 8.088942273270376404 ) ) ;
#5044 = CIRCLE ( 'NONE', #2262, 5.399999999997298517 ) ;
#5045 = ORIENTED_EDGE ( 'NONE', *, *, #4012, .T. ) ;
#5046 = CARTESIAN_POINT ( 'NONE',  ( 2.360526585318505344, -14.70199371010881961, 2.975127047320150098 ) ) ;
#5047 = CARTESIAN_POINT ( 'NONE',  ( 18.97193203338760981, 9.314681982020699635, 9.260821891708312492 ) ) ;
#5048 = AXIS2_PLACEMENT_3D ( 'NONE', #3144, #365, #1611 ) ;
#5049 = DIRECTION ( 'NONE',  ( -1.000000000000000000, 0.000000000000000000, 0.000000000000000000 ) ) ;
#5050 = AXIS2_PLACEMENT_3D ( 'NONE', #4215, #696, #4654 ) ;
#5051 = DIRECTION ( 'NONE',  ( -1.000000000000000000, 0.000000000000000000, 0.000000000000000000 ) ) ;
#5052 = CIRCLE ( 'NONE', #2182, 11.62399999999420253 ) ;
#5053 = VERTEX_POINT ( 'NONE', #3007 ) ;
#5054 = CARTESIAN_POINT ( 'NONE',  ( 2.360526585318501791, 0.000000000000000000, 14.99999999999250022 ) ) ;
#5055 = ORIENTED_EDGE ( 'NONE', *, *, #3799, .T. ) ;
#5056 = DIRECTION ( 'NONE',  ( -1.000000000000000000, 0.000000000000000000, 0.000000000000000000 ) ) ;
#5057 = CARTESIAN_POINT ( 'NONE',  ( 0.8242227434933193653, -1.233922540071078711, 12.78991285599227901 ) ) ;
#5058 = ORIENTED_EDGE ( 'NONE', *, *, #2969, .T. ) ;
#5059 = EDGE_CURVE ( 'NONE', #3612, #2006, #532, .T. ) ;
#5060 = DIRECTION ( 'NONE',  ( -1.000000000000000000, 0.000000000000000000, 0.000000000000000000 ) ) ;
#5061 = VERTEX_POINT ( 'NONE', #1014 ) ;
#5062 = ORIENTED_EDGE ( 'NONE', *, *, #4231, .T. ) ;
#5063 = CARTESIAN_POINT ( 'NONE',  ( 18.97193183152709395, 13.08820221713376952, 1.106839066262329085 ) ) ;
#5064 = ADVANCED_FACE ( 'NONE', ( #3439 ), #1858, .T. ) ;
#5065 = DIRECTION ( 'NONE',  ( -1.000000000000000000, 0.000000000000000000, -2.710505431213761085E-17 ) ) ;
#5066 = DIRECTION ( 'NONE',  ( -1.000000000000000000, 0.000000000000000000, 0.000000000000000000 ) ) ;
#5067 = FACE_OUTER_BOUND ( 'NONE', #659, .T. ) ;
#5068 = EDGE_CURVE ( 'NONE', #2316, #4754, #695, .T. ) ;
#5069 = EDGE_CURVE ( 'NONE', #4635, #3843, #2095, .T. ) ;
#5070 = EDGE_CURVE ( 'NONE', #2628, #3514, #3394, .T. ) ;
#5071 = VECTOR ( 'NONE', #5022, 1000.000000000000000 ) ;
#5072 = CARTESIAN_POINT ( 'NONE',  ( 3.170007328614371243E-16, 0.000000000000000000, -8.592322081196679186E-33 ) ) ;
#5073 = CARTESIAN_POINT ( 'NONE',  ( 0.8242228291498630011, 9.166437085429558707, -9.004491653679400187 ) ) ;
#5074 = CARTESIAN_POINT ( 'NONE',  ( 20.00000000000000000, 0.000000000000000000, 0.000000000000000000 ) ) ;
#5075 = CIRCLE ( 'NONE', #733, 14.99999999999250022 ) ;
#5076 = CARTESIAN_POINT ( 'NONE',  ( 20.00000000000000000, -12.53200494222450168, -1.969683236930065195 ) ) ;
#5077 = CARTESIAN_POINT ( 'NONE',  ( 0.8242227264517620888, 3.214899911673945176, 12.44061307344667178 ) ) ;
#5078 = ORIENTED_EDGE ( 'NONE', *, *, #290, .T. ) ;
ENDSEC;
END-ISO-10303-21;
