ISO-10303-21;
HEADER;
FILE_DESCRIPTION (( 'STEP AP214' ),
    '1' );
FILE_NAME ('Top_brace.STEP',
    '2026-03-28T14:15:09',
    ( '' ),
    ( '' ),
    'SwSTEP 2.0',
    'SolidWorks 2025',
    '' );
FILE_SCHEMA (( 'AUTOMOTIVE_DESIGN' ));
ENDSEC;

DATA;
#1 = ORIENTED_EDGE ( 'NONE', *, *, #211, .F. ) ;
#2 = ORIENTED_EDGE ( 'NONE', *, *, #2061, .F. ) ;
#3 = DIRECTION ( 'NONE',  ( 0.000000000000000000, -0.000000000000000000, 1.000000000000000000 ) ) ;
#4 = CARTESIAN_POINT ( 'NONE',  ( 48.60471293361509737, 2.560425559445651089, 16.34173363157670522 ) ) ;
#5 = B_SPLINE_CURVE_WITH_KNOTS ( 'NONE', 3,
 ( #483, #2428, #4055, #408 ),
 .UNSPECIFIED., .F., .F.,
 ( 4, 4 ),
 ( 0.000000000000000000, 0.001693748359486770558 ),
 .UNSPECIFIED. ) ;
#6 = DIRECTION ( 'NONE',  ( -0.06794757007086106582, 0.9969173337322697614, -0.03922954786392510856 ) ) ;
#7 = LINE ( 'NONE', #3204, #2429 ) ;
#8 = CARTESIAN_POINT ( 'NONE',  ( -10.14999999999999503, 16.39876268299294182, -34.84900919309321665 ) ) ;
#9 = EDGE_CURVE ( 'NONE', #192, #938, #353, .T. ) ;
#10 = VERTEX_POINT ( 'NONE', #4027 ) ;
#11 = CARTESIAN_POINT ( 'NONE',  ( 29.79336442346199476, -1.952349822829190895, 2.190099971006036927 ) ) ;
#12 = EDGE_CURVE ( 'NONE', #2195, #4797, #2002, .T. ) ;
#13 = EDGE_CURVE ( 'NONE', #1526, #644, #1956, .T. ) ;
#14 = ORIENTED_EDGE ( 'NONE', *, *, #375, .T. ) ;
#15 = DIRECTION ( 'NONE',  ( 0.8660254037844363761, 1.093963277049189504E-11, 0.5000000000000039968 ) ) ;
#16 = PLANE ( 'NONE',  #1139 ) ;
#17 = CARTESIAN_POINT ( 'NONE',  ( -10.14999999999999503, 2.560425558831678217, -50.26378295997704981 ) ) ;
#18 = ADVANCED_FACE ( 'NONE', ( #3230 ), #4859, .T. ) ;
#19 = ORIENTED_EDGE ( 'NONE', *, *, #1201, .T. ) ;
#20 = ORIENTED_EDGE ( 'NONE', *, *, #4803, .F. ) ;
#21 = SURFACE_STYLE_FILL_AREA ( #1677 ) ;
#22 = CARTESIAN_POINT ( 'NONE',  ( 44.69896270988386533, 2.421922163733308153, 14.08674768851700243 ) ) ;
#23 = ORIENTED_EDGE ( 'NONE', *, *, #405, .T. ) ;
#24 = ORIENTED_EDGE ( 'NONE', *, *, #1931, .F. ) ;
#25 = VERTEX_POINT ( 'NONE', #4884 ) ;
#26 = ORIENTED_EDGE ( 'NONE', *, *, #1710, .T. ) ;
#27 = VERTEX_POINT ( 'NONE', #1167 ) ;
#28 = ORIENTED_EDGE ( 'NONE', *, *, #5207, .T. ) ;
#29 = CARTESIAN_POINT ( 'NONE',  ( -1.863548378111534731E-10, 29.50000000009845635, 8.999999999677280371 ) ) ;
#30 = DIRECTION ( 'NONE',  ( -1.035655806553318069E-16, -0.07845909572784597052, 0.9969173337331278528 ) ) ;
#31 = DIRECTION ( 'NONE',  ( 0.06794757007086246747, -0.9969173337322696504, 0.03922954786392336690 ) ) ;
#32 = CARTESIAN_POINT ( 'NONE',  ( 34.09755359395454377, -4.499635306375768806, -90.26215258861975599 ) ) ;
#33 = ORIENTED_EDGE ( 'NONE', *, *, #5072, .T. ) ;
#34 = LINE ( 'NONE', #4058, #1997 ) ;
#35 = DIRECTION ( 'NONE',  ( -0.8660254037844362651, -1.093963244644391107E-11, -0.5000000000000038858 ) ) ;
#36 = VECTOR ( 'NONE', #4827, 1000.000000000000000 ) ;
#37 = CYLINDRICAL_SURFACE ( 'NONE', #3543, 2.000000000000000888 ) ;
#38 = EDGE_LOOP ( 'NONE', ( #2942, #1916, #4376, #3749 ) ) ;
#39 = AXIS2_PLACEMENT_3D ( 'NONE', #2711, #2210, #5154 ) ;
#40 = ADVANCED_FACE ( 'NONE', ( #4400, #2800 ), #2822, .F. ) ;
#41 = FACE_OUTER_BOUND ( 'NONE', #5269, .T. ) ;
#42 = CARTESIAN_POINT ( 'NONE',  ( 1.770278385256979004, 32.50000000002236789, 22.48113710003002552 ) ) ;
#43 = CARTESIAN_POINT ( 'NONE',  ( 46.41015596624093575, 3.690609072790079104, 11.78380904133861584 ) ) ;
#44 = CARTESIAN_POINT ( 'NONE',  ( 2.755455298081544778E-16, 32.50000000000000000, -7.750000000000000000 ) ) ;
#45 = VECTOR ( 'NONE', #4434, 999.9999999999998863 ) ;
#46 = EDGE_LOOP ( 'NONE', ( #3607, #447 ) ) ;
#47 = EDGE_CURVE ( 'NONE', #4182, #315, #3616, .T. ) ;
#48 = EDGE_CURVE ( 'NONE', #276, #5226, #340, .T. ) ;
#49 = FILL_AREA_STYLE_COLOUR ( '', #2173 ) ;
#50 = FACE_OUTER_BOUND ( 'NONE', #4996, .T. ) ;
#51 = VERTEX_POINT ( 'NONE', #821 ) ;
#52 = VERTEX_POINT ( 'NONE', #3275 ) ;
#53 = DIRECTION ( 'NONE',  ( 0.5000000000000038858, 6.316266953909631160E-12, -0.8660254037844363761 ) ) ;
#54 = VECTOR ( 'NONE', #1582, 999.9999999999998863 ) ;
#55 = ORIENTED_EDGE ( 'NONE', *, *, #5079, .T. ) ;
#56 = LINE ( 'NONE', #3707, #146 ) ;
#57 = DIRECTION ( 'NONE',  ( -1.263193535385783157E-11, 1.000000000000000000, -1.117101765387847829E-16 ) ) ;
#58 = AXIS2_PLACEMENT_3D ( 'NONE', #3759, #2120, #4519 ) ;
#59 = CIRCLE ( 'NONE', #656, 2.250000000000000444 ) ;
#60 = CARTESIAN_POINT ( 'NONE',  ( -35.75266320371139983, -1.994556770719285499, 35.65291672386764787 ) ) ;
#61 = DIRECTION ( 'NONE',  ( -0.000000000000000000, -1.000000000000000000, 0.000000000000000000 ) ) ;
#62 = CARTESIAN_POINT ( 'NONE',  ( 10.24999999999999822, -4.243854759195755832, -93.51215258861977020 ) ) ;
#63 = ORIENTED_EDGE ( 'NONE', *, *, #1517, .T. ) ;
#64 = ORIENTED_EDGE ( 'NONE', *, *, #764, .T. ) ;
#65 = VECTOR ( 'NONE', #2115, 1000.000000000000000 ) ;
#66 = CYLINDRICAL_SURFACE ( 'NONE', #462, 0.7500000000000006661 ) ;
#67 = VECTOR ( 'NONE', #2231, 1000.000000000000114 ) ;
#68 = LINE ( 'NONE', #2831, #65 ) ;
#69 = AXIS2_PLACEMENT_3D ( 'NONE', #599, #1393, #3850 ) ;
#70 = CIRCLE ( 'NONE', #5025, 2.250000000000000000 ) ;
#71 = ORIENTED_EDGE ( 'NONE', *, *, #4802, .T. ) ;
#72 = ORIENTED_EDGE ( 'NONE', *, *, #2054, .F. ) ;
#73 = AXIS2_PLACEMENT_3D ( 'NONE', #5016, #2949, #919 ) ;
#74 = DIRECTION ( 'NONE',  ( 0.4999999999999926170, 1.262927948484586558E-11, 0.8660254037844429265 ) ) ;
#75 = CYLINDRICAL_SURFACE ( 'NONE', #4289, 2.250000000000001776 ) ;
#76 = CARTESIAN_POINT ( 'NONE',  ( 62.01618189907396328, 5.045138691582907065, 20.79395231465001714 ) ) ;
#77 = CARTESIAN_POINT ( 'NONE',  ( 0.000000000000000000, 32.50000000000000000, -10.00000000000000000 ) ) ;
#78 = VECTOR ( 'NONE', #452, 1000.000000000000000 ) ;
#79 = EDGE_CURVE ( 'NONE', #2415, #4355, #1112, .T. ) ;
#80 = EDGE_LOOP ( 'NONE', ( #4100, #2674, #4013, #966, #3618 ) ) ;
#81 = EDGE_LOOP ( 'NONE', ( #72, #2103, #2078, #1388 ) ) ;
#82 = CARTESIAN_POINT ( 'NONE',  ( 9.499999999999998224, 7.430480829895317996, -90.26215258861975599 ) ) ;
#83 = LINE ( 'NONE', #1172, #2365 ) ;
#84 = ORIENTED_EDGE ( 'NONE', *, *, #1105, .F. ) ;
#85 = ADVANCED_FACE ( 'NONE', ( #5030 ), #871, .T. ) ;
#86 = EDGE_CURVE ( 'NONE', #2241, #2084, #1273, .T. ) ;
#87 = ORIENTED_EDGE ( 'NONE', *, *, #1837, .T. ) ;
#88 = CARTESIAN_POINT ( 'NONE',  ( -37.02971293366402961, 2.560425558995898854, 36.39022172915787223 ) ) ;
#89 = VERTEX_POINT ( 'NONE', #88 ) ;
#90 = ORIENTED_EDGE ( 'NONE', *, *, #3840, .T. ) ;
#91 = LINE ( 'NONE', #4914, #1952 ) ;
#92 = CARTESIAN_POINT ( 'NONE',  ( -13.00000000000000000, -1.952349823205539181, -26.89686044040719892 ) ) ;
#93 = LINE ( 'NONE', #8, #3982 ) ;
#94 = DIRECTION ( 'NONE',  ( 0.5000000000004347633, 0.000000000000000000, -0.8660254037841875752 ) ) ;
#95 = ORIENTED_EDGE ( 'NONE', *, *, #723, .T. ) ;
#96 = ORIENTED_EDGE ( 'NONE', *, *, #2581, .F. ) ;
#97 = CARTESIAN_POINT ( 'NONE',  ( -4.914186178828300555, 32.50000000020349944, 21.43902810443029239 ) ) ;
#98 = VERTEX_POINT ( 'NONE', #2474 ) ;
#99 = CYLINDRICAL_SURFACE ( 'NONE', #73, 2.250000000000001776 ) ;
#100 = CARTESIAN_POINT ( 'NONE',  ( 4.742909390798791591, 32.50000000005991296, 21.58723567137111488 ) ) ;
#101 = CARTESIAN_POINT ( 'NONE',  ( -3.469446951953614189E-15, 1.052032095989828608, -93.51215258861977020 ) ) ;
#102 = CARTESIAN_POINT ( 'NONE',  ( 25.00000000000020961, 3.158016731373737236E-10, 29.44486372867123336 ) ) ;
#103 = EDGE_LOOP ( 'NONE', ( #3676, #3260, #5039, #4694 ) ) ;
#104 = VERTEX_POINT ( 'NONE', #4942 ) ;
#105 = PLANE ( 'NONE',  #2598 ) ;
#106 = ADVANCED_FACE ( 'NONE', ( #2558 ), #4502, .F. ) ;
#107 = DIRECTION ( 'NONE',  ( -1.000000000000000000, 9.142144630342068471E-16, -0.000000000000000000 ) ) ;
#108 = LINE ( 'NONE', #3327, #3052 ) ;
#109 = EDGE_LOOP ( 'NONE', ( #3281, #1266, #4550, #1147 ) ) ;
#110 = DIRECTION ( 'NONE',  ( -0.7137142152742914636, 0.5664062369248349382, 0.4120630943048042005 ) ) ;
#111 = ORIENTED_EDGE ( 'NONE', *, *, #1108, .T. ) ;
#112 = EDGE_LOOP ( 'NONE', ( #843, #706, #298, #3228, #96, #3672, #3403, #1561 ) ) ;
#113 = FACE_OUTER_BOUND ( 'NONE', #38, .T. ) ;
#114 = FACE_OUTER_BOUND ( 'NONE', #880, .T. ) ;
#115 = EDGE_CURVE ( 'NONE', #1512, #868, #1713, .T. ) ;
#116 = CARTESIAN_POINT ( 'NONE',  ( -4.105380888472312570E-10, 32.50000000000000000, 22.67077071114423248 ) ) ;
#117 = CARTESIAN_POINT ( 'NONE',  ( 16.71994232415735482, 32.50000000000000000, -14.68495534529837343 ) ) ;
#118 = CYLINDRICAL_SURFACE ( 'NONE', #1682, 2.250000000000002220 ) ;
#119 = CARTESIAN_POINT ( 'NONE',  ( -13.00000000000000000, -4.401258172844996430, -91.51215258861975599 ) ) ;
#120 = ORIENTED_EDGE ( 'NONE', *, *, #2006, .F. ) ;
#121 = ORIENTED_EDGE ( 'NONE', *, *, #2644, .T. ) ;
#122 = EDGE_CURVE ( 'NONE', #4120, #3921, #4729, .T. ) ;
#123 = EDGE_CURVE ( 'NONE', #1720, #2932, #845, .T. ) ;
#124 = DIRECTION ( 'NONE',  ( 9.214851173482107792E-15, -1.093963277049183688E-11, -1.000000000000000000 ) ) ;
#125 = ORIENTED_EDGE ( 'NONE', *, *, #1389, .F. ) ;
#126 = FACE_OUTER_BOUND ( 'NONE', #2821, .T. ) ;
#127 = CARTESIAN_POINT ( 'NONE',  ( 4.913146883325002712, 32.50000000006207301, 21.44003983181994855 ) ) ;
#128 = VECTOR ( 'NONE', #3704, 1000.000000000000000 ) ;
#129 = CARTESIAN_POINT ( 'NONE',  ( -10.24999999999999822, 7.680302801907603616, -89.51215258861975599 ) ) ;
#130 = CARTESIAN_POINT ( 'NONE',  ( -33.12396270993013303, 2.421922163332892453, 34.13523578609974152 ) ) ;
#131 = AXIS2_PLACEMENT_3D ( 'NONE', #2439, #4067, #419 ) ;
#132 = DIRECTION ( 'NONE',  ( 0.4905221900492636733, -0.8241261886158178784, 0.2832031184624199116 ) ) ;
#133 = CYLINDRICAL_SURFACE ( 'NONE', #1922, 2.250000000000000000 ) ;
#134 = DIRECTION ( 'NONE',  ( 1.000000000000000000, 0.000000000000000000, 0.000000000000000000 ) ) ;
#135 = VECTOR ( 'NONE', #2578, 1000.000000000000000 ) ;
#136 = ORIENTED_EDGE ( 'NONE', *, *, #160, .F. ) ;
#137 = DIRECTION ( 'NONE',  ( -0.4999999999999919509, -1.263194347951959125E-11, -0.8660254037844434816 ) ) ;
#138 = EDGE_CURVE ( 'NONE', #1721, #650, #3331, .T. ) ;
#139 = ORIENTED_EDGE ( 'NONE', *, *, #4505, .T. ) ;
#140 = ORIENTED_EDGE ( 'NONE', *, *, #4776, .T. ) ;
#141 = CYLINDRICAL_SURFACE ( 'NONE', #5095, 2.250000000000000000 ) ;
#142 = PRESENTATION_LAYER_ASSIGNMENT (  '', '', ( #3711 ) ) ;
#143 = FACE_OUTER_BOUND ( 'NONE', #4362, .T. ) ;
#144 = LINE ( 'NONE', #3826, #2944 ) ;
#145 = DIRECTION ( 'NONE',  ( -1.000000000000000000, 0.000000000000000000, -0.000000000000000000 ) ) ;
#146 = VECTOR ( 'NONE', #773, 1000.000000000000114 ) ;
#147 = CYLINDRICAL_SURFACE ( 'NONE', #1334, 2.000000000000001332 ) ;
#148 = CARTESIAN_POINT ( 'NONE',  ( 0.000000000000000000, 29.50000000000000355, -10.00000000000000000 ) ) ;
#149 = ORIENTED_EDGE ( 'NONE', *, *, #1342, .T. ) ;
#150 = ORIENTED_EDGE ( 'NONE', *, *, #48, .T. ) ;
#151 = EDGE_CURVE ( 'NONE', #820, #553, #899, .T. ) ;
#152 = AXIS2_PLACEMENT_3D ( 'NONE', #5055, #220, #3916 ) ;
#153 = CIRCLE ( 'NONE', #4230, 3.750000000000000000 ) ;
#154 = FACE_OUTER_BOUND ( 'NONE', #3989, .T. ) ;
#155 = CIRCLE ( 'NONE', #4402, 2.250000000000000444 ) ;
#156 = ORIENTED_EDGE ( 'NONE', *, *, #1515, .T. ) ;
#157 = VECTOR ( 'NONE', #2212, 1000.000000000000000 ) ;
#158 = EDGE_CURVE ( 'NONE', #5117, #817, #5240, .T. ) ;
#159 = VERTEX_POINT ( 'NONE', #565 ) ;
#160 = EDGE_CURVE ( 'NONE', #4632, #2175, #1735, .T. ) ;
#161 = CARTESIAN_POINT ( 'NONE',  ( 0.4445514508903922191, 32.50000000000561329, 22.63472180352484742 ) ) ;
#162 = CIRCLE ( 'NONE', #4313, 2.000000000000000888 ) ;
#163 = AXIS2_PLACEMENT_3D ( 'NONE', #2070, #931, #4835 ) ;
#164 = LINE ( 'NONE', #1835, #3892 ) ;
#165 = CARTESIAN_POINT ( 'NONE',  ( 52.01022899047502790, -7.467592099638490133, 15.01701270928038490 ) ) ;
#166 = EDGE_LOOP ( 'NONE', ( #3250, #4712, #4774, #3273 ) ) ;
#167 = AXIS2_PLACEMENT_3D ( 'NONE', #193, #4177, #1818 ) ;
#168 = CIRCLE ( 'NONE', #152, 2.250000000000001776 ) ;
#169 = CARTESIAN_POINT ( 'NONE',  ( -38.00000000014740920, 23.27268265714668516, 6.928203230020779202 ) ) ;
#170 = FACE_OUTER_BOUND ( 'NONE', #3501, .T. ) ;
#171 = CARTESIAN_POINT ( 'NONE',  ( -4.818297051823772215, 32.60319383027891149, 21.03486049224552090 ) ) ;
#172 = CARTESIAN_POINT ( 'NONE',  ( -13.00000000000000000, 3.690609072203828056, -46.08427858107219777 ) ) ;
#173 = DIRECTION ( 'NONE',  ( -0.8660254037844360431, -1.093955173361550972E-11, -0.5000000000000046629 ) ) ;
#174 = ORIENTED_EDGE ( 'NONE', *, *, #1024, .F. ) ;
#175 = CYLINDRICAL_SURFACE ( 'NONE', #2756, 2.250000000000000888 ) ;
#176 = EDGE_LOOP ( 'NONE', ( #2496, #3103, #1023, #1380, #87, #1744, #3822 ) ) ;
#177 = CYLINDRICAL_SURFACE ( 'NONE', #3111, 2.250000000000001776 ) ;
#178 = CARTESIAN_POINT ( 'NONE',  ( 24.99999999970622966, 23.27268265762671362, 29.44486372867122981 ) ) ;
#179 = CARTESIAN_POINT ( 'NONE',  ( -18.30472309198083281, 32.49999999999999289, -13.12444168025016289 ) ) ;
#180 = ORIENTED_EDGE ( 'NONE', *, *, #1148, .F. ) ;
#181 = CARTESIAN_POINT ( 'NONE',  ( 24.99999999970624742, 23.27268265762670651, 29.44486372867123691 ) ) ;
#182 = VERTEX_POINT ( 'NONE', #4609 ) ;
#183 = ORIENTED_EDGE ( 'NONE', *, *, #892, .T. ) ;
#184 = EDGE_CURVE ( 'NONE', #1954, #461, #3184, .T. ) ;
#185 = CARTESIAN_POINT ( 'NONE',  ( -50.02694750919724243, 9.333567967777417707, 43.89417860996373122 ) ) ;
#186 = ORIENTED_EDGE ( 'NONE', *, *, #1390, .F. ) ;
#187 = CARTESIAN_POINT ( 'NONE',  ( 11.00000000000000000, 0.000000000000000000, -91.51215258861977020 ) ) ;
#188 = EDGE_CURVE ( 'NONE', #2028, #2597, #295, .T. ) ;
#189 = ADVANCED_FACE ( 'NONE', ( #2184 ), #175, .F. ) ;
#190 = DIRECTION ( 'NONE',  ( -0.06794757005197310518, -0.9969173337331278528, 0.03922954787482792194 ) ) ;
#191 = CARTESIAN_POINT ( 'NONE',  ( -12.65472709380235727, 30.19586237184469724, -21.91733880409644897 ) ) ;
#192 = VERTEX_POINT ( 'NONE', #1249 ) ;
#193 = CARTESIAN_POINT ( 'NONE',  ( 10.15000000000000746, 9.333567967613195293, -65.27169672173720016 ) ) ;
#194 = DIRECTION ( 'NONE',  ( -0.8633557364864383743, 0.07845909572784535990, 0.4984586668656976749 ) ) ;
#195 = DIRECTION ( 'NONE',  ( 0.8660254037844362651, 0.000000000000000000, 0.5000000000000041078 ) ) ;
#196 = ADVANCED_FACE ( 'NONE', ( #5057 ), #1467, .F. ) ;
#197 =( LENGTH_UNIT ( ) NAMED_UNIT ( * ) SI_UNIT ( .MILLI., .METRE. ) );
#198 = DIRECTION ( 'NONE',  ( -6.315870933078123032E-12, 1.000000000000000000, -1.093963277049189504E-11 ) ) ;
#199 = DIRECTION ( 'NONE',  ( -0.000000000000000000, -1.000000000000000000, -0.000000000000000000 ) ) ;
#200 = EDGE_LOOP ( 'NONE', ( #2845, #3169 ) ) ;
#201 = PRODUCT_CONTEXT ( 'NONE', #768, 'mechanical' ) ;
#202 = LINE ( 'NONE', #3421, #3624 ) ;
#203 = CARTESIAN_POINT ( 'NONE',  ( 6.500000000000063949, 25.00000000000000000, 11.25833024919766778 ) ) ;
#204 = CARTESIAN_POINT ( 'NONE',  ( 16.89993933427021489, 32.50000000000000000, -14.54960685762302397 ) ) ;
#205 = CARTESIAN_POINT ( 'NONE',  ( 46.41015596624093575, 3.690609072790079992, 11.78380904133861584 ) ) ;
#206 = ORIENTED_EDGE ( 'NONE', *, *, #5107, .F. ) ;
#207 = VERTEX_POINT ( 'NONE', #2291 ) ;
#208 = ORIENTED_EDGE ( 'NONE', *, *, #2918, .F. ) ;
#209 = DIRECTION ( 'NONE',  ( -8.673617379884035472E-17, 0.000000000000000000, 1.000000000000000000 ) ) ;
#210 = VERTEX_POINT ( 'NONE', #5111 ) ;
#211 = EDGE_CURVE ( 'NONE', #4218, #2724, #4879, .T. ) ;
#212 = LINE ( 'NONE', #3836, #4992 ) ;
#213 = DIRECTION ( 'NONE',  ( -0.8660254037844362651, -1.093963244644391107E-11, -0.5000000000000041078 ) ) ;
#214 = CARTESIAN_POINT ( 'NONE',  ( 10.15000000000000568, 12.00000000000000178, -44.99999999999998579 ) ) ;
#215 = ORIENTED_EDGE ( 'NONE', *, *, #2446, .T. ) ;
#216 = ADVANCED_FACE ( 'NONE', ( #1052, #688 ), #667, .T. ) ;
#217 = DIRECTION ( 'NONE',  ( -6.316271550304453549E-12, 1.000000000000000000, -1.093986406695535807E-11 ) ) ;
#218 = CARTESIAN_POINT ( 'NONE',  ( -2.250000000000003109, 1.052032095989828608, -89.51215258861975599 ) ) ;
#219 = DIRECTION ( 'NONE',  ( 0.9976853269444136973, 0.06799991470449485986, 0.000000000000000000 ) ) ;
#220 = DIRECTION ( 'NONE',  ( 1.000000000000000000, 0.000000000000000000, 0.000000000000000000 ) ) ;
#221 = CYLINDRICAL_SURFACE ( 'NONE', #4984, 3.750000000000000000 ) ;
#222 = EDGE_CURVE ( 'NONE', #5211, #2003, #872, .T. ) ;
#223 = EDGE_CURVE ( 'NONE', #1768, #3537, #4717, .T. ) ;
#224 = ORIENTED_EDGE ( 'NONE', *, *, #2390, .F. ) ;
#225 = AXIS2_PLACEMENT_3D ( 'NONE', #4511, #3716, #3752 ) ;
#226 = CARTESIAN_POINT ( 'NONE',  ( -46.60274902018878862, 14.96370182388354131, 41.91721669049390897 ) ) ;
#227 = CARTESIAN_POINT ( 'NONE',  ( 17.72278830427173091, 32.50000000000000000, -13.79028854803195792 ) ) ;
#228 = DIRECTION ( 'NONE',  ( 0.4999999999999919509, 1.263194347951959125E-11, 0.8660254037844434816 ) ) ;
#229 = ORIENTED_EDGE ( 'NONE', *, *, #1020, .F. ) ;
#230 = DIRECTION ( 'NONE',  ( 0.000000000000000000, 0.000000000000000000, 1.000000000000000000 ) ) ;
#231 = EDGE_LOOP ( 'NONE', ( #90, #2187, #988, #1176 ) ) ;
#232 = ORIENTED_EDGE ( 'NONE', *, *, #3668, .T. ) ;
#233 = CARTESIAN_POINT ( 'NONE',  ( -10.14999999999999503, -1.994556770883507024, -48.78917294929691195 ) ) ;
#234 = CIRCLE ( 'NONE', #2008, 3.750000000000000000 ) ;
#235 = CARTESIAN_POINT ( 'NONE',  ( 0.000000000000000000, 29.50000000000000355, 0.000000000000000000 ) ) ;
#236 = VERTEX_POINT ( 'NONE', #1446 ) ;
#237 = CIRCLE ( 'NONE', #1323, 2.250000000000000000 ) ;
#238 = CYLINDRICAL_SURFACE ( 'NONE', #2259, 2.000000000000001776 ) ;
#239 = LINE ( 'NONE', #2250, #4569 ) ;
#240 = VECTOR ( 'NONE', #4575, 999.9999999999998863 ) ;
#241 = VERTEX_POINT ( 'NONE', #3068 ) ;
#242 = EDGE_LOOP ( 'NONE', ( #224, #3312, #3742, #4823 ) ) ;
#243 = CIRCLE ( 'NONE', #2364, 2.250000000000000000 ) ;
#244 = CARTESIAN_POINT ( 'NONE',  ( -3.247595264191645015, 32.50000000000000000, -11.87500000000000000 ) ) ;
#245 = CARTESIAN_POINT ( 'NONE',  ( 11.00000000000000000, 4.906075848032026343, -91.51215258861977020 ) ) ;
#246 = CARTESIAN_POINT ( 'NONE',  ( 14.68893812670469323, 31.85409909234533643, -4.221043540376688163 ) ) ;
#247 = ADVANCED_FACE ( 'NONE', ( #4693 ), #1033, .F. ) ;
#248 = VECTOR ( 'NONE', #1361, 1000.000000000000000 ) ;
#249 = CARTESIAN_POINT ( 'NONE',  ( 12.65360864041534228, 30.19586237200450540, 21.91798454324050738 ) ) ;
#250 = CIRCLE ( 'NONE', #1784, 3.750000000000000000 ) ;
#251 =( LENGTH_UNIT ( ) NAMED_UNIT ( * ) SI_UNIT ( .MILLI., .METRE. ) );
#252 = EDGE_CURVE ( 'NONE', #2465, #366, #1387, .T. ) ;
#253 = ADVANCED_FACE ( 'NONE', ( #1083 ), #4667, .F. ) ;
#254 = UNCERTAINTY_MEASURE_WITH_UNIT (LENGTH_MEASURE( 1.000000000000000082E-05 ), #197, 'distance_accuracy_value', 'NONE');
#255 = CARTESIAN_POINT ( 'NONE',  ( 11.00000000000000178, 25.17018433347055506, -37.00511710645991315 ) ) ;
#256 = CARTESIAN_POINT ( 'NONE',  ( 13.00000000000000000, -4.401258172844996430, -91.51215258861975599 ) ) ;
#257 = ORIENTED_EDGE ( 'NONE', *, *, #1247, .F. ) ;
#258 = CARTESIAN_POINT ( 'NONE',  ( 10.97008767323521461, 22.29615204182115207, 23.47854905514095947 ) ) ;
#259 = ORIENTED_EDGE ( 'NONE', *, *, #4370, .T. ) ;
#260 = VERTEX_POINT ( 'NONE', #1876 ) ;
#261 = CARTESIAN_POINT ( 'NONE',  ( -12.12435565316848596, 29.49999999995624478, 2.999999999677168461 ) ) ;
#262 = CARTESIAN_POINT ( 'NONE',  ( -6.490381056924648284, 25.00000000016422419, 18.75833024892414969 ) ) ;
#263 = DIRECTION ( 'NONE',  ( -0.8660254037844362651, -1.093916623950974231E-11, -0.5000000000000039968 ) ) ;
#264 = DIRECTION ( 'NONE',  ( -0.06794757005197310518, -0.9969173337331280749, 0.03922954787482792194 ) ) ;
#265 = ORIENTED_EDGE ( 'NONE', *, *, #4084, .T. ) ;
#266 = DIRECTION ( 'NONE',  ( -0.7946264809087304481, 0.3976074376242628161, -0.4587778126549658109 ) ) ;
#267 = LINE ( 'NONE', #654, #1857 ) ;
#268 = EDGE_LOOP ( 'NONE', ( #2200, #2593, #946, #732 ) ) ;
#269 = ORIENTED_EDGE ( 'NONE', *, *, #3428, .F. ) ;
#270 = CARTESIAN_POINT ( 'NONE',  ( -15.80757502585777097, 32.60319383007352201, -14.69019789599879822 ) ) ;
#271 = CYLINDRICAL_SURFACE ( 'NONE', #39, 20.00000000000000000 ) ;
#272 = DIRECTION ( 'NONE',  ( 1.000000000000000000, -0.000000000000000000, -0.000000000000000000 ) ) ;
#273 = EDGE_CURVE ( 'NONE', #2276, #236, #1011, .T. ) ;
#274 = CARTESIAN_POINT ( 'NONE',  ( 8.660254037471702304, 29.50000000000000355, 8.750000000000039080 ) ) ;
#275 = CARTESIAN_POINT ( 'NONE',  ( 4.106654943006116554, 30.70569342628541776, 22.71988538734744267 ) ) ;
#276 = VERTEX_POINT ( 'NONE', #2640 ) ;
#277 = DIRECTION ( 'NONE',  ( 0.4999999999999999445, 0.000000000000000000, -0.8660254037844387076 ) ) ;
#278 = EDGE_CURVE ( 'NONE', #806, #4788, #794, .T. ) ;
#279 = CARTESIAN_POINT ( 'NONE',  ( -37.56899659415501702, 15.92795904942599350, 6.679363297656556675 ) ) ;
#280 = DIRECTION ( 'NONE',  ( 0.4999999999999918954, 1.263194347951958964E-11, 0.8660254037844433705 ) ) ;
#281 = ORIENTED_EDGE ( 'NONE', *, *, #4512, .T. ) ;
#282 = DIRECTION ( 'NONE',  ( -0.06794757005197309130, -0.9969173337331279638, 0.03922954787482791500 ) ) ;
#283 = EDGE_CURVE ( 'NONE', #2694, #2377, #4748, .T. ) ;
#284 = EDGE_CURVE ( 'NONE', #1768, #3932, #2311, .T. ) ;
#285 = CARTESIAN_POINT ( 'NONE',  ( -47.60274902018876020, 14.96370182385828329, 40.18516588292502689 ) ) ;
#286 = DIRECTION ( 'NONE',  ( 0.000000000000000000, 0.000000000000000000, -1.000000000000000000 ) ) ;
#287 = ORIENTED_EDGE ( 'NONE', *, *, #2939, .F. ) ;
#288 = EDGE_LOOP ( 'NONE', ( #4839, #265, #759, #3419, #4993, #2339 ) ) ;
#289 = FACE_OUTER_BOUND ( 'NONE', #2278, .T. ) ;
#290 = CARTESIAN_POINT ( 'NONE',  ( -11.00000000000000000, -4.243854759195755832, -91.51215258861977020 ) ) ;
#291 = FACE_OUTER_BOUND ( 'NONE', #508, .T. ) ;
#292 = DIRECTION ( 'NONE',  ( -0.5000000000000039968, -6.315870933078223199E-12, 0.8660254037844363761 ) ) ;
#293 = CARTESIAN_POINT ( 'NONE',  ( 30.82239576547830495, 19.38824394176629795, 2.514457101031890129 ) ) ;
#294 = DIRECTION ( 'NONE',  ( -6.316271550304453549E-12, 1.000000000000000000, -1.093986406695535807E-11 ) ) ;
#295 = CIRCLE ( 'NONE', #3527, 50.00000000000001421 ) ;
#296 = CARTESIAN_POINT ( 'NONE',  ( -47.60274902018876730, 14.96370182385827974, 40.18516588292502689 ) ) ;
#297 = ORIENTED_EDGE ( 'NONE', *, *, #1050, .T. ) ;
#298 = ORIENTED_EDGE ( 'NONE', *, *, #4638, .T. ) ;
#299 = CARTESIAN_POINT ( 'NONE',  ( 44.04614317014808478, 12.00000000055639227, 13.70984215158814834 ) ) ;
#300 = AXIS2_PLACEMENT_3D ( 'NONE', #2513, #2486, #801 ) ;
#301 = DIRECTION ( 'NONE',  ( 0.000000000000000000, 0.000000000000000000, -1.000000000000000000 ) ) ;
#302 = DIRECTION ( 'NONE',  ( 0.9976853269457000017, -0.06799991468562056884, 0.000000000000000000 ) ) ;
#303 = FACE_OUTER_BOUND ( 'NONE', #3386, .T. ) ;
#304 = CARTESIAN_POINT ( 'NONE',  ( -13.00000000000000000, 2.560425558831677773, -52.51378295997704981 ) ) ;
#305 = CIRCLE ( 'NONE', #3027, 2.000000000000001332 ) ;
#306 = ADVANCED_FACE ( 'NONE', ( #2663 ), #221, .T. ) ;
#307 = ORIENTED_EDGE ( 'NONE', *, *, #2869, .F. ) ;
#308 = VERTEX_POINT ( 'NONE', #4633 ) ;
#309 = CIRCLE ( 'NONE', #4558, 20.00000000000000355 ) ;
#310 = DIRECTION ( 'NONE',  ( 0.000000000000000000, 0.07845909572784597052, -0.9969173337331278528 ) ) ;
#311 = CYLINDRICAL_SURFACE ( 'NONE', #3895, 50.00000000000000000 ) ;
#312 = DIRECTION ( 'NONE',  ( 0.5000000000000039968, 6.315870933078223199E-12, -0.8660254037844363761 ) ) ;
#313 = EDGE_CURVE ( 'NONE', #3256, #1226, #631, .T. ) ;
#314 = ADVANCED_FACE ( 'NONE', ( #4338, #3937 ), #5248, .F. ) ;
#315 = VERTEX_POINT ( 'NONE', #1911 ) ;
#316 = AXIS2_PLACEMENT_3D ( 'NONE', #4124, #2104, #3823 ) ;
#317 = ORIENTED_EDGE ( 'NONE', *, *, #2722, .T. ) ;
#318 = ORIENTED_EDGE ( 'NONE', *, *, #3688, .F. ) ;
#319 = LINE ( 'NONE', #5208, #4843 ) ;
#320 = SPHERICAL_SURFACE ( 'NONE', #3531, 2.000000000000000000 ) ;
#321 = AXIS2_PLACEMENT_3D ( 'NONE', #3513, #976, #3817 ) ;
#322 = AXIS2_PLACEMENT_3D ( 'NONE', #4344, #5191, #3550 ) ;
#323 = DIRECTION ( 'NONE',  ( 0.000000000000000000, -1.000000000000000000, 0.000000000000000000 ) ) ;
#324 = CARTESIAN_POINT ( 'NONE',  ( 63.00000000000000000, 24.99999999999996803, -36.37306695894682207 ) ) ;
#325 = VERTEX_POINT ( 'NONE', #3529 ) ;
#326 = CIRCLE ( 'NONE', #3471, 2.250000000000000000 ) ;
#327 = AXIS2_PLACEMENT_3D ( 'NONE', #4695, #2893, #882 ) ;
#328 = VECTOR ( 'NONE', #4098, 1000.000000000000114 ) ;
#329 = CIRCLE ( 'NONE', #1163, 2.000000000000001776 ) ;
#330 = ORIENTED_EDGE ( 'NONE', *, *, #2917, .T. ) ;
#331 = VERTEX_POINT ( 'NONE', #1284 ) ;
#332 = AXIS2_PLACEMENT_3D ( 'NONE', #1667, #2896, #15 ) ;
#333 = CYLINDRICAL_SURFACE ( 'NONE', #4493, 2.250000000000000444 ) ;
#334 = CARTESIAN_POINT ( 'NONE',  ( 0.000000000000000000, 29.50000000000000355, -10.00000000000000000 ) ) ;
#335 = CARTESIAN_POINT ( 'NONE',  ( 46.60274901990467811, 14.96370182430801066, 41.91721669065825751 ) ) ;
#336 = EDGE_LOOP ( 'NONE', ( #1494, #2244, #4739, #3400 ) ) ;
#337 = ADVANCED_FACE ( 'NONE', ( #1661 ), #4480, .T. ) ;
#338 = CARTESIAN_POINT ( 'NONE',  ( -46.41015596631101658, 3.690609072039618965, 11.78380904129759088 ) ) ;
#339 = CARTESIAN_POINT ( 'NONE',  ( 8.660254037471723620, 32.50000000000000000, 5.000000000000037303 ) ) ;
#340 =( BOUNDED_CURVE ( )  B_SPLINE_CURVE ( 3, ( #2451, #4074, #3677, #1649 ),
 .UNSPECIFIED., .F., .F. ) 
 B_SPLINE_CURVE_WITH_KNOTS ( ( 4, 4 ),
 ( 1.570796326794896558, 2.007743383623952216 ),
 .UNSPECIFIED. ) 
 CURVE ( )  GEOMETRIC_REPRESENTATION_ITEM ( )  RATIONAL_B_SPLINE_CURVE ( ( 1.000000000000000000, 0.9841529556955412872, 0.9841529556955412872, 1.000000000000000000 ) ) 
 REPRESENTATION_ITEM ( '' )  );
#341 = VERTEX_POINT ( 'NONE', #2828 ) ;
#342 = ORIENTED_EDGE ( 'NONE', *, *, #1483, .F. ) ;
#343 = EDGE_CURVE ( 'NONE', #2594, #2628, #4082, .T. ) ;
#344 = CARTESIAN_POINT ( 'NONE',  ( -17.79831851835153600, 25.00000000000000711, -14.99999999999999645 ) ) ;
#345 = DIRECTION ( 'NONE',  ( -0.4999999999999919509, -1.263194347951959125E-11, -0.8660254037844434816 ) ) ;
#346 = CARTESIAN_POINT ( 'NONE',  ( 6.499999999999895195, 1.642151596001511287E-10, 11.25833024919776193 ) ) ;
#347 = PLANE ( 'NONE',  #1785 ) ;
#348 = ORIENTED_EDGE ( 'NONE', *, *, #1673, .F. ) ;
#349 = EDGE_CURVE ( 'NONE', #1622, #2406, #34, .T. ) ;
#350 = DIRECTION ( 'NONE',  ( 0.06794757007086194012, -0.9969173337322696504, 0.03922954786392305465 ) ) ;
#351 = ORIENTED_EDGE ( 'NONE', *, *, #349, .T. ) ;
#352 = ORIENTED_EDGE ( 'NONE', *, *, #3173, .F. ) ;
#353 = LINE ( 'NONE', #5238, #4375 ) ;
#354 = LINE ( 'NONE', #1169, #1849 ) ;
#355 = DIRECTION ( 'NONE',  ( -0.8660254037844433705, 9.974659986866642765E-16, 0.4999999999999920064 ) ) ;
#356 = CARTESIAN_POINT ( 'NONE',  ( 8.660254037471723620, 32.50000000000000000, 5.000000000000037303 ) ) ;
#357 = DIRECTION ( 'NONE',  ( -1.000000000000000000, 0.000000000000000000, -0.000000000000000000 ) ) ;
#358 = DIRECTION ( 'NONE',  ( 0.8660254037844434816, -1.927470528863120528E-16, -0.4999999999999916178 ) ) ;
#359 = CARTESIAN_POINT ( 'NONE',  ( 58.60274901990477758, 14.96370182445959252, 21.13260699983179336 ) ) ;
#360 = VERTEX_POINT ( 'NONE', #4922 ) ;
#361 = DIRECTION ( 'NONE',  ( -1.000000000000000000, 0.000000000000000000, 0.000000000000000000 ) ) ;
#362 = LINE ( 'NONE', #1617, #5019 ) ;
#363 = CARTESIAN_POINT ( 'NONE',  ( -13.00000000000000000, 25.00000000000000711, -14.99999999999999645 ) ) ;
#364 = ADVANCED_FACE ( 'NONE', ( #2010 ), #66, .F. ) ;
#365 = VERTEX_POINT ( 'NONE', #2891 ) ;
#366 = VERTEX_POINT ( 'NONE', #4892 ) ;
#367 = LINE ( 'NONE', #4815, #1255 ) ;
#368 = LINE ( 'NONE', #809, #5164 ) ;
#369 = DIRECTION ( 'NONE',  ( -0.4999999999999919509, -1.263193535385778149E-11, -0.8660254037844432595 ) ) ;
#370 = DIRECTION ( 'NONE',  ( 0.9976853269444136973, 0.06799991470449485986, 0.000000000000000000 ) ) ;
#371 = EDGE_CURVE ( 'NONE', #1016, #3267, #855, .T. ) ;
#372 = VERTEX_POINT ( 'NONE', #2858 ) ;
#373 = ORIENTED_EDGE ( 'NONE', *, *, #2262, .F. ) ;
#374 = EDGE_CURVE ( 'NONE', #2724, #2928, #3878, .T. ) ;
#375 = EDGE_CURVE ( 'NONE', #5029, #3207, #3099, .T. ) ;
#376 = ORIENTED_EDGE ( 'NONE', *, *, #2885, .F. ) ;
#377 = PLANE ( 'NONE',  #2178 ) ;
#378 = DIRECTION ( 'NONE',  ( -0.06794757007086194012, 0.9969173337322696504, -0.03922954786392305465 ) ) ;
#379 = CARTESIAN_POINT ( 'NONE',  ( 6.938893903907228378E-15, 8.126483462545040047E-15, 72.74613391789306149 ) ) ;
#380 = PLANE ( 'NONE',  #1758 ) ;
#381 = DIRECTION ( 'NONE',  ( 0.000000000000000000, 1.000000000000000000, 0.000000000000000000 ) ) ;
#382 = PLANE ( 'NONE',  #2622 ) ;
#383 = ORIENTED_EDGE ( 'NONE', *, *, #2301, .F. ) ;
#384 = AXIS2_PLACEMENT_3D ( 'NONE', #3289, #2864, #3693 ) ;
#385 = CARTESIAN_POINT ( 'NONE',  ( 18.12770763949645669, 33.92292570766078086, -10.72818086355869305 ) ) ;
#386 = VECTOR ( 'NONE', #5126, 999.9999999999998863 ) ;
#387 = CARTESIAN_POINT ( 'NONE',  ( -8.660254037967593632, 19.50000000000000355, 4.999999999786597371 ) ) ;
#388 = VECTOR ( 'NONE', #4450, 999.9999999999998863 ) ;
#389 = LINE ( 'NONE', #2922, #4759 ) ;
#390 = DIRECTION ( 'NONE',  ( 0.000000000000000000, -0.9175556253099240722, 0.3976074376343007311 ) ) ;
#391 = CYLINDRICAL_SURFACE ( 'NONE', #2448, 4.000000000000000000 ) ;
#392 = VECTOR ( 'NONE', #4643, 1000.000000000000227 ) ;
#393 = ORIENTED_EDGE ( 'NONE', *, *, #4104, .F. ) ;
#394 = VECTOR ( 'NONE', #3010, 1000.000000000000000 ) ;
#395 = CIRCLE ( 'NONE', #322, 2.250000000000001776 ) ;
#396 = ADVANCED_FACE ( 'NONE', ( #4133 ), #1564, .T. ) ;
#397 = ORIENTED_EDGE ( 'NONE', *, *, #4513, .F. ) ;
#398 = AXIS2_PLACEMENT_3D ( 'NONE', #2569, #3833, #4250 ) ;
#399 = VECTOR ( 'NONE', #1188, 1000.000000000000000 ) ;
#400 = ORIENTED_EDGE ( 'NONE', *, *, #4281, .T. ) ;
#401 = VERTEX_POINT ( 'NONE', #4533 ) ;
#402 = CARTESIAN_POINT ( 'NONE',  ( 7.794228634074159778, 32.50000000000000000, -4.499999999975388576 ) ) ;
#403 = CIRCLE ( 'NONE', #492, 2.250000000000001776 ) ;
#404 = DIRECTION ( 'NONE',  ( -1.263193535385782996E-11, 1.000000000000000000, -1.117101765387847829E-16 ) ) ;
#405 = EDGE_CURVE ( 'NONE', #953, #1453, #2079, .T. ) ;
#406 = ADVANCED_FACE ( 'NONE', ( #2679 ), #2309, .F. ) ;
#407 = FACE_OUTER_BOUND ( 'NONE', #4782, .T. ) ;
#408 = CARTESIAN_POINT ( 'NONE',  ( 13.00000000000000000, 15.66018860877487917, -36.37306695894682207 ) ) ;
#409 = VECTOR ( 'NONE', #1314, 1000.000000000000000 ) ;
#410 = ORIENTED_EDGE ( 'NONE', *, *, #2553, .T. ) ;
#411 = VECTOR ( 'NONE', #4181, 1000.000000000000000 ) ;
#412 = B_SPLINE_CURVE_WITH_KNOTS ( 'NONE', 3,
 ( #4559, #1281, #2941, #1742 ),
 .UNSPECIFIED., .F., .F.,
 ( 4, 4 ),
 ( 0.000000000000000000, 0.0005718104120829378299 ),
 .UNSPECIFIED. ) ;
#413 = CARTESIAN_POINT ( 'NONE',  ( 24.42391754334127896, 29.28318843049938280, -4.258037818431701815 ) ) ;
#414 = EDGE_CURVE ( 'NONE', #2295, #425, #591, .T. ) ;
#415 = VECTOR ( 'NONE', #3171, 1000.000000000000000 ) ;
#416 = CARTESIAN_POINT ( 'NONE',  ( -4.359945482633315272, 32.50000000021115909, 21.82102664745221077 ) ) ;
#417 = ORIENTED_EDGE ( 'NONE', *, *, #2201, .T. ) ;
#418 = CARTESIAN_POINT ( 'NONE',  ( 15.28481199070479768, 29.28475329844619424, -19.01819688374732564 ) ) ;
#419 = DIRECTION ( 'NONE',  ( 0.000000000000000000, 0.000000000000000000, -1.000000000000000000 ) ) ;
#420 = CARTESIAN_POINT ( 'NONE',  ( 60.59811967379359743, 15.09970165386857843, 21.13260699983178981 ) ) ;
#421 = DIRECTION ( 'NONE',  ( -0.000000000000000000, 1.000000000000000000, -0.000000000000000000 ) ) ;
#422 = ORIENTED_EDGE ( 'NONE', *, *, #3190, .F. ) ;
#423 = CARTESIAN_POINT ( 'NONE',  ( -20.93136241315695401, 32.49999999977999465, -8.026861147571132449 ) ) ;
#424 = VERTEX_POINT ( 'NONE', #2256 ) ;
#425 = VERTEX_POINT ( 'NONE', #1872 ) ;
#426 = EDGE_CURVE ( 'NONE', #4846, #4025, #3449, .T. ) ;
#427 = CARTESIAN_POINT ( 'NONE',  ( 40.40327009212999343, 2.560425559342053070, 35.04704932840077447 ) ) ;
#428 = CARTESIAN_POINT ( 'NONE',  ( 5.047624216003161912, 32.50000000006377121, 21.25725839965627273 ) ) ;
#429 = DIRECTION ( 'NONE',  ( 0.5000000000000039968, 6.315870933078222391E-12, -0.8660254037844362651 ) ) ;
#430 = CARTESIAN_POINT ( 'NONE',  ( 0.000000000000000000, 32.50000000000000000, -10.00000000000000000 ) ) ;
#431 = FACE_OUTER_BOUND ( 'NONE', #812, .T. ) ;
#432 = DIRECTION ( 'NONE',  ( 0.000000000000000000, 0.000000000000000000, -1.000000000000000000 ) ) ;
#433 = ORIENTED_EDGE ( 'NONE', *, *, #3559, .T. ) ;
#434 = EDGE_CURVE ( 'NONE', #1604, #5237, #1005, .T. ) ;
#435 = CARTESIAN_POINT ( 'NONE',  ( 23.42824572928270044, 31.18069010665071872, -2.657411579063956530 ) ) ;
#436 = LINE ( 'NONE', #4923, #3975 ) ;
#437 = CARTESIAN_POINT ( 'NONE',  ( -3.469446951953614189E-15, 1.052032095989828608, -90.26215258861975599 ) ) ;
#438 = ORIENTED_EDGE ( 'NONE', *, *, #3405, .T. ) ;
#439 = EDGE_CURVE ( 'NONE', #2695, #1933, #1749, .T. ) ;
#440 = ADVANCED_FACE ( 'NONE', ( #685 ), #271, .F. ) ;
#441 = CARTESIAN_POINT ( 'NONE',  ( 0.5729576037950969702, 8.406354580165587009, -0.3307972269079510474 ) ) ;
#442 = DIRECTION ( 'NONE',  ( 0.000000000000000000, 0.000000000000000000, -1.000000000000000000 ) ) ;
#443 = CARTESIAN_POINT ( 'NONE',  ( -10.14999999999999503, 12.00000000000000178, -44.99999999999998579 ) ) ;
#444 = ORIENTED_EDGE ( 'NONE', *, *, #1778, .T. ) ;
#445 = CARTESIAN_POINT ( 'NONE',  ( -21.07751554475235523, 32.49999999978879828, -7.137417130237438734 ) ) ;
#446 = DIRECTION ( 'NONE',  ( 4.006172263299083026E-16, 1.000000000000000000, -2.312964634635762678E-16 ) ) ;
#447 = ORIENTED_EDGE ( 'NONE', *, *, #857, .F. ) ;
#448 = ORIENTED_EDGE ( 'NONE', *, *, #4370, .F. ) ;
#449 = VERTEX_POINT ( 'NONE', #3844 ) ;
#450 = ORIENTED_EDGE ( 'NONE', *, *, #2290, .T. ) ;
#451 = CARTESIAN_POINT ( 'NONE',  ( 10.24999999999999822, 4.906075848032020126, -91.51215258861977020 ) ) ;
#452 = DIRECTION ( 'NONE',  ( 0.000000000000000000, 0.07845909572784590114, -0.9969173337331278528 ) ) ;
#453 = LINE ( 'NONE', #875, #1251 ) ;
#454 = DIRECTION ( 'NONE',  ( -0.8660254037844434816, 1.927470528863120528E-16, 0.4999999999999916178 ) ) ;
#455 = ORIENTED_EDGE ( 'NONE', *, *, #3175, .T. ) ;
#456 = EDGE_LOOP ( 'NONE', ( #5007, #4485 ) ) ;
#457 = CARTESIAN_POINT ( 'NONE',  ( 21.72932538781334344, 30.70569342646010824, -7.803475188133726093 ) ) ;
#458 = ADVANCED_FACE ( 'NONE', ( #3106 ), #635, .F. ) ;
#459 = CARTESIAN_POINT ( 'NONE',  ( -24.11264763103654474, 29.28475329825311846, -3.727937034466268340 ) ) ;
#460 = AXIS2_PLACEMENT_3D ( 'NONE', #1363, #3740, #2880 ) ;
#461 = VERTEX_POINT ( 'NONE', #3540 ) ;
#462 = AXIS2_PLACEMENT_3D ( 'NONE', #1200, #5281, #1258 ) ;
#463 = CARTESIAN_POINT ( 'NONE',  ( -13.00000000000000000, 9.333567967613195293, -65.27169672173720016 ) ) ;
#464 = CARTESIAN_POINT ( 'NONE',  ( 8.660254037471723620, 29.50000000000000355, 2.750000000000036859 ) ) ;
#465 = DIRECTION ( 'NONE',  ( 0.5000000000000039968, 6.315870933078223199E-12, -0.8660254037844363761 ) ) ;
#466 = EDGE_CURVE ( 'NONE', #4878, #1700, #1051, .T. ) ;
#467 = ADVANCED_FACE ( 'NONE', ( #2758 ), #16, .F. ) ;
#468 = DIRECTION ( 'NONE',  ( 0.000000000000000000, 1.000000000000000000, 0.000000000000000000 ) ) ;
#469 = AXIS2_PLACEMENT_3D ( 'NONE', #92, #3441, #598 ) ;
#470 =( BOUNDED_CURVE ( )  B_SPLINE_CURVE ( 3, ( #3288, #1183, #418, #4517 ),
 .UNSPECIFIED., .F., .F. ) 
 B_SPLINE_CURVE_WITH_KNOTS ( ( 4, 4 ),
 ( 4.712388980384689674, 5.235987755982993264 ),
 .UNSPECIFIED. ) 
 CURVE ( )  GEOMETRIC_REPRESENTATION_ITEM ( )  RATIONAL_B_SPLINE_CURVE ( ( 1.000000000000000000, 0.9772838841927118381, 0.9772838841927118381, 1.000000000000000000 ) ) 
 REPRESENTATION_ITEM ( '' )  );
#471 = FACE_OUTER_BOUND ( 'NONE', #2832, .T. ) ;
#472 = COLOUR_RGB ( '',0.7921568627450980005, 0.8196078431372548767, 0.9333333333333333481 ) ;
#473 = CARTESIAN_POINT ( 'NONE',  ( -20.35437502762580309, 32.49999999976524379, -9.707462496612064839 ) ) ;
#474 = DIRECTION ( 'NONE',  ( 0.5000000000000078826, -6.316064420779562328E-12, -0.8660254037844340447 ) ) ;
#475 = ORIENTED_EDGE ( 'NONE', *, *, #3634, .T. ) ;
#476 = VERTEX_POINT ( 'NONE', #3621 ) ;
#477 = DIRECTION ( 'NONE',  ( -1.000000000000000000, 0.000000000000000000, 0.000000000000000000 ) ) ;
#478 = AXIS2_PLACEMENT_3D ( 'NONE', #822, #2030, #2801 ) ;
#479 = CARTESIAN_POINT ( 'NONE',  ( 8.660254037471723620, 29.50000000010939871, 5.000000000000037303 ) ) ;
#480 = DIRECTION ( 'NONE',  ( 1.000000000000000000, 0.000000000000000000, 0.000000000000000000 ) ) ;
#481 = VECTOR ( 'NONE', #2760, 1000.000000000000000 ) ;
#482 = AXIS2_PLACEMENT_3D ( 'NONE', #1960, #3584, #1196 ) ;
#483 = CARTESIAN_POINT ( 'NONE',  ( 13.02323291842156472, 16.39876268299294182, -34.84900919309321665 ) ) ;
#484 = DIRECTION ( 'NONE',  ( -0.8660254037844434816, 1.927470528863120528E-16, 0.4999999999999916178 ) ) ;
#485 = EDGE_LOOP ( 'NONE', ( #4239, #2362 ) ) ;
#486 = ORIENTED_EDGE ( 'NONE', *, *, #4294, .T. ) ;
#487 = AXIS2_PLACEMENT_3D ( 'NONE', #437, #4869, #3689 ) ;
#488 = DIRECTION ( 'NONE',  ( 1.000000000000000000, 0.000000000000000000, 0.000000000000000000 ) ) ;
#489 = VECTOR ( 'NONE', #2292, 999.9999999999998863 ) ;
#490 = DIRECTION ( 'NONE',  ( 0.5000000000000039968, 6.315870933078223199E-12, -0.8660254037844363761 ) ) ;
#491 = DIRECTION ( 'NONE',  ( -1.096432228885568254E-15, 0.3160250737565470369, 0.9487508380798242991 ) ) ;
#492 = AXIS2_PLACEMENT_3D ( 'NONE', #1633, #2035, #5277 ) ;
#493 = VECTOR ( 'NONE', #4145, 1000.000000000000000 ) ;
#494 = EDGE_LOOP ( 'NONE', ( #3675, #1092, #3446, #1787, #2871, #1511, #2071, #4870, #2306, #3617 ) ) ;
#495 = EDGE_CURVE ( 'NONE', #3072, #4463, #1577, .T. ) ;
#496 = VECTOR ( 'NONE', #5074, 1000.000000000000000 ) ;
#497 = CARTESIAN_POINT ( 'NONE',  ( -42.35182725069399368, 2.560425558959898318, 36.17204932837216802 ) ) ;
#498 = LINE ( 'NONE', #2118, #1663 ) ;
#499 = PLANE ( 'NONE',  #745 ) ;
#500 = DIRECTION ( 'NONE',  ( -1.000000000000000000, -0.000000000000000000, -0.000000000000000000 ) ) ;
#501 = CIRCLE ( 'NONE', #1259, 2.249999999999994671 ) ;
#502 = EDGE_LOOP ( 'NONE', ( #318, #3062, #1327, #2603, #705 ) ) ;
#503 = EDGE_CURVE ( 'NONE', #1538, #1903, #2166, .T. ) ;
#504 = FACE_OUTER_BOUND ( 'NONE', #1831, .T. ) ;
#505 = CARTESIAN_POINT ( 'NONE',  ( -20.51698073018641821, 32.49999999976874676, -9.294031781632476452 ) ) ;
#506 = CARTESIAN_POINT ( 'NONE',  ( -52.50182725069383594, 2.560425558703470106, 18.59173363154797443 ) ) ;
#507 = ORIENTED_EDGE ( 'NONE', *, *, #4112, .F. ) ;
#508 = EDGE_LOOP ( 'NONE', ( #3841, #1076, #908, #2739 ) ) ;
#509 = CARTESIAN_POINT ( 'NONE',  ( 54.00530936022524742, 4.907835273957985578, 31.17997989683118121 ) ) ;
#510 = ORIENTED_EDGE ( 'NONE', *, *, #3094, .F. ) ;
#511 =( BOUNDED_CURVE ( )  B_SPLINE_CURVE ( 3, ( #129, #3060, #4275, #4686 ),
 .UNSPECIFIED., .F., .F. ) 
 B_SPLINE_CURVE_WITH_KNOTS ( ( 4, 4 ),
 ( 1.570796326794897224, 3.141592653589793116 ),
 .UNSPECIFIED. ) 
 CURVE ( )  GEOMETRIC_REPRESENTATION_ITEM ( )  RATIONAL_B_SPLINE_CURVE ( ( 1.000000000000000000, 0.8047378541243652705, 0.8047378541243652705, 1.000000000000000000 ) ) 
 REPRESENTATION_ITEM ( '' )  );
#512 = ADVANCED_FACE ( 'NONE', ( #4016 ), #3264, .F. ) ;
#513 = VERTEX_POINT ( 'NONE', #4419 ) ;
#514 = EDGE_CURVE ( 'NONE', #4552, #3566, #4439, .T. ) ;
#515 = VERTEX_POINT ( 'NONE', #1969 ) ;
#516 = LINE ( 'NONE', #4504, #3568 ) ;
#517 = PLANE ( 'NONE',  #640 ) ;
#518 = DIRECTION ( 'NONE',  ( 0.9976853269457000017, -0.06799991468562056884, 0.000000000000000000 ) ) ;
#519 = DIRECTION ( 'NONE',  ( 0.000000000000000000, -1.000000000000000000, 0.000000000000000000 ) ) ;
#520 = CARTESIAN_POINT ( 'NONE',  ( -50.02694750919724243, 9.333567967777417707, 43.89417860996373122 ) ) ;
#521 = VERTEX_POINT ( 'NONE', #1127 ) ;
#522 = ORIENTED_EDGE ( 'NONE', *, *, #2320, .T. ) ;
#523 = DIRECTION ( 'NONE',  ( 0.8216423276369128059, 0.3160250737565467594, -0.4743754190433616680 ) ) ;
#524 = CARTESIAN_POINT ( 'NONE',  ( 0.000000000000000000, 32.50000000000000000, -13.75000000000000000 ) ) ;
#525 = VERTEX_POINT ( 'NONE', #2392 ) ;
#526 = ORIENTED_EDGE ( 'NONE', *, *, #4683, .T. ) ;
#527 = CARTESIAN_POINT ( 'NONE',  ( -13.00000000000000000, 2.560425558831677773, -52.51378295997704981 ) ) ;
#528 = CARTESIAN_POINT ( 'NONE',  ( 35.25512725772897937, 16.39876268343828158, 8.634346748134719363 ) ) ;
#529 = DIRECTION ( 'NONE',  ( 0.000000000000000000, 0.000000000000000000, 1.000000000000000000 ) ) ;
#530 = FACE_OUTER_BOUND ( 'NONE', #2196, .T. ) ;
#531 = ORIENTED_EDGE ( 'NONE', *, *, #2232, .T. ) ;
#532 = DIRECTION ( 'NONE',  ( 0.000000000000000000, 1.000000000000000000, -0.000000000000000000 ) ) ;
#533 = DIRECTION ( 'NONE',  ( -1.000000000000000000, 0.000000000000000000, 0.000000000000000000 ) ) ;
#534 =( LENGTH_UNIT ( ) NAMED_UNIT ( * ) SI_UNIT ( .MILLI., .METRE. ) );
#535 = LINE ( 'NONE', #2151, #2536 ) ;
#536 = EDGE_CURVE ( 'NONE', #817, #5117, #4636, .T. ) ;
#537 = ORIENTED_EDGE ( 'NONE', *, *, #3340, .T. ) ;
#538 = EDGE_LOOP ( 'NONE', ( #901, #1529, #5175, #740, #940, #3820, #3021 ) ) ;
#539 = CARTESIAN_POINT ( 'NONE',  ( 20.93313789670870761, 32.50000000026442848, -6.257258399655926340 ) ) ;
#540 = ORIENTED_EDGE ( 'NONE', *, *, #4946, .F. ) ;
#541 = LINE ( 'NONE', #2934, #2684 ) ;
#542 = DIRECTION ( 'NONE',  ( -0.8660254037844433705, 8.673617379884036705E-17, 0.4999999999999918399 ) ) ;
#543 = CARTESIAN_POINT ( 'NONE',  ( -55.13030936031670137, 4.907835273275797050, 29.23142273826062265 ) ) ;
#544 = EDGE_CURVE ( 'NONE', #331, #831, #2835, .T. ) ;
#545 = EDGE_CURVE ( 'NONE', #513, #182, #4212, .T. ) ;
#546 = CARTESIAN_POINT ( 'NONE',  ( 11.90784930166337752, 32.50000000000000000, 3.125000000000051514 ) ) ;
#547 = PLANE ( 'NONE',  #1939 ) ;
#548 = CARTESIAN_POINT ( 'NONE',  ( 26.54737148389430956, 25.17018433380590636, 28.02883799485890393 ) ) ;
#549 = DIRECTION ( 'NONE',  ( 0.000000000000000000, 1.000000000000000000, 0.000000000000000000 ) ) ;
#550 = VERTEX_POINT ( 'NONE', #1184 ) ;
#551 = EDGE_LOOP ( 'NONE', ( #510, #2046 ) ) ;
#552 = DIRECTION ( 'NONE',  ( 0.8660254037844360431, 1.093955173361550972E-11, 0.5000000000000046629 ) ) ;
#553 = VERTEX_POINT ( 'NONE', #4359 ) ;
#554 = CARTESIAN_POINT ( 'NONE',  ( 3.514215539926394349, 32.50000000004438760, 22.14052215904271037 ) ) ;
#555 = DIRECTION ( 'NONE',  ( -0.8660254037844362651, -1.094003360124773071E-11, -0.5000000000000039968 ) ) ;
#556 = CARTESIAN_POINT ( 'NONE',  ( -58.60274902018858256, 14.96370182358037937, 21.13260699966727429 ) ) ;
#557 = ORIENTED_EDGE ( 'NONE', *, *, #4932, .F. ) ;
#558 = CIRCLE ( 'NONE', #131, 2.250000000000001776 ) ;
#559 = CARTESIAN_POINT ( 'NONE',  ( -11.00000000000000000, 25.17018433347075046, -37.00511710645933761 ) ) ;
#560 = DIRECTION ( 'NONE',  ( 0.5000000000000039968, 0.000000000000000000, 0.8660254037844363761 ) ) ;
#561 = CARTESIAN_POINT ( 'NONE',  ( -21.78912521491286469, 26.62628867363430984, 27.52751035909832567 ) ) ;
#562 = PLANE ( 'NONE',  #2445 ) ;
#563 = VECTOR ( 'NONE', #3724, 999.9999999999998863 ) ;
#564 = VERTEX_POINT ( 'NONE', #2412 ) ;
#565 = CARTESIAN_POINT ( 'NONE',  ( -8.660254038048551095, 32.50000000000000000, 8.749999999660788674 ) ) ;
#566 = DIRECTION ( 'NONE',  ( -1.000000000000000000, 0.000000000000000000, 0.000000000000000000 ) ) ;
#567 = VECTOR ( 'NONE', #2752, 1000.000000000000000 ) ;
#568 = EDGE_CURVE ( 'NONE', #644, #1883, #368, .T. ) ;
#569 = CARTESIAN_POINT ( 'NONE',  ( 19.69872981037222104, 32.12545848967289430, -11.37306695894633890 ) ) ;
#570 = CARTESIAN_POINT ( 'NONE',  ( 16.32363979328424364, 32.50000000000000000, -14.90109785632068373 ) ) ;
#571 = CIRCLE ( 'NONE', #1064, 2.250000000000000888 ) ;
#572 = CARTESIAN_POINT ( 'NONE',  ( 21.78912521450666517, 26.62628867372840347, 27.52751035920620737 ) ) ;
#573 = ORIENTED_EDGE ( 'NONE', *, *, #5243, .T. ) ;
#574 = ORIENTED_EDGE ( 'NONE', *, *, #2326, .F. ) ;
#575 = ADVANCED_FACE ( 'NONE', ( #3594 ), #1991, .T. ) ;
#576 = EDGE_CURVE ( 'NONE', #4536, #712, #4117, .T. ) ;
#577 = VECTOR ( 'NONE', #1210, 1000.000000000000000 ) ;
#578 = AXIS2_PLACEMENT_3D ( 'NONE', #2267, #5136, #1470 ) ;
#579 = CARTESIAN_POINT ( 'NONE',  ( 10.15000000000000391, 2.560425558831678217, -50.26378295997704981 ) ) ;
#580 = AXIS2_PLACEMENT_3D ( 'NONE', #2785, #5173, #4412 ) ;
#581 = EDGE_LOOP ( 'NONE', ( #4961, #980, #422, #3948, #1124 ) ) ;
#582 = CIRCLE ( 'NONE', #327, 2.250000000000001776 ) ;
#583 = ADVANCED_FACE ( 'NONE', ( #4897, #5291 ), #1621, .F. ) ;
#584 = LINE ( 'NONE', #3028, #4646 ) ;
#585 = VECTOR ( 'NONE', #5145, 1000.000000000000114 ) ;
#586 = VECTOR ( 'NONE', #4404, 1000.000000000000000 ) ;
#587 = CYLINDRICAL_SURFACE ( 'NONE', #1934, 4.000000000000000888 ) ;
#588 = CARTESIAN_POINT ( 'NONE',  ( -52.92611468971063715, 4.809761403615993025, 30.55690656319463017 ) ) ;
#589 = ORIENTED_EDGE ( 'NONE', *, *, #1550, .F. ) ;
#590 = PLANE ( 'NONE',  #3824 ) ;
#591 = LINE ( 'NONE', #218, #2338 ) ;
#592 = DIRECTION ( 'NONE',  ( -0.000000000000000000, -0.000000000000000000, -1.000000000000000000 ) ) ;
#593 = FACE_OUTER_BOUND ( 'NONE', #4966, .T. ) ;
#594 = AXIS2_PLACEMENT_3D ( 'NONE', #379, #404, #1981 ) ;
#595 =( NAMED_UNIT ( * ) PLANE_ANGLE_UNIT ( ) SI_UNIT ( $, .RADIAN. ) );
#596 = ORIENTED_EDGE ( 'NONE', *, *, #2490, .F. ) ;
#597 = DIRECTION ( 'NONE',  ( 0.8660254037844434816, -1.927470528863120528E-16, -0.4999999999999916178 ) ) ;
#598 = DIRECTION ( 'NONE',  ( 0.000000000000000000, 0.000000000000000000, 1.000000000000000000 ) ) ;
#599 = CARTESIAN_POINT ( 'NONE',  ( 6.499999999794786376, 32.49999999991788968, -11.25833024955321271 ) ) ;
#600 = EDGE_CURVE ( 'NONE', #2707, #3019, #558, .T. ) ;
#601 = CARTESIAN_POINT ( 'NONE',  ( -40.92682725069401783, 2.560425558995899298, 38.64022172915783671 ) ) ;
#602 = VERTEX_POINT ( 'NONE', #3963 ) ;
#603 = ORIENTED_EDGE ( 'NONE', *, *, #1313, .F. ) ;
#604 = CARTESIAN_POINT ( 'NONE',  ( -7.794228634250962351, 32.49999999990154720, -4.500000000380223852 ) ) ;
#605 = ADVANCED_FACE ( 'NONE', ( #735 ), #320, .T. ) ;
#606 = PRODUCT ( 'Top_brace', 'Top_brace', '', ( #201 ) ) ;
#607 = CARTESIAN_POINT ( 'NONE',  ( -48.35735175652364148, 13.31418985356964235, 39.63934051828088201 ) ) ;
#608 = CARTESIAN_POINT ( 'NONE',  ( 12.12435565260948778, 29.50000000015315749, 3.000000000000052403 ) ) ;
#609 = CARTESIAN_POINT ( 'NONE',  ( -10.99999999999999645, 27.71324838922821954, -29.37048822872269938 ) ) ;
#610 = EDGE_CURVE ( 'NONE', #2401, #4123, #2512, .T. ) ;
#611 = EDGE_CURVE ( 'NONE', #3005, #1862, #1227, .T. ) ;
#612 = VERTEX_POINT ( 'NONE', #528 ) ;
#613 = DIRECTION ( 'NONE',  ( 0.000000000000000000, 1.000000000000000000, 0.000000000000000000 ) ) ;
#614 = CARTESIAN_POINT ( 'NONE',  ( -4.657992758345302242, 32.36237614117503369, 22.75845147626724341 ) ) ;
#615 = DIRECTION ( 'NONE',  ( -1.000000000000000000, 0.000000000000000000, 0.000000000000000000 ) ) ;
#616 = CARTESIAN_POINT ( 'NONE',  ( -58.50735175652348374, 13.31418985331321636, 22.05902482145668131 ) ) ;
#617 = DIRECTION ( 'NONE',  ( 0.000000000000000000, 1.000000000000000000, -0.000000000000000000 ) ) ;
#618 = CARTESIAN_POINT ( 'NONE',  ( 50.02971293361511584, 2.560425559463651357, 13.87356123079105785 ) ) ;
#619 = DIRECTION ( 'NONE',  ( -1.263193535385783157E-11, 1.000000000000000000, 3.508827503883641043E-16 ) ) ;
#620 = ORIENTED_EDGE ( 'NONE', *, *, #5181, .T. ) ;
#621 = CARTESIAN_POINT ( 'NONE',  ( 0.2270233440590747609, 33.92292570766366566, 21.06314575996051985 ) ) ;
#622 = VERTEX_POINT ( 'NONE', #1315 ) ;
#623 = VERTEX_POINT ( 'NONE', #464 ) ;
#624 = DIRECTION ( 'NONE',  ( 1.263193535385783157E-11, -1.000000000000000000, 1.117101765387847829E-16 ) ) ;
#625 = DIRECTION ( 'NONE',  ( 0.8660254037860175558, 0.000000000000000000, -0.4999999999972651876 ) ) ;
#626 = EDGE_CURVE ( 'NONE', #4894, #2930, #1789, .T. ) ;
#627 = CARTESIAN_POINT ( 'NONE',  ( 55.13030936022622797, 4.907835273957985578, 29.23142273831675908 ) ) ;
#628 = DIRECTION ( 'NONE',  ( -1.263193535385783157E-11, 1.000000000000000000, -1.117101765387847829E-16 ) ) ;
#629 = DIRECTION ( 'NONE',  ( 0.5000000000036367576, 0.000000000000000000, 0.8660254037823390538 ) ) ;
#630 = ORIENTED_EDGE ( 'NONE', *, *, #5212, .T. ) ;
#631 = CIRCLE ( 'NONE', #4380, 19.99999999999999645 ) ;
#632 = EDGE_CURVE ( 'NONE', #953, #4536, #4571, .T. ) ;
#633 = CARTESIAN_POINT ( 'NONE',  ( -34.17664779283732912, 24.80206609757104985, 4.720789803901295656 ) ) ;
#634 = EDGE_CURVE ( 'NONE', #1037, #5211, #4691, .T. ) ;
#635 = CYLINDRICAL_SURFACE ( 'NONE', #3025, 0.7500000000000006661 ) ;
#636 = CARTESIAN_POINT ( 'NONE',  ( -22.57108518872068359, 26.69956777403487891, 25.73312803153635997 ) ) ;
#637 = DIRECTION ( 'NONE',  ( 0.000000000000000000, 0.9487508380798242991, -0.3160250737565470924 ) ) ;
#638 = CARTESIAN_POINT ( 'NONE',  ( 10.15000000000000036, -1.952349823205539181, -26.89686044040719892 ) ) ;
#639 = ORIENTED_EDGE ( 'NONE', *, *, #731, .T. ) ;
#640 = AXIS2_PLACEMENT_3D ( 'NONE', #4556, #2937, #4616 ) ;
#641 = DIRECTION ( 'NONE',  ( -0.5000000000000039968, -6.315870933078222391E-12, 0.8660254037844362651 ) ) ;
#642 = CARTESIAN_POINT ( 'NONE',  ( -40.43522899033392548, -7.467592100167257385, 35.06550080697120819 ) ) ;
#643 = LINE ( 'NONE', #1058, #1763 ) ;
#644 = VERTEX_POINT ( 'NONE', #4983 ) ;
#645 = ORIENTED_EDGE ( 'NONE', *, *, #1642, .F. ) ;
#646 = CIRCLE ( 'NONE', #2518, 20.00000000000000355 ) ;
#647 = CARTESIAN_POINT ( 'NONE',  ( -37.13274495858911450, 16.17414404429825225, 6.418918902014509875 ) ) ;
#648 = PRESENTATION_LAYER_ASSIGNMENT (  '', '', ( #3455 ) ) ;
#649 = DIRECTION ( 'NONE',  ( -0.4999999999999920064, -1.263193535385778310E-11, -0.8660254037844433705 ) ) ;
#650 = VERTEX_POINT ( 'NONE', #4172 ) ;
#651 = ORIENTED_EDGE ( 'NONE', *, *, #2475, .F. ) ;
#652 = AXIS2_PLACEMENT_3D ( 'NONE', #3658, #5270, #4472 ) ;
#653 = FACE_OUTER_BOUND ( 'NONE', #3600, .T. ) ;
#654 = CARTESIAN_POINT ( 'NONE',  ( 10.60881119611302559, 19.50000000013401547, 6.125000000000047962 ) ) ;
#655 = AXIS2_PLACEMENT_3D ( 'NONE', #387, #1914, #1152 ) ;
#656 = AXIS2_PLACEMENT_3D ( 'NONE', #4350, #381, #678 ) ;
#657 = ADVANCED_FACE ( 'NONE', ( #2144 ), #75, .F. ) ;
#658 = EDGE_LOOP ( 'NONE', ( #4210, #1216, #2562, #531 ) ) ;
#659 = AXIS2_PLACEMENT_3D ( 'NONE', #679, #3176, #3504 ) ;
#660 = VECTOR ( 'NONE', #1384, 1000.000000000000000 ) ;
#661 = CARTESIAN_POINT ( 'NONE',  ( -19.85356503797718730, 32.02542403150122396, -11.10678211000306703 ) ) ;
#662 = CARTESIAN_POINT ( 'NONE',  ( -25.54737148437112637, 25.17018433363496399, 29.76088880215176502 ) ) ;
#663 = CARTESIAN_POINT ( 'NONE',  ( 38.45471293361501353, 2.560425559317438982, 33.92204932840077447 ) ) ;
#664 = CIRCLE ( 'NONE', #4153, 2.250000000000001776 ) ;
#665 = STYLED_ITEM ( 'NONE', ( #3463 ), #3162 ) ;
#666 = EDGE_CURVE ( 'NONE', #1700, #4878, #1310, .T. ) ;
#667 = PLANE ( 'NONE',  #3869 ) ;
#668 = AXIS2_PLACEMENT_3D ( 'NONE', #3681, #1773, #542 ) ;
#669 = DIRECTION ( 'NONE',  ( 0.8216423276428942435, -0.3160250737461678394, 0.4743754190399160353 ) ) ;
#670 = EDGE_CURVE ( 'NONE', #2780, #2956, #2672, .T. ) ;
#671 = LINE ( 'NONE', #4265, #4304 ) ;
#672 = EDGE_LOOP ( 'NONE', ( #3354, #683, #4951, #2317 ) ) ;
#673 = CARTESIAN_POINT ( 'NONE',  ( 18.28962502260750256, 28.22871145945589788, 23.96743427235821500 ) ) ;
#674 = ORIENTED_EDGE ( 'NONE', *, *, #3138, .F. ) ;
#675 = LINE ( 'NONE', #3924, #1671 ) ;
#676 = CARTESIAN_POINT ( 'NONE',  ( -10.24999999999999822, -6.053994016162003611, -70.51215258861975599 ) ) ;
#677 = DIRECTION ( 'NONE',  ( 0.000000000000000000, 0.9487508380798244101, -0.3160250737565469814 ) ) ;
#678 = DIRECTION ( 'NONE',  ( 0.000000000000000000, 0.000000000000000000, 1.000000000000000000 ) ) ;
#679 = CARTESIAN_POINT ( 'NONE',  ( -63.02694750919702926, 9.333567967448987091, 21.37751811156820381 ) ) ;
#680 = CARTESIAN_POINT ( 'NONE',  ( -33.41015596631122975, 3.690609072368048249, 34.30046953969311829 ) ) ;
#681 = LINE ( 'NONE', #5203, #4657 ) ;
#682 = EDGE_LOOP ( 'NONE', ( #208, #5041, #2488, #4469 ) ) ;
#683 = ORIENTED_EDGE ( 'NONE', *, *, #3951, .T. ) ;
#684 = FACE_OUTER_BOUND ( 'NONE', #103, .T. ) ;
#685 = FACE_OUTER_BOUND ( 'NONE', #3313, .T. ) ;
#686 = CARTESIAN_POINT ( 'NONE',  ( -19.69872981097987008, 31.93317768682137014, -11.37306695929595257 ) ) ;
#687 = LINE ( 'NONE', #2310, #1067 ) ;
#688 = FACE_BOUND ( 'NONE', #46, .T. ) ;
#689 = ADVANCED_FACE ( 'NONE', ( #5017 ), #1350, .T. ) ;
#690 = VERTEX_POINT ( 'NONE', #4109 ) ;
#691 = CARTESIAN_POINT ( 'NONE',  ( 50.02694750901978438, 9.333567968245137791, 43.89417861006654675 ) ) ;
#692 = ORIENTED_EDGE ( 'NONE', *, *, #2522, .F. ) ;
#693 = ORIENTED_EDGE ( 'NONE', *, *, #3100, .T. ) ;
#694 = DIRECTION ( 'NONE',  ( 1.000000000000000000, 0.000000000000000000, 0.000000000000000000 ) ) ;
#695 = ADVANCED_FACE ( 'NONE', ( #4197, #2170 ), #2467, .F. ) ;
#696 = EDGE_CURVE ( 'NONE', #2597, #3261, #4540, .T. ) ;
#697 = LINE ( 'NONE', #2323, #3549 ) ;
#698 = CARTESIAN_POINT ( 'NONE',  ( 17.79831851835179179, 25.00000000000000711, -14.99999999999999645 ) ) ;
#699 = B_SPLINE_CURVE_WITH_KNOTS ( 'NONE', 3,
 ( #2996, #2238, #2938, #2618, #3870, #227, #2192, #204, #117, #3796, #570, #4557, #3394, #1828 ),
 .UNSPECIFIED., .F., .F.,
 ( 4, 2, 2, 2, 2, 2, 4 ),
 ( 0.000000000000000000, 0.001332396190605028303, 0.002664792381210056606, 0.003997188571815085342, 0.004663386667117599277, 0.004996485714768862316, 0.005329584762420125355 ),
 .UNSPECIFIED. ) ;
#700 = VERTEX_POINT ( 'NONE', #1702 ) ;
#701 = CARTESIAN_POINT ( 'NONE',  ( -45.40509457141512684, -7.938346674790763835, 14.49443310895281556 ) ) ;
#702 = CARTESIAN_POINT ( 'NONE',  ( -24.56899659415488912, 15.92795904975461241, 29.19602379605188247 ) ) ;
#703 = ORIENTED_EDGE ( 'NONE', *, *, #2232, .F. ) ;
#704 =( BOUNDED_CURVE ( )  B_SPLINE_CURVE ( 3, ( #119, #1337, #3361, #5006 ),
 .UNSPECIFIED., .F., .F. ) 
 B_SPLINE_CURVE_WITH_KNOTS ( ( 4, 4 ),
 ( 1.570796326794889675, 3.141592653589793116 ),
 .UNSPECIFIED. ) 
 CURVE ( )  GEOMETRIC_REPRESENTATION_ITEM ( )  RATIONAL_B_SPLINE_CURVE ( ( 1.000000000000000000, 0.8047378541243634942, 0.8047378541243634942, 1.000000000000000000 ) ) 
 REPRESENTATION_ITEM ( '' )  );
#705 = ORIENTED_EDGE ( 'NONE', *, *, #3668, .F. ) ;
#706 = ORIENTED_EDGE ( 'NONE', *, *, #1213, .T. ) ;
#707 = CARTESIAN_POINT ( 'NONE',  ( -10.14999999999999325, 13.31418985344142314, -61.69836534002987349 ) ) ;
#708 = DIRECTION ( 'NONE',  ( 0.000000000000000000, -0.000000000000000000, 1.000000000000000000 ) ) ;
#709 = DIRECTION ( 'NONE',  ( 4.006172263299083026E-16, 1.000000000000000000, -2.312964634635762678E-16 ) ) ;
#710 = EDGE_LOOP ( 'NONE', ( #3303, #3500, #2473, #1658 ) ) ;
#711 = AXIS2_PLACEMENT_3D ( 'NONE', #2847, #2741, #4047 ) ;
#712 = VERTEX_POINT ( 'NONE', #4958 ) ;
#713 = ORIENTED_EDGE ( 'NONE', *, *, #2197, .T. ) ;
#714 = DIRECTION ( 'NONE',  ( -1.000000000000000000, 0.000000000000000000, -0.000000000000000000 ) ) ;
#715 = EDGE_CURVE ( 'NONE', #2613, #104, #1290, .T. ) ;
#716 = CARTESIAN_POINT ( 'NONE',  ( 10.24999999999999822, 7.533960478881601475, -89.95149241683994035 ) ) ;
#717 = VECTOR ( 'NONE', #2794, 1000.000000000000114 ) ;
#718 = CARTESIAN_POINT ( 'NONE',  ( 60.15012050409285393, 16.86120350063879059, 19.71658126601946037 ) ) ;
#719 = DIRECTION ( 'NONE',  ( -1.000000000000000000, 0.000000000000000000, -0.000000000000000000 ) ) ;
#720 = CARTESIAN_POINT ( 'NONE',  ( -33.89614317037580804, 12.00000000012822099, 31.29015784828045099 ) ) ;
#721 = AXIS2_PLACEMENT_3D ( 'NONE', #285, #1461, #998 ) ;
#722 = ORIENTED_EDGE ( 'NONE', *, *, #3764, .F. ) ;
#723 = EDGE_CURVE ( 'NONE', #3032, #2389, #498, .T. ) ;
#724 = ORIENTED_EDGE ( 'NONE', *, *, #1517, .F. ) ;
#725 = EDGE_CURVE ( 'NONE', #909, #1096, #3910, .T. ) ;
#726 =( GEOMETRIC_REPRESENTATION_CONTEXT ( 3 ) GLOBAL_UNCERTAINTY_ASSIGNED_CONTEXT ( ( #254 ) ) GLOBAL_UNIT_ASSIGNED_CONTEXT ( ( #197, #2180, #1385 ) ) REPRESENTATION_CONTEXT ( 'NONE', 'WORKASPACE' ) );
#727 = CARTESIAN_POINT ( 'NONE',  ( -23.66851079882922804, 16.39876268315745023, 28.70295514312180174 ) ) ;
#728 = DIRECTION ( 'NONE',  ( 0.4905221900336522167, 0.8241261886220141442, -0.2832031184714285388 ) ) ;
#729 = ORIENTED_EDGE ( 'NONE', *, *, #2841, .F. ) ;
#730 = VECTOR ( 'NONE', #4448, 1000.000000000000000 ) ;
#731 = EDGE_CURVE ( 'NONE', #27, #4542, #1433, .T. ) ;
#732 = ORIENTED_EDGE ( 'NONE', *, *, #2201, .F. ) ;
#733 = ORIENTED_EDGE ( 'NONE', *, *, #1418, .T. ) ;
#734 = CARTESIAN_POINT ( 'NONE',  ( -12.94496066670922474, 26.62628867344147565, -32.63369114186522779 ) ) ;
#735 = FACE_OUTER_BOUND ( 'NONE', #2283, .T. ) ;
#736 = VECTOR ( 'NONE', #4461, 1000.000000000000000 ) ;
#737 = VECTOR ( 'NONE', #1027, 1000.000000000000000 ) ;
#738 = CARTESIAN_POINT ( 'NONE',  ( -19.69872981098107800, 32.12545848917518043, -11.37306695929805223 ) ) ;
#739 = CARTESIAN_POINT ( 'NONE',  ( -3.236309611532419250, 33.75160076848364810, 16.87959122383706045 ) ) ;
#740 = ORIENTED_EDGE ( 'NONE', *, *, #184, .T. ) ;
#741 = AXIS2_PLACEMENT_3D ( 'NONE', #4103, #491, #2859 ) ;
#742 = VECTOR ( 'NONE', #490, 999.9999999999998863 ) ;
#743 = CARTESIAN_POINT ( 'NONE',  ( 20.51846145116376618, 32.50000000025917757, -9.290134366770244512 ) ) ;
#744 = VECTOR ( 'NONE', #4451, 999.9999999999998863 ) ;
#745 = AXIS2_PLACEMENT_3D ( 'NONE', #76, #2867, #2119 ) ;
#746 = ORIENTED_EDGE ( 'NONE', *, *, #993, .T. ) ;
#747 = EDGE_LOOP ( 'NONE', ( #3751, #5215, #4187, #4688 ) ) ;
#748 = CARTESIAN_POINT ( 'NONE',  ( 8.660254037471723620, 32.50000000000000000, 2.750000000000036859 ) ) ;
#749 = AXIS2_PLACEMENT_3D ( 'NONE', #4347, #3905, #2980 ) ;
#750 = DIRECTION ( 'NONE',  ( -5.551115123125781470E-17, 1.117101765379769646E-16, 1.000000000000000000 ) ) ;
#751 = CARTESIAN_POINT ( 'NONE',  ( -2.018471580378519468E-10, 31.93317768731912665, 22.74613391754340697 ) ) ;
#752 = CARTESIAN_POINT ( 'NONE',  ( 0.000000000000000000, 0.000000000000000000, 0.000000000000000000 ) ) ;
#753 = FACE_OUTER_BOUND ( 'NONE', #5042, .T. ) ;
#754 = VECTOR ( 'NONE', #3632, 999.9999999999998863 ) ;
#755 = ORIENTED_EDGE ( 'NONE', *, *, #12, .F. ) ;
#756 = CARTESIAN_POINT ( 'NONE',  ( -56.64118189916799651, 5.045138690799529257, 30.10372540527561114 ) ) ;
#757 = EDGE_CURVE ( 'NONE', #2584, #372, #2304, .T. ) ;
#758 = DIRECTION ( 'NONE',  ( 0.06794757005197310518, 0.9969173337331280749, -0.03922954787482792194 ) ) ;
#759 = ORIENTED_EDGE ( 'NONE', *, *, #4895, .F. ) ;
#760 = VERTEX_POINT ( 'NONE', #4254 ) ;
#761 = VERTEX_POINT ( 'NONE', #3930 ) ;
#762 = DIRECTION ( 'NONE',  ( -0.8660254037844428154, 1.927470528863119049E-16, 0.4999999999999926725 ) ) ;
#763 = EDGE_CURVE ( 'NONE', #955, #1720, #212, .T. ) ;
#764 = EDGE_CURVE ( 'NONE', #2933, #1978, #3059, .T. ) ;
#765 = DIRECTION ( 'NONE',  ( -0.8660254037844384856, 0.000000000000000000, 0.5000000000000003331 ) ) ;
#766 = CARTESIAN_POINT ( 'NONE',  ( 11.00000000000000000, 4.906075848032020126, -93.51215258861977020 ) ) ;
#767 = VERTEX_POINT ( 'NONE', #2631 ) ;
#768 = APPLICATION_CONTEXT ( 'automotive_design' ) ;
#769 = DIRECTION ( 'NONE',  ( 0.5000000000000039968, 6.315870933078223199E-12, -0.8660254037844363761 ) ) ;
#770 = ORIENTED_EDGE ( 'NONE', *, *, #278, .F. ) ;
#771 = CARTESIAN_POINT ( 'NONE',  ( 13.00000000000000000, -1.952349823205539181, -26.89686044040719892 ) ) ;
#772 = ORIENTED_EDGE ( 'NONE', *, *, #2987, .T. ) ;
#773 = DIRECTION ( 'NONE',  ( -0.06794757007086194012, 0.9969173337322696504, -0.03922954786392305465 ) ) ;
#774 = DIRECTION ( 'NONE',  ( 0.000000000000000000, -0.3160250737565468149, -0.9487508380798242991 ) ) ;
#775 = CARTESIAN_POINT ( 'NONE',  ( 30.35487007486661426, 26.33081972509537394, 2.514285410202250493 ) ) ;
#776 = CYLINDRICAL_SURFACE ( 'NONE', #2535, 20.00000000000000000 ) ;
#777 = CARTESIAN_POINT ( 'NONE',  ( 3.247595264191645015, 32.50000000000000000, -11.87500000000000000 ) ) ;
#778 = ORIENTED_EDGE ( 'NONE', *, *, #1813, .F. ) ;
#779 = DIRECTION ( 'NONE',  ( 0.000000000000000000, 1.000000000000000000, 0.000000000000000000 ) ) ;
#780 = DIRECTION ( 'NONE',  ( -0.000000000000000000, -1.000000000000000000, -0.000000000000000000 ) ) ;
#781 = EDGE_CURVE ( 'NONE', #3296, #5237, #584, .T. ) ;
#782 = DIRECTION ( 'NONE',  ( -1.000000000000000000, 0.000000000000000000, 0.000000000000000000 ) ) ;
#783 = CARTESIAN_POINT ( 'NONE',  ( -8.660254038030752000, 29.50000000000000355, 4.999999999677200435 ) ) ;
#784 = DIRECTION ( 'NONE',  ( 0.000000000000000000, -0.3160250737565468149, -0.9487508380798242991 ) ) ;
#785 = ORIENTED_EDGE ( 'NONE', *, *, #4340, .T. ) ;
#786 = EDGE_CURVE ( 'NONE', #840, #4938, #893, .T. ) ;
#787 = ADVANCED_FACE ( 'NONE', ( #1912 ), #3880, .T. ) ;
#788 = ORIENTED_EDGE ( 'NONE', *, *, #1105, .T. ) ;
#789 = EDGE_LOOP ( 'NONE', ( #3182, #4500, #4885, #3235 ) ) ;
#790 = CARTESIAN_POINT ( 'NONE',  ( -10.14999999999999503, 12.00000000000000178, -44.99999999999998579 ) ) ;
#791 = ORIENTED_EDGE ( 'NONE', *, *, #1360, .T. ) ;
#792 = ORIENTED_EDGE ( 'NONE', *, *, #2676, .F. ) ;
#793 = CARTESIAN_POINT ( 'NONE',  ( 19.63346335881238502, 32.50000000024800073, -11.33538535557194393 ) ) ;
#794 = CIRCLE ( 'NONE', #3949, 2.249999999999998224 ) ;
#795 = CARTESIAN_POINT ( 'NONE',  ( 52.88030936022426687, 4.907835273957986466, 33.12853705534561044 ) ) ;
#796 = DIRECTION ( 'NONE',  ( 0.8660254037844432595, 0.000000000000000000, -0.4999999999999920064 ) ) ;
#797 = DIRECTION ( 'NONE',  ( -0.5000000000000039968, -6.315870933078224007E-12, 0.8660254037844363761 ) ) ;
#798 = DIRECTION ( 'NONE',  ( 0.000000000000000000, 1.000000000000000000, 0.000000000000000000 ) ) ;
#799 = EDGE_LOOP ( 'NONE', ( #3324, #1459, #5094, #4383 ) ) ;
#800 = AXIS2_PLACEMENT_3D ( 'NONE', #2017, #4852, #3650 ) ;
#801 = DIRECTION ( 'NONE',  ( 0.8660254037844362651, 1.094318862956966353E-11, 0.5000000000000038858 ) ) ;
#802 = CARTESIAN_POINT ( 'NONE',  ( -36.69174371725057426, 16.39876268282843697, 6.146054049612040160 ) ) ;
#803 = DIRECTION ( 'NONE',  ( 0.8660254037844432595, -1.117101764515430776E-16, -0.4999999999999919509 ) ) ;
#804 = CIRCLE ( 'NONE', #2675, 3.749999999991794564 ) ;
#805 = DIRECTION ( 'NONE',  ( 0.5000000000000041078, 6.315870933078223199E-12, -0.8660254037844363761 ) ) ;
#806 = VERTEX_POINT ( 'NONE', #2671 ) ;
#807 = AXIS2_PLACEMENT_3D ( 'NONE', #1195, #429, #4475 ) ;
#808 = DIRECTION ( 'NONE',  ( -0.4999999999999919509, -1.263193535385778149E-11, -0.8660254037844432595 ) ) ;
#809 = CARTESIAN_POINT ( 'NONE',  ( 58.50735175627090001, 13.31418985418048528, 22.05902482160316325 ) ) ;
#810 = DIRECTION ( 'NONE',  ( 0.000000000000000000, 0.000000000000000000, 1.000000000000000000 ) ) ;
#811 = ADVANCED_FACE ( 'NONE', ( #3002 ), #4622, .T. ) ;
#812 = EDGE_LOOP ( 'NONE', ( #4352, #4997, #3854, #2471 ) ) ;
#813 = ORIENTED_EDGE ( 'NONE', *, *, #1615, .F. ) ;
#814 = CIRCLE ( 'NONE', #3548, 2.250000000000000444 ) ;
#815 = DIRECTION ( 'NONE',  ( 0.000000000000000000, -1.000000000000000000, 0.000000000000000000 ) ) ;
#816 = ADVANCED_FACE ( 'NONE', ( #3082, #4296 ), #967, .F. ) ;
#817 = VERTEX_POINT ( 'NONE', #627 ) ;
#818 = AXIS2_PLACEMENT_3D ( 'NONE', #3956, #4435, #2357 ) ;
#819 = AXIS2_PLACEMENT_3D ( 'NONE', #3894, #1878, #2314 ) ;
#820 = VERTEX_POINT ( 'NONE', #2279 ) ;
#821 = CARTESIAN_POINT ( 'NONE',  ( 15.88551368070552350, 32.50000000000000000, -14.99999999999999467 ) ) ;
#822 = CARTESIAN_POINT ( 'NONE',  ( 50.55327009213007727, 2.560425559470265622, 17.46673363157671233 ) ) ;
#823 = CIRCLE ( 'NONE', #3297, 2.000000000000000000 ) ;
#824 = VECTOR ( 'NONE', #4420, 1000.000000000000000 ) ;
#825 = CARTESIAN_POINT ( 'NONE',  ( 17.35487007486691624, 26.33081972493101475, 25.03094590859784319 ) ) ;
#826 = EDGE_CURVE ( 'NONE', #2129, #2401, #3507, .T. ) ;
#827 = DIRECTION ( 'NONE',  ( -8.673617379884034239E-17, 0.000000000000000000, 1.000000000000000000 ) ) ;
#828 = ADVANCED_FACE ( 'NONE', ( #653 ), #238, .T. ) ;
#829 = FACE_OUTER_BOUND ( 'NONE', #4063, .T. ) ;
#830 = AXIS2_PLACEMENT_3D ( 'NONE', #1441, #3411, #3814 ) ;
#831 = VERTEX_POINT ( 'NONE', #1864 ) ;
#832 = VECTOR ( 'NONE', #4492, 1000.000000000000000 ) ;
#833 = CARTESIAN_POINT ( 'NONE',  ( 20.62587207704307346, 32.60319383034177321, -6.344662596616609029 ) ) ;
#834 = CIRCLE ( 'NONE', #4676, 19.99999999999999645 ) ;
#835 = CARTESIAN_POINT ( 'NONE',  ( -58.60274902018858967, 14.96370182358038115, 21.13260699966728140 ) ) ;
#836 = EDGE_LOOP ( 'NONE', ( #4644, #5058, #1593, #348 ) ) ;
#837 = CARTESIAN_POINT ( 'NONE',  ( 5.714006202755520292, -11.53199209433275385, 11.71212397978637476 ) ) ;
#838 = CARTESIAN_POINT ( 'NONE',  ( 3.081346055566790643, 32.50000000003895195, 22.24352917140907593 ) ) ;
#839 = CARTESIAN_POINT ( 'NONE',  ( -54.39118189917190449, 5.045138690799529257, 34.00083972230783758 ) ) ;
#840 = VERTEX_POINT ( 'NONE', #3488 ) ;
#841 =( BOUNDED_CURVE ( )  B_SPLINE_CURVE ( 3, ( #4319, #3899, #258, #1395 ),
 .UNSPECIFIED., .F., .F. ) 
 B_SPLINE_CURVE_WITH_KNOTS ( ( 4, 4 ),
 ( 4.742874857687382928, 5.154071738155696636 ),
 .UNSPECIFIED. ) 
 CURVE ( )  GEOMETRIC_REPRESENTATION_ITEM ( )  RATIONAL_B_SPLINE_CURVE ( ( 1.000000000000000000, 0.9859593242880246855, 0.9859593242880246855, 1.000000000000000000 ) ) 
 REPRESENTATION_ITEM ( '' )  );
#842 = CARTESIAN_POINT ( 'NONE',  ( 8.660254037471702304, 29.50000000000000355, 8.750000000000039080 ) ) ;
#843 = ORIENTED_EDGE ( 'NONE', *, *, #696, .F. ) ;
#844 = VERTEX_POINT ( 'NONE', #4685 ) ;
#845 = LINE ( 'NONE', #2154, #4719 ) ;
#846 = ORIENTED_EDGE ( 'NONE', *, *, #4506, .F. ) ;
#847 = VERTEX_POINT ( 'NONE', #2248 ) ;
#848 = CARTESIAN_POINT ( 'NONE',  ( 0.000000000000000000, 24.99999999999999645, -10.00000000000000000 ) ) ;
#849 = EDGE_CURVE ( 'NONE', #4024, #521, #1026, .T. ) ;
#850 = CARTESIAN_POINT ( 'NONE',  ( -48.07546422344152859, -6.643771594988878704, 42.76748920984668700 ) ) ;
#851 = CARTESIAN_POINT ( 'NONE',  ( 10.15000000000000568, -7.938346674662555280, -46.56918191455690703 ) ) ;
#852 = CARTESIAN_POINT ( 'NONE',  ( 13.00000000000000000, -7.467592100295481927, -52.55068591695568614 ) ) ;
#853 = EDGE_LOOP ( 'NONE', ( #4583, #1211, #879, #1723 ) ) ;
#854 = ORIENTED_EDGE ( 'NONE', *, *, #4192, .T. ) ;
#855 = LINE ( 'NONE', #1697, #1407 ) ;
#856 = EDGE_CURVE ( 'NONE', #4768, #3923, #2702, .T. ) ;
#857 = EDGE_CURVE ( 'NONE', #2084, #425, #4814, .T. ) ;
#858 = CARTESIAN_POINT ( 'NONE',  ( 58.60274901990477758, 14.96370182445959252, 21.13260699983178981 ) ) ;
#859 = ORIENTED_EDGE ( 'NONE', *, *, #5049, .F. ) ;
#860 = PLANE ( 'NONE',  #332 ) ;
#861 = DIRECTION ( 'NONE',  ( -1.000000000000000000, 0.000000000000000000, 0.000000000000000000 ) ) ;
#862 = DIRECTION ( 'NONE',  ( -6.316271550304453549E-12, 1.000000000000000000, -1.093986406695535807E-11 ) ) ;
#863 = DIRECTION ( 'NONE',  ( 0.000000000000000000, 0.000000000000000000, 1.000000000000000000 ) ) ;
#864 = ORIENTED_EDGE ( 'NONE', *, *, #3741, .T. ) ;
#865 = ORIENTED_EDGE ( 'NONE', *, *, #4743, .T. ) ;
#866 = CARTESIAN_POINT ( 'NONE',  ( 10.24999999999999822, -4.499635306375768806, -89.51215258861975599 ) ) ;
#867 = DIRECTION ( 'NONE',  ( -0.000000000000000000, 1.000000000000000000, -0.000000000000000000 ) ) ;
#868 = VERTEX_POINT ( 'NONE', #802 ) ;
#869 = VERTEX_POINT ( 'NONE', #756 ) ;
#870 = ORIENTED_EDGE ( 'NONE', *, *, #2833, .F. ) ;
#871 = PLANE ( 'NONE',  #460 ) ;
#872 =( BOUNDED_CURVE ( )  B_SPLINE_CURVE ( 3, ( #5081, #249, #2215, #2235 ),
 .UNSPECIFIED., .F., .F. ) 
 B_SPLINE_CURVE_WITH_KNOTS ( ( 4, 4 ),
 ( 1.133849269965828466, 1.570796326794896336 ),
 .UNSPECIFIED. ) 
 CURVE ( )  GEOMETRIC_REPRESENTATION_ITEM ( )  RATIONAL_B_SPLINE_CURVE ( ( 1.000000000000000000, 0.9841529556955403990, 0.9841529556955403990, 1.000000000000000000 ) ) 
 REPRESENTATION_ITEM ( '' )  );
#873 = ORIENTED_EDGE ( 'NONE', *, *, #3053, .T. ) ;
#874 = CARTESIAN_POINT ( 'NONE',  ( -10.24999999999999822, -6.053994016162003611, -70.51215258861975599 ) ) ;
#875 = CARTESIAN_POINT ( 'NONE',  ( 10.24999999999999822, 6.347918951175413937, -93.51215258861977020 ) ) ;
#876 = EDGE_CURVE ( 'NONE', #4355, #2247, #4842, .T. ) ;
#877 = CYLINDRICAL_SURFACE ( 'NONE', #4233, 50.00000000000000711 ) ;
#878 = DIRECTION ( 'NONE',  ( 0.8660254037844434816, -8.673617379884035472E-17, -0.4999999999999917288 ) ) ;
#879 = ORIENTED_EDGE ( 'NONE', *, *, #5114, .T. ) ;
#880 = EDGE_LOOP ( 'NONE', ( #1100, #3125, #3654 ) ) ;
#881 = DIRECTION ( 'NONE',  ( 1.000000000000000000, -0.000000000000000000, -0.000000000000000000 ) ) ;
#882 = DIRECTION ( 'NONE',  ( 0.000000000000000000, 0.000000000000000000, -1.000000000000000000 ) ) ;
#883 = DIRECTION ( 'NONE',  ( 0.06794757007086250911, -0.9969173337322697614, 0.03922954786392338772 ) ) ;
#884 = ADVANCED_FACE ( 'NONE', ( #1986 ), #3126, .T. ) ;
#885 = ORIENTED_EDGE ( 'NONE', *, *, #2039, .T. ) ;
#886 = AXIS2_PLACEMENT_3D ( 'NONE', #4790, #345, #762 ) ;
#887 = DIRECTION ( 'NONE',  ( -0.8633557364864382633, 0.07845909572784535990, 0.4984586668656976194 ) ) ;
#888 = DIRECTION ( 'NONE',  ( 0.000000000000000000, 0.000000000000000000, 1.000000000000000000 ) ) ;
#889 = DIRECTION ( 'NONE',  ( 1.000000000000000000, 0.000000000000000000, 0.000000000000000000 ) ) ;
#890 = CARTESIAN_POINT ( 'NONE',  ( -9.499999999999994671, -4.499635306375768806, -90.26215258861975599 ) ) ;
#891 = EDGE_CURVE ( 'NONE', #5118, #4442, #1492, .T. ) ;
#892 = EDGE_CURVE ( 'NONE', #5192, #2099, #4011, .T. ) ;
#893 = CIRCLE ( 'NONE', #721, 1.999999999999996003 ) ;
#894 = ORIENTED_EDGE ( 'NONE', *, *, #3076, .T. ) ;
#895 = CARTESIAN_POINT ( 'NONE',  ( -59.28947042619697783, 4.888220499204885883, 21.52908578843145193 ) ) ;
#896 = DIRECTION ( 'NONE',  ( 0.5000000000000078826, -6.316064420779561521E-12, -0.8660254037844341557 ) ) ;
#897 = ORIENTED_EDGE ( 'NONE', *, *, #283, .T. ) ;
#898 = ORIENTED_EDGE ( 'NONE', *, *, #4505, .F. ) ;
#899 = LINE ( 'NONE', #2533, #2416 ) ;
#900 = AXIS2_PLACEMENT_3D ( 'NONE', #848, #2476, #4096 ) ;
#901 = ORIENTED_EDGE ( 'NONE', *, *, #2614, .F. ) ;
#902 = DIRECTION ( 'NONE',  ( -3.159798811491760989E-12, 1.000000000000000000, 5.472932083199482926E-12 ) ) ;
#903 = LINE ( 'NONE', #2642, #1145 ) ;
#904 = AXIS2_PLACEMENT_3D ( 'NONE', #2983, #2601, #5071 ) ;
#905 = AXIS2_PLACEMENT_3D ( 'NONE', #3837, #4198, #213 ) ;
#906 = CARTESIAN_POINT ( 'NONE',  ( -16.10964988188168689, 32.50000000000000000, -14.97532412200669150 ) ) ;
#907 = DIRECTION ( 'NONE',  ( 0.8633557364849446802, 0.07845909573875178844, 0.4984586668665679232 ) ) ;
#908 = ORIENTED_EDGE ( 'NONE', *, *, #5232, .T. ) ;
#909 = VERTEX_POINT ( 'NONE', #338 ) ;
#910 = VECTOR ( 'NONE', #3682, 1000.000000000000000 ) ;
#911 = CIRCLE ( 'NONE', #2963, 2.250000000000000000 ) ;
#912 = EDGE_CURVE ( 'NONE', #3536, #1415, #1947, .T. ) ;
#913 = CARTESIAN_POINT ( 'NONE',  ( 49.07546422356684701, -6.643771594533180114, 41.03543840220581274 ) ) ;
#914 = AXIS2_PLACEMENT_3D ( 'NONE', #5115, #1449, #5160 ) ;
#915 = AXIS2_PLACEMENT_3D ( 'NONE', #2273, #4325, #677 ) ;
#916 = EDGE_LOOP ( 'NONE', ( #3686, #1833, #1624, #373 ) ) ;
#917 = AXIS2_PLACEMENT_3D ( 'NONE', #441, #4539, #2063 ) ;
#918 = EDGE_CURVE ( 'NONE', #3923, #360, #305, .T. ) ;
#919 = DIRECTION ( 'NONE',  ( 0.000000000000000000, 0.000000000000000000, -1.000000000000000000 ) ) ;
#920 = CARTESIAN_POINT ( 'NONE',  ( 2.209622738414367404, 32.50000000002791012, 22.41524241175794785 ) ) ;
#921 = CARTESIAN_POINT ( 'NONE',  ( 50.80217569653673593, -6.486853403055677703, 42.03235573593894969 ) ) ;
#922 = CARTESIAN_POINT ( 'NONE',  ( -58.60274902018858967, 14.96370182358037226, 21.13260699966728140 ) ) ;
#923 = DIRECTION ( 'NONE',  ( 1.000000000000000000, -0.000000000000000000, 3.916874683651723156E-11 ) ) ;
#924 = ORIENTED_EDGE ( 'NONE', *, *, #138, .F. ) ;
#925 = ORIENTED_EDGE ( 'NONE', *, *, #3473, .T. ) ;
#926 = EDGE_CURVE ( 'NONE', #5118, #4417, #1151, .T. ) ;
#927 = FACE_OUTER_BOUND ( 'NONE', #2502, .T. ) ;
#928 = ADVANCED_FACE ( 'NONE', ( #3212 ), #4867, .T. ) ;
#929 = CARTESIAN_POINT ( 'NONE',  ( 11.90784930166337752, 29.50000000000000355, 3.125000000000051514 ) ) ;
#930 =( NAMED_UNIT ( * ) SI_UNIT ( $, .STERADIAN. ) SOLID_ANGLE_UNIT ( ) );
#931 = DIRECTION ( 'NONE',  ( 0.000000000000000000, 1.000000000000000000, 0.000000000000000000 ) ) ;
#932 = VERTEX_POINT ( 'NONE', #1935 ) ;
#933 = ORIENTED_EDGE ( 'NONE', *, *, #2658, .T. ) ;
#934 = EDGE_LOOP ( 'NONE', ( #2422, #2552, #791, #4257 ) ) ;
#935 = DIRECTION ( 'NONE',  ( -0.000000000000000000, -0.000000000000000000, -1.000000000000000000 ) ) ;
#936 = DIRECTION ( 'NONE',  ( 0.8633557364849447913, 0.07845909573875116394, 0.4984586668665679787 ) ) ;
#937 = ORIENTED_EDGE ( 'NONE', *, *, #3368, .T. ) ;
#938 = VERTEX_POINT ( 'NONE', #5200 ) ;
#939 = CARTESIAN_POINT ( 'NONE',  ( 7.794228633687303898, 29.50000000009845635, -4.500000000000008882 ) ) ;
#940 = ORIENTED_EDGE ( 'NONE', *, *, #2588, .T. ) ;
#941 = DIRECTION ( 'NONE',  ( 0.000000000000000000, 0.000000000000000000, 1.000000000000000000 ) ) ;
#942 = FACE_OUTER_BOUND ( 'NONE', #3227, .T. ) ;
#943 = FACE_OUTER_BOUND ( 'NONE', #3075, .T. ) ;
#944 = ADVANCED_FACE ( 'NONE', ( #3642 ), #4106, .T. ) ;
#945 = ORIENTED_EDGE ( 'NONE', *, *, #4219, .F. ) ;
#946 = ORIENTED_EDGE ( 'NONE', *, *, #1837, .F. ) ;
#947 = CARTESIAN_POINT ( 'NONE',  ( -29.90121945508278500, 28.22871145907087964, 3.855562759088427605 ) ) ;
#948 = CARTESIAN_POINT ( 'NONE',  ( -3.469446951953614189E-15, 1.052032095989828608, -89.51215258861975599 ) ) ;
#949 = CARTESIAN_POINT ( 'NONE',  ( 44.98515596624092439, 3.690609072772080168, 14.25198144212426321 ) ) ;
#950 = CARTESIAN_POINT ( 'NONE',  ( 24.11264763048138349, 29.28475329875090694, -3.727937034145714534 ) ) ;
#951 = EDGE_CURVE ( 'NONE', #4632, #1326, #4808, .T. ) ;
#952 = EDGE_CURVE ( 'NONE', #1799, #1057, #3365, .T. ) ;
#953 = VERTEX_POINT ( 'NONE', #1715 ) ;
#954 = CARTESIAN_POINT ( 'NONE',  ( 62.99999999968422770, 25.00000000079582563, -36.37306695894623232 ) ) ;
#955 = VERTEX_POINT ( 'NONE', #3745 ) ;
#956 = CYLINDRICAL_SURFACE ( 'NONE', #3451, 2.250000000000000000 ) ;
#957 = CARTESIAN_POINT ( 'NONE',  ( -16.32302135201063464, 32.49999999999999289, -14.90140235171499583 ) ) ;
#958 = FACE_OUTER_BOUND ( 'NONE', #4046, .T. ) ;
#959 = ADVANCED_FACE ( 'NONE', ( #1739 ), #2188, .F. ) ;
#960 = CARTESIAN_POINT ( 'NONE',  ( 56.64118189907489409, 5.045138691500802075, 30.10372540533326102 ) ) ;
#961 = DIRECTION ( 'NONE',  ( -0.8633557364864382633, 0.07845909572784535990, 0.4984586668656976194 ) ) ;
#962 = ORIENTED_EDGE ( 'NONE', *, *, #536, .F. ) ;
#963 = EDGE_LOOP ( 'NONE', ( #4812, #307, #1951, #5170, #5014 ) ) ;
#964 = DIRECTION ( 'NONE',  ( -0.5000000000000039968, -6.315870933078223199E-12, 0.8660254037844363761 ) ) ;
#965 = ORIENTED_EDGE ( 'NONE', *, *, #4339, .F. ) ;
#966 = ORIENTED_EDGE ( 'NONE', *, *, #2987, .F. ) ;
#967 = PLANE ( 'NONE',  #1843 ) ;
#968 = AXIS2_PLACEMENT_3D ( 'NONE', #4263, #2683, #3040 ) ;
#969 = FACE_OUTER_BOUND ( 'NONE', #2609, .T. ) ;
#970 = CARTESIAN_POINT ( 'NONE',  ( -13.00000000031580427, 24.99999999983578647, 9.540979117872439019E-15 ) ) ;
#971 = EDGE_LOOP ( 'NONE', ( #1810, #33, #206, #4883, #1551, #2806 ) ) ;
#972 = AXIS2_PLACEMENT_3D ( 'NONE', #3670, #2813, #1542 ) ;
#973 = CARTESIAN_POINT ( 'NONE',  ( -1.584149478262020239E-10, 25.00000000079583273, 72.74613391761926096 ) ) ;
#974 = DIRECTION ( 'NONE',  ( 0.000000000000000000, 1.000000000000000000, 0.000000000000000000 ) ) ;
#975 = FACE_OUTER_BOUND ( 'NONE', #81, .T. ) ;
#976 = DIRECTION ( 'NONE',  ( 0.8660254037863289733, -0.000000000000000000, 0.4999999999967258968 ) ) ;
#977 = AXIS2_PLACEMENT_3D ( 'NONE', #4328, #4454, #361 ) ;
#978 = VERTEX_POINT ( 'NONE', #2615 ) ;
#979 = CARTESIAN_POINT ( 'NONE',  ( 23.66851079851810624, 16.39876268329192399, 28.70295514330155129 ) ) ;
#980 = ORIENTED_EDGE ( 'NONE', *, *, #4802, .F. ) ;
#981 = EDGE_LOOP ( 'NONE', ( #2443, #4912 ) ) ;
#982 = VECTOR ( 'NONE', #350, 1000.000000000000000 ) ;
#983 = ADVANCED_FACE ( 'NONE', ( #3795 ), #517, .T. ) ;
#984 = FACE_OUTER_BOUND ( 'NONE', #5279, .T. ) ;
#985 = CARTESIAN_POINT ( 'NONE',  ( 6.711696879083061340, 19.50000000008478196, 3.875000000000028866 ) ) ;
#986 = AXIS2_PLACEMENT_3D ( 'NONE', #1198, #798, #230 ) ;
#987 = DIRECTION ( 'NONE',  ( -0.4999999999999919509, -1.263193535385778149E-11, -0.8660254037844432595 ) ) ;
#988 = ORIENTED_EDGE ( 'NONE', *, *, #3590, .T. ) ;
#989 = CARTESIAN_POINT ( 'NONE',  ( 46.12396270988387670, 2.421922163751307977, 11.61857528773135506 ) ) ;
#990 = ORIENTED_EDGE ( 'NONE', *, *, #4294, .F. ) ;
#991 = EDGE_LOOP ( 'NONE', ( #63, #1338, #4700, #1962, #3367, #3875 ) ) ;
#992 = VECTOR ( 'NONE', #2065, 1000.000000000000000 ) ;
#993 = EDGE_CURVE ( 'NONE', #3328, #51, #2108, .T. ) ;
#994 = ADVANCED_FACE ( 'NONE', ( #984 ), #956, .F. ) ;
#995 = LINE ( 'NONE', #524, #4567 ) ;
#996 = VERTEX_POINT ( 'NONE', #178 ) ;
#997 = VECTOR ( 'NONE', #523, 1000.000000000000227 ) ;
#998 = DIRECTION ( 'NONE',  ( 0.5000000000036374237, 0.000000000000000000, 0.8660254037823386097 ) ) ;
#999 = VECTOR ( 'NONE', #3946, 1000.000000000000000 ) ;
#1000 = CARTESIAN_POINT ( 'NONE',  ( 8.660254037471723620, 29.50000000010939871, 5.000000000000037303 ) ) ;
#1001 = CARTESIAN_POINT ( 'NONE',  ( 37.17766320374871469, -1.994556770413878244, 33.18474432306069133 ) ) ;
#1002 = ORIENTED_EDGE ( 'NONE', *, *, #4526, .F. ) ;
#1003 = VECTOR ( 'NONE', #4727, 1000.000000000000000 ) ;
#1004 = CARTESIAN_POINT ( 'NONE',  ( -13.00000000000000000, 2.769193323034216281, -77.76215258861977020 ) ) ;
#1005 = LINE ( 'NONE', #3135, #5082 ) ;
#1006 = FACE_OUTER_BOUND ( 'NONE', #682, .T. ) ;
#1007 = DIRECTION ( 'NONE',  ( 0.000000000000000000, 0.000000000000000000, -1.000000000000000000 ) ) ;
#1008 = CARTESIAN_POINT ( 'NONE',  ( 0.000000000000000000, 19.50000000000000355, -7.750000000000000000 ) ) ;
#1009 = VECTOR ( 'NONE', #4945, 1000.000000000000000 ) ;
#1010 = DIRECTION ( 'NONE',  ( -0.8660254037844362651, -1.093963277049189342E-11, -0.5000000000000041078 ) ) ;
#1011 = LINE ( 'NONE', #3867, #1134 ) ;
#1012 = EDGE_LOOP ( 'NONE', ( #2621, #1423, #3852, #2, #215, #4793, #1113, #755, #2575, #2709, #1199 ) ) ;
#1013 = CARTESIAN_POINT ( 'NONE',  ( -13.00000000000000000, 32.50000000000000000, -14.99999999999999467 ) ) ;
#1014 = CARTESIAN_POINT ( 'NONE',  ( 10.24999999999999822, 14.00912609288550215, -70.51215258861975599 ) ) ;
#1015 = CARTESIAN_POINT ( 'NONE',  ( 2.249999999999996447, 1.052032095989828830, -93.51215258861977020 ) ) ;
#1016 = VERTEX_POINT ( 'NONE', #2159 ) ;
#1017 = LINE ( 'NONE', #3520, #4564 ) ;
#1018 = EDGE_LOOP ( 'NONE', ( #5176, #5063, #3972, #2839, #1695 ) ) ;
#1019 = ORIENTED_EDGE ( 'NONE', *, *, #2833, .T. ) ;
#1020 = EDGE_CURVE ( 'NONE', #2694, #4703, #903, .T. ) ;
#1021 = CARTESIAN_POINT ( 'NONE',  ( 0.000000000000000000, 29.50000000000000355, -10.00000000000000000 ) ) ;
#1022 = DIRECTION ( 'NONE',  ( 0.4999999999999919509, 1.263193535385778149E-11, 0.8660254037844432595 ) ) ;
#1023 = ORIENTED_EDGE ( 'NONE', *, *, #1351, .T. ) ;
#1024 = EDGE_CURVE ( 'NONE', #5117, #3427, #144, .T. ) ;
#1025 = EDGE_CURVE ( 'NONE', #2112, #4516, #4125, .T. ) ;
#1026 = LINE ( 'NONE', #1070, #3538 ) ;
#1027 = DIRECTION ( 'NONE',  ( 5.178279032766605754E-17, -0.8241261886220141442, -0.5664062369248349382 ) ) ;
#1028 = CARTESIAN_POINT ( 'NONE',  ( -8.660254038030752000, 32.50000000000000000, 4.999999999677200435 ) ) ;
#1029 = ORIENTED_EDGE ( 'NONE', *, *, #2624, .T. ) ;
#1030 = CARTESIAN_POINT ( 'NONE',  ( -24.80529407418259069, 30.97451631428092966, -3.804604984372006893 ) ) ;
#1031 = LINE ( 'NONE', #5053, #67 ) ;
#1032 = PLANE ( 'NONE',  #321 ) ;
#1033 = CYLINDRICAL_SURFACE ( 'NONE', #968, 50.00000000000002132 ) ;
#1034 = CARTESIAN_POINT ( 'NONE',  ( 19.67704764287897845, 32.31441051630204697, -11.36054875347338999 ) ) ;
#1035 = CARTESIAN_POINT ( 'NONE',  ( -48.35735175652364148, 13.31418985356964235, 39.63934051828088201 ) ) ;
#1036 = DIRECTION ( 'NONE',  ( -0.7946264809012031360, -0.3976074376343006200, 0.4587778126593042294 ) ) ;
#1037 = VERTEX_POINT ( 'NONE', #116 ) ;
#1038 = CARTESIAN_POINT ( 'NONE',  ( -10.60881119653153881, 29.50000000000000355, 6.124999999701794984 ) ) ;
#1039 = EDGE_CURVE ( 'NONE', #2634, #401, #804, .T. ) ;
#1040 = DIRECTION ( 'NONE',  ( -0.8660254037844428154, 1.927470528863119049E-16, 0.4999999999999926725 ) ) ;
#1041 = ORIENTED_EDGE ( 'NONE', *, *, #918, .F. ) ;
#1042 = DIRECTION ( 'NONE',  ( 0.4999999999999919509, 1.263193535385778149E-11, 0.8660254037844432595 ) ) ;
#1043 = EDGE_CURVE ( 'NONE', #360, #4120, #2134, .T. ) ;
#1044 = DIRECTION ( 'NONE',  ( 1.000000000000000000, -8.125661806746624109E-18, 1.032463225334366069E-16 ) ) ;
#1045 = ORIENTED_EDGE ( 'NONE', *, *, #405, .F. ) ;
#1046 = ORIENTED_EDGE ( 'NONE', *, *, #151, .F. ) ;
#1047 = DIRECTION ( 'NONE',  ( 0.4999999999991312505, 0.000000000000000000, 0.8660254037849401954 ) ) ;
#1048 = DIRECTION ( 'NONE',  ( 0.8660254037844433705, -1.084202172485504434E-16, -0.4999999999999918954 ) ) ;
#1049 = DIRECTION ( 'NONE',  ( 0.8216423276428942435, -0.3160250737461678949, 0.4743754190399160908 ) ) ;
#1050 = EDGE_CURVE ( 'NONE', #978, #52, #4162, .T. ) ;
#1051 = CIRCLE ( 'NONE', #2844, 2.250000000000000000 ) ;
#1052 = FACE_OUTER_BOUND ( 'NONE', #747, .T. ) ;
#1053 = VECTOR ( 'NONE', #1408, 999.9999999999998863 ) ;
#1054 = DIRECTION ( 'NONE',  ( -0.8633557364864382633, 0.07845909572784608155, 0.4984586668656975084 ) ) ;
#1055 = CARTESIAN_POINT ( 'NONE',  ( -9.939339828220173700, 14.25894806489778510, -69.76215258861975599 ) ) ;
#1056 = CARTESIAN_POINT ( 'NONE',  ( -19.69872981097987008, 31.93317768682137014, -11.37306695929595257 ) ) ;
#1057 = VERTEX_POINT ( 'NONE', #543 ) ;
#1058 = CARTESIAN_POINT ( 'NONE',  ( -1.863181925258046194E-10, 29.50000000000000355, -3.227191667295108947E-10 ) ) ;
#1059 = ORIENTED_EDGE ( 'NONE', *, *, #3856, .T. ) ;
#1060 = ORIENTED_EDGE ( 'NONE', *, *, #2670, .T. ) ;
#1061 = CIRCLE ( 'NONE', #4043, 4.000000000000000000 ) ;
#1062 = LINE ( 'NONE', #2298, #3203 ) ;
#1063 = FACE_BOUND ( 'NONE', #200, .T. ) ;
#1064 = AXIS2_PLACEMENT_3D ( 'NONE', #2319, #3973, #4321 ) ;
#1065 = CARTESIAN_POINT ( 'NONE',  ( -44.69896270992995113, 2.421922163040463705, 14.08674768848987569 ) ) ;
#1066 = ORIENTED_EDGE ( 'NONE', *, *, #1413, .F. ) ;
#1067 = VECTOR ( 'NONE', #3573, 1000.000000000000000 ) ;
#1068 = AXIS2_PLACEMENT_3D ( 'NONE', #4477, #3683, #2509 ) ;
#1069 = EDGE_CURVE ( 'NONE', #5140, #553, #5001, .T. ) ;
#1070 = CARTESIAN_POINT ( 'NONE',  ( -7.794228634250962351, 32.50001199990154532, -4.500000000380224741 ) ) ;
#1071 = CARTESIAN_POINT ( 'NONE',  ( 46.41015596624093575, 3.690609072790079104, 11.78380904133861584 ) ) ;
#1072 = AXIS2_PLACEMENT_3D ( 'NONE', #3435, #2637, #219 ) ;
#1073 =( BOUNDED_CURVE ( )  B_SPLINE_CURVE ( 3, ( #4449, #825, #4371, #5218 ),
 .UNSPECIFIED., .F., .T. ) 
 B_SPLINE_CURVE_WITH_KNOTS ( ( 4, 4 ),
 ( 4.712388980384689674, 5.235987755982993264 ),
 .UNSPECIFIED. ) 
 CURVE ( )  GEOMETRIC_REPRESENTATION_ITEM ( )  RATIONAL_B_SPLINE_CURVE ( ( 1.000000000000000000, 0.9772838841927118381, 0.9772838841927118381, 1.000000000000000000 ) ) 
 REPRESENTATION_ITEM ( '' )  );
#1074 = ORIENTED_EDGE ( 'NONE', *, *, #3234, .F. ) ;
#1075 = EDGE_LOOP ( 'NONE', ( #3196, #3810 ) ) ;
#1076 = ORIENTED_EDGE ( 'NONE', *, *, #4902, .F. ) ;
#1077 = EDGE_CURVE ( 'NONE', #1604, #2961, #4939, .T. ) ;
#1078 = CIRCLE ( 'NONE', #5272, 2.250000000000000000 ) ;
#1079 = CARTESIAN_POINT ( 'NONE',  ( -11.00000000005036682, 26.69956777389955249, -32.41369718017198664 ) ) ;
#1080 = DIRECTION ( 'NONE',  ( 0.4999999999981823429, 0.000000000000000000, -0.8660254037854882014 ) ) ;
#1081 = CIRCLE ( 'NONE', #3647, 50.00000000000000000 ) ;
#1082 = VECTOR ( 'NONE', #1438, 1000.000000000000000 ) ;
#1083 = FACE_OUTER_BOUND ( 'NONE', #5008, .T. ) ;
#1084 = EDGE_CURVE ( 'NONE', #241, #1622, #202, .T. ) ;
#1085 = ADVANCED_FACE ( 'NONE', ( #1825 ), #1392, .T. ) ;
#1086 = DIRECTION ( 'NONE',  ( -0.8660254037844399289, -1.093975235677886533E-11, 0.4999999999999977240 ) ) ;
#1087 = CARTESIAN_POINT ( 'NONE',  ( 20.99052043099590392, 32.50000000026516744, -6.356647864508407686 ) ) ;
#1088 = ORIENTED_EDGE ( 'NONE', *, *, #2066, .F. ) ;
#1089 = UNCERTAINTY_MEASURE_WITH_UNIT (LENGTH_MEASURE( 1.000000000000000082E-05 ), #3866, 'distance_accuracy_value', 'NONE');
#1090 = DIRECTION ( 'NONE',  ( -6.316995537769478411E-12, 1.000000000000000000, -1.094135722260273744E-11 ) ) ;
#1091 = ORIENTED_EDGE ( 'NONE', *, *, #3695, .F. ) ;
#1092 = ORIENTED_EDGE ( 'NONE', *, *, #2054, .T. ) ;
#1093 = CARTESIAN_POINT ( 'NONE',  ( -36.69174371725057426, 16.39876268282843697, 6.146054049612040160 ) ) ;
#1094 = CARTESIAN_POINT ( 'NONE',  ( -13.00000000000000000, -1.994556770883507024, -48.78917294929691195 ) ) ;
#1095 = CARTESIAN_POINT ( 'NONE',  ( -8.660254038030752000, 29.50000000000000355, 4.999999999677200435 ) ) ;
#1096 = VERTEX_POINT ( 'NONE', #3016 ) ;
#1097 = CARTESIAN_POINT ( 'NONE',  ( 58.60274901990477758, 14.96370182445958719, 21.13260699983178625 ) ) ;
#1098 = CARTESIAN_POINT ( 'NONE',  ( -10.14999999999999325, 9.333567967613195293, -65.27169672173720016 ) ) ;
#1099 = CARTESIAN_POINT ( 'NONE',  ( -59.28947042619697783, 4.888220499204885883, 21.52908578843145193 ) ) ;
#1100 = ORIENTED_EDGE ( 'NONE', *, *, #3805, .T. ) ;
#1101 = ORIENTED_EDGE ( 'NONE', *, *, #4639, .F. ) ;
#1102 = ORIENTED_EDGE ( 'NONE', *, *, #2522, .T. ) ;
#1103 = CARTESIAN_POINT ( 'NONE',  ( -13.58807156915687031, 26.33120978305872839, -27.54410534866504889 ) ) ;
#1104 = PLANE ( 'NONE',  #2860 ) ;
#1105 = EDGE_CURVE ( 'NONE', #2708, #4927, #1898, .T. ) ;
#1106 = CARTESIAN_POINT ( 'NONE',  ( -34.54896270993010887, 2.421922163296891473, 31.66706338531407283 ) ) ;
#1107 = EDGE_CURVE ( 'NONE', #5029, #3183, #1707, .T. ) ;
#1108 = EDGE_CURVE ( 'NONE', #3377, #2252, #1820, .T. ) ;
#1109 = ORIENTED_EDGE ( 'NONE', *, *, #826, .T. ) ;
#1110 = EDGE_LOOP ( 'NONE', ( #3768, #3131, #1074, #3591 ) ) ;
#1111 = ORIENTED_EDGE ( 'NONE', *, *, #4512, .F. ) ;
#1112 = LINE ( 'NONE', #4368, #1996 ) ;
#1113 = ORIENTED_EDGE ( 'NONE', *, *, #3694, .F. ) ;
#1114 = CARTESIAN_POINT ( 'NONE',  ( 10.15000000000000391, 2.560425558831677773, -52.51378295997704981 ) ) ;
#1115 = CARTESIAN_POINT ( 'NONE',  ( -60.59811967407998878, 15.09970165295161415, 21.13260699966727429 ) ) ;
#1116 = ADVANCED_FACE ( 'NONE', ( #4605 ), #133, .F. ) ;
#1117 = DIRECTION ( 'NONE',  ( 0.000000000000000000, 0.000000000000000000, 1.000000000000000000 ) ) ;
#1118 = FACE_OUTER_BOUND ( 'NONE', #4707, .T. ) ;
#1119 = ORIENTED_EDGE ( 'NONE', *, *, #610, .T. ) ;
#1120 = DIRECTION ( 'NONE',  ( 0.8216423276428950206, -0.3160250737461656745, 0.4743754190399165349 ) ) ;
#1121 = FILL_AREA_STYLE_COLOUR ( '', #472 ) ;
#1122 = FACE_BOUND ( 'NONE', #2102, .T. ) ;
#1123 = ORIENTED_EDGE ( 'NONE', *, *, #1685, .F. ) ;
#1124 = ORIENTED_EDGE ( 'NONE', *, *, #4413, .F. ) ;
#1125 = ORIENTED_EDGE ( 'NONE', *, *, #3950, .F. ) ;
#1126 = CARTESIAN_POINT ( 'NONE',  ( -13.00000000000000000, 15.92795904959039355, -35.87538709405730231 ) ) ;
#1127 = CARTESIAN_POINT ( 'NONE',  ( -7.794228634232015729, 29.49999999990154720, -4.500000000347405660 ) ) ;
#1128 = DIRECTION ( 'NONE',  ( -0.8660254037844434816, 1.927470528863120528E-16, 0.4999999999999916178 ) ) ;
#1129 = DIRECTION ( 'NONE',  ( -0.000000000000000000, 1.000000000000000000, -0.000000000000000000 ) ) ;
#1130 = ORIENTED_EDGE ( 'NONE', *, *, #3301, .F. ) ;
#1131 = ADVANCED_FACE ( 'NONE', ( #1006 ), #3785, .T. ) ;
#1132 = DIRECTION ( 'NONE',  ( -1.000000000000000000, -6.315870933078222391E-12, -9.214851104388799286E-15 ) ) ;
#1133 = CARTESIAN_POINT ( 'NONE',  ( 21.07484734384335212, 32.50000000026621905, -6.798984751965961415 ) ) ;
#1134 = VECTOR ( 'NONE', #617, 1000.000000000000000 ) ;
#1135 = EDGE_LOOP ( 'NONE', ( #3450, #26 ) ) ;
#1136 = VERTEX_POINT ( 'NONE', #929 ) ;
#1137 = CARTESIAN_POINT ( 'NONE',  ( -35.25509457141528458, -7.938346674534336955, 32.07474880577701271 ) ) ;
#1138 = CYLINDRICAL_SURFACE ( 'NONE', #652, 2.250000000000000444 ) ;
#1139 = AXIS2_PLACEMENT_3D ( 'NONE', #707, #4038, #1640 ) ;
#1140 = EDGE_CURVE ( 'NONE', #4552, #3226, #4545, .T. ) ;
#1141 = LINE ( 'NONE', #4780, #3991 ) ;
#1142 = DIRECTION ( 'NONE',  ( 0.06794757005197087085, 0.9969173337331279638, -0.03922954787483157180 ) ) ;
#1143 = DIRECTION ( 'NONE',  ( 0.5000000000000041078, 6.315870933078223199E-12, -0.8660254037844363761 ) ) ;
#1144 = DIRECTION ( 'NONE',  ( 0.4999999999999919509, 1.263193535385778149E-11, 0.8660254037844432595 ) ) ;
#1145 = VECTOR ( 'NONE', #4214, 1000.000000000000000 ) ;
#1146 = DIRECTION ( 'NONE',  ( -0.8660254037844384856, 0.000000000000000000, 0.5000000000000003331 ) ) ;
#1147 = ORIENTED_EDGE ( 'NONE', *, *, #5043, .F. ) ;
#1148 = EDGE_CURVE ( 'NONE', #761, #372, #2169, .T. ) ;
#1149 = ADVANCED_FACE ( 'NONE', ( #170 ), #3761, .T. ) ;
#1150 = MECHANICAL_DESIGN_GEOMETRIC_PRESENTATION_REPRESENTATION (  '', ( #3455 ), #4819 ) ;
#1151 = LINE ( 'NONE', #2728, #3708 ) ;
#1152 = DIRECTION ( 'NONE',  ( 0.8660254037844432595, 0.000000000000000000, -0.4999999999999920064 ) ) ;
#1153 = ORIENTED_EDGE ( 'NONE', *, *, #600, .F. ) ;
#1154 = EDGE_LOOP ( 'NONE', ( #1262, #2541, #1917, #3832, #1972 ) ) ;
#1155 = EDGE_LOOP ( 'NONE', ( #3853, #1321, #2430, #486, #4906, #410, #537, #933 ) ) ;
#1156 = CARTESIAN_POINT ( 'NONE',  ( -10.99999999999999645, 25.17018433347074335, -37.00511710645933761 ) ) ;
#1157 = CIRCLE ( 'NONE', #2953, 50.00000000000000000 ) ;
#1158 = CIRCLE ( 'NONE', #1068, 2.249999999999998224 ) ;
#1159 = CARTESIAN_POINT ( 'NONE',  ( -60.23938158521882968, 16.44224527202560182, 22.07751725163040746 ) ) ;
#1160 = PLANE ( 'NONE',  #3128 ) ;
#1161 = EDGE_LOOP ( 'NONE', ( #4241, #2966, #4075, #770 ) ) ;
#1162 = VECTOR ( 'NONE', #1409, 1000.000000000000000 ) ;
#1163 = AXIS2_PLACEMENT_3D ( 'NONE', #1958, #719, #1501 ) ;
#1164 = EDGE_LOOP ( 'NONE', ( #4549, #3155, #2900, #3674 ) ) ;
#1165 = CARTESIAN_POINT ( 'NONE',  ( -1.613292832658430598E-13, 2.488343520101757047E-10, 22.74613391789274530 ) ) ;
#1166 = ORIENTED_EDGE ( 'NONE', *, *, #1636, .T. ) ;
#1167 = CARTESIAN_POINT ( 'NONE',  ( 10.24999999999999822, -4.558661586494233475, -89.51215258861975599 ) ) ;
#1168 = ORIENTED_EDGE ( 'NONE', *, *, #2038, .T. ) ;
#1169 = CARTESIAN_POINT ( 'NONE',  ( -49.80217569641440889, -6.486853403533187290, 43.76440654357809024 ) ) ;
#1170 = CIRCLE ( 'NONE', #2540, 2.250000000000001776 ) ;
#1171 = FACE_OUTER_BOUND ( 'NONE', #3576, .T. ) ;
#1172 = CARTESIAN_POINT ( 'NONE',  ( -47.15012050441282554, 16.86120350004319235, 42.23324176422969600 ) ) ;
#1173 = DIRECTION ( 'NONE',  ( 0.000000000000000000, 1.000000000000000000, 0.000000000000000000 ) ) ;
#1174 = ADVANCED_FACE ( 'NONE', ( #3412, #5052, #4151, #4627 ), #105, .F. ) ;
#1175 = CARTESIAN_POINT ( 'NONE',  ( -52.88030936032061646, 4.907835273275797050, 33.12853705529285264 ) ) ;
#1176 = ORIENTED_EDGE ( 'NONE', *, *, #4841, .F. ) ;
#1177 = CARTESIAN_POINT ( 'NONE',  ( 10.15000000000000391, 2.421922163168673148, -45.75381107385768331 ) ) ;
#1178 = LINE ( 'NONE', #1071, #3812 ) ;
#1179 = ADVANCED_FACE ( 'NONE', ( #1294, #504, #2605 ), #2211, .T. ) ;
#1180 = ADVANCED_FACE ( 'NONE', ( #471 ), #5075, .F. ) ;
#1181 = ORIENTED_EDGE ( 'NONE', *, *, #13, .F. ) ;
#1182 = VERTEX_POINT ( 'NONE', #3733 ) ;
#1183 = CARTESIAN_POINT ( 'NONE',  ( 13.00000000000001066, 26.33081972471177679, -27.54523131880011633 ) ) ;
#1184 = CARTESIAN_POINT ( 'NONE',  ( 60.32946049287466650, 15.12062001593709581, 22.12952433356492676 ) ) ;
#1185 = FACE_BOUND ( 'NONE', #1705, .T. ) ;
#1186 = DIRECTION ( 'NONE',  ( 0.000000000000000000, 0.000000000000000000, 1.000000000000000000 ) ) ;
#1187 = CARTESIAN_POINT ( 'NONE',  ( -9.750000000315836246, 24.99999999987683452, 5.629165124598836556 ) ) ;
#1188 = DIRECTION ( 'NONE',  ( 0.4905221900492636733, -0.8241261886158178784, 0.2832031184624199116 ) ) ;
#1189 = ORIENTED_EDGE ( 'NONE', *, *, #1069, .T. ) ;
#1190 = CARTESIAN_POINT ( 'NONE',  ( -13.00000000000000000, -7.467592100295481927, -52.55068591695568614 ) ) ;
#1191 = ORIENTED_EDGE ( 'NONE', *, *, #4414, .F. ) ;
#1192 = CARTESIAN_POINT ( 'NONE',  ( 48.28947042610398199, 4.888220499953824572, 40.58164467174334789 ) ) ;
#1193 = DIRECTION ( 'NONE',  ( -0.8660254037844383745, -1.093952106031538129E-11, 0.5000000000000006661 ) ) ;
#1194 = LINE ( 'NONE', #1578, #415 ) ;
#1195 = CARTESIAN_POINT ( 'NONE',  ( 63.02694750901989806, 9.333567968409349547, 21.37751811167119698 ) ) ;
#1196 = DIRECTION ( 'NONE',  ( 0.7946264809087304481, -0.3976074376242628716, 0.4587778126549657554 ) ) ;
#1197 = DIRECTION ( 'NONE',  ( 0.4999999999999919509, 1.263193535385778149E-11, 0.8660254037844432595 ) ) ;
#1198 = CARTESIAN_POINT ( 'NONE',  ( 8.660254037471723620, 29.50000000000000355, 5.000000000000037303 ) ) ;
#1199 = ORIENTED_EDGE ( 'NONE', *, *, #4437, .T. ) ;
#1200 = CARTESIAN_POINT ( 'NONE',  ( 9.499999999999998224, 0.000000000000000000, -70.51215258861975599 ) ) ;
#1201 = EDGE_CURVE ( 'NONE', #3226, #2634, #3325, .T. ) ;
#1202 = CARTESIAN_POINT ( 'NONE',  ( 17.38040075047293342, 32.36237614091181314, -15.41316579747629945 ) ) ;
#1203 = CARTESIAN_POINT ( 'NONE',  ( 8.660254037471723620, 32.50000000000000000, 2.750000000000036859 ) ) ;
#1204 = CYLINDRICAL_SURFACE ( 'NONE', #4143, 20.00000000000000711 ) ;
#1205 = ORIENTED_EDGE ( 'NONE', *, *, #781, .F. ) ;
#1206 = EDGE_CURVE ( 'NONE', #1453, #953, #2602, .T. ) ;
#1207 = FACE_BOUND ( 'NONE', #1075, .T. ) ;
#1208 = DIRECTION ( 'NONE',  ( 1.000000000000000000, 0.000000000000000000, 0.000000000000000000 ) ) ;
#1209 = FACE_OUTER_BOUND ( 'NONE', #3798, .T. ) ;
#1210 = DIRECTION ( 'NONE',  ( -6.315870933078122225E-12, 1.000000000000000000, -1.093963277049189342E-11 ) ) ;
#1211 = ORIENTED_EDGE ( 'NONE', *, *, #3401, .T. ) ;
#1212 = EDGE_CURVE ( 'NONE', #2028, #1768, #1524, .T. ) ;
#1213 = EDGE_CURVE ( 'NONE', #2597, #4330, #2340, .T. ) ;
#1214 = DIRECTION ( 'NONE',  ( -0.5000000000000039968, -6.315870933078223199E-12, 0.8660254037844363761 ) ) ;
#1215 = LINE ( 'NONE', #2902, #3813 ) ;
#1216 = ORIENTED_EDGE ( 'NONE', *, *, #3405, .F. ) ;
#1217 = ORIENTED_EDGE ( 'NONE', *, *, #2221, .T. ) ;
#1218 = ORIENTED_EDGE ( 'NONE', *, *, #544, .T. ) ;
#1219 = DIRECTION ( 'NONE',  ( -0.5000000000000041078, -6.315879058740029733E-12, 0.8660254037844362651 ) ) ;
#1220 = CLOSED_SHELL ( 'NONE', ( #4184, #2414, #2352, #4468, #3977, #337, #4311, #983, #4741, #40, #4979, #5085, #3602, #1973, #1874, #4773, #4467, #2396, #2884, #196, #1544, #1786, #247, #4670, #3163, #512, #1352, #1507, #3927, #2455, #1469, #2261, #1239, #5282, #2254, #396, #3165, #4538, #3861, #2652, #18, #1904, #5147, #1521 ) ) ;
#1221 = DIRECTION ( 'NONE',  ( 0.4999999999999919509, 1.263193535385778149E-11, 0.8660254037844432595 ) ) ;
#1222 = PLANE ( 'NONE',  #4999 ) ;
#1223 = CARTESIAN_POINT ( 'NONE',  ( -10.14999999999999503, 2.560425558831677773, -54.76378295997704981 ) ) ;
#1224 = DIRECTION ( 'NONE',  ( 1.000000000000000000, 0.000000000000000000, 0.000000000000000000 ) ) ;
#1225 = DIRECTION ( 'NONE',  ( 0.5000000000000003331, 0.000000000000000000, 0.8660254037844384856 ) ) ;
#1226 = VERTEX_POINT ( 'NONE', #1923 ) ;
#1227 = CIRCLE ( 'NONE', #5247, 4.000000000000000000 ) ;
#1228 = CARTESIAN_POINT ( 'NONE',  ( 34.17664779237519213, 24.80206609814102237, 4.720789804177623061 ) ) ;
#1229 = VECTOR ( 'NONE', #1508, 1000.000000000000000 ) ;
#1230 = CARTESIAN_POINT ( 'NONE',  ( -3.726420929388060104E-10, 29.50000000000000355, -3.295450207894151094E-15 ) ) ;
#1231 = ORIENTED_EDGE ( 'NONE', *, *, #568, .F. ) ;
#1232 = PRODUCT_RELATED_PRODUCT_CATEGORY ( 'part', '', ( #606 ) ) ;
#1233 = AXIS2_PLACEMENT_3D ( 'NONE', #4114, #3349, #4989 ) ;
#1234 = CARTESIAN_POINT ( 'NONE',  ( -49.71630315756311091, -6.624156821092914704, 40.42393147577745083 ) ) ;
#1235 = DIRECTION ( 'NONE',  ( 0.8660254037844432595, 0.000000000000000000, -0.4999999999999920064 ) ) ;
#1236 = DIRECTION ( 'NONE',  ( -1.000000000000000000, 0.000000000000000000, 0.000000000000000000 ) ) ;
#1237 = LINE ( 'NONE', #2469, #3115 ) ;
#1238 = AXIS2_PLACEMENT_3D ( 'NONE', #2649, #5163, #3481 ) ;
#1239 = ADVANCED_FACE ( 'NONE', ( #2764, #4423 ), #2397, .T. ) ;
#1240 = VERTEX_POINT ( 'NONE', #4394 ) ;
#1241 = CIRCLE ( 'NONE', #58, 50.00000000000002132 ) ;
#1242 = VECTOR ( 'NONE', #2665, 1000.000000000000000 ) ;
#1243 = SURFACE_SIDE_STYLE ('',( #21 ) ) ;
#1244 = DIRECTION ( 'NONE',  ( 0.8660254037844401509, 0.000000000000000000, -0.4999999999999974465 ) ) ;
#1245 = ORIENTED_EDGE ( 'NONE', *, *, #1206, .F. ) ;
#1246 = EDGE_CURVE ( 'NONE', #2907, #844, #2313, .T. ) ;
#1247 = EDGE_CURVE ( 'NONE', #4577, #25, #4023, .T. ) ;
#1248 = EDGE_LOOP ( 'NONE', ( #4131, #4002, #3521, #2878 ) ) ;
#1249 = CARTESIAN_POINT ( 'NONE',  ( 8.660254037471723620, 32.50000000000000000, 7.250000000000037303 ) ) ;
#1250 = CARTESIAN_POINT ( 'NONE',  ( 13.00000000000000000, 22.13442266990007212, -32.20578482915647101 ) ) ;
#1251 = VECTOR ( 'NONE', #2075, 1000.000000000000114 ) ;
#1252 = AXIS2_PLACEMENT_3D ( 'NONE', #3610, #2803, #4430 ) ;
#1253 = CARTESIAN_POINT ( 'NONE',  ( -19.63346335921646002, 32.50000000000000000, -11.33538535556822424 ) ) ;
#1254 = LINE ( 'NONE', #4863, #744 ) ;
#1255 = VECTOR ( 'NONE', #4387, 1000.000000000000000 ) ;
#1256 = ORIENTED_EDGE ( 'NONE', *, *, #3080, .F. ) ;
#1257 = ORIENTED_EDGE ( 'NONE', *, *, #1342, .F. ) ;
#1258 = DIRECTION ( 'NONE',  ( 0.000000000000000000, 0.000000000000000000, -1.000000000000000000 ) ) ;
#1259 = AXIS2_PLACEMENT_3D ( 'NONE', #3744, #1366, #2537 ) ;
#1260 = DIRECTION ( 'NONE',  ( -0.8216423276428942435, 0.3160250737461680060, -0.4743754190399160908 ) ) ;
#1261 = DIRECTION ( 'NONE',  ( -0.5000000000000039968, -6.315870933078224007E-12, 0.8660254037844363761 ) ) ;
#1262 = ORIENTED_EDGE ( 'NONE', *, *, #3741, .F. ) ;
#1263 = FACE_OUTER_BOUND ( 'NONE', #5137, .T. ) ;
#1264 = DIRECTION ( 'NONE',  ( -6.315870933078122225E-12, 1.000000000000000000, -1.093963277049189342E-11 ) ) ;
#1265 = LINE ( 'NONE', #1704, #736 ) ;
#1266 = ORIENTED_EDGE ( 'NONE', *, *, #1024, .T. ) ;
#1267 = ADVANCED_FACE ( 'NONE', ( #1600 ), #2373, .F. ) ;
#1268 = CARTESIAN_POINT ( 'NONE',  ( -21.05029882111811546, 32.49999999978652454, -7.360973357438085785 ) ) ;
#1269 = LINE ( 'NONE', #2960, #4323 ) ;
#1270 = EDGE_LOOP ( 'NONE', ( #174, #962, #3323, #3546 ) ) ;
#1271 = ORIENTED_EDGE ( 'NONE', *, *, #3506, .F. ) ;
#1272 = ORIENTED_EDGE ( 'NONE', *, *, #4253, .F. ) ;
#1273 = LINE ( 'NONE', #2931, #128 ) ;
#1274 = ORIENTED_EDGE ( 'NONE', *, *, #3995, .T. ) ;
#1275 = EDGE_LOOP ( 'NONE', ( #3679, #873, #3714, #3249 ) ) ;
#1276 = CARTESIAN_POINT ( 'NONE',  ( 8.660254037471704081, 29.50000000010940227, 9.000000000000039080 ) ) ;
#1277 = DIRECTION ( 'NONE',  ( 1.000000000000000000, -0.000000000000000000, -0.000000000000000000 ) ) ;
#1278 = EDGE_CURVE ( 'NONE', #564, #700, #4855, .T. ) ;
#1279 = LINE ( 'NONE', #60, #1688 ) ;
#1280 = CYLINDRICAL_SURFACE ( 'NONE', #2701, 2.249999999999998224 ) ;
#1281 = CARTESIAN_POINT ( 'NONE',  ( -2.042587464280614053E-10, 32.31441051655063745, 22.72109750659281246 ) ) ;
#1282 = ORIENTED_EDGE ( 'NONE', *, *, #4803, .T. ) ;
#1283 = ORIENTED_EDGE ( 'NONE', *, *, #4876, .T. ) ;
#1284 = CARTESIAN_POINT ( 'NONE',  ( 10.15000000000000746, 13.31418985344142314, -61.69836534002987349 ) ) ;
#1285 = EDGE_CURVE ( 'NONE', #2252, #1512, #4822, .T. ) ;
#1286 = LINE ( 'NONE', #1308, #3645 ) ;
#1287 = CARTESIAN_POINT ( 'NONE',  ( -19.69872981097987008, 31.93317768682137014, -11.37306695929595257 ) ) ;
#1288 = ORIENTED_EDGE ( 'NONE', *, *, #1069, .F. ) ;
#1289 = CARTESIAN_POINT ( 'NONE',  ( -54.05111468970868316, 4.809761403615993025, 28.60834940467851695 ) ) ;
#1290 = LINE ( 'NONE', #2923, #2850 ) ;
#1291 = DIRECTION ( 'NONE',  ( 0.000000000000000000, 0.000000000000000000, 1.000000000000000000 ) ) ;
#1292 = ORIENTED_EDGE ( 'NONE', *, *, #4113, .F. ) ;
#1293 = EDGE_LOOP ( 'NONE', ( #2139, #4158, #4320, #1474 ) ) ;
#1294 = FACE_BOUND ( 'NONE', #2659, .T. ) ;
#1295 = CARTESIAN_POINT ( 'NONE',  ( -19.63346335942829768, 32.49999999975199216, -11.33538535592773044 ) ) ;
#1296 = CARTESIAN_POINT ( 'NONE',  ( -1.294228634265071509, 32.49999999981943688, -15.75833024955325357 ) ) ;
#1297 = VERTEX_POINT ( 'NONE', #82 ) ;
#1298 = ORIENTED_EDGE ( 'NONE', *, *, #4281, .F. ) ;
#1299 = EDGE_CURVE ( 'NONE', #3304, #3487, #1827, .T. ) ;
#1300 = DIRECTION ( 'NONE',  ( 0.000000000000000000, 1.000000000000000000, -1.734723475976805319E-15 ) ) ;
#1301 = CARTESIAN_POINT ( 'NONE',  ( -13.00000000000000000, 9.333567967613195293, -65.27169672173720016 ) ) ;
#1302 = CARTESIAN_POINT ( 'NONE',  ( 7.285993797462928079, -11.53199209440493611, -10.80453651873520293 ) ) ;
#1303 = CYLINDRICAL_SURFACE ( 'NONE', #5100, 20.00000000000000000 ) ;
#1304 = ORIENTED_EDGE ( 'NONE', *, *, #1050, .F. ) ;
#1305 = ORIENTED_EDGE ( 'NONE', *, *, #5235, .T. ) ;
#1306 = EDGE_CURVE ( 'NONE', #401, #2628, #2123, .T. ) ;
#1307 = VECTOR ( 'NONE', #5268, 999.9999999999998863 ) ;
#1308 = CARTESIAN_POINT ( 'NONE',  ( 10.15000000000000036, 26.52011225444340781, -11.49204864359214895 ) ) ;
#1309 = DIRECTION ( 'NONE',  ( -0.9976853269457002238, 0.06799991468562015251, 0.000000000000000000 ) ) ;
#1310 = CIRCLE ( 'NONE', #4988, 2.250000000000000000 ) ;
#1311 = ORIENTED_EDGE ( 'NONE', *, *, #1974, .F. ) ;
#1312 = EDGE_CURVE ( 'NONE', #3933, #2465, #2347, .T. ) ;
#1313 = EDGE_CURVE ( 'NONE', #2343, #4510, #309, .T. ) ;
#1314 = DIRECTION ( 'NONE',  ( 0.000000000000000000, 1.000000000000000000, -0.000000000000000000 ) ) ;
#1315 = CARTESIAN_POINT ( 'NONE',  ( -8.660254038030752000, 29.50000000000000355, 2.749999999677200435 ) ) ;
#1316 = DIRECTION ( 'NONE',  ( 0.4999999999999920064, 1.263187085795733700E-11, 0.8660254037844432595 ) ) ;
#1317 = DIRECTION ( 'NONE',  ( 1.000000000000000000, -0.000000000000000000, -0.000000000000000000 ) ) ;
#1318 = LINE ( 'NONE', #4576, #4051 ) ;
#1319 = VECTOR ( 'NONE', #815, 1000.000000000000000 ) ;
#1320 = MANIFOLD_SOLID_BREP ( 'Boss-Extrude2', #5078 ) ;
#1321 = ORIENTED_EDGE ( 'NONE', *, *, #4710, .T. ) ;
#1322 = VERTEX_POINT ( 'NONE', #4152 ) ;
#1323 = AXIS2_PLACEMENT_3D ( 'NONE', #427, #1219, #3680 ) ;
#1324 = DIRECTION ( 'NONE',  ( 0.000000000000000000, 0.000000000000000000, -1.000000000000000000 ) ) ;
#1325 = CARTESIAN_POINT ( 'NONE',  ( 0.000000000000000000, 0.000000000000000000, -0.000000000000000000 ) ) ;
#1326 = VERTEX_POINT ( 'NONE', #4465 ) ;
#1327 = ORIENTED_EDGE ( 'NONE', *, *, #2126, .F. ) ;
#1328 = VECTOR ( 'NONE', #500, 1000.000000000000000 ) ;
#1329 = DIRECTION ( 'NONE',  ( 0.000000000000000000, 1.000000000000000000, -0.000000000000000000 ) ) ;
#1330 = CIRCLE ( 'NONE', #900, 2.250000000000000000 ) ;
#1331 = CARTESIAN_POINT ( 'NONE',  ( 47.60274901990468521, 14.96370182432064944, 40.18516588308938964 ) ) ;
#1332 = DIRECTION ( 'NONE',  ( 0.8660254037844432595, 0.000000000000000000, -0.4999999999999920064 ) ) ;
#1333 = CIRCLE ( 'NONE', #398, 2.250000000000000000 ) ;
#1334 = AXIS2_PLACEMENT_3D ( 'NONE', #4245, #2691, #3090 ) ;
#1335 = DIRECTION ( 'NONE',  ( -0.000000000000000000, 0.000000000000000000, 1.000000000000000000 ) ) ;
#1336 = LINE ( 'NONE', #4129, #3472 ) ;
#1337 = CARTESIAN_POINT ( 'NONE',  ( -13.00000000000000888, -4.309053387893094111, -92.68372546387355726 ) ) ;
#1338 = ORIENTED_EDGE ( 'NONE', *, *, #222, .T. ) ;
#1339 = ORIENTED_EDGE ( 'NONE', *, *, #1615, .T. ) ;
#1340 = AXIS2_PLACEMENT_3D ( 'NONE', #1095, #1961, #5168 ) ;
#1341 = AXIS2_PLACEMENT_3D ( 'NONE', #226, #2140, #1662 ) ;
#1342 = EDGE_CURVE ( 'NONE', #2511, #27, #4092, .T. ) ;
#1343 = CYLINDRICAL_SURFACE ( 'NONE', #2022, 2.250000000000000444 ) ;
#1344 = AXIS2_PLACEMENT_3D ( 'NONE', #296, #1090, #5135 ) ;
#1345 = B_SPLINE_CURVE_WITH_KNOTS ( 'NONE', 3,
 ( #4617, #3827, #906, #957, #3442, #3017, #5084, #3047, #4215, #179, #1848, #4673, #3422, #5061 ),
 .UNSPECIFIED., .F., .F.,
 ( 4, 2, 2, 2, 2, 2, 4 ),
 ( 0.000000000000000000, 0.0003363531214915526138, 0.0006727062429831052277, 0.001345412485966219346, 0.002690824971932436090, 0.004036237457898653701, 0.005381649943864871312 ),
 .UNSPECIFIED. ) ;
#1346 = AXIS2_PLACEMENT_3D ( 'NONE', #1581, #3736, #1709 ) ;
#1347 = ORIENTED_EDGE ( 'NONE', *, *, #2127, .F. ) ;
#1348 = AXIS2_PLACEMENT_3D ( 'NONE', #479, #4188, #4527 ) ;
#1349 = CARTESIAN_POINT ( 'NONE',  ( -7.794228634059971128, 29.50000000000000355, -4.499999999999959144 ) ) ;
#1350 = CYLINDRICAL_SURFACE ( 'NONE', #4036, 20.00000000000000355 ) ;
#1351 = EDGE_CURVE ( 'NONE', #3923, #4891, #2843, .T. ) ;
#1352 = ADVANCED_FACE ( 'NONE', ( #3700 ), #3247, .F. ) ;
#1353 = CARTESIAN_POINT ( 'NONE',  ( 8.660254037598043908, 19.50000000010939871, 5.000000000000038192 ) ) ;
#1354 = FACE_OUTER_BOUND ( 'NONE', #1018, .T. ) ;
#1355 = MANIFOLD_SOLID_BREP ( 'Fillet10', #4456 ) ;
#1356 = ORIENTED_EDGE ( 'NONE', *, *, #4639, .T. ) ;
#1357 = ORIENTED_EDGE ( 'NONE', *, *, #4875, .F. ) ;
#1358 = CARTESIAN_POINT ( 'NONE',  ( -61.07546422344131543, -6.643771595317311096, 20.25082871145116670 ) ) ;
#1359 = CARTESIAN_POINT ( 'NONE',  ( -3.469446951953614189E-15, 1.052032095989828608, -90.26215258861975599 ) ) ;
#1360 = EDGE_CURVE ( 'NONE', #869, #3424, #5258, .T. ) ;
#1361 = DIRECTION ( 'NONE',  ( -0.000000000000000000, -1.000000000000000000, -0.000000000000000000 ) ) ;
#1362 = VERTEX_POINT ( 'NONE', #2329 ) ;
#1363 = CARTESIAN_POINT ( 'NONE',  ( -3.452406067044959670, 26.52011225460762489, 17.00435457070362233 ) ) ;
#1364 = ORIENTED_EDGE ( 'NONE', *, *, #4496, .T. ) ;
#1365 = ORIENTED_EDGE ( 'NONE', *, *, #1853, .T. ) ;
#1366 = DIRECTION ( 'NONE',  ( -0.8633557364864383743, 0.07845909572784602604, 0.4984586668656976749 ) ) ;
#1367 = DIRECTION ( 'NONE',  ( 0.8660254037844362651, 1.093963244644391269E-11, 0.5000000000000039968 ) ) ;
#1368 = CARTESIAN_POINT ( 'NONE',  ( 13.00000000000000000, 23.48321600966073674, -35.74101681143373099 ) ) ;
#1369 = DIRECTION ( 'NONE',  ( -0.5000000000000041078, -6.315879058740029733E-12, 0.8660254037844362651 ) ) ;
#1370 = DIRECTION ( 'NONE',  ( -0.4999999999999919509, -1.263193535385777987E-11, -0.8660254037844432595 ) ) ;
#1371 = CARTESIAN_POINT ( 'NONE',  ( -14.68893812730819803, 31.85409909202083156, -4.221043540725361254 ) ) ;
#1372 = EDGE_LOOP ( 'NONE', ( #540, #2738, #865, #2762, #3821, #2067, #3348, #140 ) ) ;
#1373 = CARTESIAN_POINT ( 'NONE',  ( -2.054305424728422338E-10, 32.50000000024801494, 22.67077071078840689 ) ) ;
#1374 = EDGE_LOOP ( 'NONE', ( #3765, #3026, #589, #4425 ) ) ;
#1375 = VERTEX_POINT ( 'NONE', #3816 ) ;
#1376 = EDGE_CURVE ( 'NONE', #2417, #513, #4784, .T. ) ;
#1377 = CARTESIAN_POINT ( 'NONE',  ( 7.577722283123390135, 32.50000000000000000, -4.374999999983459453 ) ) ;
#1378 = FACE_OUTER_BOUND ( 'NONE', #231, .T. ) ;
#1379 = DIRECTION ( 'NONE',  ( 0.000000000000000000, 0.07845909572784592889, -0.9969173337331278528 ) ) ;
#1380 = ORIENTED_EDGE ( 'NONE', *, *, #1850, .F. ) ;
#1381 = EDGE_CURVE ( 'NONE', #3378, #4165, #3066, .T. ) ;
#1382 = CARTESIAN_POINT ( 'NONE',  ( -21.72932538841101646, 30.70569342600634499, -7.803475188442357435 ) ) ;
#1383 = CARTESIAN_POINT ( 'NONE',  ( 0.000000000000000000, 29.50000000000000355, -10.00000000000000000 ) ) ;
#1384 = DIRECTION ( 'NONE',  ( -3.162470285644758405E-12, 1.117101365909695167E-16, 1.000000000000000000 ) ) ;
#1385 =( NAMED_UNIT ( * ) SI_UNIT ( $, .STERADIAN. ) SOLID_ANGLE_UNIT ( ) );
#1386 = ORIENTED_EDGE ( 'NONE', *, *, #3688, .T. ) ;
#1387 = LINE ( 'NONE', #5157, #3447 ) ;
#1388 = ORIENTED_EDGE ( 'NONE', *, *, #371, .F. ) ;
#1389 = EDGE_CURVE ( 'NONE', #5199, #236, #3562, .T. ) ;
#1390 = EDGE_CURVE ( 'NONE', #2343, #3256, #4261, .T. ) ;
#1391 = ORIENTED_EDGE ( 'NONE', *, *, #2301, .T. ) ;
#1392 = CYLINDRICAL_SURFACE ( 'NONE', #2004, 20.00000000000000000 ) ;
#1393 = DIRECTION ( 'NONE',  ( -6.315870933078122225E-12, 1.000000000000000000, -1.093963277049189342E-11 ) ) ;
#1394 = CARTESIAN_POINT ( 'NONE',  ( -18.21836442342521423, -1.952349823077322188, 22.23858806863683668 ) ) ;
#1395 = CARTESIAN_POINT ( 'NONE',  ( 4.091221797274776861, 25.00000000005168843, 22.91379598153967834 ) ) ;
#1396 = ORIENTED_EDGE ( 'NONE', *, *, #1351, .F. ) ;
#1397 = VERTEX_POINT ( 'NONE', #3152 ) ;
#1398 =( BOUNDED_CURVE ( )  B_SPLINE_CURVE ( 3, ( #4980, #2516, #459, #1287 ),
 .UNSPECIFIED., .F., .F. ) 
 B_SPLINE_CURVE_WITH_KNOTS ( ( 4, 4 ),
 ( 4.712388980384689674, 5.235987755982993264 ),
 .UNSPECIFIED. ) 
 CURVE ( )  GEOMETRIC_REPRESENTATION_ITEM ( )  RATIONAL_B_SPLINE_CURVE ( ( 1.000000000000000000, 0.9772838841927118381, 0.9772838841927118381, 1.000000000000000000 ) ) 
 REPRESENTATION_ITEM ( '' )  );
#1399 = CARTESIAN_POINT ( 'NONE',  ( -2.053023549775101486E-10, 32.50001200009845803, 8.999999999644460402 ) ) ;
#1400 = ORIENTED_EDGE ( 'NONE', *, *, #666, .T. ) ;
#1401 = VERTEX_POINT ( 'NONE', #5202 ) ;
#1402 = DIRECTION ( 'NONE',  ( 0.000000000000000000, -1.000000000000000000, 0.000000000000000000 ) ) ;
#1403 = CYLINDRICAL_SURFACE ( 'NONE', #2185, 2.250000000000002220 ) ;
#1404 = DIRECTION ( 'NONE',  ( -0.8633557364864383743, 0.07845909572784535990, 0.4984586668656976749 ) ) ;
#1405 = MANIFOLD_SOLID_BREP ( 'Fillet12', #3023 ) ;
#1406 = VERTEX_POINT ( 'NONE', #3978 ) ;
#1407 = VECTOR ( 'NONE', #3664, 1000.000000000000000 ) ;
#1408 = DIRECTION ( 'NONE',  ( 0.8633557364864382633, -0.07845909572784608155, -0.4984586668656975084 ) ) ;
#1409 = DIRECTION ( 'NONE',  ( 7.216449660063517513E-15, -1.093963277049184980E-11, -1.000000000000000000 ) ) ;
#1410 = CARTESIAN_POINT ( 'NONE',  ( -10.24999999999999822, -4.558661586494233475, -89.51215258861975599 ) ) ;
#1411 = CARTESIAN_POINT ( 'NONE',  ( 2.755455298081541327E-16, 24.99999999999999645, -12.25000000000000000 ) ) ;
#1412 = AXIS2_PLACEMENT_3D ( 'NONE', #3560, #779, #3952 ) ;
#1413 = EDGE_CURVE ( 'NONE', #2613, #4894, #646, .T. ) ;
#1414 = DIRECTION ( 'NONE',  ( 1.000000000000000000, -8.125661806746624109E-18, 1.032463225334366069E-16 ) ) ;
#1415 = VERTEX_POINT ( 'NONE', #2380 ) ;
#1416 = COLOUR_RGB ( '',0.7921568627450980005, 0.8196078431372548767, 0.9333333333333333481 ) ;
#1417 = CARTESIAN_POINT ( 'NONE',  ( -5.714006202537178503, -11.53199209456914964, 11.71212397966014507 ) ) ;
#1418 = EDGE_CURVE ( 'NONE', #1240, #3226, #234, .T. ) ;
#1419 = ADVANCED_FACE ( 'NONE', ( #1959 ), #1222, .T. ) ;
#1420 = DIRECTION ( 'NONE',  ( -0.000000000000000000, 0.3160250737565468149, 0.9487508380798242991 ) ) ;
#1421 = CIRCLE ( 'NONE', #316, 2.000000000000000888 ) ;
#1422 = LINE ( 'NONE', #1035, #1242 ) ;
#1423 = ORIENTED_EDGE ( 'NONE', *, *, #426, .T. ) ;
#1424 = LINE ( 'NONE', #3020, #4821 ) ;
#1425 = EDGE_LOOP ( 'NONE', ( #4732, #3167, #4593, #3113 ) ) ;
#1426 = ORIENTED_EDGE ( 'NONE', *, *, #3200, .F. ) ;
#1427 = AXIS2_PLACEMENT_3D ( 'NONE', #5098, #2251, #629 ) ;
#1428 = AXIS2_PLACEMENT_3D ( 'NONE', #2655, #1317, #2206 ) ;
#1429 = DIRECTION ( 'NONE',  ( -0.8660254037844434816, 8.673617379884035472E-17, 0.4999999999999917288 ) ) ;
#1430 = CIRCLE ( 'NONE', #3640, 2.000000000000000888 ) ;
#1431 = ORIENTED_EDGE ( 'NONE', *, *, #466, .F. ) ;
#1432 = CIRCLE ( 'NONE', #4403, 2.250000000000000000 ) ;
#1433 =( BOUNDED_CURVE ( )  B_SPLINE_CURVE ( 3, ( #1814, #4226, #2205, #5096 ),
 .UNSPECIFIED., .F., .T. ) 
 B_SPLINE_CURVE_WITH_KNOTS ( ( 4, 4 ),
 ( 4.712388980384689674, 6.283185307179586232 ),
 .UNSPECIFIED. ) 
 CURVE ( )  GEOMETRIC_REPRESENTATION_ITEM ( )  RATIONAL_B_SPLINE_CURVE ( ( 1.000000000000000000, 0.8047378541243649375, 0.8047378541243649375, 1.000000000000000000 ) ) 
 REPRESENTATION_ITEM ( '' )  );
#1434 = DIRECTION ( 'NONE',  ( 0.000000000000000000, 1.000000000000000000, 0.000000000000000000 ) ) ;
#1435 = AXIS2_PLACEMENT_3D ( 'NONE', #2643, #619, #3475 ) ;
#1436 = AXIS2_PLACEMENT_3D ( 'NONE', #5123, #3906, #263 ) ;
#1437 = CYLINDRICAL_SURFACE ( 'NONE', #4059, 2.250000000000000888 ) ;
#1438 = DIRECTION ( 'NONE',  ( -1.035655806553318069E-16, -0.07845909572784597052, 0.9969173337331278528 ) ) ;
#1439 = ORIENTED_EDGE ( 'NONE', *, *, #2685, .T. ) ;
#1440 = CIRCLE ( 'NONE', #3390, 20.00000000000000355 ) ;
#1441 = CARTESIAN_POINT ( 'NONE',  ( 0.000000000000000000, 19.50000000000000355, -10.00000000000000000 ) ) ;
#1442 = DIRECTION ( 'NONE',  ( -6.315870933078122225E-12, 1.000000000000000000, -1.093963277049189342E-11 ) ) ;
#1443 = DIRECTION ( 'NONE',  ( 1.734723475976807094E-15, 1.000000000000000000, 0.000000000000000000 ) ) ;
#1444 = VECTOR ( 'NONE', #3392, 1000.000000000000000 ) ;
#1445 = CARTESIAN_POINT ( 'NONE',  ( 13.00000000000000000, 2.769193323034216725, -77.76215258861977020 ) ) ;
#1446 = CARTESIAN_POINT ( 'NONE',  ( -7.794228634059971128, 32.50000000000000000, -4.499999999999959144 ) ) ;
#1447 = EDGE_CURVE ( 'NONE', #2964, #2112, #2682, .T. ) ;
#1448 = DIRECTION ( 'NONE',  ( 4.006172263299081054E-16, 1.000000000000000000, -2.312964634635761692E-16 ) ) ;
#1449 = DIRECTION ( 'NONE',  ( -0.5000000000000039968, -6.315870933078223199E-12, 0.8660254037844363761 ) ) ;
#1450 = LINE ( 'NONE', #601, #4825 ) ;
#1451 = ORIENTED_EDGE ( 'NONE', *, *, #1206, .T. ) ;
#1452 = LINE ( 'NONE', #1881, #392 ) ;
#1453 = VERTEX_POINT ( 'NONE', #3636 ) ;
#1454 = CARTESIAN_POINT ( 'NONE',  ( 10.14999999999999680, 12.00000000000000000, -45.00000000000000000 ) ) ;
#1455 = EDGE_CURVE ( 'NONE', #978, #4509, #2825, .T. ) ;
#1456 = LINE ( 'NONE', #262, #2280 ) ;
#1457 = DIRECTION ( 'NONE',  ( -6.316271550304453549E-12, 1.000000000000000000, -1.093986406695535807E-11 ) ) ;
#1458 = ORIENTED_EDGE ( 'NONE', *, *, #1949, .F. ) ;
#1459 = ORIENTED_EDGE ( 'NONE', *, *, #2066, .T. ) ;
#1460 = EDGE_CURVE ( 'NONE', #3565, #700, #1061, .T. ) ;
#1461 = DIRECTION ( 'NONE',  ( 0.8216423276369104745, 0.3160250737565526435, -0.4743754190433622231 ) ) ;
#1462 = FACE_OUTER_BOUND ( 'NONE', #4647, .T. ) ;
#1463 = ORIENTED_EDGE ( 'NONE', *, *, #4249, .F. ) ;
#1464 = FACE_OUTER_BOUND ( 'NONE', #1856, .T. ) ;
#1465 = CARTESIAN_POINT ( 'NONE',  ( -9.412736929252796259, 31.18069010653221085, 21.61816175719647504 ) ) ;
#1466 = FACE_OUTER_BOUND ( 'NONE', #1293, .T. ) ;
#1467 = PLANE ( 'NONE',  #3097 ) ;
#1468 = CARTESIAN_POINT ( 'NONE',  ( -48.60471293366384060, 2.560425558703469662, 16.34173363154801351 ) ) ;
#1469 = ADVANCED_FACE ( 'NONE', ( #4006 ), #380, .T. ) ;
#1470 = DIRECTION ( 'NONE',  ( 0.8660254037844367092, 1.093955173361551780E-11, 0.5000000000000035527 ) ) ;
#1471 = EDGE_LOOP ( 'NONE', ( #2153, #3423 ) ) ;
#1472 = CARTESIAN_POINT ( 'NONE',  ( 17.05985917154221454, 26.33120978327873374, 25.53966784166225068 ) ) ;
#1473 = ORIENTED_EDGE ( 'NONE', *, *, #1306, .T. ) ;
#1474 = ORIENTED_EDGE ( 'NONE', *, *, #1084, .F. ) ;
#1475 = DIRECTION ( 'NONE',  ( -0.4999999999981817878, 0.000000000000000000, 0.8660254037854885345 ) ) ;
#1476 = DIRECTION ( 'NONE',  ( -0.4999999999999919509, -1.263193535385778149E-11, -0.8660254037844432595 ) ) ;
#1477 = DIRECTION ( 'NONE',  ( 0.9976853269457002238, -0.06799991468562015251, 0.000000000000000000 ) ) ;
#1478 = EDGE_CURVE ( 'NONE', #1362, #1397, #7, .T. ) ;
#1479 = ORIENTED_EDGE ( 'NONE', *, *, #2121, .F. ) ;
#1480 = DIRECTION ( 'NONE',  ( 0.8633557364864382633, -0.07845909572784537378, -0.4984586668656976194 ) ) ;
#1481 = CARTESIAN_POINT ( 'NONE',  ( 15.68893812670470211, 31.85409909235797343, -5.953094347945562248 ) ) ;
#1482 = DIRECTION ( 'NONE',  ( -1.000000000000000000, 0.000000000000000000, 0.000000000000000000 ) ) ;
#1483 = EDGE_CURVE ( 'NONE', #820, #690, #1610, .T. ) ;
#1484 = EDGE_CURVE ( 'NONE', #1903, #700, #4054, .T. ) ;
#1485 = ORIENTED_EDGE ( 'NONE', *, *, #4970, .T. ) ;
#1486 = ORIENTED_EDGE ( 'NONE', *, *, #5114, .F. ) ;
#1487 = VECTOR ( 'NONE', #1329, 1000.000000000000000 ) ;
#1488 = CARTESIAN_POINT ( 'NONE',  ( 10.99999999999999645, 27.71324838922809874, -29.37048822872306175 ) ) ;
#1489 = FACE_OUTER_BOUND ( 'NONE', #1751, .T. ) ;
#1490 = SURFACE_SIDE_STYLE ('',( #5156 ) ) ;
#1491 = DIRECTION ( 'NONE',  ( -0.000000000000000000, -1.000000000000000000, -0.000000000000000000 ) ) ;
#1492 = CIRCLE ( 'NONE', #2082, 2.250000000000000444 ) ;
#1493 = CARTESIAN_POINT ( 'NONE',  ( 61.28484107999289421, 5.024220329501763338, 21.52908578848575161 ) ) ;
#1494 = ORIENTED_EDGE ( 'NONE', *, *, #3889, .F. ) ;
#1495 = DIRECTION ( 'NONE',  ( -0.000000000000000000, 0.8241261886220141442, 0.5664062369248349382 ) ) ;
#1496 = VERTEX_POINT ( 'NONE', #3146 ) ;
#1497 = CARTESIAN_POINT ( 'NONE',  ( 8.524389850445013295, 29.28318843030466567, 23.28075196200541086 ) ) ;
#1498 = ORIENTED_EDGE ( 'NONE', *, *, #5122, .F. ) ;
#1499 = VECTOR ( 'NONE', #3174, 1000.000000000000000 ) ;
#1500 = PLANE ( 'NONE',  #1608 ) ;
#1501 = DIRECTION ( 'NONE',  ( 0.000000000000000000, 0.000000000000000000, 1.000000000000000000 ) ) ;
#1502 = AXIS2_PLACEMENT_3D ( 'NONE', #3922, #3091, #4247 ) ;
#1503 = DIRECTION ( 'NONE',  ( 0.06794757007086194012, -0.9969173337322696504, 0.03922954786392305465 ) ) ;
#1504 = ORIENTED_EDGE ( 'NONE', *, *, #1455, .T. ) ;
#1505 = VECTOR ( 'NONE', #4792, 1000.000000000000114 ) ;
#1506 = AXIS2_PLACEMENT_3D ( 'NONE', #3071, #1370, #2998 ) ;
#1507 = ADVANCED_FACE ( 'NONE', ( #407 ), #2746, .T. ) ;
#1508 = DIRECTION ( 'NONE',  ( -5.178279032766605754E-17, 0.8241261886220141442, 0.5664062369248349382 ) ) ;
#1509 = FACE_OUTER_BOUND ( 'NONE', #336, .T. ) ;
#1510 = CIRCLE ( 'NONE', #1072, 2.000000000000000888 ) ;
#1511 = ORIENTED_EDGE ( 'NONE', *, *, #79, .T. ) ;
#1512 = VERTEX_POINT ( 'NONE', #4405 ) ;
#1513 = CIRCLE ( 'NONE', #659, 20.00000000000000000 ) ;
#1514 = CIRCLE ( 'NONE', #1782, 2.000000000000002665 ) ;
#1515 = EDGE_CURVE ( 'NONE', #4510, #2247, #2404, .T. ) ;
#1516 = CARTESIAN_POINT ( 'NONE',  ( -17.38040075051335265, 32.36237614095869475, -15.41316579753670801 ) ) ;
#1517 = EDGE_CURVE ( 'NONE', #3921, #5211, #1983, .T. ) ;
#1518 = CARTESIAN_POINT ( 'NONE',  ( 49.32946049287458123, 15.12062001579814563, 41.18208321682251949 ) ) ;
#1519 = DIRECTION ( 'NONE',  ( -6.852701430534807504E-16, -0.3160250737565470924, -0.9487508380798242991 ) ) ;
#1520 = VECTOR ( 'NONE', #132, 1000.000000000000000 ) ;
#1521 = ADVANCED_FACE ( 'NONE', ( #2060 ), #37, .T. ) ;
#1522 = ADVANCED_FACE ( 'NONE', ( #3902, #5142 ), #3581, .F. ) ;
#1523 = CIRCLE ( 'NONE', #4850, 2.250000000000001776 ) ;
#1524 = LINE ( 'NONE', #1187, #4128 ) ;
#1525 = LINE ( 'NONE', #1547, #4314 ) ;
#1526 = VERTEX_POINT ( 'NONE', #299 ) ;
#1527 = CARTESIAN_POINT ( 'NONE',  ( 52.01022899047502790, -7.467592099638490133, 15.01701270928038490 ) ) ;
#1528 = ORIENTED_EDGE ( 'NONE', *, *, #4630, .F. ) ;
#1529 = ORIENTED_EDGE ( 'NONE', *, *, #1887, .F. ) ;
#1530 = DIRECTION ( 'NONE',  ( -0.8633557364849445692, -0.07845909573875187171, -0.4984586668665679787 ) ) ;
#1531 = CARTESIAN_POINT ( 'NONE',  ( -50.01618189917002866, 5.045138690938479442, 41.57856200542060776 ) ) ;
#1532 = DIRECTION ( 'NONE',  ( -0.000000000000000000, -1.000000000000000000, 0.000000000000000000 ) ) ;
#1533 = FACE_BOUND ( 'NONE', #1672, .T. ) ;
#1534 = ORIENTED_EDGE ( 'NONE', *, *, #5049, .T. ) ;
#1535 = VERTEX_POINT ( 'NONE', #1454 ) ;
#1536 = CARTESIAN_POINT ( 'NONE',  ( 15.80757502583628593, 32.60319383008193483, -14.69019789597351533 ) ) ;
#1537 = DIRECTION ( 'NONE',  ( 1.000000000000000000, -0.000000000000000000, 0.000000000000000000 ) ) ;
#1538 = VERTEX_POINT ( 'NONE', #261 ) ;
#1539 = ORIENTED_EDGE ( 'NONE', *, *, #3258, .F. ) ;
#1540 = ORIENTED_EDGE ( 'NONE', *, *, #4895, .T. ) ;
#1541 = CARTESIAN_POINT ( 'NONE',  ( 2.842170943040400743E-11, 25.00000000000000000, 1.640961672100260671E-11 ) ) ;
#1542 = DIRECTION ( 'NONE',  ( 0.8660254037844360431, 1.093955173361550972E-11, 0.5000000000000046629 ) ) ;
#1543 = DIRECTION ( 'NONE',  ( 0.000000000000000000, 0.000000000000000000, -1.000000000000000000 ) ) ;
#1544 = ADVANCED_FACE ( 'NONE', ( #2742 ), #1905, .T. ) ;
#1545 = ORIENTED_EDGE ( 'NONE', *, *, #576, .T. ) ;
#1546 = DIRECTION ( 'NONE',  ( 0.000000000000000000, 0.5664062369248350493, -0.8241261886220142552 ) ) ;
#1547 = CARTESIAN_POINT ( 'NONE',  ( -33.89614317037580804, 12.00000000012822099, 31.29015784828045099 ) ) ;
#1548 = VERTEX_POINT ( 'NONE', #1884 ) ;
#1549 = EDGE_CURVE ( 'NONE', #1297, #2511, #4698, .T. ) ;
#1550 = EDGE_CURVE ( 'NONE', #4509, #3662, #1062, .T. ) ;
#1551 = ORIENTED_EDGE ( 'NONE', *, *, #1844, .F. ) ;
#1552 = CARTESIAN_POINT ( 'NONE',  ( -4.105368303666497231E-10, 32.50000000000000000, -2.012061700153517351E-15 ) ) ;
#1553 = CARTESIAN_POINT ( 'NONE',  ( 19.69872981037463333, 31.93317768731912665, -11.37306695894633002 ) ) ;
#1554 = CARTESIAN_POINT ( 'NONE',  ( -8.660254038030787527, 29.50000000004375877, 8.999999999677202212 ) ) ;
#1555 = DIRECTION ( 'NONE',  ( 0.9976853269444136973, 0.06799991470449442965, 0.000000000000000000 ) ) ;
#1556 = ORIENTED_EDGE ( 'NONE', *, *, #3270, .T. ) ;
#1557 = CARTESIAN_POINT ( 'NONE',  ( 12.99999999999999645, 24.80206609774378279, -31.95824010675724836 ) ) ;
#1558 = DIRECTION ( 'NONE',  ( -0.5000000000000039968, -6.315870933078222391E-12, 0.8660254037844362651 ) ) ;
#1559 = ORIENTED_EDGE ( 'NONE', *, *, #5213, .F. ) ;
#1560 = EDGE_LOOP ( 'NONE', ( #3528, #3006, #1868, #5151, #3479, #455, #183 ) ) ;
#1561 = ORIENTED_EDGE ( 'NONE', *, *, #1844, .T. ) ;
#1562 = LINE ( 'NONE', #2286, #3903 ) ;
#1563 = CARTESIAN_POINT ( 'NONE',  ( 10.24999999999999822, 0.000000000000000000, 0.000000000000000000 ) ) ;
#1564 =( BOUNDED_SURFACE ( )  B_SPLINE_SURFACE ( 3, 2, ( 
 ( #2431, #3314, #2114 ),
 ( #1228, #2057, #3257 ),
 ( #1635, #3236, #3641 ),
 ( #413, #2037, #435 ),
 ( #457, #1616, #833 ),
 ( #2080, #4953, #2916 ) ),
 .UNSPECIFIED., .F., .F., .F. ) 
 B_SPLINE_SURFACE_WITH_KNOTS ( ( 4, 2, 4 ),
 ( 3, 3 ),
 ( 1.570796326794896558, 1.835676004652526450, 2.100555682510156341 ),
 ( 0.000000000000000000, 1.000000000000000000 ),
 .UNSPECIFIED. ) 
 GEOMETRIC_REPRESENTATION_ITEM ( )  RATIONAL_B_SPLINE_SURFACE ( (
 ( 1.000000000000000000, 0.7071067811865476838, 1.000000000000000000),
 ( 1.000000000000000000, 0.7169736630703713587, 1.000000000000000000),
 ( 1.000000000000000000, 0.7266260778128282860, 1.000000000000000000),
 ( 1.000000000000000000, 0.7449262982327257143, 1.000000000000000000),
 ( 1.000000000000000000, 0.7535740581800043358, 1.000000000000000000),
 ( 1.000000000000000000, 0.7614773767679584582, 1.000000000000000000) ) ) 
 REPRESENTATION_ITEM ( '' )  SURFACE ( )  );
#1565 = DIRECTION ( 'NONE',  ( 0.8660254037844387076, 0.000000000000000000, 0.4999999999999999445 ) ) ;
#1566 = EDGE_LOOP ( 'NONE', ( #854, #55, #4754, #24 ) ) ;
#1567 = AXIS2_PLACEMENT_3D ( 'NONE', #1823, #272, #3014 ) ;
#1568 = EDGE_CURVE ( 'NONE', #4080, #3697, #571, .T. ) ;
#1569 = CARTESIAN_POINT ( 'NONE',  ( -13.00000000000000000, 2.421922163168672260, -45.75381107385768331 ) ) ;
#1570 = CARTESIAN_POINT ( 'NONE',  ( 21.07753615446216600, 32.50000000026624747, -7.134689777006098410 ) ) ;
#1571 = AXIS2_PLACEMENT_3D ( 'NONE', #783, #3243, #1235 ) ;
#1572 = EDGE_LOOP ( 'NONE', ( #4138, #3885, #1304, #1504, #1498, #257, #3629, #417, #3968, #1060, #2497 ) ) ;
#1573 = ORIENTED_EDGE ( 'NONE', *, *, #2574, .T. ) ;
#1574 = DIRECTION ( 'NONE',  ( -0.000000000000000000, -1.000000000000000000, -0.000000000000000000 ) ) ;
#1575 = ORIENTED_EDGE ( 'NONE', *, *, #876, .T. ) ;
#1576 = PLANE ( 'NONE',  #4909 ) ;
#1577 = CIRCLE ( 'NONE', #886, 2.250000000000000000 ) ;
#1578 = CARTESIAN_POINT ( 'NONE',  ( 34.09755359395454377, 7.430480829895317996, -90.26215258861975599 ) ) ;
#1579 = EDGE_CURVE ( 'NONE', #236, #4345, #675, .T. ) ;
#1580 = ADVANCED_FACE ( 'NONE', ( #4860 ), #3608, .T. ) ;
#1581 = CARTESIAN_POINT ( 'NONE',  ( -10.14999999999999503, 2.560425558831677773, -52.51378295997704981 ) ) ;
#1582 = DIRECTION ( 'NONE',  ( -0.5000000000000039968, -6.315870933078224007E-12, 0.8660254037844363761 ) ) ;
#1583 = LINE ( 'NONE', #2350, #5010 ) ;
#1584 = FACE_OUTER_BOUND ( 'NONE', #538, .T. ) ;
#1585 = VECTOR ( 'NONE', #1402, 1000.000000000000000 ) ;
#1586 = EDGE_LOOP ( 'NONE', ( #1439, #3526, #788, #4156 ) ) ;
#1587 = CARTESIAN_POINT ( 'NONE',  ( -49.01618189917004997, 5.045138690963742789, 43.31061281298948984 ) ) ;
#1588 = DIRECTION ( 'NONE',  ( -0.000000000000000000, -1.000000000000000000, -0.000000000000000000 ) ) ;
#1589 = DIRECTION ( 'NONE',  ( 0.000000000000000000, 0.07845909572784590114, -0.9969173337331278528 ) ) ;
#1590 = AXIS2_PLACEMENT_3D ( 'NONE', #3596, #3161, #370 ) ;
#1591 = VECTOR ( 'NONE', #3981, 1000.000000000000114 ) ;
#1592 = ORIENTED_EDGE ( 'NONE', *, *, #1043, .F. ) ;
#1593 = ORIENTED_EDGE ( 'NONE', *, *, #3942, .T. ) ;
#1594 = CARTESIAN_POINT ( 'NONE',  ( -13.00000000000000000, 26.52011225444340781, -11.49204864359215073 ) ) ;
#1595 = VECTOR ( 'NONE', #1379, 1000.000000000000114 ) ;
#1596 = DIRECTION ( 'NONE',  ( -0.06794757007086194012, 0.9969173337322696504, -0.03922954786392304771 ) ) ;
#1597 = DIRECTION ( 'NONE',  ( -0.8216423276369129169, -0.3160250737565467594, 0.4743754190433617235 ) ) ;
#1598 = VECTOR ( 'NONE', #1420, 1000.000000000000114 ) ;
#1599 = CIRCLE ( 'NONE', #2441, 1.999999999999998224 ) ;
#1600 = FACE_OUTER_BOUND ( 'NONE', #2240, .T. ) ;
#1601 = CIRCLE ( 'NONE', #2370, 2.250000000000000888 ) ;
#1602 = COLOUR_RGB ( '',0.7921568627450980005, 0.8196078431372548767, 0.9333333333333333481 ) ;
#1603 = ORIENTED_EDGE ( 'NONE', *, *, #2489, .T. ) ;
#1604 = VERTEX_POINT ( 'NONE', #793 ) ;
#1605 = DIRECTION ( 'NONE',  ( -0.8633557364864382633, 0.07845909572784601216, 0.4984586668656976194 ) ) ;
#1606 = EDGE_CURVE ( 'NONE', #3296, #3932, #4886, .T. ) ;
#1607 = DIRECTION ( 'NONE',  ( -0.5000000000000039968, -6.323304638131087692E-12, 0.8660254037844363761 ) ) ;
#1608 = AXIS2_PLACEMENT_3D ( 'NONE', #2698, #3119, #4570 ) ;
#1609 = FACE_OUTER_BOUND ( 'NONE', #971, .T. ) ;
#1610 = LINE ( 'NONE', #2427, #3802 ) ;
#1611 = FACE_OUTER_BOUND ( 'NONE', #658, .T. ) ;
#1612 = AXIS2_PLACEMENT_3D ( 'NONE', #2403, #6, #4029 ) ;
#1613 = B_SPLINE_CURVE_WITH_KNOTS ( 'NONE', 3,
 ( #686, #738, #3994, #4017 ),
 .UNSPECIFIED., .F., .F.,
 ( 4, 4 ),
 ( 0.000000000000000000, 0.0005718104120830178440 ),
 .UNSPECIFIED. ) ;
#1614 = ORIENTED_EDGE ( 'NONE', *, *, #1909, .T. ) ;
#1615 = EDGE_CURVE ( 'NONE', #2401, #4632, #2452, .T. ) ;
#1616 = CARTESIAN_POINT ( 'NONE',  ( 22.03839350817417753, 32.36237614117905537, -7.345285679115086452 ) ) ;
#1617 = CARTESIAN_POINT ( 'NONE',  ( -19.69872981077818608, -2.488318110355443648E-10, -11.37306695894661601 ) ) ;
#1618 = DIRECTION ( 'NONE',  ( 0.000000000000000000, 0.3160250737565468704, 0.9487508380798244101 ) ) ;
#1619 = EDGE_CURVE ( 'NONE', #4510, #2415, #2073, .T. ) ;
#1620 = CARTESIAN_POINT ( 'NONE',  ( -40.92682725069401783, 2.560425558995899298, 38.64022172915783671 ) ) ;
#1621 = PLANE ( 'NONE',  #4809 ) ;
#1622 = VERTEX_POINT ( 'NONE', #402 ) ;
#1623 = DIRECTION ( 'NONE',  ( 0.06794757007086194012, -0.9969173337322696504, 0.03922954786392305465 ) ) ;
#1624 = ORIENTED_EDGE ( 'NONE', *, *, #926, .T. ) ;
#1625 = ORIENTED_EDGE ( 'NONE', *, *, #3366, .T. ) ;
#1626 = ORIENTED_EDGE ( 'NONE', *, *, #1107, .F. ) ;
#1627 =( BOUNDED_CURVE ( )  B_SPLINE_CURVE ( 3, ( #4126, #2074, #5000, #4588 ),
 .UNSPECIFIED., .F., .F. ) 
 B_SPLINE_CURVE_WITH_KNOTS ( ( 4, 4 ),
 ( 1.133849269965828688, 1.570796326794896558 ),
 .UNSPECIFIED. ) 
 CURVE ( )  GEOMETRIC_REPRESENTATION_ITEM ( )  RATIONAL_B_SPLINE_CURVE ( ( 1.000000000000000000, 0.9841529556955403990, 0.9841529556955403990, 1.000000000000000000 ) ) 
 REPRESENTATION_ITEM ( '' )  );
#1628 = ORIENTED_EDGE ( 'NONE', *, *, #2359, .F. ) ;
#1629 = DIRECTION ( 'NONE',  ( -1.000000000000000000, 0.000000000000000000, 0.000000000000000000 ) ) ;
#1630 = LINE ( 'NONE', #3555, #2372 ) ;
#1631 = EDGE_CURVE ( 'NONE', #52, #4182, #56, .T. ) ;
#1632 = CARTESIAN_POINT ( 'NONE',  ( -8.660254038049700398, 32.50000000000000000, 4.999999999644381354 ) ) ;
#1633 = CARTESIAN_POINT ( 'NONE',  ( 10.15000000000000391, 2.560425558831677773, -52.51378295997704981 ) ) ;
#1634 = ORIENTED_EDGE ( 'NONE', *, *, #86, .F. ) ;
#1635 = CARTESIAN_POINT ( 'NONE',  ( 30.64793074069744350, 26.33120978345676377, 2.004437506994540374 ) ) ;
#1636 = EDGE_CURVE ( 'NONE', #1903, #2395, #3251, .T. ) ;
#1637 = CARTESIAN_POINT ( 'NONE',  ( -3.518806500847880159, 32.50000000021997693, 22.13919487438874967 ) ) ;
#1638 = ORIENTED_EDGE ( 'NONE', *, *, #2939, .T. ) ;
#1639 = DIRECTION ( 'NONE',  ( 0.8633557364849446802, 0.07845909573875187171, 0.4984586668665679232 ) ) ;
#1640 = DIRECTION ( 'NONE',  ( 0.000000000000000000, 0.9969173337331278528, 0.07845909572784590114 ) ) ;
#1641 = ADVANCED_FACE ( 'NONE', ( #2849 ), #1138, .F. ) ;
#1642 = EDGE_CURVE ( 'NONE', #760, #3662, #2424, .T. ) ;
#1643 = LINE ( 'NONE', #4541, #4744 ) ;
#1644 = EDGE_LOOP ( 'NONE', ( #1045, #1245 ) ) ;
#1645 = CARTESIAN_POINT ( 'NONE',  ( -21.02419259457927936, 32.49999999979649346, -6.465109902426257271 ) ) ;
#1646 = ORIENTED_EDGE ( 'NONE', *, *, #4437, .F. ) ;
#1647 = EDGE_LOOP ( 'NONE', ( #894, #281 ) ) ;
#1648 = VERTEX_POINT ( 'NONE', #4 ) ;
#1649 = CARTESIAN_POINT ( 'NONE',  ( -5.047624216619410298, 32.50000000020066437, 21.25725839930040451 ) ) ;
#1650 = ORIENTED_EDGE ( 'NONE', *, *, #3926, .T. ) ;
#1651 = ORIENTED_EDGE ( 'NONE', *, *, #2841, .T. ) ;
#1652 = CARTESIAN_POINT ( 'NONE',  ( -50.80217569641438757, -6.486853403558451525, 42.03235573600921526 ) ) ;
#1653 = AXIS2_PLACEMENT_3D ( 'NONE', #2050, #3579, #3656 ) ;
#1654 = CYLINDRICAL_SURFACE ( 'NONE', #3652, 2.250000000000000888 ) ;
#1655 = CARTESIAN_POINT ( 'NONE',  ( -16.79336442342523839, -1.952349823041320986, 24.70676046942250181 ) ) ;
#1656 = DIRECTION ( 'NONE',  ( 0.000000000000000000, 0.000000000000000000, -1.000000000000000000 ) ) ;
#1657 = CARTESIAN_POINT ( 'NONE',  ( 2.249999999999996447, 1.052032095989828830, -90.26215258861975599 ) ) ;
#1658 = ORIENTED_EDGE ( 'NONE', *, *, #123, .T. ) ;
#1659 = VECTOR ( 'NONE', #2088, 1000.000000000000000 ) ;
#1660 = EDGE_LOOP ( 'NONE', ( #3783, #2450 ) ) ;
#1661 = FACE_OUTER_BOUND ( 'NONE', #4561, .T. ) ;
#1662 = DIRECTION ( 'NONE',  ( -0.8660254037844425934, 0.000000000000000000, 0.4999999999999933942 ) ) ;
#1663 = VECTOR ( 'NONE', #3757, 1000.000000000000000 ) ;
#1664 = CARTESIAN_POINT ( 'NONE',  ( 11.00000000000000178, 6.803577524191676495, -92.14420273613285417 ) ) ;
#1665 = ORIENTED_EDGE ( 'NONE', *, *, #1299, .F. ) ;
#1666 = EDGE_CURVE ( 'NONE', #1684, #4846, #354, .T. ) ;
#1667 = CARTESIAN_POINT ( 'NONE',  ( -6.500000000000053291, -8.210632213001690562E-11, 11.25833024919767311 ) ) ;
#1668 = DIRECTION ( 'NONE',  ( -1.000000000000000000, 4.163336342344337027E-16, 0.000000000000000000 ) ) ;
#1669 = DIRECTION ( 'NONE',  ( -0.8660254037844428154, 1.927470528863119049E-16, 0.4999999999999926725 ) ) ;
#1670 = CARTESIAN_POINT ( 'NONE',  ( 0.000000000000000000, 0.000000000000000000, -0.000000000000000000 ) ) ;
#1671 = VECTOR ( 'NONE', #277, 999.9999999999998863 ) ;
#1672 = EDGE_LOOP ( 'NONE', ( #4724, #1431 ) ) ;
#1673 = EDGE_CURVE ( 'NONE', #1648, #1401, #4225, .T. ) ;
#1674 = EDGE_CURVE ( 'NONE', #3342, #3177, #237, .T. ) ;
#1675 = CIRCLE ( 'NONE', #2265, 20.00000000000000711 ) ;
#1676 = AXIS2_PLACEMENT_3D ( 'NONE', #2239, #2193, #2619 ) ;
#1677 = FILL_AREA_STYLE ('',( #49 ) ) ;
#1678 = CARTESIAN_POINT ( 'NONE',  ( -6.711696879452595965, 19.50000000000000355, 3.874999999786615135 ) ) ;
#1679 = CARTESIAN_POINT ( 'NONE',  ( 37.99999999970583531, 23.27268265779111545, 6.928203230275595814 ) ) ;
#1680 = ORIENTED_EDGE ( 'NONE', *, *, #1673, .T. ) ;
#1681 = AXIS2_PLACEMENT_3D ( 'NONE', #970, #5127, #4653 ) ;
#1682 = AXIS2_PLACEMENT_3D ( 'NONE', #1741, #3712, #94 ) ;
#1683 = ORIENTED_EDGE ( 'NONE', *, *, #2312, .F. ) ;
#1684 = VERTEX_POINT ( 'NONE', #1652 ) ;
#1685 = EDGE_CURVE ( 'NONE', #2790, #315, #5261, .T. ) ;
#1686 = EDGE_CURVE ( 'NONE', #3427, #2113, #4299, .T. ) ;
#1687 = CARTESIAN_POINT ( 'NONE',  ( 48.75266320374880991, -1.994556770267664092, 13.13625622545098359 ) ) ;
#1688 = VECTOR ( 'NONE', #1197, 1000.000000000000000 ) ;
#1689 = CIRCLE ( 'NONE', #1346, 2.250000000000001776 ) ;
#1690 = DIRECTION ( 'NONE',  ( -0.8660254037844363761, -1.094032272182705910E-11, -0.5000000000000039968 ) ) ;
#1691 = DIRECTION ( 'NONE',  ( 0.8660254037844433705, -1.084202172485504434E-16, -0.4999999999999918954 ) ) ;
#1692 = DIRECTION ( 'NONE',  ( 0.000000000000000000, 0.000000000000000000, 1.000000000000000000 ) ) ;
#1693 = CARTESIAN_POINT ( 'NONE',  ( 19.69872981046222193, 25.00000000024883917, -11.37306695894633357 ) ) ;
#1694 = CIRCLE ( 'NONE', #4671, 20.00000000000000355 ) ;
#1695 = ORIENTED_EDGE ( 'NONE', *, *, #3440, .T. ) ;
#1696 = EDGE_LOOP ( 'NONE', ( #28, #4669, #722, #4118 ) ) ;
#1697 = CARTESIAN_POINT ( 'NONE',  ( -11.00000000000000000, 6.347918951175414826, -93.51215258861977020 ) ) ;
#1698 = CIRCLE ( 'NONE', #3743, 3.750000000000001776 ) ;
#1699 = DIRECTION ( 'NONE',  ( -0.8216423276369145823, -0.3160250737565459267, 0.4743754190433596696 ) ) ;
#1700 = VERTEX_POINT ( 'NONE', #4503 ) ;
#1701 = CARTESIAN_POINT ( 'NONE',  ( -61.80217569641420994, -6.486853403836353671, 22.97979685275145556 ) ) ;
#1702 = CARTESIAN_POINT ( 'NONE',  ( -8.660254038049735925, 32.50000000004375522, 8.999999999644382243 ) ) ;
#1703 = LINE ( 'NONE', #921, #2281 ) ;
#1704 = CARTESIAN_POINT ( 'NONE',  ( 9.499999999999998224, 7.430480829895317996, -90.26215258861975599 ) ) ;
#1705 = EDGE_LOOP ( 'NONE', ( #3410, #2116 ) ) ;
#1706 = ORIENTED_EDGE ( 'NONE', *, *, #5212, .F. ) ;
#1707 = LINE ( 'NONE', #2149, #1753 ) ;
#1708 = CARTESIAN_POINT ( 'NONE',  ( -20.99004196220833052, 32.49999999979790033, -6.355819131547844059 ) ) ;
#1709 = DIRECTION ( 'NONE',  ( 0.000000000000000000, 0.000000000000000000, 1.000000000000000000 ) ) ;
#1710 = EDGE_CURVE ( 'NONE', #3148, #2417, #1330, .T. ) ;
#1711 = ORIENTED_EDGE ( 'NONE', *, *, #4978, .F. ) ;
#1712 = ORIENTED_EDGE ( 'NONE', *, *, #4876, .F. ) ;
#1713 = LINE ( 'NONE', #4967, #2506 ) ;
#1714 = LINE ( 'NONE', #5133, #3908 ) ;
#1715 = CARTESIAN_POINT ( 'NONE',  ( -10.24999999999999822, 2.769193323034216281, -77.76215258861977020 ) ) ;
#1716 = EDGE_CURVE ( 'NONE', #2501, #623, #4428, .T. ) ;
#1717 = ADVANCED_FACE ( 'NONE', ( #2378, #5239 ), #1576, .F. ) ;
#1718 = DIRECTION ( 'NONE',  ( 1.000000000000000000, 0.000000000000000000, -0.000000000000000000 ) ) ;
#1719 = CARTESIAN_POINT ( 'NONE',  ( -13.00000000000000000, -4.243854759195755832, -91.51215258861977020 ) ) ;
#1720 = VERTEX_POINT ( 'NONE', #1276 ) ;
#1721 = VERTEX_POINT ( 'NONE', #4969 ) ;
#1722 = DIRECTION ( 'NONE',  ( -3.156763045408817328E-12, 1.000000000000000000, 5.467673982103870457E-12 ) ) ;
#1723 = ORIENTED_EDGE ( 'NONE', *, *, #2815, .T. ) ;
#1724 = CARTESIAN_POINT ( 'NONE',  ( -11.00000000000000000, 4.906075848032020126, -91.51215258861977020 ) ) ;
#1725 = CARTESIAN_POINT ( 'NONE',  ( -13.00000000000000000, -1.994556770883506136, -48.78917294929691195 ) ) ;
#1726 = CARTESIAN_POINT ( 'NONE',  ( -8.660254038030752000, 29.50000000000000355, 4.999999999677200435 ) ) ;
#1727 = ORIENTED_EDGE ( 'NONE', *, *, #5121, .T. ) ;
#1728 = VERTEX_POINT ( 'NONE', #4587 ) ;
#1729 = DIRECTION ( 'NONE',  ( 0.000000000000000000, -0.000000000000000000, 1.000000000000000000 ) ) ;
#1730 = CARTESIAN_POINT ( 'NONE',  ( 13.00000000000000000, 9.333567967613195293, -65.27169672173720016 ) ) ;
#1731 = DIRECTION ( 'NONE',  ( -0.4999999999999918954, -1.263194347951958964E-11, -0.8660254037844433705 ) ) ;
#1732 = ORIENTED_EDGE ( 'NONE', *, *, #1752, .T. ) ;
#1733 = ORIENTED_EDGE ( 'NONE', *, *, #3401, .F. ) ;
#1734 = ORIENTED_EDGE ( 'NONE', *, *, #1212, .T. ) ;
#1735 = LINE ( 'NONE', #4995, #1487 ) ;
#1736 = ORIENTED_EDGE ( 'NONE', *, *, #4794, .T. ) ;
#1737 = EDGE_CURVE ( 'NONE', #276, #4610, #1421, .T. ) ;
#1738 = DIRECTION ( 'NONE',  ( 0.8660254037844385966, 0.000000000000000000, 0.5000000000000000000 ) ) ;
#1739 = FACE_OUTER_BOUND ( 'NONE', #1154, .T. ) ;
#1740 = FACE_OUTER_BOUND ( 'NONE', #2128, .T. ) ;
#1741 = CARTESIAN_POINT ( 'NONE',  ( 52.92611468961908372, 4.809761404284548902, 30.55690656324798127 ) ) ;
#1742 = CARTESIAN_POINT ( 'NONE',  ( -2.018471580378519468E-10, 31.93317768731912665, 22.74613391754340697 ) ) ;
#1743 = ORIENTED_EDGE ( 'NONE', *, *, #1460, .T. ) ;
#1744 = ORIENTED_EDGE ( 'NONE', *, *, #1447, .T. ) ;
#1745 = VERTEX_POINT ( 'NONE', #2505 ) ;
#1746 = ADVANCED_FACE ( 'NONE', ( #113 ), #141, .F. ) ;
#1747 = EDGE_CURVE ( 'NONE', #4830, #2465, #3630, .T. ) ;
#1748 = DIRECTION ( 'NONE',  ( 0.000000000000000000, 0.000000000000000000, 1.000000000000000000 ) ) ;
#1749 = CIRCLE ( 'NONE', #3793, 20.00000000000000711 ) ;
#1750 = ORIENTED_EDGE ( 'NONE', *, *, #4680, .F. ) ;
#1751 = EDGE_LOOP ( 'NONE', ( #2000, #3001, #4857, #4531, #3639 ) ) ;
#1752 = EDGE_CURVE ( 'NONE', #5226, #3487, #541, .T. ) ;
#1753 = VECTOR ( 'NONE', #4178, 1000.000000000000000 ) ;
#1754 = CARTESIAN_POINT ( 'NONE',  ( -9.939339828220173700, -6.113020296280468280, -69.76215258861975599 ) ) ;
#1755 = CARTESIAN_POINT ( 'NONE',  ( -8.660254038030752000, 29.50000000000000355, 4.999999999677200435 ) ) ;
#1756 = CARTESIAN_POINT ( 'NONE',  ( -4.033813056332780817E-10, 31.93317768707020576, 22.74613391789304373 ) ) ;
#1757 = DIRECTION ( 'NONE',  ( -0.7137142152742914636, 0.5664062369248349382, 0.4120630943048042005 ) ) ;
#1758 = AXIS2_PLACEMENT_3D ( 'NONE', #4805, #5219, #2034 ) ;
#1759 = ORIENTED_EDGE ( 'NONE', *, *, #2024, .F. ) ;
#1760 = ORIENTED_EDGE ( 'NONE', *, *, #47, .T. ) ;
#1761 = LINE ( 'NONE', #2635, #1520 ) ;
#1762 = DIRECTION ( 'NONE',  ( 0.06794757005197310518, 0.9969173337331280749, -0.03922954787482792194 ) ) ;
#1763 = VECTOR ( 'NONE', #3073, 1000.000000000000114 ) ;
#1764 = CARTESIAN_POINT ( 'NONE',  ( -17.05985917204183622, 26.33120978323660921, 25.53966784137389823 ) ) ;
#1765 = CARTESIAN_POINT ( 'NONE',  ( 9.750000000000028422, 32.50000000000000000, 5.629165124598839220 ) ) ;
#1766 = LINE ( 'NONE', #3383, #248 ) ;
#1767 = VERTEX_POINT ( 'NONE', #3389 ) ;
#1768 = VERTEX_POINT ( 'NONE', #3791 ) ;
#1769 = AXIS2_PLACEMENT_3D ( 'NONE', #4716, #765, #4818 ) ;
#1770 = DIRECTION ( 'NONE',  ( 6.315870933078122225E-12, -1.000000000000000000, 1.093963277049189342E-11 ) ) ;
#1771 = CIRCLE ( 'NONE', #3467, 2.250000000000001776 ) ;
#1772 = FACE_OUTER_BOUND ( 'NONE', #3181, .T. ) ;
#1773 = DIRECTION ( 'NONE',  ( 0.4999999999999919509, 1.263194347951959125E-11, 0.8660254037844434816 ) ) ;
#1774 = CARTESIAN_POINT ( 'NONE',  ( -50.02694750919724243, 9.333567967777417707, 43.89417860996373122 ) ) ;
#1775 = VECTOR ( 'NONE', #3129, 1000.000000000000000 ) ;
#1776 = VECTOR ( 'NONE', #61, 1000.000000000000000 ) ;
#1777 = PLANE ( 'NONE',  #69 ) ;
#1778 = EDGE_CURVE ( 'NONE', #4516, #4330, #3458, .T. ) ;
#1779 = PLANE ( 'NONE',  #4749 ) ;
#1780 = ORIENTED_EDGE ( 'NONE', *, *, #4680, .T. ) ;
#1781 = VECTOR ( 'NONE', #2222, 1000.000000000000000 ) ;
#1782 = AXIS2_PLACEMENT_3D ( 'NONE', #5166, #2322, #302 ) ;
#1783 = CARTESIAN_POINT ( 'NONE',  ( -19.69872981077800489, 31.93317768707029103, -11.37306695894633002 ) ) ;
#1784 = AXIS2_PLACEMENT_3D ( 'NONE', #3433, #613, #3380 ) ;
#1785 = AXIS2_PLACEMENT_3D ( 'NONE', #1670, #2442, #4898 ) ;
#1786 = ADVANCED_FACE ( 'NONE', ( #1772 ), #177, .F. ) ;
#1787 = ORIENTED_EDGE ( 'NONE', *, *, #2121, .T. ) ;
#1788 = CIRCLE ( 'NONE', #1348, 2.250000000000000888 ) ;
#1789 = LINE ( 'NONE', #1725, #2935 ) ;
#1790 = DIRECTION ( 'NONE',  ( -0.8660254037844363761, -1.094032272182705910E-11, -0.5000000000000039968 ) ) ;
#1791 = FACE_BOUND ( 'NONE', #3604, .T. ) ;
#1792 = ADVANCED_FACE ( 'NONE', ( #4554 ), #3638, .F. ) ;
#1793 = ADVANCED_FACE ( 'NONE', ( #2778 ), #4864, .F. ) ;
#1794 = ORIENTED_EDGE ( 'NONE', *, *, #634, .F. ) ;
#1795 = CARTESIAN_POINT ( 'NONE',  ( 34.09755359395454377, -6.113020296280467392, -69.76215258861975599 ) ) ;
#1796 = DIRECTION ( 'NONE',  ( 0.8660254037844363761, 0.000000000000000000, -0.5000000000000039968 ) ) ;
#1797 = CARTESIAN_POINT ( 'NONE',  ( -21.17664779285443188, 24.80206609791746075, 27.23745030230655217 ) ) ;
#1798 = FILL_AREA_STYLE ('',( #1121 ) ) ;
#1799 = VERTEX_POINT ( 'NONE', #1175 ) ;
#1800 = DIRECTION ( 'NONE',  ( -0.000000000000000000, -1.000000000000000000, -0.000000000000000000 ) ) ;
#1801 = ORIENTED_EDGE ( 'NONE', *, *, #3535, .T. ) ;
#1802 = CARTESIAN_POINT ( 'NONE',  ( 51.97827009213009575, 2.560425559488265446, 14.99856123079106673 ) ) ;
#1803 = B_SPLINE_CURVE_WITH_KNOTS ( 'NONE', 3,
 ( #2894, #3718, #97, #2434, #4061, #416, #2041, #1637, #3259, #4893, #4681, #3000, #1811, #1373 ),
 .UNSPECIFIED., .F., .F.,
 ( 4, 2, 2, 2, 2, 2, 4 ),
 ( 0.000000000000000000, 0.0003363531214915927293, 0.0006727062429831854587, 0.001345412485966376338, 0.002690824971932758315, 0.004036237457899138556, 0.005381649943865517496 ),
 .UNSPECIFIED. ) ;
#1804 = DIRECTION ( 'NONE',  ( -0.8216423276428942435, 0.3160250737461678949, -0.4743754190399160908 ) ) ;
#1805 = CARTESIAN_POINT ( 'NONE',  ( 53.92682725064507565, 2.560425559512879534, 16.12356123079107917 ) ) ;
#1806 = FACE_OUTER_BOUND ( 'NONE', #5263, .T. ) ;
#1807 = ORIENTED_EDGE ( 'NONE', *, *, #545, .F. ) ;
#1808 = CARTESIAN_POINT ( 'NONE',  ( 9.107762469080526557, 30.97451631460124233, 23.38431730846213696 ) ) ;
#1809 = VERTEX_POINT ( 'NONE', #2459 ) ;
#1810 = ORIENTED_EDGE ( 'NONE', *, *, #3502, .F. ) ;
#1811 = CARTESIAN_POINT ( 'NONE',  ( -0.4448788799949247030, 32.50000000024479618, 22.63469525182319941 ) ) ;
#1812 = ORIENTED_EDGE ( 'NONE', *, *, #4828, .T. ) ;
#1813 = EDGE_CURVE ( 'NONE', #4463, #2027, #2382, .T. ) ;
#1814 = CARTESIAN_POINT ( 'NONE',  ( 10.24999999999999822, -4.558661586494233475, -89.51215258861975599 ) ) ;
#1815 = DIRECTION ( 'NONE',  ( 0.4999999999991312505, 0.000000000000000000, 0.8660254037849401954 ) ) ;
#1816 = ORIENTED_EDGE ( 'NONE', *, *, #1389, .T. ) ;
#1817 = EDGE_CURVE ( 'NONE', #623, #938, #5003, .T. ) ;
#1818 = DIRECTION ( 'NONE',  ( 8.673617379884034239E-17, 0.000000000000000000, -1.000000000000000000 ) ) ;
#1819 = EDGE_CURVE ( 'NONE', #1767, #2219, #3444, .T. ) ;
#1820 = LINE ( 'NONE', #3008, #1053 ) ;
#1821 = DIRECTION ( 'NONE',  ( -0.5000000000000039968, -6.315911376115980425E-12, 0.8660254037844364872 ) ) ;
#1822 = DIRECTION ( 'NONE',  ( 0.000000000000000000, 0.000000000000000000, 1.000000000000000000 ) ) ;
#1823 = CARTESIAN_POINT ( 'NONE',  ( -13.00000000000000000, 2.560425558831677773, -52.51378295997704981 ) ) ;
#1824 = APPLICATION_PROTOCOL_DEFINITION ( 'draft international standard', 'automotive_design', 1998, #768 ) ;
#1825 = FACE_OUTER_BOUND ( 'NONE', #2437, .T. ) ;
#1826 = DIRECTION ( 'NONE',  ( 0.8660254037844363761, -4.625929269271485914E-16, -0.5000000000000039968 ) ) ;
#1827 = B_SPLINE_CURVE_WITH_KNOTS ( 'NONE', 3,
 ( #1295, #2447, #4115, #473, #505, #2874, #423, #1268, #445, #4581, #2901, #1645, #1708, #4497 ),
 .UNSPECIFIED., .F., .F.,
 ( 4, 2, 2, 2, 2, 2, 4 ),
 ( 0.000000000000000000, 0.001332396190605034158, 0.002664792381210068315, 0.003997188571815102689, 0.004663386667117616624, 0.004996485714768875326, 0.005329584762420134028 ),
 .UNSPECIFIED. ) ;
#1828 = CARTESIAN_POINT ( 'NONE',  ( 15.88551368070552350, 32.50000000000000000, -14.99999999999999467 ) ) ;
#1829 = LINE ( 'NONE', #3443, #2690 ) ;
#1830 = EDGE_LOOP ( 'NONE', ( #4820, #3777, #2504, #232, #4056, #3306 ) ) ;
#1831 = EDGE_LOOP ( 'NONE', ( #4176, #925, #4331, #4848, #1614, #3338, #2532 ) ) ;
#1832 = CYLINDRICAL_SURFACE ( 'NONE', #2962, 50.00000000000000711 ) ;
#1833 = ORIENTED_EDGE ( 'NONE', *, *, #1974, .T. ) ;
#1834 = DIRECTION ( 'NONE',  ( 1.000000000000000000, 1.263193535385782996E-11, 4.329869796038108930E-15 ) ) ;
#1835 = CARTESIAN_POINT ( 'NONE',  ( -47.28947042619716257, 4.888220499508054040, 42.31369547925807950 ) ) ;
#1836 = DIRECTION ( 'NONE',  ( -1.000000000000000000, 0.000000000000000000, -4.406789489600479874E-15 ) ) ;
#1837 = EDGE_CURVE ( 'NONE', #3578, #2964, #1854, .T. ) ;
#1838 = ORIENTED_EDGE ( 'NONE', *, *, #3800, .T. ) ;
#1839 = DIRECTION ( 'NONE',  ( 0.06794757007086194012, -0.9969173337322696504, 0.03922954786392305465 ) ) ;
#1840 = DIRECTION ( 'NONE',  ( -0.000000000000000000, -0.000000000000000000, -1.000000000000000000 ) ) ;
#1841 = LINE ( 'NONE', #3888, #1162 ) ;
#1842 = FACE_OUTER_BOUND ( 'NONE', #1852, .T. ) ;
#1843 = AXIS2_PLACEMENT_3D ( 'NONE', #607, #4735, #2224 ) ;
#1844 = EDGE_CURVE ( 'NONE', #4218, #3261, #841, .T. ) ;
#1845 = CARTESIAN_POINT ( 'NONE',  ( 24.56899659385302570, 15.92795904990056144, 29.19602379622666533 ) ) ;
#1846 = ORIENTED_EDGE ( 'NONE', *, *, #1737, .T. ) ;
#1847 = LINE ( 'NONE', #3470, #742 ) ;
#1848 = CARTESIAN_POINT ( 'NONE',  ( -18.58197012389588920, 32.49999999999999289, -12.77641158515184650 ) ) ;
#1849 = VECTOR ( 'NONE', #3276, 1000.000000000000114 ) ;
#1850 = EDGE_CURVE ( 'NONE', #3578, #4891, #1452, .T. ) ;
#1851 = CARTESIAN_POINT ( 'NONE',  ( 2.755455298081543792E-16, 19.50000000000000355, -12.25000000000000000 ) ) ;
#1852 = EDGE_LOOP ( 'NONE', ( #19, #2915, #5119, #4645 ) ) ;
#1853 = EDGE_CURVE ( 'NONE', #3207, #1496, #5064, .T. ) ;
#1854 = LINE ( 'NONE', #989, #4048 ) ;
#1855 = ORIENTED_EDGE ( 'NONE', *, *, #4734, .F. ) ;
#1856 = EDGE_LOOP ( 'NONE', ( #4223, #4436, #3960, #1706, #1665 ) ) ;
#1857 = VECTOR ( 'NONE', #2282, 1000.000000000000000 ) ;
#1858 = VECTOR ( 'NONE', #4674, 1000.000000000000114 ) ;
#1859 = CARTESIAN_POINT ( 'NONE',  ( -13.00000000000000000, -0.000000000000000000, -36.37306695894624653 ) ) ;
#1860 = FACE_OUTER_BOUND ( 'NONE', #1830, .T. ) ;
#1861 = AXIS2_PLACEMENT_3D ( 'NONE', #4195, #5067, #4222 ) ;
#1862 = VERTEX_POINT ( 'NONE', #2194 ) ;
#1863 = AXIS2_PLACEMENT_3D ( 'NONE', #245, #3413, #1443 ) ;
#1864 = CARTESIAN_POINT ( 'NONE',  ( 10.15000000000000746, -6.624156821221136582, -63.26754725458678763 ) ) ;
#1865 = VECTOR ( 'NONE', #797, 999.9999999999998863 ) ;
#1866 = CIRCLE ( 'NONE', #4840, 2.000000000000000444 ) ;
#1867 = DIRECTION ( 'NONE',  ( 0.06794757005197109290, 0.9969173337331280749, -0.03922954787482726968 ) ) ;
#1868 = ORIENTED_EDGE ( 'NONE', *, *, #4574, .T. ) ;
#1869 = ORIENTED_EDGE ( 'NONE', *, *, #4044, .F. ) ;
#1870 = CIRCLE ( 'NONE', #3127, 2.249999999999997780 ) ;
#1871 = CARTESIAN_POINT ( 'NONE',  ( -22.03839350889698423, 32.36237614066416768, -7.345285679519697020 ) ) ;
#1872 = CARTESIAN_POINT ( 'NONE',  ( -2.250000000000003109, 1.052032095989828608, -93.51215258861977020 ) ) ;
#1873 = CARTESIAN_POINT ( 'NONE',  ( -17.67228417106499094, 28.10927142214561769, 25.75385090875488459 ) ) ;
#1874 = ADVANCED_FACE ( 'NONE', ( #4701 ), #4677, .F. ) ;
#1875 = CARTESIAN_POINT ( 'NONE',  ( 11.00000000000000000, 23.27268265731090580, -36.37306695894682207 ) ) ;
#1876 = CARTESIAN_POINT ( 'NONE',  ( -53.92682725069381178, 2.560425558667469126, 16.12356123076230929 ) ) ;
#1877 = EDGE_CURVE ( 'NONE', #5066, #521, #643, .T. ) ;
#1878 = DIRECTION ( 'NONE',  ( 0.000000000000000000, 1.000000000000000000, 0.000000000000000000 ) ) ;
#1879 = CARTESIAN_POINT ( 'NONE',  ( -9.499999999999994671, 14.25894806489778688, -69.76215258861975599 ) ) ;
#1880 = DIRECTION ( 'NONE',  ( -0.000000000000000000, 1.000000000000000000, -0.000000000000000000 ) ) ;
#1881 = CARTESIAN_POINT ( 'NONE',  ( 7.285993797462928079, -11.53199209440493611, -10.80453651873520293 ) ) ;
#1882 = ORIENTED_EDGE ( 'NONE', *, *, #5148, .T. ) ;
#1883 = VERTEX_POINT ( 'NONE', #4216 ) ;
#1884 = CARTESIAN_POINT ( 'NONE',  ( -10.14999999999999680, 16.39876268299294182, -34.84900919309321665 ) ) ;
#1885 = DIRECTION ( 'NONE',  ( -1.000000000000000000, 2.602085213965210642E-15, 0.000000000000000000 ) ) ;
#1886 = EDGE_CURVE ( 'NONE', #1799, #3424, #1424, .T. ) ;
#1887 = EDGE_CURVE ( 'NONE', #847, #207, #1017, .T. ) ;
#1888 = PLANE ( 'NONE',  #4837 ) ;
#1889 = ORIENTED_EDGE ( 'NONE', *, *, #4021, .F. ) ;
#1890 = CARTESIAN_POINT ( 'NONE',  ( -8.660254038030752000, 32.50000000000000000, 4.999999999677200435 ) ) ;
#1891 = DIRECTION ( 'NONE',  ( 0.000000000000000000, 1.000000000000000000, 0.000000000000000000 ) ) ;
#1892 = ORIENTED_EDGE ( 'NONE', *, *, #3271, .F. ) ;
#1893 = VERTEX_POINT ( 'NONE', #4266 ) ;
#1894 = CARTESIAN_POINT ( 'NONE',  ( 15.88551368070552350, 32.50000000000000000, -14.99999999999999467 ) ) ;
#1895 = CARTESIAN_POINT ( 'NONE',  ( 50.80217569653673593, -6.486853403055675926, 42.03235573593894969 ) ) ;
#1896 = CARTESIAN_POINT ( 'NONE',  ( 10.24999999999999822, 2.769193323034216281, -82.26215258861977020 ) ) ;
#1897 = CARTESIAN_POINT ( 'NONE',  ( 24.99999999980239096, 15.66018860909067989, 29.44486372867122981 ) ) ;
#1898 = LINE ( 'NONE', #2236, #4292 ) ;
#1899 = CARTESIAN_POINT ( 'NONE',  ( 8.673617379884035472E-16, 32.50000000000000000, -1.734723475976807094E-15 ) ) ;
#1900 = LINE ( 'NONE', #2664, #2111 ) ;
#1901 = VERTEX_POINT ( 'NONE', #3499 ) ;
#1902 = DIRECTION ( 'NONE',  ( 1.000000000000000000, 0.000000000000000000, 0.000000000000000000 ) ) ;
#1903 = VERTEX_POINT ( 'NONE', #3048 ) ;
#1904 = ADVANCED_FACE ( 'NONE', ( #5161 ), #2852, .T. ) ;
#1905 = CYLINDRICAL_SURFACE ( 'NONE', #3370, 20.00000000000000711 ) ;
#1906 = CARTESIAN_POINT ( 'NONE',  ( -10.24999999999999822, 14.00912609288550215, -70.51215258861975599 ) ) ;
#1907 = CARTESIAN_POINT ( 'NONE',  ( 19.69872981077818608, 0.000000000000000000, -11.37306695894661068 ) ) ;
#1908 = ORIENTED_EDGE ( 'NONE', *, *, #3856, .F. ) ;
#1909 = EDGE_CURVE ( 'NONE', #1397, #2343, #4737, .T. ) ;
#1910 = ADVANCED_FACE ( 'NONE', ( #4026, #3142, #3229, #5217 ), #377, .T. ) ;
#1911 = CARTESIAN_POINT ( 'NONE',  ( 48.15012050409275446, 16.86120350048721050, 40.50119095684593873 ) ) ;
#1912 = FACE_OUTER_BOUND ( 'NONE', #2754, .T. ) ;
#1913 = CARTESIAN_POINT ( 'NONE',  ( -9.939339828220173700, -4.499635306375769694, -90.26215258861974178 ) ) ;
#1914 = DIRECTION ( 'NONE',  ( -6.315870933078123032E-12, 1.000000000000000000, -1.093963277049189504E-11 ) ) ;
#1915 = EDGE_CURVE ( 'NONE', #3592, #5266, #5267, .T. ) ;
#1916 = ORIENTED_EDGE ( 'NONE', *, *, #86, .T. ) ;
#1917 = ORIENTED_EDGE ( 'NONE', *, *, #4014, .F. ) ;
#1918 = ORIENTED_EDGE ( 'NONE', *, *, #4597, .T. ) ;
#1919 = CARTESIAN_POINT ( 'NONE',  ( -59.60274902018856835, 14.96370182355511425, 19.40055619209838866 ) ) ;
#1920 = DIRECTION ( 'NONE',  ( -0.8216423276369129169, -0.3160250737565467594, 0.4743754190433617790 ) ) ;
#1921 = AXIS2_PLACEMENT_3D ( 'NONE', #1587, #1480, #282 ) ;
#1922 = AXIS2_PLACEMENT_3D ( 'NONE', #948, #592, #533 ) ;
#1923 = CARTESIAN_POINT ( 'NONE',  ( 10.15000000000000391, 16.39876268299294182, -34.84900919309321665 ) ) ;
#1924 = DIRECTION ( 'NONE',  ( 0.4999999999999919509, 1.263232574100214833E-11, 0.8660254037844432595 ) ) ;
#1925 = DIRECTION ( 'NONE',  ( 1.000000000000000000, -0.000000000000000000, -0.000000000000000000 ) ) ;
#1926 = CARTESIAN_POINT ( 'NONE',  ( 58.60274901990477048, 14.96370182445959429, 21.13260699983179336 ) ) ;
#1927 = EDGE_LOOP ( 'NONE', ( #4625, #3144, #557, #3774 ) ) ;
#1928 = MECHANICAL_DESIGN_GEOMETRIC_PRESENTATION_REPRESENTATION (  '', ( #3711 ), #2085 ) ;
#1929 = LINE ( 'NONE', #2379, #5285 ) ;
#1930 = AXIS2_PLACEMENT_3D ( 'NONE', #1980, #1607, #2882 ) ;
#1931 = EDGE_CURVE ( 'NONE', #550, #360, #3376, .T. ) ;
#1932 = DIRECTION ( 'NONE',  ( 0.000000000000000000, 0.000000000000000000, -1.000000000000000000 ) ) ;
#1933 = VERTEX_POINT ( 'NONE', #4447 ) ;
#1934 = AXIS2_PLACEMENT_3D ( 'NONE', #1000, #2145, #555 ) ;
#1935 = CARTESIAN_POINT ( 'NONE',  ( -33.41015596631122975, 3.690609072368049137, 34.30046953969311829 ) ) ;
#1936 = FACE_OUTER_BOUND ( 'NONE', #4384, .T. ) ;
#1937 = EDGE_CURVE ( 'NONE', #4251, #3445, #395, .T. ) ;
#1938 = CARTESIAN_POINT ( 'NONE',  ( 8.660254037471723620, 32.50000000000000000, 5.000000000000037303 ) ) ;
#1939 = AXIS2_PLACEMENT_3D ( 'NONE', #1302, #31, #907 ) ;
#1940 = VERTEX_POINT ( 'NONE', #790 ) ;
#1941 = ORIENTED_EDGE ( 'NONE', *, *, #3667, .T. ) ;
#1942 = EDGE_LOOP ( 'NONE', ( #4679, #2409 ) ) ;
#1943 = VECTOR ( 'NONE', #889, 1000.000000000000000 ) ;
#1944 = DIRECTION ( 'NONE',  ( -0.8633557364864382633, 0.07845909572784535990, 0.4984586668656976194 ) ) ;
#1945 = CARTESIAN_POINT ( 'NONE',  ( -11.00000000000000000, 4.906075848032027231, -91.51215258861977020 ) ) ;
#1946 = LINE ( 'NONE', #2368, #4481 ) ;
#1947 =( BOUNDED_CURVE ( )  B_SPLINE_CURVE ( 3, ( #3613, #4411, #5249, #727 ),
 .UNSPECIFIED., .F., .T. ) 
 B_SPLINE_CURVE_WITH_KNOTS ( ( 4, 4 ),
 ( 4.270706222613695147, 4.681903103082007078 ),
 .UNSPECIFIED. ) 
 CURVE ( )  GEOMETRIC_REPRESENTATION_ITEM ( )  RATIONAL_B_SPLINE_CURVE ( ( 1.000000000000000000, 0.9859593242880247965, 0.9859593242880247965, 1.000000000000000000 ) ) 
 REPRESENTATION_ITEM ( '' )  );
#1948 = ADVANCED_FACE ( 'NONE', ( #2740 ), #2421, .F. ) ;
#1949 = EDGE_CURVE ( 'NONE', #4788, #806, #2958, .T. ) ;
#1950 = CARTESIAN_POINT ( 'NONE',  ( 13.00000000000000000, 16.39876268299294182, -34.84900919309321665 ) ) ;
#1951 = ORIENTED_EDGE ( 'NONE', *, *, #2320, .F. ) ;
#1952 = VECTOR ( 'NONE', #2157, 1000.000000000000000 ) ;
#1953 = CARTESIAN_POINT ( 'NONE',  ( 21.88954031562658642, 25.00000000027651481, -7.913795981539347935 ) ) ;
#1954 = VERTEX_POINT ( 'NONE', #5276 ) ;
#1955 = ORIENTED_EDGE ( 'NONE', *, *, #4310, .T. ) ;
#1956 = LINE ( 'NONE', #3197, #36 ) ;
#1957 = CARTESIAN_POINT ( 'NONE',  ( -1.863181925258046194E-10, 29.50000000000000355, -3.227191667295108947E-10 ) ) ;
#1958 = CARTESIAN_POINT ( 'NONE',  ( -11.00000000000000000, 4.906075848032027231, -91.51215258861977020 ) ) ;
#1959 = FACE_OUTER_BOUND ( 'NONE', #3355, .T. ) ;
#1960 = CARTESIAN_POINT ( 'NONE',  ( 16.45240606654233062, 26.52011225465123445, -5.512305927401554229 ) ) ;
#1961 = DIRECTION ( 'NONE',  ( -6.315870933078119801E-12, 1.000000000000000000, -1.093963277049189342E-11 ) ) ;
#1962 = ORIENTED_EDGE ( 'NONE', *, *, #5088, .T. ) ;
#1963 = CARTESIAN_POINT ( 'NONE',  ( 15.89952769289426016, 29.28318843019325612, -19.02271414356813040 ) ) ;
#1964 = LINE ( 'NONE', #363, #4232 ) ;
#1965 = ORIENTED_EDGE ( 'NONE', *, *, #4414, .T. ) ;
#1966 = ORIENTED_EDGE ( 'NONE', *, *, #3043, .F. ) ;
#1967 = EDGE_CURVE ( 'NONE', #1978, #2460, #1583, .T. ) ;
#1968 = PLANE ( 'NONE',  #4487 ) ;
#1969 = CARTESIAN_POINT ( 'NONE',  ( 10.60881119603644507, 25.00000000013400481, 6.125000000012352785 ) ) ;
#1970 = CARTESIAN_POINT ( 'NONE',  ( 0.000000000000000000, 29.50000000000000355, -10.00000000000000000 ) ) ;
#1971 = FACE_OUTER_BOUND ( 'NONE', #5189, .T. ) ;
#1972 = ORIENTED_EDGE ( 'NONE', *, *, #4684, .F. ) ;
#1973 = ADVANCED_FACE ( 'NONE', ( #2747 ), #4030, .T. ) ;
#1974 = EDGE_CURVE ( 'NONE', #4442, #5118, #59, .T. ) ;
#1975 = CARTESIAN_POINT ( 'NONE',  ( 21.88954031562658642, 25.00000000027651481, -7.913795981539347935 ) ) ;
#1976 = CARTESIAN_POINT ( 'NONE',  ( 21.05072080944603741, 32.50000000026591351, -7.357711204783345948 ) ) ;
#1977 = EDGE_LOOP ( 'NONE', ( #1807, #3983 ) ) ;
#1978 = VERTEX_POINT ( 'NONE', #3523 ) ;
#1979 = ORIENTED_EDGE ( 'NONE', *, *, #4574, .F. ) ;
#1980 = CARTESIAN_POINT ( 'NONE',  ( 47.60274901990469232, 14.96370182432064233, 40.18516588308938253 ) ) ;
#1981 = DIRECTION ( 'NONE',  ( -0.8660254037844363761, -1.093963277049189342E-11, -0.5000000000000038858 ) ) ;
#1982 = DIRECTION ( 'NONE',  ( 0.000000000000000000, 0.000000000000000000, 1.000000000000000000 ) ) ;
#1983 = LINE ( 'NONE', #5244, #54 ) ;
#1984 = DIRECTION ( 'NONE',  ( -0.06794757007086106582, 0.9969173337322697614, -0.03922954786392510856 ) ) ;
#1985 = ORIENTED_EDGE ( 'NONE', *, *, #1631, .T. ) ;
#1986 = FACE_OUTER_BOUND ( 'NONE', #2692, .T. ) ;
#1987 = CARTESIAN_POINT ( 'NONE',  ( -49.71630315756311091, -6.624156821092914704, 40.42393147577745083 ) ) ;
#1988 = EDGE_LOOP ( 'NONE', ( #5294, #4196, #4596, #1966 ) ) ;
#1989 = EDGE_LOOP ( 'NONE', ( #1528, #3598 ) ) ;
#1990 = DIRECTION ( 'NONE',  ( -0.5000000000000039968, -6.315870933078223199E-12, 0.8660254037844363761 ) ) ;
#1991 = PLANE ( 'NONE',  #4544 ) ;
#1992 = CARTESIAN_POINT ( 'NONE',  ( 50.02971293361511584, 2.560425559463651357, 13.87356123079105608 ) ) ;
#1993 = CARTESIAN_POINT ( 'NONE',  ( -25.00000000014710722, 23.27268265747531828, 29.44486372841599575 ) ) ;
#1994 = EDGE_CURVE ( 'NONE', #372, #4218, #697, .T. ) ;
#1995 = ORIENTED_EDGE ( 'NONE', *, *, #1312, .F. ) ;
#1996 = VECTOR ( 'NONE', #477, 1000.000000000000000 ) ;
#1997 = VECTOR ( 'NONE', #3282, 1000.000000000000000 ) ;
#1998 = ADVANCED_FACE ( 'NONE', ( #303 ), #1303, .T. ) ;
#1999 = EDGE_LOOP ( 'NONE', ( #2142, #4035, #4499, #1734, #4293, #3703, #3330 ) ) ;
#2000 = ORIENTED_EDGE ( 'NONE', *, *, #2158, .T. ) ;
#2001 = DIRECTION ( 'NONE',  ( 0.000000000000000000, 1.000000000000000000, 0.000000000000000000 ) ) ;
#2002 = LINE ( 'NONE', #1137, #1307 ) ;
#2003 = VERTEX_POINT ( 'NONE', #548 ) ;
#2004 = AXIS2_PLACEMENT_3D ( 'NONE', #1774, #3393, #2995 ) ;
#2005 = DIRECTION ( 'NONE',  ( 0.000000000000000000, -0.9487508380798244101, 0.3160250737565468704 ) ) ;
#2006 = EDGE_CURVE ( 'NONE', #98, #3445, #2110, .T. ) ;
#2007 = CARTESIAN_POINT ( 'NONE',  ( 62.80217569653682830, -6.486853402904094956, 21.24774604511247489 ) ) ;
#2008 = AXIS2_PLACEMENT_3D ( 'NONE', #334, #5275, #1117 ) ;
#2009 = VERTEX_POINT ( 'NONE', #4890 ) ;
#2010 = FACE_OUTER_BOUND ( 'NONE', #3363, .T. ) ;
#2011 = CARTESIAN_POINT ( 'NONE',  ( 17.62267044482023692, 30.70569342620621356, -14.91641019922385425 ) ) ;
#2012 = CYLINDRICAL_SURFACE ( 'NONE', #5013, 50.00000000000000000 ) ;
#2013 = AXIS2_PLACEMENT_3D ( 'NONE', #5257, #4772, #1543 ) ;
#2014 = EDGE_LOOP ( 'NONE', ( #1634, #2318, #4952, #330 ) ) ;
#2015 = VECTOR ( 'NONE', #4130, 1000.000000000000000 ) ;
#2016 = CARTESIAN_POINT ( 'NONE',  ( 9.939339828220175477, 14.25894806489778333, -69.76215258861975599 ) ) ;
#2017 = CARTESIAN_POINT ( 'NONE',  ( -13.00000000000000000, 2.769193323034216281, -80.01215258861977020 ) ) ;
#2018 = CIRCLE ( 'NONE', #2957, 19.99999999999999645 ) ;
#2019 = VECTOR ( 'NONE', #4838, 1000.000000000000000 ) ;
#2020 = CARTESIAN_POINT ( 'NONE',  ( 10.15000000000000568, 3.690609072203828944, -46.08427858107219777 ) ) ;
#2021 = EDGE_LOOP ( 'NONE', ( #4170, #3874, #3398, #149 ) ) ;
#2022 = AXIS2_PLACEMENT_3D ( 'NONE', #2141, #3776, #1748 ) ;
#2023 = VECTOR ( 'NONE', #5186, 1000.000000000000227 ) ;
#2024 = EDGE_CURVE ( 'NONE', #3207, #5029, #1771, .T. ) ;
#2025 = VECTOR ( 'NONE', #3105, 1000.000000000000114 ) ;
#2026 = VECTOR ( 'NONE', #2336, 1000.000000000000227 ) ;
#2027 = VERTEX_POINT ( 'NONE', #2481 ) ;
#2028 = VERTEX_POINT ( 'NONE', #1693 ) ;
#2029 = CARTESIAN_POINT ( 'NONE',  ( -8.660254038030752000, 29.50000000000000355, 4.999999999677200435 ) ) ;
#2030 = DIRECTION ( 'NONE',  ( 0.5000000000000041078, 6.315879058740029733E-12, -0.8660254037844362651 ) ) ;
#2031 = VECTOR ( 'NONE', #3093, 1000.000000000000227 ) ;
#2032 = EDGE_CURVE ( 'NONE', #89, #424, #1158, .T. ) ;
#2033 = DIRECTION ( 'NONE',  ( -1.263193535385782996E-11, 1.000000000000000000, -1.117101765387847829E-16 ) ) ;
#2034 = DIRECTION ( 'NONE',  ( 0.4999999999999961142, 6.316064420779609181E-12, 0.8660254037844409281 ) ) ;
#2035 = DIRECTION ( 'NONE',  ( 1.000000000000000000, -8.125661806746624109E-18, 1.032463225334366069E-16 ) ) ;
#2036 = ORIENTED_EDGE ( 'NONE', *, *, #2164, .T. ) ;
#2037 = CARTESIAN_POINT ( 'NONE',  ( 24.80529407363871286, 30.97451631479349388, -3.804604984033161941 ) ) ;
#2038 = EDGE_CURVE ( 'NONE', #1182, #2943, #412, .T. ) ;
#2039 = EDGE_CURVE ( 'NONE', #4542, #3378, #2137, .T. ) ;
#2040 = DIRECTION ( 'NONE',  ( -1.032463225334366069E-16, 0.000000000000000000, 1.000000000000000000 ) ) ;
#2041 = CARTESIAN_POINT ( 'NONE',  ( -4.153395588081868262, 32.50000000021345414, 21.90931459134561621 ) ) ;
#2042 = EDGE_LOOP ( 'NONE', ( #1650, #4159 ) ) ;
#2043 = CARTESIAN_POINT ( 'NONE',  ( -58.60274902018858967, 14.96370182358037582, 21.13260699966727429 ) ) ;
#2044 = DIRECTION ( 'NONE',  ( 0.8633557364849447913, 0.07845909573875181620, 0.4984586668665680342 ) ) ;
#2045 = LINE ( 'NONE', #4931, #992 ) ;
#2046 = ORIENTED_EDGE ( 'NONE', *, *, #3951, .F. ) ;
#2047 = SURFACE_STYLE_USAGE ( .BOTH. , #2554 ) ;
#2048 = EDGE_LOOP ( 'NONE', ( #2208, #376, #4530, #2068 ) ) ;
#2049 = ORIENTED_EDGE ( 'NONE', *, *, #503, .T. ) ;
#2050 = CARTESIAN_POINT ( 'NONE',  ( 47.60274901990468521, 14.96370182432064588, 40.18516588308939674 ) ) ;
#2051 = DIRECTION ( 'NONE',  ( -0.000000000000000000, -0.8241261886220141442, -0.5664062369248349382 ) ) ;
#2052 = CARTESIAN_POINT ( 'NONE',  ( 10.24999999999999822, -6.088570810518964649, -70.07281276039957163 ) ) ;
#2053 = DIRECTION ( 'NONE',  ( -0.000000000000000000, -1.000000000000000000, -0.000000000000000000 ) ) ;
#2054 = EDGE_CURVE ( 'NONE', #325, #1016, #704, .T. ) ;
#2055 = CARTESIAN_POINT ( 'NONE',  ( -4.389999648524156584E-10, 32.50001200000000523, 9.000000000000001776 ) ) ;
#2056 = ORIENTED_EDGE ( 'NONE', *, *, #5080, .T. ) ;
#2057 = CARTESIAN_POINT ( 'NONE',  ( 34.73408588110373074, 26.62628867383758191, 5.106180782658455541 ) ) ;
#2058 = CARTESIAN_POINT ( 'NONE',  ( 11.00000000000000178, 31.85409909215978530, -10.61047180250414179 ) ) ;
#2059 = ADVANCED_FACE ( 'NONE', ( #3280 ), #2973, .F. ) ;
#2060 = FACE_OUTER_BOUND ( 'NONE', #3959, .T. ) ;
#2061 = EDGE_CURVE ( 'NONE', #2377, #4608, #2076, .T. ) ;
#2062 = EDGE_LOOP ( 'NONE', ( #1985, #3706, #4105, #2727, #3860, #4813, #297 ) ) ;
#2063 = DIRECTION ( 'NONE',  ( -0.8633557364864381523, 0.07845909572784608155, 0.4984586668656976194 ) ) ;
#2064 = DIRECTION ( 'NONE',  ( -1.000000000000000000, 0.000000000000000000, -0.000000000000000000 ) ) ;
#2065 = DIRECTION ( 'NONE',  ( -0.000000000000000000, -1.000000000000000000, -0.000000000000000000 ) ) ;
#2066 = EDGE_CURVE ( 'NONE', #3148, #182, #4619, .T. ) ;
#2067 = ORIENTED_EDGE ( 'NONE', *, *, #1285, .T. ) ;
#2068 = ORIENTED_EDGE ( 'NONE', *, *, #1631, .F. ) ;
#2069 = SURFACE_STYLE_FILL_AREA ( #3734 ) ;
#2070 = CARTESIAN_POINT ( 'NONE',  ( 0.000000000000000000, 29.50000000000000355, -10.00000000000000000 ) ) ;
#2071 = ORIENTED_EDGE ( 'NONE', *, *, #4220, .F. ) ;
#2072 = CARTESIAN_POINT ( 'NONE',  ( 8.660254037471723620, 32.50000000000000000, 5.000000000000037303 ) ) ;
#2073 = LINE ( 'NONE', #1250, #3036 ) ;
#2074 = CARTESIAN_POINT ( 'NONE',  ( -25.30833573479004528, 30.19586237168479670, -0.0006457394744032243783 ) ) ;
#2075 = DIRECTION ( 'NONE',  ( 0.000000000000000000, 0.3160250737565468704, 0.9487508380798242991 ) ) ;
#2076 = LINE ( 'NONE', #2913, #1858 ) ;
#2077 = ORIENTED_EDGE ( 'NONE', *, *, #3667, .F. ) ;
#2078 = ORIENTED_EDGE ( 'NONE', *, *, #4970, .F. ) ;
#2079 = CIRCLE ( 'NONE', #3189, 2.250000000000001776 ) ;
#2080 = CARTESIAN_POINT ( 'NONE',  ( 19.54553798014530130, 32.02542403174813046, -11.64030062357319117 ) ) ;
#2081 = ADVANCED_FACE ( 'NONE', ( #2591 ), #147, .T. ) ;
#2082 = AXIS2_PLACEMENT_3D ( 'NONE', #2807, #2385, #3150 ) ;
#2083 = CARTESIAN_POINT ( 'NONE',  ( 59.60274901990478469, 14.96370182447221886, 19.40055619226291483 ) ) ;
#2084 = VERTEX_POINT ( 'NONE', #1015 ) ;
#2085 =( GEOMETRIC_REPRESENTATION_CONTEXT ( 3 ) GLOBAL_UNCERTAINTY_ASSIGNED_CONTEXT ( ( #4445 ) ) GLOBAL_UNIT_ASSIGNED_CONTEXT ( ( #4180, #4990, #930 ) ) REPRESENTATION_CONTEXT ( 'NONE', 'WORKASPACE' ) );
#2086 = ADVANCED_FACE ( 'NONE', ( #1806 ), #4721, .F. ) ;
#2087 = DIRECTION ( 'NONE',  ( 0.06794757007086249523, -0.9969173337322695394, 0.03922954786392338078 ) ) ;
#2088 = DIRECTION ( 'NONE',  ( -1.000000000000000000, 0.000000000000000000, 0.000000000000000000 ) ) ;
#2089 = CARTESIAN_POINT ( 'NONE',  ( -51.97827009217881056, 2.560425558667469126, 14.99856123076233061 ) ) ;
#2090 = LINE ( 'NONE', #2551, #577 ) ;
#2091 = VECTOR ( 'NONE', #1193, 999.9999999999998863 ) ;
#2092 = CIRCLE ( 'NONE', #2616, 2.000000000000002220 ) ;
#2093 = AXIS2_PLACEMENT_3D ( 'NONE', #4007, #2776, #358 ) ;
#2094 = EDGE_CURVE ( 'NONE', #2653, #4856, #3809, .T. ) ;
#2095 = EDGE_CURVE ( 'NONE', #612, #1526, #671, .T. ) ;
#2096 = DIRECTION ( 'NONE',  ( 0.4999999999991312505, 0.000000000000000000, 0.8660254037849401954 ) ) ;
#2097 = DIRECTION ( 'NONE',  ( 1.000000000000000000, -0.000000000000000000, 4.406789489600479874E-15 ) ) ;
#2098 = DIRECTION ( 'NONE',  ( 0.8216423276428954647, -0.3160250737461643977, 0.4743754190399163129 ) ) ;
#2099 = VERTEX_POINT ( 'NONE', #3828 ) ;
#2100 = AXIS2_PLACEMENT_3D ( 'NONE', #4709, #1044, #5046 ) ;
#2101 = ORIENTED_EDGE ( 'NONE', *, *, #3353, .T. ) ;
#2102 = EDGE_LOOP ( 'NONE', ( #4767, #3102, #475, #639, #885, #3782, #2908, #1283 ) ) ;
#2103 = ORIENTED_EDGE ( 'NONE', *, *, #2418, .F. ) ;
#2104 = DIRECTION ( 'NONE',  ( 0.8216423276369121398, 0.3160250737565459267, -0.4743754190433637774 ) ) ;
#2105 = AXIS2_PLACEMENT_3D ( 'NONE', #2539, #4163, #518 ) ;
#2106 = AXIS2_PLACEMENT_3D ( 'NONE', #5230, #2712, #2759 ) ;
#2107 = LINE ( 'NONE', #4097, #1009 ) ;
#2108 = LINE ( 'NONE', #1013, #5253 ) ;
#2109 = CARTESIAN_POINT ( 'NONE',  ( -8.660254038030752000, 32.50000000000000000, 2.749999999677200435 ) ) ;
#2110 = LINE ( 'NONE', #4950, #4916 ) ;
#2111 = VECTOR ( 'NONE', #1495, 1000.000000000000000 ) ;
#2112 = VERTEX_POINT ( 'NONE', #205 ) ;
#2113 = VERTEX_POINT ( 'NONE', #960 ) ;
#2114 = CARTESIAN_POINT ( 'NONE',  ( 37.54737148389390455, 25.17018433394504839, 8.976279111601018101 ) ) ;
#2115 = DIRECTION ( 'NONE',  ( -0.5000000000000041078, -6.315922571363316475E-12, 0.8660254037844363761 ) ) ;
#2116 = ORIENTED_EDGE ( 'NONE', *, *, #2032, .T. ) ;
#2117 = CARTESIAN_POINT ( 'NONE',  ( 10.24999999999999822, 14.15546841591150340, -70.07281276039957163 ) ) ;
#2118 = CARTESIAN_POINT ( 'NONE',  ( -1.578164682269900254E-10, 24.99999999987683452, -11.25833024947121785 ) ) ;
#2119 = DIRECTION ( 'NONE',  ( 0.06794757007086195399, -0.9969173337322696504, 0.03922954786392306853 ) ) ;
#2120 = DIRECTION ( 'NONE',  ( -1.263193535385783157E-11, 1.000000000000000000, 3.508827503883641043E-16 ) ) ;
#2121 = EDGE_CURVE ( 'NONE', #366, #4248, #4668, .T. ) ;
#2122 = B_SPLINE_CURVE_WITH_KNOTS ( 'NONE', 3,
 ( #1756, #3858, #3881, #3373 ),
 .UNSPECIFIED., .F., .F.,
 ( 4, 4 ),
 ( 0.000000000000000000, 0.0005718104120830176272 ),
 .UNSPECIFIED. ) ;
#2123 = LINE ( 'NONE', #842, #4733 ) ;
#2124 = CARTESIAN_POINT ( 'NONE',  ( 51.97827009213009575, 2.560425559488265446, 14.99856123079106673 ) ) ;
#2125 = ORIENTED_EDGE ( 'NONE', *, *, #1877, .F. ) ;
#2126 = EDGE_CURVE ( 'NONE', #847, #1954, #2436, .T. ) ;
#2127 = EDGE_CURVE ( 'NONE', #424, #4788, #1450, .T. ) ;
#2128 = EDGE_LOOP ( 'NONE', ( #1046, #4300, #1918, #1189 ) ) ;
#2129 = VERTEX_POINT ( 'NONE', #5086 ) ;
#2130 = DIRECTION ( 'NONE',  ( 0.8633557364849447913, 0.07845909573875181620, 0.4984586668665680342 ) ) ;
#2131 = ORIENTED_EDGE ( 'NONE', *, *, #2462, .T. ) ;
#2132 = ORIENTED_EDGE ( 'NONE', *, *, #4348, .T. ) ;
#2133 = CARTESIAN_POINT ( 'NONE',  ( -59.86630315756295317, -6.624156821349343360, 22.84361577895324658 ) ) ;
#2134 = LINE ( 'NONE', #3358, #4731 ) ;
#2135 = CARTESIAN_POINT ( 'NONE',  ( 2.755455298081544778E-16, 32.50000000000000000, -7.750000000000000000 ) ) ;
#2136 = FACE_OUTER_BOUND ( 'NONE', #288, .T. ) ;
#2137 = LINE ( 'NONE', #32, #2015 ) ;
#2138 = EDGE_LOOP ( 'NONE', ( #2926, #14 ) ) ;
#2139 = ORIENTED_EDGE ( 'NONE', *, *, #3366, .F. ) ;
#2140 = DIRECTION ( 'NONE',  ( -0.4999999999999919509, -1.263191779144991030E-11, -0.8660254037844433705 ) ) ;
#2141 = CARTESIAN_POINT ( 'NONE',  ( 0.000000000000000000, 19.50000000000000355, -10.00000000000000000 ) ) ;
#2142 = ORIENTED_EDGE ( 'NONE', *, *, #434, .F. ) ;
#2143 = CARTESIAN_POINT ( 'NONE',  ( -9.499999999999994671, -6.113020296280467392, -69.76215258861975599 ) ) ;
#2144 = FACE_OUTER_BOUND ( 'NONE', #2755, .T. ) ;
#2145 = DIRECTION ( 'NONE',  ( -1.263193535385782996E-11, 1.000000000000000000, -1.117101765387847829E-16 ) ) ;
#2146 = CARTESIAN_POINT ( 'NONE',  ( -20.93313789732454211, 32.49999999979933563, -6.257258400011956212 ) ) ;
#2147 = VERTEX_POINT ( 'NONE', #1056 ) ;
#2148 = CARTESIAN_POINT ( 'NONE',  ( -19.77817837986981075, 33.66163071466556289, -11.23156092818289764 ) ) ;
#2149 = CARTESIAN_POINT ( 'NONE',  ( 10.24999999999999822, 2.769193323034216725, -77.76215258861977020 ) ) ;
#2150 = ADVANCED_FACE ( 'NONE', ( #3851, #5037 ), #3498, .T. ) ;
#2151 = CARTESIAN_POINT ( 'NONE',  ( -10.14999999999999325, -6.624156821221136582, -63.26754725458678763 ) ) ;
#2152 = ORIENTED_EDGE ( 'NONE', *, *, #2614, .T. ) ;
#2153 = ORIENTED_EDGE ( 'NONE', *, *, #1937, .T. ) ;
#2154 = CARTESIAN_POINT ( 'NONE',  ( 8.660254037471704081, 29.50000000010940227, 9.000000000000039080 ) ) ;
#2155 = ORIENTED_EDGE ( 'NONE', *, *, #1246, .T. ) ;
#2156 = DIRECTION ( 'NONE',  ( -0.4999999999999919509, -1.263193535385778149E-11, -0.8660254037844432595 ) ) ;
#2157 = DIRECTION ( 'NONE',  ( 0.000000000000000000, 0.07845909572784590114, -0.9969173337331278528 ) ) ;
#2158 = EDGE_CURVE ( 'NONE', #2276, #2175, #1829, .T. ) ;
#2159 = CARTESIAN_POINT ( 'NONE',  ( -11.00000000000000000, -4.243854759195755832, -93.51215258861977020 ) ) ;
#2160 = LINE ( 'NONE', #546, #5187 ) ;
#2161 = CARTESIAN_POINT ( 'NONE',  ( 2.084880322185633992E-31, 24.99999999999999645, -7.750000000000000000 ) ) ;
#2162 = ORIENTED_EDGE ( 'NONE', *, *, #3760, .T. ) ;
#2163 = ORIENTED_EDGE ( 'NONE', *, *, #3271, .T. ) ;
#2164 = EDGE_CURVE ( 'NONE', #476, #4797, #1422, .T. ) ;
#2165 = DIRECTION ( 'NONE',  ( -0.000000000000000000, -1.000000000000000000, -0.000000000000000000 ) ) ;
#2166 = CIRCLE ( 'NONE', #1571, 4.000000000000000000 ) ;
#2167 = ORIENTED_EDGE ( 'NONE', *, *, #3037, .F. ) ;
#2168 =( BOUNDED_CURVE ( )  B_SPLINE_CURVE ( 3, ( #4600, #609, #191, #2656 ),
 .UNSPECIFIED., .F., .F. ) 
 B_SPLINE_CURVE_WITH_KNOTS ( ( 4, 4 ),
 ( 1.570796326794896558, 2.007743383623952216 ),
 .UNSPECIFIED. ) 
 CURVE ( )  GEOMETRIC_REPRESENTATION_ITEM ( )  RATIONAL_B_SPLINE_CURVE ( ( 1.000000000000000000, 0.9841529556955412872, 0.9841529556955412872, 1.000000000000000000 ) ) 
 REPRESENTATION_ITEM ( '' )  );
#2169 = CIRCLE ( 'NONE', #5169, 20.00000000000000711 ) ;
#2170 = FACE_OUTER_BOUND ( 'NONE', #853, .T. ) ;
#2171 = CARTESIAN_POINT ( 'NONE',  ( 0.000000000000000000, 29.50000000000000355, -10.00000000000000000 ) ) ;
#2172 = FACE_OUTER_BOUND ( 'NONE', #4829, .T. ) ;
#2173 = COLOUR_RGB ( '',0.7921568627450980005, 0.8196078431372548767, 0.9333333333333333481 ) ;
#2174 = ORIENTED_EDGE ( 'NONE', *, *, #3574, .F. ) ;
#2175 = VERTEX_POINT ( 'NONE', #4286 ) ;
#2176 = CYLINDRICAL_SURFACE ( 'NONE', #830, 2.250000000000000444 ) ;
#2177 = DIRECTION ( 'NONE',  ( -0.5000000000000041078, -6.315879058740029733E-12, 0.8660254037844362651 ) ) ;
#2178 = AXIS2_PLACEMENT_3D ( 'NONE', #4778, #2001, #3 ) ;
#2179 = CARTESIAN_POINT ( 'NONE',  ( 0.3080270572249285133, 32.02542403175201713, 22.74708273322599439 ) ) ;
#2180 =( NAMED_UNIT ( * ) PLANE_ANGLE_UNIT ( ) SI_UNIT ( $, .RADIAN. ) );
#2181 = CYLINDRICAL_SURFACE ( 'NONE', #4474, 2.000000000000000444 ) ;
#2182 = ORIENTED_EDGE ( 'NONE', *, *, #5080, .F. ) ;
#2183 = CIRCLE ( 'NONE', #4562, 3.749999999991794564 ) ;
#2184 = FACE_OUTER_BOUND ( 'NONE', #3941, .T. ) ;
#2185 = AXIS2_PLACEMENT_3D ( 'NONE', #3029, #3407, #4652 ) ;
#2186 = ORIENTED_EDGE ( 'NONE', *, *, #4734, .T. ) ;
#2187 = ORIENTED_EDGE ( 'NONE', *, *, #670, .T. ) ;
#2188 = CYLINDRICAL_SURFACE ( 'NONE', #469, 20.00000000000000000 ) ;
#2189 = DIRECTION ( 'NONE',  ( -0.4999999999967258968, -0.000000000000000000, 0.8660254037863289733 ) ) ;
#2190 = AXIS2_PLACEMENT_3D ( 'NONE', #3988, #4034, #1589 ) ;
#2191 = AXIS2_PLACEMENT_3D ( 'NONE', #346, #4853, #2814 ) ;
#2192 = CARTESIAN_POINT ( 'NONE',  ( 17.41714687261473316, 32.50000000000000000, -14.11366101182727206 ) ) ;
#2193 = DIRECTION ( 'NONE',  ( 0.000000000000000000, 1.000000000000000000, 0.000000000000000000 ) ) ;
#2194 = CARTESIAN_POINT ( 'NONE',  ( -3.464101615137755719, 29.50000000000000355, -12.00000000000000000 ) ) ;
#2195 = VERTEX_POINT ( 'NONE', #642 ) ;
#2196 = EDGE_LOOP ( 'NONE', ( #5087, #3490, #3750, #5152 ) ) ;
#2197 = EDGE_CURVE ( 'NONE', #1809, #3480, #4398, .T. ) ;
#2198 = VECTOR ( 'NONE', #323, 1000.000000000000000 ) ;
#2199 = FACE_OUTER_BOUND ( 'NONE', #1248, .T. ) ;
#2200 = ORIENTED_EDGE ( 'NONE', *, *, #2462, .F. ) ;
#2201 = EDGE_CURVE ( 'NONE', #1322, #3578, #4001, .T. ) ;
#2202 = ORIENTED_EDGE ( 'NONE', *, *, #4270, .F. ) ;
#2203 = EDGE_CURVE ( 'NONE', #2943, #3032, #3195, .T. ) ;
#2204 = AXIS2_PLACEMENT_3D ( 'NONE', #3252, #2005, #774 ) ;
#2205 = CARTESIAN_POINT ( 'NONE',  ( 9.939339828220175477, -4.499635306375769694, -90.26215258861974178 ) ) ;
#2206 = DIRECTION ( 'NONE',  ( 0.000000000000000000, 0.000000000000000000, -1.000000000000000000 ) ) ;
#2207 = PLANE ( 'NONE',  #1681 ) ;
#2208 = ORIENTED_EDGE ( 'NONE', *, *, #3863, .F. ) ;
#2209 = CARTESIAN_POINT ( 'NONE',  ( 0.000000000000000000, 0.000000000000000000, -0.000000000000000000 ) ) ;
#2210 = DIRECTION ( 'NONE',  ( -1.000000000000000000, 0.000000000000000000, 0.000000000000000000 ) ) ;
#2211 = PLANE ( 'NONE',  #1233 ) ;
#2212 = DIRECTION ( 'NONE',  ( 1.035655806553318069E-16, 0.07845909572784597052, -0.9969173337331278528 ) ) ;
#2213 = LINE ( 'NONE', #616, #394 ) ;
#2214 = EDGE_LOOP ( 'NONE', ( #5162, #4635 ) ) ;
#2215 = CARTESIAN_POINT ( 'NONE',  ( 19.93558892727580556, 27.71324838947993285, 24.21152355599044625 ) ) ;
#2216 = ORIENTED_EDGE ( 'NONE', *, *, #1381, .F. ) ;
#2217 = CARTESIAN_POINT ( 'NONE',  ( 29.79336442346199476, -1.952349822829190895, 2.190099971006036927 ) ) ;
#2218 = LINE ( 'NONE', #985, #3730 ) ;
#2219 = VERTEX_POINT ( 'NONE', #1190 ) ;
#2220 = ORIENTED_EDGE ( 'NONE', *, *, #4978, .T. ) ;
#2221 = EDGE_CURVE ( 'NONE', #1954, #932, #3947, .T. ) ;
#2222 = DIRECTION ( 'NONE',  ( -0.4999999999999961142, -6.316064420779609988E-12, -0.8660254037844408170 ) ) ;
#2223 = ORIENTED_EDGE ( 'NONE', *, *, #3239, .F. ) ;
#2224 = DIRECTION ( 'NONE',  ( 0.06794757005197363253, 0.9969173337331278528, -0.03922954787482822725 ) ) ;
#2225 = EDGE_CURVE ( 'NONE', #1016, #366, #3362, .T. ) ;
#2226 = CARTESIAN_POINT ( 'NONE',  ( -7.794228634059971128, 29.50000000000000355, -4.499999999999992006 ) ) ;
#2227 = CARTESIAN_POINT ( 'NONE',  ( -12.12435565318743436, 32.49999999995624478, 2.999999999644348936 ) ) ;
#2228 = ORIENTED_EDGE ( 'NONE', *, *, #1994, .F. ) ;
#2229 = B_SPLINE_CURVE_WITH_KNOTS ( 'NONE', 3,
 ( #3070, #4696, #1034, #4720 ),
 .UNSPECIFIED., .F., .F.,
 ( 4, 4 ),
 ( 0.000000000000000000, 0.0005718104120830238071 ),
 .UNSPECIFIED. ) ;
#2230 = DIRECTION ( 'NONE',  ( 0.9976853269444136973, 0.06799991470449442965, 0.000000000000000000 ) ) ;
#2231 = DIRECTION ( 'NONE',  ( 0.000000000000000000, 0.07845909572784592889, -0.9969173337331278528 ) ) ;
#2232 = EDGE_CURVE ( 'NONE', #2460, #1240, #153, .T. ) ;
#2233 = ADVANCED_FACE ( 'NONE', ( #4592 ), #5038, .T. ) ;
#2234 = DIRECTION ( 'NONE',  ( 0.000000000000000000, -0.3160250737565470369, -0.9487508380798242991 ) ) ;
#2235 = CARTESIAN_POINT ( 'NONE',  ( 26.54737148389430956, 25.17018433380590636, 28.02883799485890393 ) ) ;
#2236 = CARTESIAN_POINT ( 'NONE',  ( -10.24999999999999822, 6.347918951175413937, -93.51215258861977020 ) ) ;
#2237 = FACE_OUTER_BOUND ( 'NONE', #1988, .T. ) ;
#2238 = CARTESIAN_POINT ( 'NONE',  ( 19.37996836379551624, 32.50000000000000000, -11.70235375187835913 ) ) ;
#2239 = CARTESIAN_POINT ( 'NONE',  ( -8.660254038030752000, 32.50000000000000000, 4.999999999677200435 ) ) ;
#2240 = EDGE_LOOP ( 'NONE', ( #4277, #156, #4642, #2798 ) ) ;
#2241 = VERTEX_POINT ( 'NONE', #1657 ) ;
#2242 = CARTESIAN_POINT ( 'NONE',  ( 4.818297051203569659, 32.60319383013543160, 21.03486049263404567 ) ) ;
#2243 = EDGE_LOOP ( 'NONE', ( #3510, #1019, #1838, #4382 ) ) ;
#2244 = ORIENTED_EDGE ( 'NONE', *, *, #426, .F. ) ;
#2245 = CARTESIAN_POINT ( 'NONE',  ( 10.24999999999999822, -6.053994016162003611, -70.51215258861975599 ) ) ;
#2246 = PLANE ( 'NONE',  #3208 ) ;
#2247 = VERTEX_POINT ( 'NONE', #3321 ) ;
#2248 = CARTESIAN_POINT ( 'NONE',  ( -25.10512725803998180, 16.39876268312115926, 26.21466244477902663 ) ) ;
#2249 = AXIS2_PLACEMENT_3D ( 'NONE', #2367, #2897, #1668 ) ;
#2250 = CARTESIAN_POINT ( 'NONE',  ( 33.89614317014799383, 12.00000000042817838, 31.29015784841220693 ) ) ;
#2251 = DIRECTION ( 'NONE',  ( -0.8216423276369123618, -0.3160250737565463153, 0.4743754190433630558 ) ) ;
#2252 = VERTEX_POINT ( 'NONE', #3453 ) ;
#2253 = VECTOR ( 'NONE', #2970, 1000.000000000000227 ) ;
#2254 = ADVANCED_FACE ( 'NONE', ( #4227 ), #1403, .F. ) ;
#2255 = CARTESIAN_POINT ( 'NONE',  ( -18.35473098419829086, 33.92292570743179425, -10.33496489677308006 ) ) ;
#2256 = CARTESIAN_POINT ( 'NONE',  ( -40.92682725069401783, 2.560425558995899298, 38.64022172915783671 ) ) ;
#2257 = CARTESIAN_POINT ( 'NONE',  ( 13.02323291842156472, 16.39876268299294182, -34.84900919309321665 ) ) ;
#2258 = FACE_BOUND ( 'NONE', #4956, .T. ) ;
#2259 = AXIS2_PLACEMENT_3D ( 'NONE', #187, #1434, #5149 ) ;
#2260 = CARTESIAN_POINT ( 'NONE',  ( -0.000000000000000000, 0.000000000000000000, 0.000000000000000000 ) ) ;
#2261 = ADVANCED_FACE ( 'NONE', ( #5045 ), #587, .F. ) ;
#2262 = EDGE_CURVE ( 'NONE', #1375, #4417, #2862, .T. ) ;
#2263 = VECTOR ( 'NONE', #5185, 999.9999999999998863 ) ;
#2264 = DIRECTION ( 'NONE',  ( -0.5000000000000039968, -6.315870933078222391E-12, 0.8660254037844362651 ) ) ;
#2265 = AXIS2_PLACEMENT_3D ( 'NONE', #3651, #4854, #5210 ) ;
#2266 = VECTOR ( 'NONE', #357, 1000.000000000000000 ) ;
#2267 = CARTESIAN_POINT ( 'NONE',  ( 38.97827009212998917, 2.560425559324053246, 37.51522172918641473 ) ) ;
#2268 = ORIENTED_EDGE ( 'NONE', *, *, #2985, .F. ) ;
#2269 = ORIENTED_EDGE ( 'NONE', *, *, #5207, .F. ) ;
#2270 = EDGE_LOOP ( 'NONE', ( #703, #1130, #2269, #3893, #4069, #4101, #3318 ) ) ;
#2271 = VECTOR ( 'NONE', #728, 999.9999999999998863 ) ;
#2272 = CARTESIAN_POINT ( 'NONE',  ( 58.50735175627090001, 13.31418985418048528, 22.05902482160316325 ) ) ;
#2273 = CARTESIAN_POINT ( 'NONE',  ( -11.00000000000000000, 4.906075848032024567, -91.51215258861977020 ) ) ;
#2274 = FACE_BOUND ( 'NONE', #4620, .T. ) ;
#2275 = AXIS2_PLACEMENT_3D ( 'NONE', #3426, #2595, #209 ) ;
#2276 = VERTEX_POINT ( 'NONE', #2226 ) ;
#2277 = VECTOR ( 'NONE', #4312, 1000.000000000000000 ) ;
#2278 = EDGE_LOOP ( 'NONE', ( #1059, #4585, #5056, #1191, #3074 ) ) ;
#2279 = CARTESIAN_POINT ( 'NONE',  ( 9.499999999999998224, 14.25894806489778688, -69.76215258861975599 ) ) ;
#2280 = VECTOR ( 'NONE', #1476, 1000.000000000000114 ) ;
#2281 = VECTOR ( 'NONE', #3758, 1000.000000000000114 ) ;
#2282 = DIRECTION ( 'NONE',  ( -1.263193535385783157E-11, 1.000000000000000000, -1.117101765387847829E-16 ) ) ;
#2283 = EDGE_LOOP ( 'NONE', ( #4757, #1485, #287 ) ) ;
#2284 = EDGE_LOOP ( 'NONE', ( #438, #2556, #4272, #3084, #3848, #4763, #64 ) ) ;
#2285 = VECTOR ( 'NONE', #4834, 1000.000000000000000 ) ;
#2286 = CARTESIAN_POINT ( 'NONE',  ( 35.25512725772897937, 16.39876268343828158, 8.634346748134721139 ) ) ;
#2287 = CARTESIAN_POINT ( 'NONE',  ( -60.07546422344134385, -6.643771595292045973, 21.98287951902005943 ) ) ;
#2288 = CARTESIAN_POINT ( 'NONE',  ( 14.84797608899267374, 22.29615204168257847, -21.23964913457866643 ) ) ;
#2289 = FACE_OUTER_BOUND ( 'NONE', #4087, .T. ) ;
#2290 = EDGE_CURVE ( 'NONE', #1767, #525, #3779, .T. ) ;
#2291 = CARTESIAN_POINT ( 'NONE',  ( -33.89614317037580804, 12.00000000012822099, 31.29015784828045099 ) ) ;
#2292 = DIRECTION ( 'NONE',  ( 0.8660254037844363761, 0.000000000000000000, -0.5000000000000039968 ) ) ;
#2293 = EDGE_CURVE ( 'NONE', #3431, #1037, #2122, .T. ) ;
#2294 = EDGE_CURVE ( 'NONE', #2534, #1648, #5097, .T. ) ;
#2295 = VERTEX_POINT ( 'NONE', #2982 ) ;
#2296 = CARTESIAN_POINT ( 'NONE',  ( 21.17664779237908590, 24.80206609800183415, 27.23745030257527588 ) ) ;
#2297 = ORIENTED_EDGE ( 'NONE', *, *, #725, .F. ) ;
#2298 = CARTESIAN_POINT ( 'NONE',  ( 34.54896270988378149, 2.421922163605096490, 31.66706338534105925 ) ) ;
#2299 = DIRECTION ( 'NONE',  ( 0.000000000000000000, 0.000000000000000000, 1.000000000000000000 ) ) ;
#2300 = CARTESIAN_POINT ( 'NONE',  ( 8.660254037433807284, 32.50000000010940227, 9.000000000000039080 ) ) ;
#2301 = EDGE_CURVE ( 'NONE', #4894, #1767, #5070, .T. ) ;
#2302 = CARTESIAN_POINT ( 'NONE',  ( -39.01022899033394964, -7.467592100131261290, 37.53367320775686977 ) ) ;
#2303 = VERTEX_POINT ( 'NONE', #608 ) ;
#2304 = LINE ( 'NONE', #3098, #3277 ) ;
#2305 = DIRECTION ( 'NONE',  ( 4.052314039881822161E-15, -1.093963277049187242E-11, -1.000000000000000000 ) ) ;
#2306 = ORIENTED_EDGE ( 'NONE', *, *, #2290, .F. ) ;
#2307 = ORIENTED_EDGE ( 'NONE', *, *, #3770, .F. ) ;
#2308 = CARTESIAN_POINT ( 'NONE',  ( 10.24999999999999822, 14.00912609288550215, -70.51215258861975599 ) ) ;
#2309 = CYLINDRICAL_SURFACE ( 'NONE', #2596, 20.00000000000000000 ) ;
#2310 = CARTESIAN_POINT ( 'NONE',  ( 3.464101615137754830, 29.50000000000000355, -12.00000000000000000 ) ) ;
#2311 = LINE ( 'NONE', #2260, #3788 ) ;
#2312 = EDGE_CURVE ( 'NONE', #712, #4536, #3721, .T. ) ;
#2313 = LINE ( 'NONE', #1493, #982 ) ;
#2314 = DIRECTION ( 'NONE',  ( 0.000000000000000000, 0.000000000000000000, 1.000000000000000000 ) ) ;
#2315 = ORIENTED_EDGE ( 'NONE', *, *, #634, .T. ) ;
#2316 = DIRECTION ( 'NONE',  ( 0.8660254037844364872, 1.093959992037873812E-11, 0.5000000000000037748 ) ) ;
#2317 = ORIENTED_EDGE ( 'NONE', *, *, #2630, .F. ) ;
#2318 = ORIENTED_EDGE ( 'NONE', *, *, #3926, .F. ) ;
#2319 = CARTESIAN_POINT ( 'NONE',  ( 8.660254037471723620, 29.50000000010939871, 5.000000000000037303 ) ) ;
#2320 = EDGE_CURVE ( 'NONE', #612, #2695, #3209, .T. ) ;
#2321 = DIRECTION ( 'NONE',  ( -0.5000000000000003331, 0.000000000000000000, -0.8660254037844384856 ) ) ;
#2322 = DIRECTION ( 'NONE',  ( -0.06794757005197363253, -0.9969173337331278528, 0.03922954787482822725 ) ) ;
#2323 = CARTESIAN_POINT ( 'NONE',  ( 23.68012725772888771, 16.39876268329206965, 28.68283484574442355 ) ) ;
#2324 = CARTESIAN_POINT ( 'NONE',  ( -13.00000000041058179, 32.49999999983578647, 8.999999999999943157 ) ) ;
#2325 = EDGE_LOOP ( 'NONE', ( #4357, #3248, #2202, #3789, #2125, #1256, #1780 ) ) ;
#2326 = EDGE_CURVE ( 'NONE', #4938, #5266, #164, .T. ) ;
#2327 = EDGE_CURVE ( 'NONE', #2708, #3939, #511, .T. ) ;
#2328 = CARTESIAN_POINT ( 'NONE',  ( 14.01550880060494997, 31.18069010635652916, -18.96075017846687061 ) ) ;
#2329 = CARTESIAN_POINT ( 'NONE',  ( 13.00000000000000000, 23.27268265731090224, -36.37306695894682207 ) ) ;
#2330 = FACE_OUTER_BOUND ( 'NONE', #2789, .T. ) ;
#2331 = ORIENTED_EDGE ( 'NONE', *, *, #188, .F. ) ;
#2332 = ORIENTED_EDGE ( 'NONE', *, *, #1813, .T. ) ;
#2333 = ORIENTED_EDGE ( 'NONE', *, *, #3506, .T. ) ;
#2334 = CARTESIAN_POINT ( 'NONE',  ( -15.89952769289504353, 29.28318843020174000, -19.02271414356459900 ) ) ;
#2335 = CARTESIAN_POINT ( 'NONE',  ( 54.00530936022524742, 4.907835273957985578, 31.17997989683118121 ) ) ;
#2336 = DIRECTION ( 'NONE',  ( -0.8216423276369128059, -0.3160250737565467594, 0.4743754190433616680 ) ) ;
#2337 = CARTESIAN_POINT ( 'NONE',  ( -7.794228634059971128, 32.50001200000000523, -4.499999999999959144 ) ) ;
#2338 = VECTOR ( 'NONE', #1840, 1000.000000000000000 ) ;
#2339 = ORIENTED_EDGE ( 'NONE', *, *, #610, .F. ) ;
#2340 =( BOUNDED_CURVE ( )  B_SPLINE_CURVE ( 3, ( #1975, #2342, #293, #2737 ),
 .UNSPECIFIED., .F., .F. ) 
 B_SPLINE_CURVE_WITH_KNOTS ( ( 4, 4 ),
 ( 4.270706222613695147, 4.681903103082007078 ),
 .UNSPECIFIED. ) 
 CURVE ( )  GEOMETRIC_REPRESENTATION_ITEM ( )  RATIONAL_B_SPLINE_CURVE ( ( 1.000000000000000000, 0.9859593242880247965, 0.9859593242880247965, 1.000000000000000000 ) ) 
 REPRESENTATION_ITEM ( '' )  );
#2341 = AXIS2_PLACEMENT_3D ( 'NONE', #2751, #4764, #310 ) ;
#2342 = CARTESIAN_POINT ( 'NONE',  ( 25.81806376222788302, 22.29615204200872469, -2.238899920561985279 ) ) ;
#2343 = VERTEX_POINT ( 'NONE', #5020 ) ;
#2344 = ORIENTED_EDGE ( 'NONE', *, *, #1909, .F. ) ;
#2345 = DIRECTION ( 'NONE',  ( -6.315870933078122225E-12, 1.000000000000000000, -1.093963277049189342E-11 ) ) ;
#2346 = ORIENTED_EDGE ( 'NONE', *, *, #4175, .T. ) ;
#2347 = CIRCLE ( 'NONE', #3626, 2.000000000000000000 ) ;
#2348 = DIRECTION ( 'NONE',  ( 1.000000000000000000, -8.125661806746624109E-18, 1.032463225334366069E-16 ) ) ;
#2349 = AXIS2_PLACEMENT_3D ( 'NONE', #451, #1629, #4800 ) ;
#2350 = CARTESIAN_POINT ( 'NONE',  ( 3.247595264191645015, 32.50000000000000000, -11.87500000000000000 ) ) ;
#2351 = PLANE ( 'NONE',  #1340 ) ;
#2352 = ADVANCED_FACE ( 'NONE', ( #942 ), #1437, .F. ) ;
#2353 = ORIENTED_EDGE ( 'NONE', *, *, #1568, .T. ) ;
#2354 = AXIS2_PLACEMENT_3D ( 'NONE', #130, #1757, #3374 ) ;
#2355 = AXIS2_PLACEMENT_3D ( 'NONE', #1394, #228, #4641 ) ;
#2356 = CARTESIAN_POINT ( 'NONE',  ( 11.00000000005036682, 26.69956777389686664, -32.41369718018003709 ) ) ;
#2357 = DIRECTION ( 'NONE',  ( 1.000000000000000000, 0.000000000000000000, 0.000000000000000000 ) ) ;
#2358 = VECTOR ( 'NONE', #1049, 1000.000000000000114 ) ;
#2359 = EDGE_CURVE ( 'NONE', #1883, #2584, #239, .T. ) ;
#2360 = ADVANCED_FACE ( 'NONE', ( #1378 ), #4623, .T. ) ;
#2361 = ORIENTED_EDGE ( 'NONE', *, *, #4014, .T. ) ;
#2362 = ORIENTED_EDGE ( 'NONE', *, *, #2630, .T. ) ;
#2363 = EDGE_LOOP ( 'NONE', ( #3678, #317, #2484, #1801, #3754 ) ) ;
#2364 = AXIS2_PLACEMENT_3D ( 'NONE', #3485, #1457, #3078 ) ;
#2365 = VECTOR ( 'NONE', #2555, 1000.000000000000227 ) ;
#2366 = DIRECTION ( 'NONE',  ( -0.5000000000000039968, -6.315870933078223199E-12, 0.8660254037844363761 ) ) ;
#2367 = CARTESIAN_POINT ( 'NONE',  ( -63.00000000000000000, 25.00000000000001776, -36.37306695894624653 ) ) ;
#2368 = CARTESIAN_POINT ( 'NONE',  ( 61.01618189907395617, 5.045138691570276279, 22.52600312221889212 ) ) ;
#2369 = CARTESIAN_POINT ( 'NONE',  ( -60.32946049316146286, 15.12062001503606545, 22.12952433339867042 ) ) ;
#2370 = AXIS2_PLACEMENT_3D ( 'NONE', #3934, #3962, #2732 ) ;
#2371 = ORIENTED_EDGE ( 'NONE', *, *, #2463, .T. ) ;
#2372 = VECTOR ( 'NONE', #1530, 1000.000000000000000 ) ;
#2373 = PLANE ( 'NONE',  #4221 ) ;
#2374 = CARTESIAN_POINT ( 'NONE',  ( 20.35568206348461118, 32.50000000025714542, -9.704252387081721665 ) ) ;
#2375 = ORIENTED_EDGE ( 'NONE', *, *, #284, .F. ) ;
#2376 = EDGE_LOOP ( 'NONE', ( #2904, #5204, #1995 ) ) ;
#2377 = VERTEX_POINT ( 'NONE', #2951 ) ;
#2378 = FACE_BOUND ( 'NONE', #4798, .T. ) ;
#2379 = CARTESIAN_POINT ( 'NONE',  ( -3.469446951953614189E-15, 2.540974635525021548E-15, 22.74613391789304728 ) ) ;
#2380 = CARTESIAN_POINT ( 'NONE',  ( -23.66851079882922804, 16.39876268315745023, 28.70295514312180174 ) ) ;
#2381 = CYLINDRICAL_SURFACE ( 'NONE', #4752, 2.000000000000000888 ) ;
#2382 = LINE ( 'NONE', #3684, #1591 ) ;
#2383 = ORIENTED_EDGE ( 'NONE', *, *, #3597, .T. ) ;
#2384 = ADVANCED_FACE ( 'NONE', ( #969 ), #1280, .F. ) ;
#2385 = DIRECTION ( 'NONE',  ( 0.000000000000000000, 1.000000000000000000, 0.000000000000000000 ) ) ;
#2386 = CARTESIAN_POINT ( 'NONE',  ( -59.51267011224594228, 16.28532708054464351, 19.34854911033012570 ) ) ;
#2387 = CARTESIAN_POINT ( 'NONE',  ( -25.00000000009902479, 15.66018860893940712, 29.44486372849927491 ) ) ;
#2388 = EDGE_LOOP ( 'NONE', ( #2567, #651, #4073, #5048 ) ) ;
#2389 = VERTEX_POINT ( 'NONE', #5005 ) ;
#2390 = EDGE_CURVE ( 'NONE', #1406, #331, #4191, .T. ) ;
#2391 = CARTESIAN_POINT ( 'NONE',  ( 12.65472709380245853, 30.19586237184464750, -21.91733880409659818 ) ) ;
#2392 = CARTESIAN_POINT ( 'NONE',  ( -10.14999999999999325, -6.624156821221136582, -63.26754725458678763 ) ) ;
#2393 = LINE ( 'NONE', #1992, #3124 ) ;
#2394 = DIRECTION ( 'NONE',  ( -1.000000000000000000, 4.163336342344337027E-16, 0.000000000000000000 ) ) ;
#2395 = VERTEX_POINT ( 'NONE', #2940 ) ;
#2396 = ADVANCED_FACE ( 'NONE', ( #2972 ), #547, .T. ) ;
#2397 = PLANE ( 'NONE',  #4648 ) ;
#2398 = DIRECTION ( 'NONE',  ( -0.5000000000000078826, 6.316064420779562328E-12, 0.8660254037844340447 ) ) ;
#2399 = EDGE_LOOP ( 'NONE', ( #4987, #1965, #1816, #3551, #1271, #4231, #5125, #4045 ) ) ;
#2400 = DIRECTION ( 'NONE',  ( 0.000000000000000000, 3.556183125752455332E-15, -1.000000000000000000 ) ) ;
#2401 = VERTEX_POINT ( 'NONE', #4164 ) ;
#2402 = DIRECTION ( 'NONE',  ( -6.316271550304452741E-12, 1.000000000000000000, -1.093986406695535484E-11 ) ) ;
#2403 = CARTESIAN_POINT ( 'NONE',  ( 58.60274901990477758, 14.96370182445959252, 21.13260699983179336 ) ) ;
#2404 = LINE ( 'NONE', #3660, #2266 ) ;
#2405 = DIRECTION ( 'NONE',  ( 0.000000000000000000, 1.117101765387847336E-16, 1.000000000000000000 ) ) ;
#2406 = VERTEX_POINT ( 'NONE', #3311 ) ;
#2407 = CARTESIAN_POINT ( 'NONE',  ( 19.85356503797736138, 32.02542403150113159, -11.10678211000333881 ) ) ;
#2408 = LINE ( 'NONE', #1987, #1775 ) ;
#2409 = ORIENTED_EDGE ( 'NONE', *, *, #4253, .T. ) ;
#2410 = ADVANCED_FACE ( 'NONE', ( #2136 ), #877, .F. ) ;
#2411 = CARTESIAN_POINT ( 'NONE',  ( -36.69174371725057426, 16.39876268282843697, 6.146054049612040160 ) ) ;
#2412 = CARTESIAN_POINT ( 'NONE',  ( -2.053023549775101486E-10, 32.50000000009845991, 8.999999999644462179 ) ) ;
#2413 = CARTESIAN_POINT ( 'NONE',  ( -2.688938127308389436, 31.85409909232399883, 16.56356615010127342 ) ) ;
#2414 = ADVANCED_FACE ( 'NONE', ( #4591 ), #118, .F. ) ;
#2415 = VERTEX_POINT ( 'NONE', #852 ) ;
#2416 = VECTOR ( 'NONE', #3790, 1000.000000000000000 ) ;
#2417 = VERTEX_POINT ( 'NONE', #2161 ) ;
#2418 = EDGE_CURVE ( 'NONE', #1745, #325, #3395, .T. ) ;
#2419 = EDGE_CURVE ( 'NONE', #3177, #3342, #1432, .T. ) ;
#2420 = VERTEX_POINT ( 'NONE', #4618 ) ;
#2421 = CYLINDRICAL_SURFACE ( 'NONE', #2783, 4.000000000000000000 ) ;
#2422 = ORIENTED_EDGE ( 'NONE', *, *, #5243, .F. ) ;
#2423 = ORIENTED_EDGE ( 'NONE', *, *, #786, .T. ) ;
#2424 = LINE ( 'NONE', #1687, #2524 ) ;
#2425 = AXIS2_PLACEMENT_3D ( 'NONE', #1890, #3452, #2654 ) ;
#2426 = LINE ( 'NONE', #3201, #2285 ) ;
#2427 = CARTESIAN_POINT ( 'NONE',  ( 9.499999999999998224, -6.113020296280468280, -69.76215258861975599 ) ) ;
#2428 = CARTESIAN_POINT ( 'NONE',  ( 13.00742564511323707, 16.17414404446256171, -35.36735989739408836 ) ) ;
#2429 = VECTOR ( 'NONE', #4078, 1000.000000000000000 ) ;
#2430 = ORIENTED_EDGE ( 'NONE', *, *, #4252, .T. ) ;
#2431 = CARTESIAN_POINT ( 'NONE',  ( 37.99999999970584241, 23.27268265779111545, 6.928203230275597591 ) ) ;
#2432 = AXIS2_PLACEMENT_3D ( 'NONE', #2563, #1300, #5032 ) ;
#2433 = FACE_BOUND ( 'NONE', #1471, .T. ) ;
#2434 = CARTESIAN_POINT ( 'NONE',  ( -4.743482312798474432, 32.50000000020619950, 21.58685233285897453 ) ) ;
#2435 = VECTOR ( 'NONE', #5131, 1000.000000000000114 ) ;
#2436 = CIRCLE ( 'NONE', #2355, 20.00000000000000000 ) ;
#2437 = EDGE_LOOP ( 'NONE', ( #3168, #1217, #4332, #1463 ) ) ;
#2438 = FACE_OUTER_BOUND ( 'NONE', #2062, .T. ) ;
#2439 = CARTESIAN_POINT ( 'NONE',  ( 13.00000000000000000, 2.560425558831677773, -52.51378295997704981 ) ) ;
#2440 = AXIS2_PLACEMENT_3D ( 'NONE', #1938, #780, #2753 ) ;
#2441 = AXIS2_PLACEMENT_3D ( 'NONE', #2819, #4424, #1244 ) ;
#2442 = DIRECTION ( 'NONE',  ( 1.000000000000000000, 6.315870933078200581E-12, 7.216449590970209006E-15 ) ) ;
#2443 = ORIENTED_EDGE ( 'NONE', *, *, #1568, .F. ) ;
#2444 = CIRCLE ( 'NONE', #2700, 20.00000000000000000 ) ;
#2445 = AXIS2_PLACEMENT_3D ( 'NONE', #3067, #4206, #1010 ) ;
#2446 = EDGE_CURVE ( 'NONE', #2377, #2099, #1336, .T. ) ;
#2447 = CARTESIAN_POINT ( 'NONE',  ( -19.82451981530171636, 32.49999999975519671, -10.93236805200220374 ) ) ;
#2448 = AXIS2_PLACEMENT_3D ( 'NONE', #2817, #1129, #1186 ) ;
#2449 = ORIENTED_EDGE ( 'NONE', *, *, #1478, .F. ) ;
#2450 = ORIENTED_EDGE ( 'NONE', *, *, #1686, .F. ) ;
#2451 = CARTESIAN_POINT ( 'NONE',  ( -26.54737148437111927, 25.17018433360969709, 28.02883799458289715 ) ) ;
#2452 = LINE ( 'NONE', #3199, #3967 ) ;
#2453 = DIRECTION ( 'NONE',  ( 0.000000000000000000, 1.000000000000000000, 0.000000000000000000 ) ) ;
#2454 = ADVANCED_FACE ( 'NONE', ( #958 ), #3797, .F. ) ;
#2455 = ADVANCED_FACE ( 'NONE', ( #431 ), #1779, .T. ) ;
#2456 = CARTESIAN_POINT ( 'NONE',  ( 52.01022899047502790, -7.467592099638490133, 15.01701270928038490 ) ) ;
#2457 = DIRECTION ( 'NONE',  ( 0.8633557364849445692, 0.07845909573875187171, 0.4984586668665679787 ) ) ;
#2458 = CARTESIAN_POINT ( 'NONE',  ( 10.24999999999999822, 2.769193323034216281, -80.01215258861977020 ) ) ;
#2459 = CARTESIAN_POINT ( 'NONE',  ( 40.92682725064497617, 2.560425559348666447, 38.64022172918642184 ) ) ;
#2460 = VERTEX_POINT ( 'NONE', #2480 ) ;
#2461 = DIRECTION ( 'NONE',  ( 0.000000000000000000, 0.000000000000000000, -1.000000000000000000 ) ) ;
#2462 = EDGE_CURVE ( 'NONE', #1933, #1322, #4905, .T. ) ;
#2463 = EDGE_CURVE ( 'NONE', #840, #308, #1599, .T. ) ;
#2464 = DIRECTION ( 'NONE',  ( 0.000000000000000000, 1.000000000000000000, 0.000000000000000000 ) ) ;
#2465 = VERTEX_POINT ( 'NONE', #766 ) ;
#2466 = EDGE_LOOP ( 'NONE', ( #4968, #2163, #5259, #3069, #1628, #1282, #2718 ) ) ;
#2467 = PLANE ( 'NONE',  #3356 ) ;
#2468 = LINE ( 'NONE', #2493, #1943 ) ;
#2469 = CARTESIAN_POINT ( 'NONE',  ( 37.99999999999981526, 4.800143173974012017E-10, 6.928203230275597591 ) ) ;
#2470 = DIRECTION ( 'NONE',  ( 0.4999999999981823429, 0.000000000000000000, -0.8660254037854882014 ) ) ;
#2471 = ORIENTED_EDGE ( 'NONE', *, *, #4205, .F. ) ;
#2472 = UNCERTAINTY_MEASURE_WITH_UNIT (LENGTH_MEASURE( 1.000000000000000082E-05 ), #251, 'distance_accuracy_value', 'NONE');
#2473 = ORIENTED_EDGE ( 'NONE', *, *, #3535, .F. ) ;
#2474 = CARTESIAN_POINT ( 'NONE',  ( -13.00000000000000000, 2.560425558831678217, -50.26378295997704981 ) ) ;
#2475 = EDGE_CURVE ( 'NONE', #521, #1538, #1215, .T. ) ;
#2476 = DIRECTION ( 'NONE',  ( 4.006172263299083026E-16, 1.000000000000000000, -2.312964634635762678E-16 ) ) ;
#2477 = CARTESIAN_POINT ( 'NONE',  ( 13.00000000000000000, -11.53199209449697094, -0.9075874609249293679 ) ) ;
#2478 =( BOUNDED_CURVE ( )  B_SPLINE_CURVE ( 3, ( #1783, #3402, #5040, #3147 ),
 .UNSPECIFIED., .F., .F. ) 
 B_SPLINE_CURVE_WITH_KNOTS ( ( 4, 4 ),
 ( 4.188790204786393190, 4.712388980384689674 ),
 .UNSPECIFIED. ) 
 CURVE ( )  GEOMETRIC_REPRESENTATION_ITEM ( )  RATIONAL_B_SPLINE_CURVE ( ( 1.000000000000000000, 0.9772838841927123932, 0.9772838841927123932, 1.000000000000000000 ) ) 
 REPRESENTATION_ITEM ( '' )  );
#2479 = LINE ( 'NONE', #2109, #4925 ) ;
#2480 = CARTESIAN_POINT ( 'NONE',  ( 3.247595264191645015, 29.50000000000000355, -11.87500000000000000 ) ) ;
#2481 = CARTESIAN_POINT ( 'NONE',  ( -50.02971293366381644, 2.560425558667468682, 13.87356123076235015 ) ) ;
#2482 = DIRECTION ( 'NONE',  ( 1.000000000000000000, 0.000000000000000000, 0.000000000000000000 ) ) ;
#2483 = ORIENTED_EDGE ( 'NONE', *, *, #1937, .F. ) ;
#2484 = ORIENTED_EDGE ( 'NONE', *, *, #763, .T. ) ;
#2485 = EDGE_CURVE ( 'NONE', #10, #1700, #4498, .T. ) ;
#2486 = DIRECTION ( 'NONE',  ( 0.5000000000000039968, 6.315870933078222391E-12, -0.8660254037844362651 ) ) ;
#2487 = FACE_OUTER_BOUND ( 'NONE', #963, .T. ) ;
#2488 = ORIENTED_EDGE ( 'NONE', *, *, #670, .F. ) ;
#2489 = EDGE_CURVE ( 'NONE', #4608, #2780, #3953, .T. ) ;
#2490 = EDGE_CURVE ( 'NONE', #1901, #2147, #362, .T. ) ;
#2491 = DIRECTION ( 'NONE',  ( -0.4999999999999919509, -1.263193535385778149E-11, -0.8660254037844432595 ) ) ;
#2492 = CARTESIAN_POINT ( 'NONE',  ( 10.24999999999999822, 2.769193323034216281, -80.01215258861977020 ) ) ;
#2493 = CARTESIAN_POINT ( 'NONE',  ( 13.00000000000000000, 4.906075848032020126, -93.51215258861977020 ) ) ;
#2494 = CARTESIAN_POINT ( 'NONE',  ( 37.02971293361500926, 2.560425559299438714, 36.39022172918640763 ) ) ;
#2495 = ORIENTED_EDGE ( 'NONE', *, *, #4776, .F. ) ;
#2496 = ORIENTED_EDGE ( 'NONE', *, *, #3406, .T. ) ;
#2497 = ORIENTED_EDGE ( 'NONE', *, *, #3262, .T. ) ;
#2498 = DIRECTION ( 'NONE',  ( 0.7946264809012031360, 0.3976074376343006200, -0.4587778126593042294 ) ) ;
#2499 = DIRECTION ( 'NONE',  ( 0.000000000000000000, 1.000000000000000000, 0.000000000000000000 ) ) ;
#2500 = ORIENTED_EDGE ( 'NONE', *, *, #5271, .F. ) ;
#2501 = VERTEX_POINT ( 'NONE', #1203 ) ;
#2502 = EDGE_LOOP ( 'NONE', ( #1088, #674, #3804, #3715 ) ) ;
#2503 = CARTESIAN_POINT ( 'NONE',  ( -33.12396270993013303, 2.421922163332892453, 34.13523578609974152 ) ) ;
#2504 = ORIENTED_EDGE ( 'NONE', *, *, #3414, .F. ) ;
#2505 = CARTESIAN_POINT ( 'NONE',  ( -13.00000000000000000, 4.906075848032024567, -91.51215258861977020 ) ) ;
#2506 = VECTOR ( 'NONE', #2992, 1000.000000000000000 ) ;
#2507 = DIRECTION ( 'NONE',  ( -0.4999999999999919509, -1.263191634626181781E-11, -0.8660254037844432595 ) ) ;
#2508 = CARTESIAN_POINT ( 'NONE',  ( -3.464101615137754830, 32.50000000000000000, -12.00000000000000178 ) ) ;
#2509 = DIRECTION ( 'NONE',  ( -0.8660254037844434816, 1.927470528863120528E-16, 0.4999999999999916178 ) ) ;
#2510 = ORIENTED_EDGE ( 'NONE', *, *, #5107, .T. ) ;
#2511 = VERTEX_POINT ( 'NONE', #2830 ) ;
#2512 = CIRCLE ( 'NONE', #2249, 50.00000000000000000 ) ;
#2513 = CARTESIAN_POINT ( 'NONE',  ( 16.79336442346188818, -1.952349822993403761, 24.70676046940138448 ) ) ;
#2514 = CARTESIAN_POINT ( 'NONE',  ( -4.236309611532401043, 33.75160076845838830, 15.14754041626817482 ) ) ;
#2515 = ADVANCED_FACE ( 'NONE', ( #3213 ), #311, .F. ) ;
#2516 = CARTESIAN_POINT ( 'NONE',  ( -30.35487007536595883, 26.33081972454755970, 2.514285409914034819 ) ) ;
#2517 = ORIENTED_EDGE ( 'NONE', *, *, #891, .F. ) ;
#2518 = AXIS2_PLACEMENT_3D ( 'NONE', #1098, #4862, #827 ) ;
#2519 = CARTESIAN_POINT ( 'NONE',  ( -8.660254038030752000, 32.50000000000000000, 7.249999999677200435 ) ) ;
#2520 = DIRECTION ( 'NONE',  ( 0.000000000000000000, 0.000000000000000000, -1.000000000000000000 ) ) ;
#2521 = ADVANCED_FACE ( 'NONE', ( #2433, #1936 ), #3665, .F. ) ;
#2522 = EDGE_CURVE ( 'NONE', #1496, #3183, #3216, .T. ) ;
#2523 = CARTESIAN_POINT ( 'NONE',  ( 19.69872981077801199, 2.488318110355421418E-10, -11.37306695894632647 ) ) ;
#2524 = VECTOR ( 'NONE', #4049, 999.9999999999998863 ) ;
#2525 = ORIENTED_EDGE ( 'NONE', *, *, #3368, .F. ) ;
#2526 = VERTEX_POINT ( 'NONE', #3315 ) ;
#2527 = VECTOR ( 'NONE', #769, 999.9999999999998863 ) ;
#2528 = CARTESIAN_POINT ( 'NONE',  ( 18.21836442346189955, -1.952349822975403493, 22.23858806861574067 ) ) ;
#2529 = FACE_OUTER_BOUND ( 'NONE', #1560, .T. ) ;
#2530 = ORIENTED_EDGE ( 'NONE', *, *, #2262, .T. ) ;
#2531 = AXIS2_PLACEMENT_3D ( 'NONE', #290, #3595, #4335 ) ;
#2532 = ORIENTED_EDGE ( 'NONE', *, *, #1619, .T. ) ;
#2533 = CARTESIAN_POINT ( 'NONE',  ( 34.09755359395454377, 14.25894806489778688, -69.76215258861975599 ) ) ;
#2534 = VERTEX_POINT ( 'NONE', #618 ) ;
#2535 = AXIS2_PLACEMENT_3D ( 'NONE', #1655, #3661, #1691 ) ;
#2536 = VECTOR ( 'NONE', #134, 1000.000000000000000 ) ;
#2537 = DIRECTION ( 'NONE',  ( 0.4999999999991319721, 0.000000000000000000, 0.8660254037849398623 ) ) ;
#2538 = CARTESIAN_POINT ( 'NONE',  ( -8.660254038030752000, 29.50000000000000355, 4.999999999677200435 ) ) ;
#2539 = CARTESIAN_POINT ( 'NONE',  ( -49.07546422344151438, -6.643771595014144715, 41.03543840227781914 ) ) ;
#2540 = AXIS2_PLACEMENT_3D ( 'NONE', #3077, #694, #5165 ) ;
#2541 = ORIENTED_EDGE ( 'NONE', *, *, #715, .F. ) ;
#2542 = ORIENTED_EDGE ( 'NONE', *, *, #1447, .F. ) ;
#2543 = ORIENTED_EDGE ( 'NONE', *, *, #4911, .T. ) ;
#2544 = PRODUCT_DEFINITION_FORMATION_WITH_SPECIFIED_SOURCE ( 'ANY', '', #606, .NOT_KNOWN. ) ;
#2545 = CARTESIAN_POINT ( 'NONE',  ( -61.28484108008837694, 5.024220328576126882, 21.52908578843145193 ) ) ;
#2546 = ORIENTED_EDGE ( 'NONE', *, *, #951, .F. ) ;
#2547 = ADVANCED_FACE ( 'NONE', ( #4954, #4167 ), #2919, .F. ) ;
#2548 = FACE_OUTER_BOUND ( 'NONE', #2466, .T. ) ;
#2549 = CARTESIAN_POINT ( 'NONE',  ( 5.047624216003161912, 32.50000000006377121, 21.25725839965627273 ) ) ;
#2550 = DIRECTION ( 'NONE',  ( -6.314393452555429997E-12, 1.000000000000000000, -1.093685027880657850E-11 ) ) ;
#2551 = CARTESIAN_POINT ( 'NONE',  ( -25.00000000000012079, 1.642192228418792043E-10, 29.44486372867059032 ) ) ;
#2552 = ORIENTED_EDGE ( 'NONE', *, *, #4847, .T. ) ;
#2553 = EDGE_CURVE ( 'NONE', #1535, #1226, #1286, .T. ) ;
#2554 = SURFACE_SIDE_STYLE ('',( #2069 ) ) ;
#2555 = DIRECTION ( 'NONE',  ( 0.4999999999999918399, 1.263192328515571848E-11, 0.8660254037844432595 ) ) ;
#2556 = ORIENTED_EDGE ( 'NONE', *, *, #4565, .T. ) ;
#2557 = EDGE_LOOP ( 'NONE', ( #3505, #620, #1458, #1347 ) ) ;
#2558 = FACE_OUTER_BOUND ( 'NONE', #2669, .T. ) ;
#2559 = EDGE_LOOP ( 'NONE', ( #4756, #573 ) ) ;
#2560 = EDGE_CURVE ( 'NONE', #3183, #1496, #582, .T. ) ;
#2561 = ADVANCED_FACE ( 'NONE', ( #2237 ), #3868, .T. ) ;
#2562 = ORIENTED_EDGE ( 'NONE', *, *, #1967, .T. ) ;
#2563 = CARTESIAN_POINT ( 'NONE',  ( 11.00000000000000000, 4.906075848032023679, -91.51215258861977020 ) ) ;
#2564 = CARTESIAN_POINT ( 'NONE',  ( 9.939339828220175477, -6.113020296280463839, -69.76215258861975599 ) ) ;
#2565 = DIRECTION ( 'NONE',  ( 0.000000000000000000, 1.000000000000000000, -0.000000000000000000 ) ) ;
#2566 = LINE ( 'NONE', #3920, #4578 ) ;
#2567 = ORIENTED_EDGE ( 'NONE', *, *, #2624, .F. ) ;
#2568 = ORIENTED_EDGE ( 'NONE', *, *, #2574, .F. ) ;
#2569 = CARTESIAN_POINT ( 'NONE',  ( -51.97827009217881056, 2.560425558667469126, 14.99856123076233061 ) ) ;
#2570 = ORIENTED_EDGE ( 'NONE', *, *, #138, .T. ) ;
#2571 = CARTESIAN_POINT ( 'NONE',  ( 4.990720151119424131, 32.50000000006306067, 21.35581913119218811 ) ) ;
#2572 = DIRECTION ( 'NONE',  ( 0.000000000000000000, 1.000000000000000000, 0.000000000000000000 ) ) ;
#2573 = LINE ( 'NONE', #4199, #1595 ) ;
#2574 = EDGE_CURVE ( 'NONE', #840, #276, #2945, .T. ) ;
#2575 = ORIENTED_EDGE ( 'NONE', *, *, #4112, .T. ) ;
#2576 = ORIENTED_EDGE ( 'NONE', *, *, #5012, .T. ) ;
#2577 = CARTESIAN_POINT ( 'NONE',  ( -34.73408588161256461, 26.62628867324338344, 5.106180782308530119 ) ) ;
#2578 = DIRECTION ( 'NONE',  ( -0.000000000000000000, -1.000000000000000000, -0.000000000000000000 ) ) ;
#2579 = CARTESIAN_POINT ( 'NONE',  ( -4.106654943589219009, 30.70569342645946165, 22.71988538701121030 ) ) ;
#2580 = PLANE ( 'NONE',  #3731 ) ;
#2581 = EDGE_CURVE ( 'NONE', #2584, #1526, #1847, .T. ) ;
#2582 = ORIENTED_EDGE ( 'NONE', *, *, #48, .F. ) ;
#2583 = DIRECTION ( 'NONE',  ( -1.263193535385783157E-11, 1.000000000000000000, 3.508827503883641043E-16 ) ) ;
#2584 = VERTEX_POINT ( 'NONE', #4085 ) ;
#2585 = CARTESIAN_POINT ( 'NONE',  ( 37.13274495828238742, 16.17414404493170821, 6.418918902191872888 ) ) ;
#2586 = CARTESIAN_POINT ( 'NONE',  ( -8.660254037967593632, 19.50000000000000355, 4.999999999786597371 ) ) ;
#2587 = EDGE_CURVE ( 'NONE', #4182, #996, #436, .T. ) ;
#2588 = EDGE_CURVE ( 'NONE', #461, #2195, #4514, .T. ) ;
#2589 = FACE_OUTER_BOUND ( 'NONE', #3835, .T. ) ;
#2590 = CARTESIAN_POINT ( 'NONE',  ( -10.24999999999999822, 2.769193323034216281, -80.01215258861977020 ) ) ;
#2591 = FACE_OUTER_BOUND ( 'NONE', #3166, .T. ) ;
#2592 = CARTESIAN_POINT ( 'NONE',  ( 0.1622721017632778318, 33.66163071491541103, 22.74418538127062206 ) ) ;
#2593 = ORIENTED_EDGE ( 'NONE', *, *, #4337, .T. ) ;
#2594 = VERTEX_POINT ( 'NONE', #5134 ) ;
#2595 = DIRECTION ( 'NONE',  ( -1.000000000000000000, 8.125661806746624109E-18, -1.032463225334366069E-16 ) ) ;
#2596 = AXIS2_PLACEMENT_3D ( 'NONE', #4714, #5178, #1048 ) ;
#2597 = VERTEX_POINT ( 'NONE', #1953 ) ;
#2598 = AXIS2_PLACEMENT_3D ( 'NONE', #1383, #974, #1729 ) ;
#2599 = CARTESIAN_POINT ( 'NONE',  ( -19.69872981077800489, 0.000000000000000000, -11.37306695894633002 ) ) ;
#2600 = DIRECTION ( 'NONE',  ( -0.8660254037844448138, 0.000000000000000000, 0.4999999999999891753 ) ) ;
#2601 = DIRECTION ( 'NONE',  ( -0.000000000000000000, 1.000000000000000000, 0.000000000000000000 ) ) ;
#2602 = CIRCLE ( 'NONE', #3031, 2.250000000000001776 ) ;
#2603 = ORIENTED_EDGE ( 'NONE', *, *, #4743, .F. ) ;
#2604 = CARTESIAN_POINT ( 'NONE',  ( -37.54737148437145322, 25.17018433333159777, 8.976279111325450089 ) ) ;
#2605 = FACE_BOUND ( 'NONE', #5193, .T. ) ;
#2606 = CYLINDRICAL_SURFACE ( 'NONE', #2531, 2.000000000000001776 ) ;
#2607 = CARTESIAN_POINT ( 'NONE',  ( -9.499999999999994671, -4.499635306375768806, -90.26215258861975599 ) ) ;
#2608 = CARTESIAN_POINT ( 'NONE',  ( -3.247595264191645015, 29.50000000000000355, -11.87500000000000000 ) ) ;
#2609 = EDGE_LOOP ( 'NONE', ( #778, #3194, #1736, #3580 ) ) ;
#2610 = CIRCLE ( 'NONE', #2782, 2.250000000000001776 ) ;
#2611 = DIRECTION ( 'NONE',  ( -1.000000000000000000, 0.000000000000000000, -0.000000000000000000 ) ) ;
#2612 = VECTOR ( 'NONE', #1880, 1000.000000000000000 ) ;
#2613 = VERTEX_POINT ( 'NONE', #5214 ) ;
#2614 = EDGE_CURVE ( 'NONE', #207, #476, #1525, .T. ) ;
#2615 = CARTESIAN_POINT ( 'NONE',  ( 39.01022899047492132, -7.467592099802702776, 37.53367320767572579 ) ) ;
#2616 = AXIS2_PLACEMENT_3D ( 'NONE', #556, #1867, #3838 ) ;
#2617 = AXIS2_PLACEMENT_3D ( 'NONE', #5201, #3151, #4783 ) ;
#2618 = CARTESIAN_POINT ( 'NONE',  ( 18.58409664175300691, 32.49999999999999289, -12.77367460377367081 ) ) ;
#2619 = DIRECTION ( 'NONE',  ( 0.000000000000000000, 0.000000000000000000, 1.000000000000000000 ) ) ;
#2620 = ORIENTED_EDGE ( 'NONE', *, *, #4213, .F. ) ;
#2621 = ORIENTED_EDGE ( 'NONE', *, *, #1666, .T. ) ;
#2622 = AXIS2_PLACEMENT_3D ( 'NONE', #4528, #4917, #2405 ) ;
#2623 = CIRCLE ( 'NONE', #3819, 2.250000000000000000 ) ;
#2624 = EDGE_CURVE ( 'NONE', #1538, #3565, #2687, .T. ) ;
#2625 = EDGE_CURVE ( 'NONE', #1622, #2420, #3919, .T. ) ;
#2626 = CYLINDRICAL_SURFACE ( 'NONE', #3890, 2.250000000000001776 ) ;
#2627 = AXIS2_PLACEMENT_3D ( 'NONE', #4659, #1839, #2230 ) ;
#2628 = VERTEX_POINT ( 'NONE', #274 ) ;
#2629 = EDGE_CURVE ( 'NONE', #3921, #1604, #4022, .T. ) ;
#2630 = EDGE_CURVE ( 'NONE', #938, #623, #2866, .T. ) ;
#2631 = CARTESIAN_POINT ( 'NONE',  ( 61.80217569653681409, -6.486853402916725742, 22.97979685268135341 ) ) ;
#2632 = CARTESIAN_POINT ( 'NONE',  ( -10.14999999999999503, -7.938346674662555280, -46.56918191455690703 ) ) ;
#2633 = FACE_OUTER_BOUND ( 'NONE', #672, .T. ) ;
#2634 = VERTEX_POINT ( 'NONE', #5234 ) ;
#2635 = CARTESIAN_POINT ( 'NONE',  ( 21.39102781058526048, 22.13442267017028442, 27.36122266377604006 ) ) ;
#2636 = DIRECTION ( 'NONE',  ( 0.000000000000000000, 1.000000000000000000, 0.000000000000000000 ) ) ;
#2637 = DIRECTION ( 'NONE',  ( 0.06794757007086250911, -0.9969173337322697614, 0.03922954786392338772 ) ) ;
#2638 = DIRECTION ( 'NONE',  ( -0.8633557364864382633, 0.07845909572784535990, 0.4984586668656976194 ) ) ;
#2639 = FILL_AREA_STYLE_COLOUR ( '', #1602 ) ;
#2640 = CARTESIAN_POINT ( 'NONE',  ( -26.54737148437111927, 25.17018433360969709, 28.02883799458289715 ) ) ;
#2641 = ORIENTED_EDGE ( 'NONE', *, *, #2979, .F. ) ;
#2642 = CARTESIAN_POINT ( 'NONE',  ( -35.75266320371139983, -1.994556770719285499, 35.65291672386764787 ) ) ;
#2643 = CARTESIAN_POINT ( 'NONE',  ( 8.660254037528568816, 25.00000000010939161, 5.000000000000038192 ) ) ;
#2644 = EDGE_CURVE ( 'NONE', #4392, #1901, #2787, .T. ) ;
#2645 = DIRECTION ( 'NONE',  ( -0.000000000000000000, -1.000000000000000000, -0.000000000000000000 ) ) ;
#2646 = ORIENTED_EDGE ( 'NONE', *, *, #2390, .T. ) ;
#2647 = CARTESIAN_POINT ( 'NONE',  ( -0.3080270578319010966, 32.02542403149725203, 22.74708273357662591 ) ) ;
#2648 = ORIENTED_EDGE ( 'NONE', *, *, #2657, .F. ) ;
#2649 = CARTESIAN_POINT ( 'NONE',  ( -10.24999999999999822, 0.000000000000000000, 0.000000000000000000 ) ) ;
#2650 = DIRECTION ( 'NONE',  ( 0.000000000000000000, 1.000000000000000000, 0.000000000000000000 ) ) ;
#2651 = CARTESIAN_POINT ( 'NONE',  ( -62.07083487733274296, -6.507771765920803198, 21.98287951902005943 ) ) ;
#2652 = ADVANCED_FACE ( 'NONE', ( #3545 ), #4280, .T. ) ;
#2653 = VERTEX_POINT ( 'NONE', #4715 ) ;
#2654 = DIRECTION ( 'NONE',  ( 0.000000000000000000, 0.000000000000000000, -1.000000000000000000 ) ) ;
#2655 = CARTESIAN_POINT ( 'NONE',  ( -13.00000000000000000, 2.769193323034216281, -80.01215258861977020 ) ) ;
#2656 = CARTESIAN_POINT ( 'NONE',  ( -15.88551368070526415, 32.50000000000000000, -14.99999999999999467 ) ) ;
#2657 = EDGE_CURVE ( 'NONE', #2003, #315, #3462, .T. ) ;
#2658 = EDGE_CURVE ( 'NONE', #1728, #4200, #3409, .T. ) ;
#2659 = EDGE_LOOP ( 'NONE', ( #1153, #2899 ) ) ;
#2660 = CARTESIAN_POINT ( 'NONE',  ( -31.13963121819608304, 28.10927142179204452, 2.427721580037400795 ) ) ;
#2661 = CARTESIAN_POINT ( 'NONE',  ( 49.23938158490690142, 16.44224527278653625, 41.13007613506871962 ) ) ;
#2662 = CARTESIAN_POINT ( 'NONE',  ( -8.660254038030752000, 32.50000000000000000, 4.999999999677200435 ) ) ;
#2663 = FACE_OUTER_BOUND ( 'NONE', #4740, .T. ) ;
#2664 = CARTESIAN_POINT ( 'NONE',  ( -13.00000000000000000, 2.421922163168672260, -45.75381107385768331 ) ) ;
#2665 = DIRECTION ( 'NONE',  ( -0.06794757005197363253, -0.9969173337331278528, 0.03922954787482822725 ) ) ;
#2666 = ORIENTED_EDGE ( 'NONE', *, *, #375, .F. ) ;
#2667 = LINE ( 'NONE', #2272, #2031 ) ;
#2668 = FACE_OUTER_BOUND ( 'NONE', #799, .T. ) ;
#2669 = EDGE_LOOP ( 'NONE', ( #5246, #5128, #1091, #507 ) ) ;
#2670 = EDGE_CURVE ( 'NONE', #4891, #844, #1510, .T. ) ;
#2671 = CARTESIAN_POINT ( 'NONE',  ( -38.45471293366400545, 2.560425558959897874, 33.92204932837221065 ) ) ;
#2672 = CIRCLE ( 'NONE', #384, 2.000000000000002220 ) ;
#2673 = CARTESIAN_POINT ( 'NONE',  ( -59.15012050441261948, 16.86120349974002863, 21.44863207340306488 ) ) ;
#2674 = ORIENTED_EDGE ( 'NONE', *, *, #122, .F. ) ;
#2675 = AXIS2_PLACEMENT_3D ( 'NONE', #2538, #3849, #4972 ) ;
#2676 = EDGE_CURVE ( 'NONE', #1940, #1406, #5076, .T. ) ;
#2677 = CARTESIAN_POINT ( 'NONE',  ( -47.32766320371121793, -1.994556771011716467, 15.60442862625778027 ) ) ;
#2678 = EDGE_CURVE ( 'NONE', #1182, #564, #1841, .T. ) ;
#2679 = FACE_OUTER_BOUND ( 'NONE', #2857, .T. ) ;
#2680 =( BOUNDED_CURVE ( )  B_SPLINE_CURVE ( 3, ( #4582, #950, #775, #1679 ),
 .UNSPECIFIED., .F., .F. ) 
 B_SPLINE_CURVE_WITH_KNOTS ( ( 4, 4 ),
 ( 4.188790204786393190, 4.712388980384689674 ),
 .UNSPECIFIED. ) 
 CURVE ( )  GEOMETRIC_REPRESENTATION_ITEM ( )  RATIONAL_B_SPLINE_CURVE ( ( 1.000000000000000000, 0.9772838841927123932, 0.9772838841927123932, 1.000000000000000000 ) ) 
 REPRESENTATION_ITEM ( '' )  );
#2681 = SURFACE_STYLE_USAGE ( .BOTH. , #1490 ) ;
#2682 = CIRCLE ( 'NONE', #807, 20.00000000000000355 ) ;
#2683 = DIRECTION ( 'NONE',  ( 1.263193535385782996E-11, -1.000000000000000000, 1.117101765387847829E-16 ) ) ;
#2684 = VECTOR ( 'NONE', #2156, 1000.000000000000114 ) ;
#2685 = EDGE_CURVE ( 'NONE', #5227, #4165, #1031, .T. ) ;
#2686 = SHAPE_DEFINITION_REPRESENTATION ( #5254, #4563 ) ;
#2687 = LINE ( 'NONE', #3193, #2277 ) ;
#2688 = CARTESIAN_POINT ( 'NONE',  ( -13.00000000000000000, 23.27268265731109409, -36.37306695894624653 ) ) ;
#2689 = VECTOR ( 'NONE', #1920, 1000.000000000000000 ) ;
#2690 = VECTOR ( 'NONE', #4699, 999.9999999999998863 ) ;
#2691 = DIRECTION ( 'NONE',  ( -0.8216423276369129169, -0.3160250737565467594, 0.4743754190433617790 ) ) ;
#2692 = EDGE_LOOP ( 'NONE', ( #2984, #3157, #2646, #3691 ) ) ;
#2693 = CARTESIAN_POINT ( 'NONE',  ( -13.00000000000000000, -7.467592100295481927, -52.55068591695568614 ) ) ;
#2694 = VERTEX_POINT ( 'NONE', #4606 ) ;
#2695 = VERTEX_POINT ( 'NONE', #949 ) ;
#2696 = VECTOR ( 'NONE', #1261, 999.9999999999998863 ) ;
#2697 = AXIS2_PLACEMENT_3D ( 'NONE', #3187, #369, #1128 ) ;
#2698 = CARTESIAN_POINT ( 'NONE',  ( 33.89614317014799383, 12.00000000042817838, 31.29015784841220693 ) ) ;
#2699 = DIRECTION ( 'NONE',  ( 0.4905221900336521612, 0.8241261886220141442, -0.2832031184714284833 ) ) ;
#2700 = AXIS2_PLACEMENT_3D ( 'NONE', #185, #1022, #1429 ) ;
#2701 = AXIS2_PLACEMENT_3D ( 'NONE', #3773, #2997, #484 ) ;
#2702 = LINE ( 'NONE', #1481, #4386 ) ;
#2703 = AXIS2_PLACEMENT_3D ( 'NONE', #2043, #74, #3756 ) ;
#2704 = PRESENTATION_LAYER_ASSIGNMENT (  '', '', ( #665 ) ) ;
#2705 = CARTESIAN_POINT ( 'NONE',  ( -10.14999999999999325, 13.31418985344142314, -61.69836534002987349 ) ) ;
#2706 = ADVANCED_FACE ( 'NONE', ( #3382 ), #4305, .T. ) ;
#2707 = VERTEX_POINT ( 'NONE', #5027 ) ;
#2708 = VERTEX_POINT ( 'NONE', #2989 ) ;
#2709 = ORIENTED_EDGE ( 'NONE', *, *, #1915, .T. ) ;
#2710 = CARTESIAN_POINT ( 'NONE',  ( -11.61159443191237273, 28.22871145921977742, -27.82299703177283234 ) ) ;
#2711 = CARTESIAN_POINT ( 'NONE',  ( -13.00000000000000000, -1.952349823205539181, -26.89686044040719892 ) ) ;
#2712 = DIRECTION ( 'NONE',  ( 0.000000000000000000, -1.000000000000000000, 0.000000000000000000 ) ) ;
#2713 = CARTESIAN_POINT ( 'NONE',  ( -15.88551368070526415, 32.50000000000000000, -14.99999999999999467 ) ) ;
#2714 = EDGE_CURVE ( 'NONE', #2241, #2295, #911, .T. ) ;
#2715 = CARTESIAN_POINT ( 'NONE',  ( -3.157980124393477804E-10, 25.00000000000000000, 1.044173743027553532E-14 ) ) ;
#2716 =( BOUNDED_CURVE ( )  B_SPLINE_CURVE ( 3, ( #4161, #2564, #2052, #2936 ),
 .UNSPECIFIED., .F., .F. ) 
 B_SPLINE_CURVE_WITH_KNOTS ( ( 4, 4 ),
 ( 0.000000000000000000, 1.570796326794896558 ),
 .UNSPECIFIED. ) 
 CURVE ( )  GEOMETRIC_REPRESENTATION_ITEM ( )  RATIONAL_B_SPLINE_CURVE ( ( 1.000000000000000000, 0.8047378541243649375, 0.8047378541243649375, 1.000000000000000000 ) ) 
 REPRESENTATION_ITEM ( '' )  );
#2717 = CARTESIAN_POINT ( 'NONE',  ( 6.499999999794601635, 32.50000000013951507, 8.999999999644519022 ) ) ;
#2718 = ORIENTED_EDGE ( 'NONE', *, *, #5122, .T. ) ;
#2719 = DIRECTION ( 'NONE',  ( 0.8660254037844360431, 1.093955173361550972E-11, 0.5000000000000046629 ) ) ;
#2720 = ADVANCED_FACE ( 'NONE', ( #593 ), #2892, .T. ) ;
#2721 = ORIENTED_EDGE ( 'NONE', *, *, #786, .F. ) ;
#2722 = EDGE_CURVE ( 'NONE', #3932, #955, #3815, .T. ) ;
#2723 = CARTESIAN_POINT ( 'NONE',  ( 5.714006202755520292, -11.53199209433275385, 11.71212397978637476 ) ) ;
#2724 = VERTEX_POINT ( 'NONE', #3009 ) ;
#2725 = CYLINDRICAL_SURFACE ( 'NONE', #749, 3.750000000000001776 ) ;
#2726 = LINE ( 'NONE', #2302, #4483 ) ;
#2727 = ORIENTED_EDGE ( 'NONE', *, *, #374, .T. ) ;
#2728 = CARTESIAN_POINT ( 'NONE',  ( 0.000000000000000000, 32.50000000000000000, -12.25000000000000000 ) ) ;
#2729 = FACE_OUTER_BOUND ( 'NONE', #494, .T. ) ;
#2730 = EDGE_LOOP ( 'NONE', ( #1743, #3057, #2905, #1029 ) ) ;
#2731 = ORIENTED_EDGE ( 'NONE', *, *, #4462, .T. ) ;
#2732 = DIRECTION ( 'NONE',  ( 0.5000000000000041078, 6.315935428978666075E-12, -0.8660254037844361541 ) ) ;
#2733 = DIRECTION ( 'NONE',  ( 0.000000000000000000, 1.000000000000000000, 0.000000000000000000 ) ) ;
#2734 = CARTESIAN_POINT ( 'NONE',  ( 11.00000000000000178, 4.906075848032027231, -91.51215258861977020 ) ) ;
#2735 = ORIENTED_EDGE ( 'NONE', *, *, #1747, .F. ) ;
#2736 = ADVANCED_FACE ( 'NONE', ( #975 ), #2606, .T. ) ;
#2737 = CARTESIAN_POINT ( 'NONE',  ( 36.69174371693976866, 16.39876268345643240, 6.146054049791963791 ) ) ;
#2738 = ORIENTED_EDGE ( 'NONE', *, *, #912, .T. ) ;
#2739 = ORIENTED_EDGE ( 'NONE', *, *, #1579, .F. ) ;
#2740 = FACE_OUTER_BOUND ( 'NONE', #2730, .T. ) ;
#2741 = DIRECTION ( 'NONE',  ( 0.8633557364849446802, 0.07845909573875184395, 0.4984586668665680342 ) ) ;
#2742 = FACE_OUTER_BOUND ( 'NONE', #5073, .T. ) ;
#2743 = DIRECTION ( 'NONE',  ( 0.000000000000000000, 0.000000000000000000, 1.000000000000000000 ) ) ;
#2744 = EDGE_CURVE ( 'NONE', #424, #89, #4833, .T. ) ;
#2745 = EDGE_CURVE ( 'NONE', #767, #550, #1946, .T. ) ;
#2746 = CYLINDRICAL_SURFACE ( 'NONE', #4134, 20.00000000000000711 ) ;
#2747 = FACE_OUTER_BOUND ( 'NONE', #112, .T. ) ;
#2748 = FACE_OUTER_BOUND ( 'NONE', #1161, .T. ) ;
#2749 = VERTEX_POINT ( 'NONE', #1895 ) ;
#2750 = ORIENTED_EDGE ( 'NONE', *, *, #4205, .T. ) ;
#2751 = CARTESIAN_POINT ( 'NONE',  ( 0.000000000000000000, 8.406354580165587009, 0.6615944536319878777 ) ) ;
#2752 = DIRECTION ( 'NONE',  ( -0.000000000000000000, 1.000000000000000000, -0.000000000000000000 ) ) ;
#2753 = DIRECTION ( 'NONE',  ( 0.000000000000000000, 0.000000000000000000, -1.000000000000000000 ) ) ;
#2754 = EDGE_LOOP ( 'NONE', ( #1638, #2223, #1908, #1292 ) ) ;
#2755 = EDGE_LOOP ( 'NONE', ( #2666, #4298, #3729, #3050 ) ) ;
#2756 = AXIS2_PLACEMENT_3D ( 'NONE', #2072, #1800, #4908 ) ;
#2757 = DIRECTION ( 'NONE',  ( 0.4999999999999960032, 6.316064420779609988E-12, 0.8660254037844410391 ) ) ;
#2758 = FACE_OUTER_BOUND ( 'NONE', #242, .T. ) ;
#2759 = DIRECTION ( 'NONE',  ( 0.000000000000000000, 0.000000000000000000, -1.000000000000000000 ) ) ;
#2760 = DIRECTION ( 'NONE',  ( 1.000000000000000000, 0.000000000000000000, -0.000000000000000000 ) ) ;
#2761 = AXIS2_PLACEMENT_3D ( 'NONE', #2335, #2044, #4459 ) ;
#2762 = ORIENTED_EDGE ( 'NONE', *, *, #1887, .T. ) ;
#2763 = VECTOR ( 'NONE', #4364, 999.9999999999998863 ) ;
#2764 = FACE_BOUND ( 'NONE', #981, .T. ) ;
#2765 = CARTESIAN_POINT ( 'NONE',  ( 20.93250843077355228, 32.50000000026442137, -8.022221616813933309 ) ) ;
#2766 = ORIENTED_EDGE ( 'NONE', *, *, #4363, .F. ) ;
#2767 = ORIENTED_EDGE ( 'NONE', *, *, #2722, .F. ) ;
#2768 = DIRECTION ( 'NONE',  ( -0.9976853269444136973, -0.06799991470449442965, 0.000000000000000000 ) ) ;
#2769 = VECTOR ( 'NONE', #615, 1000.000000000000000 ) ;
#2770 = EDGE_CURVE ( 'NONE', #2147, #3304, #1613, .T. ) ;
#2771 = DIRECTION ( 'NONE',  ( 0.8633557364849447913, 0.07845909573875117782, 0.4984586668665679787 ) ) ;
#2772 = FACE_OUTER_BOUND ( 'NONE', #5146, .T. ) ;
#2773 = DIRECTION ( 'NONE',  ( -0.9976853269457002238, 0.06799991468561798758, 0.000000000000000000 ) ) ;
#2774 = VECTOR ( 'NONE', #5089, 1000.000000000000000 ) ;
#2775 = DIRECTION ( 'NONE',  ( -0.8660254037844362651, -1.093959992037873651E-11, -0.5000000000000038858 ) ) ;
#2776 = DIRECTION ( 'NONE',  ( 0.4999999999999919509, 1.263194347951959125E-11, 0.8660254037844434816 ) ) ;
#2777 = CARTESIAN_POINT ( 'NONE',  ( -10.24999999999999822, -4.558661586494233475, -89.51215258861975599 ) ) ;
#2778 = FACE_OUTER_BOUND ( 'NONE', #4568, .T. ) ;
#2779 = CARTESIAN_POINT ( 'NONE',  ( -33.41015596631122975, 3.690609072368048249, 34.30046953969311829 ) ) ;
#2780 = VERTEX_POINT ( 'NONE', #1919 ) ;
#2781 = ADVANCED_FACE ( 'NONE', ( #4360, #1185 ), #4791, .F. ) ;
#2782 = AXIS2_PLACEMENT_3D ( 'NONE', #4306, #5108, #173 ) ;
#2783 = AXIS2_PLACEMENT_3D ( 'NONE', #2029, #2345, #3971 ) ;
#2784 = CARTESIAN_POINT ( 'NONE',  ( 1.127570259384924611E-14, 25.00000000000000000, -6.938893903907228378E-15 ) ) ;
#2785 = CARTESIAN_POINT ( 'NONE',  ( 47.60274901990469232, 14.96370182432064233, 40.18516588308938964 ) ) ;
#2786 = AXIS2_PLACEMENT_3D ( 'NONE', #1099, #758, #1309 ) ;
#2787 = CIRCLE ( 'NONE', #5015, 50.00000000000000000 ) ;
#2788 = ADVANCED_FACE ( 'NONE', ( #3512 ), #5256, .F. ) ;
#2789 = EDGE_LOOP ( 'NONE', ( #383, #5101, #846, #2820 ) ) ;
#2790 = VERTEX_POINT ( 'NONE', #1518 ) ;
#2791 = AXIS2_PLACEMENT_3D ( 'NONE', #3928, #649, #4762 ) ;
#2792 = VECTOR ( 'NONE', #896, 999.9999999999998863 ) ;
#2793 = CARTESIAN_POINT ( 'NONE',  ( -12.99999999999999645, 24.80206609773615511, -31.95824010674948212 ) ) ;
#2794 = DIRECTION ( 'NONE',  ( -0.5000000000355536711, -0.000000000000000000, 0.8660254037639116831 ) ) ;
#2795 = CARTESIAN_POINT ( 'NONE',  ( -37.45262851593668785, 23.48321600949652321, 6.612178156261922624 ) ) ;
#2796 = CARTESIAN_POINT ( 'NONE',  ( -17.35487007536576343, 26.33081972487615019, 25.03094590830930954 ) ) ;
#2797 = ORIENTED_EDGE ( 'NONE', *, *, #3518, .T. ) ;
#2798 = ORIENTED_EDGE ( 'NONE', *, *, #79, .F. ) ;
#2799 = VERTEX_POINT ( 'NONE', #5155 ) ;
#2800 = FACE_OUTER_BOUND ( 'NONE', #2881, .T. ) ;
#2801 = DIRECTION ( 'NONE',  ( -0.8660254037844360431, -1.093955173361550972E-11, -0.5000000000000046629 ) ) ;
#2802 = FACE_OUTER_BOUND ( 'NONE', #1927, .T. ) ;
#2803 = DIRECTION ( 'NONE',  ( 0.8633557364849447913, 0.07845909573875117782, 0.4984586668665679787 ) ) ;
#2804 = ADVANCED_FACE ( 'NONE', ( #4771, #1489 ), #4389, .T. ) ;
#2805 = CARTESIAN_POINT ( 'NONE',  ( -13.00000000000000000, 2.560425558831678217, -50.26378295997704981 ) ) ;
#2806 = ORIENTED_EDGE ( 'NONE', *, *, #211, .T. ) ;
#2807 = CARTESIAN_POINT ( 'NONE',  ( 0.000000000000000000, 32.50000000000000000, -10.00000000000000000 ) ) ;
#2808 = EDGE_CURVE ( 'NONE', #2799, #3612, #4817, .T. ) ;
#2809 = CYLINDRICAL_SURFACE ( 'NONE', #655, 2.250000000000000000 ) ;
#2810 = ORIENTED_EDGE ( 'NONE', *, *, #5072, .F. ) ;
#2811 = ORIENTED_EDGE ( 'NONE', *, *, #2815, .F. ) ;
#2812 = CARTESIAN_POINT ( 'NONE',  ( -19.63346335921646002, 32.50000000000000000, -11.33538535556822424 ) ) ;
#2813 = DIRECTION ( 'NONE',  ( -0.5000000000000039968, -6.315870933078223199E-12, 0.8660254037844363761 ) ) ;
#2814 = DIRECTION ( 'NONE',  ( -0.8660254037844432595, 1.117101764515430776E-16, 0.4999999999999919509 ) ) ;
#2815 = EDGE_CURVE ( 'NONE', #3939, #3378, #3107, .T. ) ;
#2816 = EDGE_CURVE ( 'NONE', #2780, #1721, #3160, .T. ) ;
#2817 = CARTESIAN_POINT ( 'NONE',  ( 0.000000000000000000, 29.50000000000000355, -10.00000000000000000 ) ) ;
#2818 = ORIENTED_EDGE ( 'NONE', *, *, #626, .F. ) ;
#2819 = CARTESIAN_POINT ( 'NONE',  ( -47.60274902018877441, 14.96370182385827974, 40.18516588292502689 ) ) ;
#2820 = ORIENTED_EDGE ( 'NONE', *, *, #1819, .F. ) ;
#2821 = EDGE_LOOP ( 'NONE', ( #1298, #2889, #2731, #3628 ) ) ;
#2822 = PLANE ( 'NONE',  #711 ) ;
#2823 = DIRECTION ( 'NONE',  ( 0.8660254037844395958, -2.312964634635733096E-16, 0.4999999999999981681 ) ) ;
#2824 = CARTESIAN_POINT ( 'NONE',  ( 0.000000000000000000, 32.50000000000000000, -10.00000000000000000 ) ) ;
#2825 = LINE ( 'NONE', #2456, #388 ) ;
#2826 = CARTESIAN_POINT ( 'NONE',  ( -10.14999999999999858, 26.52011225444340781, -11.49204864359215073 ) ) ;
#2827 = EDGE_LOOP ( 'NONE', ( #269, #772, #3456, #444, #3388, #2331 ) ) ;
#2828 = CARTESIAN_POINT ( 'NONE',  ( 19.69872981077818608, 31.93317768707019866, -11.37306695894661068 ) ) ;
#2829 = CARTESIAN_POINT ( 'NONE',  ( 13.46734704710579322, 28.10927142196901229, -28.18157248941581727 ) ) ;
#2830 = CARTESIAN_POINT ( 'NONE',  ( 10.24999999999999822, 7.680302801907603616, -89.51215258861975599 ) ) ;
#2831 = CARTESIAN_POINT ( 'NONE',  ( 61.32946049287466650, 15.12062001594972571, 20.39747352599605534 ) ) ;
#2832 = EDGE_LOOP ( 'NONE', ( #3811, #3509, #4446, #4702 ) ) ;
#2833 = EDGE_CURVE ( 'NONE', #3177, #3480, #2393, .T. ) ;
#2834 = CARTESIAN_POINT ( 'NONE',  ( 9.499999999999998224, 14.25894806489778688, -69.76215258861975599 ) ) ;
#2835 = LINE ( 'NONE', #5255, #4726 ) ;
#2836 = CARTESIAN_POINT ( 'NONE',  ( 12.12435565257159453, 32.50000000015315749, 3.000000000000054179 ) ) ;
#2837 = DIRECTION ( 'NONE',  ( 1.263193535385782996E-11, -1.000000000000000000, 1.117101765387847829E-16 ) ) ;
#2838 = ORIENTED_EDGE ( 'NONE', *, *, #1140, .F. ) ;
#2839 = ORIENTED_EDGE ( 'NONE', *, *, #696, .T. ) ;
#2840 = VECTOR ( 'NONE', #1770, 1000.000000000000000 ) ;
#2841 = EDGE_CURVE ( 'NONE', #449, #10, #70, .T. ) ;
#2842 = EDGE_CURVE ( 'NONE', #3267, #2465, #2468, .T. ) ;
#2843 = LINE ( 'NONE', #2959, #4903 ) ;
#2844 = AXIS2_PLACEMENT_3D ( 'NONE', #4259, #1442, #3492 ) ;
#2845 = ORIENTED_EDGE ( 'NONE', *, *, #1674, .T. ) ;
#2846 = ORIENTED_EDGE ( 'NONE', *, *, #3464, .T. ) ;
#2847 = CARTESIAN_POINT ( 'NONE',  ( 58.50735175627090001, 13.31418985418048528, 22.05902482160316325 ) ) ;
#2848 = EDGE_CURVE ( 'NONE', #2252, #207, #4110, .T. ) ;
#2849 = FACE_OUTER_BOUND ( 'NONE', #916, .T. ) ;
#2850 = VECTOR ( 'NONE', #4142, 1000.000000000000000 ) ;
#2851 = LINE ( 'NONE', #1552, #3132 ) ;
#2852 =( BOUNDED_SURFACE ( )  B_SPLINE_SURFACE ( 3, 2, ( 
 ( #2647, #2592, #621 ),
 ( #275, #5138, #2242 ),
 ( #1497, #1808, #3873 ),
 ( #1472, #4722, #673 ),
 ( #2296, #572, #3830 ),
 ( #181, #3605, #4427 ) ),
 .UNSPECIFIED., .F., .F., .F. ) 
 B_SPLINE_SURFACE_WITH_KNOTS ( ( 4, 2, 4 ),
 ( 3, 3 ),
 ( 1.041036971079629447, 1.305916648937262892, 1.570796326794896558 ),
 ( 0.000000000000000000, 1.000000000000000000 ),
 .UNSPECIFIED. ) 
 GEOMETRIC_REPRESENTATION_ITEM ( )  RATIONAL_B_SPLINE_SURFACE ( (
 ( 1.000000000000000000, 0.7614773767679591243, 1.000000000000000000),
 ( 1.000000000000000000, 0.7535740581802067295, 1.000000000000000000),
 ( 1.000000000000000000, 0.7449262982324585947, 1.000000000000000000),
 ( 1.000000000000000000, 0.7266260778130962938, 1.000000000000000000),
 ( 1.000000000000000000, 0.7169736630701711855, 1.000000000000000000),
 ( 1.000000000000000000, 0.7071067811865476838, 1.000000000000000000) ) ) 
 REPRESENTATION_ITEM ( '' )  SURFACE ( )  );
#2853 = DIRECTION ( 'NONE',  ( 0.8660254037844395958, 0.000000000000000000, 0.4999999999999981681 ) ) ;
#2854 = CARTESIAN_POINT ( 'NONE',  ( -2.052677413205067031E-10, 32.50000000000000000, -3.555379488365479408E-10 ) ) ;
#2855 = STYLED_ITEM ( 'NONE', ( #4935 ), #1355 ) ;
#2856 = DIRECTION ( 'NONE',  ( -0.000000000000000000, -1.000000000000000000, -0.000000000000000000 ) ) ;
#2857 = EDGE_LOOP ( 'NONE', ( #1979, #2297, #859, #1357, #4010 ) ) ;
#2858 = CARTESIAN_POINT ( 'NONE',  ( 25.10512725772889908, 16.39876268331007125, 26.21466244495878328 ) ) ;
#2859 = DIRECTION ( 'NONE',  ( 0.000000000000000000, -0.9487508380798242991, 0.3160250737565470924 ) ) ;
#2860 = AXIS2_PLACEMENT_3D ( 'NONE', #2337, #1565, #3965 ) ;
#2861 = VERTEX_POINT ( 'NONE', #2836 ) ;
#2862 = CIRCLE ( 'NONE', #4309, 2.250000000000000444 ) ;
#2863 = PLANE ( 'NONE',  #2875 ) ;
#2864 = DIRECTION ( 'NONE',  ( 0.06794757005197109290, 0.9969173337331280749, -0.03922954787482726968 ) ) ;
#2865 = VECTOR ( 'NONE', #2305, 1000.000000000000000 ) ;
#2866 = CIRCLE ( 'NONE', #819, 2.250000000000000444 ) ;
#2867 = DIRECTION ( 'NONE',  ( -0.8633557364849447913, -0.07845909573875120557, -0.4984586668665679787 ) ) ;
#2868 = LINE ( 'NONE', #4111, #4229 ) ;
#2869 = EDGE_CURVE ( 'NONE', #2695, #2112, #4490, .T. ) ;
#2870 = ORIENTED_EDGE ( 'NONE', *, *, #2095, .F. ) ;
#2871 = ORIENTED_EDGE ( 'NONE', *, *, #5167, .F. ) ;
#2872 = CIRCLE ( 'NONE', #1435, 2.250000000000000888 ) ;
#2873 = CIRCLE ( 'NONE', #4410, 2.250000000000001776 ) ;
#2874 = CARTESIAN_POINT ( 'NONE',  ( -20.80413436045435560, 32.49999999977614351, -8.453240623732805048 ) ) ;
#2875 = AXIS2_PLACEMENT_3D ( 'NONE', #837, #4488, #4037 ) ;
#2876 = EDGE_CURVE ( 'NONE', #260, #2027, #2623, .T. ) ;
#2877 = ORIENTED_EDGE ( 'NONE', *, *, #4219, .T. ) ;
#2878 = ORIENTED_EDGE ( 'NONE', *, *, #1278, .F. ) ;
#2879 = ORIENTED_EDGE ( 'NONE', *, *, #4310, .F. ) ;
#2880 = DIRECTION ( 'NONE',  ( -0.7946264809012031360, -0.3976074376343006200, 0.4587778126593043404 ) ) ;
#2881 = EDGE_LOOP ( 'NONE', ( #1231, #2220, #4132, #20 ) ) ;
#2882 = DIRECTION ( 'NONE',  ( 0.8660254037844362651, 0.000000000000000000, 0.5000000000000041078 ) ) ;
#2883 = CARTESIAN_POINT ( 'NONE',  ( -13.00000000000000000, 2.560425558831677773, -52.51378295997704981 ) ) ;
#2884 = ADVANCED_FACE ( 'NONE', ( #3292, #1209 ), #499, .F. ) ;
#2885 = EDGE_CURVE ( 'NONE', #2790, #2749, #1703, .T. ) ;
#2886 = CARTESIAN_POINT ( 'NONE',  ( 10.15000000000000568, -7.467592100295478375, -52.55068591695569324 ) ) ;
#2887 = CARTESIAN_POINT ( 'NONE',  ( -63.00000000000000000, 0.000000000000000000, -36.37306695894624653 ) ) ;
#2888 = DIRECTION ( 'NONE',  ( -0.4999999999999920064, -1.263193535385778310E-11, -0.8660254037844433705 ) ) ;
#2889 = ORIENTED_EDGE ( 'NONE', *, *, #5141, .F. ) ;
#2890 = ORIENTED_EDGE ( 'NONE', *, *, #4462, .F. ) ;
#2891 = CARTESIAN_POINT ( 'NONE',  ( -4.389999648524156584E-10, 32.50000000000000711, 9.000000000000001776 ) ) ;
#2892 =( BOUNDED_SURFACE ( )  B_SPLINE_SURFACE ( 3, 2, ( 
 ( #4204, #662, #3915 ),
 ( #1797, #561, #636 ),
 ( #1764, #1873, #4662 ),
 ( #4260, #3493, #1465 ),
 ( #2579, #614, #171 ),
 ( #2179, #5130, #3086 ) ),
 .UNSPECIFIED., .F., .F., .T. ) 
 B_SPLINE_SURFACE_WITH_KNOTS ( ( 4, 2, 4 ),
 ( 3, 3 ),
 ( 1.570796326794896780, 1.835676004652526672, 2.100555682510156341 ),
 ( 0.000000000000000000, 1.000000000000000000 ),
 .UNSPECIFIED. ) 
 GEOMETRIC_REPRESENTATION_ITEM ( )  RATIONAL_B_SPLINE_SURFACE ( (
 ( 1.000000000000000000, 0.7071067811865475727, 1.000000000000000000),
 ( 1.000000000000000000, 0.7169736630697682855, 1.000000000000000000),
 ( 1.000000000000000000, 0.7266260778136323095, 1.000000000000000000),
 ( 1.000000000000000000, 0.7449262982319234672, 1.000000000000000000),
 ( 1.000000000000000000, 0.7535740581806071869, 1.000000000000000000),
 ( 1.000000000000000000, 0.7614773767679586802, 1.000000000000000000) ) ) 
 REPRESENTATION_ITEM ( '' )  SURFACE ( )  );
#2893 = DIRECTION ( 'NONE',  ( 1.000000000000000000, 0.000000000000000000, 0.000000000000000000 ) ) ;
#2894 = CARTESIAN_POINT ( 'NONE',  ( -5.047624216619410298, 32.50000000020066437, 21.25725839930040451 ) ) ;
#2895 = ORIENTED_EDGE ( 'NONE', *, *, #4270, .T. ) ;
#2896 = DIRECTION ( 'NONE',  ( -0.5000000000000039968, -6.315870933078223199E-12, 0.8660254037844363761 ) ) ;
#2897 = DIRECTION ( 'NONE',  ( 4.006172263299083026E-16, 1.000000000000000000, -2.312964634635762678E-16 ) ) ;
#2898 = LINE ( 'NONE', #2523, #3039 ) ;
#2899 = ORIENTED_EDGE ( 'NONE', *, *, #4947, .F. ) ;
#2900 = ORIENTED_EDGE ( 'NONE', *, *, #2946, .F. ) ;
#2901 = CARTESIAN_POINT ( 'NONE',  ( -21.06654918469888216, 32.49999999979381471, -6.686137815406105744 ) ) ;
#2902 = CARTESIAN_POINT ( 'NONE',  ( -7.794228634232015729, 29.49999999990154720, -4.500000000347405660 ) ) ;
#2903 = CARTESIAN_POINT ( 'NONE',  ( 3.464101615137754830, 29.50000000000000355, -12.00000000000000000 ) ) ;
#2904 = ORIENTED_EDGE ( 'NONE', *, *, #3302, .T. ) ;
#2905 = ORIENTED_EDGE ( 'NONE', *, *, #503, .F. ) ;
#2906 = CARTESIAN_POINT ( 'NONE',  ( 30.93558892727558174, 27.71324838961900738, 5.158964672732659906 ) ) ;
#2907 = VERTEX_POINT ( 'NONE', #420 ) ;
#2908 = ORIENTED_EDGE ( 'NONE', *, *, #2685, .F. ) ;
#2909 = EDGE_CURVE ( 'NONE', #4934, #4251, #4039, .T. ) ;
#2910 = CARTESIAN_POINT ( 'NONE',  ( -3.464101615137755719, 29.50000000000000355, -12.00000000000000000 ) ) ;
#2911 = DIRECTION ( 'NONE',  ( 0.8216423276428933553, -0.3160250737461677839, 0.4743754190399178117 ) ) ;
#2912 = CARTESIAN_POINT ( 'NONE',  ( -10.14999999999999325, 13.31418985344142314, -61.69836534002987349 ) ) ;
#2913 = CARTESIAN_POINT ( 'NONE',  ( -7.285993797244269210, -11.53199209466118624, -10.80453651860914910 ) ) ;
#2914 = ORIENTED_EDGE ( 'NONE', *, *, #1390, .T. ) ;
#2915 = ORIENTED_EDGE ( 'NONE', *, *, #3133, .F. ) ;
#2916 = CARTESIAN_POINT ( 'NONE',  ( 18.35473098355536337, 33.92292570789273753, -10.33496489640172022 ) ) ;
#2917 = EDGE_CURVE ( 'NONE', #425, #2084, #3648, .T. ) ;
#2918 = EDGE_CURVE ( 'NONE', #4025, #4608, #1514, .T. ) ;
#2919 = PLANE ( 'NONE',  #3726 ) ;
#2920 = CARTESIAN_POINT ( 'NONE',  ( 20.93313789670870761, 32.50000000026442848, -6.257258399655926340 ) ) ;
#2921 = EDGE_LOOP ( 'NONE', ( #1181, #2870, #522, #3015, #2131, #785, #1711 ) ) ;
#2922 = CARTESIAN_POINT ( 'NONE',  ( -25.10512725803998180, 16.39876268312115926, 26.21466244477902663 ) ) ;
#2923 = CARTESIAN_POINT ( 'NONE',  ( -13.00000000000000000, 3.690609072203828056, -46.08427858107219777 ) ) ;
#2924 = DIRECTION ( 'NONE',  ( -1.263193535385782996E-11, 1.000000000000000000, -1.117101765387847829E-16 ) ) ;
#2925 = ORIENTED_EDGE ( 'NONE', *, *, #273, .T. ) ;
#2926 = ORIENTED_EDGE ( 'NONE', *, *, #2024, .T. ) ;
#2927 = CARTESIAN_POINT ( 'NONE',  ( -7.794228634250962351, 32.50001199990154532, -4.500000000380224741 ) ) ;
#2928 = VERTEX_POINT ( 'NONE', #5196 ) ;
#2929 = VECTOR ( 'NONE', #4308, 999.9999999999998863 ) ;
#2930 = VERTEX_POINT ( 'NONE', #1094 ) ;
#2931 = CARTESIAN_POINT ( 'NONE',  ( 2.249999999999996447, 1.052032095989828830, -89.51215258861975599 ) ) ;
#2932 = VERTEX_POINT ( 'NONE', #2300 ) ;
#2933 = VERTEX_POINT ( 'NONE', #4728 ) ;
#2934 = CARTESIAN_POINT ( 'NONE',  ( -6.490381056972014839, 32.50000000016421353, 18.75833024884209976 ) ) ;
#2935 = VECTOR ( 'NONE', #2950, 1000.000000000000000 ) ;
#2936 = CARTESIAN_POINT ( 'NONE',  ( 10.24999999999999822, -6.053994016162003611, -70.51215258861975599 ) ) ;
#2937 = DIRECTION ( 'NONE',  ( -0.4999999999999977796, -6.316064420779632607E-12, -0.8660254037844399289 ) ) ;
#2938 = CARTESIAN_POINT ( 'NONE',  ( 19.12055365382403593, 32.50000000000000000, -12.06437309520213397 ) ) ;
#2939 = EDGE_CURVE ( 'NONE', #1893, #1745, #4926, .T. ) ;
#2940 = CARTESIAN_POINT ( 'NONE',  ( -1.863830270676380962E-10, 29.50000000009845635, 8.999999999677298135 ) ) ;
#2941 = CARTESIAN_POINT ( 'NONE',  ( -2.030643958171124594E-10, 32.12545848967291562, 22.74613391754131797 ) ) ;
#2942 = ORIENTED_EDGE ( 'NONE', *, *, #2714, .F. ) ;
#2943 = VERTEX_POINT ( 'NONE', #751 ) ;
#2944 = VECTOR ( 'NONE', #936, 1000.000000000000227 ) ;
#2945 = LINE ( 'NONE', #2514, #997 ) ;
#2946 = EDGE_CURVE ( 'NONE', #1893, #3267, #329, .T. ) ;
#2947 = ORIENTED_EDGE ( 'NONE', *, *, #1278, .T. ) ;
#2948 = AXIS2_PLACEMENT_3D ( 'NONE', #3035, #194, #2096 ) ;
#2949 = DIRECTION ( 'NONE',  ( 1.000000000000000000, 0.000000000000000000, 0.000000000000000000 ) ) ;
#2950 = DIRECTION ( 'NONE',  ( -1.000000000000000000, 0.000000000000000000, -0.000000000000000000 ) ) ;
#2951 = CARTESIAN_POINT ( 'NONE',  ( -52.01022899033373648, -7.467592100459691018, 15.01701270936135124 ) ) ;
#2952 = DIRECTION ( 'NONE',  ( 0.000000000000000000, 1.000000000000000000, 0.000000000000000000 ) ) ;
#2953 = AXIS2_PLACEMENT_3D ( 'NONE', #324, #709, #2394 ) ;
#2954 = EDGE_CURVE ( 'NONE', #1684, #308, #3120, .T. ) ;
#2955 = EDGE_LOOP ( 'NONE', ( #120, #2620, #5216, #2167 ) ) ;
#2956 = VERTEX_POINT ( 'NONE', #1115 ) ;
#2957 = AXIS2_PLACEMENT_3D ( 'NONE', #4736, #3508, #3931 ) ;
#2958 = CIRCLE ( 'NONE', #2093, 2.249999999999998224 ) ;
#2959 = CARTESIAN_POINT ( 'NONE',  ( 60.28947042610407436, 4.888220500105405542, 19.79703498091688019 ) ) ;
#2960 = CARTESIAN_POINT ( 'NONE',  ( -10.24999999999999822, 7.430480829895317996, -89.51215258861975599 ) ) ;
#2961 = VERTEX_POINT ( 'NONE', #1553 ) ;
#2962 = AXIS2_PLACEMENT_3D ( 'NONE', #3448, #5093, #3055 ) ;
#2963 = AXIS2_PLACEMENT_3D ( 'NONE', #1359, #1007, #3065 ) ;
#2964 = VERTEX_POINT ( 'NONE', #3172 ) ;
#2965 = ORIENTED_EDGE ( 'NONE', *, *, #4076, .T. ) ;
#2966 = ORIENTED_EDGE ( 'NONE', *, *, #2744, .F. ) ;
#2967 = AXIS2_PLACEMENT_3D ( 'NONE', #3547, #4342, #669 ) ;
#2968 = AXIS2_PLACEMENT_3D ( 'NONE', #4964, #3300, #3763 ) ;
#2969 = CARTESIAN_POINT ( 'NONE',  ( 8.660254037471723620, 29.50000000000000355, 5.000000000000037303 ) ) ;
#2970 = DIRECTION ( 'NONE',  ( 0.8633557364849446802, 0.07845909573875178844, 0.4984586668665679232 ) ) ;
#2971 = DIRECTION ( 'NONE',  ( 1.000000000000000000, 0.000000000000000000, 0.000000000000000000 ) ) ;
#2972 = FACE_OUTER_BOUND ( 'NONE', #1572, .T. ) ;
#2973 = CYLINDRICAL_SURFACE ( 'NONE', #4139, 2.249999999999998224 ) ;
#2974 = VECTOR ( 'NONE', #3333, 1000.000000000000114 ) ;
#2975 = ORIENTED_EDGE ( 'NONE', *, *, #434, .T. ) ;
#2976 = ORIENTED_EDGE ( 'NONE', *, *, #4020, .T. ) ;
#2977 = CARTESIAN_POINT ( 'NONE',  ( -50.55327009217884182, 2.560425558703469662, 17.46673363154798864 ) ) ;
#2978 = ORIENTED_EDGE ( 'NONE', *, *, #158, .T. ) ;
#2979 = EDGE_CURVE ( 'NONE', #308, #4938, #3483, .T. ) ;
#2980 = DIRECTION ( 'NONE',  ( 0.000000000000000000, 0.000000000000000000, -1.000000000000000000 ) ) ;
#2981 = CARTESIAN_POINT ( 'NONE',  ( 4.150359486232074069, 32.50000000005243095, 21.91058021470542982 ) ) ;
#2982 = CARTESIAN_POINT ( 'NONE',  ( -2.250000000000003109, 1.052032095989828608, -90.26215258861975599 ) ) ;
#2983 = CARTESIAN_POINT ( 'NONE',  ( 9.499999999999998224, 0.000000000000000000, -89.51215258861975599 ) ) ;
#2984 = ORIENTED_EDGE ( 'NONE', *, *, #3439, .T. ) ;
#2985 = EDGE_CURVE ( 'NONE', #2932, #2861, #4484, .T. ) ;
#2986 = CARTESIAN_POINT ( 'NONE',  ( 59.86630315768815791, -6.624156820464906836, 22.84361577888162742 ) ) ;
#2987 = EDGE_CURVE ( 'NONE', #2961, #4768, #2680, .T. ) ;
#2988 = DIRECTION ( 'NONE',  ( -0.9976853269457002238, 0.06799991468562015251, 0.000000000000000000 ) ) ;
#2989 = CARTESIAN_POINT ( 'NONE',  ( -10.24999999999999822, 7.680302801907603616, -89.51215258861975599 ) ) ;
#2990 = CYLINDRICAL_SURFACE ( 'NONE', #2968, 2.249999999999998224 ) ;
#2991 = EDGE_LOOP ( 'NONE', ( #937, #4601, #3872, #4208, #2976, #1386, #3998 ) ) ;
#2992 = DIRECTION ( 'NONE',  ( -0.4999999999999919509, -1.263193535385778149E-11, -0.8660254037844432595 ) ) ;
#2993 = CARTESIAN_POINT ( 'NONE',  ( 37.99999999980200016, 15.66018860925520428, 6.928203230275596702 ) ) ;
#2994 = LINE ( 'NONE', #2477, #78 ) ;
#2995 = DIRECTION ( 'NONE',  ( 0.8660254037844434816, -8.673617379884035472E-17, -0.4999999999999917288 ) ) ;
#2996 = CARTESIAN_POINT ( 'NONE',  ( 19.63346335922303609, 32.50000000000000000, -11.33538535557219618 ) ) ;
#2997 = DIRECTION ( 'NONE',  ( -0.4999999999999920064, -1.263193535385778310E-11, -0.8660254037844433705 ) ) ;
#2998 = DIRECTION ( 'NONE',  ( -0.8660254037844432595, 1.117101764515430776E-16, 0.4999999999999919509 ) ) ;
#2999 = ORIENTED_EDGE ( 'NONE', *, *, #1949, .T. ) ;
#3000 = CARTESIAN_POINT ( 'NONE',  ( -0.8893915165350063656, 32.50000000024150637, 22.59091573837257627 ) ) ;
#3001 = ORIENTED_EDGE ( 'NONE', *, *, #3958, .T. ) ;
#3002 = FACE_OUTER_BOUND ( 'NONE', #1110, .T. ) ;
#3003 = CARTESIAN_POINT ( 'NONE',  ( -8.660254038030752000, 29.50000000000000355, 7.249999999677200435 ) ) ;
#3004 = ADVANCED_FACE ( 'NONE', ( #5144 ), #3787, .T. ) ;
#3005 = VERTEX_POINT ( 'NONE', #2903 ) ;
#3006 = ORIENTED_EDGE ( 'NONE', *, *, #5262, .T. ) ;
#3007 = CARTESIAN_POINT ( 'NONE',  ( 10.24999999999999822, 14.25894806489778510, -70.51215258861975599 ) ) ;
#3008 = CARTESIAN_POINT ( 'NONE',  ( -44.04614317037565030, 11.99999999987179322, 13.70984215145625207 ) ) ;
#3009 = CARTESIAN_POINT ( 'NONE',  ( 24.99999999980239096, 15.66018860909067989, 29.44486372867122981 ) ) ;
#3010 = DIRECTION ( 'NONE',  ( -0.06794757005197363253, -0.9969173337331278528, 0.03922954787482822725 ) ) ;
#3011 = ADVANCED_FACE ( 'NONE', ( #50 ), #2990, .F. ) ;
#3012 = EDGE_CURVE ( 'NONE', #3565, #4024, #4547, .T. ) ;
#3013 = ORIENTED_EDGE ( 'NONE', *, *, #4041, .F. ) ;
#3014 = DIRECTION ( 'NONE',  ( 0.000000000000000000, 0.000000000000000000, -1.000000000000000000 ) ) ;
#3015 = ORIENTED_EDGE ( 'NONE', *, *, #439, .T. ) ;
#3016 = CARTESIAN_POINT ( 'NONE',  ( -44.98515596631104074, 3.690609072075619945, 14.25198144208324891 ) ) ;
#3017 = CARTESIAN_POINT ( 'NONE',  ( -16.71759067244472874, 32.49999999999999289, -14.68633687080166439 ) ) ;
#3018 = EDGE_CURVE ( 'NONE', #182, #513, #4666, .T. ) ;
#3019 = VERTEX_POINT ( 'NONE', #4523 ) ;
#3020 = CARTESIAN_POINT ( 'NONE',  ( -51.80111468971259825, 4.809761403615993025, 32.50546372171074694 ) ) ;
#3021 = ORIENTED_EDGE ( 'NONE', *, *, #2164, .F. ) ;
#3022 = ORIENTED_EDGE ( 'NONE', *, *, #3173, .T. ) ;
#3023 = CLOSED_SHELL ( 'NONE', ( #1746, #2454, #657, #4083, #253, #3326, #583, #1522, #1149, #928, #1419, #884, #467, #3603, #3897, #2547, #575, #440, #1179, #5022, #3771, #1267, #4775, #4868, #2410, #4135, #2521, #5172, #3722, #689, #959, #3240, #3334, #3294, #2804, #4603, #216, #4901, #5051, #695, #4443, #1116, #944, #828, #3918, #2706, #2736, #1580, #605, #787, #4706, #364, #3633, #458, #2788 ) ) ;
#3024 = DIRECTION ( 'NONE',  ( -1.000000000000000000, -6.315870933078221583E-12, -9.214851104388799286E-15 ) ) ;
#3025 = AXIS2_PLACEMENT_3D ( 'NONE', #4660, #2636, #3935 ) ;
#3026 = ORIENTED_EDGE ( 'NONE', *, *, #1642, .T. ) ;
#3027 = AXIS2_PLACEMENT_3D ( 'NONE', #1097, #1120, #3237 ) ;
#3028 = CARTESIAN_POINT ( 'NONE',  ( 7.794228634059959582, 9.845568954283862229E-11, -4.499999999999979572 ) ) ;
#3029 = CARTESIAN_POINT ( 'NONE',  ( 52.92611468961908372, 4.809761404284548902, 30.55690656324798127 ) ) ;
#3030 = CYLINDRICAL_SURFACE ( 'NONE', #3045, 2.249999999999997780 ) ;
#3031 = AXIS2_PLACEMENT_3D ( 'NONE', #4365, #3192, #3139 ) ;
#3032 = VERTEX_POINT ( 'NONE', #4991 ) ;
#3033 = CARTESIAN_POINT ( 'NONE',  ( -20.62587207775480991, 32.60319382986229897, -6.344662597021000217 ) ) ;
#3034 = DIRECTION ( 'NONE',  ( 0.000000000000000000, 0.000000000000000000, -1.000000000000000000 ) ) ;
#3035 = CARTESIAN_POINT ( 'NONE',  ( -52.92611468971063715, 4.809761403615993025, 30.55690656319463017 ) ) ;
#3036 = VECTOR ( 'NONE', #2051, 1000.000000000000000 ) ;
#3037 = EDGE_CURVE ( 'NONE', #3445, #4251, #1689, .T. ) ;
#3038 = DIRECTION ( 'NONE',  ( 0.8660254037844395958, -0.000000000000000000, 0.4999999999999981681 ) ) ;
#3039 = VECTOR ( 'NONE', #2837, 1000.000000000000000 ) ;
#3040 = DIRECTION ( 'NONE',  ( 0.8660254037844363761, 1.093963277049189342E-11, 0.5000000000000038858 ) ) ;
#3041 = VECTOR ( 'NONE', #4173, 1000.000000000000000 ) ;
#3042 = ORIENTED_EDGE ( 'NONE', *, *, #3694, .T. ) ;
#3043 = EDGE_CURVE ( 'NONE', #3612, #840, #83, .T. ) ;
#3044 = CARTESIAN_POINT ( 'NONE',  ( 19.69872981037463333, 31.93317768731912665, -11.37306695894633002 ) ) ;
#3045 = AXIS2_PLACEMENT_3D ( 'NONE', #588, #1404, #1815 ) ;
#3046 = VECTOR ( 'NONE', #5286, 1000.000000000000000 ) ;
#3047 = CARTESIAN_POINT ( 'NONE',  ( -17.41370193054146753, 32.50000000000000000, -14.11697325793046431 ) ) ;
#3048 = CARTESIAN_POINT ( 'NONE',  ( -8.660254038030787527, 29.50000000004375877, 8.999999999677202212 ) ) ;
#3049 = ORIENTED_EDGE ( 'NONE', *, *, #3996, .T. ) ;
#3050 = ORIENTED_EDGE ( 'NONE', *, *, #1853, .F. ) ;
#3051 = VECTOR ( 'NONE', #2699, 1000.000000000000227 ) ;
#3052 = VECTOR ( 'NONE', #4936, 1000.000000000000000 ) ;
#3053 = EDGE_CURVE ( 'NONE', #3332, #4846, #108, .T. ) ;
#3054 = ADVANCED_FACE ( 'NONE', ( #3202, #2529 ), #2580, .F. ) ;
#3055 = DIRECTION ( 'NONE',  ( -0.8660254037844431485, 1.117101764515430530E-16, 0.4999999999999920619 ) ) ;
#3056 = CIRCLE ( 'NONE', #3735, 2.250000000000000444 ) ;
#3057 = ORIENTED_EDGE ( 'NONE', *, *, #1484, .F. ) ;
#3058 = AXIS2_PLACEMENT_3D ( 'NONE', #2883, #1277, #3769 ) ;
#3059 = LINE ( 'NONE', #1377, #386 ) ;
#3060 = CARTESIAN_POINT ( 'NONE',  ( -10.24999999999999467, 7.533960478881600586, -89.95149241683994035 ) ) ;
#3061 = CARTESIAN_POINT ( 'NONE',  ( 8.660254037471723620, 29.50000000010939871, 5.000000000000037303 ) ) ;
#3062 = ORIENTED_EDGE ( 'NONE', *, *, #2221, .F. ) ;
#3063 = CARTESIAN_POINT ( 'NONE',  ( -25.00000000014710722, 23.27268265747531828, 29.44486372841599575 ) ) ;
#3064 = DIRECTION ( 'NONE',  ( -0.8660254037844399289, -1.093952106031540068E-11, 0.4999999999999977240 ) ) ;
#3065 = DIRECTION ( 'NONE',  ( -1.000000000000000000, 0.000000000000000000, 0.000000000000000000 ) ) ;
#3066 =( BOUNDED_CURVE ( )  B_SPLINE_CURVE ( 3, ( #2607, #1913, #3955, #1410 ),
 .UNSPECIFIED., .F., .F. ) 
 B_SPLINE_CURVE_WITH_KNOTS ( ( 4, 4 ),
 ( 0.000000000000000000, 1.570796326794896558 ),
 .UNSPECIFIED. ) 
 CURVE ( )  GEOMETRIC_REPRESENTATION_ITEM ( )  RATIONAL_B_SPLINE_CURVE ( ( 1.000000000000000000, 0.8047378541243649375, 0.8047378541243649375, 1.000000000000000000 ) ) 
 REPRESENTATION_ITEM ( '' )  );
#3067 = CARTESIAN_POINT ( 'NONE',  ( 44.04614317014808478, 12.00000000055639227, 13.70984215158814834 ) ) ;
#3068 = CARTESIAN_POINT ( 'NONE',  ( 3.464101615137755719, 32.50000000000000000, -12.00000000000000000 ) ) ;
#3069 = ORIENTED_EDGE ( 'NONE', *, *, #757, .F. ) ;
#3070 = CARTESIAN_POINT ( 'NONE',  ( 19.69872981077818608, 31.93317768707019866, -11.37306695894661068 ) ) ;
#3071 = CARTESIAN_POINT ( 'NONE',  ( -6.499999999999895195, -1.642151596001511287E-10, -11.25833024919776193 ) ) ;
#3072 = VERTEX_POINT ( 'NONE', #506 ) ;
#3073 = DIRECTION ( 'NONE',  ( -0.8660254037828550855, -1.093952106033533056E-11, -0.5000000000027428060 ) ) ;
#3074 = ORIENTED_EDGE ( 'NONE', *, *, #3559, .F. ) ;
#3075 = EDGE_LOOP ( 'NONE', ( #4494, #1733, #3295, #1257 ) ) ;
#3076 = EDGE_CURVE ( 'NONE', #4396, #2534, #2873, .T. ) ;
#3077 = CARTESIAN_POINT ( 'NONE',  ( 13.00000000000000000, 2.560425558831677773, -52.51378295997704981 ) ) ;
#3078 = DIRECTION ( 'NONE',  ( 0.4999999999999920064, 1.263187085795733700E-11, 0.8660254037844432595 ) ) ;
#3079 = ORIENTED_EDGE ( 'NONE', *, *, #2629, .T. ) ;
#3080 = EDGE_CURVE ( 'NONE', #2389, #5066, #3350, .T. ) ;
#3081 = EDGE_CURVE ( 'NONE', #4165, #2708, #1269, .T. ) ;
#3082 = FACE_BOUND ( 'NONE', #2559, .T. ) ;
#3083 = DIRECTION ( 'NONE',  ( 0.000000000000000000, 0.000000000000000000, 1.000000000000000000 ) ) ;
#3084 = ORIENTED_EDGE ( 'NONE', *, *, #3234, .T. ) ;
#3085 = DIRECTION ( 'NONE',  ( -0.8660254037844363761, -1.093952106031535868E-11, -0.5000000000000041078 ) ) ;
#3086 = CARTESIAN_POINT ( 'NONE',  ( -0.2270233447019911477, 33.92292570788986694, 21.06314575958912272 ) ) ;
#3087 = PLANE ( 'NONE',  #1769 ) ;
#3088 = DIRECTION ( 'NONE',  ( 0.000000000000000000, 0.000000000000000000, -1.000000000000000000 ) ) ;
#3089 = CYLINDRICAL_SURFACE ( 'NONE', #914, 2.250000000000001776 ) ;
#3090 = DIRECTION ( 'NONE',  ( 0.5000000000036356473, 0.000000000000000000, 0.8660254037823397200 ) ) ;
#3091 = DIRECTION ( 'NONE',  ( 0.5000000000000041078, 6.315870933078223199E-12, -0.8660254037844363761 ) ) ;
#3092 = ORIENTED_EDGE ( 'NONE', *, *, #2745, .T. ) ;
#3093 = DIRECTION ( 'NONE',  ( 0.06794757007086249523, -0.9969173337322695394, 0.03922954786392338078 ) ) ;
#3094 = EDGE_CURVE ( 'NONE', #2501, #192, #4148, .T. ) ;
#3095 = PLANE ( 'NONE',  #3482 ) ;
#3096 = ORIENTED_EDGE ( 'NONE', *, *, #4947, .T. ) ;
#3097 = AXIS2_PLACEMENT_3D ( 'NONE', #3466, #3891, #292 ) ;
#3098 = CARTESIAN_POINT ( 'NONE',  ( 4.877406066542234520, 26.52011225450502252, 14.53618217020814996 ) ) ;
#3099 = CIRCLE ( 'NONE', #4548, 2.250000000000001776 ) ;
#3100 = EDGE_CURVE ( 'NONE', #4768, #4120, #1866, .T. ) ;
#3101 = CARTESIAN_POINT ( 'NONE',  ( -13.00000000000000000, -1.952349823205539181, -26.89686044040719892 ) ) ;
#3102 = ORIENTED_EDGE ( 'NONE', *, *, #5213, .T. ) ;
#3103 = ORIENTED_EDGE ( 'NONE', *, *, #856, .T. ) ;
#3104 = AXIS2_PLACEMENT_3D ( 'NONE', #895, #1762, #2988 ) ;
#3105 = DIRECTION ( 'NONE',  ( -0.8660254037844363761, -1.093998365324228636E-11, -0.5000000000000039968 ) ) ;
#3106 = FACE_OUTER_BOUND ( 'NONE', #3564, .T. ) ;
#3107 = LINE ( 'NONE', #3964, #2198 ) ;
#3108 = EDGE_CURVE ( 'NONE', #525, #831, #535, .T. ) ;
#3109 = PRESENTATION_LAYER_ASSIGNMENT (  '', '', ( #2855 ) ) ;
#3110 = CARTESIAN_POINT ( 'NONE',  ( 10.24999999999999822, -4.243854759195755832, -93.51215258861977020 ) ) ;
#3111 = AXIS2_PLACEMENT_3D ( 'NONE', #1802, #3307, #4944 ) ;
#3112 = CARTESIAN_POINT ( 'NONE',  ( 59.86630315768815791, -6.624156820464906836, 22.84361577888162742 ) ) ;
#3113 = ORIENTED_EDGE ( 'NONE', *, *, #3262, .F. ) ;
#3114 = FACE_OUTER_BOUND ( 'NONE', #991, .T. ) ;
#3115 = VECTOR ( 'NONE', #2924, 1000.000000000000000 ) ;
#3116 = ORIENTED_EDGE ( 'NONE', *, *, #3792, .T. ) ;
#3117 = ORIENTED_EDGE ( 'NONE', *, *, #2587, .F. ) ;
#3118 = CIRCLE ( 'NONE', #487, 2.250000000000000000 ) ;
#3119 = DIRECTION ( 'NONE',  ( -0.5000000000000041078, -6.315879058740031348E-12, 0.8660254037844362651 ) ) ;
#3120 = LINE ( 'NONE', #1531, #586 ) ;
#3121 = DIRECTION ( 'NONE',  ( 0.8660254037844433705, -1.117101764502388933E-16, -0.4999999999999918954 ) ) ;
#3122 = AXIS2_PLACEMENT_3D ( 'NONE', #304, #5245, #1932 ) ;
#3123 = EDGE_LOOP ( 'NONE', ( #1486, #4091, #4656, #2186, #4217, #139, #84, #3990 ) ) ;
#3124 = VECTOR ( 'NONE', #3622, 999.9999999999998863 ) ;
#3125 = ORIENTED_EDGE ( 'NONE', *, *, #1685, .T. ) ;
#3126 = PLANE ( 'NONE',  #2341 ) ;
#3127 = AXIS2_PLACEMENT_3D ( 'NONE', #4713, #1944, #1047 ) ;
#3128 = AXIS2_PLACEMENT_3D ( 'NONE', #739, #4361, #1597 ) ;
#3129 = DIRECTION ( 'NONE',  ( -0.4999999999999919509, -1.263193535385778149E-11, -0.8660254037844432595 ) ) ;
#3130 = ORIENTED_EDGE ( 'NONE', *, *, #2979, .T. ) ;
#3131 = ORIENTED_EDGE ( 'NONE', *, *, #5121, .F. ) ;
#3132 = VECTOR ( 'NONE', #750, 1000.000000000000000 ) ;
#3133 = EDGE_CURVE ( 'NONE', #3566, #2634, #1766, .T. ) ;
#3134 = CARTESIAN_POINT ( 'NONE',  ( -13.00000000000000000, 15.66018860877518826, -36.37306695894624653 ) ) ;
#3135 = CARTESIAN_POINT ( 'NONE',  ( -9.750000000410569356, 32.49999999987683452, 5.629165124598833003 ) ) ;
#3136 = FACE_OUTER_BOUND ( 'NONE', #3884, .T. ) ;
#3137 = EDGE_CURVE ( 'NONE', #2113, #3427, #3220, .T. ) ;
#3138 = EDGE_CURVE ( 'NONE', #2417, #3148, #4238, .T. ) ;
#3139 = DIRECTION ( 'NONE',  ( 0.000000000000000000, 0.000000000000000000, -1.000000000000000000 ) ) ;
#3140 = ORIENTED_EDGE ( 'NONE', *, *, #2475, .T. ) ;
#3141 = EDGE_LOOP ( 'NONE', ( #4520, #2530 ) ) ;
#3142 = FACE_OUTER_BOUND ( 'NONE', #2284, .T. ) ;
#3143 = ORIENTED_EDGE ( 'NONE', *, *, #4532, .T. ) ;
#3144 = ORIENTED_EDGE ( 'NONE', *, *, #3432, .T. ) ;
#3145 = DIRECTION ( 'NONE',  ( -0.000000000000000000, -1.000000000000000000, -0.000000000000000000 ) ) ;
#3146 = CARTESIAN_POINT ( 'NONE',  ( 13.00000000000000000, 2.769193323034216281, -82.26215258861977020 ) ) ;
#3147 = CARTESIAN_POINT ( 'NONE',  ( -13.00000000000000000, 23.27268265731109409, -36.37306695894624653 ) ) ;
#3148 = VERTEX_POINT ( 'NONE', #1411 ) ;
#3149 = ORIENTED_EDGE ( 'NONE', *, *, #3839, .F. ) ;
#3150 = DIRECTION ( 'NONE',  ( 0.000000000000000000, 0.000000000000000000, 1.000000000000000000 ) ) ;
#3151 = DIRECTION ( 'NONE',  ( 1.000000000000000000, 0.000000000000000000, 0.000000000000000000 ) ) ;
#3152 = CARTESIAN_POINT ( 'NONE',  ( 13.00000000000000000, 15.66018860877487917, -36.37306695894682207 ) ) ;
#3153 = LINE ( 'NONE', #2705, #5264 ) ;
#3154 = ORIENTED_EDGE ( 'NONE', *, *, #2418, .T. ) ;
#3155 = ORIENTED_EDGE ( 'NONE', *, *, #2842, .F. ) ;
#3156 = ORIENTED_EDGE ( 'NONE', *, *, #3473, .F. ) ;
#3157 = ORIENTED_EDGE ( 'NONE', *, *, #2676, .T. ) ;
#3158 = CARTESIAN_POINT ( 'NONE',  ( 6.500000000000053291, 8.210632213001690562E-11, -11.25833024919767311 ) ) ;
#3159 = DIRECTION ( 'NONE',  ( 1.734723475976807094E-15, -1.000000000000000000, 0.000000000000000000 ) ) ;
#3160 = LINE ( 'NONE', #2795, #824 ) ;
#3161 = DIRECTION ( 'NONE',  ( 0.06794757007086250911, -0.9969173337322697614, 0.03922954786392338772 ) ) ;
#3162 = MANIFOLD_SOLID_BREP ( 'Fillet9', #1220 ) ;
#3163 = ADVANCED_FACE ( 'NONE', ( #2258, #4236 ), #562, .F. ) ;
#3164 = CARTESIAN_POINT ( 'NONE',  ( 8.660254037471723620, 29.50000000010939871, 5.000000000000037303 ) ) ;
#3165 = ADVANCED_FACE ( 'NONE', ( #2289 ), #2181, .T. ) ;
#3166 = EDGE_LOOP ( 'NONE', ( #2423, #2525, #4032, #2568 ) ) ;
#3167 = ORIENTED_EDGE ( 'NONE', *, *, #4192, .F. ) ;
#3168 = ORIENTED_EDGE ( 'NONE', *, *, #184, .F. ) ;
#3169 = ORIENTED_EDGE ( 'NONE', *, *, #2419, .T. ) ;
#3170 = DIRECTION ( 'NONE',  ( -0.8660254037844362651, -1.093959992037873651E-11, -0.5000000000000038858 ) ) ;
#3171 = DIRECTION ( 'NONE',  ( -1.000000000000000000, -0.000000000000000000, -0.000000000000000000 ) ) ;
#3172 = CARTESIAN_POINT ( 'NONE',  ( 48.75266320374880991, -1.994556770267664980, 13.13625622545098359 ) ) ;
#3173 = EDGE_CURVE ( 'NONE', #1401, #1648, #2610, .T. ) ;
#3174 = DIRECTION ( 'NONE',  ( -6.315870933078122225E-12, 1.000000000000000000, -1.093963277049189342E-11 ) ) ;
#3175 = EDGE_CURVE ( 'NONE', #3377, #5192, #2213, .T. ) ;
#3176 = DIRECTION ( 'NONE',  ( -0.4999999999999919509, -1.263193535385778149E-11, -0.8660254037844432595 ) ) ;
#3177 = VERTEX_POINT ( 'NONE', #663 ) ;
#3178 = CARTESIAN_POINT ( 'NONE',  ( 10.99999999999999645, 25.17018433347054440, -37.00511710645992025 ) ) ;
#3179 = DIRECTION ( 'NONE',  ( 0.06794757005197310518, 0.9969173337331278528, -0.03922954787482792194 ) ) ;
#3180 = LINE ( 'NONE', #3615, #2271 ) ;
#3181 = EDGE_LOOP ( 'NONE', ( #870, #4094, #2576, #713 ) ) ;
#3182 = ORIENTED_EDGE ( 'NONE', *, *, #3301, .T. ) ;
#3183 = VERTEX_POINT ( 'NONE', #1445 ) ;
#3184 = CIRCLE ( 'NONE', #3699, 19.99999999999999645 ) ;
#3185 = FACE_BOUND ( 'NONE', #1647, .T. ) ;
#3186 = DIRECTION ( 'NONE',  ( -0.000000000000000000, -0.9969173337331278528, -0.07845909572784590114 ) ) ;
#3187 = CARTESIAN_POINT ( 'NONE',  ( -38.97827009217902372, 2.560425558995898854, 37.51522172915785092 ) ) ;
#3188 = LINE ( 'NONE', #4336, #3808 ) ;
#3189 = AXIS2_PLACEMENT_3D ( 'NONE', #4866, #881, #3034 ) ;
#3190 = EDGE_CURVE ( 'NONE', #4466, #1362, #3635, .T. ) ;
#3191 = AXIS2_PLACEMENT_3D ( 'NONE', #2217, #3335, #1367 ) ;
#3192 = DIRECTION ( 'NONE',  ( 1.000000000000000000, -0.000000000000000000, -0.000000000000000000 ) ) ;
#3193 = CARTESIAN_POINT ( 'NONE',  ( -12.12435565316848596, 29.49999999995624478, 2.999999999677168461 ) ) ;
#3194 = ORIENTED_EDGE ( 'NONE', *, *, #495, .F. ) ;
#3195 = LINE ( 'NONE', #1165, #4052 ) ;
#3196 = ORIENTED_EDGE ( 'NONE', *, *, #2197, .F. ) ;
#3197 = CARTESIAN_POINT ( 'NONE',  ( 44.04614317014808478, 12.00000000055639227, 13.70984215158814834 ) ) ;
#3198 = VECTOR ( 'NONE', #2498, 1000.000000000000000 ) ;
#3199 = CARTESIAN_POINT ( 'NONE',  ( 9.750000000000033751, 24.99999999999999645, 5.629165124598843661 ) ) ;
#3200 = EDGE_CURVE ( 'NONE', #98, #4934, #168, .T. ) ;
#3201 = CARTESIAN_POINT ( 'NONE',  ( -8.660254038048551095, 32.50000000000000000, 8.749999999660788674 ) ) ;
#3202 = FACE_BOUND ( 'NONE', #4634, .T. ) ;
#3203 = VECTOR ( 'NONE', #4758, 1000.000000000000000 ) ;
#3204 = CARTESIAN_POINT ( 'NONE',  ( 13.00000000000000000, 0.000000000000000000, -36.37306695894682207 ) ) ;
#3205 = FACE_BOUND ( 'NONE', #3589, .T. ) ;
#3206 = DIRECTION ( 'NONE',  ( 0.000000000000000000, 0.000000000000000000, -1.000000000000000000 ) ) ;
#3207 = VERTEX_POINT ( 'NONE', #1896 ) ;
#3208 = AXIS2_PLACEMENT_3D ( 'NONE', #1399, #124, #3024 ) ;
#3209 = CIRCLE ( 'NONE', #905, 20.00000000000000711 ) ;
#3210 = ADVANCED_FACE ( 'NONE', ( #1842 ), #1032, .F. ) ;
#3211 = EDGE_CURVE ( 'NONE', #449, #4878, #3416, .T. ) ;
#3212 = FACE_OUTER_BOUND ( 'NONE', #2399, .T. ) ;
#3213 = FACE_OUTER_BOUND ( 'NONE', #3846, .T. ) ;
#3214 = DIRECTION ( 'NONE',  ( 0.000000000000000000, 0.000000000000000000, 1.000000000000000000 ) ) ;
#3215 = AXIS2_PLACEMENT_3D ( 'NONE', #5198, #264, #1477 ) ;
#3216 = CIRCLE ( 'NONE', #2617, 2.250000000000001776 ) ;
#3217 = ORIENTED_EDGE ( 'NONE', *, *, #2644, .F. ) ;
#3218 = ORIENTED_EDGE ( 'NONE', *, *, #3839, .T. ) ;
#3219 = VECTOR ( 'NONE', #2087, 1000.000000000000227 ) ;
#3220 = CIRCLE ( 'NONE', #1252, 2.250000000000002220 ) ;
#3221 = DIRECTION ( 'NONE',  ( 0.000000000000000000, 0.000000000000000000, 1.000000000000000000 ) ) ;
#3222 = DIRECTION ( 'NONE',  ( 0.000000000000000000, -0.3976074376343006755, -0.9175556253099239612 ) ) ;
#3223 = CARTESIAN_POINT ( 'NONE',  ( -8.660254038002330290, 24.99999999999999645, 4.999999999726428612 ) ) ;
#3224 = CARTESIAN_POINT ( 'NONE',  ( -8.827835640331718636, 29.28475329863939791, 22.74613391757232606 ) ) ;
#3225 = CIRCLE ( 'NONE', #5278, 2.000000000000000000 ) ;
#3226 = VERTEX_POINT ( 'NONE', #2608 ) ;
#3227 = EDGE_LOOP ( 'NONE', ( #4071, #4224, #1305, #4787 ) ) ;
#3228 = ORIENTED_EDGE ( 'NONE', *, *, #2095, .T. ) ;
#3229 = FACE_BOUND ( 'NONE', #551, .T. ) ;
#3230 = FACE_OUTER_BOUND ( 'NONE', #2048, .T. ) ;
#3231 = LINE ( 'NONE', #718, #3829 ) ;
#3232 =( BOUNDED_CURVE ( )  B_SPLINE_CURVE ( 3, ( #4040, #3224, #2796, #1993 ),
 .UNSPECIFIED., .F., .F. ) 
 B_SPLINE_CURVE_WITH_KNOTS ( ( 4, 4 ),
 ( 4.188790204786393190, 4.712388980384689674 ),
 .UNSPECIFIED. ) 
 CURVE ( )  GEOMETRIC_REPRESENTATION_ITEM ( )  RATIONAL_B_SPLINE_CURVE ( ( 1.000000000000000000, 0.9772838841927123932, 0.9772838841927123932, 1.000000000000000000 ) ) 
 REPRESENTATION_ITEM ( '' )  );
#3233 = LINE ( 'NONE', #2826, #3384 ) ;
#3234 = EDGE_CURVE ( 'NONE', #3566, #159, #2183, .T. ) ;
#3235 = ORIENTED_EDGE ( 'NONE', *, *, #4378, .T. ) ;
#3236 = CARTESIAN_POINT ( 'NONE',  ( 31.13963121761865338, 28.10927142235484411, 2.427721580345306940 ) ) ;
#3237 = DIRECTION ( 'NONE',  ( 0.4999999999981821208, 0.000000000000000000, -0.8660254037854883125 ) ) ;
#3238 = DIRECTION ( 'NONE',  ( 0.000000000000000000, -0.9487508380798242991, 0.3160250737565470924 ) ) ;
#3239 = EDGE_CURVE ( 'NONE', #4470, #1745, #3436, .T. ) ;
#3240 = ADVANCED_FACE ( 'NONE', ( #1466 ), #3087, .T. ) ;
#3241 = ORIENTED_EDGE ( 'NONE', *, *, #2560, .F. ) ;
#3242 = CYLINDRICAL_SURFACE ( 'NONE', #5194, 20.00000000000000355 ) ;
#3243 = DIRECTION ( 'NONE',  ( -6.315870933078122225E-12, 1.000000000000000000, -1.093963277049189342E-11 ) ) ;
#3244 = CARTESIAN_POINT ( 'NONE',  ( -11.00000000000000000, 4.906075848032020126, -93.51215258861977020 ) ) ;
#3245 = ADVANCED_FACE ( 'NONE', ( #5182 ), #1160, .F. ) ;
#3246 = ORIENTED_EDGE ( 'NONE', *, *, #725, .T. ) ;
#3247 = PLANE ( 'NONE',  #4295 ) ;
#3248 = ORIENTED_EDGE ( 'NONE', *, *, #2770, .T. ) ;
#3249 = ORIENTED_EDGE ( 'NONE', *, *, #2954, .T. ) ;
#3250 = ORIENTED_EDGE ( 'NONE', *, *, #3569, .T. ) ;
#3251 = LINE ( 'NONE', #29, #730 ) ;
#3252 = CARTESIAN_POINT ( 'NONE',  ( -13.00000000000000000, 33.75160076831943456, -11.24252195001723464 ) ) ;
#3253 = CARTESIAN_POINT ( 'NONE',  ( -54.00530936031865537, 4.907835273275797050, 31.17997989677673587 ) ) ;
#3254 = DIRECTION ( 'NONE',  ( 0.4999999999981841747, 0.000000000000000000, -0.8660254037854870912 ) ) ;
#3255 = DIRECTION ( 'NONE',  ( 0.4999999999999919509, 1.263193535385778149E-11, 0.8660254037844432595 ) ) ;
#3256 = VERTEX_POINT ( 'NONE', #2020 ) ;
#3257 = CARTESIAN_POINT ( 'NONE',  ( 33.57108518826606769, 26.69956777431971773, 6.680569148483594510 ) ) ;
#3258 = EDGE_CURVE ( 'NONE', #2943, #4610, #3232, .T. ) ;
#3259 = CARTESIAN_POINT ( 'NONE',  ( -3.086017353681423714, 32.50000000022383517, 22.24246321602981169 ) ) ;
#3260 = ORIENTED_EDGE ( 'NONE', *, *, #13, .T. ) ;
#3261 = VERTEX_POINT ( 'NONE', #4421 ) ;
#3262 = EDGE_CURVE ( 'NONE', #844, #767, #4760, .T. ) ;
#3263 = CARTESIAN_POINT ( 'NONE',  ( -13.00000000000000000, 15.66018860877518826, -36.37306695894624653 ) ) ;
#3264 = CYLINDRICAL_SURFACE ( 'NONE', #972, 2.250000000000001776 ) ;
#3265 = DIRECTION ( 'NONE',  ( 1.000000000000000000, -0.000000000000000000, -0.000000000000000000 ) ) ;
#3266 = DIRECTION ( 'NONE',  ( 0.000000000000000000, 1.000000000000000000, 0.000000000000000000 ) ) ;
#3267 = VERTEX_POINT ( 'NONE', #3244 ) ;
#3268 = EDGE_LOOP ( 'NONE', ( #4343, #2978 ) ) ;
#3269 = VECTOR ( 'NONE', #3917, 1000.000000000000000 ) ;
#3270 = EDGE_CURVE ( 'NONE', #4200, #1326, #1157, .T. ) ;
#3271 = EDGE_CURVE ( 'NONE', #3662, #761, #1675, .T. ) ;
#3272 = FILL_AREA_STYLE_COLOUR ( '', #1416 ) ;
#3273 = ORIENTED_EDGE ( 'NONE', *, *, #2808, .F. ) ;
#3274 = ORIENTED_EDGE ( 'NONE', *, *, #3270, .F. ) ;
#3275 = CARTESIAN_POINT ( 'NONE',  ( 48.07546422356686122, -6.643771594545809123, 42.76748920977470192 ) ) ;
#3276 = DIRECTION ( 'NONE',  ( -0.4999999999999919509, -1.263193535385778149E-11, -0.8660254037844432595 ) ) ;
#3277 = VECTOR ( 'NONE', #266, 1000.000000000000000 ) ;
#3278 = FACE_OUTER_BOUND ( 'NONE', #2955, .T. ) ;
#3279 = LINE ( 'NONE', #2007, #1865 ) ;
#3280 = FACE_OUTER_BOUND ( 'NONE', #2557, .T. ) ;
#3281 = ORIENTED_EDGE ( 'NONE', *, *, #158, .F. ) ;
#3282 = DIRECTION ( 'NONE',  ( 0.000000000000000000, -1.000000000000000000, 0.000000000000000000 ) ) ;
#3283 = AXIS2_PLACEMENT_3D ( 'NONE', #4009, #2856, #3206 ) ;
#3284 = DIRECTION ( 'NONE',  ( 0.000000000000000000, 0.000000000000000000, 1.000000000000000000 ) ) ;
#3285 = VECTOR ( 'NONE', #198, 1000.000000000000000 ) ;
#3286 = ORIENTED_EDGE ( 'NONE', *, *, #3211, .F. ) ;
#3287 = AXIS2_PLACEMENT_3D ( 'NONE', #1926, #4799, #4858 ) ;
#3288 = CARTESIAN_POINT ( 'NONE',  ( 13.00000000000000000, 23.27268265731090224, -36.37306695894682207 ) ) ;
#3289 = CARTESIAN_POINT ( 'NONE',  ( -58.60274902018858256, 14.96370182358037937, 21.13260699966727429 ) ) ;
#3290 = CIRCLE ( 'NONE', #580, 2.000000000000000888 ) ;
#3291 = AXIS2_PLACEMENT_3D ( 'NONE', #2590, #4949, #1692 ) ;
#3292 = FACE_BOUND ( 'NONE', #1660, .T. ) ;
#3293 = CARTESIAN_POINT ( 'NONE',  ( -4.033813056332780817E-10, 31.93317768707020576, 22.74613391789304373 ) ) ;
#3294 = ADVANCED_FACE ( 'NONE', ( #1971 ), #391, .F. ) ;
#3295 = ORIENTED_EDGE ( 'NONE', *, *, #731, .F. ) ;
#3296 = VERTEX_POINT ( 'NONE', #4018 ) ;
#3297 = AXIS2_PLACEMENT_3D ( 'NONE', #4948, #2911, #3254 ) ;
#3298 = SURFACE_STYLE_USAGE ( .BOTH. , #1243 ) ;
#3299 = VECTOR ( 'NONE', #887, 1000.000000000000114 ) ;
#3300 = DIRECTION ( 'NONE',  ( -0.4999999999999920064, -1.263193535385778310E-11, -0.8660254037844433705 ) ) ;
#3301 = EDGE_CURVE ( 'NONE', #1136, #2460, #5293, .T. ) ;
#3302 = EDGE_CURVE ( 'NONE', #3933, #4830, #3375, .T. ) ;
#3303 = ORIENTED_EDGE ( 'NONE', *, *, #2985, .T. ) ;
#3304 = VERTEX_POINT ( 'NONE', #3623 ) ;
#3305 = DIRECTION ( 'NONE',  ( -1.263193535385782996E-11, 1.000000000000000000, -1.117101765387847829E-16 ) ) ;
#3306 = ORIENTED_EDGE ( 'NONE', *, *, #4573, .F. ) ;
#3307 = DIRECTION ( 'NONE',  ( -0.5000000000000039968, -6.315870933078223199E-12, 0.8660254037844363761 ) ) ;
#3308 = CIRCLE ( 'NONE', #1612, 2.000000000000000888 ) ;
#3309 = CARTESIAN_POINT ( 'NONE',  ( -5.047624216619410298, 32.50000000020066437, 21.25725839930040451 ) ) ;
#3310 = DIRECTION ( 'NONE',  ( -0.000000000000000000, -1.000000000000000000, -0.000000000000000000 ) ) ;
#3311 = CARTESIAN_POINT ( 'NONE',  ( 7.794228634074159778, 29.50000000000000355, -4.499999999975388576 ) ) ;
#3312 = ORIENTED_EDGE ( 'NONE', *, *, #3770, .T. ) ;
#3313 = EDGE_LOOP ( 'NONE', ( #4943, #186, #2344, #4107, #4613 ) ) ;
#3314 = CARTESIAN_POINT ( 'NONE',  ( 38.54737148389391876, 25.17018433395768184, 7.244228304032146681 ) ) ;
#3315 = CARTESIAN_POINT ( 'NONE',  ( -35.75266320371139983, -1.994556770719286387, 35.65291672386764787 ) ) ;
#3316 = DIRECTION ( 'NONE',  ( 0.5000000000036334269, 0.000000000000000000, 0.8660254037823409412 ) ) ;
#3317 = ORIENTED_EDGE ( 'NONE', *, *, #4565, .F. ) ;
#3318 = ORIENTED_EDGE ( 'NONE', *, *, #1418, .F. ) ;
#3319 = LINE ( 'NONE', #1289, #3299 ) ;
#3320 = CARTESIAN_POINT ( 'NONE',  ( 4.357573219979159695, 32.50000000005504575, 21.82237247518013490 ) ) ;
#3321 = CARTESIAN_POINT ( 'NONE',  ( 10.15000000000000391, -1.994556770883507912, -48.78917294929691195 ) ) ;
#3322 = CARTESIAN_POINT ( 'NONE',  ( -8.660254038030752000, 29.50000000000000355, 4.999999999677200435 ) ) ;
#3323 = ORIENTED_EDGE ( 'NONE', *, *, #5043, .T. ) ;
#3324 = ORIENTED_EDGE ( 'NONE', *, *, #1710, .F. ) ;
#3325 = LINE ( 'NONE', #4962, #3542 ) ;
#3326 = ADVANCED_FACE ( 'NONE', ( #3136 ), #5231, .F. ) ;
#3327 = CARTESIAN_POINT ( 'NONE',  ( -61.80217569641422415, -6.486853403836354559, 22.97979685275145556 ) ) ;
#3328 = VERTEX_POINT ( 'NONE', #2713 ) ;
#3329 = ORIENTED_EDGE ( 'NONE', *, *, #3175, .F. ) ;
#3330 = ORIENTED_EDGE ( 'NONE', *, *, #781, .T. ) ;
#3331 = LINE ( 'NONE', #4121, #2840 ) ;
#3332 = VERTEX_POINT ( 'NONE', #2369 ) ;
#3333 = DIRECTION ( 'NONE',  ( -0.4999999999999919509, -1.263193535385778149E-11, -0.8660254037844432595 ) ) ;
#3334 = ADVANCED_FACE ( 'NONE', ( #291 ), #1104, .T. ) ;
#3335 = DIRECTION ( 'NONE',  ( -0.5000000000000039968, -6.315870933078222391E-12, 0.8660254037844362651 ) ) ;
#3336 = LINE ( 'NONE', #2854, #328 ) ;
#3337 = ORIENTED_EDGE ( 'NONE', *, *, #2485, .F. ) ;
#3338 = ORIENTED_EDGE ( 'NONE', *, *, #1313, .T. ) ;
#3339 = ORIENTED_EDGE ( 'NONE', *, *, #4794, .F. ) ;
#3340 = EDGE_CURVE ( 'NONE', #1226, #1728, #4440, .T. ) ;
#3341 = SPHERICAL_SURFACE ( 'NONE', #3725, 2.000000000000000000 ) ;
#3342 = VERTEX_POINT ( 'NONE', #4390 ) ;
#3343 = LINE ( 'NONE', #1349, #1003 ) ;
#3344 = CARTESIAN_POINT ( 'NONE',  ( 0.000000000000000000, 29.50000000000000355, -10.00000000000000000 ) ) ;
#3345 = DIRECTION ( 'NONE',  ( -0.8633557364849445692, -0.07845909573875187171, -0.4984586668665679787 ) ) ;
#3346 = DIRECTION ( 'NONE',  ( 0.000000000000000000, 1.000000000000000000, 0.000000000000000000 ) ) ;
#3347 = EDGE_LOOP ( 'NONE', ( #5091, #2810, #2879, #4366, #1794 ) ) ;
#3348 = ORIENTED_EDGE ( 'NONE', *, *, #115, .T. ) ;
#3349 = DIRECTION ( 'NONE',  ( 1.000000000000000000, -0.000000000000000000, 0.000000000000000000 ) ) ;
#3350 = LINE ( 'NONE', #1325, #411 ) ;
#3351 = ORIENTED_EDGE ( 'NONE', *, *, #856, .F. ) ;
#3352 = ORIENTED_EDGE ( 'NONE', *, *, #2670, .F. ) ;
#3353 = EDGE_CURVE ( 'NONE', #4466, #3933, #3188, .T. ) ;
#3354 = ORIENTED_EDGE ( 'NONE', *, *, #9, .F. ) ;
#3355 = EDGE_LOOP ( 'NONE', ( #125, #1812, #1109, #1339, #4786, #4872, #2925 ) ) ;
#3356 = AXIS2_PLACEMENT_3D ( 'NONE', #4089, #442, #2064 ) ;
#3357 = CARTESIAN_POINT ( 'NONE',  ( -37.02971293366402961, 2.560425558995898854, 36.39022172915787223 ) ) ;
#3358 = CARTESIAN_POINT ( 'NONE',  ( 15.23630961089276248, 33.75160076851190638, -3.905018466620137740 ) ) ;
#3359 = PLANE ( 'NONE',  #5109 ) ;
#3360 = DIRECTION ( 'NONE',  ( 0.8660254037844367092, 1.093955173361551780E-11, 0.5000000000000035527 ) ) ;
#3361 = CARTESIAN_POINT ( 'NONE',  ( -12.17157287525381371, -4.243854759195755832, -93.51215258861977020 ) ) ;
#3362 = LINE ( 'NONE', #62, #5265 ) ;
#3363 = EDGE_LOOP ( 'NONE', ( #1559, #342, #1855, #1002 ) ) ;
#3364 = ORIENTED_EDGE ( 'NONE', *, *, #2658, .F. ) ;
#3365 = CIRCLE ( 'NONE', #3799, 2.249999999999994671 ) ;
#3366 = EDGE_CURVE ( 'NONE', #3005, #241, #687, .T. ) ;
#3367 = ORIENTED_EDGE ( 'NONE', *, *, #1043, .T. ) ;
#3368 = EDGE_CURVE ( 'NONE', #4610, #4938, #3936, .T. ) ;
#3369 = ADVANCED_FACE ( 'NONE', ( #3997 ), #347, .T. ) ;
#3370 = AXIS2_PLACEMENT_3D ( 'NONE', #4725, #3943, #3170 ) ;
#3371 = FACE_OUTER_BOUND ( 'NONE', #4994, .T. ) ;
#3372 = DIRECTION ( 'NONE',  ( 0.8660254037844432595, 0.000000000000000000, -0.4999999999999920064 ) ) ;
#3373 = CARTESIAN_POINT ( 'NONE',  ( -4.105380888472312570E-10, 32.50000000000000000, 22.67077071114423248 ) ) ;
#3374 = DIRECTION ( 'NONE',  ( -0.4999999999999919509, -1.263193535385778149E-11, -0.8660254037844432595 ) ) ;
#3375 = CIRCLE ( 'NONE', #5179, 1.999999999999999778 ) ;
#3376 = CIRCLE ( 'NONE', #3287, 2.000000000000003553 ) ;
#3377 = VERTEX_POINT ( 'NONE', #4090 ) ;
#3378 = VERTEX_POINT ( 'NONE', #890 ) ;
#3379 = AXIS2_PLACEMENT_3D ( 'NONE', #3101, #1537, #286 ) ;
#3380 = DIRECTION ( 'NONE',  ( 0.000000000000000000, 0.000000000000000000, 1.000000000000000000 ) ) ;
#3381 = CARTESIAN_POINT ( 'NONE',  ( -3.247595264191645015, 32.50000000000000000, -11.87500000000000000 ) ) ;
#3382 = FACE_OUTER_BOUND ( 'NONE', #2376, .T. ) ;
#3383 = CARTESIAN_POINT ( 'NONE',  ( -11.90784930221479598, 32.50000000000000000, 3.124999999680451168 ) ) ;
#3384 = VECTOR ( 'NONE', #4476, 1000.000000000000114 ) ;
#3385 = AXIS2_PLACEMENT_3D ( 'NONE', #356, #2499, #1982 ) ;
#3386 = EDGE_LOOP ( 'NONE', ( #393, #3246, #3468, #229 ) ) ;
#3387 = DIRECTION ( 'NONE',  ( 0.8660254037844433705, -8.673617379884036705E-17, -0.4999999999999918399 ) ) ;
#3388 = ORIENTED_EDGE ( 'NONE', *, *, #1213, .F. ) ;
#3389 = CARTESIAN_POINT ( 'NONE',  ( -10.14999999999999503, -7.467592100295478375, -52.55068591695569324 ) ) ;
#3390 = AXIS2_PLACEMENT_3D ( 'NONE', #691, #2264, #2316 ) ;
#3391 = MECHANICAL_DESIGN_GEOMETRIC_PRESENTATION_REPRESENTATION (  '', ( #665 ), #4753 ) ;
#3392 = DIRECTION ( 'NONE',  ( -0.000000000000000000, 1.000000000000000000, -0.000000000000000000 ) ) ;
#3393 = DIRECTION ( 'NONE',  ( 0.4999999999999919509, 1.263193535385778149E-11, 0.8660254037844432595 ) ) ;
#3394 = CARTESIAN_POINT ( 'NONE',  ( 15.99932181047307722, 32.50000000000000000, -14.99999999999999645 ) ) ;
#3395 = LINE ( 'NONE', #1719, #1776 ) ;
#3396 = CARTESIAN_POINT ( 'NONE',  ( 13.00000000000000888, -4.309053387893093223, -92.68372546387358568 ) ) ;
#3397 =( GEOMETRIC_REPRESENTATION_CONTEXT ( 3 ) GLOBAL_UNCERTAINTY_ASSIGNED_CONTEXT ( ( #2472 ) ) GLOBAL_UNIT_ASSIGNED_CONTEXT ( ( #251, #4718, #4672 ) ) REPRESENTATION_CONTEXT ( 'NONE', 'WORKASPACE' ) );
#3398 = ORIENTED_EDGE ( 'NONE', *, *, #4274, .F. ) ;
#3399 = ORIENTED_EDGE ( 'NONE', *, *, #1413, .T. ) ;
#3400 = ORIENTED_EDGE ( 'NONE', *, *, #3590, .F. ) ;
#3401 = EDGE_CURVE ( 'NONE', #4542, #1297, #1265, .T. ) ;
#3402 = CARTESIAN_POINT ( 'NONE',  ( -15.28481199070474084, 29.28475329844631148, -19.01819688374695971 ) ) ;
#3403 = ORIENTED_EDGE ( 'NONE', *, *, #1994, .T. ) ;
#3404 = CARTESIAN_POINT ( 'NONE',  ( 4.649920523435442377, 32.50000000005876188, 21.65052292456181604 ) ) ;
#3405 = EDGE_CURVE ( 'NONE', #1978, #2009, #5260, .T. ) ;
#3406 = EDGE_CURVE ( 'NONE', #4516, #4768, #1237, .T. ) ;
#3407 = DIRECTION ( 'NONE',  ( 0.8633557364849446802, 0.07845909573875117782, 0.4984586668665679787 ) ) ;
#3408 = FACE_BOUND ( 'NONE', #1942, .T. ) ;
#3409 =( BOUNDED_CURVE ( )  B_SPLINE_CURVE ( 3, ( #2257, #3864, #2288, #4629 ),
 .UNSPECIFIED., .F., .F. ) 
 B_SPLINE_CURVE_WITH_KNOTS ( ( 4, 4 ),
 ( 4.742874857687382928, 5.154071738155696636 ),
 .UNSPECIFIED. ) 
 CURVE ( )  GEOMETRIC_REPRESENTATION_ITEM ( )  RATIONAL_B_SPLINE_CURVE ( ( 1.000000000000000000, 0.9859593242880246855, 0.9859593242880246855, 1.000000000000000000 ) ) 
 REPRESENTATION_ITEM ( '' )  );
#3410 = ORIENTED_EDGE ( 'NONE', *, *, #2744, .T. ) ;
#3411 = DIRECTION ( 'NONE',  ( -0.000000000000000000, 1.000000000000000000, -0.000000000000000000 ) ) ;
#3412 = FACE_OUTER_BOUND ( 'NONE', #2270, .T. ) ;
#3413 = DIRECTION ( 'NONE',  ( -0.000000000000000000, 0.000000000000000000, 1.000000000000000000 ) ) ;
#3414 = EDGE_CURVE ( 'NONE', #602, #4610, #2090, .T. ) ;
#3415 = SURFACE_STYLE_FILL_AREA ( #1798 ) ;
#3416 = LINE ( 'NONE', #3845, #3285 ) ;
#3417 = ORIENTED_EDGE ( 'NONE', *, *, #3012, .T. ) ;
#3418 = DIRECTION ( 'NONE',  ( -1.263193535385782996E-11, 1.000000000000000000, -1.117101765387847829E-16 ) ) ;
#3419 = ORIENTED_EDGE ( 'NONE', *, *, #4684, .T. ) ;
#3420 = APPLICATION_PROTOCOL_DEFINITION ( 'draft international standard', 'automotive_design', 1998, #3437 ) ;
#3421 = CARTESIAN_POINT ( 'NONE',  ( 14.29422863405995336, 32.50000000000000000, 6.758330249197699757 ) ) ;
#3422 = CARTESIAN_POINT ( 'NONE',  ( -19.37978165541067099, 32.50000000000000000, -11.70262403759476832 ) ) ;
#3423 = ORIENTED_EDGE ( 'NONE', *, *, #3037, .T. ) ;
#3424 = VERTEX_POINT ( 'NONE', #839 ) ;
#3425 = ORIENTED_EDGE ( 'NONE', *, *, #2816, .T. ) ;
#3426 = CARTESIAN_POINT ( 'NONE',  ( -10.14999999999999680, -1.952349823205539181, -26.89686044040719892 ) ) ;
#3427 = VERTEX_POINT ( 'NONE', #4068 ) ;
#3428 = EDGE_CURVE ( 'NONE', #2961, #2028, #2898, .T. ) ;
#3429 = CARTESIAN_POINT ( 'NONE',  ( -11.90784930221479598, 32.50000000000000000, 3.124999999680451168 ) ) ;
#3430 = ORIENTED_EDGE ( 'NONE', *, *, #2312, .T. ) ;
#3431 = VERTEX_POINT ( 'NONE', #3293 ) ;
#3432 = EDGE_CURVE ( 'NONE', #4442, #1375, #4174, .T. ) ;
#3433 = CARTESIAN_POINT ( 'NONE',  ( 0.000000000000000000, 32.50000000000000000, -10.00000000000000000 ) ) ;
#3434 = DIRECTION ( 'NONE',  ( 0.000000000000000000, 0.3160250737565468704, 0.9487508380798242991 ) ) ;
#3435 = CARTESIAN_POINT ( 'NONE',  ( 60.07546422356693228, -6.643771594394230817, 21.98287951894821646 ) ) ;
#3436 = LINE ( 'NONE', #5077, #2435 ) ;
#3437 = APPLICATION_CONTEXT ( 'automotive_design' ) ;
#3438 = CARTESIAN_POINT ( 'NONE',  ( -40.40327009217899956, 2.560425558959898318, 35.04704932837218934 ) ) ;
#3439 = EDGE_CURVE ( 'NONE', #1535, #1940, #4146, .T. ) ;
#3440 = EDGE_CURVE ( 'NONE', #3261, #3537, #1241, .T. ) ;
#3441 = DIRECTION ( 'NONE',  ( -1.000000000000000000, 0.000000000000000000, 0.000000000000000000 ) ) ;
#3442 = CARTESIAN_POINT ( 'NONE',  ( -16.42551718727250076, 32.50000000000000000, -14.85186080501983596 ) ) ;
#3443 = CARTESIAN_POINT ( 'NONE',  ( -7.794228634059971128, 29.50000000000000355, -4.499999999999959144 ) ) ;
#3444 = LINE ( 'NONE', #2693, #2774 ) ;
#3445 = VERTEX_POINT ( 'NONE', #17 ) ;
#3446 = ORIENTED_EDGE ( 'NONE', *, *, #2225, .T. ) ;
#3447 = VECTOR ( 'NONE', #1491, 1000.000000000000000 ) ;
#3448 = CARTESIAN_POINT ( 'NONE',  ( -5.204170427930421283E-13, 7.958159905347683078E-10, 72.74613391789274885 ) ) ;
#3449 = CIRCLE ( 'NONE', #3619, 2.000000000000002665 ) ;
#3450 = ORIENTED_EDGE ( 'NONE', *, *, #3138, .T. ) ;
#3451 = AXIS2_PLACEMENT_3D ( 'NONE', #2586, #4243, #1332 ) ;
#3452 = DIRECTION ( 'NONE',  ( -0.000000000000000000, -1.000000000000000000, -0.000000000000000000 ) ) ;
#3453 = CARTESIAN_POINT ( 'NONE',  ( -44.04614317037565741, 11.99999999987179145, 13.70984215145626628 ) ) ;
#3454 = CARTESIAN_POINT ( 'NONE',  ( -3.158012046311498011E-10, 24.99999999999999289, 22.74613391789304018 ) ) ;
#3455 = STYLED_ITEM ( 'NONE', ( #3532 ), #1405 ) ;
#3456 = ORIENTED_EDGE ( 'NONE', *, *, #3406, .F. ) ;
#3457 = ORIENTED_EDGE ( 'NONE', *, *, #3518, .F. ) ;
#3458 = B_SPLINE_CURVE_WITH_KNOTS ( 'NONE', 3,
 ( #2993, #4614, #2585, #4211 ),
 .UNSPECIFIED., .F., .F.,
 ( 4, 4 ),
 ( 0.000000000000000000, 0.001693748359486117001 ),
 .UNSPECIFIED. ) ;
#3459 = DIRECTION ( 'NONE',  ( -0.8660254037844433705, 1.084202172485504187E-16, 0.4999999999999917288 ) ) ;
#3460 = DIRECTION ( 'NONE',  ( 0.9976853269457000017, -0.06799991468562056884, 0.000000000000000000 ) ) ;
#3461 = VECTOR ( 'NONE', #1902, 1000.000000000000000 ) ;
#3462 = LINE ( 'NONE', #2661, #2358 ) ;
#3463 = PRESENTATION_STYLE_ASSIGNMENT (( #2681 ) ) ;
#3464 = EDGE_CURVE ( 'NONE', #4856, #3653, #2045, .T. ) ;
#3465 = AXIS2_PLACEMENT_3D ( 'NONE', #77, #421, #1291 ) ;
#3466 = CARTESIAN_POINT ( 'NONE',  ( 46.12396270988387670, 2.421922163751307977, 11.61857528773135506 ) ) ;
#3467 = AXIS2_PLACEMENT_3D ( 'NONE', #2458, #1224, #432 ) ;
#3468 = ORIENTED_EDGE ( 'NONE', *, *, #5262, .F. ) ;
#3469 = DIRECTION ( 'NONE',  ( 0.000000000000000000, 0.000000000000000000, 1.000000000000000000 ) ) ;
#3470 = CARTESIAN_POINT ( 'NONE',  ( 44.04614317014808478, 12.00000000055639227, 13.70984215158814834 ) ) ;
#3471 = AXIS2_PLACEMENT_3D ( 'NONE', #5224, #1558, #4810 ) ;
#3472 = VECTOR ( 'NONE', #4974, 1000.000000000000000 ) ;
#3473 = EDGE_CURVE ( 'NONE', #4248, #4830, #1643, .T. ) ;
#3474 = EDGE_CURVE ( 'NONE', #3653, #622, #814, .T. ) ;
#3475 = DIRECTION ( 'NONE',  ( 0.5000000000000041078, 6.315935428978666075E-12, -0.8660254037844361541 ) ) ;
#3476 = CARTESIAN_POINT ( 'NONE',  ( 12.17157287525381548, -4.243854759195755832, -93.51215258861975599 ) ) ;
#3477 = EDGE_LOOP ( 'NONE', ( #4426, #1603, #3425, #2570, #1534, #4553, #897 ) ) ;
#3478 = DIRECTION ( 'NONE',  ( -0.4905221900492636733, 0.8241261886158178784, -0.2832031184624199116 ) ) ;
#3479 = ORIENTED_EDGE ( 'NONE', *, *, #1108, .F. ) ;
#3480 = VERTEX_POINT ( 'NONE', #2494 ) ;
#3481 = DIRECTION ( 'NONE',  ( 0.000000000000000000, 0.000000000000000000, -1.000000000000000000 ) ) ;
#3482 = AXIS2_PLACEMENT_3D ( 'NONE', #4806, #4836, #4730 ) ;
#3483 = CIRCLE ( 'NONE', #4579, 2.000000000000002220 ) ;
#3484 = LINE ( 'NONE', #3522, #3486 ) ;
#3485 = CARTESIAN_POINT ( 'NONE',  ( -8.660254038002330290, 24.99999999999999645, 4.999999999726428612 ) ) ;
#3486 = VECTOR ( 'NONE', #2321, 1000.000000000000114 ) ;
#3487 = VERTEX_POINT ( 'NONE', #2146 ) ;
#3488 = CARTESIAN_POINT ( 'NONE',  ( -48.15012050441280422, 16.86120350001792900, 40.50119095666081392 ) ) ;
#3489 = PLANE ( 'NONE',  #4397 ) ;
#3490 = ORIENTED_EDGE ( 'NONE', *, *, #1020, .T. ) ;
#3491 = CARTESIAN_POINT ( 'NONE',  ( -33.57108518877824821, 26.69956777376198076, 6.680569148148565617 ) ) ;
#3492 = DIRECTION ( 'NONE',  ( 0.8660254037844432595, 0.000000000000000000, -0.4999999999999920064 ) ) ;
#3493 = CARTESIAN_POINT ( 'NONE',  ( -9.107762469658288396, 30.97451631466786637, 23.38431730813749709 ) ) ;
#3494 = CARTESIAN_POINT ( 'NONE',  ( -34.39102781100482531, 22.13442266973586214, 4.844562165138071919 ) ) ;
#3495 = EDGE_CURVE ( 'NONE', #2395, #564, #2868, .T. ) ;
#3496 = DIRECTION ( 'NONE',  ( 1.000000000000000000, 0.000000000000000000, 0.000000000000000000 ) ) ;
#3497 = CARTESIAN_POINT ( 'NONE',  ( 37.99999999980200016, 15.66018860925520428, 6.928203230275596702 ) ) ;
#3498 = PLANE ( 'NONE',  #1506 ) ;
#3499 = CARTESIAN_POINT ( 'NONE',  ( -19.69872981093607933, 24.99999999975115728, -11.37306695922010569 ) ) ;
#3500 = ORIENTED_EDGE ( 'NONE', *, *, #5148, .F. ) ;
#3501 = EDGE_LOOP ( 'NONE', ( #2346, #1364, #4072, #351, #3646, #136, #4201 ) ) ;
#3502 = EDGE_CURVE ( 'NONE', #996, #2724, #4960, .T. ) ;
#3503 = CARTESIAN_POINT ( 'NONE',  ( 61.07546422356696070, -6.643771594381596479, 20.25082871137935570 ) ) ;
#3504 = DIRECTION ( 'NONE',  ( -0.8660254037844434816, 8.673617379884035472E-17, 0.4999999999999917288 ) ) ;
#3505 = ORIENTED_EDGE ( 'NONE', *, *, #2032, .F. ) ;
#3506 = EDGE_CURVE ( 'NONE', #241, #4345, #3825, .T. ) ;
#3507 = LINE ( 'NONE', #2599, #1585 ) ;
#3508 = DIRECTION ( 'NONE',  ( -0.4999999999999919509, -1.263193535385778149E-11, -0.8660254037844432595 ) ) ;
#3509 = ORIENTED_EDGE ( 'NONE', *, *, #952, .F. ) ;
#3510 = ORIENTED_EDGE ( 'NONE', *, *, #2419, .F. ) ;
#3511 = DIRECTION ( 'NONE',  ( 0.8660254037844363761, 1.093963277049189504E-11, 0.5000000000000039968 ) ) ;
#3512 = FACE_OUTER_BOUND ( 'NONE', #5139, .T. ) ;
#3513 = CARTESIAN_POINT ( 'NONE',  ( -11.90784930222190319, 32.50000000000000000, 3.124999999676350004 ) ) ;
#3514 = DIRECTION ( 'NONE',  ( 8.673617379884036705E-17, 0.000000000000000000, -1.000000000000000000 ) ) ;
#3515 = CARTESIAN_POINT ( 'NONE',  ( 0.000000000000000000, 0.000000000000000000, 0.000000000000000000 ) ) ;
#3516 = CARTESIAN_POINT ( 'NONE',  ( 20.93313789670870761, 32.50000000026442848, -6.257258399655926340 ) ) ;
#3517 = PLANE ( 'NONE',  #2967 ) ;
#3518 = EDGE_CURVE ( 'NONE', #622, #3653, #5099, .T. ) ;
#3519 = DIRECTION ( 'NONE',  ( 6.315870933078122225E-12, -1.000000000000000000, 1.093963277049189342E-11 ) ) ;
#3520 = CARTESIAN_POINT ( 'NONE',  ( -4.877406067044936400, 26.52011225457162169, 14.53618216991796075 ) ) ;
#3521 = ORIENTED_EDGE ( 'NONE', *, *, #1484, .T. ) ;
#3522 = CARTESIAN_POINT ( 'NONE',  ( 7.794228634074159778, 29.50000000000000355, -4.499999999975388576 ) ) ;
#3523 = CARTESIAN_POINT ( 'NONE',  ( 3.247595264191645015, 32.50000000000000000, -11.87500000000000000 ) ) ;
#3524 = FACE_OUTER_BOUND ( 'NONE', #4650, .T. ) ;
#3525 = EDGE_CURVE ( 'NONE', #159, #2594, #1318, .T. ) ;
#3526 = ORIENTED_EDGE ( 'NONE', *, *, #3081, .T. ) ;
#3527 = AXIS2_PLACEMENT_3D ( 'NONE', #954, #2583, #53 ) ;
#3528 = ORIENTED_EDGE ( 'NONE', *, *, #4149, .T. ) ;
#3529 = CARTESIAN_POINT ( 'NONE',  ( -13.00000000000000000, -4.401258172844996430, -91.51215258861975599 ) ) ;
#3530 = DIRECTION ( 'NONE',  ( 0.000000000000000000, 0.9487508380798245211, -0.3160250737565465373 ) ) ;
#3531 = AXIS2_PLACEMENT_3D ( 'NONE', #1945, #3572, #3159 ) ;
#3532 = PRESENTATION_STYLE_ASSIGNMENT (( #5054 ) ) ;
#3533 = LINE ( 'NONE', #4329, #2865 ) ;
#3534 = ADVANCED_FACE ( 'NONE', ( #530 ), #3780, .F. ) ;
#3535 = EDGE_CURVE ( 'NONE', #1720, #2303, #4303, .T. ) ;
#3536 = VERTEX_POINT ( 'NONE', #4624 ) ;
#3537 = VERTEX_POINT ( 'NONE', #3454 ) ;
#3538 = VECTOR ( 'NONE', #4273, 1000.000000000000000 ) ;
#3539 = CARTESIAN_POINT ( 'NONE',  ( -12.99999999999999289, 25.17018433347074335, -37.00511710645933761 ) ) ;
#3540 = CARTESIAN_POINT ( 'NONE',  ( -37.17766320371138278, -1.994556770755287145, 33.18474432308197919 ) ) ;
#3541 = DIRECTION ( 'NONE',  ( 0.000000000000000000, 0.9487508380798242991, -0.3160250737565470924 ) ) ;
#3542 = VECTOR ( 'NONE', #2189, 1000.000000000000000 ) ;
#3543 = AXIS2_PLACEMENT_3D ( 'NONE', #3690, #4081, #1475 ) ;
#3544 = DIRECTION ( 'NONE',  ( -0.8660254037844363761, -1.093963277049189504E-11, -0.5000000000000039968 ) ) ;
#3545 = FACE_OUTER_BOUND ( 'NONE', #4194, .T. ) ;
#3546 = ORIENTED_EDGE ( 'NONE', *, *, #3137, .T. ) ;
#3547 = CARTESIAN_POINT ( 'NONE',  ( 16.23630961089277136, 33.75160076852453273, -5.637069274189013157 ) ) ;
#3548 = AXIS2_PLACEMENT_3D ( 'NONE', #3322, #2952, #863 ) ;
#3549 = VECTOR ( 'NONE', #3945, 999.9999999999998863 ) ;
#3550 = DIRECTION ( 'NONE',  ( 0.000000000000000000, 0.000000000000000000, 1.000000000000000000 ) ) ;
#3551 = ORIENTED_EDGE ( 'NONE', *, *, #1579, .T. ) ;
#3552 = CARTESIAN_POINT ( 'NONE',  ( 10.24999999999999822, 7.680302801907603616, -89.51215258861975599 ) ) ;
#3553 = CIRCLE ( 'NONE', #741, 1.999999999999999778 ) ;
#3554 = VECTOR ( 'NONE', #3179, 1000.000000000000227 ) ;
#3555 = CARTESIAN_POINT ( 'NONE',  ( 35.25509457156524462, -7.938346674217211962, 32.07474880569068176 ) ) ;
#3556 = CARTESIAN_POINT ( 'NONE',  ( 23.66851079851810624, 16.39876268329192399, 28.70295514330155129 ) ) ;
#3557 = ORIENTED_EDGE ( 'NONE', *, *, #4506, .T. ) ;
#3558 = VECTOR ( 'NONE', #3265, 1000.000000000000000 ) ;
#3559 = EDGE_CURVE ( 'NONE', #4594, #3328, #2168, .T. ) ;
#3560 = CARTESIAN_POINT ( 'NONE',  ( 6.500000000000053291, 32.50000000000000000, 11.25833024919767311 ) ) ;
#3561 = DIRECTION ( 'NONE',  ( -1.000000000000000000, 8.125661806746624109E-18, -1.032463225334366069E-16 ) ) ;
#3562 = LINE ( 'NONE', #1765, #5092 ) ;
#3563 = DIRECTION ( 'NONE',  ( 1.000000000000000000, 0.000000000000000000, 0.000000000000000000 ) ) ;
#3564 = EDGE_LOOP ( 'NONE', ( #4865, #3737, #2216, #2811 ) ) ;
#3565 = VERTEX_POINT ( 'NONE', #2227 ) ;
#3566 = VERTEX_POINT ( 'NONE', #3429 ) ;
#3567 = ORIENTED_EDGE ( 'NONE', *, *, #223, .T. ) ;
#3568 = VECTOR ( 'NONE', #2507, 1000.000000000000000 ) ;
#3569 = EDGE_CURVE ( 'NONE', #2799, #1721, #3719, .T. ) ;
#3570 = FACE_OUTER_BOUND ( 'NONE', #176, .T. ) ;
#3571 = ADVANCED_FACE ( 'NONE', ( #2172 ), #3489, .F. ) ;
#3572 = DIRECTION ( 'NONE',  ( 0.000000000000000000, 0.000000000000000000, 1.000000000000000000 ) ) ;
#3573 = DIRECTION ( 'NONE',  ( -0.000000000000000000, 1.000000000000000000, -0.000000000000000000 ) ) ;
#3574 = EDGE_CURVE ( 'NONE', #331, #1535, #3911, .T. ) ;
#3575 = DIRECTION ( 'NONE',  ( -1.263193535385783157E-11, 1.000000000000000000, -1.117101765387847829E-16 ) ) ;
#3576 = EDGE_LOOP ( 'NONE', ( #4385, #433, #746, #4185, #2101, #4415 ) ) ;
#3577 =( BOUNDED_SURFACE ( )  B_SPLINE_SURFACE ( 3, 2, ( 
 ( #3913, #3539, #1156 ),
 ( #2793, #734, #1079 ),
 ( #1103, #4302, #2710 ),
 ( #2334, #3992, #5177 ),
 ( #4334, #1516, #270 ),
 ( #661, #4358, #5153 ) ),
 .UNSPECIFIED., .F., .F., .F. ) 
 B_SPLINE_SURFACE_WITH_KNOTS ( ( 4, 2, 4 ),
 ( 3, 3 ),
 ( 1.570796326794896558, 1.835676004652526450, 2.100555682510156341 ),
 ( 0.000000000000000000, 1.000000000000000000 ),
 .UNSPECIFIED. ) 
 GEOMETRIC_REPRESENTATION_ITEM ( )  RATIONAL_B_SPLINE_SURFACE ( (
 ( 1.000000000000000000, 0.7071067811865475727, 1.000000000000000000),
 ( 1.000000000000000000, 0.7169736630685625833, 1.000000000000000000),
 ( 1.000000000000000000, 0.7266260778152382471, 1.000000000000000000),
 ( 1.000000000000000000, 0.7449262982303168634, 1.000000000000000000),
 ( 1.000000000000000000, 0.7535740581818138883, 1.000000000000000000),
 ( 1.000000000000000000, 0.7614773767679587912, 1.000000000000000000) ) ) 
 REPRESENTATION_ITEM ( '' )  SURFACE ( )  );
#3578 = VERTEX_POINT ( 'NONE', #165 ) ;
#3579 = DIRECTION ( 'NONE',  ( -0.8216423276428954647, 0.3160250737461671178, -0.4743754190399147586 ) ) ;
#3580 = ORIENTED_EDGE ( 'NONE', *, *, #2876, .T. ) ;
#3581 = PLANE ( 'NONE',  #1238 ) ;
#3582 = CARTESIAN_POINT ( 'NONE',  ( 53.92682725064507565, 2.560425559512879534, 16.12356123079107917 ) ) ;
#3583 = DIRECTION ( 'NONE',  ( -0.4999999999999982236, 0.000000000000000000, 0.8660254037844397068 ) ) ;
#3584 = DIRECTION ( 'NONE',  ( -0.3443381417133498101, -0.9175556253142738150, -0.1988037188171518643 ) ) ;
#3585 = FACE_BOUND ( 'NONE', #456, .T. ) ;
#3586 = ORIENTED_EDGE ( 'NONE', *, *, #2848, .T. ) ;
#3587 = CARTESIAN_POINT ( 'NONE',  ( 13.00000000000000000, 25.17018433347054795, -37.00511710645992025 ) ) ;
#3588 = DIRECTION ( 'NONE',  ( -0.000000000000000000, -0.9969173337331278528, -0.07845909572784590114 ) ) ;
#3589 = EDGE_LOOP ( 'NONE', ( #2999, #4341 ) ) ;
#3590 = EDGE_CURVE ( 'NONE', #2956, #3332, #2092, .T. ) ;
#3591 = ORIENTED_EDGE ( 'NONE', *, *, #3133, .T. ) ;
#3592 = VERTEX_POINT ( 'NONE', #4687 ) ;
#3593 = CARTESIAN_POINT ( 'NONE',  ( -14.84797608899250321, 22.29615204168258913, -21.23964913457863801 ) ) ;
#3594 = FACE_OUTER_BOUND ( 'NONE', #1155, .T. ) ;
#3595 = DIRECTION ( 'NONE',  ( 0.000000000000000000, -1.000000000000000000, 0.000000000000000000 ) ) ;
#3596 = CARTESIAN_POINT ( 'NONE',  ( 60.07546422356693228, -6.643771594394230817, 21.98287951894821646 ) ) ;
#3597 = EDGE_CURVE ( 'NONE', #4856, #2653, #155, .T. ) ;
#3598 = ORIENTED_EDGE ( 'NONE', *, *, #1360, .F. ) ;
#3599 = CARTESIAN_POINT ( 'NONE',  ( 19.82466053479004486, 32.50000000025043789, -10.93207121458445741 ) ) ;
#3600 = EDGE_LOOP ( 'NONE', ( #1479, #3909, #2735, #3156 ) ) ;
#3601 = PRODUCT_DEFINITION_CONTEXT ( 'detailed design', #3437, 'design' ) ;
#3602 = ADVANCED_FACE ( 'NONE', ( #1791, #1354 ), #2207, .F. ) ;
#3603 = ADVANCED_FACE ( 'NONE', ( #3408, #1462 ), #4297, .F. ) ;
#3604 = EDGE_LOOP ( 'NONE', ( #1356, #4193 ) ) ;
#3605 = CARTESIAN_POINT ( 'NONE',  ( 25.54737148389431667, 25.17018433379326936, 29.76088880242778956 ) ) ;
#3606 = EDGE_LOOP ( 'NONE', ( #1573, #150, #1732, #630, #4000, #5206 ) ) ;
#3607 = ORIENTED_EDGE ( 'NONE', *, *, #2917, .F. ) ;
#3608 = CYLINDRICAL_SURFACE ( 'NONE', #2349, 2.000000000000001776 ) ;
#3609 = DIRECTION ( 'NONE',  ( 0.5000000000000039968, 6.315911219004471120E-12, -0.8660254037844363761 ) ) ;
#3610 = CARTESIAN_POINT ( 'NONE',  ( 55.51618189907392065, 5.045138691500802075, 32.05228256384768315 ) ) ;
#3611 = LINE ( 'NONE', #2324, #999 ) ;
#3612 = VERTEX_POINT ( 'NONE', #2673 ) ;
#3613 = CARTESIAN_POINT ( 'NONE',  ( -4.091221797748918476, 25.00000000022483704, 22.91379598126590977 ) ) ;
#3614 = DIRECTION ( 'NONE',  ( -6.315870933078122225E-12, 1.000000000000000000, -1.093963277049189342E-11 ) ) ;
#3615 = CARTESIAN_POINT ( 'NONE',  ( -33.12396270993013303, 2.421922163332892453, 34.13523578609974152 ) ) ;
#3616 = CIRCLE ( 'NONE', #1653, 2.000000000000000888 ) ;
#3617 = ORIENTED_EDGE ( 'NONE', *, *, #1819, .T. ) ;
#3618 = ORIENTED_EDGE ( 'NONE', *, *, #1077, .F. ) ;
#3619 = AXIS2_PLACEMENT_3D ( 'NONE', #2287, #4770, #3460 ) ;
#3620 = CARTESIAN_POINT ( 'NONE',  ( -1.579084204366449606E-10, 25.00000000000000000, -2.734971148602371929E-10 ) ) ;
#3621 = CARTESIAN_POINT ( 'NONE',  ( -48.35735175652364148, 13.31418985356964235, 39.63934051828088201 ) ) ;
#3622 = DIRECTION ( 'NONE',  ( -0.5000000000000039968, -6.315870933078224007E-12, 0.8660254037844363761 ) ) ;
#3623 = CARTESIAN_POINT ( 'NONE',  ( -19.63346335942829768, 32.49999999975199216, -11.33538535592773044 ) ) ;
#3624 = VECTOR ( 'NONE', #5060, 1000.000000000000000 ) ;
#3625 = ORIENTED_EDGE ( 'NONE', *, *, #439, .F. ) ;
#3626 = AXIS2_PLACEMENT_3D ( 'NONE', #3762, #107, #4963 ) ;
#3627 = EDGE_CURVE ( 'NONE', #515, #3697, #267, .T. ) ;
#3628 = ORIENTED_EDGE ( 'NONE', *, *, #600, .T. ) ;
#3629 = ORIENTED_EDGE ( 'NONE', *, *, #4340, .F. ) ;
#3630 = CIRCLE ( 'NONE', #2432, 2.000000000000001776 ) ;
#3631 = CARTESIAN_POINT ( 'NONE',  ( 7.794228633687303898, 29.50000000009845635, -4.500000000000008882 ) ) ;
#3632 = DIRECTION ( 'NONE',  ( -0.5000000000000039968, -6.315870933078224007E-12, 0.8660254037844363761 ) ) ;
#3633 = ADVANCED_FACE ( 'NONE', ( #943 ), #5021, .F. ) ;
#3634 = EDGE_CURVE ( 'NONE', #4977, #27, #2573, .T. ) ;
#3635 = CIRCLE ( 'NONE', #4915, 1.999999999999999778 ) ;
#3636 = CARTESIAN_POINT ( 'NONE',  ( -10.24999999999999822, 2.769193323034216725, -82.26215258861977020 ) ) ;
#3637 = CARTESIAN_POINT ( 'NONE',  ( 45.40509457156533557, -7.938346674088998967, 14.49443310886661784 ) ) ;
#3638 = PLANE ( 'NONE',  #4393 ) ;
#3639 = ORIENTED_EDGE ( 'NONE', *, *, #4902, .T. ) ;
#3640 = AXIS2_PLACEMENT_3D ( 'NONE', #913, #883, #4482 ) ;
#3641 = CARTESIAN_POINT ( 'NONE',  ( 29.90121945452180441, 28.22871145960271377, 3.855562759398106110 ) ) ;
#3642 = FACE_OUTER_BOUND ( 'NONE', #581, .T. ) ;
#3643 = FACE_OUTER_BOUND ( 'NONE', #4678, .T. ) ;
#3644 = VECTOR ( 'NONE', #1173, 1000.000000000000000 ) ;
#3645 = VECTOR ( 'NONE', #4534, 1000.000000000000114 ) ;
#3646 = ORIENTED_EDGE ( 'NONE', *, *, #3958, .F. ) ;
#3647 = AXIS2_PLACEMENT_3D ( 'NONE', #973, #217, #5050 ) ;
#3648 = CIRCLE ( 'NONE', #5110, 2.250000000000000000 ) ;
#3649 = CARTESIAN_POINT ( 'NONE',  ( 37.99999999970583531, 23.27268265779111545, 6.928203230275595814 ) ) ;
#3650 = DIRECTION ( 'NONE',  ( 0.000000000000000000, 0.000000000000000000, -1.000000000000000000 ) ) ;
#3651 = CARTESIAN_POINT ( 'NONE',  ( 51.45194750901979575, 9.333567968263137615, 41.42600620928090649 ) ) ;
#3652 = AXIS2_PLACEMENT_3D ( 'NONE', #3709, #57, #1690 ) ;
#3653 = VERTEX_POINT ( 'NONE', #3003 ) ;
#3654 = ORIENTED_EDGE ( 'NONE', *, *, #47, .F. ) ;
#3655 = ORIENTED_EDGE ( 'NONE', *, *, #495, .T. ) ;
#3656 = DIRECTION ( 'NONE',  ( 0.4999999999981787902, -1.734723475976806306E-15, -0.8660254037854903109 ) ) ;
#3657 = ADVANCED_FACE ( 'NONE', ( #4228 ), #3030, .F. ) ;
#3658 = CARTESIAN_POINT ( 'NONE',  ( 0.000000000000000000, 32.50000000000000000, -10.00000000000000000 ) ) ;
#3659 = CARTESIAN_POINT ( 'NONE',  ( 0.000000000000000000, 32.50000000000000000, -12.25000000000000000 ) ) ;
#3660 = CARTESIAN_POINT ( 'NONE',  ( -13.00000000000000000, -1.994556770883506136, -48.78917294929691195 ) ) ;
#3661 = DIRECTION ( 'NONE',  ( 0.4999999999999919509, 1.263193535385778149E-11, 0.8660254037844432595 ) ) ;
#3662 = VERTEX_POINT ( 'NONE', #1001 ) ;
#3663 = ADVANCED_FACE ( 'NONE', ( #2633 ), #4256, .F. ) ;
#3664 = DIRECTION ( 'NONE',  ( -0.000000000000000000, 1.000000000000000000, 0.000000000000000000 ) ) ;
#3665 = PLANE ( 'NONE',  #5273 ) ;
#3666 = DIRECTION ( 'NONE',  ( -0.8660254037844362651, 0.000000000000000000, -0.5000000000000041078 ) ) ;
#3667 = EDGE_CURVE ( 'NONE', #1453, #712, #681, .T. ) ;
#3668 = EDGE_CURVE ( 'NONE', #602, #1415, #4333, .T. ) ;
#3669 = CARTESIAN_POINT ( 'NONE',  ( -19.69872981077800489, 31.93317768707029103, -11.37306695894633002 ) ) ;
#3670 = CARTESIAN_POINT ( 'NONE',  ( 51.97827009213009575, 2.560425559488265446, 14.99856123079106673 ) ) ;
#3671 = DIRECTION ( 'NONE',  ( -0.000000000000000000, -1.000000000000000000, -0.000000000000000000 ) ) ;
#3672 = ORIENTED_EDGE ( 'NONE', *, *, #757, .T. ) ;
#3673 = CARTESIAN_POINT ( 'NONE',  ( -55.51618189916995050, 5.045138690799529257, 32.05228256379172080 ) ) ;
#3674 = ORIENTED_EDGE ( 'NONE', *, *, #4697, .F. ) ;
#3675 = ORIENTED_EDGE ( 'NONE', *, *, #5271, .T. ) ;
#3676 = ORIENTED_EDGE ( 'NONE', *, *, #2581, .T. ) ;
#3677 = CARTESIAN_POINT ( 'NONE',  ( -12.65360864098771465, 30.19586237200455869, 21.91798454290982789 ) ) ;
#3678 = ORIENTED_EDGE ( 'NONE', *, *, #1606, .T. ) ;
#3679 = ORIENTED_EDGE ( 'NONE', *, *, #5180, .T. ) ;
#3680 = DIRECTION ( 'NONE',  ( 0.8660254037844367092, 1.093955173361551780E-11, 0.5000000000000035527 ) ) ;
#3681 = CARTESIAN_POINT ( 'NONE',  ( -61.60194750919705342, 9.333567967484988515, 23.84569051235386183 ) ) ;
#3682 = DIRECTION ( 'NONE',  ( 1.000000000000000000, -0.000000000000000000, -0.000000000000000000 ) ) ;
#3683 = DIRECTION ( 'NONE',  ( -0.4999999999999919509, -1.263193535385778149E-11, -0.8660254037844432595 ) ) ;
#3684 = CARTESIAN_POINT ( 'NONE',  ( -37.02971293366402961, 2.560425558995898854, 36.39022172915787223 ) ) ;
#3685 = DIRECTION ( 'NONE',  ( -0.5000000000036363135, 0.000000000000000000, -0.8660254037823392759 ) ) ;
#3686 = ORIENTED_EDGE ( 'NONE', *, *, #3432, .F. ) ;
#3687 = CARTESIAN_POINT ( 'NONE',  ( 8.660254037471702304, 32.50000000000000000, 8.750000000000039080 ) ) ;
#3688 = EDGE_CURVE ( 'NONE', #932, #602, #2018, .T. ) ;
#3689 = DIRECTION ( 'NONE',  ( -1.000000000000000000, 0.000000000000000000, 0.000000000000000000 ) ) ;
#3690 = CARTESIAN_POINT ( 'NONE',  ( 3.688938126704602638, 31.85409909220639335, 14.83151534288091078 ) ) ;
#3691 = ORIENTED_EDGE ( 'NONE', *, *, #3574, .T. ) ;
#3692 = PLANE ( 'NONE',  #917 ) ;
#3693 = DIRECTION ( 'NONE',  ( -0.9976853269457002238, 0.06799991468561798758, 0.000000000000000000 ) ) ;
#3694 = EDGE_CURVE ( 'NONE', #4797, #5192, #2408, .T. ) ;
#3695 = EDGE_CURVE ( 'NONE', #3592, #2526, #3180, .T. ) ;
#3696 = CARTESIAN_POINT ( 'NONE',  ( 0.000000000000000000, 32.50000000000000000, -10.00000000000000000 ) ) ;
#3697 = VERTEX_POINT ( 'NONE', #4012 ) ;
#3698 = ORIENTED_EDGE ( 'NONE', *, *, #466, .T. ) ;
#3699 = AXIS2_PLACEMENT_3D ( 'NONE', #4209, #137, #3387 ) ;
#3700 = FACE_OUTER_BOUND ( 'NONE', #268, .T. ) ;
#3701 = DIRECTION ( 'NONE',  ( 0.8660254037844341557, 1.093952106031538614E-11, 0.5000000000000079936 ) ) ;
#3702 = AXIS2_PLACEMENT_3D ( 'NONE', #5209, #4874, #4816 ) ;
#3703 = ORIENTED_EDGE ( 'NONE', *, *, #1606, .F. ) ;
#3704 = DIRECTION ( 'NONE',  ( -0.000000000000000000, -0.000000000000000000, -1.000000000000000000 ) ) ;
#3705 = EDGE_LOOP ( 'NONE', ( #1205, #3013, #1882, #3957 ) ) ;
#3706 = ORIENTED_EDGE ( 'NONE', *, *, #2587, .T. ) ;
#3707 = CARTESIAN_POINT ( 'NONE',  ( 46.51267011193701251, 16.28532708129639772, 41.86520960890446474 ) ) ;
#3708 = VECTOR ( 'NONE', #1588, 1000.000000000000000 ) ;
#3709 = CARTESIAN_POINT ( 'NONE',  ( 8.660254037598043908, 19.50000000010939871, 5.000000000000038192 ) ) ;
#3710 = LINE ( 'NONE', #2805, #910 ) ;
#3711 = STYLED_ITEM ( 'NONE', ( #4904 ), #1320 ) ;
#3712 = DIRECTION ( 'NONE',  ( 0.8633557364849446802, 0.07845909573875117782, 0.4984586668665679787 ) ) ;
#3713 = DIRECTION ( 'NONE',  ( 0.8216423276369129169, 0.3160250737565467594, -0.4743754190433617790 ) ) ;
#3714 = ORIENTED_EDGE ( 'NONE', *, *, #1666, .F. ) ;
#3715 = ORIENTED_EDGE ( 'NONE', *, *, #545, .T. ) ;
#3716 = DIRECTION ( 'NONE',  ( -1.000000000000000000, -1.263193535385782834E-11, 1.411115728405974200E-27 ) ) ;
#3717 = AXIS2_PLACEMENT_3D ( 'NONE', #4913, #2771, #4401 ) ;
#3718 = CARTESIAN_POINT ( 'NONE',  ( -4.990241682332217543, 32.50000000020213520, 21.35664786415288674 ) ) ;
#3719 = CIRCLE ( 'NONE', #1427, 1.999999999999998890 ) ;
#3720 = ORIENTED_EDGE ( 'NONE', *, *, #715, .T. ) ;
#3721 = CIRCLE ( 'NONE', #1428, 2.250000000000001776 ) ;
#3722 = ADVANCED_FACE ( 'NONE', ( #2330 ), #5251, .F. ) ;
#3723 = CARTESIAN_POINT ( 'NONE',  ( -19.67704764287254804, 32.31441051630209671, -11.36054875346950332 ) ) ;
#3724 = DIRECTION ( 'NONE',  ( -0.5000000000000039968, -6.315870933078224007E-12, 0.8660254037844363761 ) ) ;
#3725 = AXIS2_PLACEMENT_3D ( 'NONE', #858, #1722, #3666 ) ;
#3726 = AXIS2_PLACEMENT_3D ( 'NONE', #203, #1448, #1826 ) ;
#3727 = DIRECTION ( 'NONE',  ( -0.4999999999999919509, -1.263193535385778149E-11, -0.8660254037844432595 ) ) ;
#3728 = DIRECTION ( 'NONE',  ( -6.315870933078122225E-12, 1.000000000000000000, -1.093963277049189342E-11 ) ) ;
#3729 = ORIENTED_EDGE ( 'NONE', *, *, #2560, .T. ) ;
#3730 = VECTOR ( 'NONE', #5035, 1000.000000000000000 ) ;
#3731 = AXIS2_PLACEMENT_3D ( 'NONE', #5028, #1731, #4154 ) ;
#3732 = EDGE_CURVE ( 'NONE', #4123, #4200, #1964, .T. ) ;
#3733 = CARTESIAN_POINT ( 'NONE',  ( -2.054305424728422338E-10, 32.50000000024801494, 22.67077071078840689 ) ) ;
#3734 = FILL_AREA_STYLE ('',( #3272 ) ) ;
#3735 = AXIS2_PLACEMENT_3D ( 'NONE', #1021, #2650, #2299 ) ;
#3736 = DIRECTION ( 'NONE',  ( -1.000000000000000000, 8.125661806746624109E-18, -1.032463225334366069E-16 ) ) ;
#3737 = ORIENTED_EDGE ( 'NONE', *, *, #3081, .F. ) ;
#3738 = ORIENTED_EDGE ( 'NONE', *, *, #1716, .F. ) ;
#3739 = ORIENTED_EDGE ( 'NONE', *, *, #1460, .F. ) ;
#3740 = DIRECTION ( 'NONE',  ( 0.3443381417307382897, -0.9175556253099240722, -0.1988037188071094530 ) ) ;
#3741 = EDGE_CURVE ( 'NONE', #104, #4811, #4921, .T. ) ;
#3742 = ORIENTED_EDGE ( 'NONE', *, *, #3108, .T. ) ;
#3743 = AXIS2_PLACEMENT_3D ( 'NONE', #2969, #2453, #4971 ) ;
#3744 = CARTESIAN_POINT ( 'NONE',  ( -54.00530936031865537, 4.907835273275797050, 31.17997989677673587 ) ) ;
#3745 = CARTESIAN_POINT ( 'NONE',  ( -4.011040631579643190E-10, 29.50000000000000355, 9.000000000000001776 ) ) ;
#3746 = CARTESIAN_POINT ( 'NONE',  ( 13.00000000000000000, -4.401258172844996430, -91.51215258861975599 ) ) ;
#3747 = DIRECTION ( 'NONE',  ( 1.000000000000000000, -0.000000000000000000, -0.000000000000000000 ) ) ;
#3748 = DIRECTION ( 'NONE',  ( 0.000000000000000000, 0.000000000000000000, 1.000000000000000000 ) ) ;
#3749 = ORIENTED_EDGE ( 'NONE', *, *, #414, .F. ) ;
#3750 = ORIENTED_EDGE ( 'NONE', *, *, #4149, .F. ) ;
#3751 = ORIENTED_EDGE ( 'NONE', *, *, #2225, .F. ) ;
#3752 = DIRECTION ( 'NONE',  ( 0.000000000000000000, 1.117101765387847336E-16, 1.000000000000000000 ) ) ;
#3753 = LINE ( 'NONE', #4924, #2696 ) ;
#3754 = ORIENTED_EDGE ( 'NONE', *, *, #4041, .T. ) ;
#3755 = EDGE_LOOP ( 'NONE', ( #2371, #3130, #2721 ) ) ;
#3756 = DIRECTION ( 'NONE',  ( -0.8660254037844432595, 6.071532165918827986E-15, 0.4999999999999920619 ) ) ;
#3757 = DIRECTION ( 'NONE',  ( 7.216449660063517513E-15, -1.093986406695531284E-11, -1.000000000000000000 ) ) ;
#3758 = DIRECTION ( 'NONE',  ( 0.06794757007086194012, -0.9969173337322696504, 0.03922954786392304771 ) ) ;
#3759 = CARTESIAN_POINT ( 'NONE',  ( -3.157890615668179635E-10, 24.99999999999997513, 72.74613391789306149 ) ) ;
#3760 = EDGE_CURVE ( 'NONE', #2928, #761, #1178, .T. ) ;
#3761 = PLANE ( 'NONE',  #4899 ) ;
#3762 = CARTESIAN_POINT ( 'NONE',  ( 11.00000000000000000, 4.906075848032020126, -91.51215258861977020 ) ) ;
#3763 = DIRECTION ( 'NONE',  ( -0.8660254037844434816, 1.927470528863120528E-16, 0.4999999999999916178 ) ) ;
#3764 = EDGE_CURVE ( 'NONE', #2594, #2933, #5183, .T. ) ;
#3765 = ORIENTED_EDGE ( 'NONE', *, *, #4537, .F. ) ;
#3766 = EDGE_LOOP ( 'NONE', ( #2517, #1311 ) ) ;
#3767 = DIRECTION ( 'NONE',  ( 0.5000000000004347633, 0.000000000000000000, -0.8660254037841875752 ) ) ;
#3768 = ORIENTED_EDGE ( 'NONE', *, *, #1039, .T. ) ;
#3769 = DIRECTION ( 'NONE',  ( 0.000000000000000000, 0.000000000000000000, -1.000000000000000000 ) ) ;
#3770 = EDGE_CURVE ( 'NONE', #1406, #525, #3153, .T. ) ;
#3771 = ADVANCED_FACE ( 'NONE', ( #2729, #1122 ), #4381, .T. ) ;
#3772 = CARTESIAN_POINT ( 'NONE',  ( 0.000000000000000000, 29.50000000000000355, -12.25000000000000000 ) ) ;
#3773 = CARTESIAN_POINT ( 'NONE',  ( -38.97827009217902372, 2.560425558995898854, 37.51522172915785092 ) ) ;
#3774 = ORIENTED_EDGE ( 'NONE', *, *, #926, .F. ) ;
#3775 = ORIENTED_EDGE ( 'NONE', *, *, #3302, .F. ) ;
#3776 = DIRECTION ( 'NONE',  ( -0.000000000000000000, 1.000000000000000000, -0.000000000000000000 ) ) ;
#3777 = ORIENTED_EDGE ( 'NONE', *, *, #3258, .T. ) ;
#3778 = DIRECTION ( 'NONE',  ( 1.000000000000000000, 0.000000000000000000, 0.000000000000000000 ) ) ;
#3779 = LINE ( 'NONE', #2632, #3041 ) ;
#3780 = PLANE ( 'NONE',  #2354 ) ;
#3781 =( BOUNDED_CURVE ( )  B_SPLINE_CURVE ( 3, ( #1879, #1055, #4315, #3896 ),
 .UNSPECIFIED., .F., .F. ) 
 B_SPLINE_CURVE_WITH_KNOTS ( ( 4, 4 ),
 ( 3.141592653589793116, 4.712388980384688786 ),
 .UNSPECIFIED. ) 
 CURVE ( )  GEOMETRIC_REPRESENTATION_ITEM ( )  RATIONAL_B_SPLINE_CURVE ( ( 1.000000000000000000, 0.8047378541243652705, 0.8047378541243652705, 1.000000000000000000 ) ) 
 REPRESENTATION_ITEM ( '' )  );
#3782 = ORIENTED_EDGE ( 'NONE', *, *, #1381, .T. ) ;
#3783 = ORIENTED_EDGE ( 'NONE', *, *, #3137, .F. ) ;
#3784 = CARTESIAN_POINT ( 'NONE',  ( -23.42824572984813614, 31.18069010618489756, -2.657411579404560964 ) ) ;
#3785 = CYLINDRICAL_SURFACE ( 'NONE', #3104, 2.000000000000002220 ) ;
#3786 =( NAMED_UNIT ( * ) PLANE_ANGLE_UNIT ( ) SI_UNIT ( $, .RADIAN. ) );
#3787 = PLANE ( 'NONE',  #5188 ) ;
#3788 = VECTOR ( 'NONE', #3418, 1000.000000000000000 ) ;
#3789 = ORIENTED_EDGE ( 'NONE', *, *, #849, .T. ) ;
#3790 = DIRECTION ( 'NONE',  ( -1.000000000000000000, -0.000000000000000000, -0.000000000000000000 ) ) ;
#3791 = CARTESIAN_POINT ( 'NONE',  ( -3.442203835084020546E-10, 25.00000000000000000, 1.640632127079471539E-11 ) ) ;
#3792 = EDGE_CURVE ( 'NONE', #2395, #5066, #3533, .T. ) ;
#3793 = AXIS2_PLACEMENT_3D ( 'NONE', #3914, #4279, #5105 ) ;
#3794 = SPHERICAL_SURFACE ( 'NONE', #4327, 2.000000000000000000 ) ;
#3795 = FACE_OUTER_BOUND ( 'NONE', #1999, .T. ) ;
#3796 = CARTESIAN_POINT ( 'NONE',  ( 16.42494259596480788, 32.50000000000000711, -14.85221076151022679 ) ) ;
#3797 = CYLINDRICAL_SURFACE ( 'NONE', #3291, 2.250000000000001776 ) ;
#3798 = EDGE_LOOP ( 'NONE', ( #3218, #5047, #965, #3092 ) ) ;
#3799 = AXIS2_PLACEMENT_3D ( 'NONE', #3253, #5083, #4637 ) ;
#3800 = EDGE_CURVE ( 'NONE', #3480, #1809, #326, .T. ) ;
#3801 = ADVANCED_FACE ( 'NONE', ( #4845 ), #2809, .F. ) ;
#3802 = VECTOR ( 'NONE', #1532, 1000.000000000000000 ) ;
#3803 = DIRECTION ( 'NONE',  ( -0.4999999999999919509, -1.263193535385778149E-11, -0.8660254037844432595 ) ) ;
#3804 = ORIENTED_EDGE ( 'NONE', *, *, #1376, .T. ) ;
#3805 = EDGE_CURVE ( 'NONE', #4182, #2790, #3290, .T. ) ;
#3806 = CARTESIAN_POINT ( 'NONE',  ( -4.105380888472312570E-10, 32.50000000000000000, 22.67077071114423248 ) ) ;
#3807 = DIRECTION ( 'NONE',  ( -1.263193535385782996E-11, 1.000000000000000000, -1.117101765387847829E-16 ) ) ;
#3808 = VECTOR ( 'NONE', #784, 1000.000000000000114 ) ;
#3809 = CIRCLE ( 'NONE', #1676, 2.250000000000000444 ) ;
#3810 = ORIENTED_EDGE ( 'NONE', *, *, #3800, .F. ) ;
#3811 = ORIENTED_EDGE ( 'NONE', *, *, #4847, .F. ) ;
#3812 = VECTOR ( 'NONE', #312, 999.9999999999998863 ) ;
#3813 = VECTOR ( 'NONE', #2398, 1000.000000000000114 ) ;
#3814 = DIRECTION ( 'NONE',  ( 0.000000000000000000, 0.000000000000000000, 1.000000000000000000 ) ) ;
#3815 = LINE ( 'NONE', #4235, #660 ) ;
#3816 = CARTESIAN_POINT ( 'NONE',  ( 2.755455298081544778E-16, 29.50000000000000355, -7.750000000000000000 ) ) ;
#3817 = DIRECTION ( 'NONE',  ( 0.4999999999967258968, 0.000000000000000000, -0.8660254037863289733 ) ) ;
#3818 = AXIS2_PLACEMENT_3D ( 'NONE', #430, #2053, #4127 ) ;
#3819 = AXIS2_PLACEMENT_3D ( 'NONE', #2089, #3727, #1669 ) ;
#3820 = ORIENTED_EDGE ( 'NONE', *, *, #12, .T. ) ;
#3821 = ORIENTED_EDGE ( 'NONE', *, *, #2848, .F. ) ;
#3822 = ORIENTED_EDGE ( 'NONE', *, *, #1025, .T. ) ;
#3823 = DIRECTION ( 'NONE',  ( -0.5000000000036379788, 0.000000000000000000, -0.8660254037823382767 ) ) ;
#3824 = AXIS2_PLACEMENT_3D ( 'NONE', #2209, #3843, #3085 ) ;
#3825 = CIRCLE ( 'NONE', #3465, 4.000000000000000000 ) ;
#3826 = CARTESIAN_POINT ( 'NONE',  ( 51.80111468961810317, 4.809761404284548902, 32.50546372176240340 ) ) ;
#3827 = CARTESIAN_POINT ( 'NONE',  ( -16.00027874927964078, 32.50000000000002842, -15.00000000000000000 ) ) ;
#3828 = CARTESIAN_POINT ( 'NONE',  ( -50.58522899033376063, -7.467592100423686041, 17.48518511014701105 ) ) ;
#3829 = VECTOR ( 'NONE', #3609, 999.9999999999998863 ) ;
#3830 = CARTESIAN_POINT ( 'NONE',  ( 22.57108518829340937, 26.69956777418059346, 25.73312803169471863 ) ) ;
#3831 = ORIENTED_EDGE ( 'NONE', *, *, #3190, .T. ) ;
#3832 = ORIENTED_EDGE ( 'NONE', *, *, #4252, .F. ) ;
#3833 = DIRECTION ( 'NONE',  ( -0.4999999999999919509, -1.263193535385778149E-11, -0.8660254037844432595 ) ) ;
#3834 = ADVANCED_FACE ( 'NONE', ( #1509 ), #4765, .T. ) ;
#3835 = EDGE_LOOP ( 'NONE', ( #3842, #4920, #4976, #2947, #3739, #3417, #2895, #4675 ) ) ;
#3836 = CARTESIAN_POINT ( 'NONE',  ( -4.011040631579643190E-10, 29.50000000000000355, 9.000000000000001776 ) ) ;
#3837 = CARTESIAN_POINT ( 'NONE',  ( 28.36836442346197984, -1.952349822847191385, 4.658272371791682076 ) ) ;
#3838 = DIRECTION ( 'NONE',  ( -0.9976853269457002238, 0.06799991468561798758, 0.000000000000000000 ) ) ;
#3839 = EDGE_CURVE ( 'NONE', #550, #2790, #68, .T. ) ;
#3840 = EDGE_CURVE ( 'NONE', #3612, #2780, #4824, .T. ) ;
#3841 = ORIENTED_EDGE ( 'NONE', *, *, #273, .F. ) ;
#3842 = ORIENTED_EDGE ( 'NONE', *, *, #1752, .F. ) ;
#3843 = DIRECTION ( 'NONE',  ( 0.5000000000000041078, -6.316064420779610796E-12, -0.8660254037844363761 ) ) ;
#3844 = CARTESIAN_POINT ( 'NONE',  ( -10.60881119653153881, 24.99999999999999645, 6.124999999701794984 ) ) ;
#3845 = CARTESIAN_POINT ( 'NONE',  ( -10.60881119648259130, 19.50000000000000355, 6.124999999786578719 ) ) ;
#3846 = EDGE_LOOP ( 'NONE', ( #924, #4019, #596, #3217, #2495, #4723 ) ) ;
#3847 = DIRECTION ( 'NONE',  ( 0.4999999999999919509, 1.263194347951959125E-11, 0.8660254037844434816 ) ) ;
#3848 = ORIENTED_EDGE ( 'NONE', *, *, #3525, .T. ) ;
#3849 = DIRECTION ( 'NONE',  ( 0.000000000000000000, 1.000000000000000000, 0.000000000000000000 ) ) ;
#3850 = DIRECTION ( 'NONE',  ( -0.8660254037844363761, -1.093952106031535868E-11, -0.5000000000000041078 ) ) ;
#3851 = FACE_BOUND ( 'NONE', #2214, .T. ) ;
#3852 = ORIENTED_EDGE ( 'NONE', *, *, #2918, .T. ) ;
#3853 = ORIENTED_EDGE ( 'NONE', *, *, #3732, .F. ) ;
#3854 = ORIENTED_EDGE ( 'NONE', *, *, #4911, .F. ) ;
#3855 = LINE ( 'NONE', #939, #1781 ) ;
#3856 = EDGE_CURVE ( 'NONE', #4594, #4470, #3553, .T. ) ;
#3857 = DIRECTION ( 'NONE',  ( -1.263193535385782996E-11, 1.000000000000000000, -1.117101765387847829E-16 ) ) ;
#3858 = CARTESIAN_POINT ( 'NONE',  ( -4.058115088750309788E-10, 32.12545848942401960, 22.74613391789305084 ) ) ;
#3859 = DIRECTION ( 'NONE',  ( 4.406789489600479874E-15, 0.000000000000000000, -1.000000000000000000 ) ) ;
#3860 = ORIENTED_EDGE ( 'NONE', *, *, #4513, .T. ) ;
#3861 = ADVANCED_FACE ( 'NONE', ( #4566 ), #3341, .T. ) ;
#3862 = CYLINDRICAL_SURFACE ( 'NONE', #2627, 2.000000000000000888 ) ;
#3863 = EDGE_CURVE ( 'NONE', #2749, #52, #1430, .T. ) ;
#3864 = CARTESIAN_POINT ( 'NONE',  ( 13.23361415664202667, 19.38824394137694185, -27.95020628913014349 ) ) ;
#3865 = SURFACE_SIDE_STYLE ('',( #3415 ) ) ;
#3866 =( LENGTH_UNIT ( ) NAMED_UNIT ( * ) SI_UNIT ( .MILLI., .METRE. ) );
#3867 = CARTESIAN_POINT ( 'NONE',  ( -7.794228634059956029, 0.000000000000000000, -4.499999999999983125 ) ) ;
#3868 = CYLINDRICAL_SURFACE ( 'NONE', #1341, 2.000000000000000444 ) ;
#3869 = AXIS2_PLACEMENT_3D ( 'NONE', #3110, #3088, #2611 ) ;
#3870 = CARTESIAN_POINT ( 'NONE',  ( 18.30735799115621987, 32.50000000000000000, -13.12121063048117087 ) ) ;
#3871 = DIRECTION ( 'NONE',  ( 0.7946264809087304481, -0.3976074376242628161, 0.4587778126549658109 ) ) ;
#3872 = ORIENTED_EDGE ( 'NONE', *, *, #1915, .F. ) ;
#3873 = CARTESIAN_POINT ( 'NONE',  ( 9.412736928663456126, 31.18069010647355910, 21.61816175753781621 ) ) ;
#3874 = ORIENTED_EDGE ( 'NONE', *, *, #4526, .T. ) ;
#3875 = ORIENTED_EDGE ( 'NONE', *, *, #122, .T. ) ;
#3876 = CYLINDRICAL_SURFACE ( 'NONE', #3986, 2.250000000000001776 ) ;
#3877 = DIRECTION ( 'NONE',  ( -0.4999999999999919509, -1.263194347951959125E-11, -0.8660254037844434816 ) ) ;
#3878 = CIRCLE ( 'NONE', #300, 20.00000000000000711 ) ;
#3879 = AXIS2_PLACEMENT_3D ( 'NONE', #5069, #4708, #3530 ) ;
#3880 = CYLINDRICAL_SURFACE ( 'NONE', #3879, 2.000000000000003109 ) ;
#3881 = CARTESIAN_POINT ( 'NONE',  ( -4.081935446399510130E-10, 32.31441051630204697, 22.72109750694659880 ) ) ;
#3882 = CARTESIAN_POINT ( 'NONE',  ( 8.660254037471702304, 32.50000000000000000, 8.750000000000039080 ) ) ;
#3883 = EDGE_CURVE ( 'NONE', #1721, #2147, #1398, .T. ) ;
#3884 = EDGE_LOOP ( 'NONE', ( #1272, #400, #3096, #2890 ) ) ;
#3885 = ORIENTED_EDGE ( 'NONE', *, *, #3863, .T. ) ;
#3886 = DIRECTION ( 'NONE',  ( -0.4999999999999919509, -1.263194347951959125E-11, -0.8660254037844434816 ) ) ;
#3887 = VECTOR ( 'NONE', #4004, 1000.000000000000000 ) ;
#3888 = CARTESIAN_POINT ( 'NONE',  ( -2.051856948237507083E-10, 32.49999999987684163, -11.25833024955325889 ) ) ;
#3889 = EDGE_CURVE ( 'NONE', #4025, #2956, #4515, .T. ) ;
#3890 = AXIS2_PLACEMENT_3D ( 'NONE', #4271, #964, #552 ) ;
#3891 = DIRECTION ( 'NONE',  ( 0.7137142152635537196, 0.5664062369338506153, 0.4120630943110103472 ) ) ;
#3892 = VECTOR ( 'NONE', #190, 1000.000000000000227 ) ;
#3893 = ORIENTED_EDGE ( 'NONE', *, *, #1306, .F. ) ;
#3894 = CARTESIAN_POINT ( 'NONE',  ( 8.660254037471723620, 29.50000000000000355, 5.000000000000037303 ) ) ;
#3895 = AXIS2_PLACEMENT_3D ( 'NONE', #4844, #4455, #803 ) ;
#3896 = CARTESIAN_POINT ( 'NONE',  ( -10.24999999999999822, 14.00912609288550215, -70.51215258861975599 ) ) ;
#3897 = ADVANCED_FACE ( 'NONE', ( #4168 ), #2012, .F. ) ;
#3898 = ORIENTED_EDGE ( 'NONE', *, *, #3597, .F. ) ;
#3899 = CARTESIAN_POINT ( 'NONE',  ( 17.58878160883625341, 19.38824394159912146, 25.43574918809853713 ) ) ;
#3900 = EDGE_LOOP ( 'NONE', ( #1889, #2036, #3042, #3329 ) ) ;
#3901 = VERTEX_POINT ( 'NONE', #4086 ) ;
#3902 = FACE_BOUND ( 'NONE', #1644, .T. ) ;
#3903 = VECTOR ( 'NONE', #1990, 999.9999999999998863 ) ;
#3904 = AXIS2_PLACEMENT_3D ( 'NONE', #4093, #446, #4692 ) ;
#3905 = DIRECTION ( 'NONE',  ( -0.000000000000000000, -1.000000000000000000, -0.000000000000000000 ) ) ;
#3906 = DIRECTION ( 'NONE',  ( -1.263193535385782996E-11, 1.000000000000000000, -1.117101765387847829E-16 ) ) ;
#3907 = CARTESIAN_POINT ( 'NONE',  ( -11.00000000000000000, 33.75160076831943456, -11.24252195001723464 ) ) ;
#3908 = VECTOR ( 'NONE', #5113, 1000.000000000000000 ) ;
#3909 = ORIENTED_EDGE ( 'NONE', *, *, #252, .F. ) ;
#3910 = LINE ( 'NONE', #680, #3961 ) ;
#3911 = LINE ( 'NONE', #214, #1082 ) ;
#3912 = ORIENTED_EDGE ( 'NONE', *, *, #3080, .T. ) ;
#3913 = CARTESIAN_POINT ( 'NONE',  ( -12.99999999999999645, 23.27268265731109409, -36.37306695894624653 ) ) ;
#3914 = CARTESIAN_POINT ( 'NONE',  ( 61.60194750901987959, 9.333567968391351499, 23.84569051245684435 ) ) ;
#3915 = CARTESIAN_POINT ( 'NONE',  ( -26.54737148437110861, 25.17018433360970064, 28.02883799458287939 ) ) ;
#3916 = DIRECTION ( 'NONE',  ( 0.000000000000000000, 0.000000000000000000, -1.000000000000000000 ) ) ;
#3917 = DIRECTION ( 'NONE',  ( -5.551115123125781470E-17, -3.508827503889022061E-16, 1.000000000000000000 ) ) ;
#3918 = ADVANCED_FACE ( 'NONE', ( #3643 ), #5287, .T. ) ;
#3919 = LINE ( 'NONE', #1899, #489 ) ;
#3920 = CARTESIAN_POINT ( 'NONE',  ( -13.00000000000000000, 2.560425558831677773, -54.76378295997704981 ) ) ;
#3921 = VERTEX_POINT ( 'NONE', #2920 ) ;
#3922 = CARTESIAN_POINT ( 'NONE',  ( 29.79336442346199476, -1.952349822829190895, 2.190099971006036927 ) ) ;
#3923 = VERTEX_POINT ( 'NONE', #2083 ) ;
#3924 = CARTESIAN_POINT ( 'NONE',  ( -11.04422863405992317, 32.50000000000000000, 1.129165124598808356 ) ) ;
#3925 = LINE ( 'NONE', #4704, #4065 ) ;
#3926 = EDGE_CURVE ( 'NONE', #2295, #2241, #3118, .T. ) ;
#3927 = ADVANCED_FACE ( 'NONE', ( #2487 ), #1204, .F. ) ;
#3928 = CARTESIAN_POINT ( 'NONE',  ( -38.97827009217902372, 2.560425558995898854, 37.51522172915785092 ) ) ;
#3929 = ORIENTED_EDGE ( 'NONE', *, *, #4946, .T. ) ;
#3930 = CARTESIAN_POINT ( 'NONE',  ( 34.83515596624083344, 3.690609072643867616, 31.83229713894832003 ) ) ;
#3931 = DIRECTION ( 'NONE',  ( -0.8660254037844433705, 1.084202172485504681E-16, 0.4999999999999918399 ) ) ;
#3932 = VERTEX_POINT ( 'NONE', #1230 ) ;
#3933 = VERTEX_POINT ( 'NONE', #1664 ) ;
#3934 = CARTESIAN_POINT ( 'NONE',  ( 8.660254037528568816, 25.00000000010939161, 5.000000000000038192 ) ) ;
#3935 = DIRECTION ( 'NONE',  ( 0.000000000000000000, 0.000000000000000000, 1.000000000000000000 ) ) ;
#3936 = LINE ( 'NONE', #2413, #2689 ) ;
#3937 = FACE_OUTER_BOUND ( 'NONE', #1275, .T. ) ;
#3938 = CARTESIAN_POINT ( 'NONE',  ( -63.00000000015790391, 24.99999999920416016, -36.37306695922029576 ) ) ;
#3939 = VERTEX_POINT ( 'NONE', #4535 ) ;
#3940 = CARTESIAN_POINT ( 'NONE',  ( 40.43522899047493269, -7.467592099784698512, 35.06550080689009263 ) ) ;
#3941 = EDGE_LOOP ( 'NONE', ( #4432, #4501, #5090, #3738 ) ) ;
#3942 = EDGE_CURVE ( 'NONE', #4396, #1401, #3753, .T. ) ;
#3943 = DIRECTION ( 'NONE',  ( 0.5000000000000041078, 6.315870933078223199E-12, -0.8660254037844363761 ) ) ;
#3944 = CARTESIAN_POINT ( 'NONE',  ( -9.499999999999994671, -6.113020296280467392, -69.76215258861975599 ) ) ;
#3945 = DIRECTION ( 'NONE',  ( -0.5000000000000039968, -6.315870933078223199E-12, 0.8660254037844363761 ) ) ;
#3946 = DIRECTION ( 'NONE',  ( -1.000000000000000000, -1.263193535385783157E-11, -4.385380947269366757E-15 ) ) ;
#3947 = LINE ( 'NONE', #2779, #2019 ) ;
#3948 = ORIENTED_EDGE ( 'NONE', *, *, #4711, .F. ) ;
#3949 = AXIS2_PLACEMENT_3D ( 'NONE', #3438, #3847, #597 ) ;
#3950 = EDGE_CURVE ( 'NONE', #5226, #1182, #1803, .T. ) ;
#3951 = EDGE_CURVE ( 'NONE', #192, #2501, #4747, .T. ) ;
#3952 = DIRECTION ( 'NONE',  ( 0.8660254037844363761, 0.000000000000000000, -0.5000000000000039968 ) ) ;
#3953 = LINE ( 'NONE', #2386, #3554 ) ;
#3954 = VECTOR ( 'NONE', #4453, 1000.000000000000000 ) ;
#3955 = CARTESIAN_POINT ( 'NONE',  ( -10.24999999999999467, -4.524084792137270661, -89.95149241683994035 ) ) ;
#3956 = CARTESIAN_POINT ( 'NONE',  ( -13.00000000000000000, 2.421922163168672260, -45.75381107385768331 ) ) ;
#3957 = ORIENTED_EDGE ( 'NONE', *, *, #4683, .F. ) ;
#3958 = EDGE_CURVE ( 'NONE', #2175, #2406, #5124, .T. ) ;
#3959 = EDGE_LOOP ( 'NONE', ( #1955, #3117, #1760, #2648 ) ) ;
#3960 = ORIENTED_EDGE ( 'NONE', *, *, #3569, .F. ) ;
#3961 = VECTOR ( 'NONE', #1042, 1000.000000000000000 ) ;
#3962 = DIRECTION ( 'NONE',  ( -1.263193535385783157E-11, 1.000000000000000000, 3.508827503883641043E-16 ) ) ;
#3963 = CARTESIAN_POINT ( 'NONE',  ( -25.00000000009902479, 15.66018860893940712, 29.44486372849927491 ) ) ;
#3964 = CARTESIAN_POINT ( 'NONE',  ( -9.499999999999994671, -4.499635306375767918, -90.26215258861975599 ) ) ;
#3965 = DIRECTION ( 'NONE',  ( 0.4999999999999999445, 0.000000000000000000, -0.8660254037844387076 ) ) ;
#3966 = VERTEX_POINT ( 'NONE', #579 ) ;
#3967 = VECTOR ( 'NONE', #2823, 1000.000000000000114 ) ;
#3968 = ORIENTED_EDGE ( 'NONE', *, *, #1850, .T. ) ;
#3969 = AXIS2_PLACEMENT_3D ( 'NONE', #1726, #3346, #4986 ) ;
#3970 = ORIENTED_EDGE ( 'NONE', *, *, #3464, .F. ) ;
#3971 = DIRECTION ( 'NONE',  ( 0.8660254037844432595, 0.000000000000000000, -0.4999999999999920064 ) ) ;
#3972 = ORIENTED_EDGE ( 'NONE', *, *, #188, .T. ) ;
#3973 = DIRECTION ( 'NONE',  ( -1.263193535385782996E-11, 1.000000000000000000, -1.117101765387847829E-16 ) ) ;
#3974 = AXIS2_PLACEMENT_3D ( 'NONE', #835, #1699, #3316 ) ;
#3975 = VECTOR ( 'NONE', #1260, 999.9999999999998863 ) ;
#3976 = DIRECTION ( 'NONE',  ( 0.000000000000000000, 0.000000000000000000, -1.000000000000000000 ) ) ;
#3977 = ADVANCED_FACE ( 'NONE', ( #4649 ), #2626, .F. ) ;
#3978 = CARTESIAN_POINT ( 'NONE',  ( -10.14999999999999325, 13.31418985344142314, -61.69836534002987349 ) ) ;
#3979 = DIRECTION ( 'NONE',  ( -0.000000000000000000, -1.000000000000000000, -0.000000000000000000 ) ) ;
#3980 = LINE ( 'NONE', #1907, #3644 ) ;
#3981 = DIRECTION ( 'NONE',  ( -0.4999999999999919509, -1.263193535385778149E-11, -0.8660254037844432595 ) ) ;
#3982 = VECTOR ( 'NONE', #1718, 1000.000000000000000 ) ;
#3983 = ORIENTED_EDGE ( 'NONE', *, *, #3018, .F. ) ;
#3984 = AXIS2_PLACEMENT_3D ( 'NONE', #1970, #2733, #708 ) ;
#3985 = CARTESIAN_POINT ( 'NONE',  ( 12.99999999999999645, 23.27268265731089514, -36.37306695894682917 ) ) ;
#3986 = AXIS2_PLACEMENT_3D ( 'NONE', #527, #4324, #4761 ) ;
#3987 = ADVANCED_FACE ( 'NONE', ( #2199 ), #2246, .T. ) ;
#3988 = CARTESIAN_POINT ( 'NONE',  ( -13.00000000000000000, -11.53199209449697094, -0.9075874609249293679 ) ) ;
#3989 = EDGE_LOOP ( 'NONE', ( #1646, #574, #2641, #4779 ) ) ;
#3990 = ORIENTED_EDGE ( 'NONE', *, *, #2327, .T. ) ;
#3991 = VECTOR ( 'NONE', #4801, 1000.000000000000227 ) ;
#3992 = CARTESIAN_POINT ( 'NONE',  ( -15.69753160456451369, 30.97451631449478882, -19.57971232439664888 ) ) ;
#3993 = DIRECTION ( 'NONE',  ( -0.5000000000000039968, -6.315870933078223199E-12, 0.8660254037844363761 ) ) ;
#3994 = CARTESIAN_POINT ( 'NONE',  ( -19.67704764308306764, 32.31441051605348491, -11.36054875382689566 ) ) ;
#3995 = EDGE_CURVE ( 'NONE', #2009, #1240, #995, .T. ) ;
#3996 = EDGE_CURVE ( 'NONE', #2027, #260, #1333, .T. ) ;
#3997 = FACE_OUTER_BOUND ( 'NONE', #5221, .T. ) ;
#3998 = ORIENTED_EDGE ( 'NONE', *, *, #3414, .T. ) ;
#3999 = CARTESIAN_POINT ( 'NONE',  ( 20.00900268224653900, 32.50000000025274716, -10.52522222231223914 ) ) ;
#4000 = ORIENTED_EDGE ( 'NONE', *, *, #2808, .T. ) ;
#4001 = LINE ( 'NONE', #1527, #2527 ) ;
#4002 = ORIENTED_EDGE ( 'NONE', *, *, #1636, .F. ) ;
#4003 = ORIENTED_EDGE ( 'NONE', *, *, #3474, .F. ) ;
#4004 = DIRECTION ( 'NONE',  ( -0.000000000000000000, -1.000000000000000000, -0.000000000000000000 ) ) ;
#4005 = CARTESIAN_POINT ( 'NONE',  ( 10.24999999999999822, 2.769193323034216725, -77.76215258861977020 ) ) ;
#4006 = FACE_OUTER_BOUND ( 'NONE', #3705, .T. ) ;
#4007 = CARTESIAN_POINT ( 'NONE',  ( -40.40327009217899956, 2.560425558959898318, 35.04704932837218934 ) ) ;
#4008 = CYLINDRICAL_SURFACE ( 'NONE', #2791, 2.249999999999998224 ) ;
#4009 = CARTESIAN_POINT ( 'NONE',  ( -8.660254038030752000, 32.50000000000000000, 4.999999999677200435 ) ) ;
#4010 = ORIENTED_EDGE ( 'NONE', *, *, #115, .F. ) ;
#4011 = LINE ( 'NONE', #701, #45 ) ;
#4012 = CARTESIAN_POINT ( 'NONE',  ( 10.60881119599381073, 29.50000000013401191, 6.124999999987739585 ) ) ;
#4013 = ORIENTED_EDGE ( 'NONE', *, *, #3100, .F. ) ;
#4014 = EDGE_CURVE ( 'NONE', #1548, #2613, #4307, .T. ) ;
#4015 = LINE ( 'NONE', #3620, #2025 ) ;
#4016 = FACE_OUTER_BOUND ( 'NONE', #836, .T. ) ;
#4017 = CARTESIAN_POINT ( 'NONE',  ( -19.63346335942829768, 32.49999999975199216, -11.33538535592773044 ) ) ;
#4018 = CARTESIAN_POINT ( 'NONE',  ( 7.794228633687333208, 29.50000000009845635, -4.499999999999992006 ) ) ;
#4019 = ORIENTED_EDGE ( 'NONE', *, *, #3883, .T. ) ;
#4020 = EDGE_CURVE ( 'NONE', #2526, #932, #2444, .T. ) ;
#4021 = EDGE_CURVE ( 'NONE', #476, #3377, #5011, .T. ) ;
#4022 = B_SPLINE_CURVE_WITH_KNOTS ( 'NONE', 3,
 ( #3516, #1087, #5158, #4796, #1133, #1570, #1976, #2765, #4395, #743, #2374, #3999, #3599, #4751 ),
 .UNSPECIFIED., .F., .F.,
 ( 4, 2, 2, 2, 2, 2, 4 ),
 ( 8.673617379884035472E-19, 0.0003363531214915907236, 0.0006727062429831805798, 0.001345412485966360292, 0.002690824971932718416, 0.004036237457899076973, 0.005381649943865435964 ),
 .UNSPECIFIED. ) ;
#4023 = LINE ( 'NONE', #3112, #2263 ) ;
#4024 = VERTEX_POINT ( 'NONE', #604 ) ;
#4025 = VERTEX_POINT ( 'NONE', #2651 ) ;
#4026 = FACE_BOUND ( 'NONE', #5236, .T. ) ;
#4027 = CARTESIAN_POINT ( 'NONE',  ( -6.711696879501544366, 24.99999999999999645, 3.874999999701832287 ) ) ;
#4028 = DIRECTION ( 'NONE',  ( -0.8660254037844363761, -1.093998365324228636E-11, -0.5000000000000041078 ) ) ;
#4029 = DIRECTION ( 'NONE',  ( -0.9976853269444136973, -0.06799991470449355535, 0.000000000000000000 ) ) ;
#4030 = PLANE ( 'NONE',  #482 ) ;
#4031 = CARTESIAN_POINT ( 'NONE',  ( 36.69174371693976866, 16.39876268345643240, 6.146054049791963791 ) ) ;
#4032 = ORIENTED_EDGE ( 'NONE', *, *, #1737, .F. ) ;
#4033 = CARTESIAN_POINT ( 'NONE',  ( 19.61590627746872073, 33.66163071491335046, -11.51262445345613017 ) ) ;
#4034 = DIRECTION ( 'NONE',  ( 0.000000000000000000, -0.9969173337331278528, -0.07845909572784590114 ) ) ;
#4035 = ORIENTED_EDGE ( 'NONE', *, *, #1077, .T. ) ;
#4036 = AXIS2_PLACEMENT_3D ( 'NONE', #4599, #861, #888 ) ;
#4037 = DIRECTION ( 'NONE',  ( -0.8633557364864381523, 0.07845909572784601216, 0.4984586668656976194 ) ) ;
#4038 = DIRECTION ( 'NONE',  ( 0.000000000000000000, 0.07845909572784590114, -0.9969173337331278528 ) ) ;
#4039 = LINE ( 'NONE', #4460, #3558 ) ;
#4040 = CARTESIAN_POINT ( 'NONE',  ( -2.018471580378519468E-10, 31.93317768731912665, 22.74613391754340697 ) ) ;
#4041 = EDGE_CURVE ( 'NONE', #2303, #3296, #3855, .T. ) ;
#4042 = ORIENTED_EDGE ( 'NONE', *, *, #4175, .F. ) ;
#4043 = AXIS2_PLACEMENT_3D ( 'NONE', #1632, #4888, #796 ) ;
#4044 = EDGE_CURVE ( 'NONE', #4463, #3072, #1078, .T. ) ;
#4045 = ORIENTED_EDGE ( 'NONE', *, *, #4413, .T. ) ;
#4046 = EDGE_LOOP ( 'NONE', ( #23, #1941, #4826, #5205 ) ) ;
#4047 = DIRECTION ( 'NONE',  ( -0.06794757007086250911, 0.9969173337322696504, -0.03922954786392338078 ) ) ;
#4048 = VECTOR ( 'NONE', #3478, 1000.000000000000000 ) ;
#4049 = DIRECTION ( 'NONE',  ( 0.5000000000000039968, 6.315870933078223199E-12, -0.8660254037844363761 ) ) ;
#4050 = DIRECTION ( 'NONE',  ( -1.000000000000000000, 0.000000000000000000, 0.000000000000000000 ) ) ;
#4051 = VECTOR ( 'NONE', #923, 1000.000000000000000 ) ;
#4052 = VECTOR ( 'NONE', #3519, 1000.000000000000000 ) ;
#4053 = ADVANCED_FACE ( 'NONE', ( #1860 ), #1832, .F. ) ;
#4054 = LINE ( 'NONE', #1554, #1499 ) ;
#4055 = CARTESIAN_POINT ( 'NONE',  ( 12.99999999999999822, 15.92795904959020525, -35.87538709405770021 ) ) ;
#4056 = ORIENTED_EDGE ( 'NONE', *, *, #912, .F. ) ;
#4057 = AXIS2_PLACEMENT_3D ( 'NONE', #2058, #1618, #3238 ) ;
#4058 = CARTESIAN_POINT ( 'NONE',  ( 7.794228634074159778, 32.50001200000000523, -4.499999999975388576 ) ) ;
#4059 = AXIS2_PLACEMENT_3D ( 'NONE', #1353, #628, #1790 ) ;
#4060 = CARTESIAN_POINT ( 'NONE',  ( -10.14999999999999503, 12.00000000000000178, -44.99999999999998579 ) ) ;
#4061 = CARTESIAN_POINT ( 'NONE',  ( -4.649330157186748025, 32.50000000020748558, 21.65084555663027643 ) ) ;
#4062 = CIRCLE ( 'NONE', #3122, 2.250000000000001776 ) ;
#4063 = EDGE_LOOP ( 'NONE', ( #2056, #2315, #724, #3079, #2975, #526, #2268, #2750 ) ) ;
#4064 = B_SPLINE_CURVE_WITH_KNOTS ( 'NONE', 3,
 ( #1093, #647, #279, #4171 ),
 .UNSPECIFIED., .F., .F.,
 ( 4, 4 ),
 ( 8.673617379884035472E-19, 0.001693748359486775979 ),
 .UNSPECIFIED. ) ;
#4065 = VECTOR ( 'NONE', #624, 1000.000000000000000 ) ;
#4066 = CARTESIAN_POINT ( 'NONE',  ( 48.35735175627081617, 13.31418985405227140, 39.63934051842722539 ) ) ;
#4067 = DIRECTION ( 'NONE',  ( 1.000000000000000000, 0.000000000000000000, 0.000000000000000000 ) ) ;
#4068 = CARTESIAN_POINT ( 'NONE',  ( 54.39118189907294010, 5.045138691500802075, 34.00083972236211594 ) ) ;
#4069 = ORIENTED_EDGE ( 'NONE', *, *, #1039, .F. ) ;
#4070 = CARTESIAN_POINT ( 'NONE',  ( 46.12396270988387670, 2.421922163751307977, 11.61857528773135506 ) ) ;
#4071 = ORIENTED_EDGE ( 'NONE', *, *, #4433, .F. ) ;
#4072 = ORIENTED_EDGE ( 'NONE', *, *, #2625, .F. ) ;
#4073 = ORIENTED_EDGE ( 'NONE', *, *, #849, .F. ) ;
#4074 = CARTESIAN_POINT ( 'NONE',  ( -19.93558892780094283, 27.71324838936717327, 24.21152355568680292 ) ) ;
#4075 = ORIENTED_EDGE ( 'NONE', *, *, #2127, .T. ) ;
#4076 = EDGE_CURVE ( 'NONE', #10, #449, #243, .T. ) ;
#4077 = LINE ( 'NONE', #3357, #2974 ) ;
#4078 = DIRECTION ( 'NONE',  ( -0.000000000000000000, -1.000000000000000000, -0.000000000000000000 ) ) ;
#4079 = CYLINDRICAL_SURFACE ( 'NONE', #3818, 3.750000000000000000 ) ;
#4080 = VERTEX_POINT ( 'NONE', #4705 ) ;
#4081 = DIRECTION ( 'NONE',  ( -0.8216423276428942435, 0.3160250737461678949, -0.4743754190399160353 ) ) ;
#4082 = LINE ( 'NONE', #3687, #3954 ) ;
#4083 = ADVANCED_FACE ( 'NONE', ( #2668 ), #1343, .F. ) ;
#4084 = EDGE_CURVE ( 'NONE', #2129, #4470, #2478, .T. ) ;
#4085 = CARTESIAN_POINT ( 'NONE',  ( 33.89614317014801514, 12.00000000042817661, 31.29015784841220693 ) ) ;
#4086 = CARTESIAN_POINT ( 'NONE',  ( -13.02323291842154696, 16.39876268299294182, -34.84900919309321665 ) ) ;
#4087 = EDGE_LOOP ( 'NONE', ( #693, #1592, #1041, #3351 ) ) ;
#4088 = CARTESIAN_POINT ( 'NONE',  ( -0.5729576039543744503, 8.406354580158350132, -0.3307972268159976026 ) ) ;
#4089 = CARTESIAN_POINT ( 'NONE',  ( 34.09755359395454377, 7.430480829895317996, -90.26215258861975599 ) ) ;
#4090 = CARTESIAN_POINT ( 'NONE',  ( -58.50735175652348374, 13.31418985331321636, 22.05902482145668131 ) ) ;
#4091 = ORIENTED_EDGE ( 'NONE', *, *, #1549, .T. ) ;
#4092 = LINE ( 'NONE', #866, #1319 ) ;
#4093 = CARTESIAN_POINT ( 'NONE',  ( 0.000000000000000000, 24.99999999999999645, -10.00000000000000000 ) ) ;
#4094 = ORIENTED_EDGE ( 'NONE', *, *, #1674, .F. ) ;
#4095 = ORIENTED_EDGE ( 'NONE', *, *, #611, .F. ) ;
#4096 = DIRECTION ( 'NONE',  ( -1.000000000000000000, 0.000000000000000000, 0.000000000000000000 ) ) ;
#4097 = CARTESIAN_POINT ( 'NONE',  ( 12.12435565260948778, 29.50000000015315749, 3.000000000000052403 ) ) ;
#4098 = DIRECTION ( 'NONE',  ( -0.8660254037844363761, -1.093952106031535868E-11, -0.5000000000000039968 ) ) ;
#4099 = ADVANCED_FACE ( 'NONE', ( #154 ), #4406, .T. ) ;
#4100 = ORIENTED_EDGE ( 'NONE', *, *, #2629, .F. ) ;
#4101 = ORIENTED_EDGE ( 'NONE', *, *, #1201, .F. ) ;
#4102 = CARTESIAN_POINT ( 'NONE',  ( 10.24999999999999822, 2.769193323034216281, -80.01215258861977020 ) ) ;
#4103 = CARTESIAN_POINT ( 'NONE',  ( -11.00000000000000000, 23.27268265731110120, -36.37306695894624653 ) ) ;
#4104 = EDGE_CURVE ( 'NONE', #909, #2694, #1513, .T. ) ;
#4105 = ORIENTED_EDGE ( 'NONE', *, *, #3502, .T. ) ;
#4106 =( BOUNDED_SURFACE ( )  B_SPLINE_SURFACE ( 3, 2, ( 
 ( #2407, #4033, #385 ),
 ( #2011, #1202, #1536 ),
 ( #1963, #4353, #2328 ),
 ( #5284, #2829, #5223 ),
 ( #1557, #4379, #2356 ),
 ( #3985, #3587, #3178 ) ),
 .UNSPECIFIED., .F., .F., .F. ) 
 B_SPLINE_SURFACE_WITH_KNOTS ( ( 4, 2, 4 ),
 ( 3, 3 ),
 ( 1.041036971079629447, 1.305916648937262892, 1.570796326794896558 ),
 ( 0.000000000000000000, 1.000000000000000000 ),
 .UNSPECIFIED. ) 
 GEOMETRIC_REPRESENTATION_ITEM ( )  RATIONAL_B_SPLINE_SURFACE ( (
 ( 1.000000000000000000, 0.7614773767679594574, 1.000000000000000000),
 ( 1.000000000000000000, 0.7535740581804063476, 1.000000000000000000),
 ( 1.000000000000000000, 0.7449262982321913640, 1.000000000000000000),
 ( 1.000000000000000000, 0.7266260778133644127, 1.000000000000000000),
 ( 1.000000000000000000, 0.7169736630699705682, 1.000000000000000000),
 ( 1.000000000000000000, 0.7071067811865469066, 1.000000000000000000) ) ) 
 REPRESENTATION_ITEM ( '' )  SURFACE ( )  );
#4107 = ORIENTED_EDGE ( 'NONE', *, *, #4348, .F. ) ;
#4108 = LINE ( 'NONE', #4066, #3219 ) ;
#4109 = CARTESIAN_POINT ( 'NONE',  ( 9.499999999999998224, -6.113020296280467392, -69.76215258861975599 ) ) ;
#4110 = LINE ( 'NONE', #4959, #493 ) ;
#4111 = CARTESIAN_POINT ( 'NONE',  ( -6.505213034913026604E-14, 9.845669493442664014E-11, 8.999999999999998224 ) ) ;
#4112 = EDGE_CURVE ( 'NONE', #2195, #3592, #2726, .T. ) ;
#4113 = EDGE_CURVE ( 'NONE', #1893, #4594, #4326, .T. ) ;
#4114 = CARTESIAN_POINT ( 'NONE',  ( 13.00000000000000000, 0.000000000000000000, 0.000000000000000000 ) ) ;
#4115 = CARTESIAN_POINT ( 'NONE',  ( -20.00833040829572340, 32.49999999975848652, -10.52669865138963523 ) ) ;
#4116 = DIRECTION ( 'NONE',  ( -0.5000000000000039968, -6.315870933078222391E-12, 0.8660254037844362651 ) ) ;
#4117 = CIRCLE ( 'NONE', #800, 2.250000000000001776 ) ;
#4118 = ORIENTED_EDGE ( 'NONE', *, *, #343, .T. ) ;
#4119 = ORIENTED_EDGE ( 'NONE', *, *, #2094, .F. ) ;
#4120 = VERTEX_POINT ( 'NONE', #4781 ) ;
#4121 = CARTESIAN_POINT ( 'NONE',  ( -38.00000000000040501, -1.642110963584230788E-10, 6.928203230275356894 ) ) ;
#4122 = ORIENTED_EDGE ( 'NONE', *, *, #4573, .T. ) ;
#4123 = VERTEX_POINT ( 'NONE', #4291 ) ;
#4124 = CARTESIAN_POINT ( 'NONE',  ( -26.00000000014709300, 23.27268265745004783, 27.71281292084711367 ) ) ;
#4125 = CIRCLE ( 'NONE', #3191, 20.00000000000000355 ) ;
#4126 = CARTESIAN_POINT ( 'NONE',  ( -20.93313789732454211, 32.49999999979933563, -6.257258400011956212 ) ) ;
#4127 = DIRECTION ( 'NONE',  ( 0.000000000000000000, 0.000000000000000000, -1.000000000000000000 ) ) ;
#4128 = VECTOR ( 'NONE', #1086, 1000.000000000000000 ) ;
#4129 = CARTESIAN_POINT ( 'NONE',  ( -39.01022899033394964, -7.467592100131261290, 37.53367320775686977 ) ) ;
#4130 = DIRECTION ( 'NONE',  ( -1.000000000000000000, -0.000000000000000000, -0.000000000000000000 ) ) ;
#4131 = ORIENTED_EDGE ( 'NONE', *, *, #3495, .F. ) ;
#4132 = ORIENTED_EDGE ( 'NONE', *, *, #1247, .T. ) ;
#4133 = FACE_OUTER_BOUND ( 'NONE', #80, .T. ) ;
#4134 = AXIS2_PLACEMENT_3D ( 'NONE', #4372, #1143, #2775 ) ;
#4135 = ADVANCED_FACE ( 'NONE', ( #1118, #3585, #2274 ), #3095, .F. ) ;
#4136 = CARTESIAN_POINT ( 'NONE',  ( 63.00000000000000000, 0.000000000000000000, -36.37306695894682207 ) ) ;
#4137 = AXIS2_PLACEMENT_3D ( 'NONE', #3061, #3807, #4276 ) ;
#4138 = ORIENTED_EDGE ( 'NONE', *, *, #4339, .T. ) ;
#4139 = AXIS2_PLACEMENT_3D ( 'NONE', #4919, #2888, #454 ) ;
#4140 = ADVANCED_FACE ( 'NONE', ( #2748 ), #4008, .F. ) ;
#4141 = CARTESIAN_POINT ( 'NONE',  ( 13.00000000000000000, 4.906075848032023679, -91.51215258861977020 ) ) ;
#4142 = DIRECTION ( 'NONE',  ( -1.000000000000000000, 0.000000000000000000, 0.000000000000000000 ) ) ;
#4143 = AXIS2_PLACEMENT_3D ( 'NONE', #11, #805, #35 ) ;
#4144 = AXIS2_PLACEMENT_3D ( 'NONE', #922, #2550, #2600 ) ;
#4145 = DIRECTION ( 'NONE',  ( 0.4999999999999919509, 1.263193535385778149E-11, 0.8660254037844432595 ) ) ;
#4146 = LINE ( 'NONE', #443, #1328 ) ;
#4147 = VECTOR ( 'NONE', #3803, 1000.000000000000000 ) ;
#4148 = CIRCLE ( 'NONE', #3385, 2.250000000000000444 ) ;
#4149 = EDGE_CURVE ( 'NONE', #2099, #4703, #4373, .T. ) ;
#4150 = ADVANCED_FACE ( 'NONE', ( #3205, #1584 ), #1888, .F. ) ;
#4151 = FACE_BOUND ( 'NONE', #4586, .T. ) ;
#4152 = CARTESIAN_POINT ( 'NONE',  ( 50.58522899047502364, -7.467592099656486404, 17.48518511006603404 ) ) ;
#4153 = AXIS2_PLACEMENT_3D ( 'NONE', #4285, #641, #2719 ) ;
#4154 = DIRECTION ( 'NONE',  ( -0.8660254037844433705, 1.117101764502388933E-16, 0.4999999999999918954 ) ) ;
#4155 = ORIENTED_EDGE ( 'NONE', *, *, #2909, .F. ) ;
#4156 = ORIENTED_EDGE ( 'NONE', *, *, #5283, .T. ) ;
#4157 = DIRECTION ( 'NONE',  ( -0.4999999999999919509, -1.263193535385778149E-11, -0.8660254037844432595 ) ) ;
#4158 = ORIENTED_EDGE ( 'NONE', *, *, #4937, .F. ) ;
#4159 = ORIENTED_EDGE ( 'NONE', *, *, #2714, .T. ) ;
#4160 = AXIS2_PLACEMENT_3D ( 'NONE', #4429, #4050, #2743 ) ;
#4161 = CARTESIAN_POINT ( 'NONE',  ( 9.499999999999998224, -6.113020296280467392, -69.76215258861975599 ) ) ;
#4162 = LINE ( 'NONE', #1417, #2253 ) ;
#4163 = DIRECTION ( 'NONE',  ( -0.06794757005197363253, -0.9969173337331278528, 0.03922954787482822725 ) ) ;
#4164 = CARTESIAN_POINT ( 'NONE',  ( -19.69872981077801199, 25.00000000000000711, -11.37306695894633712 ) ) ;
#4165 = VERTEX_POINT ( 'NONE', #2777 ) ;
#4166 = ORIENTED_EDGE ( 'NONE', *, *, #3525, .F. ) ;
#4167 = FACE_OUTER_BOUND ( 'NONE', #4452, .T. ) ;
#4168 = FACE_OUTER_BOUND ( 'NONE', #4777, .T. ) ;
#4169 = ORIENTED_EDGE ( 'NONE', *, *, #4220, .T. ) ;
#4170 = ORIENTED_EDGE ( 'NONE', *, *, #3634, .F. ) ;
#4171 = CARTESIAN_POINT ( 'NONE',  ( -38.00000000009931256, 15.66018860861066742, 6.928203230104040600 ) ) ;
#4172 = CARTESIAN_POINT ( 'NONE',  ( -38.00000000009931256, 15.66018860861066742, 6.928203230104040600 ) ) ;
#4173 = DIRECTION ( 'NONE',  ( 1.035655806553318069E-16, 0.07845909572784597052, -0.9969173337331278528 ) ) ;
#4174 = LINE ( 'NONE', #44, #5009 ) ;
#4175 = EDGE_CURVE ( 'NONE', #1326, #341, #3980, .T. ) ;
#4176 = ORIENTED_EDGE ( 'NONE', *, *, #5167, .T. ) ;
#4177 = DIRECTION ( 'NONE',  ( -1.000000000000000000, 8.125661806746624109E-18, -1.032463225334366069E-16 ) ) ;
#4178 = DIRECTION ( 'NONE',  ( 1.000000000000000000, 0.000000000000000000, 0.000000000000000000 ) ) ;
#4179 =( BOUNDED_CURVE ( )  B_SPLINE_CURVE ( 3, ( #676, #4269, #1754, #2143 ),
 .UNSPECIFIED., .F., .F. ) 
 B_SPLINE_CURVE_WITH_KNOTS ( ( 4, 4 ),
 ( 4.712388980384689674, 6.283185307179586232 ),
 .UNSPECIFIED. ) 
 CURVE ( )  GEOMETRIC_REPRESENTATION_ITEM ( )  RATIONAL_B_SPLINE_CURVE ( ( 1.000000000000000000, 0.8047378541243649375, 0.8047378541243649375, 1.000000000000000000 ) ) 
 REPRESENTATION_ITEM ( '' )  );
#4180 =( LENGTH_UNIT ( ) NAMED_UNIT ( * ) SI_UNIT ( .MILLI., .METRE. ) );
#4181 = DIRECTION ( 'NONE',  ( -6.315870933078122225E-12, 1.000000000000000000, -1.093963277049189342E-11 ) ) ;
#4182 = VERTEX_POINT ( 'NONE', #335 ) ;
#4183 = ADVANCED_FACE ( 'NONE', ( #1533, #3524 ), #2351, .T. ) ;
#4184 = ADVANCED_FACE ( 'NONE', ( #753 ), #2381, .T. ) ;
#4185 = ORIENTED_EDGE ( 'NONE', *, *, #4711, .T. ) ;
#4186 = CARTESIAN_POINT ( 'NONE',  ( 25.30833573421772442, 30.19586237216439883, -0.0006457391437267659406 ) ) ;
#4187 = ORIENTED_EDGE ( 'NONE', *, *, #2842, .T. ) ;
#4188 = DIRECTION ( 'NONE',  ( -1.263193535385782996E-11, 1.000000000000000000, -1.117101765387847829E-16 ) ) ;
#4189 = CARTESIAN_POINT ( 'NONE',  ( 19.63346335881238502, 32.50000000024800073, -11.33538535557194393 ) ) ;
#4190 = SPHERICAL_SURFACE ( 'NONE', #1344, 2.000000000000000000 ) ;
#4191 = LINE ( 'NONE', #2912, #5184 ) ;
#4192 = EDGE_CURVE ( 'NONE', #550, #2907, #162, .T. ) ;
#4193 = ORIENTED_EDGE ( 'NONE', *, *, #4433, .T. ) ;
#4194 = EDGE_LOOP ( 'NONE', ( #5065, #5023, #1123, #3149 ) ) ;
#4195 = CARTESIAN_POINT ( 'NONE',  ( 8.660254037471723620, 32.50000000000000000, 5.000000000000037303 ) ) ;
#4196 = ORIENTED_EDGE ( 'NONE', *, *, #5180, .F. ) ;
#4197 = FACE_BOUND ( 'NONE', #2042, .T. ) ;
#4198 = DIRECTION ( 'NONE',  ( 0.5000000000000041078, 6.315879058740029733E-12, -0.8660254037844362651 ) ) ;
#4199 = CARTESIAN_POINT ( 'NONE',  ( 10.24999999999999822, -6.486853403697409703, -65.01215258861977020 ) ) ;
#4200 = VERTEX_POINT ( 'NONE', #698 ) ;
#4201 = ORIENTED_EDGE ( 'NONE', *, *, #951, .T. ) ;
#4202 = CARTESIAN_POINT ( 'NONE',  ( 9.499999999999998224, -4.499635306375768806, -90.26215258861975599 ) ) ;
#4203 = CARTESIAN_POINT ( 'NONE',  ( 0.000000000000000000, 0.000000000000000000, 0.000000000000000000 ) ) ;
#4204 = CARTESIAN_POINT ( 'NONE',  ( -25.00000000014710011, 23.27268265747531828, 29.44486372841598154 ) ) ;
#4205 = EDGE_CURVE ( 'NONE', #2932, #365, #3611, .T. ) ;
#4206 = DIRECTION ( 'NONE',  ( 0.5000000000000041078, 6.315879058740031348E-12, -0.8660254037844362651 ) ) ;
#4207 = ORIENTED_EDGE ( 'NONE', *, *, #374, .F. ) ;
#4208 = ORIENTED_EDGE ( 'NONE', *, *, #3695, .T. ) ;
#4209 = CARTESIAN_POINT ( 'NONE',  ( -51.45194750919721827, 9.333567967741416282, 41.42600620917806253 ) ) ;
#4210 = ORIENTED_EDGE ( 'NONE', *, *, #3995, .F. ) ;
#4211 = CARTESIAN_POINT ( 'NONE',  ( 36.69174371693976866, 16.39876268345643240, 6.146054049791963791 ) ) ;
#4212 = CIRCLE ( 'NONE', #3702, 2.250000000000000444 ) ;
#4213 = EDGE_CURVE ( 'NONE', #4934, #98, #4062, .T. ) ;
#4214 = DIRECTION ( 'NONE',  ( 0.4999999999999919509, 1.263193535385778149E-11, 0.8660254037844432595 ) ) ;
#4215 = CARTESIAN_POINT ( 'NONE',  ( -17.71952951139250843, 32.50000000000000000, -13.79380103282268166 ) ) ;
#4216 = CARTESIAN_POINT ( 'NONE',  ( 48.35735175627081617, 13.31418985405227140, 39.63934051842722539 ) ) ;
#4217 = ORIENTED_EDGE ( 'NONE', *, *, #151, .T. ) ;
#4218 = VERTEX_POINT ( 'NONE', #3556 ) ;
#4219 = EDGE_CURVE ( 'NONE', #2653, #622, #2479, .T. ) ;
#4220 = EDGE_CURVE ( 'NONE', #831, #4355, #4973, .T. ) ;
#4221 = AXIS2_PLACEMENT_3D ( 'NONE', #1569, #1546, #4795 ) ;
#4222 = DIRECTION ( 'NONE',  ( 0.000000000000000000, 0.000000000000000000, 1.000000000000000000 ) ) ;
#4223 = ORIENTED_EDGE ( 'NONE', *, *, #2770, .F. ) ;
#4224 = ORIENTED_EDGE ( 'NONE', *, *, #3627, .T. ) ;
#4225 = CIRCLE ( 'NONE', #478, 2.250000000000001776 ) ;
#4226 = CARTESIAN_POINT ( 'NONE',  ( 10.24999999999999822, -4.524084792137269773, -89.95149241683994035 ) ) ;
#4227 = FACE_OUTER_BOUND ( 'NONE', #1270, .T. ) ;
#4228 = FACE_OUTER_BOUND ( 'NONE', #934, .T. ) ;
#4229 = VECTOR ( 'NONE', #3728, 1000.000000000000000 ) ;
#4230 = AXIS2_PLACEMENT_3D ( 'NONE', #148, #549, #3748 ) ;
#4231 = ORIENTED_EDGE ( 'NONE', *, *, #1084, .T. ) ;
#4232 = VECTOR ( 'NONE', #3563, 1000.000000000000000 ) ;
#4233 = AXIS2_PLACEMENT_3D ( 'NONE', #2887, #519, #1656 ) ;
#4234 = FACE_OUTER_BOUND ( 'NONE', #2325, .T. ) ;
#4235 = CARTESIAN_POINT ( 'NONE',  ( -3.726420929388060104E-10, 29.50000000000000355, -3.295450207894151094E-15 ) ) ;
#4236 = FACE_OUTER_BOUND ( 'NONE', #2921, .T. ) ;
#4237 = CIRCLE ( 'NONE', #4572, 20.00000000000000355 ) ;
#4238 = CIRCLE ( 'NONE', #3904, 2.250000000000000000 ) ;
#4239 = ORIENTED_EDGE ( 'NONE', *, *, #1817, .T. ) ;
#4240 = CARTESIAN_POINT ( 'NONE',  ( 24.12531931316922140, 16.17414404476731349, 28.94844099520241087 ) ) ;
#4241 = ORIENTED_EDGE ( 'NONE', *, *, #5181, .F. ) ;
#4242 = CIRCLE ( 'NONE', #2703, 1.999999999999998890 ) ;
#4243 = DIRECTION ( 'NONE',  ( -6.315870933078123032E-12, 1.000000000000000000, -1.093963277049189504E-11 ) ) ;
#4244 = CARTESIAN_POINT ( 'NONE',  ( -21.88954031610029460, 24.99999999977518073, -7.913795981813357194 ) ) ;
#4245 = CARTESIAN_POINT ( 'NONE',  ( -3.688938127308373005, 31.85409909229873548, 14.83151534253238779 ) ) ;
#4246 = CIRCLE ( 'NONE', #668, 19.99999999999999645 ) ;
#4247 = DIRECTION ( 'NONE',  ( -0.8660254037844362651, -1.093963244644391107E-11, -0.5000000000000038858 ) ) ;
#4248 = VERTEX_POINT ( 'NONE', #3746 ) ;
#4249 = EDGE_CURVE ( 'NONE', #461, #2526, #1279, .T. ) ;
#4250 = DIRECTION ( 'NONE',  ( -0.8660254037844428154, 1.927470528863119049E-16, 0.4999999999999926725 ) ) ;
#4251 = VERTEX_POINT ( 'NONE', #1223 ) ;
#4252 = EDGE_CURVE ( 'NONE', #3901, #1548, #93, .T. ) ;
#4253 = EDGE_CURVE ( 'NONE', #3966, #4560, #403, .T. ) ;
#4254 = CARTESIAN_POINT ( 'NONE',  ( 35.75266320374871754, -1.994556770431881620, 35.65291672384633870 ) ) ;
#4255 = CARTESIAN_POINT ( 'NONE',  ( -10.14999999999999503, 2.421922163168672260, -45.75381107385768331 ) ) ;
#4256 = CYLINDRICAL_SURFACE ( 'NONE', #2440, 2.250000000000000888 ) ;
#4257 = ORIENTED_EDGE ( 'NONE', *, *, #1886, .F. ) ;
#4258 = LINE ( 'NONE', #3007, #4322 ) ;
#4259 = CARTESIAN_POINT ( 'NONE',  ( -8.660254038030752000, 29.50000000000000355, 4.999999999677200435 ) ) ;
#4260 = CARTESIAN_POINT ( 'NONE',  ( -8.524389850999147811, 29.28318843039635411, 23.28075196168448713 ) ) ;
#4261 = LINE ( 'NONE', #172, #2769 ) ;
#4262 = FILL_AREA_STYLE ('',( #2639 ) ) ;
#4263 = CARTESIAN_POINT ( 'NONE',  ( 63.00000000000002842, 7.958078640513124150E-10, -36.37306695894623232 ) ) ;
#4264 = DIRECTION ( 'NONE',  ( -0.000000000000000000, -1.000000000000000000, -0.000000000000000000 ) ) ;
#4265 = CARTESIAN_POINT ( 'NONE',  ( 15.02740606654232103, 26.52011225463323285, -3.044133526615910856 ) ) ;
#4266 = CARTESIAN_POINT ( 'NONE',  ( -11.00000000000000000, 6.803577524191676495, -92.14420273613285417 ) ) ;
#4267 = ORIENTED_EDGE ( 'NONE', *, *, #3732, .T. ) ;
#4268 = ORIENTED_EDGE ( 'NONE', *, *, #4044, .T. ) ;
#4269 = CARTESIAN_POINT ( 'NONE',  ( -10.24999999999999467, -6.088570810518966425, -70.07281276039957163 ) ) ;
#4270 = EDGE_CURVE ( 'NONE', #4024, #3304, #3336, .T. ) ;
#4271 = CARTESIAN_POINT ( 'NONE',  ( 51.97827009213009575, 2.560425559488265446, 14.99856123079106673 ) ) ;
#4272 = ORIENTED_EDGE ( 'NONE', *, *, #514, .T. ) ;
#4273 = DIRECTION ( 'NONE',  ( 6.315870933078123032E-12, -1.000000000000000000, 1.093963277049189504E-11 ) ) ;
#4274 = EDGE_CURVE ( 'NONE', #2511, #4416, #453, .T. ) ;
#4275 = CARTESIAN_POINT ( 'NONE',  ( -9.939339828220173700, 7.430480829895320660, -90.26215258861975599 ) ) ;
#4276 = DIRECTION ( 'NONE',  ( -0.8660254037844362651, -1.094003360124773071E-11, -0.5000000000000039968 ) ) ;
#4277 = ORIENTED_EDGE ( 'NONE', *, *, #1619, .F. ) ;
#4278 = CARTESIAN_POINT ( 'NONE',  ( -24.42391754387831426, 29.28318842999028604, -4.258037818770446847 ) ) ;
#4279 = DIRECTION ( 'NONE',  ( -0.5000000000000041078, -6.315879058740029733E-12, 0.8660254037844362651 ) ) ;
#4280 = CYLINDRICAL_SURFACE ( 'NONE', #4658, 1.999999999999999112 ) ;
#4281 = EDGE_CURVE ( 'NONE', #3966, #3019, #3710, .T. ) ;
#4282 = DIRECTION ( 'NONE',  ( 0.000000000000000000, 1.000000000000000000, 0.000000000000000000 ) ) ;
#4283 = CARTESIAN_POINT ( 'NONE',  ( 0.000000000000000000, 32.50000000000000000, -10.00000000000000000 ) ) ;
#4284 = AXIS2_PLACEMENT_3D ( 'NONE', #1192, #378, #2768 ) ;
#4285 = CARTESIAN_POINT ( 'NONE',  ( 51.97827009213009575, 2.560425559488265446, 14.99856123079106673 ) ) ;
#4286 = CARTESIAN_POINT ( 'NONE',  ( 0.000000000000000000, 29.50000000000000355, 0.000000000000000000 ) ) ;
#4287 = CARTESIAN_POINT ( 'NONE',  ( 10.24999999999999822, 2.769193323034216281, -82.26215258861977020 ) ) ;
#4288 = ORIENTED_EDGE ( 'NONE', *, *, #2203, .T. ) ;
#4289 = AXIS2_PLACEMENT_3D ( 'NONE', #2492, #3778, #2520 ) ;
#4290 = CARTESIAN_POINT ( 'NONE',  ( -13.00000000000000000, 2.560425558831677773, -54.76378295997704981 ) ) ;
#4291 = CARTESIAN_POINT ( 'NONE',  ( -17.79831851835153600, 25.00000000000000711, -14.99999999999999645 ) ) ;
#4292 = VECTOR ( 'NONE', #3434, 1000.000000000000114 ) ;
#4293 = ORIENTED_EDGE ( 'NONE', *, *, #284, .T. ) ;
#4294 = EDGE_CURVE ( 'NONE', #1548, #1940, #3233, .T. ) ;
#4295 = AXIS2_PLACEMENT_3D ( 'NONE', #4070, #4880, #1214 ) ;
#4296 = FACE_OUTER_BOUND ( 'NONE', #3900, .T. ) ;
#4297 = PLANE ( 'NONE',  #2100 ) ;
#4298 = ORIENTED_EDGE ( 'NONE', *, *, #1107, .T. ) ;
#4299 = CIRCLE ( 'NONE', #3717, 2.250000000000002220 ) ;
#4300 = ORIENTED_EDGE ( 'NONE', *, *, #1483, .T. ) ;
#4301 = ADVANCED_FACE ( 'NONE', ( #4431 ), #776, .F. ) ;
#4302 = CARTESIAN_POINT ( 'NONE',  ( -13.46734704708749675, 28.10927142195596673, -28.18157248942953430 ) ) ;
#4303 = CIRCLE ( 'NONE', #4137, 4.000000000000000888 ) ;
#4304 = VECTOR ( 'NONE', #3871, 1000.000000000000000 ) ;
#4305 = SPHERICAL_SURFACE ( 'NONE', #1863, 2.000000000000000000 ) ;
#4306 = CARTESIAN_POINT ( 'NONE',  ( 50.55327009213007727, 2.560425559470265622, 17.46673363157671233 ) ) ;
#4307 = CIRCLE ( 'NONE', #2275, 20.00000000000000000 ) ;
#4308 = DIRECTION ( 'NONE',  ( -0.4905221900336522167, -0.8241261886220141442, 0.2832031184714285388 ) ) ;
#4309 = AXIS2_PLACEMENT_3D ( 'NONE', #2171, #2572, #529 ) ;
#4310 = EDGE_CURVE ( 'NONE', #2003, #996, #823, .T. ) ;
#4311 = ADVANCED_FACE ( 'NONE', ( #829 ), #382, .T. ) ;
#4312 = DIRECTION ( 'NONE',  ( -6.315870933078122225E-12, 1.000000000000000000, -1.093963277049189342E-11 ) ) ;
#4313 = AXIS2_PLACEMENT_3D ( 'NONE', #359, #1984, #4351 ) ;
#4314 = VECTOR ( 'NONE', #1054, 999.9999999999998863 ) ;
#4315 = CARTESIAN_POINT ( 'NONE',  ( -10.24999999999999467, 14.15546841591150340, -70.07281276039957163 ) ) ;
#4316 =( BOUNDED_SURFACE ( )  B_SPLINE_SURFACE ( 3, 2, ( 
 ( #4689, #2148, #2255 ),
 ( #1382, #1871, #3033 ),
 ( #4278, #1030, #3784 ),
 ( #4604, #2660, #947 ),
 ( #633, #2577, #3491 ),
 ( #169, #4626, #2604 ) ),
 .UNSPECIFIED., .F., .F., .T. ) 
 B_SPLINE_SURFACE_WITH_KNOTS ( ( 4, 2, 4 ),
 ( 3, 3 ),
 ( 1.041036971079629669, 1.305916648937263336, 1.570796326794896780 ),
 ( 0.000000000000000000, 1.000000000000000000 ),
 .UNSPECIFIED. ) 
 GEOMETRIC_REPRESENTATION_ITEM ( )  RATIONAL_B_SPLINE_SURFACE ( (
 ( 1.000000000000000000, 0.7614773767679590133, 1.000000000000000000),
 ( 1.000000000000000000, 0.7535740581800054461, 1.000000000000000000),
 ( 1.000000000000000000, 0.7449262982327264915, 1.000000000000000000),
 ( 1.000000000000000000, 0.7266260778128287301, 1.000000000000000000),
 ( 1.000000000000000000, 0.7169736630703712477, 1.000000000000000000),
 ( 1.000000000000000000, 0.7071067811865470176, 1.000000000000000000) ) ) 
 REPRESENTATION_ITEM ( '' )  SURFACE ( )  );
#4317 = CARTESIAN_POINT ( 'NONE',  ( -8.660254038030752000, 32.50000000000000000, 4.999999999677200435 ) ) ;
#4318 = ORIENTED_EDGE ( 'NONE', *, *, #5232, .F. ) ;
#4319 = CARTESIAN_POINT ( 'NONE',  ( 23.66851079851810624, 16.39876268329192399, 28.70295514330155129 ) ) ;
#4320 = ORIENTED_EDGE ( 'NONE', *, *, #349, .F. ) ;
#4321 = DIRECTION ( 'NONE',  ( -0.8660254037844363761, -1.094032272182705910E-11, -0.5000000000000039968 ) ) ;
#4322 = VECTOR ( 'NONE', #532, 1000.000000000000000 ) ;
#4323 = VECTOR ( 'NONE', #867, 1000.000000000000000 ) ;
#4324 = DIRECTION ( 'NONE',  ( 1.000000000000000000, -0.000000000000000000, -0.000000000000000000 ) ) ;
#4325 = DIRECTION ( 'NONE',  ( 0.000000000000000000, 0.3160250737565467039, 0.9487508380798245211 ) ) ;
#4326 = LINE ( 'NONE', #3907, #585 ) ;
#4327 = AXIS2_PLACEMENT_3D ( 'NONE', #1331, #902, #1738 ) ;
#4328 = CARTESIAN_POINT ( 'NONE',  ( -3.469446951953614189E-15, 1.052032095989828608, -93.51215258861977020 ) ) ;
#4329 = CARTESIAN_POINT ( 'NONE',  ( -1.863548378111534731E-10, 29.50000000009845635, 8.999999999677280371 ) ) ;
#4330 = VERTEX_POINT ( 'NONE', #4031 ) ;
#4331 = ORIENTED_EDGE ( 'NONE', *, *, #4363, .T. ) ;
#4332 = ORIENTED_EDGE ( 'NONE', *, *, #4020, .F. ) ;
#4333 = B_SPLINE_CURVE_WITH_KNOTS ( 'NONE', 3,
 ( #2387, #702, #4785, #4354 ),
 .UNSPECIFIED., .F., .F.,
 ( 4, 4 ),
 ( 0.000000000000000000, 0.001693748359486120687 ),
 .UNSPECIFIED. ) ;
#4334 = CARTESIAN_POINT ( 'NONE',  ( -17.62267044481257727, 30.70569342624193254, -14.91641019923642908 ) ) ;
#4335 = DIRECTION ( 'NONE',  ( 0.000000000000000000, 0.000000000000000000, -1.000000000000000000 ) ) ;
#4336 = CARTESIAN_POINT ( 'NONE',  ( 11.00000000000000178, 6.347918951175415714, -93.51215258861978441 ) ) ;
#4337 = EDGE_CURVE ( 'NONE', #1933, #2964, #1254, .T. ) ;
#4338 = FACE_BOUND ( 'NONE', #1989, .T. ) ;
#4339 = EDGE_CURVE ( 'NONE', #767, #2749, #3279, .T. ) ;
#4340 = EDGE_CURVE ( 'NONE', #1322, #4577, #4889, .T. ) ;
#4341 = ORIENTED_EDGE ( 'NONE', *, *, #278, .T. ) ;
#4342 = DIRECTION ( 'NONE',  ( -0.2736857420940351782, -0.9487508380832816446, -0.1580125368782746287 ) ) ;
#4343 = ORIENTED_EDGE ( 'NONE', *, *, #536, .T. ) ;
#4344 = CARTESIAN_POINT ( 'NONE',  ( -10.14999999999999503, 2.560425558831677773, -52.51378295997704981 ) ) ;
#4345 = VERTEX_POINT ( 'NONE', #2508 ) ;
#4346 = CARTESIAN_POINT ( 'NONE',  ( 9.499999999999998224, 7.430480829895317996, -90.26215258861975599 ) ) ;
#4347 = CARTESIAN_POINT ( 'NONE',  ( 8.660254037471723620, 32.50000000000000000, 5.000000000000037303 ) ) ;
#4348 = EDGE_CURVE ( 'NONE', #1728, #1397, #5, .T. ) ;
#4349 = ADVANCED_FACE ( 'NONE', ( #1611 ), #4079, .T. ) ;
#4350 = CARTESIAN_POINT ( 'NONE',  ( 0.000000000000000000, 32.50000000000000000, -10.00000000000000000 ) ) ;
#4351 = DIRECTION ( 'NONE',  ( -0.9976853269444136973, -0.06799991470449355535, 0.000000000000000000 ) ) ;
#4352 = ORIENTED_EDGE ( 'NONE', *, *, #123, .F. ) ;
#4353 = CARTESIAN_POINT ( 'NONE',  ( 15.69753160454114216, 30.97451631447458809, -19.57971232443248155 ) ) ;
#4354 = CARTESIAN_POINT ( 'NONE',  ( -23.66851079882922804, 16.39876268315745023, 28.70295514312180174 ) ) ;
#4355 = VERTEX_POINT ( 'NONE', #2886 ) ;
#4356 = ORIENTED_EDGE ( 'NONE', *, *, #632, .T. ) ;
#4357 = ORIENTED_EDGE ( 'NONE', *, *, #2490, .T. ) ;
#4358 = CARTESIAN_POINT ( 'NONE',  ( -19.61590627746854665, 33.66163071491344283, -11.51262445345586194 ) ) ;
#4359 = CARTESIAN_POINT ( 'NONE',  ( -9.499999999999994671, 14.25894806489778688, -69.76215258861975599 ) ) ;
#4360 = FACE_OUTER_BOUND ( 'NONE', #2991, .T. ) ;
#4361 = DIRECTION ( 'NONE',  ( 0.2736857421120141853, -0.9487508380798244101, -0.1580125368678919062 ) ) ;
#4362 = EDGE_LOOP ( 'NONE', ( #4907, #1101, #4524, #2353 ) ) ;
#4363 = EDGE_CURVE ( 'NONE', #4830, #1362, #4507, .T. ) ;
#4364 = DIRECTION ( 'NONE',  ( 0.8660254037844363761, -4.625929269271488872E-16, -0.5000000000000039968 ) ) ;
#4365 = CARTESIAN_POINT ( 'NONE',  ( -10.24999999999999822, 2.769193323034216281, -80.01215258861977020 ) ) ;
#4366 = ORIENTED_EDGE ( 'NONE', *, *, #222, .F. ) ;
#4367 = ORIENTED_EDGE ( 'NONE', *, *, #3760, .F. ) ;
#4368 = CARTESIAN_POINT ( 'NONE',  ( -13.00000000000000000, -7.467592100295481927, -52.55068591695568614 ) ) ;
#4369 = CARTESIAN_POINT ( 'NONE',  ( 9.939339828220175477, 7.430480829895320660, -90.26215258861975599 ) ) ;
#4370 = EDGE_CURVE ( 'NONE', #2930, #104, #4237, .T. ) ;
#4371 = CARTESIAN_POINT ( 'NONE',  ( 8.827835639776811405, 29.28475329855772458, 22.74613391789304728 ) ) ;
#4372 = CARTESIAN_POINT ( 'NONE',  ( 63.02694750901989806, 9.333567968409349547, 21.37751811167119698 ) ) ;
#4373 = LINE ( 'NONE', #1065, #3051 ) ;
#4374 = ORIENTED_EDGE ( 'NONE', *, *, #5283, .F. ) ;
#4375 = VECTOR ( 'NONE', #1574, 1000.000000000000000 ) ;
#4376 = ORIENTED_EDGE ( 'NONE', *, *, #857, .T. ) ;
#4377 = ADVANCED_FACE ( 'NONE', ( #2589 ), #1777, .T. ) ;
#4378 = EDGE_CURVE ( 'NONE', #2933, #1136, #2160, .T. ) ;
#4379 = CARTESIAN_POINT ( 'NONE',  ( 12.94496066667738177, 26.62628867344898254, -32.63369114190074072 ) ) ;
#4380 = AXIS2_PLACEMENT_3D ( 'NONE', #638, #1414, #3514 ) ;
#4381 = PLANE ( 'NONE',  #2190 ) ;
#4382 = ORIENTED_EDGE ( 'NONE', *, *, #5012, .F. ) ;
#4383 = ORIENTED_EDGE ( 'NONE', *, *, #1376, .F. ) ;
#4384 = EDGE_LOOP ( 'NONE', ( #792, #990, #2361, #3399, #1391, #450, #2307 ) ) ;
#4385 = ORIENTED_EDGE ( 'NONE', *, *, #4113, .T. ) ;
#4386 = VECTOR ( 'NONE', #4651, 999.9999999999998863 ) ;
#4387 = DIRECTION ( 'NONE',  ( -1.000000000000000000, -0.000000000000000000, 0.000000000000000000 ) ) ;
#4388 = DIRECTION ( 'NONE',  ( 0.000000000000000000, 0.000000000000000000, -1.000000000000000000 ) ) ;
#4389 = PLANE ( 'NONE',  #3984 ) ;
#4390 = CARTESIAN_POINT ( 'NONE',  ( 42.35182725064498754, 2.560425559366667159, 36.17204932840078868 ) ) ;
#4391 = AXIS2_PLACEMENT_3D ( 'NONE', #3673, #2638, #4663 ) ;
#4392 = VERTEX_POINT ( 'NONE', #4244 ) ;
#4393 = AXIS2_PLACEMENT_3D ( 'NONE', #777, #1146, #1225 ) ;
#4394 = CARTESIAN_POINT ( 'NONE',  ( 0.000000000000000000, 29.50000000000000355, -13.75000000000000000 ) ) ;
#4395 = CARTESIAN_POINT ( 'NONE',  ( 20.80554686445816159, 32.50000000026282265, -8.448662183562818839 ) ) ;
#4396 = VERTEX_POINT ( 'NONE', #1805 ) ;
#4397 = AXIS2_PLACEMENT_3D ( 'NONE', #3882, #3859, #1836 ) ;
#4398 = CIRCLE ( 'NONE', #578, 2.250000000000000000 ) ;
#4399 = ORIENTED_EDGE ( 'NONE', *, *, #3239, .T. ) ;
#4400 = FACE_BOUND ( 'NONE', #3268, .T. ) ;
#4401 = DIRECTION ( 'NONE',  ( 0.5000000000004347633, 0.000000000000000000, -0.8660254037841875752 ) ) ;
#4402 = AXIS2_PLACEMENT_3D ( 'NONE', #1028, #1891, #3083 ) ;
#4403 = AXIS2_PLACEMENT_3D ( 'NONE', #5036, #1369, #3360 ) ;
#4404 = DIRECTION ( 'NONE',  ( 0.06794757005197309130, 0.9969173337331279638, -0.03922954787482792194 ) ) ;
#4405 = CARTESIAN_POINT ( 'NONE',  ( -35.25512725803982050, 16.39876268286473149, 8.634346747954827705 ) ) ;
#4406 = CYLINDRICAL_SURFACE ( 'NONE', #3215, 2.000000000000002220 ) ;
#4407 = EDGE_CURVE ( 'NONE', #210, #4080, #2218, .T. ) ;
#4408 = CIRCLE ( 'NONE', #2105, 2.000000000000002665 ) ;
#4409 = ORIENTED_EDGE ( 'NONE', *, *, #2678, .F. ) ;
#4410 = AXIS2_PLACEMENT_3D ( 'NONE', #2124, #4116, #4607 ) ;
#4411 = CARTESIAN_POINT ( 'NONE',  ( -10.97008767365805504, 22.29615204187015109, 23.47854905489672461 ) ) ;
#4412 = DIRECTION ( 'NONE',  ( -0.9976853269444136973, -0.06799991470449442965, 0.000000000000000000 ) ) ;
#4413 = EDGE_CURVE ( 'NONE', #2420, #51, #699, .T. ) ;
#4414 = EDGE_CURVE ( 'NONE', #3328, #5199, #1345, .T. ) ;
#4415 = ORIENTED_EDGE ( 'NONE', *, *, #4697, .T. ) ;
#4416 = VERTEX_POINT ( 'NONE', #1014 ) ;
#4417 = VERTEX_POINT ( 'NONE', #3772 ) ;
#4418 = CARTESIAN_POINT ( 'NONE',  ( -13.23361415664194674, 19.38824394137695251, -27.95020628913010796 ) ) ;
#4419 = CARTESIAN_POINT ( 'NONE',  ( 0.000000000000000000, 29.50000000000000355, -7.750000000000000000 ) ) ;
#4420 = DIRECTION ( 'NONE',  ( 0.8216423276369129169, 0.3160250737565467594, -0.4743754190433617790 ) ) ;
#4421 = CARTESIAN_POINT ( 'NONE',  ( 4.091221797274776861, 25.00000000005168843, 22.91379598153967834 ) ) ;
#4422 = ORIENTED_EDGE ( 'NONE', *, *, #3474, .T. ) ;
#4423 = FACE_OUTER_BOUND ( 'NONE', #2363, .T. ) ;
#4424 = DIRECTION ( 'NONE',  ( 0.4999999999999970024, 1.263252702453089165E-11, 0.8660254037844404840 ) ) ;
#4425 = ORIENTED_EDGE ( 'NONE', *, *, #1455, .F. ) ;
#4426 = ORIENTED_EDGE ( 'NONE', *, *, #2061, .T. ) ;
#4427 = CARTESIAN_POINT ( 'NONE',  ( 26.54737148389432377, 25.17018433380590281, 28.02883799485891458 ) ) ;
#4428 = LINE ( 'NONE', #748, #3887 ) ;
#4429 = CARTESIAN_POINT ( 'NONE',  ( -10.24999999999999822, 2.769193323034216281, -80.01215258861977020 ) ) ;
#4430 = DIRECTION ( 'NONE',  ( 0.5000000000004347633, 0.000000000000000000, -0.8660254037841875752 ) ) ;
#4431 = FACE_OUTER_BOUND ( 'NONE', #502, .T. ) ;
#4432 = ORIENTED_EDGE ( 'NONE', *, *, #3094, .T. ) ;
#4433 = EDGE_CURVE ( 'NONE', #515, #210, #2872, .T. ) ;
#4434 = DIRECTION ( 'NONE',  ( 0.8633557364864382633, -0.07845909572784608155, -0.4984586668656975084 ) ) ;
#4435 = DIRECTION ( 'NONE',  ( 0.000000000000000000, 0.5664062369248350493, -0.8241261886220142552 ) ) ;
#4436 = ORIENTED_EDGE ( 'NONE', *, *, #3883, .F. ) ;
#4437 = EDGE_CURVE ( 'NONE', #5266, #1684, #4408, .T. ) ;
#4438 = CARTESIAN_POINT ( 'NONE',  ( -19.69872981077800844, 32.12545848942472304, -11.37306695894633357 ) ) ;
#4439 = LINE ( 'NONE', #5229, #717 ) ;
#4440 = LINE ( 'NONE', #1950, #481 ) ;
#4441 = B_SPLINE_CURVE_WITH_KNOTS ( 'NONE', 3,
 ( #2812, #3723, #4438, #3669 ),
 .UNSPECIFIED., .F., .F.,
 ( 4, 4 ),
 ( 0.000000000000000000, 0.0005718104120839082993 ),
 .UNSPECIFIED. ) ;
#4442 = VERTEX_POINT ( 'NONE', #2135 ) ;
#4443 = ADVANCED_FACE ( 'NONE', ( #1740 ), #3359, .F. ) ;
#4444 = ORIENTED_EDGE ( 'NONE', *, *, #4337, .F. ) ;
#4445 = UNCERTAINTY_MEASURE_WITH_UNIT (LENGTH_MEASURE( 1.000000000000000082E-05 ), #4180, 'distance_accuracy_value', 'NONE');
#4446 = ORIENTED_EDGE ( 'NONE', *, *, #1886, .T. ) ;
#4447 = CARTESIAN_POINT ( 'NONE',  ( 47.32766320374879143, -1.994556770285664804, 15.60442862623663096 ) ) ;
#4448 = DIRECTION ( 'NONE',  ( 1.000000000000000000, 6.315870933078222391E-12, 9.159339953157543036E-15 ) ) ;
#4449 = CARTESIAN_POINT ( 'NONE',  ( 24.99999999970622966, 23.27268265762671362, 29.44486372867122981 ) ) ;
#4450 = DIRECTION ( 'NONE',  ( 0.5000000000000039968, 6.315870933078223199E-12, -0.8660254037844363761 ) ) ;
#4451 = DIRECTION ( 'NONE',  ( 0.5000000000000039968, 6.315870933078223199E-12, -0.8660254037844363761 ) ) ;
#4452 = EDGE_LOOP ( 'NONE', ( #2546, #813, #1119, #4267, #1556 ) ) ;
#4453 = DIRECTION ( 'NONE',  ( -0.000000000000000000, -1.000000000000000000, -0.000000000000000000 ) ) ;
#4454 = DIRECTION ( 'NONE',  ( 0.000000000000000000, 0.000000000000000000, -1.000000000000000000 ) ) ;
#4455 = DIRECTION ( 'NONE',  ( -6.315870933078122225E-12, 1.000000000000000000, -1.093963277049189342E-11 ) ) ;
#4456 = CLOSED_SHELL ( 'NONE', ( #1131, #3657, #994, #2059, #3011, #4612, #4377, #3369, #4750, #816, #3054, #2515, #1717, #85, #406, #2150, #3245, #4849, #314, #3534, #1998, #2384, #4053, #2781, #4150, #4140, #106, #1085, #4301, #3004, #3987, #1948, #4183, #3801, #1180, #4611, #3834, #2233, #2360, #4099, #2561, #4457, #2081, #2720 ) ) ;
#4457 = ADVANCED_FACE ( 'NONE', ( #4590 ), #4190, .T. ) ;
#4458 = CARTESIAN_POINT ( 'NONE',  ( -25.81806376265043568, 22.29615204149502006, -2.238899920806378230 ) ) ;
#4459 = DIRECTION ( 'NONE',  ( 0.5000000000004347633, 0.000000000000000000, -0.8660254037841875752 ) ) ;
#4460 = CARTESIAN_POINT ( 'NONE',  ( -13.00000000000000000, 2.560425558831677773, -54.76378295997704981 ) ) ;
#4461 = DIRECTION ( 'NONE',  ( -0.000000000000000000, 1.000000000000000000, -0.000000000000000000 ) ) ;
#4462 = EDGE_CURVE ( 'NONE', #4560, #2707, #2566, .T. ) ;
#4463 = VERTEX_POINT ( 'NONE', #1468 ) ;
#4464 = VECTOR ( 'NONE', #1132, 1000.000000000000000 ) ;
#4465 = CARTESIAN_POINT ( 'NONE',  ( 19.69872981077818608, 24.99999999999998934, -11.37306695894661068 ) ) ;
#4466 = VERTEX_POINT ( 'NONE', #255 ) ;
#4467 = ADVANCED_FACE ( 'NONE', ( #3114 ), #3517, .F. ) ;
#4468 = ADVANCED_FACE ( 'NONE', ( #5190 ), #3089, .F. ) ;
#4469 = ORIENTED_EDGE ( 'NONE', *, *, #2489, .F. ) ;
#4470 = VERTEX_POINT ( 'NONE', #2688 ) ;
#4471 = AXIS2_PLACEMENT_3D ( 'NONE', #771, #714, #2400 ) ;
#4472 = DIRECTION ( 'NONE',  ( 0.000000000000000000, 0.000000000000000000, -1.000000000000000000 ) ) ;
#4473 = PLANE ( 'NONE',  #2204 ) ;
#4474 = AXIS2_PLACEMENT_3D ( 'NONE', #246, #4746, #1080 ) ;
#4475 = DIRECTION ( 'NONE',  ( 0.8660254037844364872, 1.093959992037873812E-11, 0.5000000000000037748 ) ) ;
#4476 = DIRECTION ( 'NONE',  ( 9.150342046305408731E-17, -0.3976074376343006755, -0.9175556253099239612 ) ) ;
#4477 = CARTESIAN_POINT ( 'NONE',  ( -38.97827009217902372, 2.560425558995898854, 37.51522172915785092 ) ) ;
#4478 = ORIENTED_EDGE ( 'NONE', *, *, #2485, .T. ) ;
#4479 = VECTOR ( 'NONE', #4955, 1000.000000000000227 ) ;
#4480 = PLANE ( 'NONE',  #225 ) ;
#4481 = VECTOR ( 'NONE', #1596, 1000.000000000000114 ) ;
#4482 = DIRECTION ( 'NONE',  ( 0.9976853269444136973, 0.06799991470449485986, 0.000000000000000000 ) ) ;
#4483 = VECTOR ( 'NONE', #1144, 1000.000000000000000 ) ;
#4484 = CIRCLE ( 'NONE', #1436, 4.000000000000000888 ) ;
#4485 = ORIENTED_EDGE ( 'NONE', *, *, #3200, .T. ) ;
#4486 =( BOUNDED_CURVE ( )  B_SPLINE_CURVE ( 3, ( #1894, #2391, #1488, #4742 ),
 .UNSPECIFIED., .F., .T. ) 
 B_SPLINE_CURVE_WITH_KNOTS ( ( 4, 4 ),
 ( 1.133849269965828688, 1.570796326794896558 ),
 .UNSPECIFIED. ) 
 CURVE ( )  GEOMETRIC_REPRESENTATION_ITEM ( )  RATIONAL_B_SPLINE_CURVE ( ( 1.000000000000000000, 0.9841529556955403990, 0.9841529556955403990, 1.000000000000000000 ) ) 
 REPRESENTATION_ITEM ( '' )  );
#4487 = AXIS2_PLACEMENT_3D ( 'NONE', #3158, #2366, #3511 ) ;
#4488 = DIRECTION ( 'NONE',  ( -0.06794757005197363253, -0.9969173337331278528, 0.03922954787482823419 ) ) ;
#4489 = CARTESIAN_POINT ( 'NONE',  ( -10.24999999999999822, 2.769193323034216281, -77.76215258861977020 ) ) ;
#4490 = LINE ( 'NONE', #43, #5280 ) ;
#4491 = PRODUCT_DEFINITION ( 'UNKNOWN', '', #2544, #3601 ) ;
#4492 = DIRECTION ( 'NONE',  ( 1.263193535385782996E-11, -1.000000000000000000, 1.117101765387847829E-16 ) ) ;
#4493 = AXIS2_PLACEMENT_3D ( 'NONE', #2824, #3145, #301 ) ;
#4494 = ORIENTED_EDGE ( 'NONE', *, *, #1549, .F. ) ;
#4495 = EDGE_LOOP ( 'NONE', ( #1111, #4521, #352, #4738 ) ) ;
#4496 = EDGE_CURVE ( 'NONE', #341, #2420, #2229, .T. ) ;
#4497 = CARTESIAN_POINT ( 'NONE',  ( -20.93313789732454211, 32.49999999979933563, -6.257258400011956212 ) ) ;
#4498 = LINE ( 'NONE', #1678, #3046 ) ;
#4499 = ORIENTED_EDGE ( 'NONE', *, *, #3428, .T. ) ;
#4500 = ORIENTED_EDGE ( 'NONE', *, *, #1967, .F. ) ;
#4501 = ORIENTED_EDGE ( 'NONE', *, *, #9, .T. ) ;
#4502 = PLANE ( 'NONE',  #5159 ) ;
#4503 = CARTESIAN_POINT ( 'NONE',  ( -6.711696879515754333, 29.50000000000000355, 3.874999999677218199 ) ) ;
#4504 = CARTESIAN_POINT ( 'NONE',  ( -48.32946049316166182, 15.12062001533923095, 42.91413402422531220 ) ) ;
#4505 = EDGE_CURVE ( 'NONE', #553, #4927, #3781, .T. ) ;
#4506 = EDGE_CURVE ( 'NONE', #2219, #2930, #1900, .T. ) ;
#4507 = LINE ( 'NONE', #1368, #1598 ) ;
#4508 = DIRECTION ( 'NONE',  ( -1.000000000000000000, -1.263193535385782996E-11, -4.329869796038108930E-15 ) ) ;
#4509 = VERTEX_POINT ( 'NONE', #3940 ) ;
#4510 = VERTEX_POINT ( 'NONE', #4755 ) ;
#4511 = CARTESIAN_POINT ( 'NONE',  ( 0.000000000000000000, 0.000000000000000000, 0.000000000000000000 ) ) ;
#4512 = EDGE_CURVE ( 'NONE', #2534, #4396, #664, .T. ) ;
#4513 = EDGE_CURVE ( 'NONE', #2928, #760, #1440, .T. ) ;
#4514 = LINE ( 'NONE', #1106, #2023 ) ;
#4515 = LINE ( 'NONE', #2545, #4479 ) ;
#4516 = VERTEX_POINT ( 'NONE', #3497 ) ;
#4517 = CARTESIAN_POINT ( 'NONE',  ( 19.69872981077818608, 31.93317768707019866, -11.37306695894661068 ) ) ;
#4518 = CARTESIAN_POINT ( 'NONE',  ( 0.8877767538558887228, 32.50000000001122658, 22.59107174623606085 ) ) ;
#4519 = DIRECTION ( 'NONE',  ( 0.5000000000000038858, 6.316266953909630352E-12, -0.8660254037844362651 ) ) ;
#4520 = ORIENTED_EDGE ( 'NONE', *, *, #4932, .T. ) ;
#4521 = ORIENTED_EDGE ( 'NONE', *, *, #2294, .T. ) ;
#4522 = DIRECTION ( 'NONE',  ( 1.000000000000000000, -0.000000000000000000, 0.000000000000000000 ) ) ;
#4523 = CARTESIAN_POINT ( 'NONE',  ( 13.00000000000000000, 2.560425558831678217, -50.26378295997704981 ) ) ;
#4524 = ORIENTED_EDGE ( 'NONE', *, *, #4407, .T. ) ;
#4525 = ORIENTED_EDGE ( 'NONE', *, *, #3211, .T. ) ;
#4526 = EDGE_CURVE ( 'NONE', #4977, #4416, #4258, .T. ) ;
#4527 = DIRECTION ( 'NONE',  ( -0.8660254037844363761, -1.094032272182705910E-11, -0.5000000000000039968 ) ) ;
#4528 = CARTESIAN_POINT ( 'NONE',  ( -13.00000000041054093, 32.49999999983578647, -2.602085213965210642E-15 ) ) ;
#4529 = DIRECTION ( 'NONE',  ( 1.000000000000000000, 0.000000000000000000, 0.000000000000000000 ) ) ;
#4530 = ORIENTED_EDGE ( 'NONE', *, *, #3805, .F. ) ;
#4531 = ORIENTED_EDGE ( 'NONE', *, *, #611, .T. ) ;
#4532 = EDGE_CURVE ( 'NONE', #2247, #3256, #5112, .T. ) ;
#4533 = CARTESIAN_POINT ( 'NONE',  ( -8.660254038048551095, 29.50000000000000355, 8.749999999660788674 ) ) ;
#4534 = DIRECTION ( 'NONE',  ( -9.150342046305408731E-17, 0.3976074376343006755, 0.9175556253099239612 ) ) ;
#4535 = CARTESIAN_POINT ( 'NONE',  ( -9.499999999999994671, 7.430480829895317996, -90.26215258861975599 ) ) ;
#4536 = VERTEX_POINT ( 'NONE', #1004 ) ;
#4537 = EDGE_CURVE ( 'NONE', #760, #978, #1761, .T. ) ;
#4538 = ADVANCED_FACE ( 'NONE', ( #5026 ), #3862, .T. ) ;
#4539 = DIRECTION ( 'NONE',  ( -0.06794757005197368804, -0.9969173337331278528, 0.03922954787482826888 ) ) ;
#4540 = LINE ( 'NONE', #4930, #563 ) ;
#4541 = CARTESIAN_POINT ( 'NONE',  ( 13.00000000000000000, 0.000000000000000000, -91.51215258861977020 ) ) ;
#4542 = VERTEX_POINT ( 'NONE', #4202 ) ;
#4543 = ORIENTED_EDGE ( 'NONE', *, *, #1515, .F. ) ;
#4544 = AXIS2_PLACEMENT_3D ( 'NONE', #1594, #390, #3222 ) ;
#4545 = LINE ( 'NONE', #3381, #135 ) ;
#4546 = CARTESIAN_POINT ( 'NONE',  ( -15.02740606704477244, 26.52011225431519748, -3.044133526906239062 ) ) ;
#4547 = LINE ( 'NONE', #1296, #2792 ) ;
#4548 = AXIS2_PLACEMENT_3D ( 'NONE', #4102, #488, #2461 ) ;
#4549 = ORIENTED_EDGE ( 'NONE', *, *, #1312, .T. ) ;
#4550 = ORIENTED_EDGE ( 'NONE', *, *, #1686, .T. ) ;
#4551 = CARTESIAN_POINT ( 'NONE',  ( 37.54737148389389745, 25.17018433394504839, 8.976279111601005667 ) ) ;
#4552 = VERTEX_POINT ( 'NONE', #244 ) ;
#4553 = ORIENTED_EDGE ( 'NONE', *, *, #4104, .T. ) ;
#4554 = FACE_OUTER_BOUND ( 'NONE', #789, .T. ) ;
#4555 = CARTESIAN_POINT ( 'NONE',  ( 7.794228633649407989, 32.50000000009845991, -4.500000000000008882 ) ) ;
#4556 = CARTESIAN_POINT ( 'NONE',  ( -0.000000000000000000, 0.000000000000000000, 0.000000000000000000 ) ) ;
#4557 = CARTESIAN_POINT ( 'NONE',  ( 16.11104571063843949, 32.50000000000001421, -14.97492992974934722 ) ) ;
#4558 = AXIS2_PLACEMENT_3D ( 'NONE', #1730, #4522, #1324 ) ;
#4559 = CARTESIAN_POINT ( 'NONE',  ( -2.054305424728422338E-10, 32.50000000024801494, 22.67077071078840689 ) ) ;
#4560 = VERTEX_POINT ( 'NONE', #4580 ) ;
#4561 = EDGE_LOOP ( 'NONE', ( #2510, #5102, #2182, #2543, #2767, #2375, #3567 ) ) ;
#4562 = AXIS2_PLACEMENT_3D ( 'NONE', #2662, #4282, #1822 ) ;
#4563 = ADVANCED_BREP_SHAPE_REPRESENTATION ( 'Top_brace', ( #1320, #1405, #3162, #1355, #4933 ), #3397 ) ;
#4564 = VECTOR ( 'NONE', #1036, 1000.000000000000000 ) ;
#4565 = EDGE_CURVE ( 'NONE', #2009, #4552, #250, .T. ) ;
#4566 = FACE_OUTER_BOUND ( 'NONE', #1566, .T. ) ;
#4567 = VECTOR ( 'NONE', #2165, 1000.000000000000000 ) ;
#4568 = EDGE_LOOP ( 'NONE', ( #3970, #2383, #2877, #4003 ) ) ;
#4569 = VECTOR ( 'NONE', #3345, 1000.000000000000000 ) ;
#4570 = DIRECTION ( 'NONE',  ( 0.8660254037844362651, 1.093963277049189342E-11, 0.5000000000000041078 ) ) ;
#4571 = LINE ( 'NONE', #4489, #1659 ) ;
#4572 = AXIS2_PLACEMENT_3D ( 'NONE', #1301, #145, #4640 ) ;
#4573 = EDGE_CURVE ( 'NONE', #3032, #3536, #1081, .T. ) ;
#4574 = EDGE_CURVE ( 'NONE', #1096, #1512, #1694, .T. ) ;
#4575 = DIRECTION ( 'NONE',  ( -0.5000000000000039968, -6.315870933078224007E-12, 0.8660254037844363761 ) ) ;
#4576 = CARTESIAN_POINT ( 'NONE',  ( -4.287341484274347434E-10, 32.50000000000000000, 8.750000000000000000 ) ) ;
#4577 = VERTEX_POINT ( 'NONE', #2986 ) ;
#4578 = VECTOR ( 'NONE', #1925, 1000.000000000000000 ) ;
#4579 = AXIS2_PLACEMENT_3D ( 'NONE', #4804, #1142, #2773 ) ;
#4580 = CARTESIAN_POINT ( 'NONE',  ( 10.15000000000000391, 2.560425558831677773, -54.76378295997704981 ) ) ;
#4581 = CARTESIAN_POINT ( 'NONE',  ( -21.07486312001609008, 32.49999999979252863, -6.798312163407261188 ) ) ;
#4582 = CARTESIAN_POINT ( 'NONE',  ( 19.69872981037463333, 31.93317768731912665, -11.37306695894633002 ) ) ;
#4583 = ORIENTED_EDGE ( 'NONE', *, *, #2039, .F. ) ;
#4584 = ORIENTED_EDGE ( 'NONE', *, *, #2869, .T. ) ;
#4585 = ORIENTED_EDGE ( 'NONE', *, *, #4084, .F. ) ;
#4586 = EDGE_LOOP ( 'NONE', ( #2797, #4422 ) ) ;
#4587 = CARTESIAN_POINT ( 'NONE',  ( 13.02323291842156472, 16.39876268299294182, -34.84900919309321665 ) ) ;
#4588 = CARTESIAN_POINT ( 'NONE',  ( -37.54737148437143190, 25.17018433333160843, 8.976279111325437654 ) ) ;
#4589 = CARTESIAN_POINT ( 'NONE',  ( -9.499999999999994671, 14.25894806489778688, -69.76215258861975599 ) ) ;
#4590 = FACE_OUTER_BOUND ( 'NONE', #3755, .T. ) ;
#4591 = FACE_OUTER_BOUND ( 'NONE', #109, .T. ) ;
#4592 = FACE_OUTER_BOUND ( 'NONE', #166, .T. ) ;
#4593 = ORIENTED_EDGE ( 'NONE', *, *, #2745, .F. ) ;
#4594 = VERTEX_POINT ( 'NONE', #559 ) ;
#4595 = CARTESIAN_POINT ( 'NONE',  ( -48.35735175652364148, 13.31418985356964235, 39.63934051828088201 ) ) ;
#4596 = ORIENTED_EDGE ( 'NONE', *, *, #2463, .F. ) ;
#4597 = EDGE_CURVE ( 'NONE', #690, #5140, #5104, .T. ) ;
#4598 = FACE_OUTER_BOUND ( 'NONE', #1696, .T. ) ;
#4599 = CARTESIAN_POINT ( 'NONE',  ( -13.00000000000000000, 9.333567967613195293, -65.27169672173720016 ) ) ;
#4600 = CARTESIAN_POINT ( 'NONE',  ( -11.00000000000000000, 25.17018433347075046, -37.00511710645933761 ) ) ;
#4601 = ORIENTED_EDGE ( 'NONE', *, *, #2326, .T. ) ;
#4602 = ORIENTED_EDGE ( 'NONE', *, *, #3353, .F. ) ;
#4603 = ADVANCED_FACE ( 'NONE', ( #927 ), #2176, .F. ) ;
#4604 = CARTESIAN_POINT ( 'NONE',  ( -30.64793074121487493, 26.33120978289742453, 2.004437506724502160 ) ) ;
#4605 = FACE_OUTER_BOUND ( 'NONE', #2014, .T. ) ;
#4606 = CARTESIAN_POINT ( 'NONE',  ( -48.75266320371120088, -1.994556771047720556, 13.13625622547212757 ) ) ;
#4607 = DIRECTION ( 'NONE',  ( 0.8660254037844360431, 1.093955173361550972E-11, 0.5000000000000046629 ) ) ;
#4608 = VERTEX_POINT ( 'NONE', #1358 ) ;
#4609 = CARTESIAN_POINT ( 'NONE',  ( 2.755455298081543299E-16, 29.50000000000000355, -12.25000000000000000 ) ) ;
#4610 = VERTEX_POINT ( 'NONE', #3063 ) ;
#4611 = ADVANCED_FACE ( 'NONE', ( #1464 ), #4316, .T. ) ;
#4612 = ADVANCED_FACE ( 'NONE', ( #4234 ), #590, .T. ) ;
#4613 = ORIENTED_EDGE ( 'NONE', *, *, #3340, .F. ) ;
#4614 = CARTESIAN_POINT ( 'NONE',  ( 37.56899659385278767, 15.92795905006496149, 6.679363297831125479 ) ) ;
#4615 = CYLINDRICAL_SURFACE ( 'NONE', #3058, 2.250000000000001776 ) ;
#4616 = DIRECTION ( 'NONE',  ( -0.8660254037844399289, -1.093952106031540068E-11, 0.4999999999999977796 ) ) ;
#4617 = CARTESIAN_POINT ( 'NONE',  ( -15.88551368070526415, 32.50000000000000000, -14.99999999999999467 ) ) ;
#4618 = CARTESIAN_POINT ( 'NONE',  ( 19.63346335922303609, 32.50000000000000000, -11.33538535557219618 ) ) ;
#4619 = LINE ( 'NONE', #1851, #2612 ) ;
#4620 = EDGE_LOOP ( 'NONE', ( #1545, #3430 ) ) ;
#4621 = ORIENTED_EDGE ( 'NONE', *, *, #2094, .T. ) ;
#4622 = CYLINDRICAL_SURFACE ( 'NONE', #2425, 3.749999999991793675 ) ;
#4623 = SPHERICAL_SURFACE ( 'NONE', #4144, 2.000000000000000000 ) ;
#4624 = CARTESIAN_POINT ( 'NONE',  ( -4.091221797748918476, 25.00000000022483704, 22.91379598126590977 ) ) ;
#4625 = ORIENTED_EDGE ( 'NONE', *, *, #891, .T. ) ;
#4626 = CARTESIAN_POINT ( 'NONE',  ( -38.54737148437143901, 25.17018433330633442, 7.244228303756560905 ) ) ;
#4627 = FACE_BOUND ( 'NONE', #3141, .T. ) ;
#4628 = B_SPLINE_CURVE_WITH_KNOTS ( 'NONE', 3,
 ( #3134, #1126, #4769, #4789 ),
 .UNSPECIFIED., .F., .F.,
 ( 4, 4 ),
 ( 0.000000000000000000, 0.001693748359486118736 ),
 .UNSPECIFIED. ) ;
#4629 = CARTESIAN_POINT ( 'NONE',  ( 17.79831851835179179, 25.00000000000000711, -14.99999999999999645 ) ) ;
#4630 = EDGE_CURVE ( 'NONE', #3424, #869, #1870, .T. ) ;
#4631 = AXIS2_PLACEMENT_3D ( 'NONE', #509, #2130, #3767 ) ;
#4632 = VERTEX_POINT ( 'NONE', #1541 ) ;
#4633 = CARTESIAN_POINT ( 'NONE',  ( -49.32946049316164050, 15.12062001531396582, 41.18208321665643012 ) ) ;
#4634 = EDGE_LOOP ( 'NONE', ( #3655, #4268 ) ) ;
#4635 = ORIENTED_EDGE ( 'NONE', *, *, #3996, .F. ) ;
#4636 = CIRCLE ( 'NONE', #2761, 2.250000000000002220 ) ;
#4637 = DIRECTION ( 'NONE',  ( 0.4999999999991319721, 0.000000000000000000, 0.8660254037849398623 ) ) ;
#4638 = EDGE_CURVE ( 'NONE', #4330, #612, #1562, .T. ) ;
#4639 = EDGE_CURVE ( 'NONE', #210, #515, #1601, .T. ) ;
#4640 = DIRECTION ( 'NONE',  ( 0.000000000000000000, 0.000000000000000000, -1.000000000000000000 ) ) ;
#4641 = DIRECTION ( 'NONE',  ( 0.8660254037844433705, -1.084202172485504434E-16, -0.4999999999999918399 ) ) ;
#4642 = ORIENTED_EDGE ( 'NONE', *, *, #876, .F. ) ;
#4643 = DIRECTION ( 'NONE',  ( 0.8633557364849446802, 0.07845909573875178844, 0.4984586668665679232 ) ) ;
#4644 = ORIENTED_EDGE ( 'NONE', *, *, #2294, .F. ) ;
#4645 = ORIENTED_EDGE ( 'NONE', *, *, #1140, .T. ) ;
#4646 = VECTOR ( 'NONE', #3857, 1000.000000000000000 ) ;
#4647 = EDGE_LOOP ( 'NONE', ( #1575, #3143, #5233, #5289, #2174, #1218, #4169 ) ) ;
#4648 = AXIS2_PLACEMENT_3D ( 'NONE', #3164, #3575, #3544 ) ;
#4649 = FACE_OUTER_BOUND ( 'NONE', #2243, .T. ) ;
#4650 = EDGE_LOOP ( 'NONE', ( #3116, #4766, #3140, #2049, #1166 ) ) ;
#4651 = DIRECTION ( 'NONE',  ( 0.8216423276428942435, -0.3160250737461680060, 0.4743754190399160908 ) ) ;
#4652 = DIRECTION ( 'NONE',  ( 0.5000000000004347633, 0.000000000000000000, -0.8660254037841875752 ) ) ;
#4653 = DIRECTION ( 'NONE',  ( 0.000000000000000000, -3.508827503880943632E-16, 1.000000000000000000 ) ) ;
#4654 = AXIS2_PLACEMENT_3D ( 'NONE', #3696, #468, #810 ) ;
#4655 = AXIS2_PLACEMENT_3D ( 'NONE', #1371, #3713, #3685 ) ;
#4656 = ORIENTED_EDGE ( 'NONE', *, *, #4274, .T. ) ;
#4657 = VECTOR ( 'NONE', #1482, 1000.000000000000000 ) ;
#4658 = AXIS2_PLACEMENT_3D ( 'NONE', #4690, #1821, #195 ) ;
#4659 = CARTESIAN_POINT ( 'NONE',  ( 59.28947042610406726, 4.888220500092773868, 21.52908578848575161 ) ) ;
#4660 = CARTESIAN_POINT ( 'NONE',  ( -9.499999999999994671, 7.430480829895317996, -89.51215258861975599 ) ) ;
#4661 = DIRECTION ( 'NONE',  ( 0.8660254037844362651, 1.093963244644391107E-11, 0.5000000000000041078 ) ) ;
#4662 = CARTESIAN_POINT ( 'NONE',  ( -18.28962502314378824, 28.22871145937128290, 23.96743427204872745 ) ) ;
#4663 = DIRECTION ( 'NONE',  ( 0.4999999999991312505, 0.000000000000000000, 0.8660254037849401954 ) ) ;
#4664 =( NAMED_UNIT ( * ) SI_UNIT ( $, .STERADIAN. ) SOLID_ANGLE_UNIT ( ) );
#4665 = VECTOR ( 'NONE', #2457, 1000.000000000000000 ) ;
#4666 = CIRCLE ( 'NONE', #163, 2.250000000000000444 ) ;
#4667 = CYLINDRICAL_SURFACE ( 'NONE', #1567, 2.250000000000001776 ) ;
#4668 =( BOUNDED_CURVE ( )  B_SPLINE_CURVE ( 3, ( #5062, #3476, #3396, #256 ),
 .UNSPECIFIED., .F., .F. ) 
 B_SPLINE_CURVE_WITH_KNOTS ( ( 4, 4 ),
 ( 0.000000000000000000, 1.570796326794903663 ),
 .UNSPECIFIED. ) 
 CURVE ( )  GEOMETRIC_REPRESENTATION_ITEM ( )  RATIONAL_B_SPLINE_CURVE ( ( 1.000000000000000000, 0.8047378541243632721, 0.8047378541243632721, 1.000000000000000000 ) ) 
 REPRESENTATION_ITEM ( '' )  );
#4669 = ORIENTED_EDGE ( 'NONE', *, *, #4378, .F. ) ;
#4670 = ADVANCED_FACE ( 'NONE', ( #3570, #3185 ), #1968, .F. ) ;
#4671 = AXIS2_PLACEMENT_3D ( 'NONE', #5129, #3886, #3459 ) ;
#4672 =( NAMED_UNIT ( * ) SI_UNIT ( $, .STERADIAN. ) SOLID_ANGLE_UNIT ( ) );
#4673 = CARTESIAN_POINT ( 'NONE',  ( -19.11961116632715374, 32.50000000000000000, -12.06569351641625865 ) ) ;
#4674 = DIRECTION ( 'NONE',  ( -0.8633557364864382633, 0.07845909572784601216, 0.4984586668656976194 ) ) ;
#4675 = ORIENTED_EDGE ( 'NONE', *, *, #1299, .T. ) ;
#4676 = AXIS2_PLACEMENT_3D ( 'NONE', #5274, #1221, #355 ) ;
#4677 = CYLINDRICAL_SURFACE ( 'NONE', #1502, 20.00000000000000711 ) ;
#4678 = EDGE_LOOP ( 'NONE', ( #3831, #2766, #3775, #4602 ) ) ;
#4679 = ORIENTED_EDGE ( 'NONE', *, *, #5141, .T. ) ;
#4680 = EDGE_CURVE ( 'NONE', #2389, #1901, #4015, .T. ) ;
#4681 = CARTESIAN_POINT ( 'NONE',  ( -1.773711940204396598, 32.50000000023472069, 22.48066397187774612 ) ) ;
#4682 = EDGE_LOOP ( 'NONE', ( #180, #4367, #4207, #1, #2228 ) ) ;
#4683 = EDGE_CURVE ( 'NONE', #5237, #2861, #319, .T. ) ;
#4684 = EDGE_CURVE ( 'NONE', #4811, #3901, #4628, .T. ) ;
#4685 = CARTESIAN_POINT ( 'NONE',  ( 62.07083487745575923, -6.507771764985241347, 21.98287951894821646 ) ) ;
#4686 = CARTESIAN_POINT ( 'NONE',  ( -9.499999999999994671, 7.430480829895317996, -90.26215258861975599 ) ) ;
#4687 = CARTESIAN_POINT ( 'NONE',  ( -39.01022899033394964, -7.467592100131261290, 37.53367320775686977 ) ) ;
#4688 = ORIENTED_EDGE ( 'NONE', *, *, #252, .T. ) ;
#4689 = CARTESIAN_POINT ( 'NONE',  ( -19.54553798075226467, 32.02542403125033843, -11.64030062392379783 ) ) ;
#4690 = CARTESIAN_POINT ( 'NONE',  ( 59.60274901990477758, 14.96370182447222419, 19.40055619226292194 ) ) ;
#4691 = B_SPLINE_CURVE_WITH_KNOTS ( 'NONE', 3,
 ( #3806, #161, #4518, #42, #920, #838, #554, #2981, #3320, #3404, #100, #127, #2571, #2549 ),
 .UNSPECIFIED., .F., .F.,
 ( 4, 2, 2, 2, 2, 2, 4 ),
 ( 2.349691878648368272E-18, 0.001332396190605032206, 0.002664792381210061810, 0.003997188571815092281, 0.004663386667117608818, 0.004996485714768865785, 0.005329584762420121885 ),
 .UNSPECIFIED. ) ;
#4692 = DIRECTION ( 'NONE',  ( -1.000000000000000000, 0.000000000000000000, 0.000000000000000000 ) ) ;
#4693 = FACE_OUTER_BOUND ( 'NONE', #2827, .T. ) ;
#4694 = ORIENTED_EDGE ( 'NONE', *, *, #2359, .T. ) ;
#4695 = CARTESIAN_POINT ( 'NONE',  ( 13.00000000000000000, 2.769193323034216281, -80.01215258861977020 ) ) ;
#4696 = CARTESIAN_POINT ( 'NONE',  ( 19.69872981077818608, 32.12545848942401250, -11.37306695894661246 ) ) ;
#4697 = EDGE_CURVE ( 'NONE', #3933, #1893, #367, .T. ) ;
#4698 =( BOUNDED_CURVE ( )  B_SPLINE_CURVE ( 3, ( #4346, #4369, #716, #3552 ),
 .UNSPECIFIED., .F., .F. ) 
 B_SPLINE_CURVE_WITH_KNOTS ( ( 4, 4 ),
 ( 3.141592653589793116, 4.712388980384688786 ),
 .UNSPECIFIED. ) 
 CURVE ( )  GEOMETRIC_REPRESENTATION_ITEM ( )  RATIONAL_B_SPLINE_CURVE ( ( 1.000000000000000000, 0.8047378541243652705, 0.8047378541243652705, 1.000000000000000000 ) ) 
 REPRESENTATION_ITEM ( '' )  );
#4699 = DIRECTION ( 'NONE',  ( 0.8660254037844412611, 0.000000000000000000, 0.4999999999999955036 ) ) ;
#4700 = ORIENTED_EDGE ( 'NONE', *, *, #2657, .T. ) ;
#4701 = FACE_OUTER_BOUND ( 'NONE', #4682, .T. ) ;
#4702 = ORIENTED_EDGE ( 'NONE', *, *, #4630, .T. ) ;
#4703 = VERTEX_POINT ( 'NONE', #2677 ) ;
#4704 = CARTESIAN_POINT ( 'NONE',  ( -4.389999648524156584E-10, 32.50001200000000523, 9.000000000000001776 ) ) ;
#4705 = CARTESIAN_POINT ( 'NONE',  ( 6.711696878956740164, 29.50000000008478196, 3.875000000000027978 ) ) ;
#4706 = ADVANCED_FACE ( 'NONE', ( #289 ), #3577, .T. ) ;
#4707 = EDGE_LOOP ( 'NONE', ( #4399, #3154, #2500, #3557, #259, #864, #1540 ) ) ;
#4708 = DIRECTION ( 'NONE',  ( 0.000000000000000000, -0.3160250737565468704, -0.9487508380798244101 ) ) ;
#4709 = CARTESIAN_POINT ( 'NONE',  ( 10.15000000000000568, 12.00000000000000178, -44.99999999999998579 ) ) ;
#4710 = EDGE_CURVE ( 'NONE', #4123, #3901, #4871, .T. ) ;
#4711 = EDGE_CURVE ( 'NONE', #51, #4466, #4486, .T. ) ;
#4712 = ORIENTED_EDGE ( 'NONE', *, *, #2816, .F. ) ;
#4713 = CARTESIAN_POINT ( 'NONE',  ( -55.51618189916995050, 5.045138690799529257, 32.05228256379172080 ) ) ;
#4714 = CARTESIAN_POINT ( 'NONE',  ( -16.79336442342523839, -1.952349823041320986, 24.70676046942250181 ) ) ;
#4715 = CARTESIAN_POINT ( 'NONE',  ( -8.660254038030752000, 32.50000000000000000, 2.749999999677200435 ) ) ;
#4716 = CARTESIAN_POINT ( 'NONE',  ( 7.794228634074159778, 32.50001200000000523, -4.499999999975388576 ) ) ;
#4717 = LINE ( 'NONE', #2715, #3269 ) ;
#4718 =( NAMED_UNIT ( * ) PLANE_ANGLE_UNIT ( ) SI_UNIT ( $, .RADIAN. ) );
#4719 = VECTOR ( 'NONE', #3305, 1000.000000000000000 ) ;
#4720 = CARTESIAN_POINT ( 'NONE',  ( 19.63346335922303609, 32.50000000000000000, -11.33538535557219618 ) ) ;
#4721 = CYLINDRICAL_SURFACE ( 'NONE', #4745, 2.250000000000000000 ) ;
#4722 = CARTESIAN_POINT ( 'NONE',  ( 17.67228417052934475, 28.10927142217931518, 25.75385090907960262 ) ) ;
#4723 = ORIENTED_EDGE ( 'NONE', *, *, #4875, .T. ) ;
#4724 = ORIENTED_EDGE ( 'NONE', *, *, #666, .F. ) ;
#4725 = CARTESIAN_POINT ( 'NONE',  ( 63.02694750901989806, 9.333567968409349547, 21.37751811167119698 ) ) ;
#4726 = VECTOR ( 'NONE', #3186, 1000.000000000000000 ) ;
#4727 = DIRECTION ( 'NONE',  ( -0.4999999999999998890, -0.000000000000000000, 0.8660254037844387076 ) ) ;
#4728 = CARTESIAN_POINT ( 'NONE',  ( 11.90784930166337752, 32.50000000000000000, 3.125000000000051514 ) ) ;
#4729 =( BOUNDED_CURVE ( )  B_SPLINE_CURVE ( 3, ( #4551, #2906, #4186, #539 ),
 .UNSPECIFIED., .F., .F. ) 
 B_SPLINE_CURVE_WITH_KNOTS ( ( 4, 4 ),
 ( 1.570796326794896780, 2.007743383623952216 ),
 .UNSPECIFIED. ) 
 CURVE ( )  GEOMETRIC_REPRESENTATION_ITEM ( )  RATIONAL_B_SPLINE_CURVE ( ( 1.000000000000000000, 0.9841529556955412872, 0.9841529556955412872, 1.000000000000000000 ) ) 
 REPRESENTATION_ITEM ( '' )  );
#4730 = DIRECTION ( 'NONE',  ( 0.000000000000000000, 0.000000000000000000, -1.000000000000000000 ) ) ;
#4731 = VECTOR ( 'NONE', #1804, 1000.000000000000114 ) ;
#4732 = ORIENTED_EDGE ( 'NONE', *, *, #1246, .F. ) ;
#4733 = VECTOR ( 'NONE', #2097, 1000.000000000000000 ) ;
#4734 = EDGE_CURVE ( 'NONE', #4416, #820, #5059, .T. ) ;
#4735 = DIRECTION ( 'NONE',  ( -0.8633557364864382633, 0.07845909572784601216, 0.4984586668656976194 ) ) ;
#4736 = CARTESIAN_POINT ( 'NONE',  ( -16.79336442342523839, -1.952349823041320986, 24.70676046942250181 ) ) ;
#4737 = CIRCLE ( 'NONE', #4471, 19.99999999999999645 ) ;
#4738 = ORIENTED_EDGE ( 'NONE', *, *, #3942, .F. ) ;
#4739 = ORIENTED_EDGE ( 'NONE', *, *, #3053, .F. ) ;
#4740 = EDGE_LOOP ( 'NONE', ( #3317, #1274, #733, #2838 ) ) ;
#4741 = ADVANCED_FACE ( 'NONE', ( #684 ), #4957, .T. ) ;
#4742 = CARTESIAN_POINT ( 'NONE',  ( 11.00000000000000178, 25.17018433347055506, -37.00511710645991315 ) ) ;
#4743 = EDGE_CURVE ( 'NONE', #1415, #847, #389, .T. ) ;
#4744 = VECTOR ( 'NONE', #3266, 1000.000000000000000 ) ;
#4745 = AXIS2_PLACEMENT_3D ( 'NONE', #4317, #2645, #5116 ) ;
#4746 = DIRECTION ( 'NONE',  ( 0.8216423276428942435, -0.3160250737461678949, 0.4743754190399160353 ) ) ;
#4747 = CIRCLE ( 'NONE', #1861, 2.250000000000000444 ) ;
#4748 = LINE ( 'NONE', #3494, #2929 ) ;
#4749 = AXIS2_PLACEMENT_3D ( 'NONE', #2055, #4918, #4508 ) ;
#4750 = ADVANCED_FACE ( 'NONE', ( #1263 ), #3692, .T. ) ;
#4751 = CARTESIAN_POINT ( 'NONE',  ( 19.63346335881238502, 32.50000000024800073, -11.33538535557194393 ) ) ;
#4752 = AXIS2_PLACEMENT_3D ( 'NONE', #5220, #1503, #1555 ) ;
#4753 =( GEOMETRIC_REPRESENTATION_CONTEXT ( 3 ) GLOBAL_UNCERTAINTY_ASSIGNED_CONTEXT ( ( #1089 ) ) GLOBAL_UNIT_ASSIGNED_CONTEXT ( ( #3866, #595, #4664 ) ) REPRESENTATION_CONTEXT ( 'NONE', 'WORKASPACE' ) );
#4754 = ORIENTED_EDGE ( 'NONE', *, *, #918, .T. ) ;
#4755 = CARTESIAN_POINT ( 'NONE',  ( 13.00000000000000000, -1.994556770883511243, -48.78917294929692616 ) ) ;
#4756 = ORIENTED_EDGE ( 'NONE', *, *, #952, .T. ) ;
#4757 = ORIENTED_EDGE ( 'NONE', *, *, #2946, .T. ) ;
#4758 = DIRECTION ( 'NONE',  ( -0.4905221900492636733, 0.8241261886158178784, -0.2832031184624199116 ) ) ;
#4759 = VECTOR ( 'NONE', #808, 1000.000000000000000 ) ;
#4760 = CIRCLE ( 'NONE', #1590, 2.000000000000000888 ) ;
#4761 = DIRECTION ( 'NONE',  ( 0.000000000000000000, 0.000000000000000000, -1.000000000000000000 ) ) ;
#4762 = DIRECTION ( 'NONE',  ( -0.8660254037844434816, 1.927470528863120528E-16, 0.4999999999999916178 ) ) ;
#4763 = ORIENTED_EDGE ( 'NONE', *, *, #3764, .T. ) ;
#4764 = DIRECTION ( 'NONE',  ( 0.000000000000000000, -0.9969173337331278528, -0.07845909572784597052 ) ) ;
#4765 = CYLINDRICAL_SURFACE ( 'NONE', #2786, 2.000000000000002220 ) ;
#4766 = ORIENTED_EDGE ( 'NONE', *, *, #1877, .T. ) ;
#4767 = ORIENTED_EDGE ( 'NONE', *, *, #4597, .F. ) ;
#4768 = VERTEX_POINT ( 'NONE', #3649 ) ;
#4769 = CARTESIAN_POINT ( 'NONE',  ( -13.00742564511322641, 16.17414404446264697, -35.36735989739389652 ) ) ;
#4770 = DIRECTION ( 'NONE',  ( -0.06794757005197363253, -0.9969173337331278528, 0.03922954787482822725 ) ) ;
#4771 = FACE_BOUND ( 'NONE', #1977, .T. ) ;
#4772 = DIRECTION ( 'NONE',  ( 1.000000000000000000, -0.000000000000000000, -0.000000000000000000 ) ) ;
#4773 = ADVANCED_FACE ( 'NONE', ( #1207, #2438 ), #860, .T. ) ;
#4774 = ORIENTED_EDGE ( 'NONE', *, *, #3840, .F. ) ;
#4775 = ADVANCED_FACE ( 'NONE', ( #41 ), #3242, .T. ) ;
#4776 = EDGE_CURVE ( 'NONE', #868, #4392, #5222, .T. ) ;
#4777 = EDGE_LOOP ( 'NONE', ( #2449, #71, #4042, #3274, #3364, #2132 ) ) ;
#4778 = CARTESIAN_POINT ( 'NONE',  ( 0.000000000000000000, 32.50000000000000000, -10.00000000000000000 ) ) ;
#4779 = ORIENTED_EDGE ( 'NONE', *, *, #2954, .F. ) ;
#4780 = CARTESIAN_POINT ( 'NONE',  ( 54.05111468962005716, 4.809761404284548902, 28.60834940473355914 ) ) ;
#4781 = CARTESIAN_POINT ( 'NONE',  ( 37.54737148389389745, 25.17018433394504839, 8.976279111601005667 ) ) ;
#4782 = EDGE_LOOP ( 'NONE', ( #3625, #4584, #2542, #4444 ) ) ;
#4783 = DIRECTION ( 'NONE',  ( 0.000000000000000000, 0.000000000000000000, -1.000000000000000000 ) ) ;
#4784 = LINE ( 'NONE', #1008, #567 ) ;
#4785 = CARTESIAN_POINT ( 'NONE',  ( -24.12531931347591652, 16.17414404462695643, 28.94844099502502743 ) ) ;
#4786 = ORIENTED_EDGE ( 'NONE', *, *, #160, .T. ) ;
#4787 = ORIENTED_EDGE ( 'NONE', *, *, #4407, .F. ) ;
#4788 = VERTEX_POINT ( 'NONE', #497 ) ;
#4789 = CARTESIAN_POINT ( 'NONE',  ( -13.02323291842154696, 16.39876268299294182, -34.84900919309321665 ) ) ;
#4790 = CARTESIAN_POINT ( 'NONE',  ( -50.55327009217884182, 2.560425558703469662, 17.46673363154798864 ) ) ;
#4791 = PLANE ( 'NONE',  #2191 ) ;
#4792 = DIRECTION ( 'NONE',  ( -0.5000000000000003331, -0.000000000000000000, -0.8660254037844384856 ) ) ;
#4793 = ORIENTED_EDGE ( 'NONE', *, *, #892, .F. ) ;
#4794 = EDGE_CURVE ( 'NONE', #3072, #260, #4851, .T. ) ;
#4795 = DIRECTION ( 'NONE',  ( 1.000000000000000000, 0.000000000000000000, 0.000000000000000000 ) ) ;
#4796 = CARTESIAN_POINT ( 'NONE',  ( 21.06650366419320974, 32.50000000026611247, -6.685449981499493433 ) ) ;
#4797 = VERTEX_POINT ( 'NONE', #1234 ) ;
#4798 = EDGE_LOOP ( 'NONE', ( #2965, #1651 ) ) ;
#4799 = DIRECTION ( 'NONE',  ( -0.5000000000000015543, -6.317671737438548187E-12, 0.8660254037844378194 ) ) ;
#4800 = DIRECTION ( 'NONE',  ( 0.000000000000000000, 0.000000000000000000, 1.000000000000000000 ) ) ;
#4801 = DIRECTION ( 'NONE',  ( 0.8633557364849447913, 0.07845909573875116394, 0.4984586668665679787 ) ) ;
#4802 = EDGE_CURVE ( 'NONE', #1362, #341, #470, .T. ) ;
#4803 = EDGE_CURVE ( 'NONE', #1883, #25, #4108, .T. ) ;
#4804 = CARTESIAN_POINT ( 'NONE',  ( -47.60274902018876730, 14.96370182385827619, 40.18516588292503400 ) ) ;
#4805 = CARTESIAN_POINT ( 'NONE',  ( 7.794228633649407989, 32.50001200009845803, -4.500000000000008882 ) ) ;
#4806 = CARTESIAN_POINT ( 'NONE',  ( -13.00000000000000000, 0.000000000000000000, 0.000000000000000000 ) ) ;
#4807 = ORIENTED_EDGE ( 'NONE', *, *, #2038, .F. ) ;
#4808 = LINE ( 'NONE', #2784, #2763 ) ;
#4809 = AXIS2_PLACEMENT_3D ( 'NONE', #1563, #1208, #4388 ) ;
#4810 = DIRECTION ( 'NONE',  ( 0.8660254037844367092, 1.093955173361551780E-11, 0.5000000000000035527 ) ) ;
#4811 = VERTEX_POINT ( 'NONE', #3263 ) ;
#4812 = ORIENTED_EDGE ( 'NONE', *, *, #1025, .F. ) ;
#4813 = ORIENTED_EDGE ( 'NONE', *, *, #4537, .T. ) ;
#4814 = CIRCLE ( 'NONE', #977, 2.250000000000000000 ) ;
#4815 = CARTESIAN_POINT ( 'NONE',  ( -13.00000000000000178, 6.803577524191676495, -92.14420273613285417 ) ) ;
#4816 = DIRECTION ( 'NONE',  ( 0.000000000000000000, 0.000000000000000000, 1.000000000000000000 ) ) ;
#4817 = LINE ( 'NONE', #1159, #2026 ) ;
#4818 = DIRECTION ( 'NONE',  ( 0.5000000000000003331, 0.000000000000000000, 0.8660254037844384856 ) ) ;
#4819 =( GEOMETRIC_REPRESENTATION_CONTEXT ( 3 ) GLOBAL_UNCERTAINTY_ASSIGNED_CONTEXT ( ( #4882 ) ) GLOBAL_UNIT_ASSIGNED_CONTEXT ( ( #534, #3786, #5197 ) ) REPRESENTATION_CONTEXT ( 'NONE', 'WORKASPACE' ) );
#4820 = ORIENTED_EDGE ( 'NONE', *, *, #2203, .F. ) ;
#4821 = VECTOR ( 'NONE', #961, 1000.000000000000114 ) ;
#4822 = LINE ( 'NONE', #4546, #3198 ) ;
#4823 = ORIENTED_EDGE ( 'NONE', *, *, #544, .F. ) ;
#4824 = CIRCLE ( 'NONE', #3974, 1.999999999999998446 ) ;
#4825 = VECTOR ( 'NONE', #987, 1000.000000000000114 ) ;
#4826 = ORIENTED_EDGE ( 'NONE', *, *, #576, .F. ) ;
#4827 = DIRECTION ( 'NONE',  ( 0.8633557364849445692, 0.07845909573875187171, 0.4984586668665679787 ) ) ;
#4828 = EDGE_CURVE ( 'NONE', #5199, #2129, #4441, .T. ) ;
#4829 = EDGE_LOOP ( 'NONE', ( #1473, #4940, #4166, #1727 ) ) ;
#4830 = VERTEX_POINT ( 'NONE', #4141 ) ;
#4831 = CARTESIAN_POINT ( 'NONE',  ( 6.499999999842145826, 24.99999999991789323, -11.25833024947116989 ) ) ;
#4832 = VECTOR ( 'NONE', #625, 1000.000000000000227 ) ;
#4833 = CIRCLE ( 'NONE', #2697, 2.249999999999998224 ) ;
#4834 = DIRECTION ( 'NONE',  ( -0.000000000000000000, -1.000000000000000000, -0.000000000000000000 ) ) ;
#4835 = DIRECTION ( 'NONE',  ( 0.000000000000000000, 0.000000000000000000, 1.000000000000000000 ) ) ;
#4836 = DIRECTION ( 'NONE',  ( 1.000000000000000000, -0.000000000000000000, 0.000000000000000000 ) ) ;
#4837 = AXIS2_PLACEMENT_3D ( 'NONE', #720, #280, #3121 ) ;
#4838 = DIRECTION ( 'NONE',  ( 0.4999999999999919509, 1.263193535385778149E-11, 0.8660254037844432595 ) ) ;
#4839 = ORIENTED_EDGE ( 'NONE', *, *, #826, .F. ) ;
#4840 = AXIS2_PLACEMENT_3D ( 'NONE', #5242, #2098, #2470 ) ;
#4841 = EDGE_CURVE ( 'NONE', #3612, #3332, #4242, .T. ) ;
#4842 = LINE ( 'NONE', #1177, #1229 ) ;
#4843 = VECTOR ( 'NONE', #2757, 1000.000000000000114 ) ;
#4844 = CARTESIAN_POINT ( 'NONE',  ( -63.00000000000000000, -7.958078640513121048E-10, -36.37306695894680786 ) ) ;
#4845 = FACE_OUTER_BOUND ( 'NONE', #5252, .T. ) ;
#4846 = VERTEX_POINT ( 'NONE', #1701 ) ;
#4847 = EDGE_CURVE ( 'NONE', #1057, #869, #3319, .T. ) ;
#4848 = ORIENTED_EDGE ( 'NONE', *, *, #1478, .T. ) ;
#4849 = ADVANCED_FACE ( 'NONE', ( #4896 ), #2863, .T. ) ;
#4850 = AXIS2_PLACEMENT_3D ( 'NONE', #1114, #2348, #3976 ) ;
#4851 = LINE ( 'NONE', #1620, #4928 ) ;
#4852 = DIRECTION ( 'NONE',  ( 1.000000000000000000, -0.000000000000000000, -0.000000000000000000 ) ) ;
#4853 = DIRECTION ( 'NONE',  ( -0.4999999999999919509, -1.263193535385777987E-11, -0.8660254037844432595 ) ) ;
#4854 = DIRECTION ( 'NONE',  ( 0.5000000000000041078, 6.315879058740029733E-12, -0.8660254037844362651 ) ) ;
#4855 = LINE ( 'NONE', #2717, #4464 ) ;
#4856 = VERTEX_POINT ( 'NONE', #2519 ) ;
#4857 = ORIENTED_EDGE ( 'NONE', *, *, #4937, .T. ) ;
#4858 = DIRECTION ( 'NONE',  ( -0.8660254037844378194, -2.602085213965205908E-15, -0.5000000000000013323 ) ) ;
#4859 = CYLINDRICAL_SURFACE ( 'NONE', #4284, 2.000000000000000888 ) ;
#4860 = FACE_OUTER_BOUND ( 'NONE', #1164, .T. ) ;
#4861 = LINE ( 'NONE', #3582, #754 ) ;
#4862 = DIRECTION ( 'NONE',  ( 1.000000000000000000, -8.125661806746624109E-18, 1.032463225334366069E-16 ) ) ;
#4863 = CARTESIAN_POINT ( 'NONE',  ( 48.75266320374880991, -1.994556770267664092, 13.13625622545098359 ) ) ;
#4864 = CYLINDRICAL_SURFACE ( 'NONE', #3283, 2.250000000000000000 ) ;
#4865 = ORIENTED_EDGE ( 'NONE', *, *, #2327, .F. ) ;
#4866 = CARTESIAN_POINT ( 'NONE',  ( -10.24999999999999822, 2.769193323034216281, -80.01215258861977020 ) ) ;
#4867 = PLANE ( 'NONE',  #1412 ) ;
#4868 = ADVANCED_FACE ( 'NONE', ( #126 ), #3876, .F. ) ;
#4869 = DIRECTION ( 'NONE',  ( 0.000000000000000000, 0.000000000000000000, -1.000000000000000000 ) ) ;
#4870 = ORIENTED_EDGE ( 'NONE', *, *, #3108, .F. ) ;
#4871 =( BOUNDED_CURVE ( )  B_SPLINE_CURVE ( 3, ( #344, #3593, #4418, #5228 ),
 .UNSPECIFIED., .F., .F. ) 
 B_SPLINE_CURVE_WITH_KNOTS ( ( 4, 4 ),
 ( 4.270706222613695147, 4.681903103082007078 ),
 .UNSPECIFIED. ) 
 CURVE ( )  GEOMETRIC_REPRESENTATION_ITEM ( )  RATIONAL_B_SPLINE_CURVE ( ( 1.000000000000000000, 0.9859593242880247965, 0.9859593242880247965, 1.000000000000000000 ) ) 
 REPRESENTATION_ITEM ( '' )  );
#4872 = ORIENTED_EDGE ( 'NONE', *, *, #2158, .F. ) ;
#4873 = DIRECTION ( 'NONE',  ( 0.06794757007086255074, -0.9969173337322696504, 0.03922954786392340853 ) ) ;
#4874 = DIRECTION ( 'NONE',  ( 0.000000000000000000, 1.000000000000000000, 0.000000000000000000 ) ) ;
#4875 = EDGE_CURVE ( 'NONE', #868, #650, #4064, .T. ) ;
#4876 = EDGE_CURVE ( 'NONE', #5227, #5140, #4179, .T. ) ;
#4877 = CARTESIAN_POINT ( 'NONE',  ( 3.247595264191645015, 29.50000000000000355, -11.87500000000000000 ) ) ;
#4878 = VERTEX_POINT ( 'NONE', #1038 ) ;
#4879 = B_SPLINE_CURVE_WITH_KNOTS ( 'NONE', 3,
 ( #979, #4240, #1845, #1897 ),
 .UNSPECIFIED., .F., .F.,
 ( 4, 4 ),
 ( 0.000000000000000000, 0.001693748359486771425 ),
 .UNSPECIFIED. ) ;
#4880 = DIRECTION ( 'NONE',  ( 0.7137142152635537196, 0.5664062369338506153, 0.4120630943110103472 ) ) ;
#4881 = ORIENTED_EDGE ( 'NONE', *, *, #4021, .T. ) ;
#4882 = UNCERTAINTY_MEASURE_WITH_UNIT (LENGTH_MEASURE( 1.000000000000000082E-05 ), #534, 'distance_accuracy_value', 'NONE');
#4883 = ORIENTED_EDGE ( 'NONE', *, *, #3440, .F. ) ;
#4884 = CARTESIAN_POINT ( 'NONE',  ( 49.71630315768807407, -6.624156820593118944, 40.42393147570568601 ) ) ;
#4885 = ORIENTED_EDGE ( 'NONE', *, *, #764, .F. ) ;
#4886 = LINE ( 'NONE', #3631, #2091 ) ;
#4887 = CYLINDRICAL_SURFACE ( 'NONE', #4160, 2.250000000000001776 ) ;
#4888 = DIRECTION ( 'NONE',  ( -6.315870933078122225E-12, 1.000000000000000000, -1.093963277049189342E-11 ) ) ;
#4889 = LINE ( 'NONE', #3637, #4665 ) ;
#4890 = CARTESIAN_POINT ( 'NONE',  ( 0.000000000000000000, 32.50000000000000000, -13.75000000000000000 ) ) ;
#4891 = VERTEX_POINT ( 'NONE', #3503 ) ;
#4892 = CARTESIAN_POINT ( 'NONE',  ( 11.00000000000000000, -4.243854759195755832, -93.51215258861977020 ) ) ;
#4893 = CARTESIAN_POINT ( 'NONE',  ( -2.213738359798643529, 32.50000000023123903, 22.41457604666463510 ) ) ;
#4894 = VERTEX_POINT ( 'NONE', #233 ) ;
#4895 = EDGE_CURVE ( 'NONE', #4811, #4470, #5143, .T. ) ;
#4896 = FACE_OUTER_BOUND ( 'NONE', #1012, .T. ) ;
#4897 = FACE_BOUND ( 'NONE', #2138, .T. ) ;
#4898 = DIRECTION ( 'NONE',  ( 7.216449660063517513E-15, -1.093963277049185142E-11, -1.000000000000000000 ) ) ;
#4899 = AXIS2_PLACEMENT_3D ( 'NONE', #4203, #560, #1796 ) ;
#4900 = ORIENTED_EDGE ( 'NONE', *, *, #723, .F. ) ;
#4901 = ADVANCED_FACE ( 'NONE', ( #3371 ), #99, .F. ) ;
#4902 = EDGE_CURVE ( 'NONE', #1862, #2276, #3343, .T. ) ;
#4903 = VECTOR ( 'NONE', #1623, 1000.000000000000114 ) ;
#4904 = PRESENTATION_STYLE_ASSIGNMENT (( #2047 ) ) ;
#4905 = LINE ( 'NONE', #22, #399 ) ;
#4906 = ORIENTED_EDGE ( 'NONE', *, *, #3439, .F. ) ;
#4907 = ORIENTED_EDGE ( 'NONE', *, *, #3627, .F. ) ;
#4908 = DIRECTION ( 'NONE',  ( 0.000000000000000000, 0.000000000000000000, -1.000000000000000000 ) ) ;
#4909 = AXIS2_PLACEMENT_3D ( 'NONE', #4831, #2402, #4028 ) ;
#4910 = ADVANCED_FACE ( 'NONE', ( #4598 ), #2725, .T. ) ;
#4911 = EDGE_CURVE ( 'NONE', #365, #955, #3925, .T. ) ;
#4912 = ORIENTED_EDGE ( 'NONE', *, *, #5235, .F. ) ;
#4913 = CARTESIAN_POINT ( 'NONE',  ( 55.51618189907392065, 5.045138691500802075, 32.05228256384768315 ) ) ;
#4914 = CARTESIAN_POINT ( 'NONE',  ( -13.00000000000000000, -11.53199209449697094, -0.9075874609249293679 ) ) ;
#4915 = AXIS2_PLACEMENT_3D ( 'NONE', #1875, #2234, #637 ) ;
#4916 = VECTOR ( 'NONE', #3747, 1000.000000000000000 ) ;
#4917 = DIRECTION ( 'NONE',  ( -1.263193535385782996E-11, 1.000000000000000000, -1.117101765387847336E-16 ) ) ;
#4918 = DIRECTION ( 'NONE',  ( 4.329869796039520202E-15, -1.117101764846625646E-16, -1.000000000000000000 ) ) ;
#4919 = CARTESIAN_POINT ( 'NONE',  ( -38.97827009217902372, 2.560425558995898854, 37.51522172915785092 ) ) ;
#4920 = ORIENTED_EDGE ( 'NONE', *, *, #3950, .T. ) ;
#4921 = CIRCLE ( 'NONE', #3379, 19.99999999999999645 ) ;
#4922 = CARTESIAN_POINT ( 'NONE',  ( 59.15012050409283972, 16.86120350062615714, 21.44863207358834245 ) ) ;
#4923 = CARTESIAN_POINT ( 'NONE',  ( 24.45262851549154348, 23.48321600996962744, 29.12883865491468427 ) ) ;
#4924 = CARTESIAN_POINT ( 'NONE',  ( 53.92682725064507565, 2.560425559512879534, 16.12356123079107917 ) ) ;
#4925 = VECTOR ( 'NONE', #3310, 1000.000000000000000 ) ;
#4926 = CIRCLE ( 'NONE', #915, 2.000000000000000444 ) ;
#4927 = VERTEX_POINT ( 'NONE', #1906 ) ;
#4928 = VECTOR ( 'NONE', #2491, 1000.000000000000114 ) ;
#4929 = CARTESIAN_POINT ( 'NONE',  ( -30.82239576584577634, 19.38824394120977601, 2.514457100819321944 ) ) ;
#4930 = CARTESIAN_POINT ( 'NONE',  ( 19.49038105645079710, 25.00000000024621016, -3.758330249197617157 ) ) ;
#4931 = CARTESIAN_POINT ( 'NONE',  ( -8.660254038030752000, 32.50000000000000000, 7.249999999677200435 ) ) ;
#4932 = EDGE_CURVE ( 'NONE', #4417, #1375, #3056, .T. ) ;
#4933 = AXIS2_PLACEMENT_3D ( 'NONE', #3515, #3469, #3496 ) ;
#4934 = VERTEX_POINT ( 'NONE', #4290 ) ;
#4935 = PRESENTATION_STYLE_ASSIGNMENT (( #3298 ) ) ;
#4936 = DIRECTION ( 'NONE',  ( -0.06794757005197309130, -0.9969173337331279638, 0.03922954787482792194 ) ) ;
#4937 = EDGE_CURVE ( 'NONE', #2406, #3005, #3484, .T. ) ;
#4938 = VERTEX_POINT ( 'NONE', #5120 ) ;
#4939 = B_SPLINE_CURVE_WITH_KNOTS ( 'NONE', 3,
 ( #4189, #5034, #569, #3044 ),
 .UNSPECIFIED., .F., .F.,
 ( 4, 4 ),
 ( 6.938893903907228378E-18, 0.0005718104120829234100 ),
 .UNSPECIFIED. ) ;
#4940 = ORIENTED_EDGE ( 'NONE', *, *, #343, .F. ) ;
#4941 = EDGE_LOOP ( 'NONE', ( #1066, #3720, #448, #2818 ) ) ;
#4942 = CARTESIAN_POINT ( 'NONE',  ( -13.00000000000000000, 3.690609072203828944, -46.08427858107219777 ) ) ;
#4943 = ORIENTED_EDGE ( 'NONE', *, *, #313, .F. ) ;
#4944 = DIRECTION ( 'NONE',  ( 0.8660254037844360431, 1.093955173361550972E-11, 0.5000000000000046629 ) ) ;
#4945 = DIRECTION ( 'NONE',  ( -1.263193535385782996E-11, 1.000000000000000000, -1.117101765387847829E-16 ) ) ;
#4946 = EDGE_CURVE ( 'NONE', #3536, #4392, #1456, .T. ) ;
#4947 = EDGE_CURVE ( 'NONE', #3019, #2707, #1170, .T. ) ;
#4948 = CARTESIAN_POINT ( 'NONE',  ( 25.99999999970623321, 23.27268265763933996, 27.71281292110236905 ) ) ;
#4949 = DIRECTION ( 'NONE',  ( -1.000000000000000000, 0.000000000000000000, 0.000000000000000000 ) ) ;
#4950 = CARTESIAN_POINT ( 'NONE',  ( -13.00000000000000000, 2.560425558831678217, -50.26378295997704981 ) ) ;
#4951 = ORIENTED_EDGE ( 'NONE', *, *, #1716, .T. ) ;
#4952 = ORIENTED_EDGE ( 'NONE', *, *, #414, .T. ) ;
#4953 = CARTESIAN_POINT ( 'NONE',  ( 19.77817837923183930, 33.66163071516328387, -11.23156092781439064 ) ) ;
#4954 = FACE_BOUND ( 'NONE', #1135, .T. ) ;
#4955 = DIRECTION ( 'NONE',  ( 0.06794757005197309130, 0.9969173337331278528, -0.03922954787482791500 ) ) ;
#4956 = EDGE_LOOP ( 'NONE', ( #3022, #1680 ) ) ;
#4957 = PLANE ( 'NONE',  #5024 ) ;
#4958 = CARTESIAN_POINT ( 'NONE',  ( -13.00000000000000000, 2.769193323034216725, -82.26215258861977020 ) ) ;
#4959 = CARTESIAN_POINT ( 'NONE',  ( -33.89614317037580804, 12.00000000012822099, 31.29015784828045099 ) ) ;
#4960 = LINE ( 'NONE', #102, #832 ) ;
#4961 = ORIENTED_EDGE ( 'NONE', *, *, #4496, .F. ) ;
#4962 = CARTESIAN_POINT ( 'NONE',  ( -11.90784930222190319, 29.50000000000000355, 3.124999999676350004 ) ) ;
#4963 = DIRECTION ( 'NONE',  ( 8.673617379884035472E-16, 1.000000000000000000, 0.000000000000000000 ) ) ;
#4964 = CARTESIAN_POINT ( 'NONE',  ( -38.97827009217902372, 2.560425558995898854, 37.51522172915785092 ) ) ;
#4965 = ORIENTED_EDGE ( 'NONE', *, *, #4532, .F. ) ;
#4966 = EDGE_LOOP ( 'NONE', ( #1846, #1539, #4807, #1125, #2582 ) ) ;
#4967 = CARTESIAN_POINT ( 'NONE',  ( -36.68012725803978924, 16.39876268282872829, 6.166174347169168790 ) ) ;
#4968 = ORIENTED_EDGE ( 'NONE', *, *, #1550, .T. ) ;
#4969 = CARTESIAN_POINT ( 'NONE',  ( -38.00000000014739499, 23.27268265714669226, 6.928203230020762327 ) ) ;
#4970 = EDGE_CURVE ( 'NONE', #3267, #1745, #3225, .T. ) ;
#4971 = DIRECTION ( 'NONE',  ( 0.000000000000000000, 0.000000000000000000, 1.000000000000000000 ) ) ;
#4972 = DIRECTION ( 'NONE',  ( 0.000000000000000000, 0.000000000000000000, 1.000000000000000000 ) ) ;
#4973 = LINE ( 'NONE', #851, #5018 ) ;
#4974 = DIRECTION ( 'NONE',  ( 0.4999999999999919509, 1.263193535385778149E-11, 0.8660254037844432595 ) ) ;
#4975 = ORIENTED_EDGE ( 'NONE', *, *, #3495, .T. ) ;
#4976 = ORIENTED_EDGE ( 'NONE', *, *, #2678, .T. ) ;
#4977 = VERTEX_POINT ( 'NONE', #2245 ) ;
#4978 = EDGE_CURVE ( 'NONE', #644, #4577, #2667, .T. ) ;
#4979 = ADVANCED_FACE ( 'NONE', ( #1063, #2548 ), #1500, .F. ) ;
#4980 = CARTESIAN_POINT ( 'NONE',  ( -38.00000000014739499, 23.27268265714669226, 6.928203230020762327 ) ) ;
#4981 = ORIENTED_EDGE ( 'NONE', *, *, #3792, .F. ) ;
#4982 = DIRECTION ( 'NONE',  ( 2.602085213965210247E-15, 1.000000000000000000, 0.000000000000000000 ) ) ;
#4983 = CARTESIAN_POINT ( 'NONE',  ( 58.50735175627090001, 13.31418985418048528, 22.05902482160316325 ) ) ;
#4984 = AXIS2_PLACEMENT_3D ( 'NONE', #4283, #199, #5132 ) ;
#4985 = CARTESIAN_POINT ( 'NONE',  ( 50.02971293361511584, 2.560425559463651357, 13.87356123079105608 ) ) ;
#4986 = DIRECTION ( 'NONE',  ( 0.000000000000000000, 0.000000000000000000, 1.000000000000000000 ) ) ;
#4987 = ORIENTED_EDGE ( 'NONE', *, *, #993, .F. ) ;
#4988 = AXIS2_PLACEMENT_3D ( 'NONE', #1755, #1264, #3372 ) ;
#4989 = DIRECTION ( 'NONE',  ( 0.000000000000000000, 0.000000000000000000, -1.000000000000000000 ) ) ;
#4990 =( NAMED_UNIT ( * ) PLANE_ANGLE_UNIT ( ) SI_UNIT ( $, .RADIAN. ) );
#4991 = CARTESIAN_POINT ( 'NONE',  ( -1.580593295136267784E-10, 25.00000000024883917, 22.74613391761926451 ) ) ;
#4992 = VECTOR ( 'NONE', #1834, 1000.000000000000000 ) ;
#4993 = ORIENTED_EDGE ( 'NONE', *, *, #4710, .F. ) ;
#4994 = EDGE_LOOP ( 'NONE', ( #1626, #1759, #1365, #1102 ) ) ;
#4995 = CARTESIAN_POINT ( 'NONE',  ( 0.000000000000000000, 0.000000000000000000, 0.000000000000000000 ) ) ;
#4996 = EDGE_LOOP ( 'NONE', ( #1869, #2332, #3049, #3339 ) ) ;
#4997 = ORIENTED_EDGE ( 'NONE', *, *, #763, .F. ) ;
#4998 = CARTESIAN_POINT ( 'NONE',  ( -3.469446951953614189E-15, 1.052032095989828608, -89.51215258861975599 ) ) ;
#4999 = AXIS2_PLACEMENT_3D ( 'NONE', #752, #3583, #2853 ) ;
#5000 = CARTESIAN_POINT ( 'NONE',  ( -30.93558892780106362, 27.71324838908915211, 5.158964672429259046 ) ) ;
#5001 = LINE ( 'NONE', #4589, #5250 ) ;
#5002 = CARTESIAN_POINT ( 'NONE',  ( 34.09755359395454377, 14.25894806489778688, -69.76215258861975599 ) ) ;
#5003 = CIRCLE ( 'NONE', #986, 2.250000000000000444 ) ;
#5004 = ADVANCED_FACE ( 'NONE', ( #2802 ), #333, .F. ) ;
#5005 = CARTESIAN_POINT ( 'NONE',  ( -1.578964830954006119E-10, 25.00000000000000000, -3.063095500085082880E-10 ) ) ;
#5006 = CARTESIAN_POINT ( 'NONE',  ( -11.00000000000000000, -4.243854759195755832, -93.51215258861977020 ) ) ;
#5007 = ORIENTED_EDGE ( 'NONE', *, *, #4213, .T. ) ;
#5008 = EDGE_LOOP ( 'NONE', ( #1426, #5068, #2483, #4155 ) ) ;
#5009 = VECTOR ( 'NONE', #3671, 1000.000000000000000 ) ;
#5010 = VECTOR ( 'NONE', #3979, 1000.000000000000000 ) ;
#5011 = LINE ( 'NONE', #4595, #4147 ) ;
#5012 = EDGE_CURVE ( 'NONE', #3342, #1809, #4861, .T. ) ;
#5013 = AXIS2_PLACEMENT_3D ( 'NONE', #4136, #2464, #3284 ) ;
#5014 = ORIENTED_EDGE ( 'NONE', *, *, #1778, .F. ) ;
#5015 = AXIS2_PLACEMENT_3D ( 'NONE', #3938, #294, #1924 ) ;
#5016 = CARTESIAN_POINT ( 'NONE',  ( 10.24999999999999822, 2.769193323034216281, -80.01215258861977020 ) ) ;
#5017 = FACE_OUTER_BOUND ( 'NONE', #4941, .T. ) ;
#5018 = VECTOR ( 'NONE', #30, 1000.000000000000000 ) ;
#5019 = VECTOR ( 'NONE', #3614, 1000.000000000000000 ) ;
#5020 = CARTESIAN_POINT ( 'NONE',  ( 13.00000000000000000, 3.690609072203828944, -46.08427858107219777 ) ) ;
#5021 = CYLINDRICAL_SURFACE ( 'NONE', #904, 0.7500000000000006661 ) ;
#5022 = ADVANCED_FACE ( 'NONE', ( #5195, #1171 ), #4473, .F. ) ;
#5023 = ORIENTED_EDGE ( 'NONE', *, *, #5088, .F. ) ;
#5024 = AXIS2_PLACEMENT_3D ( 'NONE', #4088, #4873, #1639 ) ;
#5025 = AXIS2_PLACEMENT_3D ( 'NONE', #3223, #862, #1316 ) ;
#5026 = FACE_OUTER_BOUND ( 'NONE', #1425, .T. ) ;
#5027 = CARTESIAN_POINT ( 'NONE',  ( 13.00000000000000000, 2.560425558831677773, -54.76378295997704981 ) ) ;
#5028 = CARTESIAN_POINT ( 'NONE',  ( -44.04614317037565030, 11.99999999987179322, 13.70984215145625207 ) ) ;
#5029 = VERTEX_POINT ( 'NONE', #4005 ) ;
#5030 = FACE_OUTER_BOUND ( 'NONE', #1372, .T. ) ;
#5031 = EDGE_LOOP ( 'NONE', ( #1750, #4900, #4122, #3929, #121 ) ) ;
#5032 = DIRECTION ( 'NONE',  ( 0.000000000000000000, 1.734723475976805517E-15, 1.000000000000000000 ) ) ;
#5033 = LINE ( 'NONE', #2910, #1444 ) ;
#5034 = CARTESIAN_POINT ( 'NONE',  ( 19.67704764247063309, 32.31441051655063035, -11.36054875347311288 ) ) ;
#5035 = DIRECTION ( 'NONE',  ( -1.263193535385783157E-11, 1.000000000000000000, -1.117101765387847829E-16 ) ) ;
#5036 = CARTESIAN_POINT ( 'NONE',  ( 40.40327009212999343, 2.560425559342053070, 35.04704932840077447 ) ) ;
#5037 = FACE_OUTER_BOUND ( 'NONE', #3477, .T. ) ;
#5038 = CYLINDRICAL_SURFACE ( 'NONE', #4655, 2.000000000000000444 ) ;
#5039 = ORIENTED_EDGE ( 'NONE', *, *, #568, .T. ) ;
#5040 = CARTESIAN_POINT ( 'NONE',  ( -13.00000000000001243, 26.33081972471193311, -27.54523131879964382 ) ) ;
#5041 = ORIENTED_EDGE ( 'NONE', *, *, #3889, .T. ) ;
#5042 = EDGE_LOOP ( 'NONE', ( #5225, #2155, #3352, #1396 ) ) ;
#5043 = EDGE_CURVE ( 'NONE', #817, #2113, #1141, .T. ) ;
#5044 = DIRECTION ( 'NONE',  ( 0.000000000000000000, 1.000000000000000000, 0.000000000000000000 ) ) ;
#5045 = FACE_OUTER_BOUND ( 'NONE', #710, .T. ) ;
#5046 = DIRECTION ( 'NONE',  ( 1.032463225334366069E-16, 0.000000000000000000, -1.000000000000000000 ) ) ;
#5047 = ORIENTED_EDGE ( 'NONE', *, *, #2885, .T. ) ;
#5048 = ORIENTED_EDGE ( 'NONE', *, *, #3012, .F. ) ;
#5049 = EDGE_CURVE ( 'NONE', #650, #909, #834, .T. ) ;
#5050 = DIRECTION ( 'NONE',  ( 0.4999999999999919509, 1.263232574100214833E-11, 0.8660254037844432595 ) ) ;
#5051 = ADVANCED_FACE ( 'NONE', ( #2772 ), #4887, .F. ) ;
#5052 = FACE_BOUND ( 'NONE', #485, .T. ) ;
#5053 = CARTESIAN_POINT ( 'NONE',  ( -10.24999999999999822, -6.486853403697409703, -65.01215258861977020 ) ) ;
#5054 = SURFACE_STYLE_USAGE ( .BOTH. , #3865 ) ;
#5055 = CARTESIAN_POINT ( 'NONE',  ( -13.00000000000000000, 2.560425558831677773, -52.51378295997704981 ) ) ;
#5056 = ORIENTED_EDGE ( 'NONE', *, *, #4828, .F. ) ;
#5057 = FACE_OUTER_BOUND ( 'NONE', #1374, .T. ) ;
#5058 = ORIENTED_EDGE ( 'NONE', *, *, #3076, .F. ) ;
#5059 =( BOUNDED_CURVE ( )  B_SPLINE_CURVE ( 3, ( #2308, #2117, #2016, #2834 ),
 .UNSPECIFIED., .F., .F. ) 
 B_SPLINE_CURVE_WITH_KNOTS ( ( 4, 4 ),
 ( 1.570796326794896558, 3.141592653589793116 ),
 .UNSPECIFIED. ) 
 CURVE ( )  GEOMETRIC_REPRESENTATION_ITEM ( )  RATIONAL_B_SPLINE_CURVE ( ( 1.000000000000000000, 0.8047378541243649375, 0.8047378541243649375, 1.000000000000000000 ) ) 
 REPRESENTATION_ITEM ( '' )  );
#5060 = DIRECTION ( 'NONE',  ( 0.5000000000000002220, -0.000000000000000000, 0.8660254037844384856 ) ) ;
#5061 = CARTESIAN_POINT ( 'NONE',  ( -19.63346335921646002, 32.50000000000000000, -11.33538535556822424 ) ) ;
#5062 = CARTESIAN_POINT ( 'NONE',  ( 11.00000000000000000, -4.243854759195755832, -93.51215258861977020 ) ) ;
#5063 = ORIENTED_EDGE ( 'NONE', *, *, #1212, .F. ) ;
#5064 = LINE ( 'NONE', #4287, #3461 ) ;
#5065 = ORIENTED_EDGE ( 'NONE', *, *, #1931, .T. ) ;
#5066 = VERTEX_POINT ( 'NONE', #1957 ) ;
#5067 = DIRECTION ( 'NONE',  ( 0.000000000000000000, 1.000000000000000000, 0.000000000000000000 ) ) ;
#5068 = ORIENTED_EDGE ( 'NONE', *, *, #2006, .T. ) ;
#5069 = CARTESIAN_POINT ( 'NONE',  ( -11.00000000000000000, 31.85409909215978530, -10.61047180250414179 ) ) ;
#5070 = LINE ( 'NONE', #4255, #737 ) ;
#5071 = DIRECTION ( 'NONE',  ( 0.000000000000000000, 0.000000000000000000, 1.000000000000000000 ) ) ;
#5072 = EDGE_CURVE ( 'NONE', #996, #3431, #1073, .T. ) ;
#5073 = EDGE_LOOP ( 'NONE', ( #397, #2162, #1892, #645 ) ) ;
#5074 = DIRECTION ( 'NONE',  ( -1.000000000000000000, -0.000000000000000000, -0.000000000000000000 ) ) ;
#5075 = CYLINDRICAL_SURFACE ( 'NONE', #2948, 2.249999999999997780 ) ;
#5076 = LINE ( 'NONE', #5106, #157 ) ;
#5077 = CARTESIAN_POINT ( 'NONE',  ( -13.00000000000000000, 31.85409909215978530, -10.61047180250414179 ) ) ;
#5078 = CLOSED_SHELL ( 'NONE', ( #5004, #2086, #189, #306, #1910, #1174, #4349, #3210, #811, #3571, #4910, #1792, #3663, #1793, #1641 ) ) ;
#5079 = EDGE_CURVE ( 'NONE', #2907, #3923, #3308, .T. ) ;
#5080 = EDGE_CURVE ( 'NONE', #365, #1037, #2851, .T. ) ;
#5081 = CARTESIAN_POINT ( 'NONE',  ( 5.047624216003161912, 32.50000000006377121, 21.25725839965627273 ) ) ;
#5082 = VECTOR ( 'NONE', #3064, 1000.000000000000000 ) ;
#5083 = DIRECTION ( 'NONE',  ( -0.8633557364864383743, 0.07845909572784602604, 0.4984586668656976749 ) ) ;
#5084 = CARTESIAN_POINT ( 'NONE',  ( -16.89732522198000808, 32.50000000000000000, -14.55160338691784183 ) ) ;
#5085 = ADVANCED_FACE ( 'NONE', ( #1609 ), #5241, .F. ) ;
#5086 = CARTESIAN_POINT ( 'NONE',  ( -19.69872981077800489, 31.93317768707029103, -11.37306695894633002 ) ) ;
#5087 = ORIENTED_EDGE ( 'NONE', *, *, #283, .F. ) ;
#5088 = EDGE_CURVE ( 'NONE', #315, #360, #3231, .T. ) ;
#5089 = DIRECTION ( 'NONE',  ( -1.000000000000000000, 0.000000000000000000, 0.000000000000000000 ) ) ;
#5090 = ORIENTED_EDGE ( 'NONE', *, *, #1817, .F. ) ;
#5091 = ORIENTED_EDGE ( 'NONE', *, *, #2293, .F. ) ;
#5092 = VECTOR ( 'NONE', #3038, 1000.000000000000114 ) ;
#5093 = DIRECTION ( 'NONE',  ( 6.315870933078122225E-12, -1.000000000000000000, 1.093963277049189342E-11 ) ) ;
#5094 = ORIENTED_EDGE ( 'NONE', *, *, #3018, .T. ) ;
#5095 = AXIS2_PLACEMENT_3D ( 'NONE', #4998, #935, #566 ) ;
#5096 = CARTESIAN_POINT ( 'NONE',  ( 9.499999999999998224, -4.499635306375768806, -90.26215258861975599 ) ) ;
#5097 = LINE ( 'NONE', #4985, #240 ) ;
#5098 = CARTESIAN_POINT ( 'NONE',  ( -37.00000000014740920, 23.27268265717195916, 8.660254037589654175 ) ) ;
#5099 = CIRCLE ( 'NONE', #3969, 2.250000000000000444 ) ;
#5100 = AXIS2_PLACEMENT_3D ( 'NONE', #520, #3255, #878 ) ;
#5101 = ORIENTED_EDGE ( 'NONE', *, *, #626, .T. ) ;
#5102 = ORIENTED_EDGE ( 'NONE', *, *, #2293, .T. ) ;
#5103 = AXIS2_PLACEMENT_3D ( 'NONE', #339, #5150, #3214 ) ;
#5104 = LINE ( 'NONE', #1795, #496 ) ;
#5105 = DIRECTION ( 'NONE',  ( -0.8660254037844362651, -1.093873255864074810E-11, -0.5000000000000041078 ) ) ;
#5106 = CARTESIAN_POINT ( 'NONE',  ( -10.14999999999999503, 12.00000000000000178, -44.99999999999998579 ) ) ;
#5107 = EDGE_CURVE ( 'NONE', #3537, #3431, #1929, .T. ) ;
#5108 = DIRECTION ( 'NONE',  ( 0.5000000000000041078, 6.315879058740029733E-12, -0.8660254037844362651 ) ) ;
#5109 = AXIS2_PLACEMENT_3D ( 'NONE', #5002, #1335, #2971 ) ;
#5110 = AXIS2_PLACEMENT_3D ( 'NONE', #101, #5292, #1236 ) ;
#5111 = CARTESIAN_POINT ( 'NONE',  ( 6.711696879006481709, 25.00000000008478196, 3.875000000012335466 ) ) ;
#5112 = CIRCLE ( 'NONE', #167, 20.00000000000000355 ) ;
#5113 = DIRECTION ( 'NONE',  ( -0.000000000000000000, -1.000000000000000000, -0.000000000000000000 ) ) ;
#5114 = EDGE_CURVE ( 'NONE', #1297, #3939, #1194, .T. ) ;
#5115 = CARTESIAN_POINT ( 'NONE',  ( 51.97827009213009575, 2.560425559488265446, 14.99856123079106673 ) ) ;
#5116 = DIRECTION ( 'NONE',  ( 0.000000000000000000, 0.000000000000000000, -1.000000000000000000 ) ) ;
#5117 = VERTEX_POINT ( 'NONE', #795 ) ;
#5118 = VERTEX_POINT ( 'NONE', #3659 ) ;
#5119 = ORIENTED_EDGE ( 'NONE', *, *, #514, .F. ) ;
#5120 = CARTESIAN_POINT ( 'NONE',  ( -46.60274902018877441, 14.96370182388354841, 41.91721669049390897 ) ) ;
#5121 = EDGE_CURVE ( 'NONE', #159, #401, #2426, .T. ) ;
#5122 = EDGE_CURVE ( 'NONE', #25, #4509, #1630, .T. ) ;
#5123 = CARTESIAN_POINT ( 'NONE',  ( 8.660254037433828600, 32.50000000010940227, 5.000000000000037303 ) ) ;
#5124 = LINE ( 'NONE', #235, #4832 ) ;
#5125 = ORIENTED_EDGE ( 'NONE', *, *, #2625, .T. ) ;
#5126 = DIRECTION ( 'NONE',  ( -0.4999999999677244844, -0.000000000000000000, -0.8660254038030730239 ) ) ;
#5127 = DIRECTION ( 'NONE',  ( -1.263193535385782996E-11, 1.000000000000000000, 3.508827503880943632E-16 ) ) ;
#5128 = ORIENTED_EDGE ( 'NONE', *, *, #4249, .T. ) ;
#5129 = CARTESIAN_POINT ( 'NONE',  ( -28.36836442342505293, -1.952349823333750178, 4.658272371812639534 ) ) ;
#5130 = CARTESIAN_POINT ( 'NONE',  ( -0.1622721024012554747, 33.66163071516123750, 22.74418538090208841 ) ) ;
#5131 = DIRECTION ( 'NONE',  ( 0.000000000000000000, -0.3160250737565468149, -0.9487508380798242991 ) ) ;
#5132 = DIRECTION ( 'NONE',  ( 0.000000000000000000, 0.000000000000000000, -1.000000000000000000 ) ) ;
#5133 = CARTESIAN_POINT ( 'NONE',  ( -10.24999999999999822, -6.113020296280467392, -70.51215258861975599 ) ) ;
#5134 = CARTESIAN_POINT ( 'NONE',  ( 8.660254037471702304, 32.50000000000000000, 8.750000000000039080 ) ) ;
#5135 = DIRECTION ( 'NONE',  ( 0.8660254037844409281, 0.000000000000000000, -0.4999999999999958922 ) ) ;
#5136 = DIRECTION ( 'NONE',  ( -0.5000000000000039968, -6.315870933078222391E-12, 0.8660254037844362651 ) ) ;
#5137 = EDGE_LOOP ( 'NONE', ( #3586, #2152, #4881, #111 ) ) ;
#5138 = CARTESIAN_POINT ( 'NONE',  ( 4.657992757727724253, 32.36237614099413662, 22.75845147671098445 ) ) ;
#5139 = EDGE_LOOP ( 'NONE', ( #1712, #4374, #898, #1288 ) ) ;
#5140 = VERTEX_POINT ( 'NONE', #3944 ) ;
#5141 = EDGE_CURVE ( 'NONE', #4560, #3966, #1523, .T. ) ;
#5142 = FACE_OUTER_BOUND ( 'NONE', #1586, .T. ) ;
#5143 = LINE ( 'NONE', #1859, #409 ) ;
#5144 = FACE_OUTER_BOUND ( 'NONE', #2388, .T. ) ;
#5145 = DIRECTION ( 'NONE',  ( -0.000000000000000000, 0.3160250737565468149, 0.9487508380798242991 ) ) ;
#5146 = EDGE_LOOP ( 'NONE', ( #2077, #1451, #4356, #1683 ) ) ;
#5147 = ADVANCED_FACE ( 'NONE', ( #114 ), #3794, .T. ) ;
#5148 = EDGE_CURVE ( 'NONE', #2303, #2861, #2107, .T. ) ;
#5149 = DIRECTION ( 'NONE',  ( 0.000000000000000000, 0.000000000000000000, 1.000000000000000000 ) ) ;
#5150 = DIRECTION ( 'NONE',  ( 0.000000000000000000, 1.000000000000000000, 0.000000000000000000 ) ) ;
#5151 = ORIENTED_EDGE ( 'NONE', *, *, #1285, .F. ) ;
#5152 = ORIENTED_EDGE ( 'NONE', *, *, #2446, .F. ) ;
#5153 = CARTESIAN_POINT ( 'NONE',  ( -18.12770763949627550, 33.92292570766087323, -10.72818086355843370 ) ) ;
#5154 = DIRECTION ( 'NONE',  ( 0.000000000000000000, 0.000000000000000000, 1.000000000000000000 ) ) ;
#5155 = CARTESIAN_POINT ( 'NONE',  ( -37.54737148437143190, 25.17018433333160843, 8.976279111325437654 ) ) ;
#5156 = SURFACE_STYLE_FILL_AREA ( #4262 ) ;
#5157 = CARTESIAN_POINT ( 'NONE',  ( 11.00000000000000000, -4.243854759195755832, -93.51215258861977020 ) ) ;
#5158 = CARTESIAN_POINT ( 'NONE',  ( 21.02383606009405881, 32.50000000026556535, -6.463703982779110291 ) ) ;
#5159 = AXIS2_PLACEMENT_3D ( 'NONE', #2503, #110, #4157 ) ;
#5160 = DIRECTION ( 'NONE',  ( 0.8660254037844360431, 1.093955173361550972E-11, 0.5000000000000046629 ) ) ;
#5161 = FACE_OUTER_BOUND ( 'NONE', #3347, .T. ) ;
#5162 = ORIENTED_EDGE ( 'NONE', *, *, #2876, .F. ) ;
#5163 = DIRECTION ( 'NONE',  ( -1.000000000000000000, 0.000000000000000000, 0.000000000000000000 ) ) ;
#5164 = VECTOR ( 'NONE', #3993, 999.9999999999998863 ) ;
#5165 = DIRECTION ( 'NONE',  ( 0.000000000000000000, 0.000000000000000000, -1.000000000000000000 ) ) ;
#5166 = CARTESIAN_POINT ( 'NONE',  ( -60.07546422344134385, -6.643771595292045973, 21.98287951902005943 ) ) ;
#5167 = EDGE_CURVE ( 'NONE', #2415, #4248, #2994, .T. ) ;
#5168 = DIRECTION ( 'NONE',  ( 0.8660254037844432595, -1.117101764515430776E-16, -0.4999999999999919509 ) ) ;
#5169 = AXIS2_PLACEMENT_3D ( 'NONE', #2528, #2177, #4661 ) ;
#5170 = ORIENTED_EDGE ( 'NONE', *, *, #4638, .F. ) ;
#5171 = MECHANICAL_DESIGN_GEOMETRIC_PRESENTATION_REPRESENTATION (  '', ( #2855 ), #726 ) ;
#5172 = ADVANCED_FACE ( 'NONE', ( #3278 ), #4615, .F. ) ;
#5173 = DIRECTION ( 'NONE',  ( -0.06794757007086232869, 0.9969173337322696504, -0.03922954786392300608 ) ) ;
#5174 = VECTOR ( 'NONE', #1605, 1000.000000000000114 ) ;
#5175 = ORIENTED_EDGE ( 'NONE', *, *, #2126, .T. ) ;
#5176 = ORIENTED_EDGE ( 'NONE', *, *, #223, .F. ) ;
#5177 = CARTESIAN_POINT ( 'NONE',  ( -14.01550880062161752, 31.18069010635998595, -18.96075017845648603 ) ) ;
#5178 = DIRECTION ( 'NONE',  ( 0.4999999999999919509, 1.263193535385778149E-11, 0.8660254037844432595 ) ) ;
#5179 = AXIS2_PLACEMENT_3D ( 'NONE', #2734, #1519, #3541 ) ;
#5180 = EDGE_CURVE ( 'NONE', #308, #3332, #516, .T. ) ;
#5181 = EDGE_CURVE ( 'NONE', #89, #806, #4077, .T. ) ;
#5182 = FACE_OUTER_BOUND ( 'NONE', #3606, .T. ) ;
#5183 = CIRCLE ( 'NONE', #5103, 3.750000000000001776 ) ;
#5184 = VECTOR ( 'NONE', #4529, 1000.000000000000000 ) ;
#5185 = DIRECTION ( 'NONE',  ( -0.5000000000000039968, -6.315870933078223199E-12, 0.8660254037844363761 ) ) ;
#5186 = DIRECTION ( 'NONE',  ( -0.4905221900336521612, -0.8241261886220141442, 0.2832031184714284833 ) ) ;
#5187 = VECTOR ( 'NONE', #4264, 1000.000000000000000 ) ;
#5188 = AXIS2_PLACEMENT_3D ( 'NONE', #2927, #3701, #474 ) ;
#5189 = EDGE_LOOP ( 'NONE', ( #2333, #4318, #4095, #1625 ) ) ;
#5190 = FACE_OUTER_BOUND ( 'NONE', #4495, .T. ) ;
#5191 = DIRECTION ( 'NONE',  ( -1.000000000000000000, 8.125661806746624109E-18, -1.032463225334366069E-16 ) ) ;
#5192 = VERTEX_POINT ( 'NONE', #2133 ) ;
#5193 = EDGE_LOOP ( 'NONE', ( #692, #3241 ) ) ;
#5194 = AXIS2_PLACEMENT_3D ( 'NONE', #463, #782, #3221 ) ;
#5195 = FACE_BOUND ( 'NONE', #3123, .T. ) ;
#5196 = CARTESIAN_POINT ( 'NONE',  ( 33.41015596624083628, 3.690609072625867793, 34.30046953973396739 ) ) ;
#5197 =( NAMED_UNIT ( * ) SI_UNIT ( $, .STERADIAN. ) SOLID_ANGLE_UNIT ( ) );
#5198 = CARTESIAN_POINT ( 'NONE',  ( -48.28947042619714836, 4.888220499482789805, 40.58164467168920453 ) ) ;
#5199 = VERTEX_POINT ( 'NONE', #1253 ) ;
#5200 = CARTESIAN_POINT ( 'NONE',  ( 8.660254037471723620, 29.50000000000000355, 7.250000000000037303 ) ) ;
#5201 = CARTESIAN_POINT ( 'NONE',  ( 13.00000000000000000, 2.769193323034216281, -80.01215258861977020 ) ) ;
#5202 = CARTESIAN_POINT ( 'NONE',  ( 52.50182725064506428, 2.560425559494879266, 18.59173363157672298 ) ) ;
#5203 = CARTESIAN_POINT ( 'NONE',  ( -10.24999999999999822, 2.769193323034216725, -82.26215258861977020 ) ) ;
#5204 = ORIENTED_EDGE ( 'NONE', *, *, #1747, .T. ) ;
#5205 = ORIENTED_EDGE ( 'NONE', *, *, #632, .F. ) ;
#5206 = ORIENTED_EDGE ( 'NONE', *, *, #3043, .T. ) ;
#5207 = EDGE_CURVE ( 'NONE', #2628, #1136, #1698, .T. ) ;
#5208 = CARTESIAN_POINT ( 'NONE',  ( 4.544228633649481708, 32.50000000005740475, -10.12916512459879215 ) ) ;
#5209 = CARTESIAN_POINT ( 'NONE',  ( 0.000000000000000000, 29.50000000000000355, -10.00000000000000000 ) ) ;
#5210 = DIRECTION ( 'NONE',  ( 0.8660254037844362651, 1.093959992037873651E-11, 0.5000000000000041078 ) ) ;
#5211 = VERTEX_POINT ( 'NONE', #428 ) ;
#5212 = EDGE_CURVE ( 'NONE', #3487, #2799, #1627, .T. ) ;
#5213 = EDGE_CURVE ( 'NONE', #690, #4977, #2716, .T. ) ;
#5214 = CARTESIAN_POINT ( 'NONE',  ( -10.14999999999999503, 3.690609072203828944, -46.08427858107219777 ) ) ;
#5215 = ORIENTED_EDGE ( 'NONE', *, *, #371, .T. ) ;
#5216 = ORIENTED_EDGE ( 'NONE', *, *, #2909, .T. ) ;
#5217 = FACE_BOUND ( 'NONE', #3766, .T. ) ;
#5218 = CARTESIAN_POINT ( 'NONE',  ( -4.033813056332780817E-10, 31.93317768707020576, 22.74613391789304373 ) ) ;
#5219 = DIRECTION ( 'NONE',  ( -0.8660254037844409281, -1.093952106031541361E-11, 0.4999999999999961142 ) ) ;
#5220 = CARTESIAN_POINT ( 'NONE',  ( 59.28947042610406726, 4.888220500092773868, 21.52908578848575161 ) ) ;
#5221 = EDGE_LOOP ( 'NONE', ( #4409, #1168, #4288, #95, #3912, #4981, #4975 ) ) ;
#5222 =( BOUNDED_CURVE ( )  B_SPLINE_CURVE ( 3, ( #2411, #4929, #4458, #5290 ),
 .UNSPECIFIED., .F., .F. ) 
 B_SPLINE_CURVE_WITH_KNOTS ( ( 4, 4 ),
 ( 4.742874857687382928, 5.154071738155696636 ),
 .UNSPECIFIED. ) 
 CURVE ( )  GEOMETRIC_REPRESENTATION_ITEM ( )  RATIONAL_B_SPLINE_CURVE ( ( 1.000000000000000000, 0.9859593242880246855, 0.9859593242880246855, 1.000000000000000000 ) ) 
 REPRESENTATION_ITEM ( '' )  );
#5223 = CARTESIAN_POINT ( 'NONE',  ( 11.61159443192913798, 28.22871145922296421, -27.82299703176325778 ) ) ;
#5224 = CARTESIAN_POINT ( 'NONE',  ( 38.97827009212998917, 2.560425559324053246, 37.51522172918641473 ) ) ;
#5225 = ORIENTED_EDGE ( 'NONE', *, *, #5079, .F. ) ;
#5226 = VERTEX_POINT ( 'NONE', #3309 ) ;
#5227 = VERTEX_POINT ( 'NONE', #874 ) ;
#5228 = CARTESIAN_POINT ( 'NONE',  ( -13.02323291842154696, 16.39876268299294182, -34.84900919309321665 ) ) ;
#5229 = CARTESIAN_POINT ( 'NONE',  ( -7.577722283309984874, 32.50000000000000000, -4.375000000371335851 ) ) ;
#5230 = CARTESIAN_POINT ( 'NONE',  ( -9.499999999999994671, 14.25894806489778688, -70.51215258861975599 ) ) ;
#5231 = CYLINDRICAL_SURFACE ( 'NONE', #2013, 2.250000000000001776 ) ;
#5232 = EDGE_CURVE ( 'NONE', #1862, #4345, #5033, .T. ) ;
#5233 = ORIENTED_EDGE ( 'NONE', *, *, #313, .T. ) ;
#5234 = CARTESIAN_POINT ( 'NONE',  ( -11.90784930221479598, 29.50000000000000355, 3.124999999680451168 ) ) ;
#5235 = EDGE_CURVE ( 'NONE', #3697, #4080, #1788, .T. ) ;
#5236 = EDGE_LOOP ( 'NONE', ( #4119, #3898 ) ) ;
#5237 = VERTEX_POINT ( 'NONE', #4555 ) ;
#5238 = CARTESIAN_POINT ( 'NONE',  ( 8.660254037471723620, 32.50000000000000000, 7.250000000000037303 ) ) ;
#5239 = FACE_OUTER_BOUND ( 'NONE', #5031, .T. ) ;
#5240 = CIRCLE ( 'NONE', #4631, 2.250000000000002220 ) ;
#5241 = CYLINDRICAL_SURFACE ( 'NONE', #594, 50.00000000000001421 ) ;
#5242 = CARTESIAN_POINT ( 'NONE',  ( 36.99999999970583531, 23.27268265777848555, 8.660254037844460129 ) ) ;
#5243 = EDGE_CURVE ( 'NONE', #1057, #1799, #501, .T. ) ;
#5244 = CARTESIAN_POINT ( 'NONE',  ( 19.49038105635605689, 32.50000000024621016, -3.758330249197618045 ) ) ;
#5245 = DIRECTION ( 'NONE',  ( 1.000000000000000000, 0.000000000000000000, 0.000000000000000000 ) ) ;
#5246 = ORIENTED_EDGE ( 'NONE', *, *, #2588, .F. ) ;
#5247 = AXIS2_PLACEMENT_3D ( 'NONE', #3344, #5044, #941 ) ;
#5248 = PLANE ( 'NONE',  #1921 ) ;
#5249 = CARTESIAN_POINT ( 'NONE',  ( -17.58878160920397349, 19.38824394154411834, 25.43574918788608485 ) ) ;
#5250 = VECTOR ( 'NONE', #2565, 1000.000000000000000 ) ;
#5251 = PLANE ( 'NONE',  #818 ) ;
#5252 = EDGE_LOOP ( 'NONE', ( #3286, #5288, #4478, #1400 ) ) ;
#5253 = VECTOR ( 'NONE', #480, 1000.000000000000000 ) ;
#5254 = PRODUCT_DEFINITION_SHAPE ( 'NONE', 'NONE',  #4491 ) ;
#5255 = CARTESIAN_POINT ( 'NONE',  ( 10.15000000000000746, 13.31418985344142314, -61.69836534002987349 ) ) ;
#5256 = CYLINDRICAL_SURFACE ( 'NONE', #2106, 0.7500000000000006661 ) ;
#5257 = CARTESIAN_POINT ( 'NONE',  ( -13.00000000000000000, 2.560425558831677773, -52.51378295997704981 ) ) ;
#5258 = CIRCLE ( 'NONE', #4391, 2.249999999999997780 ) ;
#5259 = ORIENTED_EDGE ( 'NONE', *, *, #1148, .T. ) ;
#5260 = CIRCLE ( 'NONE', #4654, 3.750000000000000000 ) ;
#5261 = CIRCLE ( 'NONE', #1930, 1.999999999999999112 ) ;
#5262 = EDGE_CURVE ( 'NONE', #4703, #1096, #4246, .T. ) ;
#5263 = EDGE_LOOP ( 'NONE', ( #4621, #2846, #3457, #945 ) ) ;
#5264 = VECTOR ( 'NONE', #3588, 1000.000000000000000 ) ;
#5265 = VECTOR ( 'NONE', #2482, 1000.000000000000000 ) ;
#5266 = VERTEX_POINT ( 'NONE', #850 ) ;
#5267 = LINE ( 'NONE', #2723, #5174 ) ;
#5268 = DIRECTION ( 'NONE',  ( -0.8633557364864382633, 0.07845909572784608155, 0.4984586668656975084 ) ) ;
#5269 = EDGE_LOOP ( 'NONE', ( #603, #2914, #4965, #4543 ) ) ;
#5270 = DIRECTION ( 'NONE',  ( -0.000000000000000000, -1.000000000000000000, -0.000000000000000000 ) ) ;
#5271 = EDGE_CURVE ( 'NONE', #2219, #325, #91, .T. ) ;
#5272 = AXIS2_PLACEMENT_3D ( 'NONE', #2977, #3877, #1040 ) ;
#5273 = AXIS2_PLACEMENT_3D ( 'NONE', #4060, #3561, #2040 ) ;
#5274 = CARTESIAN_POINT ( 'NONE',  ( -29.79336442342502522, -1.952349823369751380, 2.190099971026978398 ) ) ;
#5275 = DIRECTION ( 'NONE',  ( 0.000000000000000000, 1.000000000000000000, 0.000000000000000000 ) ) ;
#5276 = CARTESIAN_POINT ( 'NONE',  ( -34.83515596631121269, 3.690609072332048601, 31.83229713890744961 ) ) ;
#5277 = DIRECTION ( 'NONE',  ( 0.000000000000000000, 0.000000000000000000, -1.000000000000000000 ) ) ;
#5278 = AXIS2_PLACEMENT_3D ( 'NONE', #1724, #4982, #1885 ) ;
#5279 = EDGE_LOOP ( 'NONE', ( #729, #4525, #3698, #3337 ) ) ;
#5280 = VECTOR ( 'NONE', #465, 999.9999999999998863 ) ;
#5281 = DIRECTION ( 'NONE',  ( 0.000000000000000000, -1.000000000000000000, 0.000000000000000000 ) ) ;
#5282 = ADVANCED_FACE ( 'NONE', ( #143 ), #1654, .F. ) ;
#5283 = EDGE_CURVE ( 'NONE', #4927, #5227, #1714, .T. ) ;
#5284 = CARTESIAN_POINT ( 'NONE',  ( 13.58807156915774783, 26.33120978306693516, -27.54410534866234173 ) ) ;
#5285 = VECTOR ( 'NONE', #2033, 1000.000000000000000 ) ;
#5286 = DIRECTION ( 'NONE',  ( -6.315870933078123032E-12, 1.000000000000000000, -1.093963277049189504E-11 ) ) ;
#5287 = CYLINDRICAL_SURFACE ( 'NONE', #4057, 1.999999999999999778 ) ;
#5288 = ORIENTED_EDGE ( 'NONE', *, *, #4076, .F. ) ;
#5289 = ORIENTED_EDGE ( 'NONE', *, *, #2553, .F. ) ;
#5290 = CARTESIAN_POINT ( 'NONE',  ( -21.88954031610029460, 24.99999999977518073, -7.913795981813357194 ) ) ;
#5291 = FACE_OUTER_BOUND ( 'NONE', #2021, .T. ) ;
#5292 = DIRECTION ( 'NONE',  ( 0.000000000000000000, 0.000000000000000000, -1.000000000000000000 ) ) ;
#5293 = LINE ( 'NONE', #4877, #1505 ) ;
#5294 = ORIENTED_EDGE ( 'NONE', *, *, #4841, .T. ) ;
ENDSEC;
END-ISO-10303-21;
